2021-06-16 10:32:16,551.0,3,65927,50442,555.11,12882,-0.29856147652220705
2021-06-16 10:32:20,551.0,3,65928,50432,555.11,12882,-0.29856147652220705
2021-06-16 10:32:24,551.0,3,65928,50436,555.11,12882,-0.29856147652220705
2021-06-16 10:32:28,551.0,3,65928,50436,555.11,12882,-0.29856147652220705
2021-06-16 10:32:37,551.0,3,65928,50432,555.11,12882,-0.29856147652220705
2021-06-16 10:32:39,551.65,5,65928,50432,555.11,12882,-0.1809463494074007
2021-06-16 10:32:42,551.65,5,65928,50445,555.11,12889,-0.1809463494074007
2021-06-16 10:32:46,551.65,5,65928,50445,555.11,12889,-0.1809463494074007
2021-06-16 10:32:50,551.65,5,65937,50438,555.11,12889,-0.1809463494074007
2021-06-16 10:32:54,551.65,5,65937,50439,555.11,12889,-0.1809463494074007
2021-06-16 10:33:12,551.65,5,65937,50423,555.11,12889,-0.1809463494074007
2021-06-16 10:33:27,551.0,71,65937,50423,555.11,12889,-0.29856147652220705
2021-06-16 10:33:30,551.0,71,65863,50431,555.08,12989,-0.29856147652220705
2021-06-16 10:33:34,551.0,71,65866,50431,555.08,12989,-0.29856147652220705
2021-06-16 10:33:39,551.0,71,65863,50431,555.08,12989,-0.29856147652220705
2021-06-16 10:33:43,551.0,71,65863,50431,555.08,12989,-0.29856147652220705
2021-06-16 10:33:47,551.0,71,65867,50431,555.08,12989,-0.29856147652220705
2021-06-16 10:33:51,551.0,71,65867,50503,555.08,12989,-0.29856147652220705
2021-06-16 10:33:56,551.0,71,65863,50503,555.08,12989,-0.29856147652220705
2021-06-16 10:34:04,551.0,71,65863,50503,555.08,12989,-0.29856147652220705
2021-06-16 10:34:13,551.0,71,65863,50503,555.08,12989,-0.29856147652220705
2021-06-16 10:34:17,551.0,71,65863,50503,555.08,12989,-0.29856147652220705
2021-06-16 10:34:21,551.0,71,65867,50503,555.08,12989,-0.29856147652220705
2021-06-16 10:34:25,551.0,71,65867,50503,555.08,12989,-0.29856147652220705
2021-06-16 10:34:30,551.0,71,65863,50503,555.08,12989,-0.29856147652220705
2021-06-16 10:34:42,551.0,71,65983,50504,555.08,12989,-0.29856147652220705
2021-06-16 10:34:44,552.1,1,65983,50504,555.08,12989,-0.09952049217406217
2021-06-16 10:34:47,552.1,1,65975,50504,555.08,12990,-0.09952049217406217
2021-06-16 10:34:48,552.0,8,65975,50504,555.08,12990,-0.11761512711480634
2021-06-16 10:34:52,552.0,8,65992,50500,555.06,13043,-0.11761512711480634
2021-06-16 10:34:57,552.0,8,66006,50501,555.06,13043,-0.11761512711480634
2021-06-16 10:35:01,552.0,8,65994,50492,555.06,13043,-0.11761512711480634
2021-06-16 10:35:05,552.0,1,65994,50492,555.06,13043,-0.11761512711480634
2021-06-16 10:35:06,552.0,1,65993,50489,555.06,13044,-0.11761512711480634
2021-06-16 10:35:30,552.7,136,65993,50489,555.06,13044,0.009047317470382378
2021-06-16 10:35:31,552.7,136,65978,50360,555.03,13212,0.009047317470382378
2021-06-16 10:35:40,552.7,136,65978,50351,555.03,13212,0.009047317470382378
2021-06-16 10:35:44,552.7,136,65978,50352,555.03,13212,0.009047317470382378
2021-06-16 10:36:01,552.7,136,66026,50349,555.03,13212,0.009047317470382378
2021-06-16 10:36:14,552.7,136,66017,50349,555.03,13212,0.009047317470382378
2021-06-16 10:36:31,552.7,136,66017,50753,555.03,13212,0.009047317470382378
2021-06-16 10:36:35,552.7,136,66017,51154,555.03,13212,0.009047317470382378
2021-06-16 10:36:39,552.7,136,66017,51149,555.03,13212,0.009047317470382378
2021-06-16 10:36:43,552.7,136,66026,51358,555.03,13212,0.009047317470382378
2021-06-16 10:36:48,552.7,136,66036,51351,555.03,13212,0.009047317470382378
2021-06-16 10:36:51,552.7,136,66036,51351,555.03,13212,0.009047317470382378
2021-06-16 10:36:59,552.7,136,66036,51351,555.03,13212,0.009047317470382378
2021-06-16 10:37:07,552.7,136,66037,51349,555.03,13212,0.009047317470382378
2021-06-16 10:37:36,552.7,136,66042,51351,555.03,13212,0.009047317470382378
2021-06-16 10:37:49,552.7,136,66052,51351,555.03,13212,0.009047317470382378
2021-06-16 10:38:15,552.7,136,66093,51351,555.03,13212,0.009047317470382378
2021-06-16 10:38:35,552.0,5,66105,51345,555.03,13217,-0.11761512711480634
2021-06-16 10:38:51,552.0,5,66109,51345,555.03,13217,-0.11761512711480634
2021-06-16 10:39:06,552.0,5,66103,51343,555.03,13217,-0.11761512711480634
2021-06-16 10:39:10,552.0,5,66108,51343,555.03,13217,-0.11761512711480634
2021-06-16 10:39:22,552.0,5,66103,51343,555.03,13217,-0.11761512711480634
2021-06-16 10:39:58,552.0,5,66103,51338,555.03,13217,-0.11761512711480634
2021-06-16 10:40:04,552.0,5,66103,51338,555.03,13217,-0.11761512711480634
2021-06-16 10:40:08,552.0,5,66103,51342,555.03,13217,-0.11761512711480634
2021-06-16 10:40:17,552.0,5,66103,51347,555.03,13217,-0.11761512711480634
2021-06-16 10:40:30,552.0,5,66107,51347,555.03,13217,-0.11761512711480634
2021-06-16 10:40:34,552.0,5,66103,51347,555.03,13217,-0.11761512711480634
2021-06-16 10:40:46,552.0,5,66107,51347,555.03,13217,-0.11761512711480634
2021-06-16 10:40:55,552.0,5,66103,51347,555.03,13217,-0.11761512711480634
2021-06-16 10:41:03,552.0,5,66107,51357,555.03,13217,-0.11761512711480634
2021-06-16 10:41:07,552.0,5,66107,51357,555.03,13217,-0.11761512711480634
2021-06-16 10:41:10,552.0,5,66107,51358,555.03,13217,-0.11761512711480634
2021-06-16 10:41:15,552.0,5,66107,51354,555.03,13217,-0.11761512711480634
2021-06-16 10:41:25,552.0,5,66107,51358,555.03,13217,-0.11761512711480634
2021-06-16 10:41:29,552.0,5,66103,51858,555.03,13217,-0.11761512711480634
2021-06-16 10:41:38,552.0,5,66123,51858,555.03,13217,-0.11761512711480634
2021-06-16 10:41:53,552.0,5,66123,51858,555.03,13217,-0.11761512711480634
2021-06-16 10:42:01,552.0,5,66123,51858,555.03,13217,-0.11761512711480634
2021-06-16 10:42:09,552.0,5,66123,51858,555.03,13217,-0.11761512711480634
2021-06-16 10:42:18,552.0,5,66123,51858,555.03,13217,-0.11761512711480634
2021-06-16 10:42:30,552.0,5,66127,51858,555.03,13217,-0.11761512711480634
2021-06-16 10:42:38,552.0,5,66127,51857,555.03,13217,-0.11761512711480634
2021-06-16 10:42:42,552.0,5,66128,51857,555.03,13217,-0.11761512711480634
2021-06-16 10:42:57,552.0,5,66128,51853,555.03,13217,-0.11761512711480634
2021-06-16 10:43:01,552.0,5,66128,51857,555.03,13217,-0.11761512711480634
2021-06-16 10:43:04,552.0,5,66127,51857,555.03,13217,-0.11761512711480634
2021-06-16 10:43:08,552.0,5,66123,51857,555.03,13217,-0.11761512711480634
2021-06-16 10:43:21,552.0,5,66127,51857,555.03,13217,-0.11761512711480634
2021-06-16 10:43:33,552.0,5,66126,51857,555.03,13217,-0.11761512711480634
2021-06-16 10:43:45,552.0,5,66126,51857,555.03,13217,-0.11761512711480634
2021-06-16 10:43:54,551.0,14,66126,51857,555.03,13217,-0.29856147652220705
2021-06-16 10:43:57,551.0,14,66110,51879,555.02,13262,-0.29856147652220705
2021-06-16 10:44:04,551.0,14,66009,51880,555.02,13262,-0.29856147652220705
2021-06-16 10:44:14,551.0,15,66009,51880,555.02,13262,-0.29856147652220705
2021-06-16 10:44:15,551.0,15,65980,51845,555.01,13293,-0.29856147652220705
2021-06-16 10:44:19,551.0,15,66180,51849,555.01,13293,-0.29856147652220705
2021-06-16 10:44:27,551.0,15,66172,51878,555.01,13293,-0.29856147652220705
2021-06-16 10:44:31,551.0,15,66173,51878,555.01,13293,-0.29856147652220705
2021-06-16 10:44:32,550.0,9,66173,51878,555.01,13293,-0.4795078259296078
2021-06-16 10:44:35,550.0,9,66162,51857,554.99,13333,-0.4795078259296078
2021-06-16 10:44:39,550.0,9,66162,51857,554.99,13333,-0.4795078259296078
2021-06-16 10:44:54,550.0,9,66153,51857,554.99,13333,-0.4795078259296078
2021-06-16 10:45:42,550.0,9,66157,51857,554.99,13333,-0.4795078259296078
2021-06-16 10:45:46,550.0,9,66157,51858,554.99,13333,-0.4795078259296078
2021-06-16 10:46:12,550.0,9,66152,51872,554.99,13333,-0.4795078259296078
2021-06-16 10:46:16,550.0,9,66156,51872,554.99,13333,-0.4795078259296078
2021-06-16 10:47:17,550.0,9,66156,51861,554.99,13333,-0.4795078259296078
2021-06-16 10:47:25,550.0,9,66158,51861,554.99,13333,-0.4795078259296078
2021-06-16 10:47:29,550.0,9,66159,51865,554.99,13333,-0.4795078259296078
2021-06-16 10:47:40,550.0,9,66155,51865,554.99,13333,-0.4795078259296078
2021-06-16 10:47:43,550.0,9,66159,51865,554.99,13333,-0.4795078259296078
2021-06-16 10:47:50,550.0,9,66159,51865,554.99,13333,-0.4795078259296078
2021-06-16 10:47:54,550.0,9,66155,51874,554.99,13333,-0.4795078259296078
2021-06-16 10:47:57,550.0,9,66154,51874,554.99,13333,-0.4795078259296078
2021-06-16 10:48:01,550.0,9,66150,51874,554.99,13333,-0.4795078259296078
2021-06-16 10:48:08,550.0,9,66150,51874,554.99,13333,-0.4795078259296078
2021-06-16 10:48:12,550.0,9,66154,51874,554.99,13333,-0.4795078259296078
2021-06-16 10:48:15,550.0,9,66154,51874,554.99,13333,-0.4795078259296078
2021-06-16 10:48:19,550.0,9,66154,51874,554.99,13333,-0.4795078259296078
2021-06-16 10:48:48,550.0,9,66154,51874,554.99,13333,-0.4795078259296078
2021-06-16 10:48:51,550.0,9,66154,51870,554.99,13333,-0.4795078259296078
2021-06-16 10:48:54,550.0,9,66164,51874,554.99,13333,-0.4795078259296078
2021-06-16 10:49:05,550.0,9,66164,51870,554.99,13333,-0.4795078259296078
2021-06-16 10:49:06,550.7,3,66164,51870,554.99,13333,-0.35284538134441906
2021-06-16 10:49:09,550.7,3,66164,51883,554.99,13336,-0.35284538134441906
2021-06-16 10:49:12,550.7,3,66164,51883,554.99,13336,-0.35284538134441906
2021-06-16 10:49:18,550.7,3,66164,51883,554.99,13336,-0.35284538134441906
2021-06-16 10:49:42,550.7,3,66164,51883,554.99,13336,-0.35284538134441906
2021-06-16 10:49:46,550.7,3,66160,51883,554.99,13336,-0.35284538134441906
2021-06-16 10:49:49,550.7,3,66164,51883,554.99,13336,-0.35284538134441906
2021-06-16 10:49:52,550.7,3,66160,51883,554.99,13336,-0.35284538134441906
2021-06-16 10:50:01,550.7,3,66164,51883,554.99,13336,-0.35284538134441906
2021-06-16 10:50:09,550.7,3,66164,51882,554.99,13336,-0.35284538134441906
2021-06-16 10:50:30,550.7,3,66164,51882,554.99,13336,-0.35284538134441906
2021-06-16 10:50:33,550.7,3,66160,51882,554.99,13336,-0.35284538134441906
2021-06-16 10:50:37,550.7,3,66164,51882,554.99,13336,-0.35284538134441906
2021-06-16 10:50:41,550.7,3,66164,51881,554.99,13336,-0.35284538134441906
2021-06-16 10:50:45,550.7,3,66164,51881,554.99,13336,-0.35284538134441906
2021-06-16 10:51:00,550.7,3,66164,51880,554.99,13336,-0.35284538134441906
2021-06-16 10:51:08,550.7,3,66164,51880,554.99,13336,-0.35284538134441906
2021-06-16 10:51:12,550.7,3,66164,51876,554.99,13336,-0.35284538134441906
2021-06-16 10:51:15,550.7,3,66164,51862,554.99,13336,-0.35284538134441906
2021-06-16 10:51:19,550.7,3,66163,51867,554.99,13336,-0.35284538134441906
2021-06-16 10:52:09,550.7,3,66257,51826,554.99,13336,-0.35284538134441906
2021-06-16 10:52:10,550.7,50,66257,51826,554.99,13336,-0.35284538134441906
2021-06-16 10:52:12,550.7,50,66211,51835,554.97,13395,-0.35284538134441906
2021-06-16 10:52:24,550.7,50,66211,51834,554.97,13395,-0.35284538134441906
2021-06-16 10:52:28,550.7,50,66220,51834,554.97,13395,-0.35284538134441906
2021-06-16 10:52:31,550.7,50,66224,51834,554.97,13395,-0.35284538134441906
2021-06-16 10:52:39,550.7,50,66224,51835,554.97,13395,-0.35284538134441906
2021-06-16 10:52:46,550.7,50,66224,51834,554.97,13395,-0.35284538134441906
2021-06-16 10:53:02,550.7,50,66220,51834,554.97,13395,-0.35284538134441906
2021-06-16 10:53:11,550.7,50,66224,51834,554.97,13395,-0.35284538134441906
2021-06-16 10:53:27,550.7,50,66224,51933,554.97,13395,-0.35284538134441906
2021-06-16 10:53:31,550.7,50,66224,51934,554.97,13395,-0.35284538134441906
2021-06-16 10:53:38,550.7,50,66224,51935,554.97,13395,-0.35284538134441906
2021-06-16 10:53:45,550.7,50,66232,51933,554.97,13395,-0.35284538134441906
2021-06-16 10:53:48,550.7,50,66221,51917,554.97,13395,-0.35284538134441906
2021-06-16 10:53:52,550.7,50,66230,51915,554.97,13395,-0.35284538134441906
2021-06-16 10:53:56,550.7,50,66243,51929,554.97,13395,-0.35284538134441906
2021-06-16 10:54:00,550.7,50,66221,51916,554.97,13395,-0.35284538134441906
2021-06-16 10:54:00,550.75,3,66221,51916,554.97,13395,-0.34379806387405726
2021-06-16 10:54:03,550.75,3,66041,51914,554.97,13416,-0.34379806387405726
2021-06-16 10:54:06,550.75,3,66045,51916,554.97,13416,-0.34379806387405726
2021-06-16 10:54:11,551.75,5,66045,51916,554.97,13416,-0.16285171446665653
2021-06-16 10:54:14,551.75,5,66110,51897,554.96,13431,-0.16285171446665653
2021-06-16 10:54:18,551.75,5,66110,51897,554.96,13431,-0.16285171446665653
2021-06-16 10:54:23,552.7,2,66110,51897,554.96,13431,0.009047317470382378
2021-06-16 10:54:24,552.7,2,66112,51825,554.95,13513,0.009047317470382378
2021-06-16 10:54:28,554.35,1,66112,51825,554.95,13513,0.30760879399258945
2021-06-16 10:54:30,554.35,1,66100,51671,554.93,13666,0.30760879399258945
2021-06-16 10:54:34,554.35,1,66110,51668,554.93,13666,0.30760879399258945
2021-06-16 10:54:42,554.35,1,66116,51669,554.93,13666,0.30760879399258945
2021-06-16 10:54:45,554.35,1,66117,51669,554.93,13666,0.30760879399258945
2021-06-16 10:54:49,554.35,1,66127,51670,554.93,13666,0.30760879399258945
2021-06-16 10:54:54,554.35,1,66132,51674,554.93,13666,0.30760879399258945
2021-06-16 10:54:58,554.35,1,66136,51674,554.93,13666,0.30760879399258945
2021-06-16 10:55:03,554.35,1,66132,51670,554.93,13666,0.30760879399258945
2021-06-16 10:55:07,554.35,1,66131,51670,554.93,13666,0.30760879399258945
2021-06-16 10:55:11,554.35,1,66154,51670,554.93,13666,0.30760879399258945
2021-06-16 10:55:16,554.35,1,66149,51671,554.93,13666,0.30760879399258945
2021-06-16 10:55:21,554.35,1,66149,51692,554.93,13666,0.30760879399258945
2021-06-16 10:55:25,554.35,1,66149,51696,554.93,13666,0.30760879399258945
2021-06-16 10:55:30,554.35,1,66132,51678,554.93,13666,0.30760879399258945
2021-06-16 10:55:37,554.35,1,66108,51679,554.93,13666,0.30760879399258945
2021-06-16 10:55:50,554.35,1,66107,51768,554.93,13666,0.30760879399258945
2021-06-16 10:56:15,554.35,1,66108,51612,554.93,13666,0.30760879399258945
2021-06-16 10:56:28,554.35,1,66128,51627,554.93,13666,0.30760879399258945
2021-06-16 10:56:33,553.7,5,66128,51627,554.93,13666,0.1899936668777831
2021-06-16 10:56:35,553.7,5,66116,51627,554.93,13671,0.1899936668777831
2021-06-16 10:56:48,553.7,5,66117,51636,554.93,13671,0.1899936668777831
2021-06-16 10:56:49,552.05,2,66117,51636,554.93,13671,-0.10856780964444454
2021-06-16 10:56:52,552.05,2,66131,51635,554.93,13673,-0.10856780964444454
2021-06-16 10:56:55,552.05,2,66130,51630,554.93,13673,-0.10856780964444454
2021-06-16 10:57:03,552.05,2,66125,51632,554.93,13673,-0.10856780964444454
2021-06-16 10:57:07,552.05,2,66130,51632,554.93,13673,-0.10856780964444454
2021-06-16 10:57:12,552.05,2,66122,51639,554.93,13673,-0.10856780964444454
2021-06-16 10:57:16,552.05,2,66122,51638,554.93,13673,-0.10856780964444454
2021-06-16 10:57:24,552.05,2,66125,51636,554.93,13673,-0.10856780964444454
2021-06-16 10:57:28,552.05,2,66123,51640,554.93,13673,-0.10856780964444454
2021-06-16 10:57:32,552.05,2,66123,51640,554.93,13673,-0.10856780964444454
2021-06-16 10:57:49,552.05,2,66123,51636,554.93,13673,-0.10856780964444454
2021-06-16 10:57:52,552.3,4,66123,51636,554.93,13673,-0.06333122229259436
2021-06-16 10:57:54,552.3,4,66090,51710,554.92,13720,-0.06333122229259436
2021-06-16 10:57:58,552.3,4,66090,51710,554.92,13720,-0.06333122229259436
2021-06-16 10:58:02,552.3,4,66094,51713,554.92,13720,-0.06333122229259436
2021-06-16 10:58:14,552.3,4,66094,51713,554.92,13720,-0.06333122229259436
2021-06-16 10:58:22,552.3,4,66088,51713,554.92,13720,-0.06333122229259436
2021-06-16 10:58:26,552.3,4,66092,51713,554.92,13720,-0.06333122229259436
2021-06-16 10:58:30,552.3,4,66092,51713,554.92,13720,-0.06333122229259436
2021-06-16 10:58:34,552.3,2,66126,51632,554.9,13801,-0.06333122229259436
2021-06-16 10:58:38,552.3,2,66126,51714,554.9,13801,-0.06333122229259436
2021-06-16 10:58:42,552.3,2,66126,51718,554.9,13801,-0.06333122229259436
2021-06-16 10:58:49,552.3,2,66126,51719,554.9,13801,-0.06333122229259436
2021-06-16 10:58:52,552.3,2,66126,51715,554.9,13801,-0.06333122229259436
2021-06-16 10:58:56,552.3,2,66126,51719,554.9,13801,-0.06333122229259436
2021-06-16 10:59:00,552.3,2,66227,51719,554.9,13801,-0.06333122229259436
2021-06-16 10:59:04,552.3,2,66236,51719,554.9,13801,-0.06333122229259436
2021-06-16 10:59:13,552.3,2,66236,51719,554.9,13801,-0.06333122229259436
2021-06-16 10:59:25,552.3,2,66236,51715,554.9,13801,-0.06333122229259436
2021-06-16 10:59:28,552.3,2,66236,51719,554.9,13801,-0.06333122229259436
2021-06-16 10:59:32,552.3,2,66236,51775,554.9,13801,-0.06333122229259436
2021-06-16 10:59:36,552.3,2,66236,51779,554.9,13801,-0.06333122229259436
2021-06-16 10:59:43,552.3,2,66236,51779,554.9,13801,-0.06333122229259436
2021-06-16 10:59:47,552.3,2,66236,51779,554.9,13801,-0.06333122229259436
2021-06-16 11:00:05,552.3,2,66236,51779,554.9,13801,-0.06333122229259436
2021-06-16 11:00:10,552.3,2,66236,51779,554.9,13801,-0.06333122229259436
2021-06-16 11:00:14,552.3,2,66236,51779,554.9,13801,-0.06333122229259436
2021-06-16 11:00:26,552.3,2,66236,51779,554.9,13801,-0.06333122229259436
2021-06-16 11:00:31,552.3,2,66236,51775,554.9,13801,-0.06333122229259436
2021-06-16 11:00:35,552.3,2,66232,51779,554.9,13801,-0.06333122229259436
2021-06-16 11:00:39,552.3,2,66236,51779,554.9,13801,-0.06333122229259436
2021-06-16 11:00:43,552.3,2,66236,51775,554.9,13801,-0.06333122229259436
2021-06-16 11:00:46,552.3,2,66236,51775,554.9,13801,-0.06333122229259436
2021-06-16 11:01:03,552.3,2,66236,51775,554.9,13801,-0.06333122229259436
2021-06-16 11:01:14,552.3,2,66236,51779,554.9,13801,-0.06333122229259436
2021-06-16 11:01:18,552.3,2,66236,51779,554.9,13801,-0.06333122229259436
2021-06-16 11:01:22,552.3,2,66726,51779,554.9,13801,-0.06333122229259436
2021-06-16 11:01:30,552.3,2,66726,51779,554.9,13801,-0.06333122229259436
2021-06-16 11:01:38,552.3,2,66726,51779,554.9,13801,-0.06333122229259436
2021-06-16 11:01:52,552.3,2,66722,51779,554.9,13801,-0.06333122229259436
2021-06-16 11:01:57,552.3,2,66726,51779,554.9,13801,-0.06333122229259436
2021-06-16 11:02:12,552.3,2,66726,51779,554.9,13801,-0.06333122229259436
2021-06-16 11:02:19,552.3,2,66726,51779,554.9,13801,-0.06333122229259436
2021-06-16 11:02:33,552.3,2,66725,51774,554.9,13801,-0.06333122229259436
2021-06-16 11:02:37,552.3,2,66725,51778,554.9,13801,-0.06333122229259436
2021-06-16 11:02:41,552.3,2,66725,51774,554.9,13801,-0.06333122229259436
2021-06-16 11:02:45,552.3,2,66725,51778,554.9,13801,-0.06333122229259436
2021-06-16 11:02:49,552.3,2,66725,51778,554.9,13801,-0.06333122229259436
2021-06-16 11:02:57,552.3,2,66725,51774,554.9,13801,-0.06333122229259436
2021-06-16 11:02:58,551.55,1,66725,51774,554.9,13801,-0.1990409843481449
2021-06-16 11:03:00,551.55,1,66675,51833,554.88,13901,-0.1990409843481449
2021-06-16 11:03:04,551.55,1,66674,51831,554.88,13901,-0.1990409843481449
2021-06-16 11:03:07,551.55,1,66678,51835,554.88,13901,-0.1990409843481449
2021-06-16 11:03:49,551.55,1,66678,51825,554.88,13901,-0.1990409843481449
2021-06-16 11:05:31,551.55,1,66678,51816,554.88,13901,-0.1990409843481449
2021-06-16 11:05:35,551.55,1,66677,51812,554.88,13901,-0.1990409843481449
2021-06-16 11:05:39,551.55,1,66677,51816,554.88,13901,-0.1990409843481449
2021-06-16 11:06:31,551.55,1,66669,51817,554.88,13901,-0.1990409843481449
2021-06-16 11:06:46,551.55,1,66669,51817,554.88,13901,-0.1990409843481449
2021-06-16 11:06:54,551.55,1,66676,51818,554.88,13901,-0.1990409843481449
2021-06-16 11:06:58,551.55,1,66672,51814,554.88,13901,-0.1990409843481449
2021-06-16 11:07:09,551.55,1,66671,51780,554.88,13901,-0.1990409843481449
2021-06-16 11:07:12,551.55,1,66665,51780,554.88,13901,-0.1990409843481449
2021-06-16 11:07:16,551.55,1,66670,51780,554.88,13901,-0.1990409843481449
2021-06-16 11:07:19,551.55,1,66670,51780,554.88,13901,-0.1990409843481449
2021-06-16 11:07:22,551.55,1,66665,51783,554.88,13901,-0.1990409843481449
2021-06-16 11:07:26,551.55,1,66681,51787,554.88,13901,-0.1990409843481449
2021-06-16 11:07:54,552.15,3,66674,51788,554.88,13905,-0.09047317470370035
2021-06-16 11:07:54,552.15,3,66674,51788,554.88,13905,-0.09047317470370035
2021-06-16 11:07:57,552.15,3,66681,51786,554.88,13905,-0.09047317470370035
2021-06-16 11:08:01,552.15,3,66680,51786,554.88,13905,-0.09047317470370035
2021-06-16 11:08:06,552.15,3,66680,51786,554.88,13905,-0.09047317470370035
2021-06-16 11:08:13,552.15,3,66680,51786,554.88,13905,-0.09047317470370035
2021-06-16 11:08:16,552.15,3,66780,51782,554.88,13905,-0.09047317470370035
2021-06-16 11:08:21,552.15,3,66781,51786,554.88,13905,-0.09047317470370035
2021-06-16 11:08:24,552.15,3,66780,51782,554.88,13905,-0.09047317470370035
2021-06-16 11:09:06,552.15,3,66780,51786,554.88,13905,-0.09047317470370035
2021-06-16 11:09:09,552.15,3,66780,51783,554.88,13905,-0.09047317470370035
2021-06-16 11:09:43,552.15,3,66778,52130,554.88,13905,-0.09047317470370035
2021-06-16 11:09:56,552.15,3,66779,52130,554.88,13905,-0.09047317470370035
2021-06-16 11:10:26,552.15,3,66780,52135,554.88,13905,-0.09047317470370035
2021-06-16 11:11:45,552.15,3,66776,52131,554.88,13905,-0.09047317470370035
2021-06-16 11:11:49,552.15,3,66780,52130,554.88,13905,-0.09047317470370035
2021-06-16 11:12:04,552.15,3,66780,52132,554.88,13905,-0.09047317470370035
2021-06-16 11:12:11,552.15,3,66771,52130,554.88,13905,-0.09047317470370035
2021-06-16 11:12:15,552.15,3,66771,52130,554.88,13905,-0.09047317470370035
2021-06-16 11:12:21,552.15,3,66771,52131,554.88,13905,-0.09047317470370035
2021-06-16 11:12:31,552.15,3,66771,52131,554.88,13905,-0.09047317470370035
2021-06-16 11:12:57,550.95,6,66771,52131,554.88,13905,-0.30760879399256885
2021-06-16 11:12:57,550.95,6,66731,52127,554.87,13955,-0.30760879399256885
2021-06-16 11:13:00,550.95,6,66740,52134,554.87,13955,-0.30760879399256885
2021-06-16 11:13:03,550.95,6,66744,52134,554.87,13955,-0.30760879399256885
2021-06-16 11:13:06,550.95,6,66744,52134,554.87,13955,-0.30760879399256885
2021-06-16 11:13:12,550.95,6,66745,52138,554.87,13955,-0.30760879399256885
2021-06-16 11:13:15,550.95,6,66744,52137,554.87,13955,-0.30760879399256885
2021-06-16 11:13:17,550.95,6,66744,52136,554.87,13955,-0.30760879399256885
2021-06-16 11:13:43,550.95,6,66744,52136,554.87,13955,-0.30760879399256885
2021-06-16 11:13:55,550.95,6,66774,52136,554.87,13955,-0.30760879399256885
2021-06-16 11:13:58,550.95,6,66771,52136,554.87,13955,-0.30760879399256885
2021-06-16 11:14:03,550.95,6,66771,52136,554.87,13955,-0.30760879399256885
2021-06-16 11:14:06,550.95,6,66775,52153,554.87,13955,-0.30760879399256885
2021-06-16 11:14:13,550.95,6,66775,52153,554.87,13955,-0.30760879399256885
2021-06-16 11:14:20,551.8,10,66775,52153,554.87,13955,-0.15380439699629472
2021-06-16 11:14:22,551.8,10,66794,52174,554.87,13965,-0.15380439699629472
2021-06-16 11:14:45,551.8,10,66796,52174,554.87,13965,-0.15380439699629472
2021-06-16 11:14:48,551.8,10,66816,52173,554.87,13965,-0.15380439699629472
2021-06-16 11:14:59,551.8,10,66816,52173,554.87,13965,-0.15380439699629472
2021-06-16 11:15:12,551.8,10,66819,52183,554.87,13965,-0.15380439699629472
2021-06-16 11:15:15,551.8,10,66820,52173,554.87,13965,-0.15380439699629472
2021-06-16 11:15:19,552.05,10,66820,52173,554.87,13965,-0.10856780964444454
2021-06-16 11:15:19,552.05,10,66826,52183,554.86,13975,-0.10856780964444454
2021-06-16 11:15:23,552.05,10,66830,52171,554.86,13975,-0.10856780964444454
2021-06-16 11:15:34,552.05,10,66829,52183,554.86,13975,-0.10856780964444454
2021-06-16 11:15:57,552.05,10,66829,52183,554.86,13975,-0.10856780964444454
2021-06-16 11:16:00,552.05,10,66825,52183,554.86,13975,-0.10856780964444454
2021-06-16 11:16:04,552.05,10,66829,52183,554.86,13975,-0.10856780964444454
2021-06-16 11:16:06,551.7,2,66829,52183,554.86,13975,-0.17189903193701833
2021-06-16 11:16:07,551.7,2,66826,52172,554.86,13977,-0.17189903193701833
2021-06-16 11:16:10,551.7,2,66726,52172,554.86,13977,-0.17189903193701833
2021-06-16 11:16:20,551.7,2,66726,52168,554.86,13977,-0.17189903193701833
2021-06-16 11:16:24,551.7,2,66726,52172,554.86,13977,-0.17189903193701833
2021-06-16 11:16:28,551.7,2,66672,52184,554.86,13977,-0.17189903193701833
2021-06-16 11:18:21,552.0,100,66672,52184,554.86,13977,-0.11761512711480634
2021-06-16 11:18:22,552.0,100,66615,52193,554.84,14098,-0.11761512711480634
2021-06-16 11:18:25,552.0,100,66604,52193,554.84,14098,-0.11761512711480634
2021-06-16 11:18:31,552.0,100,66608,52195,554.84,14098,-0.11761512711480634
2021-06-16 11:18:34,552.0,100,66612,52195,554.84,14098,-0.11761512711480634
2021-06-16 11:18:39,552.0,100,66608,52197,554.84,14098,-0.11761512711480634
2021-06-16 11:18:43,552.0,100,66612,52135,554.84,14098,-0.11761512711480634
2021-06-16 11:18:49,552.0,100,66612,52135,554.84,14098,-0.11761512711480634
2021-06-16 11:18:58,552.0,100,66661,52145,554.84,14098,-0.11761512711480634
2021-06-16 11:19:01,552.0,100,66656,52152,554.84,14098,-0.11761512711480634
2021-06-16 11:19:04,552.0,100,66660,52152,554.84,14098,-0.11761512711480634
2021-06-16 11:19:07,552.0,100,66660,52140,554.84,14098,-0.11761512711480634
2021-06-16 11:19:10,552.0,100,66660,52140,554.84,14098,-0.11761512711480634
2021-06-16 11:19:13,552.0,100,66659,52140,554.84,14098,-0.11761512711480634
2021-06-16 11:19:17,552.0,100,66655,52140,554.84,14098,-0.11761512711480634
2021-06-16 11:19:19,552.0,100,66660,52140,554.84,14098,-0.11761512711480634
2021-06-16 11:19:28,552.0,100,66656,52140,554.84,14098,-0.11761512711480634
2021-06-16 11:19:31,552.0,100,66660,52140,554.84,14098,-0.11761512711480634
2021-06-16 11:19:34,552.0,100,66664,52140,554.84,14098,-0.11761512711480634
2021-06-16 11:19:45,552.0,100,66661,52149,554.84,14098,-0.11761512711480634
2021-06-16 11:19:58,551.95,1,66661,52149,554.84,14098,-0.12666244458516815
2021-06-16 11:19:59,551.95,1,66659,52149,554.84,14099,-0.12666244458516815
2021-06-16 11:20:20,551.95,1,66661,52128,554.84,14099,-0.12666244458516815
2021-06-16 11:20:24,551.95,1,66662,52133,554.84,14099,-0.12666244458516815
2021-06-16 11:20:43,551.95,1,66659,52139,554.84,14099,-0.12666244458516815
2021-06-16 11:20:49,551.95,1,66659,52139,554.84,14099,-0.12666244458516815
2021-06-16 11:21:16,551.95,1,66655,52139,554.84,14099,-0.12666244458516815
2021-06-16 11:21:20,551.95,1,66659,52139,554.84,14099,-0.12666244458516815
2021-06-16 11:21:24,551.95,1,66658,52133,554.84,14099,-0.12666244458516815
2021-06-16 11:21:27,551.95,1,66662,52133,554.84,14099,-0.12666244458516815
2021-06-16 11:21:43,551.95,1,66662,52133,554.84,14099,-0.12666244458516815
2021-06-16 11:21:46,551.95,1,66692,52143,554.84,14099,-0.12666244458516815
2021-06-16 11:21:55,551.95,1,66692,52143,554.84,14099,-0.12666244458516815
2021-06-16 11:22:08,551.95,1,66688,52133,554.84,14099,-0.12666244458516815
2021-06-16 11:22:12,551.95,1,66688,52133,554.84,14099,-0.12666244458516815
2021-06-16 11:22:15,551.95,1,66688,52143,554.84,14099,-0.12666244458516815
2021-06-16 11:22:21,551.95,1,66688,52143,554.84,14099,-0.12666244458516815
2021-06-16 11:22:27,551.95,1,66692,52143,554.84,14099,-0.12666244458516815
2021-06-16 11:22:43,551.95,1,66688,52143,554.84,14099,-0.12666244458516815
2021-06-16 11:22:46,551.95,1,66692,52133,554.84,14099,-0.12666244458516815
2021-06-16 11:22:54,551.95,1,66700,52133,554.84,14099,-0.12666244458516815
2021-06-16 11:23:00,551.95,1,66696,52133,554.84,14099,-0.12666244458516815
2021-06-16 11:23:03,551.95,1,66696,52133,554.84,14099,-0.12666244458516815
2021-06-16 11:23:05,552.05,1,66696,52133,554.84,14099,-0.10856780964444454
2021-06-16 11:23:06,552.05,1,66698,52133,554.84,14100,-0.10856780964444454
2021-06-16 11:23:09,552.05,1,66702,52143,554.84,14100,-0.10856780964444454
2021-06-16 11:23:36,552.05,1,66698,52143,554.84,14100,-0.10856780964444454
2021-06-16 11:23:39,551.8,9,66698,52143,554.84,14100,-0.15380439699629472
2021-06-16 11:23:39,551.8,9,66683,52129,554.83,14120,-0.15380439699629472
2021-06-16 11:24:30,551.8,9,66689,52129,554.83,14120,-0.15380439699629472
2021-06-16 11:24:41,551.8,9,66689,52129,554.83,14120,-0.15380439699629472
2021-06-16 11:24:43,551.8,9,66689,52129,554.83,14120,-0.15380439699629472
2021-06-16 11:24:46,551.8,9,66689,52129,554.83,14120,-0.15380439699629472
2021-06-16 11:24:55,553.1,9,66689,52129,554.83,14120,0.08142585723333855
2021-06-16 11:24:58,553.1,9,66683,52121,554.82,14236,0.08142585723333855
2021-06-16 11:25:01,553.1,9,66686,52122,554.82,14236,0.08142585723333855
2021-06-16 11:25:04,553.1,9,66686,52122,554.82,14236,0.08142585723333855
2021-06-16 11:25:07,553.1,9,66686,52122,554.82,14236,0.08142585723333855
2021-06-16 11:25:09,553.1,9,66686,52123,554.82,14236,0.08142585723333855
2021-06-16 11:25:12,553.1,9,66686,52123,554.82,14236,0.08142585723333855
2021-06-16 11:25:15,553.1,9,66687,52119,554.82,14236,0.08142585723333855
2021-06-16 11:25:18,553.1,9,66688,52121,554.82,14236,0.08142585723333855
2021-06-16 11:25:21,553.1,9,66688,52121,554.82,14236,0.08142585723333855
2021-06-16 11:25:24,553.1,9,66688,52121,554.82,14236,0.08142585723333855
2021-06-16 11:25:27,553.1,9,66688,52119,554.82,14236,0.08142585723333855
2021-06-16 11:25:57,551.55,5,66688,52119,554.82,14236,-0.1990409843481449
2021-06-16 11:25:58,551.55,5,66683,52133,554.82,14245,-0.1990409843481449
2021-06-16 11:26:13,551.55,5,66688,52131,554.82,14245,-0.1990409843481449
2021-06-16 11:26:25,551.55,5,66687,52131,554.82,14245,-0.1990409843481449
2021-06-16 11:27:08,551.55,5,66679,52131,554.82,14245,-0.1990409843481449
2021-06-16 11:27:11,551.55,5,66679,52130,554.82,14245,-0.1990409843481449
2021-06-16 11:27:44,551.55,5,66675,52135,554.82,14245,-0.1990409843481449
2021-06-16 11:27:46,551.55,5,66675,52134,554.82,14245,-0.1990409843481449
2021-06-16 11:27:49,551.55,5,66679,52133,554.82,14245,-0.1990409843481449
2021-06-16 11:28:41,551.55,5,66679,52128,554.82,14245,-0.1990409843481449
2021-06-16 11:28:44,551.55,5,66679,52128,554.82,14245,-0.1990409843481449
2021-06-16 11:28:49,551.55,5,66679,52103,554.82,14245,-0.1990409843481449
2021-06-16 11:28:51,551.55,5,66684,52103,554.82,14245,-0.1990409843481449
2021-06-16 11:29:06,551.55,5,66684,52107,554.82,14245,-0.1990409843481449
2021-06-16 11:29:09,551.55,5,66684,52103,554.82,14245,-0.1990409843481449
2021-06-16 11:29:43,551.55,5,66689,52103,554.82,14245,-0.1990409843481449
2021-06-16 11:29:54,552.6,1,66689,52103,554.82,14245,-0.009047317470361808
2021-06-16 11:29:54,552.6,1,66690,52107,554.82,14246,-0.009047317470361808
2021-06-16 11:29:58,552.6,1,66690,52111,554.82,14246,-0.009047317470361808
2021-06-16 11:30:01,552.6,1,66691,52117,554.82,14246,-0.009047317470361808
2021-06-16 11:30:02,551.85,4,66691,52117,554.82,14246,-0.14475707952591235
2021-06-16 11:30:04,551.85,4,66689,52104,554.82,14251,-0.14475707952591235
2021-06-16 11:30:07,551.85,4,66689,52108,554.82,14251,-0.14475707952591235
2021-06-16 11:30:20,552.75,1,66689,52108,554.82,14251,0.018094634940744186
2021-06-16 11:30:21,552.75,1,66690,52104,554.82,14252,0.018094634940744186
2021-06-16 11:30:24,552.75,1,66691,52108,554.82,14252,0.018094634940744186
2021-06-16 11:30:28,552.75,1,66673,52083,554.82,14252,0.018094634940744186
2021-06-16 11:30:51,552.75,1,66669,52079,554.82,14252,0.018094634940744186
2021-06-16 11:30:54,552.75,1,66675,52083,554.82,14252,0.018094634940744186
2021-06-16 11:31:02,552.75,1,66675,52094,554.82,14252,0.018094634940744186
2021-06-16 11:31:06,552.75,1,66674,52075,554.82,14252,0.018094634940744186
2021-06-16 11:31:24,552.75,1,66682,52075,554.82,14252,0.018094634940744186
2021-06-16 11:32:19,552.75,1,66681,52075,554.82,14252,0.018094634940744186
2021-06-16 11:32:24,552.75,1,66681,52080,554.82,14252,0.018094634940744186
2021-06-16 11:32:27,552.75,1,66681,52073,554.82,14252,0.018094634940744186
2021-06-16 11:32:39,552.75,1,66677,52069,554.82,14252,0.018094634940744186
2021-06-16 11:32:42,552.75,1,66681,52073,554.82,14252,0.018094634940744186
2021-06-16 11:33:00,552.75,1,66681,52073,554.82,14252,0.018094634940744186
2021-06-16 11:33:10,552.75,1,66677,52069,554.82,14252,0.018094634940744186
2021-06-16 11:33:14,552.75,1,66681,52073,554.82,14252,0.018094634940744186
2021-06-16 11:33:40,551.65,4,66681,52073,554.82,14252,-0.1809463494074007
2021-06-16 11:33:41,551.65,4,66669,52073,554.81,14272,-0.1809463494074007
2021-06-16 11:33:51,551.65,4,66670,52071,554.81,14272,-0.1809463494074007
2021-06-16 11:34:16,551.65,4,66670,52079,554.81,14272,-0.1809463494074007
2021-06-16 11:34:18,544.65,50,66670,52079,554.81,14272,-1.4475707952592056
2021-06-16 11:34:19,544.65,50,65017,51961,553.75,16460,-1.4475707952592056
2021-06-16 11:34:21,548.0,2,65017,51961,553.75,16460,-0.8414005247444092
2021-06-16 11:34:22,548.0,2,65017,51983,553.75,16462,-0.8414005247444092
2021-06-16 11:34:24,548.0,2,65028,51967,553.75,16462,-0.8414005247444092
2021-06-16 11:34:26,548.0,2,65047,51999,553.75,16462,-0.8414005247444092
2021-06-16 11:34:28,548.0,2,65032,52010,553.75,16462,-0.8414005247444092
2021-06-16 11:34:31,548.0,2,65032,52011,553.75,16462,-0.8414005247444092
2021-06-16 11:34:33,548.0,2,65045,52031,553.75,16462,-0.8414005247444092
2021-06-16 11:34:39,548.0,2,65047,52031,553.75,16462,-0.8414005247444092
2021-06-16 11:34:42,548.0,2,64861,51620,553.75,16462,-0.8414005247444092
2021-06-16 11:34:55,545.0,109,64861,51620,553.75,16462,-1.3842395729666113
2021-06-16 11:34:56,545.0,109,64730,51622,553.67,16612,-1.3842395729666113
2021-06-16 11:34:58,545.0,109,64730,51629,553.67,16612,-1.3842395729666113
2021-06-16 11:35:00,545.0,109,64728,51633,553.67,16612,-1.3842395729666113
2021-06-16 11:35:03,545.0,109,64773,51636,553.67,16612,-1.3842395729666113
2021-06-16 11:35:05,545.0,109,64772,51647,553.67,16612,-1.3842395729666113
2021-06-16 11:35:07,545.0,109,64772,51642,553.67,16612,-1.3842395729666113
2021-06-16 11:35:18,545.0,109,64783,51642,553.67,16612,-1.3842395729666113
2021-06-16 11:35:21,545.0,109,64783,51651,553.67,16612,-1.3842395729666113
2021-06-16 11:35:24,545.0,109,64803,51651,553.67,16612,-1.3842395729666113
2021-06-16 11:35:37,545.0,109,64777,51651,553.67,16612,-1.3842395729666113
2021-06-16 11:35:52,545.0,109,64787,51651,553.67,16612,-1.3842395729666113
2021-06-16 11:36:16,545.0,109,64850,51651,553.67,16612,-1.3842395729666113
2021-06-16 11:36:19,545.0,109,64853,51656,553.67,16612,-1.3842395729666113
2021-06-16 11:36:25,545.0,109,64853,51665,553.67,16612,-1.3842395729666113
2021-06-16 11:36:39,545.0,109,64853,51822,553.67,16612,-1.3842395729666113
2021-06-16 11:36:42,545.0,109,64847,51822,553.67,16612,-1.3842395729666113
2021-06-16 11:36:42,547.8,5,64847,51822,553.67,16612,-0.8775897946258976
2021-06-16 11:36:45,547.8,5,64852,51818,553.67,16617,-0.8775897946258976
2021-06-16 11:36:47,547.8,5,65049,52014,553.67,16617,-0.8775897946258976
2021-06-16 11:36:49,547.8,5,65048,52014,553.67,16617,-0.8775897946258976
2021-06-16 11:36:52,547.8,5,65049,52014,553.67,16617,-0.8775897946258976
2021-06-16 11:36:55,547.8,5,65052,52019,553.67,16617,-0.8775897946258976
2021-06-16 11:36:58,547.8,5,65052,52019,553.67,16617,-0.8775897946258976
2021-06-16 11:37:04,547.8,5,65052,52014,553.67,16617,-0.8775897946258976
2021-06-16 11:37:08,547.8,5,65060,52014,553.67,16617,-0.8775897946258976
2021-06-16 11:37:11,547.8,5,65059,52023,553.67,16617,-0.8775897946258976
2021-06-16 11:37:14,547.8,5,65051,52020,553.67,16617,-0.8775897946258976
2021-06-16 11:37:17,547.8,5,65416,52020,553.67,16617,-0.8775897946258976
2021-06-16 11:37:19,547.8,5,65418,52018,553.67,16617,-0.8775897946258976
2021-06-16 11:37:22,547.8,5,65418,52017,553.67,16617,-0.8775897946258976
2021-06-16 11:37:24,547.8,5,65436,52002,553.67,16617,-0.8775897946258976
2021-06-16 11:37:27,547.8,5,65437,52004,553.67,16617,-0.8775897946258976
2021-06-16 11:37:30,547.8,5,65437,52015,553.67,16617,-0.8775897946258976
2021-06-16 11:37:33,547.8,5,65427,52009,553.67,16617,-0.8775897946258976
2021-06-16 11:37:37,547.8,5,65437,52008,553.67,16617,-0.8775897946258976
2021-06-16 11:37:39,547.8,5,65441,52007,553.67,16617,-0.8775897946258976
2021-06-16 11:37:48,547.8,5,65439,52007,553.67,16617,-0.8775897946258976
2021-06-16 11:37:50,547.8,5,65438,52020,553.67,16617,-0.8775897946258976
2021-06-16 11:37:53,547.8,5,65438,52020,553.67,16617,-0.8775897946258976
2021-06-16 11:37:56,547.8,5,65438,52015,553.67,16617,-0.8775897946258976
2021-06-16 11:37:58,547.8,5,65438,52020,553.67,16617,-0.8775897946258976
2021-06-16 11:38:00,547.8,5,65438,52048,553.67,16617,-0.8775897946258976
2021-06-16 11:38:02,547.8,5,65439,52048,553.67,16617,-0.8775897946258976
2021-06-16 11:38:04,547.8,5,65439,52048,553.67,16617,-0.8775897946258976
2021-06-16 11:38:06,547.8,5,65443,52049,553.67,16617,-0.8775897946258976
2021-06-16 11:38:08,547.8,5,65439,52044,553.67,16617,-0.8775897946258976
2021-06-16 11:38:09,547.5,5,65439,52044,553.67,16617,-0.9318736994481096
2021-06-16 11:38:10,547.5,5,65433,52044,553.67,16622,-0.9318736994481096
2021-06-16 11:38:12,547.5,5,65433,52044,553.67,16622,-0.9318736994481096
2021-06-16 11:38:14,547.5,5,65437,52044,553.67,16622,-0.9318736994481096
2021-06-16 11:38:19,547.5,5,65437,52044,553.67,16622,-0.9318736994481096
2021-06-16 11:38:21,547.5,5,65438,52052,553.67,16622,-0.9318736994481096
2021-06-16 11:38:23,547.5,5,65438,52052,553.67,16622,-0.9318736994481096
2021-06-16 11:38:25,547.5,5,65438,52052,553.67,16622,-0.9318736994481096
2021-06-16 11:38:27,547.5,5,65437,52052,553.67,16622,-0.9318736994481096
2021-06-16 11:38:29,547.5,5,65437,52052,553.67,16622,-0.9318736994481096
2021-06-16 11:38:31,548.5,16,65437,52052,553.67,16622,-0.7509273500407089
2021-06-16 11:38:34,548.5,16,65537,52053,553.67,16638,-0.7509273500407089
2021-06-16 11:38:36,548.5,16,65549,52053,553.67,16638,-0.7509273500407089
2021-06-16 11:38:39,548.5,16,65553,52053,553.67,16638,-0.7509273500407089
2021-06-16 11:38:43,548.5,16,65553,52053,553.67,16638,-0.7509273500407089
2021-06-16 11:38:45,548.55,1,65553,52053,553.67,16638,-0.7418800325703471
2021-06-16 11:38:45,548.55,1,65552,52053,553.66,16639,-0.7418800325703471
2021-06-16 11:38:50,548.55,1,65643,52040,553.66,16639,-0.7418800325703471
2021-06-16 11:38:52,549.2,4,65643,52040,553.66,16639,-0.6242649054555202
2021-06-16 11:38:52,549.2,4,65662,52023,553.66,16644,-0.6242649054555202
2021-06-16 11:38:55,549.2,4,65662,52023,553.66,16644,-0.6242649054555202
2021-06-16 11:39:00,549.2,4,65663,52023,553.66,16644,-0.6242649054555202
2021-06-16 11:39:06,549.2,4,65663,52030,553.66,16644,-0.6242649054555202
2021-06-16 11:39:08,549.2,4,65663,52023,553.66,16644,-0.6242649054555202
2021-06-16 11:39:13,549.2,4,65673,52023,553.66,16644,-0.6242649054555202
2021-06-16 11:39:18,549.2,4,65673,52024,553.66,16644,-0.6242649054555202
2021-06-16 11:39:46,549.2,4,65673,52024,553.66,16644,-0.6242649054555202
2021-06-16 11:39:49,549.2,4,65673,52025,553.66,16644,-0.6242649054555202
2021-06-16 11:39:52,549.2,4,65673,52025,553.66,16644,-0.6242649054555202
2021-06-16 11:39:56,549.2,4,65673,52025,553.66,16644,-0.6242649054555202
2021-06-16 11:39:59,549.2,4,65673,52017,553.66,16644,-0.6242649054555202
2021-06-16 11:40:01,549.2,4,65669,52028,553.66,16644,-0.6242649054555202
2021-06-16 11:40:02,549.6,7,65669,52028,553.66,16644,-0.551886365692564
2021-06-16 11:40:04,549.6,7,65669,52025,553.66,16651,-0.551886365692564
2021-06-16 11:40:07,549.6,7,65472,52014,553.66,16651,-0.551886365692564
2021-06-16 11:40:09,549.6,7,65468,52019,553.66,16651,-0.551886365692564
2021-06-16 11:40:12,548.55,1,65468,52019,553.66,16651,-0.7418800325703471
2021-06-16 11:40:12,548.55,1,65467,52015,553.66,16652,-0.7418800325703471
2021-06-16 11:40:15,548.55,1,65471,52014,553.66,16652,-0.7418800325703471
2021-06-16 11:40:18,548.55,1,65471,52016,553.66,16652,-0.7418800325703471
2021-06-16 11:40:25,548.55,1,65661,52016,553.66,16652,-0.7418800325703471
2021-06-16 11:40:30,548.55,1,65623,51980,553.66,16652,-0.7418800325703471
2021-06-16 11:40:38,548.55,1,65623,51980,553.66,16652,-0.7418800325703471
2021-06-16 11:40:41,548.55,1,65620,51977,553.66,16652,-0.7418800325703471
2021-06-16 11:40:44,548.55,1,65625,51980,553.66,16652,-0.7418800325703471
2021-06-16 11:41:07,548.55,1,65625,51970,553.66,16652,-0.7418800325703471
2021-06-16 11:41:13,548.55,1,65775,51970,553.66,16652,-0.7418800325703471
2021-06-16 11:41:28,548.55,1,65876,51969,553.66,16652,-0.7418800325703471
2021-06-16 11:41:32,548.55,1,65876,51961,553.66,16652,-0.7418800325703471
2021-06-16 11:41:50,548.55,1,65894,51961,553.66,16652,-0.7418800325703471
2021-06-16 11:42:09,548.55,1,65866,51943,553.66,16652,-0.7418800325703471
2021-06-16 11:42:19,548.55,1,65892,51943,553.66,16652,-0.7418800325703471
2021-06-16 11:43:19,548.55,1,65872,51943,553.66,16652,-0.7418800325703471
2021-06-16 11:43:22,548.55,1,65873,52343,553.66,16652,-0.7418800325703471
2021-06-16 11:43:25,548.55,1,65877,52743,553.66,16652,-0.7418800325703471
2021-06-16 11:43:50,548.55,1,65847,52739,553.66,16652,-0.7418800325703471
2021-06-16 11:43:52,548.55,1,65851,52742,553.66,16652,-0.7418800325703471
2021-06-16 11:43:57,548.55,1,65851,52742,553.66,16652,-0.7418800325703471
2021-06-16 11:44:12,548.55,1,65851,52742,553.66,16652,-0.7418800325703471
2021-06-16 11:44:49,548.55,1,65849,53742,553.66,16652,-0.7418800325703471
2021-06-16 11:45:11,548.55,1,65849,53743,553.66,16652,-0.7418800325703471
2021-06-16 11:45:43,548.55,1,65844,53743,553.66,16652,-0.7418800325703471
2021-06-16 11:46:01,548.55,1,65849,53743,553.66,16652,-0.7418800325703471
2021-06-16 11:48:05,548.55,1,65858,53746,553.66,16652,-0.7418800325703471
2021-06-16 11:48:08,548.55,1,65858,53750,553.66,16652,-0.7418800325703471
2021-06-16 11:48:13,548.55,1,65854,53750,553.66,16652,-0.7418800325703471
2021-06-16 11:48:18,548.55,1,65853,53749,553.66,16652,-0.7418800325703471
2021-06-16 11:48:27,548.55,1,65855,52945,553.66,16652,-0.7418800325703471
2021-06-16 11:48:29,548.55,1,65859,52949,553.66,16652,-0.7418800325703471
2021-06-16 11:48:40,548.55,1,65854,52950,553.66,16652,-0.7418800325703471
2021-06-16 11:48:43,548.55,1,65853,52952,553.66,16652,-0.7418800325703471
2021-06-16 11:48:46,548.55,1,65853,52956,553.66,16652,-0.7418800325703471
2021-06-16 11:48:48,548.55,1,65858,52950,553.66,16652,-0.7418800325703471
2021-06-16 11:48:50,548.55,1,65849,52946,553.66,16652,-0.7418800325703471
2021-06-16 11:48:56,548.55,1,65849,52946,553.66,16652,-0.7418800325703471
2021-06-16 11:48:58,548.55,1,65848,52950,553.66,16652,-0.7418800325703471
2021-06-16 11:49:31,548.55,1,65842,52956,553.66,16652,-0.7418800325703471
2021-06-16 11:49:34,548.55,1,65846,52947,553.66,16652,-0.7418800325703471
2021-06-16 11:49:49,548.55,1,65842,52951,553.66,16652,-0.7418800325703471
2021-06-16 11:49:51,548.55,1,65846,52946,553.66,16652,-0.7418800325703471
2021-06-16 11:50:01,548.55,1,65847,52946,553.66,16652,-0.7418800325703471
2021-06-16 11:50:03,548.55,1,65847,52946,553.66,16652,-0.7418800325703471
2021-06-16 11:50:11,548.55,1,65847,52951,553.66,16652,-0.7418800325703471
2021-06-16 11:50:19,548.55,1,65847,52946,553.66,16652,-0.7418800325703471
2021-06-16 11:50:24,548.55,1,65847,52946,553.66,16652,-0.7418800325703471
2021-06-16 11:50:36,548.55,1,65847,52951,553.66,16652,-0.7418800325703471
2021-06-16 11:50:46,548.55,1,65660,52765,553.66,16652,-0.7418800325703471
2021-06-16 11:50:49,548.55,1,65561,52764,553.66,16652,-0.7418800325703471
2021-06-16 11:50:53,548.55,1,65561,52759,553.66,16652,-0.7418800325703471
2021-06-16 11:51:05,548.55,1,65563,52759,553.66,16652,-0.7418800325703471
2021-06-16 11:51:06,547.0,4,65563,52759,553.66,16652,-1.02234687415181
2021-06-16 11:51:07,547.0,4,65308,52775,553.59,16873,-1.02234687415181
2021-06-16 11:51:10,547.0,4,65315,52794,553.59,16873,-1.02234687415181
2021-06-16 11:51:15,547.0,4,65315,52811,553.59,16873,-1.02234687415181
2021-06-16 11:51:22,547.0,4,65364,52860,553.59,16873,-1.02234687415181
2021-06-16 11:51:35,547.0,4,65364,52869,553.59,16873,-1.02234687415181
2021-06-16 11:52:01,546.85,6,65364,52869,553.59,16873,-1.0494888265629159
2021-06-16 11:52:04,546.85,6,65557,52846,553.59,16893,-1.0494888265629159
2021-06-16 11:52:09,546.85,6,65523,52846,553.59,16893,-1.0494888265629159
2021-06-16 11:52:13,546.45,1,65523,52846,553.59,16893,-1.121867366325872
2021-06-16 11:52:14,546.45,1,65523,52852,553.51,17082,-1.121867366325872
2021-06-16 11:52:16,546.45,1,65529,52852,553.51,17082,-1.121867366325872
2021-06-16 11:52:23,546.45,1,65529,52861,553.51,17082,-1.121867366325872
2021-06-16 11:52:36,546.45,1,65527,52861,553.51,17082,-1.121867366325872
2021-06-16 11:53:15,546.45,1,65529,52857,553.51,17082,-1.121867366325872
2021-06-16 11:53:36,546.45,1,65529,52858,553.51,17082,-1.121867366325872
2021-06-16 11:53:41,546.45,1,65530,52858,553.51,17082,-1.121867366325872
2021-06-16 11:53:48,546.45,1,65530,52822,553.51,17082,-1.121867366325872
2021-06-16 11:54:02,546.45,1,65531,52822,553.51,17082,-1.121867366325872
2021-06-16 11:54:04,547.0,25,65531,52822,553.51,17082,-1.02234687415181
2021-06-16 11:54:04,547.0,25,65541,52831,553.5,17107,-1.02234687415181
2021-06-16 11:54:06,547.0,25,65541,52822,553.5,17107,-1.02234687415181
2021-06-16 11:54:09,547.0,25,65541,52822,553.5,17107,-1.02234687415181
2021-06-16 11:54:10,547.0,25,65540,52822,553.5,17107,-1.02234687415181
2021-06-16 11:54:13,547.0,25,65535,52826,553.5,17107,-1.02234687415181
2021-06-16 11:54:22,547.0,25,65540,52824,553.5,17107,-1.02234687415181
2021-06-16 11:54:24,547.0,41,65540,52824,553.5,17107,-1.02234687415181
2021-06-16 11:54:25,547.0,41,65425,52826,553.46,17215,-1.02234687415181
2021-06-16 11:54:27,547.0,41,65424,52828,553.46,17215,-1.02234687415181
2021-06-16 11:54:29,547.0,41,65429,52833,553.46,17215,-1.02234687415181
2021-06-16 11:55:02,547.0,41,65429,52848,553.46,17215,-1.02234687415181
2021-06-16 11:55:13,548.5,454,65429,52848,553.46,17215,-0.7509273500407089
2021-06-16 11:55:15,548.5,454,65426,52755,553.25,17965,-0.7509273500407089
2021-06-16 11:55:18,548.5,454,65426,52755,553.25,17965,-0.7509273500407089
2021-06-16 11:55:27,548.5,454,65426,52756,553.25,17965,-0.7509273500407089
2021-06-16 11:55:29,548.5,454,65426,52732,553.25,17965,-0.7509273500407089
2021-06-16 11:55:43,548.5,454,65681,52733,553.25,17965,-0.7509273500407089
2021-06-16 11:55:45,548.5,454,65681,52833,553.25,17965,-0.7509273500407089
2021-06-16 11:56:28,547.2,1,65681,52833,553.25,17965,-0.9861576042703215
2021-06-16 11:56:30,547.2,1,65692,52842,553.25,17966,-0.9861576042703215
2021-06-16 11:56:32,547.2,1,65695,52842,553.25,17966,-0.9861576042703215
2021-06-16 11:57:09,547.2,1,65695,52833,553.25,17966,-0.9861576042703215
2021-06-16 11:57:25,547.2,1,65745,52833,553.25,17966,-0.9861576042703215
2021-06-16 11:58:04,547.2,1,65734,52833,553.25,17966,-0.9861576042703215
2021-06-16 11:58:14,545.35,10,65734,52833,553.25,17966,-1.320908350674017
2021-06-16 11:58:18,545.35,10,65936,52836,553.24,17998,-1.320908350674017
2021-06-16 11:58:25,545.35,10,65937,52829,553.24,17998,-1.320908350674017
2021-06-16 11:59:02,545.35,10,65937,52838,553.24,17998,-1.320908350674017
2021-06-16 11:59:27,545.35,10,65939,52843,553.24,17998,-1.320908350674017
2021-06-16 11:59:30,545.35,10,65939,52843,553.24,17998,-1.320908350674017
2021-06-16 11:59:33,545.35,10,65939,52843,553.24,17998,-1.320908350674017
2021-06-16 11:59:34,545.35,10,65951,52843,553.24,17998,-1.320908350674017
2021-06-16 11:59:41,545.35,10,65955,52843,553.24,17998,-1.320908350674017
2021-06-16 12:00:19,545.6,1,65955,52843,553.24,17998,-1.2756717633221668
2021-06-16 12:00:19,545.6,1,65928,52843,553.24,17999,-1.2756717633221668
2021-06-16 12:00:22,545.6,1,65728,52862,553.24,17999,-1.2756717633221668
2021-06-16 12:00:24,547.35,3,65732,52867,553.23,18004,-0.9590156518592156
2021-06-16 12:00:27,547.35,3,65935,52871,553.23,18004,-0.9590156518592156
2021-06-16 12:00:29,547.35,3,66031,52853,553.23,18004,-0.9590156518592156
2021-06-16 12:00:32,547.35,3,66085,52853,553.23,18004,-0.9590156518592156
2021-06-16 12:00:34,547.35,3,66090,52853,553.23,18004,-0.9590156518592156
2021-06-16 12:00:42,547.35,3,66090,52853,553.23,18004,-0.9590156518592156
2021-06-16 12:00:45,547.35,3,66100,52853,553.23,18004,-0.9590156518592156
2021-06-16 12:00:52,547.35,3,66109,52849,553.23,18004,-0.9590156518592156
2021-06-16 12:00:54,547.35,3,66109,52853,553.23,18004,-0.9590156518592156
2021-06-16 12:00:56,547.35,3,66109,52853,553.23,18004,-0.9590156518592156
2021-06-16 12:01:08,547.35,3,66110,52853,553.23,18004,-0.9590156518592156
2021-06-16 12:01:19,547.35,3,66111,52854,553.23,18004,-0.9590156518592156
2021-06-16 12:01:23,547.35,3,66112,52863,553.23,18004,-0.9590156518592156
2021-06-16 12:01:30,547.35,3,66111,52867,553.23,18004,-0.9590156518592156
2021-06-16 12:01:33,547.35,3,66106,52857,553.23,18004,-0.9590156518592156
2021-06-16 12:01:35,547.35,3,66110,52861,553.23,18004,-0.9590156518592156
2021-06-16 12:01:43,547.35,3,66111,52861,553.23,18004,-0.9590156518592156
2021-06-16 12:02:03,547.35,3,66111,52861,553.23,18004,-0.9590156518592156
2021-06-16 12:02:06,547.35,3,66106,52856,553.23,18004,-0.9590156518592156
2021-06-16 12:02:08,547.35,3,66106,52860,553.23,18004,-0.9590156518592156
2021-06-16 12:02:10,547.35,3,66110,52855,553.23,18004,-0.9590156518592156
2021-06-16 12:05:32,547.35,3,66110,52851,553.23,18004,-0.9590156518592156
2021-06-16 12:05:36,547.35,3,66106,52856,553.23,18004,-0.9590156518592156
2021-06-16 12:05:40,547.35,3,66111,52854,553.23,18004,-0.9590156518592156
2021-06-16 12:05:43,548.05,16,66111,52854,553.23,18004,-0.8323532072740474
2021-06-16 12:05:45,548.05,16,66106,52841,553.22,18038,-0.8323532072740474
2021-06-16 12:05:49,548.05,16,66107,52845,553.22,18038,-0.8323532072740474
2021-06-16 12:05:54,548.05,16,66106,52844,553.22,18038,-0.8323532072740474
2021-06-16 12:05:58,548.05,16,66106,52849,553.22,18038,-0.8323532072740474
2021-06-16 12:06:01,548.05,16,66106,52853,553.22,18038,-0.8323532072740474
2021-06-16 12:06:04,548.05,16,66106,52848,553.22,18038,-0.8323532072740474
2021-06-16 12:06:08,548.05,16,66110,52843,553.22,18038,-0.8323532072740474
2021-06-16 12:06:12,548.05,16,66106,52844,553.22,18038,-0.8323532072740474
2021-06-16 12:06:15,548.05,16,66106,52844,553.22,18038,-0.8323532072740474
2021-06-16 12:06:18,548.05,16,66106,52844,553.22,18038,-0.8323532072740474
2021-06-16 12:06:20,548.05,16,66107,52848,553.22,18038,-0.8323532072740474
2021-06-16 12:06:23,548.05,16,66108,52848,553.22,18038,-0.8323532072740474
2021-06-16 12:06:36,548.05,17,66108,52848,553.22,18038,-0.8323532072740474
2021-06-16 12:06:37,548.05,17,66107,52842,553.22,18065,-0.8323532072740474
2021-06-16 12:06:42,548.05,1,66107,52842,553.22,18065,-0.8323532072740474
2021-06-16 12:06:43,548.05,1,66106,52841,553.22,18066,-0.8323532072740474
2021-06-16 12:06:58,548.05,1,66107,52845,553.22,18066,-0.8323532072740474
2021-06-16 12:07:00,548.05,1,66107,52841,553.22,18066,-0.8323532072740474
2021-06-16 12:07:03,548.05,1,66107,52843,553.22,18066,-0.8323532072740474
2021-06-16 12:07:12,548.05,1,66107,52844,553.22,18066,-0.8323532072740474
2021-06-16 12:07:15,548.05,1,66107,52848,553.22,18066,-0.8323532072740474
2021-06-16 12:07:20,548.05,1,66107,52844,553.22,18066,-0.8323532072740474
2021-06-16 12:07:30,548.05,1,66107,52844,553.22,18066,-0.8323532072740474
2021-06-16 12:08:36,548.05,1,66125,51044,553.22,18066,-0.8323532072740474
2021-06-16 12:08:48,548.05,1,66129,51044,553.22,18066,-0.8323532072740474
2021-06-16 12:08:54,548.05,1,66125,51044,553.22,18066,-0.8323532072740474
2021-06-16 12:09:00,548.05,1,66178,51044,553.22,18066,-0.8323532072740474
2021-06-16 12:09:07,548.05,1,66188,51044,553.22,18066,-0.8323532072740474
2021-06-16 12:09:10,548.05,1,66192,51044,553.22,18066,-0.8323532072740474
2021-06-16 12:09:23,548.05,1,66188,51044,553.22,18066,-0.8323532072740474
2021-06-16 12:09:25,548.05,1,66192,51044,553.22,18066,-0.8323532072740474
2021-06-16 12:09:36,548.05,1,66142,50994,553.22,18066,-0.8323532072740474
2021-06-16 12:09:38,548.05,1,66142,50998,553.22,18066,-0.8323532072740474
2021-06-16 12:10:19,548.05,1,66142,51008,553.22,18066,-0.8323532072740474
2021-06-16 12:10:34,548.05,1,66142,50658,553.22,18066,-0.8323532072740474
2021-06-16 12:10:39,548.05,1,66146,50658,553.22,18066,-0.8323532072740474
2021-06-16 12:11:54,548.05,1,66142,50659,553.22,18066,-0.8323532072740474
2021-06-16 12:11:57,548.05,1,66146,50659,553.22,18066,-0.8323532072740474
2021-06-16 12:12:40,548.05,1,66146,50655,553.22,18066,-0.8323532072740474
2021-06-16 12:12:45,548.05,1,66142,50659,553.22,18066,-0.8323532072740474
2021-06-16 12:12:48,548.05,1,66146,50659,553.22,18066,-0.8323532072740474
2021-06-16 12:12:51,548.05,1,66146,50659,553.22,18066,-0.8323532072740474
2021-06-16 12:12:56,548.05,1,66142,50659,553.22,18066,-0.8323532072740474
2021-06-16 12:12:58,548.05,1,66146,50659,553.22,18066,-0.8323532072740474
2021-06-16 12:13:01,548.05,1,66146,50659,553.22,18066,-0.8323532072740474
2021-06-16 12:13:33,547.0,1,66146,50659,553.22,18066,-1.02234687415181
2021-06-16 12:13:36,547.0,1,66215,50803,553.22,18067,-1.02234687415181
2021-06-16 12:13:42,547.0,1,66202,50901,553.22,18067,-1.02234687415181
2021-06-16 12:13:45,547.0,1,66203,50906,553.22,18067,-1.02234687415181
2021-06-16 12:13:49,547.0,1,66176,50889,553.22,18067,-1.02234687415181
2021-06-16 12:14:01,547.0,1,66176,50890,553.22,18067,-1.02234687415181
2021-06-16 12:14:04,547.0,1,66180,50897,553.22,18067,-1.02234687415181
2021-06-16 12:16:57,547.0,1,66176,50897,553.22,18067,-1.02234687415181
2021-06-16 12:17:03,547.0,1,66171,50897,553.22,18067,-1.02234687415181
2021-06-16 12:17:13,547.0,1,66171,50904,553.22,18067,-1.02234687415181
2021-06-16 12:17:22,546.85,1,66171,50904,553.22,18067,-1.0494888265629159
2021-06-16 12:17:24,546.85,1,66176,50894,553.21,18070,-1.0494888265629159
2021-06-16 12:17:26,546.85,1,66175,50894,553.21,18070,-1.0494888265629159
2021-06-16 12:17:32,546.85,1,66175,50899,553.21,18070,-1.0494888265629159
2021-06-16 12:17:37,546.85,1,66174,50900,553.21,18070,-1.0494888265629159
2021-06-16 12:17:39,546.85,1,66170,50900,553.21,18070,-1.0494888265629159
2021-06-16 12:17:48,546.85,1,66170,50900,553.21,18070,-1.0494888265629159
2021-06-16 12:17:50,546.85,1,66170,50905,553.21,18070,-1.0494888265629159
2021-06-16 12:17:52,546.85,1,66170,50905,553.21,18070,-1.0494888265629159
2021-06-16 12:17:56,546.85,1,66174,50894,553.21,18070,-1.0494888265629159
2021-06-16 12:18:04,546.85,1,66174,50899,553.21,18070,-1.0494888265629159
2021-06-16 12:18:25,546.85,1,66170,50900,553.21,18070,-1.0494888265629159
2021-06-16 12:18:27,546.85,1,66174,50899,553.21,18070,-1.0494888265629159
2021-06-16 12:18:31,546.85,1,66174,50895,553.21,18070,-1.0494888265629159
2021-06-16 12:18:34,546.85,1,66170,50900,553.21,18070,-1.0494888265629159
2021-06-16 12:18:39,546.85,1,66174,50900,553.21,18070,-1.0494888265629159
2021-06-16 12:18:41,546.85,1,66170,50906,553.21,18070,-1.0494888265629159
2021-06-16 12:19:14,546.85,1,67174,50898,553.21,18070,-1.0494888265629159
2021-06-16 12:20:01,546.85,1,67174,50968,553.21,18070,-1.0494888265629159
2021-06-16 12:20:05,546.85,1,67174,50976,553.21,18070,-1.0494888265629159
2021-06-16 12:20:10,546.85,1,67174,50967,553.21,18070,-1.0494888265629159
2021-06-16 12:20:25,546.95,2,67174,50967,553.21,18070,-1.0313941916221718
2021-06-16 12:20:26,546.95,2,67184,50959,553.21,18072,-1.0313941916221718
2021-06-16 12:20:37,546.95,2,67185,50959,553.21,18072,-1.0313941916221718
2021-06-16 12:21:13,546.95,2,67184,50960,553.21,18072,-1.0313941916221718
2021-06-16 12:21:22,546.05,1,67184,50960,553.21,18072,-1.1942459060888488
2021-06-16 12:21:23,546.05,1,67183,50960,553.21,18073,-1.1942459060888488
2021-06-16 12:21:25,546.05,1,67183,50960,553.21,18073,-1.1942459060888488
2021-06-16 12:21:29,546.05,1,67184,50960,553.21,18073,-1.1942459060888488
2021-06-16 12:22:34,546.95,1,67184,50960,553.21,18073,-1.0313941916221718
2021-06-16 12:22:35,546.95,1,67184,50959,553.21,18074,-1.0313941916221718
2021-06-16 12:22:37,546.95,1,67184,50959,553.21,18074,-1.0313941916221718
2021-06-16 12:22:39,546.95,1,67184,50957,553.21,18075,-1.0313941916221718
2021-06-16 12:22:54,546.95,1,67193,50956,553.21,18076,-1.0313941916221718
2021-06-16 12:23:05,546.95,1,67193,50955,553.21,18076,-1.0313941916221718
2021-06-16 12:23:19,546.95,1,67193,50956,553.21,18076,-1.0313941916221718
2021-06-16 12:23:22,546.95,1,67194,50956,553.21,18076,-1.0313941916221718
2021-06-16 12:25:42,546.95,1,67191,50955,553.21,18076,-1.0313941916221718
2021-06-16 12:25:46,546.95,1,67195,50949,553.21,18076,-1.0313941916221718
2021-06-16 12:26:05,546.95,1,67195,50956,553.21,18076,-1.0313941916221718
2021-06-16 12:26:07,546.95,1,67195,50950,553.21,18076,-1.0313941916221718
2021-06-16 12:26:09,546.95,1,67195,50950,553.21,18076,-1.0313941916221718
2021-06-16 12:26:16,546.95,1,67195,50950,553.21,18076,-1.0313941916221718
2021-06-16 12:26:19,546.95,1,67195,50950,553.21,18076,-1.0313941916221718
2021-06-16 12:26:23,546.95,1,67195,50949,553.21,18076,-1.0313941916221718
2021-06-16 12:26:27,546.95,1,67191,50960,553.21,18076,-1.0313941916221718
2021-06-16 12:26:30,546.95,1,67195,50949,553.21,18076,-1.0313941916221718
2021-06-16 12:26:58,546.95,1,67195,50952,553.21,18076,-1.0313941916221718
2021-06-16 12:27:25,546.95,1,67220,50948,553.21,18076,-1.0313941916221718
2021-06-16 12:27:52,546.95,1,67216,50952,553.21,18076,-1.0313941916221718
2021-06-16 12:27:57,546.95,1,67216,50952,553.21,18076,-1.0313941916221718
2021-06-16 12:28:00,546.95,1,67220,50948,553.21,18076,-1.0313941916221718
2021-06-16 12:28:03,546.95,1,67216,50954,553.21,18076,-1.0313941916221718
2021-06-16 12:28:08,546.95,1,67216,50948,553.21,18076,-1.0313941916221718
2021-06-16 12:28:10,546.95,1,67220,50948,553.21,18076,-1.0313941916221718
2021-06-16 12:28:28,546.95,1,67220,50948,553.21,18076,-1.0313941916221718
2021-06-16 12:28:30,546.95,1,67220,50953,553.21,18076,-1.0313941916221718
2021-06-16 12:28:33,546.95,1,67216,50960,553.21,18076,-1.0313941916221718
2021-06-16 12:28:37,546.95,1,67220,50959,553.21,18076,-1.0313941916221718
2021-06-16 12:28:43,546.95,1,67216,50948,553.21,18076,-1.0313941916221718
2021-06-16 12:28:45,546.95,1,67220,50948,553.21,18076,-1.0313941916221718
2021-06-16 12:29:10,546.95,1,67391,50838,553.21,18076,-1.0313941916221718
2021-06-16 12:29:17,546.95,1,67391,50838,553.21,18076,-1.0313941916221718
2021-06-16 12:29:36,546.95,1,67392,51042,553.21,18076,-1.0313941916221718
2021-06-16 12:29:40,546.95,1,67392,51056,553.21,18076,-1.0313941916221718
2021-06-16 12:29:42,546.95,1,67387,51056,553.21,18076,-1.0313941916221718
2021-06-16 12:29:44,546.95,1,67387,51056,553.21,18076,-1.0313941916221718
2021-06-16 12:29:46,546.95,1,67392,51059,553.21,18076,-1.0313941916221718
2021-06-16 12:29:48,546.95,1,67392,51062,553.21,18076,-1.0313941916221718
2021-06-16 12:29:52,546.95,1,67387,51056,553.21,18076,-1.0313941916221718
2021-06-16 12:29:54,546.95,1,67387,51056,553.21,18076,-1.0313941916221718
2021-06-16 12:29:57,546.95,1,67387,51056,553.21,18076,-1.0313941916221718
2021-06-16 12:30:00,546.95,1,67387,51053,553.21,18076,-1.0313941916221718
2021-06-16 12:30:02,546.95,1,67387,51063,553.21,18076,-1.0313941916221718
2021-06-16 12:30:04,546.95,1,67387,51064,553.21,18076,-1.0313941916221718
2021-06-16 12:30:07,546.95,1,67387,51058,553.21,18076,-1.0313941916221718
2021-06-16 12:30:09,546.95,1,67387,51058,553.21,18076,-1.0313941916221718
2021-06-16 12:30:11,546.95,1,67387,51058,553.21,18076,-1.0313941916221718
2021-06-16 12:30:13,546.95,1,67391,51058,553.21,18076,-1.0313941916221718
2021-06-16 12:30:16,546.95,1,67387,51058,553.21,18076,-1.0313941916221718
2021-06-16 12:30:18,546.95,1,67391,51063,553.21,18076,-1.0313941916221718
2021-06-16 12:30:22,546.95,1,67387,51064,553.21,18076,-1.0313941916221718
2021-06-16 12:30:25,546.95,1,67391,51063,553.21,18076,-1.0313941916221718
2021-06-16 12:30:32,546.95,1,67387,51053,553.21,18076,-1.0313941916221718
2021-06-16 12:30:34,546.95,1,67391,51053,553.21,18076,-1.0313941916221718
2021-06-16 12:30:54,546.95,1,67491,51053,553.21,18076,-1.0313941916221718
2021-06-16 12:30:57,546.95,1,67491,51053,553.21,18076,-1.0313941916221718
2021-06-16 12:30:59,546.95,1,67487,51057,553.21,18076,-1.0313941916221718
2021-06-16 12:31:01,546.95,1,67487,51057,553.21,18076,-1.0313941916221718
2021-06-16 12:31:04,546.95,1,67487,51063,553.21,18076,-1.0313941916221718
2021-06-16 12:31:06,546.95,1,67491,51063,553.21,18076,-1.0313941916221718
2021-06-16 12:31:09,546.95,1,67491,51053,553.21,18076,-1.0313941916221718
2021-06-16 12:31:11,546.95,1,67492,51053,553.21,18076,-1.0313941916221718
2021-06-16 12:31:13,546.95,1,67488,51058,553.21,18076,-1.0313941916221718
2021-06-16 12:31:19,546.95,1,67492,51057,553.21,18076,-1.0313941916221718
2021-06-16 12:31:27,546.95,1,67492,51053,553.21,18076,-1.0313941916221718
2021-06-16 12:31:29,546.95,1,67492,51053,553.21,18076,-1.0313941916221718
2021-06-16 12:31:32,546.95,1,67492,51057,553.21,18076,-1.0313941916221718
2021-06-16 12:31:34,546.95,1,67492,51053,553.21,18076,-1.0313941916221718
2021-06-16 12:31:36,546.95,1,67492,51053,553.21,18076,-1.0313941916221718
2021-06-16 12:31:38,546.95,1,67492,51063,553.21,18077,-1.0313941916221718
2021-06-16 12:31:44,546.95,1,67488,51063,553.21,18077,-1.0313941916221718
2021-06-16 12:31:49,546.95,1,67492,51053,553.21,18077,-1.0313941916221718
2021-06-16 12:31:57,546.95,1,67491,51053,553.21,18077,-1.0313941916221718
2021-06-16 12:32:04,546.95,1,67491,51053,553.21,18077,-1.0313941916221718
2021-06-16 12:32:09,546.95,1,67491,51053,553.21,18077,-1.0313941916221718
2021-06-16 12:32:11,546.95,1,67581,51056,553.21,18077,-1.0313941916221718
2021-06-16 12:32:31,546.95,1,67581,51057,553.21,18077,-1.0313941916221718
2021-06-16 12:32:35,546.95,6,67581,51057,553.21,18077,-1.0313941916221718
2021-06-16 12:32:37,546.95,6,67581,51064,553.21,18086,-1.0313941916221718
2021-06-16 12:33:02,546.95,6,67678,51064,553.21,18086,-1.0313941916221718
2021-06-16 12:33:05,546.95,6,67682,51060,553.21,18086,-1.0313941916221718
2021-06-16 12:33:10,546.95,6,67682,51060,553.21,18086,-1.0313941916221718
2021-06-16 12:33:12,546.95,6,67682,51066,553.21,18086,-1.0313941916221718
2021-06-16 12:33:25,546.95,6,67682,51070,553.21,18086,-1.0313941916221718
2021-06-16 12:33:27,546.95,6,67682,51060,553.21,18086,-1.0313941916221718
2021-06-16 12:33:29,546.95,6,67681,51064,553.21,18086,-1.0313941916221718
2021-06-16 12:33:31,546.95,6,67681,51060,553.21,18086,-1.0313941916221718
2021-06-16 12:33:36,546.95,6,67681,51064,553.21,18086,-1.0313941916221718
2021-06-16 12:33:38,546.95,6,67681,51064,553.21,18086,-1.0313941916221718
2021-06-16 12:33:40,546.95,6,67681,51060,553.21,18086,-1.0313941916221718
2021-06-16 12:33:42,546.95,6,67677,51064,553.21,18086,-1.0313941916221718
2021-06-16 12:33:45,546.95,6,67681,51060,553.21,18086,-1.0313941916221718
2021-06-16 12:33:47,546.95,6,67681,51060,553.21,18086,-1.0313941916221718
2021-06-16 12:33:52,546.95,6,67681,51064,553.21,18086,-1.0313941916221718
2021-06-16 12:33:57,546.95,6,67681,51060,553.21,18086,-1.0313941916221718
2021-06-16 12:33:59,546.95,6,67681,51060,553.21,18086,-1.0313941916221718
2021-06-16 12:34:04,546.95,6,67681,51064,553.21,18086,-1.0313941916221718
2021-06-16 12:34:07,546.95,6,67681,51060,553.21,18086,-1.0313941916221718
2021-06-16 12:34:11,546.95,6,67681,51064,553.21,18086,-1.0313941916221718
2021-06-16 12:34:15,546.95,6,67681,51060,553.21,18086,-1.0313941916221718
2021-06-16 12:34:20,546.95,6,67681,51060,553.21,18086,-1.0313941916221718
2021-06-16 12:34:22,546.95,6,67681,51064,553.21,18086,-1.0313941916221718
2021-06-16 12:34:24,546.95,6,67681,51060,553.21,18086,-1.0313941916221718
2021-06-16 12:34:32,546.95,6,67681,51064,553.21,18086,-1.0313941916221718
2021-06-16 12:34:34,546.95,6,67681,51060,553.21,18086,-1.0313941916221718
2021-06-16 12:35:03,546.95,6,67681,51060,553.21,18086,-1.0313941916221718
2021-06-16 12:35:05,546.95,6,67681,51060,553.21,18086,-1.0313941916221718
2021-06-16 12:35:07,546.95,6,67681,51064,553.21,18086,-1.0313941916221718
2021-06-16 12:35:13,546.95,6,67781,51060,553.21,18086,-1.0313941916221718
2021-06-16 12:35:15,546.95,6,67781,51060,553.21,18086,-1.0313941916221718
2021-06-16 12:35:19,546.95,6,67781,51064,553.21,18086,-1.0313941916221718
2021-06-16 12:35:21,546.95,6,67781,51060,553.21,18086,-1.0313941916221718
2021-06-16 12:35:23,546.95,6,67781,51064,553.21,18086,-1.0313941916221718
2021-06-16 12:35:25,546.95,6,67781,51060,553.21,18086,-1.0313941916221718
2021-06-16 12:35:54,546.95,6,67781,51060,553.21,18086,-1.0313941916221718
2021-06-16 12:35:58,546.95,6,67781,51064,553.21,18086,-1.0313941916221718
2021-06-16 12:36:04,546.95,6,67781,51064,553.21,18086,-1.0313941916221718
2021-06-16 12:36:06,546.95,6,67781,51060,553.21,18086,-1.0313941916221718
2021-06-16 12:36:30,546.95,6,67781,51060,553.21,18086,-1.0313941916221718
2021-06-16 12:36:42,546.95,6,67781,51060,553.21,18086,-1.0313941916221718
2021-06-16 12:37:04,546.95,6,67781,51035,553.21,18086,-1.0313941916221718
2021-06-16 12:37:07,546.95,6,67777,51035,553.21,18086,-1.0313941916221718
2021-06-16 12:37:10,546.95,6,67781,51035,553.21,18086,-1.0313941916221718
2021-06-16 12:37:12,546.95,6,67781,51031,553.21,18086,-1.0313941916221718
2021-06-16 12:37:17,546.95,6,67781,51035,553.21,18086,-1.0313941916221718
2021-06-16 12:37:18,546.95,48,67781,51035,553.21,18086,-1.0313941916221718
2021-06-16 12:37:19,546.95,48,67788,51014,553.18,18177,-1.0313941916221718
2021-06-16 12:37:37,546.95,48,67790,51020,553.18,18177,-1.0313941916221718
2021-06-16 12:37:39,546.95,48,67790,51019,553.18,18177,-1.0313941916221718
2021-06-16 12:37:42,546.95,48,67790,51014,553.18,18177,-1.0313941916221718
2021-06-16 12:38:41,546.95,48,67791,51006,553.18,18177,-1.0313941916221718
2021-06-16 12:39:27,546.95,48,67791,51020,553.18,18177,-1.0313941916221718
2021-06-16 12:39:31,546.95,48,67792,51021,553.18,18177,-1.0313941916221718
2021-06-16 12:39:34,546.95,48,67791,51026,553.18,18177,-1.0313941916221718
2021-06-16 12:39:36,546.95,48,67792,51021,553.18,18177,-1.0313941916221718
2021-06-16 12:39:39,546.95,48,67796,51016,553.18,18177,-1.0313941916221718
2021-06-16 12:39:43,546.95,1,67795,50512,553.03,18682,-1.0313941916221718
2021-06-16 12:39:45,546.95,1,67800,50533,553.03,18682,-1.0313941916221718
2021-06-16 12:39:48,546.95,1,67803,50550,553.03,18682,-1.0313941916221718
2021-06-16 12:39:50,546.95,1,67799,50577,553.03,18682,-1.0313941916221718
2021-06-16 12:39:52,546.95,1,67798,50620,553.03,18682,-1.0313941916221718
2021-06-16 12:39:55,546.95,1,67798,50607,553.03,18682,-1.0313941916221718
2021-06-16 12:39:58,546.95,1,67800,50638,553.03,18682,-1.0313941916221718
2021-06-16 12:40:03,546.95,1,67792,50617,553.03,18682,-1.0313941916221718
2021-06-16 12:40:09,548.0,5,67792,50617,553.03,18682,-0.8414005247444092
2021-06-16 12:40:12,548.0,5,67839,50620,553.03,18687,-0.8414005247444092
2021-06-16 12:40:15,548.0,5,67842,50617,553.03,18687,-0.8414005247444092
2021-06-16 12:40:19,548.0,5,67846,50620,553.03,18687,-0.8414005247444092
2021-06-16 12:40:28,548.0,5,67816,50616,553.03,18687,-0.8414005247444092
2021-06-16 12:40:33,548.0,5,67819,50607,553.03,18687,-0.8414005247444092
2021-06-16 12:40:37,548.0,5,67832,50593,553.03,18687,-0.8414005247444092
2021-06-16 12:40:40,548.0,5,67829,50602,553.03,18687,-0.8414005247444092
2021-06-16 12:40:45,548.0,5,67829,50605,553.03,18687,-0.8414005247444092
2021-06-16 12:40:48,548.0,5,67831,50606,553.03,18687,-0.8414005247444092
2021-06-16 12:40:52,548.0,5,67831,50597,553.03,18687,-0.8414005247444092
2021-06-16 12:40:56,548.0,5,67829,50598,553.03,18687,-0.8414005247444092
2021-06-16 12:41:00,548.0,5,67829,50600,553.03,18687,-0.8414005247444092
2021-06-16 12:41:04,548.0,5,67829,50597,553.03,18687,-0.8414005247444092
2021-06-16 12:41:08,548.0,5,67829,50597,553.03,18687,-0.8414005247444092
2021-06-16 12:41:11,548.0,5,67870,50594,553.03,18687,-0.8414005247444092
2021-06-16 12:41:16,548.0,5,67877,50589,553.03,18687,-0.8414005247444092
2021-06-16 12:41:20,548.0,5,67881,50589,553.03,18687,-0.8414005247444092
2021-06-16 12:41:28,548.0,5,67889,50589,553.03,18687,-0.8414005247444092
2021-06-16 12:41:34,548.0,5,67888,50689,553.03,18687,-0.8414005247444092
2021-06-16 12:41:38,548.0,5,67893,50689,553.03,18687,-0.8414005247444092
2021-06-16 12:41:42,548.0,5,67888,50680,553.03,18687,-0.8414005247444092
2021-06-16 12:41:45,548.0,5,67888,50680,553.03,18687,-0.8414005247444092
2021-06-16 12:41:48,548.0,5,67888,50687,553.03,18687,-0.8414005247444092
2021-06-16 12:41:52,548.0,5,67892,50683,553.03,18687,-0.8414005247444092
2021-06-16 12:41:56,548.0,5,67895,50687,553.03,18687,-0.8414005247444092
2021-06-16 12:42:06,548.0,5,67888,50684,553.03,18687,-0.8414005247444092
2021-06-16 12:42:09,548.0,5,67872,50683,553.03,18687,-0.8414005247444092
2021-06-16 12:42:12,548.0,5,67876,50687,553.03,18687,-0.8414005247444092
2021-06-16 12:42:21,548.0,5,67873,50683,553.03,18687,-0.8414005247444092
2021-06-16 12:42:25,548.0,5,67871,50683,553.03,18687,-0.8414005247444092
2021-06-16 12:42:28,549.4,4,67874,50685,553.03,18697,-0.5880756355740523
2021-06-16 12:42:31,549.4,4,67872,50677,553.03,18697,-0.5880756355740523
2021-06-16 12:42:34,549.4,4,67870,50686,553.03,18697,-0.5880756355740523
2021-06-16 12:42:37,549.4,4,67870,50686,553.03,18697,-0.5880756355740523
2021-06-16 12:43:13,547.0,3,67858,50479,552.66,19905,-1.02234687415181
2021-06-16 12:43:16,547.0,3,67867,50482,552.66,19905,-1.02234687415181
2021-06-16 12:43:31,547.0,3,67843,50584,552.66,19905,-1.02234687415181
2021-06-16 12:43:34,547.0,3,67847,50595,552.66,19905,-1.02234687415181
2021-06-16 12:43:45,547.0,3,67847,50595,552.66,19905,-1.02234687415181
2021-06-16 12:43:51,547.0,3,67820,50578,552.66,19905,-1.02234687415181
2021-06-16 12:43:54,547.0,3,67820,50577,552.66,19905,-1.02234687415181
2021-06-16 12:44:00,547.0,3,67816,50581,552.66,19905,-1.02234687415181
2021-06-16 12:44:19,547.0,3,67816,50573,552.66,19905,-1.02234687415181
2021-06-16 12:44:22,547.0,3,67820,50577,552.66,19905,-1.02234687415181
2021-06-16 12:44:40,547.0,3,67828,50577,552.66,19905,-1.02234687415181
2021-06-16 12:44:42,547.0,3,67824,50578,552.66,19905,-1.02234687415181
2021-06-16 12:44:52,547.0,3,67824,50578,552.66,19905,-1.02234687415181
2021-06-16 12:44:55,547.0,3,67854,50578,552.66,19905,-1.02234687415181
2021-06-16 12:45:04,548.0,6,67854,50578,552.66,19905,-0.8414005247444092
2021-06-16 12:45:05,548.0,6,67858,50565,552.66,19920,-0.8414005247444092
2021-06-16 12:45:12,548.0,6,67854,50579,552.66,19920,-0.8414005247444092
2021-06-16 12:46:46,548.0,6,67654,50579,552.66,19920,-0.8414005247444092
2021-06-16 12:47:10,548.0,6,67654,50571,552.66,19920,-0.8414005247444092
2021-06-16 12:48:22,548.0,6,67665,50571,552.66,19920,-0.8414005247444092
2021-06-16 12:50:10,548.0,6,67679,50550,552.66,19920,-0.8414005247444092
2021-06-16 12:50:13,548.0,6,67679,50551,552.66,19920,-0.8414005247444092
2021-06-16 12:51:27,548.0,6,67675,50545,552.66,19920,-0.8414005247444092
2021-06-16 12:51:30,548.0,6,67675,50556,552.66,19920,-0.8414005247444092
2021-06-16 12:51:36,548.0,6,67675,50565,552.66,19920,-0.8414005247444092
2021-06-16 12:51:48,548.0,6,67625,50564,552.66,19920,-0.8414005247444092
2021-06-16 12:51:52,548.0,6,67628,50563,552.66,19920,-0.8414005247444092
2021-06-16 12:52:40,548.0,2,67628,50563,552.66,19920,-0.8414005247444092
2021-06-16 12:52:42,548.0,2,67628,50560,552.66,19922,-0.8414005247444092
2021-06-16 12:52:46,548.0,2,67628,50561,552.66,19922,-0.8414005247444092
2021-06-16 12:53:30,547.65,1,67628,50561,552.66,19922,-0.9047317470370035
2021-06-16 12:53:31,547.65,1,67629,50557,552.66,19923,-0.9047317470370035
2021-06-16 12:53:34,547.65,1,67629,50562,552.66,19923,-0.9047317470370035
2021-06-16 12:53:36,547.65,1,67629,50557,552.66,19923,-0.9047317470370035
2021-06-16 12:53:39,547.65,1,67633,50562,552.66,19923,-0.9047317470370035
2021-06-16 12:53:45,547.65,1,67629,50560,552.66,19923,-0.9047317470370035
2021-06-16 12:53:47,547.65,1,67629,50560,552.66,19923,-0.9047317470370035
2021-06-16 12:53:50,547.65,1,67629,50560,552.66,19923,-0.9047317470370035
2021-06-16 12:53:53,547.65,1,67629,50560,552.66,19923,-0.9047317470370035
2021-06-16 12:53:56,547.65,1,67629,50556,552.66,19923,-0.9047317470370035
2021-06-16 12:53:58,547.65,1,67629,50556,552.66,19923,-0.9047317470370035
2021-06-16 12:54:01,547.65,1,67629,50560,552.66,19923,-0.9047317470370035
2021-06-16 12:54:03,547.65,1,67629,50560,552.66,19923,-0.9047317470370035
2021-06-16 12:54:06,547.65,1,67629,50560,552.66,19923,-0.9047317470370035
2021-06-16 12:54:07,547.65,1,67629,50560,552.66,19923,-0.9047317470370035
2021-06-16 12:54:10,547.65,1,67629,50581,552.66,19923,-0.9047317470370035
2021-06-16 12:54:12,547.65,1,67629,50589,552.66,19923,-0.9047317470370035
2021-06-16 12:54:15,547.65,1,67629,50590,552.66,19923,-0.9047317470370035
2021-06-16 12:54:16,547.65,1,67629,50589,552.66,19923,-0.9047317470370035
2021-06-16 12:54:19,547.65,1,67629,50599,552.66,19923,-0.9047317470370035
2021-06-16 12:54:21,547.65,1,67629,50589,552.66,19923,-0.9047317470370035
2021-06-16 12:54:23,547.65,1,67629,50589,552.66,19923,-0.9047317470370035
2021-06-16 12:54:25,547.65,1,67629,50589,552.66,19923,-0.9047317470370035
2021-06-16 12:54:27,547.65,1,67629,50594,552.66,19923,-0.9047317470370035
2021-06-16 12:54:29,547.65,1,67629,50594,552.66,19923,-0.9047317470370035
2021-06-16 12:54:31,547.65,1,67629,50594,552.66,19923,-0.9047317470370035
2021-06-16 12:54:33,547.65,1,67629,50594,552.66,19923,-0.9047317470370035
2021-06-16 12:54:35,547.65,1,67629,50589,552.66,19923,-0.9047317470370035
2021-06-16 12:54:37,547.65,1,67629,50589,552.66,19923,-0.9047317470370035
2021-06-16 12:54:39,547.65,1,67629,50589,552.66,19923,-0.9047317470370035
2021-06-16 12:54:42,547.65,1,67629,50589,552.66,19923,-0.9047317470370035
2021-06-16 12:54:43,547.65,1,67629,50593,552.66,19923,-0.9047317470370035
2021-06-16 12:54:46,547.65,1,67633,50598,552.66,19923,-0.9047317470370035
2021-06-16 12:55:10,547.65,1,67629,50599,552.66,19923,-0.9047317470370035
2021-06-16 12:55:12,547.65,1,67629,50594,552.66,19923,-0.9047317470370035
2021-06-16 12:55:16,547.65,1,67630,50595,552.66,19923,-0.9047317470370035
2021-06-16 12:55:18,547.65,1,67630,50590,552.66,19923,-0.9047317470370035
2021-06-16 12:55:20,547.65,1,67629,50591,552.66,19923,-0.9047317470370035
2021-06-16 12:55:22,547.65,1,67629,50593,552.66,19923,-0.9047317470370035
2021-06-16 12:55:25,547.65,1,67629,50590,552.66,19923,-0.9047317470370035
2021-06-16 12:55:27,547.65,1,67629,50598,552.66,19923,-0.9047317470370035
2021-06-16 12:55:28,547.65,1,67630,50577,552.66,19923,-0.9047317470370035
2021-06-16 12:55:31,547.65,1,67630,50579,552.66,19923,-0.9047317470370035
2021-06-16 12:55:33,547.65,1,67630,50578,552.66,19923,-0.9047317470370035
2021-06-16 12:55:35,547.65,1,67629,50577,552.66,19923,-0.9047317470370035
2021-06-16 12:55:37,547.65,1,67629,50578,552.66,19923,-0.9047317470370035
2021-06-16 12:55:40,547.65,1,67629,50578,552.66,19923,-0.9047317470370035
2021-06-16 12:55:42,547.65,1,67630,50573,552.66,19923,-0.9047317470370035
2021-06-16 12:55:44,547.65,1,67630,50574,552.66,19923,-0.9047317470370035
2021-06-16 12:55:46,547.65,1,67630,50578,552.66,19923,-0.9047317470370035
2021-06-16 12:55:49,547.65,1,67630,50580,552.66,19923,-0.9047317470370035
2021-06-16 12:55:51,547.65,1,67630,50582,552.66,19923,-0.9047317470370035
2021-06-16 12:55:54,547.65,1,67630,50573,552.66,19923,-0.9047317470370035
2021-06-16 12:55:56,547.65,1,67630,50574,552.66,19923,-0.9047317470370035
2021-06-16 12:55:59,547.65,1,67631,50581,552.66,19923,-0.9047317470370035
2021-06-16 12:56:01,547.65,1,67630,50573,552.66,19923,-0.9047317470370035
2021-06-16 12:56:04,547.65,1,67630,50572,552.66,19923,-0.9047317470370035
2021-06-16 12:56:06,547.65,1,67631,50572,552.66,19923,-0.9047317470370035
2021-06-16 12:56:09,547.65,1,67631,50573,552.66,19923,-0.9047317470370035
2021-06-16 12:56:12,547.65,1,67631,50574,552.66,19923,-0.9047317470370035
2021-06-16 12:56:13,547.65,1,67630,50576,552.66,19923,-0.9047317470370035
2021-06-16 12:56:15,547.65,1,67630,50577,552.66,19923,-0.9047317470370035
2021-06-16 12:56:17,547.65,1,67630,50572,552.66,19923,-0.9047317470370035
2021-06-16 12:56:19,547.65,1,67630,50576,552.66,19923,-0.9047317470370035
2021-06-16 12:56:21,547.65,1,67630,50578,552.66,19923,-0.9047317470370035
2021-06-16 12:56:24,547.65,1,67630,50582,552.66,19923,-0.9047317470370035
2021-06-16 12:56:26,547.65,1,67631,50577,552.66,19923,-0.9047317470370035
2021-06-16 12:56:28,547.65,1,67631,50581,552.66,19923,-0.9047317470370035
2021-06-16 12:56:30,547.65,1,67631,50573,552.66,19923,-0.9047317470370035
2021-06-16 12:56:31,547.65,1,67631,50578,552.66,19923,-0.9047317470370035
2021-06-16 12:56:34,547.65,1,67631,50582,552.66,19923,-0.9047317470370035
2021-06-16 12:56:36,547.65,1,67631,50572,552.66,19923,-0.9047317470370035
2021-06-16 12:56:37,547.65,1,67630,50582,552.66,19923,-0.9047317470370035
2021-06-16 12:56:39,547.65,1,67631,50576,552.66,19923,-0.9047317470370035
2021-06-16 12:56:41,547.65,1,67631,50580,552.66,19923,-0.9047317470370035
2021-06-16 12:56:43,547.65,1,67631,50578,552.66,19923,-0.9047317470370035
2021-06-16 12:56:45,547.65,1,67631,50577,552.66,19923,-0.9047317470370035
2021-06-16 12:57:19,547.65,1,67629,50577,552.66,19923,-0.9047317470370035
2021-06-16 12:57:21,547.65,1,67631,50573,552.66,19923,-0.9047317470370035
2021-06-16 12:57:22,547.65,1,67631,50574,552.66,19923,-0.9047317470370035
2021-06-16 12:57:24,547.65,1,67630,50577,552.66,19923,-0.9047317470370035
2021-06-16 12:57:26,547.65,1,67630,50572,552.66,19923,-0.9047317470370035
2021-06-16 12:57:28,547.65,1,67629,50578,552.66,19923,-0.9047317470370035
2021-06-16 12:57:30,547.65,1,67629,50577,552.66,19923,-0.9047317470370035
2021-06-16 12:57:33,547.65,1,67629,50576,552.66,19923,-0.9047317470370035
2021-06-16 12:57:35,547.65,1,67629,50576,552.66,19923,-0.9047317470370035
2021-06-16 12:57:37,547.65,1,67629,50576,552.66,19923,-0.9047317470370035
2021-06-16 12:57:39,547.65,1,67630,50577,552.66,19923,-0.9047317470370035
2021-06-16 12:57:42,547.65,1,67631,50571,552.66,19923,-0.9047317470370035
2021-06-16 12:57:46,547.65,1,67631,50579,552.66,19923,-0.9047317470370035
2021-06-16 12:57:48,547.65,1,67630,50581,552.66,19923,-0.9047317470370035
2021-06-16 12:57:51,547.65,1,67630,50570,552.66,19923,-0.9047317470370035
2021-06-16 12:57:53,547.65,1,67630,50575,552.66,19923,-0.9047317470370035
2021-06-16 12:57:55,547.65,1,67629,50581,552.66,19923,-0.9047317470370035
2021-06-16 12:57:57,547.65,1,67631,50577,552.66,19923,-0.9047317470370035
2021-06-16 12:57:59,547.65,1,67630,50576,552.66,19923,-0.9047317470370035
2021-06-16 12:58:01,547.65,1,67630,50576,552.66,19923,-0.9047317470370035
2021-06-16 12:58:04,547.65,1,67630,50572,552.66,19923,-0.9047317470370035
2021-06-16 12:58:07,547.65,1,67629,50581,552.66,19923,-0.9047317470370035
2021-06-16 12:58:19,547.65,1,67631,50572,552.66,19923,-0.9047317470370035
2021-06-16 12:58:21,547.65,1,67631,50578,552.66,19923,-0.9047317470370035
2021-06-16 12:58:24,547.65,1,67631,50582,552.66,19923,-0.9047317470370035
2021-06-16 12:58:25,547.65,1,67631,50571,552.66,19923,-0.9047317470370035
2021-06-16 12:58:28,547.65,1,67631,50571,552.66,19923,-0.9047317470370035
2021-06-16 12:58:30,547.65,1,67630,50575,552.66,19923,-0.9047317470370035
2021-06-16 12:58:32,547.65,1,67630,50581,552.66,19923,-0.9047317470370035
2021-06-16 12:58:34,547.65,1,67631,50576,552.66,19923,-0.9047317470370035
2021-06-16 12:58:36,547.65,1,67632,50577,552.66,19923,-0.9047317470370035
2021-06-16 12:58:37,547.65,1,67624,50574,552.66,19923,-0.9047317470370035
2021-06-16 12:58:39,547.65,1,67624,50578,552.66,19923,-0.9047317470370035
2021-06-16 12:58:41,547.65,1,67624,50577,552.66,19923,-0.9047317470370035
2021-06-16 12:58:43,547.65,1,67624,50572,552.66,19923,-0.9047317470370035
2021-06-16 12:58:45,547.65,1,67624,50581,552.66,19923,-0.9047317470370035
2021-06-16 12:58:47,547.65,1,67624,50577,552.66,19923,-0.9047317470370035
2021-06-16 12:58:49,547.65,1,67623,50582,552.66,19923,-0.9047317470370035
2021-06-16 12:58:51,547.65,1,67624,50579,552.66,19923,-0.9047317470370035
2021-06-16 12:58:54,547.65,1,67624,50573,552.66,19923,-0.9047317470370035
2021-06-16 12:58:58,547.65,1,67623,50572,552.66,19923,-0.9047317470370035
2021-06-16 12:59:01,547.65,1,67622,50579,552.66,19923,-0.9047317470370035
2021-06-16 12:59:04,547.65,1,67623,50572,552.66,19923,-0.9047317470370035
2021-06-16 12:59:07,547.65,1,67633,50574,552.66,19923,-0.9047317470370035
2021-06-16 12:59:10,547.65,1,67633,50577,552.66,19923,-0.9047317470370035
2021-06-16 12:59:12,547.65,1,67633,50572,552.66,19923,-0.9047317470370035
2021-06-16 12:59:14,547.65,1,67633,50573,552.66,19923,-0.9047317470370035
2021-06-16 12:59:16,547.65,1,67634,50577,552.66,19923,-0.9047317470370035
2021-06-16 12:59:19,547.65,1,67623,50577,552.66,19923,-0.9047317470370035
2021-06-16 12:59:21,547.65,1,67623,50578,552.66,19923,-0.9047317470370035
2021-06-16 12:59:23,547.65,1,67623,50578,552.66,19923,-0.9047317470370035
2021-06-16 12:59:25,547.65,1,67622,50578,552.66,19923,-0.9047317470370035
2021-06-16 12:59:28,547.65,1,67623,50572,552.66,19923,-0.9047317470370035
2021-06-16 12:59:30,547.65,1,67624,50572,552.66,19923,-0.9047317470370035
2021-06-16 12:59:33,547.65,1,67624,50577,552.66,19923,-0.9047317470370035
2021-06-16 12:59:35,547.65,1,67624,50579,552.66,19923,-0.9047317470370035
2021-06-16 12:59:37,547.65,1,67624,50573,552.66,19923,-0.9047317470370035
2021-06-16 12:59:40,547.65,1,67624,50573,552.66,19923,-0.9047317470370035
2021-06-16 12:59:42,547.65,1,67624,50579,552.66,19923,-0.9047317470370035
2021-06-16 12:59:44,547.65,1,67624,50572,552.66,19923,-0.9047317470370035
2021-06-16 12:59:46,547.65,1,67624,50577,552.66,19923,-0.9047317470370035
2021-06-16 12:59:49,547.65,1,67624,50578,552.66,19923,-0.9047317470370035
2021-06-16 12:59:51,547.65,1,67624,50572,552.66,19923,-0.9047317470370035
2021-06-16 12:59:53,547.65,1,67624,50572,552.66,19923,-0.9047317470370035
2021-06-16 12:59:55,547.65,1,67624,50577,552.66,19923,-0.9047317470370035
2021-06-16 12:59:58,547.65,1,67623,50578,552.66,19923,-0.9047317470370035
2021-06-16 13:00:00,547.65,1,67624,50573,552.66,19923,-0.9047317470370035
2021-06-16 13:00:03,547.65,1,67628,50572,552.66,19923,-0.9047317470370035
2021-06-16 13:00:06,547.65,1,67628,50577,552.66,19923,-0.9047317470370035
2021-06-16 13:00:08,547.65,1,67624,50572,552.66,19923,-0.9047317470370035
2021-06-16 13:00:10,547.65,1,67628,50572,552.66,19923,-0.9047317470370035
2021-06-16 13:00:13,547.65,1,67628,50576,552.66,19923,-0.9047317470370035
2021-06-16 13:00:24,547.65,36,67622,50536,552.65,19959,-0.9047317470370035
2021-06-16 13:00:26,547.65,36,67622,50536,552.65,19959,-0.9047317470370035
2021-06-16 13:00:28,547.65,36,67626,50544,552.65,19959,-0.9047317470370035
2021-06-16 13:00:32,547.65,36,67623,50544,552.65,19959,-0.9047317470370035
2021-06-16 13:00:34,547.65,36,67627,50539,552.65,19959,-0.9047317470370035
2021-06-16 13:00:37,547.65,36,67623,50535,552.65,19959,-0.9047317470370035
2021-06-16 13:00:39,547.65,36,67627,50543,552.65,19959,-0.9047317470370035
2021-06-16 13:01:34,547.65,36,67627,50544,552.65,19959,-0.9047317470370035
2021-06-16 13:01:48,547.65,36,67577,50499,552.65,19959,-0.9047317470370035
2021-06-16 13:02:13,547.65,36,67477,50499,552.65,19959,-0.9047317470370035
2021-06-16 13:02:24,547.65,36,67473,50477,552.65,19959,-0.9047317470370035
2021-06-16 13:02:26,547.65,36,67473,50477,552.65,19959,-0.9047317470370035
2021-06-16 13:02:28,547.65,36,67473,50477,552.65,19959,-0.9047317470370035
2021-06-16 13:02:30,547.65,36,67473,50472,552.65,19959,-0.9047317470370035
2021-06-16 13:02:33,547.65,36,67473,50472,552.65,19959,-0.9047317470370035
2021-06-16 13:02:35,547.65,36,67473,50472,552.65,19959,-0.9047317470370035
2021-06-16 13:02:36,547.65,36,67483,50498,552.65,19959,-0.9047317470370035
2021-06-16 13:02:45,547.65,36,67483,50494,552.65,19959,-0.9047317470370035
2021-06-16 13:02:48,547.65,36,67483,50499,552.65,19959,-0.9047317470370035
2021-06-16 13:02:52,547.65,36,67483,50495,552.65,19959,-0.9047317470370035
2021-06-16 13:03:13,547.65,36,67484,50491,552.65,19959,-0.9047317470370035
2021-06-16 13:03:15,547.65,36,67484,50495,552.65,19959,-0.9047317470370035
2021-06-16 13:03:21,547.65,36,67480,50495,552.65,19959,-0.9047317470370035
2021-06-16 13:03:43,547.65,36,67480,50411,552.65,19959,-0.9047317470370035
2021-06-16 13:03:46,547.65,36,67480,50413,552.65,19959,-0.9047317470370035
2021-06-16 13:03:49,547.65,36,67383,50413,552.65,19959,-0.9047317470370035
2021-06-16 13:04:01,547.65,1,67383,50412,552.65,19960,-0.9047317470370035
2021-06-16 13:04:09,547.65,1,67387,50412,552.65,19960,-0.9047317470370035
2021-06-16 13:04:12,547.65,1,67383,50408,552.65,19960,-0.9047317470370035
2021-06-16 13:05:05,547.65,1,67384,50408,552.65,19960,-0.9047317470370035
2021-06-16 13:05:33,547.65,1,67486,50403,552.65,19960,-0.9047317470370035
2021-06-16 13:05:39,547.65,1,67486,50403,552.65,19960,-0.9047317470370035
2021-06-16 13:05:41,547.65,1,67486,50407,552.65,19960,-0.9047317470370035
2021-06-16 13:05:43,547.65,1,67486,50403,552.65,19960,-0.9047317470370035
2021-06-16 13:05:46,547.65,1,67486,50404,552.65,19960,-0.9047317470370035
2021-06-16 13:05:49,547.65,1,67486,50408,552.65,19960,-0.9047317470370035
2021-06-16 13:05:51,547.65,1,67487,50408,552.65,19960,-0.9047317470370035
2021-06-16 13:05:56,547.65,1,68086,50408,552.65,19960,-0.9047317470370035
2021-06-16 13:05:59,547.65,1,68086,50493,552.65,19960,-0.9047317470370035
2021-06-16 13:06:02,547.65,1,68086,50493,552.65,19960,-0.9047317470370035
2021-06-16 13:06:11,547.65,1,68080,50533,552.65,19960,-0.9047317470370035
2021-06-16 13:06:27,547.65,1,68084,50493,552.65,19960,-0.9047317470370035
2021-06-16 13:06:29,547.65,1,68084,50489,552.65,19960,-0.9047317470370035
2021-06-16 13:06:33,547.65,1,68084,50493,552.65,19960,-0.9047317470370035
2021-06-16 13:06:34,547.65,1,68084,50489,552.65,19960,-0.9047317470370035
2021-06-16 13:06:43,547.65,1,68085,50489,552.65,19960,-0.9047317470370035
2021-06-16 13:07:06,545.8,9,68085,50489,552.65,19960,-1.239482493440699
2021-06-16 13:07:07,545.8,9,68067,50458,552.64,20000,-1.239482493440699
2021-06-16 13:07:11,545.8,9,68066,50472,552.64,20000,-1.239482493440699
2021-06-16 13:07:15,545.8,9,68105,50531,552.64,20000,-1.239482493440699
2021-06-16 13:07:18,545.8,9,68106,50541,552.64,20000,-1.239482493440699
2021-06-16 13:07:21,545.8,9,68101,50562,552.64,20000,-1.239482493440699
2021-06-16 13:07:23,545.8,9,68106,50546,552.64,20000,-1.239482493440699
2021-06-16 13:07:25,545.8,9,68109,50535,552.64,20000,-1.239482493440699
2021-06-16 13:07:27,545.8,9,68109,50543,552.64,20000,-1.239482493440699
2021-06-16 13:07:30,545.8,9,68099,50566,552.64,20000,-1.239482493440699
2021-06-16 13:07:33,545.8,9,68103,50566,552.64,20000,-1.239482493440699
2021-06-16 13:07:48,545.8,9,68099,50548,552.64,20000,-1.239482493440699
2021-06-16 13:07:51,545.8,9,68099,50546,552.64,20000,-1.239482493440699
2021-06-16 13:07:54,545.8,9,68099,50559,552.64,20000,-1.239482493440699
2021-06-16 13:07:57,545.8,9,68099,50565,552.64,20000,-1.239482493440699
2021-06-16 13:08:00,545.8,9,68099,50565,552.64,20000,-1.239482493440699
2021-06-16 13:08:04,545.8,9,68103,50565,552.64,20000,-1.239482493440699
2021-06-16 13:08:10,545.8,9,68103,50573,552.64,20000,-1.239482493440699
2021-06-16 13:08:13,545.8,9,68103,50569,552.64,20000,-1.239482493440699
2021-06-16 13:08:16,545.8,9,68103,50569,552.64,20000,-1.239482493440699
2021-06-16 13:08:18,545.8,9,68103,50573,552.64,20000,-1.239482493440699
2021-06-16 13:08:22,545.8,9,68099,50573,552.64,20000,-1.239482493440699
2021-06-16 13:08:32,545.8,9,68103,50573,552.64,20000,-1.239482493440699
2021-06-16 13:08:34,545.8,9,68103,50569,552.64,20000,-1.239482493440699
2021-06-16 13:08:37,547.25,1,68103,50569,552.64,20000,-0.9771102867999597
2021-06-16 13:08:38,547.25,1,68112,50569,552.64,20001,-0.9771102867999597
2021-06-16 13:08:41,547.25,1,68112,50573,552.64,20001,-0.9771102867999597
2021-06-16 13:09:00,547.25,1,68112,50573,552.64,20001,-0.9771102867999597
2021-06-16 13:09:22,547.25,1,68112,50568,552.64,20001,-0.9771102867999597
2021-06-16 13:09:25,547.25,1,68108,50572,552.64,20001,-0.9771102867999597
2021-06-16 13:09:28,547.25,1,68112,50568,552.64,20001,-0.9771102867999597
2021-06-16 13:09:34,547.25,1,68112,50568,552.64,20001,-0.9771102867999597
2021-06-16 13:09:35,547.25,1,68160,50585,552.63,20002,-0.9771102867999597
2021-06-16 13:09:37,547.25,1,68160,50571,552.63,20002,-0.9771102867999597
2021-06-16 13:09:45,547.25,1,68160,50571,552.63,20002,-0.9771102867999597
2021-06-16 13:11:22,547.65,49,68121,50521,552.62,20051,-0.9047317470370035
2021-06-16 13:11:31,547.65,49,68117,50527,552.62,20051,-0.9047317470370035
2021-06-16 13:11:34,547.65,49,68117,50517,552.62,20051,-0.9047317470370035
2021-06-16 13:11:37,547.65,49,68117,50527,552.62,20051,-0.9047317470370035
2021-06-16 13:11:39,547.65,49,68121,50528,552.62,20051,-0.9047317470370035
2021-06-16 13:11:46,547.65,49,68121,50518,552.62,20051,-0.9047317470370035
2021-06-16 13:13:36,547.65,49,68121,50577,552.62,20051,-0.9047317470370035
2021-06-16 13:13:38,547.65,49,68117,50549,552.62,20051,-0.9047317470370035
2021-06-16 13:13:41,547.65,49,68117,50549,552.62,20051,-0.9047317470370035
2021-06-16 13:13:43,547.65,49,68108,50541,552.62,20051,-0.9047317470370035
2021-06-16 13:13:46,547.65,49,68108,50550,552.62,20051,-0.9047317470370035
2021-06-16 13:13:48,547.65,49,68108,50540,552.62,20051,-0.9047317470370035
2021-06-16 13:13:50,547.65,49,68108,50540,552.62,20051,-0.9047317470370035
2021-06-16 13:13:52,547.65,49,68112,50559,552.62,20051,-0.9047317470370035
2021-06-16 13:13:55,547.65,49,68108,50541,552.62,20051,-0.9047317470370035
2021-06-16 13:13:58,547.65,49,68108,50558,552.62,20051,-0.9047317470370035
2021-06-16 13:14:00,547.65,49,68108,50540,552.62,20051,-0.9047317470370035
2021-06-16 13:14:02,547.65,49,68108,50540,552.62,20051,-0.9047317470370035
2021-06-16 13:14:04,547.65,49,68108,50540,552.62,20051,-0.9047317470370035
2021-06-16 13:14:06,547.65,49,68108,50541,552.62,20051,-0.9047317470370035
2021-06-16 13:14:08,547.65,49,68108,50550,552.62,20051,-0.9047317470370035
2021-06-16 13:14:10,547.65,49,68108,50540,552.62,20051,-0.9047317470370035
2021-06-16 13:14:13,547.65,49,68108,50543,552.62,20051,-0.9047317470370035
2021-06-16 13:14:15,547.65,49,68107,50559,552.62,20051,-0.9047317470370035
2021-06-16 13:14:17,547.65,49,68108,50551,552.62,20051,-0.9047317470370035
2021-06-16 13:14:19,547.65,49,68108,50551,552.62,20051,-0.9047317470370035
2021-06-16 13:14:21,547.65,49,68112,50560,552.62,20051,-0.9047317470370035
2021-06-16 13:14:23,547.65,49,68111,50552,552.62,20051,-0.9047317470370035
2021-06-16 13:14:25,547.65,49,68107,50541,552.62,20051,-0.9047317470370035
2021-06-16 13:14:27,547.65,49,68107,50541,552.62,20051,-0.9047317470370035
2021-06-16 13:14:28,547.65,49,68108,50541,552.62,20051,-0.9047317470370035
2021-06-16 13:14:31,547.65,49,68108,50559,552.62,20051,-0.9047317470370035
2021-06-16 13:14:33,547.65,49,68108,50541,552.62,20051,-0.9047317470370035
2021-06-16 13:14:35,547.65,49,68108,50542,552.62,20051,-0.9047317470370035
2021-06-16 13:14:38,547.65,49,68108,50541,552.62,20051,-0.9047317470370035
2021-06-16 13:14:40,547.65,49,68108,50552,552.62,20051,-0.9047317470370035
2021-06-16 13:14:43,547.65,49,68108,50543,552.62,20051,-0.9047317470370035
2021-06-16 13:14:45,547.65,49,68112,50550,552.62,20051,-0.9047317470370035
2021-06-16 13:14:47,547.65,49,68112,50549,552.62,20051,-0.9047317470370035
2021-06-16 13:14:49,547.65,49,68112,50550,552.62,20051,-0.9047317470370035
2021-06-16 13:14:51,547.65,49,68108,50559,552.62,20051,-0.9047317470370035
2021-06-16 13:14:53,547.65,49,68108,50550,552.62,20051,-0.9047317470370035
2021-06-16 13:14:55,547.65,49,68108,50552,552.62,20051,-0.9047317470370035
2021-06-16 13:14:57,547.65,49,68108,50552,552.62,20051,-0.9047317470370035
2021-06-16 13:14:59,547.65,49,68108,50551,552.62,20051,-0.9047317470370035
2021-06-16 13:15:01,547.65,49,68108,50550,552.62,20051,-0.9047317470370035
2021-06-16 13:15:03,547.65,49,68108,50567,552.62,20051,-0.9047317470370035
2021-06-16 13:15:05,547.65,49,68108,50550,552.62,20051,-0.9047317470370035
2021-06-16 13:15:07,547.65,49,68108,50549,552.62,20051,-0.9047317470370035
2021-06-16 13:15:09,547.65,49,68108,50557,552.62,20051,-0.9047317470370035
2021-06-16 13:15:12,547.65,49,68108,50548,552.62,20051,-0.9047317470370035
2021-06-16 13:15:13,547.65,49,68108,50565,552.62,20051,-0.9047317470370035
2021-06-16 13:15:16,547.65,49,68108,50548,552.62,20051,-0.9047317470370035
2021-06-16 13:15:18,547.65,49,68108,50547,552.62,20051,-0.9047317470370035
2021-06-16 13:15:19,547.65,2,68108,50547,552.62,20051,-0.9047317470370035
2021-06-16 13:15:20,547.8,1,68108,50563,552.62,20053,-0.8775897946258976
2021-06-16 13:15:21,548.4,2,68108,50563,552.62,20053,-0.769021984981453
2021-06-16 13:15:22,548.4,2,68108,50557,552.62,20057,-0.769021984981453
2021-06-16 13:15:24,548.3,2,68108,50557,552.62,20057,-0.7871166199221972
2021-06-16 13:15:24,548.3,2,68107,50554,552.62,20059,-0.7871166199221972
2021-06-16 13:15:25,547.55,2,68107,50554,552.62,20059,-0.9228263819777478
2021-06-16 13:15:27,547.55,2,68101,50558,552.62,20061,-0.9228263819777478
2021-06-16 13:15:28,548.25,2,68101,50558,552.62,20061,-0.796163937392559
2021-06-16 13:15:29,548.25,2,68103,50556,552.62,20063,-0.796163937392559
2021-06-16 13:15:31,548.25,2,68106,50556,552.62,20063,-0.796163937392559
2021-06-16 13:15:38,548.25,2,68106,50556,552.62,20063,-0.796163937392559
2021-06-16 13:15:39,548.25,2,68095,50549,552.62,20065,-0.796163937392559
2021-06-16 13:15:42,548.25,2,68107,50531,552.62,20065,-0.796163937392559
2021-06-16 13:15:45,548.5,2,68106,50531,552.62,20065,-0.7509273500407089
2021-06-16 13:15:47,548.5,2,68117,50536,552.62,20067,-0.7509273500407089
2021-06-16 13:15:49,548.5,2,68117,50540,552.62,20067,-0.7509273500407089
2021-06-16 13:15:54,548.5,2,68117,50536,552.62,20067,-0.7509273500407089
2021-06-16 13:15:57,548.9,2,68117,50536,552.62,20067,-0.6785488102777527
2021-06-16 13:15:57,548.9,2,68106,50540,552.62,20069,-0.6785488102777527
2021-06-16 13:16:00,548.65,2,68106,50540,552.62,20069,-0.7237853976296028
2021-06-16 13:16:00,548.65,2,68106,50536,552.62,20071,-0.7237853976296028
2021-06-16 13:16:40,548.65,2,68106,50553,552.62,20071,-0.7237853976296028
2021-06-16 13:18:04,549.0,456,68106,50553,552.62,20071,-0.6604541753370085
2021-06-16 13:18:05,549.0,456,68152,50527,552.53,20571,-0.6604541753370085
2021-06-16 13:18:07,549.0,456,68156,50531,552.53,20571,-0.6604541753370085
2021-06-16 13:18:23,549.0,75,68207,50442,552.52,20646,-0.6604541753370085
2021-06-16 13:18:36,549.0,75,68217,50436,552.52,20646,-0.6604541753370085
2021-06-16 13:18:40,549.0,5,68217,50436,552.52,20646,-0.6604541753370085
2021-06-16 13:18:40,549.0,5,68236,50365,552.41,21268,-0.6604541753370085
2021-06-16 13:19:27,549.7,1,68236,50365,552.41,21268,-0.5337917307518197
2021-06-16 13:19:27,549.7,1,68220,50384,552.41,21273,-0.5337917307518197
2021-06-16 13:19:29,549.7,1,68220,50746,552.41,21273,-0.5337917307518197
2021-06-16 13:19:31,549.7,1,68224,50742,552.41,21273,-0.5337917307518197
2021-06-16 13:19:33,549.7,1,68220,50766,552.41,21273,-0.5337917307518197
2021-06-16 13:19:35,549.7,1,68220,50767,552.41,21273,-0.5337917307518197
2021-06-16 13:19:52,549.7,1,68224,50763,552.41,21273,-0.5337917307518197
2021-06-16 13:19:54,549.7,1,68224,50767,552.41,21273,-0.5337917307518197
2021-06-16 13:19:56,549.7,1,68220,50767,552.41,21273,-0.5337917307518197
2021-06-16 13:19:58,550.0,4,68220,50767,552.41,21273,-0.4795078259296078
2021-06-16 13:19:58,550.0,4,68229,50636,552.4,21386,-0.4795078259296078
2021-06-16 13:20:01,550.0,4,68234,50635,552.4,21386,-0.4795078259296078
2021-06-16 13:20:03,550.0,4,68234,50635,552.4,21386,-0.4795078259296078
2021-06-16 13:20:05,550.0,4,68256,50646,552.4,21386,-0.4795078259296078
2021-06-16 13:20:07,550.0,4,68251,50646,552.4,21386,-0.4795078259296078
2021-06-16 13:20:09,550.0,4,68249,50651,552.4,21386,-0.4795078259296078
2021-06-16 13:20:12,550.0,4,68255,50647,552.4,21386,-0.4795078259296078
2021-06-16 13:20:13,550.0,4,68263,50646,552.4,21386,-0.4795078259296078
2021-06-16 13:20:16,550.0,4,68252,50657,552.4,21386,-0.4795078259296078
2021-06-16 13:20:32,550.0,4,68152,50657,552.4,21386,-0.4795078259296078
2021-06-16 13:20:55,551.85,1,68152,50657,552.4,21386,-0.14475707952591235
2021-06-16 13:20:57,551.85,1,68252,50653,552.4,21387,-0.14475707952591235
2021-06-16 13:20:59,551.85,1,68252,50653,552.4,21387,-0.14475707952591235
2021-06-16 13:21:16,552.0,1,68222,50649,552.4,21397,-0.11761512711480634
2021-06-16 13:21:20,552.0,1,68222,50653,552.4,21397,-0.11761512711480634
2021-06-16 13:21:42,549.55,3,68222,50653,552.4,21397,-0.5609336831629463
2021-06-16 13:21:43,549.55,3,68213,50661,552.4,21410,-0.5609336831629463
2021-06-16 13:21:46,549.55,3,68217,50659,552.4,21410,-0.5609336831629463
2021-06-16 13:21:48,549.55,3,68217,50659,552.4,21410,-0.5609336831629463
2021-06-16 13:21:50,549.55,3,68255,50659,552.4,21410,-0.5609336831629463
2021-06-16 13:21:52,549.55,3,68259,50663,552.4,21410,-0.5609336831629463
2021-06-16 13:22:03,549.55,3,68255,50653,552.4,21410,-0.5609336831629463
2021-06-16 13:22:06,549.55,3,68259,50654,552.4,21410,-0.5609336831629463
2021-06-16 13:22:07,552.0,1,68259,50654,552.4,21410,-0.11761512711480634
2021-06-16 13:22:10,552.0,1,68258,50630,552.4,21447,-0.11761512711480634
2021-06-16 13:22:13,552.0,1,68258,50630,552.4,21447,-0.11761512711480634
2021-06-16 13:22:16,552.0,9,68258,50630,552.4,21447,-0.11761512711480634
2021-06-16 13:22:19,552.0,9,68254,50568,552.39,21533,-0.11761512711480634
2021-06-16 13:22:22,552.0,9,68254,50572,552.39,21533,-0.11761512711480634
2021-06-16 13:22:34,551.35,1,68258,50557,552.39,21534,-0.2352302542296127
2021-06-16 13:22:56,551.35,1,68168,50558,552.39,21534,-0.2352302542296127
2021-06-16 13:23:13,551.35,1,68167,50549,552.39,21534,-0.2352302542296127
2021-06-16 13:23:16,551.35,1,68167,50553,552.39,21534,-0.2352302542296127
2021-06-16 13:23:21,552.0,14,68167,50553,552.39,21534,-0.11761512711480634
2021-06-16 13:23:22,552.0,14,68115,50561,552.39,21548,-0.11761512711480634
2021-06-16 13:23:24,552.0,14,68117,50601,552.39,21548,-0.11761512711480634
2021-06-16 13:23:45,552.0,14,68248,50581,552.39,21548,-0.11761512711480634
2021-06-16 13:23:58,552.0,14,68255,50579,552.39,21548,-0.11761512711480634
2021-06-16 13:24:47,552.0,14,68255,50588,552.39,21548,-0.11761512711480634
2021-06-16 13:24:50,552.0,14,68255,50578,552.39,21548,-0.11761512711480634
2021-06-16 13:24:55,552.0,14,68255,50586,552.39,21548,-0.11761512711480634
2021-06-16 13:25:03,552.0,14,68255,50590,552.39,21548,-0.11761512711480634
2021-06-16 13:25:06,552.0,14,68255,50586,552.39,21548,-0.11761512711480634
2021-06-16 13:25:09,552.0,14,68255,50590,552.39,21548,-0.11761512711480634
2021-06-16 13:25:12,552.0,14,68255,50586,552.39,21548,-0.11761512711480634
2021-06-16 13:25:13,552.0,14,68255,50590,552.39,21548,-0.11761512711480634
2021-06-16 13:25:15,552.0,14,68255,50586,552.39,21548,-0.11761512711480634
2021-06-16 13:25:31,552.0,14,68261,50586,552.39,21548,-0.11761512711480634
2021-06-16 13:25:33,552.0,14,68261,50590,552.39,21548,-0.11761512711480634
2021-06-16 13:25:34,552.0,14,68261,50586,552.39,21548,-0.11761512711480634
2021-06-16 13:25:36,552.0,14,68261,50590,552.39,21548,-0.11761512711480634
2021-06-16 13:25:37,552.0,4,68261,50590,552.39,21548,-0.11761512711480634
2021-06-16 13:25:39,552.0,4,68250,50508,552.39,21631,-0.11761512711480634
2021-06-16 13:25:42,551.15,1,68250,50508,552.39,21631,-0.2714195241111011
2021-06-16 13:25:43,551.15,1,68250,50509,552.39,21633,-0.2714195241111011
2021-06-16 13:25:45,551.15,1,68252,50510,552.39,21633,-0.2714195241111011
2021-06-16 13:25:48,551.15,1,68250,50510,552.39,21633,-0.2714195241111011
2021-06-16 13:25:51,551.15,1,68254,50510,552.39,21633,-0.2714195241111011
2021-06-16 13:26:00,551.15,1,68258,50610,552.39,21633,-0.2714195241111011
2021-06-16 13:26:03,551.15,1,68258,50614,552.39,21633,-0.2714195241111011
2021-06-16 13:26:07,551.15,1,68258,50614,552.39,21633,-0.2714195241111011
2021-06-16 13:26:12,550.75,110,68258,50614,552.39,21633,-0.34379806387405726
2021-06-16 13:26:13,550.75,110,68242,50708,552.38,21764,-0.34379806387405726
2021-06-16 13:26:16,550.75,110,68242,50718,552.38,21764,-0.34379806387405726
2021-06-16 13:26:25,550.75,19,68242,50718,552.38,21764,-0.34379806387405726
2021-06-16 13:26:25,550.75,19,68237,50718,552.38,21864,-0.34379806387405726
2021-06-16 13:26:28,550.75,19,68231,50718,552.38,21864,-0.34379806387405726
2021-06-16 13:26:34,551.0,3,68231,50718,552.38,21864,-0.29856147652220705
2021-06-16 13:26:35,551.0,3,68234,50623,552.37,21971,-0.29856147652220705
2021-06-16 13:26:37,551.0,3,68180,50567,552.37,21971,-0.29856147652220705
2021-06-16 13:26:40,551.0,3,68184,50567,552.37,21971,-0.29856147652220705
2021-06-16 13:26:43,551.0,3,68180,50567,552.37,21971,-0.29856147652220705
2021-06-16 13:26:46,551.0,3,68185,50590,552.37,21971,-0.29856147652220705
2021-06-16 13:26:49,551.0,3,68189,50594,552.37,21971,-0.29856147652220705
2021-06-16 13:26:51,551.0,3,68189,50589,552.37,21971,-0.29856147652220705
2021-06-16 13:26:57,551.0,3,68189,50589,552.37,21971,-0.29856147652220705
2021-06-16 13:27:01,551.0,3,68188,50594,552.37,21971,-0.29856147652220705
2021-06-16 13:27:53,551.0,3,68187,50593,552.37,21971,-0.29856147652220705
2021-06-16 13:28:01,551.0,4,68187,50593,552.37,21971,-0.29856147652220705
2021-06-16 13:28:04,551.0,4,68187,50574,552.37,21981,-0.29856147652220705
2021-06-16 13:28:14,551.0,4,68188,50574,552.37,21981,-0.29856147652220705
2021-06-16 13:28:31,551.0,1,68188,50574,552.37,21981,-0.29856147652220705
2021-06-16 13:28:31,551.0,1,68183,50552,552.37,21986,-0.29856147652220705
2021-06-16 13:28:36,551.2,4,68183,50552,552.37,21986,-0.2623722066407187
2021-06-16 13:28:38,551.2,4,68212,50605,552.37,21995,-0.2623722066407187
2021-06-16 13:28:40,551.2,4,68211,50606,552.37,21995,-0.2623722066407187
2021-06-16 13:28:43,551.2,4,68220,50609,552.37,21995,-0.2623722066407187
2021-06-16 13:28:50,551.2,4,68220,50616,552.37,21995,-0.2623722066407187
2021-06-16 13:29:53,552.55,4,68220,50616,552.37,21995,-0.018094634940744186
2021-06-16 13:29:54,552.55,4,68218,50611,552.37,22000,-0.018094634940744186
2021-06-16 13:29:55,552.55,4,68216,50611,552.37,22000,-0.018094634940744186
2021-06-16 13:29:57,552.55,4,68222,50611,552.37,22000,-0.018094634940744186
2021-06-16 13:29:59,552.5,29,68222,50611,552.37,22000,-0.027141952411105993
2021-06-16 13:30:00,552.5,29,68218,50606,552.37,22030,-0.027141952411105993
2021-06-16 13:30:01,551.2,10,68215,50606,552.37,22030,-0.2623722066407187
2021-06-16 13:30:06,551.2,10,68222,50609,552.37,22050,-0.2623722066407187
2021-06-16 13:30:15,551.2,10,68219,50606,552.37,22050,-0.2623722066407187
2021-06-16 13:30:16,551.2,10,68223,50606,552.37,22050,-0.2623722066407187
2021-06-16 13:30:18,551.2,10,68219,50606,552.37,22050,-0.2623722066407187
2021-06-16 13:30:20,551.2,10,68219,50606,552.37,22050,-0.2623722066407187
2021-06-16 13:30:22,551.2,10,68219,50607,552.37,22050,-0.2623722066407187
2021-06-16 13:30:25,551.2,10,68219,50606,552.37,22050,-0.2623722066407187
2021-06-16 13:30:27,551.2,10,68219,50606,552.37,22050,-0.2623722066407187
2021-06-16 13:30:29,551.2,10,68227,50610,552.37,22050,-0.2623722066407187
2021-06-16 13:30:31,551.2,10,68324,50610,552.37,22050,-0.2623722066407187
2021-06-16 13:30:48,551.2,10,68325,50601,552.37,22050,-0.2623722066407187
2021-06-16 13:31:06,551.2,10,68323,50601,552.37,22050,-0.2623722066407187
2021-06-16 13:31:27,551.2,10,68323,50610,552.37,22050,-0.2623722066407187
2021-06-16 13:32:24,551.2,10,68341,50610,552.37,22050,-0.2623722066407187
2021-06-16 13:32:26,551.2,10,68341,50614,552.37,22050,-0.2623722066407187
2021-06-16 13:32:44,551.2,10,68343,50610,552.37,22050,-0.2623722066407187
2021-06-16 13:32:48,551.2,10,68343,50610,552.37,22050,-0.2623722066407187
2021-06-16 13:32:51,551.2,10,68342,50614,552.37,22050,-0.2623722066407187
2021-06-16 13:33:09,551.2,10,68342,50596,552.37,22050,-0.2623722066407187
2021-06-16 13:33:28,552.0,5,68342,50596,552.37,22050,-0.11761512711480634
2021-06-16 13:33:30,552.0,5,68339,50605,552.37,22060,-0.11761512711480634
2021-06-16 13:34:01,552.0,5,68336,50605,552.37,22060,-0.11761512711480634
2021-06-16 13:34:05,552.0,5,68337,50605,552.37,22060,-0.11761512711480634
2021-06-16 13:34:26,552.0,5,67837,50605,552.37,22060,-0.11761512711480634
2021-06-16 13:35:17,552.0,5,67837,50605,552.37,22060,-0.11761512711480634
2021-06-16 13:35:23,552.0,5,67833,50605,552.37,22060,-0.11761512711480634
2021-06-16 13:35:26,552.0,5,67838,50605,552.37,22060,-0.11761512711480634
2021-06-16 13:35:42,552.0,7,67838,50605,552.37,22060,-0.11761512711480634
2021-06-16 13:35:42,552.0,7,67832,50603,552.37,22067,-0.11761512711480634
2021-06-16 13:35:50,552.0,7,67832,50605,552.37,22067,-0.11761512711480634
2021-06-16 13:35:53,552.0,7,67832,50604,552.37,22067,-0.11761512711480634
2021-06-16 13:36:03,551.75,4,67832,50604,552.37,22067,-0.16285171446665653
2021-06-16 13:36:04,551.75,4,67817,50787,552.37,22080,-0.16285171446665653
2021-06-16 13:36:06,551.75,4,67818,50793,552.37,22080,-0.16285171446665653
2021-06-16 13:36:18,551.75,4,67823,50793,552.37,22080,-0.16285171446665653
2021-06-16 13:36:20,551.65,2,67824,50788,552.37,22082,-0.1809463494074007
2021-06-16 13:36:27,551.65,2,67824,50796,552.37,22082,-0.1809463494074007
2021-06-16 13:36:34,552.0,35,67824,50796,552.37,22082,-0.11761512711480634
2021-06-16 13:36:36,552.0,35,67854,50607,552.36,22326,-0.11761512711480634
2021-06-16 13:36:39,552.0,35,67851,50611,552.36,22326,-0.11761512711480634
2021-06-16 13:36:43,552.0,35,67851,50611,552.36,22326,-0.11761512711480634
2021-06-16 13:36:46,552.0,35,67855,50611,552.36,22326,-0.11761512711480634
2021-06-16 13:36:54,552.0,35,67855,50611,552.36,22326,-0.11761512711480634
2021-06-16 13:36:58,552.0,35,67851,50611,552.36,22326,-0.11761512711480634
2021-06-16 13:37:00,552.0,35,67855,50611,552.36,22326,-0.11761512711480634
2021-06-16 13:37:05,552.0,35,67873,50603,552.36,22326,-0.11761512711480634
2021-06-16 13:38:03,552.0,35,67873,50603,552.36,22326,-0.11761512711480634
2021-06-16 13:38:16,553.1,1,67869,50601,552.36,22328,0.08142585723333855
2021-06-16 13:38:19,553.1,1,67869,50601,552.36,22328,0.08142585723333855
2021-06-16 13:38:45,553.1,1,67874,50611,552.36,22328,0.08142585723333855
2021-06-16 13:39:05,553.1,1,67874,50612,552.36,22328,0.08142585723333855
2021-06-16 13:39:07,553.1,1,67874,50612,552.36,22328,0.08142585723333855
2021-06-16 13:39:18,553.1,1,67873,50612,552.36,22328,0.08142585723333855
2021-06-16 13:39:39,553.1,1,67868,50612,552.36,22328,0.08142585723333855
2021-06-16 13:39:41,550.75,329,67868,50612,552.36,22328,-0.34379806387405726
2021-06-16 13:39:43,550.75,329,67835,50618,552.33,22828,-0.34379806387405726
2021-06-16 13:39:47,550.75,329,67837,50611,552.33,22828,-0.34379806387405726
2021-06-16 13:39:50,550.75,329,67834,50615,552.33,22828,-0.34379806387405726
2021-06-16 13:39:52,550.75,329,67933,50611,552.33,22828,-0.34379806387405726
2021-06-16 13:39:54,550.75,329,67930,50616,552.33,22828,-0.34379806387405726
2021-06-16 13:41:12,550.75,329,67938,50618,552.33,22828,-0.34379806387405726
2021-06-16 13:41:15,550.75,329,67937,50609,552.33,22828,-0.34379806387405726
2021-06-16 13:41:49,550.75,329,67937,50619,552.33,22828,-0.34379806387405726
2021-06-16 13:41:52,550.75,329,67934,50616,552.33,22828,-0.34379806387405726
2021-06-16 13:41:56,550.75,329,67937,50619,552.33,22828,-0.34379806387405726
2021-06-16 13:42:00,550.75,329,67937,50618,552.33,22828,-0.34379806387405726
2021-06-16 13:42:05,550.75,329,67937,50619,552.33,22828,-0.34379806387405726
2021-06-16 13:43:03,550.75,329,67937,50856,552.33,22828,-0.34379806387405726
2021-06-16 13:43:05,550.75,329,67943,50852,552.33,22828,-0.34379806387405726
2021-06-16 13:43:08,550.75,329,67939,50847,552.33,22828,-0.34379806387405726
2021-06-16 13:43:11,550.75,329,67936,50847,552.33,22828,-0.34379806387405726
2021-06-16 13:43:34,550.75,329,67936,50836,552.33,22828,-0.34379806387405726
2021-06-16 13:43:39,550.75,329,67986,50836,552.33,22828,-0.34379806387405726
2021-06-16 13:43:56,550.75,329,68021,50836,552.33,22828,-0.34379806387405726
2021-06-16 13:44:06,550.75,329,68028,50842,552.33,22828,-0.34379806387405726
2021-06-16 13:44:08,550.75,329,68028,50840,552.33,22828,-0.34379806387405726
2021-06-16 13:44:10,550.75,329,68032,50840,552.33,22828,-0.34379806387405726
2021-06-16 13:44:13,550.75,329,68032,50836,552.33,22828,-0.34379806387405726
2021-06-16 13:44:16,550.75,329,68028,50840,552.33,22828,-0.34379806387405726
2021-06-16 13:44:19,550.75,329,68034,50841,552.33,22828,-0.34379806387405726
2021-06-16 13:44:22,550.75,329,68034,50836,552.33,22828,-0.34379806387405726
2021-06-16 13:44:33,550.75,329,68034,50830,552.33,22828,-0.34379806387405726
2021-06-16 13:44:40,550.75,329,68033,50830,552.33,22828,-0.34379806387405726
2021-06-16 13:44:44,550.75,329,68033,50839,552.33,22828,-0.34379806387405726
2021-06-16 13:45:06,550.75,329,68042,50831,552.33,22828,-0.34379806387405726
2021-06-16 13:45:13,550.75,329,68042,50836,552.33,22828,-0.34379806387405726
2021-06-16 13:45:16,550.75,329,68042,50840,552.33,22828,-0.34379806387405726
2021-06-16 13:45:25,550.75,329,68041,50836,552.33,22828,-0.34379806387405726
2021-06-16 13:45:29,550.75,329,68024,50815,552.33,22828,-0.34379806387405726
2021-06-16 13:46:01,550.75,67,68024,50815,552.33,22828,-0.34379806387405726
2021-06-16 13:46:03,550.75,67,67952,50817,552.33,22901,-0.34379806387405726
2021-06-16 13:46:05,550.75,67,67957,50818,552.33,22901,-0.34379806387405726
2021-06-16 13:46:18,550.75,67,67957,50818,552.33,22901,-0.34379806387405726
2021-06-16 13:46:28,550.75,67,67957,50818,552.33,22901,-0.34379806387405726
2021-06-16 13:46:31,550.75,67,67958,50817,552.33,22901,-0.34379806387405726
2021-06-16 13:46:50,550.75,67,67957,50817,552.33,22901,-0.34379806387405726
2021-06-16 13:46:53,550.75,67,67957,50817,552.33,22901,-0.34379806387405726
2021-06-16 13:46:55,550.75,67,67958,50818,552.33,22901,-0.34379806387405726
2021-06-16 13:46:58,550.75,67,67958,50818,552.33,22901,-0.34379806387405726
2021-06-16 13:47:00,550.75,67,67958,50818,552.33,22901,-0.34379806387405726
2021-06-16 13:47:03,550.75,67,67958,50818,552.33,22901,-0.34379806387405726
2021-06-16 13:47:05,550.75,67,67958,50817,552.33,22901,-0.34379806387405726
2021-06-16 13:47:36,550.75,67,67957,50817,552.33,22901,-0.34379806387405726
2021-06-16 13:47:39,550.75,67,67958,50817,552.33,22901,-0.34379806387405726
2021-06-16 13:47:41,550.75,67,67959,50817,552.33,22901,-0.34379806387405726
2021-06-16 13:47:45,550.75,67,67959,50818,552.33,22901,-0.34379806387405726
2021-06-16 13:47:48,550.75,67,67959,50818,552.33,22901,-0.34379806387405726
2021-06-16 13:47:51,550.75,67,67959,50818,552.33,22901,-0.34379806387405726
2021-06-16 13:47:53,550.75,67,67958,50818,552.33,22901,-0.34379806387405726
2021-06-16 13:47:55,550.75,67,67959,50818,552.33,22901,-0.34379806387405726
2021-06-16 13:47:58,550.75,67,67559,50818,552.33,22901,-0.34379806387405726
2021-06-16 13:48:02,550.75,67,67558,50819,552.33,22901,-0.34379806387405726
2021-06-16 13:48:04,550.75,67,67558,50818,552.33,22901,-0.34379806387405726
2021-06-16 13:48:06,550.75,67,67558,50818,552.33,22901,-0.34379806387405726
2021-06-16 13:48:08,550.75,67,67558,50818,552.33,22901,-0.34379806387405726
2021-06-16 13:48:10,550.75,67,67558,50818,552.33,22901,-0.34379806387405726
2021-06-16 13:48:12,550.75,67,67558,50818,552.33,22901,-0.34379806387405726
2021-06-16 13:48:14,550.75,67,67558,50818,552.33,22901,-0.34379806387405726
2021-06-16 13:48:19,550.75,67,67558,50819,552.33,22901,-0.34379806387405726
2021-06-16 13:48:21,550.75,67,67558,50818,552.33,22901,-0.34379806387405726
2021-06-16 13:48:24,550.75,67,67558,50818,552.33,22901,-0.34379806387405726
2021-06-16 13:48:33,550.75,67,67558,50820,552.33,22901,-0.34379806387405726
2021-06-16 13:48:36,550.75,67,67560,50820,552.33,22901,-0.34379806387405726
2021-06-16 13:48:38,550.75,67,67558,50829,552.33,22901,-0.34379806387405726
2021-06-16 13:48:41,550.75,67,67558,50829,552.33,22901,-0.34379806387405726
2021-06-16 13:48:43,550.75,67,67558,50829,552.33,22901,-0.34379806387405726
2021-06-16 13:48:45,550.75,67,67559,50829,552.33,22901,-0.34379806387405726
2021-06-16 13:48:47,550.75,67,67559,50827,552.33,22901,-0.34379806387405726
2021-06-16 13:48:50,550.75,67,67559,50827,552.33,22901,-0.34379806387405726
2021-06-16 13:48:52,550.75,67,67559,50827,552.33,22901,-0.34379806387405726
2021-06-16 13:48:55,550.75,67,67559,50829,552.33,22901,-0.34379806387405726
2021-06-16 13:49:00,550.75,67,67559,50825,552.33,22901,-0.34379806387405726
2021-06-16 13:49:03,550.75,67,67559,50825,552.33,22901,-0.34379806387405726
2021-06-16 13:49:10,550.75,67,67559,50825,552.33,22901,-0.34379806387405726
2021-06-16 13:49:12,550.75,67,67559,50825,552.33,22901,-0.34379806387405726
2021-06-16 13:49:14,550.75,67,67559,50825,552.33,22901,-0.34379806387405726
2021-06-16 13:49:16,550.75,67,67559,50825,552.33,22901,-0.34379806387405726
2021-06-16 13:49:18,550.75,67,67559,50829,552.33,22901,-0.34379806387405726
2021-06-16 13:49:23,551.85,1,67559,50829,552.33,22901,-0.14475707952591235
2021-06-16 13:49:25,551.85,1,67552,50828,552.33,22903,-0.14475707952591235
2021-06-16 13:49:28,551.85,1,67552,50827,552.33,22903,-0.14475707952591235
2021-06-16 13:49:31,551.85,1,67549,50827,552.33,22903,-0.14475707952591235
2021-06-16 13:49:34,551.85,1,67546,50829,552.33,22903,-0.14475707952591235
2021-06-16 13:50:04,551.85,1,67555,50829,552.33,22903,-0.14475707952591235
2021-06-16 13:50:21,551.85,1,67555,50829,552.33,22903,-0.14475707952591235
2021-06-16 13:50:44,551.85,1,67551,50828,552.33,22903,-0.14475707952591235
2021-06-16 13:50:47,551.85,1,67555,50829,552.33,22903,-0.14475707952591235
2021-06-16 13:51:25,552.25,160,67532,50813,552.33,23103,-0.07237853976295618
2021-06-16 13:51:27,552.25,160,67531,50831,552.33,23103,-0.07237853976295618
2021-06-16 13:52:51,552.25,160,67528,50852,552.33,23103,-0.07237853976295618
2021-06-16 13:53:06,552.25,160,67524,50856,552.33,23103,-0.07237853976295618
2021-06-16 13:53:15,552.4,10,67524,50856,552.33,23103,-0.045236587351850176
2021-06-16 13:53:15,552.4,10,67520,50840,552.33,23113,-0.045236587351850176
2021-06-16 13:53:18,552.4,10,67520,50840,552.33,23113,-0.045236587351850176
2021-06-16 13:53:19,552.4,10,67520,50844,552.33,23113,-0.045236587351850176
2021-06-16 13:53:22,552.4,10,67520,50844,552.33,23113,-0.045236587351850176
2021-06-16 13:53:24,552.4,10,67520,50840,552.33,23113,-0.045236587351850176
2021-06-16 13:53:27,552.4,10,67520,50845,552.33,23113,-0.045236587351850176
2021-06-16 13:53:29,552.4,10,67520,50841,552.33,23113,-0.045236587351850176
2021-06-16 13:53:31,552.4,10,67520,50842,552.33,23113,-0.045236587351850176
2021-06-16 13:53:33,552.4,10,67520,50842,552.33,23113,-0.045236587351850176
2021-06-16 13:53:35,552.4,10,67520,50842,552.33,23113,-0.045236587351850176
2021-06-16 13:53:38,552.4,10,67520,50842,552.33,23113,-0.045236587351850176
2021-06-16 13:53:40,552.4,10,67520,50842,552.33,23113,-0.045236587351850176
2021-06-16 13:53:43,552.4,10,67520,50844,552.33,23113,-0.045236587351850176
2021-06-16 13:53:45,552.4,10,67520,50844,552.33,23113,-0.045236587351850176
2021-06-16 13:53:46,552.4,10,67520,50844,552.33,23113,-0.045236587351850176
2021-06-16 13:53:49,552.4,10,67520,50844,552.33,23113,-0.045236587351850176
2021-06-16 13:53:51,552.4,10,67510,50844,552.33,23113,-0.045236587351850176
2021-06-16 13:53:52,552.4,10,67510,50845,552.33,23113,-0.045236587351850176
2021-06-16 13:53:55,552.4,10,67510,50844,552.33,23113,-0.045236587351850176
2021-06-16 13:53:57,552.4,10,67520,50844,552.33,23113,-0.045236587351850176
2021-06-16 13:53:58,552.4,10,67520,50844,552.33,23113,-0.045236587351850176
2021-06-16 13:54:00,552.4,10,67520,50845,552.33,23113,-0.045236587351850176
2021-06-16 13:54:03,552.4,10,67520,50844,552.33,23113,-0.045236587351850176
2021-06-16 13:54:07,552.4,10,67520,50844,552.33,23113,-0.045236587351850176
2021-06-16 13:54:09,552.4,10,67520,50844,552.33,23113,-0.045236587351850176
2021-06-16 13:54:11,552.4,10,67520,50844,552.33,23113,-0.045236587351850176
2021-06-16 13:54:13,552.4,10,67517,50844,552.33,23113,-0.045236587351850176
2021-06-16 13:54:15,552.4,10,67526,50844,552.33,23113,-0.045236587351850176
2021-06-16 13:54:17,552.4,10,67521,50843,552.33,23113,-0.045236587351850176
2021-06-16 13:54:50,552.4,10,66720,50843,552.33,23113,-0.045236587351850176
2021-06-16 13:55:28,552.4,10,66730,50848,552.33,23113,-0.045236587351850176
2021-06-16 13:55:30,552.4,10,66729,50847,552.33,23113,-0.045236587351850176
2021-06-16 13:55:32,552.4,10,66732,50848,552.33,23113,-0.045236587351850176
2021-06-16 13:55:34,552.4,10,66722,50843,552.33,23113,-0.045236587351850176
2021-06-16 13:55:36,552.4,10,66726,50846,552.33,23113,-0.045236587351850176
2021-06-16 13:55:40,552.4,10,66722,50843,552.33,23113,-0.045236587351850176
2021-06-16 13:55:41,550.75,66,66722,50843,552.33,23113,-0.34379806387405726
2021-06-16 13:55:43,550.75,66,66727,50744,552.32,23213,-0.34379806387405726
2021-06-16 13:55:45,550.75,66,66714,50736,552.32,23213,-0.34379806387405726
2021-06-16 13:55:48,550.75,66,66718,50741,552.32,23213,-0.34379806387405726
2021-06-16 13:55:51,550.75,66,66718,50641,552.32,23213,-0.34379806387405726
2021-06-16 13:55:54,550.75,66,66727,50641,552.32,23213,-0.34379806387405726
2021-06-16 13:56:03,550.75,94,66727,50641,552.32,23213,-0.34379806387405726
2021-06-16 13:56:04,550.75,94,66792,50529,552.31,23313,-0.34379806387405726
2021-06-16 13:56:25,550.75,94,66792,50528,552.31,23313,-0.34379806387405726
2021-06-16 13:56:29,550.75,94,66793,50537,552.31,23313,-0.34379806387405726
2021-06-16 13:56:43,550.75,94,66893,50537,552.31,23313,-0.34379806387405726
2021-06-16 13:56:50,550.75,94,66895,50541,552.31,23313,-0.34379806387405726
2021-06-16 13:56:54,550.75,94,66893,50537,552.31,23313,-0.34379806387405726
2021-06-16 13:56:56,550.75,94,66893,50538,552.31,23313,-0.34379806387405726
2021-06-16 13:56:59,550.75,94,66893,50541,552.31,23313,-0.34379806387405726
2021-06-16 13:57:09,550.75,94,66849,50541,552.31,23313,-0.34379806387405726
2021-06-16 13:57:16,550.75,94,66850,50538,552.31,23313,-0.34379806387405726
2021-06-16 13:57:58,550.75,94,66846,50535,552.31,23313,-0.34379806387405726
2021-06-16 13:58:03,550.75,94,66849,50535,552.31,23313,-0.34379806387405726
2021-06-16 13:58:18,550.75,94,66849,50535,552.31,23313,-0.34379806387405726
2021-06-16 13:58:21,550.75,94,66850,50535,552.31,23313,-0.34379806387405726
2021-06-16 13:58:24,550.75,94,66850,50535,552.31,23313,-0.34379806387405726
2021-06-16 13:58:27,550.75,94,66850,50535,552.31,23313,-0.34379806387405726
2021-06-16 13:58:32,550.75,94,66850,50535,552.31,23313,-0.34379806387405726
2021-06-16 13:58:34,550.75,94,66849,50536,552.31,23313,-0.34379806387405726
2021-06-16 13:58:36,550.75,94,66849,50540,552.31,23313,-0.34379806387405726
2021-06-16 13:58:40,550.75,94,66849,50538,552.31,23313,-0.34379806387405726
2021-06-16 13:58:49,550.75,94,66849,50521,552.31,23313,-0.34379806387405726
2021-06-16 13:59:13,550.75,94,66849,50518,552.31,23313,-0.34379806387405726
2021-06-16 13:59:21,550.75,94,66849,50520,552.31,23313,-0.34379806387405726
2021-06-16 13:59:24,550.75,94,66849,50526,552.31,23313,-0.34379806387405726
2021-06-16 13:59:26,550.75,94,66848,50536,552.31,23313,-0.34379806387405726
2021-06-16 13:59:28,550.75,94,66848,50538,552.31,23313,-0.34379806387405726
2021-06-16 13:59:30,550.75,94,66839,50540,552.31,23313,-0.34379806387405726
2021-06-16 13:59:33,550.75,94,66840,50543,552.31,23313,-0.34379806387405726
2021-06-16 13:59:35,550.75,94,66844,50545,552.31,23313,-0.34379806387405726
2021-06-16 13:59:38,550.75,94,66844,50550,552.31,23313,-0.34379806387405726
2021-06-16 13:59:40,550.75,94,66836,50551,552.31,23313,-0.34379806387405726
2021-06-16 13:59:43,550.75,94,66837,50553,552.31,23313,-0.34379806387405726
2021-06-16 13:59:45,550.75,94,66838,50554,552.31,23313,-0.34379806387405726
2021-06-16 13:59:48,550.75,94,66838,50555,552.31,23313,-0.34379806387405726
2021-06-16 13:59:51,550.75,94,66838,50557,552.31,23313,-0.34379806387405726
2021-06-16 13:59:52,550.75,6,66838,50557,552.31,23313,-0.34379806387405726
2021-06-16 13:59:53,550.75,6,66822,50558,552.31,23393,-0.34379806387405726
2021-06-16 13:59:55,550.75,6,66814,50568,552.31,23393,-0.34379806387405726
2021-06-16 14:00:00,550.75,1,66814,50568,552.31,23393,-0.34379806387405726
2021-06-16 14:00:01,550.75,1,66815,50588,552.31,23394,-0.34379806387405726
2021-06-16 14:00:09,550.75,1,66815,50588,552.31,23394,-0.34379806387405726
2021-06-16 14:00:09,550.75,1,66812,50588,552.31,23397,-0.34379806387405726
2021-06-16 14:00:10,550.75,1,66812,50588,552.31,23397,-0.34379806387405726
2021-06-16 14:00:11,550.75,1,66812,50588,552.31,23397,-0.34379806387405726
2021-06-16 14:00:12,550.75,1,66810,50588,552.31,23399,-0.34379806387405726
2021-06-16 14:00:14,550.75,1,66810,50589,552.31,23399,-0.34379806387405726
2021-06-16 14:00:16,550.75,1,66810,50617,552.31,23399,-0.34379806387405726
2021-06-16 14:00:18,551.0,4,66810,50617,552.31,23399,-0.29856147652220705
2021-06-16 14:00:19,551.0,4,66820,50583,552.31,23403,-0.29856147652220705
2021-06-16 14:00:22,551.0,4,66824,50584,552.31,23403,-0.29856147652220705
2021-06-16 14:00:25,551.0,4,66824,50585,552.31,23403,-0.29856147652220705
2021-06-16 14:00:27,551.0,4,66824,50582,552.31,23403,-0.29856147652220705
2021-06-16 14:00:30,551.0,4,66824,50560,552.31,23403,-0.29856147652220705
2021-06-16 14:00:30,550.75,74,66824,50560,552.31,23403,-0.34379806387405726
2021-06-16 14:00:33,550.75,74,66806,50564,552.3,23477,-0.34379806387405726
2021-06-16 14:00:37,550.9,1,66805,50564,552.3,23477,-0.31665611146295125
2021-06-16 14:00:40,550.9,1,66806,50561,552.3,23480,-0.31665611146295125
2021-06-16 14:00:43,550.9,1,66806,50562,552.3,23480,-0.31665611146295125
2021-06-16 14:00:45,550.9,1,66806,50564,552.3,23480,-0.31665611146295125
2021-06-16 14:00:49,550.9,1,66806,50564,552.3,23480,-0.31665611146295125
2021-06-16 14:00:51,550.9,1,66806,50558,552.3,23483,-0.31665611146295125
2021-06-16 14:00:54,550.9,1,66806,50564,552.3,23483,-0.31665611146295125
2021-06-16 14:00:57,550.75,1,66806,50564,552.3,23483,-0.34379806387405726
2021-06-16 14:01:00,550.75,1,66800,50564,552.3,23484,-0.34379806387405726
2021-06-16 14:01:03,550.75,1,66805,50564,552.3,23484,-0.34379806387405726
2021-06-16 14:01:05,550.8,1,66805,50564,552.3,23484,-0.33475074640369545
2021-06-16 14:01:07,551.65,1,66805,50564,552.3,23484,-0.1809463494074007
2021-06-16 14:01:08,551.65,1,66598,50534,552.3,23502,-0.1809463494074007
2021-06-16 14:01:11,551.65,1,66596,50529,552.3,23502,-0.1809463494074007
2021-06-16 14:01:14,551.65,1,66596,50546,552.3,23502,-0.1809463494074007
2021-06-16 14:01:15,551.2,1,66596,50546,552.3,23502,-0.2623722066407187
2021-06-16 14:01:16,551.2,1,66595,50544,552.3,23503,-0.2623722066407187
2021-06-16 14:01:19,551.2,1,66600,50546,552.3,23503,-0.2623722066407187
2021-06-16 14:01:21,551.2,1,66602,50548,552.3,23503,-0.2623722066407187
2021-06-16 14:01:24,551.2,1,66589,50550,552.3,23503,-0.2623722066407187
2021-06-16 14:01:26,551.2,1,66589,50552,552.3,23503,-0.2623722066407187
2021-06-16 14:01:28,551.2,1,66592,50554,552.3,23503,-0.2623722066407187
2021-06-16 14:01:33,550.8,1,66592,50554,552.3,23503,-0.33475074640369545
2021-06-16 14:01:34,550.8,1,66601,50554,552.3,23504,-0.33475074640369545
2021-06-16 14:01:39,550.8,1,66601,50563,552.3,23504,-0.33475074640369545
2021-06-16 14:01:43,550.8,1,66601,50564,552.3,23504,-0.33475074640369545
2021-06-16 14:01:52,550.8,1,66605,50564,552.3,23504,-0.33475074640369545
2021-06-16 14:01:57,550.8,1,66601,50564,552.3,23504,-0.33475074640369545
2021-06-16 14:02:08,550.8,1,66605,50564,552.3,23504,-0.33475074640369545
2021-06-16 14:02:10,550.8,1,66605,50563,552.3,23505,-0.33475074640369545
2021-06-16 14:02:13,550.8,1,66605,50529,552.3,23505,-0.33475074640369545
2021-06-16 14:02:15,550.8,1,66600,50535,552.3,23505,-0.33475074640369545
2021-06-16 14:02:19,550.8,1,66599,50535,552.3,23505,-0.33475074640369545
2021-06-16 14:02:21,550.8,1,66647,50539,552.3,23505,-0.33475074640369545
2021-06-16 14:02:24,550.8,1,66650,50539,552.3,23505,-0.33475074640369545
2021-06-16 14:02:25,550.8,1,66647,50541,552.3,23505,-0.33475074640369545
2021-06-16 14:02:28,550.8,1,66649,50541,552.3,23505,-0.33475074640369545
2021-06-16 14:02:30,550.8,1,66652,50541,552.3,23505,-0.33475074640369545
2021-06-16 14:02:32,550.8,1,66654,50541,552.3,23505,-0.33475074640369545
2021-06-16 14:02:35,550.8,1,66655,50537,552.3,23505,-0.33475074640369545
2021-06-16 14:02:37,550.8,1,66660,50541,552.3,23505,-0.33475074640369545
2021-06-16 14:02:39,550.8,1,66658,50535,552.3,23505,-0.33475074640369545
2021-06-16 14:02:42,550.8,1,66659,50535,552.3,23505,-0.33475074640369545
2021-06-16 14:02:43,550.8,1,66662,50535,552.3,23505,-0.33475074640369545
2021-06-16 14:02:46,550.8,1,66663,50535,552.3,23505,-0.33475074640369545
2021-06-16 14:02:48,550.8,1,66665,50553,552.3,23505,-0.33475074640369545
2021-06-16 14:02:50,550.8,1,66676,50553,552.3,23505,-0.33475074640369545
2021-06-16 14:02:52,552.95,9,66677,50551,552.3,23515,0.054283904822232554
2021-06-16 14:02:54,553.0,20,66677,50551,552.3,23515,0.06333122229259436
2021-06-16 14:02:55,553.0,20,66675,50512,552.3,23536,0.06333122229259436
2021-06-16 14:02:57,553.0,20,66677,50518,552.3,23536,0.06333122229259436
2021-06-16 14:03:00,553.0,20,66654,50518,552.3,23536,0.06333122229259436
2021-06-16 14:03:02,553.0,20,66656,50515,552.3,23536,0.06333122229259436
2021-06-16 14:03:04,553.0,20,66658,50506,552.3,23536,0.06333122229259436
2021-06-16 14:03:06,553.0,20,66660,50505,552.3,23536,0.06333122229259436
2021-06-16 14:03:09,553.0,20,66662,50522,552.3,23536,0.06333122229259436
2021-06-16 14:03:11,553.0,20,66664,50522,552.3,23536,0.06333122229259436
2021-06-16 14:03:13,553.0,20,66688,50519,552.3,23536,0.06333122229259436
2021-06-16 14:03:16,553.35,1,66674,50533,552.3,23550,0.12666244458518872
2021-06-16 14:03:17,553.25,1,66674,50533,552.3,23550,0.10856780964444454
2021-06-16 14:03:19,553.25,1,66675,50288,552.32,23882,0.10856780964444454
2021-06-16 14:03:20,554.0,12,66675,50288,552.32,23882,0.2442775716999951
2021-06-16 14:03:21,554.0,12,66671,50281,552.33,23894,0.2442775716999951
2021-06-16 14:03:24,554.0,12,66678,50281,552.33,23894,0.2442775716999951
2021-06-16 14:03:29,554.0,12,66679,50282,552.33,23894,0.2442775716999951
2021-06-16 14:03:31,554.0,12,66704,50284,552.33,23894,0.2442775716999951
2021-06-16 14:03:34,554.0,12,66702,50282,552.33,23894,0.2442775716999951
2021-06-16 14:03:37,554.0,12,66709,50283,552.33,23894,0.2442775716999951
2021-06-16 14:03:40,554.0,12,66712,50274,552.33,23894,0.2442775716999951
2021-06-16 14:03:43,554.0,12,66722,50396,552.33,23894,0.2442775716999951
2021-06-16 14:03:45,554.0,12,66734,50412,552.33,23894,0.2442775716999951
2021-06-16 14:03:48,554.0,12,66727,50402,552.33,23894,0.2442775716999951
2021-06-16 14:03:50,554.85,1,66727,50402,552.33,23894,0.3980819686962898
2021-06-16 14:03:51,554.85,1,66721,50405,552.33,23896,0.3980819686962898
2021-06-16 14:03:52,554.8,1,66721,50405,552.33,23896,0.3890346512259074
2021-06-16 14:03:53,554.7,1,66721,50408,552.33,23899,0.3709400162851838
2021-06-16 14:03:54,553.5,1,66721,50408,552.33,23899,0.15380439699629472
2021-06-16 14:03:55,553.5,1,66701,50450,552.33,23926,0.15380439699629472
2021-06-16 14:03:58,553.5,1,66701,50452,552.33,23926,0.15380439699629472
2021-06-16 14:04:01,553.5,1,66702,50451,552.33,23926,0.15380439699629472
2021-06-16 14:04:04,553.5,1,66703,50475,552.33,23926,0.15380439699629472
2021-06-16 14:04:07,553.5,1,66705,50475,552.33,23926,0.15380439699629472
2021-06-16 14:04:08,553.75,1,66705,50475,552.33,23926,0.1990409843481449
2021-06-16 14:04:09,553.7,1,66713,50476,552.33,23928,0.1899936668777831
2021-06-16 14:04:13,553.7,1,66713,50476,552.33,23928,0.1899936668777831
2021-06-16 14:04:14,553.7,1,66713,50476,552.33,23928,0.1899936668777831
2021-06-16 14:04:15,553.7,1,66713,50474,552.33,23930,0.1899936668777831
2021-06-16 14:04:16,553.7,4,66713,50474,552.33,23930,0.1899936668777831
2021-06-16 14:04:17,553.7,4,66821,50468,552.33,23935,0.1899936668777831
2021-06-16 14:04:19,553.7,4,66822,50484,552.33,23935,0.1899936668777831
2021-06-16 14:04:22,553.7,4,66824,50464,552.33,23935,0.1899936668777831
2021-06-16 14:04:24,553.7,4,66826,50468,552.33,23935,0.1899936668777831
2021-06-16 14:04:25,553.75,75,66826,50468,552.33,23935,0.1990409843481449
2021-06-16 14:04:27,553.75,75,66886,50477,552.33,24014,0.1990409843481449
2021-06-16 14:04:29,553.75,75,66886,50479,552.33,24014,0.1990409843481449
2021-06-16 14:04:35,553.75,75,66887,50479,552.33,24014,0.1990409843481449
2021-06-16 14:04:37,553.75,75,66883,50478,552.33,24014,0.1990409843481449
2021-06-16 14:04:40,553.75,75,66885,50478,552.33,24014,0.1990409843481449
2021-06-16 14:04:43,553.75,1,66885,50478,552.33,24014,0.1990409843481449
2021-06-16 14:04:45,553.75,1,66855,50462,552.34,24044,0.1990409843481449
2021-06-16 14:04:47,553.75,36,66855,50462,552.34,24044,0.1990409843481449
2021-06-16 14:04:48,553.75,36,66782,50462,552.34,24080,0.1990409843481449
2021-06-16 14:04:53,554.0,25,66782,50462,552.34,24080,0.2442775716999951
2021-06-16 14:04:54,554.0,25,66793,50464,552.34,24106,0.2442775716999951
2021-06-16 14:05:24,554.0,25,66789,50473,552.34,24106,0.2442775716999951
2021-06-16 14:05:27,554.0,25,66791,50463,552.34,24106,0.2442775716999951
2021-06-16 14:05:31,554.0,25,66764,50438,552.34,24106,0.2442775716999951
2021-06-16 14:05:48,554.0,25,66765,50438,552.34,24106,0.2442775716999951
2021-06-16 14:05:51,554.0,25,66765,50438,552.34,24106,0.2442775716999951
2021-06-16 14:05:54,554.0,25,66765,50438,552.34,24106,0.2442775716999951
2021-06-16 14:05:58,554.0,25,66749,50438,552.34,24106,0.2442775716999951
2021-06-16 14:06:04,554.0,25,66749,50442,552.34,24106,0.2442775716999951
2021-06-16 14:06:07,554.0,25,66757,50442,552.34,24106,0.2442775716999951
2021-06-16 14:06:10,554.0,25,66757,50442,552.34,24106,0.2442775716999951
2021-06-16 14:06:21,554.0,6,66757,50442,552.34,24106,0.2442775716999951
2021-06-16 14:06:22,554.0,6,66732,50419,552.34,24156,0.2442775716999951
2021-06-16 14:06:25,554.0,6,66732,50424,552.34,24156,0.2442775716999951
2021-06-16 14:06:55,554.0,10,66732,50424,552.34,24156,0.2442775716999951
2021-06-16 14:06:56,554.0,10,66760,50399,552.34,24176,0.2442775716999951
2021-06-16 14:06:57,554.0,10,66760,50399,552.34,24176,0.2442775716999951
2021-06-16 14:06:58,554.0,10,66760,50399,552.34,24176,0.2442775716999951
2021-06-16 14:06:59,554.0,10,66756,50404,552.34,24196,0.2442775716999951
2021-06-16 14:07:01,554.0,10,66747,50440,552.35,24206,0.2442775716999951
2021-06-16 14:07:10,554.0,10,66744,50417,552.35,24206,0.2442775716999951
2021-06-16 14:07:13,554.0,10,66733,50535,552.35,24206,0.2442775716999951
2021-06-16 14:07:15,554.0,10,66749,50540,552.35,24206,0.2442775716999951
2021-06-16 14:07:22,554.0,10,66749,50541,552.35,24206,0.2442775716999951
2021-06-16 14:07:29,554.0,10,66746,50538,552.35,24206,0.2442775716999951
2021-06-16 14:07:31,554.0,10,66750,50544,552.35,24206,0.2442775716999951
2021-06-16 14:07:46,554.0,10,66747,50542,552.35,24206,0.2442775716999951
2021-06-16 14:07:48,554.0,10,66752,50542,552.35,24206,0.2442775716999951
2021-06-16 14:08:28,554.0,10,66750,50545,552.35,24206,0.2442775716999951
2021-06-16 14:08:45,554.0,10,66756,50545,552.35,24206,0.2442775716999951
2021-06-16 14:08:55,554.0,10,66748,50405,552.35,24206,0.2442775716999951
2021-06-16 14:09:01,554.0,10,66748,50506,552.35,24206,0.2442775716999951
2021-06-16 14:09:37,554.0,10,66749,50506,552.35,24206,0.2442775716999951
2021-06-16 14:09:42,554.0,10,66749,50504,552.35,24206,0.2442775716999951
2021-06-16 14:09:45,554.0,10,66748,50504,552.35,24206,0.2442775716999951
2021-06-16 14:10:09,554.0,10,66748,50520,552.35,24206,0.2442775716999951
2021-06-16 14:10:22,552.5,50,66746,50493,552.35,24256,-0.027141952411105993
2021-06-16 14:10:24,552.5,50,66741,50499,552.35,24256,-0.027141952411105993
2021-06-16 14:10:28,552.5,50,66741,50472,552.35,24256,-0.027141952411105993
2021-06-16 14:11:11,552.5,50,66741,50471,552.35,24256,-0.027141952411105993
2021-06-16 14:11:13,552.5,42,66741,50471,552.35,24256,-0.027141952411105993
2021-06-16 14:11:15,552.5,42,66715,50469,552.35,24524,-0.027141952411105993
2021-06-16 14:11:18,552.5,42,66715,50476,552.35,24524,-0.027141952411105993
2021-06-16 14:11:19,553.1,10,66715,50476,552.35,24524,0.08142585723333855
2021-06-16 14:11:20,553.1,10,66715,50481,552.35,24534,0.08142585723333855
2021-06-16 14:11:28,553.15,1,66715,50481,552.35,24534,0.09047317470370035
2021-06-16 14:11:30,553.15,1,66715,50481,552.35,24535,0.09047317470370035
2021-06-16 14:12:08,553.15,1,66715,50472,552.35,24535,0.09047317470370035
2021-06-16 14:12:26,553.15,1,66715,50472,552.35,24535,0.09047317470370035
2021-06-16 14:12:28,553.15,1,66715,50476,552.35,24535,0.09047317470370035
2021-06-16 14:13:11,553.15,1,66724,50477,552.35,24535,0.09047317470370035
2021-06-16 14:13:55,554.0,2,66725,50432,552.35,24635,0.2442775716999951
2021-06-16 14:13:57,554.0,2,66739,50436,552.35,24635,0.2442775716999951
2021-06-16 14:14:03,554.0,2,66739,50436,552.35,24635,0.2442775716999951
2021-06-16 14:14:10,554.0,2,66740,50442,552.35,24635,0.2442775716999951
2021-06-16 14:14:25,553.0,10,66740,50442,552.35,24635,0.06333122229259436
2021-06-16 14:14:26,553.0,10,66789,50440,552.35,24645,0.06333122229259436
2021-06-16 14:14:32,553.0,10,66786,50440,552.35,24645,0.06333122229259436
2021-06-16 14:14:39,553.0,10,66786,50459,552.35,24645,0.06333122229259436
2021-06-16 14:14:54,553.0,10,66787,50454,552.35,24645,0.06333122229259436
2021-06-16 14:15:06,553.0,10,66788,50464,552.35,24645,0.06333122229259436
2021-06-16 14:15:26,553.0,10,66782,50478,552.35,24645,0.06333122229259436
2021-06-16 14:15:28,553.0,10,66786,50469,552.35,24645,0.06333122229259436
2021-06-16 14:15:37,553.0,10,66787,50465,552.35,24645,0.06333122229259436
2021-06-16 14:15:40,553.0,10,66787,50461,552.35,24645,0.06333122229259436
2021-06-16 14:15:42,553.0,10,66786,50465,552.35,24645,0.06333122229259436
2021-06-16 14:15:52,553.0,10,66783,50465,552.35,24645,0.06333122229259436
2021-06-16 14:15:58,553.0,10,66787,50465,552.35,24645,0.06333122229259436
2021-06-16 14:16:07,553.0,10,66787,50461,552.35,24645,0.06333122229259436
2021-06-16 14:16:09,553.0,10,66787,50465,552.35,24645,0.06333122229259436
2021-06-16 14:16:12,553.0,10,67005,50469,552.35,24645,0.06333122229259436
2021-06-16 14:16:15,553.0,10,67006,50464,552.35,24645,0.06333122229259436
2021-06-16 14:16:19,553.0,10,67006,50464,552.35,24645,0.06333122229259436
2021-06-16 14:16:22,553.0,10,67006,50460,552.35,24645,0.06333122229259436
2021-06-16 14:16:28,553.0,10,67008,50460,552.35,24645,0.06333122229259436
2021-06-16 14:16:34,553.0,10,67007,50465,552.35,24645,0.06333122229259436
2021-06-16 14:16:37,553.0,10,67002,50465,552.35,24645,0.06333122229259436
2021-06-16 14:16:59,553.0,10,67002,50466,552.35,24645,0.06333122229259436
2021-06-16 14:17:04,553.0,10,66996,50466,552.35,24645,0.06333122229259436
2021-06-16 14:17:08,553.0,10,66992,50466,552.35,24645,0.06333122229259436
2021-06-16 14:17:18,553.0,10,67011,50466,552.35,24645,0.06333122229259436
2021-06-16 14:17:48,553.0,10,66965,50475,552.35,24645,0.06333122229259436
2021-06-16 14:18:25,553.0,10,66966,50469,552.35,24645,0.06333122229259436
2021-06-16 14:18:28,553.0,10,66971,50473,552.35,24645,0.06333122229259436
2021-06-16 14:18:48,553.0,10,66971,50523,552.35,24645,0.06333122229259436
2021-06-16 14:18:54,553.0,10,66966,50523,552.35,24645,0.06333122229259436
2021-06-16 14:18:58,553.0,10,66966,50519,552.35,24645,0.06333122229259436
2021-06-16 14:19:03,553.0,10,66966,50523,552.35,24645,0.06333122229259436
2021-06-16 14:19:06,553.0,10,66970,50523,552.35,24645,0.06333122229259436
2021-06-16 14:19:22,553.0,1,66970,50523,552.35,24645,0.06333122229259436
2021-06-16 14:19:25,553.0,1,66971,50526,552.35,24646,0.06333122229259436
2021-06-16 14:19:30,553.0,1,66971,50527,552.35,24646,0.06333122229259436
2021-06-16 14:20:00,553.0,1,66974,50528,552.35,24646,0.06333122229259436
2021-06-16 14:20:08,553.0,1,66970,50527,552.35,24646,0.06333122229259436
2021-06-16 14:20:13,552.55,3,66970,50527,552.35,24646,-0.018094634940744186
2021-06-16 14:20:14,552.55,3,66973,50544,552.35,24650,-0.018094634940744186
2021-06-16 14:21:10,552.55,3,66964,50544,552.35,24650,-0.018094634940744186
2021-06-16 14:21:21,552.55,3,66965,50544,552.35,24650,-0.018094634940744186
2021-06-16 14:21:33,553.35,2,66965,50544,552.35,24650,0.12666244458518872
2021-06-16 14:21:34,553.35,2,66965,50542,552.35,24652,0.12666244458518872
2021-06-16 14:22:35,553.35,2,66962,50544,552.35,24652,0.12666244458518872
2021-06-16 14:22:38,553.35,2,66958,50544,552.35,24652,0.12666244458518872
2021-06-16 14:22:40,553.35,1,66962,50544,552.35,24652,0.12666244458518872
2021-06-16 14:22:42,549.55,4,66962,50544,552.35,24652,-0.5609336831629463
2021-06-16 14:22:43,549.55,4,66791,50527,552.32,25153,-0.5609336831629463
2021-06-16 14:22:45,549.55,4,66816,50510,552.32,25153,-0.5609336831629463
2021-06-16 14:22:53,551.0,1,66824,50521,552.32,25154,-0.29856147652220705
2021-06-16 14:22:55,551.0,1,66826,50521,552.32,25154,-0.29856147652220705
2021-06-16 14:23:10,551.0,1,66828,50603,552.32,25154,-0.29856147652220705
2021-06-16 14:23:38,551.0,1,66828,50612,552.32,25154,-0.29856147652220705
2021-06-16 14:23:43,551.0,1,66848,50612,552.32,25154,-0.29856147652220705
2021-06-16 14:24:18,551.0,1,66835,50617,552.32,25154,-0.29856147652220705
2021-06-16 14:24:21,551.0,1,66848,50612,552.32,25154,-0.29856147652220705
2021-06-16 14:24:43,551.0,1,66848,50612,552.32,25154,-0.29856147652220705
2021-06-16 14:25:04,551.0,1,66848,50630,552.32,25154,-0.29856147652220705
2021-06-16 14:25:06,551.0,1,66848,50630,552.32,25154,-0.29856147652220705
2021-06-16 14:25:10,551.0,1,66847,50630,552.32,25154,-0.29856147652220705
2021-06-16 14:25:28,551.0,1,66830,50614,552.32,25154,-0.29856147652220705
2021-06-16 14:26:46,551.0,1,66830,50814,552.32,25154,-0.29856147652220705
2021-06-16 14:27:52,551.0,1,66830,50853,552.32,25154,-0.29856147652220705
2021-06-16 14:28:28,551.0,1,66827,50854,552.32,25154,-0.29856147652220705
2021-06-16 14:28:34,551.0,1,66821,50856,552.32,25154,-0.29856147652220705
2021-06-16 14:28:37,551.0,1,66821,50856,552.32,25154,-0.29856147652220705
2021-06-16 14:28:48,551.0,1,66821,50856,552.32,25154,-0.29856147652220705
2021-06-16 14:29:05,551.0,1,66831,50856,552.32,25154,-0.29856147652220705
2021-06-16 14:29:19,551.0,1,66831,50867,552.32,25154,-0.29856147652220705
2021-06-16 14:29:39,551.0,1,66831,50866,552.32,25154,-0.29856147652220705
2021-06-16 14:29:43,551.0,1,66831,50865,552.32,25154,-0.29856147652220705
2021-06-16 14:29:47,551.0,1,66831,50865,552.32,25154,-0.29856147652220705
2021-06-16 14:29:51,551.0,1,66831,50865,552.32,25154,-0.29856147652220705
2021-06-16 14:29:57,551.0,1,66831,50865,552.32,25154,-0.29856147652220705
2021-06-16 14:30:01,551.0,126,66831,50865,552.32,25154,-0.29856147652220705
2021-06-16 14:30:03,551.0,126,66824,50869,552.32,25285,-0.29856147652220705
2021-06-16 14:30:26,551.0,126,66824,50878,552.32,25285,-0.29856147652220705
2021-06-16 14:30:34,551.0,126,66820,50878,552.32,25285,-0.29856147652220705
2021-06-16 14:30:37,551.0,126,66824,50878,552.32,25285,-0.29856147652220705
2021-06-16 14:30:43,551.0,126,66824,50875,552.32,25285,-0.29856147652220705
2021-06-16 14:30:45,551.0,126,66824,50880,552.32,25285,-0.29856147652220705
2021-06-16 14:30:48,551.0,126,66824,50880,552.32,25285,-0.29856147652220705
2021-06-16 14:30:51,551.0,126,66820,50880,552.32,25285,-0.29856147652220705
2021-06-16 14:30:54,551.0,126,66824,50874,552.32,25285,-0.29856147652220705
2021-06-16 14:30:57,551.0,126,66824,50878,552.32,25285,-0.29856147652220705
2021-06-16 14:31:09,551.0,126,66824,50878,552.32,25285,-0.29856147652220705
2021-06-16 14:31:37,551.0,126,66825,50874,552.32,25285,-0.29856147652220705
2021-06-16 14:31:40,551.0,126,66825,50878,552.32,25285,-0.29856147652220705
2021-06-16 14:31:42,551.0,126,66825,50874,552.32,25285,-0.29856147652220705
2021-06-16 14:31:45,551.0,126,66825,50374,552.32,25285,-0.29856147652220705
2021-06-16 14:31:51,551.0,126,66827,50374,552.32,25285,-0.29856147652220705
2021-06-16 14:31:53,551.0,126,66827,50378,552.32,25285,-0.29856147652220705
2021-06-16 14:32:00,551.0,126,66827,50379,552.32,25285,-0.29856147652220705
2021-06-16 14:32:03,551.0,126,66827,50376,552.32,25285,-0.29856147652220705
2021-06-16 14:32:05,551.0,126,66827,50374,552.32,25285,-0.29856147652220705
2021-06-16 14:32:25,551.0,126,66827,49874,552.32,25285,-0.29856147652220705
2021-06-16 14:32:28,551.0,4,66830,49873,552.32,25290,-0.29856147652220705
2021-06-16 14:32:39,551.0,4,66830,49872,552.32,25290,-0.29856147652220705
2021-06-16 14:32:42,551.0,4,66830,49872,552.32,25290,-0.29856147652220705
2021-06-16 14:34:28,551.0,4,66830,50872,552.32,25290,-0.29856147652220705
2021-06-16 14:35:04,551.0,4,66830,50868,552.32,25290,-0.29856147652220705
2021-06-16 14:35:30,551.0,4,66828,50872,552.32,25290,-0.29856147652220705
2021-06-16 14:35:33,551.0,1,66735,50875,552.31,25393,-0.29856147652220705
2021-06-16 14:35:36,551.0,1,66731,50876,552.31,25393,-0.29856147652220705
2021-06-16 14:35:39,551.0,1,66735,50876,552.31,25393,-0.29856147652220705
2021-06-16 14:35:42,551.0,1,66735,50872,552.31,25393,-0.29856147652220705
2021-06-16 14:35:45,551.0,1,66735,50876,552.31,25393,-0.29856147652220705
2021-06-16 14:35:48,551.0,1,66735,50872,552.31,25393,-0.29856147652220705
2021-06-16 14:36:04,551.0,1,66735,50874,552.31,25393,-0.29856147652220705
2021-06-16 14:36:30,551.0,1,66735,50878,552.31,25393,-0.29856147652220705
2021-06-16 14:36:33,551.0,1,66733,50878,552.31,25393,-0.29856147652220705
2021-06-16 14:36:36,551.0,1,66734,50878,552.31,25393,-0.29856147652220705
2021-06-16 14:36:42,551.0,1,66734,50878,552.31,25393,-0.29856147652220705
2021-06-16 14:36:45,551.0,1,66734,50874,552.31,25393,-0.29856147652220705
2021-06-16 14:36:48,551.0,1,66734,50874,552.31,25393,-0.29856147652220705
2021-06-16 14:36:51,551.0,1,66734,50974,552.31,25393,-0.29856147652220705
2021-06-16 14:37:00,551.0,1,66734,50974,552.31,25393,-0.29856147652220705
2021-06-16 14:37:02,551.0,1,66734,50974,552.31,25393,-0.29856147652220705
2021-06-16 14:37:37,551.0,1,66734,50974,552.31,25393,-0.29856147652220705
2021-06-16 14:38:07,551.0,1,66734,50974,552.31,25393,-0.29856147652220705
2021-06-16 14:38:14,551.0,1,66734,50974,552.31,25393,-0.29856147652220705
2021-06-16 14:38:18,551.0,1,66730,50978,552.31,25393,-0.29856147652220705
2021-06-16 14:38:21,551.0,1,66736,50978,552.31,25393,-0.29856147652220705
2021-06-16 14:38:25,551.0,1,66736,50974,552.31,25393,-0.29856147652220705
2021-06-16 14:38:31,551.0,1,66736,50978,552.31,25393,-0.29856147652220705
2021-06-16 14:38:36,551.0,1,66736,50974,552.31,25393,-0.29856147652220705
2021-06-16 14:39:08,551.0,1,66441,50974,552.31,25393,-0.29856147652220705
2021-06-16 14:39:12,551.0,1,66441,50974,552.31,25393,-0.29856147652220705
2021-06-16 14:39:14,551.0,1,66441,50974,552.31,25393,-0.29856147652220705
2021-06-16 14:39:17,551.0,1,66441,50974,552.31,25393,-0.29856147652220705
2021-06-16 14:39:19,551.0,1,66441,50978,552.31,25393,-0.29856147652220705
2021-06-16 14:39:22,551.0,1,66441,50978,552.31,25393,-0.29856147652220705
2021-06-16 14:39:24,551.0,1,66441,50974,552.31,25393,-0.29856147652220705
2021-06-16 14:39:27,551.0,1,66441,50974,552.31,25393,-0.29856147652220705
2021-06-16 14:39:30,551.0,1,66441,50974,552.31,25393,-0.29856147652220705
2021-06-16 14:39:33,551.0,1,66441,50978,552.31,25393,-0.29856147652220705
2021-06-16 14:39:36,551.0,1,66441,50974,552.31,25393,-0.29856147652220705
2021-06-16 14:39:42,551.0,1,66441,50974,552.31,25393,-0.29856147652220705
2021-06-16 14:39:45,551.0,1,66441,50974,552.31,25393,-0.29856147652220705
2021-06-16 14:39:51,551.0,1,66441,50978,552.31,25393,-0.29856147652220705
2021-06-16 14:39:54,551.0,1,66432,50974,552.31,25393,-0.29856147652220705
2021-06-16 14:39:57,551.0,1,66435,50974,552.31,25393,-0.29856147652220705
2021-06-16 14:40:25,551.1,1,66435,50974,552.31,25393,-0.2804668415814629
2021-06-16 14:40:27,551.1,1,66433,50987,552.31,25394,-0.2804668415814629
2021-06-16 14:40:30,551.35,1,66433,50987,552.31,25394,-0.2352302542296127
2021-06-16 14:40:30,551.35,1,66433,50981,552.31,25395,-0.2352302542296127
2021-06-16 14:40:31,551.45,1,66433,50981,552.31,25395,-0.21713561928886851
2021-06-16 14:40:33,551.55,9,66433,50981,552.31,25395,-0.1990409843481449
2021-06-16 14:40:33,551.55,9,66430,50981,552.31,25405,-0.1990409843481449
2021-06-16 14:40:36,551.55,9,66431,50983,552.31,25405,-0.1990409843481449
2021-06-16 14:40:38,551.5,2,66432,50983,552.31,25407,-0.2080883018185067
2021-06-16 14:40:39,551.55,9,66432,50983,552.31,25407,-0.1990409843481449
2021-06-16 14:40:41,551.55,9,66431,50985,552.31,25416,-0.1990409843481449
2021-06-16 14:40:43,551.55,9,66433,50992,552.31,25416,-0.1990409843481449
2021-06-16 14:40:59,551.55,9,66432,50983,552.31,25416,-0.1990409843481449
2021-06-16 14:41:01,551.55,9,66433,50983,552.31,25416,-0.1990409843481449
2021-06-16 14:43:01,551.55,9,66434,50984,552.31,25416,-0.1990409843481449
2021-06-16 14:43:03,551.55,9,66436,50985,552.31,25416,-0.1990409843481449
2021-06-16 14:43:06,551.55,9,66438,50985,552.31,25416,-0.1990409843481449
2021-06-16 14:43:07,551.75,4,66438,50985,552.31,25416,-0.16285171446665653
2021-06-16 14:43:09,551.65,4,66441,50974,552.31,25424,-0.1809463494074007
2021-06-16 14:43:10,551.6,1,66441,50974,552.31,25424,-0.1899936668777625
2021-06-16 14:43:12,551.6,1,66441,50981,552.31,25425,-0.1899936668777625
2021-06-16 14:43:13,551.9,1,66441,50981,552.31,25425,-0.13570976205555055
2021-06-16 14:43:15,551.65,1,66442,50990,552.31,25427,-0.1809463494074007
2021-06-16 14:43:17,551.55,4,66442,50990,552.31,25427,-0.1990409843481449
2021-06-16 14:43:18,551.55,4,66442,50990,552.31,25431,-0.1990409843481449
2021-06-16 14:43:20,551.9,4,66442,50990,552.31,25431,-0.13570976205555055
2021-06-16 14:43:21,551.9,4,66446,50985,552.31,25435,-0.13570976205555055
2021-06-16 14:43:24,551.9,4,66446,50994,552.31,25435,-0.13570976205555055
2021-06-16 14:43:27,551.9,4,66443,50991,552.31,25435,-0.13570976205555055
2021-06-16 14:43:30,551.9,4,66453,50990,552.31,25435,-0.13570976205555055
2021-06-16 14:43:47,552.0,6,66453,50990,552.31,25435,-0.11761512711480634
2021-06-16 14:43:47,552.0,6,66449,50987,552.31,25445,-0.11761512711480634
2021-06-16 14:43:50,552.0,6,66455,50975,552.31,25445,-0.11761512711480634
2021-06-16 14:43:52,552.0,6,66455,50968,552.31,25445,-0.11761512711480634
2021-06-16 14:43:55,552.0,6,66455,50979,552.31,25445,-0.11761512711480634
2021-06-16 14:43:58,552.0,6,66453,50986,552.31,25445,-0.11761512711480634
2021-06-16 14:44:06,552.0,6,66455,50986,552.31,25445,-0.11761512711480634
2021-06-16 14:44:09,552.0,6,66455,50978,552.31,25445,-0.11761512711480634
2021-06-16 14:44:12,552.0,6,66453,50977,552.31,25445,-0.11761512711480634
2021-06-16 14:44:15,552.0,6,66453,50978,552.31,25445,-0.11761512711480634
2021-06-16 14:44:20,552.0,6,66453,50978,552.31,25445,-0.11761512711480634
2021-06-16 14:44:23,552.0,6,66453,50980,552.31,25445,-0.11761512711480634
2021-06-16 14:44:27,552.0,6,66455,50978,552.31,25445,-0.11761512711480634
2021-06-16 14:44:32,552.0,6,66453,50988,552.31,25445,-0.11761512711480634
2021-06-16 14:44:46,552.0,6,66456,50981,552.31,25445,-0.11761512711480634
2021-06-16 14:46:06,552.0,6,66456,50993,552.31,25445,-0.11761512711480634
2021-06-16 14:46:36,552.0,6,66456,50994,552.31,25445,-0.11761512711480634
2021-06-16 14:47:13,552.0,6,66456,50994,552.31,25445,-0.11761512711480634
2021-06-16 14:47:17,552.0,6,66457,50994,552.31,25445,-0.11761512711480634
2021-06-16 14:47:31,552.0,6,66452,50996,552.31,25445,-0.11761512711480634
2021-06-16 14:47:34,552.0,6,66452,50995,552.31,25445,-0.11761512711480634
2021-06-16 14:47:37,552.0,6,66450,50998,552.31,25445,-0.11761512711480634
2021-06-16 14:47:41,552.0,6,66450,50997,552.31,25445,-0.11761512711480634
2021-06-16 14:47:44,552.0,6,66450,51001,552.31,25445,-0.11761512711480634
2021-06-16 14:49:42,552.0,6,66450,50998,552.31,25445,-0.11761512711480634
2021-06-16 14:49:45,552.0,6,66451,50996,552.31,25445,-0.11761512711480634
2021-06-16 14:49:51,552.0,6,66449,50996,552.31,25445,-0.11761512711480634
2021-06-16 14:49:54,552.0,6,66454,50997,552.31,25445,-0.11761512711480634
2021-06-16 14:50:19,552.0,6,66452,51002,552.31,25445,-0.11761512711480634
2021-06-16 14:50:23,552.0,6,66452,51002,552.31,25445,-0.11761512711480634
2021-06-16 14:50:27,552.0,6,66452,50996,552.31,25445,-0.11761512711480634
2021-06-16 14:50:30,552.0,6,66452,50996,552.31,25445,-0.11761512711480634
2021-06-16 14:50:45,552.0,6,66452,50996,552.31,25445,-0.11761512711480634
2021-06-16 14:50:48,552.0,6,66452,50996,552.31,25445,-0.11761512711480634
2021-06-16 14:50:54,552.0,6,66452,51002,552.31,25445,-0.11761512711480634
2021-06-16 14:51:03,552.0,6,66446,50999,552.31,25445,-0.11761512711480634
2021-06-16 14:52:00,551.85,1,66446,50995,552.31,25447,-0.14475707952591235
2021-06-16 14:52:03,551.85,1,66448,50995,552.31,25447,-0.14475707952591235
2021-06-16 14:52:06,551.85,1,66448,50995,552.31,25447,-0.14475707952591235
2021-06-16 14:52:09,551.85,1,66448,50995,552.31,25447,-0.14475707952591235
2021-06-16 14:52:39,550.9,4,66448,50995,552.31,25447,-0.31665611146295125
2021-06-16 14:52:42,550.9,4,66444,50991,552.31,25456,-0.31665611146295125
2021-06-16 14:52:46,552.0,23,66444,50991,552.31,25456,-0.11761512711480634
2021-06-16 14:52:49,552.0,23,66436,50933,552.31,25556,-0.11761512711480634
2021-06-16 14:52:52,552.0,23,66437,50950,552.31,25556,-0.11761512711480634
2021-06-16 14:52:55,552.0,23,66437,50941,552.31,25556,-0.11761512711480634
2021-06-16 14:52:58,552.0,23,66437,50941,552.31,25556,-0.11761512711480634
2021-06-16 14:53:00,552.0,23,66437,50944,552.31,25556,-0.11761512711480634
2021-06-16 14:53:03,552.0,23,66437,50947,552.31,25556,-0.11761512711480634
2021-06-16 14:53:06,552.0,23,66437,50944,552.31,25556,-0.11761512711480634
2021-06-16 14:53:10,552.0,23,66438,50955,552.31,25556,-0.11761512711480634
2021-06-16 14:53:13,552.0,23,66437,50949,552.31,25556,-0.11761512711480634
2021-06-16 14:53:16,552.0,23,66437,50946,552.31,25556,-0.11761512711480634
2021-06-16 14:53:20,552.0,23,66437,50953,552.31,25556,-0.11761512711480634
2021-06-16 14:53:24,552.0,23,66437,50958,552.31,25556,-0.11761512711480634
2021-06-16 14:53:25,551.75,21,66437,50958,552.31,25556,-0.16285171446665653
2021-06-16 14:53:27,551.75,21,66437,50949,552.31,25581,-0.16285171446665653
2021-06-16 14:53:30,551.75,21,66437,50948,552.31,25581,-0.16285171446665653
2021-06-16 14:53:43,551.75,21,66437,50947,552.31,25581,-0.16285171446665653
2021-06-16 14:53:46,551.75,21,66437,50947,552.31,25581,-0.16285171446665653
2021-06-16 14:53:50,551.75,21,66437,50947,552.31,25581,-0.16285171446665653
2021-06-16 14:53:53,551.75,21,66437,50947,552.31,25581,-0.16285171446665653
2021-06-16 14:53:56,551.75,21,66434,50947,552.31,25581,-0.16285171446665653
2021-06-16 14:53:59,551.75,21,66438,50947,552.31,25581,-0.16285171446665653
2021-06-16 14:54:03,551.75,21,66438,50947,552.31,25581,-0.16285171446665653
2021-06-16 14:54:06,551.75,21,66438,50947,552.31,25581,-0.16285171446665653
2021-06-16 14:54:09,551.75,21,66442,50829,552.31,25581,-0.16285171446665653
2021-06-16 14:54:12,551.75,21,66442,50829,552.31,25581,-0.16285171446665653
2021-06-16 14:54:16,551.75,21,66442,50833,552.31,25581,-0.16285171446665653
2021-06-16 14:54:17,550.75,1,66442,50833,552.31,25581,-0.34379806387405726
2021-06-16 14:54:19,550.75,1,66442,50951,552.31,25582,-0.34379806387405726
2021-06-16 14:54:25,550.75,1,66442,50951,552.31,25582,-0.34379806387405726
2021-06-16 14:54:29,551.05,1,66442,50951,552.31,25582,-0.28951415905184524
2021-06-16 14:54:31,551.05,1,66438,50830,552.31,25583,-0.28951415905184524
2021-06-16 14:54:34,551.05,1,66437,50830,552.31,25583,-0.28951415905184524
2021-06-16 14:54:37,551.05,1,66437,50830,552.31,25583,-0.28951415905184524
2021-06-16 14:54:40,551.05,1,66437,50834,552.31,25583,-0.28951415905184524
2021-06-16 14:54:44,551.05,1,66437,50834,552.31,25583,-0.28951415905184524
2021-06-16 14:54:46,551.05,1,66438,50834,552.31,25583,-0.28951415905184524
2021-06-16 14:54:49,551.05,1,66441,50835,552.31,25583,-0.28951415905184524
2021-06-16 14:54:53,551.05,1,66436,50830,552.31,25583,-0.28951415905184524
2021-06-16 14:54:56,551.05,1,66437,50830,552.31,25583,-0.28951415905184524
2021-06-16 14:54:59,551.05,1,66437,50834,552.31,25583,-0.28951415905184524
2021-06-16 14:55:03,551.05,1,66437,50834,552.31,25583,-0.28951415905184524
2021-06-16 14:55:06,551.05,1,66435,50829,552.31,25583,-0.28951415905184524
2021-06-16 14:55:09,551.05,1,66435,50829,552.31,25583,-0.28951415905184524
2021-06-16 14:55:12,551.05,1,66439,50479,552.31,25583,-0.28951415905184524
2021-06-16 14:55:15,551.05,1,66435,50479,552.31,25583,-0.28951415905184524
2021-06-16 14:55:18,551.05,1,66439,50483,552.31,25583,-0.28951415905184524
2021-06-16 14:55:21,551.05,1,66435,50483,552.31,25583,-0.28951415905184524
2021-06-16 14:55:24,551.05,1,66439,50483,552.31,25583,-0.28951415905184524
2021-06-16 14:55:27,551.05,1,66435,50479,552.31,25583,-0.28951415905184524
2021-06-16 14:55:31,551.05,1,66435,50483,552.31,25583,-0.28951415905184524
2021-06-16 14:55:34,551.05,1,66435,50483,552.31,25583,-0.28951415905184524
2021-06-16 14:55:37,551.05,1,66435,50479,552.31,25583,-0.28951415905184524
2021-06-16 14:55:40,551.05,1,66435,50483,552.31,25583,-0.28951415905184524
2021-06-16 14:55:43,551.05,1,66435,50479,552.31,25583,-0.28951415905184524
2021-06-16 14:55:46,551.05,1,66435,50479,552.31,25583,-0.28951415905184524
2021-06-16 14:55:49,551.05,1,66435,50479,552.31,25583,-0.28951415905184524
2021-06-16 14:55:52,551.05,1,66439,50483,552.31,25583,-0.28951415905184524
2021-06-16 14:56:03,551.05,1,66338,50483,552.31,25583,-0.28951415905184524
2021-06-16 14:56:22,551.05,1,66288,50433,552.31,25583,-0.28951415905184524
2021-06-16 14:56:25,551.05,1,66284,50433,552.31,25583,-0.28951415905184524
2021-06-16 14:56:29,551.05,1,66284,50433,552.31,25583,-0.28951415905184524
2021-06-16 14:56:33,551.05,1,66284,50433,552.31,25583,-0.28951415905184524
2021-06-16 14:56:36,551.05,1,66284,50433,552.31,25583,-0.28951415905184524
2021-06-16 14:56:40,551.05,1,66294,50433,552.31,25583,-0.28951415905184524
2021-06-16 14:56:58,550.7,1,66294,50433,552.31,25583,-0.35284538134441906
2021-06-16 14:56:58,550.7,1,66597,50730,552.31,25585,-0.35284538134441906
2021-06-16 14:57:22,551.4,3,66597,50730,552.31,25585,-0.22618293675925089
2021-06-16 14:57:23,551.4,3,66598,50729,552.31,25589,-0.22618293675925089
2021-06-16 14:57:27,551.4,3,66594,50729,552.31,25589,-0.22618293675925089
2021-06-16 14:57:30,551.4,3,66598,50733,552.31,25589,-0.22618293675925089
2021-06-16 14:57:45,551.4,3,66594,50729,552.31,25589,-0.22618293675925089
2021-06-16 14:57:48,551.4,3,66594,50729,552.31,25589,-0.22618293675925089
2021-06-16 14:57:51,551.4,3,66598,50733,552.31,25589,-0.22618293675925089
2021-06-16 14:57:55,551.05,1,66598,50733,552.31,25589,-0.28951415905184524
2021-06-16 14:57:57,550.95,1,66571,50744,552.3,25655,-0.30760879399256885
2021-06-16 14:57:58,550.85,1,66571,50744,552.3,25655,-0.32570342893331306
2021-06-16 14:58:00,550.85,1,66572,50737,552.3,25656,-0.32570342893331306
2021-06-16 14:58:01,550.4,1,66572,50737,552.3,25656,-0.4071292861666516
2021-06-16 14:58:04,550.4,1,66577,50743,552.3,25657,-0.4071292861666516
2021-06-16 14:58:07,550.4,1,66577,50743,552.3,25657,-0.4071292861666516
2021-06-16 14:58:21,550.4,1,66477,50743,552.3,25657,-0.4071292861666516
2021-06-16 14:58:31,550.4,1,66577,50743,552.3,25657,-0.4071292861666516
2021-06-16 14:59:01,550.4,1,66573,50739,552.3,25657,-0.4071292861666516
2021-06-16 14:59:04,550.4,1,66577,50744,552.3,25657,-0.4071292861666516
2021-06-16 14:59:08,550.4,1,66573,50743,552.3,25657,-0.4071292861666516
2021-06-16 14:59:10,550.75,2,66573,50743,552.3,25657,-0.34379806387405726
2021-06-16 14:59:12,550.75,2,66577,50740,552.3,25659,-0.34379806387405726
2021-06-16 14:59:47,550.75,2,66573,50741,552.3,25659,-0.34379806387405726
2021-06-16 14:59:51,550.75,2,66573,50742,552.3,25659,-0.34379806387405726
2021-06-16 14:59:55,550.75,2,66573,50741,552.3,25659,-0.34379806387405726
2021-06-16 15:00:04,550.75,2,66573,50742,552.3,25659,-0.34379806387405726
2021-06-16 15:00:12,550.75,2,66577,50742,552.3,25659,-0.34379806387405726
2021-06-16 15:00:15,550.75,2,66577,50742,552.3,25659,-0.34379806387405726
2021-06-16 15:00:19,550.75,2,66573,50741,552.3,25659,-0.34379806387405726
2021-06-16 15:00:21,550.85,4,66573,50741,552.3,25659,-0.32570342893331306
2021-06-16 15:00:24,550.85,4,66573,50744,552.3,25663,-0.32570342893331306
2021-06-16 15:00:28,550.85,4,66573,50742,552.3,25663,-0.32570342893331306
2021-06-16 15:00:37,550.85,4,66828,50742,552.3,25663,-0.32570342893331306
2021-06-16 15:00:45,550.85,4,66831,50736,552.3,25663,-0.32570342893331306
2021-06-16 15:00:49,550.8,1,66831,50736,552.3,25663,-0.33475074640369545
2021-06-16 15:00:54,550.8,1,66827,50736,552.3,25664,-0.33475074640369545
2021-06-16 15:00:58,550.8,1,66827,50736,552.3,25664,-0.33475074640369545
2021-06-16 15:01:09,550.7,1,66827,50736,552.3,25664,-0.35284538134441906
2021-06-16 15:01:12,550.7,1,66681,50762,552.27,25848,-0.35284538134441906
2021-06-16 15:01:16,550.7,1,66682,46444,552.27,25848,-0.35284538134441906
2021-06-16 15:01:19,550.7,1,66701,46439,552.27,25848,-0.35284538134441906
2021-06-16 15:01:24,550.7,1,66681,46343,552.27,25848,-0.35284538134441906
2021-06-16 15:01:31,549.05,2,66679,46438,552.27,25875,-0.6514068578666466
2021-06-16 15:01:33,549.45,3,66679,46438,552.27,25875,-0.57902831810367
2021-06-16 15:01:36,549.45,3,66687,46441,552.27,25881,-0.57902831810367
2021-06-16 15:01:40,549.45,3,66687,46445,552.27,25881,-0.57902831810367
2021-06-16 15:01:47,549.45,3,66687,46445,552.27,25881,-0.57902831810367
2021-06-16 15:01:51,549.45,3,66687,46445,552.27,25881,-0.57902831810367
2021-06-16 15:01:55,549.45,3,66684,46445,552.27,25881,-0.57902831810367
2021-06-16 15:01:59,549.45,3,66688,46445,552.27,25881,-0.57902831810367
2021-06-16 15:02:12,549.45,3,66698,46445,552.27,25881,-0.57902831810367
2021-06-16 15:02:24,549.45,3,66697,46443,552.27,25881,-0.57902831810367
2021-06-16 15:02:28,549.45,3,66697,46443,552.27,25881,-0.57902831810367
2021-06-16 15:02:43,549.45,3,66697,46439,552.27,25881,-0.57902831810367
2021-06-16 15:02:48,549.45,3,66697,46439,552.27,25881,-0.57902831810367
2021-06-16 15:02:57,549.45,3,66697,46439,552.27,25881,-0.57902831810367
2021-06-16 15:03:01,549.45,3,66697,46443,552.27,25881,-0.57902831810367
2021-06-16 15:03:06,549.45,3,66697,46443,552.27,25881,-0.57902831810367
2021-06-16 15:03:10,549.45,3,66697,46439,552.27,25881,-0.57902831810367
2021-06-16 15:03:13,549.45,3,66697,46443,552.27,25881,-0.57902831810367
2021-06-16 15:03:33,549.45,3,66697,46439,552.27,25881,-0.57902831810367
2021-06-16 15:03:37,549.45,3,66697,46443,552.27,25881,-0.57902831810367
2021-06-16 15:03:41,549.45,3,66697,46439,552.27,25881,-0.57902831810367
2021-06-16 15:03:45,549.45,3,66697,46443,552.27,25881,-0.57902831810367
2021-06-16 15:03:49,549.45,3,66697,46443,552.27,25881,-0.57902831810367
2021-06-16 15:04:22,549.45,3,66697,46443,552.27,25881,-0.57902831810367
2021-06-16 15:04:31,549.45,3,66697,46443,552.27,25881,-0.57902831810367
2021-06-16 15:04:56,549.45,3,66697,46443,552.27,25881,-0.57902831810367
2021-06-16 15:05:01,549.45,3,66697,46439,552.27,25881,-0.57902831810367
2021-06-16 15:05:06,549.45,3,66698,46444,552.27,25881,-0.57902831810367
2021-06-16 15:05:12,549.25,6,66698,46444,552.27,25881,-0.6152175879851584
2021-06-16 15:05:15,549.25,6,66687,46443,552.27,25891,-0.6152175879851584
2021-06-16 15:05:18,549.25,6,66687,46443,552.27,25891,-0.6152175879851584
2021-06-16 15:05:23,549.25,6,66683,46461,552.27,25891,-0.6152175879851584
2021-06-16 15:05:26,548.9,1,66683,46461,552.27,25891,-0.6785488102777527
2021-06-16 15:05:27,548.6,10,66683,46461,552.27,25891,-0.7328327150999646
2021-06-16 15:05:28,548.6,10,66713,46468,552.26,25923,-0.7328327150999646
2021-06-16 15:05:31,548.6,10,66707,46468,552.26,25923,-0.7328327150999646
2021-06-16 15:05:33,548.75,5,66707,46468,552.26,25923,-0.7056907626888587
2021-06-16 15:05:36,548.75,5,66699,46457,552.26,25934,-0.7056907626888587
2021-06-16 15:05:41,548.75,5,66699,46450,552.26,25934,-0.7056907626888587
2021-06-16 15:05:45,548.75,5,66699,46450,552.26,25934,-0.7056907626888587
2021-06-16 15:05:49,548.75,5,66703,46450,552.26,25934,-0.7056907626888587
2021-06-16 15:05:53,548.75,5,66701,46450,552.26,25934,-0.7056907626888587
2021-06-16 15:05:57,548.75,5,66709,46446,552.26,25934,-0.7056907626888587
2021-06-16 15:06:02,548.75,5,66706,46446,552.26,25934,-0.7056907626888587
2021-06-16 15:06:25,549.65,4,66706,46446,552.26,25934,-0.5428390482222022
2021-06-16 15:06:29,549.65,4,67182,46428,552.26,25944,-0.5428390482222022
2021-06-16 15:06:30,550.2,4,67182,46428,552.26,25944,-0.4433185560481194
2021-06-16 15:06:33,550.2,4,67187,46380,552.26,25952,-0.4433185560481194
2021-06-16 15:06:37,550.2,4,67187,46380,552.26,25952,-0.4433185560481194
2021-06-16 15:06:41,550.2,4,66750,46398,552.26,25952,-0.4433185560481194
2021-06-16 15:06:45,550.0,15,66695,46309,552.25,26062,-0.4795078259296078
2021-06-16 15:06:48,550.0,15,66722,46309,552.25,26092,-0.4795078259296078
2021-06-16 15:07:08,550.0,15,66727,46309,552.25,26092,-0.4795078259296078
2021-06-16 15:07:16,550.0,15,66729,46310,552.25,26092,-0.4795078259296078
2021-06-16 15:07:48,550.0,15,66726,46306,552.25,26092,-0.4795078259296078
2021-06-16 15:07:51,550.0,15,66732,46306,552.25,26092,-0.4795078259296078
2021-06-16 15:07:55,550.0,15,66743,46310,552.25,26092,-0.4795078259296078
2021-06-16 15:08:30,550.0,15,66742,46310,552.25,26092,-0.4795078259296078
2021-06-16 15:08:52,550.0,15,66764,46310,552.25,26092,-0.4795078259296078
2021-06-16 15:09:12,550.0,15,66768,46310,552.25,26092,-0.4795078259296078
2021-06-16 15:09:26,551.15,2,66768,46310,552.25,26092,-0.2714195241111011
2021-06-16 15:09:28,551.15,2,66770,46310,552.25,26094,-0.2714195241111011
2021-06-16 15:09:33,551.15,2,66778,46310,552.25,26094,-0.2714195241111011
2021-06-16 15:09:36,551.15,2,66778,46306,552.25,26094,-0.2714195241111011
2021-06-16 15:09:41,551.15,2,66778,46310,552.25,26094,-0.2714195241111011
2021-06-16 15:09:45,551.15,2,66778,46310,552.25,26094,-0.2714195241111011
2021-06-16 15:09:49,551.15,2,66777,46420,552.25,26094,-0.2714195241111011
2021-06-16 15:09:58,551.15,2,66777,46421,552.25,26094,-0.2714195241111011
2021-06-16 15:10:03,551.15,2,66777,46421,552.25,26094,-0.2714195241111011
2021-06-16 15:10:12,551.15,2,66777,46421,552.25,26094,-0.2714195241111011
2021-06-16 15:10:16,551.15,2,66776,46425,552.25,26094,-0.2714195241111011
2021-06-16 15:10:24,551.15,2,66770,45871,552.25,26094,-0.2714195241111011
2021-06-16 15:10:34,551.15,2,66773,45871,552.25,26094,-0.2714195241111011
2021-06-16 15:10:52,551.15,2,66774,45871,552.25,26094,-0.2714195241111011
2021-06-16 15:11:01,551.15,2,66770,45871,552.25,26094,-0.2714195241111011
2021-06-16 15:11:06,550.8,2,66770,45871,552.25,26094,-0.33475074640369545
2021-06-16 15:11:10,550.8,2,66771,45871,552.25,26100,-0.33475074640369545
2021-06-16 15:11:14,550.8,2,66771,45867,552.25,26100,-0.33475074640369545
2021-06-16 15:11:33,550.8,2,66773,45871,552.25,26100,-0.33475074640369545
2021-06-16 15:11:37,550.8,2,66773,45871,552.25,26100,-0.33475074640369545
2021-06-16 15:11:41,550.8,2,66375,45871,552.25,26100,-0.33475074640369545
2021-06-16 15:11:45,550.8,2,65774,45867,552.25,26100,-0.33475074640369545
2021-06-16 15:11:49,550.8,2,65575,45867,552.25,26100,-0.33475074640369545
2021-06-16 15:11:54,550.8,2,65372,45871,552.25,26100,-0.33475074640369545
2021-06-16 15:11:58,550.8,2,65372,45871,552.25,26100,-0.33475074640369545
2021-06-16 15:12:02,550.8,2,65373,45862,552.25,26100,-0.33475074640369545
2021-06-16 15:12:23,551.95,5,65373,45862,552.25,26100,-0.12666244458516815
2021-06-16 15:12:24,551.95,5,65372,45856,552.25,26109,-0.12666244458516815
2021-06-16 15:12:28,551.95,5,65372,45851,552.25,26109,-0.12666244458516815
2021-06-16 15:12:32,551.95,5,65389,45605,552.25,26109,-0.12666244458516815
2021-06-16 15:12:36,551.95,5,65388,45611,552.25,26109,-0.12666244458516815
2021-06-16 15:12:40,551.95,5,65497,45638,552.25,26109,-0.12666244458516815
2021-06-16 15:12:49,551.95,5,65496,45642,552.25,26109,-0.12666244458516815
2021-06-16 15:13:03,551.95,5,65496,45643,552.25,26109,-0.12666244458516815
2021-06-16 15:13:16,551.95,5,65496,45651,552.25,26109,-0.12666244458516815
2021-06-16 15:13:20,551.95,5,65495,45652,552.25,26109,-0.12666244458516815
2021-06-16 15:13:28,550.05,4,65495,45652,552.25,26109,-0.470460508459246
2021-06-16 15:13:33,550.05,4,65379,45664,552.23,26291,-0.470460508459246
2021-06-16 15:13:37,550.05,4,65379,45665,552.23,26291,-0.470460508459246
2021-06-16 15:13:44,550.5,1,65379,45665,552.23,26291,-0.3890346512259074
2021-06-16 15:13:46,550.5,1,65384,45485,552.22,26442,-0.3890346512259074
2021-06-16 15:13:55,550.0,38,65347,45513,552.22,26480,-0.4795078259296078
2021-06-16 15:14:03,550.0,38,65354,45516,552.22,26480,-0.4795078259296078
2021-06-16 15:14:21,550.0,38,65354,45515,552.22,26480,-0.4795078259296078
2021-06-16 15:14:48,550.0,38,65353,45525,552.22,26480,-0.4795078259296078
2021-06-16 15:14:57,550.0,38,65443,45496,552.22,26480,-0.4795078259296078
2021-06-16 15:15:01,550.0,38,65443,45534,552.22,26480,-0.4795078259296078
2021-06-16 15:15:05,550.0,38,65530,44721,552.22,26480,-0.4795078259296078
2021-06-16 15:15:09,551.15,1,65530,44721,552.22,26480,-0.2714195241111011
2021-06-16 15:15:10,551.15,1,65530,44624,552.22,26483,-0.2714195241111011
2021-06-16 15:15:15,551.15,1,65532,44626,552.22,26483,-0.2714195241111011
2021-06-16 15:15:15,550.35,4,65532,44626,552.22,26483,-0.4161766036370134
2021-06-16 15:15:19,550.35,4,65502,44662,552.22,26513,-0.4161766036370134
2021-06-16 15:15:34,551.3,2,65502,44662,552.22,26513,-0.2442775716999951
2021-06-16 15:15:38,551.3,2,65505,44666,552.22,26517,-0.2442775716999951
2021-06-16 15:15:43,551.3,2,65506,44666,552.22,26517,-0.2442775716999951
2021-06-16 15:15:47,551.3,2,65506,44661,552.22,26517,-0.2442775716999951
2021-06-16 15:15:48,550.75,69,65506,44661,552.22,26517,-0.34379806387405726
2021-06-16 15:15:52,550.75,69,65434,44665,552.21,26586,-0.34379806387405726
2021-06-16 15:15:57,550.75,69,65479,44689,552.21,26586,-0.34379806387405726
2021-06-16 15:15:58,550.75,1,65479,44689,552.21,26586,-0.34379806387405726
2021-06-16 15:16:01,550.75,1,65481,44684,552.21,26587,-0.34379806387405726
2021-06-16 15:16:07,550.3,23,65455,44689,552.21,26612,-0.42522392110739576
2021-06-16 15:16:12,550.3,23,65453,44684,552.21,26612,-0.42522392110739576
2021-06-16 15:16:16,550.3,23,65452,44684,552.21,26612,-0.42522392110739576
2021-06-16 15:16:21,550.3,23,65453,44684,552.21,26612,-0.42522392110739576
2021-06-16 15:16:26,550.3,23,65455,44680,552.21,26612,-0.42522392110739576
2021-06-16 15:16:35,550.3,23,65453,44685,552.21,26612,-0.42522392110739576
2021-06-16 15:16:54,550.3,23,65451,44681,552.21,26612,-0.42522392110739576
2021-06-16 15:16:58,550.3,26,65473,44676,552.2,26729,-0.42522392110739576
2021-06-16 15:16:59,550.3,24,65473,44676,552.2,26729,-0.42522392110739576
2021-06-16 15:17:03,550.3,24,65479,44658,552.2,26753,-0.42522392110739576
2021-06-16 15:17:03,551.1,1,65479,44658,552.2,26753,-0.2804668415814629
2021-06-16 15:17:07,551.1,1,65463,44645,552.2,26758,-0.2804668415814629
2021-06-16 15:17:12,551.1,1,65458,44676,552.2,26758,-0.2804668415814629
2021-06-16 15:17:13,551.05,4,65458,44676,552.2,26758,-0.28951415905184524
2021-06-16 15:17:18,551.05,4,65454,44674,552.2,26762,-0.28951415905184524
2021-06-16 15:17:18,551.1,1,65454,44674,552.2,26762,-0.2804668415814629
2021-06-16 15:17:22,551.1,1,65454,44667,552.2,26767,-0.2804668415814629
2021-06-16 15:17:23,551.25,19,65454,44667,552.2,26767,-0.2533248891703569
2021-06-16 15:17:27,551.25,19,65458,44649,552.2,26786,-0.2533248891703569
2021-06-16 15:17:28,551.3,1,65458,44649,552.2,26786,-0.2442775716999951
2021-06-16 15:17:32,551.3,1,65459,44648,552.2,26788,-0.2442775716999951
2021-06-16 15:17:33,551.5,25,65459,44648,552.2,26788,-0.2080883018185067
2021-06-16 15:17:37,551.5,25,65462,44640,552.2,26813,-0.2080883018185067
2021-06-16 15:17:38,551.7,1,65462,44640,552.2,26813,-0.17189903193701833
2021-06-16 15:17:42,551.7,1,65460,44644,552.2,26814,-0.17189903193701833
2021-06-16 15:17:43,551.95,6,65460,44644,552.2,26814,-0.12666244458516815
2021-06-16 15:17:46,551.95,6,65461,44642,552.2,26820,-0.12666244458516815
2021-06-16 15:17:56,551.95,6,65457,44765,552.2,26820,-0.12666244458516815
2021-06-16 15:18:05,551.95,6,65457,44770,552.2,26820,-0.12666244458516815
2021-06-16 15:18:13,551.95,6,65459,44788,552.2,26820,-0.12666244458516815
2021-06-16 15:18:18,551.95,6,65461,44664,552.2,26820,-0.12666244458516815
2021-06-16 15:18:22,551.95,6,65470,44648,552.2,26820,-0.12666244458516815
2021-06-16 15:18:24,550.65,1,65470,44648,552.2,26820,-0.3618926988148014
2021-06-16 15:18:28,550.65,1,65467,44660,552.19,26939,-0.3618926988148014
2021-06-16 15:18:31,551.25,3,65467,44660,552.19,26939,-0.2533248891703569
2021-06-16 15:18:33,551.25,3,65466,44659,552.19,26942,-0.2533248891703569
2021-06-16 15:18:38,551.25,3,65464,44665,552.19,26942,-0.2533248891703569
2021-06-16 15:18:40,550.0,1,65464,44665,552.19,26942,-0.4795078259296078
2021-06-16 15:18:42,550.0,1,65454,44667,552.19,26996,-0.4795078259296078
2021-06-16 15:18:46,550.0,1,65455,44670,552.19,26996,-0.4795078259296078
2021-06-16 15:18:51,550.0,1,65455,44675,552.19,26996,-0.4795078259296078
2021-06-16 15:18:55,550.0,1,65455,44671,552.19,26996,-0.4795078259296078
2021-06-16 15:19:12,550.65,9,65455,44671,552.19,26996,-0.3618926988148014
2021-06-16 15:19:13,550.65,9,65461,44672,552.18,27022,-0.3618926988148014
2021-06-16 15:19:18,550.65,9,65461,44673,552.18,27022,-0.3618926988148014
2021-06-16 15:19:27,550.05,5,65461,44673,552.18,27022,-0.470460508459246
2021-06-16 15:19:27,550.05,5,65458,44675,552.18,27027,-0.470460508459246
2021-06-16 15:19:32,550.05,5,65442,44672,552.18,27027,-0.470460508459246
2021-06-16 15:19:43,550.05,5,65415,44615,552.18,27027,-0.470460508459246
2021-06-16 15:19:49,550.05,5,65414,44619,552.18,27027,-0.470460508459246
2021-06-16 15:19:58,550.05,5,65414,41818,552.18,27027,-0.470460508459246
2021-06-16 15:20:03,550.05,5,65412,41808,552.18,27027,-0.470460508459246
2021-06-16 15:20:08,550.05,5,65573,41817,552.18,27027,-0.470460508459246
2021-06-16 15:20:14,550.05,5,65573,42277,552.18,27027,-0.470460508459246
2021-06-16 15:20:19,550.05,5,65568,42197,552.18,27027,-0.470460508459246
2021-06-16 15:20:25,550.05,5,65563,42199,552.18,27027,-0.470460508459246
2021-06-16 15:20:31,550.05,5,65553,42193,552.18,27027,-0.470460508459246
2021-06-16 15:20:36,550.05,5,65353,42193,552.18,27027,-0.470460508459246
2021-06-16 15:20:42,551.0,9,65353,42193,552.18,27027,-0.29856147652220705
2021-06-16 15:20:42,551.0,9,66177,42099,552.18,27047,-0.29856147652220705
2021-06-16 15:20:48,551.0,9,66177,42099,552.18,27047,-0.29856147652220705
2021-06-16 15:20:54,551.0,9,65334,42018,552.18,27047,-0.29856147652220705
2021-06-16 15:21:00,551.0,9,65326,42018,552.18,27047,-0.29856147652220705
2021-06-16 15:21:05,551.0,9,65336,42018,552.18,27047,-0.29856147652220705
2021-06-16 15:21:11,551.0,9,65336,38523,552.18,27047,-0.29856147652220705
2021-06-16 15:21:17,551.0,9,65446,38573,552.18,27047,-0.29856147652220705
2021-06-16 15:21:23,551.0,9,65446,38538,552.18,27047,-0.29856147652220705
2021-06-16 15:21:35,551.0,9,65438,38533,552.18,27047,-0.29856147652220705
2021-06-16 15:21:41,551.0,9,65438,38533,552.18,27047,-0.29856147652220705
2021-06-16 15:21:53,551.0,9,66387,38533,552.18,27047,-0.29856147652220705
2021-06-16 15:21:57,551.0,16,66387,38533,552.18,27047,-0.29856147652220705
2021-06-16 15:21:59,551.0,16,66367,38533,552.18,27067,-0.29856147652220705
2021-06-16 15:22:16,551.0,100,66367,38533,552.18,27067,-0.29856147652220705
2021-06-16 15:22:19,551.0,100,66267,38533,552.18,27167,-0.29856147652220705
2021-06-16 15:22:21,551.0,13,66267,38533,552.18,27167,-0.29856147652220705
2021-06-16 15:22:24,551.0,13,66254,38533,552.18,27180,-0.29856147652220705
2021-06-16 15:22:28,551.0,13,66299,36329,552.18,27180,-0.29856147652220705
2021-06-16 15:22:38,551.0,13,65910,35851,552.18,27180,-0.29856147652220705
2021-06-16 15:23:02,551.0,13,65910,35853,552.18,27180,-0.29856147652220705
2021-06-16 15:23:08,551.0,13,65910,35852,552.18,27180,-0.29856147652220705
2021-06-16 15:23:14,551.0,13,65910,35852,552.18,27180,-0.29856147652220705
2021-06-16 15:23:25,551.0,13,65910,35852,552.18,27180,-0.29856147652220705
2021-06-16 15:23:31,551.0,13,65910,35852,552.18,27180,-0.29856147652220705
2021-06-16 15:23:34,551.95,20,65910,35852,552.18,27180,-0.12666244458516815
2021-06-16 15:23:36,551.95,20,65986,35842,552.18,27275,-0.12666244458516815
2021-06-16 15:23:42,551.95,20,65968,35862,552.18,27275,-0.12666244458516815
2021-06-16 15:23:49,552.1,1,65968,35862,552.18,27275,-0.09952049217406217
2021-06-16 15:23:53,552.1,1,65981,34604,552.18,27343,-0.09952049217406217
2021-06-16 15:23:59,552.1,1,65981,34604,552.18,27343,-0.09952049217406217
2021-06-16 15:24:05,552.1,1,65931,34604,552.18,27343,-0.09952049217406217
2021-06-16 15:24:10,552.1,1,65981,34604,552.18,27343,-0.09952049217406217
2021-06-16 15:24:21,551.9,6,65881,34607,552.17,27443,-0.13570976205555055
2021-06-16 15:24:27,551.9,6,65774,34504,552.17,27443,-0.13570976205555055
2021-06-16 15:24:33,551.9,6,65881,34404,552.17,27443,-0.13570976205555055
2021-06-16 15:24:39,551.9,6,65774,34404,552.17,27443,-0.13570976205555055
2021-06-16 15:24:44,551.9,6,65881,34404,552.17,27443,-0.13570976205555055
2021-06-16 15:24:49,551.9,6,65774,34504,552.17,27443,-0.13570976205555055
2021-06-16 15:24:55,551.9,6,65774,34504,552.17,27443,-0.13570976205555055
2021-06-16 15:25:01,551.9,6,65881,34504,552.17,27443,-0.13570976205555055
2021-06-16 15:25:09,551.95,2,65881,34504,552.17,27443,-0.12666244458516815
2021-06-16 15:25:12,551.95,2,65889,16477,552.17,27470,-0.12666244458516815
2021-06-16 15:25:17,551.95,2,65778,15637,552.17,27470,-0.12666244458516815
2021-06-16 15:25:23,551.95,2,65885,15624,552.17,27470,-0.12666244458516815
2021-06-16 15:25:34,551.05,6,65885,15624,552.17,27470,-0.28951415905184524
2021-06-16 15:25:39,551.05,6,65785,15624,552.17,27476,-0.28951415905184524
2021-06-16 15:25:44,551.05,6,65889,15222,552.17,27476,-0.28951415905184524
2021-06-16 15:25:49,551.05,6,65889,15257,552.17,27476,-0.28951415905184524
2021-06-16 15:25:55,551.05,6,65889,15257,552.17,27476,-0.28951415905184524
2021-06-16 15:26:06,551.05,6,65817,15200,552.17,27476,-0.28951415905184524
2021-06-16 15:26:12,551.05,6,65817,15211,552.17,27476,-0.28951415905184524
2021-06-16 15:26:18,551.05,6,65817,15211,552.17,27476,-0.28951415905184524
2021-06-16 15:26:23,551.05,6,65517,14911,552.17,27476,-0.28951415905184524
2021-06-16 15:26:28,551.05,6,65517,14911,552.17,27476,-0.28951415905184524
2021-06-16 15:26:34,551.05,6,65517,14911,552.17,27476,-0.28951415905184524
2021-06-16 15:26:35,551.65,11,65517,14911,552.17,27476,-0.1809463494074007
2021-06-16 15:26:40,551.65,11,65517,14836,552.17,27551,-0.1809463494074007
2021-06-16 15:26:45,551.65,11,65517,14840,552.17,27551,-0.1809463494074007
2021-06-16 15:26:51,551.65,11,65517,14840,552.17,27551,-0.1809463494074007
2021-06-16 15:27:01,551.65,11,65515,14834,552.17,27551,-0.1809463494074007
2021-06-16 15:27:30,551.65,11,65524,14494,552.17,27551,-0.1809463494074007
2021-06-16 15:27:35,552.0,100,65524,14494,552.17,27551,-0.11761512711480634
2021-06-16 15:27:36,552.0,100,65619,14411,552.16,27991,-0.11761512711480634
2021-06-16 15:27:41,551.0,42,65619,14411,552.16,27991,-0.29856147652220705
2021-06-16 15:27:42,551.0,42,65569,14413,552.16,28041,-0.29856147652220705
2021-06-16 15:27:47,551.0,42,65268,14413,552.16,28041,-0.29856147652220705
2021-06-16 15:27:50,551.0,92,65268,14413,552.16,28041,-0.29856147652220705
2021-06-16 15:27:52,551.0,92,65218,14413,552.15,28241,-0.29856147652220705
2021-06-16 15:28:01,552.0,132,65218,14413,552.15,28241,-0.11761512711480634
2021-06-16 15:28:03,552.0,132,65228,14278,552.15,28381,-0.11761512711480634
2021-06-16 15:28:09,552.0,132,32624,14278,552.15,28381,-0.11761512711480634
2021-06-16 15:28:10,553.95,7,32624,14278,552.15,28381,0.23523025422963326
2021-06-16 15:28:15,553.95,7,32421,14083,552.15,28396,0.23523025422963326
2021-06-16 15:28:25,553.95,7,32428,14083,552.15,28396,0.23523025422963326
2021-06-16 15:28:30,553.95,7,32428,14081,552.15,28396,0.23523025422963326
2021-06-16 15:28:36,553.95,7,32431,14068,552.15,28396,0.23523025422963326
2021-06-16 15:28:40,553.95,7,32428,14067,552.15,28396,0.23523025422963326
2021-06-16 15:28:45,550.05,92,32428,14067,552.15,28396,-0.470460508459246
2021-06-16 15:28:46,550.05,92,32131,14327,552.12,29045,-0.470460508459246
2021-06-16 15:28:56,550.05,92,30529,14333,552.12,29045,-0.470460508459246
2021-06-16 15:29:01,550.05,16,30613,14316,552.12,29061,-0.470460508459246
2021-06-16 15:29:07,550.05,16,30613,14337,552.12,29061,-0.470460508459246
2021-06-16 15:29:13,550.05,16,29212,14337,552.12,29061,-0.470460508459246
2021-06-16 15:29:18,550.05,16,29115,14337,552.12,29061,-0.470460508459246
2021-06-16 15:29:24,550.05,16,29165,14337,552.12,29061,-0.470460508459246
2021-06-16 15:29:24,552.6,7,29165,14337,552.12,29061,-0.009047317470361808
2021-06-16 15:29:30,552.6,7,26564,14333,552.12,29075,-0.009047317470361808
2021-06-16 15:29:35,552.6,7,25364,14333,552.12,29075,-0.009047317470361808
2021-06-16 15:29:40,552.6,7,23562,14333,552.12,29075,-0.009047317470361808
2021-06-16 15:29:46,552.6,7,21560,14333,552.12,29075,-0.009047317470361808
2021-06-16 15:29:51,552.6,7,18759,14338,552.12,29075,-0.009047317470361808
2021-06-16 15:29:57,552.6,10,18759,14328,552.12,29085,-0.009047317470361808
2021-06-16 15:31:19,550.8,10,0,0,552.12,29085,-0.33475074640369545
