2021-06-16 10:32:16,89.9,20,154678,370380,91.16,248623,-0.94
2021-06-16 10:32:16,89.9,10,154651,370491,91.16,248645,-0.94
2021-06-16 10:32:19,89.9,10,155078,370361,91.16,248645,-0.94
2021-06-16 10:32:22,89.9,10,155878,370171,91.16,248645,-0.94
2021-06-16 10:32:24,90.0,125,155878,370171,91.16,248645,-0.83
2021-06-16 10:32:26,90.0,125,157359,369612,91.15,249870,-0.83
2021-06-16 10:32:27,90.0,25,157359,369612,91.15,249870,-0.83
2021-06-16 10:32:28,89.95,29,157638,369178,91.15,250425,-0.88
2021-06-16 10:32:31,89.95,29,157628,369178,91.15,250425,-0.88
2021-06-16 10:32:37,89.95,29,157756,368942,91.15,250425,-0.88
2021-06-16 10:32:40,89.95,29,157756,368842,91.15,250425,-0.88
2021-06-16 10:32:43,89.95,29,158256,368842,91.15,250425,-0.88
2021-06-16 10:32:45,90.0,23,158256,368842,91.15,250425,-0.83
2021-06-16 10:32:45,89.9,1000,155612,371077,91.14,251648,-0.94
2021-06-16 10:32:46,89.7,7,155612,371077,91.14,251648,-1.16
2021-06-16 10:32:48,89.7,7,154322,371213,91.14,252311,-1.16
2021-06-16 10:32:49,89.65,1,154322,371213,91.14,252311,-1.21
2021-06-16 10:32:51,89.65,1,154608,370974,91.14,252812,-1.21
2021-06-16 10:32:54,89.65,1,154608,371224,91.14,252812,-1.21
2021-06-16 10:32:56,89.7,100,154608,371224,91.14,252812,-1.16
2021-06-16 10:32:57,89.7,100,154747,371309,91.14,252912,-1.16
2021-06-16 10:32:59,89.7,90,154747,371309,91.14,252912,-1.16
2021-06-16 10:33:00,89.7,90,154485,371319,91.14,253102,-1.16
2021-06-16 10:33:03,89.7,90,154586,371251,91.14,253102,-1.16
2021-06-16 10:33:09,89.7,90,154665,371251,91.14,253102,-1.16
2021-06-16 10:33:11,89.7,10,154665,371251,91.14,253102,-1.16
2021-06-16 10:33:12,89.7,10,155354,370744,91.14,253112,-1.16
2021-06-16 10:33:15,89.7,10,155118,371178,91.14,253112,-1.16
2021-06-16 10:33:18,89.7,10,155342,371403,91.14,253112,-1.16
2021-06-16 10:33:21,89.7,10,155342,371178,91.14,253112,-1.16
2021-06-16 10:33:22,89.8,1,155342,371178,91.14,253112,-1.05
2021-06-16 10:33:23,89.8,1,155478,371165,91.14,253162,-1.05
2021-06-16 10:33:26,89.8,1,155399,371097,91.14,253162,-1.05
2021-06-16 10:33:28,89.8,1,155399,371215,91.14,253162,-1.05
2021-06-16 10:33:32,89.8,1,155499,371015,91.14,253162,-1.05
2021-06-16 10:33:37,89.7,1,155499,371015,91.14,253162,-1.16
2021-06-16 10:33:38,89.7,1,155498,371015,91.14,253163,-1.16
2021-06-16 10:33:47,89.7,1,155343,371047,91.14,253163,-1.16
2021-06-16 10:33:49,89.7,1,155481,371047,91.14,253163,-1.16
2021-06-16 10:33:56,89.7,1,155416,371275,91.14,253163,-1.16
2021-06-16 10:33:56,89.6,100,155416,371275,91.14,253163,-1.27
2021-06-16 10:33:58,89.75,446,155416,371275,91.14,253163,-1.1
2021-06-16 10:33:58,89.75,446,153594,370343,91.12,255439,-1.1
2021-06-16 10:34:01,89.75,446,153957,370400,91.12,255439,-1.1
2021-06-16 10:34:01,89.7,39,153957,370400,91.12,255439,-1.16
2021-06-16 10:34:03,89.7,224,153957,370400,91.12,255439,-1.16
2021-06-16 10:34:04,89.7,224,153682,370352,91.12,255979,-1.16
2021-06-16 10:34:07,89.7,224,153706,370276,91.12,255979,-1.16
2021-06-16 10:34:20,89.7,224,153803,370488,91.12,255979,-1.16
2021-06-16 10:34:28,89.7,224,153723,370565,91.12,255979,-1.16
2021-06-16 10:34:30,89.7,224,153700,370575,91.12,255979,-1.16
2021-06-16 10:34:36,89.7,224,153800,370575,91.12,255979,-1.16
2021-06-16 10:34:42,89.7,224,154275,370217,91.12,255979,-1.16
2021-06-16 10:34:45,89.7,224,154375,370217,91.12,255979,-1.16
2021-06-16 10:34:48,89.7,224,154425,370217,91.12,255979,-1.16
2021-06-16 10:34:51,89.7,224,155639,370197,91.12,255979,-1.16
2021-06-16 10:34:57,89.75,98,155687,370122,91.12,256079,-1.1
2021-06-16 10:34:57,89.9,1,155687,370122,91.12,256079,-0.94
2021-06-16 10:35:00,89.9,1,155832,370189,91.12,256080,-0.94
2021-06-16 10:35:03,89.9,1,156046,370164,91.12,256080,-0.94
2021-06-16 10:35:08,89.9,1,156062,370164,91.12,256080,-0.94
2021-06-16 10:35:10,89.9,1,156401,370199,91.12,256080,-0.94
2021-06-16 10:35:16,89.9,1,156301,370199,91.12,256080,-0.94
2021-06-16 10:35:22,89.9,100,156301,370199,91.12,256080,-0.94
2021-06-16 10:35:26,89.9,11,155887,370909,91.12,256291,-0.94
2021-06-16 10:35:29,89.9,11,156076,371140,91.12,256291,-0.94
2021-06-16 10:35:32,89.9,11,155910,371140,91.12,256291,-0.94
2021-06-16 10:35:35,89.9,11,156320,371215,91.12,256291,-0.94
2021-06-16 10:35:37,89.9,11,156471,370852,91.12,256291,-0.94
2021-06-16 10:35:38,89.95,1,156471,370852,91.12,256291,-0.88
2021-06-16 10:35:40,89.95,1,157101,370404,91.12,256577,-0.88
2021-06-16 10:35:42,89.95,1,157354,370404,91.12,256577,-0.88
2021-06-16 10:35:43,89.95,20,157354,370404,91.12,256577,-0.88
2021-06-16 10:35:44,89.95,2,157354,370404,91.12,256577,-0.88
2021-06-16 10:35:45,89.95,2,157288,370329,91.12,256599,-0.88
2021-06-16 10:35:48,89.95,2,157439,370329,91.12,256599,-0.88
2021-06-16 10:35:55,90.0,30,157439,370329,91.12,256599,-0.83
2021-06-16 10:35:58,90.0,30,157335,370019,91.12,256746,-0.83
2021-06-16 10:36:01,90.0,30,157335,370180,91.12,256746,-0.83
2021-06-16 10:36:04,89.95,36,157335,370180,91.12,256746,-0.88
2021-06-16 10:36:06,89.95,36,157307,369944,91.12,256827,-0.88
2021-06-16 10:36:09,89.95,36,157900,369833,91.12,256827,-0.88
2021-06-16 10:36:11,90.0,100,157900,369833,91.12,256827,-0.83
2021-06-16 10:36:12,90.0,100,159884,369843,91.12,256927,-0.83
2021-06-16 10:36:15,90.0,100,159909,370059,91.12,256927,-0.83
2021-06-16 10:36:18,89.9,23,159909,370059,91.12,256927,-0.94
2021-06-16 10:36:20,89.9,23,158538,371601,91.11,257446,-0.94
2021-06-16 10:36:25,89.9,23,158562,371601,91.11,257446,-0.94
2021-06-16 10:36:35,89.95,77,158562,371601,91.11,257446,-0.88
2021-06-16 10:36:36,89.95,77,158532,371603,91.11,257546,-0.88
2021-06-16 10:36:38,89.95,77,159158,371603,91.11,257546,-0.88
2021-06-16 10:36:44,89.95,15,159158,371603,91.11,257546,-0.88
2021-06-16 10:36:45,89.95,15,159083,371588,91.11,257561,-0.88
2021-06-16 10:36:47,89.95,367,159083,371588,91.11,257561,-0.88
2021-06-16 10:36:48,89.95,367,159562,371229,91.11,258061,-0.88
2021-06-16 10:36:50,89.95,367,159915,371112,91.11,258061,-0.88
2021-06-16 10:36:54,89.85,63,159915,371112,91.11,258061,-0.99
2021-06-16 10:36:55,89.85,63,159853,371322,91.11,258161,-0.99
2021-06-16 10:36:59,89.9,100,159853,371322,91.11,258161,-0.94
2021-06-16 10:37:00,89.95,18,159532,371372,91.11,258261,-0.88
2021-06-16 10:37:03,89.95,18,159677,371354,91.11,258281,-0.88
2021-06-16 10:37:06,89.95,18,159256,371429,91.11,258281,-0.88
2021-06-16 10:37:09,89.95,18,159469,371429,91.11,258281,-0.88
2021-06-16 10:37:11,89.95,18,159484,371429,91.11,258281,-0.88
2021-06-16 10:37:14,89.8,27,159484,371429,91.11,258281,-1.05
2021-06-16 10:37:16,89.8,27,159117,371178,91.1,259281,-1.05
2021-06-16 10:37:18,89.8,27,158969,371178,91.1,259281,-1.05
2021-06-16 10:37:22,89.8,27,159104,371245,91.1,259281,-1.05
2021-06-16 10:37:34,89.95,1,159104,371245,91.1,259281,-0.88
2021-06-16 10:37:37,89.95,1,159332,370812,91.1,259282,-0.88
2021-06-16 10:37:40,89.95,1,159504,370812,91.1,259282,-0.88
2021-06-16 10:37:46,89.95,1,159507,370812,91.1,259282,-0.88
2021-06-16 10:37:51,89.95,1,159507,370712,91.1,259282,-0.88
2021-06-16 10:37:53,89.95,1,159532,370712,91.1,259282,-0.88
2021-06-16 10:37:55,90.0,37,159782,370712,91.1,259282,-0.83
2021-06-16 10:37:57,90.0,37,160218,370434,91.1,259821,-0.83
2021-06-16 10:38:00,90.0,37,160168,370356,91.1,259821,-0.83
2021-06-16 10:38:02,90.0,37,160251,371281,91.1,259821,-0.83
2021-06-16 10:38:04,89.8,81,159310,370635,91.1,260821,-1.05
2021-06-16 10:38:09,89.8,81,159397,370870,91.1,260821,-1.05
2021-06-16 10:38:13,89.8,81,159405,370870,91.1,260821,-1.05
2021-06-16 10:38:16,89.8,81,159466,370870,91.1,260821,-1.05
2021-06-16 10:38:19,89.8,81,159267,370870,91.1,260821,-1.05
2021-06-16 10:38:20,90.0,61,159267,370870,91.1,260821,-0.83
2021-06-16 10:38:22,90.0,61,160026,370740,91.1,260921,-0.83
2021-06-16 10:38:25,90.0,61,159976,370665,91.1,260921,-0.83
2021-06-16 10:38:30,90.0,61,160218,370687,91.1,260921,-0.83
2021-06-16 10:38:32,90.0,61,160246,370687,91.1,260921,-0.83
2021-06-16 10:38:33,90.05,18,160246,370687,91.1,260921,-0.77
2021-06-16 10:38:34,90.05,18,160261,370504,91.1,261021,-0.77
2021-06-16 10:38:36,90.0,14,160261,370504,91.1,261021,-0.83
2021-06-16 10:38:37,90.0,14,159885,370841,91.1,261035,-0.83
2021-06-16 10:38:39,90.0,14,159857,371016,91.1,261035,-0.83
2021-06-16 10:38:42,90.0,14,159857,371041,91.1,261035,-0.83
2021-06-16 10:38:45,90.0,25,159857,371041,91.1,261035,-0.83
2021-06-16 10:38:46,90.0,25,159832,371041,91.1,261060,-0.83
2021-06-16 10:38:52,90.0,61,159832,371041,91.1,261060,-0.83
2021-06-16 10:38:54,90.0,61,159838,371104,91.1,261121,-0.83
2021-06-16 10:38:55,90.1,36,159838,371104,91.1,261121,-0.72
2021-06-16 10:38:56,90.1,36,160536,370326,91.09,262121,-0.72
2021-06-16 10:38:58,90.1,36,160536,370485,91.09,262121,-0.72
2021-06-16 10:38:59,90.15,130,160536,370485,91.09,262121,-0.66
2021-06-16 10:39:01,90.15,130,160830,370196,91.09,262251,-0.66
2021-06-16 10:39:06,90.15,130,160830,370296,91.09,262251,-0.66
2021-06-16 10:39:07,90.15,1,160830,370296,91.09,262251,-0.66
2021-06-16 10:39:09,90.15,1,160830,370084,91.09,262276,-0.66
2021-06-16 10:39:11,90.15,1,160940,370034,91.09,262276,-0.66
2021-06-16 10:39:20,90.15,1,160793,370136,91.09,262276,-0.66
2021-06-16 10:39:30,90.15,1,160823,370371,91.09,262276,-0.66
2021-06-16 10:39:37,90.15,1,160723,370381,91.09,262276,-0.66
2021-06-16 10:39:41,90.15,1,160699,370381,91.09,262276,-0.66
2021-06-16 10:39:45,90.0,100,160699,370381,91.09,262276,-0.83
2021-06-16 10:39:45,90.0,100,159263,371775,91.09,262576,-0.83
2021-06-16 10:39:47,90.0,100,158957,371765,91.09,262576,-0.83
2021-06-16 10:39:50,90.0,25,158957,371765,91.09,262576,-0.83
2021-06-16 10:39:52,90.0,25,159001,371598,91.09,262676,-0.83
2021-06-16 10:39:58,90.0,25,159031,371648,91.09,262676,-0.83
2021-06-16 10:40:04,90.0,25,159031,371458,91.09,262676,-0.83
2021-06-16 10:40:06,89.95,500,159031,371458,91.09,262676,-0.88
2021-06-16 10:40:07,89.95,500,159121,371314,91.09,263176,-0.88
2021-06-16 10:40:10,89.95,500,159303,371159,91.09,263176,-0.88
2021-06-16 10:40:13,89.95,500,160470,371282,91.09,263176,-0.88
2021-06-16 10:40:15,89.95,500,160470,371499,91.09,263176,-0.88
2021-06-16 10:40:16,90.0,50,160470,371499,91.09,263176,-0.83
2021-06-16 10:40:18,90.0,50,160465,371481,91.09,263226,-0.83
2021-06-16 10:40:20,90.0,50,160515,371407,91.09,263226,-0.83
2021-06-16 10:40:23,90.0,50,160546,371417,91.09,263226,-0.83
2021-06-16 10:40:26,90.0,50,160646,371150,91.09,263226,-0.83
2021-06-16 10:40:28,90.0,50,160697,371669,91.09,263226,-0.83
2021-06-16 10:40:31,90.0,50,161220,371669,91.09,263226,-0.83
2021-06-16 10:40:34,90.0,50,161227,371990,91.09,263226,-0.83
2021-06-16 10:40:36,89.9,8,161227,371990,91.09,263226,-0.94
2021-06-16 10:40:36,89.9,8,161176,371013,91.08,264236,-0.94
2021-06-16 10:40:39,89.9,8,161132,371236,91.08,264236,-0.94
2021-06-16 10:40:41,89.9,8,160947,371263,91.08,264236,-0.94
2021-06-16 10:40:49,89.9,8,160947,371290,91.08,264236,-0.94
2021-06-16 10:40:51,89.9,8,160962,371427,91.08,264236,-0.94
2021-06-16 10:40:55,89.9,8,161009,371427,91.08,264236,-0.94
2021-06-16 10:41:02,89.9,8,160967,371632,91.08,264236,-0.94
2021-06-16 10:41:06,89.9,8,161011,372133,91.08,264236,-0.94
2021-06-16 10:41:09,89.9,8,161213,371978,91.08,264236,-0.94
2021-06-16 10:41:11,89.9,8,161136,371753,91.08,264236,-0.94
2021-06-16 10:41:13,89.9,8,161313,371753,91.08,264236,-0.94
2021-06-16 10:41:16,89.9,8,161414,372367,91.08,264236,-0.94
2021-06-16 10:41:19,89.9,8,161424,372367,91.08,264236,-0.94
2021-06-16 10:41:22,89.9,86,160182,372647,91.08,265236,-0.94
2021-06-16 10:41:24,90.0,5,160182,372647,91.08,265236,-0.83
2021-06-16 10:41:25,90.0,5,160259,372642,91.08,265241,-0.83
2021-06-16 10:41:33,90.0,5,160186,372642,91.08,265241,-0.83
2021-06-16 10:41:35,90.0,5,160339,372808,91.08,265241,-0.83
2021-06-16 10:41:40,90.0,5,160439,372808,91.08,265241,-0.83
2021-06-16 10:41:43,90.0,25,160439,372808,91.08,265241,-0.83
2021-06-16 10:41:45,90.0,25,160409,372691,91.08,265266,-0.83
2021-06-16 10:41:50,90.0,25,160801,372675,91.08,265266,-0.83
2021-06-16 10:41:52,90.0,25,161836,372975,91.08,265266,-0.83
2021-06-16 10:41:55,90.0,25,161936,372975,91.08,265266,-0.83
2021-06-16 10:42:02,89.9,27,161936,372975,91.08,265266,-0.94
2021-06-16 10:42:03,89.9,27,161907,372975,91.08,265353,-0.94
2021-06-16 10:42:05,89.9,27,162007,372975,91.08,265353,-0.94
2021-06-16 10:42:10,89.9,27,162614,372833,91.08,265353,-0.94
2021-06-16 10:42:13,90.0,10,162614,372833,91.08,265353,-0.83
2021-06-16 10:42:14,90.0,10,162614,372749,91.08,265363,-0.83
2021-06-16 10:42:16,90.0,10,162534,372778,91.08,265363,-0.83
2021-06-16 10:42:26,90.05,444,162534,372778,91.08,265363,-0.77
2021-06-16 10:42:27,90.05,444,163699,371873,91.08,265972,-0.77
2021-06-16 10:42:34,90.0,165,162727,371906,91.07,266972,-0.83
2021-06-16 10:42:39,90.0,165,162665,372136,91.07,266972,-0.83
2021-06-16 10:42:41,90.0,165,162614,372136,91.07,266972,-0.83
2021-06-16 10:42:42,90.1,7,162614,372136,91.07,266972,-0.72
2021-06-16 10:42:42,90.1,444,162614,372136,91.07,266972,-0.72
2021-06-16 10:42:44,90.1,444,162683,371681,91.07,267425,-0.72
2021-06-16 10:42:51,90.1,444,163257,371627,91.07,267425,-0.72
2021-06-16 10:42:54,90.15,2,163257,371627,91.07,267425,-0.66
2021-06-16 10:42:55,90.15,2,163183,371442,91.07,267475,-0.66
2021-06-16 10:42:57,90.15,5,163183,371442,91.07,267475,-0.66
2021-06-16 10:42:57,90.15,5,163178,371363,91.07,267480,-0.66
2021-06-16 10:43:00,90.15,5,163178,371413,91.07,267480,-0.66
2021-06-16 10:43:03,90.15,5,163620,371487,91.07,267480,-0.66
2021-06-16 10:43:09,90.15,5,163388,371631,91.07,267480,-0.66
2021-06-16 10:43:10,90.2,109,163388,371631,91.07,267480,-0.61
2021-06-16 10:43:12,90.2,109,163737,370629,91.07,267980,-0.61
2021-06-16 10:43:13,90.15,20,163737,370629,91.07,267980,-0.66
2021-06-16 10:43:15,90.15,20,163737,370697,91.07,268000,-0.66
2021-06-16 10:43:18,90.05,152,163737,370697,91.07,268000,-0.77
2021-06-16 10:43:20,90.05,152,163607,370855,91.07,268200,-0.77
2021-06-16 10:43:23,90.05,152,163837,370929,91.07,268200,-0.77
2021-06-16 10:43:31,90.05,152,163728,371071,91.07,268200,-0.77
2021-06-16 10:43:32,90.2,4,163728,371071,91.07,268200,-0.61
2021-06-16 10:43:33,90.2,4,163649,371301,91.07,268204,-0.61
2021-06-16 10:43:34,90.05,33,163649,371301,91.07,268204,-0.77
2021-06-16 10:43:35,90.05,33,163537,371178,91.07,268304,-0.77
2021-06-16 10:43:37,90.05,33,163537,371266,91.07,268304,-0.77
2021-06-16 10:43:40,90.05,33,164537,371172,91.07,268304,-0.77
2021-06-16 10:43:42,90.05,33,164737,371022,91.07,268304,-0.77
2021-06-16 10:43:43,90.35,37,164737,371022,91.07,268304,-0.44
2021-06-16 10:43:46,90.35,37,166492,366400,91.05,273317,-0.44
2021-06-16 10:43:51,90.35,37,166492,365400,91.05,273317,-0.44
2021-06-16 10:43:55,90.35,37,166492,365425,91.05,273317,-0.44
2021-06-16 10:43:56,90.4,150,166492,365425,91.05,273317,-0.39
2021-06-16 10:43:57,90.4,150,166492,365093,91.05,273617,-0.39
2021-06-16 10:44:07,90.4,10,166492,365093,91.05,273617,-0.39
2021-06-16 10:44:09,90.4,10,166031,364468,91.05,274328,-0.39
2021-06-16 10:44:10,90.4,10,166257,364391,91.05,274328,-0.39
2021-06-16 10:44:13,90.4,1,166257,364391,91.05,274328,-0.39
2021-06-16 10:44:15,90.4,1,166256,364291,91.05,274329,-0.39
2021-06-16 10:44:16,90.4,100,166256,364291,91.05,274329,-0.39
2021-06-16 10:44:17,90.4,100,166156,364217,91.05,274429,-0.39
2021-06-16 10:44:21,90.5,50,166156,364267,91.05,274479,-0.28
2021-06-16 10:44:24,90.5,50,166156,364167,91.05,274479,-0.28
2021-06-16 10:44:25,90.5,50,165966,364167,91.05,274479,-0.28
2021-06-16 10:44:28,90.5,50,165966,364267,91.05,274479,-0.28
2021-06-16 10:44:30,90.6,21,165975,364322,91.05,274479,-0.17
2021-06-16 10:44:32,90.6,21,165296,364841,91.05,275479,-0.17
2021-06-16 10:44:33,90.4,1,165296,364841,91.05,275479,-0.39
2021-06-16 10:44:33,90.2,13,165296,364841,91.05,275479,-0.61
2021-06-16 10:44:34,90.2,13,163602,365241,91.04,277980,-0.61
2021-06-16 10:44:36,90.2,13,163747,365042,91.04,277980,-0.61
2021-06-16 10:44:39,90.2,13,163758,365367,91.04,277980,-0.61
2021-06-16 10:44:40,90.2,13,163702,365346,91.04,277980,-0.61
2021-06-16 10:44:49,90.2,13,163968,365727,91.04,277980,-0.61
2021-06-16 10:44:52,90.2,13,164061,365727,91.04,277980,-0.61
2021-06-16 10:44:54,90.2,13,165283,365394,91.04,277980,-0.61
2021-06-16 10:44:57,90.2,13,165283,365617,91.04,277980,-0.61
2021-06-16 10:45:03,90.3,443,165330,365319,91.04,278423,-0.5
2021-06-16 10:45:05,90.3,443,165405,365634,91.04,278423,-0.5
2021-06-16 10:45:07,90.3,443,165439,365625,91.04,278423,-0.5
2021-06-16 10:45:17,90.3,443,165621,365626,91.04,278423,-0.5
2021-06-16 10:45:21,90.3,443,165611,365922,91.04,278423,-0.5
2021-06-16 10:45:28,90.3,50,165611,365922,91.04,278423,-0.5
2021-06-16 10:45:30,90.3,50,165648,365847,91.04,278473,-0.5
2021-06-16 10:45:32,90.3,50,166023,365691,91.04,278473,-0.5
2021-06-16 10:45:34,90.3,50,166043,365691,91.04,278473,-0.5
2021-06-16 10:45:39,90.3,50,166043,365696,91.04,278473,-0.5
2021-06-16 10:45:40,90.4,250,166438,365047,91.04,278853,-0.39
2021-06-16 10:45:46,90.4,250,167373,365096,91.04,278853,-0.39
2021-06-16 10:45:48,90.5,80,167373,365096,91.04,278853,-0.28
2021-06-16 10:45:49,90.5,80,167402,364480,91.04,279035,-0.28
2021-06-16 10:45:51,90.6,24,167251,364371,91.04,279080,-0.17
2021-06-16 10:45:51,90.45,80,167251,364371,91.04,279080,-0.33
2021-06-16 10:45:53,90.6,8,166761,364678,91.04,279444,-0.17
2021-06-16 10:45:58,90.6,8,167190,364782,91.04,279444,-0.17
2021-06-16 10:46:02,90.6,8,167147,365020,91.04,279444,-0.17
2021-06-16 10:46:03,90.4,1,167147,365020,91.04,279444,-0.39
2021-06-16 10:46:04,90.4,1,166603,365583,91.04,279445,-0.39
2021-06-16 10:46:06,90.4,1,166865,365583,91.04,279445,-0.39
2021-06-16 10:46:07,90.45,1,166865,365583,91.04,279445,-0.33
2021-06-16 10:46:09,90.45,708,166338,365271,91.04,279623,-0.33
2021-06-16 10:46:11,90.45,708,166733,365274,91.04,280658,-0.33
2021-06-16 10:46:14,90.5,100,166555,365479,91.04,280758,-0.28
2021-06-16 10:46:15,90.45,10,166555,365479,91.04,280758,-0.33
2021-06-16 10:46:16,90.45,30,166593,365404,91.03,280798,-0.33
2021-06-16 10:46:21,90.45,30,166615,365454,91.03,280798,-0.33
2021-06-16 10:46:24,90.45,30,166659,365454,91.03,280798,-0.33
2021-06-16 10:46:30,90.45,30,167435,365377,91.03,280798,-0.33
2021-06-16 10:46:36,90.45,30,167582,365377,91.03,280798,-0.33
2021-06-16 10:46:39,90.45,30,167582,365427,91.03,280798,-0.33
2021-06-16 10:46:41,90.45,30,167588,365427,91.03,280798,-0.33
2021-06-16 10:46:43,90.45,30,167363,365427,91.03,280798,-0.33
2021-06-16 10:46:44,90.45,35,167363,365427,91.03,280798,-0.33
2021-06-16 10:46:46,90.45,35,167505,365327,91.03,281298,-0.33
2021-06-16 10:46:49,90.45,35,167720,365401,91.03,281298,-0.33
2021-06-16 10:46:55,90.6,8,167720,365401,91.03,281298,-0.17
2021-06-16 10:46:57,90.6,8,167720,365604,91.03,281306,-0.17
2021-06-16 10:47:01,90.6,8,167730,365629,91.03,281306,-0.17
2021-06-16 10:47:06,90.6,8,167515,365739,91.03,281306,-0.17
2021-06-16 10:47:10,90.6,8,167730,365729,91.03,281306,-0.17
2021-06-16 10:47:12,90.6,35,167730,365729,91.03,281306,-0.17
2021-06-16 10:47:13,90.6,6,167730,365729,91.03,281306,-0.17
2021-06-16 10:47:14,90.6,6,167639,365642,91.03,281406,-0.17
2021-06-16 10:47:17,90.6,6,167813,365239,91.03,281406,-0.17
2021-06-16 10:47:19,90.5,250,167866,365688,91.03,281656,-0.28
2021-06-16 10:47:21,90.5,505,167866,365688,91.03,281656,-0.28
2021-06-16 10:47:22,90.5,505,167829,365688,91.03,282161,-0.28
2021-06-16 10:47:23,90.55,1,167829,365688,91.03,282161,-0.22
2021-06-16 10:47:25,90.55,1,167719,365762,91.03,282162,-0.22
2021-06-16 10:47:33,90.55,1,167719,365761,91.03,282163,-0.22
2021-06-16 10:47:42,90.55,1,167851,365761,91.03,282163,-0.22
2021-06-16 10:47:46,90.55,1,167851,365736,91.03,282163,-0.22
2021-06-16 10:47:48,90.55,1,167588,365736,91.03,282163,-0.22
2021-06-16 10:47:51,90.55,1,167688,365862,91.03,282163,-0.22
2021-06-16 10:47:54,90.55,1,167571,366059,91.03,282163,-0.22
2021-06-16 10:47:58,90.5,250,167571,366059,91.03,282163,-0.28
2021-06-16 10:47:58,90.5,250,167362,365709,91.03,282413,-0.28
2021-06-16 10:48:01,90.5,250,167285,365714,91.03,282413,-0.28
2021-06-16 10:48:07,90.55,623,167285,365714,91.03,282413,-0.22
2021-06-16 10:48:08,90.55,623,167765,364610,91.03,284351,-0.22
2021-06-16 10:48:11,90.55,25,167757,364684,91.03,284351,-0.22
2021-06-16 10:48:13,90.55,25,167711,364684,91.03,284376,-0.22
2021-06-16 10:48:21,90.55,25,167711,364934,91.03,284376,-0.22
2021-06-16 10:48:24,90.55,25,167211,365159,91.03,284376,-0.22
2021-06-16 10:48:26,90.55,25,167211,365759,91.03,284376,-0.22
2021-06-16 10:48:28,90.55,25,167212,365759,91.03,284376,-0.22
2021-06-16 10:48:35,90.5,92,166713,365787,91.03,285986,-0.28
2021-06-16 10:48:39,90.5,413,166713,365787,91.03,285986,-0.28
2021-06-16 10:48:39,90.5,413,166593,365883,91.02,286399,-0.28
2021-06-16 10:48:51,90.5,413,166416,366085,91.02,286399,-0.28
2021-06-16 10:49:01,90.5,500,166416,366085,91.02,286399,-0.28
2021-06-16 10:49:01,90.5,21,166416,366085,91.02,286399,-0.28
2021-06-16 10:49:02,90.5,21,166335,366012,91.02,286920,-0.28
2021-06-16 10:49:04,90.5,21,166129,366231,91.02,286920,-0.28
2021-06-16 10:49:06,90.55,15,166129,366231,91.02,286920,-0.22
2021-06-16 10:49:06,90.55,15,166718,366125,91.02,286935,-0.22
2021-06-16 10:49:09,90.5,30,166611,366125,91.02,286965,-0.28
2021-06-16 10:49:12,90.5,206,166611,366125,91.02,286965,-0.28
2021-06-16 10:49:13,90.5,206,166713,365598,91.02,287471,-0.28
2021-06-16 10:49:31,90.5,206,166713,365624,91.02,287471,-0.28
2021-06-16 10:49:34,90.5,206,166713,365544,91.02,287471,-0.28
2021-06-16 10:49:36,90.5,206,166787,365778,91.02,287471,-0.28
2021-06-16 10:49:38,90.6,40,166787,365778,91.02,287471,-0.17
2021-06-16 10:49:39,90.6,40,166787,365738,91.02,287511,-0.17
2021-06-16 10:49:41,90.6,40,166787,365638,91.02,287511,-0.17
2021-06-16 10:49:49,90.6,40,166767,365812,91.02,287511,-0.17
2021-06-16 10:49:53,90.6,40,166472,365812,91.02,287511,-0.17
2021-06-16 10:50:06,90.6,40,166707,365916,91.02,287511,-0.17
2021-06-16 10:50:08,90.6,40,166807,365916,91.02,287511,-0.17
2021-06-16 10:50:10,90.6,40,166572,365919,91.02,287511,-0.17
2021-06-16 10:50:13,90.45,78,166705,365934,91.02,287511,-0.33
2021-06-16 10:50:15,90.45,78,166367,366240,91.02,287589,-0.33
2021-06-16 10:50:19,90.55,20,166290,367220,91.02,287609,-0.22
2021-06-16 10:50:35,90.55,20,166235,367220,91.02,287609,-0.22
2021-06-16 10:50:37,90.55,20,166235,367120,91.02,287609,-0.22
2021-06-16 10:50:51,90.55,20,166135,367220,91.02,287609,-0.22
2021-06-16 10:50:57,90.55,20,166391,367220,91.02,287609,-0.22
2021-06-16 10:51:07,90.55,20,166389,367286,91.02,287609,-0.22
2021-06-16 10:51:21,90.55,20,166169,367286,91.02,287609,-0.22
2021-06-16 10:51:24,90.55,20,166386,367286,91.02,287609,-0.22
2021-06-16 10:51:28,90.55,15,166386,367365,91.02,287659,-0.22
2021-06-16 10:51:39,90.55,15,166386,367311,91.02,287659,-0.22
2021-06-16 10:51:43,90.55,15,166499,367311,91.02,287659,-0.22
2021-06-16 10:51:45,90.55,15,166499,367331,91.02,287659,-0.22
2021-06-16 10:51:48,90.55,15,166499,367107,91.02,287659,-0.22
2021-06-16 10:51:51,90.55,10,166499,367339,91.02,287659,-0.22
2021-06-16 10:51:52,90.55,10,166499,367279,91.02,287669,-0.22
2021-06-16 10:51:55,90.55,10,166509,367326,91.02,287669,-0.22
2021-06-16 10:51:58,90.55,10,166509,367576,91.02,287669,-0.22
2021-06-16 10:52:01,90.55,10,166279,367576,91.02,287669,-0.22
2021-06-16 10:52:03,90.55,10,166511,367588,91.02,287669,-0.22
2021-06-16 10:52:05,90.55,10,166479,367738,91.02,287669,-0.22
2021-06-16 10:52:07,90.55,10,166742,367144,91.02,287669,-0.22
2021-06-16 10:52:12,90.55,10,166742,367218,91.02,287669,-0.22
2021-06-16 10:52:21,90.55,10,166858,366983,91.02,287669,-0.22
2021-06-16 10:52:25,90.55,10,166858,366993,91.02,287669,-0.22
2021-06-16 10:52:27,90.55,10,166915,366919,91.02,287669,-0.22
2021-06-16 10:52:29,90.55,10,166915,367134,91.02,287669,-0.22
2021-06-16 10:52:33,90.35,167,166915,367134,91.02,287669,-0.44
2021-06-16 10:52:34,90.35,4,165983,367297,91.02,288808,-0.44
2021-06-16 10:52:36,90.35,4,165493,367411,91.02,288812,-0.44
2021-06-16 10:52:46,90.35,4,165419,367411,91.02,288812,-0.44
2021-06-16 10:52:49,90.45,20,165419,367411,91.02,288812,-0.33
2021-06-16 10:52:51,90.45,20,165550,367384,91.02,288832,-0.33
2021-06-16 10:52:52,90.45,20,165550,367334,91.02,288832,-0.33
2021-06-16 10:52:57,90.45,20,166550,367334,91.02,288832,-0.33
2021-06-16 10:52:59,90.45,20,166550,367484,91.02,288832,-0.33
2021-06-16 10:53:07,90.45,20,166550,367534,91.02,288832,-0.33
2021-06-16 10:53:12,90.45,20,166550,367544,91.02,288832,-0.33
2021-06-16 10:53:27,90.45,20,166673,368008,91.02,288832,-0.33
2021-06-16 10:53:27,90.15,184,166673,368008,91.02,288832,-0.66
2021-06-16 10:53:29,90.15,184,166101,368525,91.02,289332,-0.66
2021-06-16 10:53:31,90.05,100,166101,368525,91.02,289332,-0.77
2021-06-16 10:53:33,90.15,90,165468,368774,91.02,289522,-0.66
2021-06-16 10:53:35,90.15,90,165625,368774,91.02,289522,-0.66
2021-06-16 10:53:37,90.15,90,165628,368824,91.02,289522,-0.66
2021-06-16 10:53:40,90.15,90,165392,368816,91.02,289522,-0.66
2021-06-16 10:53:47,90.15,90,165392,368866,91.02,289522,-0.66
2021-06-16 10:53:50,90.15,10,165392,368866,91.02,289522,-0.66
2021-06-16 10:53:56,90.15,10,165392,369020,91.02,289532,-0.66
2021-06-16 10:53:58,90.15,11,165392,369020,91.02,289532,-0.66
2021-06-16 10:53:58,90.15,11,165292,369009,91.02,289543,-0.66
2021-06-16 10:54:00,89.9,156,165292,369009,91.02,289543,-0.94
2021-06-16 10:54:01,89.9,156,164334,369362,91.01,290543,-0.94
2021-06-16 10:54:03,89.9,156,164272,369362,91.01,290543,-0.94
2021-06-16 10:54:04,89.85,33,164272,369362,91.01,290543,-0.99
2021-06-16 10:54:05,89.85,33,163581,369362,91.01,291543,-0.99
2021-06-16 10:54:07,89.8,923,161796,369043,91.0,293543,-1.05
2021-06-16 10:54:09,89.8,923,161749,369244,91.0,293543,-1.05
2021-06-16 10:54:10,90.0,96,161749,369244,91.0,293543,-0.83
2021-06-16 10:54:12,90.0,96,162233,369251,91.0,293643,-0.83
2021-06-16 10:54:19,90.0,96,162233,369261,91.0,293643,-0.83
2021-06-16 10:54:21,90.0,96,162233,369453,91.0,293643,-0.83
2021-06-16 10:54:23,90.0,96,162333,369431,91.0,293643,-0.83
2021-06-16 10:54:24,89.95,50,162333,369431,91.0,293643,-0.88
2021-06-16 10:54:25,89.95,50,162333,369463,91.0,293693,-0.88
2021-06-16 10:54:30,89.95,100,162333,369463,91.0,293693,-0.88
2021-06-16 10:54:31,89.95,30,162333,369463,91.0,293693,-0.88
2021-06-16 10:54:31,89.95,9,162487,369409,91.0,293823,-0.88
2021-06-16 10:54:33,89.95,9,162487,369400,91.0,293832,-0.88
2021-06-16 10:54:42,89.95,9,162531,369151,91.0,293832,-0.88
2021-06-16 10:54:45,89.8,19,162531,369151,91.0,293832,-1.05
2021-06-16 10:54:46,89.8,19,162327,369557,91.0,294032,-1.05
2021-06-16 10:54:48,89.95,45,162327,369557,91.0,294032,-0.88
2021-06-16 10:54:49,89.95,45,162929,369671,91.0,294182,-0.88
2021-06-16 10:54:51,89.95,45,162702,369831,91.0,294182,-0.88
2021-06-16 10:54:57,89.95,45,162583,369882,91.0,294182,-0.88
2021-06-16 10:55:02,89.9,10,162539,369848,91.0,294182,-0.94
2021-06-16 10:55:04,89.9,10,162539,369848,91.0,294192,-0.94
2021-06-16 10:55:09,89.9,10,162790,369848,91.0,294192,-0.94
2021-06-16 10:55:12,89.9,10,162953,369748,91.0,294192,-0.94
2021-06-16 10:55:15,89.9,10,163083,369830,91.0,294192,-0.94
2021-06-16 10:55:20,89.9,10,163117,369830,91.0,294192,-0.94
2021-06-16 10:55:25,89.9,10,163517,369903,91.0,294192,-0.94
2021-06-16 10:55:35,89.9,10,163542,369803,91.0,294192,-0.94
2021-06-16 10:55:37,89.9,10,163420,369743,91.0,294192,-0.94
2021-06-16 10:55:40,89.8,197,162987,369615,91.0,294492,-1.05
2021-06-16 10:55:42,89.8,197,162923,369565,91.0,294492,-1.05
2021-06-16 10:55:45,89.8,197,163137,369638,91.0,294492,-1.05
2021-06-16 10:55:49,89.8,197,163306,369638,91.0,294492,-1.05
2021-06-16 10:55:52,89.8,197,163075,369865,91.0,294492,-1.05
2021-06-16 10:55:54,89.8,197,163289,369865,91.0,294492,-1.05
2021-06-16 10:55:59,89.8,197,163389,370105,91.0,294492,-1.05
2021-06-16 10:56:15,89.8,197,163390,370105,91.0,294492,-1.05
2021-06-16 10:56:18,89.8,197,163340,371115,91.0,294492,-1.05
2021-06-16 10:56:21,89.8,197,163538,371115,91.0,294492,-1.05
2021-06-16 10:56:21,89.85,45,163538,371115,91.0,294492,-0.99
2021-06-16 10:56:23,89.85,45,163372,371197,91.0,294592,-0.99
2021-06-16 10:56:28,89.85,45,163525,371097,91.0,294592,-0.99
2021-06-16 10:56:37,89.85,45,163597,370856,91.0,294592,-0.99
2021-06-16 10:56:39,89.85,45,163922,370712,91.0,294592,-0.99
2021-06-16 10:56:42,89.85,45,163522,370534,91.0,294592,-0.99
2021-06-16 10:56:45,89.85,45,163522,370672,91.0,294592,-0.99
2021-06-16 10:56:50,89.85,45,163540,370672,91.0,294592,-0.99
2021-06-16 10:56:52,89.85,45,163731,370754,91.0,294592,-0.99
2021-06-16 10:57:03,89.9,100,163731,370754,91.0,294592,-0.94
2021-06-16 10:57:04,89.9,100,163631,370682,91.0,294692,-0.94
2021-06-16 10:57:06,89.8,125,163631,370682,91.0,294692,-1.05
2021-06-16 10:57:07,89.8,125,162972,371098,90.99,295592,-1.05
2021-06-16 10:57:09,89.8,125,162897,371727,90.99,295592,-1.05
2021-06-16 10:57:10,89.7,57,162897,371727,90.99,295592,-1.16
2021-06-16 10:57:11,89.8,10,162897,371727,90.99,295592,-1.05
2021-06-16 10:57:12,89.8,10,159773,371914,90.98,297802,-1.05
2021-06-16 10:57:14,89.8,10,159923,371915,90.98,297802,-1.05
2021-06-16 10:57:18,89.8,10,159933,371898,90.98,297802,-1.05
2021-06-16 10:57:20,89.8,10,159933,371945,90.98,297802,-1.05
2021-06-16 10:57:21,89.8,12,159933,371945,90.98,297802,-1.05
2021-06-16 10:57:22,89.8,12,156933,371933,90.98,297814,-1.05
2021-06-16 10:57:24,89.6,13,156933,371933,90.98,297814,-1.27
2021-06-16 10:57:25,89.6,13,156920,371998,90.98,297827,-1.27
2021-06-16 10:57:27,89.6,200,156920,371998,90.98,297827,-1.27
2021-06-16 10:57:27,89.6,200,156793,371933,90.98,298027,-1.27
2021-06-16 10:57:33,89.6,200,156730,371933,90.98,298027,-1.27
2021-06-16 10:57:33,89.6,131,156730,371933,90.98,298027,-1.27
2021-06-16 10:57:35,89.7,73,156606,373054,90.98,298458,-1.16
2021-06-16 10:57:38,89.7,73,156531,373054,90.98,298458,-1.16
2021-06-16 10:57:40,89.7,73,156581,373054,90.98,298458,-1.16
2021-06-16 10:57:43,89.7,50,156718,372955,90.98,298508,-1.16
2021-06-16 10:57:46,89.7,50,157106,373155,90.98,298508,-1.16
2021-06-16 10:57:51,89.7,50,157206,373155,90.98,298508,-1.16
2021-06-16 10:57:53,89.7,30,157206,373155,90.98,298508,-1.16
2021-06-16 10:57:54,89.7,30,157206,373157,90.98,298538,-1.16
2021-06-16 10:57:55,89.7,1,157206,373157,90.98,298538,-1.16
2021-06-16 10:57:56,89.7,1,157206,373084,90.98,298539,-1.16
2021-06-16 10:58:02,89.9,200,157206,373084,90.98,298539,-0.94
2021-06-16 10:58:03,89.9,200,158247,370155,90.97,301470,-0.94
2021-06-16 10:58:04,89.85,1,158247,370155,90.97,301470,-0.99
2021-06-16 10:58:06,90.0,1,158847,370718,90.97,301504,-0.83
2021-06-16 10:58:09,90.0,1,158947,370718,90.97,301504,-0.83
2021-06-16 10:58:11,90.0,1,159616,370876,90.97,301504,-0.83
2021-06-16 10:58:25,90.0,1,159616,371017,90.97,301504,-0.83
2021-06-16 10:58:26,89.9,257,159616,371017,90.97,301504,-0.94
2021-06-16 10:58:27,89.9,1,159616,371017,90.97,301504,-0.94
2021-06-16 10:58:31,89.9,1,159067,372010,90.97,302105,-0.94
2021-06-16 10:58:31,89.9,1,159067,372009,90.97,302106,-0.94
2021-06-16 10:58:34,89.9,1,158852,372009,90.97,302106,-0.94
2021-06-16 10:58:39,89.9,39,159305,371970,90.97,302145,-0.94
2021-06-16 10:58:40,89.9,100,159305,371970,90.97,302145,-0.94
2021-06-16 10:58:41,89.9,300,159305,371970,90.97,302145,-0.94
2021-06-16 10:58:42,89.9,1,162631,371313,90.97,302704,-0.94
2021-06-16 10:58:56,89.9,299,163480,371237,90.97,302705,-0.94
2021-06-16 10:58:57,89.9,1,163480,371237,90.97,302705,-0.94
2021-06-16 10:58:58,89.9,1,163496,371169,90.96,303005,-0.94
2021-06-16 10:59:03,89.9,1,163260,371069,90.96,303005,-0.94
2021-06-16 10:59:06,89.9,1,163481,371069,90.96,303005,-0.94
2021-06-16 10:59:09,89.9,1,163581,371069,90.96,303005,-0.94
2021-06-16 10:59:22,89.9,300,163581,370069,90.96,303005,-0.94
2021-06-16 10:59:23,89.9,1,163581,370069,90.96,303005,-0.94
2021-06-16 10:59:24,89.9,1,163537,370288,90.96,303806,-0.94
2021-06-16 10:59:34,89.9,1,163513,370188,90.96,303806,-0.94
2021-06-16 10:59:37,89.9,1,163475,369981,90.96,303806,-0.94
2021-06-16 10:59:42,89.9,1,163625,369981,90.96,303806,-0.94
2021-06-16 10:59:43,90.0,38,163625,369981,90.96,303806,-0.83
2021-06-16 10:59:43,90.0,38,164521,369111,90.96,304646,-0.83
2021-06-16 10:59:44,90.1,1,164521,369111,90.96,304646,-0.72
2021-06-16 10:59:45,90.1,1,164520,369038,90.96,304647,-0.72
2021-06-16 10:59:48,90.1,1,164908,369038,90.96,304647,-0.72
2021-06-16 10:59:56,90.1,1,164808,369038,90.96,304647,-0.72
2021-06-16 11:00:01,90.1,1,164808,369044,90.96,304647,-0.72
2021-06-16 11:00:10,90.1,1,164808,368984,90.96,304647,-0.72
2021-06-16 11:00:14,90.1,218,164808,368984,90.96,304647,-0.72
2021-06-16 11:00:15,90.1,218,164808,369229,90.96,305047,-0.72
2021-06-16 11:00:20,90.05,1,164707,369538,90.96,305048,-0.77
2021-06-16 11:00:25,90.05,1,164757,369466,90.96,305048,-0.77
2021-06-16 11:00:30,90.0,1,164757,369466,90.96,305048,-0.83
2021-06-16 11:00:32,90.0,1,164699,369748,90.96,305049,-0.83
2021-06-16 11:00:35,90.0,1,164892,369811,90.96,305049,-0.83
2021-06-16 11:00:37,90.0,1,165208,369518,90.96,305049,-0.83
2021-06-16 11:00:46,90.0,65,165208,369518,90.96,305049,-0.83
2021-06-16 11:00:52,90.1,1,165113,369682,90.96,305115,-0.72
2021-06-16 11:00:52,90.1,1,165894,368685,90.96,305152,-0.72
2021-06-16 11:00:53,90.3,1,165894,368685,90.96,305152,-0.5
2021-06-16 11:00:55,90.3,1,165630,368635,90.96,305153,-0.5
2021-06-16 11:00:57,90.3,1,165845,368476,90.96,305153,-0.5
2021-06-16 11:01:00,90.3,1,165917,368638,90.96,305153,-0.5
2021-06-16 11:01:15,90.3,1,165998,368838,90.96,305153,-0.5
2021-06-16 11:01:24,90.3,1,165998,368938,90.96,305153,-0.5
2021-06-16 11:01:27,90.3,1,166023,369148,90.96,305153,-0.5
2021-06-16 11:01:29,90.3,1,166048,368922,90.96,305153,-0.5
2021-06-16 11:01:31,90.3,1,166036,368922,90.96,305153,-0.5
2021-06-16 11:01:34,90.3,1,166123,368922,90.96,305153,-0.5
2021-06-16 11:01:36,90.3,1,166088,368921,90.96,305153,-0.5
2021-06-16 11:01:39,90.3,1,166047,368921,90.96,305153,-0.5
2021-06-16 11:01:41,90.3,1,166098,369421,90.96,305153,-0.5
2021-06-16 11:01:43,90.3,1,166108,369646,90.96,305153,-0.5
2021-06-16 11:01:46,90.3,1,166964,369640,90.96,305153,-0.5
2021-06-16 11:01:48,90.3,1,167044,369885,90.96,305153,-0.5
2021-06-16 11:01:51,90.3,1,166643,370068,90.96,305153,-0.5
2021-06-16 11:01:53,90.3,1,166417,370185,90.96,305153,-0.5
2021-06-16 11:02:01,90.3,1,166418,370185,90.96,305153,-0.5
2021-06-16 11:02:09,90.3,1,166418,370195,90.96,305153,-0.5
2021-06-16 11:02:14,90.3,1,166466,370260,90.96,305153,-0.5
2021-06-16 11:02:22,90.3,1,166572,370271,90.96,305153,-0.5
2021-06-16 11:02:33,90.3,1,166600,370298,90.96,305153,-0.5
2021-06-16 11:02:37,90.15,30,166570,370268,90.96,305183,-0.66
2021-06-16 11:02:46,90.25,180,166467,370060,90.96,305363,-0.55
2021-06-16 11:02:49,90.25,180,166367,370060,90.96,305363,-0.55
2021-06-16 11:02:49,90.15,3,166367,370060,90.96,305363,-0.66
2021-06-16 11:02:52,90.15,3,166364,369738,90.96,305366,-0.66
2021-06-16 11:02:54,90.15,3,166364,369638,90.96,305366,-0.66
2021-06-16 11:03:12,90.15,3,166464,369638,90.96,305366,-0.66
2021-06-16 11:03:16,90.15,1,166464,369638,90.96,305366,-0.66
2021-06-16 11:03:16,90.15,1,166439,370075,90.96,305367,-0.66
2021-06-16 11:03:22,90.15,1,166339,370075,90.96,305367,-0.66
2021-06-16 11:03:33,90.15,1,166839,370075,90.96,305367,-0.66
2021-06-16 11:03:40,90.15,1,166874,370065,90.96,305367,-0.66
2021-06-16 11:03:52,90.15,1,166774,370065,90.96,305367,-0.66
2021-06-16 11:03:57,90.15,1,166774,370100,90.96,305367,-0.66
2021-06-16 11:04:10,90.15,1,167774,370100,90.96,305367,-0.66
2021-06-16 11:04:17,90.15,1,167674,370100,90.96,305367,-0.66
2021-06-16 11:04:20,90.25,5,167674,370100,90.96,305367,-0.55
2021-06-16 11:04:21,90.25,5,167683,369815,90.96,305372,-0.55
2021-06-16 11:04:26,90.25,5,167539,369815,90.96,305372,-0.55
2021-06-16 11:04:33,90.25,5,167535,370064,90.96,305372,-0.55
2021-06-16 11:04:40,90.25,5,165035,370070,90.96,305372,-0.55
2021-06-16 11:04:47,90.25,1,165035,370070,90.96,305372,-0.55
2021-06-16 11:04:49,90.25,1,165461,369671,90.96,305388,-0.55
2021-06-16 11:04:51,90.25,1,165761,369599,90.96,305388,-0.55
2021-06-16 11:04:57,90.25,1,166656,369599,90.96,305388,-0.55
2021-06-16 11:05:04,90.25,1,166656,369499,90.96,305388,-0.55
2021-06-16 11:05:05,90.25,1,166655,369499,90.96,305389,-0.55
2021-06-16 11:05:09,90.25,1,166705,369499,90.96,305389,-0.55
2021-06-16 11:05:14,90.25,30,166705,369499,90.96,305389,-0.55
2021-06-16 11:05:16,90.25,30,166750,369499,90.96,305419,-0.55
2021-06-16 11:05:37,90.25,30,166675,369571,90.96,305419,-0.55
2021-06-16 11:05:43,90.2,201,166675,369571,90.96,305419,-0.61
2021-06-16 11:05:45,90.2,201,166678,369794,90.96,305645,-0.61
2021-06-16 11:05:48,90.2,201,166603,369729,90.96,305645,-0.61
2021-06-16 11:05:50,90.2,201,166822,369793,90.96,305645,-0.61
2021-06-16 11:05:53,90.2,201,166932,369738,90.96,305645,-0.61
2021-06-16 11:05:58,90.2,201,166932,368538,90.96,305645,-0.61
2021-06-16 11:06:14,90.2,201,166832,368538,90.96,305645,-0.61
2021-06-16 11:06:19,90.2,201,166950,369367,90.96,305645,-0.61
2021-06-16 11:06:28,90.2,201,166735,369602,90.96,305645,-0.61
2021-06-16 11:06:30,90.2,201,166725,369615,90.96,305645,-0.61
2021-06-16 11:06:33,90.2,201,166735,369604,90.96,305645,-0.61
2021-06-16 11:06:35,90.2,201,166969,369615,90.96,305645,-0.61
2021-06-16 11:06:45,90.2,201,166697,369615,90.96,305645,-0.61
2021-06-16 11:07:08,90.2,1,166697,369615,90.96,305645,-0.61
2021-06-16 11:07:09,90.2,1,166581,369652,90.96,305846,-0.61
2021-06-16 11:07:13,90.2,1,166611,369652,90.96,305846,-0.61
2021-06-16 11:07:16,90.2,1,166411,369652,90.96,305846,-0.61
2021-06-16 11:07:23,90.2,1,166411,369552,90.96,305846,-0.61
2021-06-16 11:07:25,90.2,1,166411,369702,90.96,305846,-0.61
2021-06-16 11:07:30,90.2,1,166441,370113,90.96,305846,-0.61
2021-06-16 11:07:30,90.2,1,166366,369720,90.96,305847,-0.61
2021-06-16 11:07:35,90.2,1,166366,369920,90.96,305847,-0.61
2021-06-16 11:07:39,90.2,100,166294,369965,90.95,305947,-0.61
2021-06-16 11:07:45,90.2,100,166266,369865,90.95,305947,-0.61
2021-06-16 11:07:47,90.15,1,166266,369865,90.95,305947,-0.66
2021-06-16 11:07:56,90.15,1,166468,369845,90.95,305948,-0.66
2021-06-16 11:07:57,90.15,1,166468,369837,90.95,305949,-0.66
2021-06-16 11:07:59,90.1,1,166468,369837,90.95,305949,-0.72
2021-06-16 11:08:02,90.1,1,166393,369493,90.95,305950,-0.72
2021-06-16 11:08:11,90.15,1,166393,369493,90.95,305950,-0.66
2021-06-16 11:08:12,90.15,1,166393,369627,90.95,305951,-0.66
2021-06-16 11:08:18,90.15,1,166493,369627,90.95,305951,-0.66
2021-06-16 11:08:22,90.15,41,166497,369522,90.95,305993,-0.66
2021-06-16 11:08:26,90.15,41,166487,369415,90.95,305993,-0.66
2021-06-16 11:08:28,90.15,41,166486,369415,90.95,305993,-0.66
2021-06-16 11:08:28,90.1,100,166486,369415,90.95,305993,-0.72
2021-06-16 11:08:40,90.1,100,166386,369770,90.95,306093,-0.72
2021-06-16 11:08:46,90.1,100,166391,369770,90.95,306093,-0.72
2021-06-16 11:08:52,90.1,138,166391,369770,90.95,306093,-0.72
2021-06-16 11:08:52,90.1,138,166315,369620,90.95,306243,-0.72
2021-06-16 11:09:13,90.15,46,166921,369197,90.95,306344,-0.66
2021-06-16 11:09:14,90.25,1,166921,369197,90.95,306344,-0.55
2021-06-16 11:09:15,90.25,1,166846,369203,90.95,306345,-0.55
2021-06-16 11:09:27,90.1,42,166846,369203,90.95,306345,-0.72
2021-06-16 11:09:27,90.1,42,166804,369203,90.95,306387,-0.72
2021-06-16 11:09:30,90.1,42,166804,369139,90.95,306387,-0.72
2021-06-16 11:09:31,90.1,42,166875,369203,90.95,306387,-0.72
2021-06-16 11:09:34,90.1,42,166843,369369,90.95,306387,-0.72
2021-06-16 11:09:46,90.1,42,166865,369433,90.95,306387,-0.72
2021-06-16 11:10:04,90.25,50,166865,369433,90.95,306387,-0.55
2021-06-16 11:10:06,90.25,50,166794,369383,90.95,306437,-0.55
2021-06-16 11:10:08,90.1,12,166794,369383,90.95,306437,-0.72
2021-06-16 11:10:10,90.1,12,166790,369319,90.95,306469,-0.72
2021-06-16 11:10:15,90.1,12,166839,369383,90.95,306469,-0.72
2021-06-16 11:10:31,90.1,12,167012,369252,90.95,306469,-0.72
2021-06-16 11:10:33,90.1,12,166912,369405,90.95,306469,-0.72
2021-06-16 11:10:46,90.2,28,166912,369405,90.95,306469,-0.61
2021-06-16 11:10:52,90.2,28,167084,369405,90.95,306497,-0.61
2021-06-16 11:11:00,90.25,200,167084,369405,90.95,306497,-0.55
2021-06-16 11:11:01,90.25,200,167180,368057,90.95,307024,-0.55
2021-06-16 11:11:02,90.3,1,167180,368057,90.95,307024,-0.5
2021-06-16 11:11:04,90.3,1,167373,367985,90.95,307025,-0.5
2021-06-16 11:11:15,90.3,1,167383,368085,90.95,307025,-0.5
2021-06-16 11:11:19,90.2,10,167373,368085,90.95,307035,-0.61
2021-06-16 11:11:22,90.3,1,167373,367961,90.95,307036,-0.5
2021-06-16 11:11:25,90.3,1,167373,368461,90.95,307036,-0.5
2021-06-16 11:11:28,90.3,1,167373,368885,90.95,307036,-0.5
2021-06-16 11:11:42,90.2,20,167373,368885,90.95,307036,-0.61
2021-06-16 11:11:43,90.2,20,167262,369221,90.95,307056,-0.61
2021-06-16 11:11:54,90.2,20,167691,369001,90.95,307056,-0.61
2021-06-16 11:11:57,90.2,20,167691,369234,90.95,307056,-0.61
2021-06-16 11:12:00,90.2,20,167691,369308,90.95,307056,-0.61
2021-06-16 11:12:02,90.2,20,167691,368975,90.95,307056,-0.61
2021-06-16 11:12:06,90.2,20,167762,369205,90.95,307056,-0.61
2021-06-16 11:12:07,90.2,5,167757,369205,90.95,307061,-0.61
2021-06-16 11:12:12,90.2,1,167756,369205,90.95,307062,-0.61
2021-06-16 11:12:28,90.2,1,167713,369285,90.95,307062,-0.61
2021-06-16 11:12:30,90.2,1,167750,369348,90.95,307062,-0.61
2021-06-16 11:12:32,90.2,1,167679,369248,90.95,307062,-0.61
2021-06-16 11:12:39,90.2,1,167679,369298,90.95,307062,-0.61
2021-06-16 11:12:41,90.2,1,167746,369298,90.95,307065,-0.61
2021-06-16 11:13:09,90.2,1,168301,369285,90.95,307065,-0.61
2021-06-16 11:13:13,90.2,1,168301,369505,90.95,307065,-0.61
2021-06-16 11:13:16,90.25,200,168127,369521,90.95,307265,-0.55
2021-06-16 11:13:18,90.2,140,168127,369521,90.95,307265,-0.61
2021-06-16 11:13:19,90.2,140,167765,369627,90.95,307505,-0.61
2021-06-16 11:13:21,90.2,140,167896,369610,90.95,307505,-0.61
2021-06-16 11:13:34,90.3,1,167896,369610,90.95,307505,-0.5
2021-06-16 11:13:35,90.3,1,167886,369546,90.95,307506,-0.5
2021-06-16 11:13:43,90.3,12,167886,369546,90.95,307506,-0.5
2021-06-16 11:13:45,90.3,12,167886,369534,90.95,307518,-0.5
2021-06-16 11:13:50,90.3,12,167886,369597,90.95,307518,-0.5
2021-06-16 11:13:52,90.3,12,168386,369597,90.95,307518,-0.5
2021-06-16 11:13:58,90.3,12,168109,369530,90.95,307518,-0.5
2021-06-16 11:14:12,90.3,100,168134,369510,90.95,307618,-0.5
2021-06-16 11:14:13,90.3,100,168358,369510,90.95,307618,-0.5
2021-06-16 11:14:16,90.3,10,168358,369510,90.95,307618,-0.5
2021-06-16 11:14:16,90.3,10,168358,369500,90.95,307628,-0.5
2021-06-16 11:14:27,90.3,10,168134,369492,90.95,307628,-0.5
2021-06-16 11:14:28,90.3,10,168134,369493,90.95,307628,-0.5
2021-06-16 11:14:30,90.3,10,168134,369497,90.95,307628,-0.5
2021-06-16 11:14:34,90.3,10,168362,369497,90.95,307628,-0.5
2021-06-16 11:14:46,90.2,1,168362,369497,90.95,307628,-0.61
2021-06-16 11:14:47,90.2,1,168221,369732,90.95,307658,-0.61
2021-06-16 11:14:58,90.2,1,168082,369732,90.95,307658,-0.61
2021-06-16 11:15:04,90.2,1,168188,369732,90.95,307658,-0.61
2021-06-16 11:15:09,90.2,1,168446,369500,90.95,307658,-0.61
2021-06-16 11:15:16,90.2,1,168426,369716,90.95,307658,-0.61
2021-06-16 11:15:20,90.2,1,168431,369716,90.95,307658,-0.61
2021-06-16 11:15:27,90.2,1,168433,369716,90.95,307658,-0.61
2021-06-16 11:15:31,90.2,1,168211,369716,90.95,307658,-0.61
2021-06-16 11:15:33,90.2,1,168211,369720,90.95,307658,-0.61
2021-06-16 11:15:35,90.2,1,168435,369831,90.95,307658,-0.61
2021-06-16 11:15:40,90.3,100,168435,369831,90.95,307658,-0.5
2021-06-16 11:15:43,90.3,100,168437,369320,90.95,307758,-0.5
2021-06-16 11:15:49,90.3,100,169437,369320,90.95,307758,-0.5
2021-06-16 11:15:56,90.3,100,169457,369320,90.95,307758,-0.5
2021-06-16 11:16:00,90.3,73,169457,369340,90.95,307858,-0.5
2021-06-16 11:16:07,90.3,73,169457,369209,90.95,307858,-0.5
2021-06-16 11:16:12,90.3,73,169557,369209,90.95,307858,-0.5
2021-06-16 11:16:18,90.3,73,169557,368980,90.95,307858,-0.5
2021-06-16 11:16:21,90.3,73,169557,369215,90.95,307858,-0.5
2021-06-16 11:16:23,90.3,73,169557,369213,90.95,307858,-0.5
2021-06-16 11:16:36,90.3,73,169617,369410,90.95,307858,-0.5
2021-06-16 11:16:39,90.3,73,169554,369410,90.95,307858,-0.5
2021-06-16 11:17:04,90.3,73,169617,369460,90.95,307858,-0.5
2021-06-16 11:17:22,90.3,73,169517,369460,90.95,307858,-0.5
2021-06-16 11:17:39,90.3,73,169017,369460,90.95,307858,-0.5
2021-06-16 11:17:51,90.3,73,168947,369460,90.95,307858,-0.5
2021-06-16 11:18:00,90.3,73,168564,369580,90.95,307858,-0.5
2021-06-16 11:18:26,90.2,1,167766,370061,90.95,308859,-0.61
2021-06-16 11:18:30,90.2,1,167858,370203,90.95,308859,-0.61
2021-06-16 11:18:36,90.2,1,168105,370203,90.95,308859,-0.61
2021-06-16 11:18:57,90.2,1,168049,370103,90.95,308859,-0.61
2021-06-16 11:19:06,90.2,1,168049,371103,90.95,308859,-0.61
2021-06-16 11:19:08,90.2,1,168050,371103,90.95,308859,-0.61
2021-06-16 11:19:14,90.2,1,168113,371103,90.95,308859,-0.61
2021-06-16 11:19:18,90.2,1,168202,371203,90.95,308859,-0.61
2021-06-16 11:19:24,90.2,1,168340,371203,90.95,308859,-0.61
2021-06-16 11:19:31,90.2,1,168240,371103,90.95,308859,-0.61
2021-06-16 11:19:43,90.2,5,168240,371103,90.95,308859,-0.61
2021-06-16 11:19:55,90.2,5,168449,370887,90.95,308864,-0.61
2021-06-16 11:19:59,90.2,5,168449,371118,90.95,308864,-0.61
2021-06-16 11:20:10,90.2,10,168449,371118,90.95,308864,-0.61
2021-06-16 11:20:11,90.2,10,168449,371108,90.95,308874,-0.61
2021-06-16 11:20:13,90.2,10,168497,371098,90.95,308874,-0.61
2021-06-16 11:20:17,90.2,10,168506,370877,90.95,308874,-0.61
2021-06-16 11:20:20,90.2,10,168506,371092,90.95,308874,-0.61
2021-06-16 11:20:27,90.2,10,168506,370992,90.95,308874,-0.61
2021-06-16 11:20:28,90.1,89,168506,370992,90.95,308874,-0.72
2021-06-16 11:20:29,90.1,89,168585,370776,90.95,308974,-0.72
2021-06-16 11:20:33,90.1,89,168685,370696,90.95,308974,-0.72
2021-06-16 11:20:35,90.05,35,168685,370696,90.95,308974,-0.77
2021-06-16 11:20:37,90.05,35,168605,370743,90.95,309054,-0.77
2021-06-16 11:20:53,90.05,35,168505,370913,90.95,309054,-0.77
2021-06-16 11:20:58,90.05,35,168404,370696,90.95,309054,-0.77
2021-06-16 11:21:02,90.1,1,168201,371259,90.95,309055,-0.72
2021-06-16 11:21:03,90.2,1,168201,371259,90.95,309055,-0.61
2021-06-16 11:21:04,90.2,1,168703,371307,90.95,309056,-0.61
2021-06-16 11:21:09,90.05,40,168703,371307,90.95,309056,-0.77
2021-06-16 11:21:18,90.05,40,168640,371308,90.95,309096,-0.77
2021-06-16 11:21:22,90.05,40,168793,371253,90.95,309096,-0.77
2021-06-16 11:21:36,90.05,40,168913,371255,90.95,309096,-0.77
2021-06-16 11:21:37,90.05,40,168860,371262,90.95,309096,-0.77
2021-06-16 11:21:39,90.05,20,168860,371262,90.95,309096,-0.77
2021-06-16 11:21:39,90.05,20,168708,371262,90.95,309196,-0.77
2021-06-16 11:21:40,90.05,1,168708,371262,90.95,309196,-0.77
2021-06-16 11:21:41,90.05,1,168774,371462,90.95,309283,-0.77
2021-06-16 11:21:45,90.05,1,168402,371776,90.95,309283,-0.77
2021-06-16 11:21:48,90.05,1,168826,371677,90.95,309283,-0.77
2021-06-16 11:21:57,90.05,1,168810,371491,90.95,309283,-0.77
2021-06-16 11:22:01,90.05,1,168810,371509,90.95,309283,-0.77
2021-06-16 11:22:03,90.05,1,168910,371278,90.95,309283,-0.77
2021-06-16 11:22:04,90.05,1,168963,371499,90.95,309283,-0.77
2021-06-16 11:22:06,90.05,1,168963,371502,90.95,309283,-0.77
2021-06-16 11:22:16,90.05,1,168755,371722,90.95,309283,-0.77
2021-06-16 11:22:28,90.05,1,168756,371669,90.95,309283,-0.77
2021-06-16 11:22:28,90.05,41,168756,371669,90.95,309283,-0.77
2021-06-16 11:22:30,90.05,41,168719,371619,90.95,309333,-0.77
2021-06-16 11:22:33,90.05,41,168787,371531,90.95,309333,-0.77
2021-06-16 11:22:39,90.15,42,168787,371531,90.95,309333,-0.66
2021-06-16 11:22:39,90.15,42,171520,370926,90.95,309530,-0.66
2021-06-16 11:22:41,90.2,10,171520,370863,90.95,309540,-0.61
2021-06-16 11:22:48,90.2,10,171520,371002,90.95,309540,-0.61
2021-06-16 11:22:57,90.2,10,170633,371002,90.95,309540,-0.61
2021-06-16 11:23:03,90.2,9,170633,371002,90.95,309540,-0.61
2021-06-16 11:23:03,90.2,9,170529,370999,90.95,309590,-0.61
2021-06-16 11:23:06,90.2,9,170530,370999,90.95,309590,-0.61
2021-06-16 11:23:08,90.2,9,171070,370999,90.95,309590,-0.61
2021-06-16 11:23:12,90.2,9,171307,371052,90.95,309590,-0.61
2021-06-16 11:23:15,90.2,5,171307,371052,90.95,309590,-0.61
2021-06-16 11:23:17,90.2,5,171307,371097,90.95,309595,-0.61
2021-06-16 11:23:26,90.2,5,171307,371134,90.95,309595,-0.61
2021-06-16 11:23:30,90.2,5,171307,371106,90.95,309595,-0.61
2021-06-16 11:23:37,90.05,1,171306,371159,90.95,309596,-0.77
2021-06-16 11:23:49,90.05,1,171306,371006,90.95,309596,-0.77
2021-06-16 11:23:56,90.05,1,171576,371006,90.95,309596,-0.77
2021-06-16 11:24:01,90.05,2000,171576,371006,90.95,309596,-0.77
2021-06-16 11:24:03,90.05,2000,169576,371177,90.94,311596,-0.77
2021-06-16 11:24:17,90.05,2000,169676,371223,90.94,311596,-0.77
2021-06-16 11:24:19,90.05,2000,169676,371006,90.94,311596,-0.77
2021-06-16 11:24:27,90.05,2000,169676,371185,90.94,311596,-0.77
2021-06-16 11:24:30,90.05,4,169676,371185,90.94,311596,-0.77
2021-06-16 11:24:31,90.05,4,169725,371185,90.94,311600,-0.77
2021-06-16 11:24:33,90.05,4,169572,371185,90.94,311600,-0.77
2021-06-16 11:24:39,90.05,4,169592,371185,90.94,311600,-0.77
2021-06-16 11:24:43,90.05,4,170012,371006,90.94,311600,-0.77
2021-06-16 11:24:45,90.05,4,170062,371006,90.94,311600,-0.77
2021-06-16 11:24:57,90.05,4,170087,371006,90.94,311600,-0.77
2021-06-16 11:25:04,90.05,4,170087,371072,90.94,311600,-0.77
2021-06-16 11:25:06,90.05,4,170087,370859,90.94,311600,-0.77
2021-06-16 11:25:13,90.05,4,170092,371072,90.94,311600,-0.77
2021-06-16 11:25:15,90.05,4,170092,370859,90.94,311600,-0.77
2021-06-16 11:25:17,90.05,4,170137,371075,90.94,311600,-0.77
2021-06-16 11:25:21,90.05,4,170089,370859,90.94,311600,-0.77
2021-06-16 11:25:22,90.05,4,170137,371076,90.94,311600,-0.77
2021-06-16 11:25:27,90.05,4,170142,371076,90.94,311600,-0.77
2021-06-16 11:25:36,90.2,15,170142,371076,90.94,311600,-0.61
2021-06-16 11:25:36,90.2,15,170194,370908,90.94,311625,-0.61
2021-06-16 11:26:00,90.2,15,169732,371078,90.94,311625,-0.61
2021-06-16 11:26:02,90.2,15,169732,370865,90.94,311625,-0.61
2021-06-16 11:26:06,90.2,15,169742,370908,90.94,311625,-0.61
2021-06-16 11:26:07,90.05,250,169742,370908,90.94,311625,-0.77
2021-06-16 11:26:08,90.05,250,169492,371078,90.94,311875,-0.77
2021-06-16 11:26:12,90.05,250,169590,371078,90.94,311875,-0.77
2021-06-16 11:26:23,90.05,250,169600,371083,90.94,311875,-0.77
2021-06-16 11:26:28,90.05,250,169800,371083,90.94,311875,-0.77
2021-06-16 11:26:33,90.05,250,169800,371081,90.94,311875,-0.77
2021-06-16 11:26:45,90.05,250,170900,371081,90.94,311875,-0.77
2021-06-16 11:26:47,90.05,250,170900,371099,90.94,311875,-0.77
2021-06-16 11:26:50,90.05,100,170900,371099,90.94,311875,-0.77
2021-06-16 11:26:51,90.05,100,170847,371142,90.94,311975,-0.77
2021-06-16 11:26:57,90.05,100,170797,371121,90.94,311975,-0.77
2021-06-16 11:27:10,90.05,100,171297,371078,90.94,311975,-0.77
2021-06-16 11:27:15,90.05,10,171297,371078,90.94,311975,-0.77
2021-06-16 11:27:15,90.05,10,171329,371086,90.94,311985,-0.77
2021-06-16 11:27:17,90.05,10,171334,371086,90.94,311985,-0.77
2021-06-16 11:27:21,90.05,10,171434,371086,90.94,311985,-0.77
2021-06-16 11:27:23,90.05,5,171434,371086,90.94,311985,-0.77
2021-06-16 11:27:24,90.05,5,172165,371086,90.94,312235,-0.77
2021-06-16 11:27:26,90.05,5,172248,371086,90.94,312235,-0.77
2021-06-16 11:27:28,90.05,5,172241,373086,90.94,312235,-0.77
2021-06-16 11:27:52,90.05,100,172241,373086,90.94,312235,-0.77
2021-06-16 11:27:52,90.05,100,172237,373086,90.94,312335,-0.77
2021-06-16 11:28:09,90.05,100,172139,374586,90.94,312335,-0.77
2021-06-16 11:28:13,90.05,100,172129,374466,90.94,312335,-0.77
2021-06-16 11:28:20,90.05,100,172129,375965,90.94,312335,-0.77
2021-06-16 11:28:32,90.2,30,172227,375935,90.94,312365,-0.61
2021-06-16 11:28:37,90.2,30,172129,375572,90.94,312365,-0.61
2021-06-16 11:28:45,90.0,69,172129,375572,90.94,312365,-0.83
2021-06-16 11:28:46,90.0,69,171172,375846,90.93,313465,-0.83
2021-06-16 11:28:48,90.2,1,171172,375846,90.93,313465,-0.61
2021-06-16 11:28:49,90.2,1,171242,375845,90.93,313466,-0.61
2021-06-16 11:28:54,90.2,1,171109,375855,90.93,313466,-0.61
2021-06-16 11:28:57,90.2,1,171109,375870,90.93,313466,-0.61
2021-06-16 11:28:59,90.2,1,171334,375870,90.93,313466,-0.61
2021-06-16 11:29:33,90.05,1,171161,375902,90.93,313467,-0.77
2021-06-16 11:29:34,90.2,1,171161,375902,90.93,313467,-0.61
2021-06-16 11:29:35,90.2,1,171292,375921,90.93,313468,-0.61
2021-06-16 11:29:39,90.2,1,171352,375921,90.93,313468,-0.61
2021-06-16 11:29:52,90.2,1,171352,375922,90.93,313468,-0.61
2021-06-16 11:29:54,90.2,1,171352,375731,90.93,313468,-0.61
2021-06-16 11:30:01,90.2,1,171400,375688,90.93,313468,-0.61
2021-06-16 11:30:02,90.0,1,171400,375688,90.93,313468,-0.83
2021-06-16 11:30:03,90.0,1,171399,375911,90.93,313469,-0.83
2021-06-16 11:30:22,90.0,1,171399,375901,90.93,313469,-0.83
2021-06-16 11:30:25,90.2,7,171399,375901,90.93,313469,-0.61
2021-06-16 11:30:26,90.2,7,171205,375299,90.93,313479,-0.61
2021-06-16 11:30:38,90.2,20,171205,375299,90.93,313479,-0.61
2021-06-16 11:30:40,90.2,20,171154,375241,90.93,313499,-0.61
2021-06-16 11:30:46,90.2,20,171186,375241,90.93,313499,-0.61
2021-06-16 11:30:48,90.2,20,171196,375466,90.93,313499,-0.61
2021-06-16 11:30:54,90.2,2,171196,375466,90.93,313499,-0.61
2021-06-16 11:31:01,90.2,2,171196,375239,90.93,313501,-0.61
2021-06-16 11:31:03,90.2,2,171196,375462,90.93,313501,-0.61
2021-06-16 11:31:06,90.2,2,171196,375277,90.93,313501,-0.61
2021-06-16 11:31:18,90.2,2,171599,375239,90.93,313501,-0.61
2021-06-16 11:31:20,90.0,108,171599,375239,90.93,313501,-0.83
2021-06-16 11:31:22,90.0,108,171016,375490,90.93,314001,-0.83
2021-06-16 11:31:29,90.0,108,171076,375452,90.93,314001,-0.83
2021-06-16 11:31:31,90.0,108,171326,375277,90.93,314001,-0.83
2021-06-16 11:31:33,90.0,108,171326,375453,90.93,314001,-0.83
2021-06-16 11:31:35,90.0,108,171376,375453,90.93,314001,-0.83
2021-06-16 11:31:37,90.0,108,171376,375753,90.93,314001,-0.83
2021-06-16 11:31:39,90.0,108,171744,375577,90.93,314001,-0.83
2021-06-16 11:31:40,90.0,108,171744,375478,90.93,314001,-0.83
2021-06-16 11:31:43,90.0,108,171526,375799,90.93,314001,-0.83
2021-06-16 11:31:45,90.0,108,171526,375760,90.93,314001,-0.83
2021-06-16 11:31:46,90.0,108,171526,375765,90.93,314001,-0.83
2021-06-16 11:31:49,90.0,108,171759,375855,90.93,314001,-0.83
2021-06-16 11:31:54,90.0,108,171759,375817,90.93,314001,-0.83
2021-06-16 11:31:55,90.0,108,171759,375967,90.93,314001,-0.83
2021-06-16 11:32:00,90.2,1,171759,375967,90.93,314001,-0.61
2021-06-16 11:32:01,90.2,1,171749,375963,90.93,314005,-0.61
2021-06-16 11:32:04,90.2,1,170786,375997,90.93,314749,-0.61
2021-06-16 11:32:06,90.2,1,170551,374937,90.93,314752,-0.61
2021-06-16 11:32:07,90.2,1,170551,374969,90.93,314756,-0.61
2021-06-16 11:32:09,90.2,1,170551,374964,90.93,314761,-0.61
2021-06-16 11:32:10,90.2,1,170551,374960,90.93,314765,-0.61
2021-06-16 11:32:13,90.2,1,170651,374717,90.93,314770,-0.61
2021-06-16 11:32:15,90.2,1,170651,374713,90.93,314774,-0.61
2021-06-16 11:32:16,90.2,1,170651,374754,90.93,314777,-0.61
2021-06-16 11:32:19,90.2,1,170651,374749,90.93,314782,-0.61
2021-06-16 11:32:19,90.2,1,170651,374667,90.93,314786,-0.61
2021-06-16 11:32:21,90.2,21,170651,374667,90.93,314786,-0.61
2021-06-16 11:32:22,90.2,21,170385,374482,90.93,314889,-0.61
2021-06-16 11:32:23,90.1,150,170385,374482,90.93,314889,-0.72
2021-06-16 11:32:25,90.2,9,170570,374589,90.93,315039,-0.61
2021-06-16 11:32:27,90.2,9,170957,374634,90.93,315049,-0.61
2021-06-16 11:32:28,90.0,78,170957,374634,90.93,315049,-0.83
2021-06-16 11:32:29,90.0,78,170273,375261,90.93,315789,-0.83
2021-06-16 11:32:32,90.1,1,170273,375261,90.93,315789,-0.72
2021-06-16 11:32:33,90.1,1,170549,374842,90.93,315790,-0.72
2021-06-16 11:32:34,90.1,1,170549,375057,90.93,315790,-0.72
2021-06-16 11:32:39,90.1,1,170549,375269,90.93,315790,-0.72
2021-06-16 11:32:43,90.1,1,170549,375519,90.93,315790,-0.72
2021-06-16 11:32:47,90.1,1,170549,375769,90.93,315790,-0.72
2021-06-16 11:32:53,90.1,1,170559,375769,90.93,315790,-0.72
2021-06-16 11:33:19,90.1,1,170589,375769,90.93,315790,-0.72
2021-06-16 11:33:20,90.2,10,170589,375769,90.93,315790,-0.61
2021-06-16 11:33:21,90.2,10,170670,375695,90.93,315801,-0.61
2021-06-16 11:33:29,90.05,158,170670,375695,90.93,315801,-0.77
2021-06-16 11:33:30,90.05,158,170559,375695,90.93,316001,-0.77
2021-06-16 11:33:36,90.05,158,170473,375696,90.93,316001,-0.77
2021-06-16 11:33:39,90.2,40,170473,375696,90.93,316001,-0.61
2021-06-16 11:33:40,90.2,40,170473,375656,90.93,316041,-0.61
2021-06-16 11:33:45,90.2,40,170094,375220,90.93,316041,-0.61
2021-06-16 11:34:00,90.05,4,170094,375220,90.93,316041,-0.77
2021-06-16 11:34:00,90.05,4,170132,375220,90.93,316045,-0.77
2021-06-16 11:34:05,90.05,4,170090,375295,90.93,316045,-0.77
2021-06-16 11:34:07,90.05,4,170132,375445,90.93,316045,-0.77
2021-06-16 11:34:15,90.05,4,171190,375445,90.93,316045,-0.77
2021-06-16 11:34:19,90.05,4,171290,375445,90.93,316045,-0.77
2021-06-16 11:34:32,90.05,4,171290,375345,90.93,316045,-0.77
2021-06-16 11:34:45,90.05,4,171310,375345,90.93,316045,-0.77
2021-06-16 11:35:13,90.05,4,171310,375322,90.93,316045,-0.77
2021-06-16 11:35:19,90.05,4,171310,375358,90.93,316045,-0.77
2021-06-16 11:35:21,90.05,50,171297,375222,90.93,316095,-0.77
2021-06-16 11:35:23,90.05,50,171297,375208,90.93,316095,-0.77
2021-06-16 11:35:28,90.05,50,171358,375209,90.93,316095,-0.77
2021-06-16 11:35:29,90.05,50,171320,375209,90.93,316095,-0.77
2021-06-16 11:35:33,90.05,50,171320,375212,90.93,316095,-0.77
2021-06-16 11:35:45,90.05,50,171380,375212,90.93,316095,-0.77
2021-06-16 11:35:52,90.2,62,171380,375212,90.93,316095,-0.61
2021-06-16 11:35:53,90.2,62,171522,374754,90.93,316495,-0.61
2021-06-16 11:35:58,90.2,62,171461,375005,90.93,316495,-0.61
2021-06-16 11:36:27,90.2,62,172461,374969,90.93,316495,-0.61
2021-06-16 11:36:45,90.2,62,172125,375011,90.93,316495,-0.61
2021-06-16 11:36:45,90.1,18,172125,375011,90.93,316495,-0.72
2021-06-16 11:36:46,90.1,18,172293,374901,90.93,316545,-0.72
2021-06-16 11:36:48,90.1,18,172577,374786,90.93,316545,-0.72
2021-06-16 11:36:50,90.1,18,172577,374961,90.93,316545,-0.72
2021-06-16 11:36:52,90.1,18,172627,374961,90.93,316545,-0.72
2021-06-16 11:36:58,90.1,18,172627,374747,90.93,316545,-0.72
2021-06-16 11:37:00,90.1,18,172635,374971,90.93,316545,-0.72
2021-06-16 11:37:00,90.05,13,172635,374971,90.93,316545,-0.77
2021-06-16 11:37:01,90.05,13,172147,374983,90.92,317045,-0.77
2021-06-16 11:37:03,90.05,13,172475,375161,90.92,317045,-0.77
2021-06-16 11:37:06,90.05,13,172475,374767,90.92,317045,-0.77
2021-06-16 11:37:08,90.05,40,172475,374767,90.92,317045,-0.77
2021-06-16 11:37:09,90.05,40,172474,374767,90.92,317085,-0.77
2021-06-16 11:37:10,90.05,50,172084,374767,90.92,317135,-0.77
2021-06-16 11:37:12,90.05,50,172198,374767,90.92,317135,-0.77
2021-06-16 11:37:14,90.05,50,172347,374803,90.92,317135,-0.77
2021-06-16 11:37:27,90.05,50,172337,375040,90.92,317135,-0.77
2021-06-16 11:37:31,90.05,50,172402,375040,90.92,317135,-0.77
2021-06-16 11:37:34,90.05,50,172394,375040,90.92,317135,-0.77
2021-06-16 11:37:39,90.05,50,172396,375040,90.92,317135,-0.77
2021-06-16 11:37:40,90.05,50,172346,375040,90.92,317135,-0.77
2021-06-16 11:37:42,90.05,50,172344,375040,90.92,317135,-0.77
2021-06-16 11:37:54,90.05,50,172349,375040,90.92,317135,-0.77
2021-06-16 11:37:55,90.05,50,172850,374848,90.92,317135,-0.77
2021-06-16 11:38:11,90.05,50,173100,374848,90.92,317135,-0.77
2021-06-16 11:38:18,90.05,50,173100,374626,90.92,317135,-0.77
2021-06-16 11:38:29,90.35,2,178842,372138,90.92,319089,-0.44
2021-06-16 11:38:30,90.35,1,178842,372138,90.92,319089,-0.44
2021-06-16 11:38:30,90.35,1,178927,372857,90.92,319100,-0.44
2021-06-16 11:38:32,90.45,120,178927,372857,90.92,319100,-0.33
2021-06-16 11:38:33,90.45,120,179537,373130,90.92,319300,-0.33
2021-06-16 11:38:42,90.45,120,179590,372989,90.92,319300,-0.33
2021-06-16 11:38:44,90.45,120,178715,372360,90.92,319300,-0.33
2021-06-16 11:38:45,90.4,5,178715,372360,90.92,319300,-0.39
2021-06-16 11:38:46,90.4,5,178615,372355,90.92,319305,-0.39
2021-06-16 11:38:52,90.4,30,178555,372560,90.92,319335,-0.39
2021-06-16 11:38:57,90.4,30,178555,372591,90.92,319335,-0.39
2021-06-16 11:39:00,90.4,5,178555,372591,90.92,319335,-0.39
2021-06-16 11:39:01,90.4,5,178555,372666,90.92,319340,-0.39
2021-06-16 11:39:13,90.3,37,178555,372666,90.92,319340,-0.5
2021-06-16 11:39:15,90.3,37,178574,372800,90.92,319380,-0.5
2021-06-16 11:39:25,90.3,37,178609,372761,90.92,319380,-0.5
2021-06-16 11:39:46,90.3,37,178509,372768,90.92,319380,-0.5
2021-06-16 11:39:58,90.3,37,178585,372768,90.92,319380,-0.5
2021-06-16 11:40:05,90.3,30,178585,372768,90.92,319380,-0.5
2021-06-16 11:40:06,90.3,30,178555,372768,90.92,319410,-0.5
2021-06-16 11:40:12,90.3,19,178584,372768,90.92,319429,-0.5
2021-06-16 11:40:16,90.3,19,178411,372768,90.92,319429,-0.5
2021-06-16 11:40:18,90.3,19,178626,372755,90.92,319429,-0.5
2021-06-16 11:40:20,90.3,19,178626,372691,90.92,319429,-0.5
2021-06-16 11:40:25,90.3,19,178197,372051,90.92,319429,-0.5
2021-06-16 11:40:30,90.3,19,178097,371851,90.92,319429,-0.5
2021-06-16 11:40:31,90.3,19,178097,372354,90.92,319429,-0.5
2021-06-16 11:40:31,90.4,25,178097,372354,90.92,319429,-0.39
2021-06-16 11:40:33,90.4,25,177997,372329,90.92,319454,-0.39
2021-06-16 11:41:00,90.4,25,178021,372110,90.92,319454,-0.39
2021-06-16 11:41:02,90.4,25,178035,372377,90.92,319454,-0.39
2021-06-16 11:41:10,90.4,25,178035,372427,90.92,319454,-0.39
2021-06-16 11:41:25,90.4,25,178017,372477,90.92,319454,-0.39
2021-06-16 11:41:59,90.3,46,178017,372477,90.92,319454,-0.5
2021-06-16 11:42:00,90.35,50,178008,372680,90.92,319550,-0.44
2021-06-16 11:42:01,90.35,50,177989,372705,90.92,319550,-0.44
2021-06-16 11:42:04,90.35,50,177777,371915,90.92,319550,-0.44
2021-06-16 11:42:14,90.35,50,177780,371915,90.92,319550,-0.44
2021-06-16 11:42:34,90.3,10,177780,371915,90.92,319550,-0.5
2021-06-16 11:42:35,90.3,10,177923,371893,90.92,319560,-0.5
2021-06-16 11:42:40,90.4,13,177923,371893,90.92,319560,-0.39
2021-06-16 11:42:41,90.4,13,172766,370765,90.91,324573,-0.39
2021-06-16 11:42:42,90.4,13,172766,371552,90.91,324573,-0.39
2021-06-16 11:42:52,90.4,13,172866,371552,90.91,324573,-0.39
2021-06-16 11:43:12,90.4,13,173019,371647,90.91,324573,-0.39
2021-06-16 11:43:13,90.4,13,173019,371653,90.91,324573,-0.39
2021-06-16 11:43:25,90.4,13,173414,371663,90.91,324573,-0.39
2021-06-16 11:43:28,90.4,13,173413,371663,90.91,324573,-0.39
2021-06-16 11:43:31,90.4,13,173454,371663,90.91,324573,-0.39
2021-06-16 11:43:39,90.4,13,173454,371701,90.91,324573,-0.39
2021-06-16 11:43:44,90.4,13,173455,371120,90.91,324573,-0.39
2021-06-16 11:43:58,90.4,13,173455,371038,90.91,324573,-0.39
2021-06-16 11:44:11,90.4,13,173335,371563,90.91,324573,-0.39
2021-06-16 11:44:13,90.4,13,173182,371561,90.91,324573,-0.39
2021-06-16 11:44:21,90.4,13,173192,371561,90.91,324573,-0.39
2021-06-16 11:44:33,90.4,13,173192,371563,90.91,324573,-0.39
2021-06-16 11:44:34,90.4,13,173192,371556,90.91,324573,-0.39
2021-06-16 11:44:38,90.4,13,173192,372056,90.91,324573,-0.39
2021-06-16 11:44:39,90.4,13,173182,372056,90.91,324573,-0.39
2021-06-16 11:44:48,90.4,40,173182,372056,90.91,324573,-0.39
2021-06-16 11:44:48,90.4,40,174057,372153,90.91,324613,-0.39
2021-06-16 11:45:21,90.4,40,174057,373115,90.91,324613,-0.39
2021-06-16 11:45:25,90.4,40,174057,373015,90.91,324613,-0.39
2021-06-16 11:45:26,90.3,2,174057,373015,90.91,324613,-0.5
2021-06-16 11:45:27,90.3,2,174055,373057,90.91,324615,-0.5
2021-06-16 11:45:43,90.3,2,174155,373016,90.91,324615,-0.5
2021-06-16 11:46:00,90.3,2,174002,373016,90.91,324615,-0.5
2021-06-16 11:46:19,90.3,2,174138,373229,90.91,324615,-0.5
2021-06-16 11:46:34,90.4,69,174138,373145,90.91,324684,-0.39
2021-06-16 11:46:52,90.3,767,174138,373145,90.91,324684,-0.5
2021-06-16 11:46:54,90.3,767,172784,373338,90.91,326316,-0.5
2021-06-16 11:47:04,90.3,767,172794,373337,90.91,326316,-0.5
2021-06-16 11:47:31,90.3,767,172794,374337,90.91,326316,-0.5
2021-06-16 11:47:52,90.3,767,172743,374872,90.91,326316,-0.5
2021-06-16 11:47:53,90.3,767,172423,374872,90.91,326316,-0.5
2021-06-16 11:47:56,90.3,767,172792,374872,90.91,326316,-0.5
2021-06-16 11:48:01,90.3,767,172792,375063,90.91,326316,-0.5
2021-06-16 11:48:03,90.3,767,172822,375063,90.91,326316,-0.5
2021-06-16 11:48:07,90.3,200,172822,375063,90.91,326316,-0.5
2021-06-16 11:48:09,90.3,200,172822,374632,90.91,326516,-0.5
2021-06-16 11:48:23,90.3,200,172332,374632,90.91,326516,-0.5
2021-06-16 11:48:25,90.3,200,172322,374632,90.91,326516,-0.5
2021-06-16 11:48:31,90.35,53,172322,374632,90.91,326516,-0.44
2021-06-16 11:48:33,90.35,53,172561,374508,90.91,326571,-0.44
2021-06-16 11:48:34,90.35,53,172670,374654,90.91,326571,-0.44
2021-06-16 11:48:47,90.35,53,172670,374304,90.91,326571,-0.44
2021-06-16 11:48:48,90.35,53,172680,374304,90.91,326571,-0.44
2021-06-16 11:49:20,90.35,53,172880,374191,90.91,326571,-0.44
2021-06-16 11:49:21,90.35,53,172890,374191,90.91,326571,-0.44
2021-06-16 11:49:28,90.3,23,172890,374191,90.91,326571,-0.5
2021-06-16 11:49:29,90.3,23,172858,374500,90.91,326918,-0.5
2021-06-16 11:49:30,90.3,23,173086,374537,90.91,326918,-0.5
2021-06-16 11:50:10,90.3,2,173086,374537,90.91,326918,-0.5
2021-06-16 11:50:10,90.3,2,173043,374551,90.91,326920,-0.5
2021-06-16 11:50:15,90.35,10,173043,374551,90.91,326920,-0.44
2021-06-16 11:50:15,90.35,10,173043,374541,90.91,326930,-0.44
2021-06-16 11:50:17,90.35,10,173283,374322,90.91,326930,-0.44
2021-06-16 11:50:29,90.35,10,173283,374613,90.91,326930,-0.44
2021-06-16 11:50:42,90.35,10,173283,374632,90.91,326930,-0.44
2021-06-16 11:50:46,90.35,10,173283,374418,90.91,326930,-0.44
2021-06-16 11:50:48,90.35,10,173321,374650,90.91,326930,-0.44
2021-06-16 11:51:06,90.35,10,173321,374550,90.91,326930,-0.44
2021-06-16 11:51:12,90.35,10,173321,374318,90.91,326930,-0.44
2021-06-16 11:51:13,90.35,10,173283,374308,90.91,326940,-0.44
2021-06-16 11:51:15,90.35,10,173321,374543,90.91,326940,-0.44
2021-06-16 11:51:18,90.35,2,173321,374543,90.91,326940,-0.44
2021-06-16 11:51:19,90.35,2,173283,374541,90.91,326942,-0.44
2021-06-16 11:51:20,90.35,2,173321,374152,90.91,326942,-0.44
2021-06-16 11:51:22,90.35,2,173321,373539,90.91,326942,-0.44
2021-06-16 11:51:24,90.35,6,173283,373529,90.91,326952,-0.44
2021-06-16 11:51:25,90.35,64,173283,373529,90.91,326952,-0.44
2021-06-16 11:51:26,90.35,64,173552,373359,90.91,327052,-0.44
2021-06-16 11:51:30,90.35,64,173452,373391,90.91,327052,-0.44
2021-06-16 11:51:35,90.25,5,173409,373122,90.91,327057,-0.55
2021-06-16 11:51:42,90.25,5,173309,373122,90.91,327057,-0.55
2021-06-16 11:51:57,90.25,103,173110,373165,90.91,327257,-0.55
2021-06-16 11:52:06,90.25,103,172899,372727,90.91,327257,-0.55
2021-06-16 11:52:25,90.25,103,172737,372892,90.91,327257,-0.55
2021-06-16 11:52:27,90.25,103,173010,373266,90.91,327257,-0.55
2021-06-16 11:52:42,90.25,103,172957,373282,90.91,327257,-0.55
2021-06-16 11:52:49,90.25,103,172957,373047,90.91,327257,-0.55
2021-06-16 11:53:13,90.25,103,173005,373271,90.91,327257,-0.55
2021-06-16 11:53:26,90.25,103,172995,373287,90.91,327257,-0.55
2021-06-16 11:53:28,90.25,103,172995,373187,90.91,327257,-0.55
2021-06-16 11:53:45,90.25,103,172604,372270,90.91,327257,-0.55
2021-06-16 11:53:48,90.25,103,172384,372270,90.91,327257,-0.55
2021-06-16 11:53:49,90.25,103,172598,372270,90.91,327257,-0.55
2021-06-16 11:53:51,90.25,103,172588,372290,90.91,327257,-0.55
2021-06-16 11:53:52,90.25,103,172272,372290,90.91,327257,-0.55
2021-06-16 11:54:17,90.25,103,172351,372290,90.91,327257,-0.55
2021-06-16 11:54:40,90.25,103,172401,372290,90.91,327257,-0.55
2021-06-16 11:55:13,90.25,103,172401,372060,90.91,327257,-0.55
2021-06-16 11:55:15,90.25,103,172401,372296,90.91,327257,-0.55
2021-06-16 11:55:23,90.25,103,173401,372296,90.91,327257,-0.55
2021-06-16 11:55:33,90.25,103,173398,372388,90.91,327257,-0.55
2021-06-16 11:55:52,90.4,45,173580,371585,90.91,327557,-0.39
2021-06-16 11:55:54,90.4,45,173508,371808,90.91,327557,-0.39
2021-06-16 11:56:07,90.4,45,173622,371389,90.91,327557,-0.39
2021-06-16 11:56:39,90.4,21,173622,371389,90.91,327557,-0.39
2021-06-16 11:56:40,90.4,21,173622,371368,90.91,327578,-0.39
2021-06-16 11:56:42,90.4,21,173722,371368,90.91,327578,-0.39
2021-06-16 11:56:45,90.25,4,173722,371368,90.91,327578,-0.55
2021-06-16 11:56:46,90.25,4,173577,371409,90.91,327584,-0.55
2021-06-16 11:57:04,90.25,4,173587,371381,90.91,327584,-0.55
2021-06-16 11:57:19,90.4,64,173979,371047,90.91,328059,-0.39
2021-06-16 11:57:24,90.4,64,174313,371047,90.91,328059,-0.39
2021-06-16 11:57:31,90.5,20,175300,370510,90.91,328349,-0.28
2021-06-16 11:57:33,90.5,20,175300,370724,90.91,328349,-0.28
2021-06-16 11:57:38,90.45,111,175881,370977,90.91,328460,-0.33
2021-06-16 11:57:40,90.45,111,175901,370977,90.91,328460,-0.33
2021-06-16 11:57:43,90.5,100,175560,370951,90.91,328660,-0.28
2021-06-16 11:57:43,90.4,13,175560,370951,90.91,328660,-0.39
2021-06-16 11:57:45,90.4,13,175398,370888,90.91,328810,-0.39
2021-06-16 11:57:46,90.4,13,175429,371121,90.91,328810,-0.39
2021-06-16 11:57:53,90.4,13,175429,371126,90.91,328810,-0.39
2021-06-16 11:57:58,90.4,5,175429,371126,90.91,328810,-0.39
2021-06-16 11:58:00,90.4,5,175424,371126,90.91,328815,-0.39
2021-06-16 11:58:09,90.45,10,175424,371126,90.91,328815,-0.33
2021-06-16 11:58:10,90.45,10,175424,371045,90.91,328825,-0.33
2021-06-16 11:58:10,90.4,1,175424,371045,90.91,328825,-0.39
2021-06-16 11:58:11,90.5,39,175156,371000,90.91,328865,-0.28
2021-06-16 11:58:12,90.5,39,175249,371000,90.91,328865,-0.28
2021-06-16 11:58:13,90.35,41,175249,371000,90.91,328865,-0.44
2021-06-16 11:58:14,90.35,41,175098,371195,90.91,329084,-0.44
2021-06-16 11:58:15,90.35,41,174912,371195,90.91,329084,-0.44
2021-06-16 11:58:24,90.35,41,174912,371154,90.91,329084,-0.44
2021-06-16 11:58:35,90.35,41,174952,371154,90.91,329084,-0.44
2021-06-16 11:58:47,90.35,41,174852,371154,90.91,329084,-0.44
2021-06-16 11:58:58,90.45,10,174465,371126,90.91,329094,-0.33
2021-06-16 11:59:09,90.5,118,174465,371126,90.91,329094,-0.28
2021-06-16 11:59:10,90.5,25,174335,371114,90.91,329314,-0.28
2021-06-16 11:59:13,90.5,25,174575,371175,90.91,329314,-0.28
2021-06-16 11:59:19,90.5,25,174846,370973,90.91,329314,-0.28
2021-06-16 11:59:33,90.5,25,174956,370973,90.91,329314,-0.28
2021-06-16 11:59:35,90.5,25,174956,371250,90.91,329314,-0.28
2021-06-16 11:59:37,90.45,5,174956,371250,90.91,329314,-0.33
2021-06-16 11:59:38,90.45,5,174956,371404,90.91,329319,-0.33
2021-06-16 11:59:43,90.45,5,174956,371370,90.91,329319,-0.33
2021-06-16 11:59:54,90.45,5,174966,371370,90.91,329319,-0.33
2021-06-16 11:59:57,90.45,45,174731,371215,90.91,329364,-0.33
2021-06-16 11:59:58,90.5,33,174731,371215,90.91,329364,-0.28
2021-06-16 11:59:59,90.5,33,175213,370857,90.91,329422,-0.28
2021-06-16 12:00:00,90.5,33,175203,370826,90.91,329422,-0.28
2021-06-16 12:00:02,90.5,33,175196,370826,90.91,329422,-0.28
2021-06-16 12:00:10,90.5,33,175696,371030,90.91,329422,-0.28
2021-06-16 12:00:16,90.5,33,175196,371030,90.91,329422,-0.28
2021-06-16 12:00:21,90.5,33,175281,371030,90.91,329422,-0.28
2021-06-16 12:00:41,90.5,33,175474,370716,90.91,329422,-0.28
2021-06-16 12:00:48,90.5,33,175248,370946,90.91,329422,-0.28
2021-06-16 12:00:50,90.5,33,175376,370716,90.91,329422,-0.28
2021-06-16 12:00:52,90.5,33,175376,370945,90.91,329422,-0.28
2021-06-16 12:01:05,90.5,300,175433,370684,90.9,329722,-0.28
2021-06-16 12:01:06,90.5,300,175403,370899,90.9,329722,-0.28
2021-06-16 12:01:12,90.5,300,175433,371139,90.9,329722,-0.28
2021-06-16 12:01:27,90.5,300,175433,373822,90.9,329722,-0.28
2021-06-16 12:01:28,90.5,300,175441,373822,90.9,329722,-0.28
2021-06-16 12:01:33,90.5,300,175431,373822,90.9,329722,-0.28
2021-06-16 12:01:34,90.5,300,175430,373822,90.9,329722,-0.28
2021-06-16 12:01:41,90.5,11,175400,373562,90.9,329733,-0.28
2021-06-16 12:01:45,90.5,11,175430,373794,90.9,329733,-0.28
2021-06-16 12:01:53,90.5,200,175430,373794,90.9,329733,-0.28
2021-06-16 12:01:54,90.5,200,175400,373362,90.9,329933,-0.28
2021-06-16 12:01:55,90.5,200,175430,373596,90.9,329933,-0.28
2021-06-16 12:01:57,90.5,200,175430,373724,90.9,329933,-0.28
2021-06-16 12:01:58,90.55,155,175430,373724,90.9,329933,-0.22
2021-06-16 12:02:00,90.55,155,175711,373012,90.9,330303,-0.22
2021-06-16 12:02:10,90.6,33,176882,373115,90.9,330336,-0.17
2021-06-16 12:02:13,90.6,33,176777,373115,90.9,330336,-0.17
2021-06-16 12:02:27,90.6,33,176777,373265,90.9,330336,-0.17
2021-06-16 12:02:33,90.6,33,176806,373565,90.9,330336,-0.17
2021-06-16 12:02:34,90.6,33,176458,373792,90.9,330336,-0.17
2021-06-16 12:02:38,90.6,33,176508,373792,90.9,330336,-0.17
2021-06-16 12:02:39,90.5,300,175755,373501,90.9,330636,-0.28
2021-06-16 12:02:47,90.5,15,175755,373667,90.9,330636,-0.28
2021-06-16 12:02:49,90.5,15,175793,373873,90.9,330675,-0.28
2021-06-16 12:02:50,90.5,15,175793,374058,90.9,330675,-0.28
2021-06-16 12:02:54,90.55,20,175793,374058,90.9,330675,-0.22
2021-06-16 12:02:57,90.55,20,175793,374000,90.9,330788,-0.22
2021-06-16 12:03:00,90.55,20,175793,373900,90.9,330788,-0.22
2021-06-16 12:03:25,90.55,50,175981,373700,90.9,330838,-0.22
2021-06-16 12:03:27,90.55,50,175793,373963,90.9,330838,-0.22
2021-06-16 12:03:30,90.55,50,175693,373963,90.9,330838,-0.22
2021-06-16 12:03:30,90.55,50,175733,373963,90.9,330838,-0.22
2021-06-16 12:03:32,90.55,20,175733,373963,90.9,330838,-0.22
2021-06-16 12:03:33,90.55,20,175932,373945,90.9,330858,-0.22
2021-06-16 12:03:42,90.55,20,175932,373870,90.9,330858,-0.22
2021-06-16 12:03:53,90.55,20,175933,373870,90.9,330858,-0.22
2021-06-16 12:03:54,90.55,20,175932,373799,90.9,330958,-0.22
2021-06-16 12:04:11,90.55,20,175932,373570,90.9,330958,-0.22
2021-06-16 12:04:25,90.55,55,175932,373570,90.9,330958,-0.22
2021-06-16 12:04:26,90.55,55,175932,373342,90.9,331111,-0.22
2021-06-16 12:04:33,90.55,200,175896,372865,90.9,331311,-0.22
2021-06-16 12:04:34,90.55,200,175796,372835,90.9,331311,-0.22
2021-06-16 12:04:46,90.55,200,175796,372579,90.9,331311,-0.22
2021-06-16 12:04:48,90.55,200,175696,372579,90.9,331311,-0.22
2021-06-16 12:04:50,90.55,10,175696,372579,90.9,331311,-0.22
2021-06-16 12:04:51,90.45,61,175403,372694,90.9,331421,-0.33
2021-06-16 12:05:00,90.45,61,175621,372665,90.9,331421,-0.33
2021-06-16 12:05:07,90.45,61,175521,372665,90.9,331421,-0.33
2021-06-16 12:05:13,90.45,61,175521,372715,90.9,331421,-0.33
2021-06-16 12:05:29,90.6,4,175755,372345,90.9,331571,-0.17
2021-06-16 12:05:31,90.6,4,175727,371791,90.9,331571,-0.17
2021-06-16 12:05:34,90.6,4,176102,371667,90.9,331571,-0.17
2021-06-16 12:05:43,90.65,100,176102,371667,90.9,331571,-0.11
2021-06-16 12:05:44,90.6,50,176102,371667,90.9,331571,-0.17
2021-06-16 12:05:45,90.6,50,176629,371232,90.9,331721,-0.17
2021-06-16 12:05:48,90.65,10,176717,370890,90.9,332141,-0.11
2021-06-16 12:05:51,90.65,10,176867,370890,90.9,332141,-0.11
2021-06-16 12:06:03,90.65,10,176817,371134,90.9,332141,-0.11
2021-06-16 12:06:17,90.7,15,176817,371134,90.9,332141,-0.06
2021-06-16 12:06:18,90.7,15,176817,371144,90.9,332156,-0.06
2021-06-16 12:06:33,90.7,15,176817,371436,90.9,332156,-0.06
2021-06-16 12:06:40,90.7,15,176821,371536,90.9,332156,-0.06
2021-06-16 12:06:48,90.7,15,176721,371536,90.9,332156,-0.06
2021-06-16 12:06:51,90.7,15,176499,371536,90.9,332156,-0.06
2021-06-16 12:06:52,90.5,18,176499,371536,90.9,332156,-0.28
2021-06-16 12:06:53,90.5,18,175698,372858,90.9,332431,-0.28
2021-06-16 12:07:09,90.5,100,176064,372729,90.9,332686,-0.28
2021-06-16 12:07:10,90.5,1,176064,372729,90.9,332686,-0.28
2021-06-16 12:07:11,90.5,1,176101,372729,90.9,332687,-0.28
2021-06-16 12:07:20,90.5,1,175929,373229,90.9,332687,-0.28
2021-06-16 12:07:34,90.5,1,175929,373233,90.9,332687,-0.28
2021-06-16 12:07:43,90.5,1,175879,373178,90.9,332687,-0.28
2021-06-16 12:07:45,90.5,1,176053,373231,90.9,332687,-0.28
2021-06-16 12:07:45,90.45,90,176053,373231,90.9,332687,-0.33
2021-06-16 12:07:46,90.45,90,176287,373074,90.9,332777,-0.33
2021-06-16 12:07:53,90.45,90,176187,373074,90.9,332777,-0.33
2021-06-16 12:07:58,90.45,90,175953,373074,90.9,332777,-0.33
2021-06-16 12:08:00,90.5,53,175953,373074,90.9,332777,-0.28
2021-06-16 12:08:07,90.5,53,176115,372984,90.9,332977,-0.28
2021-06-16 12:08:10,90.5,53,176115,373184,90.9,332977,-0.28
2021-06-16 12:08:12,90.5,53,176729,373184,90.9,332977,-0.28
2021-06-16 12:08:15,90.5,53,176751,373211,90.9,332977,-0.28
2021-06-16 12:08:19,90.5,53,177034,373052,90.9,332977,-0.28
2021-06-16 12:08:28,90.5,53,177334,373080,90.9,332977,-0.28
2021-06-16 12:08:29,90.5,159,177334,373080,90.9,332977,-0.28
2021-06-16 12:08:30,90.5,159,177157,373052,90.9,333136,-0.28
2021-06-16 12:08:31,90.5,159,177657,373080,90.9,333136,-0.28
2021-06-16 12:08:36,90.5,159,178157,373052,90.9,333136,-0.28
2021-06-16 12:08:42,90.5,159,177942,373052,90.9,333136,-0.28
2021-06-16 12:08:43,90.5,159,178140,373080,90.9,333136,-0.28
2021-06-16 12:08:45,90.45,179,178140,373080,90.9,333136,-0.33
2021-06-16 12:08:46,90.45,179,178162,373105,90.9,333336,-0.33
2021-06-16 12:08:53,90.45,179,177824,373105,90.9,333336,-0.33
2021-06-16 12:08:55,90.45,179,177824,373103,90.9,333336,-0.33
2021-06-16 12:09:04,90.45,179,178124,373103,90.9,333336,-0.33
2021-06-16 12:09:09,90.45,22,178083,373065,90.9,333393,-0.33
2021-06-16 12:09:17,90.45,22,177983,373350,90.9,333393,-0.33
2021-06-16 12:09:24,90.45,23,177983,373350,90.9,333393,-0.33
2021-06-16 12:09:25,90.45,23,178120,373352,90.9,333416,-0.33
2021-06-16 12:09:26,90.45,23,178122,373352,90.9,333416,-0.33
2021-06-16 12:09:45,90.45,23,178372,373352,90.9,333416,-0.33
2021-06-16 12:09:57,90.45,23,178372,373353,90.9,333416,-0.33
2021-06-16 12:10:00,90.45,23,178372,373354,90.9,333416,-0.33
2021-06-16 12:10:06,90.45,23,178397,373354,90.9,333416,-0.33
2021-06-16 12:10:09,90.45,23,178397,373254,90.9,333416,-0.33
2021-06-16 12:10:10,90.45,13,178831,373173,90.9,333416,-0.33
2021-06-16 12:10:12,90.45,13,178818,373147,90.9,333429,-0.33
2021-06-16 12:10:19,90.45,10,178818,373147,90.9,333429,-0.33
2021-06-16 12:10:19,90.45,10,178932,373147,90.9,333439,-0.33
2021-06-16 12:10:34,90.45,10,177932,373147,90.9,333439,-0.33
2021-06-16 12:10:39,90.55,8,177925,372638,90.9,333639,-0.22
2021-06-16 12:10:46,90.45,24,177925,372638,90.9,333639,-0.33
2021-06-16 12:10:47,90.45,24,178012,372699,90.9,333730,-0.33
2021-06-16 12:10:49,90.45,24,178012,372916,90.9,333730,-0.33
2021-06-16 12:10:51,90.45,24,178020,372916,90.9,333730,-0.33
2021-06-16 12:11:01,90.4,52,178020,372916,90.9,333730,-0.39
2021-06-16 12:11:01,90.4,52,177591,372920,90.9,333980,-0.39
2021-06-16 12:11:07,90.4,52,177366,373252,90.9,333980,-0.39
2021-06-16 12:11:09,90.4,52,177584,373252,90.9,333980,-0.39
2021-06-16 12:11:12,90.4,52,177444,373254,90.9,333980,-0.39
2021-06-16 12:11:15,90.4,52,177442,373254,90.9,333980,-0.39
2021-06-16 12:11:18,90.4,52,177468,373504,90.9,333980,-0.39
2021-06-16 12:11:23,90.4,22,177468,373504,90.9,333980,-0.39
2021-06-16 12:11:24,90.4,22,177291,373689,90.9,334080,-0.39
2021-06-16 12:11:25,90.4,22,177191,373689,90.9,334080,-0.39
2021-06-16 12:11:29,90.4,22,177192,373689,90.9,334080,-0.39
2021-06-16 12:11:49,90.4,22,177065,374111,90.9,334080,-0.39
2021-06-16 12:12:00,90.35,4,177065,374111,90.9,334080,-0.44
2021-06-16 12:12:00,90.35,4,177061,374111,90.9,334084,-0.44
2021-06-16 12:12:20,90.35,155,176498,375132,90.9,334239,-0.44
2021-06-16 12:12:24,90.35,155,176482,375032,90.9,334239,-0.44
2021-06-16 12:12:32,90.25,125,176482,375032,90.9,334239,-0.55
2021-06-16 12:12:33,90.25,125,176363,375032,90.9,334398,-0.55
2021-06-16 12:12:33,90.25,266,176363,375032,90.9,334398,-0.55
2021-06-16 12:12:34,90.25,266,176263,375734,90.9,334664,-0.55
2021-06-16 12:12:35,90.35,23,176211,375702,90.9,334689,-0.44
2021-06-16 12:12:42,90.35,23,176219,375490,90.9,334689,-0.44
2021-06-16 12:12:49,90.25,100,176219,375490,90.9,334689,-0.55
2021-06-16 12:12:50,90.25,100,176137,375680,90.9,334794,-0.55
2021-06-16 12:12:56,90.35,2,176137,375680,90.9,334794,-0.44
2021-06-16 12:12:57,90.35,2,176376,373540,90.9,335051,-0.44
2021-06-16 12:13:04,90.35,2,176228,373464,90.9,335051,-0.44
2021-06-16 12:13:06,90.35,2,176365,373464,90.9,335051,-0.44
2021-06-16 12:13:07,90.35,2,176410,373464,90.9,335051,-0.44
2021-06-16 12:13:07,90.3,30,176410,373464,90.9,335051,-0.5
2021-06-16 12:13:09,90.3,30,176380,373466,90.9,335083,-0.5
2021-06-16 12:13:12,90.3,30,176380,373366,90.9,335083,-0.5
2021-06-16 12:13:24,90.3,30,176376,373303,90.9,335083,-0.5
2021-06-16 12:13:25,90.3,30,176376,373531,90.9,335083,-0.5
2021-06-16 12:13:30,90.3,30,176401,373531,90.9,335083,-0.5
2021-06-16 12:13:33,90.3,30,176401,373303,90.9,335083,-0.5
2021-06-16 12:13:35,90.3,30,176396,373303,90.9,335083,-0.5
2021-06-16 12:13:36,90.3,30,176410,373303,90.9,335083,-0.5
2021-06-16 12:13:37,90.3,66,176410,373303,90.9,335083,-0.5
2021-06-16 12:13:38,90.3,66,176441,373707,90.9,335183,-0.5
2021-06-16 12:13:42,90.3,66,176445,373693,90.9,335183,-0.5
2021-06-16 12:13:50,90.25,10,175428,375046,90.9,335702,-0.55
2021-06-16 12:13:54,90.25,10,175531,375065,90.9,335702,-0.55
2021-06-16 12:13:56,90.25,10,175531,375047,90.9,335702,-0.55
2021-06-16 12:13:57,90.2,1,175531,375047,90.9,335702,-0.61
2021-06-16 12:13:58,90.2,1,175557,375047,90.9,335703,-0.61
2021-06-16 12:14:01,90.2,1,175530,375031,90.9,335703,-0.61
2021-06-16 12:14:03,90.15,39,174490,377339,90.9,335851,-0.66
2021-06-16 12:14:05,90.15,39,174208,377943,90.9,335851,-0.66
2021-06-16 12:14:15,90.2,1216,174208,377943,90.9,335851,-0.61
2021-06-16 12:14:15,90.2,1216,175485,375753,90.89,337067,-0.61
2021-06-16 12:14:18,90.2,1216,175497,375753,90.89,337067,-0.61
2021-06-16 12:14:31,90.2,1216,175756,375598,90.89,337067,-0.61
2021-06-16 12:14:33,90.2,1216,175946,375598,90.89,337067,-0.61
2021-06-16 12:14:49,90.2,1216,175956,375598,90.89,337067,-0.61
2021-06-16 12:14:51,90.2,1216,175956,375364,90.89,337067,-0.61
2021-06-16 12:15:04,90.2,1216,175956,375584,90.89,337067,-0.61
2021-06-16 12:15:20,90.35,2,175974,373264,90.89,338898,-0.44
2021-06-16 12:15:21,90.35,2,176397,373636,90.89,338900,-0.44
2021-06-16 12:15:28,90.35,2,176387,373588,90.89,338900,-0.44
2021-06-16 12:15:39,90.35,2,177048,373533,90.89,338900,-0.44
2021-06-16 12:15:42,90.45,22,177071,373339,90.89,338922,-0.33
2021-06-16 12:15:52,90.45,85,176971,373212,90.89,339022,-0.33
2021-06-16 12:15:54,90.45,85,176971,373237,90.89,339022,-0.33
2021-06-16 12:15:57,90.45,69,176971,373237,90.89,339022,-0.33
2021-06-16 12:15:58,90.45,69,177286,373227,90.89,339091,-0.33
2021-06-16 12:16:06,90.45,2,177286,373227,90.89,339091,-0.33
2021-06-16 12:16:07,90.45,2,177349,372408,90.89,339180,-0.33
2021-06-16 12:16:09,90.45,52,177349,372408,90.89,339180,-0.33
2021-06-16 12:16:09,90.45,52,177185,372227,90.89,339280,-0.33
2021-06-16 12:16:10,90.45,52,177222,372445,90.89,339280,-0.33
2021-06-16 12:16:12,90.45,52,177443,372445,90.89,339280,-0.33
2021-06-16 12:16:19,90.45,52,177600,372683,90.89,339280,-0.33
2021-06-16 12:16:40,90.5,100,177600,372683,90.89,339280,-0.28
2021-06-16 12:16:40,90.5,100,177502,372667,90.89,339380,-0.28
2021-06-16 12:16:43,90.5,100,177501,372667,90.89,339380,-0.28
2021-06-16 12:16:50,90.5,100,177526,372767,90.89,339380,-0.28
2021-06-16 12:17:17,90.6,100,177962,372280,90.89,339480,-0.17
2021-06-16 12:17:36,90.55,1,177962,372280,90.89,339480,-0.22
2021-06-16 12:17:37,90.55,1,177307,372942,90.89,339482,-0.22
2021-06-16 12:17:54,90.55,1,177332,372942,90.89,339482,-0.22
2021-06-16 12:17:58,90.55,1,177539,372942,90.89,339482,-0.22
2021-06-16 12:18:03,90.55,1,177528,372992,90.89,339482,-0.22
2021-06-16 12:18:07,90.55,1,177520,373022,90.89,339482,-0.22
2021-06-16 12:18:10,90.55,1,177305,373022,90.89,339482,-0.22
2021-06-16 12:18:12,90.55,1,177392,373213,90.89,339482,-0.22
2021-06-16 12:18:14,90.55,1,177626,373186,90.89,339482,-0.22
2021-06-16 12:18:25,90.55,1,178118,373213,90.89,339482,-0.22
2021-06-16 12:18:37,90.55,1,178045,373379,90.89,339482,-0.22
2021-06-16 12:18:45,90.55,10,178045,373379,90.89,339482,-0.22
2021-06-16 12:18:45,90.55,10,177902,372935,90.89,339572,-0.22
2021-06-16 12:18:47,90.55,10,178145,373043,90.89,339572,-0.22
2021-06-16 12:18:48,90.55,10,178145,373210,90.89,339572,-0.22
2021-06-16 12:18:54,90.55,10,178245,373210,90.89,339572,-0.22
2021-06-16 12:19:03,90.55,100,178245,373210,90.89,339572,-0.22
2021-06-16 12:19:04,90.55,100,177919,373208,90.89,339697,-0.22
2021-06-16 12:19:06,90.45,1,178154,372966,90.89,339697,-0.33
2021-06-16 12:19:07,90.45,1,177882,373196,90.89,339812,-0.33
2021-06-16 12:19:16,90.45,1,177603,373429,90.89,339812,-0.33
2021-06-16 12:19:18,90.45,1,177603,373555,90.89,339812,-0.33
2021-06-16 12:19:24,90.45,1,177603,373550,90.89,339812,-0.33
2021-06-16 12:19:27,90.55,10,177603,373550,90.89,339812,-0.22
2021-06-16 12:19:28,90.55,10,177630,373540,90.89,339822,-0.22
2021-06-16 12:19:33,90.55,10,177835,373313,90.89,339822,-0.22
2021-06-16 12:19:34,90.55,10,177818,373567,90.89,339822,-0.22
2021-06-16 12:19:36,90.55,10,177818,373644,90.89,339822,-0.22
2021-06-16 12:19:43,90.55,10,177667,373644,90.89,339822,-0.22
2021-06-16 12:19:46,90.55,10,177387,373719,90.89,339822,-0.22
2021-06-16 12:19:58,90.55,10,177319,373719,90.89,339822,-0.22
2021-06-16 12:20:03,90.55,10,177319,373791,90.89,339822,-0.22
2021-06-16 12:20:07,90.55,10,177319,373691,90.89,339822,-0.22
2021-06-16 12:20:16,90.4,3,177319,373691,90.89,339822,-0.39
2021-06-16 12:20:17,90.4,3,177316,373791,90.89,339825,-0.39
2021-06-16 12:20:32,90.4,3,177330,373841,90.89,339825,-0.39
2021-06-16 12:20:37,90.4,3,177330,373741,90.89,339825,-0.39
2021-06-16 12:20:39,90.4,3,177308,373922,90.89,339825,-0.39
2021-06-16 12:20:40,90.4,3,177208,373922,90.89,339825,-0.39
2021-06-16 12:20:45,90.4,3,177208,373822,90.89,339825,-0.39
2021-06-16 12:21:07,90.5,138,177208,373822,90.89,339825,-0.28
2021-06-16 12:21:08,90.5,138,177394,373731,90.89,340525,-0.28
2021-06-16 12:21:10,90.55,10,177387,373650,90.89,340550,-0.22
2021-06-16 12:21:12,90.4,62,177387,373650,90.89,340550,-0.39
2021-06-16 12:21:13,90.4,62,177110,373650,90.89,340612,-0.39
2021-06-16 12:21:15,90.4,62,177333,373650,90.89,340612,-0.39
2021-06-16 12:21:22,90.4,62,177383,373650,90.89,340612,-0.39
2021-06-16 12:21:27,90.4,62,177396,373864,90.89,340612,-0.39
2021-06-16 12:21:28,90.4,62,177375,373864,90.89,340612,-0.39
2021-06-16 12:21:39,90.4,62,177367,373864,90.89,340612,-0.39
2021-06-16 12:21:41,90.4,62,177382,373864,90.89,340612,-0.39
2021-06-16 12:21:43,90.55,73,177382,373864,90.89,340612,-0.22
2021-06-16 12:21:44,90.55,73,177382,373885,90.89,340712,-0.22
2021-06-16 12:21:46,90.55,73,177382,373880,90.89,340712,-0.22
2021-06-16 12:21:47,90.55,73,177382,373680,90.89,340712,-0.22
2021-06-16 12:21:49,90.55,73,177382,373677,90.89,340712,-0.22
2021-06-16 12:21:57,90.55,15,177382,373677,90.89,340712,-0.22
2021-06-16 12:21:59,90.55,15,177367,373662,90.89,340727,-0.22
2021-06-16 12:22:01,90.55,15,177467,373662,90.89,340727,-0.22
2021-06-16 12:22:15,90.55,10,177567,373562,90.89,340927,-0.22
2021-06-16 12:22:20,90.55,10,177431,373562,90.89,340927,-0.22
2021-06-16 12:22:27,90.55,10,177431,373682,90.89,340927,-0.22
2021-06-16 12:22:37,90.55,10,177431,374382,90.89,340927,-0.22
2021-06-16 12:22:44,90.55,10,177580,374592,90.89,340927,-0.22
2021-06-16 12:22:45,90.55,10,177580,374672,90.89,340927,-0.22
2021-06-16 12:23:02,90.55,10,177480,374672,90.89,340927,-0.22
2021-06-16 12:23:13,90.55,10,177495,374822,90.89,340927,-0.22
2021-06-16 12:23:18,90.55,10,177489,374822,90.89,340927,-0.22
2021-06-16 12:23:28,90.4,1,177489,374822,90.89,340927,-0.39
2021-06-16 12:23:28,90.4,1,177488,374822,90.89,340928,-0.39
2021-06-16 12:23:32,90.4,1,177488,374872,90.89,340928,-0.39
2021-06-16 12:23:42,90.45,40,177662,374784,90.89,340968,-0.33
2021-06-16 12:23:46,90.45,40,177672,374732,90.89,340968,-0.33
2021-06-16 12:24:02,90.45,40,177404,374933,90.89,340968,-0.33
2021-06-16 12:24:10,90.45,40,177431,374957,90.89,340968,-0.33
2021-06-16 12:24:12,90.45,40,177504,374819,90.89,340968,-0.33
2021-06-16 12:24:13,90.45,40,177504,374809,90.89,340968,-0.33
2021-06-16 12:24:16,90.45,40,177531,374713,90.89,340968,-0.33
2021-06-16 12:24:24,90.45,40,177531,374995,90.89,340968,-0.33
2021-06-16 12:24:28,90.5,1,177531,374994,90.89,340969,-0.28
2021-06-16 12:24:30,90.55,5,177531,374994,90.89,340969,-0.22
2021-06-16 12:24:31,90.55,5,177660,374941,90.89,341069,-0.22
2021-06-16 12:24:34,90.55,5,177670,374914,90.89,341069,-0.22
2021-06-16 12:24:47,90.55,5,177661,374914,90.89,341069,-0.22
2021-06-16 12:24:48,90.55,5,177673,374914,90.89,341069,-0.22
2021-06-16 12:24:56,90.55,5,177665,374914,90.89,341069,-0.22
2021-06-16 12:24:58,90.55,5,177672,374941,90.89,341069,-0.22
2021-06-16 12:25:02,90.55,5,177656,374964,90.89,341069,-0.22
2021-06-16 12:25:04,90.55,5,177441,374857,90.89,341069,-0.22
2021-06-16 12:25:13,90.55,5,177030,374722,90.89,341069,-0.22
2021-06-16 12:25:23,90.55,5,177030,374222,90.89,341069,-0.22
2021-06-16 12:25:27,90.55,5,177030,374224,90.89,341069,-0.22
2021-06-16 12:25:34,90.55,5,177364,374224,90.89,341069,-0.22
2021-06-16 12:25:37,90.55,5,177839,374248,90.89,341069,-0.22
2021-06-16 12:25:54,90.55,2,178062,373775,90.89,341266,-0.22
2021-06-16 12:25:55,90.55,2,178162,373723,90.89,341266,-0.22
2021-06-16 12:25:57,90.5,100,178154,373748,90.89,341366,-0.28
2021-06-16 12:26:03,90.5,100,178154,373673,90.89,341366,-0.28
2021-06-16 12:26:07,90.5,100,178054,373900,90.89,341366,-0.28
2021-06-16 12:26:14,90.5,100,178095,374349,90.89,341366,-0.28
2021-06-16 12:26:16,90.5,100,178070,374337,90.89,341466,-0.28
2021-06-16 12:26:18,90.5,83,178070,374337,90.89,341466,-0.28
2021-06-16 12:26:19,90.5,83,178070,374215,90.89,341549,-0.28
2021-06-16 12:26:33,90.5,83,178093,374164,90.89,341549,-0.28
2021-06-16 12:26:44,90.5,83,177593,374208,90.89,341549,-0.28
2021-06-16 12:26:46,90.5,11,177593,374208,90.89,341549,-0.28
2021-06-16 12:26:46,90.5,11,177568,374222,90.89,341560,-0.28
2021-06-16 12:26:47,90.5,306,177568,374222,90.89,341560,-0.28
2021-06-16 12:26:48,90.5,306,177195,373778,90.89,342016,-0.28
2021-06-16 12:26:55,90.5,306,177383,373778,90.89,342016,-0.28
2021-06-16 12:27:24,90.5,306,176271,373925,90.89,342016,-0.28
2021-06-16 12:27:42,90.5,5,176271,373925,90.89,342016,-0.28
2021-06-16 12:27:43,90.5,50,176271,374016,90.89,342071,-0.28
2021-06-16 12:27:53,90.4,12,176271,374016,90.89,342071,-0.39
2021-06-16 12:27:54,90.4,12,176227,373991,90.89,342121,-0.39
2021-06-16 12:28:28,90.45,2,176227,373991,90.89,342121,-0.33
2021-06-16 12:28:30,90.45,2,176378,374373,90.89,342423,-0.33
2021-06-16 12:28:31,90.45,2,176652,374570,90.89,342423,-0.33
2021-06-16 12:28:33,90.4,50,176652,374570,90.89,342423,-0.39
2021-06-16 12:28:34,90.4,50,176630,374570,90.89,342473,-0.39
2021-06-16 12:28:49,90.4,50,176630,374370,90.89,342473,-0.39
2021-06-16 12:29:22,90.3,15,176638,374370,90.89,342488,-0.5
2021-06-16 12:29:25,90.3,15,176613,374370,90.89,342488,-0.5
2021-06-16 12:29:31,90.3,15,176513,374370,90.89,342488,-0.5
2021-06-16 12:29:33,90.3,15,176413,374370,90.89,342488,-0.5
2021-06-16 12:29:34,90.3,20,176413,374370,90.89,342488,-0.5
2021-06-16 12:29:34,90.3,20,175949,374554,90.89,342888,-0.5
2021-06-16 12:29:44,90.3,20,176499,374554,90.89,342888,-0.5
2021-06-16 12:30:10,90.3,20,176237,374553,90.89,342888,-0.5
2021-06-16 12:30:12,90.3,20,176452,374577,90.89,342888,-0.5
2021-06-16 12:30:29,90.3,211,176452,374577,90.89,342888,-0.5
2021-06-16 12:30:30,90.3,211,176551,374608,90.88,343238,-0.5
2021-06-16 12:30:35,90.25,15,176551,374608,90.88,343238,-0.55
2021-06-16 12:30:36,90.25,15,176536,375074,90.88,343253,-0.55
2021-06-16 12:30:37,90.25,757,176142,375201,90.88,344253,-0.55
2021-06-16 12:30:37,90.35,4,176142,375201,90.88,344253,-0.44
2021-06-16 12:30:39,90.35,4,176444,374675,90.88,344257,-0.44
2021-06-16 12:30:40,90.35,4,176762,374699,90.88,344257,-0.44
2021-06-16 12:30:41,90.45,121,176762,374757,90.88,344257,-0.33
2021-06-16 12:30:43,90.45,121,177712,373570,90.88,345378,-0.33
2021-06-16 12:30:46,90.55,11,177712,373570,90.88,345378,-0.22
2021-06-16 12:30:46,90.55,11,177867,373345,90.88,345578,-0.22
2021-06-16 12:30:58,90.55,11,177865,373346,90.88,345578,-0.22
2021-06-16 12:31:04,90.55,11,178493,372685,90.88,345578,-0.22
2021-06-16 12:31:13,90.55,11,178585,373272,90.88,345578,-0.22
2021-06-16 12:31:15,90.55,11,178363,373272,90.88,345578,-0.22
2021-06-16 12:31:18,90.55,11,178632,373272,90.88,345578,-0.22
2021-06-16 12:31:23,90.45,219,177656,374106,90.88,346045,-0.33
2021-06-16 12:31:27,90.45,219,177678,374037,90.88,346045,-0.33
2021-06-16 12:31:36,90.45,219,177911,374037,90.88,346045,-0.33
2021-06-16 12:32:00,90.45,219,177912,374037,90.88,346045,-0.33
2021-06-16 12:32:01,90.45,219,177714,374275,90.88,346045,-0.33
2021-06-16 12:32:22,90.45,219,177721,374275,90.88,346045,-0.33
2021-06-16 12:32:32,90.45,219,177758,374275,90.88,346045,-0.33
2021-06-16 12:32:36,90.5,36,177758,374275,90.88,346045,-0.28
2021-06-16 12:32:37,90.5,36,177668,374133,90.88,346085,-0.28
2021-06-16 12:32:38,90.5,36,177913,374133,90.88,346085,-0.28
2021-06-16 12:32:39,90.5,36,177909,374157,90.88,346085,-0.28
2021-06-16 12:32:42,90.55,24,177909,374157,90.88,346085,-0.22
2021-06-16 12:32:42,90.55,24,177822,373668,90.88,346245,-0.22
2021-06-16 12:32:45,90.55,24,178278,373977,90.88,346245,-0.22
2021-06-16 12:32:53,90.55,24,178278,374019,90.88,346245,-0.22
2021-06-16 12:33:09,90.55,24,178278,373969,90.88,346245,-0.22
2021-06-16 12:33:12,90.55,24,178278,373953,90.88,346245,-0.22
2021-06-16 12:33:24,90.55,24,178178,373764,90.88,346245,-0.22
2021-06-16 12:33:27,90.55,24,178195,373977,90.88,346245,-0.22
2021-06-16 12:33:32,90.55,24,178195,373764,90.88,346245,-0.22
2021-06-16 12:33:34,90.55,24,178219,373981,90.88,346245,-0.22
2021-06-16 12:33:45,90.55,24,178355,374016,90.88,346245,-0.22
2021-06-16 12:33:54,90.45,2,178329,374016,90.88,346247,-0.33
2021-06-16 12:34:24,90.45,2,178353,373916,90.88,346247,-0.33
2021-06-16 12:34:49,90.45,2,178179,373916,90.88,346247,-0.33
2021-06-16 12:34:55,90.45,2,179163,373699,90.88,346247,-0.33
2021-06-16 12:34:57,90.45,2,179163,373599,90.88,346247,-0.33
2021-06-16 12:35:03,90.45,2,178948,373834,90.88,346247,-0.33
2021-06-16 12:35:04,90.45,2,179174,373599,90.88,346247,-0.33
2021-06-16 12:35:06,90.45,2,179174,373814,90.88,346247,-0.33
2021-06-16 12:35:10,90.4,69,178654,373725,90.88,346547,-0.39
2021-06-16 12:35:38,90.4,69,178651,373729,90.88,346547,-0.39
2021-06-16 12:35:39,90.4,147,178651,373729,90.88,346547,-0.39
2021-06-16 12:35:45,90.4,147,178676,373737,90.88,346747,-0.39
2021-06-16 12:35:45,90.4,147,178442,373737,90.88,346747,-0.39
2021-06-16 12:35:48,90.4,147,178678,373737,90.88,346747,-0.39
2021-06-16 12:35:50,90.4,147,178680,373737,90.88,346747,-0.39
2021-06-16 12:35:57,90.4,147,178454,373737,90.88,346747,-0.39
2021-06-16 12:35:57,90.55,13,178454,373737,90.88,346747,-0.22
2021-06-16 12:35:58,90.55,13,178558,373666,90.88,346847,-0.22
2021-06-16 12:36:01,90.55,13,178368,373685,90.88,346847,-0.22
2021-06-16 12:36:03,90.55,13,178585,373957,90.88,346847,-0.22
2021-06-16 12:36:04,90.55,13,178485,373957,90.88,346847,-0.22
2021-06-16 12:36:07,90.55,13,178612,373957,90.88,346847,-0.22
2021-06-16 12:36:24,90.55,13,178638,373957,90.88,346847,-0.22
2021-06-16 12:36:25,90.55,13,178528,373957,90.88,346847,-0.22
2021-06-16 12:36:27,90.55,13,178467,374084,90.88,346847,-0.22
2021-06-16 12:36:28,90.55,13,178254,374084,90.88,346847,-0.22
2021-06-16 12:36:31,90.55,13,178207,374078,90.88,346847,-0.22
2021-06-16 12:36:32,90.55,13,178207,374098,90.88,346847,-0.22
2021-06-16 12:36:33,90.55,13,178441,374072,90.88,346847,-0.22
2021-06-16 12:36:42,90.55,13,178277,374133,90.88,346847,-0.22
2021-06-16 12:36:45,90.55,13,178594,374133,90.88,346847,-0.22
2021-06-16 12:36:46,90.55,13,178573,374133,90.88,346847,-0.22
2021-06-16 12:36:51,90.5,100,178573,374133,90.88,346847,-0.28
2021-06-16 12:36:51,90.5,100,178599,373998,90.88,346947,-0.28
2021-06-16 12:37:01,90.5,100,178599,373898,90.88,346947,-0.28
2021-06-16 12:37:10,90.5,12,178599,373898,90.88,346947,-0.28
2021-06-16 12:37:12,90.5,12,178514,373886,90.88,346959,-0.28
2021-06-16 12:37:22,90.5,12,178564,373860,90.88,346959,-0.28
2021-06-16 12:37:23,90.5,12,178664,373860,90.88,346959,-0.28
2021-06-16 12:37:25,90.5,12,178667,373860,90.88,346959,-0.28
2021-06-16 12:37:31,90.5,12,178667,373760,90.88,346959,-0.28
2021-06-16 12:37:34,90.5,93,178667,373760,90.88,346959,-0.28
2021-06-16 12:37:34,90.5,93,178659,373875,90.88,347097,-0.28
2021-06-16 12:37:56,90.5,93,178676,374222,90.88,347097,-0.28
2021-06-16 12:37:57,90.5,93,178676,374267,90.88,347097,-0.28
2021-06-16 12:37:59,90.5,93,178771,374267,90.88,347097,-0.28
2021-06-16 12:38:04,90.5,93,178782,374267,90.88,347097,-0.28
2021-06-16 12:38:12,90.5,93,178785,374267,90.88,347097,-0.28
2021-06-16 12:38:23,90.5,150,178785,374267,90.88,347097,-0.28
2021-06-16 12:38:24,90.5,150,178635,374176,90.88,347247,-0.28
2021-06-16 12:38:25,90.5,150,178635,374143,90.88,347247,-0.28
2021-06-16 12:38:38,90.5,150,178635,374043,90.88,347247,-0.28
2021-06-16 12:38:43,90.5,150,178635,374110,90.88,347247,-0.28
2021-06-16 12:38:49,90.45,1,178854,374136,90.88,347248,-0.33
2021-06-16 12:38:54,90.45,1,178850,374334,90.88,347248,-0.33
2021-06-16 12:38:55,90.5,15,178850,374334,90.88,347248,-0.28
2021-06-16 12:38:57,90.5,15,178985,374319,90.88,347263,-0.28
2021-06-16 12:39:00,90.5,15,178885,374319,90.88,347263,-0.28
2021-06-16 12:39:07,90.5,15,177662,374219,90.88,347263,-0.28
2021-06-16 12:39:10,90.5,15,177492,374219,90.88,347263,-0.28
2021-06-16 12:39:35,90.45,5,177334,374657,90.88,347327,-0.33
2021-06-16 12:39:43,90.45,5,177334,374907,90.88,347327,-0.33
2021-06-16 12:39:45,90.45,5,177346,374907,90.88,347327,-0.33
2021-06-16 12:39:46,90.45,5,177346,374917,90.88,347327,-0.33
2021-06-16 12:39:57,90.45,5,177118,374917,90.88,347327,-0.33
2021-06-16 12:40:00,90.45,5,177126,374917,90.88,347327,-0.33
2021-06-16 12:40:03,90.45,5,176755,375271,90.88,347327,-0.33
2021-06-16 12:40:05,90.45,5,176655,375271,90.88,347327,-0.33
2021-06-16 12:40:08,90.45,5,176532,375282,90.88,347327,-0.33
2021-06-16 12:40:16,90.25,100,176532,375282,90.88,347327,-0.55
2021-06-16 12:40:18,90.25,100,175643,376090,90.88,347427,-0.55
2021-06-16 12:40:21,90.25,100,175497,376070,90.88,347427,-0.55
2021-06-16 12:40:26,90.25,100,175497,375873,90.88,347427,-0.55
2021-06-16 12:40:39,90.25,100,175508,375720,90.88,347427,-0.55
2021-06-16 12:40:43,90.25,100,176007,375720,90.88,347427,-0.55
2021-06-16 12:40:51,90.25,100,176000,375720,90.88,347427,-0.55
2021-06-16 12:40:55,90.25,100,175773,375720,90.88,347427,-0.55
2021-06-16 12:40:59,90.25,100,175999,375853,90.88,347427,-0.55
2021-06-16 12:41:00,90.25,100,175722,375853,90.88,347527,-0.55
2021-06-16 12:41:03,90.25,100,175962,375853,90.88,347527,-0.55
2021-06-16 12:41:05,90.25,100,175962,375753,90.88,347527,-0.55
2021-06-16 12:41:11,90.25,100,175966,375753,90.88,347527,-0.55
2021-06-16 12:41:17,90.25,100,175966,375653,90.88,347527,-0.55
2021-06-16 12:41:19,90.25,100,175997,375622,90.88,347527,-0.55
2021-06-16 12:41:21,90.25,100,175742,375622,90.88,347527,-0.55
2021-06-16 12:41:32,90.2,1,175742,375622,90.88,347527,-0.61
2021-06-16 12:41:33,90.2,1,175961,375489,90.88,347528,-0.61
2021-06-16 12:41:36,90.2,1,175979,375389,90.88,347528,-0.61
2021-06-16 12:41:49,90.2,1,175976,375404,90.88,347528,-0.61
2021-06-16 12:41:53,90.15,6,175976,375404,90.88,347528,-0.66
2021-06-16 12:41:54,90.15,6,175947,375413,90.88,347578,-0.66
2021-06-16 12:41:55,90.3,20,175947,375413,90.88,347578,-0.5
2021-06-16 12:41:55,90.3,20,175934,375005,90.88,347698,-0.5
2021-06-16 12:42:04,90.3,20,175934,375104,90.88,347698,-0.5
2021-06-16 12:42:06,90.3,20,175934,374883,90.88,347698,-0.5
2021-06-16 12:42:09,90.15,96,175934,374883,90.88,347698,-0.66
2021-06-16 12:42:10,90.15,96,175743,375490,90.88,348198,-0.66
2021-06-16 12:42:21,90.15,96,175534,375490,90.88,348198,-0.66
2021-06-16 12:42:22,90.1,125,175534,375490,90.88,348198,-0.72
2021-06-16 12:42:23,90.1,125,175430,375687,90.88,348323,-0.72
2021-06-16 12:42:29,90.1,125,175408,375611,90.88,348323,-0.72
2021-06-16 12:42:39,90.1,125,175408,375612,90.88,348323,-0.72
2021-06-16 12:42:44,90.1,125,175417,375612,90.88,348323,-0.72
2021-06-16 12:42:56,90.1,125,175418,375612,90.88,348323,-0.72
2021-06-16 12:43:12,90.1,170,175418,375612,90.88,348323,-0.72
2021-06-16 12:43:12,90.1,170,175145,376008,90.87,349323,-0.72
2021-06-16 12:43:14,90.1,170,175350,376001,90.87,349323,-0.72
2021-06-16 12:43:24,90.1,170,175304,376003,90.87,349323,-0.72
2021-06-16 12:43:28,90.1,170,175404,376003,90.87,349323,-0.72
2021-06-16 12:43:32,90.1,170,175492,376003,90.87,349323,-0.72
2021-06-16 12:43:43,90.1,170,175392,376003,90.87,349323,-0.72
2021-06-16 12:43:46,90.1,170,175405,376003,90.87,349323,-0.72
2021-06-16 12:43:51,90.1,170,175406,376003,90.87,349323,-0.72
2021-06-16 12:43:56,90.1,170,175176,376003,90.87,349323,-0.72
2021-06-16 12:43:58,90.1,170,175396,376003,90.87,349323,-0.72
2021-06-16 12:44:06,90.1,170,175398,376003,90.87,349323,-0.72
2021-06-16 12:44:11,90.1,170,175402,376003,90.87,349323,-0.72
2021-06-16 12:44:19,90.1,170,175427,376003,90.87,349323,-0.72
2021-06-16 12:44:30,90.1,170,175327,375803,90.87,349323,-0.72
2021-06-16 12:44:50,90.1,170,175127,375803,90.87,349323,-0.72
2021-06-16 12:45:25,90.1,170,174936,375803,90.87,349323,-0.72
2021-06-16 12:45:36,90.1,170,174920,376195,90.87,349323,-0.72
2021-06-16 12:45:37,90.2,50,174920,376195,90.87,349323,-0.61
2021-06-16 12:45:37,90.2,50,174770,376167,90.87,349373,-0.61
2021-06-16 12:45:40,90.2,50,174770,375949,90.87,349373,-0.61
2021-06-16 12:45:46,90.2,50,174770,375755,90.87,349373,-0.61
2021-06-16 12:45:49,90.2,50,174790,375991,90.87,349373,-0.61
2021-06-16 12:46:14,90.2,50,175391,375629,90.87,349373,-0.61
2021-06-16 12:46:40,90.1,150,175391,375629,90.87,349373,-0.72
2021-06-16 12:46:41,90.1,150,175275,375629,90.87,349523,-0.72
2021-06-16 12:46:49,90.1,150,175305,375610,90.87,349523,-0.72
2021-06-16 12:46:55,90.1,150,175305,375841,90.87,349523,-0.72
2021-06-16 12:46:59,90.1,150,175326,375610,90.87,349523,-0.72
2021-06-16 12:47:01,90.1,150,175326,375830,90.87,349523,-0.72
2021-06-16 12:47:05,90.1,150,175326,375629,90.87,349523,-0.72
2021-06-16 12:47:15,90.1,150,175326,375836,90.87,349523,-0.72
2021-06-16 12:47:18,90.0,409,174130,375861,90.87,351023,-0.83
2021-06-16 12:47:20,90.0,409,174197,376578,90.87,351023,-0.83
2021-06-16 12:47:25,90.0,409,173947,376578,90.87,351023,-0.83
2021-06-16 12:47:27,90.0,409,173947,376809,90.87,351023,-0.83
2021-06-16 12:47:30,90.0,409,173962,376808,90.87,351023,-0.83
2021-06-16 12:47:45,90.2,133,173962,376808,90.87,351023,-0.61
2021-06-16 12:47:47,90.2,133,173985,376675,90.87,351156,-0.61
2021-06-16 12:47:57,90.2,133,174198,376675,90.87,351156,-0.61
2021-06-16 12:47:58,90.2,133,173962,376675,90.87,351156,-0.61
2021-06-16 12:48:02,90.2,133,174175,376675,90.87,351156,-0.61
2021-06-16 12:48:15,90.2,133,174185,376694,90.87,351156,-0.61
2021-06-16 12:48:19,90.2,133,174185,376330,90.87,351156,-0.61
2021-06-16 12:48:20,90.2,133,174085,376230,90.87,351156,-0.61
2021-06-16 12:48:27,90.2,133,174085,376346,90.87,351156,-0.61
2021-06-16 12:48:29,90.2,133,173985,376346,90.87,351156,-0.61
2021-06-16 12:48:45,90.2,4,173985,376346,90.87,351156,-0.61
2021-06-16 12:48:46,90.2,4,174465,376142,90.87,351256,-0.61
2021-06-16 12:49:43,90.2,4,174491,376142,90.87,351256,-0.61
2021-06-16 12:49:54,90.2,4,174380,376335,90.87,351256,-0.61
2021-06-16 12:49:57,90.2,4,174380,376120,90.87,351256,-0.61
2021-06-16 12:50:04,90.05,5,174375,376120,90.87,351261,-0.77
2021-06-16 12:50:06,90.05,5,174396,376338,90.87,351261,-0.77
2021-06-16 12:50:12,90.05,5,174396,376115,90.87,351261,-0.77
2021-06-16 12:50:13,90.05,5,174396,376329,90.87,351261,-0.77
2021-06-16 12:50:16,90.2,10,174296,376340,90.87,351271,-0.61
2021-06-16 12:50:18,90.2,10,174296,376105,90.87,351271,-0.61
2021-06-16 12:50:21,90.2,10,174318,376332,90.87,351271,-0.61
2021-06-16 12:50:31,90.2,10,174318,376325,90.87,351271,-0.61
2021-06-16 12:50:33,90.2,6,174295,376326,90.87,351277,-0.61
2021-06-16 12:50:37,90.2,6,174318,376335,90.87,351277,-0.61
2021-06-16 12:50:38,90.2,6,174319,376314,90.87,351277,-0.61
2021-06-16 12:50:41,90.2,6,174319,376099,90.87,351277,-0.61
2021-06-16 12:50:55,90.2,6,174318,376333,90.87,351277,-0.61
2021-06-16 12:51:00,90.2,6,174295,376099,90.87,351277,-0.61
2021-06-16 12:51:01,90.2,6,174318,376099,90.87,351277,-0.61
2021-06-16 12:51:03,90.2,6,174239,376313,90.87,351277,-0.61
2021-06-16 12:51:04,90.2,6,174454,376333,90.87,351277,-0.61
2021-06-16 12:51:06,90.2,6,174862,376312,90.87,351277,-0.61
2021-06-16 12:51:20,90.2,6,174974,376120,90.87,351277,-0.61
2021-06-16 12:51:22,90.2,6,174974,376121,90.87,351277,-0.61
2021-06-16 12:51:47,90.2,6,176974,376121,90.87,351277,-0.61
2021-06-16 12:52:00,90.2,126,176974,376121,90.87,351277,-0.61
2021-06-16 12:52:01,90.2,126,176974,376001,90.87,351418,-0.61
2021-06-16 12:52:03,90.2,126,176874,375979,90.87,351418,-0.61
2021-06-16 12:52:10,90.25,17,176874,375979,90.87,351418,-0.55
2021-06-16 12:52:10,90.25,17,177105,376167,90.87,351437,-0.55
2021-06-16 12:52:12,90.25,17,177082,376045,90.87,351437,-0.55
2021-06-16 12:52:13,90.25,17,177082,376277,90.87,351437,-0.55
2021-06-16 12:52:18,90.25,17,177082,376262,90.87,351437,-0.55
2021-06-16 12:52:21,90.25,17,177132,376262,90.87,351437,-0.55
2021-06-16 12:52:37,90.25,17,177352,376270,90.87,351437,-0.55
2021-06-16 12:52:46,90.25,84,177352,376270,90.87,351437,-0.55
2021-06-16 12:52:48,90.25,84,178152,375489,90.87,351663,-0.55
2021-06-16 12:53:01,90.3,2,178152,375489,90.87,351663,-0.5
2021-06-16 12:53:07,90.3,2,178164,375428,90.87,351875,-0.5
2021-06-16 12:53:11,90.3,2,178164,375434,90.87,351875,-0.5
2021-06-16 12:53:14,90.3,2,178164,375439,90.87,351875,-0.5
2021-06-16 12:53:18,90.3,2,178164,375209,90.87,351875,-0.5
2021-06-16 12:53:19,90.3,2,178164,375441,90.87,351875,-0.5
2021-06-16 12:53:22,89.95,1,178164,375441,90.87,351875,-0.88
2021-06-16 12:53:22,89.85,54,178164,375441,90.87,351875,-0.99
2021-06-16 12:53:23,89.85,54,167811,373384,90.84,365990,-0.99
2021-06-16 12:53:25,89.85,54,168594,373846,90.84,365990,-0.99
2021-06-16 12:53:28,89.95,10,168594,373846,90.84,365990,-0.88
2021-06-16 12:53:30,89.95,200,168634,374280,90.84,366000,-0.88
2021-06-16 12:53:32,89.95,200,169058,374138,90.84,366200,-0.88
2021-06-16 12:53:36,89.95,200,169189,374600,90.84,366200,-0.88
2021-06-16 12:53:38,89.95,200,169189,374700,90.84,366200,-0.88
2021-06-16 12:53:50,89.95,200,169223,374900,90.84,366200,-0.88
2021-06-16 12:54:04,89.95,200,170007,374892,90.84,366200,-0.88
2021-06-16 12:54:16,89.95,200,170260,374892,90.84,366200,-0.88
2021-06-16 12:54:27,89.95,200,170260,375142,90.84,366200,-0.88
2021-06-16 12:54:28,89.95,50,170260,375142,90.84,366200,-0.88
2021-06-16 12:54:29,89.95,50,170160,375102,90.84,366250,-0.88
2021-06-16 12:54:31,89.95,50,170160,375602,90.84,366250,-0.88
2021-06-16 12:54:52,89.95,50,170210,375385,90.84,366250,-0.88
2021-06-16 12:54:56,89.95,41,170210,375385,90.84,366250,-0.88
2021-06-16 12:54:57,89.95,41,173406,375473,90.84,366449,-0.88
2021-06-16 12:54:58,90.0,1,173406,375473,90.84,366449,-0.83
2021-06-16 12:54:59,90.0,1,173397,375472,90.84,366450,-0.83
2021-06-16 12:55:01,90.0,1,173297,375350,90.84,366450,-0.83
2021-06-16 12:55:03,90.0,1,173361,375582,90.84,366450,-0.83
2021-06-16 12:55:15,90.0,1,173331,375582,90.84,366450,-0.83
2021-06-16 12:55:16,89.9,34,170464,375906,90.83,369518,-0.94
2021-06-16 12:55:33,89.9,34,170459,375900,90.83,369518,-0.94
2021-06-16 12:55:34,89.9,34,170459,375915,90.83,369518,-0.94
2021-06-16 12:55:36,89.9,34,170688,375915,90.83,369518,-0.94
2021-06-16 12:55:42,89.9,34,170441,375801,90.83,369518,-0.94
2021-06-16 12:55:43,89.9,34,170802,375801,90.83,369518,-0.94
2021-06-16 12:55:59,89.9,34,170846,376801,90.83,369518,-0.94
2021-06-16 12:56:00,89.9,34,170846,377301,90.83,369518,-0.94
2021-06-16 12:56:12,89.9,34,170802,377301,90.83,369518,-0.94
2021-06-16 12:56:15,89.9,34,170852,376301,90.83,369518,-0.94
2021-06-16 12:56:20,89.9,34,170886,376315,90.83,369518,-0.94
2021-06-16 12:56:22,89.9,34,170886,377315,90.83,369518,-0.94
2021-06-16 12:56:23,89.9,34,171767,377315,90.83,369518,-0.94
2021-06-16 12:56:26,89.9,34,171503,377419,90.83,369518,-0.94
2021-06-16 12:56:30,89.9,34,171503,377425,90.83,369518,-0.94
2021-06-16 12:56:31,89.9,34,171773,377425,90.83,369518,-0.94
2021-06-16 12:56:33,89.9,34,172173,377487,90.83,369518,-0.94
2021-06-16 12:56:36,90.0,1000,172173,377487,90.83,369518,-0.83
2021-06-16 12:56:36,90.0,1000,172439,376122,90.83,370518,-0.83
2021-06-16 12:56:39,89.9,6,172150,376476,90.83,370554,-0.94
2021-06-16 12:56:40,89.9,6,172383,376246,90.83,370554,-0.94
2021-06-16 12:56:42,89.9,6,172383,376466,90.83,370554,-0.94
2021-06-16 12:56:46,89.9,6,172433,376466,90.83,370554,-0.94
2021-06-16 12:56:54,89.9,6,172623,376466,90.83,370554,-0.94
2021-06-16 12:57:10,89.9,6,172783,376466,90.83,370554,-0.94
2021-06-16 12:57:13,89.9,6,173069,376072,90.83,370554,-0.94
2021-06-16 12:57:15,90.0,99,173069,375579,90.83,370653,-0.83
2021-06-16 12:57:17,90.0,99,173121,375529,90.83,370653,-0.83
2021-06-16 12:57:22,90.0,99,173221,375529,90.83,370653,-0.83
2021-06-16 12:57:27,90.0,99,172921,375529,90.83,370653,-0.83
2021-06-16 12:57:29,90.0,99,172931,375529,90.83,370653,-0.83
2021-06-16 12:57:33,90.0,99,172926,375529,90.83,370653,-0.83
2021-06-16 12:57:34,90.0,50,172926,375529,90.83,370653,-0.83
2021-06-16 12:57:34,90.0,50,172926,375529,90.82,370703,-0.83
2021-06-16 12:57:42,90.0,50,173006,375479,90.82,370703,-0.83
2021-06-16 12:57:46,90.0,400,173006,375479,90.82,370703,-0.83
2021-06-16 12:57:47,90.0,400,172581,375041,90.82,371103,-0.83
2021-06-16 12:57:57,90.0,400,172590,374946,90.82,371103,-0.83
2021-06-16 12:58:15,89.85,25,172590,374946,90.82,371103,-0.99
2021-06-16 12:58:17,89.8,1737,170939,379985,90.82,371754,-1.05
2021-06-16 12:58:19,89.8,1737,167755,380165,90.81,375029,-1.05
2021-06-16 12:58:25,89.8,100,167755,380165,90.81,375029,-1.05
2021-06-16 12:58:26,89.8,100,167705,380065,90.81,375129,-1.05
2021-06-16 12:58:28,89.85,228,167431,379639,90.81,375629,-0.99
2021-06-16 12:58:33,89.85,85,167431,379639,90.81,375629,-0.99
2021-06-16 12:58:34,89.85,85,167547,379517,90.81,375714,-0.99
2021-06-16 12:58:39,89.85,85,167595,379517,90.81,375714,-0.99
2021-06-16 12:58:42,89.85,85,167561,382144,90.81,375714,-0.99
2021-06-16 12:58:45,89.85,85,167581,382377,90.81,375714,-0.99
2021-06-16 12:58:47,89.85,85,167501,382377,90.81,375714,-0.99
2021-06-16 12:58:48,89.85,10,167501,382377,90.81,375714,-0.99
2021-06-16 12:58:48,89.85,10,167501,382360,90.81,375724,-0.99
2021-06-16 12:58:51,89.85,6,167501,382360,90.81,375724,-0.99
2021-06-16 12:58:52,89.85,6,167551,382354,90.81,375730,-0.99
2021-06-16 12:58:54,89.85,6,167517,382346,90.81,375730,-0.99
2021-06-16 12:59:00,89.8,29,167517,382346,90.81,375730,-1.05
2021-06-16 12:59:02,89.8,29,167438,382346,90.81,375759,-1.05
2021-06-16 12:59:07,89.8,29,167588,382346,90.81,375759,-1.05
2021-06-16 12:59:12,89.8,29,167872,382346,90.81,375759,-1.05
2021-06-16 12:59:13,89.8,29,168282,382149,90.81,375759,-1.05
2021-06-16 12:59:16,89.8,29,168145,382154,90.81,375759,-1.05
2021-06-16 12:59:18,89.8,29,168145,382150,90.81,375759,-1.05
2021-06-16 12:59:21,89.8,29,168145,382165,90.81,375759,-1.05
2021-06-16 12:59:28,89.8,29,168145,382665,90.81,375759,-1.05
2021-06-16 12:59:46,89.8,29,168111,382702,90.81,375759,-1.05
2021-06-16 12:59:47,89.85,5,168111,382702,90.81,375759,-0.99
2021-06-16 12:59:48,89.85,5,168111,382697,90.81,375764,-0.99
2021-06-16 12:59:49,89.85,5,168111,382597,90.81,375764,-0.99
2021-06-16 12:59:58,89.85,5,167597,382597,90.81,375764,-0.99
2021-06-16 13:00:01,89.85,121,167597,382597,90.81,375764,-0.99
2021-06-16 13:00:02,89.85,121,168416,381972,90.81,376155,-0.99
2021-06-16 13:00:04,89.85,121,168382,382174,90.81,376155,-0.99
2021-06-16 13:00:10,89.85,100,168382,382174,90.81,376155,-0.99
2021-06-16 13:00:11,89.85,100,168287,382176,90.81,376255,-0.99
2021-06-16 13:00:16,89.9,9,168287,382176,90.81,376255,-0.94
2021-06-16 13:00:17,89.9,9,168235,382167,90.81,376264,-0.94
2021-06-16 13:00:24,89.9,5,168235,382167,90.81,376264,-0.94
2021-06-16 13:00:25,89.9,5,168178,382162,90.81,376269,-0.94
2021-06-16 13:00:32,89.9,5,168378,382162,90.81,376269,-0.94
2021-06-16 13:00:40,89.9,5,168161,382247,90.81,376269,-0.94
2021-06-16 13:00:42,89.9,5,168385,382247,90.81,376269,-0.94
2021-06-16 13:00:51,89.9,5,168435,382247,90.81,376269,-0.94
2021-06-16 13:00:58,89.85,1,168434,382247,90.81,376270,-0.99
2021-06-16 13:00:59,89.85,1,168610,382254,90.81,376270,-0.99
2021-06-16 13:01:00,89.85,1,168644,382203,90.81,376270,-0.99
2021-06-16 13:01:01,89.85,1,168644,382254,90.81,376270,-0.99
2021-06-16 13:01:03,89.85,1,168850,382254,90.81,376270,-0.99
2021-06-16 13:01:21,89.85,1,169067,382254,90.81,376270,-0.99
2021-06-16 13:01:34,89.85,1,169067,382281,90.81,376270,-0.99
2021-06-16 13:01:42,89.85,1,169108,382281,90.81,376270,-0.99
2021-06-16 13:01:45,90.0,110,169471,381800,90.81,376380,-0.83
2021-06-16 13:01:48,90.0,110,168971,381743,90.81,376380,-0.83
2021-06-16 13:02:08,90.0,110,169071,381743,90.81,376380,-0.83
2021-06-16 13:02:11,90.0,110,168942,381978,90.81,376380,-0.83
2021-06-16 13:02:17,90.0,110,169037,381743,90.81,376380,-0.83
2021-06-16 13:02:31,90.0,110,169170,381743,90.81,376380,-0.83
2021-06-16 13:02:42,90.0,110,169438,381978,90.81,376380,-0.83
2021-06-16 13:02:44,90.0,110,169664,381976,90.81,376380,-0.83
2021-06-16 13:02:47,90.0,110,169664,381958,90.81,376380,-0.83
2021-06-16 13:02:49,90.0,110,169664,381743,90.81,376380,-0.83
2021-06-16 13:02:50,90.0,110,169664,381908,90.81,376380,-0.83
2021-06-16 13:02:58,90.0,110,169664,381927,90.81,376380,-0.83
2021-06-16 13:03:00,90.0,110,169664,381692,90.81,376380,-0.83
2021-06-16 13:03:01,90.0,110,169721,381913,90.81,376380,-0.83
2021-06-16 13:03:15,90.0,110,169221,381913,90.81,376380,-0.83
2021-06-16 13:03:39,90.0,110,168946,382159,90.81,376380,-0.83
2021-06-16 13:03:49,90.0,110,168956,382159,90.81,376380,-0.83
2021-06-16 13:03:52,90.0,110,168374,382159,90.81,376380,-0.83
2021-06-16 13:04:09,90.0,110,168516,381964,90.81,376380,-0.83
2021-06-16 13:04:10,90.0,272,168516,381964,90.81,376380,-0.83
2021-06-16 13:04:12,90.0,272,168612,381243,90.81,376880,-0.83
2021-06-16 13:04:32,90.0,10,168612,381243,90.81,376880,-0.83
2021-06-16 13:04:33,90.0,10,168612,381093,90.81,376890,-0.83
2021-06-16 13:04:34,90.0,500,168612,380650,90.81,377390,-0.83
2021-06-16 13:04:36,90.0,500,168613,380593,90.81,377390,-0.83
2021-06-16 13:04:38,90.0,500,168623,380593,90.81,377390,-0.83
2021-06-16 13:04:43,90.0,500,169215,380593,90.81,377390,-0.83
2021-06-16 13:04:55,90.0,500,169340,380593,90.81,377390,-0.83
2021-06-16 13:05:04,90.0,500,169074,380763,90.81,377390,-0.83
2021-06-16 13:05:15,90.0,500,169074,380263,90.81,377390,-0.83
2021-06-16 13:05:18,90.0,500,169074,380013,90.81,377390,-0.83
2021-06-16 13:05:24,90.0,500,169199,380013,90.81,377390,-0.83
2021-06-16 13:05:32,90.0,500,169207,379788,90.81,377390,-0.83
2021-06-16 13:05:34,90.0,500,169254,380020,90.81,377390,-0.83
2021-06-16 13:05:49,90.0,500,169206,380420,90.81,377390,-0.83
2021-06-16 13:05:52,90.0,500,169256,380420,90.81,377390,-0.83
2021-06-16 13:05:57,90.0,100,169256,380420,90.81,377390,-0.83
2021-06-16 13:05:59,90.0,100,169256,380317,90.81,377490,-0.83
2021-06-16 13:06:02,90.0,100,169256,380084,90.81,377490,-0.83
2021-06-16 13:06:04,90.0,100,169304,380313,90.81,377490,-0.83
2021-06-16 13:06:05,90.0,100,169304,380613,90.81,377490,-0.83
2021-06-16 13:06:40,90.0,100,169304,380597,90.81,377490,-0.83
2021-06-16 13:06:48,90.0,100,169293,380384,90.81,377490,-0.83
2021-06-16 13:06:49,90.0,100,169299,380384,90.81,377490,-0.83
2021-06-16 13:06:52,90.0,100,169250,380384,90.81,377490,-0.83
2021-06-16 13:06:54,90.0,100,169287,380597,90.81,377490,-0.83
2021-06-16 13:06:57,90.0,100,169300,380394,90.81,377490,-0.83
2021-06-16 13:07:06,90.0,100,169262,380627,90.81,377490,-0.83
2021-06-16 13:07:12,90.0,100,169086,380769,90.81,377490,-0.83
2021-06-16 13:07:15,90.0,100,169266,380769,90.81,377490,-0.83
2021-06-16 13:07:16,90.0,100,169266,380779,90.81,377490,-0.83
2021-06-16 13:07:19,90.0,100,169086,380971,90.81,377490,-0.83
2021-06-16 13:07:21,90.0,100,169261,380755,90.81,377490,-0.83
2021-06-16 13:07:22,90.0,100,169301,380990,90.81,377490,-0.83
2021-06-16 13:07:24,90.0,310,169301,380990,90.81,377490,-0.83
2021-06-16 13:07:24,90.0,310,169268,380724,90.81,377800,-0.83
2021-06-16 13:07:39,90.0,310,169146,380680,90.81,377800,-0.83
2021-06-16 13:07:41,90.0,310,168916,380680,90.81,377800,-0.83
2021-06-16 13:07:42,90.0,310,169136,380724,90.81,377800,-0.83
2021-06-16 13:07:45,90.0,310,168916,380724,90.81,377800,-0.83
2021-06-16 13:07:47,90.0,310,169152,380724,90.81,377800,-0.83
2021-06-16 13:07:48,90.0,310,168916,380717,90.81,377800,-0.83
2021-06-16 13:07:50,90.0,310,168918,380717,90.81,377800,-0.83
2021-06-16 13:07:54,90.0,310,168918,380707,90.81,377800,-0.83
2021-06-16 13:07:57,90.0,310,168918,381038,90.81,377800,-0.83
2021-06-16 13:08:00,90.0,310,168918,381048,90.81,377800,-0.83
2021-06-16 13:08:02,90.0,310,168981,381048,90.81,377800,-0.83
2021-06-16 13:08:06,90.0,310,168948,381059,90.81,377800,-0.83
2021-06-16 13:08:13,90.0,310,168977,381055,90.81,377800,-0.83
2021-06-16 13:08:15,90.0,310,169195,381055,90.81,377800,-0.83
2021-06-16 13:08:22,90.0,310,168948,381055,90.81,377800,-0.83
2021-06-16 13:08:25,90.0,310,168948,381053,90.81,377800,-0.83
2021-06-16 13:08:28,90.0,200,168948,380901,90.81,378000,-0.83
2021-06-16 13:08:30,90.0,200,169190,380852,90.81,378000,-0.83
2021-06-16 13:08:33,89.9,35,169190,380852,90.81,378000,-0.94
2021-06-16 13:08:34,89.9,35,169111,380691,90.81,378050,-0.94
2021-06-16 13:08:37,89.9,35,169132,380817,90.81,378050,-0.94
2021-06-16 13:08:45,89.9,35,168946,381327,90.81,378050,-0.94
2021-06-16 13:08:47,90.0,400,168946,381327,90.81,378050,-0.83
2021-06-16 13:08:48,90.0,400,168737,380754,90.81,378450,-0.83
2021-06-16 13:09:02,90.0,5,168737,380754,90.81,378450,-0.83
2021-06-16 13:09:04,90.0,5,168737,380749,90.81,378455,-0.83
2021-06-16 13:09:06,90.0,5,168794,380897,90.81,378455,-0.83
2021-06-16 13:09:10,90.0,5,168846,380897,90.81,378455,-0.83
2021-06-16 13:09:13,90.0,5,168860,380897,90.81,378455,-0.83
2021-06-16 13:09:22,89.85,236,168319,380395,90.8,378955,-0.99
2021-06-16 13:09:24,89.85,236,168597,380439,90.8,378955,-0.99
2021-06-16 13:09:26,89.8,93,168096,380395,90.8,379188,-1.05
2021-06-16 13:09:27,90.0,5,168096,380395,90.8,379188,-0.83
2021-06-16 13:09:28,90.0,5,168199,380390,90.8,379193,-0.83
2021-06-16 13:09:30,90.0,5,168151,380242,90.8,379193,-0.83
2021-06-16 13:09:31,90.0,5,168373,380242,90.8,379193,-0.83
2021-06-16 13:09:39,89.8,100,168328,380437,90.8,379293,-1.05
2021-06-16 13:09:42,89.8,100,168266,380437,90.8,379293,-1.05
2021-06-16 13:09:43,89.8,100,168266,380487,90.8,379293,-1.05
2021-06-16 13:09:46,89.8,100,168051,380487,90.8,379293,-1.05
2021-06-16 13:09:48,89.8,100,168382,380535,90.8,379293,-1.05
2021-06-16 13:10:04,89.8,100,168382,380635,90.8,379293,-1.05
2021-06-16 13:10:15,89.8,100,168482,380583,90.8,379293,-1.05
2021-06-16 13:10:20,90.0,100,168482,380583,90.8,379293,-0.83
2021-06-16 13:10:21,90.0,100,168382,380527,90.8,379393,-0.83
2021-06-16 13:10:36,90.0,100,168382,380383,90.8,379493,-0.83
2021-06-16 13:10:37,90.0,100,168362,380383,90.8,379493,-0.83
2021-06-16 13:10:52,90.0,100,168462,380383,90.8,379493,-0.83
2021-06-16 13:10:57,90.0,100,167948,380383,90.8,379493,-0.83
2021-06-16 13:10:58,90.0,100,168094,380664,90.8,379493,-0.83
2021-06-16 13:11:03,90.0,100,168144,380616,90.8,379493,-0.83
2021-06-16 13:11:09,90.0,100,169302,380660,90.8,379493,-0.83
2021-06-16 13:11:24,90.0,100,169202,380660,90.8,379493,-0.83
2021-06-16 13:11:35,90.0,100,169202,380654,90.8,379493,-0.83
2021-06-16 13:11:37,90.0,100,169202,380656,90.8,379493,-0.83
2021-06-16 13:12:09,90.0,100,168302,380656,90.8,379493,-0.83
2021-06-16 13:12:28,89.95,20,168302,380656,90.8,379493,-0.88
2021-06-16 13:12:29,89.95,20,168282,380592,90.8,379513,-0.88
2021-06-16 13:12:39,89.95,20,168168,380592,90.8,379513,-0.88
2021-06-16 13:12:42,89.95,20,167939,380592,90.8,379513,-0.88
2021-06-16 13:12:43,89.95,20,168154,380636,90.8,379513,-0.88
2021-06-16 13:12:48,89.95,20,168139,380665,90.8,379513,-0.88
2021-06-16 13:12:55,89.95,20,168105,380849,90.8,379513,-0.88
2021-06-16 13:12:57,89.95,20,168105,380749,90.8,379513,-0.88
2021-06-16 13:12:59,89.95,20,168005,380749,90.8,379513,-0.88
2021-06-16 13:13:00,89.95,20,168005,380495,90.8,379513,-0.88
2021-06-16 13:13:02,89.95,20,168005,380595,90.8,379513,-0.88
2021-06-16 13:13:04,89.95,20,168045,380824,90.8,379513,-0.88
2021-06-16 13:13:10,89.95,20,168260,380838,90.8,379513,-0.88
2021-06-16 13:13:12,89.95,20,168002,380614,90.8,379513,-0.88
2021-06-16 13:13:13,89.95,20,167900,380823,90.8,379513,-0.88
2021-06-16 13:13:28,89.9,73,167900,380823,90.8,379513,-0.94
2021-06-16 13:13:29,89.9,73,168004,380607,90.8,379813,-0.94
2021-06-16 13:13:30,89.9,73,168234,380607,90.8,379813,-0.94
2021-06-16 13:13:49,89.9,73,168406,380282,90.8,379813,-0.94
2021-06-16 13:13:50,89.9,73,168410,380282,90.8,379813,-0.94
2021-06-16 13:13:58,89.95,34,168410,380282,90.8,379813,-0.88
2021-06-16 13:13:58,89.95,34,168409,380350,90.8,379963,-0.88
2021-06-16 13:14:00,89.95,34,168409,380230,90.8,379963,-0.88
2021-06-16 13:14:04,89.95,34,168309,380269,90.8,379963,-0.88
2021-06-16 13:14:04,89.95,34,168309,380319,90.8,379963,-0.88
2021-06-16 13:14:07,89.95,34,168226,380402,90.8,379963,-0.88
2021-06-16 13:14:11,89.95,34,168376,380399,90.8,379963,-0.88
2021-06-16 13:14:33,89.95,34,168506,380399,90.8,379963,-0.88
2021-06-16 13:14:38,89.95,34,168778,379836,90.8,379963,-0.88
2021-06-16 13:14:42,90.0,20,168778,379836,90.8,379963,-0.83
2021-06-16 13:14:42,90.0,20,169005,379860,90.8,379983,-0.83
2021-06-16 13:15:00,90.0,3,169005,379860,90.8,379983,-0.83
2021-06-16 13:15:00,90.0,3,169005,379813,90.8,379986,-0.83
2021-06-16 13:15:06,90.0,3,169096,379813,90.8,379986,-0.83
2021-06-16 13:15:09,90.0,3,169236,379813,90.8,379986,-0.83
2021-06-16 13:15:15,90.0,3,169136,379713,90.8,379986,-0.83
2021-06-16 13:15:39,90.0,3,169036,379713,90.8,379986,-0.83
2021-06-16 13:15:52,90.0,3,169036,379738,90.8,379986,-0.83
2021-06-16 13:16:01,90.0,3,168936,379738,90.8,379986,-0.83
2021-06-16 13:16:01,89.9,10,168936,379738,90.8,379986,-0.94
2021-06-16 13:16:03,89.9,10,168884,380277,90.8,379996,-0.94
2021-06-16 13:16:07,89.9,10,170894,380277,90.8,379996,-0.94
2021-06-16 13:16:09,89.9,10,170794,380277,90.8,379996,-0.94
2021-06-16 13:16:28,89.9,10,170974,380277,90.8,379996,-0.94
2021-06-16 13:16:29,89.9,10,170976,380277,90.8,379996,-0.94
2021-06-16 13:16:31,89.9,10,170977,380277,90.8,379996,-0.94
2021-06-16 13:16:53,89.9,10,171288,379738,90.8,379996,-0.94
2021-06-16 13:17:03,89.9,10,171286,379974,90.8,379996,-0.94
2021-06-16 13:17:09,89.9,10,171296,379974,90.8,379996,-0.94
2021-06-16 13:17:14,89.9,10,171296,379738,90.8,379996,-0.94
2021-06-16 13:17:16,89.9,10,171330,380085,90.8,379996,-0.94
2021-06-16 13:17:25,90.0,250,171330,380085,90.8,379996,-0.83
2021-06-16 13:17:27,90.0,250,171296,379835,90.8,380246,-0.83
2021-06-16 13:17:31,90.0,250,171296,379605,90.8,380246,-0.83
2021-06-16 13:17:33,90.0,250,171330,379825,90.8,380246,-0.83
2021-06-16 13:17:41,90.0,250,171332,379825,90.8,380246,-0.83
2021-06-16 13:18:05,90.0,250,171332,379828,90.8,380246,-0.83
2021-06-16 13:18:19,90.0,250,171332,379933,90.8,380246,-0.83
2021-06-16 13:18:22,90.0,250,171382,379933,90.8,380246,-0.83
2021-06-16 13:18:23,90.0,250,171382,379927,90.8,380246,-0.83
2021-06-16 13:18:25,90.0,25,171382,379927,90.8,380246,-0.83
2021-06-16 13:18:26,90.0,25,171348,379902,90.8,380271,-0.83
2021-06-16 13:18:30,90.0,25,171387,379685,90.8,380271,-0.83
2021-06-16 13:18:33,90.0,25,171387,379904,90.8,380271,-0.83
2021-06-16 13:18:46,90.0,25,171355,379839,90.8,380271,-0.83
2021-06-16 13:18:53,90.0,25,171297,379977,90.8,380271,-0.83
2021-06-16 13:18:55,90.0,25,171298,379977,90.8,380271,-0.83
2021-06-16 13:19:07,90.0,25,170903,380169,90.8,380271,-0.83
2021-06-16 13:19:09,90.0,25,171118,380169,90.8,380271,-0.83
2021-06-16 13:19:19,90.0,25,171120,380169,90.8,380271,-0.83
2021-06-16 13:19:21,90.0,25,171150,379977,90.8,380271,-0.83
2021-06-16 13:19:24,90.0,25,171141,380201,90.8,380271,-0.83
2021-06-16 13:19:30,90.0,25,171123,380201,90.8,380271,-0.83
2021-06-16 13:19:42,90.0,25,170905,380201,90.8,380271,-0.83
2021-06-16 13:19:43,90.0,25,171090,380201,90.8,380271,-0.83
2021-06-16 13:19:46,90.0,250,171090,380201,90.8,380271,-0.83
2021-06-16 13:19:46,90.0,250,171223,379268,90.8,380521,-0.83
2021-06-16 13:20:12,90.0,250,171439,379459,90.8,380521,-0.83
2021-06-16 13:20:17,90.0,250,171439,379232,90.8,380521,-0.83
2021-06-16 13:20:18,90.0,250,171439,379447,90.8,380521,-0.83
2021-06-16 13:20:21,90.0,5,171439,379447,90.8,380521,-0.83
2021-06-16 13:20:22,90.0,5,171439,379442,90.8,380526,-0.83
2021-06-16 13:20:28,90.0,110,171439,379332,90.8,380636,-0.83
2021-06-16 13:20:29,90.0,110,171447,379359,90.8,380636,-0.83
2021-06-16 13:20:31,90.0,110,171447,379339,90.8,380636,-0.83
2021-06-16 13:20:34,90.0,110,171447,379013,90.8,380636,-0.83
2021-06-16 13:20:38,90.0,110,171447,379247,90.8,380636,-0.83
2021-06-16 13:20:52,90.0,10,171447,379247,90.8,380636,-0.83
2021-06-16 13:20:54,90.0,10,171447,379237,90.8,380646,-0.83
2021-06-16 13:20:58,90.0,10,171447,379221,90.8,380646,-0.83
2021-06-16 13:21:00,90.0,10,171447,379003,90.8,380646,-0.83
2021-06-16 13:21:02,90.0,10,171452,379390,90.8,380646,-0.83
2021-06-16 13:21:07,90.0,10,171229,379678,90.8,380646,-0.83
2021-06-16 13:21:22,90.0,10,171234,379678,90.8,380646,-0.83
2021-06-16 13:21:28,90.0,150,171234,379678,90.8,380646,-0.83
2021-06-16 13:21:29,90.0,150,171064,379340,90.8,380796,-0.83
2021-06-16 13:21:30,90.0,50,171081,379096,90.8,380846,-0.83
2021-06-16 13:21:31,90.0,50,171081,379284,90.8,380846,-0.83
2021-06-16 13:21:37,90.0,50,171108,379184,90.8,380846,-0.83
2021-06-16 13:21:39,90.0,50,171312,379184,90.8,380846,-0.83
2021-06-16 13:21:45,90.0,50,171312,379084,90.8,380846,-0.83
2021-06-16 13:21:52,90.0,50,171312,379050,90.8,380846,-0.83
2021-06-16 13:22:00,90.0,50,171352,379050,90.8,380846,-0.83
2021-06-16 13:22:03,90.0,50,171352,378831,90.8,380846,-0.83
2021-06-16 13:22:05,90.0,50,171137,378831,90.8,380846,-0.83
2021-06-16 13:22:07,90.0,50,171137,379051,90.8,380846,-0.83
2021-06-16 13:22:10,90.0,50,171537,379061,90.8,380846,-0.83
2021-06-16 13:22:13,90.0,50,171537,379056,90.8,380846,-0.83
2021-06-16 13:22:15,90.0,50,171537,378826,90.8,380846,-0.83
2021-06-16 13:22:16,90.0,50,171564,379042,90.8,380846,-0.83
2021-06-16 13:22:18,90.0,50,171537,379054,90.8,380846,-0.83
2021-06-16 13:22:29,90.0,50,171537,379303,90.8,380846,-0.83
2021-06-16 13:22:31,90.0,50,171587,379303,90.8,380846,-0.83
2021-06-16 13:22:34,90.0,50,171363,379403,90.8,380846,-0.83
2021-06-16 13:22:35,90.0,50,171567,379403,90.8,380846,-0.83
2021-06-16 13:22:41,90.0,50,171572,379403,90.8,380846,-0.83
2021-06-16 13:22:42,90.0,50,171336,379403,90.8,380846,-0.83
2021-06-16 13:22:45,90.0,50,171326,379403,90.8,380846,-0.83
2021-06-16 13:22:51,90.0,50,171105,379403,90.8,380846,-0.83
2021-06-16 13:22:57,90.0,50,171095,379188,90.8,380846,-0.83
2021-06-16 13:22:58,90.0,50,171095,379407,90.8,380846,-0.83
2021-06-16 13:23:00,90.0,50,171322,379507,90.8,380846,-0.83
2021-06-16 13:23:02,90.0,50,171095,379507,90.8,380846,-0.83
2021-06-16 13:23:13,90.0,2,171342,379507,90.8,380846,-0.83
2021-06-16 13:23:14,90.0,2,171342,379286,90.8,380848,-0.83
2021-06-16 13:23:18,90.0,2,171326,379499,90.8,380848,-0.83
2021-06-16 13:23:33,90.0,2,171830,379186,90.8,380848,-0.83
2021-06-16 13:23:34,90.0,2,172051,379152,90.8,380848,-0.83
2021-06-16 13:23:38,90.0,2,171951,379152,90.8,380848,-0.83
2021-06-16 13:23:41,90.0,2,171751,379156,90.8,380848,-0.83
2021-06-16 13:23:43,90.0,2,171651,379156,90.8,380848,-0.83
2021-06-16 13:23:47,90.0,2,171651,378656,90.8,380848,-0.83
2021-06-16 13:23:57,90.0,78,171651,378656,90.8,380848,-0.83
2021-06-16 13:23:58,90.0,78,171515,378377,90.8,380926,-0.83
2021-06-16 13:23:59,90.0,78,171515,378563,90.8,380926,-0.83
2021-06-16 13:24:14,90.0,78,171515,379563,90.8,380926,-0.83
2021-06-16 13:24:17,90.0,78,171515,380563,90.8,380926,-0.83
2021-06-16 13:24:54,90.0,78,171515,380641,90.8,380926,-0.83
2021-06-16 13:25:02,90.0,78,170933,380662,90.8,380926,-0.83
2021-06-16 13:25:04,90.0,78,170917,380930,90.8,380926,-0.83
2021-06-16 13:25:08,90.0,5,170934,380947,90.8,380931,-0.83
2021-06-16 13:25:16,90.0,5,171167,380913,90.8,380931,-0.83
2021-06-16 13:25:18,90.0,5,171167,380704,90.8,380931,-0.83
2021-06-16 13:25:22,90.0,5,171148,380704,90.8,380931,-0.83
2021-06-16 13:25:31,90.0,5,171302,380604,90.8,380931,-0.83
2021-06-16 13:25:32,90.0,5,171312,380599,90.8,380936,-0.83
2021-06-16 13:25:51,90.0,5,171212,380599,90.8,380936,-0.83
2021-06-16 13:25:52,89.95,25,171212,380599,90.8,380936,-0.88
2021-06-16 13:25:52,89.95,25,170974,380908,90.8,380961,-0.88
2021-06-16 13:25:54,89.95,25,171177,380896,90.8,380961,-0.88
2021-06-16 13:25:58,89.95,25,173437,380599,90.8,380961,-0.88
2021-06-16 13:26:00,89.95,25,173437,380239,90.8,380961,-0.88
2021-06-16 13:26:03,90.0,25,173437,380239,90.8,380961,-0.83
2021-06-16 13:26:03,90.0,25,173426,382770,90.8,382321,-0.83
2021-06-16 13:26:09,90.0,25,173426,382959,90.8,382321,-0.83
2021-06-16 13:26:16,90.0,25,173426,382724,90.8,382321,-0.83
2021-06-16 13:26:17,90.0,25,173418,383100,90.8,382321,-0.83
2021-06-16 13:26:25,90.0,25,173411,383298,90.8,382321,-0.83
2021-06-16 13:26:26,89.95,775,173411,383298,90.8,382321,-0.88
2021-06-16 13:26:27,89.95,775,172338,383122,90.79,383181,-0.88
2021-06-16 13:26:28,89.95,775,172338,383296,90.79,383181,-0.88
2021-06-16 13:26:45,89.95,775,172648,382954,90.79,383181,-0.88
2021-06-16 13:26:47,89.95,775,172645,382976,90.79,383181,-0.88
2021-06-16 13:26:54,89.95,111,172308,383186,90.79,383292,-0.88
2021-06-16 13:26:57,89.95,111,172944,382746,90.79,383292,-0.88
2021-06-16 13:26:59,90.0,200,172944,382746,90.79,383292,-0.83
2021-06-16 13:27:00,90.0,200,172944,382772,90.79,383492,-0.83
2021-06-16 13:27:15,90.0,200,172934,382772,90.79,383492,-0.83
2021-06-16 13:27:19,89.95,2,172934,382772,90.79,383492,-0.88
2021-06-16 13:27:19,89.95,2,172932,382772,90.79,383494,-0.88
2021-06-16 13:27:25,89.95,2,173032,382750,90.79,383494,-0.88
2021-06-16 13:27:39,90.0,250,173032,382750,90.79,383494,-0.83
2021-06-16 13:27:39,90.0,250,173032,382522,90.79,383744,-0.83
2021-06-16 13:27:45,90.0,250,173032,382296,90.79,383744,-0.83
2021-06-16 13:27:46,90.0,250,173032,382509,90.79,383744,-0.83
2021-06-16 13:27:55,90.0,250,173247,382520,90.79,383744,-0.83
2021-06-16 13:28:00,90.0,250,173247,382514,90.79,383744,-0.83
2021-06-16 13:28:04,90.0,250,173247,382515,90.79,383744,-0.83
2021-06-16 13:28:12,90.0,250,173247,382525,90.79,383744,-0.83
2021-06-16 13:28:16,90.0,250,173247,382296,90.79,383744,-0.83
2021-06-16 13:28:17,90.0,250,173247,382516,90.79,383744,-0.83
2021-06-16 13:28:29,90.0,5,173247,382516,90.79,383744,-0.83
2021-06-16 13:28:30,90.0,5,173247,382511,90.79,383749,-0.83
2021-06-16 13:28:43,90.0,3,173247,382511,90.79,383749,-0.83
2021-06-16 13:28:43,90.0,3,173247,382508,90.79,383752,-0.83
2021-06-16 13:28:45,90.0,3,173447,382508,90.79,383752,-0.83
2021-06-16 13:28:48,90.0,3,173497,382508,90.79,383752,-0.83
2021-06-16 13:28:54,90.0,3,173597,382508,90.79,383752,-0.83
2021-06-16 13:29:00,90.0,3,173697,382508,90.79,383752,-0.83
2021-06-16 13:29:11,89.95,200,173697,382508,90.79,383752,-0.88
2021-06-16 13:29:12,90.0,100,173376,382639,90.79,384052,-0.83
2021-06-16 13:29:16,90.0,100,173476,382617,90.79,384052,-0.83
2021-06-16 13:29:34,90.0,100,173475,382617,90.79,384052,-0.83
2021-06-16 13:29:40,90.0,100,173475,382393,90.79,384052,-0.83
2021-06-16 13:29:42,90.0,200,173475,382215,90.79,384252,-0.83
2021-06-16 13:29:56,90.0,200,173475,382225,90.79,384252,-0.83
2021-06-16 13:30:01,90.0,200,173485,382405,90.79,384252,-0.83
2021-06-16 13:30:03,90.0,200,173085,382429,90.79,384252,-0.83
2021-06-16 13:30:06,89.95,200,172885,382406,90.79,384452,-0.88
2021-06-16 13:30:09,89.95,200,172660,382406,90.79,384452,-0.88
2021-06-16 13:30:13,89.95,200,172876,382406,90.79,384452,-0.88
2021-06-16 13:30:33,90.0,100,172876,382329,90.79,384552,-0.83
2021-06-16 13:30:34,89.95,100,172876,382329,90.79,384552,-0.88
2021-06-16 13:30:35,89.95,100,172776,382329,90.79,384652,-0.88
2021-06-16 13:30:37,89.95,100,172980,382306,90.79,384652,-0.88
2021-06-16 13:30:40,89.95,100,172995,382127,90.79,384652,-0.88
2021-06-16 13:30:42,89.95,100,173095,382127,90.79,384652,-0.88
2021-06-16 13:30:43,89.95,100,172493,382319,90.79,384652,-0.88
2021-06-16 13:30:46,89.95,100,172707,382342,90.79,384652,-0.88
2021-06-16 13:30:48,89.95,100,172493,382342,90.79,384652,-0.88
2021-06-16 13:30:48,89.95,100,172709,382342,90.79,384652,-0.88
2021-06-16 13:31:04,89.95,100,172724,382127,90.79,384652,-0.88
2021-06-16 13:31:17,89.95,100,172738,382317,90.79,384652,-0.88
2021-06-16 13:31:19,89.95,100,172738,382127,90.79,384652,-0.88
2021-06-16 13:31:22,90.0,1000,172949,380958,90.79,385652,-0.83
2021-06-16 13:31:24,90.0,1000,173149,380932,90.79,385652,-0.83
2021-06-16 13:31:31,90.0,500,173164,380327,90.79,386152,-0.83
2021-06-16 13:31:41,90.0,500,173150,380301,90.79,386152,-0.83
2021-06-16 13:31:55,90.0,400,173150,380301,90.79,386152,-0.83
2021-06-16 13:31:56,90.0,400,172760,379943,90.79,386552,-0.83
2021-06-16 13:32:14,90.0,400,172760,380319,90.79,386552,-0.83
2021-06-16 13:32:21,90.0,400,172750,379990,90.79,386552,-0.83
2021-06-16 13:32:23,90.0,400,172750,380219,90.79,386552,-0.83
2021-06-16 13:32:29,90.0,400,172751,380219,90.79,386552,-0.83
2021-06-16 13:32:38,90.0,400,172751,380251,90.79,386552,-0.83
2021-06-16 13:32:41,90.0,400,172530,380467,90.79,386552,-0.83
2021-06-16 13:32:43,90.0,400,172757,380251,90.79,386552,-0.83
2021-06-16 13:32:44,90.0,400,172530,380474,90.79,386552,-0.83
2021-06-16 13:32:47,90.0,400,172756,380251,90.79,386552,-0.83
2021-06-16 13:32:52,90.0,200,172756,380044,90.79,386752,-0.83
2021-06-16 13:32:55,90.0,200,172756,380020,90.79,386752,-0.83
2021-06-16 13:32:58,90.0,200,172756,380011,90.79,386752,-0.83
2021-06-16 13:33:09,90.0,200,172766,379790,90.79,386752,-0.83
2021-06-16 13:33:13,90.0,200,172766,380024,90.79,386752,-0.83
2021-06-16 13:33:15,90.0,200,172866,380024,90.79,386752,-0.83
2021-06-16 13:33:19,90.0,200,172867,380024,90.79,386752,-0.83
2021-06-16 13:33:29,90.0,200,172867,380026,90.79,386752,-0.83
2021-06-16 13:33:45,90.0,200,172631,380512,90.79,386752,-0.83
2021-06-16 13:33:48,90.0,200,172652,380535,90.79,386752,-0.83
2021-06-16 13:33:55,90.0,200,172653,380535,90.79,386752,-0.83
2021-06-16 13:34:00,90.0,200,172420,380535,90.79,386752,-0.83
2021-06-16 13:34:08,90.0,90,172420,380535,90.79,386752,-0.83
2021-06-16 13:34:10,90.0,90,172639,380438,90.79,386842,-0.83
2021-06-16 13:34:12,90.0,90,172420,380445,90.79,386842,-0.83
2021-06-16 13:34:15,90.0,90,172420,380465,90.79,386842,-0.83
2021-06-16 13:34:17,90.0,90,172418,380415,90.79,386842,-0.83
2021-06-16 13:34:18,89.95,800,172418,380415,90.79,386842,-0.88
2021-06-16 13:34:19,90.0,8,172418,380415,90.79,386842,-0.83
2021-06-16 13:34:20,90.0,200,172418,380415,90.79,386842,-0.83
2021-06-16 13:34:22,90.0,200,171619,379184,90.79,387850,-0.83
2021-06-16 13:34:25,90.0,200,171619,379213,90.79,387850,-0.83
2021-06-16 13:34:37,90.0,200,171868,378966,90.79,387850,-0.83
2021-06-16 13:34:40,90.0,200,171619,378966,90.79,387850,-0.83
2021-06-16 13:34:42,90.0,200,171619,379180,90.79,387850,-0.83
2021-06-16 13:34:45,89.95,1,171618,379103,90.78,387951,-0.88
2021-06-16 13:34:47,89.95,86,171618,379103,90.78,387951,-0.88
2021-06-16 13:34:48,89.95,86,171180,379108,90.78,388537,-0.88
2021-06-16 13:34:50,89.95,10,171189,380008,90.78,388547,-0.88
2021-06-16 13:35:03,89.95,10,171033,380008,90.78,388547,-0.88
2021-06-16 13:35:04,89.95,10,171034,380008,90.78,388547,-0.88
2021-06-16 13:35:19,89.95,10,170934,380008,90.78,388547,-0.88
2021-06-16 13:35:35,89.9,10,170676,380001,90.78,388889,-0.94
2021-06-16 13:35:48,89.9,10,170586,380001,90.78,388889,-0.94
2021-06-16 13:35:51,89.9,10,170690,380001,90.78,388889,-0.94
2021-06-16 13:36:04,89.9,10,170690,379781,90.78,388889,-0.94
2021-06-16 13:36:10,89.9,10,170690,380012,90.78,388889,-0.94
2021-06-16 13:36:25,89.9,10,170690,379912,90.78,388889,-0.94
2021-06-16 13:36:36,89.9,100,170690,379912,90.78,388889,-0.94
2021-06-16 13:37:04,89.85,1,170718,379731,90.78,389089,-0.99
2021-06-16 13:37:06,89.85,1,170546,379052,90.78,389089,-0.99
2021-06-16 13:37:07,89.85,1,170505,379037,90.78,389089,-0.99
2021-06-16 13:37:18,89.85,1,170811,378845,90.78,389089,-0.99
2021-06-16 13:37:19,89.85,1,170826,379058,90.78,389089,-0.99
2021-06-16 13:37:21,89.85,1,170819,378845,90.78,389089,-0.99
2021-06-16 13:37:22,89.85,1,170302,379031,90.78,389089,-0.99
2021-06-16 13:37:24,89.85,1,170088,379031,90.78,389089,-0.99
2021-06-16 13:37:27,89.85,1,170097,379059,90.78,389089,-0.99
2021-06-16 13:37:29,89.85,1,169861,379059,90.78,389089,-0.99
2021-06-16 13:37:31,89.85,1,170483,379130,90.78,389089,-0.99
2021-06-16 13:37:32,89.85,1,170498,379381,90.78,389089,-0.99
2021-06-16 13:37:35,89.85,1,170498,379158,90.78,389089,-0.99
2021-06-16 13:37:36,89.85,1,170583,379821,90.78,389089,-0.99
2021-06-16 13:37:44,89.85,1,170786,379595,90.78,389089,-0.99
2021-06-16 13:37:49,89.85,1,170789,379809,90.78,389089,-0.99
2021-06-16 13:37:51,89.85,1,170789,379909,90.78,389089,-0.99
2021-06-16 13:37:54,89.85,1,170789,380356,90.78,389089,-0.99
2021-06-16 13:38:00,89.8,55,170506,380368,90.78,389189,-1.05
2021-06-16 13:38:03,89.8,55,170480,380368,90.78,389189,-1.05
2021-06-16 13:38:05,89.8,55,170480,380365,90.78,389189,-1.05
2021-06-16 13:38:07,89.8,55,170702,380138,90.78,389189,-1.05
2021-06-16 13:38:09,89.8,55,170480,380377,90.78,389189,-1.05
2021-06-16 13:38:21,89.8,55,170445,380405,90.78,389189,-1.05
2021-06-16 13:38:30,89.9,1,170445,380405,90.78,389189,-0.94
2021-06-16 13:38:30,89.9,1,170445,380404,90.78,389190,-0.94
2021-06-16 13:38:31,89.9,1,170445,380381,90.78,389190,-0.94
2021-06-16 13:38:32,89.9,1,170667,380409,90.78,389190,-0.94
2021-06-16 13:38:37,89.9,1,170692,380409,90.78,389190,-0.94
2021-06-16 13:38:44,89.9,1,170594,378339,90.78,389190,-0.94
2021-06-16 13:38:50,89.9,1,171463,378339,90.78,389190,-0.94
2021-06-16 13:38:54,89.75,18,171463,378339,90.78,389190,-1.1
2021-06-16 13:38:55,89.75,18,170491,378734,90.78,390690,-1.1
2021-06-16 13:38:57,89.75,18,170586,378672,90.78,390690,-1.1
2021-06-16 13:39:12,89.75,18,170567,378672,90.78,390690,-1.1
2021-06-16 13:39:16,89.75,18,171067,378672,90.78,390690,-1.1
2021-06-16 13:39:23,89.75,18,171317,378672,90.78,390690,-1.1
2021-06-16 13:39:25,89.75,18,171316,378700,90.78,390690,-1.1
2021-06-16 13:39:31,89.9,114,171316,378700,90.78,390690,-0.94
2021-06-16 13:39:32,89.9,114,171489,378354,90.78,391190,-0.94
2021-06-16 13:39:39,89.9,114,171490,378323,90.78,391190,-0.94
2021-06-16 13:39:41,89.9,114,171495,378551,90.78,391190,-0.94
2021-06-16 13:39:46,89.9,114,171495,378323,90.78,391190,-0.94
2021-06-16 13:39:47,89.9,2,171495,378323,90.78,391190,-0.94
2021-06-16 13:39:48,89.9,2,171495,378354,90.78,391192,-0.94
2021-06-16 13:39:49,89.9,2,171545,378354,90.78,391192,-0.94
2021-06-16 13:39:52,89.9,2,172032,378354,90.78,391192,-0.94
2021-06-16 13:39:58,89.9,6,172032,378348,90.78,391198,-0.94
2021-06-16 13:39:59,89.9,100,172032,378479,90.78,391298,-0.94
2021-06-16 13:40:04,89.9,100,172032,378451,90.78,391298,-0.94
2021-06-16 13:40:08,89.75,465,172032,378451,90.78,391298,-1.1
2021-06-16 13:40:09,89.75,465,170813,378764,90.77,392298,-1.1
2021-06-16 13:40:30,89.75,465,171111,378994,90.77,392298,-1.1
2021-06-16 13:40:31,89.75,465,171087,378975,90.77,392298,-1.1
2021-06-16 13:40:33,89.75,465,170587,379356,90.77,392298,-1.1
2021-06-16 13:40:34,89.75,465,170557,379596,90.77,392298,-1.1
2021-06-16 13:40:35,89.8,100,170557,379596,90.77,392298,-1.05
2021-06-16 13:40:36,89.8,100,170787,378989,90.77,392398,-1.05
2021-06-16 13:40:37,89.75,5,170787,378989,90.77,392398,-1.1
2021-06-16 13:40:39,89.75,5,170761,379217,90.77,392448,-1.1
2021-06-16 13:40:54,89.85,50,171218,378987,90.77,392548,-0.99
2021-06-16 13:40:55,89.85,50,171196,378981,90.77,392548,-0.99
2021-06-16 13:40:57,89.85,50,170947,379216,90.77,392548,-0.99
2021-06-16 13:41:05,89.85,50,170937,379008,90.77,392548,-0.99
2021-06-16 13:41:06,89.85,50,170947,379213,90.77,392548,-0.99
2021-06-16 13:41:08,89.85,50,171192,379008,90.77,392548,-0.99
2021-06-16 13:41:10,89.85,50,171182,379158,90.77,392548,-0.99
2021-06-16 13:41:19,89.85,50,171432,379158,90.77,392548,-0.99
2021-06-16 13:41:27,89.85,50,172542,379131,90.77,392548,-0.99
2021-06-16 13:41:31,89.85,50,172930,379234,90.77,392548,-0.99
2021-06-16 13:41:39,89.85,50,173101,379143,90.77,392548,-0.99
2021-06-16 13:41:41,89.85,50,173395,379292,90.77,392548,-0.99
2021-06-16 13:42:15,89.9,2,173395,379292,90.77,392548,-0.94
2021-06-16 13:42:16,89.9,2,173395,379505,90.77,392550,-0.94
2021-06-16 13:42:21,89.9,2,173395,379520,90.77,392550,-0.94
2021-06-16 13:42:31,89.9,2,173317,379263,90.77,392550,-0.94
2021-06-16 13:42:34,89.9,2,173283,379493,90.77,392550,-0.94
2021-06-16 13:42:43,89.9,2,173363,379493,90.77,392550,-0.94
2021-06-16 13:43:01,89.9,2,173563,379493,90.77,392550,-0.94
2021-06-16 13:43:01,89.9,14,173563,379493,90.77,392550,-0.94
2021-06-16 13:43:03,89.9,14,173585,379160,90.77,392750,-0.94
2021-06-16 13:43:06,89.9,14,174058,379128,90.77,392750,-0.94
2021-06-16 13:43:08,89.9,14,174058,378922,90.77,392750,-0.94
2021-06-16 13:43:09,89.9,20,174058,378922,90.77,392750,-0.94
2021-06-16 13:43:10,89.9,20,174058,378968,90.77,392936,-0.94
2021-06-16 13:43:28,89.9,15,174058,378968,90.77,392936,-0.94
2021-06-16 13:43:28,89.9,300,174058,378968,90.77,392936,-0.94
2021-06-16 13:43:29,89.9,300,174094,378883,90.77,393251,-0.94
2021-06-16 13:43:36,89.9,485,174094,378883,90.77,393251,-0.94
2021-06-16 13:43:36,89.9,485,173756,378727,90.77,393736,-0.94
2021-06-16 13:43:37,89.9,485,173756,378938,90.77,393736,-0.94
2021-06-16 13:43:45,89.9,485,174106,378938,90.77,393736,-0.94
2021-06-16 13:43:47,89.9,485,174126,378960,90.77,393736,-0.94
2021-06-16 13:43:48,89.9,485,174126,379260,90.77,393736,-0.94
2021-06-16 13:43:51,89.9,485,174176,379260,90.77,393736,-0.94
2021-06-16 13:43:59,89.9,485,174276,379260,90.77,393736,-0.94
2021-06-16 13:44:02,89.9,485,174048,379260,90.77,393736,-0.94
2021-06-16 13:44:03,89.9,485,174312,379227,90.77,393736,-0.94
2021-06-16 13:44:06,89.95,200,174312,378822,90.77,393936,-0.88
2021-06-16 13:44:07,89.95,200,174312,379071,90.77,393936,-0.88
2021-06-16 13:44:11,89.95,200,174412,379010,90.77,393936,-0.88
2021-06-16 13:44:15,89.95,56,174412,379010,90.77,393936,-0.88
2021-06-16 13:44:15,89.95,56,174654,377793,90.77,394782,-0.88
2021-06-16 13:44:21,89.95,44,174654,377793,90.77,394782,-0.88
2021-06-16 13:44:21,89.95,44,174754,377464,90.77,394826,-0.88
2021-06-16 13:44:32,89.95,44,174754,377462,90.77,394826,-0.88
2021-06-16 13:44:37,89.95,44,174959,377615,90.77,394826,-0.88
2021-06-16 13:44:54,89.95,44,174959,377848,90.77,394826,-0.88
2021-06-16 13:45:00,89.95,44,174960,377848,90.77,394826,-0.88
2021-06-16 13:45:06,89.95,44,174860,377848,90.77,394826,-0.88
2021-06-16 13:45:10,89.95,44,174860,377841,90.77,394826,-0.88
2021-06-16 13:45:13,89.95,10,174860,377841,90.77,394826,-0.88
2021-06-16 13:45:26,89.95,10,174850,377615,90.77,394836,-0.88
2021-06-16 13:45:30,89.95,10,174850,377841,90.77,394836,-0.88
2021-06-16 13:45:32,89.95,10,174848,377846,90.77,394836,-0.88
2021-06-16 13:45:39,89.95,10,174848,377832,90.77,394836,-0.88
2021-06-16 13:45:48,89.95,10,174832,377832,90.77,394836,-0.88
2021-06-16 13:45:57,89.95,10,174835,377838,90.77,394836,-0.88
2021-06-16 13:46:09,89.95,10,174810,377838,90.77,394836,-0.88
2021-06-16 13:46:12,89.95,10,174810,377615,90.77,394836,-0.88
2021-06-16 13:46:14,89.95,10,174831,377850,90.77,394836,-0.88
2021-06-16 13:46:16,89.95,10,174674,377850,90.77,394836,-0.88
2021-06-16 13:46:20,89.95,10,174668,377850,90.77,394836,-0.88
2021-06-16 13:46:21,89.95,10,174565,377850,90.77,394836,-0.88
2021-06-16 13:46:25,89.95,10,174344,378041,90.77,394836,-0.88
2021-06-16 13:46:26,89.95,10,174520,377850,90.77,394836,-0.88
2021-06-16 13:46:28,89.95,10,174494,377850,90.77,394836,-0.88
2021-06-16 13:46:30,89.95,10,174172,378043,90.77,394836,-0.88
2021-06-16 13:46:42,90.0,250,174116,377793,90.77,395086,-0.83
2021-06-16 13:47:04,90.0,250,174113,377793,90.77,395086,-0.83
2021-06-16 13:47:06,90.0,250,174113,377600,90.77,395086,-0.83
2021-06-16 13:47:11,90.0,250,173922,377795,90.77,395086,-0.83
2021-06-16 13:47:12,90.0,250,173922,378022,90.77,395086,-0.83
2021-06-16 13:47:14,90.0,250,174187,378022,90.77,395086,-0.83
2021-06-16 13:47:18,90.0,250,174179,377659,90.77,395086,-0.83
2021-06-16 13:47:20,89.95,10,173872,378025,90.77,395186,-0.88
2021-06-16 13:47:22,89.95,10,173872,379195,90.77,395186,-0.88
2021-06-16 13:47:24,89.95,10,174073,378995,90.77,395186,-0.88
2021-06-16 13:47:37,89.95,10,173872,378995,90.77,395186,-0.88
2021-06-16 13:47:43,89.95,40,173872,378995,90.77,395186,-0.88
2021-06-16 13:47:44,89.95,40,174066,378961,90.77,395226,-0.88
2021-06-16 13:47:49,89.95,40,174040,379061,90.77,395226,-0.88
2021-06-16 13:47:54,89.95,40,174029,379061,90.77,395226,-0.88
2021-06-16 13:48:03,89.9,85,173740,379022,90.77,395326,-0.94
2021-06-16 13:48:05,89.9,85,173935,379022,90.77,395326,-0.94
2021-06-16 13:48:11,89.9,85,173935,378722,90.77,395326,-0.94
2021-06-16 13:48:16,89.9,85,173931,378722,90.77,395326,-0.94
2021-06-16 13:48:27,89.9,85,173931,378709,90.77,395326,-0.94
2021-06-16 13:48:30,89.9,85,173936,378722,90.77,395326,-0.94
2021-06-16 13:48:36,89.9,85,174036,378722,90.77,395326,-0.94
2021-06-16 13:48:42,89.9,85,174037,378722,90.77,395326,-0.94
2021-06-16 13:48:43,89.9,35,173987,378722,90.77,395376,-0.94
2021-06-16 13:48:45,89.9,35,173804,378111,90.77,395376,-0.94
2021-06-16 13:48:47,89.9,35,173794,378111,90.77,395376,-0.94
2021-06-16 13:48:58,89.9,35,174294,378111,90.77,395376,-0.94
2021-06-16 13:49:06,89.9,35,174319,378111,90.77,395376,-0.94
2021-06-16 13:49:11,89.9,35,174320,377837,90.77,395376,-0.94
2021-06-16 13:49:12,89.9,35,174320,378060,90.77,395376,-0.94
2021-06-16 13:49:19,89.9,35,176457,378060,90.77,395376,-0.94
2021-06-16 13:49:36,89.9,35,176407,378060,90.77,395376,-0.94
2021-06-16 13:49:42,89.9,35,176507,378060,90.77,395376,-0.94
2021-06-16 13:49:48,89.9,35,176507,378110,90.77,395376,-0.94
2021-06-16 13:49:54,89.9,35,176607,378110,90.77,395376,-0.94
2021-06-16 13:50:14,89.9,35,176588,377521,90.77,395376,-0.94
2021-06-16 13:50:25,89.9,35,176588,376616,90.77,395376,-0.94
2021-06-16 13:50:30,89.9,35,176373,376834,90.77,395376,-0.94
2021-06-16 13:50:31,89.9,35,176604,376616,90.77,395376,-0.94
2021-06-16 13:50:33,89.9,35,176594,376587,90.77,395376,-0.94
2021-06-16 13:50:36,89.9,35,176594,376616,90.77,395376,-0.94
2021-06-16 13:50:39,89.9,35,176594,376834,90.77,395376,-0.94
2021-06-16 13:50:43,89.9,35,176599,376616,90.77,395376,-0.94
2021-06-16 13:50:45,89.9,35,176587,376835,90.77,395376,-0.94
2021-06-16 13:50:46,89.9,35,176634,376609,90.77,395376,-0.94
2021-06-16 13:50:50,89.9,35,176630,376586,90.77,395376,-0.94
2021-06-16 13:50:52,89.9,35,176630,376829,90.77,395376,-0.94
2021-06-16 13:50:53,89.9,35,176630,376609,90.77,395376,-0.94
2021-06-16 13:50:54,89.9,35,176630,376834,90.77,395376,-0.94
2021-06-16 13:50:55,89.9,3,176630,376834,90.77,395376,-0.94
2021-06-16 13:50:56,89.9,3,176627,376834,90.77,395379,-0.94
2021-06-16 13:50:58,89.9,3,176527,376834,90.77,395379,-0.94
2021-06-16 13:51:06,89.9,3,176527,376609,90.77,395379,-0.94
2021-06-16 13:51:08,89.9,3,176527,376823,90.77,395379,-0.94
2021-06-16 13:51:15,89.9,11,176527,376823,90.77,395379,-0.94
2021-06-16 13:51:16,89.9,11,176474,376800,90.77,395452,-0.94
2021-06-16 13:51:35,90.0,4,176474,376800,90.77,395452,-0.83
2021-06-16 13:51:36,90.0,4,176474,376796,90.77,395456,-0.83
2021-06-16 13:51:39,90.0,31,176474,376796,90.77,395456,-0.83
2021-06-16 13:51:40,90.0,31,176455,376914,90.77,395487,-0.83
2021-06-16 13:51:52,90.0,31,176460,376914,90.77,395487,-0.83
2021-06-16 13:51:55,90.0,31,176460,376815,90.77,395487,-0.83
2021-06-16 13:51:56,90.0,100,176460,376815,90.77,395487,-0.83
2021-06-16 13:51:57,90.0,741,176460,376815,90.77,395487,-0.83
2021-06-16 13:51:57,90.0,741,176328,379787,90.77,396587,-0.83
2021-06-16 13:52:05,90.0,741,177328,379507,90.77,396587,-0.83
2021-06-16 13:52:22,90.0,741,177128,379507,90.77,396587,-0.83
2021-06-16 13:52:27,90.0,1394,175157,377570,90.76,398587,-0.83
2021-06-16 13:52:36,90.0,1394,175167,377529,90.76,398587,-0.83
2021-06-16 13:52:36,90.0,10,175167,377529,90.76,398587,-0.83
2021-06-16 13:52:39,90.0,5,175162,377537,90.76,398602,-0.83
2021-06-16 13:52:44,90.0,5,175162,378514,90.76,398602,-0.83
2021-06-16 13:52:46,90.0,4,175162,378533,90.76,398606,-0.83
2021-06-16 13:52:51,90.0,10,175162,378523,90.76,398616,-0.83
2021-06-16 13:52:54,90.0,100,175162,378523,90.76,398616,-0.83
2021-06-16 13:52:55,90.0,100,175162,378400,90.76,398716,-0.83
2021-06-16 13:53:16,90.0,100,175212,378400,90.76,398716,-0.83
2021-06-16 13:53:23,90.0,5,175207,378449,90.76,398721,-0.83
2021-06-16 13:53:46,90.0,5,174742,378174,90.76,398721,-0.83
2021-06-16 13:53:49,90.0,5,174842,378174,90.76,398721,-0.83
2021-06-16 13:54:15,90.0,5,174992,378174,90.76,398721,-0.83
2021-06-16 13:54:31,90.0,5,174992,378274,90.76,398721,-0.83
2021-06-16 13:54:32,90.0,5,174768,378274,90.76,398721,-0.83
2021-06-16 13:54:52,90.0,5,174982,378274,90.76,398721,-0.83
2021-06-16 13:54:55,90.0,5,174982,378279,90.76,398721,-0.83
2021-06-16 13:55:00,90.0,5,174768,378337,90.76,398721,-0.83
2021-06-16 13:55:02,90.0,5,174993,378337,90.76,398721,-0.83
2021-06-16 13:55:08,90.0,200,174993,378196,90.76,398921,-0.83
2021-06-16 13:55:12,90.0,200,174993,378139,90.76,398921,-0.83
2021-06-16 13:55:26,90.0,500,174993,378139,90.76,398921,-0.83
2021-06-16 13:55:27,90.0,500,174493,377721,90.76,399421,-0.83
2021-06-16 13:55:33,90.0,500,174493,377806,90.76,399421,-0.83
2021-06-16 13:56:04,90.0,500,174193,377806,90.76,399421,-0.83
2021-06-16 13:56:24,90.0,100,174193,377806,90.76,399421,-0.83
2021-06-16 13:56:25,90.0,100,174193,377737,90.76,399521,-0.83
2021-06-16 13:56:35,90.0,10,174193,377661,90.76,399531,-0.83
2021-06-16 13:56:42,90.0,10,174192,377711,90.76,399531,-0.83
2021-06-16 13:56:48,90.0,10,174182,377711,90.76,399531,-0.83
2021-06-16 13:56:55,90.0,120,174182,377711,90.76,399531,-0.83
2021-06-16 13:56:57,90.0,120,174192,377568,90.76,399651,-0.83
2021-06-16 13:57:09,90.0,120,174192,377576,90.76,399651,-0.83
2021-06-16 13:57:26,90.0,100,174192,377502,90.76,399751,-0.83
2021-06-16 13:57:34,90.0,100,174316,377488,90.76,399751,-0.83
2021-06-16 13:57:38,90.0,100,174316,377254,90.76,399751,-0.83
2021-06-16 13:57:43,90.0,100,174214,377489,90.76,399751,-0.83
2021-06-16 13:57:59,90.0,100,173979,377489,90.76,399751,-0.83
2021-06-16 13:58:01,90.0,100,174303,377489,90.76,399751,-0.83
2021-06-16 13:58:03,90.0,20,174303,377489,90.76,399751,-0.83
2021-06-16 13:58:04,90.0,20,174283,377496,90.76,399771,-0.83
2021-06-16 13:58:12,90.0,20,174283,377454,90.76,399771,-0.83
2021-06-16 13:58:18,90.0,20,174283,377461,90.76,399771,-0.83
2021-06-16 13:58:23,90.0,20,174273,377461,90.76,399771,-0.83
2021-06-16 13:58:26,90.0,20,174273,377456,90.76,399771,-0.83
2021-06-16 13:58:28,90.0,200,174273,377456,90.76,399771,-0.83
2021-06-16 13:58:29,90.0,200,174273,377086,90.76,399971,-0.83
2021-06-16 13:58:34,90.0,200,174273,377253,90.76,399971,-0.83
2021-06-16 13:58:36,90.0,200,174273,377250,90.76,399971,-0.83
2021-06-16 13:58:37,90.0,200,174060,377250,90.76,399971,-0.83
2021-06-16 13:58:40,90.0,200,174287,377250,90.76,399971,-0.83
2021-06-16 13:58:43,90.0,200,174288,377250,90.76,399971,-0.83
2021-06-16 13:58:45,90.0,200,174288,377170,90.76,399971,-0.83
2021-06-16 13:58:49,90.0,200,174288,377168,90.76,399971,-0.83
2021-06-16 13:58:52,90.0,472,174288,377168,90.76,399971,-0.83
2021-06-16 13:58:53,90.0,472,174788,376503,90.76,400443,-0.83
2021-06-16 13:58:55,90.0,472,175236,376474,90.76,400443,-0.83
2021-06-16 13:58:57,90.0,472,175336,376474,90.76,400443,-0.83
2021-06-16 13:59:01,90.0,472,175336,376449,90.76,400443,-0.83
2021-06-16 13:59:10,90.0,472,175386,376300,90.76,400443,-0.83
2021-06-16 13:59:23,90.0,472,175386,376290,90.76,400443,-0.83
2021-06-16 13:59:27,90.0,472,176212,376290,90.76,400443,-0.83
2021-06-16 13:59:30,90.0,472,176212,376483,90.76,400443,-0.83
2021-06-16 13:59:35,90.0,472,176212,376262,90.76,400443,-0.83
2021-06-16 13:59:36,90.0,50,176212,376262,90.76,400443,-0.83
2021-06-16 13:59:37,90.0,50,176212,376463,90.76,400493,-0.83
2021-06-16 13:59:38,90.0,50,176212,376202,90.76,400493,-0.83
2021-06-16 13:59:40,90.0,50,176212,376421,90.76,400493,-0.83
2021-06-16 13:59:42,90.0,50,176212,376411,90.76,400493,-0.83
2021-06-16 13:59:43,90.0,50,176212,376692,90.76,400493,-0.83
2021-06-16 13:59:49,90.0,50,176239,376917,90.76,400493,-0.83
2021-06-16 13:59:55,90.0,50,176239,376692,90.76,400493,-0.83
2021-06-16 13:59:58,90.0,50,175892,376936,90.76,400493,-0.83
2021-06-16 14:00:00,90.0,10,175892,376936,90.76,400493,-0.83
2021-06-16 14:00:01,90.0,10,175892,376926,90.76,400503,-0.83
2021-06-16 14:00:02,90.0,179,175892,376926,90.76,400503,-0.83
2021-06-16 14:00:03,90.0,179,175854,380011,90.76,401503,-0.83
2021-06-16 14:00:09,90.0,179,175586,379985,90.76,401503,-0.83
2021-06-16 14:00:11,90.0,179,175816,379985,90.76,401503,-0.83
2021-06-16 14:00:13,90.0,100,175816,379985,90.76,401503,-0.83
2021-06-16 14:00:15,90.0,100,175912,379937,90.76,401603,-0.83
2021-06-16 14:00:18,90.0,100,175912,379904,90.76,401603,-0.83
2021-06-16 14:00:22,90.0,100,175912,380004,90.76,401603,-0.83
2021-06-16 14:00:24,90.0,100,175309,380006,90.76,401603,-0.83
2021-06-16 14:00:25,90.0,100,175309,377006,90.76,401603,-0.83
2021-06-16 14:00:27,90.0,100,175309,376771,90.76,401603,-0.83
2021-06-16 14:00:28,90.0,40,175309,376771,90.76,401603,-0.83
2021-06-16 14:00:29,90.0,40,175309,376989,90.76,401643,-0.83
2021-06-16 14:00:31,90.0,10,175309,376989,90.76,401643,-0.83
2021-06-16 14:00:32,90.0,10,175309,376953,90.76,401653,-0.83
2021-06-16 14:00:36,90.0,5,175309,376953,90.76,401653,-0.83
2021-06-16 14:00:36,90.0,5,175309,376974,90.76,401658,-0.83
2021-06-16 14:00:48,90.0,5,175309,376939,90.76,401658,-0.83
2021-06-16 14:00:58,90.0,5,175316,377005,90.76,401658,-0.83
2021-06-16 14:01:00,90.0,5,173994,377005,90.76,401658,-0.83
2021-06-16 14:01:07,90.0,5,173989,377005,90.76,401658,-0.83
2021-06-16 14:01:10,90.0,5,173889,377005,90.76,401658,-0.83
2021-06-16 14:01:12,90.0,5,173894,377005,90.76,401658,-0.83
2021-06-16 14:01:16,89.95,4,173790,377031,90.76,401662,-0.88
2021-06-16 14:01:22,89.95,4,173765,377005,90.76,401662,-0.88
2021-06-16 14:01:39,89.95,4,173556,377150,90.76,401662,-0.88
2021-06-16 14:01:48,89.95,4,173762,377150,90.76,401662,-0.88
2021-06-16 14:01:56,89.95,4,173537,377150,90.76,401662,-0.88
2021-06-16 14:02:01,89.95,4,173820,377150,90.76,401662,-0.88
2021-06-16 14:02:04,89.95,4,173597,377150,90.76,401662,-0.88
2021-06-16 14:02:06,89.95,4,173364,377150,90.76,401662,-0.88
2021-06-16 14:02:13,89.95,4,173581,377150,90.76,401662,-0.88
2021-06-16 14:02:27,89.95,4,173364,377150,90.76,401762,-0.88
2021-06-16 14:02:37,89.95,7,173364,377150,90.76,401762,-0.88
2021-06-16 14:02:38,89.95,7,173357,377150,90.76,401769,-0.88
2021-06-16 14:02:54,89.95,7,173362,377150,90.76,401769,-0.88
2021-06-16 14:03:00,89.95,7,173586,376810,90.76,401769,-0.88
2021-06-16 14:03:00,89.95,7,173686,376810,90.76,401769,-0.88
2021-06-16 14:03:01,89.95,7,173462,376810,90.76,401769,-0.88
2021-06-16 14:03:09,89.95,7,173897,376810,90.76,401769,-0.88
2021-06-16 14:03:13,89.95,7,173875,376810,90.76,401769,-0.88
2021-06-16 14:03:15,89.95,7,173662,376810,90.76,401769,-0.88
2021-06-16 14:03:18,89.95,7,173880,376810,90.76,401769,-0.88
2021-06-16 14:03:26,89.95,7,173900,376810,90.76,401769,-0.88
2021-06-16 14:03:32,90.0,25,173900,376810,90.76,401769,-0.83
2021-06-16 14:03:33,90.0,25,173688,376785,90.76,401794,-0.83
2021-06-16 14:03:34,90.0,25,173908,376996,90.76,401794,-0.83
2021-06-16 14:03:37,90.0,50,173908,376996,90.76,401794,-0.83
2021-06-16 14:03:37,90.0,50,173908,376946,90.76,401844,-0.83
2021-06-16 14:03:45,90.0,50,173188,376946,90.76,401844,-0.83
2021-06-16 14:03:58,90.0,50,173188,376947,90.76,401844,-0.83
2021-06-16 14:04:00,90.0,50,173188,376948,90.76,401844,-0.83
2021-06-16 14:04:01,90.0,50,173188,376949,90.76,401844,-0.83
2021-06-16 14:04:03,90.0,50,173188,377049,90.76,401844,-0.83
2021-06-16 14:04:09,90.0,50,172531,377541,90.76,401844,-0.83
2021-06-16 14:04:18,90.0,50,172859,377541,90.76,401844,-0.83
2021-06-16 14:04:31,90.0,500,172859,377541,90.76,401844,-0.83
2021-06-16 14:04:32,90.0,500,173233,377067,90.75,402344,-0.83
2021-06-16 14:04:37,89.95,52,173233,377067,90.75,402344,-0.88
2021-06-16 14:04:37,89.95,52,172944,377041,90.75,402494,-0.88
2021-06-16 14:04:40,89.95,91,172944,377041,90.75,402494,-0.88
2021-06-16 14:04:41,89.95,91,172646,377341,90.75,402716,-0.88
2021-06-16 14:04:43,89.95,50,172646,377341,90.75,402716,-0.88
2021-06-16 14:04:44,89.9,5,172528,377835,90.75,402853,-0.94
2021-06-16 14:04:59,89.9,80,171536,377755,90.75,402933,-0.94
2021-06-16 14:05:09,89.9,80,171534,377755,90.75,402933,-0.94
2021-06-16 14:05:10,89.9,80,171534,377655,90.75,402933,-0.94
2021-06-16 14:05:28,89.9,80,171534,377656,90.75,402933,-0.94
2021-06-16 14:05:29,89.9,1,171534,377656,90.75,402933,-0.94
2021-06-16 14:05:31,89.9,1,171534,377655,90.75,402934,-0.94
2021-06-16 14:05:38,89.9,10,171534,377618,90.75,402944,-0.94
2021-06-16 14:05:39,89.9,10,171534,377608,90.75,402954,-0.94
2021-06-16 14:05:48,89.9,10,171484,377585,90.75,402954,-0.94
2021-06-16 14:05:57,89.95,92,171484,377585,90.75,402954,-0.88
2021-06-16 14:05:57,89.95,92,171810,376519,90.75,403954,-0.88
2021-06-16 14:05:59,89.95,92,171802,376774,90.75,403954,-0.88
2021-06-16 14:06:01,89.95,92,171575,376786,90.75,403954,-0.88
2021-06-16 14:06:03,89.95,92,171771,376641,90.75,403954,-0.88
2021-06-16 14:06:09,89.95,92,171792,376410,90.75,403954,-0.88
2021-06-16 14:06:15,89.95,92,171812,376629,90.75,403954,-0.88
2021-06-16 14:06:18,89.95,92,171812,376410,90.75,403954,-0.88
2021-06-16 14:06:20,89.95,92,171791,376637,90.75,403954,-0.88
2021-06-16 14:06:22,89.95,92,171818,376410,90.75,403954,-0.88
2021-06-16 14:06:25,89.95,92,171818,376641,90.75,403954,-0.88
2021-06-16 14:06:40,90.0,20,171818,376641,90.75,403954,-0.83
2021-06-16 14:06:42,90.0,20,171771,376621,90.75,403974,-0.83
2021-06-16 14:06:43,90.0,20,171791,376607,90.75,403974,-0.83
2021-06-16 14:06:46,90.0,200,171791,376607,90.75,403974,-0.83
2021-06-16 14:06:48,90.0,200,171798,376430,90.75,404174,-0.83
2021-06-16 14:06:49,90.0,200,171771,376420,90.75,404174,-0.83
2021-06-16 14:06:51,90.0,200,171771,376407,90.75,404174,-0.83
2021-06-16 14:06:52,90.0,200,171795,376417,90.75,404174,-0.83
2021-06-16 14:06:54,90.0,200,172009,376417,90.75,404174,-0.83
2021-06-16 14:06:55,90.0,200,172121,376440,90.75,404174,-0.83
2021-06-16 14:07:00,90.0,200,171895,376675,90.75,404174,-0.83
2021-06-16 14:07:03,90.0,200,172095,376685,90.75,404174,-0.83
2021-06-16 14:07:06,90.0,200,172322,376453,90.75,404174,-0.83
2021-06-16 14:07:07,90.0,200,172095,376670,90.75,404174,-0.83
2021-06-16 14:07:09,90.0,200,172309,376670,90.75,404174,-0.83
2021-06-16 14:07:15,90.0,200,172094,376679,90.75,404174,-0.83
2021-06-16 14:07:16,90.0,200,172308,376453,90.75,404174,-0.83
2021-06-16 14:07:18,90.0,200,172067,376676,90.75,404174,-0.83
2021-06-16 14:07:24,90.0,200,172417,376686,90.75,404174,-0.83
2021-06-16 14:07:43,89.95,5,172417,376686,90.75,404174,-0.88
2021-06-16 14:07:43,89.95,5,172665,376481,90.75,404179,-0.88
2021-06-16 14:07:45,89.95,5,172665,376698,90.75,404179,-0.88
2021-06-16 14:07:48,89.95,5,172417,376682,90.75,404179,-0.88
2021-06-16 14:07:52,89.95,5,172423,376682,90.75,404179,-0.88
2021-06-16 14:07:54,89.95,5,172523,376682,90.75,404179,-0.88
2021-06-16 14:07:57,89.95,5,172766,376458,90.75,404179,-0.88
2021-06-16 14:08:06,89.95,5,172523,376694,90.75,404179,-0.88
2021-06-16 14:08:06,90.0,100,172523,376694,90.75,404179,-0.83
2021-06-16 14:08:07,90.0,100,172566,376503,90.75,404379,-0.83
2021-06-16 14:08:09,90.0,100,172788,376455,90.75,404379,-0.83
2021-06-16 14:08:31,90.0,200,172788,376278,90.75,404579,-0.83
2021-06-16 14:08:51,90.0,200,172888,376278,90.75,404579,-0.83
2021-06-16 14:08:55,89.85,5,172888,376278,90.75,404579,-0.99
2021-06-16 14:08:56,89.85,5,173883,376187,90.75,404584,-0.99
2021-06-16 14:09:12,89.85,5,173883,376662,90.75,404584,-0.99
2021-06-16 14:09:16,89.85,5,173903,376662,90.75,404584,-0.99
2021-06-16 14:09:19,90.0,1,173903,376662,90.75,404584,-0.83
2021-06-16 14:09:21,90.0,1,173903,376686,90.75,404585,-0.83
2021-06-16 14:09:37,90.0,1,173890,376667,90.75,404585,-0.83
2021-06-16 14:09:52,90.0,1,173890,376767,90.75,404585,-0.83
2021-06-16 14:09:53,90.0,1,173940,376767,90.75,404585,-0.83
2021-06-16 14:09:54,89.95,1,173940,376767,90.75,404585,-0.88
2021-06-16 14:09:54,89.95,1,173940,376791,90.75,404586,-0.88
2021-06-16 14:10:01,90.0,31,173940,376791,90.75,404586,-0.83
2021-06-16 14:10:01,90.0,31,173944,376562,90.75,404786,-0.83
2021-06-16 14:10:13,90.0,31,173937,376536,90.75,404786,-0.83
2021-06-16 14:10:24,89.9,200,173937,376536,90.75,404786,-0.94
2021-06-16 14:10:24,89.9,200,173723,376737,90.75,404986,-0.94
2021-06-16 14:10:27,89.9,200,173999,376530,90.75,404986,-0.94
2021-06-16 14:10:35,89.9,200,174049,376530,90.75,404986,-0.94
2021-06-16 14:10:36,89.9,27,174049,376530,90.75,404986,-0.94
2021-06-16 14:10:36,89.9,27,173848,376356,90.75,405167,-0.94
2021-06-16 14:10:40,89.85,19,173491,376568,90.75,405186,-0.99
2021-06-16 14:10:43,89.85,19,173591,376818,90.75,405186,-0.99
2021-06-16 14:10:50,89.9,100,173662,375993,90.75,406565,-0.94
2021-06-16 14:10:51,89.9,386,173662,375993,90.75,406565,-0.94
2021-06-16 14:10:52,89.9,386,173992,375578,90.74,406951,-0.94
2021-06-16 14:10:56,89.9,386,174092,375825,90.74,406951,-0.94
2021-06-16 14:11:03,89.9,386,174092,375820,90.74,406951,-0.94
2021-06-16 14:11:09,89.9,386,174092,375597,90.74,406951,-0.94
2021-06-16 14:11:16,89.9,386,174092,375810,90.74,406951,-0.94
2021-06-16 14:11:24,89.9,100,174092,375464,90.74,407051,-0.94
2021-06-16 14:11:25,89.9,100,174092,375678,90.74,407051,-0.94
2021-06-16 14:11:50,89.9,100,174092,375649,90.74,407051,-0.94
2021-06-16 14:12:03,89.9,100,173717,375773,90.74,407051,-0.94
2021-06-16 14:12:04,89.9,100,173931,375773,90.74,407051,-0.94
2021-06-16 14:12:09,89.9,100,174031,375773,90.74,407051,-0.94
2021-06-16 14:12:11,89.9,100,174040,375773,90.74,407051,-0.94
2021-06-16 14:12:23,89.9,100,174040,375923,90.74,407051,-0.94
2021-06-16 14:12:25,89.9,200,174040,375923,90.74,407051,-0.94
2021-06-16 14:12:26,89.9,200,174162,375705,90.74,407251,-0.94
2021-06-16 14:12:46,89.9,200,174288,375705,90.74,407251,-0.94
2021-06-16 14:12:57,89.9,200,174176,375742,90.74,407251,-0.94
2021-06-16 14:12:58,89.9,200,173945,375742,90.74,407251,-0.94
2021-06-16 14:12:59,89.9,200,174178,375742,90.74,407251,-0.94
2021-06-16 14:13:01,89.9,200,174278,375742,90.74,407251,-0.94
2021-06-16 14:13:03,89.9,200,174045,375742,90.74,407251,-0.94
2021-06-16 14:13:05,89.9,200,174263,375766,90.74,407251,-0.94
2021-06-16 14:13:06,89.9,200,174265,375614,90.74,407451,-0.94
2021-06-16 14:13:15,89.9,200,174291,375566,90.74,407451,-0.94
2021-06-16 14:13:25,89.9,200,174276,375542,90.74,407451,-0.94
2021-06-16 14:13:27,89.9,200,174055,375616,90.74,407451,-0.94
2021-06-16 14:13:37,89.9,200,174273,375616,90.74,407451,-0.94
2021-06-16 14:13:38,89.9,200,174273,375441,90.74,407651,-0.94
2021-06-16 14:13:39,89.9,200,174287,375416,90.74,407651,-0.94
2021-06-16 14:14:01,89.9,200,174287,375487,90.74,407651,-0.94
2021-06-16 14:14:03,89.9,200,174055,375487,90.74,407651,-0.94
2021-06-16 14:14:04,89.9,200,174077,375487,90.74,407651,-0.94
2021-06-16 14:14:12,89.9,200,173855,375487,90.74,407651,-0.94
2021-06-16 14:14:13,89.9,200,174083,375511,90.74,407651,-0.94
2021-06-16 14:14:18,89.9,200,174084,375511,90.74,407651,-0.94
2021-06-16 14:14:25,89.9,200,174677,375511,90.74,407651,-0.94
2021-06-16 14:14:28,89.9,200,175004,375661,90.74,407651,-0.94
2021-06-16 14:14:30,89.85,100,174904,375566,90.74,407751,-0.99
2021-06-16 14:14:39,89.9,40,174904,375551,90.74,407791,-0.94
2021-06-16 14:14:42,89.9,40,174904,375526,90.74,407791,-0.94
2021-06-16 14:14:56,89.9,87,174904,375464,90.74,407878,-0.94
2021-06-16 14:15:06,89.9,87,175004,375439,90.74,407878,-0.94
2021-06-16 14:15:07,89.9,87,175006,375439,90.74,407878,-0.94
2021-06-16 14:15:12,89.9,100,175006,375392,90.74,407978,-0.94
2021-06-16 14:15:15,89.9,100,175106,375126,90.74,407978,-0.94
2021-06-16 14:15:35,89.9,100,175105,374330,90.74,407978,-0.94
2021-06-16 14:15:36,89.9,200,175105,374330,90.74,407978,-0.94
2021-06-16 14:15:36,89.9,200,175105,374176,90.74,408178,-0.94
2021-06-16 14:15:42,89.9,200,175110,374131,90.74,408178,-0.94
2021-06-16 14:15:46,89.9,200,175070,374131,90.74,408178,-0.94
2021-06-16 14:15:47,89.9,5,175070,374131,90.74,408178,-0.94
2021-06-16 14:15:48,89.9,5,175070,374179,90.74,408183,-0.94
2021-06-16 14:16:01,89.9,5,176403,374127,90.74,408183,-0.94
2021-06-16 14:16:03,89.9,5,176061,374127,90.74,408183,-0.94
2021-06-16 14:16:04,89.9,5,176280,374127,90.74,408183,-0.94
2021-06-16 14:16:06,89.9,40,176280,374127,90.74,408183,-0.94
2021-06-16 14:16:07,89.9,400,176415,373511,90.74,408623,-0.94
2021-06-16 14:16:09,89.9,400,176415,373559,90.74,408623,-0.94
2021-06-16 14:16:09,89.9,200,176415,373559,90.74,408623,-0.94
2021-06-16 14:16:13,89.9,200,176417,373361,90.74,408823,-0.94
2021-06-16 14:16:15,89.9,200,176417,373133,90.74,408823,-0.94
2021-06-16 14:16:19,89.9,200,176299,373351,90.74,408823,-0.94
2021-06-16 14:16:21,89.9,200,175899,373551,90.74,408823,-0.94
2021-06-16 14:16:28,89.9,200,175899,373548,90.74,408823,-0.94
2021-06-16 14:16:31,89.85,2,175899,373548,90.74,408823,-0.99
2021-06-16 14:16:33,89.85,2,175637,373625,90.74,408848,-0.99
2021-06-16 14:16:44,89.85,2,175787,373626,90.74,408848,-0.99
2021-06-16 14:16:50,89.9,5,175787,373645,90.74,408853,-0.94
2021-06-16 14:16:52,89.9,5,176215,373671,90.74,408853,-0.94
2021-06-16 14:17:03,89.9,5,175980,373645,90.74,408853,-0.94
2021-06-16 14:17:05,89.9,5,176210,373289,90.74,408853,-0.94
2021-06-16 14:17:06,89.9,50,176210,373289,90.74,408853,-0.94
2021-06-16 14:17:08,89.9,50,176210,373232,90.74,408903,-0.94
2021-06-16 14:17:16,89.9,50,175381,373376,90.74,408903,-0.94
2021-06-16 14:17:34,89.9,50,175607,373176,90.74,408903,-0.94
2021-06-16 14:17:42,89.9,50,175431,373176,90.74,408903,-0.94
2021-06-16 14:17:54,89.9,51,175431,373176,90.74,408903,-0.94
2021-06-16 14:17:54,89.9,2,175457,373270,90.74,408956,-0.94
2021-06-16 14:17:56,89.9,2,175693,373244,90.74,408956,-0.94
2021-06-16 14:17:59,89.9,2,175457,373244,90.74,408956,-0.94
2021-06-16 14:18:02,89.75,16,175457,373244,90.74,408956,-1.1
2021-06-16 14:18:03,89.75,16,175020,373538,90.74,409956,-1.1
2021-06-16 14:18:28,89.75,16,175080,373538,90.74,409956,-1.1
2021-06-16 14:18:32,89.75,16,175402,373538,90.74,409956,-1.1
2021-06-16 14:18:45,89.75,16,175407,373538,90.74,409956,-1.1
2021-06-16 14:18:47,89.75,16,175185,373538,90.74,409956,-1.1
2021-06-16 14:18:48,89.9,222,175185,373538,90.74,409956,-0.94
2021-06-16 14:18:48,89.9,222,175411,373342,90.74,410178,-0.94
2021-06-16 14:18:50,89.75,46,175331,373342,90.74,410258,-1.1
2021-06-16 14:18:59,89.75,46,175341,373316,90.74,410258,-1.1
2021-06-16 14:19:01,89.75,46,175351,373316,90.74,410258,-1.1
2021-06-16 14:19:03,89.75,96,175351,373316,90.74,410258,-1.1
2021-06-16 14:19:04,89.75,96,175035,373316,90.74,410358,-1.1
2021-06-16 14:19:06,89.75,96,175015,372816,90.74,410358,-1.1
2021-06-16 14:19:10,89.75,96,175020,372816,90.74,410358,-1.1
2021-06-16 14:19:39,89.75,96,175340,372816,90.74,410358,-1.1
2021-06-16 14:19:40,89.75,96,175120,372816,90.74,410358,-1.1
2021-06-16 14:19:42,89.75,96,175343,372816,90.74,410358,-1.1
2021-06-16 14:19:47,89.75,96,175333,372816,90.74,410358,-1.1
2021-06-16 14:19:49,89.75,96,175334,372820,90.74,410358,-1.1
2021-06-16 14:19:54,89.75,96,175344,372920,90.74,410358,-1.1
2021-06-16 14:19:56,89.75,96,175544,372920,90.74,410358,-1.1
2021-06-16 14:19:58,89.75,96,175544,372702,90.74,410358,-1.1
2021-06-16 14:20:02,89.75,96,175544,372937,90.74,410358,-1.1
2021-06-16 14:20:04,89.75,96,175544,373037,90.74,410358,-1.1
2021-06-16 14:20:08,89.75,11,175533,373038,90.74,410369,-1.1
2021-06-16 14:20:10,89.75,11,175120,373038,90.74,410369,-1.1
2021-06-16 14:20:23,89.75,11,175115,373038,90.74,410369,-1.1
2021-06-16 14:20:25,89.75,11,175125,373038,90.74,410369,-1.1
2021-06-16 14:20:27,89.75,11,175549,373061,90.74,410369,-1.1
2021-06-16 14:20:30,89.75,11,178549,373061,90.74,410369,-1.1
2021-06-16 14:20:33,89.9,5,178549,373061,90.74,410369,-0.94
2021-06-16 14:20:33,89.9,5,178561,373033,90.74,410374,-0.94
2021-06-16 14:20:43,89.9,5,178761,373056,90.74,410374,-0.94
2021-06-16 14:20:46,89.9,5,178821,372820,90.74,410374,-0.94
2021-06-16 14:20:48,89.9,5,178821,373055,90.74,410374,-0.94
2021-06-16 14:20:53,89.9,5,178817,373015,90.74,410374,-0.94
2021-06-16 14:20:54,89.75,18,178817,373015,90.74,410374,-1.1
2021-06-16 14:20:55,89.75,18,178799,373011,90.74,410392,-1.1
2021-06-16 14:20:56,89.75,18,178799,373017,90.74,410392,-1.1
2021-06-16 14:21:01,89.75,18,178799,372994,90.74,410392,-1.1
2021-06-16 14:21:04,89.75,18,178799,373226,90.74,410392,-1.1
2021-06-16 14:21:06,89.75,18,178799,373209,90.74,410392,-1.1
2021-06-16 14:21:08,89.75,18,178783,373209,90.74,410392,-1.1
2021-06-16 14:21:12,89.75,18,178905,373209,90.74,410392,-1.1
2021-06-16 14:21:14,89.75,18,178905,373230,90.74,410392,-1.1
2021-06-16 14:21:27,89.75,18,178905,373207,90.74,410392,-1.1
2021-06-16 14:21:32,89.75,18,178915,373208,90.74,410392,-1.1
2021-06-16 14:21:34,89.75,18,179115,373208,90.74,410392,-1.1
2021-06-16 14:21:35,89.75,18,179315,372993,90.74,410392,-1.1
2021-06-16 14:21:36,89.75,18,179215,372993,90.74,410392,-1.1
2021-06-16 14:21:38,89.75,18,179405,372993,90.74,410392,-1.1
2021-06-16 14:21:52,89.75,18,179405,373282,90.74,410392,-1.1
2021-06-16 14:21:54,89.75,18,179405,373291,90.74,410392,-1.1
2021-06-16 14:22:01,89.75,18,179405,373068,90.74,410392,-1.1
2021-06-16 14:22:02,89.75,18,179405,373297,90.74,410392,-1.1
2021-06-16 14:22:06,89.75,18,179455,373068,90.74,410392,-1.1
2021-06-16 14:22:09,89.75,18,179485,373068,90.74,410392,-1.1
2021-06-16 14:22:19,89.75,18,179735,373068,90.74,410392,-1.1
2021-06-16 14:22:22,89.75,18,179760,373068,90.74,410392,-1.1
2021-06-16 14:22:26,89.75,18,179760,372118,90.74,410392,-1.1
2021-06-16 14:22:47,89.75,18,179590,372337,90.74,410392,-1.1
2021-06-16 14:22:52,89.75,18,179590,372349,90.74,410392,-1.1
2021-06-16 14:23:01,89.75,18,179590,372338,90.74,410392,-1.1
2021-06-16 14:23:02,89.75,18,179590,372333,90.74,410392,-1.1
2021-06-16 14:23:06,89.75,18,179590,372118,90.74,410392,-1.1
2021-06-16 14:23:10,89.75,18,179608,372342,90.74,410392,-1.1
2021-06-16 14:23:12,89.75,18,179591,372342,90.74,410392,-1.1
2021-06-16 14:23:15,89.75,18,179686,372118,90.74,410392,-1.1
2021-06-16 14:23:19,89.75,18,179687,372340,90.74,410392,-1.1
2021-06-16 14:23:28,89.75,18,179688,372340,90.74,410392,-1.1
2021-06-16 14:23:37,89.75,18,179688,372334,90.74,410392,-1.1
2021-06-16 14:23:40,89.75,25,179688,372334,90.74,410392,-1.1
2021-06-16 14:23:41,89.75,25,179578,372334,90.74,410502,-1.1
2021-06-16 14:23:48,89.75,25,179544,372334,90.74,410502,-1.1
2021-06-16 14:23:52,89.75,25,179860,372334,90.74,410502,-1.1
2021-06-16 14:24:06,89.75,25,179940,372334,90.74,410502,-1.1
2021-06-16 14:24:19,89.75,25,179940,372506,90.74,410502,-1.1
2021-06-16 14:24:22,89.75,25,179945,372506,90.74,410502,-1.1
2021-06-16 14:24:23,89.75,25,179955,372506,90.74,410502,-1.1
2021-06-16 14:24:25,89.75,25,179965,372265,90.74,410502,-1.1
2021-06-16 14:24:29,89.75,25,179985,372495,90.74,410502,-1.1
2021-06-16 14:24:44,89.75,25,180626,372495,90.74,410502,-1.1
2021-06-16 14:24:49,89.75,25,180276,372489,90.74,410502,-1.1
2021-06-16 14:25:00,89.75,25,181286,372489,90.74,410502,-1.1
2021-06-16 14:25:06,89.75,25,181068,372489,90.74,410502,-1.1
2021-06-16 14:25:08,89.75,25,181267,372489,90.74,410502,-1.1
2021-06-16 14:25:16,89.9,100,181267,372489,90.74,410502,-0.94
2021-06-16 14:25:16,89.9,100,181290,372389,90.74,410602,-0.94
2021-06-16 14:25:19,89.9,100,181255,372389,90.74,410602,-0.94
2021-06-16 14:25:22,89.9,25,181255,372389,90.74,410602,-0.94
2021-06-16 14:25:24,89.9,25,181255,372364,90.74,410627,-0.94
2021-06-16 14:25:25,89.9,25,181275,372140,90.74,410627,-0.94
2021-06-16 14:25:27,89.9,25,181275,372376,90.74,410627,-0.94
2021-06-16 14:25:28,89.9,25,181285,372376,90.74,410627,-0.94
2021-06-16 14:25:31,89.9,25,181285,372140,90.74,410627,-0.94
2021-06-16 14:25:33,89.9,25,181298,372356,90.74,410627,-0.94
2021-06-16 14:25:34,89.9,5,181285,372351,90.74,410632,-0.94
2021-06-16 14:25:48,89.9,5,181285,372135,90.74,410632,-0.94
2021-06-16 14:25:49,89.9,5,181298,372370,90.74,410632,-0.94
2021-06-16 14:26:10,89.9,100,181275,372051,90.74,410732,-0.94
2021-06-16 14:26:31,89.9,100,181448,371811,90.74,410732,-0.94
2021-06-16 14:26:54,89.9,95,181448,371811,90.74,410732,-0.94
2021-06-16 14:26:55,89.9,95,181331,372058,90.74,410827,-0.94
2021-06-16 14:27:01,89.9,101,181331,372058,90.74,410827,-0.94
2021-06-16 14:27:02,89.9,101,178331,372006,90.74,410928,-0.94
2021-06-16 14:27:13,89.8,25,178331,372006,90.74,410928,-1.05
2021-06-16 14:27:14,89.8,25,178406,372212,90.74,410998,-1.05
2021-06-16 14:27:17,89.8,25,178469,372170,90.74,410998,-1.05
2021-06-16 14:27:48,89.9,1,178469,372170,90.74,410998,-0.94
2021-06-16 14:27:50,89.9,1,178469,372169,90.74,410999,-0.94
2021-06-16 14:27:52,89.9,1,178756,372169,90.74,410999,-0.94
2021-06-16 14:27:54,89.9,50,178756,372169,90.74,410999,-0.94
2021-06-16 14:27:56,89.9,50,178866,372090,90.74,411049,-0.94
2021-06-16 14:28:06,89.9,50,178856,371860,90.74,411049,-0.94
2021-06-16 14:28:07,89.9,50,178856,371646,90.74,411099,-0.94
2021-06-16 14:28:11,89.9,50,178945,371604,90.74,411099,-0.94
2021-06-16 14:28:19,89.9,20,178945,371604,90.74,411099,-0.94
2021-06-16 14:28:21,89.9,20,178945,371626,90.74,411119,-0.94
2021-06-16 14:28:22,89.9,20,178945,371820,90.74,411119,-0.94
2021-06-16 14:28:24,89.9,20,178958,372050,90.74,411119,-0.94
2021-06-16 14:28:28,89.9,20,179914,372050,90.74,411119,-0.94
2021-06-16 14:28:33,89.9,20,179864,372050,90.74,411119,-0.94
2021-06-16 14:28:47,89.9,20,179864,371849,90.74,411119,-0.94
2021-06-16 14:28:49,89.9,20,179664,372074,90.74,411119,-0.94
2021-06-16 14:28:51,89.9,20,179877,372274,90.74,411119,-0.94
2021-06-16 14:28:52,89.9,20,179664,372274,90.74,411119,-0.94
2021-06-16 14:28:53,89.9,85,179664,372274,90.74,411119,-0.94
2021-06-16 14:28:54,89.9,85,179876,372231,90.74,411204,-0.94
2021-06-16 14:29:06,89.9,100,179876,372231,90.74,411204,-0.94
2021-06-16 14:29:06,89.9,100,179726,372102,90.74,411304,-0.94
2021-06-16 14:29:09,89.9,200,179726,372102,90.74,411304,-0.94
2021-06-16 14:29:10,89.9,200,179726,371902,90.73,411504,-0.94
2021-06-16 14:29:21,89.9,200,179726,371635,90.73,411504,-0.94
2021-06-16 14:29:35,89.8,3,179726,371635,90.73,411504,-1.05
2021-06-16 14:29:36,89.8,3,179728,371441,90.73,411507,-1.05
2021-06-16 14:29:44,89.8,3,179720,371854,90.73,411507,-1.05
2021-06-16 14:29:48,89.8,3,179865,371417,90.73,411507,-1.05
2021-06-16 14:29:51,89.8,3,179865,371217,90.73,411507,-1.05
2021-06-16 14:29:53,89.8,3,179865,369967,90.73,411507,-1.05
2021-06-16 14:29:54,89.85,30,179865,369967,90.73,411507,-0.99
2021-06-16 14:29:55,89.9,2,179835,369965,90.73,411539,-0.94
2021-06-16 14:29:57,89.85,121,179835,369965,90.73,411539,-0.99
2021-06-16 14:29:57,89.85,121,179865,370065,90.73,411739,-0.99
2021-06-16 14:29:59,89.85,121,179852,370065,90.73,411739,-0.99
2021-06-16 14:30:01,89.85,121,179952,370283,90.73,411739,-0.99
2021-06-16 14:30:01,89.8,249,179952,370283,90.73,411739,-1.05
2021-06-16 14:30:03,89.8,249,179171,370525,90.73,412521,-1.05
2021-06-16 14:30:16,89.8,249,179160,370525,90.73,412521,-1.05
2021-06-16 14:30:22,89.8,249,179165,370525,90.73,412521,-1.05
2021-06-16 14:30:52,89.8,249,179165,370459,90.73,412521,-1.05
2021-06-16 14:31:00,89.8,249,179265,370459,90.73,412521,-1.05
2021-06-16 14:31:02,89.8,249,179265,370242,90.73,412521,-1.05
2021-06-16 14:31:04,89.8,249,179265,370470,90.73,412521,-1.05
2021-06-16 14:31:06,89.8,249,179496,370470,90.73,412521,-1.05
2021-06-16 14:31:15,89.9,5,179496,370470,90.73,412521,-0.94
2021-06-16 14:31:16,89.9,5,179285,370465,90.73,412526,-0.94
2021-06-16 14:31:24,89.9,5,179517,370465,90.73,412526,-0.94
2021-06-16 14:31:28,89.9,5,179542,370465,90.73,412526,-0.94
2021-06-16 14:31:36,89.7,125,176200,370485,90.73,415526,-1.16
2021-06-16 14:31:38,89.7,125,176458,370547,90.73,415526,-1.16
2021-06-16 14:31:39,89.75,30,176458,370547,90.73,415526,-1.1
2021-06-16 14:31:40,89.75,30,176666,370979,90.73,415556,-1.1
2021-06-16 14:31:42,89.75,30,176666,371057,90.73,415556,-1.1
2021-06-16 14:31:44,89.8,25,176796,371032,90.73,415581,-1.05
2021-06-16 14:31:45,89.8,29,176796,371032,90.73,415581,-1.05
2021-06-16 14:31:46,89.8,29,177010,370966,90.73,415664,-1.05
2021-06-16 14:32:19,89.85,29,177010,370966,90.73,415664,-0.99
2021-06-16 14:32:20,89.9,29,178178,368881,90.72,417423,-0.94
2021-06-16 14:32:25,89.9,29,179178,368739,90.72,417423,-0.94
2021-06-16 14:32:30,89.9,29,179183,368739,90.72,417423,-0.94
2021-06-16 14:32:33,89.8,1,179183,368739,90.72,417423,-1.05
2021-06-16 14:32:34,89.8,1,179182,368755,90.72,417424,-1.05
2021-06-16 14:32:41,89.8,1,179182,368525,90.72,417424,-1.05
2021-06-16 14:32:49,89.8,1,179332,368525,90.72,417424,-1.05
2021-06-16 14:32:55,89.8,1,179432,368525,90.72,417424,-1.05
2021-06-16 14:33:03,89.95,25,179432,368525,90.72,417424,-0.88
2021-06-16 14:33:04,89.95,25,179432,368500,90.72,417449,-0.88
2021-06-16 14:33:23,89.95,25,179432,368505,90.72,417449,-0.88
2021-06-16 14:33:34,89.95,25,179382,368505,90.72,417449,-0.88
2021-06-16 14:33:42,89.95,25,179605,368653,90.72,417449,-0.88
2021-06-16 14:33:46,89.95,25,179605,368553,90.72,417449,-0.88
2021-06-16 14:33:48,90.0,25,179605,368553,90.72,417449,-0.83
2021-06-16 14:33:48,90.0,25,179357,368689,90.72,417549,-0.83
2021-06-16 14:33:51,90.0,25,179357,368680,90.72,417549,-0.83
2021-06-16 14:33:59,90.0,200,179484,368375,90.72,417749,-0.83
2021-06-16 14:34:04,89.85,87,178447,369081,90.72,418270,-0.99
2021-06-16 14:34:06,89.85,87,178444,369259,90.72,418270,-0.99
2021-06-16 14:34:11,89.8,61,178444,369259,90.72,418270,-1.05
2021-06-16 14:34:12,89.8,61,177979,369434,90.72,418430,-1.05
2021-06-16 14:34:13,89.8,39,177920,369806,90.72,418865,-1.05
2021-06-16 14:34:16,89.8,39,177934,370022,90.72,418865,-1.05
2021-06-16 14:34:19,89.8,39,177934,369806,90.72,418865,-1.05
2021-06-16 14:34:21,89.85,2,177934,369806,90.72,418865,-0.99
2021-06-16 14:34:22,89.85,2,177921,369804,90.72,418867,-0.99
2021-06-16 14:34:25,89.85,2,178134,369804,90.72,418867,-0.99
2021-06-16 14:34:32,89.85,2,178134,370027,90.72,418867,-0.99
2021-06-16 14:34:42,89.85,2,178184,370027,90.72,418867,-0.99
2021-06-16 14:34:45,89.85,2,178212,370027,90.72,418867,-0.99
2021-06-16 14:34:49,89.85,2,178212,369927,90.72,418867,-0.99
2021-06-16 14:35:03,89.85,2,178418,369927,90.72,418867,-0.99
2021-06-16 14:35:04,89.85,2,178558,369927,90.72,418867,-0.99
2021-06-16 14:35:09,89.85,2,178545,370241,90.72,418867,-0.99
2021-06-16 14:35:16,89.85,2,178328,370241,90.72,418867,-0.99
2021-06-16 14:35:18,89.85,2,178544,370241,90.72,418867,-0.99
2021-06-16 14:35:20,89.85,62,178544,370241,90.72,418867,-0.99
2021-06-16 14:35:21,89.85,62,178809,369935,90.72,418967,-0.99
2021-06-16 14:35:22,89.85,62,178809,370203,90.72,418967,-0.99
2021-06-16 14:35:25,89.85,62,177706,370203,90.72,418967,-0.99
2021-06-16 14:35:27,89.85,62,177939,369986,90.72,418967,-0.99
2021-06-16 14:35:28,89.85,28,177939,369986,90.72,418967,-0.99
2021-06-16 14:35:29,89.85,28,178341,369617,90.72,419152,-0.99
2021-06-16 14:35:50,89.85,28,178338,369497,90.72,419152,-0.99
2021-06-16 14:35:51,89.85,28,178374,369497,90.72,419152,-0.99
2021-06-16 14:35:55,89.85,5,178374,369497,90.72,419152,-0.99
2021-06-16 14:35:57,89.85,5,178497,369134,90.72,419157,-0.99
2021-06-16 14:36:06,89.85,5,178471,369134,90.72,419157,-0.99
2021-06-16 14:36:09,89.85,5,178470,369134,90.72,419157,-0.99
2021-06-16 14:36:10,89.85,5,178468,369134,90.72,419157,-0.99
2021-06-16 14:36:15,89.85,5,178738,369134,90.72,419157,-0.99
2021-06-16 14:36:21,89.85,5,178908,369130,90.72,419157,-0.99
2021-06-16 14:36:24,89.85,16,178908,369130,90.72,419157,-0.99
2021-06-16 14:36:24,89.85,16,178892,369335,90.72,419173,-0.99
2021-06-16 14:36:25,89.85,16,178800,369127,90.72,419173,-0.99
2021-06-16 14:36:27,89.85,16,178800,369342,90.72,419173,-0.99
2021-06-16 14:36:28,89.85,16,178602,369342,90.72,419173,-0.99
2021-06-16 14:36:32,89.85,16,178602,368907,90.72,419173,-0.99
2021-06-16 14:36:34,89.85,16,178752,368907,90.72,419173,-0.99
2021-06-16 14:36:39,89.85,16,179293,369283,90.72,419173,-0.99
2021-06-16 14:36:45,89.85,16,179626,369253,90.72,419173,-0.99
2021-06-16 14:36:49,89.85,16,179601,369253,90.72,419173,-0.99
2021-06-16 14:36:52,89.95,72,179601,369253,90.72,419173,-0.88
2021-06-16 14:36:53,89.95,72,179626,369183,90.72,419273,-0.88
2021-06-16 14:36:55,89.95,72,179626,368927,90.72,419273,-0.88
2021-06-16 14:36:57,89.95,100,179626,368927,90.72,419273,-0.88
2021-06-16 14:36:58,89.95,100,179562,368680,90.72,419551,-0.88
2021-06-16 14:37:00,89.95,100,179562,368706,90.72,419551,-0.88
2021-06-16 14:37:01,89.95,100,179562,368890,90.72,419551,-0.88
2021-06-16 14:37:03,89.95,100,179562,368531,90.72,419551,-0.88
2021-06-16 14:37:04,89.95,100,179562,368863,90.72,419551,-0.88
2021-06-16 14:37:16,89.95,100,179562,368853,90.72,419551,-0.88
2021-06-16 14:37:20,89.95,100,179662,368853,90.72,419551,-0.88
2021-06-16 14:37:22,89.95,100,179660,368853,90.72,419551,-0.88
2021-06-16 14:37:25,89.95,100,179660,368903,90.72,419551,-0.88
2021-06-16 14:37:34,89.95,4,179660,368903,90.72,419551,-0.88
2021-06-16 14:37:36,89.95,4,180070,368903,90.72,419555,-0.88
2021-06-16 14:37:40,90.0,50,180072,368531,90.72,419605,-0.83
2021-06-16 14:37:48,90.0,50,180102,368767,90.72,419605,-0.83
2021-06-16 14:37:54,90.0,50,180102,368754,90.72,419605,-0.83
2021-06-16 14:37:58,90.0,50,180897,368746,90.72,419605,-0.83
2021-06-16 14:38:03,90.0,10,180872,368736,90.72,419615,-0.83
2021-06-16 14:38:06,90.0,10,180669,368935,90.72,419615,-0.83
2021-06-16 14:38:07,90.0,10,180870,368736,90.72,419615,-0.83
2021-06-16 14:38:09,90.0,10,180869,368736,90.72,419615,-0.83
2021-06-16 14:38:11,90.0,200,180889,368466,90.72,419815,-0.83
2021-06-16 14:38:15,90.0,200,180207,368662,90.72,419815,-0.83
2021-06-16 14:38:17,90.0,200,180425,368436,90.72,419815,-0.83
2021-06-16 14:38:19,90.0,200,180207,368436,90.72,419815,-0.83
2021-06-16 14:38:21,90.0,200,180422,368436,90.72,419815,-0.83
2021-06-16 14:38:22,90.0,200,180207,368650,90.72,419815,-0.83
2021-06-16 14:38:24,90.0,200,180467,368436,90.72,419815,-0.83
2021-06-16 14:38:26,90.0,200,180764,368236,90.72,419815,-0.83
2021-06-16 14:38:27,90.0,1,180764,368236,90.72,419815,-0.83
2021-06-16 14:38:28,90.0,1,180764,368235,90.72,419816,-0.83
2021-06-16 14:38:36,90.0,49,180764,368235,90.72,419816,-0.83
2021-06-16 14:38:36,90.0,49,181998,369042,90.71,422586,-0.83
2021-06-16 14:38:38,90.0,49,182000,369042,90.71,422586,-0.83
2021-06-16 14:38:40,90.0,49,181903,368944,90.71,422586,-0.83
2021-06-16 14:38:42,90.0,49,181905,368944,90.71,422586,-0.83
2021-06-16 14:38:45,89.95,533,181905,368944,90.71,422586,-0.88
2021-06-16 14:38:51,89.95,533,180608,369128,90.71,424070,-0.88
2021-06-16 14:38:52,89.95,533,180389,369128,90.71,424070,-0.88
2021-06-16 14:38:55,89.95,533,180139,369128,90.71,424070,-0.88
2021-06-16 14:38:58,89.95,433,180139,369128,90.71,424070,-0.88
2021-06-16 14:39:00,89.95,433,177333,369128,90.71,424603,-0.88
2021-06-16 14:39:02,89.95,433,177694,369128,90.71,424603,-0.88
2021-06-16 14:39:06,89.95,433,177466,369128,90.71,424603,-0.88
2021-06-16 14:39:09,89.95,433,177716,369128,90.71,424603,-0.88
2021-06-16 14:39:15,90.0,199,177716,369128,90.71,424603,-0.83
2021-06-16 14:39:16,90.0,199,177934,368661,90.71,424853,-0.83
2021-06-16 14:39:18,90.0,199,177908,368861,90.71,424853,-0.83
2021-06-16 14:39:19,90.0,199,178008,368861,90.71,424853,-0.83
2021-06-16 14:39:21,90.0,199,177958,368861,90.71,424853,-0.83
2021-06-16 14:39:21,90.0,993,177958,368861,90.71,424853,-0.83
2021-06-16 14:39:22,90.0,993,178095,367301,90.7,429946,-0.83
2021-06-16 14:39:39,90.0,993,178595,367239,90.7,429946,-0.83
2021-06-16 14:39:47,90.0,993,178595,368218,90.7,429946,-0.83
2021-06-16 14:39:53,90.0,993,178595,368243,90.7,429946,-0.83
2021-06-16 14:39:56,90.0,1500,178595,368243,90.7,429946,-0.83
2021-06-16 14:40:15,90.1,2,178595,368243,90.7,429946,-0.72
2021-06-16 14:40:16,90.15,97,179054,363921,90.69,437263,-0.66
2021-06-16 14:40:18,90.15,97,179268,363781,90.69,437460,-0.66
2021-06-16 14:40:25,90.15,97,178267,363095,90.69,437460,-0.66
2021-06-16 14:40:27,90.15,97,178267,363458,90.69,437460,-0.66
2021-06-16 14:40:38,90.15,97,177767,363458,90.69,437460,-0.66
2021-06-16 14:40:40,90.15,97,177767,363558,90.69,437460,-0.66
2021-06-16 14:40:51,90.15,97,177767,363658,90.69,437460,-0.66
2021-06-16 14:40:53,90.15,97,177677,363658,90.69,437460,-0.66
2021-06-16 14:40:55,90.15,97,177677,364657,90.69,437460,-0.66
2021-06-16 14:41:04,90.15,97,177677,364972,90.69,437460,-0.66
2021-06-16 14:41:14,90.15,1,177677,364972,90.69,437460,-0.66
2021-06-16 14:41:15,90.15,1,177677,365015,90.69,437461,-0.66
2021-06-16 14:41:17,90.15,1,177677,365220,90.69,437461,-0.66
2021-06-16 14:41:21,90.0,27,177677,365220,90.69,437461,-0.83
2021-06-16 14:41:22,90.0,27,177434,365901,90.69,437490,-0.83
2021-06-16 14:41:28,90.0,27,177409,366373,90.69,437490,-0.83
2021-06-16 14:41:30,90.0,27,177409,366417,90.69,437490,-0.83
2021-06-16 14:41:38,90.0,27,177803,366207,90.69,437490,-0.83
2021-06-16 14:41:45,90.0,27,177755,365979,90.69,437490,-0.83
2021-06-16 14:41:50,90.0,27,177755,366213,90.69,437490,-0.83
2021-06-16 14:41:52,90.0,27,177780,366238,90.69,437490,-0.83
2021-06-16 14:41:54,90.0,27,177780,366222,90.69,437490,-0.83
2021-06-16 14:41:56,90.0,27,177582,366222,90.69,437490,-0.83
2021-06-16 14:41:58,90.0,27,177777,366222,90.69,437490,-0.83
2021-06-16 14:42:00,90.0,27,177559,366222,90.69,437490,-0.83
2021-06-16 14:42:02,90.0,27,177793,366266,90.69,437490,-0.83
2021-06-16 14:42:06,90.0,27,177743,366266,90.69,437490,-0.83
2021-06-16 14:42:07,90.15,1,177743,366266,90.69,437490,-0.66
2021-06-16 14:42:08,90.15,1,177937,365863,90.69,437590,-0.66
2021-06-16 14:42:19,90.15,1,177837,365809,90.69,437590,-0.66
2021-06-16 14:42:22,90.15,1,177820,366730,90.69,437590,-0.66
2021-06-16 14:42:24,90.15,1,177691,366954,90.69,437590,-0.66
2021-06-16 14:42:28,90.0,203,177691,366954,90.69,437590,-0.83
2021-06-16 14:42:30,90.0,203,177486,366852,90.69,437795,-0.83
2021-06-16 14:42:36,90.1,1,177486,366852,90.69,437795,-0.72
2021-06-16 14:42:37,90.1,1,177441,366853,90.69,437796,-0.72
2021-06-16 14:42:39,90.1,71,177441,366853,90.69,437796,-0.72
2021-06-16 14:42:52,90.1,71,176766,367168,90.69,437896,-0.72
2021-06-16 14:42:54,90.1,71,176766,367212,90.69,437896,-0.72
2021-06-16 14:43:11,90.1,1,176766,367212,90.69,437896,-0.72
2021-06-16 14:43:12,90.1,1,176766,367259,90.69,437898,-0.72
2021-06-16 14:43:14,90.1,1,176766,367210,90.69,437898,-0.72
2021-06-16 14:43:16,90.1,1,177284,367259,90.69,437898,-0.72
2021-06-16 14:43:19,90.0,200,177284,367259,90.69,437898,-0.83
2021-06-16 14:43:19,90.0,200,176634,368283,90.69,438098,-0.83
2021-06-16 14:43:21,90.0,200,176634,368438,90.69,438098,-0.83
2021-06-16 14:43:25,90.1,24,176634,368464,90.69,438148,-0.72
2021-06-16 14:43:27,90.1,24,176634,368415,90.69,438148,-0.72
2021-06-16 14:43:28,90.1,30,176634,368415,90.69,438148,-0.72
2021-06-16 14:43:29,90.1,30,177035,368050,90.69,438198,-0.72
2021-06-16 14:43:31,90.1,30,177035,368220,90.69,438198,-0.72
2021-06-16 14:43:37,90.0,53,177035,368220,90.69,438198,-0.83
2021-06-16 14:43:39,90.0,53,176698,368220,90.69,438348,-0.83
2021-06-16 14:43:42,90.1,70,176698,368220,90.69,438348,-0.72
2021-06-16 14:43:44,90.1,70,176595,367908,90.69,438418,-0.72
2021-06-16 14:43:46,90.1,70,176812,367908,90.69,438418,-0.72
2021-06-16 14:43:47,90.1,70,176813,367908,90.69,438418,-0.72
2021-06-16 14:43:48,90.1,80,176813,367908,90.69,438418,-0.72
2021-06-16 14:43:49,90.1,80,176975,368103,90.69,438498,-0.72
2021-06-16 14:43:51,90.1,80,177189,368040,90.69,438498,-0.72
2021-06-16 14:43:54,90.1,80,176939,368040,90.69,438498,-0.72
2021-06-16 14:43:58,90.1,5,176939,368085,90.69,438503,-0.72
2021-06-16 14:44:05,90.1,50,176738,368337,90.69,438553,-0.72
2021-06-16 14:44:07,90.1,50,176970,368805,90.69,438553,-0.72
2021-06-16 14:44:16,89.95,390,175841,369134,90.68,440003,-0.88
2021-06-16 14:44:18,89.95,390,175884,369014,90.68,440003,-0.88
2021-06-16 14:44:24,90.1,222,175884,369014,90.68,440003,-0.72
2021-06-16 14:44:25,90.15,746,175884,369014,90.68,440003,-0.66
2021-06-16 14:44:25,90.15,746,176176,366590,90.68,441524,-0.66
2021-06-16 14:44:26,90.2,10,176176,366590,90.68,441524,-0.61
2021-06-16 14:44:27,90.2,10,176477,366263,90.68,441584,-0.61
2021-06-16 14:44:30,90.2,10,177148,366033,90.68,441584,-0.61
2021-06-16 14:44:38,90.2,10,177179,366658,90.68,441584,-0.61
2021-06-16 14:44:40,90.3,10,177179,366594,90.68,441604,-0.5
2021-06-16 14:44:43,90.15,1,177179,366594,90.68,441604,-0.66
2021-06-16 14:44:44,90.15,1,177154,367434,90.68,441605,-0.66
2021-06-16 14:44:46,90.15,1,176531,367520,90.68,441605,-0.66
2021-06-16 14:44:51,90.15,1,176479,367469,90.68,441605,-0.66
2021-06-16 14:44:54,90.15,1,176454,367469,90.68,441605,-0.66
2021-06-16 14:44:56,90.15,1,176454,367570,90.68,441605,-0.66
2021-06-16 14:45:00,90.15,1,176319,367821,90.68,441605,-0.66
2021-06-16 14:45:06,90.1,277,176319,367821,90.68,441605,-0.72
2021-06-16 14:45:08,90.1,277,175830,367907,90.68,441882,-0.72
2021-06-16 14:45:09,90.15,10,175830,367907,90.68,441882,-0.66
2021-06-16 14:45:10,90.15,10,175854,367848,90.68,441892,-0.66
2021-06-16 14:45:14,90.15,10,175730,368117,90.68,441892,-0.66
2021-06-16 14:45:16,90.15,10,175903,368117,90.68,441892,-0.66
2021-06-16 14:45:21,90.15,10,175788,368394,90.68,441892,-0.66
2021-06-16 14:45:23,90.15,10,175788,368502,90.68,441892,-0.66
2021-06-16 14:45:25,90.15,10,175173,368502,90.68,441892,-0.66
2021-06-16 14:45:30,90.1,99,175173,368502,90.68,441892,-0.72
2021-06-16 14:45:31,90.1,99,175173,368402,90.68,441992,-0.72
2021-06-16 14:45:37,90.1,5,175173,368402,90.68,441992,-0.72
2021-06-16 14:45:38,90.1,50,175173,368387,90.68,442047,-0.72
2021-06-16 14:45:42,90.1,50,175167,368347,90.68,442047,-0.72
2021-06-16 14:45:43,90.1,50,175187,368347,90.68,442047,-0.72
2021-06-16 14:45:45,90.1,50,175087,368347,90.68,442047,-0.72
2021-06-16 14:45:51,90.1,27,176418,367557,90.68,442135,-0.72
2021-06-16 14:46:07,90.15,10,176418,367557,90.68,442135,-0.66
2021-06-16 14:46:07,90.15,10,176592,367333,90.68,442185,-0.66
2021-06-16 14:46:19,90.15,100,176592,367333,90.68,442185,-0.66
2021-06-16 14:46:21,90.15,100,176489,367343,90.68,442285,-0.66
2021-06-16 14:46:22,90.15,100,176487,367298,90.68,442285,-0.66
2021-06-16 14:46:24,90.1,52,176487,367298,90.68,442285,-0.72
2021-06-16 14:46:24,90.1,52,175579,367529,90.68,443321,-0.72
2021-06-16 14:46:28,90.1,52,176061,367488,90.68,443321,-0.72
2021-06-16 14:46:31,90.1,52,175876,367488,90.68,443321,-0.72
2021-06-16 14:46:33,90.1,52,175876,367533,90.68,443321,-0.72
2021-06-16 14:46:35,90.1,52,176141,367568,90.68,443321,-0.72
2021-06-16 14:46:46,90.1,52,176141,367458,90.68,443321,-0.72
2021-06-16 14:46:48,90.1,52,176350,367458,90.68,443321,-0.72
2021-06-16 14:46:50,90.1,52,176350,366958,90.68,443321,-0.72
2021-06-16 14:46:58,90.1,24,176350,366958,90.68,443321,-0.72
2021-06-16 14:47:00,90.1,24,176096,366918,90.68,443345,-0.72
2021-06-16 14:47:03,90.1,24,176323,367001,90.68,443345,-0.72
2021-06-16 14:47:05,90.1,24,175930,366961,90.68,443345,-0.72
2021-06-16 14:47:15,90.1,24,175928,367001,90.68,443345,-0.72
2021-06-16 14:47:26,90.1,24,175917,367161,90.68,443345,-0.72
2021-06-16 14:47:42,90.1,24,175917,367201,90.68,443345,-0.72
2021-06-16 14:47:57,90.2,8,175917,367201,90.68,443345,-0.61
2021-06-16 14:47:58,90.2,8,176161,367006,90.68,443433,-0.61
2021-06-16 14:48:00,90.2,8,176175,367241,90.68,443433,-0.61
2021-06-16 14:48:04,90.2,8,176175,367226,90.68,443433,-0.61
2021-06-16 14:48:05,90.25,3,176175,367226,90.68,443433,-0.55
2021-06-16 14:48:06,90.25,3,176175,367223,90.68,443436,-0.55
2021-06-16 14:48:21,90.25,3,176353,366875,90.68,443436,-0.55
2021-06-16 14:48:24,90.25,3,176353,367195,90.68,443436,-0.55
2021-06-16 14:48:27,90.2,50,176353,367195,90.68,443436,-0.61
2021-06-16 14:48:28,90.2,50,176252,367376,90.68,443486,-0.61
2021-06-16 14:48:35,90.2,62,176252,367376,90.68,443486,-0.61
2021-06-16 14:48:36,90.2,25,176457,367500,90.68,443573,-0.61
2021-06-16 14:48:53,90.2,25,176457,367800,90.68,443573,-0.61
2021-06-16 14:48:58,90.2,25,176357,367800,90.68,443573,-0.61
2021-06-16 14:49:00,90.2,25,176367,367800,90.68,443573,-0.61
2021-06-16 14:49:08,90.2,25,176167,367800,90.68,443573,-0.61
2021-06-16 14:49:10,90.2,25,176167,367803,90.68,443573,-0.61
2021-06-16 14:49:12,90.25,221,176393,367803,90.68,443573,-0.55
2021-06-16 14:49:15,90.25,221,177198,365387,90.68,445062,-0.55
2021-06-16 14:49:19,90.3,4,177198,365387,90.68,445062,-0.5
2021-06-16 14:49:20,90.3,4,177198,365382,90.68,445067,-0.5
2021-06-16 14:49:24,90.3,4,177198,365242,90.68,445067,-0.5
2021-06-16 14:49:26,90.3,4,177417,365282,90.68,445067,-0.5
2021-06-16 14:49:28,90.3,4,177417,365252,90.68,445067,-0.5
2021-06-16 14:49:31,90.3,4,177617,365252,90.68,445067,-0.5
2021-06-16 14:49:33,90.3,4,175617,365242,90.68,445067,-0.5
2021-06-16 14:49:35,90.3,4,175617,363267,90.68,445067,-0.5
2021-06-16 14:49:39,90.25,1,175617,363267,90.68,445067,-0.55
2021-06-16 14:49:39,90.25,1,175159,363376,90.68,445418,-0.55
2021-06-16 14:49:41,90.25,1,175186,363376,90.68,445418,-0.55
2021-06-16 14:49:55,90.25,1,175187,363709,90.68,445418,-0.55
2021-06-16 14:49:58,90.25,1,175187,363512,90.68,445418,-0.55
2021-06-16 14:50:06,90.2,50,175187,363512,90.68,445418,-0.61
2021-06-16 14:50:07,90.2,50,175003,363538,90.68,445468,-0.61
2021-06-16 14:50:09,90.2,50,174972,363538,90.68,445468,-0.61
2021-06-16 14:50:12,90.2,50,174772,363752,90.68,445468,-0.61
2021-06-16 14:50:29,90.2,50,174772,363652,90.68,445468,-0.61
2021-06-16 14:50:36,90.2,50,174803,363652,90.68,445468,-0.61
2021-06-16 14:50:39,90.2,50,176775,363438,90.68,445468,-0.61
2021-06-16 14:50:47,90.2,50,176975,363362,90.68,445468,-0.61
2021-06-16 14:50:53,90.2,50,176975,363157,90.68,445468,-0.61
2021-06-16 14:50:56,90.2,50,176956,363157,90.68,445518,-0.61
2021-06-16 14:50:58,90.2,50,176924,363057,90.68,445518,-0.61
2021-06-16 14:51:01,90.2,50,176705,363057,90.68,445518,-0.61
2021-06-16 14:51:06,90.2,50,176705,363289,90.68,445518,-0.61
2021-06-16 14:51:20,90.2,50,176729,363311,90.68,445518,-0.61
2021-06-16 14:51:22,90.2,50,175729,363439,90.68,445518,-0.61
2021-06-16 14:51:25,90.2,567,175729,363439,90.68,445518,-0.61
2021-06-16 14:51:27,90.2,567,175814,362883,90.68,446518,-0.61
2021-06-16 14:52:02,90.3,20,175814,362883,90.68,446518,-0.5
2021-06-16 14:52:04,90.3,20,175781,362863,90.68,446538,-0.5
2021-06-16 14:52:19,90.3,21,175781,362863,90.68,446538,-0.5
2021-06-16 14:52:23,90.3,21,176081,363137,90.68,446563,-0.5
2021-06-16 14:52:38,90.3,21,176047,365137,90.68,446563,-0.5
2021-06-16 14:52:42,90.3,21,175859,365411,90.68,446563,-0.5
2021-06-16 14:52:45,90.3,21,176050,365416,90.68,446563,-0.5
2021-06-16 14:52:53,90.3,21,174074,365416,90.68,446563,-0.5
2021-06-16 14:52:57,90.3,21,174086,365416,90.68,446563,-0.5
2021-06-16 14:53:07,90.3,21,173839,365434,90.68,446563,-0.5
2021-06-16 14:53:12,90.3,21,173839,365420,90.68,446563,-0.5
2021-06-16 14:53:13,90.3,21,174095,365424,90.68,446563,-0.5
2021-06-16 14:53:16,90.3,21,174045,365424,90.68,446563,-0.5
2021-06-16 14:53:22,90.35,3,174045,365424,90.68,446563,-0.44
2021-06-16 14:53:23,90.35,3,173905,365351,90.68,446693,-0.44
2021-06-16 14:53:24,90.2,91,173905,365351,90.68,446693,-0.61
2021-06-16 14:53:27,90.2,91,173601,364941,90.68,446784,-0.61
2021-06-16 14:53:29,90.2,91,173825,364916,90.68,446784,-0.61
2021-06-16 14:53:46,90.2,91,173800,364916,90.68,446784,-0.61
2021-06-16 14:53:48,90.2,91,173789,364916,90.68,446784,-0.61
2021-06-16 14:53:57,90.2,91,173489,364916,90.68,446784,-0.61
2021-06-16 14:54:13,90.2,91,173508,364916,90.68,446784,-0.61
2021-06-16 14:54:25,90.2,91,173810,364916,90.68,446784,-0.61
2021-06-16 14:54:37,90.2,91,173810,364981,90.68,446784,-0.61
2021-06-16 14:54:51,90.2,91,173640,364981,90.68,446784,-0.61
2021-06-16 14:54:52,90.2,91,173635,364981,90.68,446784,-0.61
2021-06-16 14:54:57,90.2,91,173485,364981,90.68,446784,-0.61
2021-06-16 14:55:04,90.2,91,173409,364981,90.68,446784,-0.61
2021-06-16 14:55:09,90.2,91,173409,365081,90.68,446784,-0.61
2021-06-16 14:55:16,90.2,91,173394,365090,90.68,446784,-0.61
2021-06-16 14:55:18,90.2,2,173394,365090,90.68,446784,-0.61
2021-06-16 14:55:18,90.2,2,173100,365609,90.68,447184,-0.61
2021-06-16 14:55:21,90.2,2,173393,365633,90.68,447184,-0.61
2021-06-16 14:55:24,90.1,335,172586,365238,90.67,447784,-0.72
2021-06-16 14:55:32,90.1,335,172564,365238,90.67,447784,-0.72
2021-06-16 14:55:55,90.1,335,172564,365538,90.67,447784,-0.72
2021-06-16 14:55:58,90.1,300,172564,365538,90.67,447784,-0.72
2021-06-16 14:56:00,90.1,300,172286,365538,90.67,448084,-0.72
2021-06-16 14:56:04,90.1,300,172164,365538,90.67,448084,-0.72
2021-06-16 14:56:11,90.1,300,172164,365738,90.67,448084,-0.72
2021-06-16 14:56:21,90.1,1365,172164,365738,90.67,448084,-0.72
2021-06-16 14:56:22,90.1,1365,170877,366448,90.67,449449,-0.72
2021-06-16 14:56:34,90.1,1365,170712,366724,90.67,449449,-0.72
2021-06-16 14:56:39,90.1,1365,168712,366724,90.67,449449,-0.72
2021-06-16 14:56:43,90.1,1365,168638,366724,90.67,449449,-0.72
2021-06-16 14:56:44,90.1,1000,168638,366724,90.67,449449,-0.72
2021-06-16 14:56:46,90.1,1000,168952,366845,90.67,450449,-0.72
2021-06-16 14:57:03,90.1,1000,168870,366845,90.67,450449,-0.72
2021-06-16 14:57:07,90.15,25,168870,366845,90.67,450449,-0.66
2021-06-16 14:57:09,90.15,25,168870,366799,90.67,450474,-0.66
2021-06-16 14:57:10,90.15,136,169022,366365,90.67,450614,-0.66
2021-06-16 14:57:12,90.0,200,169022,366365,90.67,450614,-0.83
2021-06-16 14:57:12,90.0,50,167164,367480,90.67,451801,-0.83
2021-06-16 14:57:19,90.0,50,167116,367497,90.67,451801,-0.83
2021-06-16 14:57:30,90.0,25,167116,367497,90.67,451801,-0.83
2021-06-16 14:57:30,90.0,25,167534,367597,90.67,451826,-0.83
2021-06-16 14:57:35,90.0,25,167488,368232,90.67,451826,-0.83
2021-06-16 14:57:46,90.0,25,167488,368282,90.67,451826,-0.83
2021-06-16 14:57:48,90.0,25,168488,368282,90.67,451826,-0.83
2021-06-16 14:57:51,90.05,15,168488,368282,90.67,451826,-0.77
2021-06-16 14:57:52,90.05,15,168436,368384,90.67,451919,-0.77
2021-06-16 14:57:54,90.05,15,168783,368076,90.67,451919,-0.77
2021-06-16 14:57:55,90.0,50,168783,368076,90.67,451919,-0.83
2021-06-16 14:57:56,90.0,50,168991,368065,90.67,451969,-0.83
2021-06-16 14:57:58,90.0,50,169061,367700,90.67,451969,-0.83
2021-06-16 14:58:01,90.0,50,169257,367481,90.67,451969,-0.83
2021-06-16 14:58:03,90.0,50,169257,367716,90.67,451969,-0.83
2021-06-16 14:58:20,90.1,74,169257,367716,90.67,451969,-0.72
2021-06-16 14:58:21,90.1,74,169297,367225,90.67,452069,-0.72
2021-06-16 14:58:23,90.1,74,169277,367201,90.67,452069,-0.72
2021-06-16 14:58:25,90.1,74,171302,366973,90.67,452069,-0.72
2021-06-16 14:58:30,90.1,74,171614,366526,90.67,452069,-0.72
2021-06-16 14:58:39,90.1,74,171758,366426,90.67,452069,-0.72
2021-06-16 14:58:46,90.1,74,171913,366297,90.67,452069,-0.72
2021-06-16 14:58:50,90.1,74,171963,366297,90.67,452069,-0.72
2021-06-16 14:58:51,90.15,3,171963,366297,90.67,452069,-0.66
2021-06-16 14:58:52,90.15,3,171960,366297,90.67,452072,-0.66
2021-06-16 14:58:57,90.15,3,172050,366297,90.67,452072,-0.66
2021-06-16 14:59:00,90.15,3,171950,366297,90.67,452072,-0.66
2021-06-16 14:59:02,90.15,3,171940,366297,90.67,452072,-0.66
2021-06-16 14:59:03,90.15,24,171940,366297,90.67,452072,-0.66
2021-06-16 14:59:04,90.15,24,172208,366331,90.67,452148,-0.66
2021-06-16 14:59:12,90.1,443,172208,366331,90.67,452148,-0.72
2021-06-16 14:59:13,90.1,443,171075,366790,90.67,453004,-0.72
2021-06-16 14:59:17,90.1,443,170995,366790,90.67,453004,-0.72
2021-06-16 14:59:26,90.1,443,170945,366790,90.67,453004,-0.72
2021-06-16 14:59:30,90.15,20,170945,366790,90.67,453004,-0.66
2021-06-16 14:59:31,90.15,20,170930,366690,90.67,453024,-0.66
2021-06-16 14:59:34,90.15,20,170930,366660,90.67,453024,-0.66
2021-06-16 14:59:49,90.15,20,170910,366442,90.67,453024,-0.66
2021-06-16 14:59:51,90.15,20,170913,366872,90.67,453024,-0.66
2021-06-16 14:59:57,90.15,20,170913,366772,90.67,453024,-0.66
2021-06-16 14:59:58,90.15,20,170913,366752,90.67,453044,-0.66
2021-06-16 15:00:00,90.05,18,170804,366734,90.67,453064,-0.77
2021-06-16 15:00:03,90.05,18,170802,366734,90.67,453064,-0.77
2021-06-16 15:00:06,90.05,18,170469,366734,90.67,453064,-0.77
2021-06-16 15:00:08,90.05,18,170699,366734,90.67,453064,-0.77
2021-06-16 15:00:10,90.05,18,170703,366734,90.67,453064,-0.77
2021-06-16 15:00:17,90.05,18,170479,366734,90.67,453064,-0.77
2021-06-16 15:00:20,90.05,18,170267,366734,90.67,453064,-0.77
2021-06-16 15:00:21,90.05,50,170267,366734,90.67,453064,-0.77
2021-06-16 15:00:22,90.0,473,170267,366734,90.67,453064,-0.83
2021-06-16 15:00:23,90.0,473,169394,367159,90.67,453642,-0.83
2021-06-16 15:00:25,90.05,6,169394,367159,90.67,453642,-0.77
2021-06-16 15:00:26,90.05,6,171747,367159,90.67,453648,-0.77
2021-06-16 15:00:32,90.05,6,171731,367057,90.67,453648,-0.77
2021-06-16 15:00:35,89.95,10,169021,367821,90.66,455285,-0.88
2021-06-16 15:00:37,89.95,10,169004,368275,90.66,455295,-0.88
2021-06-16 15:00:46,89.95,50,169004,368275,90.66,455295,-0.88
2021-06-16 15:00:49,89.95,50,168989,368225,90.66,455345,-0.88
2021-06-16 15:00:54,89.95,50,168991,368211,90.66,455345,-0.88
2021-06-16 15:00:57,89.95,5,168991,368211,90.66,455345,-0.88
2021-06-16 15:01:00,89.95,5,168978,368206,90.66,455350,-0.88
2021-06-16 15:01:03,89.95,5,168978,368161,90.66,455350,-0.88
2021-06-16 15:01:06,89.95,5,168478,368161,90.66,455350,-0.88
2021-06-16 15:01:08,89.95,5,168478,368156,90.66,455355,-0.88
2021-06-16 15:01:11,89.85,50,168428,368156,90.66,455405,-0.99
2021-06-16 15:01:12,89.9,100,168428,368156,90.66,455405,-0.94
2021-06-16 15:01:13,89.85,2,168018,368256,90.66,455901,-0.99
2021-06-16 15:01:16,89.85,2,168028,368256,90.66,455901,-0.99
2021-06-16 15:01:19,89.85,2,167996,366249,90.66,455901,-0.99
2021-06-16 15:01:21,89.85,2,169020,366266,90.66,455901,-0.99
2021-06-16 15:01:24,89.85,2,169031,366266,90.66,455901,-0.99
2021-06-16 15:01:27,89.85,2,169131,366266,90.66,455901,-0.99
2021-06-16 15:01:40,89.85,2,169150,366266,90.66,455901,-0.99
2021-06-16 15:01:42,89.85,3,169150,366266,90.66,455901,-0.99
2021-06-16 15:01:42,89.85,3,169794,365970,90.66,455907,-0.99
2021-06-16 15:01:45,89.85,3,170030,359879,90.66,455907,-0.99
2021-06-16 15:01:46,89.85,50,170030,359879,90.66,455907,-0.99
2021-06-16 15:01:51,89.85,50,169977,360032,90.66,456207,-0.99
2021-06-16 15:01:54,89.85,50,169722,362726,90.66,456207,-0.99
2021-06-16 15:01:57,89.85,50,169738,363109,90.66,456207,-0.99
2021-06-16 15:02:00,89.85,50,169738,363105,90.66,456207,-0.99
2021-06-16 15:02:04,89.85,5,169738,363105,90.66,456207,-0.99
2021-06-16 15:02:12,89.85,5,169733,363100,90.66,456212,-0.99
2021-06-16 15:02:19,89.85,5,169933,363100,90.66,456212,-0.99
2021-06-16 15:02:30,89.85,5,169823,362887,90.66,456212,-0.99
2021-06-16 15:02:31,89.8,10,169823,362887,90.66,456212,-1.05
2021-06-16 15:02:33,89.8,10,168824,363106,90.66,456222,-1.05
2021-06-16 15:02:36,89.8,10,169308,363006,90.66,456222,-1.05
2021-06-16 15:02:38,89.8,10,169308,362956,90.66,456222,-1.05
2021-06-16 15:02:40,89.8,10,169537,362330,90.66,456222,-1.05
2021-06-16 15:02:43,89.8,10,169537,362465,90.66,456222,-1.05
2021-06-16 15:02:46,89.8,10,169537,362456,90.66,456222,-1.05
2021-06-16 15:02:48,89.75,200,169537,362456,90.66,456222,-1.1
2021-06-16 15:02:49,89.75,200,169337,362466,90.66,456422,-1.1
2021-06-16 15:02:50,89.8,25,169337,362466,90.66,456422,-1.05
2021-06-16 15:02:52,89.8,25,169994,362448,90.66,456447,-1.05
2021-06-16 15:02:55,89.85,5,169994,362448,90.66,456447,-0.99
2021-06-16 15:02:55,89.85,5,169966,362443,90.66,456452,-0.99
2021-06-16 15:02:58,89.85,5,170089,362107,90.66,456452,-0.99
2021-06-16 15:03:01,89.85,75,170089,362107,90.66,456452,-0.99
2021-06-16 15:03:01,89.85,75,170014,361833,90.66,456527,-0.99
2021-06-16 15:03:07,89.85,75,169314,361539,90.66,456527,-0.99
2021-06-16 15:03:07,89.85,40,169314,361539,90.66,456527,-0.99
2021-06-16 15:03:09,89.85,40,169414,361520,90.66,456567,-0.99
2021-06-16 15:03:15,89.85,40,169614,361499,90.66,456567,-0.99
2021-06-16 15:03:17,89.85,40,169614,361508,90.66,456567,-0.99
2021-06-16 15:03:22,89.85,40,169609,361508,90.66,456567,-0.99
2021-06-16 15:03:24,89.85,4,169609,361508,90.66,456567,-0.99
2021-06-16 15:03:25,89.85,4,168355,358739,90.66,456687,-0.99
2021-06-16 15:03:26,89.85,6,168355,358739,90.66,456687,-0.99
2021-06-16 15:03:28,89.85,6,168387,358639,90.66,456699,-0.99
2021-06-16 15:03:28,89.8,36,168387,358639,90.66,456699,-1.05
2021-06-16 15:03:30,89.8,36,167664,358757,90.66,457449,-1.05
2021-06-16 15:03:36,89.8,36,167532,358657,90.66,457449,-1.05
2021-06-16 15:03:37,89.9,170,167532,358657,90.66,457449,-0.94
2021-06-16 15:03:39,89.9,170,167922,358375,90.66,457649,-0.94
2021-06-16 15:03:42,89.9,170,167522,357594,90.66,457649,-0.94
2021-06-16 15:03:50,89.9,170,167522,357565,90.66,457649,-0.94
2021-06-16 15:03:57,89.9,6,167522,357565,90.66,457649,-0.94
2021-06-16 15:03:57,89.9,6,167486,357382,90.66,457740,-0.94
2021-06-16 15:03:58,89.9,1,167486,357382,90.66,457740,-0.94
2021-06-16 15:04:00,89.9,17,167291,356993,90.66,457766,-0.94
2021-06-16 15:04:02,89.9,17,167167,357112,90.66,457766,-0.94
2021-06-16 15:04:05,89.9,17,167167,356873,90.66,457766,-0.94
2021-06-16 15:04:10,89.9,17,166674,356754,90.66,457766,-0.94
2021-06-16 15:04:12,90.0,25,166674,356754,90.66,457766,-0.83
2021-06-16 15:04:13,90.0,25,166491,356513,90.66,457791,-0.83
2021-06-16 15:04:16,90.0,25,166542,356587,90.66,457791,-0.83
2021-06-16 15:04:19,90.0,25,166326,356448,90.66,457791,-0.83
2021-06-16 15:04:22,90.0,25,165958,356273,90.66,457791,-0.83
2021-06-16 15:04:25,90.0,25,165676,355710,90.66,457791,-0.83
2021-06-16 15:04:28,90.0,25,165547,355452,90.66,457791,-0.83
2021-06-16 15:04:30,89.8,38,165547,355452,90.66,457791,-1.05
2021-06-16 15:04:30,89.8,38,165696,355659,90.66,457891,-1.05
2021-06-16 15:04:36,89.8,60,165696,355659,90.66,457891,-1.05
2021-06-16 15:04:36,89.8,60,165342,355602,90.66,458391,-1.05
2021-06-16 15:04:39,89.8,60,166078,355602,90.66,458391,-1.05
2021-06-16 15:04:54,89.8,60,166088,355602,90.66,458391,-1.05
2021-06-16 15:05:00,89.8,60,166138,355366,90.66,458391,-1.05
2021-06-16 15:05:03,89.8,60,166938,355186,90.66,458391,-1.05
2021-06-16 15:05:09,89.8,60,166938,355400,90.66,458391,-1.05
2021-06-16 15:05:15,89.8,60,166966,355400,90.66,458391,-1.05
2021-06-16 15:05:18,89.8,60,167051,355400,90.66,458391,-1.05
2021-06-16 15:05:21,89.8,60,167101,355626,90.66,458391,-1.05
2021-06-16 15:05:25,89.8,79,167101,355626,90.66,458391,-1.05
2021-06-16 15:05:27,89.8,79,166788,355639,90.66,458591,-1.05
2021-06-16 15:05:54,89.8,79,166765,355638,90.66,458591,-1.05
2021-06-16 15:06:00,89.8,79,166981,355489,90.66,458591,-1.05
2021-06-16 15:06:09,89.8,79,166987,355704,90.66,458591,-1.05
2021-06-16 15:06:11,89.8,79,166988,355704,90.66,458591,-1.05
2021-06-16 15:06:16,89.8,79,166989,355704,90.66,458591,-1.05
2021-06-16 15:06:18,89.9,5,166989,355704,90.66,458591,-0.94
2021-06-16 15:06:19,89.9,5,167005,355699,90.66,458596,-0.94
2021-06-16 15:06:28,89.9,5,167009,355699,90.66,458596,-0.94
2021-06-16 15:06:39,89.9,5,167009,355927,90.66,458596,-0.94
2021-06-16 15:06:40,89.9,480,167009,355927,90.66,458596,-0.94
2021-06-16 15:06:42,89.8,20,167009,355927,90.66,458596,-1.05
2021-06-16 15:06:45,89.8,20,166977,355579,90.66,459476,-1.05
2021-06-16 15:06:47,89.8,20,166977,355549,90.66,459476,-1.05
2021-06-16 15:06:58,89.9,6,166977,355549,90.66,459476,-0.94
2021-06-16 15:07:00,89.9,6,166987,355543,90.66,459482,-0.94
2021-06-16 15:07:10,89.8,15,166987,355543,90.66,459482,-1.05
2021-06-16 15:07:10,89.8,15,166933,355537,90.66,459553,-1.05
2021-06-16 15:07:12,89.8,1,166933,355537,90.66,459553,-1.05
2021-06-16 15:07:13,89.8,1,166914,355308,90.66,459554,-1.05
2021-06-16 15:07:18,89.8,99,166914,355308,90.66,459554,-1.05
2021-06-16 15:07:18,89.8,99,166940,355428,90.66,459653,-1.05
2021-06-16 15:07:24,89.9,1,166940,355428,90.66,459653,-0.94
2021-06-16 15:07:26,89.9,1,166940,355442,90.66,459654,-0.94
2021-06-16 15:07:31,89.9,1,166920,355527,90.66,459654,-0.94
2021-06-16 15:07:37,89.9,1,166932,355527,90.66,459654,-0.94
2021-06-16 15:07:48,89.9,1,166707,356042,90.66,459654,-0.94
2021-06-16 15:08:00,89.8,5,166707,356042,90.66,459654,-1.05
2021-06-16 15:08:01,89.8,5,166915,355834,90.66,459660,-1.05
2021-06-16 15:08:04,89.8,25,167666,355617,90.66,459694,-1.05
2021-06-16 15:08:06,89.8,25,167900,355617,90.66,459694,-1.05
2021-06-16 15:08:13,89.8,30,167900,355617,90.66,459694,-1.05
2021-06-16 15:08:14,89.8,30,167624,356072,90.66,459724,-1.05
2021-06-16 15:08:16,89.8,30,167684,356307,90.66,459724,-1.05
2021-06-16 15:08:19,89.8,30,167809,356309,90.66,459724,-1.05
2021-06-16 15:08:21,89.8,148,167809,356309,90.66,459724,-1.05
2021-06-16 15:08:22,89.8,148,168043,356161,90.66,459872,-1.05
2021-06-16 15:08:28,89.8,500,168043,356161,90.66,459872,-1.05
2021-06-16 15:08:29,89.8,500,167532,355661,90.66,460372,-1.05
2021-06-16 15:08:37,89.8,125,167532,355661,90.66,460372,-1.05
2021-06-16 15:08:39,89.8,125,167108,355105,90.65,460785,-1.05
2021-06-16 15:08:43,89.8,125,167108,355543,90.65,460785,-1.05
2021-06-16 15:08:46,89.8,50,167108,355543,90.65,460785,-1.05
2021-06-16 15:08:49,89.8,50,167119,355493,90.65,460835,-1.05
2021-06-16 15:08:51,89.8,50,166419,355484,90.65,460835,-1.05
2021-06-16 15:08:57,89.8,50,166419,355488,90.65,460835,-1.05
2021-06-16 15:09:00,89.8,50,166419,355471,90.65,460835,-1.05
2021-06-16 15:09:02,89.8,50,166419,355257,90.65,460835,-1.05
2021-06-16 15:09:05,89.8,50,166419,354757,90.65,460835,-1.05
2021-06-16 15:09:11,89.8,100,166419,354757,90.65,460835,-1.05
2021-06-16 15:09:13,89.8,100,166408,355151,90.65,460935,-1.05
2021-06-16 15:09:15,89.8,11,166408,355151,90.65,460935,-1.05
2021-06-16 15:09:15,89.8,11,166408,355140,90.65,460946,-1.05
2021-06-16 15:09:16,89.8,100,166408,355140,90.65,460946,-1.05
2021-06-16 15:09:18,89.8,100,166408,354821,90.65,461046,-1.05
2021-06-16 15:09:29,89.8,100,166419,355041,90.65,461046,-1.05
2021-06-16 15:09:30,89.75,100,166419,355041,90.65,461046,-1.1
2021-06-16 15:09:31,89.75,100,166319,355048,90.65,461146,-1.1
2021-06-16 15:09:33,89.75,15,166319,355048,90.65,461146,-1.1
2021-06-16 15:09:34,89.75,15,163240,354921,90.65,463553,-1.1
2021-06-16 15:09:37,89.7,4,162396,357163,90.65,464545,-1.16
2021-06-16 15:09:40,89.65,1,162396,357163,90.65,464545,-1.21
2021-06-16 15:09:42,89.65,1,162525,357624,90.65,464647,-1.21
2021-06-16 15:09:43,89.7,60,162525,357624,90.65,464647,-1.16
2021-06-16 15:09:45,89.7,60,162508,357519,90.65,464707,-1.16
2021-06-16 15:09:51,89.7,60,162518,357519,90.65,464707,-1.16
2021-06-16 15:09:57,89.7,60,162568,357519,90.65,464707,-1.16
2021-06-16 15:09:59,89.7,60,162568,357524,90.65,464707,-1.16
2021-06-16 15:10:04,89.7,10,162568,357524,90.65,464707,-1.16
2021-06-16 15:10:05,89.7,10,162567,357567,90.65,464717,-1.16
2021-06-16 15:10:08,89.7,10,162617,357560,90.65,464717,-1.16
2021-06-16 15:10:09,89.5,174,162617,357560,90.65,464717,-1.38
2021-06-16 15:10:10,89.5,174,155981,357604,90.63,471018,-1.38
2021-06-16 15:10:12,89.5,50,155981,357604,90.63,471018,-1.38
2021-06-16 15:10:15,89.5,50,156981,357644,90.63,471204,-1.38
2021-06-16 15:10:16,89.5,50,156943,357644,90.63,471254,-1.38
2021-06-16 15:10:21,89.5,130,156943,357644,90.63,471254,-1.38
2021-06-16 15:10:21,89.5,130,156712,357698,90.63,471434,-1.38
2021-06-16 15:10:24,89.5,130,156601,357648,90.63,471434,-1.38
2021-06-16 15:10:27,89.5,130,156651,357646,90.63,471434,-1.38
2021-06-16 15:10:30,89.55,46,156983,356880,90.63,471524,-1.32
2021-06-16 15:10:30,89.4,100,156983,356880,90.63,471524,-1.49
2021-06-16 15:10:33,89.4,100,155347,354881,90.63,473624,-1.49
2021-06-16 15:10:39,89.4,100,155431,354893,90.63,473624,-1.49
2021-06-16 15:10:42,89.4,100,155582,354836,90.63,473624,-1.49
2021-06-16 15:10:42,89.6,100,155582,354836,90.63,473624,-1.27
2021-06-16 15:10:44,89.6,100,155626,354847,90.63,473724,-1.27
2021-06-16 15:10:45,89.35,202,155626,354847,90.63,473724,-1.54
2021-06-16 15:10:47,89.35,202,155424,355057,90.62,474124,-1.54
2021-06-16 15:10:50,89.35,202,155385,354835,90.62,474124,-1.54
2021-06-16 15:10:51,89.35,16,155385,354835,90.62,474124,-1.54
2021-06-16 15:10:53,89.35,16,155431,355069,90.62,474624,-1.54
2021-06-16 15:10:56,89.35,16,155439,355128,90.62,474624,-1.54
2021-06-16 15:10:59,89.4,189,155679,355381,90.62,475054,-1.49
2021-06-16 15:11:04,89.4,189,155794,355353,90.62,475054,-1.49
2021-06-16 15:11:06,89.4,100,155794,355353,90.62,475054,-1.49
2021-06-16 15:11:07,89.4,100,155804,355353,90.62,475154,-1.49
2021-06-16 15:11:10,89.4,100,156644,355853,90.62,475154,-1.49
2021-06-16 15:11:13,89.4,100,156744,356356,90.62,475154,-1.49
2021-06-16 15:11:16,89.4,100,156299,356356,90.62,475154,-1.49
2021-06-16 15:11:18,89.5,10,156299,356356,90.62,475154,-1.38
2021-06-16 15:11:20,89.5,10,156180,356293,90.62,475464,-1.38
2021-06-16 15:11:22,89.35,2,155786,356522,90.62,475964,-1.54
2021-06-16 15:11:25,89.35,2,155848,356522,90.62,475964,-1.54
2021-06-16 15:11:28,89.35,2,155939,356715,90.62,475964,-1.54
2021-06-16 15:11:29,89.3,134,155939,356715,90.62,475964,-1.6
2021-06-16 15:11:30,89.3,134,155379,356715,90.62,476464,-1.6
2021-06-16 15:11:31,89.3,322,155379,356715,90.62,476464,-1.6
2021-06-16 15:11:33,89.3,322,155065,356715,90.62,476786,-1.6
2021-06-16 15:11:36,89.3,322,155405,357057,90.62,476786,-1.6
2021-06-16 15:11:39,89.3,322,155404,357119,90.62,476786,-1.6
2021-06-16 15:11:40,89.3,5,155404,357119,90.62,476786,-1.6
2021-06-16 15:11:42,89.3,5,155394,357105,90.62,476796,-1.6
2021-06-16 15:11:42,89.45,3,155394,357105,90.62,476796,-1.43
2021-06-16 15:11:44,89.45,3,155593,356986,90.62,476799,-1.43
2021-06-16 15:11:47,89.45,3,155593,357021,90.62,476799,-1.43
2021-06-16 15:11:49,89.45,20,155593,357224,90.62,476819,-1.43
2021-06-16 15:11:50,89.3,10,155593,357224,90.62,476819,-1.6
2021-06-16 15:11:52,89.3,10,155532,357233,90.62,476829,-1.6
2021-06-16 15:11:55,89.3,10,155683,357001,90.62,476829,-1.6
2021-06-16 15:11:58,89.3,10,155945,357001,90.62,476829,-1.6
2021-06-16 15:12:01,89.3,10,156045,356991,90.62,476829,-1.6
2021-06-16 15:12:03,89.45,2,156045,356991,90.62,476829,-1.43
2021-06-16 15:12:04,89.45,2,156045,356984,90.62,476831,-1.43
2021-06-16 15:12:07,89.45,2,156547,356996,90.62,476831,-1.43
2021-06-16 15:12:10,89.45,2,157047,357151,90.62,476831,-1.43
2021-06-16 15:12:14,89.4,22,157120,357151,90.62,476831,-1.49
2021-06-16 15:12:15,89.45,2,157120,357151,90.62,476831,-1.43
2021-06-16 15:12:16,89.45,2,157144,357570,90.62,476855,-1.43
2021-06-16 15:12:18,89.45,2,157144,357530,90.62,476855,-1.43
2021-06-16 15:12:24,89.45,2,157144,357542,90.62,476855,-1.43
2021-06-16 15:12:26,89.4,150,157144,357542,90.62,476855,-1.49
2021-06-16 15:12:27,89.4,150,156894,357541,90.62,477105,-1.49
2021-06-16 15:12:30,89.4,150,156909,357541,90.62,477105,-1.49
2021-06-16 15:12:39,89.3,250,156909,357541,90.62,477105,-1.6
2021-06-16 15:12:40,89.3,250,156598,357541,90.62,477355,-1.6
2021-06-16 15:12:42,89.4,50,156598,357541,90.62,477355,-1.49
2021-06-16 15:12:43,89.4,50,156607,357839,90.62,477405,-1.49
2021-06-16 15:12:47,89.4,5,156703,357834,90.62,477410,-1.49
2021-06-16 15:12:49,89.4,2,156703,357834,90.62,477410,-1.49
2021-06-16 15:12:50,89.3,40,156663,355841,90.62,477452,-1.6
2021-06-16 15:12:52,89.3,40,156421,355841,90.62,477452,-1.6
2021-06-16 15:13:01,89.3,40,155540,355841,90.62,477452,-1.6
2021-06-16 15:13:04,89.35,100,155540,355841,90.62,477452,-1.54
2021-06-16 15:13:15,89.35,100,155447,355841,90.61,477552,-1.54
2021-06-16 15:13:18,89.35,100,155450,355841,90.61,477552,-1.54
2021-06-16 15:13:21,89.35,100,155450,355641,90.61,477552,-1.54
2021-06-16 15:13:30,89.35,100,155500,355641,90.61,477552,-1.54
2021-06-16 15:13:34,89.4,10,155500,355641,90.61,477552,-1.49
2021-06-16 15:13:35,89.4,10,155504,355631,90.61,477562,-1.49
2021-06-16 15:13:52,89.4,10,155601,355631,90.61,477562,-1.49
2021-06-16 15:13:55,89.4,100,155601,355631,90.61,477562,-1.49
2021-06-16 15:14:01,89.4,100,155575,355535,90.61,477662,-1.49
2021-06-16 15:14:01,89.45,34,155575,355535,90.61,477662,-1.43
2021-06-16 15:14:03,89.45,30,155575,355535,90.61,477662,-1.43
2021-06-16 15:14:04,89.45,30,155584,354460,90.61,479561,-1.43
2021-06-16 15:14:06,89.35,20,155584,354460,90.61,479561,-1.54
2021-06-16 15:14:07,89.35,20,155584,354462,90.61,479581,-1.54
2021-06-16 15:14:07,89.3,50,155584,354462,90.61,479581,-1.6
2021-06-16 15:14:10,89.3,50,155588,352449,90.61,479631,-1.6
2021-06-16 15:14:15,89.35,10,155530,352435,90.61,479641,-1.54
2021-06-16 15:14:21,89.35,10,155612,352435,90.61,479641,-1.54
2021-06-16 15:14:24,89.35,10,156983,352447,90.61,479641,-1.54
2021-06-16 15:14:25,89.45,34,156983,352447,90.61,479641,-1.43
2021-06-16 15:14:26,89.35,144,156983,352447,90.61,479641,-1.54
2021-06-16 15:14:27,89.35,144,156863,352460,90.61,479900,-1.54
2021-06-16 15:14:37,89.35,144,156857,352401,90.61,479900,-1.54
2021-06-16 15:14:40,89.35,144,157057,352413,90.61,479900,-1.54
2021-06-16 15:14:41,89.45,20,157057,352413,90.61,479900,-1.43
2021-06-16 15:14:42,89.45,20,157057,352347,90.61,480000,-1.43
2021-06-16 15:14:56,89.45,10,157057,352347,90.61,480000,-1.43
2021-06-16 15:14:57,89.45,10,157053,352543,90.61,480010,-1.43
2021-06-16 15:15:03,89.3,36,156757,352543,90.61,480260,-1.6
2021-06-16 15:15:06,89.45,2,156757,352543,90.61,480260,-1.43
2021-06-16 15:15:07,89.45,2091,156757,352543,90.61,480260,-1.43
2021-06-16 15:15:09,89.45,2091,158659,350180,90.6,482353,-1.43
2021-06-16 15:15:10,89.35,20,158659,350180,90.6,482353,-1.54
2021-06-16 15:15:12,89.35,20,158639,350180,90.6,482373,-1.54
2021-06-16 15:15:15,89.6,74,158639,350180,90.6,482373,-1.27
2021-06-16 15:15:18,89.6,74,158649,350079,90.6,482473,-1.27
2021-06-16 15:15:21,89.35,424,158649,350079,90.6,482473,-1.54
2021-06-16 15:15:21,89.35,424,158306,350151,90.6,483473,-1.54
2021-06-16 15:15:24,89.35,424,158260,349906,90.6,483473,-1.54
2021-06-16 15:15:28,89.6,20,158310,349906,90.6,483473,-1.27
2021-06-16 15:15:30,89.6,20,158391,349726,90.6,483493,-1.27
2021-06-16 15:15:34,89.6,4,158310,349729,90.6,483493,-1.27
2021-06-16 15:15:37,89.6,4,158246,349627,90.6,483543,-1.27
2021-06-16 15:15:46,89.6,4,158846,349627,90.6,483543,-1.27
2021-06-16 15:15:57,89.6,4,158045,349935,90.6,483543,-1.27
2021-06-16 15:16:03,89.45,18,157968,349945,90.6,483643,-1.43
2021-06-16 15:16:04,89.6,74,157968,349945,90.6,483643,-1.27
2021-06-16 15:16:05,89.6,75,157968,349945,90.6,483643,-1.27
2021-06-16 15:16:06,89.6,75,157938,349655,90.6,483848,-1.27
2021-06-16 15:16:09,89.6,75,157938,349872,90.6,483848,-1.27
2021-06-16 15:16:19,89.65,24,158142,350069,90.6,483873,-1.21
2021-06-16 15:16:21,89.65,1,158142,350069,90.6,483873,-1.21
2021-06-16 15:16:22,89.65,1,158360,349618,90.6,483903,-1.21
2021-06-16 15:16:25,89.65,1,158411,349837,90.6,483903,-1.21
2021-06-16 15:16:26,89.65,26,158411,349837,90.6,483903,-1.21
2021-06-16 15:16:28,89.65,26,157889,350186,90.6,484930,-1.21
2021-06-16 15:16:36,89.65,35,157889,350186,90.6,484930,-1.21
2021-06-16 15:16:36,89.65,35,157937,350154,90.6,485030,-1.21
2021-06-16 15:16:40,89.65,3,157937,350154,90.6,485030,-1.21
2021-06-16 15:16:41,89.65,100,157937,350154,90.6,485030,-1.21
2021-06-16 15:16:42,89.65,100,157687,349904,90.6,485133,-1.21
2021-06-16 15:16:45,89.65,100,157715,349904,90.6,485133,-1.21
2021-06-16 15:16:48,89.65,100,157666,350172,90.6,485133,-1.21
2021-06-16 15:16:50,89.6,2,157666,350172,90.6,485133,-1.27
2021-06-16 15:16:51,89.6,2,157664,350179,90.6,485135,-1.27
2021-06-16 15:17:09,89.6,2,157637,350170,90.6,485135,-1.27
2021-06-16 15:17:12,89.6,2,156266,350170,90.6,485135,-1.27
2021-06-16 15:17:16,89.65,33,156266,350170,90.6,485135,-1.21
2021-06-16 15:17:18,89.65,33,156264,350080,90.6,485235,-1.21
2021-06-16 15:17:21,89.65,33,156315,349880,90.6,485235,-1.21
2021-06-16 15:17:24,89.65,33,156365,349880,90.6,485235,-1.21
2021-06-16 15:17:24,89.45,25,156365,349880,90.6,485235,-1.43
2021-06-16 15:17:27,89.45,25,156340,349880,90.6,485260,-1.43
2021-06-16 15:17:33,89.45,25,156455,349880,90.6,485260,-1.43
2021-06-16 15:17:36,89.45,25,156455,349900,90.6,485260,-1.43
2021-06-16 15:17:39,89.45,25,156478,349979,90.6,485260,-1.43
2021-06-16 15:17:42,89.45,25,156429,349982,90.6,485260,-1.43
2021-06-16 15:17:50,89.45,25,156555,350007,90.6,485260,-1.43
2021-06-16 15:17:52,89.45,25,156557,350049,90.6,485260,-1.43
2021-06-16 15:17:54,89.45,19,156557,350049,90.6,485260,-1.43
2021-06-16 15:17:55,89.45,19,156404,350475,90.6,485360,-1.43
2021-06-16 15:17:57,89.35,332,156404,350475,90.6,485360,-1.54
2021-06-16 15:17:58,89.35,332,156392,350541,90.59,485860,-1.54
2021-06-16 15:18:10,89.55,1,156486,350341,90.59,485961,-1.32
2021-06-16 15:18:15,89.55,1,156283,351551,90.59,485961,-1.32
2021-06-16 15:18:16,89.55,9,156283,351551,90.59,485961,-1.32
2021-06-16 15:18:18,89.55,10,156283,351551,90.59,485961,-1.32
2021-06-16 15:18:18,89.55,10,156335,351531,90.59,485981,-1.32
2021-06-16 15:18:20,89.55,13,156335,351531,90.59,485981,-1.32
2021-06-16 15:18:21,89.55,13,156339,351503,90.59,486494,-1.32
2021-06-16 15:18:25,89.3,93,156339,351503,90.59,486494,-1.6
2021-06-16 15:18:28,89.3,93,156242,351697,90.59,486589,-1.6
2021-06-16 15:18:28,89.3,498,156242,351697,90.59,486589,-1.6
2021-06-16 15:18:30,89.5,2,156242,351697,90.59,486589,-1.38
2021-06-16 15:18:31,89.5,2,155646,351519,90.59,487091,-1.38
2021-06-16 15:18:46,89.5,2,155894,351519,90.59,487091,-1.38
2021-06-16 15:18:55,89.5,2,156633,351350,90.59,487091,-1.38
2021-06-16 15:18:56,89.5,357,156633,351350,90.59,487091,-1.38
2021-06-16 15:18:58,89.5,357,156580,351473,90.59,487791,-1.38
2021-06-16 15:18:58,89.5,143,156580,351473,90.59,487791,-1.38
2021-06-16 15:19:01,89.5,143,157090,351399,90.59,487934,-1.38
2021-06-16 15:19:09,89.5,143,157190,351409,90.59,487934,-1.38
2021-06-16 15:19:11,89.6,15,157190,351409,90.59,487934,-1.27
2021-06-16 15:19:12,89.6,15,157192,351394,90.59,487949,-1.27
2021-06-16 15:19:17,89.6,64,157192,351394,90.59,487949,-1.27
2021-06-16 15:19:18,89.6,64,157243,351320,90.59,488013,-1.27
2021-06-16 15:19:24,89.6,64,157286,351330,90.59,488013,-1.27
2021-06-16 15:19:25,89.5,75,157286,351330,90.59,488013,-1.38
2021-06-16 15:19:27,89.5,75,157213,351320,90.59,488088,-1.38
2021-06-16 15:19:30,89.5,75,157211,351320,90.59,488088,-1.38
2021-06-16 15:19:36,89.55,200,156098,350010,90.59,488288,-1.32
2021-06-16 15:19:39,89.55,200,156098,350791,90.59,488288,-1.32
2021-06-16 15:19:45,89.6,2,156098,350791,90.59,488288,-1.27
2021-06-16 15:19:46,89.6,2,156102,350397,90.59,488469,-1.27
2021-06-16 15:19:58,89.6,2,157935,350204,90.59,488469,-1.27
2021-06-16 15:20:01,89.6,2,158236,350192,90.59,488469,-1.27
2021-06-16 15:20:07,89.6,2,158379,347993,90.59,488469,-1.27
2021-06-16 15:20:10,89.65,55,158379,347993,90.59,488469,-1.21
2021-06-16 15:20:11,89.65,55,158379,348176,90.59,488549,-1.21
2021-06-16 15:20:15,89.65,55,143828,328818,90.59,488549,-1.21
2021-06-16 15:20:15,89.65,18,143828,328818,90.59,488549,-1.21
2021-06-16 15:20:18,89.65,18,143599,328800,90.59,488567,-1.21
2021-06-16 15:20:19,89.65,2,143599,328800,90.59,488567,-1.21
2021-06-16 15:20:19,89.7,100,143599,328800,90.59,488567,-1.16
2021-06-16 15:20:21,89.7,96,143599,328800,90.59,488567,-1.16
2021-06-16 15:20:22,89.65,100,141526,328244,90.59,489333,-1.21
2021-06-16 15:20:24,89.65,250,141526,328244,90.59,489333,-1.21
2021-06-16 15:20:25,89.65,250,141676,328044,90.59,489583,-1.21
2021-06-16 15:20:27,89.75,100,141676,328044,90.59,489583,-1.1
2021-06-16 15:20:30,89.75,100,142278,328044,90.59,489683,-1.1
2021-06-16 15:20:39,89.65,100,142128,327944,90.59,489883,-1.21
2021-06-16 15:20:43,89.65,217,142128,327944,90.59,489883,-1.21
2021-06-16 15:20:45,89.75,100,142128,327944,90.59,489883,-1.1
2021-06-16 15:20:46,89.75,100,141678,327844,90.58,490433,-1.1
2021-06-16 15:20:46,89.55,132,141678,327844,90.58,490433,-1.32
2021-06-16 15:20:49,89.55,132,140311,330733,90.58,492334,-1.32
2021-06-16 15:20:50,89.55,20,140311,330733,90.58,492334,-1.32
2021-06-16 15:20:51,89.55,49,140311,330733,90.58,492334,-1.32
2021-06-16 15:20:54,89.55,49,140311,330733,90.58,492434,-1.32
2021-06-16 15:20:56,89.6,10,140311,330733,90.58,492434,-1.27
2021-06-16 15:20:57,89.6,1,140311,330733,90.58,492434,-1.27
2021-06-16 15:20:57,89.6,1,140411,330722,90.58,492445,-1.27
2021-06-16 15:21:01,89.6,1,140422,330722,90.58,492445,-1.27
2021-06-16 15:21:04,89.6,1,140422,330922,90.58,492445,-1.27
2021-06-16 15:21:12,89.6,1,140422,331222,90.58,492445,-1.27
2021-06-16 15:21:16,89.6,1,140472,331222,90.58,492445,-1.27
2021-06-16 15:21:19,89.5,39,140472,331222,90.58,492445,-1.38
2021-06-16 15:21:20,89.5,39,140272,330922,90.58,492745,-1.38
2021-06-16 15:21:21,89.6,15,140272,330922,90.58,492745,-1.27
2021-06-16 15:21:22,89.6,50,140272,330922,90.58,492745,-1.27
2021-06-16 15:21:24,89.6,50,144630,330899,90.58,493391,-1.27
2021-06-16 15:21:24,89.6,100,144630,330899,90.58,493391,-1.27
2021-06-16 15:21:27,89.6,100,144530,330899,90.58,493491,-1.27
2021-06-16 15:21:35,89.65,4,144776,328090,90.57,496215,-1.21
2021-06-16 15:21:37,89.5,134,144776,328090,90.57,496215,-1.38
2021-06-16 15:21:39,89.5,134,139511,330321,90.56,501964,-1.38
2021-06-16 15:21:40,89.5,20,139511,330321,90.56,501964,-1.38
2021-06-16 15:21:42,89.5,20,139975,330483,90.56,501984,-1.38
2021-06-16 15:21:54,89.5,20,141014,330483,90.56,501984,-1.38
2021-06-16 15:21:58,89.5,20,140514,330483,90.56,501984,-1.38
2021-06-16 15:22:00,89.55,251,140514,330483,90.56,501984,-1.32
2021-06-16 15:22:01,89.55,251,140544,330483,90.56,502719,-1.32
2021-06-16 15:22:02,89.6,292,140544,330483,90.56,502719,-1.27
2021-06-16 15:22:04,89.6,292,140544,330091,90.56,503111,-1.27
2021-06-16 15:22:07,89.5,54,140544,330091,90.56,503111,-1.38
2021-06-16 15:22:07,89.5,54,140444,330091,90.56,503311,-1.38
2021-06-16 15:22:10,89.45,187,140444,330091,90.56,503311,-1.43
2021-06-16 15:22:10,89.45,187,138686,329771,90.56,505069,-1.43
2021-06-16 15:22:18,89.7,188,138686,329771,90.56,505069,-1.16
2021-06-16 15:22:20,89.7,188,138998,329459,90.56,505569,-1.16
2021-06-16 15:22:26,89.7,188,139176,329459,90.56,505569,-1.16
2021-06-16 15:22:28,89.7,188,139027,329449,90.56,505569,-1.16
2021-06-16 15:22:32,89.7,188,139077,329449,90.56,505569,-1.16
2021-06-16 15:22:34,89.4,679,139077,329449,90.56,505569,-1.49
2021-06-16 15:22:35,89.4,679,137995,329761,90.55,507569,-1.49
2021-06-16 15:22:37,89.7,481,137995,329761,90.55,507569,-1.16
2021-06-16 15:22:38,89.7,481,138002,329263,90.55,508069,-1.16
2021-06-16 15:22:39,89.7,2,138002,329263,90.55,508069,-1.16
2021-06-16 15:22:41,89.7,2,137102,329739,90.55,508077,-1.16
2021-06-16 15:22:45,89.45,93,137003,329840,90.55,508177,-1.43
2021-06-16 15:22:53,89.45,93,136994,329840,90.55,508177,-1.43
2021-06-16 15:22:59,89.65,1,136994,329840,90.55,508177,-1.21
2021-06-16 15:23:00,89.65,1,137093,329739,90.55,508278,-1.21
2021-06-16 15:23:03,89.7,2,137093,329739,90.55,508278,-1.16
2021-06-16 15:23:04,89.7,2,136393,329737,90.55,508280,-1.16
2021-06-16 15:23:06,89.5,1,136393,329737,90.55,508280,-1.38
2021-06-16 15:23:07,89.5,1,136164,329789,90.55,508380,-1.38
2021-06-16 15:23:11,89.5,1,136264,329789,90.55,508380,-1.38
2021-06-16 15:23:15,89.5,1,136314,329985,90.55,508380,-1.38
2021-06-16 15:23:18,89.5,1,136334,329985,90.55,508380,-1.38
2021-06-16 15:23:28,89.5,1,136514,329985,90.55,508380,-1.38
2021-06-16 15:23:32,89.5,1,136539,329985,90.55,508380,-1.38
2021-06-16 15:23:33,89.65,28,136539,329985,90.55,508380,-1.21
2021-06-16 15:23:36,89.65,28,136539,329855,90.55,508510,-1.21
2021-06-16 15:23:39,89.65,28,136539,326814,90.55,508510,-1.21
2021-06-16 15:23:43,89.65,28,136539,326534,90.55,508510,-1.21
2021-06-16 15:23:50,89.65,28,136564,326534,90.55,508510,-1.21
2021-06-16 15:23:54,89.65,28,136614,326534,90.55,508510,-1.21
2021-06-16 15:23:57,89.6,50,137007,326534,90.55,508510,-1.27
2021-06-16 15:24:00,89.6,50,136967,326534,90.55,508560,-1.27
2021-06-16 15:24:03,89.6,4,136967,326534,90.55,508560,-1.27
2021-06-16 15:24:03,89.5,25,136967,326534,90.55,508560,-1.38
2021-06-16 15:24:04,89.5,25,136971,326530,90.55,508614,-1.38
2021-06-16 15:24:12,89.5,25,136871,329892,90.55,508614,-1.38
2021-06-16 15:24:14,89.6,200,136871,329892,90.55,508614,-1.27
2021-06-16 15:24:15,89.6,200,136871,329882,90.55,508814,-1.27
2021-06-16 15:24:17,89.65,338,136871,329882,90.55,508814,-1.21
2021-06-16 15:24:18,89.5,18,137027,329805,90.55,509834,-1.38
2021-06-16 15:24:24,89.45,31,137027,329805,90.55,509834,-1.43
2021-06-16 15:24:25,89.45,31,136477,329805,90.55,510384,-1.43
2021-06-16 15:24:28,89.7,28,136477,329805,90.55,510384,-1.16
2021-06-16 15:24:29,89.7,28,136480,329782,90.55,510414,-1.16
2021-06-16 15:24:31,89.45,169,136480,329782,90.55,510414,-1.43
2021-06-16 15:24:33,89.45,169,136541,329690,90.55,510585,-1.43
2021-06-16 15:24:36,89.45,169,136491,329690,90.55,510585,-1.43
2021-06-16 15:24:40,89.45,169,136516,329690,90.55,510585,-1.43
2021-06-16 15:24:43,89.45,169,136516,329790,90.55,510585,-1.43
2021-06-16 15:24:46,89.45,18,136516,329790,90.55,510585,-1.43
2021-06-16 15:24:46,89.45,18,136966,329790,90.55,510635,-1.43
2021-06-16 15:24:54,89.45,18,136991,330015,90.55,510635,-1.43
2021-06-16 15:24:55,89.45,7,136991,330015,90.55,510635,-1.43
2021-06-16 15:25:04,89.45,7,137014,330494,90.54,510723,-1.43
2021-06-16 15:25:07,89.45,7,137039,330494,90.54,510723,-1.43
2021-06-16 15:25:11,89.6,50,137039,330494,90.54,510723,-1.27
2021-06-16 15:25:14,89.6,50,137039,330444,90.54,510773,-1.27
2021-06-16 15:25:18,89.6,50,137040,330444,90.54,510773,-1.27
2021-06-16 15:25:19,89.6,45,137040,330444,90.54,510773,-1.27
2021-06-16 15:25:21,89.6,45,137040,330399,90.54,510818,-1.27
2021-06-16 15:25:24,89.6,45,136995,330399,90.54,510818,-1.27
2021-06-16 15:25:27,89.6,100,136995,330399,90.54,510818,-1.27
2021-06-16 15:25:28,89.45,470,136965,330391,90.54,511418,-1.43
2021-06-16 15:25:31,89.45,470,137665,330391,90.54,511418,-1.43
2021-06-16 15:25:34,89.45,470,138265,330391,90.54,511418,-1.43
2021-06-16 15:25:37,89.4,15,138265,330391,90.54,511418,-1.49
2021-06-16 15:25:42,89.4,15,137265,330391,90.54,512418,-1.49
2021-06-16 15:25:48,89.4,15,137365,330391,90.54,512418,-1.49
2021-06-16 15:25:52,89.4,15,137366,330391,90.54,512418,-1.49
2021-06-16 15:25:53,89.4,20,137366,330391,90.54,512418,-1.49
2021-06-16 15:25:55,89.55,6,137356,330241,90.54,512438,-1.32
2021-06-16 15:25:59,89.55,6,137356,330270,90.54,512444,-1.32
2021-06-16 15:26:06,89.55,6,136388,329786,90.54,512444,-1.32
2021-06-16 15:26:07,89.35,21,136388,329786,90.54,512444,-1.54
2021-06-16 15:26:09,89.35,21,136256,329544,90.54,512576,-1.54
2021-06-16 15:26:13,89.35,21,136312,329544,90.54,512576,-1.54
2021-06-16 15:26:16,89.4,25,136312,329544,90.54,512576,-1.49
2021-06-16 15:26:16,89.4,25,136287,329544,90.54,512601,-1.49
2021-06-16 15:26:17,89.4,15,136287,329544,90.54,512601,-1.49
2021-06-16 15:26:20,89.4,15,136275,329529,90.54,512616,-1.49
2021-06-16 15:26:24,89.4,15,136575,329529,90.54,512616,-1.49
2021-06-16 15:26:27,89.4,15,137063,329529,90.54,512616,-1.49
2021-06-16 15:26:28,89.4,484,137063,329529,90.54,512616,-1.49
2021-06-16 15:26:30,89.35,218,137063,329529,90.54,512616,-1.54
2021-06-16 15:26:31,89.35,218,136549,330543,90.54,513580,-1.54
2021-06-16 15:26:37,89.35,218,136550,330343,90.54,513580,-1.54
2021-06-16 15:26:40,89.35,218,136650,330343,90.54,513580,-1.54
2021-06-16 15:26:41,89.4,118,136650,330343,90.54,513580,-1.49
2021-06-16 15:26:43,89.4,304,136650,330343,90.54,513580,-1.49
2021-06-16 15:26:45,89.5,68,136640,330133,90.54,514216,-1.38
2021-06-16 15:26:48,89.5,68,136640,329933,90.54,514416,-1.38
2021-06-16 15:26:49,89.05,448,136640,329933,90.54,514416,-1.87
2021-06-16 15:26:51,89.05,448,129361,328988,90.52,522166,-1.87
2021-06-16 15:26:52,89.5,98,129361,328988,90.52,522166,-1.38
2021-06-16 15:26:54,89.25,1,129361,328988,90.52,522166,-1.65
2021-06-16 15:26:54,89.25,1,130022,328561,90.52,522417,-1.65
2021-06-16 15:26:55,89.3,47,130022,328561,90.52,522417,-1.6
2021-06-16 15:26:57,89.5,100,130022,328561,90.52,522417,-1.38
2021-06-16 15:26:58,89.45,1,129948,328460,90.52,522569,-1.43
2021-06-16 15:27:04,89.45,1,130198,328460,90.52,522569,-1.43
2021-06-16 15:27:06,89.45,6,130198,328460,90.52,522569,-1.43
2021-06-16 15:27:07,89.45,2,130198,328460,90.52,522569,-1.43
2021-06-16 15:27:08,89.45,500,130374,328460,90.51,523117,-1.43
2021-06-16 15:27:12,89.45,500,130549,328460,90.51,523117,-1.43
2021-06-16 15:27:15,89.45,500,130549,328455,90.51,523117,-1.43
2021-06-16 15:27:18,89.45,500,130327,329355,90.51,523117,-1.43
2021-06-16 15:27:19,89.2,28,130327,329355,90.51,523117,-1.71
2021-06-16 15:27:22,89.2,28,130129,329831,90.51,523317,-1.71
2021-06-16 15:27:26,89.5,48,130129,329831,90.51,523317,-1.38
2021-06-16 15:27:27,89.5,100,130129,329831,90.51,523317,-1.38
2021-06-16 15:27:29,89.5,100,130129,329931,90.51,523467,-1.38
2021-06-16 15:27:30,89.45,100,130129,329931,90.51,523467,-1.43
2021-06-16 15:27:33,89.2,98,130033,329611,90.51,523667,-1.71
2021-06-16 15:27:37,89.2,98,130014,329611,90.51,523667,-1.71
2021-06-16 15:27:39,89.4,1,130014,329611,90.51,523667,-1.49
2021-06-16 15:27:40,89.15,259,130014,329611,90.51,523667,-1.76
2021-06-16 15:27:40,89.15,259,129852,329611,90.51,524168,-1.76
2021-06-16 15:27:41,89.45,96,129852,329611,90.51,524168,-1.43
2021-06-16 15:27:43,89.45,96,129895,271824,90.51,524268,-1.43
2021-06-16 15:27:46,89.45,96,129673,272136,90.51,524268,-1.43
2021-06-16 15:27:50,89.45,96,129673,272286,90.51,524268,-1.43
2021-06-16 15:27:51,89.45,37,129673,272286,90.51,524268,-1.43
2021-06-16 15:27:54,89.45,100,129955,272146,90.51,524408,-1.43
2021-06-16 15:28:03,89.45,100,129733,272346,90.51,524408,-1.43
2021-06-16 15:28:06,89.4,4000,129733,272346,90.51,524408,-1.49
2021-06-16 15:28:07,89.4,4000,74656,272538,90.5,528708,-1.49
2021-06-16 15:28:07,89.45,10,74656,272538,90.5,528708,-1.43
2021-06-16 15:28:10,89.45,100,74656,272538,90.5,528708,-1.43
2021-06-16 15:28:11,89.45,100,74656,272528,90.5,528818,-1.43
2021-06-16 15:28:14,89.3,23,72175,272642,90.5,531428,-1.6
2021-06-16 15:28:17,89.3,23,72110,273090,90.5,531428,-1.6
2021-06-16 15:28:19,89.0,219,72110,273090,90.5,531428,-1.93
2021-06-16 15:28:19,89.0,132,72110,273090,90.5,531428,-1.93
2021-06-16 15:28:21,89.25,50,72729,273311,90.49,531928,-1.65
2021-06-16 15:28:22,89.45,14,72729,273311,90.49,531928,-1.43
2021-06-16 15:28:23,89.2,1,72729,273311,90.49,531928,-1.71
2021-06-16 15:28:24,89.2,1,72957,273284,90.49,532079,-1.71
2021-06-16 15:28:27,89.1,75,72876,272775,90.49,532179,-1.82
2021-06-16 15:28:30,89.1,75,72876,272975,90.49,532179,-1.82
2021-06-16 15:28:37,89.1,75,73071,272975,90.49,532179,-1.82
2021-06-16 15:28:39,89.1,10,73071,272975,90.49,532179,-1.82
2021-06-16 15:28:41,89.45,68,72763,273038,90.49,532598,-1.43
2021-06-16 15:28:43,89.45,68,72786,272998,90.49,532598,-1.43
2021-06-16 15:28:46,89.4,7,72786,272998,90.49,532598,-1.49
2021-06-16 15:28:46,89.4,7,72985,272440,90.49,533162,-1.49
2021-06-16 15:28:50,89.4,7,73071,272447,90.49,533162,-1.49
2021-06-16 15:28:53,89.4,7,73481,272447,90.49,533162,-1.49
2021-06-16 15:28:56,89.4,7,73259,272897,90.49,533162,-1.49
2021-06-16 15:28:59,89.15,8,73191,272975,90.49,533186,-1.76
2021-06-16 15:29:01,89.15,16,73191,272975,90.49,533186,-1.76
2021-06-16 15:29:02,89.45,136,73191,272975,90.49,533186,-1.43
2021-06-16 15:29:03,89.45,136,73241,272539,90.49,533906,-1.43
2021-06-16 15:29:07,89.45,2,73241,272539,90.49,533906,-1.43
2021-06-16 15:29:09,89.45,2,73241,272494,90.49,533908,-1.43
2021-06-16 15:29:12,89.45,2,73244,272604,90.49,533908,-1.43
2021-06-16 15:29:15,89.4,9,73244,272604,90.49,533908,-1.49
2021-06-16 15:29:16,89.4,9,73022,273126,90.49,533917,-1.49
2021-06-16 15:29:17,89.0,51,73022,273126,90.49,533917,-1.93
2021-06-16 15:29:19,89.0,51,72522,273428,90.49,534417,-1.93
2021-06-16 15:29:21,89.35,100,72522,273428,90.49,534417,-1.54
2021-06-16 15:29:22,89.35,5,72522,273428,90.49,534417,-1.54
2021-06-16 15:29:22,89.35,5,72622,273040,90.49,534522,-1.54
2021-06-16 15:29:25,89.35,5,72621,273270,90.49,534522,-1.54
2021-06-16 15:29:26,89.1,1000,72621,273270,90.49,534522,-1.82
2021-06-16 15:29:27,89.35,15,72621,273270,90.49,534522,-1.54
2021-06-16 15:29:28,89.35,3,72621,273270,90.49,534522,-1.54
2021-06-16 15:29:29,89.1,100,72526,273135,90.48,535640,-1.82
2021-06-16 15:29:32,89.15,5,72826,273154,90.48,535640,-1.76
2021-06-16 15:29:35,89.15,5,72821,273154,90.48,535645,-1.76
2021-06-16 15:29:37,89.15,45,72821,273154,90.48,535645,-1.76
2021-06-16 15:29:39,89.15,45,73776,273130,90.48,535690,-1.76
2021-06-16 15:29:42,89.15,45,73876,273130,90.48,535690,-1.76
2021-06-16 15:29:44,89.35,1,73876,273130,90.48,535690,-1.54
2021-06-16 15:29:45,89.35,1,73886,273128,90.48,535692,-1.54
2021-06-16 15:29:46,89.35,2,73886,273128,90.48,535692,-1.54
2021-06-16 15:29:48,89.25,100,73786,273001,90.48,535919,-1.65
2021-06-16 15:29:51,89.35,1,73786,273001,90.48,535919,-1.54
2021-06-16 15:29:55,89.35,1,73735,272998,90.48,535921,-1.54
2021-06-16 15:29:56,89.35,10,73735,272998,90.48,535921,-1.54
2021-06-16 15:29:58,89.35,10,73735,272971,90.48,535948,-1.54
2021-06-16 15:31:22,89.5,10,0,0,90.48,535948,-1.38
2021-06-16 15:40:00,89.5,10,0,92,90.48,535948,-1.38
