2021-06-15 06:40:36,787.6,51,0,1178,794.2,132417,-1.67
2021-06-15 07:54:24,787.6,51,0,0,0.0,0,0.0
2021-06-15 09:00:00,787.6,51,0,30,0.0,0,0.0
2021-06-15 09:00:09,787.6,51,1576,1106,0.0,1,0.0
2021-06-15 09:00:16,787.6,51,2008,1988,0.0,1,0.0
2021-06-15 09:00:23,787.6,51,2722,2070,0.0,1,0.0
2021-06-15 09:00:31,787.6,51,2915,2947,0.0,50,0.0
2021-06-15 09:00:36,787.6,51,2967,3058,0.0,50,0.0
2021-06-15 09:00:42,787.6,51,2967,3059,0.0,50,0.0
2021-06-15 09:00:46,787.6,51,2992,3059,0.0,50,0.0
2021-06-15 09:00:55,787.6,51,2993,3059,0.0,50,0.0
2021-06-15 09:01:00,787.6,51,2993,3061,0.0,50,0.0
2021-06-15 09:01:04,787.6,51,3003,3061,0.0,50,0.0
2021-06-15 09:01:09,787.6,51,3013,3061,0.0,50,0.0
2021-06-15 09:01:18,787.6,51,3033,3068,0.0,50,0.0
2021-06-15 09:01:22,787.6,51,3034,3110,0.0,50,0.0
2021-06-15 09:01:27,787.6,51,3049,3151,0.0,50,0.0
2021-06-15 09:01:31,787.6,51,3054,3297,0.0,50,0.0
2021-06-15 09:01:36,787.6,51,3054,3298,0.0,50,0.0
2021-06-15 09:01:41,787.6,51,3055,3328,0.0,50,0.0
2021-06-15 09:01:45,787.6,51,3072,3351,0.0,51,0.0
2021-06-15 09:01:49,787.6,51,3082,3551,0.0,51,0.0
2021-06-15 09:01:54,787.6,51,3084,3456,0.0,51,0.0
2021-06-15 09:01:58,787.6,51,3088,3471,0.0,51,0.0
2021-06-15 09:02:03,787.6,51,3158,3575,0.0,51,0.0
2021-06-15 09:02:08,787.6,51,3186,3585,0.0,51,0.0
2021-06-15 09:02:13,787.6,51,3191,3617,0.0,51,0.0
2021-06-15 09:02:18,787.6,51,3193,3659,0.0,51,0.0
2021-06-15 09:02:22,787.6,51,3193,3694,0.0,51,0.0
2021-06-15 09:02:27,787.6,51,3203,3699,0.0,51,0.0
2021-06-15 09:02:31,787.6,51,3228,3700,0.0,51,0.0
2021-06-15 09:02:36,787.6,51,3353,3765,0.0,51,0.0
2021-06-15 09:02:40,787.6,51,3353,3812,0.0,51,0.0
2021-06-15 09:02:45,787.6,51,3378,3829,0.0,51,0.0
2021-06-15 09:02:49,787.6,51,3403,3834,0.0,51,0.0
2021-06-15 09:02:54,787.6,51,3403,3855,0.0,51,0.0
2021-06-15 09:02:58,787.6,51,3421,3872,0.0,51,0.0
2021-06-15 09:03:02,787.6,51,3421,3930,0.0,51,0.0
2021-06-15 09:03:07,787.6,51,3421,4015,0.0,51,0.0
2021-06-15 09:03:16,787.6,51,3577,4021,0.0,51,0.0
2021-06-15 09:03:20,787.6,51,3607,4023,0.0,51,0.0
2021-06-15 09:03:24,787.6,51,3608,4050,0.0,51,0.0
2021-06-15 09:03:28,787.6,51,3623,4075,0.0,51,0.0
2021-06-15 09:03:32,787.6,51,3650,4202,0.0,51,0.0
2021-06-15 09:03:36,787.6,51,3674,4202,0.0,51,0.0
2021-06-15 09:03:40,787.6,51,3724,4229,0.0,78,0.0
2021-06-15 09:03:49,787.6,51,3776,4239,0.0,78,0.0
2021-06-15 09:03:57,787.6,51,3776,4266,0.0,78,0.0
2021-06-15 09:04:01,787.6,51,3846,4316,0.0,78,0.0
2021-06-15 09:04:05,787.6,51,3856,4316,0.0,78,0.0
2021-06-15 09:04:09,787.6,51,3862,4327,0.0,78,0.0
2021-06-15 09:04:13,787.6,51,3862,4333,0.0,78,0.0
2021-06-15 09:04:17,787.6,51,3872,4353,0.0,78,0.0
2021-06-15 09:04:29,787.6,51,3888,4398,0.0,78,0.0
2021-06-15 09:04:33,787.6,51,3958,4398,0.0,78,0.0
2021-06-15 09:04:37,787.6,51,3958,4413,0.0,78,0.0
2021-06-15 09:04:40,787.6,51,4008,4414,0.0,78,0.0
2021-06-15 09:04:52,787.6,51,4008,4491,0.0,78,0.0
2021-06-15 09:04:56,787.6,51,4013,4507,0.0,78,0.0
2021-06-15 09:05:00,787.6,51,4913,4537,0.0,78,0.0
2021-06-15 09:05:07,787.6,51,4926,4537,0.0,78,0.0
2021-06-15 09:05:10,787.6,51,4926,4575,0.0,78,0.0
2021-06-15 09:05:14,787.6,51,4936,4585,0.0,78,0.0
2021-06-15 09:05:18,787.6,51,4936,4590,0.0,78,0.0
2021-06-15 09:05:22,787.6,51,4936,4597,0.0,78,0.0
2021-06-15 09:05:25,787.6,51,4938,4597,0.0,78,0.0
2021-06-15 09:05:28,787.6,51,4943,4597,0.0,78,0.0
2021-06-15 09:05:33,787.6,51,4944,4624,0.0,78,0.0
2021-06-15 09:05:37,787.6,51,4944,4674,0.0,78,0.0
2021-06-15 09:05:40,787.6,51,4954,4687,0.0,78,0.0
2021-06-15 09:05:49,787.6,51,4954,4697,0.0,78,0.0
2021-06-15 09:05:55,787.6,51,4954,4698,0.0,78,0.0
2021-06-15 09:05:58,787.6,51,4954,4726,0.0,78,0.0
2021-06-15 09:06:01,787.6,51,4955,4753,0.0,78,0.0
2021-06-15 09:06:05,787.6,51,4959,4780,0.0,78,0.0
2021-06-15 09:06:09,787.6,51,4959,4781,0.0,78,0.0
2021-06-15 09:06:15,787.6,51,4959,4786,0.0,78,0.0
2021-06-15 09:06:18,787.6,51,5289,4786,0.0,78,0.0
2021-06-15 09:06:25,787.6,51,5289,4882,0.0,78,0.0
2021-06-15 09:06:36,787.6,51,5934,4882,0.0,78,0.0
2021-06-15 09:06:39,787.6,51,5934,4887,0.0,78,0.0
2021-06-15 09:06:43,787.6,51,5964,4887,0.0,78,0.0
2021-06-15 09:06:46,787.6,51,5964,4919,0.0,78,0.0
2021-06-15 09:06:50,787.6,51,5979,4926,0.0,78,0.0
2021-06-15 09:06:53,787.6,51,5979,4976,0.0,78,0.0
2021-06-15 09:06:57,787.6,51,5989,4983,0.0,78,0.0
2021-06-15 09:07:00,787.6,51,6499,4983,0.0,78,0.0
2021-06-15 09:07:06,789.2,27,6509,4983,0.0,78,0.2
2021-06-15 09:07:12,789.2,27,6431,4905,789.2,78,0.2
2021-06-15 09:15:02,793.85,5,6431,4905,789.2,78,0.79
2021-06-15 09:15:09,793.85,5,7719,5807,789.9,93,0.79
2021-06-15 09:15:13,793.85,3,7719,5807,789.9,93,0.79
2021-06-15 09:15:18,793.85,3,8837,6173,790.21,101,0.79
2021-06-15 09:15:19,793.45,1,8837,6173,790.21,101,0.74
2021-06-15 09:15:20,792.65,13,8837,6173,790.21,101,0.64
2021-06-15 09:15:21,793.9,28,8837,6173,790.21,101,0.8
2021-06-15 09:15:22,794.0,13,8837,6173,790.21,101,0.81
2021-06-15 09:15:24,795.95,13,8837,6173,790.21,101,1.06
2021-06-15 09:15:25,796.0,1,8837,6173,790.21,101,1.07
2021-06-15 09:15:27,794.95,11,8954,6605,794.3,897,0.93
2021-06-15 09:15:33,795.9,6,8954,6605,794.3,897,1.05
2021-06-15 09:15:34,797.3,1,8954,6605,794.3,897,1.23
2021-06-15 09:15:36,797.3,1,8804,6768,794.43,989,1.23
2021-06-15 09:15:38,795.35,21,8804,6768,794.43,989,0.98
2021-06-15 09:15:44,795.35,21,8908,6979,794.45,1010,0.98
2021-06-15 09:15:45,796.75,13,8908,6979,794.45,1010,1.16
2021-06-15 09:15:47,796.75,1,8908,6979,794.45,1010,1.16
2021-06-15 09:15:48,795.55,22,8908,6979,794.45,1010,1.01
2021-06-15 09:15:49,795.45,10,8908,6979,794.45,1010,1.0
2021-06-15 09:15:51,795.6,17,8908,6979,794.45,1010,1.02
2021-06-15 09:15:51,795.6,17,8938,7012,794.53,1076,1.02
2021-06-15 09:15:52,795.35,74,8938,7012,794.53,1076,0.98
2021-06-15 09:15:54,794.0,170,8938,7012,794.53,1076,0.81
2021-06-15 09:15:55,796.1,2,8938,7012,794.53,1076,1.08
2021-06-15 09:15:59,795.6,50,8734,7755,794.53,1434,1.02
2021-06-15 09:16:01,795.6,8,8734,7755,794.53,1434,1.02
2021-06-15 09:16:02,795.65,9,8734,7755,794.53,1434,1.02
2021-06-15 09:16:03,795.65,8,8734,7755,794.53,1434,1.02
2021-06-15 09:16:04,795.65,6,8734,7755,794.53,1434,1.02
2021-06-15 09:16:05,795.55,9,8734,7755,794.53,1434,1.01
2021-06-15 09:16:06,794.75,18,8734,7755,794.53,1434,0.91
2021-06-15 09:16:06,795.65,8,8849,7819,794.57,1504,1.02
2021-06-15 09:16:08,796.05,9,8849,7819,794.57,1504,1.07
2021-06-15 09:16:09,796.05,8,8849,7819,794.57,1504,1.07
2021-06-15 09:16:11,795.95,9,8849,7819,794.57,1504,1.06
2021-06-15 09:16:12,795.95,8,8849,7819,794.57,1504,1.06
2021-06-15 09:16:16,795.95,8,8955,7774,794.62,1562,1.06
2021-06-15 09:16:17,795.95,9,8955,7774,794.62,1562,1.06
2021-06-15 09:16:18,796.0,8,8955,7774,794.62,1562,1.07
2021-06-15 09:16:21,796.95,8,8958,7794,794.66,1609,1.19
2021-06-15 09:16:23,796.9,9,8958,7794,794.66,1609,1.18
2021-06-15 09:16:25,796.9,8,8958,7794,794.66,1609,1.18
2021-06-15 09:16:26,797.0,9,8958,7794,794.66,1609,1.19
2021-06-15 09:16:28,797.0,8,8958,7794,794.66,1609,1.19
2021-06-15 09:16:28,797.0,8,9263,7545,794.81,1742,1.19
2021-06-15 09:16:29,797.9,9,9263,7545,794.81,1742,1.31
2021-06-15 09:16:32,797.95,2,9263,7545,794.81,1742,1.31
2021-06-15 09:16:33,797.95,8,9263,7545,794.81,1742,1.31
2021-06-15 09:16:34,797.95,10,9263,7545,794.81,1742,1.31
2021-06-15 09:16:35,797.1,9,9263,7545,794.81,1742,1.21
2021-06-15 09:16:37,797.95,8,9226,7550,794.99,1865,1.31
2021-06-15 09:16:38,797.95,9,9226,7550,794.99,1865,1.31
2021-06-15 09:16:39,798.0,8,9226,7550,794.99,1865,1.32
2021-06-15 09:16:40,797.0,3,9226,7550,794.99,1865,1.19
2021-06-15 09:16:41,797.55,9,9226,7550,794.99,1865,1.26
2021-06-15 09:16:42,797.45,8,9226,7550,794.99,1865,1.25
2021-06-15 09:16:43,797.45,8,8769,7654,795.45,2389,1.25
2021-06-15 09:16:46,797.4,8,8769,7654,795.45,2389,1.24
2021-06-15 09:16:48,797.5,5,8769,7654,795.45,2389,1.26
2021-06-15 09:16:49,797.5,3,8769,7654,795.45,2389,1.26
2021-06-15 09:16:51,797.5,5,8826,7916,795.5,2447,1.26
2021-06-15 09:16:52,797.5,2,8826,7916,795.5,2447,1.26
2021-06-15 09:16:53,797.5,1,8826,7916,795.5,2447,1.26
2021-06-15 09:16:55,797.5,3,8826,7916,795.5,2447,1.26
2021-06-15 09:16:56,797.5,6,8983,8088,795.56,2521,1.26
2021-06-15 09:16:57,797.65,1,8983,8088,795.56,2521,1.28
2021-06-15 09:16:58,795.65,21,8983,8088,795.56,2521,1.02
2021-06-15 09:16:59,796.95,9,8983,8088,795.56,2521,1.19
2021-06-15 09:17:00,797.0,6,8983,8088,795.56,2521,1.19
2021-06-15 09:17:01,797.0,15,8983,8088,795.56,2521,1.19
2021-06-15 09:17:02,797.0,9,8983,8088,795.56,2521,1.19
2021-06-15 09:17:03,797.0,100,8941,8154,795.65,2740,1.19
2021-06-15 09:17:06,797.0,1,8941,8154,795.65,2740,1.19
2021-06-15 09:17:07,797.0,8,8941,8154,795.65,2740,1.19
2021-06-15 09:17:09,797.0,6,8941,8154,795.65,2740,1.19
2021-06-15 09:17:10,796.25,2,8913,8573,795.69,2818,1.1
2021-06-15 09:17:11,796.95,8,8913,8573,795.69,2818,1.19
2021-06-15 09:17:12,795.7,18,8913,8573,795.69,2818,1.03
2021-06-15 09:17:14,795.75,1,8913,8573,795.69,2818,1.03
2021-06-15 09:17:15,796.9,3,8913,8573,795.69,2818,1.18
2021-06-15 09:17:15,796.9,8,8913,8573,795.69,2818,1.18
2021-06-15 09:17:17,796.95,5,8934,8678,795.71,2895,1.19
2021-06-15 09:17:18,797.0,3,8934,8678,795.71,2895,1.19
2021-06-15 09:17:18,795.85,1,8934,8678,795.71,2895,1.05
2021-06-15 09:17:20,795.9,1,8934,8678,795.71,2895,1.05
2021-06-15 09:17:21,795.95,1,8934,8678,795.71,2895,1.06
2021-06-15 09:17:22,796.9,8,8934,8678,795.71,2895,1.18
2021-06-15 09:17:23,796.0,18,8934,8678,795.71,2895,1.07
2021-06-15 09:17:24,796.9,9,9172,8765,795.74,3011,1.18
2021-06-15 09:17:25,796.9,8,9172,8765,795.74,3011,1.18
2021-06-15 09:17:26,796.95,2,9172,8765,795.74,3011,1.19
2021-06-15 09:17:28,796.85,8,9172,8765,795.74,3011,1.17
2021-06-15 09:17:29,796.85,7,9172,8765,795.74,3011,1.17
2021-06-15 09:17:30,796.85,8,9305,8951,795.76,3087,1.17
2021-06-15 09:17:31,795.8,15,9305,8951,795.76,3087,1.04
2021-06-15 09:17:32,795.85,1,9305,8951,795.76,3087,1.05
2021-06-15 09:17:33,796.8,9,9305,8951,795.76,3087,1.17
2021-06-15 09:17:34,795.9,1,9305,8951,795.76,3087,1.05
2021-06-15 09:17:35,796.7,8,9305,8951,795.76,3087,1.16
2021-06-15 09:17:36,796.75,7,9305,8951,795.76,3087,1.16
2021-06-15 09:17:37,796.8,2,9275,9072,795.78,3173,1.17
2021-06-15 09:17:39,795.95,18,9275,9072,795.78,3173,1.06
2021-06-15 09:17:39,796.75,8,9275,9072,795.78,3173,1.16
2021-06-15 09:17:41,795.9,1,9275,9072,795.78,3173,1.05
2021-06-15 09:17:42,796.8,1,9275,9072,795.78,3173,1.17
2021-06-15 09:17:43,796.8,8,9275,9072,795.78,3173,1.17
2021-06-15 09:17:44,796.8,8,9386,9270,795.8,3250,1.17
2021-06-15 09:17:44,796.8,9,9386,9270,795.8,3250,1.17
2021-06-15 09:17:45,796.85,5,9386,9270,795.8,3250,1.17
2021-06-15 09:17:46,796.85,3,9386,9270,795.8,3250,1.17
2021-06-15 09:17:47,796.85,1,9386,9270,795.8,3250,1.17
2021-06-15 09:17:48,795.95,22,9386,9270,795.8,3250,1.06
2021-06-15 09:17:48,796.85,13,9386,9270,795.8,3250,1.17
2021-06-15 09:17:49,796.85,7,9386,9270,795.8,3250,1.17
2021-06-15 09:17:51,796.8,9,9621,9419,795.84,3422,1.17
2021-06-15 09:17:53,796.8,8,9621,9419,795.84,3422,1.17
2021-06-15 09:17:54,796.85,9,9621,9419,795.84,3422,1.17
2021-06-15 09:17:56,796.85,8,9621,9419,795.84,3422,1.17
2021-06-15 09:17:57,796.85,9,9598,9573,795.86,3472,1.17
2021-06-15 09:17:58,796.9,5,9598,9573,795.86,3472,1.18
2021-06-15 09:17:58,796.9,8,9598,9573,795.86,3472,1.18
2021-06-15 09:18:00,796.8,1,9598,9573,795.86,3472,1.17
2021-06-15 09:18:00,796.9,1,9598,9573,795.86,3472,1.18
2021-06-15 09:18:02,797.95,32,9598,9573,795.86,3472,1.31
2021-06-15 09:18:03,797.95,32,9810,9415,796.0,3852,1.31
2021-06-15 09:18:09,797.95,32,10185,9442,796.0,3852,1.31
2021-06-15 09:18:16,797.95,32,10203,9763,796.0,3852,1.31
2021-06-15 09:18:23,797.95,32,10487,9888,796.0,3852,1.31
2021-06-15 09:18:29,797.95,32,10542,10042,796.0,3852,1.31
2021-06-15 09:18:36,797.95,32,10724,10073,796.0,3852,1.31
2021-06-15 09:18:42,797.95,32,10878,10443,796.0,3852,1.31
2021-06-15 09:18:48,797.95,32,10959,10786,796.0,3852,1.31
2021-06-15 09:18:52,797.55,7,10959,10786,796.0,3852,1.26
2021-06-15 09:18:55,797.55,7,11171,10992,796.01,3864,1.26
2021-06-15 09:19:02,797.55,7,11278,11108,796.01,3864,1.26
2021-06-15 09:19:02,793.15,8,11278,11108,796.01,3864,0.7
2021-06-15 09:19:03,796.25,1,11278,11108,796.01,3864,1.1
2021-06-15 09:19:04,795.05,29,11278,11108,796.01,3864,0.95
2021-06-15 09:19:04,793.75,1,11278,11108,796.01,3864,0.78
2021-06-15 09:19:06,795.1,2,11278,11108,796.01,3864,0.95
2021-06-15 09:19:08,795.1,2,11290,11318,795.77,4870,0.95
2021-06-15 09:19:09,795.9,1,11290,11318,795.77,4870,1.05
2021-06-15 09:19:13,795.9,32,11290,11318,795.77,4870,1.05
2021-06-15 09:19:14,795.9,32,11676,11509,795.77,4921,1.05
2021-06-15 09:19:17,795.2,13,11676,11509,795.77,4921,0.96
2021-06-15 09:19:18,795.15,1,11676,11509,795.77,4921,0.96
2021-06-15 09:19:21,795.15,1,12281,11692,795.77,4944,0.96
2021-06-15 09:19:27,795.15,1,12286,11692,795.77,4944,0.96
2021-06-15 09:19:33,795.15,1,12751,12089,795.77,4944,0.96
2021-06-15 09:19:37,795.85,5,12751,12089,795.77,4944,1.05
2021-06-15 09:19:40,795.85,5,12940,12083,795.77,4949,1.05
2021-06-15 09:19:40,795.85,3,12940,12083,795.77,4949,1.05
2021-06-15 09:19:46,795.85,3,13278,12052,795.77,4952,1.05
2021-06-15 09:19:48,796.15,4,13278,12052,795.77,4952,1.09
2021-06-15 09:19:53,796.55,22,13874,12264,795.77,5034,1.14
2021-06-15 09:19:59,796.55,22,14174,12432,795.77,5084,1.14
2021-06-15 09:20:06,796.55,22,14440,12693,795.77,5084,1.14
2021-06-15 09:20:12,796.55,22,14835,12510,795.77,5084,1.14
2021-06-15 09:20:18,795.45,12,14819,12756,795.77,5114,1.0
2021-06-15 09:20:24,795.45,12,14850,12773,795.77,5114,1.0
2021-06-15 09:20:28,796.45,2,14850,12773,795.77,5114,1.12
2021-06-15 09:20:30,796.45,2,14876,12879,795.78,5134,1.12
2021-06-15 09:20:37,795.85,8,14806,13056,795.78,5143,1.05
2021-06-15 09:20:44,795.85,8,14826,13057,795.78,5143,1.05
2021-06-15 09:20:49,795.85,8,14823,13147,795.78,5143,1.05
2021-06-15 09:21:02,795.85,8,14803,13175,795.78,5143,1.05
2021-06-15 09:21:05,795.2,9,14803,13175,795.78,5143,0.96
2021-06-15 09:21:09,795.2,9,14807,13191,795.77,5170,0.96
2021-06-15 09:21:10,795.25,9,14807,13191,795.77,5170,0.97
2021-06-15 09:21:10,796.0,2,14807,13191,795.77,5170,1.07
2021-06-15 09:21:14,795.0,18,14807,13191,795.77,5170,0.94
2021-06-15 09:21:15,795.0,18,14738,13411,795.77,5199,0.94
2021-06-15 09:21:20,795.0,35,14738,13411,795.77,5199,0.94
2021-06-15 09:21:21,795.0,35,14703,13519,795.75,5334,0.94
2021-06-15 09:21:23,796.1,14,14703,13519,795.75,5334,1.08
2021-06-15 09:21:27,796.5,50,16289,12666,795.75,6008,1.13
2021-06-15 09:21:29,796.45,18,16289,12666,795.75,6008,1.12
2021-06-15 09:21:34,796.45,18,14957,13125,795.75,6026,1.12
2021-06-15 09:21:36,796.1,25,14957,13125,795.75,6026,1.08
2021-06-15 09:21:41,796.1,25,15407,13139,795.76,6051,1.08
2021-06-15 09:21:43,795.4,1,15407,13139,795.76,6051,0.99
2021-06-15 09:21:45,796.4,7,15407,13139,795.76,6051,1.12
2021-06-15 09:21:47,796.4,7,15410,13146,795.76,6060,1.12
2021-06-15 09:21:49,792.8,12,15410,13146,795.76,6060,0.66
2021-06-15 09:21:50,793.25,18,15410,13146,795.76,6060,0.72
2021-06-15 09:21:53,793.25,18,13934,13467,795.55,7081,0.72
2021-06-15 09:21:59,793.25,18,13940,13556,795.55,7081,0.72
2021-06-15 09:22:04,793.75,10,13940,13556,795.55,7081,0.78
2021-06-15 09:22:05,793.75,7,13940,13556,795.55,7081,0.78
2021-06-15 09:22:05,793.75,7,14026,13764,795.55,7101,0.78
2021-06-15 09:22:12,793.75,7,14012,13818,795.55,7101,0.78
2021-06-15 09:22:15,793.75,3,14012,13818,795.55,7101,0.78
2021-06-15 09:22:19,793.75,3,14150,13887,795.54,7104,0.78
2021-06-15 09:22:22,793.15,18,14150,13887,795.54,7104,0.7
2021-06-15 09:22:24,793.85,6,13933,13988,795.53,7141,0.79
2021-06-15 09:22:30,794.25,3,14163,13939,795.53,7166,0.84
2021-06-15 09:22:36,794.25,3,14257,14075,795.53,7166,0.84
2021-06-15 09:22:43,794.2,25,14238,14177,795.52,7191,0.84
2021-06-15 09:22:55,794.2,25,14237,14465,795.52,7191,0.84
2021-06-15 09:22:56,794.2,25,14262,14606,795.52,7216,0.84
2021-06-15 09:23:00,794.65,23,14262,14606,795.52,7216,0.9
2021-06-15 09:23:00,793.65,5,14262,14606,795.52,7216,0.77
2021-06-15 09:23:02,793.65,5,14407,14629,795.51,7293,0.77
2021-06-15 09:23:08,793.65,5,14466,14918,795.51,7293,0.77
2021-06-15 09:23:14,793.65,5,14476,15176,795.51,7293,0.77
2021-06-15 09:23:21,793.65,5,14474,15348,795.51,7293,0.77
2021-06-15 09:23:21,793.65,35,14474,15348,795.51,7293,0.77
2021-06-15 09:23:22,794.6,23,14474,15348,795.51,7293,0.89
2021-06-15 09:23:27,794.6,23,14562,15851,795.49,7368,0.89
2021-06-15 09:23:33,794.6,23,14585,15933,795.49,7368,0.89
2021-06-15 09:23:35,794.85,2,14585,15933,795.49,7368,0.92
2021-06-15 09:23:36,793.7,1,14585,15933,795.49,7368,0.77
2021-06-15 09:23:39,793.7,1,14575,15974,795.48,7419,0.77
2021-06-15 09:23:40,792.25,10,14575,15974,795.48,7419,0.59
2021-06-15 09:23:40,793.55,6,14575,15974,795.48,7419,0.76
2021-06-15 09:23:45,793.55,6,13799,15945,795.05,9173,0.76
2021-06-15 09:23:49,793.55,1,13799,15945,795.05,9173,0.76
2021-06-15 09:23:51,794.25,1,13799,15945,795.05,9173,0.84
2021-06-15 09:23:51,794.25,1,14048,15936,795.04,9211,0.84
2021-06-15 09:23:57,794.25,1,14210,16069,795.04,9211,0.84
2021-06-15 09:24:04,794.25,1,14244,16088,795.04,9211,0.84
2021-06-15 09:24:10,794.25,1,14313,16201,795.04,9211,0.84
2021-06-15 09:24:14,794.1,1,14313,16201,795.04,9211,0.83
2021-06-15 09:24:16,794.1,1,14635,16204,795.04,9212,0.83
2021-06-15 09:24:22,794.1,1,14813,16130,795.04,9212,0.83
2021-06-15 09:24:29,794.8,6,14814,16110,795.04,9212,0.91
2021-06-15 09:24:36,794.8,6,15647,15712,795.04,9219,0.91
2021-06-15 09:24:40,794.9,14,15647,15712,795.04,9219,0.93
2021-06-15 09:24:42,794.9,14,15797,15759,795.04,9249,0.93
2021-06-15 09:24:47,794.6,2,15797,15759,795.04,9249,0.89
2021-06-15 09:24:48,794.6,2,15828,15890,795.04,9266,0.89
2021-06-15 09:24:50,795.55,1,15828,15890,795.04,9266,1.01
2021-06-15 09:24:54,795.55,1,15745,15917,795.04,9286,1.01
2021-06-15 09:25:04,795.4,1,15745,15917,795.04,9286,0.99
2021-06-15 09:25:07,795.4,1,14971,16118,795.04,9287,0.99
2021-06-15 09:25:13,795.4,1,14915,16278,795.04,9287,0.99
2021-06-15 09:25:17,794.75,5,14915,16278,795.04,9287,0.91
2021-06-15 09:25:19,794.75,5,14994,16206,795.04,9292,0.91
2021-06-15 09:25:25,794.75,5,15032,16227,795.04,9292,0.91
2021-06-15 09:25:32,794.75,5,14931,16254,795.04,9292,0.91
2021-06-15 09:25:38,794.75,5,15004,16268,795.04,9292,0.91
2021-06-15 09:25:42,794.05,13,15004,16268,795.04,9292,0.82
2021-06-15 09:25:44,794.05,13,14983,16322,795.04,9306,0.82
2021-06-15 09:25:47,795.0,5,14983,16322,795.04,9306,0.94
2021-06-15 09:25:50,795.05,4,14983,16322,795.04,9306,0.95
2021-06-15 09:25:50,795.05,4,15067,16386,795.04,9376,0.95
2021-06-15 09:25:56,795.05,4,15198,16335,795.04,9376,0.95
2021-06-15 09:26:03,795.0,5,15198,16335,795.04,9376,0.94
2021-06-15 09:26:06,795.0,6,15198,16335,795.04,9376,0.94
2021-06-15 09:26:08,794.05,43,15134,16850,795.04,9458,0.82
2021-06-15 09:26:21,794.05,43,15143,16961,795.04,9458,0.82
2021-06-15 09:26:27,794.05,43,15143,17106,795.04,9458,0.82
2021-06-15 09:26:33,794.05,43,15118,17746,795.04,9458,0.82
2021-06-15 09:26:39,794.05,43,15092,17746,795.04,9458,0.82
2021-06-15 09:26:45,794.05,43,15093,17746,795.04,9458,0.82
2021-06-15 09:26:50,793.55,35,15093,17746,795.04,9458,0.76
2021-06-15 09:26:51,793.55,35,18757,17707,795.02,9559,0.76
2021-06-15 09:26:57,793.55,35,53073,47530,795.02,9559,0.76
2021-06-15 09:27:01,794.0,10,53073,47530,795.02,9559,0.81
2021-06-15 09:27:03,794.0,10,53197,47547,795.02,9582,0.81
2021-06-15 09:27:06,794.2,1,53197,47547,795.02,9582,0.84
2021-06-15 09:27:09,794.2,1,53464,47640,795.02,9583,0.84
2021-06-15 09:27:15,794.2,1,53489,47622,795.02,9583,0.84
2021-06-15 09:27:21,794.2,1,53491,47622,795.02,9583,0.84
2021-06-15 09:27:27,794.2,1,53516,47627,795.02,9583,0.84
2021-06-15 09:27:33,794.2,1,53708,47650,795.02,9583,0.84
2021-06-15 09:27:39,794.2,1,53708,47737,795.02,9583,0.84
2021-06-15 09:27:45,794.2,1,53708,47792,795.02,9583,0.84
2021-06-15 09:27:51,794.2,1,53708,47967,795.02,9583,0.84
2021-06-15 09:27:53,793.75,20,53708,47967,795.02,9583,0.78
2021-06-15 09:27:55,793.55,27,53708,47967,795.02,9583,0.76
2021-06-15 09:27:56,793.55,27,53637,48214,795.01,9630,0.76
2021-06-15 09:28:02,793.55,27,53647,48214,795.01,9630,0.76
2021-06-15 09:28:07,793.55,27,53649,48214,795.01,9630,0.76
2021-06-15 09:28:19,793.55,27,53689,48216,795.01,9630,0.76
2021-06-15 09:28:19,794.7,20,53689,48216,795.01,9630,0.9
2021-06-15 09:28:20,794.8,2,53689,48216,795.01,9630,0.91
2021-06-15 09:28:21,795.35,10,53689,48216,795.01,9630,0.98
2021-06-15 09:28:25,795.35,10,53847,48071,795.01,9711,0.98
2021-06-15 09:28:30,795.35,10,53915,48328,795.01,9711,0.98
2021-06-15 09:28:33,795.7,15,53915,48328,795.01,9711,1.03
2021-06-15 09:28:36,795.7,15,54062,48450,795.02,9761,1.03
2021-06-15 09:28:42,795.7,15,54068,48561,795.02,9761,1.03
2021-06-15 09:28:48,795.7,15,54151,48643,795.02,9761,1.03
2021-06-15 09:28:49,795.95,8,54151,48643,795.02,9761,1.06
2021-06-15 09:28:53,795.95,8,54109,48710,795.02,9811,1.06
2021-06-15 09:28:54,795.85,7,54109,48710,795.02,9811,1.05
2021-06-15 09:28:59,795.85,7,54308,48777,795.02,9818,1.05
2021-06-15 09:29:00,795.0,13,54308,48777,795.02,9818,0.94
2021-06-15 09:29:02,795.95,5,54308,48777,795.02,9818,1.06
2021-06-15 09:29:05,795.95,5,54263,48906,795.02,9836,1.06
2021-06-15 09:29:11,795.95,5,54480,48833,795.02,9836,1.06
2021-06-15 09:29:12,795.85,5,54480,48833,795.02,9836,1.05
2021-06-15 09:29:17,795.85,5,54482,48827,795.02,9841,1.05
2021-06-15 09:29:21,795.85,3,54482,48827,795.02,9841,1.05
2021-06-15 09:29:22,795.05,2,54482,48827,795.02,9841,0.95
2021-06-15 09:29:23,795.05,2,54460,48810,795.02,9847,0.95
2021-06-15 09:29:28,795.05,2,54482,48954,795.02,9847,0.95
2021-06-15 09:29:34,795.05,2,55128,48996,795.02,9847,0.95
2021-06-15 09:29:39,795.05,2,55148,49004,795.02,9847,0.95
2021-06-15 09:29:45,795.05,2,55123,49094,795.02,9847,0.95
2021-06-15 09:29:51,795.05,2,55013,49075,795.02,9847,0.95
2021-06-15 09:29:57,795.05,2,55564,48496,795.02,9847,0.95
2021-06-15 09:29:58,795.05,18,55564,48496,795.02,9847,0.95
2021-06-15 09:30:02,795.75,9,55564,48496,795.02,9847,1.03
2021-06-15 09:30:03,795.75,9,55544,48387,795.02,9896,1.03
2021-06-15 09:30:05,795.1,9,55544,48387,795.02,9896,0.95
2021-06-15 09:30:09,795.1,9,55546,48392,795.02,9905,0.95
2021-06-15 09:30:15,795.1,9,55445,48413,795.02,9905,0.95
2021-06-15 09:30:27,795.1,9,55448,48410,795.02,9905,0.95
2021-06-15 09:30:32,796.25,10,55550,47959,795.06,10299,1.1
2021-06-15 09:30:34,796.0,4,55550,47959,795.06,10299,1.07
2021-06-15 09:30:36,796.0,39,55550,47959,795.06,10299,1.07
2021-06-15 09:30:37,796.0,39,55845,48054,795.06,10362,1.07
2021-06-15 09:30:43,796.0,39,55884,48083,795.06,10362,1.07
2021-06-15 09:30:55,796.9,1,55385,47717,795.15,10845,1.18
2021-06-15 09:31:00,796.1,74,55385,47717,795.15,10845,1.08
2021-06-15 09:31:01,796.1,3,55540,47911,795.16,10923,1.08
2021-06-15 09:31:03,797.0,4,55540,47911,795.16,10923,1.19
2021-06-15 09:31:04,797.0,15,55540,47911,795.16,10923,1.19
2021-06-15 09:31:06,797.0,15,55539,47980,795.16,10958,1.19
2021-06-15 09:31:12,797.0,5,55549,47980,795.16,10958,1.19
2021-06-15 09:31:18,797.0,5,55569,47975,795.16,10963,1.19
2021-06-15 09:31:24,797.0,5,55484,47987,795.16,10963,1.19
2021-06-15 09:31:24,796.9,30,55484,47987,795.16,10963,1.18
2021-06-15 09:31:30,796.9,30,55480,48138,795.18,11063,1.18
2021-06-15 09:31:31,796.1,17,55480,48138,795.18,11063,1.08
2021-06-15 09:31:34,796.1,17,55415,48143,795.18,11090,1.08
2021-06-15 09:31:41,796.1,17,55422,48279,795.18,11090,1.08
2021-06-15 09:31:46,796.1,17,55442,48357,795.18,11090,1.08
2021-06-15 09:31:51,796.85,19,55442,48357,795.18,11090,1.17
2021-06-15 09:31:51,796.85,19,55449,48247,795.19,11130,1.17
2021-06-15 09:31:57,796.85,19,55467,48256,795.19,11130,1.17
2021-06-15 09:32:03,796.85,19,55449,48377,795.19,11130,1.17
2021-06-15 09:32:09,796.85,19,55476,48304,795.19,11130,1.17
2021-06-15 09:32:15,796.85,19,56013,48266,795.19,11130,1.17
2021-06-15 09:32:17,796.85,10,56013,48266,795.19,11130,1.17
2021-06-15 09:32:19,796.5,100,56013,48266,795.19,11130,1.13
2021-06-15 09:32:20,796.5,100,55891,48321,795.2,11253,1.13
2021-06-15 09:32:24,796.25,27,55891,48321,795.2,11253,1.1
2021-06-15 09:32:25,796.25,20,55891,48321,795.2,11253,1.1
2021-06-15 09:32:26,796.25,20,55886,48340,795.21,11300,1.1
2021-06-15 09:32:28,796.9,1,55886,48340,795.21,11300,1.18
2021-06-15 09:32:32,796.9,1,55888,48385,795.21,11301,1.18
2021-06-15 09:32:37,796.9,1,55898,48384,795.21,11301,1.18
2021-06-15 09:32:43,796.9,1,55899,48321,795.21,11301,1.18
2021-06-15 09:32:49,796.9,1,55894,48510,795.21,11301,1.18
2021-06-15 09:32:55,796.9,1,55806,48637,795.21,11301,1.18
2021-06-15 09:32:57,796.6,50,55806,48637,795.21,11301,1.14
2021-06-15 09:33:00,796.6,50,55333,48648,795.21,11351,1.14
2021-06-15 09:33:07,796.6,37,55333,48648,795.21,11351,1.14
2021-06-15 09:33:13,796.6,1,55333,48648,795.21,11351,1.14
2021-06-15 09:33:18,796.6,5,55333,48648,795.21,11351,1.14
2021-06-15 09:33:18,796.6,5,55410,48669,795.22,11419,1.14
2021-06-15 09:33:19,796.75,11,55410,48669,795.22,11419,1.16
2021-06-15 09:33:24,796.75,2,55410,48669,795.22,11419,1.16
2021-06-15 09:33:24,796.75,2,55622,48357,795.25,11627,1.16
2021-06-15 09:33:27,796.15,47,55622,48357,795.25,11627,1.09
2021-06-15 09:33:30,796.15,47,55501,48370,795.25,11675,1.09
2021-06-15 09:33:36,796.15,47,55474,48356,795.25,11675,1.09
2021-06-15 09:33:42,796.15,47,55499,48436,795.25,11675,1.09
2021-06-15 09:33:47,796.15,47,55500,48462,795.25,11675,1.09
2021-06-15 09:33:52,797.0,23,55500,48462,795.25,11675,1.19
2021-06-15 09:33:53,797.0,23,55501,48398,795.26,11726,1.19
2021-06-15 09:33:58,797.0,23,55640,48319,795.26,11726,1.19
2021-06-15 09:34:12,796.1,28,55640,48319,795.26,11726,1.08
2021-06-15 09:34:15,796.1,28,55497,48418,795.26,11776,1.08
2021-06-15 09:34:21,796.1,28,55494,48447,795.26,11776,1.08
2021-06-15 09:34:26,796.1,28,55514,48495,795.26,11776,1.08
2021-06-15 09:34:28,796.8,2,55514,48495,795.26,11776,1.17
2021-06-15 09:34:31,796.8,2,55514,48492,795.26,11778,1.17
2021-06-15 09:34:37,796.8,2,55514,48502,795.26,11778,1.17
2021-06-15 09:34:42,796.8,2,55535,48514,795.26,11778,1.17
2021-06-15 09:34:53,796.8,1,55537,48536,795.26,11779,1.17
2021-06-15 09:34:58,796.8,1,55537,48338,795.26,11779,1.17
2021-06-15 09:35:04,796.8,1,55517,48342,795.26,11779,1.17
2021-06-15 09:35:16,796.8,1,55539,48342,795.26,11779,1.17
2021-06-15 09:35:20,796.95,17,55539,48342,795.26,11779,1.19
2021-06-15 09:35:22,796.9,1,55535,48302,795.27,11810,1.18
2021-06-15 09:35:23,796.8,1,55535,48302,795.27,11810,1.17
2021-06-15 09:35:28,796.9,5,55675,48257,795.27,11816,1.18
2021-06-15 09:35:34,796.9,5,55651,48179,795.27,11816,1.18
2021-06-15 09:35:36,796.8,2,55651,48179,795.27,11816,1.17
2021-06-15 09:35:39,796.8,2,55746,48333,795.27,11818,1.17
2021-06-15 09:35:45,796.8,2,55896,48333,795.27,11818,1.17
2021-06-15 09:35:49,796.85,1,55896,48333,795.27,11818,1.17
2021-06-15 09:35:51,796.85,1,55893,48455,795.27,11819,1.17
2021-06-15 09:35:58,796.85,97,55893,48455,795.27,11819,1.17
2021-06-15 09:36:01,796.85,97,55737,48551,795.28,11916,1.17
2021-06-15 09:36:06,796.2,2,55737,48551,795.28,11916,1.09
2021-06-15 09:36:07,796.2,2,55766,48573,795.28,11933,1.09
2021-06-15 09:36:09,796.15,2,55766,48573,795.28,11933,1.09
2021-06-15 09:36:11,796.75,6,55766,48573,795.28,11933,1.16
2021-06-15 09:36:12,796.75,6,55604,48582,795.29,11983,1.16
2021-06-15 09:36:18,796.75,6,55679,48602,795.29,11983,1.16
2021-06-15 09:36:23,796.75,6,55704,48580,795.29,11983,1.16
2021-06-15 09:36:29,796.75,6,55704,48627,795.29,11983,1.16
2021-06-15 09:36:34,796.75,6,55691,48627,795.29,11983,1.16
2021-06-15 09:36:39,796.7,5,55691,48627,795.29,11983,1.16
2021-06-15 09:36:40,796.75,15,55653,48577,795.29,12028,1.16
2021-06-15 09:36:42,796.15,40,55653,48577,795.29,12028,1.09
2021-06-15 09:36:46,796.15,40,55649,48515,795.3,12120,1.09
2021-06-15 09:36:51,796.15,40,55629,48525,795.3,12120,1.09
2021-06-15 09:36:56,796.15,40,55651,48535,795.3,12120,1.09
2021-06-15 09:36:57,796.5,50,55651,48535,795.3,12120,1.13
2021-06-15 09:36:58,796.0,20,55651,48535,795.3,12120,1.07
2021-06-15 09:37:01,796.0,20,55640,48579,795.31,12217,1.07
2021-06-15 09:37:06,796.0,20,55616,48602,795.31,12217,1.07
2021-06-15 09:37:09,795.8,20,55616,48602,795.31,12217,1.04
2021-06-15 09:37:11,795.8,20,55645,48542,795.31,12237,1.04
2021-06-15 09:37:17,795.8,20,55670,48596,795.31,12237,1.04
2021-06-15 09:37:17,795.75,5,55670,48596,795.31,12237,1.03
2021-06-15 09:37:22,795.75,5,55460,48688,795.31,12324,1.03
2021-06-15 09:37:24,795.2,1,55460,48688,795.31,12324,0.96
2021-06-15 09:37:27,795.2,1,55443,48788,795.31,12365,0.96
2021-06-15 09:37:29,795.0,5,55443,48788,795.31,12365,0.94
2021-06-15 09:37:33,795.0,5,55455,48874,795.31,12372,0.94
2021-06-15 09:37:33,795.6,1,55455,48874,795.31,12372,1.02
2021-06-15 09:37:38,795.6,1,55445,48840,795.31,12399,1.02
2021-06-15 09:37:43,795.6,1,55497,48840,795.31,12399,1.02
2021-06-15 09:37:48,795.6,1,55497,48860,795.31,12399,1.02
2021-06-15 09:37:54,795.6,1,55616,48882,795.31,12399,1.02
2021-06-15 09:38:00,795.6,1,55616,48867,795.31,12399,1.02
2021-06-15 09:38:10,795.85,8,55616,48867,795.31,12399,1.05
2021-06-15 09:38:11,795.85,8,55653,48801,795.31,12409,1.05
2021-06-15 09:38:16,795.85,8,55658,48691,795.31,12409,1.05
2021-06-15 09:38:19,795.1,27,55658,48691,795.31,12409,0.95
2021-06-15 09:38:22,795.1,27,55590,48805,795.31,12459,0.95
2021-06-15 09:38:27,795.1,27,55633,48859,795.31,12459,0.95
2021-06-15 09:38:32,795.1,27,55634,49182,795.31,12459,0.95
2021-06-15 09:38:36,795.95,11,55634,49182,795.31,12459,1.06
2021-06-15 09:38:38,795.0,44,55487,49144,795.31,12579,0.94
2021-06-15 09:38:43,795.0,44,55473,49188,795.31,12579,0.94
2021-06-15 09:38:49,795.0,44,55473,49178,795.31,12579,0.94
2021-06-15 09:38:59,795.0,44,55478,49176,795.31,12579,0.94
2021-06-15 09:39:04,795.0,44,55458,49205,795.31,12579,0.94
2021-06-15 09:39:09,795.0,44,55478,49194,795.31,12579,0.94
2021-06-15 09:39:13,795.0,44,55503,49221,795.31,12579,0.94
2021-06-15 09:39:16,795.15,13,55503,49221,795.31,12579,0.96
2021-06-15 09:39:18,795.1,6,55503,49221,795.31,12579,0.95
2021-06-15 09:39:19,795.1,6,55582,49203,795.31,12598,0.95
2021-06-15 09:39:20,795.15,5,55582,49203,795.31,12598,0.96
2021-06-15 09:39:24,795.15,5,55582,49204,795.31,12603,0.96
2021-06-15 09:39:29,795.15,5,55582,49454,795.31,12603,0.96
2021-06-15 09:39:43,795.0,25,55582,49454,795.31,12603,0.94
2021-06-15 09:39:45,795.0,25,55086,49676,795.3,12748,0.94
2021-06-15 09:39:46,794.1,9,55086,49676,795.3,12748,0.83
2021-06-15 09:39:47,794.1,50,55086,49676,795.3,12748,0.83
2021-06-15 09:39:51,794.1,50,55074,49822,795.3,12811,0.83
2021-06-15 09:39:56,794.1,50,55105,49822,795.3,12811,0.83
2021-06-15 09:40:07,794.1,50,55100,49814,795.3,12811,0.83
2021-06-15 09:40:18,794.95,8,55101,49813,795.3,12811,0.93
2021-06-15 09:40:23,794.95,8,55123,49860,795.3,12821,0.93
2021-06-15 09:40:28,794.95,8,55273,49836,795.3,12821,0.93
2021-06-15 09:40:34,794.95,8,55272,49836,795.3,12821,0.93
2021-06-15 09:40:39,794.95,8,55272,49761,795.3,12821,0.93
2021-06-15 09:40:49,794.15,7,55272,49761,795.3,12821,0.83
2021-06-15 09:40:50,794.15,7,55263,49797,795.3,12830,0.83
2021-06-15 09:40:51,794.95,10,55263,49797,795.3,12830,0.93
2021-06-15 09:40:55,794.95,10,55365,49766,795.3,12840,0.93
2021-06-15 09:40:57,794.1,36,55365,49766,795.3,12840,0.83
2021-06-15 09:41:00,794.1,36,55205,49799,795.29,12890,0.83
2021-06-15 09:41:11,794.1,36,55209,50103,795.29,12890,0.83
2021-06-15 09:41:16,794.1,36,55203,50106,795.29,12890,0.83
2021-06-15 09:41:21,794.1,36,55203,50108,795.29,12890,0.83
2021-06-15 09:41:31,794.1,36,55203,49994,795.29,12890,0.83
2021-06-15 09:41:43,794.1,36,55203,50047,795.29,12890,0.83
2021-06-15 09:41:46,794.95,1,55203,50047,795.29,12890,0.93
2021-06-15 09:41:48,794.95,1,55242,49942,795.29,12891,0.93
2021-06-15 09:41:52,794.95,1,55286,49938,795.29,12891,0.93
2021-06-15 09:41:57,794.95,1,55370,49923,795.29,12891,0.93
2021-06-15 09:41:58,794.9,1,55370,49923,795.29,12891,0.93
2021-06-15 09:42:03,794.9,1,55369,49894,795.29,12894,0.93
2021-06-15 09:42:07,794.9,104,55369,49894,795.29,12894,0.93
2021-06-15 09:42:08,794.85,23,55344,49905,795.29,13047,0.92
2021-06-15 09:42:13,794.85,23,55344,49926,795.29,13047,0.92
2021-06-15 09:42:13,794.85,10,55344,49926,795.29,13047,0.92
2021-06-15 09:42:18,794.85,10,55357,49916,795.28,13164,0.92
2021-06-15 09:42:19,794.95,11,55357,49916,795.28,13164,0.93
2021-06-15 09:42:21,794.95,32,55357,49916,795.28,13164,0.93
2021-06-15 09:42:22,794.95,5,55357,49916,795.28,13164,0.93
2021-06-15 09:42:24,794.95,5,55204,49952,795.28,13221,0.93
2021-06-15 09:42:28,794.15,28,55204,49952,795.28,13221,0.83
2021-06-15 09:42:28,794.15,28,55162,49920,795.28,13278,0.83
2021-06-15 09:42:35,794.95,1,55162,49920,795.28,13278,0.93
2021-06-15 09:42:38,794.95,1,55214,49895,795.28,13279,0.93
2021-06-15 09:42:43,794.95,1,55214,49905,795.28,13279,0.93
2021-06-15 09:42:49,794.95,1,55214,49823,795.28,13279,0.93
2021-06-15 09:43:04,794.95,1,55214,49934,795.28,13279,0.93
2021-06-15 09:43:09,794.95,1,55214,50021,795.28,13279,0.93
2021-06-15 09:43:11,795.0,3,55214,50021,795.28,13279,0.94
2021-06-15 09:43:14,795.0,3,55217,50030,795.28,13311,0.94
2021-06-15 09:43:17,795.0,12,55217,50030,795.28,13311,0.94
2021-06-15 09:43:19,795.0,6,55217,50030,795.28,13311,0.94
2021-06-15 09:43:19,795.0,6,55184,49950,795.28,13399,0.94
2021-06-15 09:43:25,795.0,6,55210,49949,795.28,13399,0.94
2021-06-15 09:43:28,795.05,3,55210,49949,795.28,13399,0.95
2021-06-15 09:43:30,795.05,3,55210,49862,795.28,13409,0.95
2021-06-15 09:43:36,795.05,3,55156,50026,795.28,13409,0.95
2021-06-15 09:43:41,795.05,3,55156,50036,795.28,13409,0.95
2021-06-15 09:43:45,795.05,1,55156,50036,795.28,13409,0.95
2021-06-15 09:43:46,795.05,1,55153,50026,795.28,13419,0.95
2021-06-15 09:43:52,795.05,1,55154,50086,795.28,13419,0.95
2021-06-15 09:43:57,795.05,1,55154,50113,795.28,13419,0.95
2021-06-15 09:44:02,795.05,1,55154,50145,795.28,13419,0.95
2021-06-15 09:44:07,795.05,1,55155,50171,795.28,13419,0.95
2021-06-15 09:44:12,795.05,1,55155,50214,795.28,13419,0.95
2021-06-15 09:44:18,795.05,1,55182,50241,795.28,13419,0.95
2021-06-15 09:44:22,795.0,9,55182,50241,795.28,13419,0.94
2021-06-15 09:44:24,795.0,1,55182,50216,795.27,13428,0.94
2021-06-15 09:44:28,795.0,1,55182,50215,795.27,13429,0.94
2021-06-15 09:44:34,795.0,1,55273,50215,795.27,13429,0.94
2021-06-15 09:44:34,795.0,5,55273,50215,795.27,13429,0.94
2021-06-15 09:44:39,795.0,5,55283,50203,795.27,13439,0.94
2021-06-15 09:44:44,795.0,5,55284,50217,795.27,13439,0.94
2021-06-15 09:44:47,795.05,1,55284,50217,795.27,13439,0.95
2021-06-15 09:44:49,795.05,1,55298,50185,795.27,13440,0.95
2021-06-15 09:44:54,795.05,1,55280,50174,795.27,13440,0.95
2021-06-15 09:45:04,795.05,1,55281,50172,795.27,13440,0.95
2021-06-15 09:45:05,795.0,2,55281,50172,795.27,13440,0.94
2021-06-15 09:45:09,795.0,2,55281,50170,795.27,13442,0.94
2021-06-15 09:45:14,795.0,2,55271,50096,795.27,13442,0.94
2021-06-15 09:45:24,795.0,2,55227,50097,795.27,13442,0.94
2021-06-15 09:45:28,795.0,1,55227,50097,795.27,13442,0.94
2021-06-15 09:45:30,795.0,1,55248,50092,795.27,13447,0.94
2021-06-15 09:45:35,795.0,1,55285,50097,795.27,13447,0.94
2021-06-15 09:45:40,795.0,1,55285,50073,795.27,13447,0.94
2021-06-15 09:45:46,795.0,1,55290,50073,795.27,13447,0.94
2021-06-15 09:45:48,795.3,1,55290,50073,795.27,13447,0.98
2021-06-15 09:45:51,795.3,1,55244,50089,795.27,13448,0.98
2021-06-15 09:45:57,795.3,1,55267,50121,795.27,13448,0.98
2021-06-15 09:45:58,795.0,7,55267,50121,795.27,13448,0.94
2021-06-15 09:46:01,795.0,5,55267,50121,795.27,13448,0.94
2021-06-15 09:46:02,795.0,5,55285,50251,795.27,13498,0.94
2021-06-15 09:46:03,794.45,1,55285,50251,795.27,13498,0.87
2021-06-15 09:46:07,794.45,1,55283,50286,795.27,13499,0.87
2021-06-15 09:46:09,794.1,23,55283,50286,795.27,13499,0.83
2021-06-15 09:46:12,794.1,23,55242,50267,795.27,13525,0.83
2021-06-15 09:46:17,794.1,23,55241,50440,795.27,13525,0.83
2021-06-15 09:46:27,794.1,23,55241,50455,795.27,13525,0.83
2021-06-15 09:46:32,794.1,23,55251,50465,795.27,13525,0.83
2021-06-15 09:46:42,794.15,1,55251,50430,795.27,13526,0.83
2021-06-15 09:46:45,794.9,1,55251,50430,795.27,13526,0.93
2021-06-15 09:46:47,794.85,1,55251,50430,795.27,13526,0.92
2021-06-15 09:46:47,794.85,1,55261,50426,795.27,13533,0.92
2021-06-15 09:46:52,794.85,1,55286,50343,795.27,13533,0.92
2021-06-15 09:46:54,794.9,1,55286,50343,795.27,13533,0.93
2021-06-15 09:46:57,794.9,1,55257,50344,795.27,13558,0.93
2021-06-15 09:46:57,795.1,8,55257,50344,795.27,13558,0.95
2021-06-15 09:47:00,794.1,1,55257,50344,795.27,13558,0.83
2021-06-15 09:47:01,794.1,1,55332,50362,795.27,13608,0.83
2021-06-15 09:47:03,795.1,8,55332,50362,795.27,13608,0.95
2021-06-15 09:47:03,795.05,11,55332,50362,795.27,13608,0.95
2021-06-15 09:47:06,795.65,10,55458,50008,795.27,13945,1.02
2021-06-15 09:47:09,795.8,1,55458,50008,795.27,13945,1.04
2021-06-15 09:47:12,795.8,1,55572,50046,795.27,13946,1.04
2021-06-15 09:47:17,795.8,1,55571,50109,795.27,13946,1.04
2021-06-15 09:47:19,795.75,25,55571,50109,795.27,13946,1.03
2021-06-15 09:47:21,795.75,8,55571,50109,795.27,13946,1.03
2021-06-15 09:47:22,795.05,45,55519,49977,795.27,14048,0.95
2021-06-15 09:47:27,795.75,2,55519,49977,795.27,14048,1.03
2021-06-15 09:47:28,795.75,2,55513,50015,795.27,14080,1.03
2021-06-15 09:47:33,795.75,2,55519,50013,795.27,14080,1.03
2021-06-15 09:47:36,794.85,13,55519,50013,795.27,14080,0.92
2021-06-15 09:47:38,794.85,13,55454,49949,795.26,14865,0.92
2021-06-15 09:47:43,794.85,13,55348,49999,795.26,14865,0.92
2021-06-15 09:47:48,795.0,17,55304,50386,795.26,14886,0.94
2021-06-15 09:47:53,795.0,17,55304,50376,795.26,14886,0.94
2021-06-15 09:47:58,795.0,17,55326,50376,795.26,14886,0.94
2021-06-15 09:47:59,795.0,2,55326,50376,795.26,14886,0.94
2021-06-15 09:48:00,794.3,37,55326,50376,795.26,14886,0.85
2021-06-15 09:48:00,794.2,39,55326,50376,795.26,14886,0.84
2021-06-15 09:48:01,794.95,3,55326,50376,795.26,14886,0.93
2021-06-15 09:48:03,794.95,1,55331,50217,795.25,15018,0.93
2021-06-15 09:48:07,794.95,1,55331,50218,795.25,15019,0.93
2021-06-15 09:48:12,794.95,1,55351,50191,795.25,15019,0.93
2021-06-15 09:48:16,794.1,16,55351,50191,795.25,15019,0.83
2021-06-15 09:48:17,794.1,16,55271,50323,795.25,15068,0.83
2021-06-15 09:48:22,794.95,1,55272,50322,795.25,15069,0.93
2021-06-15 09:48:24,794.15,12,55272,50322,795.25,15069,0.83
2021-06-15 09:48:24,795.0,4,55272,50322,795.25,15069,0.94
2021-06-15 09:48:27,795.0,11,55648,50200,795.24,15218,0.94
2021-06-15 09:48:28,794.95,350,55648,50200,795.24,15218,0.93
2021-06-15 09:48:31,794.95,350,55267,50382,795.24,15594,0.93
2021-06-15 09:48:35,794.95,6,55267,50382,795.24,15594,0.93
2021-06-15 09:48:37,794.95,6,55326,50371,795.24,15605,0.93
2021-06-15 09:48:42,794.95,6,55324,50405,795.24,15605,0.93
2021-06-15 09:48:47,794.95,6,55392,50428,795.24,15605,0.93
2021-06-15 09:48:52,794.15,51,55392,50428,795.24,15605,0.83
2021-06-15 09:48:56,794.0,43,55392,50428,795.24,15605,0.81
2021-06-15 09:48:57,794.0,43,55181,50502,795.22,15809,0.81
2021-06-15 09:49:02,794.0,43,55203,50538,795.22,15809,0.81
2021-06-15 09:49:06,794.15,9,55203,50580,795.22,15818,0.83
2021-06-15 09:49:15,794.6,20,55203,50580,795.22,15818,0.89
2021-06-15 09:49:17,794.6,20,55162,50430,795.22,15869,0.89
2021-06-15 09:49:19,794.15,1,55162,50430,795.22,15869,0.83
2021-06-15 09:49:22,794.15,1,55104,50471,795.22,15896,0.83
2021-06-15 09:49:30,794.95,22,55104,50471,795.22,15896,0.93
2021-06-15 09:49:31,794.95,22,55080,50511,795.21,15946,0.93
2021-06-15 09:49:36,794.95,22,55080,50444,795.21,15946,0.93
2021-06-15 09:49:41,794.95,22,54929,50295,795.21,15946,0.93
2021-06-15 09:49:43,794.85,3,54929,50295,795.21,15946,0.92
2021-06-15 09:49:46,794.85,3,54928,50292,795.21,15949,0.92
2021-06-15 09:49:51,794.85,3,55048,50471,795.21,15949,0.92
2021-06-15 09:49:56,794.85,3,55138,50595,795.21,15949,0.92
2021-06-15 09:49:58,795.0,16,55138,50595,795.21,15949,0.94
2021-06-15 09:49:59,795.9,16,55138,50595,795.21,15949,1.05
2021-06-15 09:50:00,795.05,4,55138,50595,795.21,15949,0.95
2021-06-15 09:50:02,795.95,9,55316,50481,795.22,16044,1.06
2021-06-15 09:50:24,795.95,9,55327,50558,795.22,16044,1.06
2021-06-15 09:50:38,795.95,9,55327,50560,795.22,16044,1.06
2021-06-15 09:50:43,795.95,9,55327,50540,795.22,16044,1.06
2021-06-15 09:50:50,795.9,10,55327,50540,795.22,16044,1.05
2021-06-15 09:50:52,795.9,10,55331,50530,795.22,16054,1.05
2021-06-15 09:50:56,795.9,10,55331,50531,795.22,16054,1.05
2021-06-15 09:50:57,795.9,36,55331,50531,795.22,16054,1.05
2021-06-15 09:51:01,795.9,36,55359,50316,795.22,16137,1.05
2021-06-15 09:51:03,796.0,1,55359,50316,795.22,16137,1.07
2021-06-15 09:51:06,796.0,1,55544,50179,795.22,16215,1.07
2021-06-15 09:51:10,796.0,1,55443,50221,795.22,16215,1.07
2021-06-15 09:51:15,796.0,1,55446,50259,795.22,16215,1.07
2021-06-15 09:51:20,796.0,1,55445,50259,795.22,16215,1.07
2021-06-15 09:51:23,796.55,9,55445,50259,795.22,16215,1.14
2021-06-15 09:51:28,796.55,9,55622,50229,795.23,16245,1.14
2021-06-15 09:51:31,796.55,1,55622,50229,795.23,16245,1.14
2021-06-15 09:51:32,796.6,1,55622,50229,795.23,16245,1.14
2021-06-15 09:51:34,796.6,1,55616,50087,795.23,16296,1.14
2021-06-15 09:51:38,796.6,1,55617,50097,795.23,16296,1.14
2021-06-15 09:51:54,796.6,1,55616,50148,795.23,16296,1.14
2021-06-15 09:51:57,796.05,11,55616,50148,795.23,16296,1.07
2021-06-15 09:51:58,796.05,11,55622,50115,795.23,16311,1.07
2021-06-15 09:52:03,796.05,11,55772,50142,795.23,16311,1.07
2021-06-15 09:52:16,796.0,34,55772,50142,795.23,16311,1.07
2021-06-15 09:52:17,796.6,10,55772,50142,795.23,16311,1.14
2021-06-15 09:52:18,796.6,10,55764,50042,795.23,16359,1.14
2021-06-15 09:52:22,796.6,10,55764,50064,795.23,16359,1.14
2021-06-15 09:52:38,796.6,10,55764,50152,795.23,16359,1.14
2021-06-15 09:52:57,796.6,10,55774,50152,795.23,16359,1.14
2021-06-15 09:53:02,797.0,88,55774,50152,795.23,16359,1.19
2021-06-15 09:53:06,797.0,88,55731,49934,795.25,16559,1.19
2021-06-15 09:53:16,797.0,88,55752,50057,795.25,16559,1.19
2021-06-15 09:53:21,797.0,88,55752,50078,795.25,16559,1.19
2021-06-15 09:53:25,797.0,88,55752,50178,795.25,16559,1.19
2021-06-15 09:53:33,796.6,1,55752,50178,795.25,16559,1.14
2021-06-15 09:53:35,796.6,1,55752,50256,795.25,16564,1.14
2021-06-15 09:53:40,796.6,5,55752,50256,795.25,16564,1.14
2021-06-15 09:53:41,796.0,27,55752,50256,795.25,16564,1.07
2021-06-15 09:53:43,796.0,27,55702,50355,795.26,16596,1.07
2021-06-15 09:53:48,796.0,27,55719,50365,795.26,16596,1.07
2021-06-15 09:53:51,796.55,12,55719,50365,795.26,16596,1.14
2021-06-15 09:53:53,796.55,12,55719,50317,795.26,16608,1.14
2021-06-15 09:54:03,796.55,12,55720,50366,795.26,16608,1.14
2021-06-15 09:54:07,796.55,12,55719,50418,795.26,16608,1.14
2021-06-15 09:54:12,796.55,12,55719,50394,795.26,16608,1.14
2021-06-15 09:54:16,796.55,12,55719,50416,795.26,16608,1.14
2021-06-15 09:54:34,796.55,12,55700,50394,795.26,16608,1.14
2021-06-15 09:54:39,796.55,12,55773,50405,795.26,16608,1.14
2021-06-15 09:54:44,796.55,12,55773,50394,795.26,16608,1.14
2021-06-15 09:54:47,796.55,5,55773,50394,795.26,16608,1.14
2021-06-15 09:54:49,796.55,5,55788,50382,795.26,16613,1.14
2021-06-15 09:54:54,796.55,5,55788,50383,795.26,16613,1.14
2021-06-15 09:55:17,796.55,5,55788,50308,795.26,16613,1.14
2021-06-15 09:55:26,796.55,5,55788,50336,795.26,16613,1.14
2021-06-15 09:55:30,796.55,5,55788,50277,795.26,16613,1.14
2021-06-15 09:55:39,796.55,5,55787,50390,795.26,16613,1.14
2021-06-15 09:56:01,796.75,16,55787,50390,795.26,16613,1.16
2021-06-15 09:56:02,796.75,16,55787,50286,795.26,16713,1.16
2021-06-15 09:56:06,796.75,16,55787,50294,795.26,16713,1.16
2021-06-15 09:56:10,796.75,16,55787,50297,795.26,16713,1.16
2021-06-15 09:56:15,796.75,16,55812,50308,795.26,16713,1.16
2021-06-15 09:56:20,796.75,16,55810,50301,795.26,16713,1.16
2021-06-15 09:56:24,796.75,16,55810,50302,795.26,16713,1.16
2021-06-15 09:56:26,796.65,7,55810,50302,795.26,16713,1.15
2021-06-15 09:56:28,796.65,7,55789,50354,795.27,16733,1.15
2021-06-15 09:56:32,796.0,14,55789,50354,795.27,16733,1.07
2021-06-15 09:56:32,796.0,14,55806,50350,795.27,16747,1.07
2021-06-15 09:56:50,796.0,14,55807,50376,795.27,16747,1.07
2021-06-15 09:56:58,796.0,14,55808,50373,795.27,16747,1.07
2021-06-15 09:57:08,796.0,14,55809,50372,795.27,16747,1.07
2021-06-15 09:57:25,796.0,14,55655,50282,795.27,16747,1.07
2021-06-15 09:57:51,796.7,1,55655,50282,795.27,16747,1.16
2021-06-15 09:57:51,796.7,1,55654,50307,795.27,16748,1.16
2021-06-15 09:57:56,796.7,1,55652,50318,795.27,16748,1.16
2021-06-15 09:58:00,796.7,1,55652,50338,795.27,16748,1.16
2021-06-15 09:58:07,796.05,107,55652,50338,795.27,16748,1.07
2021-06-15 09:58:09,796.05,107,55448,50339,795.27,16855,1.07
2021-06-15 09:58:14,796.05,107,55448,50349,795.27,16855,1.07
2021-06-15 09:58:18,796.05,107,55440,50369,795.27,16855,1.07
2021-06-15 09:58:21,796.0,10,55440,50369,795.27,16855,1.07
2021-06-15 09:58:22,796.0,10,55499,50391,795.27,16865,1.07
2021-06-15 09:58:27,796.0,10,55464,50369,795.27,16865,1.07
2021-06-15 09:58:31,796.0,10,55469,50369,795.27,16865,1.07
2021-06-15 09:58:31,796.5,1,55469,50369,795.27,16865,1.13
2021-06-15 09:58:36,796.5,1,55488,50341,795.27,16871,1.13
2021-06-15 09:58:40,796.0,47,55468,50397,795.27,16871,1.07
2021-06-15 09:58:45,796.0,47,55221,51029,795.27,16918,1.07
2021-06-15 09:58:50,795.65,20,55223,50913,795.28,16938,1.02
2021-06-15 09:58:55,795.65,20,55223,50919,795.28,16938,1.02
2021-06-15 09:58:55,795.65,3,55223,50919,795.28,16938,1.02
2021-06-15 09:58:59,795.65,3,55223,50969,795.28,16943,1.02
2021-06-15 09:59:03,795.65,3,55203,50981,795.28,16943,1.02
2021-06-15 09:59:04,795.8,3,55203,50981,795.28,16943,1.04
2021-06-15 09:59:05,795.65,1,55203,50981,795.28,16943,1.02
2021-06-15 09:59:08,795.65,1,55188,50987,795.28,16974,1.02
2021-06-15 09:59:12,795.65,1,55202,51003,795.28,16974,1.02
2021-06-15 09:59:17,795.65,1,55201,51014,795.28,16974,1.02
2021-06-15 09:59:18,794.15,72,55201,51014,795.28,16974,0.83
2021-06-15 09:59:18,794.3,3,55201,51014,795.28,16974,0.85
2021-06-15 09:59:21,794.3,3,55034,50992,795.26,17181,0.85
2021-06-15 09:59:26,794.3,3,55036,51008,795.26,17181,0.85
2021-06-15 09:59:30,794.3,3,54987,51078,795.26,17181,0.85
2021-06-15 09:59:33,795.05,12,54987,51078,795.26,17181,0.95
2021-06-15 09:59:35,795.05,12,54984,51045,795.26,17214,0.95
2021-06-15 09:59:40,795.05,12,54984,51044,795.26,17214,0.95
2021-06-15 09:59:45,795.05,12,54984,51042,795.26,17214,0.95
2021-06-15 09:59:57,795.05,12,55003,51042,795.26,17214,0.95
2021-06-15 10:00:02,795.25,2,55003,51042,795.26,17214,0.97
2021-06-15 10:00:02,795.25,2,54986,51006,795.26,17216,0.97
2021-06-15 10:00:06,795.25,2,54999,51038,795.26,17216,0.97
2021-06-15 10:00:10,795.25,2,55074,51040,795.26,17216,0.97
2021-06-15 10:00:24,795.25,2,55056,51034,795.26,17216,0.97
2021-06-15 10:00:33,795.25,2,55082,51035,795.26,17216,0.97
2021-06-15 10:00:46,795.25,2,55047,51058,795.26,17216,0.97
2021-06-15 10:00:48,795.0,10,55047,51058,795.26,17216,0.94
2021-06-15 10:00:51,795.0,10,55047,51072,795.26,17226,0.94
2021-06-15 10:00:55,795.0,10,55072,51088,795.26,17226,0.94
2021-06-15 10:01:00,795.0,10,55047,51083,795.26,17226,0.94
2021-06-15 10:01:06,795.0,10,55045,51087,795.26,17226,0.94
2021-06-15 10:01:11,795.0,10,55240,51198,795.26,17226,0.94
2021-06-15 10:01:15,795.0,10,55261,51198,795.26,17226,0.94
2021-06-15 10:01:30,795.0,10,55271,51196,795.26,17226,0.94
2021-06-15 10:01:33,794.25,25,55271,51196,795.26,17226,0.84
2021-06-15 10:01:35,794.25,25,55256,51296,795.26,17253,0.84
2021-06-15 10:01:48,795.0,5,55256,51296,795.26,17253,0.94
2021-06-15 10:01:53,795.0,5,55231,51349,795.26,17258,0.94
2021-06-15 10:02:03,795.0,5,55236,51353,795.26,17258,0.94
2021-06-15 10:02:06,794.3,8,55236,51353,795.26,17258,0.85
2021-06-15 10:02:07,794.3,8,55228,51310,795.26,17266,0.85
2021-06-15 10:02:12,794.3,8,55228,51369,795.26,17266,0.85
2021-06-15 10:02:22,794.3,8,55153,51379,795.26,17266,0.85
2021-06-15 10:02:36,794.3,8,55153,51406,795.26,17266,0.85
2021-06-15 10:02:41,794.3,8,55163,51406,795.26,17266,0.85
2021-06-15 10:02:42,794.95,5,55163,51406,795.26,17266,0.93
2021-06-15 10:02:46,794.95,5,55261,51400,795.26,17271,0.93
2021-06-15 10:02:49,794.1,10,55261,51400,795.26,17271,0.83
2021-06-15 10:02:51,794.1,10,54975,50933,795.23,17724,0.83
2021-06-15 10:02:51,794.05,6,54975,50933,795.23,17724,0.82
2021-06-15 10:02:56,794.05,6,54974,50938,795.23,17730,0.82
2021-06-15 10:03:00,794.05,6,54995,50937,795.23,17730,0.82
2021-06-15 10:03:05,794.85,20,55020,50937,795.23,17760,0.92
2021-06-15 10:03:10,794.9,12,55020,50937,795.23,17760,0.93
2021-06-15 10:03:14,794.9,12,55138,50941,795.23,17776,0.93
2021-06-15 10:03:15,794.3,54,55138,50941,795.23,17776,0.85
2021-06-15 10:03:18,794.9,1,55138,50941,795.23,17776,0.93
2021-06-15 10:03:18,794.9,1,55043,50911,795.23,17852,0.93
2021-06-15 10:03:28,794.9,1,55054,50911,795.23,17852,0.93
2021-06-15 10:03:31,794.9,3,55054,50911,795.23,17852,0.93
2021-06-15 10:03:33,794.3,6,55119,50922,795.23,17856,0.85
2021-06-15 10:03:37,794.3,6,55062,50942,795.23,17866,0.85
2021-06-15 10:03:51,794.3,6,55064,50942,795.23,17866,0.85
2021-06-15 10:03:54,794.95,74,55064,50942,795.23,17866,0.93
2021-06-15 10:03:55,794.9,9,55064,50942,795.23,17866,0.93
2021-06-15 10:03:56,794.9,9,55104,50886,795.23,17975,0.93
2021-06-15 10:04:00,794.9,9,55104,50893,795.23,17975,0.93
2021-06-15 10:04:03,794.9,1,55104,50893,795.23,17975,0.93
2021-06-15 10:04:03,794.95,11,55104,50893,795.23,17975,0.93
2021-06-15 10:04:05,794.95,11,55083,50939,795.23,17987,0.93
2021-06-15 10:04:14,794.95,15,55083,50939,795.23,17987,0.93
2021-06-15 10:04:18,794.95,15,55083,50924,795.22,18002,0.93
2021-06-15 10:04:27,794.95,15,55084,50943,795.22,18002,0.93
2021-06-15 10:04:31,794.95,15,55084,50970,795.22,18002,0.93
2021-06-15 10:04:33,794.2,5,55084,50970,795.22,18002,0.84
2021-06-15 10:04:36,794.2,5,55078,50982,795.22,18012,0.84
2021-06-15 10:04:39,794.4,6,55078,50982,795.22,18012,0.86
2021-06-15 10:04:41,794.4,6,55054,50978,795.22,18018,0.86
2021-06-15 10:04:47,794.2,9,55054,50978,795.22,18018,0.84
2021-06-15 10:04:49,794.2,9,55021,50981,795.22,18045,0.84
2021-06-15 10:04:58,794.2,9,56044,51988,795.22,18045,0.84
2021-06-15 10:05:10,794.95,30,56044,51988,795.22,18045,0.93
2021-06-15 10:05:11,794.95,30,56091,51985,795.22,18095,0.93
2021-06-15 10:05:24,794.0,31,56091,51985,795.22,18095,0.81
2021-06-15 10:05:24,793.5,5,55296,52352,795.2,18394,0.75
2021-06-15 10:05:26,793.05,1,55296,52352,795.2,18394,0.69
2021-06-15 10:05:27,793.0,7,55296,52352,795.2,18394,0.69
2021-06-15 10:05:27,792.85,8,55296,52352,795.2,18394,0.67
2021-06-15 10:05:28,793.4,8,55470,52408,795.2,18428,0.74
2021-06-15 10:05:30,793.45,29,55470,52408,795.2,18428,0.74
2021-06-15 10:05:30,793.85,14,55470,52408,795.2,18428,0.79
2021-06-15 10:05:33,793.85,14,55502,52289,795.19,18498,0.79
2021-06-15 10:05:34,793.45,10,55502,52289,795.19,18498,0.74
2021-06-15 10:05:38,793.45,10,55464,52303,795.19,18508,0.74
2021-06-15 10:05:42,793.45,10,55503,52267,795.19,18508,0.74
2021-06-15 10:05:47,793.45,10,55477,52289,795.19,18508,0.74
2021-06-15 10:05:50,793.05,5,55477,52289,795.19,18508,0.69
2021-06-15 10:05:51,793.05,5,55593,52230,795.19,18513,0.69
2021-06-15 10:06:05,793.05,5,55595,52255,795.19,18513,0.69
2021-06-15 10:06:06,793.0,5,55595,52255,795.19,18513,0.69
2021-06-15 10:06:08,793.95,1,55595,52255,795.19,18513,0.81
2021-06-15 10:06:10,793.95,1,55624,52271,795.19,18519,0.81
2021-06-15 10:06:15,793.95,1,55602,52277,795.19,18519,0.81
2021-06-15 10:06:19,793.95,1,55603,52282,795.19,18519,0.81
2021-06-15 10:06:21,794.0,15,55603,52282,795.19,18519,0.81
2021-06-15 10:06:23,794.0,15,55631,52267,795.19,18539,0.81
2021-06-15 10:06:27,793.2,1,55631,52267,795.19,18539,0.71
2021-06-15 10:06:28,793.2,1,55596,52279,795.19,18544,0.71
2021-06-15 10:06:30,794.05,4,55596,52279,795.19,18544,0.82
2021-06-15 10:06:32,794.05,4,55941,52221,795.19,18548,0.82
2021-06-15 10:06:37,794.0,10,55936,52213,795.19,18548,0.81
2021-06-15 10:06:42,794.0,10,55890,52213,795.19,18558,0.81
2021-06-15 10:06:46,794.0,10,55911,52218,795.19,18558,0.81
2021-06-15 10:06:50,794.2,5,55911,52218,795.19,18558,0.84
2021-06-15 10:06:54,794.2,5,55939,52353,795.19,18563,0.84
2021-06-15 10:06:57,794.2,20,55939,52353,795.19,18563,0.84
2021-06-15 10:06:58,794.2,20,55939,52333,795.18,18583,0.84
2021-06-15 10:07:03,794.2,20,55944,52334,795.18,18583,0.84
2021-06-15 10:07:07,794.2,20,55931,52332,795.18,18583,0.84
2021-06-15 10:07:14,794.5,12,55931,52332,795.18,18583,0.88
2021-06-15 10:07:16,794.5,12,56218,52270,795.18,18595,0.88
2021-06-15 10:07:30,794.5,12,56217,52257,795.18,18595,0.88
2021-06-15 10:07:35,794.95,37,56239,52168,795.18,18595,0.93
2021-06-15 10:07:34,794.5,12,56239,52168,795.18,18595,0.88
2021-06-15 10:07:39,794.95,37,56242,52154,795.18,18645,0.93
2021-06-15 10:07:42,794.95,12,56242,52154,795.18,18645,0.93
2021-06-15 10:07:43,794.95,12,56242,52151,795.18,18670,0.93
2021-06-15 10:07:47,794.95,12,56242,52165,795.18,18670,0.93
2021-06-15 10:07:52,794.95,12,56242,52071,795.18,18670,0.93
2021-06-15 10:08:00,794.95,12,56450,52071,795.18,18670,0.93
2021-06-15 10:08:09,794.3,2,56450,52071,795.18,18670,0.85
2021-06-15 10:08:12,794.3,2,56396,52097,795.18,18672,0.85
2021-06-15 10:08:17,794.3,2,56396,52112,795.18,18672,0.85
2021-06-15 10:08:18,794.95,15,56396,52112,795.18,18672,0.93
2021-06-15 10:08:21,794.95,15,56392,52125,795.18,18707,0.93
2021-06-15 10:08:25,794.95,15,56389,52125,795.18,18707,0.93
2021-06-15 10:08:29,794.95,15,56380,52261,795.18,18707,0.93
2021-06-15 10:08:37,794.95,15,56380,52347,795.18,18707,0.93
2021-06-15 10:08:40,794.0,1,56380,52347,795.18,18707,0.81
2021-06-15 10:08:41,794.0,1,56364,52376,795.18,18734,0.81
2021-06-15 10:08:42,794.55,20,56364,52376,795.18,18734,0.88
2021-06-15 10:08:45,794.55,20,56375,52367,795.18,18754,0.88
2021-06-15 10:08:49,794.55,20,56375,52380,795.18,18754,0.88
2021-06-15 10:08:54,794.0,2,56375,52380,795.18,18754,0.81
2021-06-15 10:08:59,794.0,2,56430,52355,795.18,18781,0.81
2021-06-15 10:09:03,794.0,2,56430,52356,795.18,18781,0.81
2021-06-15 10:09:12,794.95,32,56430,52356,795.18,18781,0.93
2021-06-15 10:09:15,794.95,32,56463,52348,795.18,18881,0.93
2021-06-15 10:09:18,794.0,77,56463,52348,795.18,18881,0.81
2021-06-15 10:09:20,794.0,77,56422,52500,795.17,18978,0.81
2021-06-15 10:09:24,794.0,77,56383,52454,795.17,18978,0.81
2021-06-15 10:09:28,794.0,77,56404,52454,795.17,18978,0.81
2021-06-15 10:09:32,794.0,5,56397,52509,795.17,18983,0.81
2021-06-15 10:09:33,794.0,10,56397,52509,795.17,18983,0.81
2021-06-15 10:09:36,794.0,10,56362,52510,795.17,18993,0.81
2021-06-15 10:09:41,794.0,10,56363,52510,795.17,18993,0.81
2021-06-15 10:09:44,794.0,10,56379,52508,795.17,18993,0.81
2021-06-15 10:09:46,794.05,1,56379,52508,795.17,18993,0.82
2021-06-15 10:09:48,794.0,6,56379,52508,795.17,18993,0.81
2021-06-15 10:09:49,794.0,6,56250,52507,795.17,19000,0.81
2021-06-15 10:09:53,794.0,99,56250,52507,795.17,19000,0.81
2021-06-15 10:09:54,794.0,99,56258,52465,795.16,19103,0.81
2021-06-15 10:09:58,794.0,99,56257,52487,795.16,19103,0.81
2021-06-15 10:10:06,794.0,99,56258,52487,795.16,19103,0.81
2021-06-15 10:10:13,793.2,20,56258,52487,795.16,19103,0.71
2021-06-15 10:10:14,793.2,20,56244,52485,795.16,19137,0.71
2021-06-15 10:10:23,793.2,20,56123,52638,795.16,19137,0.71
2021-06-15 10:10:25,793.95,19,56123,52638,795.16,19137,0.81
2021-06-15 10:10:28,793.95,19,56139,52618,795.16,19187,0.81
2021-06-15 10:10:32,793.95,19,56132,52630,795.16,19187,0.81
2021-06-15 10:10:37,793.95,19,56308,52625,795.16,19187,0.81
2021-06-15 10:10:41,793.95,19,56308,52630,795.16,19187,0.81
2021-06-15 10:10:45,793.95,19,56308,52657,795.16,19187,0.81
2021-06-15 10:10:57,793.95,19,56308,52857,795.16,19187,0.81
2021-06-15 10:11:01,794.0,62,56308,52857,795.16,19187,0.81
2021-06-15 10:11:02,794.0,62,56308,52800,795.15,19249,0.81
2021-06-15 10:11:11,794.0,62,56308,52805,795.15,19249,0.81
2021-06-15 10:11:15,794.0,62,56308,52806,795.15,19249,0.81
2021-06-15 10:11:19,794.0,62,56308,52816,795.15,19249,0.81
2021-06-15 10:11:23,794.0,62,56308,52726,795.15,19249,0.81
2021-06-15 10:11:28,794.0,62,56308,52704,795.15,19249,0.81
2021-06-15 10:11:29,793.95,4,56308,52704,795.15,19249,0.81
2021-06-15 10:11:33,793.95,4,56309,52748,795.15,19253,0.81
2021-06-15 10:11:37,793.95,4,56288,52852,795.15,19253,0.81
2021-06-15 10:11:54,793.95,4,56286,52846,795.15,19253,0.81
2021-06-15 10:11:57,793.25,1,56286,52846,795.15,19253,0.72
2021-06-15 10:11:58,793.25,1,56286,52847,795.15,19254,0.72
2021-06-15 10:12:01,793.25,1,57299,53974,795.15,19254,0.72
2021-06-15 10:12:19,794.0,1,57299,53974,795.15,19254,0.81
2021-06-15 10:12:21,794.0,1,57299,53973,795.15,19255,0.81
2021-06-15 10:12:59,794.0,1,57209,53973,795.15,19255,0.81
2021-06-15 10:13:08,793.2,36,56908,53986,795.14,19375,0.71
2021-06-15 10:13:09,793.75,6,56908,53986,795.14,19375,0.78
2021-06-15 10:13:12,793.75,6,56910,53977,795.14,19385,0.78
2021-06-15 10:13:16,793.75,6,56909,54004,795.14,19385,0.78
2021-06-15 10:13:27,793.75,6,56908,54031,795.14,19385,0.78
2021-06-15 10:13:32,793.75,6,56908,54058,795.14,19385,0.78
2021-06-15 10:13:49,793.8,1,56908,54058,795.14,19385,0.79
2021-06-15 10:13:53,793.8,1,56832,54056,795.14,19395,0.79
2021-06-15 10:14:10,793.8,1,56832,54066,795.14,19395,0.79
2021-06-15 10:14:14,793.8,1,56881,54066,795.14,19395,0.79
2021-06-15 10:14:18,793.8,1,56858,54085,795.14,19395,0.79
2021-06-15 10:14:23,793.8,1,56880,54085,795.14,19395,0.79
2021-06-15 10:14:27,793.2,14,56880,54085,795.14,19395,0.71
2021-06-15 10:14:28,793.2,14,56930,54100,795.14,19409,0.71
2021-06-15 10:14:42,793.0,9,56930,54100,795.14,19409,0.69
2021-06-15 10:14:44,793.0,9,56897,54088,795.14,19422,0.69
2021-06-15 10:15:02,793.0,9,56898,54098,795.14,19422,0.69
2021-06-15 10:15:19,793.8,16,56898,54098,795.14,19422,0.79
2021-06-15 10:15:23,793.8,16,56924,53948,795.13,19447,0.79
2021-06-15 10:15:28,793.8,16,56922,53970,795.13,19447,0.79
2021-06-15 10:15:31,793.8,11,56922,53970,795.13,19447,0.79
2021-06-15 10:15:32,793.85,4,56984,53796,795.13,19483,0.79
2021-06-15 10:15:36,793.85,4,56985,53856,795.13,19483,0.79
2021-06-15 10:15:42,793.8,5,56985,53856,795.13,19483,0.79
2021-06-15 10:15:44,793.8,5,56986,53851,795.13,19488,0.79
2021-06-15 10:15:52,793.8,15,56986,53851,795.13,19488,0.79
2021-06-15 10:15:53,793.8,15,56998,53957,795.13,19503,0.79
2021-06-15 10:15:54,794.2,1,56998,53957,795.13,19503,0.84
2021-06-15 10:15:57,794.2,1,56997,53954,795.13,19504,0.84
2021-06-15 10:16:06,794.2,1,57030,53954,795.13,19504,0.84
2021-06-15 10:16:10,794.2,1,57031,53954,795.13,19504,0.84
2021-06-15 10:16:37,794.2,1,57024,53865,795.13,19504,0.84
2021-06-15 10:16:39,793.3,8,57024,53865,795.13,19504,0.72
2021-06-15 10:16:42,793.3,8,56983,53957,795.12,19604,0.72
2021-06-15 10:16:46,793.3,8,57029,53926,795.12,19604,0.72
2021-06-15 10:16:51,794.2,3,57029,53926,795.12,19604,0.84
2021-06-15 10:16:55,794.2,3,57056,53960,795.12,19607,0.84
2021-06-15 10:17:04,794.2,3,57055,53961,795.12,19607,0.84
2021-06-15 10:17:12,794.2,3,56724,53637,795.12,19607,0.84
2021-06-15 10:17:15,794.2,3,56632,53638,795.12,19607,0.84
2021-06-15 10:17:18,794.15,3,56632,53638,795.12,19607,0.83
2021-06-15 10:17:19,794.15,3,56633,53635,795.12,19610,0.83
2021-06-15 10:17:27,794.15,3,56643,53635,795.12,19610,0.83
2021-06-15 10:17:31,794.15,3,56643,53611,795.12,19610,0.83
2021-06-15 10:17:35,794.15,3,56638,53531,795.12,19610,0.83
2021-06-15 10:17:43,794.15,3,56789,53531,795.12,19610,0.83
2021-06-15 10:17:47,794.0,10,56789,53531,795.12,19610,0.81
2021-06-15 10:17:47,794.0,10,56735,53598,795.12,19620,0.81
2021-06-15 10:17:55,794.0,10,56836,53643,795.12,19620,0.81
2021-06-15 10:18:04,794.0,10,56743,53643,795.12,19620,0.81
2021-06-15 10:18:12,794.0,10,56763,53585,795.12,19620,0.81
2021-06-15 10:18:16,794.0,10,56784,53584,795.12,19620,0.81
2021-06-15 10:18:20,794.0,10,56784,53594,795.12,19620,0.81
2021-06-15 10:18:35,794.25,9,56784,53594,795.12,19620,0.84
2021-06-15 10:18:39,794.25,9,56891,53522,795.12,19630,0.84
2021-06-15 10:18:43,794.25,9,56894,53577,795.12,19630,0.84
2021-06-15 10:18:45,794.35,17,56894,53577,795.12,19630,0.86
2021-06-15 10:18:46,794.35,17,56883,53499,795.12,19647,0.86
2021-06-15 10:19:13,794.05,3,56883,53499,795.12,19647,0.82
2021-06-15 10:19:13,794.05,3,56855,53635,795.12,19664,0.82
2021-06-15 10:19:18,794.05,3,56877,53634,795.12,19664,0.82
2021-06-15 10:19:30,794.5,11,56877,53634,795.12,19664,0.88
2021-06-15 10:19:31,794.5,11,56866,53536,795.12,19679,0.88
2021-06-15 10:19:35,794.5,11,56866,53557,795.12,19679,0.88
2021-06-15 10:19:39,794.85,5,56866,53557,795.12,19684,0.92
2021-06-15 10:19:43,794.85,5,56857,53576,795.12,19684,0.92
2021-06-15 10:19:54,794.85,5,56929,53509,795.12,19684,0.92
2021-06-15 10:20:01,794.85,5,57117,53509,795.12,19684,0.92
2021-06-15 10:20:01,794.2,23,57117,53509,795.12,19684,0.84
2021-06-15 10:20:05,794.2,23,57093,53513,795.12,19711,0.84
2021-06-15 10:20:21,794.85,2,57093,53513,795.12,19711,0.92
2021-06-15 10:20:21,794.85,2,57271,53507,795.12,19717,0.92
2021-06-15 10:20:28,794.85,10,57271,53507,795.12,19717,0.92
2021-06-15 10:20:29,794.85,10,57273,53488,795.12,19727,0.92
2021-06-15 10:20:32,794.85,10,57016,53406,795.12,19727,0.92
2021-06-15 10:20:45,794.9,5,57016,53406,795.12,19727,0.93
2021-06-15 10:20:48,794.9,5,57017,53408,795.12,19732,0.93
2021-06-15 10:20:52,794.9,5,57017,53397,795.12,19732,0.93
2021-06-15 10:20:55,795.3,8,57017,53397,795.12,19732,0.98
2021-06-15 10:20:55,795.3,8,57018,53140,795.12,19932,0.98
2021-06-15 10:20:56,792.75,4,57018,53140,795.12,19932,0.65
2021-06-15 10:20:58,792.6,12,57018,53140,795.12,19932,0.63
2021-06-15 10:21:00,791.7,2,57018,53140,795.12,19932,0.52
2021-06-15 10:21:00,791.7,2,56485,54008,795.03,20875,0.52
2021-06-15 10:21:04,792.75,5,56605,53858,795.01,21005,0.65
2021-06-15 10:21:04,794.0,5,56605,53858,795.01,21005,0.81
2021-06-15 10:21:08,794.0,5,56843,53956,795.01,21010,0.81
2021-06-15 10:21:12,794.0,5,57100,53956,795.01,21010,0.81
2021-06-15 10:21:16,794.0,5,57100,53875,795.01,21010,0.81
2021-06-15 10:21:27,792.8,52,57100,53875,795.01,21010,0.66
2021-06-15 10:21:28,792.7,2,56979,54365,795.0,21087,0.65
2021-06-15 10:21:29,792.65,1,56979,54365,795.0,21087,0.64
2021-06-15 10:21:32,792.65,1,56998,54177,795.0,21088,0.64
2021-06-15 10:21:33,793.05,2,56998,54177,795.0,21088,0.69
2021-06-15 10:21:36,793.05,2,57005,54209,795.0,21092,0.69
2021-06-15 10:21:41,793.05,2,56983,54302,795.0,21092,0.69
2021-06-15 10:21:44,793.05,2,57021,54083,795.0,21092,0.69
2021-06-15 10:21:46,793.0,1,57021,54083,795.0,21092,0.69
2021-06-15 10:21:48,793.0,1,57049,54107,795.0,21093,0.69
2021-06-15 10:21:51,792.7,25,57049,54107,795.0,21093,0.65
2021-06-15 10:21:52,792.7,25,56981,54266,795.0,21118,0.65
2021-06-15 10:21:55,792.7,25,56973,54306,795.0,21118,0.65
2021-06-15 10:21:59,792.2,1,56973,54306,795.0,21118,0.58
2021-06-15 10:22:00,792.2,1,57754,54351,794.99,21198,0.58
2021-06-15 10:22:03,791.55,1,57754,54351,794.99,21198,0.5
2021-06-15 10:22:04,791.6,11,57815,54440,794.98,21284,0.51
2021-06-15 10:22:07,791.6,11,57816,54513,794.98,21284,0.51
2021-06-15 10:22:12,791.6,11,57853,54378,794.98,21284,0.51
2021-06-15 10:22:15,791.6,11,57875,54351,794.98,21284,0.51
2021-06-15 10:22:18,791.6,11,57976,54349,794.98,21284,0.51
2021-06-15 10:22:26,791.6,11,57982,54333,794.98,21284,0.51
2021-06-15 10:22:30,792.95,40,57982,54333,794.98,21284,0.68
2021-06-15 10:22:33,792.95,40,57983,54273,794.97,21324,0.68
2021-06-15 10:22:36,792.2,2,57983,54273,794.97,21324,0.58
2021-06-15 10:22:37,792.2,2,57902,54414,794.97,21326,0.58
2021-06-15 10:22:38,792.15,2,57902,54414,794.97,21326,0.58
2021-06-15 10:22:39,791.75,2,57902,54414,794.97,21326,0.53
2021-06-15 10:22:42,791.75,2,57982,54309,794.97,21330,0.53
2021-06-15 10:22:42,791.65,1,57982,54309,794.97,21330,0.51
2021-06-15 10:22:43,791.75,30,57982,54309,794.97,21330,0.53
2021-06-15 10:22:45,791.75,30,57921,54342,794.96,21389,0.53
2021-06-15 10:22:49,791.75,30,57918,54321,794.96,21389,0.53
2021-06-15 10:22:52,792.3,1,57918,54321,794.96,21389,0.6
2021-06-15 10:22:53,792.3,1,57918,54320,794.96,21390,0.6
2021-06-15 10:23:05,792.3,1,57940,54318,794.96,21390,0.6
2021-06-15 10:23:10,792.3,7,57940,54318,794.96,21390,0.6
2021-06-15 10:23:13,792.3,7,57974,54369,794.96,21397,0.6
2021-06-15 10:23:21,792.3,7,57968,54367,794.96,21397,0.6
2021-06-15 10:23:24,792.65,2,57968,54367,794.96,21397,0.64
2021-06-15 10:23:28,792.65,2,58058,54292,794.96,21401,0.64
2021-06-15 10:23:47,792.3,1,58058,54292,794.96,21401,0.6
2021-06-15 10:23:48,792.3,1,58058,54292,794.96,21404,0.6
2021-06-15 10:23:51,792.3,1,57601,53893,794.96,21404,0.6
2021-06-15 10:23:54,792.3,7,57601,53893,794.96,21404,0.6
2021-06-15 10:23:55,792.3,7,57593,53895,794.96,21411,0.6
2021-06-15 10:24:04,792.3,7,57593,53922,794.96,21411,0.6
2021-06-15 10:24:08,792.3,7,57593,53933,794.96,21411,0.6
2021-06-15 10:24:39,792.3,7,57603,53933,794.96,21411,0.6
2021-06-15 10:24:48,792.65,14,57640,53905,794.96,21425,0.64
2021-06-15 10:24:54,792.65,14,57632,53918,794.96,21425,0.64
2021-06-15 10:24:55,792.65,14,57636,54000,794.96,21439,0.64
2021-06-15 10:24:58,792.65,14,57635,54007,794.96,21439,0.64
2021-06-15 10:25:28,793.0,15,57635,54007,794.96,21439,0.69
2021-06-15 10:25:31,793.0,15,57635,53752,794.95,21454,0.69
2021-06-15 10:25:39,793.0,15,57635,53952,794.95,21454,0.69
2021-06-15 10:25:47,793.0,15,57635,54052,794.95,21454,0.69
2021-06-15 10:25:48,793.0,5,57635,54052,794.95,21454,0.69
2021-06-15 10:25:51,793.0,5,57621,54033,794.95,21485,0.69
2021-06-15 10:26:07,793.0,2,57621,54033,794.95,21485,0.69
2021-06-15 10:26:10,793.0,2,58017,53975,794.95,21495,0.69
2021-06-15 10:26:18,793.0,2,58018,54000,794.95,21495,0.69
2021-06-15 10:26:33,793.15,1,58016,53999,794.95,21496,0.7
2021-06-15 10:26:37,793.15,1,58016,53993,794.95,21496,0.7
2021-06-15 10:26:40,793.4,8,58016,53993,794.95,21496,0.74
2021-06-15 10:26:40,793.4,8,58018,53988,794.95,21506,0.74
2021-06-15 10:26:57,793.4,8,58063,53982,794.95,21506,0.74
2021-06-15 10:27:01,793.4,8,58064,53982,794.95,21506,0.74
2021-06-15 10:27:05,793.4,8,59249,53984,794.95,21506,0.74
2021-06-15 10:27:09,793.4,8,59329,53984,794.95,21506,0.74
2021-06-15 10:27:12,793.4,8,59010,53898,794.95,21506,0.74
2021-06-15 10:27:15,792.9,25,59010,53898,794.95,21506,0.67
2021-06-15 10:27:16,792.9,25,59163,53918,794.95,21533,0.67
2021-06-15 10:27:27,792.9,25,59183,53918,794.95,21533,0.67
2021-06-15 10:27:35,793.7,7,59183,53918,794.95,21533,0.77
2021-06-15 10:27:37,793.85,2,59183,53918,794.95,21533,0.79
2021-06-15 10:27:38,794.0,1,59180,53828,794.95,21566,0.81
2021-06-15 10:27:42,794.0,1,59196,53858,794.95,21566,0.81
2021-06-15 10:27:45,794.0,1,59294,53858,794.95,21566,0.81
2021-06-15 10:28:03,794.0,1,59294,53864,794.95,21566,0.81
2021-06-15 10:28:07,794.0,1,59340,53775,794.95,21566,0.81
2021-06-15 10:28:10,794.0,1,59390,53775,794.95,21566,0.81
2021-06-15 10:28:25,794.0,1,59390,53784,794.95,21566,0.81
2021-06-15 10:28:30,794.35,14,59390,53784,794.95,21566,0.86
2021-06-15 10:28:31,794.35,14,59374,53777,794.95,21580,0.86
2021-06-15 10:28:43,794.35,14,58426,53775,794.95,21580,0.86
2021-06-15 10:28:47,794.35,14,58587,53698,794.95,21580,0.86
2021-06-15 10:28:48,794.6,3,58587,53698,794.95,21580,0.89
2021-06-15 10:28:52,794.6,3,58408,53703,794.95,21583,0.89
2021-06-15 10:28:53,793.7,7,58408,53703,794.95,21583,0.77
2021-06-15 10:28:55,793.7,7,58522,53776,794.94,21590,0.77
2021-06-15 10:29:00,793.7,7,58539,53774,794.94,21590,0.77
2021-06-15 10:29:07,793.7,7,58539,53730,794.94,21590,0.77
2021-06-15 10:29:11,793.7,7,58537,53729,794.94,21590,0.77
2021-06-15 10:29:19,793.7,7,58537,53692,794.94,21590,0.77
2021-06-15 10:29:24,793.7,7,58538,53692,794.94,21590,0.77
2021-06-15 10:29:24,795.0,31,58538,53692,794.94,21590,0.94
2021-06-15 10:29:28,795.0,31,58760,53554,794.94,21990,0.94
2021-06-15 10:29:31,795.0,31,58766,53542,794.94,21990,0.94
2021-06-15 10:29:35,795.0,31,58766,53543,794.94,21990,0.94
2021-06-15 10:29:39,794.0,2,58766,53518,794.94,21990,0.81
2021-06-15 10:29:40,796.75,15,58766,53518,794.94,21990,1.16
2021-06-15 10:29:40,795.05,3,58766,53518,794.94,21990,0.95
2021-06-15 10:29:43,795.05,3,58974,53211,794.98,22917,0.95
2021-06-15 10:29:46,795.05,3,59000,53311,794.98,22917,0.95
2021-06-15 10:29:47,795.0,10,59000,53311,794.98,22917,0.94
2021-06-15 10:29:50,795.0,24,58998,53378,794.98,22951,0.94
2021-06-15 10:29:54,795.0,24,58998,53366,794.98,22951,0.94
2021-06-15 10:29:57,795.0,24,58997,53366,794.98,22951,0.94
2021-06-15 10:30:00,795.0,24,58997,53380,794.98,22951,0.94
2021-06-15 10:30:08,795.0,24,58999,53379,794.98,22951,0.94
2021-06-15 10:30:11,795.0,67,58999,53379,794.98,22951,0.94
2021-06-15 10:30:12,794.35,73,58890,53361,794.97,23094,0.86
2021-06-15 10:30:16,794.35,73,58913,53627,794.97,23094,0.86
2021-06-15 10:30:21,794.35,73,58744,53857,794.97,23094,0.86
2021-06-15 10:30:24,794.3,1,58744,53857,794.97,23094,0.85
2021-06-15 10:30:25,794.3,1,58735,53857,794.97,23095,0.85
2021-06-15 10:30:35,793.1,5,58735,53857,794.97,23095,0.7
2021-06-15 10:30:36,794.15,8,58601,54545,794.97,23211,0.83
2021-06-15 10:30:40,794.15,8,58582,54556,794.97,23211,0.83
2021-06-15 10:30:44,794.15,8,58602,54478,794.97,23211,0.83
2021-06-15 10:30:52,794.15,8,58601,54428,794.97,23211,0.83
2021-06-15 10:31:03,793.1,12,58601,54428,794.97,23211,0.7
2021-06-15 10:31:04,793.1,12,58632,54435,794.96,23238,0.7
2021-06-15 10:31:08,793.1,12,58649,54421,794.96,23238,0.7
2021-06-15 10:31:12,793.1,12,58647,54473,794.96,23238,0.7
2021-06-15 10:31:16,793.1,12,58660,54475,794.96,23238,0.7
2021-06-15 10:31:47,793.1,12,58660,54456,794.96,23238,0.7
2021-06-15 10:31:57,794.0,8,58660,54456,794.96,23238,0.81
2021-06-15 10:31:58,794.0,8,58662,54450,794.96,23248,0.81
2021-06-15 10:31:59,794.0,2,58662,54450,794.96,23248,0.81
2021-06-15 10:32:01,794.0,2,58651,54432,794.96,23278,0.81
2021-06-15 10:32:19,794.0,1,58651,54432,794.96,23278,0.81
2021-06-15 10:32:22,794.0,1,58671,54432,794.96,23279,0.81
2021-06-15 10:32:22,794.0,20,58671,54432,794.96,23279,0.81
2021-06-15 10:32:25,794.0,20,58671,54434,794.96,23299,0.81
2021-06-15 10:32:28,794.0,20,58671,54922,794.96,23299,0.81
2021-06-15 10:32:34,794.0,20,58696,54922,794.96,23299,0.81
2021-06-15 10:32:38,794.0,20,58770,54796,794.96,23299,0.81
2021-06-15 10:32:40,793.25,1,58770,54796,794.96,23299,0.72
2021-06-15 10:32:42,793.25,1,58620,54942,794.96,23326,0.72
2021-06-15 10:32:49,793.25,1,58643,54904,794.96,23326,0.72
2021-06-15 10:33:03,793.25,1,58646,54905,794.96,23326,0.72
2021-06-15 10:33:07,793.95,1,58680,54882,794.96,23329,0.81
2021-06-15 10:33:08,793.3,1,58680,54882,794.96,23329,0.72
2021-06-15 10:33:10,793.3,1,58658,54951,794.96,23330,0.72
2021-06-15 10:33:14,793.3,1,58684,54951,794.96,23330,0.72
2021-06-15 10:33:18,793.3,1,58694,54950,794.96,23330,0.72
2021-06-15 10:33:34,793.3,1,58704,54950,794.96,23330,0.72
2021-06-15 10:33:42,793.25,5,58704,54950,794.96,23330,0.72
2021-06-15 10:33:45,793.25,5,58661,54949,794.96,23357,0.72
2021-06-15 10:33:55,793.25,5,58701,54949,794.96,23357,0.72
2021-06-15 10:33:58,793.95,2,58701,54949,794.96,23357,0.81
2021-06-15 10:34:00,793.95,2,58726,55066,794.96,23359,0.81
2021-06-15 10:34:09,793.95,2,58725,55100,794.96,23359,0.81
2021-06-15 10:34:12,793.95,2,58677,55129,794.96,23359,0.81
2021-06-15 10:34:15,793.95,5,58677,55129,794.96,23359,0.81
2021-06-15 10:34:17,793.05,3,58786,55124,794.96,23364,0.69
2021-06-15 10:34:20,793.05,3,58752,55074,794.96,23367,0.69
2021-06-15 10:34:24,793.1,47,58785,55012,794.96,23367,0.7
2021-06-15 10:34:27,793.1,47,58812,55040,794.95,23437,0.7
2021-06-15 10:34:32,793.95,9,58812,55040,794.95,23437,0.81
2021-06-15 10:34:34,792.95,23,58812,55040,794.95,23437,0.68
2021-06-15 10:34:35,792.95,23,58813,55044,794.95,23477,0.68
2021-06-15 10:34:39,793.9,6,58813,55044,794.95,23477,0.8
2021-06-15 10:34:43,793.9,6,58824,54977,794.95,23487,0.8
2021-06-15 10:34:47,793.9,6,58808,55026,794.95,23487,0.8
2021-06-15 10:34:48,793.0,12,58808,55026,794.95,23487,0.69
2021-06-15 10:34:50,793.0,12,58810,55048,794.95,23514,0.69
2021-06-15 10:34:54,793.0,12,58797,55050,794.95,23514,0.69
2021-06-15 10:34:58,793.0,12,58821,55049,794.95,23514,0.69
2021-06-15 10:35:03,792.9,8,58821,55049,794.95,23514,0.67
2021-06-15 10:35:05,792.85,10,58816,55044,794.95,23526,0.67
2021-06-15 10:35:09,792.85,10,58780,55228,794.94,23536,0.67
2021-06-15 10:35:25,792.85,10,58826,55227,794.94,23536,0.67
2021-06-15 10:35:32,792.85,10,58740,54859,794.94,23536,0.67
2021-06-15 10:35:36,792.85,10,58735,54859,794.94,23536,0.67
2021-06-15 10:35:38,793.0,5,58735,54859,794.94,23536,0.69
2021-06-15 10:35:39,793.0,22,58751,54834,794.94,23563,0.69
2021-06-15 10:35:42,793.0,22,58747,54860,794.94,23563,0.69
2021-06-15 10:35:45,793.0,22,58668,54861,794.94,23563,0.69
2021-06-15 10:36:03,793.0,22,58644,54864,794.94,23563,0.69
2021-06-15 10:36:10,793.0,22,58643,54907,794.94,23563,0.69
2021-06-15 10:36:16,792.7,27,58643,54907,794.94,23563,0.65
2021-06-15 10:36:18,792.7,27,58524,55070,794.94,23590,0.65
2021-06-15 10:36:21,792.7,27,58525,55047,794.94,23590,0.65
2021-06-15 10:36:34,793.0,25,58525,55047,794.94,23590,0.69
2021-06-15 10:36:37,793.0,25,58507,55147,794.94,23615,0.69
2021-06-15 10:36:37,793.0,2,58507,55147,794.94,23615,0.69
2021-06-15 10:36:40,793.0,2,58505,55147,794.94,23617,0.69
2021-06-15 10:36:48,793.0,2,58505,55148,794.94,23617,0.69
2021-06-15 10:36:51,792.7,62,58505,55148,794.94,23617,0.65
2021-06-15 10:36:52,792.7,62,58437,55215,794.93,23702,0.65
2021-06-15 10:36:56,792.55,14,58324,55300,794.93,23729,0.63
2021-06-15 10:37:04,792.55,14,58297,55298,794.93,23729,0.63
2021-06-15 10:37:18,792.55,14,58137,55138,794.93,23729,0.63
2021-06-15 10:37:22,792.55,14,58137,55136,794.93,23729,0.63
2021-06-15 10:37:36,792.55,14,58137,55125,794.93,23729,0.63
2021-06-15 10:37:39,792.55,14,58237,55148,794.93,23729,0.63
2021-06-15 10:37:45,792.55,14,58321,55149,794.93,23729,0.63
2021-06-15 10:37:51,792.55,14,58321,55148,794.93,23729,0.63
2021-06-15 10:37:54,792.55,14,58323,55149,794.93,23729,0.63
2021-06-15 10:38:01,792.55,14,58328,55148,794.93,23729,0.63
2021-06-15 10:38:10,792.55,14,58328,55199,794.93,23729,0.63
2021-06-15 10:38:13,792.55,14,58328,55220,794.93,23729,0.63
2021-06-15 10:38:27,792.55,14,58328,55207,794.93,23729,0.63
2021-06-15 10:38:34,792.7,2,58430,55207,794.93,23731,0.65
2021-06-15 10:38:39,793.3,1,58430,55207,794.93,23731,0.72
2021-06-15 10:38:40,792.55,1,58430,55207,794.93,23731,0.63
2021-06-15 10:38:42,793.3,3,58438,55165,794.92,23749,0.72
2021-06-15 10:38:49,793.3,3,58420,55083,794.92,23756,0.72
2021-06-15 10:38:52,793.3,3,58340,55083,794.92,23756,0.72
2021-06-15 10:38:53,793.35,4,58340,55083,794.92,23756,0.73
2021-06-15 10:38:55,793.35,4,58340,55078,794.92,23760,0.73
2021-06-15 10:38:59,793.35,4,58340,55077,794.92,23760,0.73
2021-06-15 10:39:06,793.35,5,58340,55072,794.92,23765,0.73
2021-06-15 10:39:27,793.85,8,58340,55072,794.92,23765,0.79
2021-06-15 10:39:30,793.85,8,58300,54961,794.92,23875,0.79
2021-06-15 10:39:47,793.85,8,58300,54967,794.92,23875,0.79
2021-06-15 10:40:09,793.35,25,58300,54967,794.92,23875,0.73
2021-06-15 10:40:12,793.35,25,58323,55082,794.92,23900,0.73
2021-06-15 10:40:16,793.35,25,58343,55091,794.92,23900,0.73
2021-06-15 10:40:20,793.35,25,58331,55091,794.92,23900,0.73
2021-06-15 10:40:31,793.35,25,58331,54690,794.92,23900,0.73
2021-06-15 10:41:10,793.35,25,58331,54706,794.92,23900,0.73
2021-06-15 10:41:27,793.35,15,58331,54706,794.92,23900,0.73
2021-06-15 10:41:27,793.75,14,58331,54706,794.92,23900,0.78
2021-06-15 10:41:28,793.75,14,58434,54680,794.91,23965,0.78
2021-06-15 10:41:31,793.75,14,58454,54704,794.91,23965,0.78
2021-06-15 10:41:38,793.75,14,58455,54690,794.91,23965,0.78
2021-06-15 10:41:48,792.8,3,58440,54685,794.91,23992,0.66
2021-06-15 10:41:48,794.4,9,58440,54685,794.91,23992,0.86
2021-06-15 10:41:49,793.9,22,58440,54685,794.91,23992,0.8
2021-06-15 10:41:51,793.9,22,58589,54337,794.91,25072,0.8
2021-06-15 10:41:54,793.9,22,58598,54613,794.91,25072,0.8
2021-06-15 10:41:58,793.9,22,58535,55180,794.91,25072,0.8
2021-06-15 10:42:02,793.9,22,58521,55056,794.91,25072,0.8
2021-06-15 10:42:05,793.9,22,58520,55201,794.91,25072,0.8
2021-06-15 10:42:09,793.9,22,58520,55301,794.91,25072,0.8
2021-06-15 10:42:12,793.9,22,58520,55210,794.91,25072,0.8
2021-06-15 10:42:16,793.9,22,58493,55291,794.91,25072,0.8
2021-06-15 10:42:19,793.9,22,58493,55279,794.91,25072,0.8
2021-06-15 10:42:25,793.9,22,58493,55284,794.91,25072,0.8
2021-06-15 10:42:29,793.9,22,58489,55284,794.91,25072,0.8
2021-06-15 10:42:39,793.9,22,58464,55287,794.91,25072,0.8
2021-06-15 10:42:40,793.9,21,58464,55287,794.91,25072,0.8
2021-06-15 10:42:43,793.9,21,58480,55238,794.91,25095,0.8
2021-06-15 10:42:53,793.9,21,58481,55091,794.91,25095,0.8
2021-06-15 10:43:06,793.9,21,58481,55141,794.91,25095,0.8
2021-06-15 10:43:16,792.95,14,58481,55141,794.91,25095,0.68
2021-06-15 10:43:19,792.95,14,58450,55347,794.91,25122,0.68
2021-06-15 10:43:23,792.95,14,58466,55423,794.91,25122,0.68
2021-06-15 10:43:27,792.95,14,58381,55423,794.91,25122,0.68
2021-06-15 10:43:33,792.95,14,58381,55473,794.91,25122,0.68
2021-06-15 10:43:37,793.0,79,58381,55473,794.91,25122,0.69
2021-06-15 10:43:37,793.0,79,58380,55424,794.9,25201,0.69
2021-06-15 10:43:40,792.95,31,58380,55424,794.9,25201,0.68
2021-06-15 10:43:41,792.95,31,58376,55282,794.89,25276,0.68
2021-06-15 10:43:44,792.95,31,58367,55348,794.89,25276,0.68
2021-06-15 10:43:48,793.55,1,58377,55351,794.89,25277,0.76
2021-06-15 10:43:51,793.55,1,58240,54908,794.89,25277,0.76
2021-06-15 10:43:55,793.55,1,58218,54909,794.89,25277,0.76
2021-06-15 10:43:58,793.55,1,58238,54909,794.89,25277,0.76
2021-06-15 10:44:03,793.55,1,58248,54909,794.89,25277,0.76
2021-06-15 10:44:06,793.55,1,58249,55015,794.89,25277,0.76
2021-06-15 10:44:10,793.55,1,58248,55015,794.89,25277,0.76
2021-06-15 10:44:15,793.55,1,58245,55042,794.89,25277,0.76
2021-06-15 10:44:26,793.55,1,58261,55042,794.89,25277,0.76
2021-06-15 10:44:39,792.65,13,58253,55040,794.89,25304,0.64
2021-06-15 10:44:42,792.65,13,58244,55039,794.89,25304,0.64
2021-06-15 10:44:46,792.65,13,58244,55043,794.89,25304,0.64
2021-06-15 10:44:49,792.65,13,58243,54990,794.89,25304,0.64
2021-06-15 10:44:52,793.5,16,58249,54974,794.89,25320,0.75
2021-06-15 10:44:53,792.6,5,58249,54974,794.89,25320,0.63
2021-06-15 10:44:55,792.6,5,58222,54974,794.89,25347,0.63
2021-06-15 10:45:00,792.6,5,58223,55002,794.89,25347,0.63
2021-06-15 10:45:03,792.6,5,58238,54961,794.89,25347,0.63
2021-06-15 10:45:06,793.5,3,58238,54958,794.89,25350,0.75
2021-06-15 10:45:10,793.5,3,58238,54937,794.89,25350,0.75
2021-06-15 10:45:30,793.5,3,58238,54983,794.89,25350,0.75
2021-06-15 10:45:33,793.5,3,58180,54991,794.89,25350,0.75
2021-06-15 10:45:55,793.5,3,58255,54731,794.89,25350,0.75
2021-06-15 10:46:03,793.5,21,58270,54445,794.89,25371,0.75
2021-06-15 10:46:06,793.5,21,58270,54499,794.89,25371,0.75
2021-06-15 10:46:12,793.3,15,58270,54499,794.89,25371,0.72
2021-06-15 10:46:13,793.3,15,58238,54495,794.89,25398,0.72
2021-06-15 10:46:19,793.3,15,58264,54489,794.89,25398,0.72
2021-06-15 10:46:23,793.3,15,58242,54490,794.89,25398,0.72
2021-06-15 10:46:27,793.3,15,58242,54491,794.89,25398,0.72
2021-06-15 10:46:30,793.3,15,58242,54478,794.89,25398,0.72
2021-06-15 10:46:34,793.3,15,58197,54510,794.89,25398,0.72
2021-06-15 10:46:38,792.7,3,58144,54525,794.88,25405,0.65
2021-06-15 10:46:38,792.6,9,58144,54525,794.88,25405,0.63
2021-06-15 10:46:41,792.6,9,58068,54682,794.88,25414,0.63
2021-06-15 10:46:43,792.55,25,58068,54682,794.88,25414,0.63
2021-06-15 10:46:45,792.55,25,58100,54602,794.88,25441,0.63
2021-06-15 10:46:48,792.55,25,58100,54627,794.88,25441,0.63
2021-06-15 10:47:10,793.4,10,58100,54627,794.88,25441,0.74
2021-06-15 10:47:11,793.4,10,58089,54534,794.88,25451,0.74
2021-06-15 10:47:15,793.4,10,58086,54560,794.88,25451,0.74
2021-06-15 10:47:25,793.4,10,58087,54560,794.88,25451,0.74
2021-06-15 10:47:33,793.4,2,58087,54560,794.88,25451,0.74
2021-06-15 10:47:36,793.4,2,58062,54522,794.88,25457,0.74
2021-06-15 10:47:37,792.65,11,58062,54522,794.88,25457,0.64
2021-06-15 10:47:38,792.55,19,58062,54522,794.88,25457,0.63
2021-06-15 10:47:39,792.55,19,58049,54513,794.88,25492,0.63
2021-06-15 10:47:55,792.55,27,58049,54513,794.88,25492,0.63
2021-06-15 10:47:57,792.55,27,58047,54692,794.87,25519,0.63
2021-06-15 10:48:01,793.3,494,58047,54692,794.87,25519,0.72
2021-06-15 10:48:04,793.3,494,58062,54929,794.84,26019,0.72
2021-06-15 10:48:07,793.3,494,58087,54934,794.84,26019,0.72
2021-06-15 10:48:15,793.3,494,58087,54940,794.84,26019,0.72
2021-06-15 10:48:36,793.3,494,58087,54936,794.84,26019,0.72
2021-06-15 10:48:40,793.3,494,58096,54980,794.84,26019,0.72
2021-06-15 10:48:45,792.7,1,58096,54980,794.84,26019,0.65
2021-06-15 10:48:46,792.7,1,58096,54981,794.84,26020,0.65
2021-06-15 10:48:50,792.7,1,58096,54637,794.84,26020,0.65
2021-06-15 10:48:52,792.7,2,58096,54637,794.84,26020,0.65
2021-06-15 10:48:57,792.7,2,58068,54725,794.84,26025,0.65
2021-06-15 10:48:57,792.55,3,58068,54725,794.84,26025,0.63
2021-06-15 10:49:00,792.55,3,58068,54756,794.84,26028,0.63
2021-06-15 10:49:17,792.55,3,58074,54754,794.84,26028,0.63
2021-06-15 10:49:21,792.55,3,58074,54781,794.84,26028,0.63
2021-06-15 10:49:24,792.55,3,58074,54779,794.84,26028,0.63
2021-06-15 10:49:27,792.55,10,58074,54779,794.84,26028,0.63
2021-06-15 10:49:28,792.55,10,58063,54770,794.84,26038,0.63
2021-06-15 10:49:38,792.55,10,58063,54771,794.84,26038,0.63
2021-06-15 10:50:00,792.55,10,58063,54768,794.84,26038,0.63
2021-06-15 10:50:03,792.55,10,57976,54868,794.84,26038,0.63
2021-06-15 10:50:09,792.55,10,57976,54871,794.84,26038,0.63
2021-06-15 10:50:12,792.55,10,57996,54881,794.84,26038,0.63
2021-06-15 10:50:16,792.55,10,57986,54901,794.84,26038,0.63
2021-06-15 10:50:19,792.55,10,57987,54905,794.84,26038,0.63
2021-06-15 10:50:20,793.0,5,57987,54905,794.84,26038,0.69
2021-06-15 10:50:21,793.0,13,57987,54905,794.84,26038,0.69
2021-06-15 10:50:22,793.0,13,58068,54829,794.84,26093,0.69
2021-06-15 10:50:26,793.0,13,58068,54887,794.84,26093,0.69
2021-06-15 10:50:27,792.55,5,58068,54887,794.84,26093,0.63
2021-06-15 10:50:28,792.55,5,58071,54918,794.84,26099,0.63
2021-06-15 10:50:31,792.5,1,58071,54918,794.84,26099,0.62
2021-06-15 10:50:32,792.5,1,58039,54954,794.84,26107,0.62
2021-06-15 10:50:36,792.5,1,57947,54954,794.84,26107,0.62
2021-06-15 10:50:39,792.5,1,58010,54954,794.84,26107,0.62
2021-06-15 10:50:42,792.5,1,58018,54954,794.84,26107,0.62
2021-06-15 10:50:45,792.5,1,58023,54954,794.84,26107,0.62
2021-06-15 10:50:51,792.5,1,58023,54979,794.84,26107,0.62
2021-06-15 10:50:52,792.0,7,58023,54979,794.84,26107,0.56
2021-06-15 10:50:54,792.0,7,57978,54976,794.83,26156,0.56
2021-06-15 10:50:57,792.0,7,57954,54918,794.83,26156,0.56
2021-06-15 10:51:00,792.0,7,57963,54954,794.83,26156,0.56
2021-06-15 10:51:03,792.0,7,58123,54954,794.83,26156,0.56
2021-06-15 10:51:09,792.0,24,58123,54954,794.83,26156,0.56
2021-06-15 10:51:09,792.0,24,58143,54956,794.83,26183,0.56
2021-06-15 10:51:15,792.0,1,58143,54956,794.83,26183,0.56
2021-06-15 10:51:16,792.0,1,58111,54983,794.83,26210,0.56
2021-06-15 10:51:20,792.85,20,58111,54983,794.83,26210,0.67
2021-06-15 10:51:22,792.85,20,58090,54995,794.83,26230,0.67
2021-06-15 10:51:30,792.85,20,58069,55019,794.83,26230,0.67
2021-06-15 10:51:35,792.7,10,58069,55019,794.83,26230,0.65
2021-06-15 10:51:37,792.7,10,58069,55009,794.82,26240,0.65
2021-06-15 10:51:45,792.7,10,58069,55044,794.82,26240,0.65
2021-06-15 10:51:58,792.7,10,58069,55046,794.82,26240,0.65
2021-06-15 10:52:00,792.7,5,58069,55046,794.82,26240,0.65
2021-06-15 10:52:01,792.7,5,58069,55043,794.82,26245,0.65
2021-06-15 10:52:05,792.7,5,58094,55043,794.82,26245,0.65
2021-06-15 10:52:12,792.7,5,58094,54952,794.82,26245,0.65
2021-06-15 10:52:22,792.7,5,58104,54952,794.82,26245,0.65
2021-06-15 10:52:25,792.7,5,58104,54922,794.82,26245,0.65
2021-06-15 10:52:28,792.7,5,58104,54966,794.82,26245,0.65
2021-06-15 10:52:31,792.7,5,58104,54970,794.82,26245,0.65
2021-06-15 10:52:54,792.7,5,58104,54980,794.82,26245,0.65
2021-06-15 10:53:00,792.7,5,58104,54990,794.82,26245,0.65
2021-06-15 10:53:03,792.0,38,58104,54990,794.82,26245,0.56
2021-06-15 10:53:04,792.0,38,58029,54856,794.82,26303,0.56
2021-06-15 10:53:07,792.0,38,58029,54866,794.82,26303,0.56
2021-06-15 10:53:10,792.0,38,58050,54866,794.82,26303,0.56
2021-06-15 10:53:34,792.0,5,58050,54866,794.82,26303,0.56
2021-06-15 10:53:36,792.95,1,58050,54866,794.82,26303,0.68
2021-06-15 10:53:37,792.95,1,58081,54866,794.82,26313,0.68
2021-06-15 10:53:40,792.95,1,58066,54865,794.82,26313,0.68
2021-06-15 10:53:57,792.95,1,58091,54865,794.82,26313,0.68
2021-06-15 10:54:05,792.95,1,58195,54845,794.82,26313,0.68
2021-06-15 10:54:19,792.95,1,58196,54870,794.82,26313,0.68
2021-06-15 10:54:23,792.95,20,58196,54870,794.82,26313,0.68
2021-06-15 10:54:25,792.95,20,58195,54850,794.82,26333,0.68
2021-06-15 10:54:33,792.95,20,58196,54860,794.82,26333,0.68
2021-06-15 10:54:46,792.95,20,58194,54860,794.82,26333,0.68
2021-06-15 10:54:52,792.3,5,58194,54860,794.82,26333,0.6
2021-06-15 10:54:54,792.3,5,58159,54935,794.82,26338,0.6
2021-06-15 10:54:57,792.3,5,58180,54933,794.82,26338,0.6
2021-06-15 10:55:00,792.3,5,58180,54930,794.82,26338,0.6
2021-06-15 10:55:06,792.3,5,58180,54920,794.82,26338,0.6
2021-06-15 10:55:10,792.95,2,58180,54920,794.82,26338,0.68
2021-06-15 10:55:13,792.95,2,58166,54888,794.81,26368,0.68
2021-06-15 10:55:19,792.95,2,58174,54907,794.81,26368,0.68
2021-06-15 10:55:22,793.0,9,58174,54907,794.81,26368,0.69
2021-06-15 10:55:23,793.0,9,58166,54893,794.81,26383,0.69
2021-06-15 10:55:24,793.0,25,58166,54893,794.81,26383,0.69
2021-06-15 10:55:26,793.0,25,58190,54858,794.81,26408,0.69
2021-06-15 10:55:27,792.15,5,58190,54858,794.81,26408,0.58
2021-06-15 10:55:30,792.15,5,58152,54890,794.81,26435,0.58
2021-06-15 10:55:43,792.15,5,58172,54887,794.81,26435,0.58
2021-06-15 10:55:46,792.15,5,58202,54885,794.81,26435,0.58
2021-06-15 10:55:50,792.15,5,58223,54885,794.81,26435,0.58
2021-06-15 10:56:19,792.15,5,58221,54885,794.81,26435,0.58
2021-06-15 10:56:26,792.15,5,58322,54885,794.81,26435,0.58
2021-06-15 10:56:32,792.15,5,58298,54885,794.81,26435,0.58
2021-06-15 10:56:35,792.15,5,58312,54885,794.81,26435,0.58
2021-06-15 10:56:39,793.0,11,58312,54885,794.81,26435,0.69
2021-06-15 10:56:42,793.0,11,58312,54877,794.81,26446,0.69
2021-06-15 10:56:51,793.0,5,58312,54877,794.81,26446,0.69
2021-06-15 10:56:52,793.0,5,58311,54870,794.81,26451,0.69
2021-06-15 10:56:55,792.15,9,58202,54851,794.8,26551,0.58
2021-06-15 10:56:59,792.15,9,58223,54867,794.8,26551,0.58
2021-06-15 10:57:06,792.15,9,58223,54862,794.8,26551,0.58
2021-06-15 10:57:08,792.25,28,58223,54862,794.8,26551,0.59
2021-06-15 10:57:10,792.25,28,58198,54851,794.79,26582,0.59
2021-06-15 10:57:13,792.25,31,58198,54851,794.79,26582,0.59
2021-06-15 10:57:15,793.0,15,58198,54851,794.79,26582,0.69
2021-06-15 10:57:22,793.0,15,58272,54798,794.79,26651,0.69
2021-06-15 10:57:28,793.0,15,58282,54798,794.79,26651,0.69
2021-06-15 10:57:30,793.0,60,58282,54798,794.79,26651,0.69
2021-06-15 10:57:32,793.0,60,58288,54851,794.78,26751,0.69
2021-06-15 10:57:39,793.0,13,58288,54851,794.78,26751,0.69
2021-06-15 10:57:42,793.0,13,58067,54892,794.78,26842,0.69
2021-06-15 10:57:43,792.05,17,58067,54892,794.78,26842,0.57
2021-06-15 10:57:45,792.05,17,58100,55064,794.77,26869,0.57
2021-06-15 10:57:52,792.05,17,58021,55057,794.77,26869,0.57
2021-06-15 10:57:55,792.05,17,58021,55056,794.77,26869,0.57
2021-06-15 10:58:30,792.9,21,58021,55056,794.77,26869,0.67
2021-06-15 10:58:31,792.9,21,58011,55341,794.77,26919,0.67
2021-06-15 10:58:40,792.9,21,58020,55375,794.77,26919,0.67
2021-06-15 10:58:53,792.9,21,58020,55209,794.77,26919,0.67
2021-06-15 10:59:11,792.9,21,58020,55219,794.77,26919,0.67
2021-06-15 10:59:34,792.9,21,58000,55218,794.77,26919,0.67
2021-06-15 10:59:46,792.9,21,58000,55220,794.77,26919,0.67
2021-06-15 10:59:57,792.9,1,58000,55220,794.77,26919,0.67
2021-06-15 11:00:00,792.9,1,57994,55217,794.77,26920,0.67
2021-06-15 11:00:03,792.9,1,57994,55227,794.77,26920,0.67
2021-06-15 11:00:06,792.9,3,57994,55227,794.77,26920,0.67
2021-06-15 11:00:06,792.9,3,57978,55214,794.77,26930,0.67
2021-06-15 11:00:08,792.95,3,57978,55214,794.77,26930,0.68
2021-06-15 11:00:09,792.95,3,57980,55226,794.77,26933,0.68
2021-06-15 11:00:13,792.95,3,57977,55216,794.77,26933,0.68
2021-06-15 11:00:22,792.95,3,57978,55243,794.77,26933,0.68
2021-06-15 11:00:26,792.95,3,57979,55153,794.77,26933,0.68
2021-06-15 11:00:33,792.95,3,57979,54974,794.77,26933,0.68
2021-06-15 11:00:44,792.05,5,57979,55006,794.77,26938,0.57
2021-06-15 11:00:57,792.05,5,57985,55110,794.77,26938,0.57
2021-06-15 11:01:00,792.05,5,57990,55110,794.77,26938,0.57
2021-06-15 11:01:03,792.05,5,57988,55133,794.77,26938,0.57
2021-06-15 11:01:09,792.05,5,57989,55130,794.77,26938,0.57
2021-06-15 11:01:10,792.05,3,57989,55130,794.77,26938,0.57
2021-06-15 11:01:12,792.05,3,57994,55326,794.77,26949,0.57
2021-06-15 11:01:13,792.0,7,57994,55326,794.77,26949,0.56
2021-06-15 11:01:15,792.0,7,57781,55578,794.75,27088,0.56
2021-06-15 11:01:18,792.0,7,57781,55562,794.75,27088,0.56
2021-06-15 11:01:19,791.75,7,57781,55562,794.75,27088,0.53
2021-06-15 11:01:20,791.75,7,57767,55559,794.75,27095,0.53
2021-06-15 11:01:21,792.15,1,57767,55559,794.75,27095,0.58
2021-06-15 11:01:23,792.15,1,57766,55584,794.75,27096,0.58
2021-06-15 11:01:27,792.0,25,57766,55584,794.75,27096,0.56
2021-06-15 11:01:28,792.0,25,57766,55605,794.75,27121,0.56
2021-06-15 11:01:31,791.75,1,57766,55605,794.75,27121,0.53
2021-06-15 11:01:33,791.75,1,57658,55607,794.75,27135,0.53
2021-06-15 11:01:34,792.0,10,57658,55607,794.75,27135,0.56
2021-06-15 11:01:40,791.5,4,57658,55607,794.75,27135,0.5
2021-06-15 11:01:42,791.5,4,57664,55611,794.75,27150,0.5
2021-06-15 11:01:46,791.5,4,57664,55632,794.75,27150,0.5
2021-06-15 11:01:49,791.5,4,57667,55631,794.75,27150,0.5
2021-06-15 11:01:50,791.5,3,57667,55631,794.75,27150,0.5
2021-06-15 11:01:53,791.5,3,57664,55631,794.75,27153,0.5
2021-06-15 11:01:55,792.0,1,57664,55631,794.75,27153,0.56
2021-06-15 11:01:57,792.0,1,57664,55628,794.75,27154,0.56
2021-06-15 11:02:00,792.0,1,57657,55666,794.75,27154,0.56
2021-06-15 11:02:01,791.5,27,57657,55666,794.75,27154,0.5
2021-06-15 11:02:03,791.5,27,57637,55666,794.74,27181,0.5
2021-06-15 11:02:04,792.0,11,57637,55666,794.74,27181,0.56
2021-06-15 11:02:05,792.0,2,57637,55666,794.74,27181,0.56
2021-06-15 11:02:06,792.0,2,57655,55702,794.74,27194,0.56
2021-06-15 11:02:12,792.0,2,57655,55383,794.74,27194,0.56
2021-06-15 11:02:20,792.0,2,57680,55383,794.74,27194,0.56
2021-06-15 11:03:14,791.5,100,57680,55383,794.74,27194,0.5
2021-06-15 11:03:17,791.5,100,57596,55375,794.73,27294,0.5
2021-06-15 11:03:19,791.5,100,57546,55413,794.73,27294,0.5
2021-06-15 11:03:22,791.5,100,57550,55389,794.73,27294,0.5
2021-06-15 11:03:25,791.5,100,57550,55392,794.73,27294,0.5
2021-06-15 11:03:28,791.5,100,57571,55372,794.73,27294,0.5
2021-06-15 11:03:30,791.9,2,57571,55372,794.73,27294,0.55
2021-06-15 11:03:31,791.9,2,57578,55367,794.73,27306,0.55
2021-06-15 11:03:34,791.9,2,57578,55378,794.73,27306,0.55
2021-06-15 11:03:39,791.95,4,57578,55378,794.73,27306,0.55
2021-06-15 11:03:40,791.95,4,57579,55352,794.72,27336,0.55
2021-06-15 11:03:42,791.9,1,57579,55352,794.72,27336,0.55
2021-06-15 11:03:43,791.9,1,57579,55354,794.72,27337,0.55
2021-06-15 11:03:55,791.9,1,57579,55333,794.72,27337,0.55
2021-06-15 11:04:00,791.9,50,57579,55333,794.72,27337,0.55
2021-06-15 11:04:00,791.9,50,57605,55331,794.72,27387,0.55
2021-06-15 11:04:06,791.9,50,57603,55330,794.72,27387,0.55
2021-06-15 11:04:07,791.95,1,57603,55330,794.72,27387,0.55
2021-06-15 11:04:09,791.95,1,57613,55334,794.72,27388,0.55
2021-06-15 11:04:15,791.9,7,57613,55334,794.72,27388,0.55
2021-06-15 11:04:15,791.9,7,57606,55359,794.72,27395,0.55
2021-06-15 11:04:30,791.95,1,57606,55359,794.72,27395,0.55
2021-06-15 11:04:31,791.95,1,57606,55358,794.72,27396,0.55
2021-06-15 11:04:46,791.95,2,57606,55358,794.72,27396,0.55
2021-06-15 11:04:48,791.95,2,57606,55346,794.72,27398,0.55
2021-06-15 11:04:50,791.9,3,57606,55346,794.72,27398,0.55
2021-06-15 11:04:51,791.9,3,57582,55327,794.72,27401,0.55
2021-06-15 11:04:55,791.9,3,57581,55342,794.72,27401,0.55
2021-06-15 11:05:06,791.9,3,57578,55386,794.72,27401,0.55
2021-06-15 11:05:08,791.9,3,57578,55383,794.72,27404,0.55
2021-06-15 11:05:15,791.55,4,57578,55383,794.72,27404,0.5
2021-06-15 11:05:15,791.55,4,57593,55380,794.72,27408,0.5
2021-06-15 11:05:16,791.5,1,57593,55380,794.72,27408,0.5
2021-06-15 11:05:19,791.5,1,57350,55534,794.71,27461,0.5
2021-06-15 11:05:22,791.5,1,57350,55485,794.71,27461,0.5
2021-06-15 11:05:28,791.5,14,57350,55485,794.71,27461,0.5
2021-06-15 11:05:29,791.5,14,57353,55712,794.71,27475,0.5
2021-06-15 11:05:31,791.1,4,57353,55712,794.71,27475,0.44
2021-06-15 11:05:33,791.1,4,57352,55356,794.71,27479,0.44
2021-06-15 11:05:36,791.1,4,57352,55376,794.71,27479,0.44
2021-06-15 11:05:37,791.5,1,57352,55376,794.71,27479,0.5
2021-06-15 11:05:39,791.5,1,57353,55387,794.71,27480,0.5
2021-06-15 11:05:40,791.1,7,57353,55387,794.71,27480,0.44
2021-06-15 11:05:43,791.1,7,57442,55406,794.71,27487,0.44
2021-06-15 11:05:46,791.1,7,57442,55403,794.71,27487,0.44
2021-06-15 11:05:55,791.05,1,57442,55403,794.71,27487,0.44
2021-06-15 11:05:56,791.05,1,57452,55402,794.71,27495,0.44
2021-06-15 11:05:57,791.0,1,57452,55402,794.71,27495,0.43
2021-06-15 11:05:58,790.65,4,57452,55402,794.71,27495,0.39
2021-06-15 11:05:59,790.05,66,57452,55402,794.71,27495,0.31
2021-06-15 11:06:00,790.85,1,57107,55460,794.68,27647,0.41
2021-06-15 11:06:06,790.85,1,57132,55442,794.68,27648,0.41
2021-06-15 11:06:09,790.85,1,57133,55442,794.68,27649,0.41
2021-06-15 11:06:12,790.75,1,57133,55442,794.68,27649,0.4
2021-06-15 11:06:12,790.75,1,57177,55614,794.68,27651,0.4
2021-06-15 11:06:16,790.75,1,57177,55843,794.68,27651,0.4
2021-06-15 11:06:20,790.75,1,57182,55864,794.68,27651,0.4
2021-06-15 11:06:24,790.75,1,57182,55861,794.68,27651,0.4
2021-06-15 11:06:27,790.75,1,57182,55858,794.68,27651,0.4
2021-06-15 11:06:34,790.0,1,57180,55855,794.68,27678,0.3
2021-06-15 11:06:39,790.0,1,57183,55855,794.68,27678,0.3
2021-06-15 11:06:40,790.45,10,57183,55855,794.68,27678,0.36
2021-06-15 11:06:42,790.45,10,56936,55936,794.66,27788,0.36
2021-06-15 11:06:43,790.45,2,56936,55936,794.66,27788,0.36
2021-06-15 11:06:46,790.45,2,57026,55934,794.66,27790,0.36
2021-06-15 11:06:48,790.7,8,57026,55934,794.66,27790,0.39
2021-06-15 11:06:49,791.25,3,57766,55591,794.63,28013,0.46
2021-06-15 11:06:50,790.95,14,57766,55591,794.63,28013,0.43
2021-06-15 11:06:53,790.95,14,58191,55574,794.62,28037,0.43
2021-06-15 11:06:56,790.95,14,58190,55596,794.62,28037,0.43
2021-06-15 11:07:01,791.75,3,58190,55596,794.62,28037,0.53
2021-06-15 11:07:02,791.75,3,58264,55721,794.62,28050,0.53
2021-06-15 11:07:06,791.75,3,58264,55720,794.62,28050,0.53
2021-06-15 11:07:12,791.75,3,57997,55469,794.62,28050,0.53
2021-06-15 11:07:18,791.05,19,57997,55469,794.62,28050,0.44
2021-06-15 11:07:19,791.05,19,57936,55476,794.62,28077,0.44
2021-06-15 11:07:31,791.05,19,57939,55474,794.62,28077,0.44
2021-06-15 11:07:37,791.7,8,57939,55474,794.62,28077,0.52
2021-06-15 11:07:40,791.7,8,58014,55482,794.62,28093,0.52
2021-06-15 11:07:43,791.7,8,58115,55511,794.62,28093,0.52
2021-06-15 11:07:49,791.7,8,58115,55538,794.62,28093,0.52
2021-06-15 11:07:52,791.7,8,58115,55539,794.62,28093,0.52
2021-06-15 11:07:58,791.7,8,58115,55546,794.62,28093,0.52
2021-06-15 11:08:07,792.0,50,58115,55546,794.62,28093,0.56
2021-06-15 11:08:08,791.85,18,58115,55546,794.62,28093,0.54
2021-06-15 11:08:09,791.85,18,58678,55200,794.61,28216,0.54
2021-06-15 11:08:12,791.85,18,58680,55300,794.61,28216,0.54
2021-06-15 11:08:19,791.85,18,58700,55300,794.61,28216,0.54
2021-06-15 11:08:28,791.85,18,58700,55302,794.61,28216,0.54
2021-06-15 11:08:34,791.85,18,58700,55303,794.61,28216,0.54
2021-06-15 11:08:47,791.45,4,58737,55366,794.6,28243,0.49
2021-06-15 11:08:48,791.4,19,58737,55366,794.6,28243,0.48
2021-06-15 11:08:50,791.4,19,58539,55489,794.6,28270,0.48
2021-06-15 11:08:56,791.4,19,58539,55577,794.6,28270,0.48
2021-06-15 11:08:59,792.0,6,58539,55577,794.6,28270,0.56
2021-06-15 11:09:02,792.0,6,58540,55495,794.6,28276,0.56
2021-06-15 11:09:05,792.0,6,58542,55495,794.6,28276,0.56
2021-06-15 11:09:28,792.0,6,58681,55427,794.6,28276,0.56
2021-06-15 11:09:37,792.0,6,58681,55339,794.6,28276,0.56
2021-06-15 11:09:38,791.55,5,58681,55339,794.6,28276,0.5
2021-06-15 11:09:40,791.55,5,58675,55339,794.6,28281,0.5
2021-06-15 11:10:01,791.55,5,58590,55339,794.6,28281,0.5
2021-06-15 11:10:03,791.55,27,58590,55339,794.6,28281,0.5
2021-06-15 11:10:04,791.55,27,58596,55330,794.6,28308,0.5
2021-06-15 11:10:07,791.55,27,58596,55331,794.6,28308,0.5
2021-06-15 11:10:13,791.55,27,58601,55331,794.6,28308,0.5
2021-06-15 11:10:17,792.5,1,58601,55331,794.6,28308,0.62
2021-06-15 11:10:19,792.5,1,58602,55332,794.6,28309,0.62
2021-06-15 11:10:26,791.5,26,58602,55332,794.6,28309,0.5
2021-06-15 11:10:27,791.5,15,58601,55370,794.59,28377,0.5
2021-06-15 11:10:28,791.5,36,58601,55370,794.59,28377,0.5
2021-06-15 11:10:30,791.5,36,58567,55369,794.59,28413,0.5
2021-06-15 11:10:37,791.5,36,58320,55287,794.59,28413,0.5
2021-06-15 11:10:43,791.45,3,58344,55286,794.58,28416,0.49
2021-06-15 11:10:48,791.45,3,58355,55285,794.58,28416,0.49
2021-06-15 11:10:51,791.45,3,58312,55285,794.58,28416,0.49
2021-06-15 11:10:54,791.45,3,58335,55285,794.58,28416,0.49
2021-06-15 11:10:57,791.45,1,58335,55285,794.58,28416,0.49
2021-06-15 11:10:58,791.45,1,58329,55285,794.58,28424,0.49
2021-06-15 11:11:01,791.45,1,58330,55285,794.58,28424,0.49
2021-06-15 11:11:07,791.45,27,58399,55285,794.58,28451,0.49
2021-06-15 11:11:07,791.5,27,58399,55285,794.58,28451,0.5
2021-06-15 11:11:10,791.5,27,58362,55285,794.58,28478,0.5
2021-06-15 11:11:13,791.5,27,58386,55312,794.58,28478,0.5
2021-06-15 11:11:30,791.5,27,58400,55311,794.58,28478,0.5
2021-06-15 11:11:33,791.5,27,58401,55316,794.58,28478,0.5
2021-06-15 11:11:35,792.25,4,58401,55316,794.58,28478,0.59
2021-06-15 11:11:36,792.25,4,58505,55312,794.58,28482,0.59
2021-06-15 11:11:41,792.25,4,58607,55187,794.58,28482,0.59
2021-06-15 11:11:47,792.25,4,58607,55192,794.58,28482,0.59
2021-06-15 11:11:55,792.25,4,58707,55213,794.58,28482,0.59
2021-06-15 11:11:57,792.25,1,58707,55213,794.58,28482,0.59
2021-06-15 11:11:59,792.25,1,58711,55221,794.58,28483,0.59
2021-06-15 11:12:08,792.25,1,58711,55226,794.58,28483,0.59
2021-06-15 11:12:11,792.25,1,58541,55226,794.58,28483,0.59
2021-06-15 11:12:17,792.25,1,58544,55226,794.58,28483,0.59
2021-06-15 11:12:36,792.25,1,58545,55204,794.58,28483,0.59
2021-06-15 11:12:39,792.25,1,58544,55225,794.58,28483,0.59
2021-06-15 11:12:49,791.8,2,58529,55225,794.58,28490,0.53
2021-06-15 11:12:49,792.35,2,58529,55225,794.58,28490,0.6
2021-06-15 11:12:52,792.35,2,58529,55223,794.58,28492,0.6
2021-06-15 11:12:58,792.35,2,58518,55270,794.58,28492,0.6
2021-06-15 11:13:01,792.35,2,58538,55270,794.58,28492,0.6
2021-06-15 11:13:04,792.35,2,58453,55271,794.58,28492,0.6
2021-06-15 11:13:11,791.75,5,58453,55271,794.58,28492,0.53
2021-06-15 11:13:13,791.75,5,58465,55290,794.58,28497,0.53
2021-06-15 11:13:18,791.75,1,58465,55290,794.58,28497,0.53
2021-06-15 11:13:18,791.75,1,58465,55309,794.58,28498,0.53
2021-06-15 11:13:21,791.75,1,58464,55309,794.58,28498,0.53
2021-06-15 11:13:24,791.6,27,58464,55309,794.58,28498,0.51
2021-06-15 11:13:24,791.6,21,58464,55309,794.58,28498,0.51
2021-06-15 11:13:25,791.6,21,58422,55288,794.57,28546,0.51
2021-06-15 11:13:28,791.6,21,58406,55373,794.57,28546,0.51
2021-06-15 11:13:31,791.6,21,58406,55374,794.57,28546,0.51
2021-06-15 11:13:36,792.25,15,58406,55374,794.57,28546,0.59
2021-06-15 11:13:37,792.25,15,58402,55322,794.57,28596,0.59
2021-06-15 11:13:40,792.25,15,58423,55321,794.57,28596,0.59
2021-06-15 11:13:43,792.25,15,58423,55326,794.57,28596,0.59
2021-06-15 11:13:46,792.25,15,58423,55331,794.57,28596,0.59
2021-06-15 11:14:02,792.25,15,58421,55331,794.57,28596,0.59
2021-06-15 11:14:21,792.5,9,58421,55331,794.57,28596,0.62
2021-06-15 11:14:22,792.5,9,58404,55335,794.56,28746,0.62
2021-06-15 11:14:25,792.5,9,58412,55356,794.56,28746,0.62
2021-06-15 11:14:28,792.5,9,58412,55377,794.56,28746,0.62
2021-06-15 11:14:31,792.5,9,58412,55382,794.56,28746,0.62
2021-06-15 11:14:45,792.5,9,58411,55409,794.56,28746,0.62
2021-06-15 11:14:48,792.5,9,58411,55386,794.56,28746,0.62
2021-06-15 11:14:54,792.5,9,58411,55435,794.56,28746,0.62
2021-06-15 11:15:14,792.5,9,58426,55464,794.56,28746,0.62
2021-06-15 11:15:15,792.0,4,58426,55464,794.56,28746,0.56
2021-06-15 11:15:15,792.0,2,58426,55464,794.56,28746,0.56
2021-06-15 11:15:17,792.0,2,58418,55469,794.56,28752,0.56
2021-06-15 11:15:22,792.0,25,58418,55469,794.56,28752,0.56
2021-06-15 11:15:22,792.0,50,58418,55469,794.56,28752,0.56
2021-06-15 11:15:23,792.0,50,58380,55509,794.55,28827,0.56
2021-06-15 11:15:24,792.0,2,58380,55509,794.55,28827,0.56
2021-06-15 11:15:25,791.25,12,58380,55509,794.55,28827,0.46
2021-06-15 11:15:25,791.4,1,57797,56194,794.51,29198,0.48
2021-06-15 11:15:27,791.45,4,57797,56194,794.51,29198,0.49
2021-06-15 11:15:28,791.45,4,57849,56102,794.51,29223,0.49
2021-06-15 11:15:30,791.6,17,57849,56102,794.51,29223,0.51
2021-06-15 11:15:31,791.6,17,57896,55856,794.51,29248,0.51
2021-06-15 11:15:36,791.6,2,57896,55856,794.51,29248,0.51
2021-06-15 11:15:36,791.6,1,57896,55856,794.51,29248,0.51
2021-06-15 11:15:37,791.6,1,57808,55853,794.51,29256,0.51
2021-06-15 11:15:40,791.6,1,57808,55835,794.51,29256,0.51
2021-06-15 11:15:43,790.85,19,57808,55853,794.51,29256,0.41
2021-06-15 11:15:46,790.85,19,57693,55884,794.5,29283,0.41
2021-06-15 11:15:49,790.85,19,57696,55885,794.5,29283,0.41
2021-06-15 11:15:49,791.6,17,57696,55885,794.5,29283,0.51
2021-06-15 11:15:52,791.6,17,57815,55907,794.5,29308,0.51
2021-06-15 11:15:55,791.6,17,57815,56008,794.5,29308,0.51
2021-06-15 11:16:00,791.6,17,57815,56031,794.5,29308,0.51
2021-06-15 11:16:03,791.6,17,57814,56057,794.5,29308,0.51
2021-06-15 11:16:08,791.6,17,57815,56081,794.5,29308,0.51
2021-06-15 11:16:15,791.6,17,57815,56082,794.5,29308,0.51
2021-06-15 11:16:18,791.6,17,57815,56107,794.5,29308,0.51
2021-06-15 11:16:30,791.6,17,57814,56135,794.5,29308,0.51
2021-06-15 11:16:46,790.8,1,57814,56135,794.5,29308,0.41
2021-06-15 11:16:47,790.85,1,57814,56135,794.5,29308,0.41
2021-06-15 11:16:49,790.6,50,57814,56135,794.5,29308,0.38
2021-06-15 11:16:51,790.6,50,57651,56454,794.49,29396,0.38
2021-06-15 11:16:54,790.6,50,57673,56660,794.47,29546,0.38
2021-06-15 11:16:57,790.6,50,57673,56673,794.47,29546,0.38
2021-06-15 11:17:00,790.85,7,57673,56673,794.47,29546,0.41
2021-06-15 11:17:00,790.85,7,57649,56694,794.47,29553,0.41
2021-06-15 11:17:03,790.6,27,57649,56694,794.47,29553,0.38
2021-06-15 11:17:03,790.6,27,57633,56666,794.46,29580,0.38
2021-06-15 11:17:06,790.6,27,57665,56667,794.46,29580,0.38
2021-06-15 11:17:12,790.6,27,57645,56667,794.46,29580,0.38
2021-06-15 11:17:14,790.6,27,57666,56667,794.46,29580,0.38
2021-06-15 11:17:17,790.6,27,57666,56688,794.46,29580,0.38
2021-06-15 11:17:19,790.6,27,57666,56668,794.46,29580,0.38
2021-06-15 11:17:34,790.6,27,57666,56687,794.46,29580,0.38
2021-06-15 11:17:37,790.6,27,57666,56608,794.46,29580,0.38
2021-06-15 11:17:37,790.6,19,57666,56608,794.46,29580,0.38
2021-06-15 11:17:38,790.85,17,57666,56608,794.46,29580,0.41
2021-06-15 11:17:39,790.85,17,57666,56602,794.46,29624,0.41
2021-06-15 11:17:42,790.85,17,57668,56612,794.46,29624,0.41
2021-06-15 11:17:46,790.8,24,57668,56612,794.46,29624,0.41
2021-06-15 11:17:47,790.8,24,57664,56610,794.45,29649,0.41
2021-06-15 11:17:49,790.8,24,57672,56581,794.45,29649,0.41
2021-06-15 11:17:52,790.8,24,57672,56600,794.45,29649,0.41
2021-06-15 11:17:58,790.8,24,57672,56603,794.45,29649,0.41
2021-06-15 11:18:13,790.8,24,57672,56702,794.45,29649,0.41
2021-06-15 11:18:28,790.85,2,57672,56702,794.45,29649,0.41
2021-06-15 11:18:30,790.85,2,57672,56676,794.45,29651,0.41
2021-06-15 11:18:42,790.85,1,57672,56676,794.45,29651,0.41
2021-06-15 11:18:43,790.85,1,57672,56675,794.45,29652,0.41
2021-06-15 11:18:46,790.85,1,57672,56702,794.45,29652,0.41
2021-06-15 11:19:03,792.0,213,57672,56702,794.45,29652,0.56
2021-06-15 11:19:04,790.9,7,57898,56143,794.34,30781,0.42
2021-06-15 11:19:05,790.85,21,57898,56143,794.34,30781,0.41
2021-06-15 11:19:07,790.85,21,58293,56216,794.34,30811,0.41
2021-06-15 11:19:10,790.85,21,58277,56232,794.34,30811,0.41
2021-06-15 11:19:14,791.7,2,58277,56232,794.34,30811,0.52
2021-06-15 11:19:17,791.7,2,58351,56173,794.34,30865,0.52
2021-06-15 11:19:19,791.7,2,58351,56206,794.34,30865,0.52
2021-06-15 11:19:22,791.7,2,58351,56186,794.34,30865,0.52
2021-06-15 11:19:25,791.7,2,58350,56208,794.34,30865,0.52
2021-06-15 11:19:39,791.7,2,58351,56265,794.34,30865,0.52
2021-06-15 11:19:45,791.7,2,58352,56285,794.34,30865,0.52
2021-06-15 11:20:03,791.7,2,58372,56285,794.34,30865,0.52
2021-06-15 11:20:07,791.7,2,58405,56384,794.34,30865,0.52
2021-06-15 11:20:12,791.0,5,58405,56384,794.34,30865,0.43
2021-06-15 11:20:15,791.0,5,58453,56655,794.32,30986,0.43
2021-06-15 11:20:16,790.95,14,58453,56655,794.32,30986,0.43
2021-06-15 11:20:17,791.4,3,58453,56655,794.32,30986,0.48
2021-06-15 11:20:18,791.4,3,58461,56663,794.32,31003,0.48
2021-06-15 11:20:19,791.4,18,58461,56663,794.32,31003,0.48
2021-06-15 11:20:21,791.4,18,58439,56616,794.32,31028,0.48
2021-06-15 11:20:23,791.4,18,58463,56530,794.32,31028,0.48
2021-06-15 11:20:25,791.45,25,58463,56530,794.32,31028,0.49
2021-06-15 11:20:26,791.45,25,58473,56549,794.32,31053,0.49
2021-06-15 11:20:28,791.45,25,58431,56616,794.31,31078,0.49
2021-06-15 11:20:30,791.65,3,58431,56616,794.31,31078,0.51
2021-06-15 11:20:31,791.65,3,58466,56604,794.31,31103,0.51
2021-06-15 11:20:34,791.65,3,58466,56627,794.31,31103,0.51
2021-06-15 11:20:37,791.65,3,58467,56661,794.31,31103,0.51
2021-06-15 11:20:39,791.65,3,58467,56689,794.31,31103,0.51
2021-06-15 11:20:42,791.65,3,58470,56688,794.31,31103,0.51
2021-06-15 11:20:48,791.65,3,58477,56734,794.31,31103,0.51
2021-06-15 11:20:50,791.65,3,58477,56759,794.31,31103,0.51
2021-06-15 11:20:52,791.65,3,58476,56684,794.31,31103,0.51
2021-06-15 11:20:55,791.65,3,58476,56706,794.31,31103,0.51
2021-06-15 11:20:58,791.65,3,58475,56706,794.31,31103,0.51
2021-06-15 11:21:04,791.65,3,58476,56730,794.31,31103,0.51
2021-06-15 11:21:07,791.6,25,58475,56756,794.31,31103,0.51
2021-06-15 11:21:10,791.6,25,58456,56757,794.31,31128,0.51
2021-06-15 11:21:12,791.6,25,58459,56757,794.31,31128,0.51
2021-06-15 11:21:14,790.8,46,58459,56757,794.31,31128,0.41
2021-06-15 11:21:15,790.8,46,58476,56619,794.3,31203,0.41
2021-06-15 11:21:18,790.8,46,58470,56643,794.3,31203,0.41
2021-06-15 11:21:21,790.8,46,58498,56781,794.3,31203,0.41
2021-06-15 11:21:24,790.8,46,58644,56777,794.3,31203,0.41
2021-06-15 11:21:29,790.8,46,58647,56776,794.3,31203,0.41
2021-06-15 11:21:32,790.8,46,58665,56776,794.3,31203,0.41
2021-06-15 11:21:35,790.8,46,58672,56774,794.3,31203,0.41
2021-06-15 11:21:39,790.8,46,58672,56726,794.3,31203,0.41
2021-06-15 11:21:42,790.8,46,58672,56793,794.3,31203,0.41
2021-06-15 11:21:54,790.8,5,58587,56763,794.3,31208,0.41
2021-06-15 11:21:57,791.4,10,58587,56753,794.3,31218,0.48
2021-06-15 11:21:59,790.6,48,58587,56753,794.3,31218,0.38
2021-06-15 11:22:00,790.6,48,58606,56791,794.29,31312,0.38
2021-06-15 11:22:03,790.6,48,58580,56709,794.29,31312,0.38
2021-06-15 11:22:04,790.6,38,58580,56709,794.29,31312,0.38
2021-06-15 11:22:06,790.45,2,58436,56826,794.28,31400,0.36
2021-06-15 11:22:09,790.45,2,58216,56832,794.27,31443,0.36
2021-06-15 11:22:15,790.45,2,58222,56843,794.27,31443,0.36
2021-06-15 11:22:16,790.05,3,58222,56843,794.27,31443,0.31
2021-06-15 11:22:18,790.05,3,57845,56993,794.24,31693,0.31
2021-06-15 11:22:21,790.05,3,57868,56935,794.24,31693,0.31
2021-06-15 11:22:22,790.15,6,57868,56935,794.24,31693,0.32
2021-06-15 11:22:22,790.15,2,57868,56935,794.24,31693,0.32
2021-06-15 11:22:24,790.15,2,57873,57020,794.24,31701,0.32
2021-06-15 11:22:30,790.15,2,57878,57093,794.24,31701,0.32
2021-06-15 11:22:33,790.15,2,57878,57098,794.24,31701,0.32
2021-06-15 11:22:33,789.4,1,57878,57098,794.24,31701,0.23
2021-06-15 11:22:35,789.0,4,57878,57098,794.24,31701,0.18
2021-06-15 11:22:36,789.0,4,57603,57460,794.2,31925,0.18
2021-06-15 11:22:37,789.1,4,57603,57460,794.2,31925,0.19
2021-06-15 11:22:39,789.1,4,57617,57501,794.2,31929,0.19
2021-06-15 11:22:43,789.1,1,57617,57501,794.2,31929,0.19
2021-06-15 11:22:46,789.1,1,57617,57500,794.2,31930,0.19
2021-06-15 11:22:49,789.1,1,57620,57500,794.2,31930,0.19
2021-06-15 11:22:51,789.25,12,57620,57500,794.2,31930,0.21
2021-06-15 11:22:52,789.25,12,57674,57496,794.2,31955,0.21
2021-06-15 11:22:55,789.25,12,57684,57476,794.2,31955,0.21
2021-06-15 11:22:56,789.6,1,57684,57476,794.2,31955,0.25
2021-06-15 11:22:58,789.6,1,57706,57482,794.2,31962,0.25
2021-06-15 11:23:04,789.6,1,57706,57509,794.2,31962,0.25
2021-06-15 11:23:07,789.6,1,57709,57509,794.2,31962,0.25
2021-06-15 11:23:29,789.6,1,57711,57511,794.2,31962,0.25
2021-06-15 11:23:32,789.6,1,57710,57411,794.2,31962,0.25
2021-06-15 11:23:42,789.6,15,57761,57404,794.2,31977,0.25
2021-06-15 11:23:53,789.6,15,57873,57403,794.2,31977,0.25
2021-06-15 11:23:58,789.05,3,57873,57403,794.2,31977,0.18
2021-06-15 11:23:58,789.05,3,57798,57363,794.19,32007,0.18
2021-06-15 11:23:59,789.65,3,57798,57363,794.19,32007,0.26
2021-06-15 11:24:00,789.6,1,57798,57363,794.19,32007,0.25
2021-06-15 11:24:02,789.6,1,57933,57280,794.18,32084,0.25
2021-06-15 11:24:03,789.05,3,57933,57280,794.18,32084,0.18
2021-06-15 11:24:05,789.05,3,57803,57364,794.17,32134,0.18
2021-06-15 11:24:09,789.05,3,57803,57374,794.17,32134,0.18
2021-06-15 11:24:12,789.7,2,57803,57374,794.17,32134,0.27
2021-06-15 11:24:12,789.7,2,57802,57398,794.17,32136,0.27
2021-06-15 11:24:15,789.0,17,57802,57398,794.17,32136,0.18
2021-06-15 11:24:15,789.0,17,57828,57403,794.17,32164,0.18
2021-06-15 11:24:24,789.55,1,57828,57403,794.17,32164,0.25
2021-06-15 11:24:27,789.55,1,57829,57400,794.17,32165,0.25
2021-06-15 11:24:33,789.55,1,57867,57401,794.17,32165,0.25
2021-06-15 11:24:36,789.55,1,57877,57401,794.17,32165,0.25
2021-06-15 11:24:39,789.55,1,57888,57401,794.17,32165,0.25
2021-06-15 11:24:51,789.55,1,57889,57410,794.17,32165,0.25
2021-06-15 11:24:54,789.55,1,57892,57411,794.17,32165,0.25
2021-06-15 11:25:09,789.75,5,57892,57411,794.17,32165,0.27
2021-06-15 11:25:12,789.75,5,57899,57410,794.17,32170,0.27
2021-06-15 11:25:21,789.75,5,58051,57408,794.17,32170,0.27
2021-06-15 11:25:27,789.75,5,58053,57408,794.17,32170,0.27
2021-06-15 11:25:36,789.85,4,58053,57408,794.17,32170,0.29
2021-06-15 11:25:38,789.85,4,58085,57407,794.17,32174,0.29
2021-06-15 11:25:56,789.95,28,58085,57407,794.17,32174,0.3
2021-06-15 11:25:58,789.95,28,58083,57309,794.16,32224,0.3
2021-06-15 11:26:01,789.95,28,58082,57312,794.16,32224,0.3
2021-06-15 11:26:08,789.95,28,58082,57912,794.16,32224,0.3
2021-06-15 11:26:09,790.0,2,58082,57912,794.16,32224,0.3
2021-06-15 11:26:10,790.0,9,58082,57912,794.16,32224,0.3
2021-06-15 11:26:11,790.0,9,58082,57906,794.16,32235,0.3
2021-06-15 11:26:14,790.0,9,58087,57894,794.16,32235,0.3
2021-06-15 11:26:21,790.0,9,58087,57904,794.16,32235,0.3
2021-06-15 11:26:22,789.2,1,58087,57904,794.16,32235,0.2
2021-06-15 11:26:23,789.2,1,58086,57923,794.16,32236,0.2
2021-06-15 11:26:32,789.2,1,58064,57914,794.16,32236,0.2
2021-06-15 11:26:39,789.2,1,58063,57914,794.16,32236,0.2
2021-06-15 11:26:48,789.2,1,58062,57940,794.16,32236,0.2
2021-06-15 11:26:54,789.2,1,58064,57940,794.16,32236,0.2
2021-06-15 11:26:57,790.0,5,58064,57940,794.16,32236,0.3
2021-06-15 11:26:57,790.0,5,58064,57938,794.16,32241,0.3
2021-06-15 11:26:58,790.0,47,58064,57938,794.16,32241,0.3
2021-06-15 11:27:00,790.0,47,58158,57899,794.15,32291,0.3
2021-06-15 11:27:02,789.2,4,58158,57899,794.15,32291,0.2
2021-06-15 11:27:04,789.2,4,58113,57863,794.15,32316,0.2
2021-06-15 11:27:07,789.2,4,58113,57885,794.15,32316,0.2
2021-06-15 11:27:14,789.2,4,58134,57885,794.15,32316,0.2
2021-06-15 11:27:20,789.2,4,58134,57912,794.15,32316,0.2
2021-06-15 11:27:26,789.2,4,58159,57912,794.15,32316,0.2
2021-06-15 11:27:42,789.2,4,58160,57911,794.15,32316,0.2
2021-06-15 11:27:51,789.2,4,58165,57861,794.15,32316,0.2
2021-06-15 11:28:00,789.2,4,58163,57861,794.15,32316,0.2
2021-06-15 11:28:23,789.2,4,58168,57871,794.15,32316,0.2
2021-06-15 11:28:24,789.2,5,58168,57871,794.15,32316,0.2
2021-06-15 11:28:26,789.2,5,58197,57876,794.14,32343,0.2
2021-06-15 11:28:50,789.2,5,57937,57449,794.14,32343,0.2
2021-06-15 11:28:55,789.2,5,57974,57441,794.14,32343,0.2
2021-06-15 11:29:09,789.2,5,57966,57441,794.14,32343,0.2
2021-06-15 11:29:24,789.2,5,57985,57441,794.14,32343,0.2
2021-06-15 11:29:38,789.3,17,57985,57441,794.14,32343,0.22
2021-06-15 11:29:39,789.3,17,57958,57441,794.14,32370,0.22
2021-06-15 11:29:48,789.3,17,57948,57469,794.14,32370,0.22
2021-06-15 11:30:01,790.0,3,57948,57469,794.14,32370,0.3
2021-06-15 11:30:02,790.0,3,57948,57466,794.14,32373,0.3
2021-06-15 11:30:22,789.25,35,57948,57466,794.14,32373,0.21
2021-06-15 11:30:24,789.25,35,57919,57431,794.13,32408,0.21
2021-06-15 11:30:32,789.25,35,57751,57369,794.13,32408,0.21
2021-06-15 11:30:45,790.0,5,57752,57359,794.13,32418,0.3
2021-06-15 11:30:49,790.0,23,57752,57359,794.13,32418,0.3
2021-06-15 11:30:51,790.0,23,57742,57330,794.13,32443,0.3
2021-06-15 11:30:54,790.0,23,57713,57281,794.13,32443,0.3
2021-06-15 11:30:57,790.0,23,57671,57432,794.13,32443,0.3
2021-06-15 11:31:00,790.0,23,57676,57432,794.13,32443,0.3
2021-06-15 11:31:05,790.0,23,57676,57439,794.13,32443,0.3
2021-06-15 11:31:22,790.0,23,57705,57440,794.13,32443,0.3
2021-06-15 11:31:39,790.0,23,57705,57453,794.13,32443,0.3
2021-06-15 11:31:49,789.85,2,57706,57451,794.13,32445,0.29
2021-06-15 11:31:58,789.85,10,57706,57451,794.13,32445,0.29
2021-06-15 11:32:01,789.85,10,57706,57441,794.13,32455,0.29
2021-06-15 11:32:02,790.0,45,57706,57441,794.13,32455,0.3
2021-06-15 11:32:04,790.0,45,57715,57356,794.12,32510,0.3
2021-06-15 11:32:10,790.0,45,57715,56926,794.12,32510,0.3
2021-06-15 11:32:16,790.0,45,57714,56947,794.12,32510,0.3
2021-06-15 11:32:21,790.0,79,57714,56947,794.12,32510,0.3
2021-06-15 11:32:23,790.0,79,57703,56862,794.11,32610,0.3
2021-06-15 11:32:25,790.0,79,57709,56909,794.11,32610,0.3
2021-06-15 11:32:28,790.0,79,57709,56921,794.11,32610,0.3
2021-06-15 11:32:48,790.0,79,57707,56923,794.11,32610,0.3
2021-06-15 11:32:55,790.0,79,57707,56936,794.11,32610,0.3
2021-06-15 11:33:30,790.0,30,57707,56936,794.11,32610,0.3
2021-06-15 11:33:31,790.0,30,57713,56903,794.1,32640,0.3
2021-06-15 11:33:32,790.0,5,57713,56903,794.1,32640,0.3
2021-06-15 11:33:34,790.0,5,57720,56897,794.1,32690,0.3
2021-06-15 11:33:36,790.0,5,57709,56944,794.1,32690,0.3
2021-06-15 11:33:43,790.0,5,57711,56971,794.1,32690,0.3
2021-06-15 11:33:45,788.75,15,57711,56971,794.1,32690,0.15
2021-06-15 11:33:46,788.75,15,57482,57010,794.06,32940,0.15
2021-06-15 11:33:49,788.75,15,57489,57010,794.06,32940,0.15
2021-06-15 11:33:50,789.5,3,57489,57010,794.06,32940,0.24
2021-06-15 11:33:51,789.5,2,57489,57010,794.06,32940,0.24
2021-06-15 11:33:51,789.5,2,57487,56828,794.06,32950,0.24
2021-06-15 11:33:54,789.5,2,57487,56827,794.06,32950,0.24
2021-06-15 11:34:05,789.5,2,57488,56827,794.06,32950,0.24
2021-06-15 11:34:13,789.5,2,57485,56828,794.06,32950,0.24
2021-06-15 11:34:31,789.5,2,57503,57014,794.06,32950,0.24
2021-06-15 11:35:11,789.5,2,57528,57276,794.06,32950,0.24
2021-06-15 11:35:31,789.5,2,57528,57014,794.06,32950,0.24
2021-06-15 11:35:45,789.5,2,57528,57013,794.06,32950,0.24
2021-06-15 11:36:09,789.5,2,57607,56997,794.06,32950,0.24
2021-06-15 11:36:12,789.5,2,57607,56998,794.06,32950,0.24
2021-06-15 11:36:44,789.5,2,57598,57039,794.06,32950,0.24
2021-06-15 11:37:07,789.5,2,57598,57104,794.06,32950,0.24
2021-06-15 11:37:10,789.5,2,57626,56952,794.06,32950,0.24
2021-06-15 11:37:19,789.25,5,57626,56952,794.06,32950,0.21
2021-06-15 11:37:19,789.25,5,57628,56950,794.06,32955,0.21
2021-06-15 11:37:41,789.25,5,57651,56935,794.06,32955,0.21
2021-06-15 11:37:44,789.25,5,57678,56935,794.06,32955,0.21
2021-06-15 11:37:52,789.25,5,57676,56945,794.06,32955,0.21
2021-06-15 11:37:58,789.4,1,57676,56945,794.06,32955,0.23
2021-06-15 11:38:00,789.4,1,57826,57000,794.06,32956,0.23
2021-06-15 11:38:03,789.4,1,57948,56924,794.06,32956,0.23
2021-06-15 11:38:05,790.15,56,57944,56650,794.03,33201,0.32
2021-06-15 11:38:07,790.15,56,57944,56664,794.03,33201,0.32
2021-06-15 11:38:10,790.15,56,57944,56657,794.03,33201,0.32
2021-06-15 11:38:15,790.15,56,57942,56657,794.03,33201,0.32
2021-06-15 11:38:17,789.6,7,57942,56657,794.03,33201,0.25
2021-06-15 11:38:18,789.6,7,57935,56664,794.03,33208,0.25
2021-06-15 11:38:20,789.6,7,58147,56688,794.03,33208,0.25
2021-06-15 11:38:29,789.6,7,58147,56686,794.03,33208,0.25
2021-06-15 11:38:40,789.6,7,58143,56686,794.03,33208,0.25
2021-06-15 11:38:49,789.6,7,58153,56686,794.03,33208,0.25
2021-06-15 11:38:52,789.6,7,58077,56525,794.03,33208,0.25
2021-06-15 11:39:04,790.15,1,58247,56509,794.03,33209,0.32
2021-06-15 11:39:12,789.65,5,58247,56509,794.03,33209,0.26
2021-06-15 11:39:12,789.65,5,58200,56489,794.02,33236,0.26
2021-06-15 11:39:18,790.0,62,58505,56334,794.0,33409,0.3
2021-06-15 11:39:19,790.0,62,58518,56332,794.0,33409,0.3
2021-06-15 11:39:22,790.0,62,58517,56353,794.0,33409,0.3
2021-06-15 11:39:23,790.35,2,58517,56353,794.0,33409,0.35
2021-06-15 11:39:24,790.35,2,58517,56344,794.0,33411,0.35
2021-06-15 11:39:27,790.35,2,58517,56371,794.0,33411,0.35
2021-06-15 11:39:30,790.35,2,58518,56371,794.0,33411,0.35
2021-06-15 11:39:32,790.35,2,58518,56372,794.0,33411,0.35
2021-06-15 11:39:43,790.35,2,58541,56372,794.0,33411,0.35
2021-06-15 11:39:44,790.35,22,58541,56372,794.0,33411,0.35
2021-06-15 11:39:46,790.5,7,58798,56174,793.99,33513,0.37
2021-06-15 11:39:48,790.5,7,58797,56199,793.99,33513,0.37
2021-06-15 11:39:52,790.5,7,58796,56220,793.99,33513,0.37
2021-06-15 11:40:00,790.5,7,58799,56312,793.99,33513,0.37
2021-06-15 11:40:07,790.5,7,58810,56312,793.99,33513,0.37
2021-06-15 11:40:10,790.95,100,58810,56312,793.99,33513,0.43
2021-06-15 11:40:12,790.95,100,58683,56390,793.98,33618,0.43
2021-06-15 11:40:15,790.95,100,58693,56443,793.98,33618,0.43
2021-06-15 11:40:18,790.95,100,58697,56464,793.98,33618,0.43
2021-06-15 11:40:21,790.85,28,58697,56426,793.98,33646,0.41
2021-06-15 11:40:30,790.5,1,58697,56426,793.98,33646,0.37
2021-06-15 11:40:32,790.5,1,58246,56219,793.98,33658,0.37
2021-06-15 11:40:48,790.85,4,58246,56219,793.98,33658,0.41
2021-06-15 11:40:51,790.85,4,58229,56214,793.98,33663,0.41
2021-06-15 11:40:53,790.85,4,58217,56229,793.98,33663,0.41
2021-06-15 11:40:56,790.85,4,58210,56179,793.98,33663,0.41
2021-06-15 11:41:01,790.85,4,58231,56195,793.98,33663,0.41
2021-06-15 11:41:04,790.85,4,58243,56216,793.98,33663,0.41
2021-06-15 11:41:06,790.85,4,58242,56216,793.98,33663,0.41
2021-06-15 11:41:09,790.85,4,58142,56216,793.98,33663,0.41
2021-06-15 11:41:11,790.85,3,58142,56216,793.98,33663,0.41
2021-06-15 11:41:12,790.85,3,58001,56231,793.96,33803,0.41
2021-06-15 11:41:15,790.85,3,58001,56254,793.96,33803,0.41
2021-06-15 11:41:18,790.85,3,58030,56239,793.96,33803,0.41
2021-06-15 11:41:29,791.0,20,58030,56239,793.96,33803,0.43
2021-06-15 11:41:30,791.0,20,57885,56045,793.95,33936,0.43
2021-06-15 11:41:33,791.0,20,58421,55863,793.95,33936,0.43
2021-06-15 11:41:36,791.0,20,58421,55884,793.95,33936,0.43
2021-06-15 11:41:38,791.0,20,58421,55909,793.95,33936,0.43
2021-06-15 11:41:46,791.0,20,58407,55942,793.95,33936,0.43
2021-06-15 11:41:48,791.1,6,58407,55942,793.95,33936,0.44
2021-06-15 11:41:48,791.1,6,58412,56005,793.95,33963,0.44
2021-06-15 11:41:55,791.9,9,58412,56005,793.95,33963,0.55
2021-06-15 11:41:56,791.9,9,58506,55888,793.94,34063,0.55
2021-06-15 11:41:58,791.9,9,58750,55916,793.94,34063,0.55
2021-06-15 11:42:02,792.0,50,58750,55916,793.94,34063,0.56
2021-06-15 11:42:04,792.0,50,58687,55888,793.94,34113,0.56
2021-06-15 11:42:09,792.0,50,58684,55800,793.94,34113,0.56
2021-06-15 11:42:12,792.0,50,58336,55724,793.94,34113,0.56
2021-06-15 11:42:16,792.0,50,58340,55725,793.94,34113,0.56
2021-06-15 11:42:22,792.0,50,58341,55734,793.94,34113,0.56
2021-06-15 11:42:27,792.0,50,58433,55734,793.94,34113,0.56
2021-06-15 11:42:35,792.0,10,58433,55734,793.94,34113,0.56
2021-06-15 11:42:37,792.0,10,58433,55728,793.94,34123,0.56
2021-06-15 11:42:37,791.2,1,58433,55728,793.94,34123,0.46
2021-06-15 11:42:39,791.2,1,58756,55728,793.94,34151,0.46
2021-06-15 11:42:42,791.2,1,58759,55728,793.94,34151,0.46
2021-06-15 11:42:54,791.2,1,58759,55778,793.94,34151,0.46
2021-06-15 11:42:57,791.2,1,58759,55803,793.94,34151,0.46
2021-06-15 11:43:01,792.0,6,58759,55803,793.94,34151,0.56
2021-06-15 11:43:03,792.0,6,58910,55793,793.94,34185,0.56
2021-06-15 11:43:08,792.0,25,58902,55907,793.93,34259,0.56
2021-06-15 11:43:14,792.0,25,59006,55907,793.93,34259,0.56
2021-06-15 11:43:21,792.0,43,59006,55907,793.93,34259,0.56
2021-06-15 11:43:22,792.0,43,58985,55851,793.91,34617,0.56
2021-06-15 11:43:25,792.0,43,59062,55874,793.91,34617,0.56
2021-06-15 11:43:27,792.0,43,59061,55894,793.91,34617,0.56
2021-06-15 11:43:40,792.0,43,59061,55919,793.91,34617,0.56
2021-06-15 11:43:51,792.0,4,58554,55830,793.91,34617,0.56
2021-06-15 11:43:53,792.0,4,58551,55855,793.91,34621,0.56
2021-06-15 11:43:55,792.0,4,58472,55870,793.91,34621,0.56
2021-06-15 11:43:58,791.95,12,58472,55870,793.91,34621,0.55
2021-06-15 11:43:58,791.95,12,58472,55864,793.91,34646,0.55
2021-06-15 11:44:01,791.95,12,58484,55880,793.91,34646,0.55
2021-06-15 11:44:03,791.95,12,58484,55900,793.91,34646,0.55
2021-06-15 11:44:26,791.95,12,58484,55903,793.91,34646,0.55
2021-06-15 11:44:28,791.95,12,58484,55924,793.91,34646,0.55
2021-06-15 11:44:31,791.25,2,58484,55924,793.91,34646,0.46
2021-06-15 11:44:34,791.25,2,58474,55926,793.91,34658,0.46
2021-06-15 11:44:35,791.25,8,58474,55926,793.91,34658,0.46
2021-06-15 11:44:37,791.25,8,58368,55933,793.91,34666,0.46
2021-06-15 11:44:39,791.2,1,58390,55921,793.91,34667,0.46
2021-06-15 11:44:40,791.05,23,58390,55921,793.91,34667,0.44
2021-06-15 11:44:42,791.05,23,58389,55886,793.91,34697,0.44
2021-06-15 11:44:44,791.05,23,58386,55944,793.91,34697,0.44
2021-06-15 11:44:46,791.05,1,58382,55964,793.9,34718,0.44
2021-06-15 11:44:49,791.5,1,58385,55958,793.9,34725,0.5
2021-06-15 11:44:50,791.7,2,58385,55958,793.9,34725,0.52
2021-06-15 11:44:52,791.7,2,58487,55803,793.9,34773,0.52
2021-06-15 11:44:57,791.05,15,58366,55895,793.89,34873,0.44
2021-06-15 11:45:00,791.05,4,58202,56362,793.89,34877,0.44
2021-06-15 11:45:01,791.0,1,58202,56362,793.89,34877,0.43
2021-06-15 11:45:04,791.0,1,58204,56374,793.89,34878,0.43
2021-06-15 11:45:06,791.0,7,58204,56374,793.89,34878,0.43
2021-06-15 11:45:07,791.0,7,58202,56368,793.89,34893,0.43
2021-06-15 11:45:10,791.0,7,58202,56386,793.89,34893,0.43
2021-06-15 11:45:30,791.0,7,58118,56386,793.89,34893,0.43
2021-06-15 11:45:31,790.65,12,58118,56386,793.89,34893,0.39
2021-06-15 11:45:33,790.65,12,58153,56407,793.89,34905,0.39
2021-06-15 11:45:34,790.65,10,58153,56407,793.89,34905,0.39
2021-06-15 11:45:37,791.0,17,58153,56407,793.89,34905,0.43
2021-06-15 11:45:39,791.0,17,58243,56369,793.88,34960,0.43
2021-06-15 11:45:47,791.0,17,58242,56415,793.88,34960,0.43
2021-06-15 11:45:51,791.0,17,58242,56393,793.88,34960,0.43
2021-06-15 11:45:58,791.0,17,58265,56421,793.88,34960,0.43
2021-06-15 11:46:07,790.5,1,58265,56421,793.88,34960,0.37
2021-06-15 11:46:09,790.3,1,58184,57177,793.88,34988,0.34
2021-06-15 11:46:12,790.3,1,58080,57178,793.88,34988,0.34
2021-06-15 11:46:15,790.3,1,58084,57272,793.88,34988,0.34
2021-06-15 11:46:18,790.3,9,58070,57454,793.88,34997,0.34
2021-06-15 11:46:20,790.3,9,58197,57554,793.88,34997,0.34
2021-06-15 11:46:22,790.3,9,58197,57578,793.88,34997,0.34
2021-06-15 11:46:25,790.3,9,58195,57649,793.88,34997,0.34
2021-06-15 11:46:28,790.3,9,58108,57659,793.88,34997,0.34
2021-06-15 11:46:30,789.7,8,58108,57659,793.88,34997,0.27
2021-06-15 11:46:30,789.7,8,58080,57731,793.88,35005,0.27
2021-06-15 11:46:33,789.7,8,58080,57678,793.88,35005,0.27
2021-06-15 11:46:34,789.6,10,58080,57678,793.88,35005,0.25
2021-06-15 11:46:36,789.6,10,58049,57745,793.88,35015,0.25
2021-06-15 11:46:39,789.6,10,58040,57719,793.88,35015,0.25
2021-06-15 11:46:40,789.4,25,58040,57719,793.88,35015,0.23
2021-06-15 11:46:42,789.4,25,58070,57973,793.88,35040,0.23
2021-06-15 11:46:45,789.85,2,57970,57974,793.88,35042,0.29
2021-06-15 11:46:48,789.95,1,57970,57974,793.88,35042,0.3
2021-06-15 11:46:49,789.95,2,57969,57924,793.87,35049,0.3
2021-06-15 11:46:50,792.0,95,57969,57924,793.87,35049,0.56
2021-06-15 11:46:52,792.0,95,58419,56395,793.76,36537,0.56
2021-06-15 11:46:55,792.5,13,58419,56395,793.76,36537,0.62
2021-06-15 11:46:56,792.5,13,58594,56442,793.76,36560,0.62
2021-06-15 11:47:00,792.5,13,58849,56452,793.76,36560,0.62
2021-06-15 11:47:00,792.1,1,58849,56452,793.76,36560,0.57
2021-06-15 11:47:03,792.1,1,58946,56484,793.76,36569,0.57
2021-06-15 11:47:07,792.1,12,58946,56484,793.76,36569,0.57
2021-06-15 11:47:09,792.1,12,58936,56496,793.76,36589,0.57
2021-06-15 11:47:12,792.1,12,58845,56185,793.76,36589,0.57
2021-06-15 11:47:13,792.65,5,58845,56185,793.76,36589,0.64
2021-06-15 11:47:14,792.7,11,58845,56185,793.76,36589,0.65
2021-06-15 11:47:15,792.7,11,59215,56156,793.76,36662,0.65
2021-06-15 11:47:18,792.7,11,59222,56169,793.76,36662,0.65
2021-06-15 11:47:21,792.75,55,59222,56169,793.76,36662,0.65
2021-06-15 11:47:22,792.75,55,59104,56224,793.75,36790,0.65
2021-06-15 11:47:27,792.75,55,59104,56201,793.75,36790,0.65
2021-06-15 11:47:30,793.0,2,59047,55858,793.74,37365,0.69
2021-06-15 11:47:33,793.0,2,59045,55885,793.74,37367,0.69
2021-06-15 11:47:36,793.0,471,59035,55920,793.74,37367,0.69
2021-06-15 11:47:39,793.0,471,59088,55756,793.73,37957,0.69
2021-06-15 11:47:46,793.5,10,59088,55756,793.73,37957,0.75
2021-06-15 11:47:48,793.95,5,59138,55743,793.73,37992,0.81
2021-06-15 11:47:48,793.95,14,59138,55743,793.73,37992,0.81
2021-06-15 11:47:49,793.0,10,59138,55743,793.73,37992,0.69
2021-06-15 11:47:50,793.0,10,58999,55957,793.73,38020,0.69
2021-06-15 11:47:56,793.0,10,59028,56052,793.73,38020,0.69
2021-06-15 11:48:02,793.0,10,59028,56054,793.73,38020,0.69
2021-06-15 11:48:05,793.0,10,59028,56060,793.73,38020,0.69
2021-06-15 11:48:20,793.0,10,58963,56109,793.73,38020,0.69
2021-06-15 11:48:25,793.0,10,58947,56114,793.73,38020,0.69
2021-06-15 11:48:28,793.0,10,58947,56091,793.73,38020,0.69
2021-06-15 11:48:34,793.0,10,58962,56073,793.73,38020,0.69
2021-06-15 11:48:43,793.0,10,58961,56086,793.73,38020,0.69
2021-06-15 11:48:51,793.0,10,58539,55901,793.73,38020,0.69
2021-06-15 11:49:03,793.0,10,58538,55917,793.73,38020,0.69
2021-06-15 11:49:06,793.0,10,58555,55917,793.73,38020,0.69
2021-06-15 11:49:11,792.1,1,58683,56093,793.73,38048,0.57
2021-06-15 11:49:13,792.1,1,58666,56143,793.73,38048,0.57
2021-06-15 11:49:15,792.85,3,58666,56143,793.73,38048,0.67
2021-06-15 11:49:16,792.85,3,58666,56140,793.73,38051,0.67
2021-06-15 11:49:22,792.85,3,58646,56398,793.73,38051,0.67
2021-06-15 11:51:56,791.55,1,58569,56328,793.71,38301,0.5
2021-06-15 11:52:11,791.55,1,58479,56243,793.71,38301,0.5
2021-06-15 11:52:13,791.55,1,58479,56250,793.71,38301,0.5
2021-06-15 11:52:47,791.55,1,58452,56277,793.71,38301,0.5
2021-06-15 11:52:19,791.55,1,58463,56250,793.71,38301,0.5
2021-06-15 11:53:11,791.1,23,58453,56264,793.71,38336,0.44
2021-06-15 11:52:50,791.65,4,58447,56287,793.71,38309,0.51
2021-06-15 11:53:14,791.1,23,58453,56433,793.71,38336,0.44
2021-06-15 11:53:04,791.1,23,58448,56285,793.71,38336,0.44
2021-06-15 11:52:39,791.55,1,58465,56277,793.71,38301,0.5
2021-06-15 11:53:06,791.1,23,58453,56285,793.71,38336,0.44
2021-06-15 11:53:03,791.1,23,58447,56287,793.71,38309,0.44
2021-06-15 11:52:26,791.55,1,58443,56277,793.71,38301,0.5
2021-06-15 11:58:49,791.1,23,58460,56451,793.7,38492,0.44
2021-06-15 11:58:51,791.1,23,58460,56477,793.7,38492,0.44
2021-06-15 11:58:53,791.1,23,58460,56440,793.7,38492,0.44
2021-06-15 11:58:55,791.1,5,58460,56440,793.7,38492,0.44
2021-06-15 11:58:56,791.1,5,58471,56445,793.7,38497,0.44
2021-06-15 11:59:19,791.95,12,58471,56445,793.7,38497,0.55
2021-06-15 11:59:22,791.95,12,58401,56280,793.7,38552,0.55
2021-06-15 12:03:35,792.2,14,58374,56489,793.7,38609,0.58
2021-06-15 12:03:35,792.6,16,58400,56472,793.69,38649,0.63
2021-06-15 12:03:37,792.6,16,58375,56474,793.69,38649,0.63
2021-06-15 12:06:24,792.95,30,58496,57257,793.69,38875,0.68
2021-06-15 12:07:42,792.85,20,58494,57409,793.69,38895,0.67
2021-06-15 12:07:51,792.85,20,58494,57436,793.69,38895,0.67
2021-06-15 12:08:04,792.85,20,58494,57463,793.69,38895,0.67
2021-06-15 12:49:42,789.9,5,58360,60998,793.05,48166,0.29
2021-06-15 12:49:42,789.9,5,58377,61031,793.05,48160,0.29
2021-06-15 12:49:44,789.9,5,58357,61012,793.05,48166,0.29
2021-06-15 12:50:03,789.9,5,58358,61012,793.05,48166,0.29
2021-06-15 12:50:05,789.95,1,58358,61012,793.05,48166,0.3
2021-06-15 12:50:05,789.95,1,58360,61008,793.05,48168,0.3
2021-06-15 12:50:08,789.95,1,58360,61030,793.05,48168,0.3
2021-06-15 12:51:21,789.95,15,58364,60707,793.05,48185,0.3
2021-06-15 12:51:41,789.95,15,58360,60694,793.05,48185,0.3
2021-06-15 12:51:48,790.0,10,58360,60694,793.05,48185,0.3
2021-06-15 12:51:50,790.0,10,58362,60676,793.05,48195,0.3
2021-06-15 12:51:59,790.0,2,58362,60676,793.05,48195,0.3
2021-06-15 12:52:02,790.0,2,58363,60674,793.05,48197,0.3
2021-06-15 13:58:45,790.0,1,58542,61185,792.46,59981,0.3
2021-06-15 13:59:26,790.05,6,58542,61185,792.46,59981,0.31
2021-06-15 13:59:28,790.05,6,58565,61196,792.46,59987,0.31
2021-06-15 13:59:31,790.05,6,58565,61211,792.46,59987,0.31
2021-06-15 13:59:37,790.05,6,58565,61226,792.46,59987,0.31
2021-06-15 13:59:39,790.05,6,58515,61226,792.46,59987,0.31
2021-06-15 13:59:42,790.05,6,58515,61241,792.46,59987,0.31
2021-06-15 13:59:59,790.05,6,58519,61241,792.46,59987,0.31
2021-06-15 14:00:01,790.05,1,58519,61241,792.46,59987,0.31
2021-06-15 14:00:02,790.05,1,58519,61240,792.46,59988,0.31
2021-06-15 14:00:07,790.05,5,58519,61235,792.46,59993,0.31
2021-06-15 14:00:26,790.05,5,58519,61335,792.46,59993,0.31
2021-06-15 14:00:58,790.05,2,58519,61325,792.46,60003,0.31
2021-06-15 14:01:00,790.05,2,58519,61346,792.46,60003,0.31
2021-06-15 14:01:02,790.05,4,58519,61346,792.46,60003,0.31
2021-06-15 14:01:03,790.05,4,58519,61318,792.46,60007,0.31
2021-06-15 14:01:39,790.05,4,58519,61327,792.46,60007,0.31
2021-06-15 14:01:42,790.05,1,58519,61317,792.46,60017,0.31
2021-06-15 14:01:44,790.05,1,58519,61339,792.46,60017,0.31
2021-06-15 14:01:46,790.05,1,58519,61351,792.46,60017,0.31
2021-06-15 14:02:24,789.25,14,58546,61345,792.45,60044,0.21
2021-06-15 14:02:28,789.25,14,58523,61379,792.45,60044,0.21
2021-06-15 14:02:31,789.25,14,58524,61394,792.45,60044,0.21
2021-06-15 14:02:40,789.25,14,58529,61380,792.45,60044,0.21
2021-06-15 14:02:43,789.95,2,58529,61405,792.45,60046,0.3
2021-06-15 14:02:45,789.95,9,58529,61405,792.45,60046,0.3
2021-06-15 14:02:46,789.95,9,58536,61345,792.45,60071,0.3
2021-06-15 14:02:48,789.95,9,58544,61367,792.45,60071,0.3
2021-06-15 14:03:49,790.0,2,58544,61367,792.45,60071,0.3
2021-06-15 14:03:51,790.0,2,58544,61364,792.45,60074,0.3
2021-06-15 14:04:08,790.0,2,58569,61364,792.45,60074,0.3
2021-06-15 14:04:31,790.0,2,58568,61364,792.45,60074,0.3
2021-06-15 14:04:40,790.0,2,58568,61363,792.45,60074,0.3
2021-06-15 14:04:43,790.0,2,58568,61341,792.45,60074,0.3
2021-06-15 14:04:58,790.0,2,58768,61341,792.45,60074,0.3
2021-06-15 14:05:12,790.05,12,58768,61341,792.45,60074,0.31
2021-06-15 14:05:16,790.05,12,58773,61314,792.45,60124,0.31
2021-06-15 14:05:40,790.05,12,58773,61317,792.45,60124,0.31
2021-06-15 14:06:54,790.05,12,58773,61152,792.45,60124,0.31
2021-06-15 14:07:03,790.05,12,58773,61166,792.45,60124,0.31
2021-06-15 14:07:15,790.05,12,58774,61166,792.45,60124,0.31
2021-06-15 14:08:16,790.05,12,58735,61081,792.45,60124,0.31
2021-06-15 14:08:30,790.05,12,58735,61331,792.45,60124,0.31
2021-06-15 14:08:33,790.05,12,58734,61331,792.45,60124,0.31
2021-06-15 14:08:49,790.05,12,58734,61355,792.45,60124,0.31
2021-06-15 14:09:01,790.05,12,58784,61355,792.45,60124,0.31
2021-06-15 14:11:07,790.05,12,58784,61350,792.45,60124,0.31
2021-06-15 14:11:10,789.2,19,58793,61379,792.45,60151,0.2
2021-06-15 14:11:13,789.2,19,58791,61399,792.45,60151,0.2
2021-06-15 14:11:15,789.2,19,58791,61409,792.45,60151,0.2
2021-06-15 14:11:28,789.05,1,58791,61409,792.45,60151,0.18
2021-06-15 14:11:38,789.05,1,58776,61406,792.45,60171,0.18
2021-06-15 14:11:40,789.05,27,58776,61406,792.45,60171,0.18
2021-06-15 14:11:40,789.05,27,58749,61406,792.45,60198,0.18
2021-06-15 14:11:49,789.05,27,58749,61418,792.45,60198,0.18
2021-06-15 14:12:00,789.05,27,58809,61418,792.45,60198,0.18
2021-06-15 14:12:21,789.25,2,58809,61418,792.45,60198,0.21
2021-06-15 14:12:23,789.25,2,58807,61418,792.45,60200,0.21
2021-06-15 14:12:46,789.25,2,58807,61421,792.45,60200,0.21
2021-06-15 14:12:53,789.25,2,58807,61423,792.45,60200,0.21
2021-06-15 14:13:08,789.9,1,58807,61423,792.45,60200,0.29
2021-06-15 14:13:10,789.9,1,58808,61423,792.45,60201,0.29
2021-06-15 14:13:24,789.9,1,58808,61402,792.45,60201,0.29
2021-06-15 14:13:36,789.25,36,58772,61428,792.44,60237,0.21
2021-06-15 14:13:46,789.25,36,58772,60928,792.44,60237,0.21
2021-06-15 14:13:54,789.25,36,58770,60763,792.44,60237,0.21
2021-06-15 14:14:11,789.25,36,58790,60763,792.44,60237,0.21
2021-06-15 14:14:24,790.0,5,58790,60763,792.44,60237,0.3
2021-06-15 14:14:25,790.0,5,58811,60757,792.44,60244,0.3
2021-06-15 14:15:04,790.0,14,58811,60757,792.44,60244,0.3
2021-06-15 14:15:05,790.0,14,58791,60716,792.44,60259,0.3
2021-06-15 14:15:08,789.0,41,58801,60716,792.44,60259,0.18
2021-06-15 14:15:10,789.0,41,58655,60739,792.43,60424,0.18
2021-06-15 14:15:15,789.0,41,58656,60751,792.43,60424,0.18
2021-06-15 14:15:24,789.05,1,58656,60751,792.43,60424,0.18
2021-06-15 14:15:25,789.05,1,58643,60727,792.43,60438,0.18
2021-06-15 14:15:40,789.05,1,58842,60727,792.43,60438,0.18
2021-06-15 14:15:50,789.0,16,58842,60727,792.43,60438,0.18
2021-06-15 14:15:51,789.0,16,58790,60751,792.43,60465,0.18
2021-06-15 14:16:10,789.0,6,58790,60751,792.43,60465,0.18
2021-06-15 14:16:11,789.0,6,58566,60820,792.43,60536,0.18
2021-06-15 14:16:12,789.55,1,58566,60820,792.43,60536,0.25
2021-06-15 14:16:14,789.55,1,58619,60794,792.43,60561,0.25
2021-06-15 14:16:19,789.55,1,58619,60816,792.43,60561,0.25
2021-06-15 14:16:21,789.85,2,58619,60816,792.43,60561,0.29
2021-06-15 14:16:22,789.85,2,58610,60872,792.43,60563,0.29
2021-06-15 14:16:25,789.85,2,58610,60870,792.43,60563,0.29
2021-06-15 14:16:31,789.85,5,58610,60870,792.43,60563,0.29
2021-06-15 14:16:32,789.85,5,58640,60865,792.43,60568,0.29
2021-06-15 14:16:34,789.85,5,58655,60863,792.43,60568,0.29
2021-06-15 14:16:56,789.85,5,58650,60863,792.43,60568,0.29
2021-06-15 14:17:04,789.85,5,58677,60853,792.43,60568,0.29
2021-06-15 14:17:12,789.85,5,58673,60860,792.43,60568,0.29
2021-06-15 14:17:21,789.85,5,58673,60870,792.43,60568,0.29
2021-06-15 14:17:26,789.85,5,58673,61370,792.43,60568,0.29
2021-06-15 14:17:34,789.85,5,58662,61368,792.43,60568,0.29
2021-06-15 14:17:42,789.85,5,58662,61395,792.43,60568,0.29
2021-06-15 14:17:46,789.85,5,58679,61395,792.43,60568,0.29
2021-06-15 14:17:49,789.95,15,58679,61395,792.43,60568,0.3
2021-06-15 14:17:51,789.95,15,58685,61369,792.42,60618,0.3
2021-06-15 14:18:07,789.95,15,58785,61369,792.42,60618,0.3
2021-06-15 14:18:16,789.0,20,58785,61369,792.42,60618,0.18
2021-06-15 14:18:17,789.0,20,58767,61369,792.42,60638,0.18
2021-06-15 14:18:22,789.95,25,58767,61369,792.42,60638,0.3
2021-06-15 14:18:24,789.95,25,58766,61344,792.42,60663,0.3
2021-06-15 14:18:29,789.95,25,58781,61344,792.42,60663,0.3
2021-06-15 14:19:03,789.95,25,58781,61364,792.42,60663,0.3
2021-06-15 14:19:37,789.95,25,58845,61364,792.42,60663,0.3
2021-06-15 14:19:39,789.95,25,58845,61339,792.42,60688,0.3
2021-06-15 14:19:48,789.95,25,58847,61339,792.42,60688,0.3
2021-06-15 14:19:59,789.95,25,58931,61343,792.42,60688,0.3
2021-06-15 14:20:24,789.95,25,58931,61363,792.42,60688,0.3
2021-06-15 14:20:59,789.0,9,58931,61363,792.42,60688,0.18
2021-06-15 14:21:01,789.0,9,58921,61363,792.42,60698,0.18
2021-06-15 14:21:08,789.0,9,58920,61351,792.42,60698,0.18
2021-06-15 14:21:15,789.0,9,58920,61341,792.42,60698,0.18
2021-06-15 14:21:22,789.0,9,58923,61340,792.42,60698,0.18
2021-06-15 14:21:45,789.0,9,58929,61340,792.42,60698,0.18
2021-06-15 14:22:04,790.3,13,58929,61340,792.42,60698,0.34
2021-06-15 14:22:06,790.4,18,59655,60415,792.39,61744,0.36
2021-06-15 14:22:09,790.4,18,59658,60482,792.39,61744,0.36
2021-06-15 14:22:15,790.4,18,59680,60586,792.39,61744,0.36
2021-06-15 14:22:16,790.3,74,59680,60586,792.39,61744,0.34
2021-06-15 14:22:17,790.3,50,59657,60701,792.38,61894,0.34
2021-06-15 14:22:19,790.3,50,59679,60501,792.38,61894,0.34
2021-06-15 14:22:21,790.25,1,59679,60501,792.38,61894,0.34
2021-06-15 14:22:21,790.25,1,59680,60588,792.38,61906,0.34
2021-06-15 14:22:24,790.25,1,59680,60600,792.38,61906,0.34
2021-06-15 14:22:27,790.25,1,59680,60709,792.38,61906,0.34
2021-06-15 14:22:42,790.25,1,59680,60733,792.38,61906,0.34
2021-06-15 14:22:44,790.25,1,59659,60733,792.38,61906,0.34
2021-06-15 14:22:49,790.25,1,59659,60842,792.38,61906,0.34
2021-06-15 14:22:53,789.75,1,59659,60842,792.38,61906,0.27
2021-06-15 14:22:55,790.2,8,59659,60842,792.38,61906,0.33
2021-06-15 14:22:56,790.2,8,59585,60804,792.38,61921,0.33
2021-06-15 14:23:03,790.2,8,59585,60825,792.38,61921,0.33
2021-06-15 14:23:07,789.35,21,59585,60825,792.38,61921,0.22
2021-06-15 14:23:09,789.35,21,59610,60825,792.38,61948,0.22
2021-06-15 14:23:30,790.2,1,59610,60825,792.38,61948,0.33
2021-06-15 14:23:31,790.2,1,59565,60825,792.38,61976,0.33
2021-06-15 14:23:34,790.2,1,59564,60838,792.38,61976,0.33
2021-06-15 14:23:37,790.2,1,59564,60862,792.38,61976,0.33
2021-06-15 14:23:37,789.55,1,59564,60862,792.38,61976,0.25
2021-06-15 14:23:39,789.55,1,59577,60862,792.38,61977,0.25
2021-06-15 14:23:42,789.55,1,59577,60883,792.38,61977,0.25
2021-06-15 14:23:44,789.55,1,59577,60893,792.38,61977,0.25
2021-06-15 14:23:46,789.55,1,59578,60853,792.38,61977,0.25
2021-06-15 14:23:49,789.55,1,59598,60863,792.38,61977,0.25
2021-06-15 14:23:51,789.5,20,59598,60863,792.38,61977,0.24
2021-06-15 14:23:51,789.5,20,59453,60877,792.38,61997,0.24
2021-06-15 14:23:52,789.95,7,59453,60877,792.38,61997,0.3
2021-06-15 14:23:54,789.95,7,59454,60868,792.38,62004,0.3
2021-06-15 14:24:02,789.95,7,59492,60873,792.38,62004,0.3
2021-06-15 14:24:04,789.95,7,59492,60900,792.38,62004,0.3
2021-06-15 14:24:19,789.95,7,59492,60878,792.38,62004,0.3
2021-06-15 14:24:24,789.0,6,59492,60878,792.38,62004,0.18
2021-06-15 14:24:25,789.0,6,59450,61477,792.38,62065,0.18
2021-06-15 14:24:28,789.0,6,59450,61499,792.38,62065,0.18
2021-06-15 14:24:30,788.0,17,58928,61135,792.34,62554,0.05
2021-06-15 14:24:33,788.0,17,58955,61135,792.34,62554,0.05
2021-06-15 14:24:37,789.25,2,58955,61135,792.34,62554,0.21
2021-06-15 14:24:38,789.25,2,59014,61319,792.34,62556,0.21
2021-06-15 14:24:42,789.3,2,59014,61319,792.34,62556,0.22
2021-06-15 14:24:44,789.3,2,59172,61310,792.34,62560,0.22
2021-06-15 14:24:46,789.3,2,59188,61379,792.34,62560,0.22
2021-06-15 14:24:55,789.3,2,59220,61379,792.34,62560,0.22
2021-06-15 14:25:03,789.3,2,59298,61391,792.34,62560,0.22
2021-06-15 14:25:08,789.3,2,59298,61420,792.34,62560,0.22
2021-06-15 14:25:09,790.0,5,59298,61420,792.34,62560,0.3
2021-06-15 14:25:11,790.0,5,59298,61415,792.34,62565,0.3
2021-06-15 14:25:17,790.0,5,59298,61431,792.34,62565,0.3
2021-06-15 14:25:19,790.0,2,59298,61431,792.34,62565,0.3
2021-06-15 14:25:19,790.0,2,59303,61438,792.34,62587,0.3
2021-06-15 14:25:21,790.05,2,59303,61438,792.34,62587,0.31
2021-06-15 14:25:22,790.05,2,59317,61485,792.34,62599,0.31
2021-06-15 14:25:24,790.0,2,59317,61485,792.34,62599,0.3
2021-06-15 14:25:25,790.0,2,59317,61484,792.34,62601,0.3
2021-06-15 14:25:28,790.0,2,59318,61505,792.34,62601,0.3
2021-06-15 14:25:42,790.0,1,59318,61505,792.34,62601,0.3
2021-06-15 14:25:44,790.0,1,59318,61504,792.34,62602,0.3
2021-06-15 14:25:47,790.0,1,59322,61494,792.34,62602,0.3
2021-06-15 14:25:49,790.0,1,59322,61516,792.34,62602,0.3
2021-06-15 14:25:52,790.0,1,59322,61593,792.34,62602,0.3
2021-06-15 14:26:04,790.0,10,59322,61593,792.34,62602,0.3
2021-06-15 14:26:05,790.0,10,59322,61565,792.34,62652,0.3
2021-06-15 14:26:06,790.0,2,59322,61565,792.34,62652,0.3
2021-06-15 14:26:07,790.0,2,59322,61546,792.34,62654,0.3
2021-06-15 14:26:08,789.0,1,59322,61546,792.34,62654,0.18
2021-06-15 14:26:10,789.0,1,59321,61546,792.34,62655,0.18
2021-06-15 14:26:16,789.0,1,59306,61658,792.34,62655,0.18
2021-06-15 14:26:18,789.0,1,59306,61659,792.34,62655,0.18
2021-06-15 14:26:24,789.0,1,59306,61729,792.34,62655,0.18
2021-06-15 14:26:36,789.0,1,59338,61729,792.34,62655,0.18
2021-06-15 14:26:37,789.0,1,59337,61729,792.34,62656,0.18
2021-06-15 14:26:42,789.0,25,59337,61729,792.34,62656,0.18
2021-06-15 14:26:43,789.0,25,59282,61646,792.33,62733,0.18
2021-06-15 14:27:06,790.1,6,59282,61646,792.33,62733,0.32
2021-06-15 14:27:07,790.1,1,59340,61380,792.33,62949,0.32
2021-06-15 14:27:10,790.1,1,59526,61389,792.33,62949,0.32
2021-06-15 14:27:13,790.1,1,59526,61385,792.33,62949,0.32
2021-06-15 14:27:32,790.1,1,59526,61420,792.33,62949,0.32
2021-06-15 14:27:37,790.1,1,59526,61421,792.33,62949,0.32
2021-06-15 14:27:40,790.1,1,59512,61419,792.33,62949,0.32
2021-06-15 14:27:45,790.1,1,59512,61418,792.33,62949,0.32
2021-06-15 14:27:58,790.2,10,59499,61401,792.33,62959,0.33
2021-06-15 14:28:34,790.2,10,59499,61396,792.33,62959,0.33
2021-06-15 14:28:43,790.2,10,59499,61546,792.33,62959,0.33
2021-06-15 14:29:19,790.2,10,59503,61628,792.33,62959,0.33
2021-06-15 14:29:22,788.95,10,59503,61628,792.33,62959,0.17
2021-06-15 14:29:24,788.95,10,59275,61515,792.32,63109,0.17
2021-06-15 14:29:27,789.95,4,59275,61515,792.32,63109,0.3
2021-06-15 14:29:28,788.85,2,59275,61515,792.32,63109,0.16
2021-06-15 14:29:29,788.85,2,59326,61480,792.32,63132,0.16
2021-06-15 14:29:31,788.85,2,59336,61480,792.32,63132,0.16
2021-06-15 14:29:54,788.85,2,59315,61489,792.32,63132,0.16
2021-06-15 14:29:57,788.85,2,59336,61489,792.32,63132,0.16
2021-06-15 14:30:06,788.85,2,59347,61489,792.32,63132,0.16
2021-06-15 14:30:18,788.85,2,59367,61516,792.32,63132,0.16
2021-06-15 14:30:43,788.85,2,59368,61516,792.32,63132,0.16
2021-06-15 14:30:59,788.85,2,59543,61519,792.32,63132,0.16
2021-06-15 14:31:26,788.85,2,59517,61885,792.32,63132,0.16
2021-06-15 14:31:33,788.85,59,59517,61885,792.32,63132,0.16
2021-06-15 14:31:36,788.85,59,59436,62027,792.31,63195,0.16
2021-06-15 14:31:45,788.85,4,59436,62027,792.31,63195,0.16
2021-06-15 14:31:47,788.85,4,59329,61987,792.31,63290,0.16
2021-06-15 14:31:50,788.85,4,59329,61984,792.31,63290,0.16
2021-06-15 14:31:51,789.45,2,59329,61984,792.31,63290,0.23
2021-06-15 14:31:52,789.45,2,59337,61996,792.31,63299,0.23
2021-06-15 14:31:57,789.55,6,59337,61996,792.31,63299,0.25
2021-06-15 14:31:58,789.55,6,59337,61988,792.31,63307,0.25
2021-06-15 14:32:05,789.75,15,59445,62022,792.31,63322,0.27
2021-06-15 14:32:26,789.75,15,59479,62026,792.31,63322,0.27
2021-06-15 14:32:35,789.75,15,59479,62030,792.31,63322,0.27
2021-06-15 14:32:51,789.75,15,59468,62179,792.31,63322,0.27
2021-06-15 14:32:54,789.75,15,59466,62179,792.31,63322,0.27
2021-06-15 14:33:22,789.75,15,59486,62092,792.31,63322,0.27
2021-06-15 14:33:25,789.75,15,59486,62112,792.31,63322,0.27
2021-06-15 14:33:34,790.0,53,59482,61827,792.3,63562,0.3
2021-06-15 14:33:37,790.0,1,59482,61827,792.3,63562,0.3
2021-06-15 14:33:37,790.0,1,59462,61846,792.3,63563,0.3
2021-06-15 14:33:42,790.0,1,59462,61887,792.3,63563,0.3
2021-06-15 14:33:51,789.9,3,59462,61887,792.3,63563,0.29
2021-06-15 14:33:54,789.9,3,59476,61858,792.3,63572,0.29
2021-06-15 14:33:57,789.9,3,59616,61858,792.3,63572,0.29
2021-06-15 14:34:15,789.9,3,59618,61854,792.3,63572,0.29
2021-06-15 14:34:18,789.9,3,59618,61787,792.3,63572,0.29
2021-06-15 14:35:03,789.9,3,59723,61787,792.3,63572,0.29
2021-06-15 14:35:54,789.9,3,59723,61744,792.3,63572,0.29
2021-06-15 14:36:00,789.0,35,59723,61744,792.3,63572,0.18
2021-06-15 14:36:02,789.0,35,59511,61895,792.28,63920,0.18
2021-06-15 14:36:03,788.85,4,59511,61895,792.28,63920,0.16
2021-06-15 14:36:04,789.25,7,59511,61895,792.28,63920,0.21
2021-06-15 14:36:04,789.25,7,59512,61970,792.28,63933,0.21
2021-06-15 14:36:08,789.25,7,59436,61999,792.28,63933,0.21
2021-06-15 14:36:10,789.25,5,59436,61999,792.28,63933,0.21
2021-06-15 14:36:11,789.25,5,59429,61994,792.28,63938,0.21
2021-06-15 14:36:15,788.6,16,59429,61994,792.28,63938,0.13
2021-06-15 14:36:16,789.0,2,59429,61994,792.28,63938,0.18
2021-06-15 14:36:16,789.0,2,59280,62069,792.28,63956,0.18
2021-06-15 14:36:42,789.0,2,59420,62109,792.28,63956,0.18
2021-06-15 14:36:48,788.2,12,59420,62109,792.28,63956,0.08
2021-06-15 14:36:54,788.2,12,59409,62110,792.28,63968,0.08
2021-06-15 14:36:55,787.85,14,59409,62110,792.28,63968,0.03
2021-06-15 14:36:57,787.85,14,58739,62446,792.24,64492,0.03
2021-06-15 14:37:00,788.4,8,58674,62438,792.24,64500,0.1
2021-06-15 14:37:06,788.4,8,58654,62439,792.24,64500,0.1
2021-06-15 14:37:14,788.7,192,58654,62439,792.24,64500,0.14
2021-06-15 14:37:15,788.7,192,58647,62425,792.23,64716,0.14
2021-06-15 14:37:18,788.7,192,58686,62463,792.23,64716,0.14
2021-06-15 14:37:20,787.8,25,58686,62463,792.23,64716,0.03
2021-06-15 14:37:21,788.55,4,58661,62450,792.23,64741,0.12
2021-06-15 14:37:23,788.45,1,58661,62450,792.23,64741,0.11
2021-06-15 14:37:24,788.7,5,58661,62450,792.23,64741,0.14
2021-06-15 14:37:24,788.7,5,58820,62334,792.23,64768,0.14
2021-06-15 14:38:00,788.7,5,58802,62500,792.23,64768,0.14
2021-06-15 14:38:12,788.7,5,58823,62499,792.23,64768,0.14
2021-06-15 14:38:18,788.7,5,58823,62469,792.23,64768,0.14
2021-06-15 14:38:22,788.4,130,58823,62469,792.23,64768,0.1
2021-06-15 14:38:24,788.4,130,58823,62623,792.22,64918,0.1
2021-06-15 14:38:25,788.4,4,58823,62623,792.22,64918,0.1
2021-06-15 14:38:27,788.0,40,58823,62623,792.22,64918,0.05
2021-06-15 14:38:28,788.0,1,58799,62607,792.22,64966,0.05
2021-06-15 14:38:36,788.0,1,58820,62605,792.22,64966,0.05
2021-06-15 14:39:07,788.0,1,58853,62625,792.22,64966,0.05
2021-06-15 14:39:11,787.4,1,58853,62625,792.22,64966,-0.03
2021-06-15 14:39:12,788.0,100,58853,62625,792.22,64966,0.05
2021-06-15 14:39:13,788.35,6,58853,62625,792.22,64966,0.1
2021-06-15 14:39:14,788.35,6,58844,62604,792.21,65089,0.1
2021-06-15 14:39:20,788.0,10,58844,62586,792.21,65099,0.05
2021-06-15 14:39:21,787.45,3,58844,62586,792.21,65099,-0.02
2021-06-15 14:39:23,787.45,3,58843,62586,792.21,65106,-0.02
2021-06-15 14:39:26,787.45,3,58943,62611,792.21,65106,-0.02
2021-06-15 14:39:36,787.45,3,58943,62631,792.21,65106,-0.02
2021-06-15 14:39:53,786.55,7,58943,62631,792.21,65106,-0.13
2021-06-15 14:39:54,786.5,3,58943,62631,792.21,65106,-0.14
2021-06-15 14:39:55,786.5,3,58520,62743,792.15,65821,-0.14
2021-06-15 14:39:58,786.9,8,58630,62847,792.15,65833,-0.09
2021-06-15 14:40:01,786.9,6,58630,62847,792.15,65833,-0.09
2021-06-15 14:40:01,786.9,6,58760,62854,792.15,65843,-0.09
2021-06-15 14:40:03,786.85,7,58760,62854,792.15,65843,-0.1
2021-06-15 14:40:04,786.85,7,58760,62868,792.15,65850,-0.1
2021-06-15 14:40:07,786.0,5,58760,62868,792.15,65850,-0.2
2021-06-15 14:40:08,785.0,23,58116,63092,792.08,66535,-0.33
2021-06-15 14:40:09,785.0,1,58116,63092,792.08,66535,-0.33
2021-06-15 14:40:10,785.15,2,58116,63092,792.08,66535,-0.31
2021-06-15 14:40:11,785.15,22,56806,63209,792.01,67214,-0.31
2021-06-15 14:40:13,785.0,4,56806,63209,792.01,67214,-0.33
2021-06-15 14:40:14,785.0,6,56806,63209,792.01,67214,-0.33
2021-06-15 14:40:15,784.55,1,56848,63219,792.0,67260,-0.39
2021-06-15 14:40:16,785.0,12,56848,63219,792.0,67260,-0.33
2021-06-15 14:40:18,785.0,19,56855,63317,791.99,67352,-0.33
2021-06-15 14:40:19,785.0,17,56855,63317,791.99,67352,-0.33
2021-06-15 14:40:20,785.0,1,56843,64311,791.99,67407,-0.33
2021-06-15 14:40:21,785.0,4,56843,64311,791.99,67407,-0.33
2021-06-15 14:40:22,785.0,14,56843,64311,791.99,67407,-0.33
2021-06-15 14:40:24,785.0,19,56870,64310,791.98,67444,-0.33
2021-06-15 14:40:25,785.0,100,56870,64310,791.98,67444,-0.33
2021-06-15 14:40:26,785.0,3,56864,64295,791.97,67585,-0.33
2021-06-15 14:40:27,784.55,5,56864,64295,791.97,67585,-0.39
2021-06-15 14:40:29,785.0,5,56830,64215,791.97,67625,-0.33
2021-06-15 14:40:31,785.0,19,56830,64215,791.97,67625,-0.33
2021-06-15 14:40:32,785.0,19,56852,64169,791.96,67682,-0.33
2021-06-15 14:40:34,785.0,14,56852,64169,791.96,67682,-0.33
2021-06-15 14:40:35,785.0,5,56849,64207,791.96,67720,-0.33
2021-06-15 14:40:36,785.0,19,56849,64207,791.96,67720,-0.33
2021-06-15 14:40:37,784.6,1,56849,64207,791.96,67720,-0.38
2021-06-15 14:40:39,785.0,19,56898,64200,791.95,67759,-0.33
2021-06-15 14:40:40,785.0,14,56898,64200,791.95,67759,-0.33
2021-06-15 14:40:41,785.0,4,56898,64200,791.95,67759,-0.33
2021-06-15 14:40:42,785.0,4,56893,64197,791.95,67796,-0.33
2021-06-15 14:40:43,785.0,15,56893,64197,791.95,67796,-0.33
2021-06-15 14:40:44,785.0,19,56893,64197,791.95,67796,-0.33
2021-06-15 14:40:48,785.0,19,56913,64189,791.94,67830,-0.33
2021-06-15 14:40:50,785.0,19,56908,64194,791.94,67887,-0.33
2021-06-15 14:40:51,785.0,18,56908,64194,791.94,67887,-0.33
2021-06-15 14:40:53,785.0,19,56899,64204,791.93,67982,-0.33
2021-06-15 14:40:56,785.0,17,56880,64209,791.92,68039,-0.33
2021-06-15 14:40:57,785.0,5,56880,64209,791.92,68039,-0.33
2021-06-15 14:41:00,785.0,19,56880,64209,791.92,68039,-0.33
2021-06-15 14:41:01,785.0,19,56901,64284,791.91,68120,-0.33
2021-06-15 14:41:02,785.0,10,56901,64284,791.91,68120,-0.33
2021-06-15 14:41:04,785.0,10,56894,64299,791.74,69930,-0.33
2021-06-15 14:41:06,785.0,55,56894,64299,791.74,69930,-0.33
2021-06-15 14:41:07,785.0,55,56871,64323,791.73,70014,-0.33
2021-06-15 14:41:09,785.0,9,56871,64323,791.73,70014,-0.33
2021-06-15 14:41:10,785.0,10,56880,64371,791.72,70042,-0.33
2021-06-15 14:41:11,785.0,19,56880,64371,791.72,70042,-0.33
2021-06-15 14:41:12,785.0,19,56903,64394,791.72,70090,-0.33
2021-06-15 14:41:13,785.0,1,56903,64394,791.72,70090,-0.33
2021-06-15 14:41:15,785.0,4,56905,64393,791.72,70095,-0.33
2021-06-15 14:41:18,785.0,19,56905,64393,791.72,70095,-0.33
2021-06-15 14:41:19,785.0,19,56905,64411,791.72,70133,-0.33
2021-06-15 14:41:22,785.0,19,56905,64403,791.71,70171,-0.33
2021-06-15 14:41:25,785.0,19,56905,64391,791.71,70209,-0.33
2021-06-15 14:41:28,785.0,15,56905,64426,791.71,70247,-0.33
2021-06-15 14:41:33,785.0,19,56905,64426,791.71,70247,-0.33
2021-06-15 14:41:34,785.0,19,56879,64427,791.69,70357,-0.33
2021-06-15 14:41:36,784.55,5,56879,64427,791.69,70357,-0.39
2021-06-15 14:41:39,785.0,19,57072,64519,791.69,70419,-0.33
2021-06-15 14:41:43,785.0,19,57073,64507,791.68,70476,-0.33
2021-06-15 14:41:48,785.0,19,57063,64524,791.68,70533,-0.33
2021-06-15 14:41:51,785.0,19,57063,64506,791.67,70590,-0.33
2021-06-15 14:41:55,785.0,19,57068,64528,791.67,70666,-0.33
2021-06-15 14:42:00,785.0,19,57078,64552,791.66,70723,-0.33
2021-06-15 14:42:01,785.0,34,57078,64552,791.66,70723,-0.33
2021-06-15 14:42:02,785.0,4,57078,64552,791.66,70723,-0.33
2021-06-15 14:42:03,785.0,2,57143,64642,791.64,70913,-0.33
2021-06-15 14:42:04,785.0,19,57143,64642,791.64,70913,-0.33
2021-06-15 14:42:06,785.0,4,57143,64642,791.64,70913,-0.33
2021-06-15 14:42:06,785.0,4,57146,64634,791.64,70976,-0.33
2021-06-15 14:42:09,785.0,19,57146,64634,791.64,70976,-0.33
2021-06-15 14:42:10,785.0,2,57146,64634,791.64,70976,-0.33
2021-06-15 14:42:10,785.0,2,57157,64638,791.63,71086,-0.33
2021-06-15 14:42:11,785.0,4,57157,64638,791.63,71086,-0.33
2021-06-15 14:42:12,785.0,13,57157,64638,791.63,71086,-0.33
2021-06-15 14:42:16,785.0,19,57157,64645,791.62,71122,-0.33
2021-06-15 14:42:19,785.0,19,57128,64645,791.62,71179,-0.33
2021-06-15 14:42:22,785.0,19,57129,64635,791.61,71236,-0.33
2021-06-15 14:42:27,785.0,19,57629,64630,791.61,71274,-0.33
2021-06-15 14:42:30,785.0,19,57650,64623,791.6,71331,-0.33
2021-06-15 14:42:31,785.0,12,57631,64601,791.59,71438,-0.33
2021-06-15 14:42:32,785.0,7,57631,64601,791.59,71438,-0.33
2021-06-15 14:42:33,785.0,19,57631,64601,791.59,71438,-0.33
2021-06-15 14:42:37,785.0,19,57631,64610,791.59,71483,-0.33
2021-06-15 14:42:40,785.0,19,57631,64610,791.58,71540,-0.33
2021-06-15 14:42:42,785.0,10,57631,64610,791.58,71540,-0.33
2021-06-15 14:42:43,785.0,5,57632,64650,791.58,71602,-0.33
2021-06-15 14:42:44,785.0,17,57632,64650,791.58,71602,-0.33
2021-06-15 14:42:45,785.0,1,57632,64650,791.58,71602,-0.33
2021-06-15 14:42:46,785.0,2,57634,64635,791.57,71657,-0.33
2021-06-15 14:42:48,785.0,16,57634,64635,791.57,71657,-0.33
2021-06-15 14:42:49,785.0,19,57634,64635,791.57,71657,-0.33
2021-06-15 14:42:51,785.0,19,57734,64640,791.57,71692,-0.33
2021-06-15 14:42:52,785.0,19,57734,64641,791.56,71787,-0.33
2021-06-15 14:42:54,785.0,9,57734,64641,791.56,71787,-0.33
2021-06-15 14:42:55,785.0,10,57734,64641,791.56,71787,-0.33
2021-06-15 14:42:57,785.0,19,57803,64639,791.56,71806,-0.33
2021-06-15 14:43:01,785.0,19,57876,64640,791.55,71906,-0.33
2021-06-15 14:43:02,785.0,1,57876,64640,791.55,71906,-0.33
2021-06-15 14:43:03,785.0,2,57887,64640,791.54,71984,-0.33
2021-06-15 14:43:05,785.0,22,57887,64640,791.54,71984,-0.33
2021-06-15 14:43:06,785.0,22,57935,64620,791.54,72043,-0.33
2021-06-15 14:43:07,785.4,16,57935,64620,791.54,72043,-0.28
2021-06-15 14:43:08,785.4,41,57935,64620,791.54,72043,-0.28
2021-06-15 14:43:09,785.45,20,57935,64620,791.54,72043,-0.27
2021-06-15 14:43:10,785.45,20,57911,64621,791.53,72126,-0.27
2021-06-15 14:43:10,785.5,20,57911,64621,791.53,72126,-0.27
2021-06-15 14:43:13,785.5,20,57911,64578,791.53,72146,-0.27
2021-06-15 14:43:15,785.85,2,57911,64578,791.53,72146,-0.22
2021-06-15 14:43:18,785.85,2,57887,64581,791.53,72150,-0.22
2021-06-15 14:43:19,785.9,35,57882,64508,791.53,72189,-0.22
2021-06-15 14:43:21,785.95,91,57882,64508,791.53,72189,-0.21
2021-06-15 14:43:22,786.0,20,57882,64508,791.53,72189,-0.2
2021-06-15 14:43:23,786.0,20,57883,64437,791.52,72320,-0.2
2021-06-15 14:43:24,786.3,1,57883,64437,791.52,72320,-0.17
2021-06-15 14:43:25,786.2,1,57883,64437,791.52,72320,-0.18
2021-06-15 14:43:26,786.2,1,57883,64468,791.52,72322,-0.18
2021-06-15 14:43:28,786.2,21,57883,64468,791.52,72322,-0.18
2021-06-15 14:43:30,786.25,2,57883,64468,791.52,72322,-0.17
2021-06-15 14:43:31,785.8,22,57883,64468,791.52,72322,-0.23
2021-06-15 14:43:33,785.8,17,57883,64468,791.52,72322,-0.23
2021-06-15 14:43:33,786.05,18,57867,64536,791.51,72410,-0.2
2021-06-15 14:43:34,786.0,13,57867,64536,791.51,72410,-0.2
2021-06-15 14:43:35,786.05,39,57867,64536,791.51,72410,-0.2
2021-06-15 14:43:36,785.85,22,57867,64536,791.51,72410,-0.22
2021-06-15 14:43:37,786.25,4,57853,64538,791.5,72547,-0.17
2021-06-15 14:43:39,786.05,2,57853,64538,791.5,72547,-0.2
2021-06-15 14:43:40,785.95,2,57853,64538,791.5,72547,-0.21
2021-06-15 14:43:41,786.05,2,57873,64606,791.5,72558,-0.2
2021-06-15 14:43:42,785.85,5,57873,64606,791.5,72558,-0.22
2021-06-15 14:43:43,785.95,2,57873,64606,791.5,72558,-0.21
2021-06-15 14:43:45,785.95,2,57896,64537,791.5,72567,-0.21
2021-06-15 14:43:46,786.0,18,57896,64537,791.5,72567,-0.2
2021-06-15 14:43:47,786.0,18,57908,64515,791.49,72606,-0.2
2021-06-15 14:43:48,786.0,1,57908,64515,791.49,72606,-0.2
2021-06-15 14:43:49,786.0,19,57908,64515,791.49,72606,-0.2
2021-06-15 14:43:53,786.0,19,57886,64624,791.49,72645,-0.2
2021-06-15 14:43:58,786.0,19,57909,64598,791.49,72702,-0.2
2021-06-15 14:43:59,786.0,35,57909,64598,791.49,72702,-0.2
2021-06-15 14:44:00,785.95,19,57909,64598,791.49,72702,-0.21
2021-06-15 14:44:01,785.95,19,57909,64600,791.48,72813,-0.21
2021-06-15 14:44:03,786.0,19,57909,64600,791.48,72813,-0.2
2021-06-15 14:44:04,786.0,19,57907,64514,791.47,72945,-0.2
2021-06-15 14:44:04,786.0,6,57907,64514,791.47,72945,-0.2
2021-06-15 14:44:06,786.0,13,57907,64514,791.47,72945,-0.2
2021-06-15 14:44:07,785.95,6,57882,64519,791.46,72996,-0.21
2021-06-15 14:44:08,785.95,17,57882,64519,791.46,72996,-0.21
2021-06-15 14:44:09,786.0,6,57882,64519,791.46,72996,-0.2
2021-06-15 14:44:10,786.0,6,57908,64519,791.46,73032,-0.2
2021-06-15 14:44:12,785.95,13,57908,64519,791.46,73032,-0.21
2021-06-15 14:44:13,786.0,13,57902,64549,791.46,73071,-0.2
2021-06-15 14:44:15,786.0,19,57902,64549,791.46,73071,-0.2
2021-06-15 14:44:16,786.0,19,57902,64548,791.46,73109,-0.2
2021-06-15 14:44:16,784.55,3,57902,64548,791.46,73109,-0.39
2021-06-15 14:44:19,784.55,3,57724,64664,791.43,73349,-0.39
2021-06-15 14:44:19,785.4,19,57724,64664,791.43,73349,-0.28
2021-06-15 14:44:20,785.6,3,57724,64664,791.43,73349,-0.25
2021-06-15 14:44:21,785.6,4,57724,64664,791.43,73349,-0.25
2021-06-15 14:44:22,785.85,1,57830,64574,791.43,73378,-0.22
2021-06-15 14:44:23,786.05,1,57830,64574,791.43,73378,-0.2
2021-06-15 14:44:25,786.0,13,57830,64574,791.43,73378,-0.2
2021-06-15 14:44:28,785.95,5,57830,64574,791.43,73378,-0.21
2021-06-15 14:44:29,786.0,1,57830,64574,791.43,73378,-0.2
2021-06-15 14:44:30,786.0,4,57864,64649,791.43,73417,-0.2
2021-06-15 14:44:33,786.0,19,57864,64649,791.43,73417,-0.2
2021-06-15 14:44:37,786.0,19,57864,64657,791.42,73493,-0.2
2021-06-15 14:44:40,786.0,19,57864,64676,791.42,73550,-0.2
2021-06-15 14:44:41,786.0,20,57864,64676,791.42,73550,-0.2
2021-06-15 14:44:44,786.0,19,57867,64651,791.41,73627,-0.2
2021-06-15 14:44:48,786.0,19,57944,64651,791.41,73665,-0.2
2021-06-15 14:44:50,786.0,19,57819,64658,791.41,73722,-0.2
2021-06-15 14:44:51,786.0,18,57818,64656,791.4,73778,-0.2
2021-06-15 14:44:54,786.0,19,57818,64656,791.4,73778,-0.2
2021-06-15 14:44:57,786.0,19,57842,64655,791.4,73816,-0.2
2021-06-15 14:45:01,786.0,19,57882,64671,791.4,73873,-0.2
2021-06-15 14:45:03,786.0,19,57966,64678,791.39,73930,-0.2
2021-06-15 14:45:04,786.0,15,57966,64678,791.39,73930,-0.2
2021-06-15 14:45:06,786.0,4,58047,64574,791.39,73987,-0.2
2021-06-15 14:45:07,786.0,15,58047,64574,791.39,73987,-0.2
2021-06-15 14:45:08,786.0,19,58047,64574,791.39,73987,-0.2
2021-06-15 14:45:10,786.0,19,58051,64562,791.38,74025,-0.2
2021-06-15 14:45:12,786.0,18,58051,64562,791.38,74025,-0.2
2021-06-15 14:45:12,786.0,18,58051,64558,791.38,74081,-0.2
2021-06-15 14:45:13,786.0,1,58051,64558,791.38,74081,-0.2
2021-06-15 14:45:15,786.0,19,58051,64558,791.38,74081,-0.2
2021-06-15 14:45:16,786.0,19,58055,64564,791.38,74120,-0.2
2021-06-15 14:45:16,786.0,12,58055,64564,791.38,74120,-0.2
2021-06-15 14:45:17,786.0,1,58055,64564,791.38,74120,-0.2
2021-06-15 14:45:19,786.0,1,58035,64554,791.38,74133,-0.2
2021-06-15 14:45:21,785.4,10,58035,64554,791.38,74133,-0.28
2021-06-15 14:45:23,785.4,10,58043,64565,791.38,74143,-0.28
2021-06-15 14:45:30,785.4,10,58034,64566,791.38,74143,-0.28
2021-06-15 14:45:32,786.0,1,58034,64566,791.38,74143,-0.2
2021-06-15 14:45:33,786.0,1,58034,64569,791.38,74144,-0.2
2021-06-15 14:45:39,786.0,1,58034,64562,791.38,74144,-0.2
2021-06-15 14:45:43,785.1,10,57999,64575,791.37,74171,-0.32
2021-06-15 14:45:45,785.1,10,58021,64569,791.37,74171,-0.32
2021-06-15 14:45:52,786.0,1,58021,64569,791.37,74171,-0.2
2021-06-15 14:45:55,786.0,1,58021,64580,791.37,74172,-0.2
2021-06-15 14:46:01,785.05,5,58021,64580,791.37,74172,-0.32
2021-06-15 14:46:04,785.05,5,58098,64579,791.37,74182,-0.32
2021-06-15 14:46:08,785.05,5,58097,64579,791.37,74182,-0.32
2021-06-15 14:46:15,785.05,5,58117,64579,791.37,74182,-0.32
2021-06-15 14:46:18,785.05,5,58118,64579,791.37,74182,-0.32
2021-06-15 14:46:24,786.0,1,58117,64578,791.37,74183,-0.2
2021-06-15 14:46:27,786.0,1,58117,64577,791.37,74184,-0.2
2021-06-15 14:46:40,786.0,1,58120,64577,791.37,74184,-0.2
2021-06-15 14:46:40,786.0,1,58120,64569,791.37,74185,-0.2
2021-06-15 14:46:42,786.0,6,58120,64569,791.37,74185,-0.2
2021-06-15 14:46:43,785.1,27,57990,64745,791.37,74218,-0.32
2021-06-15 14:46:47,785.1,27,57991,64770,791.37,74218,-0.32
2021-06-15 14:46:51,785.1,27,57993,64774,791.37,74218,-0.32
2021-06-15 14:46:54,785.1,27,57993,64846,791.37,74218,-0.32
2021-06-15 14:46:57,785.1,27,58003,64846,791.37,74218,-0.32
2021-06-15 14:47:01,785.75,15,58003,64846,791.37,74218,-0.23
2021-06-15 14:47:04,785.75,15,58003,64809,791.37,74233,-0.23
2021-06-15 14:47:09,785.75,12,58003,64809,791.37,74233,-0.23
2021-06-15 14:47:10,785.75,12,57984,64797,791.37,74252,-0.23
2021-06-15 14:47:13,785.75,12,57984,64759,791.37,74252,-0.23
2021-06-15 14:47:18,785.75,12,57984,64781,791.37,74252,-0.23
2021-06-15 14:47:21,785.75,50,57984,64781,791.37,74252,-0.23
2021-06-15 14:47:22,785.75,50,57927,64734,791.36,74302,-0.23
2021-06-15 14:47:25,785.1,1,57926,64748,791.36,74302,-0.32
2021-06-15 14:47:28,785.1,1,57860,64914,791.36,74303,-0.32
2021-06-15 14:47:31,785.1,1,57872,64934,791.36,74303,-0.32
2021-06-15 14:47:32,785.55,1,57872,64934,791.36,74303,-0.26
2021-06-15 14:47:34,785.55,1,57873,64954,791.36,74304,-0.26
2021-06-15 14:47:43,785.55,1,57873,64968,791.36,74304,-0.26
2021-06-15 14:48:16,785.55,6,57873,64968,791.36,74304,-0.26
2021-06-15 14:48:18,785.55,6,57950,64961,791.36,74314,-0.26
2021-06-15 14:48:27,785.55,6,57954,64947,791.36,74314,-0.26
2021-06-15 14:48:30,785.0,6,57954,64947,791.36,74314,-0.33
2021-06-15 14:48:30,785.0,50,57845,65195,791.36,74371,-0.33
2021-06-15 14:48:33,785.0,50,57847,65117,791.36,74371,-0.33
2021-06-15 14:48:40,785.0,1,57847,65117,791.36,74371,-0.33
2021-06-15 14:48:40,785.0,1,57847,65120,791.36,74372,-0.33
2021-06-15 14:48:46,785.0,1,57846,65113,791.36,74372,-0.33
2021-06-15 14:48:48,785.0,5,57846,65113,791.36,74372,-0.33
2021-06-15 14:48:49,785.0,5,57847,65108,791.36,74377,-0.33
2021-06-15 14:48:52,785.0,5,57849,65260,791.36,74377,-0.33
2021-06-15 14:49:01,785.0,100,57849,65260,791.36,74377,-0.33
2021-06-15 14:49:01,785.0,100,57784,65179,791.35,74477,-0.33
2021-06-15 14:49:05,784.05,13,57784,65179,791.35,74477,-0.45
2021-06-15 14:49:07,785.0,25,57784,65179,791.35,74477,-0.33
2021-06-15 14:49:08,785.0,25,57760,65149,791.34,74552,-0.33
2021-06-15 14:49:12,785.0,25,57781,65142,791.34,74552,-0.33
2021-06-15 14:49:18,785.0,25,57780,65144,791.34,74552,-0.33
2021-06-15 14:49:24,785.0,40,57780,65144,791.34,74552,-0.33
2021-06-15 14:49:25,785.0,40,57781,65119,791.34,74592,-0.33
2021-06-15 14:49:34,785.0,40,57808,65106,791.34,74592,-0.33
2021-06-15 14:49:43,785.0,1,57808,65106,791.34,74592,-0.33
2021-06-15 14:49:48,785.0,1,57833,65109,791.34,74593,-0.33
2021-06-15 14:49:51,785.0,1,57833,65103,791.34,74599,-0.33
2021-06-15 14:49:54,785.0,1,57831,65095,791.34,74599,-0.33
2021-06-15 14:50:01,785.0,8,57831,65095,791.34,74599,-0.33
2021-06-15 14:50:03,785.0,8,57831,65096,791.34,74607,-0.33
2021-06-15 14:50:06,785.0,8,57831,65081,791.34,74607,-0.33
2021-06-15 14:50:12,785.0,45,57831,65081,791.34,74607,-0.33
2021-06-15 14:50:12,785.0,45,57832,65044,791.33,74652,-0.33
2021-06-15 14:50:15,785.0,5,57832,65031,791.33,74657,-0.33
2021-06-15 14:50:22,785.0,5,57832,65024,791.33,74657,-0.33
2021-06-15 14:50:24,784.15,5,57832,65024,791.33,74657,-0.44
2021-06-15 14:50:25,784.15,5,57714,65060,791.33,74684,-0.44
2021-06-15 14:50:33,784.95,5,57714,65060,791.33,74684,-0.34
2021-06-15 14:50:34,784.95,5,57714,65060,791.33,74689,-0.34
2021-06-15 14:50:40,784.0,77,57714,65060,791.33,74689,-0.46
2021-06-15 14:50:42,784.0,77,57407,65059,791.3,74939,-0.46
2021-06-15 14:50:51,784.0,77,57422,65137,791.3,74939,-0.46
2021-06-15 14:51:03,784.05,5,57422,65137,791.3,74939,-0.45
2021-06-15 14:51:07,784.05,5,57417,65137,791.3,74944,-0.45
2021-06-15 14:51:15,784.05,5,57418,65137,791.3,74944,-0.45
2021-06-15 14:51:19,784.05,5,57416,65111,791.3,74944,-0.45
2021-06-15 14:51:36,784.85,5,57416,65111,791.3,74944,-0.35
2021-06-15 14:51:37,784.85,5,57440,65107,791.3,74949,-0.35
2021-06-15 14:51:45,784.85,5,57445,65107,791.3,74949,-0.35
2021-06-15 14:51:48,784.85,5,57450,65107,791.3,74949,-0.35
2021-06-15 14:51:57,784.85,2,57455,65135,791.3,74951,-0.35
2021-06-15 14:51:59,784.9,2,57455,65135,791.3,74951,-0.34
2021-06-15 14:52:00,784.9,2,57462,65127,791.3,74961,-0.34
2021-06-15 14:52:03,784.9,13,57484,65115,791.3,74976,-0.34
2021-06-15 14:52:06,784.9,13,57480,65111,791.3,74976,-0.34
2021-06-15 14:52:08,784.95,1,57480,65111,791.3,74976,-0.34
2021-06-15 14:52:15,784.95,1,57456,65167,791.3,74977,-0.34
2021-06-15 14:52:22,785.1,3,57456,65167,791.3,74977,-0.32
2021-06-15 14:52:24,785.1,3,57448,65138,791.3,74987,-0.32
2021-06-15 14:52:29,785.1,3,57437,65118,791.3,74987,-0.32
2021-06-15 14:52:33,785.1,3,57437,65035,791.3,74987,-0.32
2021-06-15 14:52:36,785.1,3,57446,65016,791.3,74987,-0.32
2021-06-15 14:52:39,785.1,3,57446,65027,791.3,74987,-0.32
2021-06-15 14:52:42,785.1,3,57450,65027,791.3,74987,-0.32
2021-06-15 14:52:54,785.1,4,57456,65661,791.3,74987,-0.32
2021-06-15 14:52:56,785.1,4,57452,65699,791.3,74991,-0.32
2021-06-15 14:52:57,784.3,1,57452,65699,791.3,74991,-0.42
2021-06-15 14:52:59,784.3,1,57439,65687,791.3,74992,-0.42
2021-06-15 14:53:02,784.3,1,57440,65715,791.3,74992,-0.42
2021-06-15 14:53:05,784.9,1,57460,65714,791.3,74993,-0.34
2021-06-15 14:53:08,784.9,1,57460,65694,791.3,74993,-0.34
2021-06-15 14:53:11,784.9,1,57455,65694,791.3,74993,-0.34
2021-06-15 14:53:18,784.9,1,57460,65744,791.3,74993,-0.34
2021-06-15 14:53:21,784.9,1,57460,65719,791.3,74993,-0.34
2021-06-15 14:53:24,784.9,3,57460,65714,791.3,74993,-0.34
2021-06-15 14:53:27,784.9,3,57457,65691,791.3,74996,-0.34
2021-06-15 14:53:28,784.1,17,57457,65691,791.3,74996,-0.44
2021-06-15 14:53:30,784.1,17,57452,65691,791.3,75023,-0.44
2021-06-15 14:53:36,784.1,17,57452,65641,791.3,75023,-0.44
2021-06-15 14:53:40,784.05,17,57452,65641,791.3,75023,-0.45
2021-06-15 14:53:41,784.05,17,57359,65832,791.29,75050,-0.45
2021-06-15 14:53:47,784.05,17,57354,65832,791.29,75050,-0.45
2021-06-15 14:53:48,784.7,2,57354,65832,791.29,75050,-0.37
2021-06-15 14:53:50,784.7,2,57354,65830,791.29,75052,-0.37
2021-06-15 14:53:54,784.7,1,57354,65830,791.29,75052,-0.37
2021-06-15 14:53:57,784.7,1,57422,65813,791.29,75053,-0.37
2021-06-15 14:53:59,785.2,30,57422,65813,791.29,75053,-0.3
2021-06-15 14:54:00,785.2,30,57423,65670,791.28,75203,-0.3
2021-06-15 14:54:02,785.1,1,57423,65670,791.28,75203,-0.32
2021-06-15 14:54:03,785.1,1,57455,65687,791.28,75204,-0.32
2021-06-15 14:54:09,785.1,1,57455,65707,791.28,75204,-0.32
2021-06-15 14:54:12,785.1,1,57481,65707,791.28,75204,-0.32
2021-06-15 14:54:33,785.1,1,57485,65707,791.28,75204,-0.32
2021-06-15 14:54:39,785.15,20,57485,65707,791.28,75204,-0.31
2021-06-15 14:54:40,784.1,6,57426,65742,791.28,75274,-0.44
2021-06-15 14:54:44,784.1,6,57449,65661,791.28,75274,-0.44
2021-06-15 14:54:46,784.95,1,57449,65661,791.28,75274,-0.34
2021-06-15 14:54:48,784.95,1,57445,65665,791.28,75275,-0.34
2021-06-15 14:54:51,784.95,1,57446,65665,791.28,75275,-0.34
2021-06-15 14:54:57,784.95,1,57445,65676,791.28,75275,-0.34
2021-06-15 14:55:09,784.95,1,57446,65686,791.28,75275,-0.34
2021-06-15 14:55:15,784.95,1,57456,65686,791.28,75275,-0.34
2021-06-15 14:55:27,785.0,21,57456,65686,791.28,75275,-0.33
2021-06-15 14:55:28,785.0,21,57475,65668,791.27,75329,-0.33
2021-06-15 14:55:40,785.0,21,57475,65704,791.27,75329,-0.33
2021-06-15 14:55:46,784.2,3,57475,65704,791.27,75329,-0.43
2021-06-15 14:55:46,784.2,3,57452,65705,791.27,75336,-0.43
2021-06-15 14:55:49,784.2,3,57486,65705,791.27,75336,-0.43
2021-06-15 14:55:52,784.2,3,57666,65705,791.27,75336,-0.43
2021-06-15 14:55:56,785.0,6,57658,65697,791.26,75436,-0.33
2021-06-15 14:56:03,785.0,6,57621,65617,791.26,75436,-0.33
2021-06-15 14:56:06,785.0,6,57642,65627,791.26,75436,-0.33
2021-06-15 14:56:10,785.0,6,57633,65627,791.26,75436,-0.33
2021-06-15 14:56:13,785.0,6,57736,65627,791.26,75436,-0.33
2021-06-15 14:56:21,785.0,6,57447,65627,791.26,75436,-0.33
2021-06-15 14:56:22,784.9,3,57447,65627,791.26,75436,-0.34
2021-06-15 14:56:24,784.9,3,57442,65594,791.26,75439,-0.34
2021-06-15 14:56:26,784.9,7,57442,65594,791.26,75439,-0.34
2021-06-15 14:56:27,784.9,7,57447,65592,791.26,75446,-0.34
2021-06-15 14:56:33,784.95,14,57447,65592,791.26,75446,-0.34
2021-06-15 14:56:34,784.95,14,57447,65643,791.26,75465,-0.34
2021-06-15 14:56:34,784.2,10,57447,65643,791.26,75465,-0.43
2021-06-15 14:56:37,784.2,10,57417,65645,791.26,75475,-0.43
2021-06-15 14:56:40,784.2,10,57424,65738,791.26,75475,-0.43
2021-06-15 14:56:41,785.0,1,57424,65738,791.26,75475,-0.33
2021-06-15 14:56:43,785.0,1,57419,65737,791.26,75476,-0.33
2021-06-15 14:56:46,785.0,1,57421,65737,791.26,75476,-0.33
2021-06-15 14:56:50,784.0,15,57222,65747,791.25,75570,-0.46
2021-06-15 14:56:52,784.0,1,57222,65747,791.25,75570,-0.46
2021-06-15 14:56:53,784.0,1,57089,65829,791.25,75588,-0.46
2021-06-15 14:56:57,784.0,1,57088,65817,791.25,75588,-0.46
2021-06-15 14:57:00,784.0,1,57097,65796,791.25,75588,-0.46
2021-06-15 14:57:03,784.0,1,57093,65796,791.25,75588,-0.46
2021-06-15 14:57:12,783.5,1,57093,65796,791.25,75588,-0.52
2021-06-15 14:57:15,783.5,1,56905,65950,791.25,75605,-0.52
2021-06-15 14:57:18,783.5,1,56957,65951,791.25,75605,-0.52
2021-06-15 14:57:20,782.05,23,56957,65951,791.25,75605,-0.7
2021-06-15 14:57:22,782.05,23,56572,66138,791.22,75805,-0.7
2021-06-15 14:57:24,782.05,8,56572,66138,791.22,75805,-0.7
2021-06-15 14:57:26,782.05,8,56438,66229,791.22,75813,-0.7
2021-06-15 14:57:30,782.0,1,56346,66257,791.22,75813,-0.71
2021-06-15 14:57:31,782.1,5,56346,66257,791.22,75813,-0.7
2021-06-15 14:57:31,782.0,5,56346,66257,791.22,75813,-0.71
2021-06-15 14:57:33,782.0,5,56258,66358,791.22,75862,-0.71
2021-06-15 14:57:36,782.0,5,56276,66358,791.22,75862,-0.71
2021-06-15 14:57:38,782.1,2,56276,66358,791.22,75862,-0.7
2021-06-15 14:57:39,782.05,1,56278,66378,791.22,75864,-0.7
2021-06-15 14:57:42,781.65,5,56278,66378,791.22,75864,-0.76
2021-06-15 14:57:43,781.65,5,56186,66465,791.21,75870,-0.76
2021-06-15 14:57:43,782.05,2,56186,66465,791.21,75870,-0.7
2021-06-15 14:57:47,781.0,2,56186,66465,791.21,75870,-0.84
2021-06-15 14:57:48,781.0,2,56126,66529,791.21,75908,-0.84
2021-06-15 14:57:54,781.0,2,56225,66530,791.21,75908,-0.84
2021-06-15 14:57:58,781.0,2,56285,66529,791.21,75908,-0.84
2021-06-15 14:58:01,781.0,2,56387,66529,791.21,75908,-0.84
2021-06-15 14:58:03,781.95,2,56387,66529,791.21,75908,-0.72
2021-06-15 14:58:05,781.95,2,56392,66551,791.21,75913,-0.72
2021-06-15 14:58:06,781.95,1,56392,66551,791.21,75913,-0.72
2021-06-15 14:58:09,781.95,1,56403,66550,791.21,75914,-0.72
2021-06-15 14:58:09,781.1,6,56403,66550,791.21,75914,-0.83
2021-06-15 14:58:10,781.15,1,56403,66550,791.21,75914,-0.82
2021-06-15 14:58:12,781.9,1,56282,66527,791.2,75944,-0.72
2021-06-15 14:58:15,781.9,1,56283,66529,791.2,75944,-0.72
2021-06-15 14:58:18,781.9,47,56283,66529,791.2,75944,-0.72
2021-06-15 14:58:19,781.9,19,56236,66473,791.2,76010,-0.72
2021-06-15 14:58:22,781.9,19,56236,66462,791.2,76010,-0.72
2021-06-15 14:58:24,781.95,2,56236,66462,791.2,76010,-0.72
2021-06-15 14:58:25,781.95,2,56242,66367,791.19,76031,-0.72
2021-06-15 14:58:33,781.95,2,56240,66368,791.19,76031,-0.72
2021-06-15 14:58:36,781.95,2,56245,66368,791.19,76031,-0.72
2021-06-15 14:58:46,781.95,2,56249,66368,791.19,76031,-0.72
2021-06-15 14:58:53,781.95,2,56250,66368,791.19,76031,-0.72
2021-06-15 14:58:57,781.95,4,56267,66272,791.19,76031,-0.72
2021-06-15 14:59:00,781.95,4,56242,66305,791.19,76056,-0.72
2021-06-15 14:59:01,781.95,1,56242,66305,791.19,76056,-0.72
2021-06-15 14:59:04,781.95,1,56247,66205,791.19,76065,-0.72
2021-06-15 14:59:09,781.95,5,56247,66205,791.19,76065,-0.72
2021-06-15 14:59:10,781.95,6,56252,66196,791.19,76075,-0.72
2021-06-15 14:59:13,781.95,6,56248,66190,791.19,76081,-0.72
2021-06-15 14:59:16,781.95,6,56258,66190,791.19,76081,-0.72
2021-06-15 14:59:18,781.95,5,56258,66190,791.19,76081,-0.72
2021-06-15 14:59:20,781.95,5,56276,66185,791.19,76086,-0.72
2021-06-15 14:59:24,781.95,5,56278,66185,791.19,76086,-0.72
2021-06-15 14:59:26,781.5,1,56278,66185,791.19,76086,-0.77
2021-06-15 14:59:27,781.5,1,56249,66228,791.19,76090,-0.77
2021-06-15 14:59:31,781.5,1,56250,66224,791.19,76090,-0.77
2021-06-15 14:59:35,781.5,154,56250,66224,791.19,76090,-0.77
2021-06-15 14:59:37,781.5,154,56297,66028,791.16,76290,-0.77
2021-06-15 14:59:48,781.5,154,56298,66028,791.16,76290,-0.77
2021-06-15 14:59:52,781.95,1,56298,66028,791.16,76290,-0.72
2021-06-15 14:59:52,781.95,1,56295,66027,791.16,76291,-0.72
2021-06-15 14:59:56,781.95,1,56295,65977,791.16,76291,-0.72
2021-06-15 15:00:00,781.95,1,56310,65977,791.16,76291,-0.72
2021-06-15 15:00:00,781.3,14,56310,65977,791.16,76291,-0.8
2021-06-15 15:00:03,781.95,9,56310,65977,791.16,76291,-0.72
2021-06-15 15:00:04,781.95,9,56296,65947,791.16,76315,-0.72
2021-06-15 15:00:09,781.95,9,56416,65969,791.16,76315,-0.72
2021-06-15 15:00:20,781.4,5,56416,65969,791.16,76315,-0.79
2021-06-15 15:00:21,781.4,5,56400,65947,791.16,76342,-0.79
2021-06-15 15:00:24,781.95,7,56400,65947,791.16,76342,-0.72
2021-06-15 15:00:24,781.1,24,56400,65947,791.16,76342,-0.83
2021-06-15 15:00:25,781.1,24,56288,65980,791.14,76470,-0.83
2021-06-15 15:00:28,781.1,24,56199,65985,791.14,76470,-0.83
2021-06-15 15:00:31,781.95,11,56199,65985,791.14,76470,-0.72
2021-06-15 15:00:32,781.25,1,56200,65930,791.13,76521,-0.81
2021-06-15 15:00:36,781.25,1,56230,65958,791.13,76521,-0.81
2021-06-15 15:00:39,781.95,56,56229,65870,791.12,76591,-0.72
2021-06-15 15:00:42,782.0,101,56229,65870,791.12,76591,-0.71
2021-06-15 15:00:43,782.0,101,56393,65613,791.1,76796,-0.71
2021-06-15 15:00:46,782.0,101,56417,65532,791.1,76796,-0.71
2021-06-15 15:00:47,782.8,1,56417,65532,791.1,76796,-0.61
2021-06-15 15:00:49,782.8,1,56432,65540,791.1,76822,-0.61
2021-06-15 15:00:55,782.95,7,56422,65533,791.1,76829,-0.59
2021-06-15 15:01:00,782.95,4,56422,65533,791.1,76829,-0.59
2021-06-15 15:01:02,782.95,4,56435,65463,791.1,76839,-0.59
2021-06-15 15:01:03,782.95,1,56435,65463,791.1,76839,-0.59
2021-06-15 15:01:06,782.95,1,56507,65457,791.09,76849,-0.59
2021-06-15 15:01:09,782.95,1,56508,65479,791.09,76849,-0.59
2021-06-15 15:01:13,783.0,30,56546,65453,791.09,76879,-0.58
2021-06-15 15:01:17,783.0,30,56486,65570,791.09,76879,-0.58
2021-06-15 15:01:18,782.9,5,56486,65570,791.09,76879,-0.6
2021-06-15 15:01:21,783.1,1,56861,65326,791.08,76940,-0.57
2021-06-15 15:01:24,783.7,1,56886,65306,791.08,76941,-0.5
2021-06-15 15:01:28,783.7,1,56621,65102,791.08,76941,-0.5
2021-06-15 15:01:32,783.7,1,56621,65124,791.08,76941,-0.5
2021-06-15 15:01:38,783.7,1,56620,65180,791.08,76941,-0.5
2021-06-15 15:01:39,783.5,10,56620,65180,791.08,76941,-0.52
2021-06-15 15:01:42,783.5,10,56839,65161,791.08,76976,-0.52
2021-06-15 15:01:45,783.5,10,57340,65161,791.08,76976,-0.52
2021-06-15 15:01:49,783.5,10,57340,65140,791.08,76976,-0.52
2021-06-15 15:01:57,783.5,10,57247,65194,791.08,76976,-0.52
2021-06-15 15:02:00,783.5,10,57268,65193,791.08,76976,-0.52
2021-06-15 15:02:04,783.5,9,57268,65193,791.08,76976,-0.52
2021-06-15 15:02:05,783.5,29,57268,65193,791.08,76976,-0.52
2021-06-15 15:02:07,783.5,29,57311,65097,791.08,77014,-0.52
2021-06-15 15:02:12,784.2,20,57293,65080,791.08,77034,-0.43
2021-06-15 15:02:15,784.2,20,57293,65055,791.08,77034,-0.43
2021-06-15 15:02:19,784.2,20,57293,64896,791.08,77034,-0.43
2021-06-15 15:02:22,784.2,20,57503,64922,791.08,77034,-0.43
2021-06-15 15:02:25,784.75,1,57503,64922,791.08,77034,-0.36
2021-06-15 15:02:25,784.75,1,57502,64919,791.08,77035,-0.36
2021-06-15 15:02:30,784.75,1,57500,65012,791.08,77035,-0.36
2021-06-15 15:02:33,784.75,1,57720,65110,791.08,77035,-0.36
2021-06-15 15:02:39,784.75,1,57770,65120,791.08,77035,-0.36
2021-06-15 15:02:40,784.75,1,57770,65121,791.08,77036,-0.36
2021-06-15 15:02:44,784.75,2,57786,65119,791.07,77039,-0.36
2021-06-15 15:02:51,784.75,2,57786,65129,791.07,77039,-0.36
2021-06-15 15:02:59,784.75,2,57786,65127,791.07,77039,-0.36
2021-06-15 15:03:03,784.7,5,57796,65137,791.07,77039,-0.37
2021-06-15 15:03:07,784.7,5,57293,64742,791.07,77048,-0.37
2021-06-15 15:03:09,784.5,4,57293,64742,791.07,77048,-0.39
2021-06-15 15:03:10,784.5,4,57293,64741,791.07,77052,-0.39
2021-06-15 15:03:14,784.5,4,57293,64722,791.07,77052,-0.39
2021-06-15 15:03:18,784.5,4,57291,64717,791.07,77052,-0.39
2021-06-15 15:03:21,784.5,4,57290,64717,791.07,77052,-0.39
2021-06-15 15:03:40,784.5,4,57290,64657,791.07,77052,-0.39
2021-06-15 15:03:43,784.5,4,57294,64715,791.07,77076,-0.39
2021-06-15 15:03:51,784.5,4,57300,64712,791.07,77076,-0.39
2021-06-15 15:03:54,783.1,19,57300,64712,791.07,77076,-0.57
2021-06-15 15:03:54,783.1,19,57170,64757,791.07,77103,-0.57
2021-06-16 09:21:13,784.8,5,9540,11991,783.87,3223,0.5444878611235667
