2021-06-15 02:15:00,1199.55,20,0,0,1202.24,4865,-2.447851014516337
2021-06-15 06:40:36,1199.55,20,0,0,1202.24,4865,-2.447851014516337
2021-06-15 06:41:15,1199.55,20,0,0,0.0,0,0.0
2021-06-15 06:41:58,1199.55,20,0,0,0.0,0,0.0
2021-06-15 06:42:37,1199.55,20,0,0,0.0,0,0.0
2021-06-15 06:43:21,1199.55,20,0,0,0.0,0,0.0
2021-06-15 07:51:36,1199.55,20,0,0,0.0,0,0.0
2021-06-15 07:52:14,1199.55,20,0,0,0.0,0,0.0
2021-06-15 07:52:56,1199.55,20,0,0,0.0,0,0.0
2021-06-15 07:53:36,1199.55,20,0,0,0.0,0,0.0
2021-06-15 07:54:24,1199.55,20,0,0,0.0,0,0.0
2021-06-15 09:00:02,1199.55,20,1,2,0.0,0,0.0
2021-06-15 09:00:07,1199.55,20,203,2,0.0,0,0.0
2021-06-15 09:00:12,1199.55,20,506,2,0.0,0,0.0
2021-06-15 09:00:21,1199.55,20,506,35,0.0,0,0.0
2021-06-15 09:00:30,1199.55,20,506,99,0.0,0,0.0
2021-06-15 09:00:33,1199.55,20,506,100,0.0,0,0.0
2021-06-15 09:00:43,1199.55,20,506,110,0.0,0,0.0
2021-06-15 09:00:46,1199.55,20,506,111,0.0,0,0.0
2021-06-15 09:01:01,1199.55,20,507,111,0.0,0,0.0
2021-06-15 09:01:09,1199.55,20,508,111,0.0,0,0.0
2021-06-15 09:01:12,1199.55,20,558,111,0.0,0,0.0
2021-06-15 09:01:23,1199.55,20,758,111,0.0,0,0.0
2021-06-15 09:01:26,1199.55,20,958,111,0.0,0,0.0
2021-06-15 09:01:29,1199.55,20,1159,111,0.0,0,0.0
2021-06-15 09:01:41,1199.55,20,1162,116,0.0,0,0.0
2021-06-15 09:01:44,1199.55,20,1172,116,0.0,0,0.0
2021-06-15 09:01:58,1199.55,20,1172,121,0.0,0,0.0
2021-06-15 09:02:10,1199.55,20,1172,135,0.0,0,0.0
2021-06-15 09:02:13,1199.55,20,1172,150,0.0,0,0.0
2021-06-15 09:02:25,1199.55,20,1173,150,0.0,0,0.0
2021-06-15 09:02:39,1199.55,20,1193,150,0.0,0,0.0
2021-06-15 09:03:07,1199.55,20,1194,150,0.0,0,0.0
2021-06-15 09:03:19,1199.55,20,1195,150,0.0,0,0.0
2021-06-15 09:03:37,1199.55,20,1246,150,0.0,0,0.0
2021-06-15 09:03:40,1199.55,20,1642,150,0.0,0,0.0
2021-06-15 09:04:01,1199.55,20,1842,150,0.0,0,0.0
2021-06-15 09:04:10,1199.55,20,2242,231,0.0,0,0.0
2021-06-15 09:04:13,1199.55,20,2242,231,0.0,0,0.0
2021-06-15 09:04:21,1199.55,20,2243,681,0.0,0,0.0
2021-06-15 09:04:23,1199.55,20,2243,681,0.0,0,0.0
2021-06-15 09:04:38,1199.55,20,2243,683,0.0,0,0.0
2021-06-15 09:04:43,1199.55,20,2243,723,0.0,0,0.0
2021-06-15 09:04:53,1199.55,20,2243,733,0.0,0,0.0
2021-06-15 09:05:27,1199.55,20,2333,733,0.0,0,0.0
2021-06-15 09:05:31,1199.55,20,2373,834,0.0,0,0.0
2021-06-15 09:05:34,1199.55,20,2373,894,0.0,0,0.0
2021-06-15 09:07:10,1199.55,20,2373,894,0.0,0,0.0
2021-06-15 09:15:06,1199.55,20,2544,948,0.0,0,0.0
2021-06-15 09:15:13,1199.55,20,2874,1079,0.0,0,0.0
2021-06-15 09:15:25,1199.55,20,2897,1162,0.0,0,0.0
2021-06-15 09:15:31,1199.55,20,2895,1179,0.0,0,0.0
2021-06-15 09:15:36,1199.55,20,2930,1172,0.0,0,0.0
2021-06-15 09:15:42,1199.55,20,2940,1207,0.0,0,0.0
2021-06-15 09:15:43,1199.95,5,2940,1207,0.0,0,0.0333458380225993
2021-06-15 09:15:46,1199.95,5,2936,1202,1199.95,5,0.0333458380225993
2021-06-15 09:16:01,1199.95,5,2937,1202,1199.95,5,0.0333458380225993
2021-06-15 09:16:06,1199.95,5,2937,1216,1199.95,5,0.0333458380225993
2021-06-15 09:16:15,1199.95,5,2939,1232,1199.95,5,0.0333458380225993
2021-06-15 09:16:24,1199.95,5,2958,1234,1199.95,5,0.0333458380225993
2021-06-15 09:16:33,1199.95,5,3059,1349,1199.95,5,0.0333458380225993
2021-06-15 09:16:42,1199.95,5,3059,1365,1199.95,5,0.0333458380225993
2021-06-15 09:16:47,1199.95,5,3081,1365,1199.95,5,0.0333458380225993
2021-06-15 09:16:47,1199.95,5,3081,1365,1199.95,5,0.0333458380225993
2021-06-15 09:16:51,1199.95,5,3468,1370,1199.97,20,0.0333458380225993
2021-06-15 09:16:55,1199.95,5,3476,1370,1199.97,20,0.0333458380225993
2021-06-15 09:17:08,1199.95,5,3491,1392,1199.97,20,0.0333458380225993
2021-06-15 09:17:11,1200.0,2,3491,1392,1199.97,20,0.0375140677754195
2021-06-15 09:17:13,1200.0,2,3527,1375,1199.45,45,0.0375140677754195
2021-06-15 09:17:18,1200.0,2,3527,1396,1199.45,45,0.0375140677754195
2021-06-15 09:17:18,1200.0,5,3527,1396,1199.45,45,0.0375140677754195
2021-06-15 09:17:22,1200.0,5,3561,1398,1199.55,55,0.0375140677754195
2021-06-15 09:17:30,1200.0,5,3576,1402,1199.55,55,0.0375140677754195
2021-06-15 09:17:35,1200.0,5,3593,1417,1199.55,55,0.0375140677754195
2021-06-15 09:17:39,1200.0,5,3610,1433,1199.55,55,0.0375140677754195
2021-06-15 09:17:45,1200.1,2,3610,1433,1199.55,55,0.0458505272810599
2021-06-15 09:17:48,1200.1,10,3594,1435,1199.73,88,0.0458505272810599
2021-06-15 09:17:53,1200.1,10,3594,1435,1199.73,88,0.0458505272810599
2021-06-15 09:17:57,1200.1,10,3579,1457,1199.73,88,0.0458505272810599
2021-06-15 09:18:01,1200.1,10,3596,1483,1199.73,88,0.0458505272810599
2021-06-15 09:18:05,1200.1,10,3609,1530,1199.73,88,0.0458505272810599
2021-06-15 09:18:09,1200.1,10,3625,1537,1199.73,88,0.0458505272810599
2021-06-15 09:18:14,1200.1,10,3642,1535,1199.73,88,0.0458505272810599
2021-06-15 09:18:18,1200.1,10,3658,1535,1199.73,88,0.0458505272810599
2021-06-15 09:18:35,1200.1,10,3660,1530,1199.73,88,0.0458505272810599
2021-06-15 09:18:46,1200.1,10,3673,1530,1199.73,88,0.0458505272810599
2021-06-15 09:18:54,1200.1,10,3673,1580,1199.73,88,0.0458505272810599
2021-06-15 09:19:06,1200.1,10,3673,1594,1199.73,88,0.0458505272810599
2021-06-15 09:19:15,1200.1,10,3673,1618,1199.73,88,0.0458505272810599
2021-06-15 09:19:19,1200.1,10,3690,1633,1199.73,88,0.0458505272810599
2021-06-15 09:19:23,1200.1,10,3692,1633,1199.73,88,0.0458505272810599
2021-06-15 09:19:27,1200.1,10,3704,1647,1199.73,88,0.0458505272810599
2021-06-15 09:19:31,1200.1,10,3692,1997,1199.73,88,0.0458505272810599
2021-06-15 09:19:35,1200.1,10,3670,2006,1199.73,88,0.0458505272810599
2021-06-15 09:19:49,1199.0,1,3670,2006,1199.73,88,-0.0458505272810599
2021-06-15 09:19:51,1199.0,1,3729,2041,1199.71,90,-0.0458505272810599
2021-06-15 09:19:56,1199.0,1,3977,2039,1199.71,90,-0.0458505272810599
2021-06-15 09:20:00,1199.0,1,3977,2089,1199.71,90,-0.0458505272810599
2021-06-15 09:20:16,1199.0,1,3984,2089,1199.71,90,-0.0458505272810599
2021-06-15 09:20:32,1199.0,1,3994,2154,1199.71,90,-0.0458505272810599
2021-06-15 09:20:36,1199.0,1,3999,2154,1199.71,90,-0.0458505272810599
2021-06-15 09:20:48,1194.3,1,3999,2154,1199.71,90,-0.4376641240465174
2021-06-15 09:20:48,1194.3,1,4050,2147,1199.37,96,-0.4376641240465174
2021-06-15 09:20:56,1194.3,1,4070,2168,1199.37,96,-0.4376641240465174
2021-06-15 09:21:00,1194.3,1,4070,2183,1199.37,96,-0.4376641240465174
2021-06-15 09:21:08,1194.3,1,4071,2183,1199.37,96,-0.4376641240465174
2021-06-15 09:21:12,1194.3,1,4104,2217,1199.37,96,-0.4376641240465174
2021-06-15 09:21:16,1194.3,1,4094,2219,1199.37,96,-0.4376641240465174
2021-06-15 09:21:20,1194.3,1,4112,2219,1199.37,96,-0.4376641240465174
2021-06-15 09:21:24,1194.3,1,4112,2229,1199.37,96,-0.4376641240465174
2021-06-15 09:21:44,1194.3,1,4112,2222,1199.37,96,-0.4376641240465174
2021-06-15 09:21:48,1194.3,1,4132,2229,1199.37,96,-0.4376641240465174
2021-06-15 09:21:56,1194.3,1,4131,2226,1199.37,96,-0.4376641240465174
2021-06-15 09:22:00,1194.0,1,4131,2230,1199.32,97,-0.4626735025634575
2021-06-15 09:22:04,1194.0,1,4131,2243,1199.32,97,-0.4626735025634575
2021-06-15 09:22:10,1200.0,41,4131,2243,1199.32,97,0.0375140677754195
2021-06-15 09:22:12,1200.0,41,4135,2180,1199.03,197,0.0375140677754195
2021-06-15 09:22:16,1200.0,41,4183,2190,1199.03,197,0.0375140677754195
2021-06-15 09:22:19,1200.0,41,10183,2190,1199.03,197,0.0375140677754195
2021-06-15 09:22:23,1200.0,41,28183,15692,1199.03,197,0.0375140677754195
2021-06-15 09:22:27,1200.0,41,28217,26209,1199.03,197,0.0375140677754195
2021-06-15 09:22:31,1200.0,41,28208,26223,1199.03,197,0.0375140677754195
2021-06-15 09:22:43,1200.0,41,28212,26223,1199.03,197,0.0375140677754195
2021-06-15 09:22:43,1199.95,5,28212,26223,1199.03,197,0.0333458380225993
2021-06-15 09:22:47,1199.95,5,28213,26436,1199.08,207,0.0333458380225993
2021-06-15 09:22:51,1199.95,5,28213,26450,1199.08,207,0.0333458380225993
2021-06-15 09:22:54,1199.95,5,28213,26465,1199.08,207,0.0333458380225993
2021-06-15 09:23:07,1199.95,5,28213,26481,1199.08,207,0.0333458380225993
2021-06-15 09:23:18,1199.95,5,28218,26498,1199.08,207,0.0333458380225993
2021-06-15 09:23:23,1199.95,5,28218,26530,1199.08,207,0.0333458380225993
2021-06-15 09:23:26,1199.95,5,28218,26544,1199.08,207,0.0333458380225993
2021-06-15 09:23:42,1199.95,5,28232,26587,1199.08,207,0.0333458380225993
2021-06-15 09:23:50,1199.95,5,28232,26602,1199.08,207,0.0333458380225993
2021-06-15 09:23:54,1199.95,5,28232,26617,1199.08,207,0.0333458380225993
2021-06-15 09:23:58,1199.95,5,28232,26698,1199.08,207,0.0333458380225993
2021-06-15 09:24:18,1199.95,5,28232,26738,1199.08,207,0.0333458380225993
2021-06-15 09:24:26,1199.95,5,28232,26739,1199.08,207,0.0333458380225993
2021-06-15 09:24:30,1199.95,5,28247,26739,1199.08,207,0.0333458380225993
2021-06-15 09:24:33,1199.95,5,28547,26723,1199.08,207,0.0333458380225993
2021-06-15 09:24:37,1199.95,5,28584,26721,1199.08,207,0.0333458380225993
2021-06-15 09:24:41,1199.95,5,28582,26754,1199.08,207,0.0333458380225993
2021-06-15 09:24:45,1199.95,5,28582,26770,1199.08,207,0.0333458380225993
2021-06-15 09:24:49,1199.95,5,28582,26800,1199.08,207,0.0333458380225993
2021-06-15 09:24:50,1200.0,1,28582,26800,1199.08,207,0.0375140677754195
2021-06-15 09:24:53,1200.0,1,28581,26812,1199.08,209,0.0375140677754195
2021-06-15 09:25:01,1200.0,1,28576,26828,1199.08,209,0.0375140677754195
2021-06-15 09:25:04,1200.0,1,28623,26828,1199.08,209,0.0375140677754195
2021-06-15 09:25:09,1200.0,1,28646,26828,1199.08,209,0.0375140677754195
2021-06-15 09:25:12,1200.0,1,28659,26828,1199.08,209,0.0375140677754195
2021-06-15 09:25:17,1200.0,1,28661,26828,1199.08,209,0.0375140677754195
2021-06-15 09:25:20,1200.0,1,28918,26828,1199.08,209,0.0375140677754195
2021-06-15 09:25:24,1200.0,1,28918,26838,1199.08,209,0.0375140677754195
2021-06-15 09:25:44,1200.0,1,28959,26838,1199.08,209,0.0375140677754195
2021-06-15 09:25:47,1200.0,1,28952,26838,1199.08,209,0.0375140677754195
2021-06-15 09:25:51,1200.0,1,28951,26838,1199.08,209,0.0375140677754195
2021-06-15 09:25:55,1200.0,1,28951,26838,1199.08,209,0.0375140677754195
2021-06-15 09:26:02,1200.0,1,28982,26838,1199.08,209,0.0375140677754195
2021-06-15 09:26:10,1200.0,1,28999,26838,1199.08,209,0.0375140677754195
2021-06-15 09:26:14,1200.0,1,29017,26838,1199.08,209,0.0375140677754195
2021-06-15 09:27:23,1200.0,1,29017,26805,1199.08,209,0.0375140677754195
2021-06-15 09:27:27,1200.0,1,29016,26805,1199.08,209,0.0375140677754195
2021-06-15 09:27:30,1200.0,1,29018,26805,1199.08,209,0.0375140677754195
2021-06-15 09:27:34,1200.0,1,29018,26805,1199.08,209,0.0375140677754195
2021-06-15 09:27:38,1200.0,1,29168,26805,1199.08,209,0.0375140677754195
2021-06-15 09:27:42,1200.0,1,29174,26805,1199.08,209,0.0375140677754195
2021-06-15 09:27:53,1200.0,1,29168,26807,1199.08,209,0.0375140677754195
2021-06-15 09:27:57,1200.0,1,29177,26807,1199.08,209,0.0375140677754195
2021-06-15 09:28:00,1200.0,1,29167,26813,1199.08,209,0.0375140677754195
2021-06-15 09:28:23,1200.0,1,29168,26813,1199.08,209,0.0375140677754195
2021-06-15 09:28:55,1200.0,5,29168,26813,1199.08,209,0.0375140677754195
2021-06-15 09:28:57,1200.0,5,29168,26808,1199.1,214,0.0375140677754195
2021-06-15 09:29:31,1200.0,5,29324,26807,1199.1,214,0.0375140677754195
2021-06-15 09:31:45,1200.0,5,29595,26807,1199.1,214,0.0375140677754195
2021-06-15 09:32:21,1200.0,5,29595,26808,1199.1,214,0.0375140677754195
2021-06-15 09:32:28,1200.0,5,29595,26813,1199.1,214,0.0375140677754195
2021-06-15 09:32:32,1200.0,5,29595,26808,1199.1,214,0.0375140677754195
2021-06-15 09:32:57,1200.0,5,29594,26827,1199.1,214,0.0375140677754195
2021-06-15 09:33:00,1200.0,5,29594,26822,1199.1,214,0.0375140677754195
2021-06-15 09:33:15,1199.95,1,29594,26821,1199.11,215,0.0333458380225993
2021-06-15 09:33:19,1199.95,1,29599,26821,1199.11,215,0.0333458380225993
2021-06-15 09:33:26,1199.95,1,29594,26821,1199.11,215,0.0333458380225993
2021-06-15 09:33:30,1199.95,1,29599,26821,1199.11,215,0.0333458380225993
2021-06-15 09:33:33,1199.95,1,29594,26821,1199.11,215,0.0333458380225993
2021-06-15 09:33:37,1199.95,1,29595,26821,1199.11,215,0.0333458380225993
2021-06-15 09:33:40,1199.95,1,29600,26821,1199.11,215,0.0333458380225993
2021-06-15 09:33:48,1199.95,1,29595,26812,1199.11,215,0.0333458380225993
2021-06-15 09:34:12,1199.95,1,29696,26812,1199.11,215,0.0333458380225993
2021-06-15 09:34:16,1199.95,1,29696,26829,1199.11,215,0.0333458380225993
2021-06-15 09:34:40,1199.95,1,29696,26829,1199.11,215,0.0333458380225993
2021-06-15 09:35:01,1199.95,1,29696,26834,1199.11,215,0.0333458380225993
2021-06-15 09:35:16,1199.95,1,29696,26829,1199.11,215,0.0333458380225993
2021-06-15 09:36:00,1199.95,1,29696,26829,1199.11,215,0.0333458380225993
2021-06-15 09:36:04,1199.95,1,29697,26824,1199.11,215,0.0333458380225993
2021-06-15 09:36:12,1200.0,10,29697,26824,1199.11,215,0.0375140677754195
2021-06-15 09:36:14,1200.0,10,29697,26819,1199.15,225,0.0375140677754195
2021-06-15 09:36:36,1200.0,10,29722,26819,1199.15,225,0.0375140677754195
2021-06-15 09:36:43,1200.0,10,29725,26819,1199.15,225,0.0375140677754195
2021-06-15 09:37:16,1200.0,10,29726,26819,1199.15,225,0.0375140677754195
2021-06-15 09:37:48,1195.3,7,29714,26820,1198.85,245,-0.3542995289900379
2021-06-15 09:37:52,1195.3,7,29702,26815,1198.85,245,-0.3542995289900379
2021-06-15 09:38:07,1195.3,7,29903,26815,1198.85,245,-0.3542995289900379
2021-06-15 09:39:00,1195.3,7,29919,26834,1198.85,245,-0.3542995289900379
2021-06-15 09:39:53,1195.3,7,29919,26847,1198.85,245,-0.3542995289900379
2021-06-15 09:42:22,1195.3,7,29929,26847,1198.85,245,-0.3542995289900379
2021-06-15 09:42:49,1203.4,8,29929,26847,1198.85,245,0.3209536909674575
2021-06-15 09:42:50,1202.0,29,29929,26847,1198.85,245,0.2042432578883786
2021-06-15 09:42:51,1202.0,29,30314,26420,1200.37,858,0.2042432578883786
2021-06-15 09:42:52,1201.5,10,30314,26420,1200.37,858,0.1625609603601388
2021-06-15 09:42:54,1201.5,10,29964,26464,1200.87,1245,0.1625609603601388
2021-06-15 09:42:58,1201.5,10,29955,26469,1200.87,1245,0.1625609603601388
2021-06-15 09:43:10,1199.95,1,29955,26469,1200.87,1245,0.0333458380225993
2021-06-15 09:43:10,1199.95,1,29956,26469,1200.87,1246,0.0333458380225993
2021-06-15 09:43:13,1199.95,1,29963,26514,1200.87,1246,0.0333458380225993
2021-06-15 09:43:17,1199.95,1,29961,26514,1200.87,1246,0.0333458380225993
2021-06-15 09:43:20,1199.95,1,29961,26500,1200.87,1246,0.0333458380225993
2021-06-15 09:43:23,1199.95,1,29961,26516,1200.87,1246,0.0333458380225993
2021-06-15 09:43:30,1199.95,1,29961,26517,1200.87,1246,0.0333458380225993
2021-06-15 09:43:33,1199.95,1,29983,26517,1200.87,1246,0.0333458380225993
2021-06-15 09:43:36,1199.95,1,29978,26536,1200.87,1246,0.0333458380225993
2021-06-15 09:43:39,1200.0,49,29978,26536,1200.87,1246,0.0375140677754195
2021-06-15 09:43:39,1200.0,49,29962,26546,1200.83,1296,0.0375140677754195
2021-06-15 09:43:43,1200.0,49,29961,26551,1200.83,1296,0.0375140677754195
2021-06-15 09:43:46,1200.0,49,29964,26551,1200.83,1296,0.0375140677754195
2021-06-15 09:44:12,1200.0,49,29712,26551,1200.83,1296,0.0375140677754195
2021-06-15 09:44:18,1200.0,49,29813,26551,1200.83,1296,0.0375140677754195
2021-06-15 09:45:32,1200.0,49,29813,26552,1200.83,1296,0.0375140677754195
2021-06-15 09:45:36,1200.0,49,29813,26552,1200.83,1296,0.0375140677754195
2021-06-15 09:45:42,1200.0,49,29824,26586,1200.83,1296,0.0375140677754195
2021-06-15 09:45:48,1200.0,49,29854,26586,1200.83,1296,0.0375140677754195
2021-06-15 09:45:55,1199.95,1,29854,26586,1200.83,1296,0.0333458380225993
2021-06-15 09:45:58,1199.95,1,29854,26585,1200.83,1297,0.0333458380225993
2021-06-15 09:46:13,1199.95,1,29839,26585,1200.83,1297,0.0333458380225993
2021-06-15 09:46:37,1199.95,1,29839,26593,1200.83,1297,0.0333458380225993
2021-06-15 09:47:07,1199.95,1,29848,26593,1200.83,1297,0.0333458380225993
2021-06-15 09:47:21,1199.95,1,29848,26594,1200.83,1297,0.0333458380225993
2021-06-15 09:47:49,1199.95,1,29848,26594,1200.83,1297,0.0333458380225993
2021-06-15 09:47:52,1199.95,1,29848,26594,1200.83,1297,0.0333458380225993
2021-06-15 09:47:59,1199.95,1,29848,26594,1200.83,1297,0.0333458380225993
2021-06-15 09:48:01,1199.95,1,29855,26594,1200.83,1297,0.0333458380225993
2021-06-15 09:48:04,1199.95,1,29860,26577,1200.83,1297,0.0333458380225993
2021-06-15 09:48:13,1199.95,1,29850,26577,1200.83,1297,0.0333458380225993
2021-06-15 09:48:16,1199.95,1,29851,26577,1200.83,1297,0.0333458380225993
2021-06-15 09:48:23,1199.95,1,29870,26577,1200.83,1297,0.0333458380225993
2021-06-15 09:48:26,1199.95,1,29870,26577,1200.83,1297,0.0333458380225993
2021-06-15 09:48:29,1199.95,1,29850,26577,1200.83,1297,0.0333458380225993
2021-06-15 09:48:36,1199.95,1,29850,26577,1200.83,1297,0.0333458380225993
2021-06-15 09:48:54,1200.0,2,29850,26577,1200.83,1297,0.0375140677754195
2021-06-15 09:48:54,1200.0,2,29677,26530,1200.07,1534,0.0375140677754195
2021-06-15 09:48:56,1200.0,5,29677,26530,1200.07,1534,0.0375140677754195
2021-06-15 09:48:57,1200.0,5,29673,26531,1200.07,1539,0.0375140677754195
2021-06-15 09:49:00,1200.0,5,29673,26531,1200.07,1539,0.0375140677754195
2021-06-15 09:49:03,1200.0,5,29673,26541,1200.07,1539,0.0375140677754195
2021-06-15 09:49:06,1200.0,5,29673,26546,1200.07,1539,0.0375140677754195
2021-06-15 09:49:12,1200.0,5,29673,26546,1200.07,1539,0.0375140677754195
2021-06-15 09:49:17,1199.5,1,29673,26546,1200.07,1539,-0.0041682297528201
2021-06-15 09:49:18,1199.5,1,29673,26541,1200.07,1540,-0.0041682297528201
2021-06-15 09:49:25,1199.5,1,29658,26578,1200.07,1540,-0.0041682297528201
2021-06-15 09:49:30,1199.5,1,29659,26578,1200.07,1540,-0.0041682297528201
2021-06-15 09:49:37,1199.5,1,29659,26573,1200.07,1540,-0.0041682297528201
2021-06-15 09:49:40,1199.5,1,29659,26578,1200.07,1540,-0.0041682297528201
2021-06-15 09:49:49,1199.5,1,29673,26576,1200.07,1540,-0.0041682297528201
2021-06-15 09:49:52,1199.5,1,29675,26581,1200.07,1540,-0.0041682297528201
2021-06-15 09:49:56,1199.5,1,29675,26581,1200.07,1540,-0.0041682297528201
2021-06-15 09:49:58,1199.5,1,29675,26581,1200.07,1540,-0.0041682297528201
2021-06-15 09:50:02,1199.5,1,29680,26581,1200.07,1540,-0.0041682297528201
2021-06-15 09:50:22,1199.5,1,29679,26593,1200.07,1540,-0.0041682297528201
2021-06-15 09:50:25,1199.5,1,29674,26592,1200.07,1540,-0.0041682297528201
2021-06-15 09:50:28,1199.5,1,29679,26581,1200.07,1540,-0.0041682297528201
2021-06-15 09:50:54,1199.5,1,29679,26581,1200.07,1540,-0.0041682297528201
2021-06-15 09:51:13,1199.5,1,29679,26581,1200.07,1540,-0.0041682297528201
2021-06-15 09:51:28,1199.5,1,29674,26593,1200.07,1540,-0.0041682297528201
2021-06-15 09:51:37,1199.5,1,29674,26576,1200.07,1540,-0.0041682297528201
2021-06-15 09:51:40,1199.5,1,29674,26590,1200.07,1540,-0.0041682297528201
2021-06-15 09:51:57,1199.5,1,29679,26597,1200.07,1540,-0.0041682297528201
2021-06-15 09:52:17,1199.5,1,29683,26582,1200.07,1540,-0.0041682297528201
2021-06-15 09:52:20,1199.5,1,29683,26582,1200.07,1540,-0.0041682297528201
2021-06-15 09:52:23,1199.5,1,29683,26592,1200.07,1540,-0.0041682297528201
2021-06-15 09:52:26,1199.5,1,29683,26583,1200.07,1540,-0.0041682297528201
2021-06-15 09:53:03,1199.5,1,29683,26584,1200.07,1540,-0.0041682297528201
2021-06-15 09:53:12,1199.5,1,29482,26584,1200.07,1540,-0.0041682297528201
2021-06-15 09:53:31,1199.5,1,29477,26596,1200.07,1540,-0.0041682297528201
2021-06-15 09:53:34,1199.5,1,29482,26596,1200.07,1540,-0.0041682297528201
2021-06-15 09:53:37,1199.5,1,29477,26598,1200.07,1540,-0.0041682297528201
2021-06-15 09:55:30,1199.5,1,29482,26585,1200.07,1540,-0.0041682297528201
2021-06-15 09:55:39,1199.5,1,29478,26579,1200.07,1540,-0.0041682297528201
2021-06-15 09:55:42,1199.5,1,29482,26585,1200.07,1540,-0.0041682297528201
2021-06-15 09:55:45,1199.5,1,29482,26579,1200.07,1540,-0.0041682297528201
2021-06-15 09:55:48,1199.5,1,29477,26594,1200.07,1540,-0.0041682297528201
2021-06-15 09:55:54,1199.5,1,29477,26594,1200.07,1540,-0.0041682297528201
2021-06-15 09:56:14,1199.5,1,29477,26594,1200.07,1540,-0.0041682297528201
2021-06-15 09:56:17,1199.5,1,29478,26592,1200.07,1540,-0.0041682297528201
2021-06-15 09:56:20,1199.5,1,29477,26592,1200.07,1540,-0.0041682297528201
2021-06-15 09:56:23,1199.5,1,29478,26592,1200.07,1540,-0.0041682297528201
2021-06-15 09:56:25,1199.5,1,29477,26592,1200.07,1540,-0.0041682297528201
2021-06-15 09:56:42,1199.5,1,29478,26592,1200.07,1540,-0.0041682297528201
2021-06-15 09:56:45,1199.5,1,29477,26592,1200.07,1540,-0.0041682297528201
2021-06-15 09:56:57,1199.5,1,29479,26593,1200.07,1540,-0.0041682297528201
2021-06-15 09:57:00,1199.5,1,29483,26593,1200.07,1540,-0.0041682297528201
2021-06-15 09:57:03,1199.5,1,29478,26593,1200.07,1540,-0.0041682297528201
2021-06-15 09:59:42,1199.5,1,29684,26593,1200.07,1540,-0.0041682297528201
2021-06-15 10:00:15,1199.5,1,30187,26593,1200.07,1540,-0.0041682297528201
2021-06-15 10:00:21,1199.5,1,30182,26593,1200.07,1540,-0.0041682297528201
2021-06-15 10:00:24,1199.5,1,30187,26593,1200.07,1540,-0.0041682297528201
2021-06-15 10:00:27,1199.5,1,30182,26593,1200.07,1540,-0.0041682297528201
2021-06-15 10:00:29,1199.5,1,30187,26593,1200.07,1540,-0.0041682297528201
2021-06-15 10:00:32,1199.5,1,30182,26593,1200.07,1540,-0.0041682297528201
2021-06-15 10:00:47,1199.5,1,30182,26593,1200.07,1540,-0.0041682297528201
2021-06-15 10:00:50,1199.5,1,30182,26593,1200.07,1540,-0.0041682297528201
2021-06-15 10:00:52,1199.5,1,30182,26593,1200.07,1540,-0.0041682297528201
2021-06-15 10:00:55,1199.5,1,30182,26593,1200.07,1540,-0.0041682297528201
2021-06-15 10:00:59,1199.5,1,30187,26593,1200.07,1540,-0.0041682297528201
2021-06-15 10:01:02,1199.5,1,30182,26593,1200.07,1540,-0.0041682297528201
2021-06-15 10:01:05,1199.5,1,30187,26593,1200.07,1540,-0.0041682297528201
2021-06-15 10:01:08,1199.5,1,30187,26593,1200.07,1540,-0.0041682297528201
2021-06-15 10:01:12,1199.5,1,30187,26593,1200.07,1540,-0.0041682297528201
2021-06-15 10:01:15,1199.5,1,30187,26593,1200.07,1540,-0.0041682297528201
2021-06-15 10:01:18,1199.5,1,30187,26598,1200.07,1540,-0.0041682297528201
2021-06-15 10:01:21,1199.5,1,30182,26592,1200.07,1540,-0.0041682297528201
2021-06-15 10:01:23,1199.5,1,30187,26592,1200.07,1540,-0.0041682297528201
2021-06-15 10:01:32,1199.5,1,30187,26593,1200.07,1540,-0.0041682297528201
2021-06-15 10:01:37,1199.5,1,30187,26593,1200.07,1540,-0.0041682297528201
2021-06-15 10:01:40,1199.5,1,30182,26593,1200.07,1540,-0.0041682297528201
2021-06-15 10:01:55,1199.5,1,30182,26633,1200.07,1540,-0.0041682297528201
2021-06-15 10:01:59,1199.5,1,30182,26633,1200.07,1540,-0.0041682297528201
2021-06-15 10:02:49,1199.5,1,30185,26633,1200.07,1540,-0.0041682297528201
2021-06-15 10:02:52,1199.5,1,30185,26633,1200.07,1540,-0.0041682297528201
2021-06-15 10:02:54,1199.5,1,30179,26633,1200.07,1541,-0.0041682297528201
2021-06-15 10:03:09,1199.5,1,30184,26633,1200.07,1541,-0.0041682297528201
2021-06-15 10:03:12,1199.5,1,30201,26633,1200.07,1541,-0.0041682297528201
2021-06-15 10:03:15,1200.0,5,30201,26633,1200.07,1541,0.0375140677754195
2021-06-15 10:03:16,1200.0,5,30196,26633,1200.07,1546,0.0375140677754195
2021-06-15 10:03:17,1197.0,2,30196,26633,1200.07,1546,-0.2125797173940189
2021-06-15 10:03:18,1197.0,2,30196,26634,1200.06,1556,-0.2125797173940189
2021-06-15 10:03:27,1197.0,2,30196,26635,1200.06,1556,-0.2125797173940189
2021-06-15 10:03:50,1197.0,2,30197,26635,1200.06,1556,-0.2125797173940189
2021-06-15 10:03:53,1197.0,2,30197,26635,1200.06,1556,-0.2125797173940189
2021-06-15 10:04:07,1197.0,2,30203,26635,1200.06,1556,-0.2125797173940189
2021-06-15 10:04:10,1197.0,2,30202,26635,1200.06,1556,-0.2125797173940189
2021-06-15 10:04:12,1197.0,2,30202,26635,1200.06,1556,-0.2125797173940189
2021-06-15 10:04:15,1197.0,2,30202,26641,1200.06,1556,-0.2125797173940189
2021-06-15 10:04:18,1197.0,2,30202,26636,1200.06,1556,-0.2125797173940189
2021-06-15 10:04:20,1197.0,2,30203,26650,1200.06,1556,-0.2125797173940189
2021-06-15 10:05:19,1197.0,2,30204,26649,1200.06,1556,-0.2125797173940189
2021-06-15 10:05:21,1197.0,2,30203,26649,1200.06,1556,-0.2125797173940189
2021-06-15 10:05:24,1197.0,2,30203,26649,1200.06,1556,-0.2125797173940189
2021-06-15 10:05:27,1197.0,2,30203,26654,1200.06,1556,-0.2125797173940189
2021-06-15 10:05:30,1197.0,2,30204,26649,1200.06,1556,-0.2125797173940189
2021-06-15 10:05:33,1197.0,2,30203,26649,1200.06,1556,-0.2125797173940189
2021-06-15 10:05:36,1197.0,2,30203,26650,1200.06,1556,-0.2125797173940189
2021-06-15 10:06:01,1197.0,2,30203,26648,1200.06,1556,-0.2125797173940189
2021-06-15 10:06:52,1197.0,2,30203,26648,1200.06,1556,-0.2125797173940189
2021-06-15 10:07:00,1197.0,2,30209,26649,1200.06,1556,-0.2125797173940189
2021-06-15 10:07:34,1197.0,2,30208,26649,1200.06,1556,-0.2125797173940189
2021-06-15 10:07:37,1197.0,2,30203,26648,1200.06,1556,-0.2125797173940189
2021-06-15 10:07:42,1197.0,2,30208,26649,1200.06,1556,-0.2125797173940189
2021-06-15 10:07:51,1197.0,2,30209,26649,1200.06,1556,-0.2125797173940189
2021-06-15 10:07:54,1197.0,2,30208,26648,1200.06,1556,-0.2125797173940189
2021-06-15 10:08:25,1197.0,2,30208,26649,1200.06,1556,-0.2125797173940189
2021-06-15 10:08:28,1197.0,2,30202,26649,1200.06,1556,-0.2125797173940189
2021-06-15 10:08:36,1197.0,2,30202,26633,1200.06,1556,-0.2125797173940189
2021-06-15 10:08:38,1197.0,2,30202,26650,1200.06,1556,-0.2125797173940189
2021-06-15 10:08:41,1197.0,2,30202,26650,1200.06,1556,-0.2125797173940189
2021-06-15 10:08:43,1197.0,2,30207,26650,1200.06,1556,-0.2125797173940189
2021-06-15 10:08:48,1197.0,2,30202,26650,1200.06,1556,-0.2125797173940189
2021-06-15 10:08:51,1197.0,2,30203,26650,1200.06,1556,-0.2125797173940189
2021-06-15 10:08:54,1197.0,2,30207,26650,1200.06,1556,-0.2125797173940189
2021-06-15 10:09:00,1197.0,2,30202,26650,1200.06,1556,-0.2125797173940189
2021-06-15 10:09:02,1197.0,2,30204,26649,1200.06,1556,-0.2125797173940189
2021-06-15 10:09:04,1197.0,2,30203,26649,1200.06,1556,-0.2125797173940189
2021-06-15 10:09:07,1197.0,2,30203,26649,1200.06,1556,-0.2125797173940189
2021-06-15 10:09:10,1197.0,2,30203,26649,1200.06,1556,-0.2125797173940189
2021-06-15 10:09:13,1197.0,2,30203,26649,1200.06,1556,-0.2125797173940189
2021-06-15 10:09:15,1197.0,2,30203,26649,1200.06,1556,-0.2125797173940189
2021-06-15 10:09:18,1197.0,2,30203,26649,1200.06,1556,-0.2125797173940189
2021-06-15 10:09:21,1197.0,2,30209,26649,1200.06,1556,-0.2125797173940189
2021-06-15 10:09:23,1197.0,2,30204,26654,1200.06,1556,-0.2125797173940189
2021-06-15 10:09:26,1197.0,2,30209,26654,1200.06,1556,-0.2125797173940189
2021-06-15 10:09:28,1197.0,2,30209,26654,1200.06,1556,-0.2125797173940189
2021-06-15 10:09:31,1197.0,2,30204,26654,1200.06,1556,-0.2125797173940189
2021-06-15 10:09:34,1197.0,2,30213,26654,1200.06,1556,-0.2125797173940189
2021-06-15 10:09:36,1197.0,2,30213,26654,1200.06,1556,-0.2125797173940189
2021-06-15 10:10:04,1197.0,2,31055,27426,1200.06,1556,-0.2125797173940189
2021-06-15 10:10:34,1197.0,2,31055,27426,1200.06,1556,-0.2125797173940189
2021-06-15 10:10:46,1197.0,2,31059,27426,1200.06,1556,-0.2125797173940189
2021-06-15 10:10:49,1197.0,2,31060,27426,1200.06,1556,-0.2125797173940189
2021-06-15 10:10:52,1197.0,2,31060,27426,1200.06,1556,-0.2125797173940189
2021-06-15 10:10:54,1197.0,2,31054,27426,1200.06,1556,-0.2125797173940189
2021-06-15 10:10:57,1197.0,2,31055,27426,1200.06,1556,-0.2125797173940189
2021-06-15 10:11:16,1197.0,2,31064,27426,1200.06,1556,-0.2125797173940189
2021-06-15 10:11:18,1197.0,2,31063,27426,1200.06,1556,-0.2125797173940189
2021-06-15 10:11:54,1197.0,2,31059,27426,1200.06,1556,-0.2125797173940189
2021-06-15 10:11:56,1197.0,2,31059,27426,1200.06,1556,-0.2125797173940189
2021-06-15 10:12:06,1197.0,2,31059,27426,1200.06,1556,-0.2125797173940189
2021-06-15 10:12:19,1197.0,2,31063,27426,1200.06,1556,-0.2125797173940189
2021-06-15 10:12:27,1197.0,2,31059,27426,1200.06,1556,-0.2125797173940189
2021-06-15 10:12:29,1197.0,2,31059,27426,1200.06,1556,-0.2125797173940189
2021-06-15 10:12:34,1197.0,2,31064,27426,1200.06,1556,-0.2125797173940189
2021-06-15 10:12:37,1197.0,2,31059,27426,1200.06,1556,-0.2125797173940189
2021-06-15 10:12:39,1199.95,4,31059,27426,1200.06,1556,0.0333458380225993
2021-06-15 10:12:40,1199.95,4,31038,27409,1200.06,1566,0.0333458380225993
2021-06-15 10:12:43,1199.95,4,31038,27414,1200.06,1566,0.0333458380225993
2021-06-15 10:12:57,1199.95,4,31048,27409,1200.06,1566,0.0333458380225993
2021-06-15 10:13:00,1199.95,4,31049,27409,1200.06,1566,0.0333458380225993
2021-06-15 10:13:03,1199.95,4,31050,27409,1200.06,1566,0.0333458380225993
2021-06-15 10:13:06,1199.95,4,31050,27409,1200.06,1566,0.0333458380225993
2021-06-15 10:13:08,1199.95,4,31049,27426,1200.06,1566,0.0333458380225993
2021-06-15 10:13:11,1199.95,4,31049,27416,1200.06,1566,0.0333458380225993
2021-06-15 10:13:13,1199.95,4,31049,27416,1200.06,1566,0.0333458380225993
2021-06-15 10:13:16,1199.95,4,31050,27416,1200.06,1566,0.0333458380225993
2021-06-15 10:13:18,1199.95,4,31049,27416,1200.06,1566,0.0333458380225993
2021-06-15 10:13:21,1199.95,4,31049,27416,1200.06,1566,0.0333458380225993
2021-06-15 10:13:24,1199.95,4,31049,27416,1200.06,1566,0.0333458380225993
2021-06-15 10:13:26,1199.95,4,31049,27416,1200.06,1566,0.0333458380225993
2021-06-15 10:13:28,1199.95,4,31049,27416,1200.06,1566,0.0333458380225993
2021-06-15 10:13:31,1199.95,4,31049,27416,1200.06,1566,0.0333458380225993
2021-06-15 10:13:34,1199.95,4,31049,27416,1200.06,1566,0.0333458380225993
2021-06-15 10:13:37,1199.95,4,31049,27416,1200.06,1566,0.0333458380225993
2021-06-15 10:13:39,1199.95,4,31049,27416,1200.06,1566,0.0333458380225993
2021-06-15 10:13:42,1199.95,4,31049,27417,1200.06,1566,0.0333458380225993
2021-06-15 10:13:44,1199.95,4,31049,27417,1200.06,1566,0.0333458380225993
2021-06-15 10:13:46,1199.95,4,31049,27417,1200.06,1566,0.0333458380225993
2021-06-15 10:13:48,1199.95,4,31049,27417,1200.06,1566,0.0333458380225993
2021-06-15 10:13:51,1199.95,4,31044,27418,1200.06,1566,0.0333458380225993
2021-06-15 10:13:54,1199.95,4,31046,27418,1200.06,1566,0.0333458380225993
2021-06-15 10:13:56,1199.95,4,31045,27418,1200.06,1566,0.0333458380225993
2021-06-15 10:13:58,1199.95,4,31045,27418,1200.06,1566,0.0333458380225993
2021-06-15 10:14:00,1199.95,4,31045,27418,1200.06,1566,0.0333458380225993
2021-06-15 10:14:03,1199.95,4,31045,27418,1200.06,1566,0.0333458380225993
2021-06-15 10:14:06,1199.95,4,31045,27418,1200.06,1566,0.0333458380225993
2021-06-15 10:14:08,1199.95,4,31045,27418,1200.06,1566,0.0333458380225993
2021-06-15 10:14:10,1199.95,4,31045,27418,1200.06,1566,0.0333458380225993
2021-06-15 10:14:13,1199.95,4,31045,27418,1200.06,1566,0.0333458380225993
2021-06-15 10:14:16,1199.95,4,31045,27418,1200.06,1566,0.0333458380225993
2021-06-15 10:14:19,1199.95,4,31045,27418,1200.06,1566,0.0333458380225993
2021-06-15 10:14:22,1199.95,4,31045,27418,1200.06,1566,0.0333458380225993
2021-06-15 10:14:25,1199.95,4,31045,27418,1200.06,1566,0.0333458380225993
2021-06-15 10:14:27,1199.95,4,31045,27418,1200.06,1566,0.0333458380225993
2021-06-15 10:14:30,1199.95,4,31046,27418,1200.06,1566,0.0333458380225993
2021-06-15 10:14:35,1199.95,4,31045,27418,1200.06,1566,0.0333458380225993
2021-06-15 10:14:37,1199.95,4,31045,27418,1200.06,1566,0.0333458380225993
2021-06-15 10:14:40,1199.95,4,31046,27418,1200.06,1566,0.0333458380225993
2021-06-15 10:14:42,1199.95,4,31045,27418,1200.06,1566,0.0333458380225993
2021-06-15 10:14:45,1199.95,4,31045,27419,1200.06,1566,0.0333458380225993
2021-06-15 10:14:51,1199.95,4,31045,27419,1200.06,1566,0.0333458380225993
2021-06-15 10:14:54,1199.95,4,31045,27419,1200.06,1566,0.0333458380225993
2021-06-15 10:14:56,1199.95,4,31045,27419,1200.06,1566,0.0333458380225993
2021-06-15 10:14:58,1199.95,4,31045,27419,1200.06,1566,0.0333458380225993
2021-06-15 10:15:01,1199.95,4,31045,27419,1200.06,1566,0.0333458380225993
2021-06-15 10:15:04,1199.95,4,31045,27419,1200.06,1566,0.0333458380225993
2021-06-15 10:15:06,1199.95,4,31045,27419,1200.06,1566,0.0333458380225993
2021-06-15 10:15:09,1199.95,4,31045,27419,1200.06,1566,0.0333458380225993
2021-06-15 10:15:12,1199.95,4,31045,27419,1200.06,1566,0.0333458380225993
2021-06-15 10:15:15,1199.95,4,31046,27419,1200.06,1566,0.0333458380225993
2021-06-15 10:15:18,1199.95,4,31045,27419,1200.06,1566,0.0333458380225993
2021-06-15 10:15:20,1199.95,4,31045,27419,1200.06,1566,0.0333458380225993
2021-06-15 10:15:24,1199.95,4,31045,27419,1200.06,1566,0.0333458380225993
2021-06-15 10:15:27,1199.95,4,31045,27419,1200.06,1566,0.0333458380225993
2021-06-15 10:15:30,1199.95,4,31045,27419,1200.06,1566,0.0333458380225993
2021-06-15 10:15:33,1199.95,4,31045,27419,1200.06,1566,0.0333458380225993
2021-06-15 10:15:35,1199.95,4,31045,27419,1200.06,1566,0.0333458380225993
2021-06-15 10:15:40,1199.95,4,31045,27419,1200.06,1566,0.0333458380225993
2021-06-15 10:15:43,1199.95,4,31045,27419,1200.06,1566,0.0333458380225993
2021-06-15 10:15:46,1199.95,4,31045,27419,1200.06,1566,0.0333458380225993
2021-06-15 10:15:48,1199.95,4,31045,27419,1200.06,1566,0.0333458380225993
2021-06-15 10:15:51,1199.95,4,31045,27419,1200.06,1566,0.0333458380225993
2021-06-15 10:15:54,1199.95,4,31045,27419,1200.06,1566,0.0333458380225993
2021-06-15 10:15:55,1199.95,3,31045,27419,1200.06,1566,0.0333458380225993
2021-06-15 10:15:56,1199.95,3,31046,27419,1200.06,1569,0.0333458380225993
2021-06-15 10:16:00,1199.95,3,31044,27419,1200.06,1569,0.0333458380225993
2021-06-15 10:16:02,1199.95,3,31045,27419,1200.06,1569,0.0333458380225993
2021-06-15 10:16:04,1199.95,3,31044,27419,1200.06,1569,0.0333458380225993
2021-06-15 10:16:07,1199.95,3,31044,27419,1200.06,1569,0.0333458380225993
2021-06-15 10:16:09,1199.95,3,31044,27419,1200.06,1569,0.0333458380225993
2021-06-15 10:16:12,1199.95,3,31044,27419,1200.06,1569,0.0333458380225993
2021-06-15 10:16:14,1199.95,3,31044,27419,1200.06,1569,0.0333458380225993
2021-06-15 10:16:16,1199.95,3,31044,27419,1200.06,1569,0.0333458380225993
2021-06-15 10:16:19,1199.95,3,31044,27419,1200.06,1569,0.0333458380225993
2021-06-15 10:16:22,1199.95,3,31044,27419,1200.06,1569,0.0333458380225993
2021-06-15 10:16:24,1199.95,3,31044,27419,1200.06,1569,0.0333458380225993
2021-06-15 10:16:27,1199.95,3,31044,27419,1200.06,1569,0.0333458380225993
2021-06-15 10:16:29,1199.95,3,31044,27419,1200.06,1569,0.0333458380225993
2021-06-15 10:16:31,1199.95,3,31044,27418,1200.06,1569,0.0333458380225993
2021-06-15 10:16:34,1199.95,3,31044,27418,1200.06,1569,0.0333458380225993
2021-06-15 10:16:37,1199.95,3,31044,27418,1200.06,1569,0.0333458380225993
2021-06-15 10:16:40,1199.95,3,31044,27418,1200.06,1569,0.0333458380225993
2021-06-15 10:16:43,1199.95,3,31044,27418,1200.06,1569,0.0333458380225993
2021-06-15 10:16:45,1199.95,3,31045,27418,1200.06,1569,0.0333458380225993
2021-06-15 10:16:48,1199.95,3,31044,27418,1200.06,1569,0.0333458380225993
2021-06-15 10:16:51,1199.95,3,31044,27418,1200.06,1569,0.0333458380225993
2021-06-15 10:16:54,1199.95,3,7042,3416,1200.06,1569,0.0333458380225993
2021-06-15 10:16:57,1199.95,3,7043,3416,1200.06,1569,0.0333458380225993
2021-06-15 10:17:00,1199.95,3,7042,3416,1200.06,1569,0.0333458380225993
2021-06-15 10:17:03,1199.95,3,7042,3416,1200.06,1569,0.0333458380225993
2021-06-15 10:17:05,1199.95,3,7042,3416,1200.06,1569,0.0333458380225993
2021-06-15 10:17:10,1199.95,3,7042,3416,1200.06,1569,0.0333458380225993
2021-06-15 10:17:12,1199.95,3,7042,3416,1200.06,1569,0.0333458380225993
2021-06-15 10:17:15,1199.95,3,7042,3416,1200.06,1569,0.0333458380225993
2021-06-15 10:17:17,1199.95,3,7042,3416,1200.06,1569,0.0333458380225993
2021-06-15 10:17:19,1199.95,3,7043,3416,1200.06,1569,0.0333458380225993
2021-06-15 10:17:22,1199.95,3,7042,3416,1200.06,1569,0.0333458380225993
2021-06-15 10:17:25,1199.95,3,7042,3416,1200.06,1569,0.0333458380225993
2021-06-15 10:17:28,1199.95,3,7042,3416,1200.06,1569,0.0333458380225993
2021-06-15 10:17:30,1199.95,3,7042,3416,1200.06,1569,0.0333458380225993
2021-06-15 10:17:33,1199.95,3,7042,3416,1200.06,1569,0.0333458380225993
2021-06-15 10:17:36,1199.95,3,7042,3416,1200.06,1569,0.0333458380225993
2021-06-15 10:17:41,1199.95,3,7042,3416,1200.06,1569,0.0333458380225993
2021-06-15 10:17:43,1199.95,3,7042,3416,1200.06,1569,0.0333458380225993
2021-06-15 10:17:46,1199.95,3,7043,3416,1200.06,1569,0.0333458380225993
2021-06-15 10:17:49,1199.95,3,7042,3416,1200.06,1569,0.0333458380225993
2021-06-15 10:17:51,1199.95,3,7042,3416,1200.06,1569,0.0333458380225993
2021-06-15 10:17:54,1199.95,3,7042,3416,1200.06,1569,0.0333458380225993
2021-06-15 10:17:56,1199.95,3,7042,3410,1200.06,1569,0.0333458380225993
2021-06-15 10:17:58,1199.95,3,7042,3410,1200.06,1569,0.0333458380225993
2021-06-15 10:18:00,1199.95,3,7042,3410,1200.06,1569,0.0333458380225993
2021-06-15 10:18:03,1199.95,3,7042,3421,1200.06,1569,0.0333458380225993
2021-06-15 10:18:06,1199.95,3,7042,3421,1200.06,1569,0.0333458380225993
2021-06-15 10:18:09,1199.95,3,7042,3421,1200.06,1569,0.0333458380225993
2021-06-15 10:18:11,1199.95,3,7042,3421,1200.06,1569,0.0333458380225993
2021-06-15 10:18:14,1199.95,3,7043,3421,1200.06,1569,0.0333458380225993
2021-06-15 10:18:16,1199.95,3,7042,3421,1200.06,1569,0.0333458380225993
2021-06-15 10:18:19,1199.95,3,7043,3421,1200.06,1569,0.0333458380225993
2021-06-15 10:18:21,1199.95,3,7043,3421,1200.06,1569,0.0333458380225993
2021-06-15 10:18:27,1199.95,3,7042,3421,1200.06,1569,0.0333458380225993
2021-06-15 10:18:29,1199.95,3,7043,3421,1200.06,1569,0.0333458380225993
2021-06-15 10:18:32,1199.95,3,7042,3421,1200.06,1569,0.0333458380225993
2021-06-15 10:18:34,1199.95,3,7043,3421,1200.06,1569,0.0333458380225993
2021-06-15 10:18:36,1199.95,3,7042,3421,1200.06,1569,0.0333458380225993
2021-06-15 10:18:39,1199.95,3,7043,3421,1200.06,1569,0.0333458380225993
2021-06-15 10:18:41,1199.95,3,7042,3416,1200.06,1569,0.0333458380225993
2021-06-15 10:18:43,1199.95,3,7043,3421,1200.06,1569,0.0333458380225993
2021-06-15 10:18:46,1199.95,3,7042,3421,1200.06,1569,0.0333458380225993
2021-06-15 10:18:49,1199.95,3,7043,3421,1200.06,1569,0.0333458380225993
2021-06-15 10:18:52,1199.95,3,7042,3421,1200.06,1569,0.0333458380225993
2021-06-15 10:18:54,1199.95,3,7043,3422,1200.06,1569,0.0333458380225993
2021-06-15 10:18:57,1199.95,3,7047,3421,1200.06,1569,0.0333458380225993
2021-06-15 10:19:00,1199.95,3,7047,3421,1200.06,1569,0.0333458380225993
2021-06-15 10:19:02,1199.95,3,7046,3418,1200.06,1569,0.0333458380225993
2021-06-15 10:19:04,1199.95,3,7047,3423,1200.06,1569,0.0333458380225993
2021-06-15 10:19:06,1199.95,3,7047,3418,1200.06,1569,0.0333458380225993
2021-06-15 10:19:09,1199.95,3,7047,3423,1200.06,1569,0.0333458380225993
2021-06-15 10:19:13,1199.95,3,29849,24800,1200.06,1569,0.0333458380225993
2021-06-15 10:19:42,1199.95,3,29849,24803,1200.06,1569,0.0333458380225993
2021-06-15 10:19:44,1199.95,3,29849,24803,1200.06,1569,0.0333458380225993
2021-06-15 10:19:57,1199.95,3,29869,24803,1200.06,1569,0.0333458380225993
2021-06-15 10:20:05,1199.0,1,29869,24803,1200.06,1569,-0.0458505272810599
2021-06-15 10:20:07,1199.0,1,29874,24802,1200.06,1570,-0.0458505272810599
2021-06-15 10:20:37,1199.0,1,29874,24802,1200.06,1570,-0.0458505272810599
2021-06-15 10:23:07,1198.45,2,29874,24802,1200.06,1570,-0.0917010545621198
2021-06-15 10:23:08,1198.45,2,29874,24804,1200.05,1574,-0.0917010545621198
2021-06-15 10:23:10,1198.45,2,29874,24804,1200.05,1574,-0.0917010545621198
2021-06-15 10:23:13,1198.45,2,29874,24804,1200.05,1574,-0.0917010545621198
2021-06-15 10:23:25,1198.45,2,29874,24804,1200.05,1574,-0.0917010545621198
2021-06-15 10:23:30,1198.45,2,29874,24804,1200.05,1574,-0.0917010545621198
2021-06-15 10:23:33,1198.45,2,29880,24804,1200.05,1574,-0.0917010545621198
2021-06-15 10:23:35,1198.45,2,29873,24804,1200.05,1574,-0.0917010545621198
2021-06-15 10:23:40,1198.45,2,29880,24804,1200.05,1574,-0.0917010545621198
2021-06-15 10:23:42,1198.45,2,29880,24803,1200.05,1574,-0.0917010545621198
2021-06-15 10:23:45,1198.45,2,29880,24803,1200.05,1574,-0.0917010545621198
2021-06-15 10:23:48,1198.45,2,29879,24802,1200.05,1574,-0.0917010545621198
2021-06-15 10:23:49,1198.45,2,29879,24802,1200.05,1574,-0.0917010545621198
2021-06-15 10:23:52,1198.45,2,29873,24802,1200.05,1574,-0.0917010545621198
2021-06-15 10:23:54,1198.45,2,29873,24802,1200.05,1574,-0.0917010545621198
2021-06-15 10:23:57,1199.0,1,29873,24802,1200.05,1574,-0.0458505272810599
2021-06-15 10:23:57,1199.0,1,29874,24801,1200.05,1575,-0.0458505272810599
2021-06-15 10:24:00,1199.0,1,29874,24801,1200.05,1575,-0.0458505272810599
2021-06-15 10:24:02,1199.0,1,29874,24801,1200.05,1575,-0.0458505272810599
2021-06-15 10:24:10,1199.0,1,29874,24801,1200.05,1575,-0.0458505272810599
2021-06-15 10:24:13,1199.0,1,29874,24801,1200.05,1575,-0.0458505272810599
2021-06-15 10:24:15,1199.0,1,29874,24801,1200.05,1575,-0.0458505272810599
2021-06-15 10:24:18,1199.0,1,29874,24801,1200.05,1575,-0.0458505272810599
2021-06-15 10:24:21,1199.0,1,29874,24801,1200.05,1575,-0.0458505272810599
2021-06-15 10:24:22,1199.0,1,29874,24801,1200.05,1575,-0.0458505272810599
2021-06-15 10:24:25,1199.0,1,29874,24801,1200.05,1575,-0.0458505272810599
2021-06-15 10:24:28,1199.0,1,29874,24801,1200.05,1575,-0.0458505272810599
2021-06-15 10:24:30,1199.0,1,29874,24801,1200.05,1575,-0.0458505272810599
2021-06-15 10:24:45,1199.0,1,29873,24801,1200.05,1575,-0.0458505272810599
2021-06-15 10:24:46,1198.4,1,29873,24801,1200.05,1575,-0.09586928431494
2021-06-15 10:24:47,1198.4,1,29873,24801,1200.05,1576,-0.09586928431494
2021-06-15 10:25:03,1198.4,1,29873,24802,1200.05,1576,-0.09586928431494
2021-06-15 10:25:44,1195.0,2,29873,24802,1200.05,1576,-0.379308907506978
2021-06-15 10:25:45,1195.0,2,29813,26030,1199.77,1714,-0.379308907506978
2021-06-15 10:25:48,1195.0,2,29813,26045,1199.77,1714,-0.379308907506978
2021-06-15 10:25:50,1195.0,2,29813,26046,1199.77,1714,-0.379308907506978
2021-06-15 10:26:00,1195.0,1,29813,26046,1199.77,1714,-0.379308907506978
2021-06-15 10:26:01,1195.0,1,29562,26049,1199.22,1934,-0.379308907506978
2021-06-15 10:26:03,1192.0,3,29579,26065,1199.22,1934,-0.6294026926764166
2021-06-15 10:26:06,1192.0,3,29583,26080,1199.21,1937,-0.6294026926764166
2021-06-15 10:26:08,1192.0,3,29686,26081,1199.21,1937,-0.6294026926764166
2021-06-15 10:26:17,1192.0,3,29686,26080,1199.21,1937,-0.6294026926764166
2021-06-15 10:26:38,1191.8,2,29686,26080,1199.21,1937,-0.6460756116877162
2021-06-15 10:26:39,1191.65,1,29686,26080,1199.21,1937,-0.6585803009461768
2021-06-15 10:26:40,1191.65,1,29688,24847,1199.2,1941,-0.6585803009461768
2021-06-15 10:26:43,1191.65,1,29703,24847,1199.2,1941,-0.6585803009461768
2021-06-15 10:26:45,1191.65,1,29703,24847,1199.2,1941,-0.6585803009461768
2021-06-15 10:26:48,1191.65,1,29703,24847,1199.2,1941,-0.6585803009461768
2021-06-15 10:26:52,1191.65,1,29702,24847,1199.2,1941,-0.6585803009461768
2021-06-15 10:26:55,1191.65,1,29702,24842,1199.2,1941,-0.6585803009461768
2021-06-15 10:26:57,1191.65,1,29716,24842,1199.2,1941,-0.6585803009461768
2021-06-15 10:27:36,1192.15,4,29716,24842,1199.2,1941,-0.6168980034179371
2021-06-15 10:27:36,1192.15,4,29684,24842,1198.99,1996,-0.6168980034179371
2021-06-15 10:27:39,1192.15,4,29698,24850,1198.99,1996,-0.6168980034179371
2021-06-15 10:27:53,1192.15,4,29711,24850,1198.99,1996,-0.6168980034179371
2021-06-15 10:27:55,1192.15,4,29711,24851,1198.99,1996,-0.6168980034179371
2021-06-15 10:28:11,1192.15,4,29711,24853,1198.99,1996,-0.6168980034179371
2021-06-15 10:28:36,1192.15,4,29711,24848,1198.99,1996,-0.6168980034179371
2021-06-15 10:28:38,1192.15,4,29711,24864,1198.99,1996,-0.6168980034179371
2021-06-15 10:28:40,1192.15,4,29711,24864,1198.99,1996,-0.6168980034179371
2021-06-15 10:28:43,1192.15,4,29711,24859,1198.99,1996,-0.6168980034179371
2021-06-15 10:28:56,1192.15,4,29711,24892,1198.99,1996,-0.6168980034179371
2021-06-15 10:29:12,1192.15,4,29711,24892,1198.99,1996,-0.6168980034179371
2021-06-15 10:30:13,1192.15,4,29711,24892,1198.99,1996,-0.6168980034179371
2021-06-15 10:30:28,1192.15,4,29711,24867,1198.99,1996,-0.6168980034179371
2021-06-15 10:30:33,1192.15,4,29716,24862,1198.99,1996,-0.6168980034179371
2021-06-15 10:30:35,1192.15,4,29716,24862,1198.99,1996,-0.6168980034179371
2021-06-15 10:30:50,1192.15,4,29716,24862,1198.99,1996,-0.6168980034179371
2021-06-15 10:30:52,1192.15,4,29716,24867,1198.99,1996,-0.6168980034179371
2021-06-15 10:30:58,1192.15,4,29716,24862,1198.99,1996,-0.6168980034179371
2021-06-15 10:31:50,1192.15,4,29716,24867,1198.99,1996,-0.6168980034179371
2021-06-15 10:32:29,1196.05,3,29711,24851,1198.99,2000,-0.2917760826976783
2021-06-15 10:32:31,1196.05,3,29728,24848,1198.99,2000,-0.2917760826976783
2021-06-15 10:32:34,1196.05,3,29730,24848,1198.99,2000,-0.2917760826976783
2021-06-15 10:32:35,1197.0,4,29730,24848,1198.99,2000,-0.2125797173940189
2021-06-15 10:32:37,1197.0,4,29760,24847,1198.98,2005,-0.2125797173940189
2021-06-15 10:32:57,1197.0,4,29760,24849,1198.98,2005,-0.2125797173940189
2021-06-15 10:33:00,1197.0,4,29755,24850,1198.98,2005,-0.2125797173940189
2021-06-15 10:33:03,1197.0,4,29755,24848,1198.98,2005,-0.2125797173940189
2021-06-15 10:33:25,1197.0,4,29755,24848,1198.98,2005,-0.2125797173940189
2021-06-15 10:33:36,1193.15,1,29759,24844,1198.98,2007,-0.5335334083614576
2021-06-15 10:33:43,1193.15,1,29765,24844,1198.98,2007,-0.5335334083614576
2021-06-15 10:34:33,1194.0,1,29765,24844,1198.98,2007,-0.4626735025634575
2021-06-15 10:34:33,1194.0,1,29749,24849,1198.97,2009,-0.4626735025634575
2021-06-15 10:34:38,1194.0,1,29749,24844,1198.97,2009,-0.4626735025634575
2021-06-15 10:34:40,1194.0,1,29756,24844,1198.97,2009,-0.4626735025634575
2021-06-15 10:34:53,1194.0,1,29749,24862,1198.97,2009,-0.4626735025634575
2021-06-15 10:35:00,1194.0,1,29751,24862,1198.97,2009,-0.4626735025634575
2021-06-15 10:35:02,1194.0,1,29751,24862,1198.97,2009,-0.4626735025634575
2021-06-15 10:35:09,1194.0,1,29751,24862,1198.97,2009,-0.4626735025634575
2021-06-15 10:35:17,1194.0,1,29751,24862,1198.97,2009,-0.4626735025634575
2021-06-15 10:35:21,1194.0,1,29751,24862,1198.97,2009,-0.4626735025634575
2021-06-15 10:35:27,1192.15,1,29751,24862,1198.97,2009,-0.6168980034179371
2021-06-15 10:35:28,1192.15,1,29751,24862,1198.97,2010,-0.6168980034179371
2021-06-15 10:35:32,1192.15,8,29751,24862,1198.97,2010,-0.6168980034179371
2021-06-15 10:35:32,1192.15,8,29734,24867,1198.94,2019,-0.6168980034179371
2021-06-15 10:35:50,1192.15,8,29739,24862,1198.94,2019,-0.6168980034179371
2021-06-15 10:36:02,1192.15,8,29734,24867,1198.94,2019,-0.6168980034179371
2021-06-15 10:36:16,1192.15,8,29739,24867,1198.94,2019,-0.6168980034179371
2021-06-15 10:36:18,1192.15,8,29734,24867,1198.94,2019,-0.6168980034179371
2021-06-15 10:36:21,1192.15,8,29739,24867,1198.94,2019,-0.6168980034179371
2021-06-15 10:36:29,1192.15,8,29750,24862,1198.94,2019,-0.6168980034179371
2021-06-15 10:36:42,1192.15,8,29760,24862,1198.94,2019,-0.6168980034179371
2021-06-15 10:37:54,1192.6,4,29760,24862,1198.94,2019,-0.5793839356425364
2021-06-15 10:37:55,1192.6,4,29755,24862,1198.93,2023,-0.5793839356425364
2021-06-15 10:37:57,1192.6,4,29760,24862,1198.93,2023,-0.5793839356425364
2021-06-15 10:38:05,1192.6,21,29760,24862,1198.93,2023,-0.5793839356425364
2021-06-15 10:38:07,1192.6,21,29740,24876,1198.84,2049,-0.5793839356425364
2021-06-15 10:38:09,1192.6,21,29745,24876,1198.84,2049,-0.5793839356425364
2021-06-15 10:38:11,1192.6,21,29745,24862,1198.84,2049,-0.5793839356425364
2021-06-15 10:40:35,1192.0,1,29745,24862,1198.84,2049,-0.6294026926764166
2021-06-15 10:40:37,1192.0,1,29739,24862,1198.83,2055,-0.6294026926764166
2021-06-15 10:41:01,1192.0,1,29739,24862,1198.83,2055,-0.6294026926764166
2021-06-15 10:41:03,1192.0,1,29739,24862,1198.83,2055,-0.6294026926764166
2021-06-15 10:42:28,1192.0,1,29744,24862,1198.83,2055,-0.6294026926764166
2021-06-15 10:43:55,1192.0,1,29739,24867,1198.83,2055,-0.6294026926764166
2021-06-15 10:44:30,1192.0,1,29744,24867,1198.83,2055,-0.6294026926764166
2021-06-15 10:44:58,1192.0,1,29739,24867,1198.83,2055,-0.6294026926764166
2021-06-15 10:45:00,1192.0,1,29739,24867,1198.83,2055,-0.6294026926764166
2021-06-15 10:45:03,1192.0,1,29744,24867,1198.83,2055,-0.6294026926764166
2021-06-15 10:45:07,1192.0,1,29739,24867,1198.83,2055,-0.6294026926764166
2021-06-15 10:45:09,1192.0,1,29744,24867,1198.83,2055,-0.6294026926764166
2021-06-15 10:45:13,1196.7,1,29759,24849,1198.81,2065,-0.237589095910959
2021-06-15 10:45:15,1196.7,1,29759,24849,1198.81,2065,-0.237589095910959
2021-06-15 10:45:18,1196.7,1,29759,24849,1198.81,2065,-0.237589095910959
2021-06-15 10:45:19,1196.7,1,29759,24835,1198.81,2065,-0.237589095910959
2021-06-15 10:46:23,1196.7,1,29789,24835,1198.81,2065,-0.237589095910959
2021-06-15 10:46:43,1196.7,1,29789,24838,1198.81,2065,-0.237589095910959
2021-06-15 10:46:45,1196.7,1,29789,24838,1198.81,2065,-0.237589095910959
2021-06-15 10:46:47,1196.7,1,29789,24838,1198.81,2065,-0.237589095910959
2021-06-15 10:46:49,1196.7,1,29789,24838,1198.81,2065,-0.237589095910959
2021-06-15 10:46:51,1196.7,1,29789,24838,1198.81,2065,-0.237589095910959
2021-06-15 10:46:54,1196.7,1,29789,24838,1198.81,2065,-0.237589095910959
2021-06-15 10:46:55,1196.7,1,29789,24838,1198.81,2065,-0.237589095910959
2021-06-15 10:46:58,1196.7,1,29789,24838,1198.81,2065,-0.237589095910959
2021-06-15 10:47:00,1196.7,1,29789,24838,1198.81,2065,-0.237589095910959
2021-06-15 10:47:03,1196.7,1,29790,24838,1198.81,2065,-0.237589095910959
2021-06-15 10:47:05,1196.7,1,29790,24838,1198.81,2065,-0.237589095910959
2021-06-15 10:47:07,1196.7,1,29790,24838,1198.81,2065,-0.237589095910959
2021-06-15 10:47:10,1196.7,1,29790,24838,1198.81,2065,-0.237589095910959
2021-06-15 10:47:12,1196.7,1,29790,24838,1198.81,2065,-0.237589095910959
2021-06-15 10:47:14,1196.7,1,29790,24838,1198.81,2065,-0.237589095910959
2021-06-15 10:47:16,1196.7,1,29790,24838,1198.81,2065,-0.237589095910959
2021-06-15 10:47:18,1196.7,1,29790,24838,1198.81,2065,-0.237589095910959
2021-06-15 10:47:20,1196.7,1,29790,24838,1198.81,2065,-0.237589095910959
2021-06-15 10:47:22,1196.7,1,29790,24838,1198.81,2065,-0.237589095910959
2021-06-15 10:47:24,1196.7,1,29790,24838,1198.81,2065,-0.237589095910959
2021-06-15 10:47:27,1196.7,1,29790,24838,1198.81,2065,-0.237589095910959
2021-06-15 10:47:29,1196.95,1,29790,24838,1198.81,2065,-0.2167479471468391
2021-06-15 10:47:30,1197.0,3,29790,24838,1198.81,2065,-0.2125797173940189
2021-06-15 10:47:31,1197.0,3,29879,24819,1198.81,2069,-0.2125797173940189
2021-06-15 10:47:51,1197.0,3,29880,24814,1198.81,2069,-0.2125797173940189
2021-06-15 10:47:57,1197.0,3,29875,24814,1198.81,2069,-0.2125797173940189
2021-06-15 10:48:26,1197.0,3,29875,24814,1198.81,2069,-0.2125797173940189
2021-06-15 10:48:50,1197.0,3,29875,24833,1198.81,2069,-0.2125797173940189
2021-06-15 10:48:54,1197.0,3,29875,24833,1198.81,2069,-0.2125797173940189
2021-06-15 10:50:12,1196.75,1,29875,24825,1198.81,2070,-0.2334208661581388
2021-06-15 10:51:19,1196.75,1,30042,24834,1198.81,2070,-0.2334208661581388
2021-06-15 10:51:33,1196.75,1,30042,24815,1198.81,2070,-0.2334208661581388
2021-06-15 10:52:06,1196.75,1,30042,24810,1198.81,2070,-0.2334208661581388
2021-06-15 10:52:33,1196.75,1,30042,24810,1198.81,2070,-0.2334208661581388
2021-06-15 10:54:04,1196.75,1,30042,24810,1198.81,2070,-0.2334208661581388
2021-06-15 10:54:36,1196.75,1,30047,24815,1198.81,2070,-0.2334208661581388
2021-06-15 10:54:43,1196.75,1,30047,24815,1198.81,2070,-0.2334208661581388
2021-06-15 10:54:57,1196.75,1,30042,24824,1198.81,2070,-0.2334208661581388
2021-06-15 10:55:13,1196.75,1,30042,24824,1198.81,2070,-0.2334208661581388
2021-06-15 10:55:18,1196.75,1,30042,24824,1198.81,2070,-0.2334208661581388
2021-06-15 10:55:59,1196.75,1,30032,24824,1198.81,2070,-0.2334208661581388
2021-06-15 10:56:54,1196.75,1,30032,24882,1198.81,2070,-0.2334208661581388
2021-06-15 10:57:28,1196.7,2,30032,24882,1198.81,2070,-0.237589095910959
2021-06-15 10:57:30,1196.7,2,30029,24882,1198.81,2073,-0.237589095910959
2021-06-15 10:57:32,1196.7,2,30030,24887,1198.81,2073,-0.237589095910959
2021-06-15 10:57:36,1196.7,2,30028,24887,1198.81,2073,-0.237589095910959
2021-06-15 10:57:39,1196.7,2,30029,24887,1198.81,2073,-0.237589095910959
2021-06-15 10:57:43,1196.7,2,30028,24887,1198.81,2073,-0.237589095910959
2021-06-15 10:57:50,1196.7,2,30028,24906,1198.81,2073,-0.237589095910959
2021-06-15 10:57:52,1196.7,2,30028,24902,1198.81,2073,-0.237589095910959
2021-06-15 10:57:55,1196.7,2,30030,24890,1198.81,2073,-0.237589095910959
2021-06-15 10:58:55,1199.0,4,30030,24890,1198.81,2073,-0.0458505272810599
2021-06-15 10:58:57,1199.0,4,30065,24871,1198.81,2077,-0.0458505272810599
2021-06-15 10:59:03,1199.0,4,30065,24872,1198.81,2077,-0.0458505272810599
2021-06-15 10:59:06,1199.0,4,30060,24872,1198.81,2077,-0.0458505272810599
2021-06-15 10:59:07,1199.0,4,30065,24872,1198.81,2077,-0.0458505272810599
2021-06-15 10:59:10,1199.0,4,30065,24872,1198.81,2077,-0.0458505272810599
2021-06-15 10:59:14,1199.0,4,30065,24872,1198.81,2077,-0.0458505272810599
2021-06-15 10:59:16,1199.0,4,30060,24872,1198.81,2077,-0.0458505272810599
2021-06-15 10:59:28,1199.0,4,30060,24872,1198.81,2077,-0.0458505272810599
2021-06-15 10:59:33,1199.0,4,30060,24872,1198.81,2077,-0.0458505272810599
2021-06-15 10:59:37,1199.0,4,30060,24872,1198.81,2077,-0.0458505272810599
2021-06-15 10:59:40,1199.0,4,30065,24872,1198.81,2077,-0.0458505272810599
2021-06-15 10:59:43,1199.0,4,30065,24872,1198.81,2077,-0.0458505272810599
2021-06-15 10:59:44,1200.0,26,30065,24872,1198.81,2077,0.0375140677754195
2021-06-15 10:59:45,1200.0,26,30067,24852,1198.82,2108,0.0375140677754195
2021-06-15 10:59:46,1200.0,26,30066,24857,1198.82,2108,0.0375140677754195
2021-06-15 11:00:10,1200.0,26,30061,24852,1198.82,2108,0.0375140677754195
2021-06-15 11:00:12,1200.0,26,30060,24851,1198.82,2108,0.0375140677754195
2021-06-15 11:00:15,1200.0,26,30065,24856,1198.82,2108,0.0375140677754195
2021-06-15 11:00:18,1200.0,26,30065,24851,1198.82,2108,0.0375140677754195
2021-06-15 11:00:21,1200.0,26,30065,24851,1198.82,2108,0.0375140677754195
2021-06-15 11:00:22,1200.0,26,30065,24851,1198.82,2108,0.0375140677754195
2021-06-15 11:00:24,1200.0,26,30065,24856,1198.82,2108,0.0375140677754195
2021-06-15 11:00:33,1200.0,26,7263,3479,1198.82,2108,0.0375140677754195
2021-06-15 11:00:37,1200.0,26,7263,3474,1198.82,2108,0.0375140677754195
2021-06-15 11:00:39,1200.0,26,10863,6874,1198.82,2108,0.0375140677754195
2021-06-15 11:00:41,1200.0,26,10864,6879,1198.82,2108,0.0375140677754195
2021-06-15 11:00:43,1200.0,26,10865,6879,1198.82,2108,0.0375140677754195
2021-06-15 11:00:45,1200.0,26,10865,6875,1198.82,2108,0.0375140677754195
2021-06-15 11:00:47,1200.0,26,10865,6881,1198.82,2108,0.0375140677754195
2021-06-15 11:00:51,1200.0,26,10860,6876,1198.82,2108,0.0375140677754195
2021-06-15 11:00:54,1200.0,26,10860,6876,1198.82,2108,0.0375140677754195
2021-06-15 11:00:56,1200.0,26,10865,6881,1198.82,2108,0.0375140677754195
2021-06-15 11:00:58,1200.0,26,10860,6876,1198.82,2108,0.0375140677754195
2021-06-15 11:01:00,1200.0,26,10865,6881,1198.82,2108,0.0375140677754195
2021-06-15 11:01:02,1200.0,26,10860,6876,1198.82,2108,0.0375140677754195
2021-06-15 11:01:04,1200.0,26,10865,6881,1198.82,2108,0.0375140677754195
2021-06-15 11:01:06,1200.0,26,10860,6876,1198.82,2108,0.0375140677754195
2021-06-15 11:01:09,1200.0,26,10860,6876,1198.82,2108,0.0375140677754195
2021-06-15 11:01:10,1200.0,26,10860,6876,1198.82,2108,0.0375140677754195
2021-06-15 11:01:13,1200.0,26,10860,6877,1198.82,2108,0.0375140677754195
2021-06-15 11:01:21,1200.0,26,10890,6877,1198.82,2108,0.0375140677754195
2021-06-15 11:01:46,1200.0,5,10890,6858,1198.83,2113,0.0375140677754195
2021-06-15 11:03:15,1200.0,5,10890,6868,1198.83,2113,0.0375140677754195
2021-06-15 11:03:59,1200.0,3,10890,6868,1198.83,2113,0.0375140677754195
2021-06-15 11:04:00,1200.0,47,10890,6868,1198.83,2113,0.0375140677754195
2021-06-15 11:04:00,1200.0,47,11066,6833,1198.85,2165,0.0375140677754195
2021-06-15 11:04:01,1200.0,150,11066,6833,1198.85,2165,0.0375140677754195
2021-06-15 11:04:02,1200.0,150,10900,6868,1198.93,2325,0.0375140677754195
2021-06-15 11:04:04,1200.0,150,10896,6873,1198.93,2325,0.0375140677754195
2021-06-15 11:04:08,1200.0,150,10901,6868,1198.93,2325,0.0375140677754195
2021-06-15 11:04:12,1200.0,150,10918,6868,1198.93,2325,0.0375140677754195
2021-06-15 11:04:14,1200.0,150,10918,6888,1198.93,2325,0.0375140677754195
2021-06-15 11:04:21,1198.85,24,10918,6888,1198.93,2325,-0.0583552165395394
2021-06-15 11:04:21,1198.85,24,10889,6893,1198.93,2349,-0.0583552165395394
2021-06-15 11:04:27,1198.85,1,10889,6893,1198.93,2349,-0.0583552165395394
2021-06-15 11:04:27,1198.85,1,10895,6872,1198.96,2406,-0.0583552165395394
2021-06-15 11:04:30,1198.85,1,10895,6872,1198.96,2406,-0.0583552165395394
2021-06-15 11:04:32,1198.85,1,10900,6877,1198.96,2406,-0.0583552165395394
2021-06-15 11:04:39,1198.85,1,10910,6872,1198.96,2406,-0.0583552165395394
2021-06-15 11:04:40,1198.85,1,10910,6872,1198.96,2406,-0.0583552165395394
2021-06-15 11:04:42,1198.85,1,10915,6872,1198.96,2406,-0.0583552165395394
2021-06-15 11:04:53,1198.05,98,10915,6872,1198.96,2406,-0.1250468925847192
2021-06-15 11:04:54,1198.05,98,10909,6872,1198.92,2506,-0.1250468925847192
2021-06-15 11:05:03,1198.05,46,10909,6872,1198.92,2506,-0.1250468925847192
2021-06-15 11:05:05,1198.05,46,10894,6872,1198.9,2552,-0.1250468925847192
2021-06-15 11:05:11,1198.05,46,10894,6867,1198.9,2552,-0.1250468925847192
2021-06-15 11:05:21,1198.05,46,10894,6872,1198.9,2552,-0.1250468925847192
2021-06-15 11:05:41,1198.05,46,10893,6897,1198.9,2552,-0.1250468925847192
2021-06-15 11:11:01,1196.7,82,10893,6897,1198.9,2552,-0.237589095910959
2021-06-15 11:11:02,1196.7,82,10796,6927,1198.83,2639,-0.237589095910959
2021-06-15 11:11:03,1196.7,82,10796,6927,1198.83,2639,-0.237589095910959
2021-06-15 11:11:05,1196.7,82,10791,6944,1198.83,2639,-0.237589095910959
2021-06-15 11:11:07,1196.7,82,10791,6944,1198.83,2639,-0.237589095910959
2021-06-15 11:11:09,1196.7,82,10791,6944,1198.83,2639,-0.237589095910959
2021-06-15 11:11:11,1196.7,82,10791,6944,1198.83,2639,-0.237589095910959
2021-06-15 11:11:14,1196.7,82,10791,6944,1198.83,2639,-0.237589095910959
2021-06-15 11:11:16,1196.7,82,10791,6944,1198.83,2639,-0.237589095910959
2021-06-15 11:11:18,1196.7,82,10791,6944,1198.83,2639,-0.237589095910959
2021-06-15 11:11:20,1196.7,82,10791,6944,1198.83,2639,-0.237589095910959
2021-06-15 11:11:22,1196.7,82,10791,6944,1198.83,2639,-0.237589095910959
2021-06-15 11:11:24,1196.7,82,10791,6944,1198.83,2639,-0.237589095910959
2021-06-15 11:11:27,1196.7,82,10791,6944,1198.83,2639,-0.237589095910959
2021-06-15 11:11:28,1196.7,82,10791,6944,1198.83,2639,-0.237589095910959
2021-06-15 11:11:30,1196.7,82,10791,6944,1198.83,2639,-0.237589095910959
2021-06-15 11:11:32,1196.7,82,10791,6944,1198.83,2639,-0.237589095910959
2021-06-15 11:11:34,1196.7,82,10791,6944,1198.83,2639,-0.237589095910959
2021-06-15 11:11:36,1196.7,82,10791,6944,1198.83,2639,-0.237589095910959
2021-06-15 11:12:02,1196.7,82,10791,6944,1198.83,2639,-0.237589095910959
2021-06-15 11:12:18,1196.7,82,10791,6944,1198.83,2639,-0.237589095910959
2021-06-15 11:12:24,1196.7,82,10791,6944,1198.83,2639,-0.237589095910959
2021-06-15 11:12:38,1196.7,82,10791,7044,1198.83,2639,-0.237589095910959
2021-06-15 11:12:43,1196.7,82,10791,7144,1198.83,2639,-0.237589095910959
2021-06-15 11:13:21,1196.7,82,10794,7148,1198.83,2639,-0.237589095910959
2021-06-15 11:13:24,1196.7,82,10794,7146,1198.83,2639,-0.237589095910959
2021-06-15 11:15:29,1195.55,15,10794,7147,1198.81,2659,-0.333458380225918
2021-06-15 11:15:31,1195.55,15,10799,7128,1198.81,2659,-0.333458380225918
2021-06-15 11:15:43,1195.55,15,10799,7130,1198.81,2659,-0.333458380225918
2021-06-15 11:15:45,1195.55,15,10799,7131,1198.81,2659,-0.333458380225918
2021-06-15 11:15:47,1195.55,15,10799,7150,1198.81,2659,-0.333458380225918
2021-06-15 11:15:49,1195.55,15,10799,7148,1198.81,2659,-0.333458380225918
2021-06-15 11:15:51,1195.55,15,10799,7148,1198.81,2659,-0.333458380225918
2021-06-15 11:15:54,1195.55,15,10799,7149,1198.81,2659,-0.333458380225918
2021-06-15 11:15:56,1195.55,15,10799,7148,1198.81,2659,-0.333458380225918
2021-06-15 11:15:58,1195.55,15,10799,7149,1198.81,2659,-0.333458380225918
2021-06-15 11:16:00,1195.55,15,10799,7148,1198.81,2659,-0.333458380225918
2021-06-15 11:16:04,1195.55,15,10799,7148,1198.81,2659,-0.333458380225918
2021-06-15 11:16:06,1195.55,15,10799,7148,1198.81,2659,-0.333458380225918
2021-06-15 11:16:51,1195.55,15,10809,7148,1198.81,2659,-0.333458380225918
2021-06-15 11:17:11,1195.55,15,10811,7148,1198.81,2659,-0.333458380225918
2021-06-15 11:17:13,1196.0,24995,10811,7148,1198.81,2659,-0.2959443124504985
2021-06-15 11:17:15,1196.0,24995,10811,7128,1196.27,27659,-0.2959443124504985
2021-06-15 11:17:37,1199.25,3,10824,7130,1196.27,27664,-0.02500937851694
2021-06-15 11:17:37,1199.25,3,10824,7130,1196.27,27664,-0.02500937851694
2021-06-15 11:17:48,1199.25,3,10825,7130,1196.27,27664,-0.02500937851694
2021-06-15 11:17:57,1199.9,1,10825,7130,1196.27,27664,0.0291776082697792
2021-06-15 11:17:59,1199.9,1,10825,7129,1196.27,27665,0.0291776082697792
2021-06-15 11:18:03,1199.9,1,10825,7129,1196.27,27665,0.0291776082697792
2021-06-15 11:18:05,1199.9,1,10825,7129,1196.27,27665,0.0291776082697792
2021-06-15 11:19:54,1200.0,7,10830,7125,1196.27,27685,0.0375140677754195
2021-06-15 11:19:58,1200.0,7,10830,7125,1196.27,27685,0.0375140677754195
2021-06-15 11:20:12,1200.0,7,10830,7227,1196.27,27685,0.0375140677754195
2021-06-15 11:20:13,1200.0,7,10830,7227,1196.27,27685,0.0375140677754195
2021-06-15 11:21:00,1200.0,7,10830,7227,1196.27,27685,0.0375140677754195
2021-06-15 11:21:01,1200.0,7,10830,7227,1196.27,27685,0.0375140677754195
2021-06-15 11:21:03,1200.0,7,10830,7227,1196.27,27685,0.0375140677754195
2021-06-15 11:21:05,1200.0,7,10830,7227,1196.27,27685,0.0375140677754195
2021-06-15 11:21:07,1200.0,7,10830,7227,1196.27,27685,0.0375140677754195
2021-06-15 11:21:09,1200.0,7,10830,7227,1196.27,27685,0.0375140677754195
2021-06-15 11:21:10,1200.0,7,10830,7227,1196.27,27685,0.0375140677754195
2021-06-15 11:21:58,1200.0,7,10951,7227,1196.27,27685,0.0375140677754195
2021-06-15 11:22:40,1200.0,7,10950,7227,1196.27,27685,0.0375140677754195
2021-06-15 11:23:29,1200.0,7,10950,7227,1196.27,27685,0.0375140677754195
2021-06-15 11:23:30,1200.0,7,10950,7232,1196.27,27685,0.0375140677754195
2021-06-15 11:23:52,1199.4,5,10951,7228,1196.27,27690,-0.0125046892584605
2021-06-15 11:24:06,1199.4,5,10933,7228,1196.27,27690,-0.0125046892584605
2021-06-15 11:24:48,1199.4,5,10933,7228,1196.27,27690,-0.0125046892584605
2021-06-15 11:24:48,1200.0,1,10933,7228,1196.27,27690,0.0375140677754195
2021-06-15 11:24:49,1200.0,5,10933,7228,1196.27,27690,0.0375140677754195
2021-06-15 11:24:50,1195.25,1,10933,7228,1196.27,27690,-0.3584677587428581
2021-06-15 11:24:51,1195.25,1,10934,7210,1196.28,27755,-0.3584677587428581
2021-06-15 11:24:52,1195.25,1,10917,7227,1196.28,27755,-0.3584677587428581
2021-06-15 11:24:57,1195.25,1,10917,7246,1196.28,27755,-0.3584677587428581
2021-06-15 11:25:06,1195.25,1,10917,7247,1196.28,27755,-0.3584677587428581
2021-06-15 11:25:18,1199.15,48,10917,7228,1196.28,27805,-0.0333458380225804
2021-06-15 11:25:20,1199.15,48,10917,7228,1196.28,27805,-0.0333458380225804
2021-06-15 11:25:22,1195.25,13,10917,7228,1196.28,27805,-0.3584677587428581
2021-06-15 11:25:23,1195.25,13,10918,7227,1196.28,27825,-0.3584677587428581
2021-06-15 11:25:40,1199.95,11,10919,7227,1196.28,27850,0.0333458380225993
2021-06-15 11:25:42,1199.95,11,10919,7228,1196.28,27850,0.0333458380225993
2021-06-15 11:27:03,1199.95,11,10924,7238,1196.28,27850,0.0333458380225993
2021-06-15 11:27:06,1199.95,11,10924,7238,1196.28,27850,0.0333458380225993
2021-06-15 11:27:08,1199.95,11,10924,7238,1196.28,27850,0.0333458380225993
2021-06-15 11:27:10,1199.95,11,10922,7238,1196.28,27850,0.0333458380225993
2021-06-15 11:27:12,1199.95,11,10922,7248,1196.28,27850,0.0333458380225993
2021-06-15 11:27:15,1200.0,30,10922,7248,1196.28,27850,0.0375140677754195
2021-06-15 11:27:15,1200.0,30,10934,7248,1196.29,27880,0.0375140677754195
2021-06-15 11:27:17,1200.0,30,10934,7248,1196.29,27880,0.0375140677754195
2021-06-15 11:27:19,1200.0,30,10934,7248,1196.29,27880,0.0375140677754195
2021-06-15 11:27:21,1200.0,30,10934,7258,1196.29,27880,0.0375140677754195
2021-06-15 11:27:26,1200.0,30,10934,7268,1196.29,27880,0.0375140677754195
2021-06-15 11:27:34,1200.0,30,10934,7278,1196.29,27880,0.0375140677754195
2021-06-15 11:27:36,1200.0,30,10934,7278,1196.29,27880,0.0375140677754195
2021-06-15 11:27:46,1200.0,30,10934,7288,1196.29,27880,0.0375140677754195
2021-06-15 11:27:51,1200.0,30,10934,7298,1196.29,27880,0.0375140677754195
2021-06-15 11:27:53,1200.0,30,10934,7293,1196.29,27880,0.0375140677754195
2021-06-15 11:27:55,1200.0,30,10934,7293,1196.29,27880,0.0375140677754195
2021-06-15 11:27:57,1200.0,30,10941,7298,1196.29,27880,0.0375140677754195
2021-06-15 11:27:59,1200.0,30,10934,7298,1196.29,27880,0.0375140677754195
2021-06-15 11:28:04,1200.0,30,10936,7298,1196.29,27880,0.0375140677754195
2021-06-15 11:28:09,1200.0,30,10936,7298,1196.29,27880,0.0375140677754195
2021-06-15 11:28:13,1200.0,30,10935,7312,1196.29,27880,0.0375140677754195
2021-06-15 11:28:15,1200.0,30,10940,7312,1196.29,27880,0.0375140677754195
2021-06-15 11:28:17,1200.0,30,10943,7307,1196.29,27880,0.0375140677754195
2021-06-15 11:28:19,1200.0,30,10935,7307,1196.29,27880,0.0375140677754195
2021-06-15 11:28:21,1200.0,30,10935,7307,1196.29,27880,0.0375140677754195
2021-06-15 11:28:23,1200.0,30,10935,7307,1196.29,27880,0.0375140677754195
2021-06-15 11:28:25,1200.0,30,10935,7307,1196.29,27880,0.0375140677754195
2021-06-15 11:28:27,1200.0,30,10936,7307,1196.29,27880,0.0375140677754195
2021-06-15 11:28:29,1200.0,30,10936,7312,1196.29,27880,0.0375140677754195
2021-06-15 11:28:33,1200.0,30,10936,7307,1196.29,27880,0.0375140677754195
2021-06-15 11:28:51,1200.0,30,10937,7307,1196.29,27880,0.0375140677754195
2021-06-15 11:28:56,1200.0,30,10940,7307,1196.29,27880,0.0375140677754195
2021-06-15 11:28:58,1200.0,30,10940,7307,1196.29,27880,0.0375140677754195
2021-06-15 11:29:00,1200.0,30,10940,7307,1196.29,27880,0.0375140677754195
2021-06-15 11:29:01,1200.0,30,10940,7312,1196.29,27880,0.0375140677754195
2021-06-15 11:29:04,1200.0,30,10940,7307,1196.29,27880,0.0375140677754195
2021-06-15 11:29:06,1200.0,30,10940,7307,1196.29,27880,0.0375140677754195
2021-06-15 11:29:13,1200.0,30,10940,7307,1196.29,27880,0.0375140677754195
2021-06-15 11:29:15,1200.0,30,10940,7307,1196.29,27880,0.0375140677754195
2021-06-15 11:29:18,1200.0,30,10940,7312,1196.29,27880,0.0375140677754195
2021-06-15 11:29:19,1200.0,30,10940,7312,1196.29,27880,0.0375140677754195
2021-06-15 11:29:28,1195.25,5,10924,7341,1196.29,27894,-0.3584677587428581
2021-06-15 11:29:28,1195.05,4,10924,7341,1196.29,27894,-0.3751406777541578
2021-06-15 11:29:30,1195.0,1,10919,7341,1196.29,27899,-0.379308907506978
2021-06-15 11:29:30,1193.15,1,10919,7341,1196.29,27899,-0.5335334083614576
2021-06-15 11:29:31,1192.05,3,10720,7341,1196.26,28085,-0.6252344629235964
2021-06-15 11:29:33,1191.0,100,10696,7371,1196.26,28091,-0.7127672877328961
2021-06-15 11:29:35,1190.0,3,10655,7376,1196.23,28218,-0.7961318827893756
2021-06-15 11:29:36,1190.3,1,10655,7376,1196.23,28218,-0.7711225042724356
2021-06-15 11:29:37,1190.05,1,10666,7371,1196.23,28219,-0.7919636530365554
2021-06-15 11:29:38,1190.0,30,10635,7376,1196.23,28250,-0.7961318827893756
2021-06-15 11:29:39,1190.0,30,10630,7406,1196.23,28250,-0.7961318827893756
2021-06-15 11:29:42,1190.0,30,10630,7406,1196.23,28250,-0.7961318827893756
2021-06-15 11:29:43,1190.0,30,10630,7406,1196.23,28250,-0.7961318827893756
2021-06-15 11:29:43,1189.95,1,10630,7406,1196.23,28250,-0.8003001125421958
2021-06-15 11:29:45,1189.95,1,10631,7406,1196.23,28251,-0.8003001125421958
2021-06-15 11:29:48,1190.0,21,10631,7406,1196.23,28251,-0.7961318827893756
2021-06-15 11:29:49,1190.0,21,10685,7395,1196.22,28281,-0.7961318827893756
2021-06-15 11:29:51,1190.0,21,10701,7400,1196.22,28281,-0.7961318827893756
2021-06-15 11:29:52,1190.0,21,10701,7400,1196.22,28281,-0.7961318827893756
2021-06-15 11:29:54,1190.0,21,10701,7401,1196.22,28281,-0.7961318827893756
2021-06-15 11:29:55,1190.05,1,10711,7401,1196.22,28281,-0.7919636530365554
2021-06-15 11:29:58,1190.0,10,10707,7402,1196.22,28286,-0.7961318827893756
2021-06-15 11:30:00,1190.0,10,10699,7402,1196.22,28296,-0.7961318827893756
2021-06-15 11:30:01,1190.0,10,10698,7397,1196.22,28296,-0.7961318827893756
2021-06-15 11:30:04,1190.0,10,10698,7397,1196.22,28296,-0.7961318827893756
2021-06-15 11:30:05,1190.0,10,10698,7407,1196.22,28296,-0.7961318827893756
2021-06-15 11:30:09,1190.0,10,10698,7407,1196.22,28296,-0.7961318827893756
2021-06-15 11:30:10,1190.0,10,10698,7408,1196.22,28296,-0.7961318827893756
2021-06-15 11:30:12,1190.0,10,10698,7408,1196.22,28296,-0.7961318827893756
2021-06-15 11:30:14,1190.0,10,10698,7408,1196.22,28296,-0.7961318827893756
2021-06-15 11:30:16,1190.0,10,10698,7408,1196.22,28296,-0.7961318827893756
2021-06-15 11:30:18,1190.0,10,10698,7408,1196.22,28296,-0.7961318827893756
2021-06-15 11:30:19,1190.0,10,10698,7408,1196.22,28296,-0.7961318827893756
2021-06-15 11:30:21,1190.0,10,10698,7408,1196.22,28296,-0.7961318827893756
2021-06-15 11:30:23,1190.0,10,10698,7408,1196.22,28296,-0.7961318827893756
2021-06-15 11:30:25,1190.0,10,10698,7408,1196.22,28296,-0.7961318827893756
2021-06-15 11:30:29,1190.0,10,10698,7408,1196.22,28296,-0.7961318827893756
2021-06-15 11:30:30,1189.9,5,10698,7408,1196.22,28296,-0.804468342295016
2021-06-15 11:30:31,1189.9,5,10693,7408,1196.22,28301,-0.804468342295016
2021-06-15 11:30:33,1189.9,5,10693,7408,1196.22,28301,-0.804468342295016
2021-06-15 11:30:34,1189.9,5,10693,7408,1196.22,28301,-0.804468342295016
2021-06-15 11:30:36,1189.9,5,10692,7408,1196.22,28301,-0.804468342295016
2021-06-15 11:30:38,1189.9,5,10692,7408,1196.22,28301,-0.804468342295016
2021-06-15 11:30:40,1189.9,5,10692,7408,1196.22,28301,-0.804468342295016
2021-06-15 11:30:42,1189.9,5,10692,7408,1196.22,28301,-0.804468342295016
2021-06-15 11:30:44,1189.9,5,10692,7408,1196.22,28301,-0.804468342295016
2021-06-15 11:30:46,1189.9,5,10692,7408,1196.22,28301,-0.804468342295016
2021-06-15 11:30:48,1189.9,5,10692,7408,1196.22,28301,-0.804468342295016
2021-06-15 11:30:49,1189.9,5,10692,7408,1196.22,28301,-0.804468342295016
2021-06-15 11:30:51,1189.9,5,10692,7408,1196.22,28301,-0.804468342295016
2021-06-15 11:30:54,1189.9,5,10692,7408,1196.22,28301,-0.804468342295016
2021-06-15 11:30:55,1189.9,5,10692,7408,1196.22,28301,-0.804468342295016
2021-06-15 11:30:57,1189.9,5,10692,7408,1196.22,28301,-0.804468342295016
2021-06-15 11:30:59,1189.9,5,10692,7408,1196.22,28301,-0.804468342295016
2021-06-15 11:31:03,1189.9,5,10692,7408,1196.22,28301,-0.804468342295016
2021-06-15 11:31:04,1189.9,5,10692,7408,1196.22,28301,-0.804468342295016
2021-06-15 11:31:06,1189.9,5,10692,7408,1196.22,28301,-0.804468342295016
2021-06-15 11:31:08,1189.9,5,10692,7408,1196.22,28301,-0.804468342295016
2021-06-15 11:31:10,1189.9,5,10692,7408,1196.22,28301,-0.804468342295016
2021-06-15 11:31:12,1189.9,5,10692,7408,1196.22,28301,-0.804468342295016
2021-06-15 11:31:13,1189.9,5,10692,7408,1196.22,28301,-0.804468342295016
2021-06-15 11:31:15,1189.9,5,10692,7408,1196.22,28301,-0.804468342295016
2021-06-15 11:31:17,1189.9,5,10692,7418,1196.22,28301,-0.804468342295016
2021-06-15 11:31:20,1189.9,5,10692,7418,1196.22,28301,-0.804468342295016
2021-06-15 11:31:22,1189.9,5,10692,7418,1196.22,28301,-0.804468342295016
2021-06-15 11:31:24,1189.9,5,10692,7418,1196.22,28301,-0.804468342295016
2021-06-15 11:31:25,1189.9,5,10692,7418,1196.22,28301,-0.804468342295016
2021-06-15 11:31:27,1189.9,5,10692,7418,1196.22,28301,-0.804468342295016
2021-06-15 11:31:29,1189.9,5,10692,7418,1196.22,28301,-0.804468342295016
2021-06-15 11:31:31,1189.9,5,10692,7418,1196.22,28301,-0.804468342295016
2021-06-15 11:31:33,1189.9,5,10692,7418,1196.22,28301,-0.804468342295016
2021-06-15 11:31:35,1189.9,5,10692,7423,1196.22,28301,-0.804468342295016
2021-06-15 11:31:37,1189.9,5,10692,7423,1196.22,28301,-0.804468342295016
2021-06-15 11:31:39,1189.9,5,10692,7423,1196.22,28301,-0.804468342295016
2021-06-15 11:31:40,1189.9,5,10692,7423,1196.22,28301,-0.804468342295016
2021-06-15 11:31:42,1189.9,5,10692,7418,1196.22,28301,-0.804468342295016
2021-06-15 11:31:44,1189.9,5,10692,7418,1196.22,28301,-0.804468342295016
2021-06-15 11:31:46,1189.9,5,10692,7418,1196.22,28301,-0.804468342295016
2021-06-15 11:31:48,1189.9,5,10692,7423,1196.22,28301,-0.804468342295016
2021-06-15 11:31:49,1189.9,5,10692,7423,1196.22,28301,-0.804468342295016
2021-06-15 11:31:51,1189.9,5,10692,7423,1196.22,28301,-0.804468342295016
2021-06-15 11:31:54,1189.9,5,10692,7423,1196.22,28301,-0.804468342295016
2021-06-15 11:31:56,1189.9,5,10692,7423,1196.22,28301,-0.804468342295016
2021-06-15 11:31:57,1189.9,5,10692,7418,1196.22,28301,-0.804468342295016
2021-06-15 11:32:00,1189.9,5,10692,7418,1196.22,28301,-0.804468342295016
2021-06-15 11:32:02,1189.9,5,10692,7418,1196.22,28301,-0.804468342295016
2021-06-15 11:32:04,1189.9,5,10692,7423,1196.22,28301,-0.804468342295016
2021-06-15 11:32:06,1189.9,5,10692,7423,1196.22,28301,-0.804468342295016
2021-06-15 11:32:08,1189.9,5,10692,7418,1196.22,28301,-0.804468342295016
2021-06-15 11:32:10,1189.9,5,10692,7418,1196.22,28301,-0.804468342295016
2021-06-15 11:32:12,1189.9,5,10692,7423,1196.22,28301,-0.804468342295016
2021-06-15 11:32:13,1189.9,5,10692,7418,1196.22,28301,-0.804468342295016
2021-06-15 11:32:16,1189.9,5,10692,7423,1196.22,28301,-0.804468342295016
2021-06-15 11:32:18,1189.9,5,10692,7418,1196.22,28301,-0.804468342295016
2021-06-15 11:32:20,1189.9,5,10692,7423,1196.22,28301,-0.804468342295016
2021-06-15 11:32:22,1189.9,5,10697,7423,1196.22,28301,-0.804468342295016
2021-06-15 11:32:24,1189.9,5,10692,7423,1196.22,28301,-0.804468342295016
2021-06-15 11:32:25,1189.9,5,10692,7423,1196.22,28301,-0.804468342295016
2021-06-15 11:32:27,1189.9,5,10692,7423,1196.22,28301,-0.804468342295016
2021-06-15 11:32:29,1189.9,5,10692,7418,1196.22,28301,-0.804468342295016
2021-06-15 11:32:31,1189.9,5,10692,7423,1196.22,28301,-0.804468342295016
2021-06-15 11:32:33,1189.9,5,10692,7423,1196.22,28301,-0.804468342295016
2021-06-15 11:32:34,1189.9,5,10692,7418,1196.22,28301,-0.804468342295016
2021-06-15 11:32:36,1189.9,5,10692,7418,1196.22,28301,-0.804468342295016
2021-06-15 11:32:37,1189.9,5,10692,7418,1196.22,28301,-0.804468342295016
2021-06-15 11:32:39,1189.9,5,10692,7418,1196.22,28301,-0.804468342295016
2021-06-15 11:32:40,1189.9,5,10692,7418,1196.22,28301,-0.804468342295016
2021-06-15 11:32:41,1189.9,5,10692,7418,1196.22,28301,-0.804468342295016
2021-06-15 11:32:42,1189.9,5,10692,7418,1196.22,28301,-0.804468342295016
2021-06-15 11:32:43,1189.9,5,10692,7418,1196.22,28301,-0.804468342295016
2021-06-15 11:32:44,1189.9,5,10692,7418,1196.22,28301,-0.804468342295016
2021-06-15 11:32:45,1189.9,5,10692,7418,1196.22,28301,-0.804468342295016
2021-06-15 11:32:47,1189.9,5,10692,7418,1196.22,28301,-0.804468342295016
2021-06-15 11:32:49,1189.9,5,10692,7423,1196.22,28301,-0.804468342295016
2021-06-15 11:32:51,1189.9,5,10692,7418,1196.22,28301,-0.804468342295016
2021-06-15 11:33:05,1190.2,5,10697,7423,1196.22,28301,-0.7794589637780759
2021-06-15 11:33:06,1190.2,5,10692,7418,1196.22,28306,-0.7794589637780759
2021-06-15 11:33:29,1190.2,5,10692,7425,1196.22,28306,-0.7794589637780759
2021-06-15 11:34:20,1190.2,5,10692,7425,1196.22,28306,-0.7794589637780759
2021-06-15 11:34:36,1190.2,5,10692,7430,1196.22,28306,-0.7794589637780759
2021-06-15 11:34:36,1190.0,3,10692,7430,1196.22,28306,-0.7961318827893756
2021-06-15 11:34:37,1190.0,3,10689,7430,1196.21,28309,-0.7961318827893756
2021-06-15 11:35:03,1190.0,3,10690,7430,1196.21,28309,-0.7961318827893756
2021-06-15 11:35:32,1190.0,3,10691,7425,1196.21,28309,-0.7961318827893756
2021-06-15 11:35:43,1190.0,3,10691,7458,1196.21,28309,-0.7961318827893756
2021-06-15 11:35:43,1190.0,3,10691,7460,1196.21,28309,-0.7961318827893756
2021-06-15 11:36:33,1190.0,3,10692,7460,1196.21,28309,-0.7961318827893756
2021-06-15 11:36:34,1190.0,3,10692,7460,1196.21,28309,-0.7961318827893756
2021-06-15 11:37:01,1189.9,26,10667,7460,1196.21,28335,-0.804468342295016
2021-06-15 11:37:03,1189.9,26,10667,7462,1196.21,28335,-0.804468342295016
2021-06-15 11:37:13,1189.9,26,10667,7462,1196.21,28335,-0.804468342295016
2021-06-15 11:37:14,1189.9,26,10667,7462,1196.21,28335,-0.804468342295016
2021-06-15 11:38:59,1192.35,2,10667,7462,1196.21,28335,-0.6002250844066563
2021-06-15 11:39:00,1192.35,2,10664,7457,1196.21,28337,-0.6002250844066563
2021-06-15 11:39:37,1189.9,8,10664,7457,1196.21,28337,-0.804468342295016
2021-06-15 11:39:37,1189.9,8,10659,7471,1196.21,28347,-0.804468342295016
2021-06-15 11:39:47,1189.9,8,10660,7462,1196.21,28347,-0.804468342295016
2021-06-15 11:39:51,1189.9,8,10661,7462,1196.21,28347,-0.804468342295016
2021-06-15 11:40:00,1189.9,8,10681,7462,1196.21,28347,-0.804468342295016
2021-06-15 11:40:02,1189.9,8,10680,7460,1196.21,28347,-0.804468342295016
2021-06-15 11:40:18,1189.9,8,10700,7460,1196.21,28347,-0.804468342295016
2021-06-15 11:40:19,1190.0,50,10700,7460,1196.21,28347,-0.7961318827893756
2021-06-15 11:40:20,1190.0,50,10681,7462,1196.2,28397,-0.7961318827893756
2021-06-15 11:42:20,1189.9,3,10678,7457,1196.2,28400,-0.804468342295016
2021-06-15 11:44:48,1192.6,5,10680,7439,1196.19,28420,-0.5793839356425364
2021-06-15 11:44:49,1190.25,4,10680,7439,1196.19,28420,-0.7752907340252557
2021-06-15 11:44:49,1190.25,4,10677,7453,1196.19,28424,-0.7752907340252557
2021-06-15 11:45:12,1192.6,6,10677,7453,1196.19,28424,-0.5793839356425364
2021-06-15 11:45:13,1192.6,6,10681,7447,1196.19,28434,-0.5793839356425364
2021-06-15 11:45:15,1192.6,6,10681,7449,1196.19,28434,-0.5793839356425364
2021-06-15 11:45:16,1192.6,6,10681,7445,1196.19,28434,-0.5793839356425364
2021-06-15 11:45:45,1192.6,6,10681,7445,1196.19,28434,-0.5793839356425364
2021-06-15 11:45:49,1192.6,6,10681,7457,1196.19,28434,-0.5793839356425364
2021-06-15 11:46:59,1192.6,6,10681,7469,1196.19,28434,-0.5793839356425364
2021-06-15 11:47:58,1192.6,6,10681,7465,1196.19,28434,-0.5793839356425364
2021-06-15 11:48:00,1192.6,6,10681,7465,1196.19,28434,-0.5793839356425364
2021-06-15 11:51:56,1192.6,6,10681,7465,1196.19,28434,-0.5793839356425364
2021-06-15 11:52:18,1192.6,6,10681,7472,1196.19,28434,-0.5793839356425364
2021-06-15 11:58:45,1190.3,25,10680,7467,1196.18,28469,-0.7711225042724356
2021-06-15 12:03:34,1187.45,1,10529,7723,1196.06,28778,-1.008711600183395
2021-06-15 12:03:35,1187.45,1,10529,7723,1196.06,28778,-1.008711600183395
2021-06-15 12:06:24,1187.0,1,10540,7731,1196.06,28779,-1.0462256679588142
2021-06-15 12:07:42,1184.05,1,10539,7730,1196.06,28780,-1.2921512233754324
2021-06-15 12:07:48,1184.05,1,10525,7730,1196.06,28780,-1.2921512233754324
2021-06-15 12:07:50,1184.05,1,10527,7730,1196.06,28780,-1.2921512233754324
2021-06-15 12:07:56,1184.05,1,10527,7730,1196.06,28780,-1.2921512233754324
2021-06-15 12:49:41,1180.0,1,10600,7611,1195.53,29910,-1.6297778333541708
2021-06-15 12:49:42,1180.0,1,10600,7611,1195.53,29910,-1.6297778333541708
2021-06-15 12:51:21,1182.0,5,10590,7611,1195.53,29916,-1.4630486432412118
2021-06-15 12:51:38,1182.0,5,10594,7612,1195.53,29916,-1.4630486432412118
2021-06-15 13:58:46,1164.0,4,9795,8374,1194.47,31357,-2.963611354257843
2021-06-15 13:58:45,1164.0,4,9745,8374,1194.47,31357,-2.963611354257843
2021-06-15 13:58:50,1164.0,4,9795,8374,1194.47,31357,-2.963611354257843
2021-06-15 13:58:54,1164.0,4,9795,8374,1194.47,31357,-2.963611354257843
2021-06-15 13:58:56,1164.0,4,9795,8374,1194.47,31357,-2.963611354257843
2021-06-15 13:59:01,1164.0,4,9845,8374,1194.47,31357,-2.963611354257843
2021-06-15 13:59:15,1164.0,4,9845,8374,1194.47,31357,-2.963611354257843
2021-06-15 13:59:37,1164.0,4,10045,8374,1194.47,31357,-2.963611354257843
2021-06-15 13:59:42,1165.95,1,10045,8374,1194.47,31357,-2.8010503938977043
2021-06-15 13:59:43,1165.95,1,10046,8379,1194.47,31358,-2.8010503938977043
2021-06-15 13:59:45,1165.95,1,10046,8374,1194.47,31358,-2.8010503938977043
2021-06-15 13:59:46,1165.95,25,10046,8374,1194.47,31358,-2.8010503938977043
2021-06-15 13:59:46,1165.95,25,10053,8373,1194.44,31391,-2.8010503938977043
2021-06-15 13:59:52,1165.95,25,10253,8373,1194.44,31391,-2.8010503938977043
2021-06-15 14:00:37,1165.9,1,10253,8372,1194.44,31392,-2.8052186236505245
2021-06-15 14:00:49,1165.9,1,10253,8362,1194.44,31392,-2.8052186236505245
2021-06-15 14:00:58,1162.5,6,10247,8359,1194.41,31425,-3.088658246842562
2021-06-15 14:01:00,1162.5,6,10247,8359,1194.41,31425,-3.088658246842562
2021-06-15 14:01:01,1162.5,6,10197,8359,1194.41,31425,-3.088658246842562
2021-06-15 14:01:03,1162.5,6,10197,8359,1194.41,31425,-3.088658246842562
2021-06-15 14:01:04,1162.5,6,10197,8359,1194.41,31425,-3.088658246842562
2021-06-15 14:01:06,1162.5,6,10197,8359,1194.41,31425,-3.088658246842562
2021-06-15 14:01:08,1162.5,6,10179,8359,1194.41,31425,-3.088658246842562
2021-06-15 14:01:09,1162.1,1,10179,8359,1194.41,31425,-3.1220040848651616
2021-06-15 14:01:09,1162.1,1,10178,8389,1194.41,31426,-3.1220040848651616
2021-06-15 14:01:11,1162.1,1,10178,8384,1194.41,31426,-3.1220040848651616
2021-06-15 14:01:12,1162.1,1,10178,8384,1194.41,31426,-3.1220040848651616
2021-06-15 14:01:13,1162.1,1,10178,8384,1194.41,31426,-3.1220040848651616
2021-06-15 14:01:15,1162.1,1,10178,8389,1194.41,31426,-3.1220040848651616
2021-06-15 14:01:17,1162.1,1,10178,8384,1194.41,31426,-3.1220040848651616
2021-06-15 14:01:28,1162.1,1,10180,8384,1194.41,31426,-3.1220040848651616
2021-06-15 14:01:31,1162.1,1,10184,8384,1194.41,31426,-3.1220040848651616
2021-06-15 14:01:34,1162.1,1,10184,8369,1194.41,31426,-3.1220040848651616
2021-06-15 14:01:36,1162.1,1,10184,8385,1194.41,31426,-3.1220040848651616
2021-06-15 14:01:58,1162.1,1,10184,8384,1194.41,31426,-3.1220040848651616
2021-06-15 14:02:07,1162.1,1,10184,8384,1194.41,31426,-3.1220040848651616
2021-06-15 14:02:39,1162.1,1,10185,8384,1194.41,31426,-3.1220040848651616
2021-06-15 14:02:51,1162.1,1,10194,8384,1194.41,31426,-3.1220040848651616
2021-06-15 14:03:16,1162.1,1,10294,8369,1194.41,31426,-3.1220040848651616
2021-06-15 14:03:18,1162.1,1,10294,8369,1194.41,31426,-3.1220040848651616
2021-06-15 14:03:20,1162.1,1,10294,8370,1194.41,31426,-3.1220040848651616
2021-06-15 14:03:22,1162.1,1,10294,8370,1194.41,31426,-3.1220040848651616
2021-06-15 14:03:24,1162.1,1,10294,8370,1194.41,31426,-3.1220040848651616
2021-06-15 14:03:25,1162.1,1,10294,8370,1194.41,31426,-3.1220040848651616
2021-06-15 14:03:27,1162.1,1,10294,8384,1194.41,31426,-3.1220040848651616
2021-06-15 14:03:58,1162.0,1,10280,8384,1194.38,31451,-3.130340544370802
2021-06-15 14:04:01,1162.0,31,10280,8384,1194.38,31451,-3.130340544370802
2021-06-15 14:04:02,1162.0,31,10252,8384,1194.34,31491,-3.130340544370802
2021-06-15 14:04:15,1162.0,31,10285,8403,1194.34,31491,-3.130340544370802
2021-06-15 14:04:18,1162.0,31,10285,8413,1194.34,31491,-3.130340544370802
2021-06-15 14:04:23,1162.0,31,10291,8408,1194.34,31491,-3.130340544370802
2021-06-15 14:04:25,1162.0,31,10286,8413,1194.34,31491,-3.130340544370802
2021-06-15 14:05:15,1163.6,10,10286,8413,1194.34,31491,-2.9969571922804423
2021-06-15 14:05:15,1163.6,10,10281,8398,1194.33,31501,-2.9969571922804423
2021-06-15 14:05:25,1163.6,10,10283,8403,1194.33,31501,-2.9969571922804423
2021-06-15 14:05:30,1163.6,10,10283,8070,1194.33,31501,-2.9969571922804423
2021-06-15 14:05:34,1163.6,10,10283,8070,1194.33,31501,-2.9969571922804423
2021-06-15 14:05:38,1163.6,10,10283,8070,1194.33,31501,-2.9969571922804423
2021-06-15 14:05:40,1163.6,10,10294,8040,1194.33,31501,-2.9969571922804423
2021-06-15 14:05:43,1163.6,10,10299,8028,1194.33,31501,-2.9969571922804423
2021-06-15 14:05:45,1163.6,10,10299,8033,1194.33,31501,-2.9969571922804423
2021-06-15 14:06:15,1163.9,1,10299,8033,1194.33,31501,-2.9719478137634834
2021-06-15 14:06:16,1163.6,1,10299,8033,1194.33,31501,-2.9969571922804423
2021-06-15 14:06:16,1163.6,1,10299,8039,1194.32,31507,-2.9969571922804423
2021-06-15 14:06:42,1163.6,1,10298,8039,1194.32,31507,-2.9969571922804423
2021-06-15 14:07:00,1163.6,1,10303,8039,1194.32,31507,-2.9969571922804423
2021-06-15 14:07:27,1163.6,1,10298,8039,1194.32,31507,-2.9969571922804423
2021-06-15 14:07:43,1163.6,1,10294,8038,1194.32,31507,-2.9969571922804423
2021-06-15 14:07:45,1163.9,1,10294,8038,1194.32,31507,-2.9719478137634834
2021-06-15 14:07:47,1163.9,1,10305,8037,1194.32,31508,-2.9719478137634834
2021-06-15 14:07:48,1163.9,17,10305,8037,1194.32,31508,-2.9719478137634834
2021-06-15 14:07:48,1163.9,17,10305,8038,1194.27,31565,-2.9719478137634834
2021-06-15 14:08:43,1163.9,17,10405,8039,1194.27,31565,-2.9719478137634834
2021-06-15 14:08:55,1163.9,17,10410,8039,1194.27,31565,-2.9719478137634834
2021-06-15 14:09:04,1163.9,3,10410,8039,1194.27,31565,-2.9719478137634834
2021-06-15 14:09:04,1163.9,3,10410,8036,1194.26,31568,-2.9719478137634834
2021-06-15 14:09:41,1163.9,3,10420,8036,1194.26,31568,-2.9719478137634834
2021-06-15 14:09:51,1163.9,3,10430,8036,1194.26,31568,-2.9719478137634834
2021-06-15 14:10:30,1163.9,10,10430,8036,1194.26,31568,-2.9719478137634834
2021-06-15 14:10:31,1163.9,10,10430,8026,1194.25,31578,-2.9719478137634834
2021-06-15 14:11:21,1163.9,5,10424,8038,1194.25,31583,-2.9719478137634834
2021-06-15 14:11:22,1163.9,5,10429,8038,1194.25,31583,-2.9719478137634834
2021-06-15 14:11:24,1163.9,3,10429,8035,1194.25,31586,-2.9719478137634834
2021-06-15 14:11:25,1163.9,3,10429,8035,1194.25,31586,-2.9719478137634834
2021-06-15 14:11:59,1163.9,15,10429,8035,1194.25,31586,-2.9719478137634834
2021-06-15 14:12:00,1163.9,15,10429,8038,1194.22,31613,-2.9719478137634834
2021-06-15 14:12:04,1163.9,15,10429,8039,1194.22,31613,-2.9719478137634834
2021-06-15 14:12:18,1163.6,6,10418,8040,1194.21,31624,-2.9969571922804423
2021-06-15 14:12:25,1163.6,6,10418,8040,1194.21,31624,-2.9969571922804423
2021-06-15 14:12:27,1163.6,6,10413,8040,1194.21,31624,-2.9969571922804423
2021-06-15 14:12:30,1163.6,6,10418,8040,1194.21,31624,-2.9969571922804423
2021-06-15 14:12:31,1163.6,6,10418,8046,1194.21,31624,-2.9969571922804423
2021-06-15 14:12:36,1163.6,6,10413,8047,1194.21,31624,-2.9969571922804423
2021-06-15 14:12:41,1163.6,6,10418,8046,1194.21,31624,-2.9969571922804423
2021-06-15 14:12:42,1162.1,3,10418,8046,1194.21,31624,-3.1220040848651616
2021-06-15 14:12:43,1162.1,3,10415,8041,1194.21,31627,-3.1220040848651616
2021-06-15 14:12:46,1163.9,3,10415,8043,1194.2,31630,-2.9719478137634834
2021-06-15 14:13:54,1163.9,4,10415,8043,1194.2,31630,-2.9719478137634834
2021-06-15 14:13:55,1163.9,4,10415,8038,1194.2,31634,-2.9719478137634834
2021-06-15 14:14:12,1163.9,4,10415,8078,1194.2,31634,-2.9719478137634834
2021-06-15 14:14:35,1163.9,1,10415,8078,1194.2,31634,-2.9719478137634834
2021-06-15 14:14:36,1163.9,1,10415,8077,1194.2,31635,-2.9719478137634834
2021-06-15 14:14:51,1163.9,1,10415,8077,1194.2,31635,-2.9719478137634834
2021-06-15 14:15:02,1163.9,1,10415,8077,1194.2,31635,-2.9719478137634834
2021-06-15 14:15:09,1163.9,1,10410,8077,1194.2,31635,-2.9719478137634834
2021-06-15 14:15:11,1163.9,1,10415,8077,1194.2,31635,-2.9719478137634834
2021-06-15 14:15:20,1165.0,1,10415,8077,1194.2,31635,-2.8802467592013636
2021-06-15 14:15:21,1165.0,1,10424,8052,1194.19,31647,-2.8802467592013636
2021-06-15 14:16:06,1165.0,1,10427,8053,1194.19,31647,-2.8802467592013636
2021-06-15 14:16:14,1165.0,1,10471,8053,1194.19,31647,-2.8802467592013636
2021-06-15 14:16:27,1165.0,1,10521,8053,1194.19,31647,-2.8802467592013636
2021-06-15 14:16:28,1165.0,1,10524,8052,1194.19,31647,-2.8802467592013636
2021-06-15 14:17:01,1165.0,1,10534,8052,1194.19,31647,-2.8802467592013636
2021-06-15 14:17:33,1165.0,1,10639,8042,1194.19,31647,-2.8802467592013636
2021-06-15 14:17:44,1165.85,1,10651,8052,1194.19,31648,-2.8093868534033635
2021-06-15 14:17:50,1168.35,10,10651,8052,1194.19,31648,-2.6009753657621646
2021-06-15 14:17:51,1168.35,10,10586,7931,1194.09,31763,-2.6009753657621646
2021-06-15 14:17:52,1168.35,10,10607,7931,1194.09,31763,-2.6009753657621646
2021-06-15 14:17:54,1170.9,4,10590,7922,1194.08,31773,-2.388395648368127
2021-06-15 14:17:57,1170.9,4,10591,7921,1194.08,31773,-2.388395648368127
2021-06-15 14:17:58,1170.9,4,10625,7921,1194.08,31773,-2.388395648368127
2021-06-15 14:18:06,1170.9,4,10650,7921,1194.08,31773,-2.388395648368127
2021-06-15 14:18:07,1170.9,4,10665,7923,1194.08,31773,-2.388395648368127
2021-06-15 14:18:10,1170.9,4,10665,7923,1194.08,31773,-2.388395648368127
2021-06-15 14:18:24,1172.6,1,10665,7923,1194.08,31773,-2.246675836772127
2021-06-15 14:18:26,1172.6,1,10672,7838,1194.08,31774,-2.246675836772127
2021-06-15 14:18:28,1172.6,1,10711,7833,1194.08,31774,-2.246675836772127
2021-06-15 14:18:30,1172.6,1,10709,7838,1194.08,31774,-2.246675836772127
2021-06-15 14:18:33,1172.6,1,10704,7842,1194.08,31774,-2.246675836772127
2021-06-15 14:18:34,1172.6,1,10704,7853,1194.08,31774,-2.246675836772127
2021-06-15 14:19:01,1172.6,1,10704,7852,1194.08,31774,-2.246675836772127
2021-06-15 14:19:04,1172.6,1,10729,7852,1194.08,31774,-2.246675836772127
2021-06-15 14:19:10,1174.95,1,10729,7852,1194.08,31774,-2.0507690383893884
2021-06-15 14:19:11,1174.95,1,10730,7851,1194.08,31775,-2.0507690383893884
2021-06-15 14:19:15,1174.95,1,10730,7861,1194.08,31775,-2.0507690383893884
2021-06-15 14:19:32,1174.95,1,10730,7861,1194.08,31775,-2.0507690383893884
2021-06-15 14:19:34,1174.95,1,10729,7861,1194.08,31775,-2.0507690383893884
2021-06-15 14:19:36,1174.95,1,10728,7861,1194.08,31775,-2.0507690383893884
2021-06-15 14:19:37,1174.95,1,10728,7861,1194.08,31775,-2.0507690383893884
2021-06-15 14:19:39,1174.95,1,10733,7861,1194.08,31775,-2.0507690383893884
2021-06-15 14:19:40,1174.95,1,10727,7861,1194.08,31775,-2.0507690383893884
2021-06-15 14:19:43,1174.95,1,10728,7861,1194.08,31775,-2.0507690383893884
2021-06-15 14:19:44,1174.95,1,10728,7861,1194.08,31775,-2.0507690383893884
2021-06-15 14:19:46,1174.95,1,10722,7861,1194.08,31775,-2.0507690383893884
2021-06-15 14:19:48,1174.95,1,10729,7866,1194.08,31775,-2.0507690383893884
2021-06-15 14:19:49,1174.95,1,10723,7861,1194.08,31775,-2.0507690383893884
2021-06-15 14:19:51,1174.95,1,10728,7861,1194.08,31775,-2.0507690383893884
2021-06-15 14:19:54,1174.95,1,10728,7861,1194.08,31775,-2.0507690383893884
2021-06-15 14:19:56,1174.95,1,10733,7866,1194.08,31775,-2.0507690383893884
2021-06-15 14:20:15,1174.95,1,10728,7861,1194.08,31775,-2.0507690383893884
2021-06-15 14:20:17,1174.95,1,10758,7861,1194.08,31775,-2.0507690383893884
2021-06-15 14:20:19,1174.95,1,10758,7861,1194.08,31775,-2.0507690383893884
2021-06-15 14:20:22,1174.95,1,10757,7861,1194.08,31775,-2.0507690383893884
2021-06-15 14:20:24,1174.95,1,10753,7861,1194.08,31775,-2.0507690383893884
2021-06-15 14:20:26,1174.95,1,10759,7861,1194.08,31775,-2.0507690383893884
2021-06-15 14:20:36,1174.95,1,10737,7961,1194.08,31775,-2.0507690383893884
2021-06-15 14:20:38,1174.9,15,10737,7960,1194.07,31795,-2.0549372681422087
2021-06-15 14:20:40,1174.9,15,10738,7965,1194.07,31795,-2.0549372681422087
2021-06-15 14:20:54,1174.9,15,10738,7968,1194.07,31795,-2.0549372681422087
2021-06-15 14:20:57,1174.9,15,10687,7968,1194.07,31795,-2.0549372681422087
2021-06-15 14:20:59,1174.9,15,10587,7968,1194.07,31795,-2.0549372681422087
2021-06-15 14:21:01,1174.9,15,10592,7968,1194.07,31795,-2.0549372681422087
2021-06-15 14:21:03,1174.9,15,10643,7968,1194.07,31795,-2.0549372681422087
2021-06-15 14:21:07,1174.9,15,10693,7968,1194.07,31795,-2.0549372681422087
2021-06-15 14:21:11,1174.9,15,10793,7968,1194.07,31795,-2.0549372681422087
2021-06-15 14:21:13,1174.9,15,10793,7966,1194.07,31795,-2.0549372681422087
2021-06-15 14:21:25,1174.9,15,10793,7966,1194.07,31795,-2.0549372681422087
2021-06-15 14:21:49,1174.9,15,10748,7966,1194.07,31795,-2.0549372681422087
2021-06-15 14:22:00,1174.9,15,10748,7966,1194.07,31795,-2.0549372681422087
2021-06-15 14:22:06,1170.0,22,10748,7966,1194.07,31795,-2.463423783918966
2021-06-15 14:22:06,1170.0,22,10707,7891,1194.01,31880,-2.463423783918966
2021-06-15 14:22:07,1170.0,22,10708,7921,1194.01,31880,-2.463423783918966
2021-06-15 14:22:09,1170.0,22,10708,7905,1194.01,31880,-2.463423783918966
2021-06-15 14:22:16,1170.0,22,10708,7905,1194.01,31880,-2.463423783918966
2021-06-15 14:22:46,1170.0,22,10710,7905,1194.01,31880,-2.463423783918966
2021-06-15 14:23:18,1170.0,22,10711,7905,1194.01,31880,-2.463423783918966
2021-06-15 14:23:23,1170.0,22,10712,7905,1194.01,31880,-2.463423783918966
2021-06-15 14:23:35,1170.0,22,10712,7905,1194.01,31880,-2.463423783918966
2021-06-15 14:23:39,1170.0,22,10712,7908,1194.01,31880,-2.463423783918966
2021-06-15 14:23:46,1170.0,22,10762,7908,1194.01,31880,-2.463423783918966
2021-06-15 14:23:54,1170.0,22,10762,7908,1194.01,31880,-2.463423783918966
2021-06-15 14:23:56,1170.0,22,10762,7908,1194.01,31880,-2.463423783918966
2021-06-15 14:24:20,1170.0,22,10762,7906,1194.01,31880,-2.463423783918966
2021-06-15 14:24:23,1170.0,22,10783,7906,1194.01,31880,-2.463423783918966
2021-06-15 14:24:27,1170.0,22,10783,7897,1194.01,31880,-2.463423783918966
2021-06-15 14:24:33,1174.45,10,10783,7897,1194.01,31880,-2.0924513359176284
2021-06-15 14:24:34,1174.45,10,10782,7897,1194.0,31890,-2.0924513359176284
2021-06-15 14:24:36,1174.45,10,10782,7902,1194.0,31890,-2.0924513359176284
2021-06-15 14:24:54,1174.5,1,10782,7902,1194.0,31890,-2.088283106164808
2021-06-15 14:24:55,1174.5,1,10785,7877,1194.0,31891,-2.088283106164808
2021-06-15 14:25:08,1174.5,2,10785,7877,1194.0,31891,-2.088283106164808
2021-06-15 14:25:10,1174.5,2,10778,7877,1194.0,31893,-2.088283106164808
2021-06-15 14:25:17,1174.9,1,10778,7877,1194.0,31893,-2.0549372681422087
2021-06-15 14:25:18,1174.9,1,10812,7876,1194.0,31894,-2.0549372681422087
2021-06-15 14:25:22,1174.9,1,10811,7926,1194.0,31894,-2.0549372681422087
2021-06-15 14:25:31,1175.0,10,10811,7926,1194.0,31894,-2.046600808636568
2021-06-15 14:25:33,1175.1,16,10808,7895,1193.99,31915,-2.038264349130928
2021-06-15 14:25:35,1175.1,16,10793,7911,1193.98,31931,-2.038264349130928
2021-06-15 14:25:37,1175.1,16,10793,7911,1193.98,31931,-2.038264349130928
2021-06-15 14:25:39,1175.1,16,10793,7911,1193.98,31931,-2.038264349130928
2021-06-15 14:25:40,1175.1,16,10793,7911,1193.98,31931,-2.038264349130928
2021-06-15 14:25:41,1175.1,16,10793,7911,1193.98,31931,-2.038264349130928
2021-06-15 14:25:44,1175.1,16,10793,7911,1193.98,31931,-2.038264349130928
2021-06-15 14:25:46,1175.1,16,10793,7911,1193.98,31931,-2.038264349130928
2021-06-15 14:25:47,1175.1,16,10794,7911,1193.98,31931,-2.038264349130928
2021-06-15 14:25:49,1175.1,16,10794,7911,1193.98,31931,-2.038264349130928
2021-06-15 14:25:50,1175.1,16,10794,7911,1193.98,31931,-2.038264349130928
2021-06-15 14:25:52,1175.1,16,10794,7912,1193.98,31931,-2.038264349130928
2021-06-15 14:25:54,1175.1,16,10743,7922,1193.98,31931,-2.038264349130928
2021-06-15 14:25:55,1174.5,10,10743,7922,1193.98,31931,-2.088283106164808
2021-06-15 14:25:57,1174.5,10,10720,7933,1193.97,31941,-2.088283106164808
2021-06-15 14:25:58,1174.5,10,10720,7933,1193.97,31941,-2.088283106164808
2021-06-15 14:26:00,1174.5,10,10720,7933,1193.97,31941,-2.088283106164808
2021-06-15 14:26:01,1174.5,10,10720,7933,1193.97,31941,-2.088283106164808
2021-06-15 14:26:03,1174.5,10,10715,7933,1193.97,31941,-2.088283106164808
2021-06-15 14:26:04,1174.5,10,10720,7933,1193.97,31941,-2.088283106164808
2021-06-15 14:26:10,1174.5,10,10715,7933,1193.97,31941,-2.088283106164808
2021-06-15 14:26:12,1174.9,1,10729,7933,1193.97,31942,-2.0549372681422087
2021-06-15 14:26:30,1174.9,32,10729,7933,1193.97,31942,-2.0549372681422087
2021-06-15 14:26:31,1175.0,7,10795,7882,1193.94,31991,-2.046600808636568
2021-06-15 14:26:33,1175.0,3,10795,7882,1193.94,31991,-2.046600808636568
2021-06-15 14:26:33,1175.0,3,10809,7900,1193.94,31994,-2.046600808636568
2021-06-15 14:26:35,1175.0,3,10808,7900,1193.94,31994,-2.046600808636568
2021-06-15 14:26:37,1175.0,3,10808,7900,1193.94,31994,-2.046600808636568
2021-06-15 14:26:39,1175.0,3,10808,7900,1193.94,31994,-2.046600808636568
2021-06-15 14:26:40,1175.0,3,10808,7890,1193.94,31994,-2.046600808636568
2021-06-15 14:26:42,1175.0,3,10808,7895,1193.94,31994,-2.046600808636568
2021-06-15 14:26:44,1175.0,3,10808,7895,1193.94,31994,-2.046600808636568
2021-06-15 14:26:46,1175.0,3,10808,7912,1193.94,31994,-2.046600808636568
2021-06-15 14:26:49,1175.05,3,10873,7915,1193.94,32003,-2.0424325788837483
2021-06-15 14:26:51,1175.0,47,10873,7915,1193.94,32003,-2.046600808636568
2021-06-15 14:26:51,1175.0,47,10825,7915,1193.91,32053,-2.046600808636568
2021-06-15 14:26:53,1175.0,47,10822,7915,1193.91,32053,-2.046600808636568
2021-06-15 14:26:54,1175.0,47,10822,7915,1193.91,32053,-2.046600808636568
2021-06-15 14:26:56,1175.0,47,10828,7920,1193.91,32053,-2.046600808636568
2021-06-15 14:26:57,1175.0,47,10821,7915,1193.91,32053,-2.046600808636568
2021-06-15 14:27:01,1175.0,47,10821,7924,1193.91,32053,-2.046600808636568
2021-06-15 14:27:03,1175.0,47,10821,7914,1193.91,32053,-2.046600808636568
2021-06-15 14:27:04,1175.0,47,10821,7907,1193.91,32053,-2.046600808636568
2021-06-15 14:27:06,1175.0,47,10821,7923,1193.91,32053,-2.046600808636568
2021-06-15 14:27:07,1175.0,47,10823,7913,1193.91,32053,-2.046600808636568
2021-06-15 14:27:11,1175.0,47,10821,7913,1193.91,32053,-2.046600808636568
2021-06-15 14:27:13,1175.0,47,10821,7913,1193.91,32053,-2.046600808636568
2021-06-15 14:27:15,1175.0,47,10821,7913,1193.91,32053,-2.046600808636568
2021-06-15 14:27:16,1175.0,47,10821,7913,1193.91,32053,-2.046600808636568
2021-06-15 14:27:18,1175.0,47,10821,7913,1193.91,32053,-2.046600808636568
2021-06-15 14:27:19,1175.0,47,10821,7913,1193.91,32053,-2.046600808636568
2021-06-15 14:27:21,1175.0,47,10821,7913,1193.91,32053,-2.046600808636568
2021-06-15 14:27:24,1175.0,47,10821,7913,1193.91,32053,-2.046600808636568
2021-06-15 14:27:27,1177.3,51,10768,7923,1193.88,32112,-1.8548622400066692
2021-06-15 14:27:28,1177.3,51,10767,7923,1193.88,32112,-1.8548622400066692
2021-06-15 14:27:30,1177.3,51,10769,7925,1193.88,32112,-1.8548622400066692
2021-06-15 14:27:32,1177.3,51,10769,7925,1193.88,32112,-1.8548622400066692
2021-06-15 14:27:34,1177.3,51,10769,7925,1193.88,32112,-1.8548622400066692
2021-06-15 14:27:36,1177.3,51,10769,7925,1193.88,32112,-1.8548622400066692
2021-06-15 14:27:37,1177.3,51,10769,7930,1193.88,32112,-1.8548622400066692
2021-06-15 14:27:39,1177.3,51,10766,7930,1193.88,32112,-1.8548622400066692
2021-06-15 14:27:41,1177.3,51,10768,7930,1193.88,32112,-1.8548622400066692
2021-06-15 14:27:43,1177.3,51,10766,7930,1193.88,32112,-1.8548622400066692
2021-06-15 14:27:46,1177.3,51,10766,7930,1193.88,32112,-1.8548622400066692
2021-06-15 14:27:48,1177.3,51,10768,7930,1193.88,32112,-1.8548622400066692
2021-06-15 14:27:50,1177.3,51,10768,7930,1193.88,32112,-1.8548622400066692
2021-06-15 14:27:52,1177.3,51,10768,7930,1193.88,32112,-1.8548622400066692
2021-06-15 14:27:54,1177.3,51,10768,7930,1193.88,32112,-1.8548622400066692
2021-06-15 14:27:55,1177.3,51,10768,7930,1193.88,32112,-1.8548622400066692
2021-06-15 14:27:57,1177.3,51,10768,7930,1193.88,32112,-1.8548622400066692
2021-06-15 14:28:00,1177.3,51,10768,7931,1193.88,32112,-1.8548622400066692
2021-06-15 14:28:27,1177.3,51,10769,7931,1193.88,32112,-1.8548622400066692
2021-06-15 14:29:15,1177.3,51,10769,7937,1193.88,32112,-1.8548622400066692
2021-06-15 14:29:44,1177.3,51,10769,7937,1193.88,32112,-1.8548622400066692
2021-06-15 14:29:47,1177.3,51,10769,7937,1193.88,32112,-1.8548622400066692
2021-06-15 14:29:58,1174.95,1,10769,7937,1193.88,32112,-2.0507690383893884
2021-06-15 14:29:59,1174.95,1,10767,7936,1193.87,32113,-2.0507690383893884
2021-06-15 14:30:14,1172.45,7,10767,7936,1193.87,32113,-2.2591805260305873
2021-06-15 14:30:15,1172.45,7,10762,7949,1193.87,32120,-2.2591805260305873
2021-06-15 14:30:27,1172.45,7,10777,7949,1193.87,32120,-2.2591805260305873
2021-06-15 14:30:33,1172.45,1,10777,7949,1193.87,32120,-2.2591805260305873
2021-06-15 14:30:34,1172.0,20,10737,7952,1193.85,32151,-2.296694593806007
2021-06-15 14:30:34,1171.3,26,10737,7952,1193.85,32151,-2.3550498103455464
2021-06-15 14:30:36,1170.05,1,10738,7982,1193.82,32186,-2.4592555541661456
2021-06-15 14:30:37,1170.0,3,10676,7982,1193.81,32204,-2.463423783918966
2021-06-15 14:30:39,1170.0,3,10673,7982,1193.81,32204,-2.463423783918966
2021-06-15 14:30:42,1170.0,3,10673,7982,1193.81,32204,-2.463423783918966
2021-06-15 14:30:44,1170.0,3,10672,7982,1193.81,32204,-2.463423783918966
2021-06-15 14:30:46,1170.0,3,10676,8010,1193.81,32204,-2.463423783918966
2021-06-15 14:30:48,1170.0,3,10676,8010,1193.81,32204,-2.463423783918966
2021-06-15 14:30:51,1170.0,3,10676,8010,1193.81,32204,-2.463423783918966
2021-06-15 14:30:52,1170.0,3,10676,8010,1193.81,32204,-2.463423783918966
2021-06-15 14:30:54,1170.0,3,10671,8010,1193.81,32204,-2.463423783918966
2021-06-15 14:30:56,1170.0,3,10676,8010,1193.81,32204,-2.463423783918966
2021-06-15 14:30:58,1170.0,3,10671,8010,1193.81,32204,-2.463423783918966
2021-06-15 14:31:00,1170.0,3,10671,8010,1193.81,32204,-2.463423783918966
2021-06-15 14:31:04,1170.0,3,10671,8010,1193.81,32204,-2.463423783918966
2021-06-15 14:31:06,1170.0,3,10671,8010,1193.81,32204,-2.463423783918966
2021-06-15 14:31:07,1170.0,3,10671,8010,1193.81,32204,-2.463423783918966
2021-06-15 14:31:11,1170.0,3,10671,8010,1193.81,32204,-2.463423783918966
2021-06-15 14:31:13,1170.0,3,10671,8020,1193.81,32204,-2.463423783918966
2021-06-15 14:31:15,1170.0,3,10670,8020,1193.81,32204,-2.463423783918966
2021-06-15 14:31:17,1170.0,3,10670,8020,1193.81,32204,-2.463423783918966
2021-06-15 14:31:19,1170.0,3,10670,8020,1193.81,32204,-2.463423783918966
2021-06-15 14:31:32,1170.0,3,10670,8020,1193.81,32204,-2.463423783918966
2021-06-15 14:31:33,1170.0,3,10673,8013,1193.8,32214,-2.463423783918966
2021-06-15 14:31:35,1170.0,3,10673,8013,1193.8,32214,-2.463423783918966
2021-06-15 14:31:37,1170.0,3,10673,8013,1193.8,32214,-2.463423783918966
2021-06-15 14:31:39,1170.0,3,10673,8013,1193.8,32214,-2.463423783918966
2021-06-15 14:31:41,1170.0,3,10673,8013,1193.8,32214,-2.463423783918966
2021-06-15 14:31:43,1170.0,3,10673,8013,1193.8,32214,-2.463423783918966
2021-06-15 14:31:45,1170.0,3,10673,8013,1193.8,32214,-2.463423783918966
2021-06-15 14:31:46,1170.0,3,10673,8013,1193.8,32214,-2.463423783918966
2021-06-15 14:31:49,1170.0,3,10673,8013,1193.8,32214,-2.463423783918966
2021-06-15 14:31:51,1170.0,3,10673,8013,1193.8,32214,-2.463423783918966
2021-06-15 14:31:52,1170.0,3,10673,8013,1193.8,32214,-2.463423783918966
2021-06-15 14:31:54,1170.0,3,10673,8013,1193.8,32214,-2.463423783918966
2021-06-15 14:31:56,1170.0,3,10673,8013,1193.8,32214,-2.463423783918966
2021-06-15 14:31:58,1170.0,3,10673,8013,1193.8,32214,-2.463423783918966
2021-06-15 14:32:00,1170.0,3,10673,8013,1193.8,32214,-2.463423783918966
2021-06-15 14:32:01,1170.0,3,10673,8013,1193.8,32214,-2.463423783918966
2021-06-15 14:32:03,1170.0,3,10673,8013,1193.8,32214,-2.463423783918966
2021-06-15 14:32:04,1170.0,3,10673,8013,1193.8,32214,-2.463423783918966
2021-06-15 14:32:06,1170.0,3,10673,8013,1193.8,32214,-2.463423783918966
2021-06-15 14:32:08,1170.0,3,10673,8013,1193.8,32214,-2.463423783918966
2021-06-15 14:32:09,1170.0,3,10673,8013,1193.8,32214,-2.463423783918966
2021-06-15 14:32:11,1170.0,3,10673,8013,1193.8,32214,-2.463423783918966
2021-06-15 14:32:13,1170.0,3,10673,8013,1193.8,32214,-2.463423783918966
2021-06-15 14:32:15,1170.0,3,10673,8013,1193.8,32214,-2.463423783918966
2021-06-15 14:32:16,1170.0,3,10673,8013,1193.8,32214,-2.463423783918966
2021-06-15 14:32:18,1170.0,3,10673,8018,1193.8,32214,-2.463423783918966
2021-06-15 14:32:19,1170.0,3,10673,8031,1193.8,32214,-2.463423783918966
2021-06-15 14:32:21,1170.0,3,10673,8031,1193.8,32214,-2.463423783918966
2021-06-15 14:32:23,1170.0,3,10673,8031,1193.8,32214,-2.463423783918966
2021-06-15 14:32:32,1166.65,1,10678,8030,1193.8,32215,-2.742695177358165
2021-06-15 14:32:34,1166.65,1,10678,8029,1193.8,32215,-2.742695177358165
2021-06-15 14:32:34,1170.0,1,10678,8029,1193.8,32215,-2.463423783918966
2021-06-15 14:32:36,1170.0,1,10691,7981,1193.79,32226,-2.463423783918966
2021-06-15 14:32:46,1170.0,1,10691,7981,1193.79,32226,-2.463423783918966
2021-06-15 14:32:55,1170.0,1,10692,7981,1193.79,32226,-2.463423783918966
2021-06-15 14:33:09,1170.0,1,10692,7981,1193.79,32226,-2.463423783918966
2021-06-15 14:33:11,1170.0,1,10687,7981,1193.79,32226,-2.463423783918966
2021-06-15 14:33:13,1170.0,1,10687,7981,1193.79,32226,-2.463423783918966
2021-06-15 14:33:14,1170.05,4,10687,7981,1193.79,32226,-2.4592555541661456
2021-06-15 14:33:15,1170.05,4,10685,7983,1193.79,32230,-2.4592555541661456
2021-06-15 14:33:16,1170.25,2,10685,7983,1193.79,32230,-2.442582635154846
2021-06-15 14:33:16,1170.2,1,10685,7983,1193.79,32230,-2.446750864907666
2021-06-15 14:33:18,1170.0,5,10683,7983,1193.79,32233,-2.463423783918966
2021-06-15 14:33:22,1170.0,5,10678,7999,1193.79,32238,-2.463423783918966
2021-06-15 14:33:25,1170.0,5,10678,7999,1193.79,32238,-2.463423783918966
2021-06-15 14:33:27,1170.0,5,10678,7999,1193.79,32238,-2.463423783918966
2021-06-15 14:33:28,1170.0,5,10678,7999,1193.79,32238,-2.463423783918966
2021-06-15 14:33:30,1170.0,5,10678,7999,1193.79,32238,-2.463423783918966
2021-06-15 14:33:32,1170.0,5,10678,7999,1193.79,32238,-2.463423783918966
2021-06-15 14:33:34,1170.0,5,10678,7999,1193.79,32238,-2.463423783918966
2021-06-15 14:33:36,1170.0,5,10678,7999,1193.79,32238,-2.463423783918966
2021-06-15 14:33:39,1170.0,5,10678,7999,1193.79,32238,-2.463423783918966
2021-06-15 14:33:42,1170.0,5,10683,7999,1193.79,32238,-2.463423783918966
2021-06-15 14:33:44,1170.0,5,10678,7999,1193.79,32238,-2.463423783918966
2021-06-15 14:33:46,1170.0,5,10678,7999,1193.79,32238,-2.463423783918966
2021-06-15 14:33:48,1170.0,5,10678,7999,1193.79,32238,-2.463423783918966
2021-06-15 14:34:09,1170.0,5,10678,8005,1193.79,32238,-2.463423783918966
2021-06-15 14:34:15,1170.0,5,10678,8020,1193.79,32238,-2.463423783918966
2021-06-15 14:34:17,1170.0,5,10678,8020,1193.79,32238,-2.463423783918966
2021-06-15 14:34:51,1170.0,5,10678,8020,1193.79,32238,-2.463423783918966
2021-06-15 14:35:33,1170.0,5,10678,8020,1193.79,32238,-2.463423783918966
2021-06-15 14:35:50,1171.85,5,10678,8020,1193.79,32238,-2.3091992830644865
2021-06-15 14:35:51,1171.85,5,10683,7922,1193.71,32344,-2.3091992830644865
2021-06-15 14:35:53,1171.85,5,10688,7938,1193.71,32344,-2.3091992830644865
2021-06-15 14:35:55,1171.85,5,10688,7938,1193.71,32344,-2.3091992830644865
2021-06-15 14:35:58,1171.85,5,10688,7938,1193.71,32344,-2.3091992830644865
2021-06-15 14:36:01,1171.85,5,10685,7938,1193.71,32344,-2.3091992830644865
2021-06-15 14:36:03,1171.85,5,10690,7938,1193.71,32344,-2.3091992830644865
2021-06-15 14:36:04,1171.85,5,10683,7955,1193.71,32344,-2.3091992830644865
2021-06-15 14:36:06,1171.85,5,10683,7955,1193.71,32344,-2.3091992830644865
2021-06-15 14:36:09,1171.85,5,10683,7987,1193.71,32344,-2.3091992830644865
2021-06-15 14:36:10,1171.85,5,10683,7987,1193.71,32344,-2.3091992830644865
2021-06-15 14:36:12,1171.85,5,10683,7987,1193.71,32344,-2.3091992830644865
2021-06-15 14:36:15,1171.85,5,10683,7987,1193.71,32344,-2.3091992830644865
2021-06-15 14:36:16,1171.85,5,10683,7987,1193.71,32344,-2.3091992830644865
2021-06-15 14:36:19,1171.85,5,10683,7987,1193.71,32344,-2.3091992830644865
2021-06-15 14:36:21,1171.85,5,10683,7987,1193.71,32344,-2.3091992830644865
2021-06-15 14:36:22,1172.35,1,10674,7987,1193.71,32346,-2.2675169855362465
2021-06-15 14:36:25,1172.35,1,10684,7987,1193.71,32346,-2.2675169855362465
2021-06-15 14:36:27,1172.35,1,10674,7987,1193.71,32346,-2.2675169855362465
2021-06-15 14:36:28,1172.35,1,10679,7987,1193.71,32346,-2.2675169855362465
2021-06-15 14:36:31,1172.35,1,10684,7987,1193.71,32346,-2.2675169855362465
2021-06-15 14:36:33,1172.35,1,10679,7987,1193.71,32346,-2.2675169855362465
2021-06-15 14:36:35,1172.35,1,10679,7987,1193.71,32346,-2.2675169855362465
2021-06-15 14:36:37,1172.35,1,10679,7987,1193.71,32346,-2.2675169855362465
2021-06-15 14:36:39,1172.35,1,10684,7987,1193.71,32346,-2.2675169855362465
2021-06-15 14:36:40,1172.35,1,10679,7987,1193.71,32346,-2.2675169855362465
2021-06-15 14:36:42,1171.2,1,10674,7986,1193.71,32347,-2.3633862698511865
2021-06-15 14:36:45,1171.2,1,10674,7988,1193.71,32347,-2.3633862698511865
2021-06-15 14:36:47,1171.2,1,10679,7986,1193.71,32347,-2.3633862698511865
2021-06-15 14:36:49,1171.2,1,10679,7986,1193.71,32347,-2.3633862698511865
2021-06-15 14:36:51,1171.2,1,10684,7986,1193.71,32347,-2.3633862698511865
2021-06-15 14:36:52,1171.2,1,10684,7986,1193.71,32347,-2.3633862698511865
2021-06-15 14:36:54,1171.2,1,10684,7986,1193.71,32347,-2.3633862698511865
2021-06-15 14:36:56,1171.2,1,10684,7986,1193.71,32347,-2.3633862698511865
2021-06-15 14:36:58,1171.2,1,10684,7986,1193.71,32347,-2.3633862698511865
2021-06-15 14:37:00,1171.2,1,10684,7986,1193.71,32347,-2.3633862698511865
2021-06-15 14:37:02,1171.2,1,10684,7986,1193.71,32347,-2.3633862698511865
2021-06-15 14:37:04,1171.2,1,10684,7986,1193.71,32347,-2.3633862698511865
2021-06-15 14:37:06,1171.2,1,10684,7986,1193.71,32347,-2.3633862698511865
2021-06-15 14:37:08,1171.2,1,10684,7986,1193.71,32347,-2.3633862698511865
2021-06-15 14:37:10,1171.2,1,10684,7986,1193.71,32347,-2.3633862698511865
2021-06-15 14:37:14,1171.2,1,10684,7986,1193.71,32347,-2.3633862698511865
2021-06-15 14:37:17,1171.2,1,10684,7986,1193.71,32347,-2.3633862698511865
2021-06-15 14:37:19,1171.2,1,10674,7993,1193.71,32347,-2.3633862698511865
2021-06-15 14:37:21,1171.2,1,10679,7991,1193.71,32347,-2.3633862698511865
2021-06-15 14:37:23,1171.2,1,10679,7986,1193.71,32347,-2.3633862698511865
2021-06-15 14:37:24,1171.2,1,10674,7986,1193.71,32347,-2.3633862698511865
2021-06-15 14:37:27,1171.2,1,10674,7993,1193.71,32347,-2.3633862698511865
2021-06-15 14:37:29,1171.2,1,10674,7986,1193.71,32347,-2.3633862698511865
2021-06-15 14:37:30,1171.2,1,10674,7986,1193.71,32347,-2.3633862698511865
2021-06-15 14:37:34,1171.2,1,10679,7986,1193.71,32347,-2.3633862698511865
2021-06-15 14:37:36,1171.2,1,10684,7986,1193.71,32347,-2.3633862698511865
2021-06-15 14:37:39,1171.2,1,10675,7993,1193.71,32347,-2.3633862698511865
2021-06-15 14:37:40,1171.2,1,10675,7991,1193.71,32347,-2.3633862698511865
2021-06-15 14:37:42,1171.2,1,10675,7986,1193.71,32347,-2.3633862698511865
2021-06-15 14:37:44,1171.2,1,10675,7986,1193.71,32347,-2.3633862698511865
2021-06-15 14:37:47,1171.2,1,10675,7993,1193.71,32347,-2.3633862698511865
2021-06-15 14:37:49,1171.2,1,10675,7991,1193.71,32347,-2.3633862698511865
2021-06-15 14:37:51,1171.2,1,10675,7986,1193.71,32347,-2.3633862698511865
2021-06-15 14:37:55,1171.2,1,10729,7970,1193.71,32347,-2.3633862698511865
2021-06-15 14:37:55,1171.1,1,10729,7970,1193.71,32347,-2.371722729356846
2021-06-15 14:37:57,1171.05,30,10728,7966,1193.71,32349,-2.3758909591096664
2021-06-15 14:37:58,1171.05,30,10679,7986,1193.69,32379,-2.3758909591096664
2021-06-15 14:38:00,1171.05,30,10684,7986,1193.69,32379,-2.3758909591096664
2021-06-15 14:38:03,1171.05,30,10684,7986,1193.69,32379,-2.3758909591096664
2021-06-15 14:38:05,1171.05,30,10684,7986,1193.69,32379,-2.3758909591096664
2021-06-15 14:38:07,1171.05,30,10684,7986,1193.69,32379,-2.3758909591096664
2021-06-15 14:38:09,1171.05,30,10684,7988,1193.69,32379,-2.3758909591096664
2021-06-15 14:38:12,1171.05,30,10684,7988,1193.69,32379,-2.3758909591096664
2021-06-15 14:38:13,1171.05,30,10674,8018,1193.69,32379,-2.3758909591096664
2021-06-15 14:38:16,1171.05,30,10674,8018,1193.69,32379,-2.3758909591096664
2021-06-15 14:38:18,1171.05,30,10674,8018,1193.69,32379,-2.3758909591096664
2021-06-15 14:38:19,1171.7,4,10674,8018,1193.69,32379,-2.321703972322947
2021-06-15 14:38:20,1171.7,4,10680,8002,1193.69,32384,-2.321703972322947
2021-06-15 14:38:22,1171.7,4,10680,8002,1193.69,32384,-2.321703972322947
2021-06-15 14:38:24,1171.7,4,10680,8002,1193.69,32384,-2.321703972322947
2021-06-15 14:38:25,1171.7,4,10680,8002,1193.69,32384,-2.321703972322947
2021-06-15 14:38:28,1171.7,4,10680,8002,1193.69,32384,-2.321703972322947
2021-06-15 14:38:30,1171.7,4,10680,8002,1193.69,32384,-2.321703972322947
2021-06-15 14:38:31,1171.7,4,10680,8002,1193.69,32384,-2.321703972322947
2021-06-15 14:38:33,1171.7,4,10680,8002,1193.69,32384,-2.321703972322947
2021-06-15 14:38:35,1171.7,4,10680,8002,1193.69,32384,-2.321703972322947
2021-06-15 14:38:37,1171.7,4,10680,8002,1193.69,32384,-2.321703972322947
2021-06-15 14:38:40,1171.7,4,10680,8002,1193.69,32384,-2.321703972322947
2021-06-15 14:38:42,1171.7,4,10680,8002,1193.69,32384,-2.321703972322947
2021-06-15 14:38:44,1171.7,4,10680,8002,1193.69,32384,-2.321703972322947
2021-06-15 14:38:46,1171.7,4,10680,8002,1193.69,32384,-2.321703972322947
2021-06-15 14:38:47,1166.55,2,10680,8002,1193.69,32384,-2.751031636863824
2021-06-15 14:38:48,1166.55,2,10668,8011,1193.68,32388,-2.751031636863824
2021-06-15 14:38:50,1166.55,2,10675,8011,1193.68,32388,-2.751031636863824
2021-06-15 14:38:52,1166.55,2,10675,8016,1193.68,32388,-2.751031636863824
2021-06-15 14:38:54,1166.55,2,10675,8016,1193.68,32388,-2.751031636863824
2021-06-15 14:38:56,1166.55,2,10675,8016,1193.68,32388,-2.751031636863824
2021-06-15 14:39:23,1166.55,2,10668,8016,1193.68,32388,-2.751031636863824
2021-06-15 14:39:25,1166.55,2,10673,8016,1193.68,32388,-2.751031636863824
2021-06-15 14:39:33,1166.55,2,10682,8016,1193.68,32388,-2.751031636863824
2021-06-15 14:39:38,1169.4,5,10682,8016,1193.68,32388,-2.513442540952846
2021-06-15 14:39:39,1169.4,5,10679,8009,1193.67,32403,-2.513442540952846
2021-06-15 14:39:42,1169.4,5,10675,8009,1193.67,32403,-2.513442540952846
2021-06-15 14:39:59,1169.4,5,10680,8009,1193.67,32403,-2.513442540952846
2021-06-15 14:40:01,1169.4,5,10680,8026,1193.67,32403,-2.513442540952846
2021-06-15 14:40:11,1169.4,5,10780,8026,1193.67,32403,-2.513442540952846
2021-06-15 14:40:19,1169.4,5,10880,8026,1193.67,32403,-2.513442540952846
2021-06-15 14:40:27,1169.4,5,10980,8026,1193.67,32403,-2.513442540952846
2021-06-15 14:40:35,1169.4,5,11080,8026,1193.67,32403,-2.513442540952846
2021-06-15 14:41:06,1165.2,1,11066,8060,1193.67,32409,-2.863573840190064
2021-06-15 14:41:17,1165.2,1,11066,8060,1193.67,32409,-2.863573840190064
2021-06-15 14:41:19,1165.2,1,11064,8060,1193.67,32409,-2.863573840190064
2021-06-15 14:41:20,1165.2,1,11064,8060,1193.67,32409,-2.863573840190064
2021-06-15 14:41:22,1165.2,1,11081,8060,1193.67,32409,-2.863573840190064
2021-06-15 14:41:28,1165.2,1,11074,8060,1193.67,32409,-2.863573840190064
2021-06-15 14:41:49,1165.2,1,11081,8060,1193.67,32409,-2.863573840190064
2021-06-15 14:42:06,1165.2,1,11074,8060,1193.67,32409,-2.863573840190064
2021-06-15 14:42:13,1165.2,1,11075,8062,1193.67,32409,-2.863573840190064
2021-06-15 14:42:34,1165.2,1,11084,8062,1193.67,32409,-2.863573840190064
2021-06-15 14:43:03,1165.2,1,11089,8062,1193.67,32409,-2.863573840190064
2021-06-15 14:43:37,1165.2,1,11082,8062,1193.67,32409,-2.863573840190064
2021-06-15 14:43:56,1165.2,1,11119,8057,1193.67,32409,-2.863573840190064
2021-06-15 14:44:00,1165.2,1,11122,8057,1193.67,32409,-2.863573840190064
2021-06-15 14:44:58,1165.2,1,11125,8057,1193.67,32409,-2.863573840190064
2021-06-15 14:45:02,1165.2,1,11127,8057,1193.67,32409,-2.863573840190064
2021-06-15 14:45:18,1165.2,1,11126,8057,1193.67,32409,-2.863573840190064
2021-06-15 14:45:43,1170.0,5,11126,8057,1193.67,32409,-2.463423783918966
2021-06-15 14:45:45,1170.0,5,11134,8038,1193.66,32416,-2.463423783918966
2021-06-15 14:45:46,1170.0,5,11164,8038,1193.66,32416,-2.463423783918966
2021-06-15 14:45:49,1170.0,5,11164,8038,1193.66,32416,-2.463423783918966
2021-06-15 14:45:51,1170.0,5,11164,8038,1193.66,32416,-2.463423783918966
2021-06-15 14:45:53,1170.0,5,11164,8038,1193.66,32416,-2.463423783918966
2021-06-15 14:45:55,1170.0,5,11167,8038,1193.66,32416,-2.463423783918966
2021-06-15 14:45:58,1170.0,5,11165,8038,1193.66,32416,-2.463423783918966
2021-06-15 14:46:01,1170.0,5,11160,8038,1193.66,32416,-2.463423783918966
2021-06-15 14:46:06,1170.0,5,11169,8038,1193.66,32416,-2.463423783918966
2021-06-15 14:46:08,1170.0,5,11160,8038,1193.66,32416,-2.463423783918966
2021-06-15 14:46:15,1170.0,5,11160,8039,1193.66,32416,-2.463423783918966
2021-06-15 14:46:20,1170.0,5,11160,8038,1193.66,32416,-2.463423783918966
2021-06-15 14:46:28,1166.65,2,11147,8038,1193.66,32418,-2.742695177358165
2021-06-15 14:46:29,1166.6,2,11147,8038,1193.66,32418,-2.746863407111004
2021-06-15 14:46:30,1165.9,3,11147,8038,1193.66,32418,-2.8052186236505245
2021-06-15 14:46:30,1159.95,3,10770,8187,1193.19,32912,-3.3012379642365812
2021-06-15 14:46:31,1159.95,3,10770,8187,1193.19,32912,-3.3012379642365812
2021-06-15 14:46:32,1159.0,1,10770,8187,1193.19,32912,-3.3804343295402406
2021-06-15 14:46:33,1159.0,1,10785,8220,1193.19,32916,-3.3804343295402406
2021-06-15 14:46:34,1158.1,3,10785,8231,1193.19,32916,-3.4554624650910797
2021-06-15 14:46:36,1157.0,1,10785,8231,1193.19,32916,-3.5471635196531994
2021-06-15 14:46:36,1157.0,1,10698,8237,1193.18,32920,-3.5471635196531994
2021-06-15 14:46:38,1158.1,5,10759,8088,1193.17,32930,-3.4554624650910797
2021-06-15 14:46:40,1158.95,1,10508,8089,1193.17,32930,-3.384602559293061
2021-06-15 14:46:42,1158.95,1,10505,8118,1193.17,32933,-3.384602559293061
2021-06-15 14:46:44,1157.7,1,10505,8126,1193.17,32934,-3.48880830311366
2021-06-15 14:46:46,1157.7,1,10503,8119,1193.17,32934,-3.48880830311366
2021-06-15 14:46:48,1157.7,1,10489,8125,1193.17,32934,-3.48880830311366
2021-06-15 14:46:51,1157.7,1,10488,8124,1193.17,32934,-3.48880830311366
2021-06-15 14:46:53,1157.7,1,10477,8124,1193.17,32934,-3.48880830311366
2021-06-15 14:46:55,1157.7,1,10528,8124,1193.17,32934,-3.48880830311366
2021-06-15 14:46:57,1157.7,1,10577,8122,1193.17,32934,-3.48880830311366
2021-06-15 14:47:00,1157.7,1,10677,8122,1193.17,32934,-3.48880830311366
2021-06-15 14:47:02,1157.7,1,10677,8123,1193.17,32934,-3.48880830311366
2021-06-15 14:47:04,1157.7,1,10671,8160,1193.17,32934,-3.48880830311366
2021-06-15 14:47:06,1157.7,1,10678,8176,1193.17,32934,-3.48880830311366
2021-06-15 14:47:10,1155.85,1,10678,8176,1193.17,32934,-3.6430328039681585
2021-06-15 14:47:10,1155.85,1,10689,8167,1193.16,32942,-3.6430328039681585
2021-06-15 14:47:12,1155.85,1,10691,8167,1193.16,32942,-3.6430328039681585
2021-06-15 14:47:15,1155.85,1,10639,8167,1193.16,32942,-3.6430328039681585
2021-06-15 14:47:16,1155.85,1,10639,8167,1193.16,32942,-3.6430328039681585
2021-06-15 14:47:19,1156.0,1,10639,8167,1193.16,32942,-3.630528114709679
2021-06-15 14:47:21,1156.0,1,10632,8150,1193.16,32943,-3.630528114709679
2021-06-15 14:47:22,1156.0,1,10633,8150,1193.16,32943,-3.630528114709679
2021-06-15 14:47:28,1156.0,1,10642,8149,1193.16,32943,-3.630528114709679
2021-06-15 14:47:29,1161.45,1,10642,8149,1193.16,32943,-3.176191071651862
2021-06-15 14:47:31,1161.45,1,10652,8156,1193.16,32944,-3.176191071651862
2021-06-15 14:47:37,1161.45,1,10652,8149,1193.16,32944,-3.176191071651862
2021-06-15 14:47:40,1161.45,1,10652,8149,1193.16,32944,-3.176191071651862
2021-06-15 14:47:42,1161.45,1,10679,8148,1193.16,32944,-3.176191071651862
2021-06-15 14:47:48,1161.45,1,10679,8146,1193.16,32944,-3.176191071651862
2021-06-15 14:48:04,1161.45,1,10679,8146,1193.16,32944,-3.176191071651862
2021-06-15 14:48:07,1161.45,1,10679,8151,1193.16,32944,-3.176191071651862
2021-06-15 14:48:09,1161.45,1,10679,8151,1193.16,32944,-3.176191071651862
2021-06-15 14:48:10,1161.35,3,10679,8151,1193.16,32944,-3.184527531157521
2021-06-15 14:48:11,1161.35,3,10679,8149,1193.15,32949,-3.184527531157521
2021-06-15 14:48:23,1161.4,5,10679,8149,1193.15,32949,-3.1803593014046823
2021-06-15 14:48:25,1161.4,5,10679,8149,1193.15,32954,-3.1803593014046823
2021-06-15 14:48:31,1161.4,5,10679,8149,1193.15,32954,-3.1803593014046823
2021-06-15 14:48:36,1161.4,5,10684,8152,1193.15,32954,-3.1803593014046823
2021-06-15 14:48:42,1161.4,5,10684,8152,1193.15,32954,-3.1803593014046823
2021-06-15 14:48:46,1161.4,5,10684,8152,1193.15,32954,-3.1803593014046823
2021-06-15 14:48:58,1161.4,5,10684,8152,1193.15,32954,-3.1803593014046823
2021-06-15 14:49:28,1161.45,1,10684,8152,1193.15,32954,-3.176191071651862
2021-06-15 14:49:29,1161.45,1,10684,8150,1193.15,32956,-3.176191071651862
2021-06-15 14:49:31,1161.45,1,10684,8150,1193.15,32956,-3.176191071651862
2021-06-15 14:49:33,1161.45,1,10684,8150,1193.15,32956,-3.176191071651862
2021-06-15 14:49:35,1161.45,1,10684,8150,1193.15,32956,-3.176191071651862
2021-06-15 14:49:37,1161.45,1,10684,8147,1193.15,32956,-3.176191071651862
2021-06-15 14:50:03,1161.5,7,10684,8147,1193.15,32956,-3.1720228418990417
2021-06-15 14:50:04,1161.5,7,10728,8127,1193.14,32966,-3.1720228418990417
2021-06-15 14:50:12,1161.5,7,10729,8127,1193.14,32966,-3.1720228418990417
2021-06-15 14:50:31,1164.5,2,10729,8127,1193.14,32966,-2.9219290567296032
2021-06-15 14:50:31,1164.5,1,10796,8099,1193.13,32969,-2.9219290567296032
2021-06-15 14:50:46,1165.5,2,10796,8099,1193.13,32969,-2.8385644616731236
2021-06-15 14:50:46,1165.5,2,10781,8063,1193.13,32979,-2.8385644616731236
2021-06-15 14:51:04,1165.5,2,10795,8061,1193.13,32979,-2.8385644616731236
2021-06-15 14:51:18,1165.5,2,10827,8061,1193.13,32979,-2.8385644616731236
2021-06-15 14:51:57,1165.5,2,10827,8061,1193.13,32979,-2.8385644616731236
2021-06-15 14:52:06,1166.7,1,10827,8061,1193.13,32979,-2.7385269476053447
2021-06-15 14:52:07,1166.7,1,10832,8057,1193.13,32980,-2.7385269476053447
2021-06-15 14:52:13,1166.7,1,10832,8057,1193.13,32980,-2.7385269476053447
2021-06-15 14:52:15,1166.7,1,10832,8057,1193.13,32980,-2.7385269476053447
2021-06-15 14:52:17,1166.7,1,10832,8057,1193.13,32980,-2.7385269476053447
2021-06-15 14:52:21,1166.7,1,10832,8057,1193.13,32980,-2.7385269476053447
2021-06-15 14:52:29,1166.7,1,10832,8057,1193.13,32980,-2.7385269476053447
2021-06-15 14:52:40,1166.7,1,10833,8057,1193.13,32980,-2.7385269476053447
2021-06-15 14:52:43,1166.7,1,10834,8057,1193.13,32980,-2.7385269476053447
2021-06-15 14:52:54,1166.7,1,10835,8057,1193.13,32980,-2.7385269476053447
2021-06-15 14:53:22,1166.7,1,10840,8057,1193.13,32980,-2.7385269476053447
2021-06-15 14:53:43,1166.7,1,10867,8057,1193.13,32980,-2.7385269476053447
2021-06-15 14:53:47,1166.7,1,10866,8057,1193.13,32980,-2.7385269476053447
2021-06-15 14:54:01,1166.75,1,10866,8057,1193.13,32980,-2.7343587178525244
2021-06-15 14:54:02,1166.75,1,10866,8057,1193.12,32981,-2.7343587178525244
2021-06-15 14:54:30,1169.85,2,10866,8057,1193.12,32981,-2.4759284731774454
2021-06-15 14:54:31,1169.85,2,10867,8062,1193.12,32984,-2.4759284731774454
2021-06-15 14:55:21,1169.85,2,10867,8062,1193.12,32984,-2.4759284731774454
2021-06-15 14:55:22,1169.8,1,10867,8062,1193.12,32984,-2.4800967029302656
2021-06-15 14:55:23,1167.85,4,10867,8062,1193.12,32984,-2.6426576632904046
2021-06-15 14:55:24,1167.85,4,10866,8025,1193.12,32991,-2.6426576632904046
2021-06-15 14:55:25,1167.85,4,10871,8025,1193.12,32991,-2.6426576632904046
2021-06-15 14:55:29,1167.3,5,10871,8025,1193.12,32991,-2.6885081905714645
2021-06-15 14:55:30,1167.3,5,10867,8029,1193.11,33006,-2.6885081905714645
2021-06-15 14:55:39,1166.8,1,10867,8046,1193.11,33007,-2.730190488099704
2021-06-15 14:55:40,1166.85,1,10867,8046,1193.11,33007,-2.726022258346884
2021-06-15 14:55:41,1166.85,1,10866,8039,1193.1,33008,-2.726022258346884
2021-06-15 14:55:46,1166.85,1,10866,8048,1193.1,33008,-2.726022258346884
2021-06-15 14:55:55,1166.7,1,10866,8048,1193.1,33008,-2.7385269476053447
2021-06-15 14:55:56,1166.7,1,10866,8043,1193.08,33039,-2.7385269476053447
2021-06-15 14:56:03,1167.0,1,10866,8048,1193.08,33040,-2.7135175690884044
2021-06-15 14:56:04,1167.0,1,10866,8048,1193.08,33040,-2.7135175690884044
2021-06-15 14:56:05,1167.05,1,10866,8048,1193.08,33040,-2.709349339335584
2021-06-15 14:56:06,1167.05,1,10866,8053,1193.08,33041,-2.709349339335584
2021-06-15 14:56:23,1167.05,1,10866,8053,1193.08,33041,-2.709349339335584
2021-06-15 14:56:42,1167.05,1,10866,8054,1193.08,33041,-2.709349339335584
2021-06-15 14:56:54,1167.05,1,10866,8054,1193.08,33041,-2.709349339335584
2021-06-15 14:57:38,1171.7,1,10866,8054,1193.08,33041,-2.321703972322947
2021-06-15 14:57:38,1171.7,1,10867,8054,1193.08,33042,-2.321703972322947
2021-06-15 14:57:40,1171.7,1,10867,8053,1193.08,33042,-2.321703972322947
2021-06-15 14:57:43,1171.7,1,10867,8053,1193.08,33042,-2.321703972322947
2021-06-15 14:57:46,1171.7,1,10867,8053,1193.08,33042,-2.321703972322947
2021-06-15 14:57:55,1171.7,1,10867,8053,1193.08,33042,-2.321703972322947
2021-06-15 14:58:01,1171.7,1,10873,8037,1193.08,33042,-2.321703972322947
2021-06-15 14:58:03,1171.7,1,10873,8037,1193.08,33042,-2.321703972322947
2021-06-15 14:58:05,1171.7,1,10873,8037,1193.08,33042,-2.321703972322947
2021-06-15 14:58:11,1171.7,1,10875,7838,1193.08,33042,-2.321703972322947
2021-06-15 14:58:14,1171.7,1,10875,7639,1193.08,33042,-2.321703972322947
2021-06-15 14:58:18,1165.55,2,10875,7639,1193.08,33042,-2.8343962319203038
2021-06-15 14:58:18,1165.55,2,10849,7658,1193.07,33062,-2.8343962319203038
2021-06-15 14:58:20,1165.55,2,10849,7646,1193.07,33062,-2.8343962319203038
2021-06-15 14:58:24,1165.55,2,10851,7656,1193.07,33062,-2.8343962319203038
2021-06-15 14:58:26,1165.55,2,10850,7656,1193.07,33062,-2.8343962319203038
2021-06-15 14:58:28,1165.55,2,10850,7656,1193.07,33062,-2.8343962319203038
2021-06-15 14:58:30,1165.55,2,10851,7656,1193.07,33062,-2.8343962319203038
2021-06-15 14:58:33,1165.55,2,10833,7673,1193.07,33062,-2.8343962319203038
2021-06-15 14:59:12,1169.3,1,10833,7673,1193.07,33062,-2.5217790004585052
2021-06-15 14:59:13,1169.3,1,10849,7679,1193.07,33063,-2.5217790004585052
2021-06-15 14:59:15,1169.3,1,10855,7679,1193.07,33063,-2.5217790004585052
2021-06-15 14:59:27,1169.3,1,10856,7679,1193.07,33063,-2.5217790004585052
2021-06-15 15:00:04,1165.75,2,10856,7679,1193.07,33063,-2.817723312909004
2021-06-15 15:00:06,1165.75,2,10855,7669,1193.06,33065,-2.817723312909004
2021-06-15 15:00:09,1165.75,2,10852,7669,1193.06,33065,-2.817723312909004
2021-06-15 15:00:12,1174.6,8,10846,7637,1193.0,33171,-2.0799466466591676
2021-06-15 15:00:13,1168.6,3,10846,7637,1193.0,33171,-2.580134216998045
2021-06-15 15:00:15,1166.9,4,10865,7649,1192.99,33176,-2.721854028594045
2021-06-15 15:00:17,1166.9,4,10865,7595,1192.94,33255,-2.721854028594045
2021-06-15 15:00:20,1166.9,4,10872,7595,1192.94,33255,-2.721854028594045
2021-06-15 15:00:24,1166.9,4,10834,7595,1192.94,33255,-2.721854028594045
2021-06-15 15:00:27,1166.9,4,10837,7595,1192.94,33255,-2.721854028594045
2021-06-15 15:00:29,1174.05,1,10837,7595,1192.94,33255,-2.1257971739402275
2021-06-15 15:00:30,1174.05,1,10871,7580,1192.94,33260,-2.1257971739402275
2021-06-15 15:00:32,1174.05,1,10869,7595,1192.94,33260,-2.1257971739402275
2021-06-15 15:00:41,1174.05,1,10869,7595,1192.94,33260,-2.1257971739402275
2021-06-15 15:00:45,1174.05,1,10869,7595,1192.94,33260,-2.1257971739402275
2021-06-15 15:00:53,1174.05,1,10869,7595,1192.94,33260,-2.1257971739402275
2021-06-15 15:01:28,1174.05,1,10879,7595,1192.94,33260,-2.1257971739402275
2021-06-15 15:01:37,1174.05,1,10881,7604,1192.94,33260,-2.1257971739402275
2021-06-15 15:01:43,1174.05,1,10919,7589,1192.94,33260,-2.1257971739402275
2021-06-15 15:01:46,1174.05,1,10919,7589,1192.94,33260,-2.1257971739402275
2021-06-15 15:02:07,1174.05,1,10919,7589,1192.94,33260,-2.1257971739402275
2021-06-15 15:02:12,1173.85,3,10919,7589,1192.94,33260,-2.1424700929515272
2021-06-15 15:02:14,1173.85,3,10919,7586,1192.94,33263,-2.1424700929515272
2021-06-15 15:02:27,1173.85,3,10919,7581,1192.94,33263,-2.1424700929515272
2021-06-15 15:02:30,1173.0,3,11124,7576,1192.94,33266,-2.2133299987495274
2021-06-15 15:02:34,1173.0,3,11114,7576,1192.94,33266,-2.2133299987495274
2021-06-15 15:02:36,1174.05,7,11114,7576,1192.94,33266,-2.1257971739402275
2021-06-15 15:02:37,1174.05,7,11114,7536,1192.93,33277,-2.1257971739402275
2021-06-15 15:02:51,1174.05,7,11314,7536,1192.93,33277,-2.1257971739402275
2021-06-15 15:02:53,1174.0,3,11314,7536,1192.93,33277,-2.1299654036930478
2021-06-15 15:02:54,1174.0,3,11316,7557,1192.93,33280,-2.1299654036930478
2021-06-15 15:02:56,1174.0,3,11316,7547,1192.93,33280,-2.1299654036930478
2021-06-15 15:02:59,1174.0,3,11316,7547,1192.93,33280,-2.1299654036930478
2021-06-15 15:03:01,1174.0,3,11316,7547,1192.93,33280,-2.1299654036930478
2021-06-15 15:03:04,1174.0,3,11516,7547,1192.93,33280,-2.1299654036930478
2021-06-15 15:03:06,1174.0,3,11516,7547,1192.93,33280,-2.1299654036930478
2021-06-15 15:03:09,1174.0,3,11516,7557,1192.93,33280,-2.1299654036930478
2021-06-15 15:03:14,1174.0,3,11717,7564,1192.93,33280,-2.1299654036930478
2021-06-15 15:03:16,1174.0,3,11717,7557,1192.93,33280,-2.1299654036930478
2021-06-15 15:03:23,1174.0,3,11716,7564,1192.93,33280,-2.1299654036930478
2021-06-15 15:03:30,1174.0,3,11916,7564,1192.93,33280,-2.1299654036930478
2021-06-15 15:03:38,1174.0,3,11916,7574,1192.93,33280,-2.1299654036930478
2021-06-15 15:03:45,1174.0,3,12016,7508,1192.93,33280,-2.1299654036930478
2021-06-15 15:03:48,1174.0,3,12016,7508,1192.93,33280,-2.1299654036930478
2021-06-15 15:03:50,1174.0,3,12016,7518,1192.93,33280,-2.1299654036930478
2021-06-15 15:03:52,1174.0,3,12021,7524,1192.93,33280,-2.1299654036930478
2021-06-15 15:03:55,1174.0,3,12016,7518,1192.93,33280,-2.1299654036930478
