2021-06-16 10:32:16,66.6,52,80327,171209,67.34,40225,-1.48
2021-06-16 10:32:25,66.6,52,80327,171109,67.34,40225,-1.48
2021-06-16 10:32:34,66.7,5,80327,171109,67.34,40225,-1.33
2021-06-16 10:32:35,66.7,5,80201,171104,67.34,40230,-1.33
2021-06-16 10:32:45,66.7,5,80206,171104,67.34,40230,-1.33
2021-06-16 10:32:51,66.55,18,80206,171104,67.34,40230,-1.55
2021-06-16 10:32:51,66.55,18,79567,170827,67.33,40399,-1.55
2021-06-16 10:32:55,66.55,18,79994,170977,67.33,40399,-1.55
2021-06-16 10:32:58,66.55,18,80469,171004,67.33,40399,-1.55
2021-06-16 10:33:07,66.55,18,80604,170829,67.33,40399,-1.55
2021-06-16 10:33:22,66.5,31,80604,170829,67.33,40399,-1.63
2021-06-16 10:33:24,66.5,31,80967,171238,67.33,40430,-1.63
2021-06-16 10:33:27,66.5,31,80967,171242,67.33,40430,-1.63
2021-06-16 10:33:31,66.5,31,80967,171299,67.33,40430,-1.63
2021-06-16 10:33:34,66.5,31,80967,171237,67.33,40430,-1.63
2021-06-16 10:33:37,66.5,31,81083,171122,67.33,40430,-1.63
2021-06-16 10:33:41,66.5,31,81084,171122,67.33,40430,-1.63
2021-06-16 10:33:44,66.5,31,81062,170598,67.33,40430,-1.63
2021-06-16 10:33:56,66.5,221,81062,170598,67.33,40430,-1.63
2021-06-16 10:33:57,66.5,221,81223,170148,67.32,40870,-1.63
2021-06-16 10:34:01,66.5,221,81197,170148,67.32,40870,-1.63
2021-06-16 10:34:04,66.5,221,81223,170043,67.32,40870,-1.63
2021-06-16 10:34:07,66.5,221,81224,170043,67.32,40870,-1.63
2021-06-16 10:34:13,66.5,221,81352,170043,67.32,40870,-1.63
2021-06-16 10:34:16,66.5,221,81469,170043,67.32,40870,-1.63
2021-06-16 10:34:19,66.5,221,81479,170043,67.32,40870,-1.63
2021-06-16 10:34:29,66.5,221,81473,169814,67.32,40870,-1.63
2021-06-16 10:34:47,66.5,221,81364,169814,67.32,40870,-1.63
2021-06-16 10:34:51,66.5,221,81624,169573,67.32,40870,-1.63
2021-06-16 10:34:58,66.5,221,81743,169651,67.32,40870,-1.63
2021-06-16 10:35:01,66.5,221,81243,169624,67.32,40870,-1.63
2021-06-16 10:35:23,66.5,221,81343,169524,67.32,40870,-1.63
2021-06-16 10:35:45,66.5,221,81343,169424,67.32,40870,-1.63
2021-06-16 10:35:54,66.5,221,81343,169324,67.32,40870,-1.63
2021-06-16 10:35:56,66.7,16,81343,169324,67.32,40870,-1.33
2021-06-16 10:35:57,66.7,16,81366,169184,67.32,40915,-1.33
2021-06-16 10:36:14,66.7,16,81244,169184,67.32,40915,-1.33
2021-06-16 10:36:22,66.7,16,81296,169184,67.32,40915,-1.33
2021-06-16 10:36:59,66.75,5,81296,169184,67.32,40915,-1.26
2021-06-16 10:37:02,66.75,5,81296,169185,67.32,40920,-1.26
2021-06-16 10:37:12,66.75,5,81296,169067,67.32,40920,-1.26
2021-06-16 10:37:15,66.75,5,81296,169184,67.32,40920,-1.26
2021-06-16 10:37:29,66.75,5,81296,169684,67.32,40920,-1.26
2021-06-16 10:37:45,66.75,5,81311,169684,67.32,40920,-1.26
2021-06-16 10:37:51,66.75,5,81311,170684,67.32,40920,-1.26
2021-06-16 10:37:52,66.55,73,81311,170684,67.32,40920,-1.55
2021-06-16 10:37:54,66.55,73,80843,171403,67.31,41420,-1.55
2021-06-16 10:38:15,66.55,73,80880,171382,67.31,41420,-1.55
2021-06-16 10:38:54,66.55,73,80960,171382,67.31,41420,-1.55
2021-06-16 10:38:57,66.55,73,81075,171382,67.31,41420,-1.55
2021-06-16 10:39:03,66.55,73,81714,171287,67.31,41420,-1.55
2021-06-16 10:39:09,66.55,73,81712,171307,67.31,41420,-1.55
2021-06-16 10:39:17,66.55,73,81712,171807,67.31,41420,-1.55
2021-06-16 10:39:23,66.55,73,81719,171828,67.31,41420,-1.55
2021-06-16 10:39:27,66.55,73,81604,171915,67.31,41420,-1.55
2021-06-16 10:39:30,66.55,73,81604,172915,67.31,41420,-1.55
2021-06-16 10:39:43,66.55,73,81665,173058,67.31,41420,-1.55
2021-06-16 10:39:51,66.55,73,81640,173050,67.31,41420,-1.55
2021-06-16 10:39:55,66.55,73,81540,173050,67.31,41420,-1.55
2021-06-16 10:40:00,66.75,10,81540,173050,67.31,41420,-1.26
2021-06-16 10:40:03,66.75,10,81790,172821,67.31,41430,-1.26
2021-06-16 10:40:07,66.75,10,81790,172243,67.31,41430,-1.26
2021-06-16 10:40:10,66.75,10,81681,172359,67.31,41430,-1.26
2021-06-16 10:40:13,66.75,10,81793,172143,67.31,41430,-1.26
2021-06-16 10:40:19,66.65,87,81793,172143,67.31,41430,-1.41
2021-06-16 10:40:22,66.65,87,81719,172143,67.31,41517,-1.41
2021-06-16 10:40:25,66.65,87,81706,172143,67.31,41517,-1.41
2021-06-16 10:40:27,66.75,50,81706,172143,67.31,41517,-1.26
2021-06-16 10:40:28,66.75,50,81713,172093,67.31,41567,-1.26
2021-06-16 10:40:30,66.75,20,81713,172093,67.31,41567,-1.26
2021-06-16 10:40:31,66.75,20,81713,172073,67.31,41587,-1.26
2021-06-16 10:40:40,66.75,20,81706,172073,67.31,41587,-1.26
2021-06-16 10:40:43,66.75,20,81762,172073,67.31,41587,-1.26
2021-06-16 10:40:46,66.75,20,81862,172073,67.31,41587,-1.26
2021-06-16 10:41:48,66.75,20,81865,172073,67.31,41587,-1.26
2021-06-16 10:41:57,66.75,20,81688,172193,67.31,41587,-1.26
2021-06-16 10:42:00,66.75,20,81799,172073,67.31,41587,-1.26
2021-06-16 10:42:11,66.75,20,81688,172185,67.31,41587,-1.26
2021-06-16 10:42:14,66.75,20,81796,172073,67.31,41587,-1.26
2021-06-16 10:42:20,66.75,20,81688,172183,67.31,41587,-1.26
2021-06-16 10:42:23,66.75,20,81688,172188,67.31,41587,-1.26
2021-06-16 10:42:27,66.75,20,81801,172073,67.31,41587,-1.26
2021-06-16 10:42:42,66.75,20,81806,172073,67.31,41587,-1.26
2021-06-16 10:43:01,66.75,20,82811,172073,67.31,41587,-1.26
2021-06-16 10:43:21,66.75,20,83298,172073,67.31,41587,-1.26
2021-06-16 10:43:37,66.75,20,83188,172190,67.31,41587,-1.26
2021-06-16 10:43:57,66.75,20,83188,172185,67.31,41587,-1.26
2021-06-16 10:43:59,66.75,20,83301,172073,67.31,41587,-1.26
2021-06-16 10:44:18,66.75,20,83188,172186,67.31,41587,-1.26
2021-06-16 10:44:21,66.75,20,83296,172073,67.31,41587,-1.26
2021-06-16 10:44:24,66.75,20,83188,172188,67.31,41587,-1.26
2021-06-16 10:44:27,66.75,20,83306,172073,67.31,41587,-1.26
2021-06-16 10:44:29,66.75,20,83188,172184,67.31,41587,-1.26
2021-06-16 10:44:40,66.75,20,83188,172484,67.31,41587,-1.26
2021-06-16 10:44:46,66.75,15,83188,172484,67.31,41587,-1.26
2021-06-16 10:44:48,66.75,15,83288,172469,67.31,41602,-1.26
2021-06-16 10:44:51,66.75,15,83288,172475,67.31,41602,-1.26
2021-06-16 10:45:01,66.65,1,83288,172475,67.31,41602,-1.41
2021-06-16 10:45:03,66.65,1,83287,172469,67.31,41609,-1.41
2021-06-16 10:45:18,66.65,1,83287,172437,67.31,41609,-1.41
2021-06-16 10:45:42,66.65,1,83404,172331,67.31,41609,-1.41
2021-06-16 10:45:45,66.65,1,83398,172331,67.31,41609,-1.41
2021-06-16 10:45:51,66.65,12,83398,172331,67.31,41609,-1.41
2021-06-16 10:45:51,66.65,12,82884,172844,67.31,41621,-1.41
2021-06-16 10:45:54,66.65,12,82884,172935,67.31,41621,-1.41
2021-06-16 10:45:56,66.6,488,82884,172935,67.31,41621,-1.48
2021-06-16 10:45:57,66.6,488,82496,172562,67.3,42109,-1.48
2021-06-16 10:46:11,66.6,488,82396,172562,67.3,42109,-1.48
2021-06-16 10:46:27,66.6,488,82586,172562,67.3,42109,-1.48
2021-06-16 10:46:37,66.6,488,82593,172431,67.3,42109,-1.48
2021-06-16 10:46:40,66.6,488,82593,172559,67.3,42109,-1.48
2021-06-16 10:46:49,66.6,488,82603,172559,67.3,42109,-1.48
2021-06-16 10:46:58,66.7,29,82603,172559,67.3,42109,-1.33
2021-06-16 10:46:59,66.7,29,83226,172293,67.3,42158,-1.33
2021-06-16 10:47:01,66.85,91,83226,172293,67.3,42158,-1.11
2021-06-16 10:47:02,66.85,91,83640,171213,67.29,43158,-1.11
2021-06-16 10:47:04,66.85,91,83691,171207,67.29,43158,-1.11
2021-06-16 10:47:12,66.85,91,83440,171207,67.29,43158,-1.11
2021-06-16 10:47:22,66.75,4,83440,171207,67.29,43158,-1.26
2021-06-16 10:47:23,66.5,166,81927,172794,67.26,45308,-1.63
2021-06-16 10:47:26,66.5,166,82036,172890,67.26,45308,-1.63
2021-06-16 10:47:28,66.5,166,82100,172890,67.26,45308,-1.63
2021-06-16 10:47:33,66.5,166,82114,172988,67.26,45308,-1.63
2021-06-16 10:47:43,66.6,4,82114,172988,67.26,45308,-1.48
2021-06-16 10:47:45,66.6,4,82171,172973,67.26,45312,-1.48
2021-06-16 10:47:49,66.6,4,82171,172948,67.26,45312,-1.48
2021-06-16 10:47:52,66.7,5,82171,172948,67.26,45312,-1.33
2021-06-16 10:47:52,66.7,5,82171,172943,67.26,45317,-1.33
2021-06-16 10:47:58,66.7,5,82361,172663,67.26,45317,-1.33
2021-06-16 10:48:16,66.75,1,82357,172792,67.26,45318,-1.26
2021-06-16 10:48:22,66.75,1,82491,172663,67.26,45318,-1.26
2021-06-16 10:48:26,66.75,1,82382,172777,67.26,45318,-1.26
2021-06-16 10:48:44,66.75,1,82587,172659,67.26,45318,-1.26
2021-06-16 10:49:01,66.75,1,82578,172561,67.26,45318,-1.26
2021-06-16 10:49:03,66.75,1,82578,172546,67.26,45318,-1.26
2021-06-16 10:49:06,66.75,1,82698,172561,67.26,45318,-1.26
2021-06-16 10:49:15,66.75,1,82698,172461,67.26,45318,-1.26
2021-06-16 10:49:24,66.75,1,82698,172361,67.26,45318,-1.26
2021-06-16 10:49:46,66.75,1,82578,172468,67.26,45318,-1.26
2021-06-16 10:49:54,66.75,1,82478,167968,67.26,45318,-1.26
2021-06-16 10:49:59,66.75,1,82488,167968,67.26,45318,-1.26
2021-06-16 10:50:02,66.75,1,82488,167970,67.26,45318,-1.26
2021-06-16 10:50:19,66.75,1,82509,167869,67.26,45318,-1.26
2021-06-16 10:50:21,66.75,1,82398,167965,67.26,45318,-1.26
2021-06-16 10:50:29,66.75,1,82398,167971,67.26,45318,-1.26
2021-06-16 10:50:34,66.75,1,83308,167656,67.26,45318,-1.26
2021-06-16 10:50:48,66.75,1,83308,167956,67.26,45318,-1.26
2021-06-16 10:51:22,66.75,1,83416,168456,67.26,45318,-1.26
2021-06-16 10:51:31,66.75,1,83616,168456,67.26,45318,-1.26
2021-06-16 10:51:52,66.75,1,83618,168456,67.26,45318,-1.26
2021-06-16 10:51:59,66.8,20,83618,168456,67.26,45318,-1.18
2021-06-16 10:52:00,66.8,20,83249,168047,67.25,45598,-1.18
2021-06-16 10:52:03,66.8,20,83361,167891,67.25,45598,-1.18
2021-06-16 10:52:14,66.8,20,83412,167901,67.25,45598,-1.18
2021-06-16 10:52:30,66.8,20,83412,167801,67.25,45598,-1.18
2021-06-16 10:52:36,66.8,20,83312,167801,67.25,45598,-1.18
2021-06-16 10:52:49,66.9,181,83312,167801,67.25,45598,-1.04
2021-06-16 10:52:50,66.85,8,83215,167972,67.25,45826,-1.11
2021-06-16 10:53:04,66.85,8,82876,168554,67.25,45826,-1.11
2021-06-16 10:53:08,66.85,8,82876,165554,67.25,45826,-1.11
2021-06-16 10:53:11,66.85,8,82881,164394,67.25,45826,-1.11
2021-06-16 10:53:29,66.85,8,82881,164448,67.25,45826,-1.11
2021-06-16 10:53:42,66.85,287,82881,164448,67.25,45826,-1.11
2021-06-16 10:53:43,66.85,287,82788,164395,67.25,46326,-1.11
2021-06-16 10:53:47,66.85,287,82905,164395,67.25,46326,-1.11
2021-06-16 10:53:49,66.85,287,82917,164420,67.25,46326,-1.11
2021-06-16 10:53:52,66.85,287,83036,164420,67.25,46326,-1.11
2021-06-16 10:53:54,66.85,287,82917,164421,67.25,46326,-1.11
2021-06-16 10:53:57,66.85,287,82917,164538,67.25,46326,-1.11
2021-06-16 10:54:10,66.85,287,82917,164947,67.25,46326,-1.11
2021-06-16 10:54:18,66.85,287,82927,164947,67.25,46326,-1.11
2021-06-16 10:54:32,66.7,50,82927,164947,67.25,46326,-1.33
2021-06-16 10:54:34,66.7,50,82870,165076,67.25,46376,-1.33
2021-06-16 10:54:37,66.7,50,82864,165076,67.25,46376,-1.33
2021-06-16 10:54:43,66.7,50,82864,165326,67.25,46376,-1.33
2021-06-16 10:54:46,66.7,50,82864,165576,67.25,46376,-1.33
2021-06-16 10:54:48,66.7,50,82864,165826,67.25,46376,-1.33
2021-06-16 10:54:51,66.7,50,82864,166076,67.25,46376,-1.33
2021-06-16 10:54:54,66.7,50,82849,166576,67.25,46376,-1.33
2021-06-16 10:55:07,66.7,50,82849,168086,67.25,46376,-1.33
2021-06-16 10:55:13,66.7,50,82849,168093,67.25,46376,-1.33
2021-06-16 10:55:30,66.7,50,82837,168287,67.25,46376,-1.33
2021-06-16 10:55:37,66.65,131,82837,168287,67.25,46376,-1.41
2021-06-16 10:55:38,66.6,36,82837,168287,67.25,46376,-1.48
2021-06-16 10:55:39,66.6,36,82485,168687,67.24,46643,-1.48
2021-06-16 10:55:43,66.6,36,82501,168885,67.24,46643,-1.48
2021-06-16 10:56:02,66.6,36,82504,168722,67.24,46643,-1.48
2021-06-16 10:56:03,66.65,125,82504,168722,67.24,46643,-1.41
2021-06-16 10:56:05,66.65,125,82365,168785,67.24,46843,-1.41
2021-06-16 10:56:08,66.65,125,82306,168795,67.24,46843,-1.41
2021-06-16 10:56:11,66.55,16,81729,168863,67.24,46859,-1.55
2021-06-16 10:56:13,66.5,20,81729,168863,67.24,46859,-1.63
2021-06-16 10:56:14,66.5,20,81536,169117,67.24,47191,-1.63
2021-06-16 10:56:17,66.5,20,81532,169021,67.24,47191,-1.63
2021-06-16 10:56:32,66.5,20,81541,169065,67.24,47191,-1.63
2021-06-16 10:56:46,66.45,30,81541,169065,67.24,47191,-1.7
2021-06-16 10:56:48,66.45,30,81563,169577,67.24,47221,-1.7
2021-06-16 10:56:49,66.3,13,81563,169577,67.24,47221,-1.92
2021-06-16 10:56:51,66.3,13,81251,168769,67.22,48121,-1.92
2021-06-16 10:56:54,66.3,13,81236,168769,67.22,48121,-1.92
2021-06-16 10:56:56,66.3,1,81236,168769,67.22,48121,-1.92
2021-06-16 10:56:57,66.3,1,81163,168765,67.22,48123,-1.92
2021-06-16 10:57:00,66.3,1,81327,168649,67.22,48123,-1.92
2021-06-16 10:57:04,66.3,1,81334,168762,67.22,48123,-1.92
2021-06-16 10:57:07,66.3,1,81333,168662,67.22,48124,-1.92
2021-06-16 10:57:10,66.3,1,81329,168549,67.22,48124,-1.92
2021-06-16 10:57:13,66.3,1,81334,168659,67.22,48124,-1.92
2021-06-16 10:57:16,66.3,1,81491,168016,67.22,48124,-1.92
2021-06-16 10:57:19,66.3,1,81373,168016,67.22,48124,-1.92
2021-06-16 10:57:24,66.3,1,80585,168016,67.22,48124,-1.92
2021-06-16 10:57:25,66.3,1,80473,168016,67.22,48126,-1.92
2021-06-16 10:57:28,66.3,1,80473,167771,67.22,48126,-1.92
2021-06-16 10:57:31,66.3,1,80593,167813,67.22,48126,-1.92
2021-06-16 10:57:35,66.3,1,80594,167813,67.22,48126,-1.92
2021-06-16 10:57:48,66.25,20,80790,168246,67.21,48376,-2.0
2021-06-16 10:57:49,66.3,1,80790,168246,67.21,48376,-1.92
2021-06-16 10:57:51,66.3,1,80899,168308,67.21,48377,-1.92
2021-06-16 10:57:52,66.45,1,80899,168308,67.21,48377,-1.7
2021-06-16 10:57:54,66.45,1,81340,168190,67.21,48378,-1.7
2021-06-16 10:57:57,66.45,1,81340,168352,67.21,48378,-1.7
2021-06-16 10:58:01,66.45,1,81077,168411,67.21,48378,-1.7
2021-06-16 10:58:10,66.3,1,81197,168391,67.21,48379,-1.92
2021-06-16 10:58:21,66.3,9,80700,168280,67.21,48389,-1.92
2021-06-16 10:58:22,66.45,1,80700,168280,67.21,48389,-1.7
2021-06-16 10:58:23,66.45,1,80945,168164,67.21,48390,-1.7
2021-06-16 10:58:30,66.45,1,81020,168266,67.21,48390,-1.7
2021-06-16 10:58:33,66.45,1,81022,168266,67.21,48390,-1.7
2021-06-16 10:58:59,66.45,1,81132,168267,67.21,48390,-1.7
2021-06-16 10:59:00,66.45,1,81156,168181,67.21,48391,-1.7
2021-06-16 10:59:04,66.45,1,81046,168164,67.21,48391,-1.7
2021-06-16 10:59:10,66.3,1,81015,168276,67.21,48392,-1.92
2021-06-16 10:59:16,66.45,75,81015,168276,67.21,48392,-1.7
2021-06-16 10:59:17,66.45,1,81015,168276,67.21,48392,-1.7
2021-06-16 10:59:19,66.45,1,81158,168192,67.21,48493,-1.7
2021-06-16 10:59:22,66.45,1,81352,168192,67.21,48493,-1.7
2021-06-16 10:59:51,66.45,1,81352,168092,67.21,48493,-1.7
2021-06-16 10:59:57,66.45,1,81357,168092,67.21,48493,-1.7
2021-06-16 11:00:06,66.45,1,81588,168049,67.21,48493,-1.7
2021-06-16 11:00:08,66.4,1,81409,168173,67.21,48496,-1.78
2021-06-16 11:00:10,66.45,1,81409,168173,67.21,48496,-1.7
2021-06-16 11:00:11,66.45,1,81591,168571,67.21,48505,-1.7
2021-06-16 11:00:14,66.45,1,81597,168554,67.21,48505,-1.7
2021-06-16 11:00:27,66.45,1,81482,168554,67.21,48505,-1.7
2021-06-16 11:00:29,66.45,1,81462,168445,67.21,48508,-1.7
2021-06-16 11:00:30,66.45,1,81462,168441,67.21,48512,-1.7
2021-06-16 11:00:33,66.45,1,81462,168372,67.21,48512,-1.7
2021-06-16 11:00:58,66.45,20,81462,168372,67.21,48512,-1.7
2021-06-16 11:00:59,66.45,20,81462,168369,67.21,48532,-1.7
2021-06-16 11:01:03,66.45,23,81462,168369,67.21,48532,-1.7
2021-06-16 11:01:06,66.45,23,81462,168304,67.21,48555,-1.7
2021-06-16 11:01:21,66.45,23,81465,168268,67.21,48555,-1.7
2021-06-16 11:01:47,66.5,100,81715,167593,67.2,49326,-1.63
2021-06-16 11:01:50,66.5,100,81860,167630,67.2,49326,-1.63
2021-06-16 11:01:57,66.5,100,81876,167656,67.2,49326,-1.63
2021-06-16 11:02:11,66.6,15,81876,167656,67.2,49326,-1.48
2021-06-16 11:02:13,66.6,15,81860,167529,67.2,49426,-1.48
2021-06-16 11:02:27,66.45,1,81860,167529,67.2,49426,-1.7
2021-06-16 11:02:28,66.6,1,81860,167529,67.2,49426,-1.48
2021-06-16 11:02:28,66.6,1,81683,167640,67.2,49429,-1.48
2021-06-16 11:02:31,66.6,1,81731,167621,67.2,49429,-1.48
2021-06-16 11:02:35,66.6,1,81731,167736,67.2,49429,-1.48
2021-06-16 11:02:44,66.6,1,81741,167836,67.2,49429,-1.48
2021-06-16 11:02:48,66.6,1,82241,167836,67.2,49429,-1.48
2021-06-16 11:03:13,66.65,1,82241,167836,67.2,49429,-1.41
2021-06-16 11:03:14,66.65,1,82337,167637,67.2,49430,-1.41
2021-06-16 11:03:37,66.65,1,82337,167646,67.2,49440,-1.41
2021-06-16 11:04:00,66.65,1,82337,167494,67.2,49446,-1.41
2021-06-16 11:04:03,66.65,1,82347,167494,67.2,49446,-1.41
2021-06-16 11:04:09,66.3,64,82347,167494,67.2,49446,-1.92
2021-06-16 11:04:10,66.4,1,81148,168470,67.17,51497,-1.78
2021-06-16 11:04:14,66.5,1,81148,168470,67.17,51497,-1.63
2021-06-16 11:04:42,66.5,1,81150,168469,67.17,51498,-1.63
2021-06-16 11:05:03,66.5,1,81145,168469,67.17,51498,-1.63
2021-06-16 11:05:09,66.45,110,81206,168335,67.16,51648,-1.7
2021-06-16 11:05:10,66.4,1,81206,168335,67.16,51648,-1.78
2021-06-16 11:05:12,66.4,1,81195,168634,67.16,51649,-1.78
2021-06-16 11:05:20,66.4,1,81195,168640,67.16,51649,-1.78
2021-06-16 11:05:29,66.4,1,81195,168524,67.16,51649,-1.78
2021-06-16 11:05:31,66.4,1,81205,168637,67.16,51649,-1.78
2021-06-16 11:05:34,66.55,39,81589,167786,67.15,52387,-1.55
2021-06-16 11:05:37,66.45,50,81589,167786,67.15,52387,-1.7
2021-06-16 11:05:38,66.45,50,81677,167878,67.15,52437,-1.7
2021-06-16 11:05:42,66.45,50,81672,167754,67.15,52437,-1.7
2021-06-16 11:05:51,66.45,73,81672,167754,67.15,52437,-1.7
2021-06-16 11:05:54,66.45,73,81679,167754,67.15,52510,-1.7
2021-06-16 11:06:05,66.45,73,81548,168254,67.15,52510,-1.7
2021-06-16 11:06:07,66.45,73,82058,168254,67.15,52510,-1.7
2021-06-16 11:06:20,66.45,73,82558,168254,67.15,52510,-1.7
2021-06-16 11:06:25,66.45,73,82568,168254,67.15,52510,-1.7
2021-06-16 11:06:28,66.45,73,82568,168251,67.15,52510,-1.7
2021-06-16 11:06:35,66.45,73,86578,168249,67.15,52510,-1.7
2021-06-16 11:06:40,66.45,73,86568,168149,67.15,52510,-1.7
2021-06-16 11:07:06,66.45,73,86478,168149,67.15,52510,-1.7
2021-06-16 11:07:14,66.45,73,86478,168154,67.15,52510,-1.7
2021-06-16 11:07:18,66.45,73,86478,168152,67.15,52510,-1.7
2021-06-16 11:07:19,66.45,2,86478,168152,67.15,52510,-1.7
2021-06-16 11:07:20,66.45,2,86238,168371,67.15,52610,-1.7
2021-06-16 11:07:21,66.4,1,86238,168371,67.15,52610,-1.78
2021-06-16 11:07:23,66.4,1,86229,168715,67.15,52611,-1.78
2021-06-16 11:07:26,66.4,1,86290,168768,67.15,52611,-1.78
2021-06-16 11:07:29,66.4,1,86271,168735,67.15,52611,-1.78
2021-06-16 11:07:31,66.5,21,86271,168735,67.15,52611,-1.63
2021-06-16 11:07:32,66.5,21,86288,168714,67.15,52632,-1.63
2021-06-16 11:08:03,66.5,21,86288,168704,67.15,52632,-1.63
2021-06-16 11:09:03,66.5,21,88071,168281,67.15,52632,-1.63
2021-06-16 11:09:22,66.5,21,87963,168281,67.15,52632,-1.63
2021-06-16 11:09:29,66.5,21,87956,168301,67.15,52632,-1.63
2021-06-16 11:09:58,66.5,21,87956,168551,67.15,52632,-1.63
2021-06-16 11:10:03,66.5,21,87956,168451,67.15,52632,-1.63
2021-06-16 11:10:05,66.5,1,87720,168489,67.15,52633,-1.63
2021-06-16 11:10:07,66.5,1,87833,168507,67.15,52633,-1.63
2021-06-16 11:10:31,66.55,1,87833,168507,67.15,52633,-1.55
2021-06-16 11:10:32,66.55,1,88043,168317,67.15,52641,-1.55
2021-06-16 11:10:42,66.55,1,88073,168516,67.15,52641,-1.55
2021-06-16 11:10:55,66.55,1,88073,168416,67.15,52641,-1.55
2021-06-16 11:11:16,66.55,1,88133,168416,67.15,52641,-1.55
2021-06-16 11:11:23,66.5,29,88133,168416,67.15,52641,-1.63
2021-06-16 11:11:24,66.5,29,87749,168704,67.15,52841,-1.63
2021-06-16 11:11:47,66.5,29,87823,168736,67.15,52841,-1.63
2021-06-16 11:11:50,66.5,29,87823,168620,67.15,52841,-1.63
2021-06-16 11:11:52,66.5,29,87823,168729,67.15,52841,-1.63
2021-06-16 11:12:04,66.5,29,87823,168629,67.15,52841,-1.63
2021-06-16 11:12:09,66.5,29,87937,168520,67.15,52841,-1.63
2021-06-16 11:12:12,66.5,29,87823,168635,67.15,52841,-1.63
2021-06-16 11:12:12,66.6,5,87823,168635,67.15,52841,-1.48
2021-06-16 11:12:14,66.6,5,87837,168630,67.15,52846,-1.48
2021-06-16 11:12:17,66.6,5,87951,168464,67.15,52846,-1.48
2021-06-16 11:12:28,66.6,5,87835,168464,67.15,52846,-1.48
2021-06-16 11:12:31,66.6,5,87827,168579,67.15,52846,-1.48
2021-06-16 11:12:33,66.6,5,87827,168479,67.15,52846,-1.48
2021-06-16 11:12:35,66.5,10,87827,168479,67.15,52846,-1.63
2021-06-16 11:12:36,66.55,80,87865,168566,67.14,53379,-1.55
2021-06-16 11:12:38,66.55,80,87949,168466,67.14,53379,-1.55
2021-06-16 11:12:49,66.45,500,87949,168466,67.14,53379,-1.7
2021-06-16 11:12:49,66.45,500,87349,168580,67.14,53879,-1.7
2021-06-16 11:13:03,66.6,1,87349,168580,67.14,53879,-1.48
2021-06-16 11:13:03,66.6,1,87334,168579,67.14,53880,-1.48
2021-06-16 11:13:26,66.6,1,87234,168579,67.14,53880,-1.48
2021-06-16 11:13:44,66.6,1,87344,168465,67.14,53880,-1.48
2021-06-16 11:13:46,66.6,1,87594,168465,67.14,53880,-1.48
2021-06-16 11:13:51,66.6,1,87484,168465,67.14,53880,-1.48
2021-06-16 11:13:54,66.6,1,87604,168465,67.14,53880,-1.48
2021-06-16 11:13:57,66.6,1,87587,168483,67.14,53880,-1.48
2021-06-16 11:14:00,66.6,1,87474,168579,67.14,53880,-1.48
2021-06-16 11:14:06,66.6,1,87474,168465,67.14,53880,-1.48
2021-06-16 11:14:19,66.6,1,87374,168465,67.14,53880,-1.48
2021-06-16 11:14:27,66.6,1,87384,168465,67.14,53880,-1.48
2021-06-16 11:14:30,66.6,50,87384,168465,67.14,53880,-1.48
2021-06-16 11:14:33,66.6,50,87384,168543,67.13,53930,-1.48
2021-06-16 11:14:37,66.6,50,87384,168425,67.13,53930,-1.48
2021-06-16 11:14:55,66.6,50,87382,168425,67.13,53930,-1.48
2021-06-16 11:14:58,66.6,50,87502,168315,67.13,53930,-1.48
2021-06-16 11:15:04,66.6,50,87382,168427,67.13,53930,-1.48
2021-06-16 11:15:12,66.6,50,87491,168315,67.13,53930,-1.48
2021-06-16 11:15:15,66.6,50,87372,168431,67.13,53930,-1.48
2021-06-16 11:15:19,66.6,50,87372,168428,67.13,53930,-1.48
2021-06-16 11:15:28,66.6,50,87689,168515,67.13,53930,-1.48
2021-06-16 11:16:06,66.6,50,87522,168628,67.13,53930,-1.48
2021-06-16 11:16:19,66.6,50,87522,168515,67.13,53930,-1.48
2021-06-16 11:16:22,66.6,50,87522,168623,67.13,53930,-1.48
2021-06-16 11:17:13,66.45,1,87522,168623,67.13,53930,-1.7
2021-06-16 11:17:14,66.45,1,87533,168779,67.13,53931,-1.7
2021-06-16 11:17:19,66.45,1,87520,168692,67.13,53931,-1.7
2021-06-16 11:17:27,66.45,1,87533,168666,67.13,53931,-1.7
2021-06-16 11:17:28,66.55,2,87533,168666,67.13,53931,-1.55
2021-06-16 11:17:29,66.55,2,87445,168492,67.13,53933,-1.55
2021-06-16 11:17:31,66.55,2,87565,168492,67.13,53933,-1.55
2021-06-16 11:17:37,66.5,41,87565,168492,67.13,53933,-1.63
2021-06-16 11:17:39,66.5,41,87433,168830,67.13,53976,-1.63
2021-06-16 11:17:42,66.5,41,87433,168967,67.13,53976,-1.63
2021-06-16 11:17:44,66.5,41,87543,168867,67.13,53976,-1.63
2021-06-16 11:18:00,66.5,41,87333,168958,67.13,53976,-1.63
2021-06-16 11:18:17,66.5,41,87443,168850,67.13,53976,-1.63
2021-06-16 11:18:19,66.5,41,87333,168963,67.13,53976,-1.63
2021-06-16 11:18:23,66.5,41,87333,168967,67.13,53976,-1.63
2021-06-16 11:18:25,66.5,41,87433,168850,67.13,53976,-1.63
2021-06-16 11:18:38,66.5,41,87320,168967,67.13,53976,-1.63
2021-06-16 11:18:58,66.5,41,87436,168850,67.13,53976,-1.63
2021-06-16 11:19:28,66.5,41,87432,168850,67.13,53976,-1.63
2021-06-16 11:19:34,66.5,41,87440,168850,67.13,53976,-1.63
2021-06-16 11:19:55,66.5,41,88037,168867,67.13,53976,-1.63
2021-06-16 11:20:16,66.6,138,88037,168867,67.13,53976,-1.48
2021-06-16 11:20:18,66.6,138,88512,168177,67.13,54551,-1.48
2021-06-16 11:20:34,66.7,201,88512,168177,67.13,54551,-1.33
2021-06-16 11:20:36,66.7,201,88741,167831,67.13,54971,-1.33
2021-06-16 11:20:54,66.7,201,88748,167817,67.13,54971,-1.33
2021-06-16 11:21:16,66.7,88,88748,167817,67.13,54971,-1.33
2021-06-16 11:21:16,66.7,88,88748,167643,67.12,55059,-1.33
2021-06-16 11:22:01,66.7,88,88763,167629,67.12,55059,-1.33
2021-06-16 11:22:14,66.7,88,88461,167629,67.12,55059,-1.33
2021-06-16 11:22:19,66.7,88,88361,167185,67.12,55059,-1.33
2021-06-16 11:22:27,66.7,88,88461,167185,67.12,55059,-1.33
2021-06-16 11:25:16,66.7,88,88469,167696,67.12,55059,-1.33
2021-06-16 11:25:28,66.7,88,88351,167806,67.12,55059,-1.33
2021-06-16 11:25:30,66.7,88,88464,167696,67.12,55059,-1.33
2021-06-16 11:25:42,66.7,88,88462,167696,67.12,55059,-1.33
2021-06-16 11:25:55,66.7,88,88251,167859,67.12,55059,-1.33
2021-06-16 11:26:00,66.7,88,88251,167862,67.12,55059,-1.33
2021-06-16 11:26:03,66.7,88,88360,167748,67.12,55059,-1.33
2021-06-16 11:26:09,66.7,88,88251,167860,67.12,55059,-1.33
2021-06-16 11:26:14,66.7,88,88366,167748,67.12,55059,-1.33
2021-06-16 11:26:16,66.7,88,88251,167866,67.12,55059,-1.33
2021-06-16 11:26:21,66.7,88,88251,167868,67.12,55059,-1.33
2021-06-16 11:26:25,66.7,88,88351,167868,67.12,55059,-1.33
2021-06-16 11:26:27,66.7,88,88280,167865,67.12,55059,-1.33
2021-06-16 11:26:34,66.7,88,88280,167665,67.12,55059,-1.33
2021-06-16 11:26:52,66.7,88,88355,167668,67.12,55059,-1.33
2021-06-16 11:26:57,66.7,88,88355,167669,67.12,55059,-1.33
2021-06-16 11:27:11,66.7,88,88355,167869,67.12,55059,-1.33
2021-06-16 11:27:39,66.7,88,88180,167866,67.12,55059,-1.33
2021-06-16 11:27:58,66.7,88,88291,167753,67.12,55059,-1.33
2021-06-16 11:28:01,66.7,88,88180,167864,67.12,55059,-1.33
2021-06-16 11:28:31,66.7,88,88299,167648,67.12,55059,-1.33
2021-06-16 11:29:40,66.7,88,88349,167648,67.12,55059,-1.33
2021-06-16 11:29:42,66.7,88,88449,167648,67.12,55059,-1.33
2021-06-16 11:31:01,66.65,5,88449,167648,67.12,55059,-1.41
2021-06-16 11:31:02,66.65,5,88449,167643,67.12,55064,-1.41
2021-06-16 11:31:29,66.65,5,88330,167760,67.12,55064,-1.41
2021-06-16 11:31:37,66.65,5,88330,167860,67.12,55064,-1.41
2021-06-16 11:31:51,66.65,5,88339,167776,67.12,55064,-1.41
2021-06-16 11:32:20,66.65,5,88444,167668,67.12,55064,-1.41
2021-06-16 11:32:25,66.55,20,88444,167668,67.12,55064,-1.55
2021-06-16 11:32:26,66.55,20,88339,167796,67.12,55084,-1.55
2021-06-16 11:33:01,66.55,20,88547,167688,67.12,55084,-1.55
2021-06-16 11:33:24,66.55,20,88549,167688,67.12,55084,-1.55
2021-06-16 11:33:54,66.65,21,88549,167688,67.12,55084,-1.41
2021-06-16 11:33:55,66.65,21,88549,167667,67.12,55105,-1.41
2021-06-16 11:34:16,66.65,220,88549,167667,67.12,55105,-1.41
2021-06-16 11:34:17,66.65,220,88865,167442,67.12,55325,-1.41
2021-06-16 11:35:06,66.55,3,88865,167442,67.12,55325,-1.55
2021-06-16 11:35:09,66.7,11,88750,167651,67.12,55793,-1.33
2021-06-16 11:35:20,66.7,11,88862,167641,67.12,55793,-1.33
2021-06-16 11:35:39,66.7,11,88962,167641,67.12,55793,-1.33
2021-06-16 11:35:58,66.7,11,88962,167721,67.12,55793,-1.33
2021-06-16 11:36:02,66.7,11,88862,167721,67.12,55793,-1.33
2021-06-16 11:36:25,66.7,11,88760,167731,67.12,55793,-1.33
2021-06-16 11:36:58,66.7,11,88756,167731,67.12,55793,-1.33
2021-06-16 11:37:08,66.7,11,88759,167631,67.12,55793,-1.33
2021-06-16 11:37:12,66.7,20,88759,167631,67.12,55793,-1.33
2021-06-16 11:37:12,66.7,20,88758,167611,67.12,55813,-1.33
2021-06-16 11:37:22,66.7,20,88958,167611,67.12,55813,-1.33
2021-06-16 11:37:28,66.7,20,88962,167618,67.12,55813,-1.33
2021-06-16 11:37:39,66.7,20,88847,167732,67.12,55813,-1.33
2021-06-16 11:37:45,66.5,5,88847,167732,67.12,55813,-1.63
2021-06-16 11:37:47,66.5,5,88672,168246,67.11,56233,-1.63
2021-06-16 11:38:59,66.7,95,88672,168246,67.11,56233,-1.33
2021-06-16 11:39:00,66.7,95,88961,167911,67.11,56705,-1.33
2021-06-16 11:39:57,66.7,95,88969,168011,67.11,56705,-1.33
2021-06-16 11:40:43,66.7,95,88849,168011,67.11,56705,-1.33
2021-06-16 11:40:46,66.7,95,88965,168011,67.11,56705,-1.33
2021-06-16 11:42:22,66.7,95,88849,168121,67.11,56705,-1.33
2021-06-16 11:42:42,66.7,95,88975,168043,67.11,56705,-1.33
2021-06-16 11:42:44,66.7,95,89091,168043,67.11,56705,-1.33
2021-06-16 11:43:01,66.7,95,89088,168043,67.11,56705,-1.33
2021-06-16 11:43:04,66.7,95,89029,167936,67.11,56705,-1.33
2021-06-16 11:43:42,66.7,95,89020,167936,67.11,56705,-1.33
2021-06-16 11:43:47,66.7,1,89020,167936,67.11,56705,-1.33
2021-06-16 11:43:49,66.7,1,89020,167935,67.11,56706,-1.33
2021-06-16 11:44:00,66.7,1,88906,168049,67.11,56706,-1.33
2021-06-16 11:44:03,66.7,1,88906,168043,67.11,56706,-1.33
2021-06-16 11:44:07,66.7,1,89022,167935,67.11,56706,-1.33
2021-06-16 11:44:09,66.7,1,88906,168033,67.11,56706,-1.33
2021-06-16 11:44:41,66.7,1,88870,168033,67.11,56706,-1.33
2021-06-16 11:44:47,66.7,1,88981,167935,67.11,56706,-1.33
2021-06-16 11:45:09,66.7,1,88861,168037,67.11,56706,-1.33
2021-06-16 11:45:45,66.7,1,88983,167924,67.11,56706,-1.33
2021-06-16 11:45:52,66.7,1,88873,167924,67.11,56706,-1.33
2021-06-16 11:45:55,66.7,1,88986,167924,67.11,56706,-1.33
2021-06-16 11:46:02,66.7,1,88873,168041,67.11,56706,-1.33
2021-06-16 11:46:04,66.7,1,88990,167924,67.11,56706,-1.33
2021-06-16 11:46:06,66.7,1,88861,168038,67.11,56706,-1.33
2021-06-16 11:46:19,66.7,1,88863,168038,67.11,56706,-1.33
2021-06-16 11:46:35,66.7,1,88865,168038,67.11,56706,-1.33
2021-06-16 11:46:44,66.7,10,88865,168038,67.11,56706,-1.33
2021-06-16 11:46:45,66.7,10,88996,167922,67.11,56716,-1.33
2021-06-16 11:47:06,66.7,10,88946,167913,67.11,56716,-1.33
2021-06-16 11:47:08,66.7,10,88865,168033,67.11,56716,-1.33
2021-06-16 11:47:12,66.7,10,88991,167913,67.11,56716,-1.33
2021-06-16 11:47:14,66.7,10,89133,168026,67.11,56716,-1.33
2021-06-16 11:47:57,66.7,10,89427,168026,67.11,56716,-1.33
2021-06-16 11:48:25,66.7,3,89427,168026,67.11,56716,-1.33
2021-06-16 11:48:26,66.7,3,89521,167573,67.11,56816,-1.33
2021-06-16 11:48:43,66.75,29,89682,167490,67.11,56846,-1.26
2021-06-16 11:49:30,66.75,29,90655,167602,67.11,56846,-1.26
2021-06-16 11:49:49,66.75,29,90655,167543,67.11,56846,-1.26
2021-06-16 11:49:58,66.75,29,90677,167643,67.11,56846,-1.26
2021-06-16 11:50:00,66.75,29,90677,167543,67.11,56846,-1.26
2021-06-16 11:50:19,66.85,1,90677,167551,67.11,56847,-1.11
2021-06-16 11:50:21,66.75,500,90064,167541,67.11,57347,-1.26
2021-06-16 11:50:24,66.75,500,90382,167537,67.11,57347,-1.26
2021-06-16 11:50:25,66.75,500,90376,167537,67.11,57347,-1.26
2021-06-16 11:50:30,66.75,500,90376,167437,67.11,57347,-1.26
2021-06-16 11:51:00,66.75,1,90376,167437,67.11,57347,-1.26
2021-06-16 11:51:01,66.75,1,89003,170123,67.1,58252,-1.26
2021-06-16 11:51:16,66.75,1,89003,170177,67.1,58252,-1.26
2021-06-16 11:51:27,66.75,1,89003,170676,67.1,58252,-1.26
2021-06-16 11:52:13,66.75,1,89003,171676,67.1,58252,-1.26
2021-06-16 11:52:35,66.75,1,89014,171676,67.1,58252,-1.26
2021-06-16 11:53:03,66.75,25,89014,171676,67.1,58252,-1.26
2021-06-16 11:53:04,66.75,25,89014,171651,67.1,58277,-1.26
2021-06-16 11:53:16,66.75,25,89014,171540,67.1,58277,-1.26
2021-06-16 11:53:18,66.75,25,89014,171648,67.1,58277,-1.26
2021-06-16 11:56:27,66.75,25,89453,171740,67.1,58277,-1.26
2021-06-16 11:56:30,66.75,25,89349,171857,67.1,58277,-1.26
2021-06-16 11:57:00,66.75,100,89349,171857,67.1,58277,-1.26
2021-06-16 11:57:02,66.75,100,89457,171650,67.1,58377,-1.26
2021-06-16 11:57:04,66.75,100,89349,171759,67.1,58377,-1.26
2021-06-16 11:57:05,66.75,1,89349,171759,67.1,58377,-1.26
2021-06-16 11:57:06,66.75,1,89349,171766,67.1,58378,-1.26
2021-06-16 11:57:31,66.75,1,89349,171752,67.1,58378,-1.26
2021-06-16 11:57:50,66.75,10,89318,171747,67.1,58388,-1.26
2021-06-16 11:57:52,66.75,10,89318,171745,67.1,58388,-1.26
2021-06-16 11:57:58,66.75,10,89433,171631,67.1,58388,-1.26
2021-06-16 11:57:59,66.75,5,89433,171631,67.1,58388,-1.26
2021-06-16 11:58:00,66.75,5,89438,171634,67.1,58393,-1.26
2021-06-16 11:58:08,66.75,5,89318,171741,67.1,58393,-1.26
2021-06-16 11:58:30,66.75,5,89464,171626,67.1,58393,-1.26
2021-06-16 11:58:39,66.75,5,89454,171626,67.1,58393,-1.26
2021-06-16 11:58:41,66.75,5,89345,171739,67.1,58393,-1.26
2021-06-16 11:58:48,66.75,5,89345,171735,67.1,58393,-1.26
2021-06-16 11:59:24,66.75,1,89345,171735,67.1,58393,-1.26
2021-06-16 11:59:25,66.75,1,89345,171743,67.1,58394,-1.26
2021-06-16 12:00:02,66.75,1,89345,171736,67.1,58394,-1.26
2021-06-16 12:01:17,66.75,100,89454,171532,67.1,58494,-1.26
2021-06-16 12:01:19,66.75,100,89345,171652,67.1,58494,-1.26
2021-06-16 12:01:44,66.75,100,89445,171636,67.1,58494,-1.26
2021-06-16 12:02:03,66.75,100,89443,171644,67.1,58494,-1.26
2021-06-16 12:02:18,66.75,100,89443,171636,67.1,58494,-1.26
2021-06-16 12:02:19,66.75,2,89443,171636,67.1,58494,-1.26
2021-06-16 12:02:19,66.75,2,89443,171634,67.1,58496,-1.26
2021-06-16 12:03:03,66.75,2,89443,171633,67.1,58496,-1.26
2021-06-16 12:03:46,66.75,2,89343,171633,67.1,58496,-1.26
2021-06-16 12:04:10,66.75,802,89343,171633,67.1,58496,-1.26
2021-06-16 12:04:12,66.75,802,89458,170728,67.09,59298,-1.26
2021-06-16 12:04:56,66.75,802,89343,170854,67.09,59298,-1.26
2021-06-16 12:05:27,66.75,802,89460,170742,67.09,59298,-1.26
2021-06-16 12:05:30,66.75,802,89343,170858,67.09,59298,-1.26
2021-06-16 12:05:32,66.75,802,89458,170742,67.09,59298,-1.26
2021-06-16 12:05:39,66.75,802,89455,170720,67.09,59298,-1.26
2021-06-16 12:05:45,66.75,802,89463,170720,67.09,59298,-1.26
2021-06-16 12:05:49,66.75,802,89343,170832,67.09,59298,-1.26
2021-06-16 12:05:52,66.75,802,89212,175854,67.09,59298,-1.26
2021-06-16 12:05:55,66.75,802,89212,175851,67.09,59298,-1.26
2021-06-16 12:05:58,66.75,802,89212,170851,67.09,59298,-1.26
2021-06-16 12:06:03,66.75,802,89212,170861,67.09,59298,-1.26
2021-06-16 12:06:24,66.75,802,89212,170852,67.09,59298,-1.26
2021-06-16 12:07:22,66.75,802,89200,170742,67.09,59298,-1.26
2021-06-16 12:07:27,66.75,802,89200,170861,67.09,59298,-1.26
2021-06-16 12:07:33,66.75,802,89450,170861,67.09,59298,-1.26
2021-06-16 12:07:36,66.75,802,89450,170853,67.09,59298,-1.26
2021-06-16 12:07:47,66.75,802,89452,170861,67.09,59298,-1.26
2021-06-16 12:07:51,66.75,802,89450,170852,67.09,59298,-1.26
2021-06-16 12:08:07,66.75,802,89452,170860,67.09,59298,-1.26
2021-06-16 12:08:34,66.75,802,89952,170860,67.09,59298,-1.26
2021-06-16 12:08:40,66.75,802,89952,170742,67.09,59298,-1.26
2021-06-16 12:08:42,66.75,802,89952,170862,67.09,59298,-1.26
2021-06-16 12:10:08,66.75,802,89952,170937,67.09,59298,-1.26
2021-06-16 12:10:24,66.75,802,89957,170937,67.09,59298,-1.26
2021-06-16 12:10:42,66.75,802,89967,170926,67.09,59298,-1.26
2021-06-16 12:10:50,66.75,802,89965,170817,67.09,59298,-1.26
2021-06-16 12:10:52,66.75,802,89967,170928,67.09,59298,-1.26
2021-06-16 12:11:29,66.75,802,89965,170927,67.09,59298,-1.26
2021-06-16 12:11:31,66.75,802,89967,170936,67.09,59298,-1.26
2021-06-16 12:11:38,66.75,53,89967,170936,67.09,59298,-1.26
2021-06-16 12:11:39,66.75,53,89965,170872,67.09,59351,-1.26
2021-06-16 12:11:42,66.75,53,90080,170764,67.09,59351,-1.26
2021-06-16 12:11:44,66.75,53,89965,170884,67.09,59351,-1.26
2021-06-16 12:11:49,66.75,53,90085,170764,67.09,59351,-1.26
2021-06-16 12:12:02,66.75,53,89963,170877,67.09,59351,-1.26
2021-06-16 12:12:41,66.75,53,90073,170764,67.09,59351,-1.26
2021-06-16 12:12:44,66.75,53,89963,170884,67.09,59351,-1.26
2021-06-16 12:12:47,66.75,53,90077,170764,67.09,59351,-1.26
2021-06-16 12:12:49,66.75,53,89963,170880,67.09,59351,-1.26
2021-06-16 12:12:58,66.75,10,90069,170754,67.09,59361,-1.26
2021-06-16 12:13:00,66.75,10,89953,170872,67.09,59361,-1.26
2021-06-16 12:13:10,66.75,10,89953,170873,67.09,59361,-1.26
2021-06-16 12:13:12,66.75,30,89953,170873,67.09,59361,-1.26
2021-06-16 12:13:16,66.75,30,89953,170844,67.09,59391,-1.26
2021-06-16 12:13:21,66.75,30,89953,170840,67.09,59391,-1.26
2021-06-16 12:13:52,66.75,30,89953,170832,67.09,59391,-1.26
2021-06-16 12:14:01,66.75,30,90411,170724,67.09,59391,-1.26
2021-06-16 12:14:04,66.75,30,90303,170843,67.09,59391,-1.26
2021-06-16 12:14:06,66.65,2,90303,170843,67.09,59391,-1.41
2021-06-16 12:14:06,66.65,2,90301,170843,67.09,59393,-1.41
2021-06-16 12:14:19,66.65,2,90301,170836,67.09,59393,-1.41
2021-06-16 12:14:22,66.65,2,90351,170836,67.09,59393,-1.41
2021-06-16 12:14:33,66.65,2,90401,170836,67.09,59393,-1.41
2021-06-16 12:14:52,66.65,2,90510,170724,67.09,59393,-1.41
2021-06-16 12:14:54,66.65,2,90401,170835,67.09,59393,-1.41
2021-06-16 12:15:41,66.65,2,90401,170843,67.09,59393,-1.41
2021-06-16 12:16:18,66.8,7,90401,170843,67.09,59393,-1.18
2021-06-16 12:16:19,66.8,7,90545,169271,67.08,61029,-1.18
2021-06-16 12:16:26,66.8,7,90545,169223,67.08,61029,-1.18
2021-06-16 12:17:32,66.85,1,90545,169223,67.08,61029,-1.11
2021-06-16 12:17:43,66.85,1,90545,168823,67.08,61529,-1.11
2021-06-16 12:18:48,66.85,1,90545,168723,67.08,61529,-1.11
2021-06-16 12:18:50,66.9,15,90545,168723,67.08,61529,-1.04
2021-06-16 12:18:52,66.9,15,90653,168807,67.08,61848,-1.04
2021-06-16 12:21:23,66.9,15,90653,168407,67.08,61848,-1.04
2021-06-16 12:22:34,66.9,15,90544,168699,67.08,61848,-1.04
2021-06-16 12:22:49,66.9,15,90552,168586,67.08,61848,-1.04
2021-06-16 12:22:50,66.9,15,90552,168705,67.08,61848,-1.04
2021-06-16 12:23:11,66.85,25,90946,168457,67.08,61873,-1.11
2021-06-16 12:23:39,66.85,25,90938,168482,67.08,61873,-1.11
2021-06-16 12:24:16,66.9,4,90938,168482,67.08,61873,-1.04
2021-06-16 12:24:17,66.9,4,90950,168478,67.08,61877,-1.04
2021-06-16 12:24:24,66.9,25,90950,168478,67.08,61877,-1.04
2021-06-16 12:24:25,66.9,25,91268,168571,67.08,62125,-1.04
2021-06-16 12:24:45,66.9,40,91268,168571,67.08,62125,-1.04
2021-06-16 12:24:46,66.9,40,91164,168494,67.08,62165,-1.04
2021-06-16 12:24:51,67.0,154,91484,167028,67.08,64006,-0.89
2021-06-16 12:24:53,67.0,154,91534,167062,67.08,64006,-0.89
2021-06-16 12:24:56,67.0,154,91188,167111,67.08,64006,-0.89
2021-06-16 12:25:07,67.0,154,91142,167111,67.08,64006,-0.89
2021-06-16 12:25:19,67.05,27,91118,167174,67.08,64133,-0.81
2021-06-16 12:25:19,67.0,1,91118,167174,67.08,64133,-0.89
2021-06-16 12:25:21,67.0,1,90984,168338,67.08,64684,-0.89
2021-06-16 12:25:31,67.0,1,91223,168338,67.08,64684,-0.89
2021-06-16 12:25:40,67.0,449,91223,168338,67.08,64684,-0.89
2021-06-16 12:25:40,67.0,449,91453,167880,67.08,65133,-0.89
2021-06-16 12:25:45,67.0,449,91337,167880,67.08,65133,-0.89
2021-06-16 12:26:03,67.0,449,91337,168530,67.08,65133,-0.89
2021-06-16 12:26:10,67.0,449,91233,168660,67.08,65133,-0.89
2021-06-16 12:26:19,67.0,449,91233,169160,67.08,65133,-0.89
2021-06-16 12:26:58,67.0,449,91223,169049,67.08,65133,-0.89
2021-06-16 12:27:00,67.0,449,91341,169049,67.08,65133,-0.89
2021-06-16 12:27:04,67.0,449,91334,169049,67.08,65133,-0.89
2021-06-16 12:27:06,67.0,449,91223,169164,67.08,65133,-0.89
2021-06-16 12:27:15,67.0,449,91333,169049,67.08,65133,-0.89
2021-06-16 12:27:17,67.0,449,91223,169169,67.08,65133,-0.89
2021-06-16 12:27:38,67.05,40,91223,169169,67.08,65133,-0.81
2021-06-16 12:27:39,67.05,40,92552,168611,67.08,65273,-0.81
2021-06-16 12:27:44,67.05,40,92560,168611,67.08,65273,-0.81
2021-06-16 12:27:58,67.1,131,92560,168611,67.08,65273,-0.74
2021-06-16 12:28:00,67.1,131,93537,168328,67.08,65404,-0.74
2021-06-16 12:28:25,67.1,131,93537,168299,67.08,65404,-0.74
2021-06-16 12:28:29,67.1,131,93537,168300,67.08,65404,-0.74
2021-06-16 12:28:31,67.2,78,93421,167773,67.08,65892,-0.59
2021-06-16 12:28:32,67.2,21,93421,167773,67.08,65892,-0.59
2021-06-16 12:28:37,67.2,21,93649,167666,67.08,66430,-0.59
2021-06-16 12:28:48,67.2,21,93527,167890,67.08,66430,-0.59
2021-06-16 12:28:51,67.2,21,93636,167890,67.08,66430,-0.59
2021-06-16 12:29:13,67.2,60,93636,167890,67.08,66430,-0.59
2021-06-16 12:29:13,67.2,60,93636,167842,67.08,66490,-0.59
2021-06-16 12:29:15,67.2,60,93706,167830,67.08,66490,-0.59
2021-06-16 12:29:31,67.2,60,93706,167730,67.08,66490,-0.59
2021-06-16 12:29:33,67.1,21,93706,167730,67.08,66490,-0.74
2021-06-16 12:29:34,67.1,21,93674,167679,67.08,66541,-0.74
2021-06-16 12:29:48,67.1,21,93665,167892,67.08,66541,-0.74
2021-06-16 12:30:01,67.1,21,93557,168002,67.08,66541,-0.74
2021-06-16 12:30:04,67.1,21,93557,167999,67.08,66541,-0.74
2021-06-16 12:30:13,67.2,2,93557,168011,67.08,66543,-0.59
2021-06-16 12:30:27,67.2,2,93673,167881,67.08,66543,-0.59
2021-06-16 12:30:49,67.2,2,93573,167881,67.08,66543,-0.59
2021-06-16 12:30:52,67.2,2,93677,167881,67.08,66543,-0.59
2021-06-16 12:31:31,67.2,2,94300,168117,67.08,66543,-0.59
2021-06-16 12:31:51,67.2,530,94293,168119,67.08,66543,-0.59
2021-06-16 12:31:53,67.2,530,94217,168234,67.08,67073,-0.59
2021-06-16 12:32:02,67.2,530,94329,168026,67.08,67073,-0.59
2021-06-16 12:32:04,67.2,530,94331,168026,67.08,67073,-0.59
2021-06-16 12:32:07,67.2,530,94333,168026,67.08,67073,-0.59
2021-06-16 12:32:13,67.2,1,94333,168026,67.08,67073,-0.59
2021-06-16 12:32:13,67.2,1,94188,167975,67.08,67492,-0.59
2021-06-16 12:32:36,67.2,81,94188,167975,67.08,67492,-0.59
2021-06-16 12:32:37,67.2,81,94188,167892,67.08,67573,-0.59
2021-06-16 12:33:03,67.15,140,94188,167892,67.08,67573,-0.67
2021-06-16 12:33:04,67.15,140,93936,168106,67.08,67860,-0.67
2021-06-16 12:33:12,67.15,140,93837,168106,67.08,67860,-0.67
2021-06-16 12:33:14,67.15,140,94152,168106,67.08,67860,-0.67
2021-06-16 12:33:26,67.15,140,94152,168109,67.08,67860,-0.67
2021-06-16 12:33:30,67.15,140,94037,168232,67.08,67860,-0.67
2021-06-16 12:33:32,67.15,140,94155,168232,67.08,67860,-0.67
2021-06-16 12:34:37,67.15,140,94055,168132,67.08,67860,-0.67
2021-06-16 12:35:37,67.05,65,93544,168132,67.08,68560,-0.81
2021-06-16 12:36:00,67.05,65,93439,168115,67.08,68560,-0.81
2021-06-16 12:36:01,67.05,65,93439,168220,67.08,68560,-0.81
2021-06-16 12:37:15,67.05,65,93255,168517,67.08,68560,-0.81
2021-06-16 12:37:16,67.05,65,93170,168688,67.08,68560,-0.81
2021-06-16 12:37:22,67.0,460,93170,168688,67.08,68560,-0.89
2021-06-16 12:37:24,67.0,460,92627,168658,67.08,69090,-0.89
2021-06-16 12:37:36,67.1,85,92627,168658,67.08,69090,-0.74
2021-06-16 12:37:36,67.1,85,92640,168541,67.08,69240,-0.74
2021-06-16 12:37:54,67.1,85,92627,168541,67.08,69240,-0.74
2021-06-16 12:38:13,67.1,85,92627,168365,67.08,69240,-0.74
2021-06-16 12:38:29,67.1,85,92627,168615,67.08,69240,-0.74
2021-06-16 12:38:40,67.1,85,92735,168364,67.08,69240,-0.74
2021-06-16 12:38:51,67.1,85,92527,168478,67.08,69240,-0.74
2021-06-16 12:38:57,67.0,500,92527,168478,67.08,69240,-0.89
2021-06-16 12:38:58,67.0,500,92021,168478,67.08,69740,-0.89
2021-06-16 12:39:28,67.0,500,92026,168478,67.08,69740,-0.89
2021-06-16 12:39:34,67.0,500,92026,168778,67.08,69740,-0.89
2021-06-16 12:39:39,67.0,500,92026,168128,67.08,69740,-0.89
2021-06-16 12:39:43,67.0,110,92026,168128,67.08,69740,-0.89
2021-06-16 12:39:46,67.0,110,91887,168128,67.08,69890,-0.89
2021-06-16 12:40:04,67.0,110,91978,168128,67.08,69890,-0.89
2021-06-16 12:40:12,66.95,10,91978,168128,67.08,69890,-0.96
2021-06-16 12:40:14,66.95,10,90322,168581,67.08,70890,-0.96
2021-06-16 12:40:21,66.95,10,90249,168597,67.08,70890,-0.96
2021-06-16 12:40:24,66.95,10,90040,168581,67.08,70890,-0.96
2021-06-16 12:40:27,66.95,10,90107,168581,67.08,70890,-0.96
2021-06-16 12:40:40,66.95,10,90057,168581,67.08,70890,-0.96
2021-06-16 12:40:45,66.95,10,89947,168473,67.08,70890,-0.96
2021-06-16 12:41:00,66.95,10,89938,168567,67.08,70890,-0.96
2021-06-16 12:41:10,66.95,10,89938,168510,67.08,70890,-0.96
2021-06-16 12:41:18,66.95,10,89938,168509,67.08,70890,-0.96
2021-06-16 12:41:24,66.95,10,89938,168514,67.08,70890,-0.96
2021-06-16 12:41:35,66.9,10,89938,168514,67.08,70890,-1.04
2021-06-16 12:41:36,66.9,10,89879,168427,67.08,70900,-1.04
2021-06-16 12:41:39,66.9,10,89922,168544,67.08,70900,-1.04
2021-06-16 12:42:06,66.9,10,89879,168296,67.08,70900,-1.04
2021-06-16 12:42:12,66.9,10,89440,168281,67.08,70900,-1.04
2021-06-16 12:43:01,66.9,10,89640,168281,67.08,70900,-1.04
2021-06-16 12:43:10,67.0,1,89640,168281,67.08,70900,-0.89
2021-06-16 12:43:10,67.0,1,89801,168296,67.08,70921,-0.89
2021-06-16 12:43:13,67.0,1,89914,168281,67.08,70921,-0.89
2021-06-16 12:43:29,67.0,1,89924,168281,67.08,70921,-0.89
2021-06-16 12:45:15,66.85,10,89924,168281,67.08,70921,-1.11
2021-06-16 12:45:17,66.85,10,90207,168722,67.08,71299,-1.11
2021-06-16 12:45:25,66.85,10,90411,169059,67.08,71299,-1.11
2021-06-16 12:45:28,66.85,10,90474,169226,67.08,71299,-1.11
2021-06-16 12:45:31,66.85,10,90574,169233,67.08,71299,-1.11
2021-06-16 12:45:45,66.85,10,89589,169186,67.08,71299,-1.11
2021-06-16 12:45:48,66.85,10,89589,169297,67.08,71299,-1.11
2021-06-16 12:46:18,66.85,10,90089,169297,67.08,71299,-1.11
2021-06-16 12:46:22,66.85,10,90089,169277,67.08,71299,-1.11
2021-06-16 12:47:26,66.85,10,90741,169174,67.08,71299,-1.11
2021-06-16 12:47:36,66.85,10,90620,168869,67.08,71299,-1.11
2021-06-16 12:47:38,66.85,10,89632,168869,67.08,71299,-1.11
2021-06-16 12:47:45,66.85,10,89632,168769,67.08,71299,-1.11
2021-06-16 12:47:47,66.85,10,89632,168668,67.08,71299,-1.11
2021-06-16 12:47:49,66.85,10,90740,168668,67.08,71299,-1.11
2021-06-16 12:48:32,66.85,10,90632,168648,67.08,71299,-1.11
2021-06-16 12:48:34,66.85,10,90632,168546,67.08,71299,-1.11
2021-06-16 12:48:37,66.85,10,90740,168546,67.08,71299,-1.11
2021-06-16 12:49:02,66.85,10,90735,168546,67.08,71299,-1.11
2021-06-16 12:49:28,66.85,10,90627,168649,67.08,71299,-1.11
2021-06-16 12:49:36,66.85,1,90627,168649,67.08,71299,-1.11
2021-06-16 12:49:37,66.85,1,90873,168545,67.08,71300,-1.11
2021-06-16 12:49:51,66.85,1,90883,168575,67.08,71300,-1.11
2021-06-16 12:53:13,66.85,1,90876,168575,67.08,71300,-1.11
2021-06-16 12:53:15,66.85,1,90876,168375,67.08,71300,-1.11
2021-06-16 12:53:20,66.85,1,91076,168375,67.08,71300,-1.11
2021-06-16 12:53:51,66.7,113,91076,168375,67.08,71300,-1.33
2021-06-16 12:53:53,66.7,113,91012,168375,67.08,71470,-1.33
2021-06-16 12:53:57,66.7,113,90904,168375,67.08,71470,-1.33
2021-06-16 12:54:34,66.7,113,91014,168386,67.08,71470,-1.33
2021-06-16 12:56:39,66.9,30,91321,168229,67.08,71520,-1.04
2021-06-16 12:56:41,66.9,30,91266,168345,67.08,71520,-1.04
2021-06-16 12:57:06,66.9,30,91066,168345,67.08,71520,-1.04
2021-06-16 12:57:09,66.9,30,90967,168237,67.08,71520,-1.04
2021-06-16 12:57:32,66.9,30,91338,168237,67.08,71520,-1.04
2021-06-16 12:57:36,66.75,118,91338,168237,67.08,71520,-1.26
2021-06-16 12:57:37,66.75,118,91056,172538,67.07,71643,-1.26
2021-06-16 12:57:52,66.75,118,91029,172547,67.07,71643,-1.26
2021-06-16 12:57:54,66.75,118,91153,172547,67.07,71643,-1.26
2021-06-16 12:58:12,66.7,35,91153,172547,67.07,71643,-1.33
2021-06-16 12:58:14,66.7,35,90799,172507,67.07,71778,-1.33
2021-06-16 12:58:33,66.7,35,90791,172586,67.07,71778,-1.33
2021-06-16 12:58:42,66.65,50,90741,172700,67.07,71828,-1.41
2021-06-16 12:58:43,66.65,50,90644,172700,67.07,71828,-1.41
2021-06-16 12:59:09,66.6,116,90644,172700,67.07,71828,-1.48
2021-06-16 12:59:09,66.6,116,89837,171923,67.07,72576,-1.48
2021-06-16 12:59:12,66.6,116,89829,172423,67.07,72576,-1.48
2021-06-16 12:59:19,66.6,116,89829,172540,67.07,72576,-1.48
2021-06-16 12:59:27,66.6,870,89829,172540,67.07,72576,-1.48
2021-06-16 12:59:29,66.6,870,90049,171659,67.06,73448,-1.48
2021-06-16 12:59:35,66.6,870,90049,171660,67.06,73448,-1.48
2021-06-16 12:59:36,66.6,870,90050,171660,67.06,73448,-1.48
2021-06-16 12:59:45,66.6,5,90050,171660,67.06,73448,-1.48
2021-06-16 12:59:46,66.6,5,90045,171665,67.06,73453,-1.48
2021-06-16 13:00:16,66.6,5,90040,171655,67.06,73453,-1.48
2021-06-16 13:00:40,66.6,5,89940,171655,67.06,73453,-1.48
2021-06-16 13:00:55,66.6,5,89940,171656,67.06,73453,-1.48
2021-06-16 13:01:10,66.6,5,89840,171656,67.06,73453,-1.48
2021-06-16 13:01:22,66.6,5,89840,171667,67.06,73453,-1.48
2021-06-16 13:01:57,66.5,22,89840,171667,67.06,73453,-1.63
2021-06-16 13:01:59,66.5,22,89800,171680,67.06,73493,-1.63
2021-06-16 13:02:04,66.5,22,89800,171667,67.06,73493,-1.63
2021-06-16 13:02:07,66.5,22,89802,171667,67.06,73493,-1.63
2021-06-16 13:02:33,66.5,22,89852,171549,67.06,73493,-1.63
2021-06-16 13:02:34,66.5,22,89852,171660,67.06,73493,-1.63
2021-06-16 13:02:39,66.5,22,89855,171660,67.06,73493,-1.63
2021-06-16 13:02:57,66.5,22,89973,171549,67.06,73493,-1.63
2021-06-16 13:02:59,66.5,22,89855,171663,67.06,73493,-1.63
2021-06-16 13:03:01,66.5,22,89968,171549,67.06,73493,-1.63
2021-06-16 13:03:03,66.5,22,89855,171662,67.06,73493,-1.63
2021-06-16 13:03:07,66.5,22,89855,171549,67.06,73493,-1.63
2021-06-16 13:03:09,66.5,22,89966,171649,67.06,73493,-1.63
2021-06-16 13:03:10,66.5,22,89855,171762,67.06,73493,-1.63
2021-06-16 13:03:12,66.5,22,89968,171649,67.06,73493,-1.63
2021-06-16 13:03:15,66.5,22,89855,171769,67.06,73493,-1.63
2021-06-16 13:03:16,66.5,22,89973,171649,67.06,73493,-1.63
2021-06-16 13:03:18,66.5,22,89865,171768,67.06,73493,-1.63
2021-06-16 13:03:31,66.5,22,90104,171430,67.06,73493,-1.63
2021-06-16 13:03:33,66.5,22,89985,171549,67.06,73493,-1.63
2021-06-16 13:03:35,66.5,22,90102,171430,67.06,73493,-1.63
2021-06-16 13:03:40,66.5,22,89985,171663,67.06,73493,-1.63
2021-06-16 13:03:54,66.5,22,89196,171663,67.06,73493,-1.63
2021-06-16 13:03:58,66.6,5,89196,171663,67.06,73493,-1.48
2021-06-16 13:03:59,66.6,5,89191,171658,67.06,73498,-1.48
2021-06-16 13:04:07,66.6,5,89303,171539,67.06,73498,-1.48
2021-06-16 13:04:14,66.6,5,89191,171654,67.06,73498,-1.48
2021-06-16 13:04:15,66.6,5,89191,171655,67.06,73498,-1.48
2021-06-16 13:04:36,66.6,5,89192,171655,67.06,73498,-1.48
2021-06-16 13:04:43,66.6,5,89993,171655,67.06,73498,-1.48
2021-06-16 13:04:50,66.6,5,90094,171601,67.06,73498,-1.48
2021-06-16 13:05:08,66.5,10,90094,171601,67.06,73498,-1.63
2021-06-16 13:05:09,66.5,10,89213,170853,67.06,74280,-1.63
2021-06-16 13:05:34,66.5,10,89209,190040,67.06,74280,-1.63
2021-06-16 13:06:09,66.5,10,89102,190037,67.06,74280,-1.63
2021-06-16 13:06:15,66.5,10,89726,189920,67.06,74280,-1.63
2021-06-16 13:06:40,66.5,10,89972,189930,67.06,74280,-1.63
2021-06-16 13:06:54,66.4,181,88722,188174,67.04,75870,-1.78
2021-06-16 13:07:28,66.4,181,88582,188174,67.04,75870,-1.78
2021-06-16 13:07:31,66.4,181,88582,188307,67.04,75870,-1.78
2021-06-16 13:08:16,66.4,181,88989,188304,67.04,75870,-1.78
2021-06-16 13:08:18,66.4,181,88989,188423,67.04,75870,-1.78
2021-06-16 13:08:34,66.4,181,89106,188304,67.04,75870,-1.78
2021-06-16 13:08:54,66.4,181,89006,188304,67.04,75870,-1.78
2021-06-16 13:08:59,66.4,181,89023,188246,67.04,75870,-1.78
2021-06-16 13:09:22,66.4,181,89023,193315,67.04,75870,-1.78
2021-06-16 13:09:54,66.4,181,89043,193417,67.04,75870,-1.78
2021-06-16 13:10:00,66.4,181,89043,195439,67.04,75870,-1.78
2021-06-16 13:10:42,66.4,181,89044,195337,67.04,75870,-1.78
2021-06-16 13:10:46,66.4,181,89055,195439,67.04,75870,-1.78
2021-06-16 13:10:52,66.6,1,89055,195439,67.04,75870,-1.48
2021-06-16 13:10:53,66.6,1,89011,195648,67.04,75871,-1.48
2021-06-16 13:11:08,66.6,1,89252,195532,67.04,75871,-1.48
2021-06-16 13:11:30,66.6,1,89270,195532,67.04,75871,-1.48
2021-06-16 13:11:42,66.6,1,89370,195532,67.04,75871,-1.48
2021-06-16 13:13:10,66.6,1,89370,196543,67.04,75871,-1.48
2021-06-16 13:14:18,66.6,1,89580,196543,67.04,75871,-1.48
2021-06-16 13:14:26,66.5,6,89574,196543,67.04,75877,-1.63
2021-06-16 13:15:08,66.5,150,89574,196543,67.04,75877,-1.63
2021-06-16 13:15:09,66.5,150,89289,196647,67.04,76027,-1.63
2021-06-16 13:15:27,66.65,4,89289,196647,67.04,76027,-1.41
2021-06-16 13:15:28,66.65,4,89410,196516,67.04,76050,-1.41
2021-06-16 13:15:40,66.65,4,89583,196516,67.04,76050,-1.41
2021-06-16 13:16:10,66.65,4,89672,196526,67.04,76050,-1.41
2021-06-16 13:16:52,66.65,4,89698,196536,67.04,76050,-1.41
2021-06-16 13:18:12,66.65,4,88698,196526,67.04,76050,-1.41
2021-06-16 13:18:36,66.65,1,88692,196625,67.04,76051,-1.41
2021-06-16 13:18:50,66.65,25,88679,196591,67.04,76076,-1.41
2021-06-16 13:19:00,66.65,25,88684,196600,67.04,76076,-1.41
2021-06-16 13:19:07,66.65,25,88570,196703,67.04,76076,-1.41
2021-06-16 13:19:10,66.65,25,88570,196600,67.04,76076,-1.41
2021-06-16 13:19:12,66.65,25,88683,196600,67.04,76076,-1.41
2021-06-16 13:19:39,66.65,25,88678,196600,67.04,76076,-1.41
2021-06-16 13:19:42,66.65,25,88570,196704,67.04,76076,-1.41
2021-06-16 13:19:44,66.65,25,88370,196704,67.04,76076,-1.41
2021-06-16 13:19:52,66.65,25,88485,196600,67.04,76076,-1.41
2021-06-16 13:20:12,66.65,25,88370,196706,67.04,76076,-1.41
2021-06-16 13:20:16,66.65,25,88370,196598,67.04,76076,-1.41
2021-06-16 13:20:20,66.65,25,88484,196598,67.04,76076,-1.41
2021-06-16 13:20:34,66.65,7,88484,196591,67.04,76083,-1.41
2021-06-16 13:22:15,66.65,7,88285,196583,67.04,76083,-1.41
2021-06-16 13:22:50,66.65,7,88170,196698,67.04,76083,-1.41
2021-06-16 13:22:52,66.65,7,88290,196591,67.04,76083,-1.41
2021-06-16 13:22:59,66.65,26,88290,196591,67.04,76083,-1.41
2021-06-16 13:23:00,66.65,26,88313,196537,67.04,76137,-1.41
2021-06-16 13:23:01,66.65,26,88203,196440,67.04,76137,-1.41
2021-06-16 13:23:03,66.65,26,88203,196315,67.04,76137,-1.41
2021-06-16 13:23:05,66.65,26,88312,196323,67.04,76137,-1.41
2021-06-16 13:24:26,66.7,131,88312,196323,67.04,76137,-1.33
2021-06-16 13:24:28,66.7,131,88259,196146,67.04,76268,-1.33
2021-06-16 13:24:43,66.7,131,88252,196153,67.04,76268,-1.33
2021-06-16 13:24:46,66.75,10,88252,196153,67.04,76268,-1.26
2021-06-16 13:24:48,66.75,10,88380,196082,67.04,76278,-1.26
2021-06-16 13:24:49,66.65,7,88380,196082,67.04,76278,-1.41
2021-06-16 13:24:51,66.65,7,88373,196091,67.04,76285,-1.41
2021-06-16 13:25:03,66.45,6,88373,196091,67.04,76285,-1.7
2021-06-16 13:25:06,66.45,6,87617,188611,67.03,77752,-1.7
2021-06-16 13:25:22,66.7,4,87617,188611,67.03,77752,-1.33
2021-06-16 13:25:22,66.7,4,87833,188412,67.03,77757,-1.33
2021-06-16 13:25:24,66.7,4,87833,188526,67.03,77757,-1.33
2021-06-16 13:25:36,66.7,4,88190,188418,67.03,77757,-1.33
2021-06-16 13:25:40,66.7,4,88206,188418,67.03,77757,-1.33
2021-06-16 13:25:45,66.7,4,88190,188438,67.03,77757,-1.33
2021-06-16 13:25:53,66.7,4,88077,188548,67.03,77757,-1.33
2021-06-16 13:25:55,66.7,4,88195,188438,67.03,77757,-1.33
2021-06-16 13:25:58,66.7,4,88077,188554,67.03,77757,-1.33
2021-06-16 13:26:01,66.6,200,88077,188554,67.03,77757,-1.48
2021-06-16 13:26:02,66.6,200,87388,189262,67.03,77959,-1.48
2021-06-16 13:26:56,66.6,200,87470,189262,67.03,77959,-1.48
2021-06-16 13:27:03,66.6,200,87285,189724,67.03,78159,-1.48
2021-06-16 13:27:05,66.6,200,87285,189619,67.03,78159,-1.48
2021-06-16 13:27:38,66.6,200,87335,189619,67.03,78159,-1.48
2021-06-16 13:27:52,66.6,200,87465,189370,67.03,78159,-1.48
2021-06-16 13:28:21,66.5,33,87392,189615,67.03,78257,-1.63
2021-06-16 13:28:49,66.6,10,87392,189605,67.03,78267,-1.48
2021-06-16 13:28:51,66.6,10,87504,189376,67.03,78267,-1.48
2021-06-16 13:28:53,66.6,10,87392,189382,67.03,78267,-1.48
2021-06-16 13:28:55,66.6,10,87392,189376,67.03,78267,-1.48
2021-06-16 13:28:57,66.6,10,87392,189486,67.03,78267,-1.48
2021-06-16 13:29:16,66.6,10,87392,189492,67.03,78267,-1.48
2021-06-16 13:29:34,66.6,10,87392,189488,67.03,78267,-1.48
2021-06-16 13:29:36,66.6,10,87508,189376,67.03,78267,-1.48
2021-06-16 13:29:38,66.6,10,87392,189496,67.03,78267,-1.48
2021-06-16 13:29:48,66.6,10,87392,189396,67.03,78267,-1.48
2021-06-16 13:30:41,66.6,10,87519,189276,67.03,78267,-1.48
2021-06-16 13:30:45,66.6,10,87402,189387,67.03,78267,-1.48
2021-06-16 13:31:00,66.6,10,87514,189276,67.03,78267,-1.48
2021-06-16 13:31:13,66.6,10,87564,189276,67.03,78267,-1.48
2021-06-16 13:31:15,66.6,10,87564,189279,67.03,78267,-1.48
2021-06-16 13:31:19,66.6,10,87560,189389,67.03,78267,-1.48
2021-06-16 13:31:21,66.6,10,87560,189500,67.03,78267,-1.48
2021-06-16 13:31:22,66.45,90,87560,189500,67.03,78267,-1.7
2021-06-16 13:31:24,66.45,90,87573,189289,67.03,78367,-1.7
2021-06-16 13:31:48,66.6,19,87573,189289,67.03,78367,-1.48
2021-06-16 13:31:49,66.6,19,88118,188565,67.03,78479,-1.48
2021-06-16 13:31:51,66.6,19,88230,188565,67.03,78479,-1.48
2021-06-16 13:32:51,66.6,19,88016,188555,67.03,78479,-1.48
2021-06-16 13:32:52,66.7,11,88124,188555,67.03,78479,-1.33
2021-06-16 13:32:54,66.7,11,88213,188514,67.03,78509,-1.33
2021-06-16 13:33:21,66.7,11,88113,188514,67.03,78509,-1.33
2021-06-16 13:33:25,66.7,11,88444,188703,67.03,78509,-1.33
2021-06-16 13:33:31,66.7,50,88444,188703,67.03,78509,-1.33
2021-06-16 13:33:32,66.7,50,88447,188794,67.03,78559,-1.33
2021-06-16 13:33:35,66.7,50,88640,188900,67.03,78559,-1.33
2021-06-16 13:33:54,66.7,50,88640,187910,67.03,78559,-1.33
2021-06-16 13:34:04,66.7,50,88627,187809,67.03,78559,-1.33
2021-06-16 13:34:07,66.7,50,88745,187809,67.03,78559,-1.33
2021-06-16 13:34:12,66.7,50,88627,187800,67.03,78559,-1.33
2021-06-16 13:34:15,66.7,50,88612,187910,67.03,78559,-1.33
2021-06-16 13:34:21,66.7,50,88612,187809,67.03,78559,-1.33
2021-06-16 13:34:24,66.7,50,88800,187800,67.03,78559,-1.33
2021-06-16 13:34:30,66.7,50,88684,187800,67.03,78559,-1.33
2021-06-16 13:34:33,66.7,50,88669,187919,67.03,78559,-1.33
2021-06-16 13:34:53,66.7,50,88569,187919,67.03,78559,-1.33
2021-06-16 13:35:05,66.8,66,88735,187547,67.03,78809,-1.18
2021-06-16 13:35:14,66.8,66,88827,187667,67.03,78809,-1.18
2021-06-16 13:35:42,66.85,1,88827,187667,67.03,78809,-1.11
2021-06-16 13:35:43,66.85,1,88763,187554,67.03,78810,-1.11
2021-06-16 13:35:43,66.7,110,88763,187554,67.03,78810,-1.33
2021-06-16 13:35:44,66.7,110,88399,187692,67.02,79310,-1.33
2021-06-16 13:35:49,66.7,110,88403,187804,67.02,79310,-1.33
2021-06-16 13:36:34,66.85,41,88403,187804,67.02,79310,-1.11
2021-06-16 13:36:36,66.85,41,88419,187683,67.02,79371,-1.11
2021-06-16 13:36:39,66.85,41,88419,187803,67.02,79371,-1.11
2021-06-16 13:36:42,66.85,41,88419,187794,67.02,79371,-1.11
2021-06-16 13:36:42,66.9,10,88419,187794,67.02,79371,-1.04
2021-06-16 13:36:46,66.9,10,88434,187871,67.02,79400,-1.04
2021-06-16 13:36:48,66.9,10,88419,187889,67.02,79400,-1.04
2021-06-16 13:36:50,66.9,10,88415,187871,67.02,79400,-1.04
2021-06-16 13:36:52,66.9,10,88415,187881,67.02,79400,-1.04
2021-06-16 13:36:54,66.9,10,88419,187871,67.02,79400,-1.04
2021-06-16 13:36:56,66.9,10,88419,187738,67.02,79400,-1.04
2021-06-16 13:36:57,66.9,10,88546,187847,67.02,79400,-1.04
2021-06-16 13:37:01,66.9,10,88546,188058,67.02,79400,-1.04
2021-06-16 13:37:03,66.9,10,88661,187946,67.02,79400,-1.04
2021-06-16 13:37:06,66.9,10,88546,188065,67.02,79400,-1.04
2021-06-16 13:37:09,66.9,10,88546,188059,67.02,79400,-1.04
2021-06-16 13:37:21,66.9,10,88655,187946,67.02,79400,-1.04
2021-06-16 13:37:22,66.9,10,88546,188063,67.02,79400,-1.04
2021-06-16 13:37:58,66.9,10,89046,188056,67.02,79400,-1.04
2021-06-16 13:38:27,66.9,10,89046,187956,67.02,79400,-1.04
2021-06-16 13:38:31,66.9,10,89046,187856,67.02,79400,-1.04
2021-06-16 13:38:35,66.9,10,89159,187746,67.02,79400,-1.04
2021-06-16 13:38:37,66.9,10,89046,187857,67.02,79400,-1.04
2021-06-16 13:39:04,66.9,10,89050,187861,67.02,79400,-1.04
2021-06-16 13:39:08,66.9,10,89163,187746,67.02,79400,-1.04
2021-06-16 13:39:10,66.9,10,89046,187860,67.02,79400,-1.04
2021-06-16 13:39:12,66.9,10,89050,187746,67.02,79400,-1.04
2021-06-16 13:39:14,66.9,10,89046,187863,67.02,79400,-1.04
2021-06-16 13:39:25,66.9,10,88950,187864,67.02,79400,-1.04
2021-06-16 13:39:40,66.7,3,88950,187864,67.02,79400,-1.33
2021-06-16 13:39:42,66.7,3,89134,187850,67.02,79405,-1.33
2021-06-16 13:39:45,66.7,3,89130,187961,67.02,79405,-1.33
2021-06-16 13:40:00,66.7,3,89145,187850,67.02,79405,-1.33
2021-06-16 13:40:02,66.7,3,89130,187968,67.02,79405,-1.33
2021-06-16 13:40:52,66.7,3,89149,187850,67.02,79405,-1.33
2021-06-16 13:40:54,66.7,3,89144,187969,67.02,79405,-1.33
2021-06-16 13:41:04,66.7,3,89274,187850,67.02,79405,-1.33
2021-06-16 13:41:06,66.7,3,88690,187850,67.02,79405,-1.33
2021-06-16 13:41:07,66.7,3,88685,187967,67.02,79405,-1.33
2021-06-16 13:41:09,66.7,3,88685,187969,67.02,79405,-1.33
2021-06-16 13:41:11,66.7,3,88685,187968,67.02,79405,-1.33
2021-06-16 13:41:34,66.75,1,88684,187968,67.02,79406,-1.26
2021-06-16 13:41:37,66.75,1,88803,187850,67.02,79406,-1.26
2021-06-16 13:41:41,66.75,1,88670,187963,67.02,79406,-1.26
2021-06-16 13:41:53,66.75,1,88804,187850,67.02,79406,-1.26
2021-06-16 13:41:57,66.75,1,88798,187850,67.02,79406,-1.26
2021-06-16 13:42:02,66.75,1,88684,187850,67.02,79406,-1.26
2021-06-16 13:42:04,66.75,1,88801,187850,67.02,79406,-1.26
2021-06-16 13:42:06,66.75,1,88670,187967,67.02,79406,-1.26
2021-06-16 13:42:39,66.75,1,88785,188074,67.02,79406,-1.26
2021-06-16 13:43:04,66.75,1,88785,187965,67.02,79406,-1.26
2021-06-16 13:43:06,66.75,1,88913,187965,67.02,79406,-1.26
2021-06-16 13:43:16,66.75,1,89317,187943,67.02,79406,-1.26
2021-06-16 13:43:19,66.75,1,89327,187923,67.02,79406,-1.26
2021-06-16 13:43:42,66.8,6,89327,187923,67.02,79406,-1.18
2021-06-16 13:43:42,66.8,6,89321,187923,67.02,79412,-1.18
2021-06-16 13:43:43,66.85,20,89321,187923,67.02,79412,-1.11
2021-06-16 13:43:43,66.85,20,89321,187903,67.02,79432,-1.11
2021-06-16 13:44:16,66.85,20,89321,187803,67.02,79432,-1.11
2021-06-16 13:44:19,66.85,20,89318,187803,67.02,79432,-1.11
2021-06-16 13:45:01,66.85,20,89306,187703,67.02,79432,-1.11
2021-06-16 13:45:22,66.85,20,89418,187703,67.02,79432,-1.11
2021-06-16 13:45:25,66.85,20,89418,192200,67.02,79432,-1.11
2021-06-16 13:45:33,66.85,20,89412,190078,67.02,79432,-1.11
2021-06-16 13:46:12,66.85,20,89414,190078,67.02,79432,-1.11
2021-06-16 13:46:15,66.85,20,89408,190078,67.02,79432,-1.11
2021-06-16 13:46:26,66.85,20,89408,190203,67.02,79432,-1.11
2021-06-16 13:46:33,66.85,20,89408,190094,67.02,79432,-1.11
2021-06-16 13:47:21,67.0,2,89408,190094,67.02,79432,-0.89
2021-06-16 13:47:22,67.0,2,93116,189148,67.02,81135,-0.89
2021-06-16 13:47:29,67.1,4,93116,189148,67.02,81135,-0.74
2021-06-16 13:47:30,67.1,4,93237,189114,67.02,81450,-0.74
2021-06-16 13:47:36,67.25,2,93237,189114,67.02,81450,-0.52
2021-06-16 13:47:38,67.25,2,92721,189113,67.02,81984,-0.52
2021-06-16 13:47:41,67.25,224,92721,189113,67.02,81984,-0.52
2021-06-16 13:47:42,67.25,224,92788,188708,67.02,82224,-0.52
2021-06-16 13:47:44,67.25,224,92845,188702,67.02,82224,-0.52
2021-06-16 13:47:46,67.25,224,92907,188702,67.02,82224,-0.52
2021-06-16 13:47:47,67.5,23,92907,188702,67.02,82224,-0.15
2021-06-16 13:47:49,67.5,23,92645,188618,67.03,83224,-0.15
2021-06-16 13:47:59,67.5,23,92645,188826,67.03,83224,-0.15
2021-06-16 13:48:21,67.5,23,92645,188709,67.03,83224,-0.15
2021-06-16 13:48:23,67.5,23,92645,188828,67.03,83224,-0.15
2021-06-16 13:48:25,67.2,9,89342,189970,67.04,86546,-0.59
2021-06-16 13:48:27,67.2,9,89449,190008,67.04,86546,-0.59
2021-06-16 13:48:29,67.1,131,89449,190008,67.04,86546,-0.74
2021-06-16 13:48:30,67.1,131,89237,191134,67.04,86677,-0.74
2021-06-16 13:49:05,66.95,10,89237,191134,67.04,86677,-0.96
2021-06-16 13:49:07,66.95,10,88937,191846,67.04,87071,-0.96
2021-06-16 13:49:09,66.95,10,88937,191969,67.04,87071,-0.96
2021-06-16 13:49:57,66.95,10,88891,191969,67.04,87071,-0.96
2021-06-16 13:50:01,66.95,10,88891,192095,67.04,87071,-0.96
2021-06-16 13:50:11,66.95,10,89070,192217,67.04,87071,-0.96
2021-06-16 13:50:12,66.95,10,89070,192333,67.04,87071,-0.96
2021-06-16 13:50:17,66.8,133,89070,192333,67.04,87071,-1.18
2021-06-16 13:50:18,66.8,133,88557,192145,67.03,87700,-1.18
2021-06-16 13:50:27,66.8,133,88575,188101,67.03,87700,-1.18
2021-06-16 13:50:36,66.8,133,88402,187475,67.03,87700,-1.18
2021-06-16 13:50:38,66.8,133,88676,186839,67.03,87700,-1.18
2021-06-16 13:50:45,66.8,133,89068,186726,67.03,87700,-1.18
2021-06-16 13:50:47,66.8,133,89176,186609,67.03,87700,-1.18
2021-06-16 13:50:49,66.8,133,89174,186609,67.03,87700,-1.18
2021-06-16 13:50:54,66.8,133,89068,186628,67.03,87700,-1.18
2021-06-16 13:50:56,66.8,133,89182,186628,67.03,87700,-1.18
2021-06-16 13:50:58,66.8,133,89207,187378,67.03,87700,-1.18
2021-06-16 13:51:09,66.8,133,89207,187278,67.03,87700,-1.18
2021-06-16 13:51:14,66.8,133,89107,187278,67.03,87700,-1.18
2021-06-16 13:52:15,66.8,133,89107,187178,67.03,87700,-1.18
2021-06-16 13:52:25,66.8,133,89107,186893,67.03,87700,-1.18
2021-06-16 13:52:31,66.8,200,89107,186893,67.03,87700,-1.18
2021-06-16 13:52:31,66.8,200,89070,186870,67.03,87900,-1.18
2021-06-16 13:52:37,66.8,200,88970,186870,67.03,87900,-1.18
2021-06-16 13:52:39,66.8,200,88955,187155,67.03,87900,-1.18
2021-06-16 13:52:55,66.8,200,88845,187280,67.03,87900,-1.18
2021-06-16 13:53:05,66.8,200,88960,187280,67.03,87900,-1.18
2021-06-16 13:54:01,66.8,200,88960,187180,67.03,87900,-1.18
2021-06-16 13:54:28,66.75,10,88494,188184,67.03,88214,-1.26
2021-06-16 13:54:30,66.75,10,88426,188184,67.03,88214,-1.26
2021-06-16 13:54:32,66.75,10,88426,188164,67.03,88214,-1.26
2021-06-16 13:54:52,66.75,10,88312,188364,67.03,88214,-1.26
2021-06-16 13:54:55,66.75,10,88212,188264,67.03,88214,-1.26
2021-06-16 13:55:13,66.75,1,88212,188264,67.03,88214,-1.26
2021-06-16 13:55:15,66.75,1,88212,188263,67.03,88215,-1.26
2021-06-16 13:55:25,66.8,8,88212,188263,67.03,88215,-1.18
2021-06-16 13:55:26,66.8,8,88332,187643,67.03,89174,-1.18
2021-06-16 13:55:42,66.8,8,88301,187784,67.03,89174,-1.18
2021-06-16 13:55:44,66.8,8,88223,187671,67.03,89174,-1.18
2021-06-16 13:55:52,66.8,8,88375,187654,67.03,89174,-1.18
2021-06-16 13:55:57,66.8,8,88375,187529,67.03,89174,-1.18
2021-06-16 13:56:03,66.8,8,88501,187529,67.03,89174,-1.18
2021-06-16 13:56:05,66.8,8,88385,187529,67.03,89174,-1.18
2021-06-16 13:56:07,66.8,8,88498,187529,67.03,89174,-1.18
2021-06-16 13:56:11,66.8,8,88905,187444,67.03,89174,-1.18
2021-06-16 13:56:30,66.8,8,88905,187330,67.03,89174,-1.18
2021-06-16 13:56:40,66.9,9,88905,187330,67.03,89174,-1.04
2021-06-16 13:56:40,66.9,9,89009,187176,67.03,89324,-1.04
2021-06-16 13:56:42,66.9,9,89317,187112,67.03,89324,-1.04
2021-06-16 13:56:47,66.8,4,89317,187112,67.03,89324,-1.18
2021-06-16 13:56:48,66.8,4,89177,187245,67.03,89332,-1.18
2021-06-16 13:56:49,66.8,4,88961,187376,67.03,89332,-1.18
2021-06-16 13:56:54,66.8,4,88961,187370,67.03,89332,-1.18
2021-06-16 13:57:13,66.8,4,88961,187374,67.03,89332,-1.18
2021-06-16 13:57:15,66.8,4,88961,187259,67.03,89332,-1.18
2021-06-16 13:57:32,66.8,4,88970,187259,67.03,89332,-1.18
2021-06-16 13:57:39,66.8,4,88977,187259,67.03,89332,-1.18
2021-06-16 13:57:46,66.8,4,88861,187259,67.03,89332,-1.18
2021-06-16 13:57:51,66.8,4,88861,187245,67.03,89332,-1.18
2021-06-16 13:57:54,66.8,4,88972,187259,67.03,89332,-1.18
2021-06-16 13:57:57,66.9,30,88972,187259,67.03,89332,-1.04
2021-06-16 13:57:59,66.9,30,88861,187215,67.03,89362,-1.04
2021-06-16 13:58:02,66.9,30,88975,187229,67.03,89362,-1.04
2021-06-16 13:58:05,66.9,30,88975,187093,67.03,89362,-1.04
2021-06-16 13:58:11,66.9,30,89187,187187,67.03,89362,-1.04
2021-06-16 13:58:49,66.9,30,89087,187187,67.03,89362,-1.04
2021-06-16 13:58:51,66.9,30,89087,187190,67.03,89362,-1.04
2021-06-16 13:59:43,66.9,30,88987,187090,67.03,89362,-1.04
2021-06-16 13:59:51,66.9,30,88990,187090,67.03,89362,-1.04
2021-06-16 13:59:57,66.9,30,88983,187090,67.03,89362,-1.04
2021-06-16 14:00:05,66.9,30,88874,187090,67.03,89362,-1.04
2021-06-16 14:00:13,66.9,30,88882,186990,67.03,89362,-1.04
2021-06-16 14:00:17,66.9,30,88886,186990,67.03,89362,-1.04
2021-06-16 14:00:19,66.9,30,89066,186990,67.03,89362,-1.04
2021-06-16 14:00:28,66.9,30,89066,187015,67.03,89362,-1.04
2021-06-16 14:00:40,66.9,30,89070,187015,67.03,89362,-1.04
2021-06-16 14:00:49,66.9,30,89067,187015,67.03,89362,-1.04
2021-06-16 14:01:05,66.9,30,88954,187015,67.03,89362,-1.04
2021-06-16 14:01:40,66.9,30,89148,187461,67.03,89362,-1.04
2021-06-16 14:01:43,66.9,30,89148,187567,67.03,89362,-1.04
2021-06-16 14:01:52,66.9,30,89148,187447,67.03,89362,-1.04
2021-06-16 14:01:58,66.9,30,89148,187555,67.03,89362,-1.04
2021-06-16 14:02:26,66.9,30,89148,187680,67.03,89362,-1.04
2021-06-16 14:04:27,66.9,30,89148,187665,67.03,89362,-1.04
2021-06-16 14:04:39,66.9,30,89148,187675,67.03,89362,-1.04
2021-06-16 14:04:47,66.9,30,89303,187675,67.03,89362,-1.04
2021-06-16 14:05:00,66.9,30,89417,188179,67.03,89362,-1.04
2021-06-16 14:05:54,66.9,30,89572,188062,67.03,89362,-1.04
2021-06-16 14:06:49,66.9,30,89572,188162,67.03,89362,-1.04
2021-06-16 14:06:51,66.9,30,89572,188278,67.03,89362,-1.04
2021-06-16 14:06:53,66.9,30,89572,187674,67.03,89362,-1.04
2021-06-16 14:06:58,66.9,30,89572,187781,67.03,89362,-1.04
2021-06-16 14:07:10,66.9,30,89582,187661,67.03,89362,-1.04
2021-06-16 14:07:12,66.9,8,89582,187661,67.03,89362,-1.04
2021-06-16 14:07:13,66.9,8,89567,187651,67.03,89372,-1.04
2021-06-16 14:07:18,66.9,11,89567,187651,67.03,89372,-1.04
2021-06-16 14:07:19,66.9,11,89667,187451,67.03,89585,-1.04
2021-06-16 14:07:30,66.9,11,90572,187295,67.03,89585,-1.04
2021-06-16 14:07:32,67.0,56,90572,187295,67.03,89585,-0.89
2021-06-16 14:07:33,67.0,56,90695,186831,67.03,90126,-0.89
2021-06-16 14:07:39,67.0,56,90795,186869,67.03,90126,-0.89
2021-06-16 14:07:43,67.0,56,90995,186869,67.03,90126,-0.89
2021-06-16 14:07:48,67.0,56,91095,186869,67.03,90126,-0.89
2021-06-16 14:08:08,67.0,56,91195,186869,67.03,90126,-0.89
2021-06-16 14:08:25,67.0,56,91195,185390,67.03,90126,-0.89
2021-06-16 14:08:53,67.0,56,91095,185355,67.03,90126,-0.89
2021-06-16 14:09:00,67.0,56,91095,185255,67.03,90126,-0.89
2021-06-16 14:09:03,67.0,56,90995,185255,67.03,90126,-0.89
2021-06-16 14:09:20,67.0,56,90995,187255,67.03,90126,-0.89
2021-06-16 14:09:30,67.0,56,90995,187055,67.03,90126,-0.89
2021-06-16 14:09:33,67.0,56,90895,187055,67.03,90126,-0.89
2021-06-16 14:10:15,67.0,6,90895,187063,67.03,90132,-0.89
2021-06-16 14:10:22,66.85,56,90895,187063,67.03,90132,-1.11
2021-06-16 14:10:23,66.85,56,90823,187139,67.03,90334,-1.11
2021-06-16 14:10:33,66.85,56,90848,187139,67.03,90334,-1.11
2021-06-16 14:10:35,66.85,56,91027,187776,67.03,90334,-1.11
2021-06-16 14:10:55,66.85,56,90915,187658,67.03,90334,-1.11
2021-06-16 14:11:06,66.85,56,90815,187767,67.03,90334,-1.11
2021-06-16 14:11:24,66.85,56,90815,187774,67.03,90334,-1.11
2021-06-16 14:11:27,66.85,56,90815,187658,67.03,90334,-1.11
2021-06-16 14:11:28,66.85,56,90815,187908,67.03,90334,-1.11
2021-06-16 14:11:53,66.85,56,90815,187808,67.03,90334,-1.11
2021-06-16 14:12:34,66.85,56,91000,187458,67.03,90334,-1.11
2021-06-16 14:13:39,66.85,25,91000,187458,67.03,90334,-1.11
2021-06-16 14:13:40,66.85,25,90975,187468,67.03,90359,-1.11
2021-06-16 14:14:03,66.85,25,90975,187475,67.03,90359,-1.11
2021-06-16 14:14:10,66.85,25,90928,187488,67.03,90359,-1.11
2021-06-16 14:15:40,66.85,25,90928,187558,67.03,90359,-1.11
2021-06-16 14:16:35,66.95,10,90928,187558,67.03,90359,-0.96
2021-06-16 14:16:36,66.95,10,90937,187538,67.03,90379,-0.96
2021-06-16 14:16:41,66.95,10,90925,187634,67.03,90379,-0.96
2021-06-16 14:16:43,66.95,10,90925,187536,67.03,90379,-0.96
2021-06-16 14:17:00,66.95,10,90925,187657,67.03,90379,-0.96
2021-06-16 14:17:03,66.95,10,90933,187678,67.03,90379,-0.96
2021-06-16 14:17:06,66.95,10,91059,187575,67.03,90379,-0.96
2021-06-16 14:17:26,66.95,10,91059,187446,67.03,90379,-0.96
2021-06-16 14:17:58,66.95,10,90409,187435,67.03,90379,-0.96
2021-06-16 14:18:00,66.95,10,90459,187435,67.03,90379,-0.96
2021-06-16 14:18:02,66.95,10,90458,187435,67.03,90379,-0.96
2021-06-16 14:18:08,66.95,10,90561,187446,67.03,90379,-0.96
2021-06-16 14:18:22,66.85,10,90551,187446,67.03,90389,-1.11
2021-06-16 14:18:40,66.85,10,90546,187446,67.03,90389,-1.11
2021-06-16 14:19:30,66.95,12,90874,187211,67.03,90472,-0.96
2021-06-16 14:20:00,67.0,2,90874,187211,67.03,90472,-0.89
2021-06-16 14:20:02,67.0,2,91123,186855,67.03,91270,-0.89
2021-06-16 14:20:19,67.0,2,91416,186857,67.03,91270,-0.89
2021-06-16 14:20:31,67.0,2,91525,186842,67.03,91270,-0.89
2021-06-16 14:20:39,67.0,2,91631,186842,67.03,91270,-0.89
2021-06-16 14:20:47,67.0,98,91631,186842,67.03,91270,-0.89
2021-06-16 14:20:48,67.0,98,91574,186956,67.03,91370,-0.89
2021-06-16 14:20:54,67.0,98,91563,183711,67.03,91370,-0.89
2021-06-16 14:21:01,67.0,98,91652,183711,67.03,91370,-0.89
2021-06-16 14:21:17,67.0,98,91654,183699,67.03,91370,-0.89
2021-06-16 14:21:31,67.0,98,91656,183711,67.03,91370,-0.89
2021-06-16 14:21:38,67.0,61,91656,183711,67.03,91370,-0.89
2021-06-16 14:21:39,67.0,61,91580,183808,67.03,91620,-0.89
2021-06-16 14:21:48,67.0,61,91570,183708,67.03,91620,-0.89
2021-06-16 14:21:49,67.0,61,91570,183840,67.03,91620,-0.89
2021-06-16 14:21:51,67.0,61,91581,183859,67.03,91620,-0.89
2021-06-16 14:22:18,67.0,61,91470,183622,67.03,91620,-0.89
2021-06-16 14:22:54,67.0,61,91508,183622,67.03,91620,-0.89
2021-06-16 14:23:00,67.25,22,91508,183622,67.03,91620,-0.52
2021-06-16 14:23:01,67.25,22,91657,183390,67.03,92963,-0.52
2021-06-16 14:23:34,67.25,22,91737,183527,67.03,92963,-0.52
2021-06-16 14:24:02,67.25,22,91735,180194,67.03,92963,-0.52
2021-06-16 14:24:33,67.25,22,91746,180157,67.03,92963,-0.52
2021-06-16 14:25:01,67.25,22,91646,180045,67.03,92963,-0.52
2021-06-16 14:25:07,67.25,22,91646,179957,67.03,92963,-0.52
2021-06-16 14:25:18,67.25,22,91646,179967,67.03,92963,-0.52
2021-06-16 14:25:39,67.25,22,92641,179957,67.03,92963,-0.52
2021-06-16 14:27:04,67.25,22,92641,178846,67.03,92963,-0.52
2021-06-16 14:28:51,67.25,22,92641,178856,67.03,92963,-0.52
2021-06-16 14:29:07,67.25,22,92646,178856,67.03,92963,-0.52
2021-06-16 14:30:06,67.25,22,92546,178856,67.03,92963,-0.52
2021-06-16 14:30:40,67.25,22,92648,178958,67.03,92963,-0.52
2021-06-16 14:30:42,67.25,22,91658,179075,67.03,92963,-0.52
2021-06-16 14:30:51,67.2,62,91658,179075,67.03,92963,-0.59
2021-06-16 14:30:51,67.2,62,91749,179137,67.03,93038,-0.59
2021-06-16 14:30:54,67.2,62,91749,179100,67.03,93038,-0.59
2021-06-16 14:31:23,67.05,2,91749,179100,67.03,93038,-0.81
2021-06-16 14:31:24,67.05,2,92546,179274,67.03,93040,-0.81
2021-06-16 14:31:42,67.05,2,92649,179155,67.03,93040,-0.81
2021-06-16 14:31:54,67.05,2,92649,179143,67.03,93040,-0.81
2021-06-16 14:32:05,67.1,141,92509,179386,67.03,93181,-0.74
2021-06-16 14:32:09,67.1,141,92509,179257,67.03,93181,-0.74
2021-06-16 14:32:16,67.1,141,92498,179377,67.03,93181,-0.74
2021-06-16 14:32:19,67.1,141,92498,179266,67.03,93181,-0.74
2021-06-16 14:32:22,67.2,1,92498,179484,67.03,93181,-0.59
2021-06-16 14:32:24,67.2,1,92623,179356,67.03,93182,-0.59
2021-06-16 14:32:30,67.2,49,92623,179356,67.03,93182,-0.59
2021-06-16 14:32:31,67.2,49,92623,179342,67.03,93232,-0.59
2021-06-16 14:32:37,67.2,49,92623,179241,67.03,93232,-0.59
2021-06-16 14:32:39,67.1,255,92623,179241,67.03,93232,-0.74
2021-06-16 14:32:40,67.1,255,92626,179245,67.03,93632,-0.74
2021-06-16 14:32:52,67.1,255,92639,179245,67.03,93632,-0.74
2021-06-16 14:32:55,67.1,255,92599,179231,67.03,93632,-0.74
2021-06-16 14:33:00,67.1,255,92599,178120,67.03,93632,-0.74
2021-06-16 14:33:04,67.1,255,92598,178021,67.03,93632,-0.74
2021-06-16 14:34:31,67.1,255,92598,177922,67.03,93632,-0.74
2021-06-16 14:34:39,67.1,255,92585,177821,67.03,93632,-0.74
2021-06-16 14:36:00,67.1,48,92549,177821,67.03,93680,-0.74
2021-06-16 14:36:18,67.1,48,92549,178059,67.03,93680,-0.74
2021-06-16 14:36:24,67.1,30,92359,178196,67.03,93832,-0.74
2021-06-16 14:36:40,67.2,1,92359,178196,67.03,93832,-0.59
2021-06-16 14:36:40,67.2,1,92240,178195,67.03,93837,-0.59
2021-06-16 14:36:42,67.2,1,92208,178195,67.03,93837,-0.59
2021-06-16 14:36:53,67.25,20,92208,178195,67.03,93837,-0.52
2021-06-16 14:36:55,67.25,20,92421,177895,67.03,94137,-0.52
2021-06-16 14:37:31,67.1,316,92350,178120,67.03,94635,-0.74
2021-06-16 14:37:48,67.2,46,92350,178120,67.03,94635,-0.59
2021-06-16 14:37:50,67.2,46,92238,178018,67.03,94685,-0.59
2021-06-16 14:37:52,67.2,46,92200,177993,67.03,94685,-0.59
2021-06-16 14:37:59,67.25,35,92199,177958,67.03,94720,-0.52
2021-06-16 14:38:06,67.25,35,92199,176847,67.03,94720,-0.52
2021-06-16 14:38:20,67.25,35,92211,176966,67.03,94720,-0.52
2021-06-16 14:38:27,67.25,35,92211,176858,67.03,94720,-0.52
2021-06-16 14:38:31,67.25,35,92211,177015,67.03,94720,-0.52
2021-06-16 14:38:38,67.25,35,92211,177013,67.03,94720,-0.52
2021-06-16 14:38:41,67.25,253,92211,177013,67.03,94720,-0.52
2021-06-16 14:38:42,67.25,253,92422,176869,67.03,95220,-0.52
2021-06-16 14:39:06,67.25,253,92422,176684,67.03,95220,-0.52
2021-06-16 14:39:34,67.25,253,92322,176661,67.03,95220,-0.52
2021-06-16 14:40:33,67.3,59,92322,176661,67.03,95220,-0.44
2021-06-16 14:40:36,67.3,59,92322,176591,67.03,95290,-0.44
2021-06-16 14:41:48,67.3,59,92322,176596,67.03,95290,-0.44
2021-06-16 14:42:01,67.1,27,92322,176596,67.03,95290,-0.74
2021-06-16 14:42:02,67.1,27,92295,176502,67.03,95317,-0.74
2021-06-16 14:42:04,67.1,27,93295,176502,67.03,95317,-0.74
2021-06-16 14:42:07,67.1,27,94295,176491,67.03,95317,-0.74
2021-06-16 14:42:13,67.1,27,94295,176591,67.03,95317,-0.74
2021-06-16 14:42:26,67.1,27,94319,176591,67.03,95317,-0.74
2021-06-16 14:42:33,67.1,27,94324,176591,67.03,95317,-0.74
2021-06-16 14:42:39,67.05,111,94324,176591,67.03,95317,-0.81
2021-06-16 14:42:40,67.05,111,93640,176131,67.03,95973,-0.81
2021-06-16 14:42:42,67.05,111,93493,176381,67.03,95973,-0.81
2021-06-16 14:42:51,67.15,71,93393,176381,67.03,95973,-0.67
2021-06-16 14:42:54,67.15,71,93395,176306,67.03,96048,-0.67
2021-06-16 14:43:01,67.15,71,93455,176306,67.03,96048,-0.67
2021-06-16 14:43:40,67.15,71,93737,176599,67.03,96048,-0.67
2021-06-16 14:44:28,67.15,71,93727,176508,67.03,96048,-0.67
2021-06-16 14:44:34,67.15,71,93836,176506,67.03,96048,-0.67
2021-06-16 14:44:39,67.15,71,93836,176535,67.03,96048,-0.67
2021-06-16 14:44:59,67.0,32,93836,176535,67.03,96048,-0.89
2021-06-16 14:45:00,67.0,32,93829,176738,67.03,96348,-0.89
2021-06-16 14:45:51,67.0,32,93426,176645,67.03,96348,-0.89
2021-06-16 14:45:58,67.0,32,93333,176765,67.03,96348,-0.89
2021-06-16 14:46:21,67.0,32,93333,176645,67.03,96348,-0.89
2021-06-16 14:46:46,67.0,32,93343,176645,67.03,96348,-0.89
2021-06-16 14:46:51,67.0,32,93343,176545,67.03,96348,-0.89
2021-06-16 14:47:07,67.0,32,93452,176545,67.03,96348,-0.89
2021-06-16 14:47:10,67.0,32,93333,176545,67.03,96348,-0.89
2021-06-16 14:47:12,67.0,32,93450,176545,67.03,96348,-0.89
2021-06-16 14:47:20,67.0,32,93450,176445,67.03,96348,-0.89
2021-06-16 14:47:27,67.0,32,93333,176445,67.03,96348,-0.89
2021-06-16 14:47:30,67.0,32,93445,176453,67.03,96348,-0.89
2021-06-16 14:47:48,67.0,32,93533,176453,67.03,96348,-0.89
2021-06-16 14:47:50,67.0,32,93643,176353,67.03,96348,-0.89
2021-06-16 14:48:10,67.0,32,93652,176353,67.03,96348,-0.89
2021-06-16 14:48:14,67.0,32,93533,176353,67.03,96348,-0.89
2021-06-16 14:48:17,67.0,32,93650,176342,67.03,96348,-0.89
2021-06-16 14:48:20,67.0,32,94087,176551,67.03,96348,-0.89
2021-06-16 14:48:23,67.0,32,94152,176551,67.03,96348,-0.89
2021-06-16 14:48:35,67.0,32,94352,176551,67.03,96348,-0.89
2021-06-16 14:48:50,67.0,32,94244,176542,67.03,96348,-0.89
2021-06-16 14:48:54,67.0,32,94363,176542,67.03,96348,-0.89
2021-06-16 14:49:34,67.0,32,94363,175430,67.03,96348,-0.89
2021-06-16 14:49:51,67.0,32,93949,175430,67.03,96348,-0.89
2021-06-16 14:50:02,67.0,32,94038,175430,67.03,96348,-0.89
2021-06-16 14:50:04,67.0,32,94036,176527,67.03,96348,-0.89
2021-06-16 14:50:31,67.0,32,94026,176527,67.03,96348,-0.89
2021-06-16 14:50:37,67.0,32,94026,176419,67.03,96348,-0.89
2021-06-16 14:51:24,67.0,32,94026,176534,67.03,96348,-0.89
2021-06-16 14:51:53,67.0,32,94026,176528,67.03,96348,-0.89
2021-06-16 14:52:06,67.15,1,94026,176528,67.03,96348,-0.67
2021-06-16 14:52:06,67.15,1,94026,176527,67.03,96349,-0.67
2021-06-16 14:52:11,67.15,1,93907,176418,67.03,96349,-0.67
2021-06-16 14:52:13,67.15,1,93907,176527,67.03,96349,-0.67
2021-06-16 14:52:28,67.15,1,94017,176417,67.03,96349,-0.67
2021-06-16 14:52:35,67.15,1,94017,176303,67.03,96349,-0.67
2021-06-16 14:52:37,67.15,1,94267,176303,67.03,96349,-0.67
2021-06-16 14:53:00,67.15,1,94267,176223,67.03,96349,-0.67
2021-06-16 14:53:06,67.15,1,94267,176423,67.03,96349,-0.67
2021-06-16 14:53:27,67.15,6,94267,176423,67.03,96349,-0.67
2021-06-16 14:53:29,67.15,6,94256,176410,67.03,96362,-0.67
2021-06-16 14:53:34,67.15,6,94256,176398,67.03,96362,-0.67
2021-06-16 14:53:45,67.15,6,94256,176448,67.03,96362,-0.67
2021-06-16 14:53:54,67.2,198,94256,176448,67.03,96362,-0.59
2021-06-16 14:53:54,67.2,198,94511,175031,67.04,97862,-0.59
2021-06-16 14:54:07,67.2,198,93803,175238,67.04,97862,-0.59
2021-06-16 14:54:09,67.2,300,93803,175238,67.04,97862,-0.59
2021-06-16 14:54:10,67.2,300,94069,175003,67.04,98162,-0.59
2021-06-16 14:54:22,67.2,300,93966,176013,67.04,98162,-0.59
2021-06-16 14:54:31,67.2,300,93966,175005,67.04,98162,-0.59
2021-06-16 14:54:33,67.2,300,93966,174505,67.04,98162,-0.59
2021-06-16 14:54:59,67.2,300,93848,174505,67.04,98162,-0.59
2021-06-16 14:55:24,67.2,300,93991,174505,67.04,98162,-0.59
2021-06-16 14:55:37,67.2,300,93876,174505,67.04,98162,-0.59
2021-06-16 14:55:49,67.3,164,93876,174505,67.04,98162,-0.44
2021-06-16 14:55:52,67.3,164,93738,174099,67.04,98457,-0.44
2021-06-16 14:55:55,67.3,164,93846,174089,67.04,98457,-0.44
2021-06-16 14:55:59,67.1,80,93846,174089,67.04,98457,-0.74
2021-06-16 14:56:00,67.1,80,93766,173886,67.04,98537,-0.74
2021-06-16 14:56:15,67.3,150,93766,173886,67.04,98537,-0.44
2021-06-16 14:56:16,67.3,150,94092,173839,67.04,98687,-0.44
2021-06-16 14:56:22,67.3,150,94084,173943,67.04,98687,-0.44
2021-06-16 14:56:31,67.3,150,93861,173943,67.04,98687,-0.44
2021-06-16 14:56:34,67.3,150,94075,173888,67.04,98687,-0.44
2021-06-16 14:56:40,67.3,150,94086,174001,67.04,98687,-0.44
2021-06-16 14:56:55,67.3,150,94086,173888,67.04,98687,-0.44
2021-06-16 14:56:57,67.3,150,94093,173888,67.04,98687,-0.44
2021-06-16 14:57:15,67.3,150,94093,172775,67.04,98687,-0.44
2021-06-16 14:57:18,67.3,150,94242,172775,67.04,98687,-0.44
2021-06-16 14:58:04,67.15,10,93585,172803,67.04,98737,-0.67
2021-06-16 14:58:07,67.15,10,93591,172917,67.04,98737,-0.67
2021-06-16 14:58:08,66.85,202,93591,172917,67.04,98737,-1.11
2021-06-16 14:58:09,66.85,202,91452,174538,67.04,101604,-1.11
2021-06-16 14:58:21,66.95,163,91452,174538,67.04,101604,-0.96
2021-06-16 14:58:24,66.95,163,95011,174576,67.03,101786,-0.96
2021-06-16 14:58:30,66.95,163,95011,174676,67.03,101786,-0.96
2021-06-16 14:58:42,66.95,163,95511,174676,67.03,101786,-0.96
2021-06-16 14:58:46,67.0,140,95511,174676,67.03,101786,-0.89
2021-06-16 14:58:47,67.0,140,93234,175159,67.03,104744,-0.89
2021-06-16 14:58:50,67.0,140,93134,175099,67.03,104744,-0.89
2021-06-16 14:58:55,67.0,140,93228,175093,67.03,104744,-0.89
2021-06-16 14:58:57,67.0,140,93228,175150,67.03,104744,-0.89
2021-06-16 14:59:00,67.0,140,93339,175150,67.03,104744,-0.89
2021-06-16 14:59:13,67.0,140,93108,175564,67.03,104744,-0.89
2021-06-16 14:59:21,67.0,140,93108,175455,67.03,104744,-0.89
2021-06-16 14:59:24,67.0,140,93108,175466,67.03,104744,-0.89
2021-06-16 14:59:27,67.0,140,93108,175584,67.03,104744,-0.89
2021-06-16 14:59:29,67.0,140,93008,175584,67.03,104744,-0.89
2021-06-16 14:59:38,66.85,15,93008,175584,67.03,104744,-1.11
2021-06-16 14:59:39,66.85,15,93000,175584,67.03,104759,-1.11
2021-06-16 14:59:46,66.85,8,93000,175584,67.03,104759,-1.11
2021-06-16 14:59:47,66.85,8,92651,175577,67.03,104994,-1.11
2021-06-16 15:00:04,66.8,4,91603,180688,67.03,107044,-1.18
2021-06-16 15:00:17,66.8,2,91603,180688,67.03,107044,-1.18
2021-06-16 15:00:18,66.8,2,91350,180595,67.03,107252,-1.18
2021-06-16 15:00:28,66.8,42,91357,180826,67.03,107294,-1.18
2021-06-16 15:00:43,66.8,42,91390,180826,67.03,107294,-1.18
2021-06-16 15:00:59,66.8,42,91401,180501,67.03,107294,-1.18
2021-06-16 15:01:15,66.75,2,90817,180401,67.03,107296,-1.26
2021-06-16 15:01:18,66.75,2,90817,180201,67.03,107296,-1.26
2021-06-16 15:02:15,66.85,65,91119,180140,67.03,107361,-1.11
2021-06-16 15:02:17,66.75,50,91119,180140,67.03,107361,-1.26
2021-06-16 15:02:18,66.75,50,91349,180387,67.03,107461,-1.26
2021-06-16 15:02:39,66.75,50,90381,178984,67.03,107461,-1.26
2021-06-16 15:02:48,66.7,22,90381,178984,67.03,107461,-1.33
2021-06-16 15:02:49,66.7,22,90297,178872,67.03,107761,-1.33
2021-06-16 15:02:53,66.7,22,90276,178986,67.03,107761,-1.33
2021-06-16 15:03:00,66.7,22,90276,169090,67.03,107761,-1.33
2021-06-16 15:03:06,66.7,22,90276,169080,67.03,107761,-1.33
2021-06-16 15:03:12,66.7,1,90285,169090,67.03,107762,-1.33
2021-06-16 15:03:16,66.7,1,90276,169090,67.03,107762,-1.33
2021-06-16 15:03:19,66.7,1,90276,169080,67.03,107762,-1.33
2021-06-16 15:03:34,66.7,1,90276,168680,67.03,107762,-1.33
2021-06-16 15:03:41,66.7,1,90176,168680,67.03,107762,-1.33
2021-06-16 15:03:47,66.7,1,90191,168460,67.03,107762,-1.33
2021-06-16 15:03:50,66.7,1,90191,168568,67.03,107762,-1.33
2021-06-16 15:03:53,66.75,100,90207,168590,67.03,107862,-1.26
2021-06-16 15:03:56,66.75,100,90252,168590,67.03,107862,-1.26
2021-06-16 15:03:59,66.75,100,90252,168580,67.03,107862,-1.26
2021-06-16 15:04:02,66.75,100,90280,168580,67.03,107862,-1.26
2021-06-16 15:04:06,66.75,100,89703,168422,67.03,107862,-1.26
2021-06-16 15:04:09,66.75,100,89462,167619,67.03,107862,-1.26
2021-06-16 15:04:13,66.75,100,89239,167381,67.03,107862,-1.26
2021-06-16 15:04:16,66.75,100,89239,167148,67.03,107862,-1.26
2021-06-16 15:04:20,66.75,100,88261,166438,67.03,107862,-1.26
2021-06-16 15:04:23,66.75,100,88153,165767,67.03,107862,-1.26
2021-06-16 15:04:27,66.75,100,88027,165642,67.03,107862,-1.26
2021-06-16 15:04:30,66.75,100,88027,165531,67.03,107862,-1.26
2021-06-16 15:04:33,66.75,100,88027,165419,67.03,107862,-1.26
2021-06-16 15:04:37,66.75,100,88027,165536,67.03,107862,-1.26
2021-06-16 15:04:57,66.75,100,88032,165528,67.03,107862,-1.26
2021-06-16 15:05:00,66.75,100,88146,165419,67.03,107862,-1.26
2021-06-16 15:05:04,66.75,100,88015,165288,67.03,107862,-1.26
2021-06-16 15:05:08,66.75,100,87884,165288,67.03,107862,-1.26
2021-06-16 15:05:09,66.8,175,87884,165288,67.03,107862,-1.18
2021-06-16 15:05:11,66.8,175,88071,165264,67.03,108062,-1.18
2021-06-16 15:05:15,66.8,175,88071,165204,67.03,108062,-1.18
2021-06-16 15:05:25,66.8,175,88071,165323,67.03,108062,-1.18
2021-06-16 15:05:36,66.8,5,88071,165323,67.03,108062,-1.18
2021-06-16 15:05:39,66.8,5,88066,165323,67.03,108067,-1.18
2021-06-16 15:05:43,66.8,5,87566,165323,67.03,108067,-1.18
2021-06-16 15:05:59,66.8,58,87566,165323,67.03,108067,-1.18
2021-06-16 15:06:00,66.8,58,87508,165323,67.03,108125,-1.18
2021-06-16 15:06:13,66.85,1000,87507,164323,67.02,109125,-1.11
2021-06-16 15:06:26,66.85,1,87507,164323,67.02,109125,-1.11
2021-06-16 15:06:28,66.85,1,87507,164322,67.02,109126,-1.11
2021-06-16 15:06:40,66.8,237,87507,164322,67.02,109126,-1.18
2021-06-16 15:06:43,66.8,237,87268,164598,67.02,109363,-1.18
2021-06-16 15:06:52,66.75,11,87208,164356,67.02,109637,-1.26
2021-06-16 15:06:55,66.75,11,87306,164380,67.02,109637,-1.26
2021-06-16 15:07:12,66.8,15,87306,164380,67.02,109637,-1.18
2021-06-16 15:07:13,66.8,15,87306,164365,67.02,109652,-1.18
2021-06-16 15:07:51,66.8,15,87317,164365,67.02,109652,-1.18
2021-06-16 15:08:18,66.8,15,87327,164447,67.02,109652,-1.18
2021-06-16 15:08:25,66.8,52,87327,164447,67.02,109652,-1.18
2021-06-16 15:08:27,66.8,52,87206,164209,67.02,109902,-1.18
2021-06-16 15:08:37,66.8,52,87241,164327,67.02,109902,-1.18
2021-06-16 15:08:42,66.8,52,87234,164327,67.02,109902,-1.18
2021-06-16 15:08:49,66.8,52,87206,163127,67.02,109902,-1.18
2021-06-16 15:08:51,66.8,1,87206,163127,67.02,109902,-1.18
2021-06-16 15:08:52,66.8,1,87206,163130,67.02,109903,-1.18
2021-06-16 15:08:58,66.8,1,87199,163623,67.02,109903,-1.18
2021-06-16 15:09:02,66.8,1,87209,163623,67.02,109903,-1.18
2021-06-16 15:09:11,66.75,7,87209,163623,67.02,109903,-1.26
2021-06-16 15:09:12,66.75,7,87240,163512,67.02,109910,-1.26
2021-06-16 15:09:15,66.75,7,87203,163626,67.02,109910,-1.26
2021-06-16 15:09:47,66.75,7,87198,163626,67.02,109910,-1.26
2021-06-16 15:10:04,66.75,7,87200,163618,67.02,109910,-1.26
2021-06-16 15:10:10,66.75,7,87198,163617,67.02,109910,-1.26
2021-06-16 15:10:13,66.75,7,87198,163622,67.02,109910,-1.26
2021-06-16 15:10:34,66.7,40,87198,163622,67.02,109910,-1.33
2021-06-16 15:10:37,66.7,40,86958,164210,67.02,110339,-1.33
2021-06-16 15:10:50,66.7,40,87155,164203,67.02,110339,-1.33
2021-06-16 15:10:51,66.85,218,87155,164203,67.02,110339,-1.11
2021-06-16 15:10:54,66.85,218,87517,162987,67.02,112256,-1.11
2021-06-16 15:10:55,66.6,130,87517,162987,67.02,112256,-1.48
2021-06-16 15:10:57,66.6,130,87031,162512,67.01,112756,-1.48
2021-06-16 15:11:07,66.6,130,87031,162413,67.01,112756,-1.48
2021-06-16 15:11:13,66.6,130,87031,162247,67.01,112756,-1.48
2021-06-16 15:11:20,66.6,130,87051,162237,67.01,112756,-1.48
2021-06-16 15:11:37,66.6,130,87551,162237,67.01,112756,-1.48
2021-06-16 15:12:07,66.6,130,87551,157740,67.01,112756,-1.48
2021-06-16 15:12:26,66.6,130,87751,157740,67.01,112756,-1.48
2021-06-16 15:13:01,66.6,130,87754,157944,67.01,112756,-1.48
2021-06-16 15:13:22,66.6,130,87754,158061,67.01,112756,-1.48
2021-06-16 15:13:25,66.6,130,87754,157949,67.01,112756,-1.48
2021-06-16 15:13:28,66.6,130,87755,158000,67.01,112756,-1.48
2021-06-16 15:13:31,66.6,130,87755,157948,67.01,112756,-1.48
2021-06-16 15:13:34,66.6,130,87758,158007,67.01,112756,-1.48
2021-06-16 15:13:42,66.7,5,87758,158007,67.01,112756,-1.33
2021-06-16 15:13:45,66.7,5,87755,157951,67.01,112766,-1.33
2021-06-16 15:13:53,66.7,2,87755,157951,67.01,112766,-1.33
2021-06-16 15:13:55,66.7,2,87755,157945,67.01,112770,-1.33
2021-06-16 15:14:03,66.7,1,87755,157945,67.01,112770,-1.33
2021-06-16 15:14:05,66.7,1,87756,158060,67.01,112771,-1.33
2021-06-16 15:14:15,66.7,1,87753,158070,67.01,112771,-1.33
2021-06-16 15:14:28,66.7,1,87753,158970,67.01,112771,-1.33
2021-06-16 15:14:38,66.7,1,87755,159013,67.01,112772,-1.33
2021-06-16 15:14:42,66.7,1,87806,159018,67.01,112772,-1.33
2021-06-16 15:14:58,66.7,1,87806,158888,67.01,112772,-1.33
2021-06-16 15:15:08,66.7,1,87776,159068,67.01,112772,-1.33
2021-06-16 15:15:31,66.55,167,87776,159068,67.01,112772,-1.55
2021-06-16 15:15:33,66.55,167,87572,159062,67.01,112972,-1.55
2021-06-16 15:15:43,66.55,167,87372,159059,67.01,112972,-1.55
2021-06-16 15:15:49,66.55,167,87477,159059,67.01,112972,-1.55
2021-06-16 15:16:09,66.7,7,87477,159059,67.01,112972,-1.33
2021-06-16 15:16:10,66.7,124,87486,158772,67.01,113972,-1.33
2021-06-16 15:16:12,66.55,63,87486,158772,67.01,113972,-1.55
2021-06-16 15:16:13,66.55,63,88059,158772,67.01,114072,-1.55
2021-06-16 15:16:42,66.7,100,88059,158772,67.01,114072,-1.33
2021-06-16 15:16:43,66.7,100,88056,158673,67.01,114172,-1.33
2021-06-16 15:16:46,66.7,100,88256,158787,67.01,114172,-1.33
2021-06-16 15:16:49,66.7,100,88259,158673,67.01,114172,-1.33
2021-06-16 15:16:53,66.7,100,88259,158785,67.01,114172,-1.33
2021-06-16 15:16:57,66.7,100,88259,158784,67.01,114172,-1.33
2021-06-16 15:17:03,66.7,100,88359,158784,67.01,114172,-1.33
2021-06-16 15:17:05,66.55,122,88359,158784,67.01,114172,-1.55
2021-06-16 15:17:07,66.55,122,88223,158806,67.01,114719,-1.55
2021-06-16 15:17:10,66.55,122,88448,158213,67.01,114719,-1.55
2021-06-16 15:17:15,66.5,25,88448,158213,67.01,114719,-1.63
2021-06-16 15:17:17,66.5,25,87749,158177,67.0,115415,-1.63
2021-06-16 15:17:20,66.5,31,87749,158177,67.0,115415,-1.63
2021-06-16 15:17:21,66.5,31,86933,158177,67.0,116111,-1.63
2021-06-16 15:17:25,66.5,194,86933,158177,67.0,116111,-1.63
2021-06-16 15:17:27,66.5,194,86702,158248,67.0,116305,-1.63
2021-06-16 15:17:30,66.45,61,86702,158248,67.0,116305,-1.7
2021-06-16 15:17:33,66.45,61,86641,158244,67.0,116366,-1.7
2021-06-16 15:17:37,66.6,105,86641,158244,67.0,116366,-1.48
2021-06-16 15:17:39,66.6,105,86663,158075,67.0,116479,-1.48
2021-06-16 15:17:46,66.6,50,86663,158075,67.0,116479,-1.48
2021-06-16 15:17:46,66.6,50,86663,158028,67.0,116529,-1.48
2021-06-16 15:17:48,66.55,74,86663,158028,67.0,116529,-1.55
2021-06-16 15:17:49,66.55,74,86333,157653,66.99,117800,-1.55
2021-06-16 15:17:52,66.55,74,86336,157658,66.99,117800,-1.55
2021-06-16 15:17:56,66.55,74,86433,157658,66.99,117800,-1.55
2021-06-16 15:17:58,66.55,50,86433,157658,66.99,117800,-1.55
2021-06-16 15:17:59,66.55,50,86533,157623,66.99,117850,-1.55
2021-06-16 15:18:19,66.55,50,87533,157620,66.99,117850,-1.55
2021-06-16 15:18:26,66.55,50,87733,157738,66.99,117850,-1.55
2021-06-16 15:18:37,66.55,50,87533,157738,66.99,117850,-1.55
2021-06-16 15:18:46,66.55,50,87878,157623,66.99,117850,-1.55
2021-06-16 15:18:56,66.55,50,87878,157628,66.99,117850,-1.55
2021-06-16 15:18:59,66.55,100,87878,157628,66.99,117850,-1.55
2021-06-16 15:19:00,66.55,100,87778,157528,66.99,117950,-1.55
2021-06-16 15:19:09,66.55,100,87778,156541,66.99,117950,-1.55
2021-06-16 15:19:12,66.45,1,87778,156541,66.99,117950,-1.7
2021-06-16 15:19:23,66.45,1,87830,157041,66.99,117951,-1.7
2021-06-16 15:19:26,66.45,1,87828,157041,66.99,117951,-1.7
2021-06-16 15:19:27,66.55,66,87828,157041,66.99,117951,-1.55
2021-06-16 15:19:30,66.55,66,87828,156943,66.99,118049,-1.55
2021-06-16 15:19:37,66.55,66,87841,156943,66.99,118049,-1.55
2021-06-16 15:19:40,66.55,66,87609,156762,66.99,118049,-1.55
2021-06-16 15:19:45,66.55,66,87709,156762,66.99,118049,-1.55
2021-06-16 15:19:49,66.55,40,87709,156762,66.99,118049,-1.55
2021-06-16 15:19:52,66.55,40,87709,156722,66.99,118089,-1.55
2021-06-16 15:20:07,66.55,40,87616,157197,66.99,118089,-1.55
2021-06-16 15:20:15,66.55,40,88087,157196,66.99,118089,-1.55
2021-06-16 15:20:20,66.55,40,88094,157196,66.99,118089,-1.55
2021-06-16 15:20:48,66.55,40,87928,157013,66.99,118089,-1.55
2021-06-16 15:20:52,66.55,40,87710,156903,66.99,118089,-1.55
2021-06-16 15:20:57,66.55,94,87407,156474,66.99,118183,-1.55
2021-06-16 15:21:01,66.55,94,87373,156474,66.99,118183,-1.55
2021-06-16 15:21:21,66.4,58,87373,156474,66.99,118183,-1.78
2021-06-16 15:21:23,66.4,58,86757,156343,66.99,118683,-1.78
2021-06-16 15:21:27,66.4,58,86577,156343,66.99,118683,-1.78
2021-06-16 15:21:36,66.4,58,86577,156338,66.99,118683,-1.78
2021-06-16 15:21:45,66.4,58,87078,156338,66.99,118683,-1.78
2021-06-16 15:22:06,66.4,58,85798,153856,66.99,118683,-1.78
2021-06-16 15:22:12,66.55,66,85798,153856,66.99,118683,-1.55
2021-06-16 15:22:13,66.55,66,85798,153790,66.99,118749,-1.55
2021-06-16 15:22:17,66.55,66,85630,153790,66.99,118749,-1.55
2021-06-16 15:22:21,66.55,66,84841,153399,66.99,118749,-1.55
2021-06-16 15:22:31,66.55,66,84783,153399,66.99,118749,-1.55
2021-06-16 15:22:32,66.4,70,84783,153399,66.99,118749,-1.78
2021-06-16 15:22:34,66.4,70,84655,153399,66.99,118819,-1.78
2021-06-16 15:22:36,66.55,200,84655,153399,66.99,118819,-1.55
2021-06-16 15:22:38,66.55,200,84675,153199,66.99,119019,-1.55
2021-06-16 15:22:42,66.55,200,84567,153199,66.99,119019,-1.55
2021-06-16 15:22:52,66.55,200,84567,153088,66.99,119019,-1.55
2021-06-16 15:22:56,66.55,200,84517,151345,66.99,119019,-1.55
2021-06-16 15:23:04,66.55,200,84527,151345,66.99,119019,-1.55
2021-06-16 15:23:26,66.55,200,84627,151345,66.99,119019,-1.55
2021-06-16 15:23:55,66.55,1,84627,151345,66.99,119019,-1.55
2021-06-16 15:23:55,66.55,1,84627,151344,66.99,119020,-1.55
2021-06-16 15:24:00,66.55,1,84887,151344,66.99,119020,-1.55
2021-06-16 15:24:04,66.55,1,85008,151344,66.99,119020,-1.55
2021-06-16 15:24:16,66.55,1,85308,151344,66.99,119020,-1.55
2021-06-16 15:24:22,66.55,50,85308,151344,66.99,119020,-1.55
2021-06-16 15:24:25,66.55,50,85308,151294,66.99,119070,-1.55
2021-06-16 15:25:04,66.55,50,85633,151294,66.99,119070,-1.55
2021-06-16 15:25:34,66.55,3,85640,133285,66.99,119073,-1.55
2021-06-16 15:25:36,66.55,9,85640,133285,66.99,119073,-1.55
2021-06-16 15:25:39,66.55,9,85640,133276,66.99,119082,-1.55
2021-06-16 15:25:41,66.5,2,85640,133276,66.99,119082,-1.63
2021-06-16 15:25:42,66.55,5,85640,133276,66.99,119082,-1.55
2021-06-16 15:25:43,66.55,5,85888,133271,66.99,119089,-1.55
2021-06-16 15:25:48,66.55,5,85628,133271,66.99,119089,-1.55
2021-06-16 15:25:52,66.5,18,85888,133271,66.99,119089,-1.63
2021-06-16 15:25:56,66.5,18,85238,133271,66.99,119764,-1.63
2021-06-16 15:26:13,66.5,18,84751,132445,66.99,119764,-1.63
2021-06-16 15:26:22,66.5,18,84751,132482,66.99,119764,-1.63
2021-06-16 15:26:26,66.55,37,84793,132482,66.99,119764,-1.55
2021-06-16 15:26:30,66.55,37,84785,128413,66.97,123833,-1.55
2021-06-16 15:26:34,66.55,37,84830,128413,66.97,123833,-1.55
2021-06-16 15:26:39,66.55,37,84754,128413,66.97,123833,-1.55
2021-06-16 15:26:43,66.55,37,85764,128413,66.97,123833,-1.55
2021-06-16 15:26:47,66.55,37,84764,128413,66.97,123833,-1.55
2021-06-16 15:26:56,66.55,37,84766,128413,66.97,123833,-1.55
2021-06-16 15:27:03,66.7,3,84766,128413,66.97,123833,-1.33
2021-06-16 15:27:04,66.7,3,84792,128613,66.97,123836,-1.33
2021-06-16 15:27:08,66.7,3,84763,128613,66.97,123836,-1.33
2021-06-16 15:27:26,66.7,36,84763,128613,66.97,123836,-1.33
2021-06-16 15:27:28,66.7,36,84475,128677,66.97,124198,-1.33
2021-06-16 15:27:31,66.7,50,84475,128677,66.97,124198,-1.33
2021-06-16 15:27:32,66.7,50,84403,128627,66.97,124248,-1.33
2021-06-16 15:27:35,66.7,3,84403,128627,66.97,124248,-1.33
2021-06-16 15:27:37,66.7,3,84304,128624,66.97,124251,-1.33
2021-06-16 15:27:41,66.7,3,84354,128624,66.97,124251,-1.33
2021-06-16 15:27:45,66.7,3,84354,129624,66.97,124251,-1.33
2021-06-16 15:27:49,66.7,3,84389,129668,66.97,124251,-1.33
2021-06-16 15:27:53,66.7,3,84424,129668,66.97,124251,-1.33
2021-06-16 15:27:57,66.7,3,84394,129668,66.97,124251,-1.33
2021-06-16 15:28:03,66.65,12,84394,129668,66.97,124251,-1.41
2021-06-16 15:28:04,66.65,12,84354,129656,66.97,124263,-1.41
2021-06-16 15:28:04,66.5,11,84354,129656,66.97,124263,-1.63
2021-06-16 15:28:08,66.5,11,84308,129360,66.97,124563,-1.63
2021-06-16 15:28:12,66.5,11,52844,129460,66.97,124563,-1.63
2021-06-16 15:28:19,66.65,8,52844,129460,66.97,124563,-1.41
2021-06-16 15:28:19,66.65,8,52806,129452,66.97,124571,-1.41
2021-06-16 15:28:28,66.65,21,52806,129452,66.97,124571,-1.41
2021-06-16 15:28:30,66.65,21,52838,129431,66.97,124592,-1.41
2021-06-16 15:28:31,66.65,1,52838,129431,66.97,124592,-1.41
2021-06-16 15:28:34,66.65,1,52840,129430,66.97,124593,-1.41
2021-06-16 15:28:34,66.65,150,52840,129430,66.97,124593,-1.41
2021-06-16 15:28:38,66.65,150,52840,129280,66.97,124743,-1.41
2021-06-16 15:28:42,66.65,150,52835,129280,66.97,124743,-1.41
2021-06-16 15:28:45,66.65,150,52806,129290,66.97,124743,-1.41
2021-06-16 15:28:50,66.65,3,52806,129290,66.97,124743,-1.41
2021-06-16 15:28:52,66.65,3,52806,129287,66.97,124746,-1.41
2021-06-16 15:28:56,66.65,3,52941,129287,66.97,124746,-1.41
2021-06-16 15:29:00,66.65,3,52942,129286,66.97,124746,-1.41
2021-06-16 15:29:08,66.65,3,52902,129282,66.97,124746,-1.41
2021-06-16 15:29:15,66.65,15,52902,129282,66.97,124746,-1.41
2021-06-16 15:29:15,66.65,15,52933,129257,66.97,124771,-1.41
2021-06-16 15:29:21,66.55,90,52933,129257,66.97,124771,-1.55
2021-06-16 15:29:23,66.55,90,52849,129167,66.97,124861,-1.55
2021-06-16 15:29:31,66.55,90,52812,129167,66.97,124861,-1.55
2021-06-16 15:29:35,66.55,90,52843,129247,66.97,124861,-1.55
2021-06-16 15:29:40,66.55,70,52843,129247,66.97,124861,-1.55
2021-06-16 15:29:41,66.7,1000,52843,129247,66.97,124861,-1.33
2021-06-16 15:29:47,66.7,1000,52789,128167,66.97,125941,-1.33
2021-06-16 15:29:51,66.7,1000,52758,128167,66.97,125941,-1.33
2021-06-16 15:40:01,66.65,1000,0,0,66.97,125941,-1.41
2021-06-17 09:00:14,66.65,200,1535,3711,0.0,3,0.0
2021-06-17 09:00:16,66.65,200,1535,6611,0.0,3,0.0
2021-06-17 09:00:21,66.65,200,2038,8541,0.0,4,0.0
2021-06-17 09:00:27,66.65,200,2240,10342,0.0,4,0.0
2021-06-17 09:00:32,66.65,200,2644,10615,0.0,4,0.0
2021-06-17 09:00:37,66.65,200,3195,10715,0.0,4,0.0
2021-06-17 09:00:41,66.65,200,3895,10715,0.0,4,0.0
2021-06-17 09:00:45,66.65,200,3945,10915,0.0,4,0.0
2021-06-17 09:00:49,66.65,200,3945,11595,0.0,4,0.0
2021-06-17 09:00:53,66.65,200,3945,13097,0.0,4,0.0
2021-06-17 09:00:56,66.65,200,3996,13397,0.0,4,0.0
2021-06-17 09:01:03,66.65,200,3996,17127,0.0,105,0.0
2021-06-17 09:01:10,66.65,200,4096,17127,0.0,105,0.0
2021-06-17 09:01:13,66.65,200,4096,18627,0.0,105,0.0
2021-06-17 09:01:22,66.65,200,4096,20127,0.0,105,0.0
2021-06-17 09:01:28,66.65,200,4196,20527,0.0,105,0.0
2021-06-17 09:01:34,66.65,200,4699,20527,0.0,105,0.0
2021-06-17 09:01:50,66.65,200,4699,20977,0.0,105,0.0
2021-06-17 09:01:53,66.65,200,4700,21577,0.0,105,0.0
2021-06-17 09:01:57,66.65,200,5200,21577,0.0,105,0.0
2021-06-17 09:02:00,66.65,200,5203,21577,0.0,105,0.0
2021-06-17 09:02:15,66.65,200,5203,21827,0.0,105,0.0
2021-06-17 09:02:21,66.65,200,5293,21867,0.0,105,0.0
2021-06-17 09:02:34,66.65,200,5293,22617,0.0,105,0.0
2021-06-17 09:02:37,66.65,200,5293,22667,0.0,105,0.0
2021-06-17 09:02:49,66.65,200,5793,22667,0.0,105,0.0
2021-06-17 09:02:55,66.65,200,5893,23043,0.0,105,0.0
2021-06-17 09:03:01,66.65,200,5993,23043,0.0,105,0.0
2021-06-17 09:03:03,66.65,200,5993,23140,0.0,105,0.0
2021-06-17 09:03:06,66.65,200,6293,23140,0.0,105,0.0
2021-06-17 09:03:09,66.65,200,6293,23155,0.0,105,0.0
2021-06-17 09:03:12,66.65,200,6293,23885,0.0,105,0.0
2021-06-17 09:03:18,66.65,200,6293,24135,0.0,105,0.0
2021-06-17 09:03:27,66.65,200,5790,24885,0.0,105,0.0
2021-06-17 09:03:30,66.65,200,6010,24885,0.0,105,0.0
2021-06-17 09:03:36,66.65,200,6110,26885,0.0,105,0.0
2021-06-17 09:03:45,66.65,200,6110,27835,0.0,105,0.0
2021-06-17 09:04:04,66.65,200,6110,29835,0.0,105,0.0
2021-06-17 09:04:07,66.65,200,6110,29986,0.0,105,0.0
2021-06-17 09:04:13,66.65,200,6610,29986,0.0,105,0.0
2021-06-17 09:04:17,66.65,200,6610,30086,0.0,105,0.0
2021-06-17 09:04:20,66.65,200,8610,30086,0.0,105,0.0
2021-06-17 09:04:28,66.65,200,9113,30086,0.0,105,0.0
2021-06-17 09:04:50,66.65,200,9113,30186,0.0,105,0.0
2021-06-17 09:04:58,66.65,200,9113,30686,0.0,105,0.0
2021-06-17 09:05:17,66.65,200,9113,31086,0.0,105,0.0
2021-06-17 09:05:20,66.65,200,9113,34086,0.0,105,0.0
2021-06-17 09:05:28,66.65,200,9113,34836,0.0,105,0.0
2021-06-17 09:05:40,66.65,200,9113,35586,0.0,105,0.0
2021-06-17 09:05:58,66.65,200,9113,35786,0.0,105,0.0
2021-06-17 09:06:01,66.65,200,9113,37336,0.0,105,0.0
2021-06-17 09:06:11,66.65,200,9113,41336,0.0,105,0.0
2021-06-17 09:06:22,66.65,200,9113,41436,0.0,105,0.0
2021-06-17 09:06:30,66.65,200,9213,41436,0.0,105,0.0
2021-06-17 09:06:35,66.65,200,9213,42886,0.0,105,0.0
2021-06-17 09:06:48,66.65,200,9213,43486,0.0,105,0.0
2021-06-17 09:07:01,66.65,200,9213,44986,0.0,105,0.0
2021-06-17 09:07:03,66.65,200,9213,45036,0.0,105,0.0
2021-06-17 09:07:20,66.0,1,9108,44931,66.0,105,-0.98
2021-06-17 09:15:01,66.0,2,9208,44929,66.0,107,-0.98
2021-06-17 09:15:02,65.8,1,9208,44929,66.0,107,-1.28
2021-06-17 09:15:04,65.5,148,9208,44929,66.0,107,-1.73
2021-06-17 09:15:07,65.5,148,12448,48123,65.7,556,-1.73
2021-06-17 09:15:11,65.75,20,12448,48123,65.7,556,-1.35
2021-06-17 09:15:13,65.75,20,12872,47229,65.7,576,-1.35
2021-06-17 09:15:19,65.75,20,13050,47881,65.7,576,-1.35
2021-06-17 09:15:20,65.5,20,13050,47881,65.7,576,-1.73
2021-06-17 09:15:21,65.6,1,13050,47881,65.7,576,-1.58
2021-06-17 09:15:25,65.4,45,17510,48734,65.67,660,-1.88
2021-06-17 09:15:31,65.4,45,19014,48538,65.67,660,-1.88
2021-06-17 09:15:37,65.4,45,19125,48600,65.67,660,-1.88
2021-06-17 09:15:43,65.4,45,19261,48662,65.67,660,-1.88
2021-06-17 09:15:50,65.4,45,19380,48724,65.67,660,-1.88
2021-06-17 09:15:57,65.4,10,19380,48724,65.67,660,-1.88
2021-06-17 09:16:01,65.4,250,19127,48914,65.54,1624,-1.88
2021-06-17 09:16:06,65.4,250,19127,49036,65.54,1624,-1.88
2021-06-17 09:16:15,65.35,25,19127,49036,65.54,1624,-1.95
2021-06-17 09:16:17,65.35,25,19033,49213,65.52,1862,-1.95
2021-06-17 09:16:22,65.35,25,19103,49213,65.52,1862,-1.95
2021-06-17 09:16:32,65.45,24,19160,49385,65.52,1886,-1.8
2021-06-17 09:16:36,65.3,1,19160,49385,65.52,1886,-2.03
2021-06-17 09:16:37,65.3,1,19974,50693,65.51,1937,-2.03
2021-06-17 09:16:39,65.3,100,19974,50693,65.51,1937,-2.03
2021-06-17 09:16:42,65.3,100,20136,50584,65.5,2037,-2.03
2021-06-17 09:16:42,64.95,12,20136,50584,65.5,2037,-2.55
2021-06-17 09:16:45,65.0,23,20136,50584,65.5,2037,-2.48
2021-06-17 09:16:47,65.0,23,20910,46736,65.16,6553,-2.48
2021-06-17 09:16:52,65.0,23,21041,46934,65.16,6553,-2.48
2021-06-17 09:16:57,65.0,23,22125,47284,65.16,6553,-2.48
2021-06-17 09:16:59,65.25,150,22125,47284,65.16,6553,-2.1
2021-06-17 09:17:02,65.25,150,22418,46976,65.16,6808,-2.1
2021-06-17 09:17:03,65.3,134,22418,46976,65.16,6808,-2.03
2021-06-17 09:17:07,65.3,134,23134,47234,65.17,6942,-2.03
2021-06-17 09:17:12,65.3,134,23074,47234,65.17,6942,-2.03
2021-06-17 09:17:13,65.35,822,23074,47234,65.17,6942,-1.95
2021-06-17 09:17:14,65.35,148,23074,47234,65.17,6942,-1.95
2021-06-17 09:17:17,65.35,148,23923,46321,65.19,7912,-1.95
2021-06-17 09:17:22,65.35,148,23999,46386,65.19,7912,-1.95
2021-06-17 09:17:32,65.35,5,24020,46403,65.19,7917,-1.95
2021-06-17 09:17:34,65.3,179,24020,46403,65.19,7917,-2.03
2021-06-17 09:17:35,65.35,76,24020,46403,65.19,7917,-1.95
2021-06-17 09:17:37,65.35,76,23983,46420,65.2,8893,-1.95
2021-06-17 09:17:42,65.35,76,24282,47502,65.2,8893,-1.95
2021-06-17 09:17:47,65.35,76,24169,47541,65.2,8893,-1.95
2021-06-17 09:18:00,65.25,415,24169,47541,65.2,8893,-2.1
2021-06-17 09:18:01,65.25,415,25244,47541,65.21,9893,-2.1
2021-06-17 09:18:05,65.3,16,25244,47541,65.21,9893,-2.03
2021-06-17 09:18:07,65.3,16,25262,47541,65.21,9909,-2.03
2021-06-17 09:18:12,65.3,16,25345,47541,65.21,9909,-2.03
2021-06-17 09:18:16,65.3,16,25620,47681,65.21,9909,-2.03
2021-06-17 09:18:36,65.3,16,27084,47811,65.21,9909,-2.03
2021-06-17 09:18:40,65.3,16,27086,48811,65.21,9909,-2.03
2021-06-17 09:18:45,65.3,16,28784,51434,65.21,9909,-2.03
2021-06-17 09:18:51,65.3,16,28786,51434,65.21,9909,-2.03
2021-06-17 09:19:00,65.3,16,28910,51434,65.21,9909,-2.03
2021-06-17 09:19:05,65.3,16,28802,51682,65.21,9909,-2.03
2021-06-17 09:19:10,65.3,16,28860,51682,65.21,9909,-2.03
2021-06-17 09:19:21,65.5,1,28860,51682,65.21,9909,-1.73
2021-06-17 09:19:24,65.55,9,28860,51682,65.21,9909,-1.65
2021-06-17 09:19:25,65.55,9,29280,52638,65.21,9990,-1.65
2021-06-17 09:19:26,65.4,21,29280,52638,65.21,9990,-1.88
2021-06-17 09:19:30,65.4,21,65451,85060,65.21,10020,-1.88
2021-06-17 09:19:34,65.4,21,65766,85127,65.21,10020,-1.88
2021-06-17 09:19:39,65.4,21,66266,85127,65.21,10020,-1.88
2021-06-17 09:19:44,65.4,21,66366,85127,65.21,10020,-1.88
2021-06-17 09:19:48,65.55,2,66366,85127,65.21,10020,-1.65
2021-06-17 09:19:49,65.55,2,66480,85182,65.21,10022,-1.65
2021-06-17 09:19:54,65.55,2,66480,85247,65.21,10022,-1.65
2021-06-17 09:19:58,65.55,2,66618,85247,65.21,10022,-1.65
2021-06-17 09:20:03,65.55,74,66618,85247,65.21,10022,-1.65
2021-06-17 09:20:03,65.55,74,66345,84841,65.22,10116,-1.65
2021-06-17 09:20:12,65.55,74,66925,85259,65.22,10116,-1.65
2021-06-17 09:20:17,65.55,74,67154,85386,65.22,10116,-1.65
2021-06-17 09:20:22,65.55,74,67646,85450,65.22,10116,-1.65
2021-06-17 09:20:27,65.55,74,67646,85568,65.22,10116,-1.65
2021-06-17 09:20:28,65.65,10,67646,85568,65.22,10116,-1.5
2021-06-17 09:20:31,65.65,10,67694,85558,65.22,10126,-1.5
2021-06-17 09:20:36,65.65,10,67794,85558,65.22,10126,-1.5
2021-06-17 09:20:40,65.65,10,67790,85909,65.22,10126,-1.5
2021-06-17 09:20:41,65.65,64,67790,85909,65.22,10126,-1.5
2021-06-17 09:20:45,65.65,64,67637,85692,65.22,10190,-1.5
2021-06-17 09:20:49,65.65,64,67737,85918,65.22,10190,-1.5
2021-06-17 09:20:51,65.65,1,67737,85918,65.22,10190,-1.5
2021-06-17 09:20:52,65.7,10,67737,85918,65.22,10190,-1.43
2021-06-17 09:20:54,65.75,50,67956,86001,65.22,10251,-1.35
2021-06-17 09:20:59,65.75,50,68070,86248,65.22,10251,-1.35
2021-06-17 09:21:04,65.75,50,67955,86585,65.22,10251,-1.35
2021-06-17 09:21:09,65.75,50,68320,86710,65.22,10251,-1.35
2021-06-17 09:21:10,65.8,378,68320,86710,65.22,10251,-1.28
2021-06-17 09:21:12,65.85,24,68320,86710,65.22,10251,-1.2
2021-06-17 09:21:13,66.0,44,68320,86710,65.22,10251,-0.98
2021-06-17 09:21:14,66.0,44,68926,85027,65.32,12170,-0.98
2021-06-17 09:21:18,66.1,810,68926,85027,65.32,12170,-0.83
2021-06-17 09:21:19,66.1,810,67962,85666,65.37,13001,-0.83
2021-06-17 09:21:24,66.1,810,67961,86171,65.37,13001,-0.83
2021-06-17 09:21:27,66.05,50,67961,86171,65.37,13001,-0.9
2021-06-17 09:21:29,66.05,50,68414,86295,65.37,13051,-0.9
2021-06-17 09:21:33,66.15,169,68357,86411,65.37,13101,-0.75
2021-06-17 09:21:38,66.15,169,68665,86634,65.38,13301,-0.75
2021-06-17 09:21:42,66.15,169,68799,86772,65.38,13301,-0.75
2021-06-17 09:21:46,66.05,50,68799,86772,65.38,13301,-0.9
2021-06-17 09:21:47,66.05,50,68907,87247,65.39,13351,-0.9
2021-06-17 09:21:51,66.05,50,69101,87368,65.39,13351,-0.9
2021-06-17 09:21:53,66.05,32,69101,87368,65.39,13351,-0.9
2021-06-17 09:21:56,66.15,21,69101,87368,65.39,13351,-0.75
2021-06-17 09:21:57,66.15,21,74084,87350,65.39,13482,-0.75
2021-06-17 09:22:01,66.15,21,74337,87113,65.39,13482,-0.75
2021-06-17 09:22:03,66.15,250,74337,87113,65.39,13482,-0.75
2021-06-17 09:22:06,66.0,44,74051,87374,65.42,13962,-0.98
2021-06-17 09:22:11,66.0,44,74055,87361,65.42,13962,-0.98
2021-06-17 09:22:13,66.0,37,74055,87361,65.42,13962,-0.98
2021-06-17 09:22:16,66.0,37,74259,87580,65.42,13999,-0.98
2021-06-17 09:22:20,66.0,37,73839,87651,65.42,13999,-0.98
2021-06-17 09:22:23,65.85,10,73839,87651,65.42,13999,-1.2
2021-06-17 09:22:25,65.85,10,73331,87471,65.43,14445,-1.2
2021-06-17 09:22:39,65.85,10,73650,88181,65.43,14445,-1.2
2021-06-17 09:22:39,65.95,368,73650,88181,65.43,14445,-1.05
2021-06-17 09:22:43,65.95,368,73184,88270,65.46,15445,-1.05
2021-06-17 09:22:48,65.95,368,73589,88470,65.46,15445,-1.05
2021-06-17 09:23:01,65.8,3,73589,88470,65.46,15445,-1.28
2021-06-17 09:23:06,65.8,3,73568,88578,65.46,15466,-1.28
2021-06-17 09:23:20,65.8,3,73568,88678,65.46,15466,-1.28
2021-06-17 09:23:27,65.8,5,73568,88678,65.46,15466,-1.28
2021-06-17 09:23:29,65.8,5,73563,88678,65.46,15471,-1.28
2021-06-17 09:23:39,65.8,5,73463,88678,65.46,15471,-1.28
2021-06-17 09:23:57,65.8,5,73463,88578,65.46,15471,-1.28
2021-06-17 09:24:00,65.75,109,73463,88578,65.46,15471,-1.35
2021-06-17 09:24:01,65.75,109,75035,88837,65.47,16102,-1.35
2021-06-17 09:24:06,65.75,109,74951,89279,65.47,16102,-1.35
2021-06-17 09:24:10,65.75,5,74951,89279,65.47,16102,-1.35
2021-06-17 09:24:11,65.75,5,75111,89306,65.47,16113,-1.35
2021-06-17 09:24:15,65.75,5,74985,89268,65.47,16113,-1.35
2021-06-17 09:24:19,65.75,5,74902,89319,65.47,16113,-1.35
2021-06-17 09:24:33,65.75,5,74790,89541,65.47,16113,-1.35
2021-06-17 09:24:37,65.75,5,74840,89541,65.47,16113,-1.35
2021-06-17 09:24:42,65.75,5,74840,89426,65.47,16113,-1.35
2021-06-17 09:24:46,65.75,5,75040,89426,65.47,16113,-1.35
2021-06-17 09:24:51,65.75,5,76153,89196,65.47,16113,-1.35
2021-06-17 09:25:04,65.75,5,75940,89180,65.47,16113,-1.35
2021-06-17 09:25:09,65.75,5,75940,89181,65.47,16113,-1.35
2021-06-17 09:25:11,65.9,1,75940,89181,65.47,16113,-1.13
2021-06-17 09:25:13,65.9,1,76052,89202,65.47,16114,-1.13
2021-06-17 09:25:15,65.9,4,76052,89202,65.47,16114,-1.13
2021-06-17 09:25:18,65.9,4,76258,89190,65.48,16135,-1.13
2021-06-17 09:25:27,65.9,4,76268,89190,65.48,16135,-1.13
2021-06-17 09:25:31,65.85,12,76210,89047,65.48,16185,-1.2
2021-06-17 09:25:36,65.85,12,76260,91336,65.48,16185,-1.2
2021-06-17 09:25:40,65.85,12,76373,91336,65.48,16185,-1.2
2021-06-17 09:25:49,65.85,12,76383,91536,65.48,16185,-1.2
2021-06-17 09:25:58,65.85,12,76605,91679,65.48,16185,-1.2
2021-06-17 09:26:01,65.9,1,76605,91679,65.48,16185,-1.13
2021-06-17 09:26:02,65.9,1,76626,91357,65.48,16186,-1.13
2021-06-17 09:26:05,65.9,6,76626,91357,65.48,16186,-1.13
2021-06-17 09:26:06,65.85,3,76626,91357,65.48,16186,-1.2
2021-06-17 09:26:07,65.85,3,77099,91411,65.48,16195,-1.2
2021-06-17 09:26:11,65.85,3,77088,91411,65.48,16195,-1.2
2021-06-17 09:26:15,66.0,8,77088,91411,65.48,16195,-0.98
2021-06-17 09:26:16,66.0,8,77451,91420,65.48,16240,-0.98
2021-06-17 09:26:33,66.0,8,77458,91280,65.48,16240,-0.98
2021-06-17 09:26:34,66.0,10,77458,91280,65.48,16240,-0.98
2021-06-17 09:26:37,66.0,10,77528,91417,65.48,16250,-0.98
2021-06-17 09:26:46,66.0,10,77500,91613,65.48,16250,-0.98
2021-06-17 09:26:51,66.0,10,77696,91613,65.48,16250,-0.98
2021-06-17 09:26:55,66.0,10,77680,91588,65.48,16250,-0.98
2021-06-17 09:27:00,66.0,10,77680,91814,65.48,16250,-0.98
2021-06-17 09:27:04,66.0,10,77680,92314,65.48,16250,-0.98
2021-06-17 09:27:09,66.0,10,77680,92814,65.48,16250,-0.98
2021-06-17 09:27:12,66.1,141,77680,92814,65.48,16250,-0.83
2021-06-17 09:27:13,66.1,141,78118,92511,65.49,16711,-0.83
2021-06-17 09:27:17,66.1,141,78007,93341,65.49,16711,-0.83
2021-06-17 09:27:21,66.1,141,78057,93318,65.49,16711,-0.83
2021-06-17 09:27:23,66.0,12,78057,93318,65.49,16711,-0.98
2021-06-17 09:27:25,66.0,12,78066,93359,65.5,16723,-0.98
2021-06-17 09:27:34,66.0,12,78108,93059,65.5,16723,-0.98
2021-06-17 09:27:39,66.0,12,77986,93132,65.5,16723,-0.98
2021-06-17 09:27:40,66.2,187,77986,93132,65.5,16723,-0.68
2021-06-17 09:27:42,66.5,4,77986,93132,65.5,16723,-0.23
2021-06-17 09:27:43,66.5,4,78426,90484,65.54,17742,-0.23
2021-06-17 09:27:48,66.25,5,78426,90484,65.54,17742,-0.6
2021-06-17 09:27:52,66.25,5,78344,91321,65.54,17747,-0.6
2021-06-17 09:27:56,66.25,5,78337,91700,65.54,17747,-0.6
2021-06-17 09:28:00,66.25,5,78305,92908,65.54,17747,-0.6
2021-06-17 09:28:04,66.25,5,78211,92908,65.54,17747,-0.6
2021-06-17 09:28:07,66.5,18,78211,92908,65.54,17747,-0.23
2021-06-17 09:28:09,66.5,18,78213,92897,65.6,18817,-0.23
2021-06-17 09:28:11,66.5,25,78213,92897,65.6,18817,-0.23
2021-06-17 09:28:13,66.5,25,78381,93036,65.6,18842,-0.23
2021-06-17 09:28:18,66.5,25,78546,93169,65.6,18842,-0.23
2021-06-17 09:28:22,66.6,10,79559,93277,65.6,18852,-0.08
2021-06-17 09:28:24,66.6,11,79559,93277,65.6,18852,-0.08
2021-06-17 09:28:27,66.6,11,79559,93423,65.6,18863,-0.08
2021-06-17 09:28:31,66.6,11,79569,93492,65.6,18863,-0.08
2021-06-17 09:28:35,66.6,11,79643,93517,65.6,18863,-0.08
2021-06-17 09:28:39,66.6,11,79643,93577,65.6,18863,-0.08
2021-06-17 09:28:43,66.6,11,79743,93665,65.6,18863,-0.08
2021-06-17 09:28:45,66.65,61,79743,93665,65.6,18863,0.0
2021-06-17 09:28:48,66.65,61,79689,94115,65.6,18963,0.0
2021-06-17 09:28:49,66.55,10,79689,94115,65.6,18963,-0.15
2021-06-17 09:28:52,66.55,10,79338,95161,65.61,18973,-0.15
2021-06-17 09:29:01,66.55,10,79338,95383,65.61,18973,-0.15
2021-06-17 09:29:05,66.55,10,79570,95498,65.61,18973,-0.15
2021-06-17 09:29:22,66.55,10,78670,95711,65.61,18973,-0.15
2021-06-17 09:29:25,66.55,10,78648,95711,65.61,18973,-0.15
2021-06-17 09:29:30,66.55,10,78670,96142,65.61,18973,-0.15
2021-06-17 09:29:38,66.55,10,79470,96032,65.61,18973,-0.15
2021-06-17 09:29:42,66.55,10,79661,96011,65.61,18973,-0.15
2021-06-17 09:29:51,66.55,10,79670,96011,65.61,18973,-0.15
2021-06-17 09:29:55,66.55,10,79548,96111,65.61,18973,-0.15
2021-06-17 09:29:59,66.5,75,79548,96111,65.61,18973,-0.23
2021-06-17 09:30:00,66.5,75,79682,95791,65.61,19073,-0.23
2021-06-17 09:30:08,66.5,75,79682,95769,65.61,19073,-0.23
2021-06-17 09:30:12,66.5,75,79692,95692,65.61,19073,-0.23
2021-06-17 09:30:17,66.5,75,79742,95692,65.61,19073,-0.23
2021-06-17 09:30:21,66.5,75,79746,95780,65.61,19073,-0.23
2021-06-17 09:30:25,66.5,75,80130,95801,65.61,19073,-0.23
2021-06-17 09:30:30,66.5,75,80250,95823,65.61,19073,-0.23
2021-06-17 09:30:34,66.5,75,80131,95914,65.61,19073,-0.23
2021-06-17 09:30:36,66.5,25,80131,95914,65.61,19073,-0.23
2021-06-17 09:30:39,66.5,25,80136,95967,65.61,19098,-0.23
2021-06-17 09:30:42,66.55,11,80136,95967,65.61,19098,-0.15
2021-06-17 09:30:43,66.55,11,80238,95856,65.61,19109,-0.15
2021-06-17 09:30:47,66.55,11,80238,95756,65.61,19109,-0.15
2021-06-17 09:30:51,66.55,11,80138,95756,65.61,19109,-0.15
2021-06-17 09:30:52,66.5,25,80138,95756,65.61,19109,-0.23
2021-06-17 09:31:00,66.5,25,80213,95689,65.61,19134,-0.23
2021-06-17 09:31:04,66.5,25,80276,95931,65.61,19134,-0.23
2021-06-17 09:31:13,66.5,25,80376,95850,65.61,19134,-0.23
2021-06-17 09:31:15,66.45,1,80376,95850,65.61,19134,-0.3
2021-06-17 09:31:17,66.45,1,80289,95964,65.61,19145,-0.3
2021-06-17 09:31:18,66.5,9,80289,95964,65.61,19145,-0.23
2021-06-17 09:31:21,66.5,9,80873,95696,65.62,19245,-0.23
2021-06-17 09:31:25,66.5,9,81373,95696,65.62,19245,-0.23
2021-06-17 09:31:30,66.5,9,81373,95596,65.62,19245,-0.23
2021-06-17 09:31:37,66.55,100,81373,95596,65.62,19245,-0.15
2021-06-17 09:31:38,66.55,100,81400,94729,65.65,19911,-0.15
2021-06-17 09:31:47,66.55,100,81646,94510,65.65,19911,-0.15
2021-06-17 09:31:48,66.65,5,81646,94510,65.65,19911,0.0
2021-06-17 09:31:52,66.65,5,80842,94621,65.65,19916,0.0
2021-06-17 09:31:56,66.65,5,80842,94680,65.65,19916,0.0
2021-06-17 09:32:00,66.65,5,80842,94780,65.65,19916,0.0
2021-06-17 09:32:02,66.6,100,80842,94780,65.65,19916,-0.08
2021-06-17 09:32:05,66.6,100,80874,94725,65.65,20016,-0.08
2021-06-17 09:32:18,66.6,100,80874,94486,65.65,20016,-0.08
2021-06-17 09:32:26,66.6,100,80676,95336,65.65,20016,-0.08
2021-06-17 09:32:30,66.6,100,80476,95324,65.65,20016,-0.08
2021-06-17 09:32:34,66.6,100,80476,95436,65.65,20016,-0.08
2021-06-17 09:32:39,66.6,100,80476,96336,65.65,20016,-0.08
2021-06-17 09:32:43,66.6,100,80476,96401,65.65,20016,-0.08
2021-06-17 09:32:47,66.45,5,80476,96401,65.65,20016,-0.3
2021-06-17 09:32:48,66.45,5,80471,96401,65.65,20021,-0.3
2021-06-17 09:32:52,66.45,5,80421,96401,65.65,20021,-0.3
2021-06-17 09:32:58,66.5,1,80421,96401,65.65,20021,-0.23
2021-06-17 09:33:01,66.5,1,80268,96258,65.65,20046,-0.23
2021-06-17 09:33:07,66.5,1,80049,96237,65.65,20046,-0.23
2021-06-17 09:33:09,66.5,1,80149,96354,65.65,20068,-0.23
2021-06-17 09:33:18,66.5,1,80149,96364,65.65,20068,-0.23
2021-06-17 09:33:22,66.5,1,80149,96264,65.65,20068,-0.23
2021-06-17 09:33:24,66.4,27,80149,96264,65.65,20068,-0.38
2021-06-17 09:33:26,66.4,27,80234,97500,65.66,20118,-0.38
2021-06-17 09:33:34,66.4,27,80134,97550,65.66,20118,-0.38
2021-06-17 09:33:39,66.4,27,80134,97600,65.66,20118,-0.38
2021-06-17 09:33:47,66.4,58,80134,97600,65.66,20118,-0.38
2021-06-17 09:33:48,66.4,58,79919,97684,65.66,20191,-0.38
2021-06-17 09:33:52,66.4,488,79519,97592,65.68,20679,-0.38
2021-06-17 09:33:55,66.4,488,79498,97662,65.68,20679,-0.38
2021-06-17 09:34:00,66.4,488,79520,97562,65.68,20679,-0.38
2021-06-17 09:34:04,66.4,488,79520,97963,65.68,20679,-0.38
2021-06-17 09:34:12,66.4,488,79665,97962,65.68,20679,-0.38
2021-06-17 09:34:24,66.4,488,79566,97837,65.68,20679,-0.38
2021-06-17 09:34:28,66.45,2,79566,97837,65.68,20679,-0.3
2021-06-17 09:34:28,66.45,2,79644,97587,65.68,20691,-0.3
2021-06-17 09:34:33,66.45,2,79646,97699,65.68,20691,-0.3
2021-06-17 09:34:41,66.45,2,79646,97605,65.68,20691,-0.3
2021-06-17 09:34:45,66.45,2,79646,98165,65.68,20691,-0.3
2021-06-17 09:34:54,66.45,64,79646,98165,65.68,20691,-0.3
2021-06-17 09:34:57,66.45,64,79646,98249,65.68,20791,-0.3
2021-06-17 09:35:00,66.45,64,79646,98265,65.68,20791,-0.3
2021-06-17 09:35:04,66.45,64,79646,98149,65.68,20791,-0.3
2021-06-17 09:35:09,66.45,64,79768,98029,65.68,20791,-0.3
2021-06-17 09:35:13,66.45,64,79775,98029,65.68,20791,-0.3
2021-06-17 09:35:17,66.45,64,79778,98029,65.68,20791,-0.3
2021-06-17 09:35:29,66.45,64,79656,98168,65.68,20791,-0.3
2021-06-17 09:35:34,66.45,64,79656,98164,65.68,20791,-0.3
2021-06-17 09:35:42,66.45,64,79856,98168,65.68,20791,-0.3
2021-06-17 09:35:49,66.45,64,79856,98049,65.68,20791,-0.3
2021-06-17 09:36:02,66.45,64,79977,98168,65.68,20791,-0.3
2021-06-17 09:36:03,66.45,2,79977,98168,65.68,20791,-0.3
2021-06-17 09:36:06,66.45,2,79956,98047,65.68,20793,-0.3
2021-06-17 09:36:10,66.45,2,80007,98268,65.68,20793,-0.3
2021-06-17 09:36:15,66.45,2,80007,98147,65.68,20793,-0.3
2021-06-17 09:36:17,66.3,86,80007,98147,65.68,20793,-0.53
2021-06-17 09:36:19,66.3,86,79213,99716,65.69,21138,-0.53
2021-06-17 09:36:24,66.3,86,79219,99713,65.69,21138,-0.53
2021-06-17 09:36:26,66.25,1,79219,99713,65.69,21138,-0.6
2021-06-17 09:36:28,66.25,1,79197,99712,65.69,21139,-0.6
2021-06-17 09:36:32,66.25,1,79197,99612,65.69,21139,-0.6
2021-06-17 09:36:33,66.25,9,79197,99612,65.69,21139,-0.6
2021-06-17 09:36:36,66.25,9,79008,98878,65.71,22125,-0.6
2021-06-17 09:36:37,66.25,1,79008,98878,65.71,22125,-0.6
2021-06-17 09:36:38,66.25,11,79008,98878,65.71,22125,-0.6
2021-06-17 09:36:40,66.25,11,79011,99119,65.71,22146,-0.6
2021-06-17 09:36:47,66.25,1,79011,99119,65.71,22146,-0.6
2021-06-17 09:36:48,66.25,1,79029,99185,65.71,22147,-0.6
2021-06-17 09:36:52,66.25,1,78962,100185,65.71,22147,-0.6
2021-06-17 09:36:56,66.25,1,79462,100065,65.71,22147,-0.6
2021-06-17 09:37:09,66.35,1,79462,100065,65.71,22147,-0.45
2021-06-17 09:37:12,66.35,1,79483,100064,65.71,22148,-0.45
2021-06-17 09:37:20,66.35,1,80862,100084,65.71,22148,-0.45
2021-06-17 09:37:24,66.35,1,80862,100018,65.71,22148,-0.45
2021-06-17 09:37:26,66.45,397,80862,100018,65.71,22148,-0.3
2021-06-17 09:37:28,66.45,397,81560,99379,65.74,23148,-0.3
2021-06-17 09:37:35,66.25,1,81560,99379,65.74,23148,-0.6
2021-06-17 09:37:36,66.25,1,81559,99232,65.74,23149,-0.6
2021-06-17 09:37:40,66.25,1,81168,99315,65.74,23149,-0.6
2021-06-17 09:37:48,66.25,1,81369,99215,65.74,23149,-0.6
2021-06-17 09:37:51,66.25,1,81369,99316,65.74,23149,-0.6
2021-06-17 09:38:18,66.4,1,81369,99316,65.74,23149,-0.38
2021-06-17 09:38:19,66.4,1,81588,99393,65.74,23154,-0.38
2021-06-17 09:38:21,66.4,2,81588,99393,65.74,23154,-0.38
2021-06-17 09:38:23,66.4,2,81590,99391,65.74,23156,-0.38
2021-06-17 09:38:27,66.4,2,81483,99391,65.74,23156,-0.38
2021-06-17 09:38:31,66.4,2,81369,99501,65.74,23156,-0.38
2021-06-17 09:38:34,66.4,1,81369,99501,65.74,23156,-0.38
2021-06-17 09:38:36,66.4,1,81676,99387,65.74,23164,-0.38
2021-06-17 09:38:41,66.5,127,81676,99387,65.74,23164,-0.23
2021-06-17 09:38:43,66.5,127,81776,99143,65.76,23664,-0.23
2021-06-17 09:38:55,66.5,127,82113,99112,65.76,23664,-0.23
2021-06-17 09:39:00,66.5,127,81913,99112,65.76,23664,-0.23
2021-06-17 09:39:24,66.5,127,81884,99113,65.76,23664,-0.23
2021-06-17 09:39:27,66.5,127,81784,99113,65.76,23664,-0.23
2021-06-17 09:39:35,66.5,127,81784,99363,65.76,23664,-0.23
2021-06-17 09:39:42,66.5,127,81795,99413,65.76,23664,-0.23
2021-06-17 09:39:54,66.5,127,81795,99313,65.76,23664,-0.23
2021-06-17 09:40:19,66.5,127,81855,99313,65.76,23664,-0.23
2021-06-17 09:40:27,66.5,127,81856,99333,65.76,23664,-0.23
2021-06-17 09:40:31,66.5,127,82056,99413,65.76,23664,-0.23
2021-06-17 09:40:33,66.55,15,82056,99413,65.76,23664,-0.15
2021-06-17 09:40:35,66.55,15,82056,99171,65.76,23704,-0.15
2021-06-17 09:40:43,66.55,181,82265,98890,65.77,24004,-0.15
2021-06-17 09:40:48,66.55,181,82327,99080,65.77,24004,-0.15
2021-06-17 09:40:52,66.55,181,82022,99458,65.77,24004,-0.15
2021-06-17 09:40:56,66.55,181,82122,99458,65.77,24004,-0.15
2021-06-17 09:41:00,66.55,181,82359,99337,65.77,24004,-0.15
2021-06-17 09:41:05,66.55,181,82271,99437,65.77,24004,-0.15
2021-06-17 09:41:09,66.55,181,82293,99437,65.77,24004,-0.15
2021-06-17 09:41:13,66.55,181,82293,108537,65.77,24004,-0.15
2021-06-17 09:41:18,66.55,181,82293,108787,65.77,24004,-0.15
2021-06-17 09:41:22,66.55,181,82405,113937,65.77,24004,-0.15
2021-06-17 09:41:35,66.55,181,82403,113937,65.77,24004,-0.15
2021-06-17 09:41:40,66.55,181,82293,113977,65.77,24004,-0.15
2021-06-17 09:41:44,66.55,181,82293,114177,65.77,24004,-0.15
2021-06-17 09:41:46,66.45,10,82293,114177,65.77,24004,-0.3
2021-06-17 09:41:48,66.45,10,82022,114254,65.77,24014,-0.3
2021-06-17 09:41:52,66.45,10,82219,114212,65.77,24014,-0.3
2021-06-17 09:41:55,66.45,3,82219,114212,65.77,24014,-0.3
2021-06-17 09:41:57,66.45,3,82462,114233,65.77,24017,-0.3
2021-06-17 09:42:01,66.45,3,82203,114233,65.77,24017,-0.3
2021-06-17 09:42:05,66.45,3,82335,114233,65.77,24017,-0.3
2021-06-17 09:42:13,66.45,3,82265,114343,65.77,24017,-0.3
2021-06-17 09:42:21,66.45,3,82492,114233,65.77,24017,-0.3
2021-06-17 09:42:24,66.45,3,82399,114232,65.77,24017,-0.3
2021-06-17 09:42:31,66.45,3,82509,114414,65.77,24017,-0.3
2021-06-17 09:42:36,66.45,3,82265,114546,65.77,24017,-0.3
2021-06-17 09:42:51,66.45,3,82275,114434,65.77,24017,-0.3
2021-06-17 09:42:54,66.45,3,82265,114508,65.77,24017,-0.3
2021-06-17 09:43:05,66.45,3,82413,114393,65.77,24017,-0.3
2021-06-17 09:43:09,66.45,3,82642,114414,65.77,24017,-0.3
2021-06-17 09:43:21,66.45,3,82642,114493,65.77,24017,-0.3
2021-06-17 09:43:24,66.45,3,82658,114493,65.77,24017,-0.3
2021-06-17 09:43:30,66.45,42,82658,114493,65.77,24017,-0.3
2021-06-17 09:43:31,66.45,42,82449,114611,65.77,24132,-0.3
2021-06-17 09:43:43,66.45,42,82349,114513,65.77,24132,-0.3
2021-06-17 09:43:46,66.45,42,82039,114812,65.77,24132,-0.3
2021-06-17 09:43:51,66.45,42,82090,115121,65.77,24132,-0.3
2021-06-17 09:44:02,66.45,42,81990,115121,65.77,24132,-0.3
2021-06-17 09:44:06,66.45,42,81990,115059,65.77,24132,-0.3
2021-06-17 09:44:09,66.45,42,81990,115079,65.77,24132,-0.3
2021-06-17 09:44:16,66.45,42,82090,115079,65.77,24132,-0.3
2021-06-17 09:44:20,66.45,42,82090,114712,65.77,24132,-0.3
2021-06-17 09:44:24,66.45,42,82208,114712,65.77,24132,-0.3
2021-06-17 09:44:31,66.45,42,82384,114687,65.77,24132,-0.3
2021-06-17 09:44:46,66.45,42,82384,114620,65.77,24132,-0.3
2021-06-17 09:45:30,66.4,94,82384,114620,65.77,24132,-0.38
2021-06-17 09:45:31,66.4,94,82265,114926,65.78,24252,-0.38
2021-06-17 09:45:36,66.4,94,82265,115210,65.78,24252,-0.38
2021-06-17 09:45:39,66.4,94,82385,115210,65.78,24252,-0.38
2021-06-17 09:45:53,66.4,94,82386,115210,65.78,24252,-0.38
2021-06-17 09:46:00,66.4,94,82367,114976,65.78,24252,-0.38
2021-06-17 09:46:18,66.4,94,82464,114976,65.78,24252,-0.38
2021-06-17 09:46:21,66.4,94,82460,115247,65.78,24252,-0.38
2021-06-17 09:46:31,66.4,94,82360,115247,65.78,24252,-0.38
2021-06-17 09:46:56,66.4,94,82346,115356,65.78,24252,-0.38
2021-06-17 09:47:00,66.4,94,82346,115246,65.78,24252,-0.38
2021-06-17 09:47:04,66.4,94,82246,115146,65.78,24252,-0.38
2021-06-17 09:47:10,66.4,94,82246,115126,65.78,24252,-0.38
2021-06-17 09:47:18,66.4,94,82356,115147,65.78,24252,-0.38
2021-06-17 09:47:24,66.4,94,82386,115147,65.78,24252,-0.38
2021-06-17 09:47:27,66.4,94,82386,115155,65.78,24252,-0.38
2021-06-17 09:47:31,66.4,94,82386,115055,65.78,24252,-0.38
2021-06-17 09:47:39,66.4,94,82276,115155,65.78,24252,-0.38
2021-06-17 09:47:42,66.4,94,82276,115170,65.78,24252,-0.38
2021-06-17 09:47:49,66.4,94,82276,115175,65.78,24252,-0.38
2021-06-17 09:47:52,66.4,94,82276,115054,65.78,24252,-0.38
2021-06-17 09:47:56,66.4,94,82296,115165,65.78,24252,-0.38
2021-06-17 09:48:01,66.55,96,82296,115165,65.78,24252,-0.15
2021-06-17 09:48:02,66.55,96,82397,114718,65.78,24352,-0.15
2021-06-17 09:48:10,66.55,96,82286,114718,65.78,24352,-0.15
2021-06-17 09:48:13,66.55,96,82398,114718,65.78,24352,-0.15
2021-06-17 09:48:40,66.55,96,82458,114718,65.78,24352,-0.15
2021-06-17 09:48:57,66.55,96,82336,114718,65.78,24352,-0.15
2021-06-17 09:49:00,66.55,96,82336,114738,65.78,24352,-0.15
2021-06-17 09:49:04,66.55,96,82458,114758,65.78,24352,-0.15
2021-06-17 09:49:41,66.55,96,82449,114758,65.78,24352,-0.15
2021-06-17 09:50:26,66.55,96,82336,114759,65.78,24352,-0.15
2021-06-17 09:50:30,66.55,96,82336,114849,65.78,24352,-0.15
2021-06-17 09:50:37,66.55,96,82336,114875,65.78,24352,-0.15
2021-06-17 09:50:45,66.55,96,82336,114758,65.78,24352,-0.15
2021-06-17 09:50:49,66.4,6,82336,114758,65.78,24352,-0.38
2021-06-17 09:50:52,66.4,6,82240,115628,65.79,24552,-0.38
2021-06-17 09:51:22,66.4,6,82160,115628,65.79,24552,-0.38
2021-06-17 09:51:27,66.4,6,82160,115728,65.79,24552,-0.38
2021-06-17 09:51:30,66.5,6,82160,115728,65.79,24552,-0.23
2021-06-17 09:51:30,66.5,6,82160,115718,65.79,24562,-0.23
2021-06-17 09:51:44,66.5,6,82140,115660,65.79,24562,-0.23
2021-06-17 09:51:51,66.5,6,82140,115539,65.79,24562,-0.23
2021-06-17 09:52:00,66.5,6,82301,115382,65.79,24562,-0.23
2021-06-17 09:52:03,66.5,6,82556,115402,65.79,24562,-0.23
2021-06-17 09:52:21,66.5,6,82556,115302,65.79,24562,-0.23
2021-06-17 09:52:25,66.5,6,82556,115202,65.79,24562,-0.23
2021-06-17 09:52:49,66.5,6,82556,117202,65.79,24562,-0.23
2021-06-17 09:52:58,66.5,6,82456,117202,65.79,24562,-0.23
2021-06-17 09:53:01,66.5,6,82456,118202,65.79,24562,-0.23
2021-06-17 09:53:15,66.5,6,82356,118202,65.79,24562,-0.23
2021-06-17 09:53:28,66.5,6,82511,117988,65.79,24562,-0.23
2021-06-17 09:53:31,66.5,6,82630,117968,65.79,24562,-0.23
2021-06-17 09:53:45,66.5,6,82630,117996,65.79,24562,-0.23
2021-06-17 09:53:51,66.5,6,82694,117976,65.79,24562,-0.23
2021-06-17 09:53:59,66.5,6,82594,117976,65.79,24562,-0.23
2021-06-17 09:54:12,66.5,6,82341,117976,65.79,24562,-0.23
2021-06-17 09:54:16,66.5,6,82578,117857,65.79,24562,-0.23
2021-06-17 09:54:21,66.5,6,82462,117857,65.79,24562,-0.23
2021-06-17 09:54:22,66.4,1,82462,117857,65.79,24562,-0.38
2021-06-17 09:54:24,66.4,1,82332,118694,65.79,24563,-0.38
2021-06-17 09:54:40,66.4,1,82266,118694,65.79,24563,-0.38
2021-06-17 09:54:44,66.4,1,82296,118574,65.79,24563,-0.38
2021-06-17 09:54:45,66.6,5,82296,118574,65.79,24563,-0.08
2021-06-17 09:54:47,66.6,5,82535,118568,65.79,24569,-0.08
2021-06-17 09:54:51,66.6,5,82485,118678,65.79,24569,-0.08
2021-06-17 09:54:54,66.6,5,82485,118878,65.79,24569,-0.08
2021-06-17 09:54:58,66.6,5,82419,118768,65.79,24569,-0.08
2021-06-17 09:55:01,66.6,5,82419,119099,65.79,24569,-0.08
2021-06-17 09:55:09,66.6,5,82857,119079,65.79,24569,-0.08
2021-06-17 09:55:11,66.4,75,82857,119079,65.79,24569,-0.38
2021-06-17 09:55:12,66.4,75,82783,118675,65.79,24669,-0.38
2021-06-17 09:55:34,66.4,75,82662,118732,65.79,24669,-0.38
2021-06-17 09:55:37,66.4,75,82662,118951,65.79,24669,-0.38
2021-06-17 09:55:40,66.4,75,82662,119716,65.79,24669,-0.38
2021-06-17 09:55:43,66.4,75,82662,119895,65.79,24669,-0.38
2021-06-17 09:55:54,66.4,75,82762,119832,65.79,24669,-0.38
2021-06-17 09:56:00,66.4,75,82762,119717,65.79,24669,-0.38
2021-06-17 09:56:04,66.4,75,82762,119833,65.79,24669,-0.38
2021-06-17 09:56:12,66.4,75,82783,119917,65.79,24669,-0.38
2021-06-17 09:56:13,66.25,51,82783,119917,65.79,24669,-0.6
2021-06-17 09:56:15,66.25,51,81904,120353,65.81,25669,-0.6
2021-06-17 09:56:25,66.25,51,81878,120341,65.81,25669,-0.6
2021-06-17 09:56:33,66.25,51,81879,120341,65.81,25669,-0.6
2021-06-17 09:56:36,66.25,51,83419,120341,65.81,25669,-0.6
2021-06-17 09:56:39,66.25,51,82034,120341,65.81,25669,-0.6
2021-06-17 09:56:41,66.45,23,82034,120341,65.81,25669,-0.3
2021-06-17 09:56:43,66.45,23,82557,120243,65.82,26169,-0.3
2021-06-17 09:56:46,66.45,23,82557,120322,65.82,26169,-0.3
2021-06-17 09:56:48,66.35,1,82557,120322,65.82,26169,-0.45
2021-06-17 09:56:50,66.35,1,82334,120097,65.82,26170,-0.45
2021-06-17 09:56:56,66.35,1,82486,120118,65.82,26170,-0.45
2021-06-17 09:57:03,66.35,1,82487,119994,65.82,26170,-0.45
2021-06-17 09:57:12,66.35,73,82487,119994,65.82,26170,-0.45
2021-06-17 09:57:13,66.35,73,82258,120227,65.83,26400,-0.45
2021-06-17 09:57:40,66.35,3,82258,120227,65.83,26400,-0.45
2021-06-17 09:57:42,66.35,3,82234,120222,65.83,26403,-0.45
2021-06-17 09:57:45,66.35,3,82134,120222,65.83,26403,-0.45
2021-06-17 09:58:01,66.35,3,82155,120234,65.83,26403,-0.45
2021-06-17 09:58:16,66.35,3,82055,120234,65.83,26403,-0.45
2021-06-17 09:58:33,66.35,3,82146,120112,65.83,26403,-0.45
2021-06-17 09:58:36,66.35,3,82055,120227,65.83,26403,-0.45
2021-06-17 09:58:43,66.35,3,81734,120227,65.83,26403,-0.45
2021-06-17 09:58:50,66.35,3,81969,120112,65.83,26403,-0.45
2021-06-17 09:59:07,66.45,20,81969,120112,65.83,26403,-0.3
2021-06-17 09:59:07,66.45,20,82434,119782,65.83,26481,-0.3
2021-06-17 09:59:17,66.45,20,82531,119803,65.83,26481,-0.3
2021-06-17 09:59:20,66.45,20,82540,119803,65.83,26481,-0.3
2021-06-17 09:59:26,66.55,2,82540,119803,65.83,26481,-0.15
2021-06-17 09:59:27,66.55,2,82540,119801,65.83,26483,-0.15
2021-06-17 09:59:49,66.45,105,82372,119898,65.83,26588,-0.3
2021-06-17 10:00:08,66.45,105,82700,119970,65.83,26588,-0.3
2021-06-17 10:00:11,66.45,105,82582,120082,65.83,26588,-0.3
2021-06-17 10:00:14,66.45,105,82582,120087,65.83,26588,-0.3
2021-06-17 10:00:20,66.45,105,82582,120083,65.83,26588,-0.3
2021-06-17 10:00:23,66.45,105,82448,120084,65.83,26588,-0.3
2021-06-17 10:00:28,66.6,404,82448,120084,65.83,26588,-0.08
2021-06-17 10:00:30,66.6,404,82697,119268,65.85,27219,-0.08
2021-06-17 10:00:43,66.6,404,82692,119268,65.85,27219,-0.08
2021-06-17 10:00:46,66.6,404,82092,118768,65.85,27219,-0.08
2021-06-17 10:00:53,66.6,404,82092,118850,65.85,27219,-0.08
2021-06-17 10:01:02,66.6,404,82062,118850,65.85,27219,-0.08
2021-06-17 10:01:30,66.8,2,82062,118850,65.85,27219,0.23
2021-06-17 10:01:31,66.8,2,85278,116935,65.91,29581,0.23
2021-06-17 10:01:34,66.8,2,85412,118230,65.91,29581,0.23
2021-06-17 10:01:37,66.8,2,85534,118233,65.91,29581,0.23
2021-06-17 10:01:40,67.0,266,81872,115329,66.02,32910,0.53
2021-06-17 10:01:43,67.0,266,82195,115741,66.02,32910,0.53
2021-06-17 10:01:48,67.25,9,82195,115741,66.02,32910,0.9
2021-06-17 10:01:49,67.2,1,82195,115741,66.02,32910,0.83
2021-06-17 10:01:49,67.2,1,82457,114991,66.04,33416,0.83
2021-06-17 10:01:52,67.2,1,82513,115072,66.04,33416,0.83
2021-06-17 10:01:55,67.2,1,83512,115072,66.04,33416,0.83
2021-06-17 10:01:58,67.2,1,83551,115072,66.04,33416,0.83
2021-06-17 10:02:00,67.35,91,83551,115072,66.04,33416,1.05
2021-06-17 10:02:01,67.35,91,83415,114526,66.05,33716,1.05
2021-06-17 10:02:05,67.35,91,83911,114507,66.05,33716,1.05
2021-06-17 10:02:07,67.5,4,83911,114507,66.05,33716,1.28
2021-06-17 10:02:08,67.45,50,83949,114873,66.09,34716,1.2
2021-06-17 10:02:11,67.45,50,83661,115702,66.09,34766,1.2
2021-06-17 10:02:13,67.45,50,84104,115702,66.09,34766,1.2
2021-06-17 10:02:15,67.45,4,84104,115702,66.09,34766,1.2
2021-06-17 10:02:16,67.65,53,84207,115998,66.1,34871,1.5
2021-06-17 10:02:19,67.65,53,84299,116658,66.11,35121,1.5
2021-06-17 10:02:22,67.65,53,84360,116789,66.11,35121,1.5
2021-06-17 10:02:28,67.65,53,84407,116789,66.11,35121,1.5
2021-06-17 10:02:31,67.65,53,84407,116989,66.11,35121,1.5
2021-06-17 10:02:32,67.6,100,84407,116989,66.11,35121,1.43
2021-06-17 10:02:33,67.45,96,84407,116989,66.11,35121,1.2
2021-06-17 10:02:34,67.45,96,84470,117091,66.12,35317,1.2
2021-06-17 10:02:36,67.25,102,84470,117091,66.12,35317,0.9
2021-06-17 10:02:37,67.25,102,83679,118081,66.13,35840,0.9
2021-06-17 10:02:40,67.25,102,83740,118152,66.13,35840,0.9
2021-06-17 10:02:43,67.25,102,83719,118571,66.13,35840,0.9
2021-06-17 10:02:46,67.25,102,83719,118591,66.13,35840,0.9
2021-06-17 10:02:48,67.3,100,83719,118591,66.13,35840,0.98
2021-06-17 10:02:49,67.3,100,83719,118369,66.15,36325,0.98
2021-06-17 10:02:52,67.3,100,83719,118430,66.15,36325,0.98
2021-06-17 10:02:55,67.3,100,83769,118488,66.15,36325,0.98
2021-06-17 10:02:59,67.3,100,83735,118711,66.15,36325,0.98
2021-06-17 10:03:06,67.3,100,83735,118771,66.15,36325,0.98
2021-06-17 10:03:09,67.45,136,83935,118771,66.15,36325,1.2
2021-06-17 10:03:12,67.45,136,84222,118046,66.16,36825,1.2
2021-06-17 10:03:13,67.3,35,84222,118046,66.16,36825,0.98
2021-06-17 10:03:15,67.3,35,84169,118046,66.17,36875,0.98
2021-06-17 10:03:24,67.3,75,84169,118046,66.17,36875,0.98
2021-06-17 10:03:25,67.45,2,84183,118895,66.17,36952,1.2
2021-06-17 10:03:28,67.45,2,84352,118860,66.17,36952,1.2
2021-06-17 10:03:33,67.45,2,84352,118960,66.17,36952,1.2
2021-06-17 10:03:40,67.45,2,84352,118893,66.17,36952,1.2
2021-06-17 10:03:43,67.45,2,84278,118950,66.17,36952,1.2
2021-06-17 10:03:58,67.45,2,84406,118950,66.17,36952,1.2
2021-06-17 10:04:00,67.5,11,84406,118950,66.17,36952,1.28
2021-06-17 10:04:02,67.5,11,84277,119440,66.19,37452,1.28
2021-06-17 10:04:05,67.5,11,84297,119374,66.19,37452,1.28
2021-06-17 10:04:08,67.5,11,84297,119258,66.19,37452,1.28
2021-06-17 10:04:11,67.5,11,84519,119238,66.19,37452,1.28
2021-06-17 10:04:14,67.5,11,84458,119218,66.19,37452,1.28
2021-06-17 10:04:17,67.5,11,84328,119260,66.19,37452,1.28
2021-06-17 10:04:20,67.5,11,84308,119260,66.19,37452,1.28
2021-06-17 10:04:23,67.5,11,84308,119280,66.19,37452,1.28
2021-06-17 10:04:26,67.5,11,84308,119273,66.19,37452,1.28
2021-06-17 10:04:30,67.5,11,84174,119193,66.19,37452,1.28
2021-06-17 10:04:31,67.3,95,84174,119193,66.19,37452,0.98
2021-06-17 10:04:33,67.3,95,84109,119621,66.19,37563,0.98
2021-06-17 10:04:47,67.3,95,84479,119337,66.19,37563,0.98
2021-06-17 10:04:50,67.3,95,84479,119437,66.19,37563,0.98
2021-06-17 10:04:53,67.3,95,84498,119537,66.19,37563,0.98
2021-06-17 10:04:56,67.3,95,84498,120918,66.19,37563,0.98
2021-06-17 10:05:13,67.3,95,84384,121045,66.19,37563,0.98
2021-06-17 10:05:16,67.3,95,84384,121316,66.19,37563,0.98
2021-06-17 10:05:22,67.3,95,84384,121309,66.19,37563,0.98
2021-06-17 10:05:25,67.5,1,84384,121309,66.19,37563,1.28
2021-06-17 10:05:26,67.3,134,84384,121309,66.19,37563,0.98
2021-06-17 10:05:28,67.3,134,84088,121520,66.2,37899,0.98
2021-06-17 10:05:48,67.3,134,84188,121520,66.2,37899,0.98
2021-06-17 10:06:00,67.3,134,84188,121620,66.2,37899,0.98
2021-06-17 10:06:04,67.5,16,84188,121620,66.2,37899,1.28
2021-06-17 10:06:06,67.5,16,84352,121499,66.22,38399,1.28
2021-06-17 10:06:27,67.5,16,84352,121999,66.22,38399,1.28
2021-06-17 10:06:45,67.5,16,84368,122499,66.22,38399,1.28
2021-06-17 10:06:48,67.5,16,84368,122749,66.22,38399,1.28
2021-06-17 10:06:57,67.5,16,84257,122749,66.22,38399,1.28
2021-06-17 10:07:00,67.5,16,84193,123159,66.22,38399,1.28
2021-06-17 10:07:01,67.25,2,84193,123159,66.22,38399,0.9
2021-06-17 10:07:03,67.25,2,84224,123442,66.22,38449,0.9
2021-06-17 10:07:07,67.25,2,84224,123534,66.22,38449,0.9
2021-06-17 10:07:13,67.5,199,84224,123534,66.22,38449,1.28
2021-06-17 10:07:16,67.5,199,84277,123034,66.22,38649,1.28
2021-06-17 10:07:19,67.5,199,84295,123584,66.22,38649,1.28
2021-06-17 10:07:22,67.5,199,84185,128584,66.22,38649,1.28
2021-06-17 10:07:24,67.45,13,84185,128584,66.22,38649,1.2
2021-06-17 10:07:25,67.45,13,84295,128583,66.22,38664,1.2
2021-06-17 10:07:28,67.45,13,84295,133569,66.22,38664,1.2
2021-06-17 10:07:40,67.45,13,84395,133569,66.22,38664,1.2
2021-06-17 10:07:43,67.25,2,84395,133569,66.22,38664,0.9
2021-06-17 10:07:43,67.25,2,83834,134791,66.23,38987,0.9
2021-06-17 10:07:46,67.25,2,83929,134791,66.23,38987,0.9
2021-06-17 10:07:54,67.25,2,83929,134891,66.23,38987,0.9
2021-06-17 10:08:00,67.5,52,84186,133025,66.29,40987,1.28
2021-06-17 10:08:13,67.5,52,84124,133025,66.29,40987,1.28
2021-06-17 10:08:16,67.5,52,84161,133145,66.29,40987,1.28
2021-06-17 10:08:19,67.5,52,84161,133136,66.29,40987,1.28
2021-06-17 10:08:55,67.5,52,84161,133636,66.29,40987,1.28
2021-06-17 10:09:10,67.5,52,84161,133701,66.29,40987,1.28
2021-06-17 10:09:31,67.5,52,84111,133701,66.29,40987,1.28
2021-06-17 10:09:33,67.45,6,84111,133701,66.29,40987,1.2
2021-06-17 10:09:34,67.45,6,83904,133650,66.29,40997,1.2
2021-06-17 10:09:45,67.45,6,83894,133650,66.29,40997,1.2
2021-06-17 10:09:46,67.5,6,83894,133650,66.29,40997,1.28
2021-06-17 10:09:48,67.5,6,83894,133644,66.29,41003,1.28
2021-06-17 10:09:59,67.5,6,84317,133450,66.29,41003,1.28
2021-06-17 10:10:02,67.5,6,84407,133302,66.29,41003,1.28
2021-06-17 10:10:05,67.5,6,84421,133322,66.29,41003,1.28
2021-06-17 10:10:18,67.5,100,84421,133322,66.29,41003,1.28
2021-06-17 10:10:21,67.5,100,84422,133294,66.3,41103,1.28
2021-06-17 10:10:58,67.5,100,84472,133274,66.3,41103,1.28
2021-06-17 10:11:06,67.5,100,84472,133286,66.3,41103,1.28
2021-06-17 10:11:08,67.5,100,85222,133286,66.3,41103,1.28
2021-06-17 10:11:18,67.5,100,85222,133236,66.3,41103,1.28
2021-06-17 10:11:45,67.5,100,85222,133186,66.3,41103,1.28
2021-06-17 10:11:54,67.5,100,85222,133266,66.3,41103,1.28
2021-06-17 10:12:07,67.5,100,85107,134119,66.3,41103,1.28
2021-06-17 10:12:10,67.5,100,85219,134132,66.3,41103,1.28
2021-06-17 10:12:13,67.5,100,85228,134132,66.3,41103,1.28
2021-06-17 10:12:16,67.5,100,85302,134132,66.3,41103,1.28
2021-06-17 10:12:36,67.5,100,85302,140675,66.3,41103,1.28
2021-06-17 10:12:39,67.5,100,85431,140675,66.3,41103,1.28
2021-06-17 10:12:46,67.5,100,85372,140695,66.3,41103,1.28
2021-06-17 10:12:49,67.5,100,85372,140915,66.3,41103,1.28
2021-06-17 10:12:59,67.55,1,85372,140915,66.3,41103,1.35
2021-06-17 10:13:00,67.55,1,85372,140914,66.3,41104,1.35
2021-06-17 10:13:07,67.55,1,86372,140914,66.3,41104,1.35
2021-06-17 10:13:54,67.55,1,86226,141030,66.3,41104,1.35
2021-06-17 10:14:09,67.55,8,86226,141030,66.3,41104,1.35
2021-06-17 10:14:10,67.55,8,86226,141009,66.3,41112,1.35
2021-06-17 10:14:18,67.55,8,86410,140993,66.3,41112,1.35
2021-06-17 10:14:24,67.55,8,86410,141093,66.3,41112,1.35
2021-06-17 10:14:25,67.55,85,86410,141093,66.3,41112,1.35
2021-06-17 10:14:26,67.55,85,86432,141531,66.3,41322,1.35
2021-06-17 10:14:29,67.55,85,86432,141459,66.3,41322,1.35
2021-06-17 10:14:43,67.6,58,86432,141459,66.3,41322,1.43
2021-06-17 10:14:45,67.6,58,86432,141324,66.31,41422,1.43
2021-06-17 10:14:48,67.6,58,86673,141183,66.31,41422,1.43
2021-06-17 10:14:53,67.6,58,86726,141258,66.31,41422,1.43
2021-06-17 10:15:03,67.6,58,86726,141179,66.31,41422,1.43
2021-06-17 10:15:15,67.65,10,86726,141179,66.31,41422,1.5
2021-06-17 10:15:17,67.65,10,87666,141079,66.31,41666,1.5
2021-06-17 10:15:20,67.65,1,87665,141087,66.31,41667,1.5
2021-06-17 10:15:24,67.65,111,87665,141087,66.31,41667,1.5
2021-06-17 10:15:26,67.65,111,86776,141513,66.34,42533,1.5
2021-06-17 10:15:28,67.65,111,86726,141513,66.34,42533,1.5
2021-06-17 10:15:31,67.6,96,86236,143958,66.34,42629,1.43
2021-06-17 10:15:38,67.7,50,86236,143958,66.34,42629,1.58
2021-06-17 10:15:40,67.7,50,86196,143908,66.35,42679,1.58
2021-06-17 10:16:00,67.5,16,85246,146574,66.35,43003,1.28
2021-06-17 10:16:02,67.5,3,85246,146574,66.35,43003,1.28
2021-06-17 10:16:03,67.5,3,85421,146645,66.36,43028,1.28
2021-06-17 10:16:15,67.5,3,85421,146655,66.36,43028,1.28
2021-06-17 10:16:16,67.5,25,85421,146655,66.36,43028,1.28
2021-06-17 10:16:18,67.5,25,85515,144850,66.36,43053,1.28
2021-06-17 10:16:28,67.5,25,85515,144840,66.36,43053,1.28
2021-06-17 10:16:34,67.5,25,85515,145090,66.36,43053,1.28
2021-06-17 10:16:46,67.5,25,85532,145080,66.36,43053,1.28
2021-06-17 10:17:52,67.5,25,85931,144841,66.36,43053,1.28
2021-06-17 10:17:55,67.5,25,85931,144906,66.36,43053,1.28
2021-06-17 10:18:09,67.5,25,85931,144916,66.36,43053,1.28
2021-06-17 10:18:15,67.5,25,85820,144916,66.36,43053,1.28
2021-06-17 10:18:18,67.5,25,85930,144928,66.36,43053,1.28
2021-06-17 10:18:20,67.5,25,85970,145155,66.36,43053,1.28
2021-06-17 10:18:23,67.5,25,85836,145155,66.36,43053,1.28
2021-06-17 10:18:25,67.5,25,85836,145277,66.36,43053,1.28
2021-06-17 10:18:37,67.5,25,85836,145270,66.36,43053,1.28
2021-06-17 10:18:40,67.5,25,85836,145262,66.36,43053,1.28
2021-06-17 10:18:43,67.5,25,85951,145148,66.36,43053,1.28
2021-06-17 10:18:46,67.5,25,85836,145266,66.36,43053,1.28
2021-06-17 10:18:49,67.5,25,85836,145148,66.36,43053,1.28
2021-06-17 10:18:52,67.5,25,85836,146148,66.36,43053,1.28
2021-06-17 10:18:55,67.5,25,85836,146498,66.36,43053,1.28
2021-06-17 10:18:59,67.5,25,85704,146613,66.36,43053,1.28
2021-06-17 10:19:13,67.5,25,85704,146617,66.36,43053,1.28
2021-06-17 10:19:16,67.5,25,85704,146498,66.36,43053,1.28
2021-06-17 10:19:19,67.5,25,85940,146488,66.36,43053,1.28
2021-06-17 10:19:25,67.5,25,85704,146607,66.36,43053,1.28
2021-06-17 10:19:28,67.5,25,85704,146599,66.36,43053,1.28
2021-06-17 10:19:31,67.5,25,85704,146608,66.36,43053,1.28
2021-06-17 10:19:34,67.5,25,85704,146488,66.36,43053,1.28
2021-06-17 10:19:37,67.5,25,85723,146605,66.36,43053,1.28
2021-06-17 10:20:03,67.5,25,85758,146605,66.36,43053,1.28
2021-06-17 10:20:09,67.5,25,85758,146602,66.36,43053,1.28
2021-06-17 10:20:12,67.5,25,84758,146801,66.36,43053,1.28
2021-06-17 10:20:16,67.5,25,84758,146808,66.36,43053,1.28
2021-06-17 10:20:19,67.5,25,84758,146688,66.36,43053,1.28
2021-06-17 10:20:28,67.5,25,84758,146803,66.36,43053,1.28
2021-06-17 10:20:51,67.5,25,84758,146813,66.36,43053,1.28
2021-06-17 10:20:57,67.5,1,84758,146813,66.36,43053,1.28
2021-06-17 10:21:00,67.5,1,84758,146707,66.36,43054,1.28
2021-06-17 10:21:03,67.35,23,84758,146707,66.36,43054,1.05
2021-06-17 10:21:06,67.35,23,84525,147072,66.36,43211,1.05
2021-06-17 10:21:15,67.55,39,84525,147072,66.36,43211,1.35
2021-06-17 10:21:17,67.55,39,80480,143288,66.5,48252,1.35
2021-06-17 10:21:19,67.55,39,80531,143327,66.5,48252,1.35
2021-06-17 10:21:28,67.55,39,80531,143535,66.5,48252,1.35
2021-06-17 10:21:31,67.55,39,80531,143635,66.5,48252,1.35
2021-06-17 10:21:37,67.55,39,80531,144061,66.5,48252,1.35
2021-06-17 10:22:16,67.55,39,80471,144174,66.5,48252,1.35
2021-06-17 10:22:20,67.55,39,80471,144181,66.5,48252,1.35
2021-06-17 10:22:29,67.55,39,80529,144182,66.5,48252,1.35
2021-06-17 10:22:38,67.55,39,80529,144187,66.5,48252,1.35
2021-06-17 10:22:40,67.5,4,80529,144187,66.5,48252,1.28
2021-06-17 10:22:41,67.5,4,80529,144271,66.5,48256,1.28
2021-06-17 10:23:17,67.5,4,80529,144282,66.5,48256,1.28
2021-06-17 10:23:23,67.5,4,80389,144230,66.5,48256,1.28
2021-06-17 10:23:28,67.5,4,80489,144291,66.5,48256,1.28
2021-06-17 10:23:34,67.5,4,80389,144341,66.5,48256,1.28
2021-06-17 10:23:46,67.5,4,80181,144393,66.5,48256,1.28
2021-06-17 10:24:11,67.5,4,80181,144280,66.5,48256,1.28
2021-06-17 10:24:20,67.4,8,80181,144280,66.5,48256,1.13
2021-06-17 10:24:27,67.4,8,80173,144396,66.5,48266,1.13
2021-06-17 10:24:36,67.4,8,80173,144282,66.5,48266,1.13
2021-06-17 10:24:39,67.4,8,80058,144395,66.5,48266,1.13
2021-06-17 10:24:40,67.4,2,80058,144395,66.5,48266,1.13
2021-06-17 10:24:41,67.4,2,79826,144895,66.5,48277,1.13
2021-06-17 10:24:43,67.4,2,80052,144895,66.5,48277,1.13
2021-06-17 10:25:08,67.4,2,80052,145395,66.5,48277,1.13
2021-06-17 10:25:14,67.4,2,80220,145222,66.5,48277,1.13
2021-06-17 10:25:33,67.45,2,80220,145222,66.5,48277,1.2
2021-06-17 10:25:36,67.45,2,80177,145338,66.5,48285,1.2
2021-06-17 10:25:54,67.45,2,80252,145338,66.5,48285,1.2
2021-06-17 10:26:14,67.25,10,80252,145338,66.5,48285,0.9
2021-06-17 10:26:15,67.25,10,79360,146491,66.54,51329,0.9
2021-06-17 10:26:58,67.25,10,79380,146623,66.54,51329,0.9
2021-06-17 10:27:02,67.4,96,79380,146623,66.54,51329,1.13
2021-06-17 10:27:04,67.4,96,79808,146192,66.54,51429,1.13
2021-06-17 10:27:07,67.4,96,79923,146189,66.54,51429,1.13
2021-06-17 10:27:10,67.7,40,79923,146189,66.54,51429,1.58
2021-06-17 10:27:12,67.7,40,80568,144672,66.58,53393,1.58
2021-06-17 10:27:15,67.7,40,80693,144645,66.58,53393,1.58
2021-06-17 10:27:16,67.7,8,80693,144645,66.58,53393,1.58
2021-06-17 10:27:18,67.7,8,80685,144645,66.58,53401,1.58
2021-06-17 10:27:19,67.95,100,80685,144645,66.58,53401,1.95
2021-06-17 10:27:19,67.8,125,80685,144645,66.58,53401,1.73
2021-06-17 10:27:21,67.8,125,80547,144090,66.61,54513,1.73
2021-06-17 10:27:22,68.1,7,80547,144090,66.61,54513,2.18
2021-06-17 10:27:23,68.1,14,80547,144090,66.61,54513,2.18
2021-06-17 10:27:24,68.1,14,80897,143051,66.64,55809,2.18
2021-06-17 10:27:25,68.1,12,80897,143051,66.64,55809,2.18
2021-06-17 10:27:26,68.1,1,81050,143087,66.64,55821,2.18
2021-06-17 10:27:28,68.1,9,80919,143043,66.64,55851,2.18
2021-06-17 10:27:29,68.1,48,80919,143043,66.64,55851,2.18
2021-06-17 10:27:31,68.1,48,81088,143463,66.66,56620,2.18
2021-06-17 10:27:34,68.15,2,81343,143635,66.66,56622,2.25
2021-06-17 10:27:39,68.1,2,81343,143635,66.66,56622,2.18
2021-06-17 10:27:40,68.1,2,81414,143674,66.66,56634,2.18
2021-06-17 10:27:41,67.95,4,81414,143674,66.66,56634,1.95
2021-06-17 10:27:43,67.95,4,80842,143458,66.68,57388,1.95
2021-06-17 10:27:45,67.95,4,79892,143429,66.68,57388,1.95
2021-06-17 10:27:48,67.95,4,77892,143448,66.68,57388,1.95
2021-06-17 10:27:58,67.95,1,77892,143448,66.68,57388,1.95
2021-06-17 10:27:59,67.95,1,78116,143488,66.68,57389,1.95
2021-06-17 10:28:01,67.8,1,78116,143488,66.68,57389,1.73
2021-06-17 10:28:02,67.8,1,78444,143594,66.68,57390,1.73
2021-06-17 10:28:04,67.95,31,78444,143594,66.68,57390,1.95
2021-06-17 10:28:06,67.95,31,78676,143260,66.68,57421,1.95
2021-06-17 10:28:09,67.95,31,78653,143172,66.68,57421,1.95
2021-06-17 10:28:11,68.15,11,78592,142693,66.68,57597,2.25
2021-06-17 10:28:13,68.1,75,78592,142693,66.68,57597,2.18
2021-06-17 10:28:15,68.1,75,79105,142473,66.68,57682,2.18
2021-06-17 10:28:15,68.2,10,79105,142473,66.68,57682,2.33
2021-06-17 10:28:18,68.2,10,79360,142499,66.68,57692,2.33
2021-06-17 10:28:18,68.15,20,79360,142499,66.68,57692,2.25
2021-06-17 10:28:20,68.15,20,79611,142584,66.68,57712,2.25
2021-06-17 10:28:22,68.4,172,79611,142584,66.68,57712,2.63
2021-06-17 10:28:23,68.4,172,79711,141542,66.71,58712,2.63
2021-06-17 10:28:27,68.45,103,79711,141542,66.71,58712,2.7
2021-06-17 10:28:28,68.45,103,79479,141289,66.72,59012,2.7
2021-06-17 10:28:31,68.45,5,79498,141319,66.72,59012,2.7
2021-06-17 10:28:33,68.45,5,79498,141321,66.72,59017,2.7
2021-06-17 10:28:34,68.45,12,79498,141321,66.72,59017,2.7
2021-06-17 10:28:36,68.45,12,79507,141418,66.72,59029,2.7
2021-06-17 10:28:39,68.4,1,79557,142061,66.72,59030,2.63
2021-06-17 10:28:42,68.4,1,79439,143200,66.72,59030,2.63
2021-06-17 10:28:45,68.4,1,79477,144233,66.72,59030,2.63
2021-06-17 10:28:47,68.5,121,79497,143557,66.74,59530,2.78
2021-06-17 10:28:51,68.4,5,79497,143557,66.74,59530,2.63
2021-06-17 10:28:52,68.5,100,79463,143606,66.74,59540,2.78
2021-06-17 10:28:54,68.5,1,79463,143606,66.74,59540,2.78
2021-06-17 10:28:55,68.65,159,79459,144165,66.76,60179,3.0
2021-06-17 10:28:57,68.6,1,79459,144165,66.76,60179,2.93
2021-06-17 10:28:58,68.6,380,79451,144233,66.76,60181,2.93
2021-06-17 10:28:59,68.6,1,79451,144233,66.76,60181,2.93
2021-06-17 10:29:00,68.6,1,79426,142882,66.77,60685,2.93
2021-06-17 10:29:02,68.6,1,79426,142932,66.77,60686,2.93
2021-06-17 10:29:04,68.6,1,79426,143032,66.77,60686,2.93
2021-06-17 10:29:07,68.6,1,79446,143132,66.77,60686,2.93
2021-06-17 10:29:09,68.6,1,79446,143641,66.77,60686,2.93
2021-06-17 10:29:12,68.6,1,79446,143691,66.77,60686,2.93
2021-06-17 10:29:14,68.5,12,79446,143691,66.77,60686,2.78
2021-06-17 10:29:15,68.5,12,79415,143837,66.77,60699,2.78
2021-06-17 10:29:15,68.55,1,79415,143837,66.77,60699,2.85
2021-06-17 10:29:17,68.55,1,79434,143937,66.77,60700,2.85
2021-06-17 10:29:19,68.65,826,79434,143937,66.77,60700,3.0
2021-06-17 10:29:20,68.65,826,79496,142858,66.8,61700,3.0
2021-06-17 10:29:22,68.65,826,79616,142935,66.8,61700,3.0
2021-06-17 10:29:25,68.65,826,79646,142937,66.8,61700,3.0
2021-06-17 10:29:27,68.65,826,79141,142967,66.8,61700,3.0
2021-06-17 10:29:30,68.65,826,79225,142963,66.8,61700,3.0
2021-06-17 10:29:33,68.65,1,79225,142963,66.8,61700,3.0
2021-06-17 10:29:35,68.65,1,79403,142955,66.81,61804,3.0
2021-06-17 10:29:36,68.65,1,79403,142952,66.81,61807,3.0
2021-06-17 10:29:39,68.65,1,79403,142935,66.81,61807,3.0
2021-06-17 10:29:42,68.65,1,79408,143776,66.81,61807,3.0
2021-06-17 10:29:47,68.65,1,79408,143846,66.81,61807,3.0
2021-06-17 10:29:56,68.65,1,79292,143849,66.81,61807,3.0
2021-06-17 10:30:06,68.65,1,79279,143999,66.81,61807,3.0
2021-06-17 10:30:09,68.65,1,79284,143999,66.81,61807,3.0
2021-06-17 10:30:15,68.65,1,79303,144711,66.81,61807,3.0
2021-06-17 10:30:16,68.6,150,79303,144711,66.81,61807,2.93
2021-06-17 10:30:17,68.5,1,79303,144711,66.81,61807,2.78
2021-06-17 10:30:18,68.5,1,78974,144415,66.83,62830,2.78
2021-06-17 10:30:20,68.25,89,78974,144415,66.83,62830,2.4
2021-06-17 10:30:21,68.25,89,78425,145074,66.85,63488,2.4
2021-06-17 10:30:24,68.5,1,78585,144718,66.86,63853,2.78
2021-06-17 10:30:25,68.5,100,78585,144718,66.86,63853,2.78
2021-06-17 10:30:25,68.5,35,78585,144718,66.86,63853,2.78
2021-06-17 10:30:27,68.5,35,78485,144712,66.87,64488,2.78
2021-06-17 10:30:29,68.5,35,78448,144820,66.87,64488,2.78
2021-06-17 10:30:32,68.5,35,78833,144820,66.87,64488,2.78
2021-06-17 10:30:34,68.3,37,78810,144791,66.88,64538,2.48
2021-06-17 10:30:37,68.3,37,78797,145807,66.88,64538,2.48
2021-06-17 10:30:40,68.3,37,78910,145803,66.88,64538,2.48
2021-06-17 10:30:44,68.35,50,78910,145803,66.88,64538,2.55
2021-06-17 10:30:45,68.35,50,78880,145807,66.88,64588,2.55
2021-06-17 10:30:48,68.35,50,78943,145850,66.88,64588,2.55
2021-06-17 10:30:49,68.35,187,78943,145850,66.88,64588,2.55
2021-06-17 10:30:51,68.35,187,79010,145871,66.88,64838,2.55
2021-06-17 10:30:54,68.35,187,78973,145971,66.88,64838,2.55
2021-06-17 10:30:59,68.35,187,79092,146549,66.88,64838,2.55
2021-06-17 10:31:02,68.35,187,79092,146799,66.88,64838,2.55
2021-06-17 10:31:03,68.35,311,79092,146799,66.88,64838,2.55
2021-06-17 10:31:04,68.35,75,79092,146799,66.88,64838,2.55
2021-06-17 10:31:04,68.35,75,79060,146823,66.89,65338,2.55
2021-06-17 10:31:08,68.35,25,79060,146823,66.89,65338,2.55
2021-06-17 10:31:10,68.35,25,79079,146823,66.89,65363,2.55
2021-06-17 10:31:12,68.45,39,79079,146823,66.89,65363,2.7
2021-06-17 10:31:12,68.45,39,79013,146764,66.9,65413,2.7
2021-06-17 10:31:13,68.35,100,79013,146764,66.9,65413,2.55
2021-06-17 10:31:16,68.35,100,79077,146776,66.9,65513,2.55
2021-06-17 10:31:18,68.35,100,78938,146776,66.9,65613,2.55
2021-06-17 10:31:29,68.35,100,78938,143277,66.9,65613,2.55
2021-06-17 10:31:32,68.35,100,78938,138777,66.9,65613,2.55
2021-06-17 10:31:34,68.45,1,78938,138777,66.9,65613,2.7
2021-06-17 10:31:35,68.45,1,78970,136286,66.9,65614,2.7
2021-06-17 10:31:37,68.45,1,78939,136286,66.9,65614,2.7
2021-06-17 10:31:40,68.45,1,81438,140409,66.9,65614,2.7
2021-06-17 10:31:43,68.45,1,82938,140409,66.9,65614,2.7
2021-06-17 10:31:46,68.45,3,82938,140409,66.9,65614,2.7
2021-06-17 10:31:46,68.45,3,82970,141606,66.9,65617,2.7
2021-06-17 10:31:53,68.45,3,83438,141606,66.9,65617,2.7
2021-06-17 10:31:58,68.45,3,83088,141606,66.9,65617,2.7
2021-06-17 10:32:09,68.45,3,82938,141606,66.9,65617,2.7
2021-06-17 10:32:19,68.45,3,82938,141751,66.9,65617,2.7
2021-06-17 10:32:21,68.3,376,82938,141751,66.9,65617,2.48
2021-06-17 10:32:22,68.3,376,82856,141840,66.91,66215,2.48
2021-06-17 10:32:28,68.3,376,82957,142028,66.91,66215,2.48
2021-06-17 10:32:28,68.25,845,82957,142028,66.91,66215,2.4
2021-06-17 10:32:31,68.25,845,82741,142151,66.95,68060,2.4
2021-06-17 10:32:36,68.25,845,82748,142244,66.95,68060,2.4
2021-06-17 10:32:53,68.25,845,82748,142443,66.95,68060,2.4
2021-06-17 10:32:54,68.4,4,82748,142443,66.95,68060,2.63
2021-06-17 10:32:55,68.4,4,82769,142439,66.95,68066,2.63
2021-06-17 10:33:07,68.4,4,82750,142632,66.95,68066,2.63
2021-06-17 10:33:13,68.4,4,82767,142041,66.95,68066,2.63
2021-06-17 10:33:17,68.4,4,82543,142302,66.95,68066,2.63
2021-06-17 10:33:20,68.4,4,82543,142385,66.95,68066,2.63
2021-06-17 10:33:42,68.4,4,82526,142518,66.95,68066,2.63
2021-06-17 10:33:48,68.4,4,82526,142568,66.95,68066,2.63
2021-06-17 10:33:52,68.25,55,82526,142568,66.95,68066,2.4
2021-06-17 10:33:53,68.25,55,82312,142575,66.95,68121,2.4
2021-06-17 10:34:02,68.25,55,82293,142870,66.95,68121,2.4
2021-06-17 10:34:25,68.2,537,82136,142072,66.96,68919,2.33
2021-06-17 10:34:33,68.2,537,82116,142272,66.96,68919,2.33
2021-06-17 10:34:47,68.2,537,82116,142472,66.96,68919,2.33
2021-06-17 10:34:48,68.05,3,82116,142472,66.96,68919,2.1
2021-06-17 10:34:49,68.05,3,81909,141544,66.98,69919,2.1
2021-06-17 10:35:08,68.05,3,82047,141559,66.98,69919,2.1
2021-06-17 10:35:10,68.05,3,82069,141681,66.98,69919,2.1
2021-06-17 10:35:16,68.05,3,82069,141876,66.98,69919,2.1
2021-06-17 10:35:23,68.05,3,82069,145171,66.98,69919,2.1
2021-06-17 10:35:25,68.1,50,82069,145171,66.98,69919,2.18
2021-06-17 10:35:28,68.1,50,81915,145307,66.98,69969,2.18
2021-06-17 10:35:40,68.25,1,81915,145307,66.98,69969,2.4
2021-06-17 10:35:42,68.25,1,82018,145326,66.98,69970,2.4
2021-06-17 10:35:52,68.25,1,82036,145503,66.98,69970,2.4
2021-06-17 10:35:55,68.25,1,82036,145667,66.98,69970,2.4
2021-06-17 10:36:01,68.25,1,82336,145667,66.98,69970,2.4
2021-06-17 10:36:06,68.25,1,82319,145667,66.98,69970,2.4
2021-06-17 10:36:18,68.25,1,82319,145967,66.98,69970,2.4
2021-06-17 10:36:24,68.25,1,82319,145749,66.98,69970,2.4
2021-06-17 10:36:31,68.25,1,82489,150749,66.98,69970,2.4
2021-06-17 10:36:36,68.25,1,82606,150615,66.98,69970,2.4
2021-06-17 10:36:37,68.25,1,82587,150483,66.98,69972,2.4
2021-06-17 10:36:37,68.1,1,82587,150483,66.98,69972,2.18
2021-06-17 10:36:40,68.1,1,82482,150484,66.98,69973,2.18
2021-06-17 10:36:42,68.1,1,82465,150484,66.98,69973,2.18
2021-06-17 10:36:45,68.1,1,82582,150484,66.98,69973,2.18
2021-06-17 10:36:56,68.1,1,82484,150808,66.98,69973,2.18
2021-06-17 10:37:00,68.1,1,82484,150844,66.98,69973,2.18
2021-06-17 10:37:05,68.1,1,82547,150844,66.98,69973,2.18
2021-06-17 10:37:08,68.1,1,82547,151014,66.98,69973,2.18
2021-06-17 10:37:18,68.25,77,82547,151014,66.98,69973,2.4
2021-06-17 10:37:18,68.25,77,82547,150445,66.98,70081,2.4
2021-06-17 10:37:19,68.1,2,82547,150445,66.98,70081,2.18
2021-06-17 10:37:21,68.1,2,82589,150577,66.98,70083,2.18
2021-06-17 10:37:24,68.1,2,82548,150671,66.98,70083,2.18
2021-06-17 10:37:29,68.1,2,82548,150767,66.98,70083,2.18
2021-06-17 10:37:35,68.1,2,82548,150654,66.98,70083,2.18
2021-06-17 10:37:38,68.1,2,82548,150775,66.98,70083,2.18
2021-06-17 10:37:39,68.05,17,82548,150775,66.98,70083,2.1
2021-06-17 10:37:41,68.05,17,82465,150938,66.98,70133,2.1
2021-06-17 10:37:51,68.05,17,82465,151038,66.98,70133,2.1
2021-06-17 10:38:06,68.0,4,82465,151038,66.98,70133,2.03
2021-06-17 10:38:07,68.0,4,82334,151304,66.99,70478,2.03
2021-06-17 10:38:10,67.95,98,82192,151315,66.99,70601,1.95
2021-06-17 10:38:13,67.95,98,82192,151341,66.99,70601,1.95
2021-06-17 10:38:30,67.95,98,82152,151324,66.99,70601,1.95
2021-06-17 10:38:46,67.95,98,82152,151341,66.99,70601,1.95
2021-06-17 10:39:02,67.95,98,82148,151409,66.99,70601,1.95
2021-06-17 10:39:05,67.95,98,82115,151409,66.99,70601,1.95
2021-06-17 10:39:07,67.95,98,81963,151530,66.99,70601,1.95
2021-06-17 10:39:10,67.95,98,81919,151765,66.99,70601,1.95
2021-06-17 10:39:22,67.9,10,81919,151765,66.99,70601,1.88
2021-06-17 10:39:22,67.9,10,81929,151318,66.99,70611,1.88
2021-06-17 10:39:25,67.9,10,82417,150894,66.99,70611,1.88
2021-06-17 10:39:28,67.85,57,82417,150894,66.99,70611,1.8
2021-06-17 10:39:31,67.85,57,82388,150735,66.99,70668,1.8
2021-06-17 10:39:33,67.85,57,82388,150835,66.99,70668,1.8
2021-06-17 10:40:16,67.85,57,82388,150935,66.99,70668,1.8
2021-06-17 10:40:28,67.85,57,82063,151339,66.99,70668,1.8
2021-06-17 10:40:35,67.85,57,82043,151338,66.99,70668,1.8
2021-06-17 10:40:40,67.85,57,82043,151438,66.99,70668,1.8
2021-06-17 10:40:49,67.85,57,82043,151441,66.99,70668,1.8
2021-06-17 10:41:10,67.85,57,82043,151325,66.99,70668,1.8
2021-06-17 10:41:13,67.85,57,82259,151325,66.99,70668,1.8
2021-06-17 10:41:16,67.85,57,82359,151315,66.99,70668,1.8
2021-06-17 10:41:19,67.85,57,82362,151315,66.99,70668,1.8
2021-06-17 10:41:22,67.85,57,82360,151315,66.99,70668,1.8
2021-06-17 10:41:28,67.85,57,82259,152456,66.99,70668,1.8
2021-06-17 10:41:31,67.85,57,82257,152536,66.99,70668,1.8
2021-06-17 10:41:37,67.85,57,82257,152594,66.99,70668,1.8
2021-06-17 10:41:38,67.85,285,82257,152594,66.99,70668,1.8
2021-06-17 10:41:39,67.85,285,82295,152587,67.0,70968,1.8
2021-06-17 10:41:56,67.85,285,83295,152564,67.0,70968,1.8
2021-06-17 10:41:58,67.9,35,83295,152564,67.0,70968,1.88
2021-06-17 10:41:58,67.9,35,83295,152430,67.0,71068,1.88
2021-06-17 10:42:01,67.9,35,83295,152549,67.0,71068,1.88
2021-06-17 10:42:12,67.9,35,83314,152549,67.0,71068,1.88
2021-06-17 10:42:28,67.9,35,83314,152437,67.0,71068,1.88
2021-06-17 10:42:31,67.9,35,83314,152554,67.0,71068,1.88
2021-06-17 10:42:53,67.9,35,83364,152783,67.0,71068,1.88
2021-06-17 10:42:59,67.9,35,83404,152777,67.0,71068,1.88
2021-06-17 10:43:06,67.9,35,83423,152961,67.0,71068,1.88
2021-06-17 10:43:51,67.9,35,83423,152844,67.0,71068,1.88
2021-06-17 10:43:53,67.9,35,83423,152956,67.0,71068,1.88
2021-06-17 10:43:58,67.9,35,83423,152966,67.0,71068,1.88
2021-06-17 10:44:20,67.9,50,83423,152966,67.0,71068,1.88
2021-06-17 10:44:21,67.9,50,83404,152966,67.0,71118,1.88
2021-06-17 10:44:37,67.9,50,83423,153166,67.0,71118,1.88
2021-06-17 10:44:41,67.8,50,83423,153166,67.0,71118,1.73
2021-06-17 10:44:42,67.8,50,83393,153044,67.0,71179,1.73
2021-06-17 10:44:45,67.8,50,83197,153291,67.0,71179,1.73
2021-06-17 10:44:47,67.75,2,83197,153291,67.0,71179,1.65
2021-06-17 10:44:48,67.75,2,83178,153318,67.0,71181,1.65
2021-06-17 10:44:58,67.75,2,83186,154318,67.0,71181,1.65
2021-06-17 10:45:00,67.75,2,83167,154404,67.0,71181,1.65
2021-06-17 10:45:14,67.75,40,83167,154404,67.0,71181,1.65
2021-06-17 10:45:16,67.75,40,83167,154364,67.0,71221,1.65
2021-06-17 10:45:34,67.75,40,83167,154368,67.0,71221,1.65
2021-06-17 10:45:58,67.75,40,83167,154958,67.0,71221,1.65
2021-06-17 10:46:01,67.75,40,83167,154966,67.0,71221,1.65
2021-06-17 10:46:10,67.75,40,83264,154618,67.0,71221,1.65
2021-06-17 10:46:13,67.75,40,83246,154622,67.0,71221,1.65
2021-06-17 10:46:21,67.75,40,83262,154743,67.0,71221,1.65
2021-06-17 10:46:37,67.75,40,83196,154743,67.0,71221,1.65
2021-06-17 10:46:40,67.75,40,83197,154622,67.0,71221,1.65
2021-06-17 10:46:43,67.65,13,83197,154622,67.0,71221,1.5
2021-06-17 10:46:43,67.65,13,82910,154767,67.0,71518,1.5
2021-06-17 10:46:52,67.65,13,83127,154767,67.0,71518,1.5
2021-06-17 10:47:18,67.65,13,83127,154883,67.0,71518,1.5
2021-06-17 10:47:56,67.65,13,83110,154683,67.0,71518,1.5
2021-06-17 10:48:09,67.65,13,83137,154671,67.0,71518,1.5
2021-06-17 10:48:39,67.65,13,83259,154530,67.0,71518,1.5
2021-06-17 10:48:51,67.65,13,83137,154530,67.0,71518,1.5
2021-06-17 10:48:54,67.65,13,83235,154530,67.0,71518,1.5
2021-06-17 10:48:57,67.65,13,83137,154681,67.0,71518,1.5
2021-06-17 10:49:00,67.65,13,83137,154636,67.0,71518,1.5
2021-06-17 10:49:42,67.65,13,83167,154636,67.0,71518,1.5
2021-06-17 10:49:43,67.65,13,83167,154514,67.0,71518,1.5
2021-06-17 10:49:49,67.85,1,83167,154514,67.0,71518,1.8
2021-06-17 10:49:51,67.85,1,83387,154535,67.0,71519,1.8
2021-06-17 10:50:01,67.85,1,83388,154535,67.0,71519,1.8
2021-06-17 10:50:03,67.85,1,83388,154553,67.0,71519,1.8
2021-06-17 10:50:06,67.85,1,83273,154553,67.0,71519,1.8
2021-06-17 10:50:11,67.85,1,83273,154654,67.0,71519,1.8
2021-06-17 10:50:16,67.85,1,83273,154651,67.0,71519,1.8
2021-06-17 10:50:19,67.85,1,83273,154535,67.0,71519,1.8
2021-06-17 10:50:22,67.85,1,83273,154657,67.0,71519,1.8
2021-06-17 10:50:25,67.85,1,83304,154650,67.0,71519,1.8
2021-06-17 10:50:33,67.85,1,83304,156252,67.0,71519,1.8
2021-06-17 10:50:44,67.85,1,83304,156267,67.0,71519,1.8
2021-06-17 10:51:04,67.85,1,83288,156277,67.0,71519,1.8
2021-06-17 10:51:12,67.85,1,83288,156162,67.0,71519,1.8
2021-06-17 10:51:24,67.85,1,83407,156094,67.0,71519,1.8
2021-06-17 10:51:27,67.85,1,83477,156104,67.0,71519,1.8
2021-06-17 10:51:30,67.85,1,83475,156104,67.0,71519,1.8
2021-06-17 10:51:36,67.85,1,83358,156104,67.0,71519,1.8
2021-06-17 10:51:37,67.85,13,83358,156104,67.0,71519,1.8
2021-06-17 10:51:38,67.85,13,83655,156216,67.0,71534,1.8
2021-06-17 10:51:43,67.85,13,83655,156226,67.0,71534,1.8
2021-06-17 10:51:49,67.85,13,83788,156111,67.0,71534,1.8
2021-06-17 10:52:04,67.85,13,83777,157111,67.0,71534,1.8
2021-06-17 10:52:09,67.85,13,83797,157111,67.0,71534,1.8
2021-06-17 10:52:22,67.85,13,83778,156861,67.0,71534,1.8
2021-06-17 10:52:25,67.85,13,83678,156861,67.0,71534,1.8
2021-06-17 10:52:27,67.85,13,83773,156861,67.0,71534,1.8
2021-06-17 10:52:30,67.85,13,83792,156861,67.0,71534,1.8
2021-06-17 10:52:32,67.85,13,83774,157111,67.0,71534,1.8
2021-06-17 10:52:42,67.85,13,83774,157211,67.0,71534,1.8
2021-06-17 10:52:45,67.85,13,83678,157329,67.0,71534,1.8
2021-06-17 10:52:48,67.85,13,83678,157211,67.0,71534,1.8
2021-06-17 10:52:54,67.85,13,83770,157211,67.0,71534,1.8
2021-06-17 10:52:59,67.85,13,83764,157211,67.0,71534,1.8
2021-06-17 10:53:01,67.85,13,83782,157238,67.0,71534,1.8
2021-06-17 10:53:04,67.85,13,83782,157131,67.0,71534,1.8
2021-06-17 10:53:09,67.85,13,83654,157249,67.0,71534,1.8
2021-06-17 10:53:12,67.85,13,83672,157137,67.0,71534,1.8
2021-06-17 10:53:15,67.9,167,83672,157137,67.0,71534,1.88
2021-06-17 10:53:19,67.9,167,83656,157121,67.0,71734,1.88
2021-06-17 10:53:21,68.0,1,83656,157121,67.0,71734,2.03
2021-06-17 10:53:22,68.0,1,83746,156625,67.01,71934,2.03
2021-06-17 10:53:24,68.0,1,83746,156756,67.01,71934,2.03
2021-06-17 10:53:37,68.0,1,83796,156652,67.01,71934,2.03
2021-06-17 10:53:40,68.0,1,83691,156752,67.01,71934,2.03
2021-06-17 10:53:45,68.0,1,83691,156751,67.01,71934,2.03
2021-06-17 10:53:48,68.0,1,83691,156640,67.01,71934,2.03
2021-06-17 10:53:51,68.0,1,83755,156654,67.01,71934,2.03
2021-06-17 10:53:53,68.0,1,83956,156654,67.01,71934,2.03
2021-06-17 10:54:00,68.0,1,84156,156654,67.01,71934,2.03
2021-06-17 10:54:04,68.0,1,83712,156880,67.01,71934,2.03
2021-06-17 10:54:16,68.0,1,84712,156880,67.01,71934,2.03
2021-06-17 10:54:19,68.0,1,85712,156880,67.01,71934,2.03
2021-06-17 10:54:54,68.0,1,85896,156789,67.01,71934,2.03
2021-06-17 10:54:57,68.0,1,85896,156948,67.01,71934,2.03
2021-06-17 10:55:00,68.0,1,86018,156838,67.01,71934,2.03
2021-06-17 10:55:04,68.0,1,85896,156949,67.01,71934,2.03
2021-06-17 10:55:09,68.0,1,85896,156838,67.01,71934,2.03
2021-06-17 10:55:17,68.0,1,85896,156828,67.01,71934,2.03
2021-06-17 10:55:20,68.0,1,85896,156942,67.01,71934,2.03
2021-06-17 10:55:23,68.0,1,85914,156944,67.01,71934,2.03
2021-06-17 10:55:44,68.0,1,85914,156828,67.01,71934,2.03
2021-06-17 10:55:47,68.0,1,85914,156878,67.01,71934,2.03
2021-06-17 10:56:01,68.0,1,85953,156878,67.01,71934,2.03
2021-06-17 10:56:03,68.0,1,85971,156999,67.01,71934,2.03
2021-06-17 10:56:22,68.0,1,86187,156878,67.01,71934,2.03
2021-06-17 10:56:37,68.0,1,86190,156978,67.01,71934,2.03
2021-06-17 10:56:44,68.0,1,86077,156978,67.01,71934,2.03
2021-06-17 10:56:49,68.0,1,86092,156978,67.01,71934,2.03
2021-06-17 10:56:54,68.0,1,86092,156994,67.01,71934,2.03
2021-06-17 10:56:59,68.0,1,85893,157088,67.01,71934,2.03
2021-06-17 10:57:01,68.0,1,85893,157090,67.01,71934,2.03
2021-06-17 10:57:13,67.85,68,85893,157090,67.01,71934,1.8
2021-06-17 10:57:14,67.85,68,85807,157078,67.01,72057,1.8
2021-06-17 10:57:15,67.8,123,85807,157078,67.01,72057,1.73
2021-06-17 10:57:16,67.8,123,85836,157532,67.01,72180,1.73
2021-06-17 10:57:17,67.8,77,85836,157532,67.01,72180,1.73
2021-06-17 10:57:19,67.8,77,85284,157827,67.01,72257,1.73
2021-06-17 10:57:22,67.8,77,85284,157851,67.01,72257,1.73
2021-06-17 10:58:03,67.8,77,85284,157951,67.01,72257,1.73
2021-06-17 10:58:09,67.8,77,85283,157948,67.01,72257,1.73
2021-06-17 10:58:16,67.8,77,85302,157988,67.01,72257,1.73
2021-06-17 10:58:19,67.7,1,85301,157988,67.01,72258,1.58
2021-06-17 10:58:23,67.7,1,85351,157988,67.01,72258,1.58
2021-06-17 10:58:33,67.7,1,85351,157788,67.01,72258,1.58
2021-06-17 10:58:35,67.7,1,85351,157341,67.01,72258,1.58
2021-06-17 10:58:42,67.7,1,85351,157340,67.01,72258,1.58
2021-06-17 10:58:56,67.7,1,85351,157424,67.01,72258,1.58
2021-06-17 10:58:59,67.7,1,85351,157534,67.01,72258,1.58
2021-06-17 10:59:01,67.7,1,85351,157734,67.01,72258,1.58
2021-06-17 10:59:16,67.7,1,85300,157734,67.01,72258,1.58
2021-06-17 10:59:19,67.7,1,85301,157734,67.01,72258,1.58
2021-06-17 10:59:31,67.7,1,85401,157736,67.01,72258,1.58
2021-06-17 10:59:47,67.7,1,85401,157635,67.01,72258,1.58
2021-06-17 10:59:50,67.7,1,85820,158008,67.01,72258,1.58
2021-06-17 10:59:52,67.7,1,85801,158008,67.01,72258,1.58
2021-06-17 10:59:55,67.7,1,85820,158129,67.01,72258,1.58
2021-06-17 11:00:09,67.65,3,86133,158431,67.01,72263,1.5
2021-06-17 11:00:13,67.7,4,86133,158431,67.01,72263,1.58
2021-06-17 11:00:14,67.7,4,86364,158517,67.01,72267,1.58
2021-06-17 11:00:19,67.65,53,86364,158517,67.01,72267,1.5
2021-06-17 11:00:22,67.65,53,86167,158493,67.01,72328,1.5
2021-06-17 11:00:25,67.65,53,86167,158561,67.01,72328,1.5
2021-06-17 11:00:35,67.65,14,86167,158561,67.01,72328,1.5
2021-06-17 11:00:37,67.6,100,86198,158681,67.01,72423,1.43
2021-06-17 11:00:39,67.6,100,85643,158897,67.02,72893,1.43
2021-06-17 11:00:56,67.6,100,85679,159255,67.02,72893,1.43
2021-06-17 11:00:58,67.6,100,85682,159747,67.02,72893,1.43
2021-06-17 11:01:01,67.6,100,85662,159847,67.02,72893,1.43
2021-06-17 11:01:07,67.6,100,85643,159847,67.02,72893,1.43
2021-06-17 11:01:11,67.6,100,85543,159847,67.02,72893,1.43
2021-06-17 11:01:41,67.6,100,85535,159847,67.02,72893,1.43
2021-06-17 11:02:00,67.6,100,85615,159847,67.02,72893,1.43
2021-06-17 11:02:18,67.6,100,85515,159853,67.02,72893,1.43
2021-06-17 11:02:21,67.6,100,85415,159853,67.02,72893,1.43
2021-06-17 11:02:29,67.6,100,85315,159753,67.02,72893,1.43
2021-06-17 11:02:34,67.6,100,85315,159760,67.02,72893,1.43
2021-06-17 11:02:37,67.6,100,85315,159660,67.02,72893,1.43
2021-06-17 11:03:00,67.6,100,85215,159560,67.02,72893,1.43
2021-06-17 11:03:41,67.6,100,85215,159460,67.02,72893,1.43
2021-06-17 11:04:16,67.6,100,85215,161718,67.02,72893,1.43
2021-06-17 11:04:22,67.6,100,85215,161603,67.02,72893,1.43
2021-06-17 11:04:24,67.6,100,85215,161715,67.02,72893,1.43
2021-06-17 11:04:51,67.6,100,85265,161734,67.02,72893,1.43
2021-06-17 11:05:16,67.6,100,85265,161733,67.02,72893,1.43
2021-06-17 11:05:22,67.6,100,85265,161622,67.02,72893,1.43
2021-06-17 11:05:24,67.6,100,85265,161735,67.02,72893,1.43
2021-06-17 11:05:30,67.6,100,85265,161621,67.02,72893,1.43
2021-06-17 11:05:33,67.6,100,85283,161732,67.02,72893,1.43
2021-06-17 11:06:09,67.6,100,85283,161685,67.02,72893,1.43
2021-06-17 11:06:11,67.6,100,85283,161937,67.02,72893,1.43
2021-06-17 11:06:36,67.6,100,85283,161804,67.02,72893,1.43
2021-06-17 11:06:39,67.6,100,85183,161804,67.02,72893,1.43
2021-06-17 11:06:43,67.6,100,85183,161925,67.02,72893,1.43
2021-06-17 11:06:59,67.6,100,85183,161819,67.02,72893,1.43
2021-06-17 11:07:04,67.6,100,85407,161819,67.02,72893,1.43
2021-06-17 11:07:11,67.6,100,85269,161819,67.02,72893,1.43
2021-06-17 11:07:15,67.6,100,85380,162185,67.02,72893,1.43
2021-06-17 11:07:20,67.6,100,85382,162185,67.02,72893,1.43
2021-06-17 11:07:55,67.6,100,85269,162185,67.02,72893,1.43
2021-06-17 11:08:02,67.6,100,85269,163085,67.02,72893,1.43
2021-06-17 11:08:18,67.6,100,85408,163154,67.02,72893,1.43
2021-06-17 11:08:37,67.6,100,85410,163135,67.02,72893,1.43
2021-06-17 11:08:39,67.6,100,85290,163143,67.02,72893,1.43
2021-06-17 11:08:43,67.6,100,85412,163135,67.02,72893,1.43
2021-06-17 11:08:45,67.6,100,85412,162735,67.02,72893,1.43
2021-06-17 11:09:49,67.6,100,85290,162848,67.02,72893,1.43
2021-06-17 11:09:52,67.6,100,85290,162735,67.02,72893,1.43
2021-06-17 11:09:57,67.6,100,85432,162735,67.02,72893,1.43
2021-06-17 11:10:03,67.6,100,85310,162735,67.02,72893,1.43
2021-06-17 11:10:07,67.55,1,85310,162735,67.02,72893,1.35
2021-06-17 11:10:07,67.6,1,85968,163082,67.02,72900,1.43
2021-06-17 11:10:08,67.4,106,85968,163082,67.02,72900,1.13
2021-06-17 11:10:09,67.55,1,85968,163082,67.02,72900,1.35
2021-06-17 11:10:10,67.55,1,85365,163459,67.02,73902,1.35
2021-06-17 11:10:21,67.5,1,85365,163459,67.02,73902,1.28
2021-06-17 11:10:23,67.5,1,85366,163459,67.02,73903,1.28
2021-06-17 11:11:07,67.35,19,85366,163459,67.02,73903,1.05
2021-06-17 11:11:17,67.45,36,85366,163459,67.02,73903,1.2
2021-06-17 11:11:18,67.45,36,85511,163704,67.02,73993,1.2
2021-06-17 11:11:20,67.45,36,85511,163796,67.02,73993,1.2
2021-06-17 11:11:47,67.5,1,85511,163796,67.02,73993,1.28
2021-06-17 11:11:48,67.5,1,86446,163363,67.02,74069,1.28
2021-06-17 11:11:51,67.5,1,86616,163445,67.02,74069,1.28
2021-06-17 11:11:51,67.55,1,86616,163445,67.02,74069,1.35
2021-06-17 11:11:52,67.5,11,86616,163445,67.02,74069,1.28
2021-06-17 11:11:52,67.4,1,86616,163445,67.02,74069,1.13
2021-06-17 11:11:53,67.4,1,85867,163829,67.02,74101,1.13
2021-06-17 11:11:56,67.4,1,85885,164037,67.02,74101,1.13
2021-06-17 11:12:03,67.4,1,85887,164037,67.02,74101,1.13
2021-06-17 11:12:10,67.4,1,85906,164227,67.02,74101,1.13
2021-06-17 11:12:52,67.4,1,85787,164227,67.02,74101,1.13
2021-06-17 11:13:15,67.4,1,87017,164106,67.02,74101,1.13
2021-06-17 11:13:28,67.4,1,87017,167139,67.02,74101,1.13
2021-06-17 11:13:30,67.4,1,87116,167033,67.02,74101,1.13
2021-06-17 11:13:35,67.4,1,87166,167033,67.02,74101,1.13
2021-06-17 11:13:41,67.5,2,87166,167033,67.02,74101,1.28
2021-06-17 11:13:43,67.5,2,87166,166995,67.02,74121,1.28
2021-06-17 11:13:55,67.5,2,87166,166795,67.02,74121,1.28
2021-06-17 11:14:00,67.5,2,85919,166924,67.02,74121,1.28
2021-06-17 11:14:10,67.5,2,85919,166814,67.02,74121,1.28
2021-06-17 11:14:13,67.5,2,85937,166814,67.02,74121,1.28
2021-06-17 11:14:20,67.3,1,85937,166814,67.02,74121,0.98
2021-06-17 11:14:21,67.3,1,85582,167356,67.02,74408,0.98
2021-06-17 11:14:28,67.3,1,85320,167489,67.02,74408,0.98
2021-06-17 11:14:30,67.3,1,85430,167489,67.02,74408,0.98
2021-06-17 11:14:51,67.3,1,85546,167505,67.02,74408,0.98
2021-06-17 11:15:15,67.3,1,85563,167489,67.02,74408,0.98
2021-06-17 11:15:23,67.45,3,85563,167489,67.02,74408,1.2
2021-06-17 11:15:24,67.45,3,85897,167400,67.02,74413,1.2
2021-06-17 11:15:33,67.45,3,85766,167284,67.02,74413,1.2
2021-06-17 11:15:36,67.45,3,85784,167394,67.02,74413,1.2
2021-06-17 11:15:39,67.45,3,85784,167747,67.02,74413,1.2
2021-06-17 11:15:49,67.45,3,85784,167753,67.02,74413,1.2
2021-06-17 11:15:51,67.45,3,85784,167637,67.02,74413,1.2
2021-06-17 11:16:01,67.45,3,85784,167635,67.02,74413,1.2
2021-06-17 11:16:04,67.45,3,85766,167635,67.02,74413,1.2
2021-06-17 11:16:09,67.45,3,85926,167635,67.02,74413,1.2
2021-06-17 11:16:16,67.45,3,85933,167635,67.02,74413,1.2
2021-06-17 11:16:19,67.45,3,85816,167635,67.02,74413,1.2
2021-06-17 11:16:22,67.45,3,85716,167475,67.02,74413,1.2
2021-06-17 11:16:24,67.45,3,85616,167475,67.02,74413,1.2
2021-06-17 11:16:33,67.4,19,85616,167475,67.02,74413,1.13
2021-06-17 11:16:34,67.4,19,86811,166920,67.02,74462,1.13
2021-06-17 11:16:35,67.5,1,86811,166920,67.02,74462,1.28
2021-06-17 11:16:37,67.5,1,86816,166844,67.02,74463,1.28
2021-06-17 11:16:40,67.5,1,86886,166958,67.02,74463,1.28
2021-06-17 11:16:53,67.5,1,86786,166958,67.02,74463,1.28
2021-06-17 11:17:06,67.5,1,86782,166844,67.02,74463,1.28
2021-06-17 11:17:41,67.5,1,86682,166844,67.02,74463,1.28
2021-06-17 11:17:43,67.5,1,86682,166852,67.02,74464,1.28
2021-06-17 11:17:51,67.5,1,86679,166852,67.02,74464,1.28
2021-06-17 11:17:59,67.5,1,86567,166852,67.02,74464,1.28
2021-06-17 11:18:02,67.5,1,86685,166852,67.02,74464,1.28
2021-06-17 11:18:13,67.5,1,86579,166852,67.02,74464,1.28
2021-06-17 11:18:18,67.5,1,86467,166852,67.02,74464,1.28
2021-06-17 11:18:21,67.5,1,86580,166952,67.02,74464,1.28
2021-06-17 11:18:23,67.5,1,86584,166943,67.02,74464,1.28
2021-06-17 11:18:34,67.5,1,86584,166843,67.02,74464,1.28
2021-06-17 11:18:43,67.35,28,86584,166843,67.02,74464,1.05
2021-06-17 11:18:45,67.35,28,86185,167298,67.03,74994,1.05
2021-06-17 11:19:10,67.35,28,86175,167345,67.03,74994,1.05
2021-06-17 11:19:13,67.35,28,86175,168345,67.03,74994,1.05
2021-06-17 11:19:18,67.35,28,86175,168232,67.03,74994,1.05
2021-06-17 11:19:21,67.35,28,86175,168353,67.03,74994,1.05
2021-06-17 11:19:33,67.35,28,86175,169232,67.03,74994,1.05
2021-06-17 11:19:40,67.35,28,86175,170232,67.03,74994,1.05
2021-06-17 11:19:42,67.35,28,86220,170348,67.03,74994,1.05
2021-06-17 11:19:44,67.35,28,86323,170232,67.03,74994,1.05
2021-06-17 11:19:52,67.35,28,86321,169232,67.03,74994,1.05
2021-06-17 11:20:11,67.35,28,86314,169232,67.03,74994,1.05
2021-06-17 11:20:16,67.35,28,86325,169232,67.03,74994,1.05
2021-06-17 11:20:28,67.35,28,86317,169232,67.03,74994,1.05
2021-06-17 11:20:36,67.35,28,86318,169232,67.03,74994,1.05
2021-06-17 11:20:39,67.35,28,86203,169232,67.03,74994,1.05
2021-06-17 11:20:39,67.4,6,86203,169232,67.03,74994,1.13
2021-06-17 11:20:49,67.4,6,86313,169232,67.03,75000,1.13
2021-06-17 11:21:00,67.4,6,86197,169232,67.03,75000,1.13
2021-06-17 11:21:02,67.4,6,86307,169232,67.03,75000,1.13
2021-06-17 11:21:04,67.4,6,86317,169120,67.03,75000,1.13
2021-06-17 11:21:14,67.4,6,86317,170131,67.03,75000,1.13
2021-06-17 11:21:21,67.4,6,86197,170752,67.03,75000,1.13
2021-06-17 11:21:24,67.4,6,86197,170631,67.03,75000,1.13
2021-06-17 11:21:29,67.4,6,86197,170863,67.03,75000,1.13
2021-06-17 11:21:57,67.4,6,86310,170744,67.03,75000,1.13
2021-06-17 11:22:03,67.4,6,86197,170744,67.03,75000,1.13
2021-06-17 11:22:05,67.4,6,86197,170864,67.03,75000,1.13
2021-06-17 11:22:08,67.4,6,86266,170864,67.03,75000,1.13
2021-06-17 11:22:10,67.4,6,86266,170744,67.03,75000,1.13
2021-06-17 11:22:13,67.4,6,86266,170847,67.03,75000,1.13
2021-06-17 11:22:15,67.4,6,86266,170733,67.03,75000,1.13
2021-06-17 11:22:27,67.4,6,86283,170733,67.03,75000,1.13
2021-06-17 11:22:28,67.45,89,86283,170733,67.03,75000,1.2
2021-06-17 11:22:30,67.45,89,85871,171110,67.03,75089,1.2
2021-06-17 11:22:36,67.35,19,85871,171110,67.03,75089,1.05
2021-06-17 11:22:36,67.35,19,85777,171099,67.03,75200,1.05
2021-06-17 11:22:52,67.35,19,85720,171155,67.03,75200,1.05
2021-06-17 11:22:55,67.35,19,85295,171287,67.03,75200,1.05
2021-06-17 11:23:03,67.1,11,85295,171287,67.03,75200,0.68
2021-06-17 11:23:05,67.1,11,84483,171367,67.03,76200,0.68
2021-06-17 11:23:12,67.1,11,84733,171277,67.03,76200,0.68
2021-06-17 11:23:28,67.1,11,84747,170982,67.03,76200,0.68
2021-06-17 11:23:37,67.25,88,84747,170982,67.03,76200,0.9
2021-06-17 11:23:40,67.25,88,85091,170786,67.03,76413,0.9
2021-06-17 11:23:57,67.25,88,85076,170786,67.03,76413,0.9
2021-06-17 11:24:02,67.25,88,85319,170803,67.03,76413,0.9
2021-06-17 11:24:09,67.25,2,85319,170803,67.03,76413,0.9
2021-06-17 11:24:10,67.25,2,85673,170404,67.03,76527,0.9
2021-06-17 11:24:20,67.25,2,85663,170672,67.03,76527,0.9
2021-06-17 11:24:27,67.25,2,85796,170755,67.03,76527,0.9
2021-06-17 11:24:48,67.25,2,85973,170687,67.03,76527,0.9
2021-06-17 11:25:18,67.45,1,86130,170691,67.03,76528,1.2
2021-06-17 11:25:21,67.3,2,86127,170644,67.03,76532,0.98
2021-06-17 11:25:27,67.3,2,86229,170798,67.03,76532,0.98
2021-06-17 11:25:35,67.3,2,86239,170898,67.03,76532,0.98
2021-06-17 11:25:46,67.5,1,86239,170898,67.03,76532,1.28
2021-06-17 11:25:47,67.6,1,86239,170898,67.03,76532,1.43
2021-06-17 11:25:48,67.6,1,86623,170007,67.03,76601,1.43
2021-06-17 11:25:50,67.6,1,86618,169938,67.03,76601,1.43
2021-06-17 11:25:58,67.6,67,86791,169706,67.03,76700,1.43
2021-06-17 11:26:01,67.6,67,86791,169805,67.03,76700,1.43
2021-06-17 11:26:04,67.65,1,86791,169805,67.03,76700,1.5
2021-06-17 11:26:06,67.65,1,85600,169677,67.04,77683,1.5
2021-06-17 11:26:09,67.65,1,85600,169785,67.04,77683,1.5
2021-06-17 11:26:12,67.65,1,85600,169910,67.04,77683,1.5
2021-06-17 11:26:14,67.65,1,85600,169902,67.04,77683,1.5
2021-06-17 11:26:21,67.65,1,85600,169784,67.04,77683,1.5
2021-06-17 11:26:23,67.65,1,85600,169993,67.04,77683,1.5
2021-06-17 11:26:55,67.65,1,85600,171883,67.04,77683,1.5
2021-06-17 11:26:58,67.5,61,85600,172002,67.04,77683,1.28
2021-06-17 11:26:58,67.5,1,85600,172002,67.04,77683,1.28
2021-06-17 11:27:00,67.5,1,84821,173216,67.04,77747,1.28
2021-06-17 11:27:02,67.5,1,84863,173394,67.04,77747,1.28
2021-06-17 11:27:07,67.5,1,84863,173530,67.04,77747,1.28
2021-06-17 11:27:34,67.5,1,84959,173420,67.04,77747,1.28
2021-06-17 11:27:47,67.5,1,84975,173437,67.04,77747,1.28
2021-06-17 11:28:00,67.5,1,84975,173487,67.04,77747,1.28
2021-06-17 11:28:07,67.5,1,85175,173487,67.04,77747,1.28
2021-06-17 11:28:10,67.5,1,85175,173388,67.04,77747,1.28
2021-06-17 11:28:15,67.5,1,85188,173487,67.04,77747,1.28
2021-06-17 11:28:17,67.5,1,85556,173592,67.04,77747,1.28
2021-06-17 11:28:26,67.45,79,85556,173592,67.04,77747,1.2
2021-06-17 11:28:27,67.45,79,86449,172708,67.04,77847,1.2
2021-06-17 11:28:29,67.45,79,86431,172864,67.04,77847,1.2
2021-06-17 11:28:33,67.35,68,86431,172864,67.04,77847,1.05
2021-06-17 11:28:35,67.35,68,86164,172870,67.04,78047,1.05
2021-06-17 11:28:47,67.45,100,86164,172870,67.04,78047,1.2
2021-06-17 11:28:48,67.45,100,86307,172754,67.04,78147,1.2
2021-06-17 11:29:05,67.45,100,86207,172754,67.04,78147,1.2
2021-06-17 11:29:31,67.55,11,86207,172754,67.04,78147,1.35
2021-06-17 11:29:31,67.55,11,86534,172736,67.04,78307,1.35
2021-06-17 11:29:37,67.55,11,87090,172450,67.04,78307,1.35
2021-06-17 11:29:38,67.6,1,87090,172450,67.04,78307,1.43
2021-06-17 11:29:39,67.6,1,87044,172348,67.04,78308,1.43
2021-06-17 11:29:54,67.6,1,87244,172348,67.04,78308,1.43
2021-06-17 11:30:00,67.6,1,87444,172348,67.04,78308,1.43
2021-06-17 11:30:03,67.6,1,87444,172465,67.04,78308,1.43
2021-06-17 11:30:54,67.5,10,87444,172465,67.04,78308,1.28
2021-06-17 11:30:56,67.5,10,87721,172803,67.04,78338,1.28
2021-06-17 11:31:25,67.5,10,87129,173041,67.04,78338,1.28
2021-06-17 11:31:33,67.5,10,87043,173041,67.04,78338,1.28
2021-06-17 11:31:48,67.5,10,87063,173041,67.04,78338,1.28
2021-06-17 11:31:52,67.5,10,87063,173038,67.04,78338,1.28
2021-06-17 11:32:16,67.5,10,87063,172928,67.04,78338,1.28
2021-06-17 11:32:22,67.4,7,87063,172928,67.04,78338,1.13
2021-06-17 11:32:24,67.5,9,86667,173516,67.04,78448,1.28
2021-06-17 11:33:13,67.5,9,86651,173531,67.04,78448,1.28
2021-06-17 11:33:24,67.5,9,86651,174531,67.04,78448,1.28
2021-06-17 11:33:43,67.5,9,86651,177540,67.04,78448,1.28
2021-06-17 11:33:51,67.5,1,86651,177540,67.04,78448,1.28
2021-06-17 11:34:21,67.5,1,86661,177401,67.04,78449,1.28
2021-06-17 11:34:23,67.5,1,86677,177521,67.04,78449,1.28
2021-06-17 11:34:25,67.5,1,86677,177321,67.04,78449,1.28
2021-06-17 11:34:35,67.5,1,86402,177223,67.04,78449,1.28
2021-06-17 11:34:37,67.3,80,86402,177223,67.04,78449,0.98
2021-06-17 11:34:39,67.3,80,86393,177147,67.04,78849,0.98
2021-06-17 11:34:42,67.3,80,86321,177217,67.04,78849,0.98
2021-06-17 11:34:52,67.3,80,86321,177246,67.04,78849,0.98
2021-06-17 11:35:06,67.3,80,86221,177246,67.04,78849,0.98
2021-06-17 11:35:09,67.3,80,86121,177246,67.04,78849,0.98
2021-06-17 11:35:30,67.2,29,86121,177246,67.04,78849,0.83
2021-06-17 11:35:31,67.2,29,86116,177331,67.04,79049,0.83
2021-06-17 11:35:48,67.2,29,86101,177690,67.04,79049,0.83
2021-06-17 11:36:01,67.2,29,86001,177690,67.04,79049,0.83
2021-06-17 11:36:04,67.2,29,86001,181748,67.04,79049,0.83
2021-06-17 11:36:51,67.1,94,86001,181748,67.04,79049,0.68
2021-06-17 11:36:52,67.1,94,85779,181839,67.04,79549,0.68
2021-06-17 11:38:10,67.1,94,85159,181854,67.04,79549,0.68
2021-06-17 11:38:33,67.1,94,85159,181992,67.04,79549,0.68
2021-06-17 11:38:44,67.1,94,85011,181892,67.04,79549,0.68
2021-06-17 11:38:47,67.1,94,85021,181792,67.04,79549,0.68
2021-06-17 11:39:22,67.1,94,85111,181790,67.04,79549,0.68
2021-06-17 11:40:31,67.1,94,84994,181659,67.04,79549,0.68
2021-06-17 11:40:34,67.1,94,84994,181781,67.04,79549,0.68
2021-06-17 11:40:37,67.1,94,84994,181771,67.04,79549,0.68
2021-06-17 11:40:43,67.1,94,85112,181771,67.04,79549,0.68
2021-06-17 11:40:46,67.1,94,85059,187243,67.04,79549,0.68
2021-06-17 11:40:49,67.1,94,85171,190287,67.04,79549,0.68
2021-06-17 11:42:05,67.05,43,85171,190287,67.04,79549,0.6
2021-06-17 11:42:06,67.05,43,85470,190709,67.04,79607,0.6
2021-06-17 11:42:14,67.05,43,85342,190709,67.04,79607,0.6
2021-06-17 11:42:19,67.05,43,85343,190709,67.04,79607,0.6
2021-06-17 11:42:21,67.05,43,85784,190720,67.04,79607,0.6
2021-06-17 11:42:28,67.05,43,85834,190720,67.04,79607,0.6
2021-06-17 11:44:24,67.25,14,85834,190720,67.04,79607,0.9
2021-06-17 11:45:11,67.25,14,86485,190558,67.04,79622,0.9
2021-06-17 11:45:35,67.25,14,86457,190458,67.04,79622,0.9
2021-06-17 11:45:48,67.25,14,85982,191178,67.04,79622,0.9
2021-06-17 11:45:49,67.25,14,85974,191168,67.04,79622,0.9
2021-06-17 11:45:54,67.25,14,85961,191170,67.04,79622,0.9
2021-06-17 11:45:55,67.25,14,85961,191070,67.04,79622,0.9
2021-06-17 11:46:02,67.25,14,86461,191070,67.04,79622,0.9
2021-06-17 11:46:25,67.25,14,86328,190977,67.04,79622,0.9
2021-06-17 11:47:06,67.25,14,86228,190977,67.04,79622,0.9
2021-06-17 11:47:19,67.25,14,86128,190857,67.04,79622,0.9
2021-06-17 11:47:22,67.25,14,86128,190979,67.04,79622,0.9
2021-06-17 11:47:29,67.25,14,86149,190979,67.04,79622,0.9
2021-06-17 11:47:31,67.25,14,86382,190868,67.04,79622,0.9
2021-06-17 11:47:44,67.25,14,86269,190967,67.04,79622,0.9
2021-06-17 11:47:55,67.25,14,86269,190974,67.04,79622,0.9
2021-06-17 11:47:57,67.25,14,86269,190857,67.04,79622,0.9
2021-06-17 11:48:00,67.25,14,86280,190972,67.04,79622,0.9
2021-06-17 11:48:12,67.25,14,86280,190970,67.04,79622,0.9
2021-06-17 11:48:16,67.25,14,86280,190857,67.04,79622,0.9
2021-06-17 11:48:21,67.25,14,86280,190969,67.04,79622,0.9
2021-06-17 11:48:37,67.25,14,86402,190715,67.04,79622,0.9
2021-06-17 11:49:13,67.25,14,86280,190715,67.04,79622,0.9
2021-06-17 11:49:16,67.25,14,85880,190834,67.04,79622,0.9
2021-06-17 11:49:21,67.25,14,85992,190715,67.04,79622,0.9
2021-06-17 11:49:23,67.25,14,85880,190715,67.04,79622,0.9
2021-06-17 11:49:30,67.25,14,85990,190715,67.04,79622,0.9
2021-06-17 11:49:38,67.25,14,85983,190715,67.04,79622,0.9
2021-06-17 11:49:40,67.25,14,85984,190715,67.04,79622,0.9
2021-06-17 11:49:53,67.25,14,85869,190715,67.04,79622,0.9
2021-06-17 11:49:55,67.25,14,85981,190724,67.04,79622,0.9
2021-06-17 11:50:08,67.25,14,85869,190724,67.04,79622,0.9
2021-06-17 11:50:10,67.25,14,85983,190724,67.04,79622,0.9
2021-06-17 11:50:11,67.2,500,85983,190724,67.04,79622,0.83
2021-06-17 11:50:36,67.2,500,86391,191252,67.05,80122,0.83
2021-06-17 11:50:46,67.2,500,86391,191262,67.05,80122,0.83
2021-06-17 11:50:58,67.25,94,86391,191262,67.05,80122,0.9
2021-06-17 11:50:59,67.25,94,86391,191175,67.05,80222,0.9
2021-06-17 11:51:01,67.25,94,86391,191276,67.05,80222,0.9
2021-06-17 11:51:06,67.25,94,86384,191164,67.05,80222,0.9
2021-06-17 11:51:29,67.25,94,86381,191264,67.05,80222,0.9
2021-06-17 11:51:31,67.25,94,86269,191264,67.05,80222,0.9
2021-06-17 11:51:33,67.25,79,86269,191264,67.05,80222,0.9
2021-06-17 11:51:34,67.25,79,86391,191205,67.05,80322,0.9
2021-06-17 11:51:42,67.25,79,86391,191183,67.05,80322,0.9
2021-06-17 11:51:49,67.25,10,86391,191183,67.05,80322,0.9
2021-06-17 11:51:51,67.25,10,85764,190985,67.05,80372,0.9
2021-06-17 11:52:01,67.25,10,85922,190875,67.05,80372,0.9
2021-06-17 11:52:03,67.25,10,85932,190875,67.05,80372,0.9
2021-06-17 11:52:13,67.25,10,85983,190864,67.05,80372,0.9
2021-06-17 11:52:15,67.25,10,85965,190864,67.05,80372,0.9
2021-06-17 11:52:17,67.25,10,85983,190975,67.05,80372,0.9
2021-06-17 11:52:22,67.25,10,85983,190883,67.05,80372,0.9
2021-06-17 11:52:22,67.25,35,85983,190883,67.05,80372,0.9
2021-06-17 11:52:24,67.25,35,85929,190883,67.05,80407,0.9
2021-06-17 11:52:42,67.35,52,85929,190883,67.05,80407,1.05
2021-06-17 11:52:43,67.35,52,86493,190997,67.05,80622,1.05
2021-06-17 11:52:48,67.35,52,86472,190886,67.05,80622,1.05
2021-06-17 11:53:08,67.25,500,86472,190886,67.05,80622,0.9
2021-06-17 11:53:10,67.25,500,86205,190513,67.05,81122,0.9
2021-06-17 11:53:17,67.15,4,86320,190638,67.05,81322,0.75
2021-06-17 11:53:22,67.15,4,86310,190516,67.05,81322,0.75
2021-06-17 11:53:24,67.15,4,86631,190506,67.05,81322,0.75
2021-06-17 11:53:33,67.15,4,86763,190626,67.05,81322,0.75
2021-06-17 11:53:39,67.15,4,86824,190626,67.05,81322,0.75
2021-06-17 11:53:57,67.15,4,86706,190626,67.05,81322,0.75
2021-06-17 11:54:07,67.15,4,86711,190626,67.05,81322,0.75
2021-06-17 11:54:12,67.15,4,86592,190626,67.05,81322,0.75
2021-06-17 11:54:16,67.3,60,86592,190626,67.05,81322,0.98
2021-06-17 11:54:18,67.3,60,86928,190517,67.05,81402,0.98
2021-06-17 11:54:45,67.3,60,86929,190496,67.05,81402,0.98
2021-06-17 11:54:52,67.3,60,87729,190496,67.05,81402,0.98
2021-06-17 11:55:21,67.3,60,87006,190296,67.05,81402,0.98
2021-06-17 11:55:24,67.3,60,87156,190196,67.05,81402,0.98
2021-06-17 11:55:48,67.3,60,87046,190309,67.05,81402,0.98
2021-06-17 11:56:21,67.3,60,87046,190196,67.05,81402,0.98
2021-06-17 11:56:24,67.3,60,87046,190185,67.05,81402,0.98
2021-06-17 11:56:30,67.3,60,87166,190196,67.05,81402,0.98
2021-06-17 11:56:35,67.3,60,87056,190296,67.05,81402,0.98
2021-06-17 11:56:40,67.3,60,87056,190295,67.05,81402,0.98
2021-06-17 11:56:45,67.3,60,87056,190185,67.05,81402,0.98
2021-06-17 11:56:50,67.3,60,87169,190196,67.05,81402,0.98
2021-06-17 11:56:52,67.3,60,87170,190196,67.05,81402,0.98
2021-06-17 11:56:55,67.3,60,87056,190196,67.05,81402,0.98
2021-06-17 11:57:10,67.3,60,87056,190135,67.05,81402,0.98
2021-06-17 11:57:15,67.3,60,87178,190135,67.05,81402,0.98
2021-06-17 11:57:17,67.3,60,87424,190322,67.05,81402,0.98
2021-06-17 11:57:20,67.3,60,87427,194224,67.05,81402,0.98
2021-06-17 11:57:24,67.3,60,87194,194335,67.05,81402,0.98
2021-06-17 11:57:38,67.3,60,87194,194835,67.05,81402,0.98
2021-06-17 11:57:40,67.3,60,87194,199835,67.05,81402,0.98
2021-06-17 11:57:50,67.3,60,87194,201835,67.05,81402,0.98
2021-06-17 11:57:52,67.3,60,87990,201664,67.05,81402,0.98
2021-06-17 11:57:55,67.3,60,87990,201788,67.05,81402,0.98
2021-06-17 11:57:59,67.3,60,88012,201709,67.05,81402,0.98
2021-06-17 11:58:30,67.3,60,88006,201709,67.05,81402,0.98
2021-06-17 11:58:48,67.3,60,87906,201697,67.05,81402,0.98
2021-06-17 11:59:12,67.25,19,87906,201697,67.05,81402,0.9
2021-06-17 11:59:14,67.25,19,87668,202002,67.05,81902,0.9
2021-06-17 11:59:24,67.25,222,87668,202002,67.05,81902,0.9
2021-06-17 11:59:24,67.25,222,86970,202715,67.05,82225,0.9
2021-06-17 11:59:27,67.25,222,86680,202707,67.05,82225,0.9
2021-06-17 11:59:59,67.25,37,86680,202707,67.05,82225,0.9
2021-06-17 12:00:01,67.25,37,86559,202919,67.05,82281,0.9
2021-06-17 12:00:06,67.25,37,86553,202984,67.05,82281,0.9
2021-06-17 12:00:39,67.25,37,86953,202526,67.05,82281,0.9
2021-06-17 12:00:42,67.25,37,86953,202554,67.05,82281,0.9
2021-06-17 12:00:51,67.25,11,86953,202554,67.05,82281,0.9
2021-06-17 12:00:53,67.25,11,86953,202500,67.05,82311,0.9
2021-06-17 12:01:13,67.05,4,86953,202500,67.05,82311,0.6
2021-06-17 12:01:14,67.05,4,87249,202510,67.05,82316,0.6
2021-06-17 12:01:24,67.05,4,87249,202410,67.05,82316,0.6
2021-06-17 12:01:33,67.05,4,87241,202295,67.05,82316,0.6
2021-06-17 12:01:35,67.05,4,87237,202295,67.05,82316,0.6
2021-06-17 12:01:40,67.05,4,87457,202295,67.05,82316,0.6
2021-06-17 12:01:48,67.05,4,87454,202495,67.05,82316,0.6
2021-06-17 12:01:49,66.95,1,87454,202495,67.05,82316,0.45
2021-06-17 12:01:50,66.95,1,84454,209922,67.05,85944,0.45
2021-06-17 12:01:52,66.95,1,84474,210046,67.05,85944,0.45
2021-06-17 12:01:56,66.95,5,84474,210046,67.05,85944,0.45
2021-06-17 12:01:57,66.8,1,84474,210046,67.05,85944,0.23
2021-06-17 12:01:57,66.8,1,83507,209721,67.05,85950,0.23
2021-06-17 12:02:02,66.8,1,83007,209841,67.05,85950,0.23
2021-06-17 12:02:07,67.0,324,83285,209369,67.05,86950,0.53
2021-06-17 12:02:10,67.0,324,83421,210642,67.05,86950,0.53
2021-06-17 12:02:14,67.0,324,83422,210642,67.05,86950,0.53
2021-06-17 12:02:19,67.0,324,83422,210709,67.05,86950,0.53
2021-06-17 12:02:22,67.0,324,83422,210509,67.05,86950,0.53
2021-06-17 12:02:24,67.0,324,83422,210756,67.05,86950,0.53
2021-06-17 12:02:52,66.6,44,83476,211185,67.04,87950,-0.08
2021-06-17 12:02:55,66.6,44,83620,211253,67.04,87950,-0.08
2021-06-17 12:02:55,66.65,1,83620,211253,67.04,87950,0.0
2021-06-17 12:02:57,66.65,1,83628,211387,67.04,87951,0.0
2021-06-17 12:03:00,66.6,1,83616,211386,67.04,87951,-0.08
2021-06-17 12:03:03,66.6,1,84115,211386,67.04,87952,-0.08
2021-06-17 12:03:09,66.6,1,84116,211386,67.04,87952,-0.08
2021-06-17 12:03:09,66.85,49,84116,211386,67.04,87952,0.3
2021-06-17 12:03:11,66.85,49,83265,211387,67.04,88002,0.3
2021-06-17 12:03:18,66.85,49,83383,211375,67.04,88002,0.3
2021-06-17 12:03:21,66.85,49,83383,211435,67.04,88002,0.3
2021-06-17 12:03:40,66.85,49,83417,211435,67.04,88002,0.3
2021-06-17 12:03:58,66.6,3,83417,211435,67.04,88002,-0.08
2021-06-17 12:04:00,66.6,3,83732,211535,67.04,88005,-0.08
2021-06-17 12:04:02,66.6,3,83720,208478,67.04,88005,-0.08
2021-06-17 12:04:10,66.6,3,84111,208546,67.04,88005,-0.08
2021-06-17 12:04:13,66.6,3,84111,208541,67.04,88005,-0.08
2021-06-17 12:04:15,66.6,3,84111,209441,67.04,88005,-0.08
2021-06-17 12:04:22,66.6,3,84089,209570,67.04,88005,-0.08
2021-06-17 12:04:26,66.6,3,84089,209568,67.04,88005,-0.08
2021-06-17 12:04:43,66.6,3,84276,209559,67.04,88005,-0.08
2021-06-17 12:04:46,66.6,3,84276,209431,67.04,88005,-0.08
2021-06-17 12:04:48,66.6,3,84276,209383,67.04,88005,-0.08
2021-06-17 12:04:51,66.6,3,84387,209511,67.04,88005,-0.08
2021-06-17 12:05:02,66.6,3,84276,208968,67.04,88005,-0.08
2021-06-17 12:05:11,66.6,3,84784,208970,67.04,88005,-0.08
2021-06-17 12:05:16,66.6,3,84802,208857,67.04,88005,-0.08
2021-06-17 12:05:24,66.6,3,84994,208936,67.04,88005,-0.08
2021-06-17 12:05:27,66.6,3,85110,208944,67.04,88005,-0.08
2021-06-17 12:05:35,66.6,3,85108,209044,67.04,88005,-0.08
2021-06-17 12:05:54,66.7,1,85108,209044,67.04,88005,0.08
2021-06-17 12:06:03,66.7,1,85214,208816,67.04,88006,0.08
2021-06-17 12:06:10,66.7,1,85146,208816,67.04,88006,0.08
2021-06-17 12:06:18,66.7,1,85006,208816,67.04,88006,0.08
2021-06-17 12:06:22,66.75,29,85006,208816,67.04,88006,0.15
2021-06-17 12:06:23,66.75,29,85263,208652,67.04,88236,0.15
2021-06-17 12:06:26,66.75,29,85366,208652,67.04,88236,0.15
2021-06-17 12:06:28,66.75,29,85366,204518,67.04,88236,0.15
2021-06-17 12:06:30,66.85,20,85366,204518,67.04,88236,0.3
2021-06-17 12:06:31,66.85,20,85673,204165,67.04,88736,0.3
2021-06-17 12:06:33,66.85,20,85967,203917,67.04,88736,0.3
2021-06-17 12:06:38,66.85,20,86223,204046,67.04,88736,0.3
2021-06-17 12:06:51,66.7,27,86223,204046,67.04,88736,0.08
2021-06-17 12:06:51,66.7,27,85502,204413,67.04,89236,0.08
2021-06-17 12:06:56,66.7,27,85517,201471,67.04,89236,0.08
2021-06-17 12:07:03,66.7,27,85635,201468,67.04,89236,0.08
2021-06-17 12:07:07,66.7,27,85753,201343,67.04,89236,0.08
2021-06-17 12:07:10,66.7,27,86053,201343,67.04,89236,0.08
2021-06-17 12:07:27,66.7,27,86053,201243,67.04,89236,0.08
2021-06-17 12:08:20,66.7,27,85935,201286,67.04,89236,0.08
2021-06-17 12:08:23,66.7,27,85835,201286,67.04,89236,0.08
2021-06-17 12:08:25,66.7,27,85735,201286,67.04,89236,0.08
2021-06-17 12:08:31,66.7,27,85635,201286,67.04,89236,0.08
2021-06-17 12:08:46,66.7,27,85703,201300,67.04,89236,0.08
2021-06-17 12:08:48,66.7,27,85703,201187,67.04,89236,0.08
2021-06-17 12:08:50,66.7,27,85816,201187,67.04,89236,0.08
2021-06-17 12:08:54,66.7,27,85603,201298,67.04,89236,0.08
2021-06-17 12:08:58,66.7,27,85603,201187,67.04,89236,0.08
2021-06-17 12:09:09,66.7,27,85596,201288,67.04,89236,0.08
2021-06-17 12:09:21,66.7,27,85595,201291,67.04,89236,0.08
2021-06-17 12:09:36,66.7,27,85596,201291,67.04,89236,0.08
2021-06-17 12:10:55,66.7,27,85597,201341,67.04,89236,0.08
2021-06-17 12:11:57,66.7,27,86409,201237,67.04,89236,0.08
2021-06-17 12:11:58,66.7,27,86409,201337,67.04,89236,0.08
2021-06-17 12:12:07,66.7,27,86297,201337,67.04,89236,0.08
2021-06-17 12:12:10,66.7,27,86419,201337,67.04,89236,0.08
2021-06-17 12:12:22,66.7,27,86297,201347,67.04,89236,0.08
2021-06-17 12:12:24,66.7,27,86415,201363,67.04,89236,0.08
2021-06-17 12:12:26,66.7,27,86297,201363,67.04,89236,0.08
2021-06-17 12:12:30,66.7,27,86419,201363,67.04,89236,0.08
2021-06-17 12:12:39,66.7,27,86412,201353,67.04,89236,0.08
2021-06-17 12:12:51,66.7,27,86409,201353,67.04,89236,0.08
2021-06-17 12:12:55,66.7,27,86297,201474,67.04,89236,0.08
2021-06-17 12:12:58,66.7,27,86297,201353,67.04,89236,0.08
2021-06-17 12:13:00,66.7,27,86400,201706,67.04,89236,0.08
2021-06-17 12:13:13,66.7,27,86400,201699,67.04,89236,0.08
2021-06-17 12:13:37,66.7,27,86400,199689,67.04,89236,0.08
2021-06-17 12:13:59,66.7,27,86132,199761,67.04,89236,0.08
2021-06-17 12:15:51,66.7,27,86332,199761,67.04,89236,0.08
2021-06-17 12:16:12,66.7,27,86982,199761,67.04,89236,0.08
2021-06-17 12:17:11,66.7,27,86982,200561,67.04,89236,0.08
2021-06-17 12:17:13,66.7,27,87044,200561,67.04,89236,0.08
2021-06-17 12:17:53,66.7,27,86663,200311,67.04,89236,0.08
2021-06-17 12:17:55,66.7,27,86671,200177,67.04,89236,0.08
2021-06-17 12:17:58,66.7,27,86655,200177,67.04,89236,0.08
2021-06-17 12:18:00,66.7,27,86781,200177,67.04,89236,0.08
2021-06-17 12:18:03,66.7,27,86671,200299,67.04,89236,0.08
2021-06-17 12:18:20,66.7,27,86671,200309,67.04,89236,0.08
2021-06-17 12:18:36,66.7,27,86896,199987,67.04,89236,0.08
2021-06-17 12:18:40,66.7,27,87896,199987,67.04,89236,0.08
2021-06-17 12:18:49,66.7,27,87696,199987,67.04,89236,0.08
2021-06-17 12:18:57,66.7,27,87590,199987,67.04,89236,0.08
2021-06-17 12:19:05,66.7,27,87590,200105,67.04,89236,0.08
2021-06-17 12:19:08,66.7,27,87572,200106,67.04,89236,0.08
2021-06-17 12:19:39,66.7,27,87572,200109,67.04,89236,0.08
2021-06-17 12:19:42,66.7,27,87572,199987,67.04,89236,0.08
2021-06-17 12:19:47,66.7,27,87576,200405,67.04,89236,0.08
2021-06-17 12:20:31,66.7,27,87571,200291,67.04,89236,0.08
2021-06-17 12:20:34,66.7,27,87571,200409,67.04,89236,0.08
2021-06-17 12:20:48,66.7,27,87554,200305,67.04,89236,0.08
2021-06-17 12:21:03,66.7,27,87564,200305,67.04,89236,0.08
2021-06-17 12:21:43,66.7,27,87581,200431,67.04,89236,0.08
2021-06-17 12:22:03,66.85,50,87581,200431,67.04,89236,0.3
2021-06-17 12:22:03,66.85,50,87531,200307,67.04,89286,0.3
2021-06-17 12:22:44,66.85,1,87531,200307,67.04,89286,0.3
2021-06-17 12:22:45,66.85,1,87530,200307,67.04,89287,0.3
2021-06-17 12:23:46,66.85,1,87661,200187,67.04,89287,0.3
2021-06-17 12:23:48,66.85,1,87661,200307,67.04,89287,0.3
2021-06-17 12:23:57,66.7,41,87661,200307,67.04,89287,0.08
2021-06-17 12:24:00,66.7,41,85858,200900,67.03,90840,0.08
2021-06-17 12:24:13,66.65,2,85858,200900,67.03,90840,0.0
2021-06-17 12:24:13,66.65,2,85770,200894,67.03,90842,0.0
2021-06-17 12:24:31,66.65,2,85738,201032,67.03,90842,0.0
2021-06-17 12:25:12,66.65,2,86145,201399,67.03,90842,0.0
2021-06-17 12:25:13,66.55,2,86145,201399,67.03,90842,-0.15
2021-06-17 12:25:15,66.55,2,86502,201382,67.03,90946,-0.15
2021-06-17 12:25:41,66.55,2,86502,200371,67.03,90946,-0.15
2021-06-17 12:25:46,66.55,2,86405,200503,67.03,90946,-0.15
2021-06-17 12:25:55,66.55,2,86512,200384,67.03,90946,-0.15
2021-06-17 12:25:56,66.55,23,86512,200384,67.03,90946,-0.15
2021-06-17 12:25:58,66.55,23,86405,200495,67.03,90969,-0.15
2021-06-17 12:26:27,66.55,23,86505,200495,67.03,90969,-0.15
2021-06-17 12:26:30,66.55,23,86390,200495,67.03,90969,-0.15
2021-06-17 12:26:32,66.55,23,86510,200495,67.03,90969,-0.15
2021-06-17 12:27:09,66.55,23,86390,200629,67.03,90969,-0.15
2021-06-17 12:27:10,66.55,23,86510,200629,67.03,90969,-0.15
2021-06-17 12:27:15,66.55,23,86506,200529,67.03,90969,-0.15
2021-06-17 12:27:19,66.55,23,86504,200529,67.03,90969,-0.15
2021-06-17 12:27:25,66.55,23,86390,200540,67.03,90969,-0.15
2021-06-17 12:27:41,66.55,23,86503,200147,67.03,90969,-0.15
2021-06-17 12:27:47,66.55,23,86390,200147,67.03,90969,-0.15
2021-06-17 12:27:51,66.55,23,86512,200163,67.03,90969,-0.15
2021-06-17 12:27:55,66.55,23,86390,200163,67.03,90969,-0.15
2021-06-17 12:28:04,66.55,23,86553,200163,67.03,90969,-0.15
2021-06-17 12:28:09,66.55,23,86573,200163,67.03,90969,-0.15
2021-06-17 12:28:42,66.55,73,86538,199935,67.03,91042,-0.15
2021-06-17 12:28:47,66.55,73,86538,200053,67.03,91042,-0.15
2021-06-17 12:28:49,66.55,73,86537,200170,67.03,91042,-0.15
2021-06-17 12:28:51,66.55,73,86538,200164,67.03,91042,-0.15
2021-06-17 12:29:29,66.55,73,86521,200174,67.03,91042,-0.15
2021-06-17 12:29:34,66.4,65,86005,200214,67.03,92042,-0.38
2021-06-17 12:29:37,66.4,65,86118,200228,67.03,92042,-0.38
2021-06-17 12:29:42,66.4,65,86126,200308,67.03,92042,-0.38
2021-06-17 12:29:56,66.4,65,86069,200308,67.03,92042,-0.38
2021-06-17 12:30:01,66.4,65,86069,200311,67.03,92042,-0.38
2021-06-17 12:30:07,66.4,65,86069,200197,67.03,92042,-0.38
2021-06-17 12:30:16,66.4,65,86069,200198,67.03,92042,-0.38
2021-06-17 12:30:19,66.4,65,86041,200675,67.03,92042,-0.38
2021-06-17 12:30:21,66.4,65,85959,200409,67.03,92042,-0.38
2021-06-17 12:30:28,66.4,65,85959,200290,67.03,92042,-0.38
2021-06-17 12:30:32,66.4,65,85845,200715,67.03,92042,-0.38
2021-06-17 12:30:35,66.4,65,85845,200740,67.03,92042,-0.38
2021-06-17 12:30:37,66.4,65,85845,200640,67.03,92042,-0.38
2021-06-17 12:30:50,66.4,65,85645,200640,67.03,92042,-0.38
2021-06-17 12:31:09,66.4,65,85768,200528,67.03,92042,-0.38
2021-06-17 12:31:16,66.4,65,85646,200646,67.03,92042,-0.38
2021-06-17 12:31:19,66.4,65,85546,200646,67.03,92042,-0.38
2021-06-17 12:31:21,66.4,65,85446,200646,67.03,92042,-0.38
2021-06-17 12:31:36,66.4,65,85446,200546,67.03,92042,-0.38
2021-06-17 12:31:44,66.4,65,85802,200948,67.03,92042,-0.38
2021-06-17 12:31:46,66.4,65,85803,200948,67.03,92042,-0.38
2021-06-17 12:32:01,66.4,65,85753,200948,67.03,92042,-0.38
2021-06-17 12:32:13,66.4,65,85653,200848,67.03,92042,-0.38
2021-06-17 12:32:27,66.4,65,85670,200848,67.03,92042,-0.38
2021-06-17 12:32:36,66.4,65,85654,200726,67.03,92042,-0.38
2021-06-17 12:32:40,66.4,65,85670,200726,67.03,92042,-0.38
2021-06-17 12:32:46,66.4,65,85658,200726,67.03,92042,-0.38
2021-06-17 12:32:48,66.4,65,85674,200726,67.03,92042,-0.38
2021-06-17 12:32:57,66.4,65,85902,200726,67.03,92042,-0.38
2021-06-17 12:33:12,66.4,65,85622,200726,67.03,92042,-0.38
2021-06-17 12:33:14,66.4,65,85602,200526,67.03,92042,-0.38
2021-06-17 12:33:27,66.4,65,86013,200338,67.03,92042,-0.38
2021-06-17 12:33:31,66.4,65,86013,200238,67.03,92042,-0.38
2021-06-17 12:33:37,66.4,1,86013,200238,67.03,92042,-0.38
2021-06-17 12:33:37,66.4,1,86012,200238,67.03,92043,-0.38
2021-06-17 12:33:40,66.4,1,86002,199895,67.03,92043,-0.38
2021-06-17 12:33:47,66.55,7,85986,200092,67.03,92050,-0.15
2021-06-17 12:33:55,66.55,7,86113,200092,67.03,92050,-0.15
2021-06-17 12:33:59,66.55,7,86016,200092,67.03,92050,-0.15
2021-06-17 12:34:00,66.65,47,86016,200092,67.03,92050,0.0
2021-06-17 12:34:01,66.65,47,86418,199957,67.02,92605,0.0
2021-06-17 12:35:15,66.5,75,86418,199957,67.02,92605,-0.23
2021-06-17 12:35:31,66.5,75,86214,200152,67.02,92680,-0.23
2021-06-17 12:35:34,66.5,75,86216,200152,67.02,92680,-0.23
2021-06-17 12:35:44,66.5,75,86102,200262,67.02,92680,-0.23
2021-06-17 12:35:57,66.5,75,86102,200152,67.02,92680,-0.23
2021-06-17 12:36:00,66.5,75,86314,200152,67.02,92680,-0.23
2021-06-17 12:36:02,66.5,75,86314,200052,67.02,92680,-0.23
2021-06-17 12:36:10,66.5,75,86319,200052,67.02,92680,-0.23
2021-06-17 12:36:25,66.5,75,86328,200139,67.02,92680,-0.23
2021-06-17 12:36:46,66.5,75,86328,200157,67.02,92680,-0.23
2021-06-17 12:36:58,66.5,75,86214,200157,67.02,92680,-0.23
2021-06-17 12:37:00,66.5,75,86340,200157,67.02,92680,-0.23
2021-06-17 12:38:21,66.4,2,86340,200157,67.02,92680,-0.38
2021-06-17 12:38:22,66.4,2,86227,200285,67.02,92682,-0.38
2021-06-17 12:38:24,66.4,2,86127,200223,67.02,92682,-0.38
2021-06-17 12:38:28,66.4,2,86010,200337,67.02,92682,-0.38
2021-06-17 12:38:33,66.4,2,86132,200223,67.02,92682,-0.38
2021-06-17 12:38:35,66.4,2,86027,200223,67.02,92682,-0.38
2021-06-17 12:38:37,66.4,2,86212,200223,67.02,92682,-0.38
2021-06-17 12:38:40,66.4,2,86322,200223,67.02,92682,-0.38
2021-06-17 12:38:51,66.4,30,86182,200223,67.02,92712,-0.38
2021-06-17 12:39:01,66.4,30,86300,200223,67.02,92712,-0.38
2021-06-17 12:39:21,66.6,31,86556,199851,67.02,93267,-0.08
2021-06-17 12:39:40,66.6,31,86619,199858,67.02,93267,-0.08
2021-06-17 12:39:45,66.6,31,86619,199859,67.02,93267,-0.08
2021-06-17 12:39:49,66.6,31,86619,199860,67.02,93267,-0.08
2021-06-17 12:39:52,66.6,31,86619,199861,67.02,93267,-0.08
2021-06-17 12:40:33,66.45,1,86619,199861,67.02,93267,-0.3
2021-06-17 12:40:34,66.45,1,86766,200097,67.02,93268,-0.3
2021-06-17 12:40:37,66.45,1,86563,200097,67.02,93268,-0.3
2021-06-17 12:40:46,66.45,1,86563,200110,67.02,93268,-0.3
2021-06-17 12:40:49,66.45,1,86695,200110,67.02,93268,-0.3
2021-06-17 12:40:51,66.45,1,86834,200110,67.02,93268,-0.3
2021-06-17 12:41:40,66.45,1,86595,199910,67.02,93268,-0.3
2021-06-17 12:41:53,66.45,1,86716,199910,67.02,93268,-0.3
2021-06-17 12:42:01,66.45,1,86596,199910,67.02,93268,-0.3
2021-06-17 12:42:04,66.45,1,86396,199910,67.02,93268,-0.3
2021-06-17 12:42:09,66.45,1,86396,200008,67.02,93268,-0.3
2021-06-17 12:42:19,66.45,1,86396,199897,67.02,93268,-0.3
2021-06-17 12:42:29,66.45,1,86396,199547,67.02,93268,-0.3
2021-06-17 12:42:34,66.45,1,86409,199447,67.02,93268,-0.3
2021-06-17 12:42:43,66.45,1,86227,199843,67.02,93268,-0.3
2021-06-17 12:42:52,66.45,1,86227,199840,67.02,93268,-0.3
2021-06-17 12:43:12,66.45,1,86343,199727,67.02,93268,-0.3
2021-06-17 12:43:16,66.45,1,86227,199727,67.02,93268,-0.3
2021-06-17 12:43:19,66.45,1,86246,199855,67.02,93268,-0.3
2021-06-17 12:43:33,66.45,1,86245,199727,67.02,93268,-0.3
2021-06-17 12:43:37,66.45,1,86243,199740,67.02,93268,-0.3
2021-06-17 12:43:42,66.45,1,86248,199740,67.02,93268,-0.3
2021-06-17 12:43:43,66.45,1,86132,199740,67.02,93268,-0.3
2021-06-17 12:43:55,66.45,1,86244,199740,67.02,93268,-0.3
2021-06-17 12:44:06,66.45,1,86127,199740,67.02,93268,-0.3
2021-06-17 12:44:09,66.45,1,86238,199740,67.02,93268,-0.3
2021-06-17 12:44:09,66.45,53,86238,199740,67.02,93268,-0.3
2021-06-17 12:44:10,66.45,53,86093,200285,67.02,93518,-0.3
2021-06-17 12:44:16,66.45,53,85967,199883,67.02,93518,-0.3
2021-06-17 12:44:21,66.45,53,85968,199883,67.02,93518,-0.3
2021-06-17 12:45:08,66.45,53,86068,199883,67.02,93518,-0.3
2021-06-17 12:45:11,66.45,53,86068,199872,67.02,93518,-0.3
2021-06-17 12:45:13,66.45,53,86068,199761,67.02,93518,-0.3
2021-06-17 12:45:17,66.4,48,86068,199761,67.02,93518,-0.38
2021-06-17 12:45:18,66.4,48,86197,199794,67.02,93568,-0.38
2021-06-17 12:45:47,66.4,48,86134,199852,67.02,93568,-0.38
2021-06-17 12:45:49,66.4,48,86134,200116,67.02,93568,-0.38
2021-06-17 12:45:55,66.4,48,85950,200048,67.02,93568,-0.38
2021-06-17 12:46:30,66.4,48,86064,199927,67.02,93568,-0.38
2021-06-17 12:46:32,66.4,48,86070,199927,67.02,93568,-0.38
2021-06-17 12:46:39,66.4,48,85950,199927,67.02,93568,-0.38
2021-06-17 12:46:41,66.4,48,86053,199723,67.02,93568,-0.38
2021-06-17 12:46:52,66.4,48,86114,199723,67.02,93568,-0.38
2021-06-17 12:47:22,66.4,48,86000,199723,67.02,93568,-0.38
2021-06-17 12:47:25,66.4,48,86080,200038,67.02,93568,-0.38
2021-06-17 12:47:28,66.4,48,86080,199927,67.02,93568,-0.38
2021-06-17 12:47:36,66.4,48,86195,199927,67.02,93568,-0.38
2021-06-17 12:47:41,66.4,48,85911,200037,67.02,93568,-0.38
2021-06-17 12:47:54,66.4,11,85881,200037,67.02,93598,-0.38
2021-06-17 12:48:12,66.4,11,85981,199837,67.02,93598,-0.38
2021-06-17 12:48:16,66.6,11,85887,199772,67.02,93628,-0.08
2021-06-17 12:48:32,66.6,11,85898,199882,67.02,93628,-0.08
2021-06-17 12:48:36,66.6,11,85882,199882,67.02,93628,-0.08
2021-06-17 12:48:39,66.6,11,85882,199887,67.02,93628,-0.08
2021-06-17 12:48:49,66.6,11,85882,199894,67.02,93628,-0.08
2021-06-17 12:48:52,66.6,11,85898,199772,67.02,93628,-0.08
2021-06-17 12:48:56,66.6,11,86066,199772,67.02,93628,-0.08
2021-06-17 12:49:06,66.55,1,86066,199772,67.02,93628,-0.15
2021-06-17 12:49:07,66.55,1,86298,199746,67.02,93634,-0.15
2021-06-17 12:49:10,66.55,1,86287,199865,67.02,93634,-0.15
2021-06-17 12:49:14,66.55,1,86287,199965,67.02,93634,-0.15
2021-06-17 12:49:21,66.6,10,86287,199965,67.02,93634,-0.08
2021-06-17 12:49:22,66.6,10,86563,199694,67.02,93644,-0.08
2021-06-17 12:49:44,66.6,10,86563,199688,67.02,93654,-0.08
2021-06-17 12:49:51,66.6,10,86822,199574,67.02,93654,-0.08
2021-06-17 12:49:56,66.6,10,86812,199574,67.02,93654,-0.08
2021-06-17 12:50:37,66.6,10,86762,199574,67.02,93654,-0.08
2021-06-17 12:50:39,66.6,10,86792,199574,67.02,93654,-0.08
2021-06-17 12:50:55,66.6,1,86792,199574,67.02,93654,-0.08
2021-06-17 12:50:57,66.6,1,86941,199571,67.02,93655,-0.08
2021-06-17 12:51:02,66.6,1,86818,199308,67.02,93655,-0.08
2021-06-17 12:51:09,66.6,1,86718,199291,67.02,93655,-0.08
2021-06-17 12:51:40,66.7,10,86718,199281,67.02,93665,0.08
2021-06-17 12:51:42,66.7,10,86718,199169,67.02,93665,0.08
2021-06-17 12:51:45,66.7,10,86727,199288,67.02,93665,0.08
2021-06-17 12:52:05,66.7,10,86451,199296,67.02,93665,0.08
2021-06-17 12:52:18,66.7,10,86451,199488,67.02,93665,0.08
2021-06-17 12:52:36,66.7,24,86538,199144,67.02,93765,0.08
2021-06-17 12:52:38,66.7,100,86662,198941,67.02,93865,0.08
2021-06-17 12:52:43,66.7,90,86662,198941,67.02,93865,0.08
2021-06-17 12:52:44,66.7,90,86671,198832,67.02,93965,0.08
2021-06-17 12:52:46,66.7,90,86782,198832,67.02,93965,0.08
2021-06-17 12:53:48,66.7,90,86685,198849,67.02,93965,0.08
2021-06-17 12:53:58,66.7,90,86685,199006,67.02,93965,0.08
2021-06-17 12:54:00,66.7,90,86685,198889,67.02,93965,0.08
2021-06-17 12:54:03,66.7,90,86694,199004,67.02,93965,0.08
2021-06-17 12:54:05,66.7,90,86594,198994,67.02,93965,0.08
2021-06-17 12:54:11,66.6,40,86414,199053,67.02,94005,-0.08
2021-06-17 12:54:22,66.6,40,86414,198940,67.02,94005,-0.08
2021-06-17 12:54:26,66.6,40,86414,199106,67.02,94005,-0.08
2021-06-17 12:54:56,66.5,83,86414,199106,67.02,94005,-0.23
2021-06-17 12:54:58,66.5,83,86350,199339,67.02,94145,-0.23
2021-06-17 12:55:29,66.5,83,86375,199394,67.02,94145,-0.23
2021-06-17 12:55:32,66.7,30,86375,199394,67.02,94145,0.08
2021-06-17 12:55:33,66.7,30,86387,198810,67.01,94445,0.08
2021-06-17 12:55:52,66.7,30,86367,198938,67.01,94445,0.08
2021-06-17 12:55:58,66.7,30,86367,198818,67.01,94445,0.08
2021-06-17 12:56:00,66.7,30,86376,198931,67.01,94445,0.08
2021-06-17 12:56:03,66.7,30,86376,195898,67.01,94445,0.08
2021-06-17 12:56:11,66.7,30,86649,195785,67.01,94445,0.08
2021-06-17 12:56:31,66.7,30,86533,195785,67.01,94445,0.08
2021-06-17 12:56:45,66.7,30,86749,195785,67.01,94445,0.08
2021-06-17 12:58:15,66.7,30,86644,195888,67.01,94445,0.08
2021-06-17 12:58:18,66.7,30,86636,195897,67.01,94445,0.08
2021-06-17 12:58:19,66.7,30,86636,195777,67.01,94445,0.08
2021-06-17 12:58:24,66.7,30,86636,195890,67.01,94445,0.08
2021-06-17 12:58:28,66.7,30,86636,195889,67.01,94445,0.08
2021-06-17 12:58:42,66.7,30,86574,195903,67.01,94445,0.08
2021-06-17 12:58:50,66.7,30,86691,195785,67.01,94445,0.08
2021-06-17 12:58:52,66.7,61,86691,195785,67.01,94445,0.08
2021-06-17 12:58:54,66.7,61,87134,195503,67.01,94645,0.08
2021-06-17 12:59:23,66.7,61,87134,195516,67.01,94645,0.08
2021-06-17 12:59:41,66.65,1,86140,197023,67.01,94776,0.0
2021-06-17 12:59:43,66.65,1,86082,197135,67.01,94776,0.0
2021-06-17 13:00:27,66.65,1,86053,197135,67.01,94776,0.0
2021-06-17 13:01:43,66.65,1,86053,197035,67.01,94776,0.0
2021-06-17 13:02:36,66.65,1,86153,197035,67.01,94776,0.0
2021-06-17 13:02:50,66.65,1,86153,196913,67.01,94776,0.0
2021-06-17 13:02:54,66.65,1,86253,196913,67.01,94776,0.0
2021-06-17 13:02:57,66.65,1,86363,196913,67.01,94776,0.0
2021-06-17 13:03:01,66.65,1,86369,196913,67.01,94776,0.0
2021-06-17 13:03:03,66.65,1,86358,196913,67.01,94776,0.0
2021-06-17 13:03:04,66.65,1,86119,197034,67.01,94776,0.0
2021-06-17 13:03:13,66.65,1,86233,196799,67.01,94776,0.0
2021-06-17 13:03:19,66.65,1,86242,196535,67.01,94776,0.0
2021-06-17 13:03:22,66.65,1,86345,196535,67.01,94776,0.0
2021-06-17 13:04:13,66.6,1,86345,196535,67.01,94776,-0.08
2021-06-17 13:04:13,66.6,1,86573,196624,67.01,94777,-0.08
2021-06-17 13:04:15,66.6,1,86446,196624,67.01,94777,-0.08
2021-06-17 13:04:17,66.6,1,86564,196624,67.01,94777,-0.08
2021-06-17 13:04:19,66.6,1,86320,196624,67.01,94777,-0.08
2021-06-17 13:04:21,66.6,1,86320,196737,67.01,94777,-0.08
2021-06-17 13:04:43,66.6,1,86319,196737,67.01,94777,-0.08
2021-06-17 13:04:54,66.55,14,86319,196737,67.01,94777,-0.15
2021-06-17 13:04:54,66.65,300,86408,196324,67.01,95094,0.0
2021-06-17 13:04:58,66.65,300,86396,196324,67.01,95094,0.0
2021-06-17 13:05:02,66.65,300,86396,196340,67.01,95094,0.0
2021-06-17 13:05:08,66.65,300,86401,196340,67.01,95094,0.0
2021-06-17 13:05:15,66.65,300,86408,196340,67.01,95094,0.0
2021-06-17 13:05:33,66.65,300,86286,196340,67.01,95094,0.0
2021-06-17 13:05:35,66.65,300,86286,196460,67.01,95094,0.0
2021-06-17 13:05:42,66.65,300,86285,196460,67.01,95094,0.0
2021-06-17 13:06:03,66.65,300,86285,196461,67.01,95094,0.0
2021-06-17 13:06:13,66.65,300,86402,196340,67.01,95094,0.0
2021-06-17 13:06:16,66.65,300,86285,196340,67.01,95094,0.0
2021-06-17 13:06:18,66.65,300,86285,196457,67.01,95094,0.0
2021-06-17 13:06:34,66.65,15,86285,196457,67.01,95094,0.0
2021-06-17 13:06:34,66.65,15,86295,196443,67.01,95109,0.0
2021-06-17 13:06:37,66.65,15,86583,196212,67.01,95109,0.0
2021-06-17 13:07:03,66.65,15,87083,196212,67.01,95109,0.0
2021-06-17 13:07:10,66.65,354,87165,195331,67.01,95663,0.0
2021-06-17 13:07:12,66.65,354,87150,195449,67.01,95663,0.0
2021-06-17 13:07:19,66.65,354,87250,195449,67.01,95663,0.0
2021-06-17 13:07:42,66.65,354,87250,195446,67.01,95663,0.0
2021-06-17 13:08:58,66.65,354,87365,195331,67.01,95663,0.0
2021-06-17 13:09:06,66.65,354,87252,195331,67.01,95663,0.0
2021-06-17 13:09:12,66.65,354,87252,195181,67.01,95663,0.0
2021-06-17 13:09:15,66.65,354,87252,195111,67.01,95663,0.0
2021-06-17 13:09:22,66.65,354,87252,195231,67.01,95663,0.0
2021-06-17 13:09:27,66.65,354,87252,192993,67.01,95663,0.0
2021-06-17 13:09:37,66.65,354,87252,192877,67.01,95663,0.0
2021-06-17 13:09:43,66.65,354,87247,192877,67.01,95663,0.0
2021-06-17 13:09:46,66.65,354,87254,192990,67.01,95663,0.0
2021-06-17 13:10:01,66.65,354,87216,192992,67.01,95663,0.0
2021-06-17 13:10:30,66.8,5,87216,192992,67.01,95663,0.23
2021-06-17 13:10:31,66.8,5,87105,192987,67.01,95668,0.23
2021-06-17 13:10:57,66.8,5,87119,192987,67.01,95668,0.23
2021-06-17 13:11:08,66.8,122,87119,192987,67.01,95668,0.23
2021-06-17 13:11:09,66.8,122,87574,192839,67.01,95968,0.23
2021-06-17 13:11:13,66.8,122,87641,192832,67.01,95968,0.23
2021-06-17 13:11:34,66.8,50,87641,192832,67.01,95968,0.23
2021-06-17 13:11:35,66.8,50,87645,192910,67.01,96018,0.23
2021-06-17 13:11:37,66.8,50,87750,192910,67.01,96018,0.23
2021-06-17 13:11:40,66.8,50,87730,193038,67.01,96018,0.23
2021-06-17 13:11:43,66.8,50,87737,193038,67.01,96018,0.23
2021-06-17 13:11:45,66.8,50,87617,193038,67.01,96018,0.23
2021-06-17 13:11:50,66.8,50,87735,193045,67.01,96018,0.23
2021-06-17 13:11:53,66.8,50,87617,193045,67.01,96018,0.23
2021-06-17 13:12:01,66.8,50,87617,193162,67.01,96018,0.23
2021-06-17 13:12:04,66.8,50,87560,193278,67.01,96018,0.23
2021-06-17 13:12:22,66.6,33,87560,193278,67.01,96018,-0.08
2021-06-17 13:12:25,66.6,33,87074,193503,67.0,97332,-0.08
2021-06-17 13:12:39,66.65,67,87074,193503,67.0,97332,0.0
2021-06-17 13:12:41,66.65,67,87007,193429,67.0,97399,0.0
2021-06-17 13:12:54,66.65,67,86974,193421,67.0,97399,0.0
2021-06-17 13:13:59,66.65,1,86974,193421,67.0,97399,0.0
2021-06-17 13:14:00,66.65,1,87076,193447,67.0,97400,0.0
2021-06-17 13:14:12,66.65,1,87066,193506,67.0,97400,0.0
2021-06-17 13:14:23,66.65,1,86966,193506,67.0,97400,0.0
2021-06-17 13:16:12,66.65,1,86966,193516,67.0,97400,0.0
2021-06-17 13:17:35,66.65,1,86932,194069,67.0,97401,0.0
2021-06-17 13:17:36,66.7,1,86932,194069,67.0,97401,0.08
2021-06-17 13:17:37,66.7,1,86953,193393,67.0,97421,0.08
2021-06-17 13:17:39,66.7,1,86953,193264,67.0,97421,0.08
2021-06-17 13:17:54,66.7,1,86953,193521,67.0,97421,0.08
2021-06-17 13:17:58,66.7,1,86953,193624,67.0,97421,0.08
2021-06-17 13:18:01,66.7,1,86953,193513,67.0,97421,0.08
2021-06-17 13:18:15,66.7,1,86962,193628,67.0,97421,0.08
2021-06-17 13:18:19,66.7,1,86962,193629,67.0,97421,0.08
2021-06-17 13:18:29,66.7,1,86962,193627,67.0,97421,0.08
2021-06-17 13:18:37,66.7,1,86962,193631,67.0,97421,0.08
2021-06-17 13:18:55,66.7,1,86971,193629,67.0,97421,0.08
2021-06-17 13:18:57,66.7,1,86971,193513,67.0,97421,0.08
2021-06-17 13:19:01,66.7,1,87072,193513,67.0,97421,0.08
2021-06-17 13:19:12,66.7,1,86962,193513,67.0,97421,0.08
2021-06-17 13:19:14,66.7,42,87068,193391,67.0,97600,0.08
2021-06-17 13:19:16,66.7,42,87068,193316,67.0,97600,0.08
2021-06-17 13:19:18,66.7,42,87068,193315,67.0,97600,0.08
2021-06-17 13:19:22,66.7,42,87068,193320,67.0,97600,0.08
2021-06-17 13:19:28,66.7,42,87068,193321,67.0,97600,0.08
2021-06-17 13:19:41,66.7,42,87068,193205,67.0,97600,0.08
2021-06-17 13:19:43,66.7,42,87077,193315,67.0,97600,0.08
2021-06-17 13:20:00,66.7,42,87073,193315,67.0,97600,0.08
2021-06-17 13:20:21,66.7,42,87073,193325,67.0,97600,0.08
2021-06-17 13:20:24,66.85,97,87073,193325,67.0,97600,0.3
2021-06-17 13:20:25,66.85,97,87438,192814,67.0,98600,0.3
2021-06-17 13:20:27,66.85,97,87351,192814,67.0,98600,0.3
2021-06-17 13:20:56,66.85,97,87167,192514,67.0,98600,0.3
2021-06-17 13:20:58,66.75,1,87167,192514,67.0,98600,0.15
2021-06-17 13:20:59,66.75,1,87025,192871,67.0,98892,0.15
2021-06-17 13:21:09,66.75,1,87032,192975,67.0,98892,0.15
2021-06-17 13:21:14,66.75,1,87032,192985,67.0,98892,0.15
2021-06-17 13:21:16,66.75,1,87032,192865,67.0,98892,0.15
2021-06-17 13:21:28,66.75,1,87032,193042,67.0,98892,0.15
2021-06-17 13:21:30,66.75,1,87032,192927,67.0,98892,0.15
2021-06-17 13:21:32,66.75,1,87032,193046,67.0,98892,0.15
2021-06-17 13:21:34,66.75,1,87032,193038,67.0,98892,0.15
2021-06-17 13:21:37,66.75,1,87017,193045,67.0,98892,0.15
2021-06-17 13:21:43,66.75,1,87025,193580,67.0,98892,0.15
2021-06-17 13:21:55,66.75,1,87025,193581,67.0,98892,0.15
2021-06-17 13:22:42,66.75,1,87025,193463,67.0,98892,0.15
2021-06-17 13:22:49,66.75,1,87134,193463,67.0,98892,0.15
2021-06-17 13:22:57,66.75,1,87017,193463,67.0,98892,0.15
2021-06-17 13:22:59,66.75,1,87017,193578,67.0,98892,0.15
2021-06-17 13:23:19,66.75,1,87017,193579,67.0,98892,0.15
2021-06-17 13:23:58,66.75,1,87017,193580,67.0,98892,0.15
2021-06-17 13:24:01,66.75,1,87017,193581,67.0,98892,0.15
2021-06-17 13:24:09,66.75,1,87017,193585,67.0,98892,0.15
2021-06-17 13:24:24,66.75,182,87017,193585,67.0,98892,0.15
2021-06-17 13:24:27,66.75,182,87123,192995,67.0,99092,0.15
2021-06-17 13:25:56,66.75,182,86889,192717,67.0,99092,0.15
2021-06-17 13:26:22,66.75,182,87045,192719,67.0,99092,0.15
2021-06-17 13:26:24,66.75,182,87164,192602,67.0,99092,0.15
2021-06-17 13:26:26,66.75,182,87159,192602,67.0,99092,0.15
2021-06-17 13:26:40,66.75,182,87009,192602,67.0,99092,0.15
2021-06-17 13:26:55,66.75,182,86895,192724,67.0,99092,0.15
2021-06-17 13:26:59,66.75,182,86895,192717,67.0,99092,0.15
2021-06-17 13:27:03,66.75,182,86895,192720,67.0,99092,0.15
2021-06-17 13:27:11,66.75,182,87007,192602,67.0,99092,0.15
2021-06-17 13:27:13,66.75,182,86895,192721,67.0,99092,0.15
2021-06-17 13:27:17,66.75,182,87012,192602,67.0,99092,0.15
2021-06-17 13:27:19,66.75,182,86895,192718,67.0,99092,0.15
2021-06-17 13:27:21,66.75,182,87005,192602,67.0,99092,0.15
2021-06-17 13:27:23,66.75,182,86895,192722,67.0,99092,0.15
2021-06-17 13:27:26,66.75,182,87006,192602,67.0,99092,0.15
2021-06-17 13:27:34,66.75,182,86895,192714,67.0,99092,0.15
2021-06-17 13:27:43,66.75,182,86895,192321,67.0,99092,0.15
2021-06-17 13:28:51,66.75,182,86925,192321,67.0,99092,0.15
2021-06-17 13:29:00,66.75,124,86925,192321,67.0,99092,0.15
2021-06-17 13:29:02,66.75,124,86925,192212,67.0,99216,0.15
2021-06-17 13:29:14,66.75,124,86925,191712,67.0,99216,0.15
2021-06-17 13:29:17,66.75,124,86795,191717,67.0,99216,0.15
2021-06-17 13:29:25,66.75,124,86795,192216,67.0,99216,0.15
2021-06-17 13:29:30,66.75,50,86795,192216,67.0,99216,0.15
2021-06-17 13:29:32,66.75,50,86795,192166,67.0,99266,0.15
2021-06-17 13:29:35,66.75,50,86745,192166,67.0,99266,0.15
2021-06-17 13:30:01,66.75,50,86745,192161,67.0,99266,0.15
2021-06-17 13:30:11,66.75,50,88745,192161,67.0,99266,0.15
2021-06-17 13:30:15,66.75,5,88745,192161,67.0,99266,0.15
2021-06-17 13:30:16,66.75,5,88595,192008,67.0,99416,0.15
2021-06-17 13:30:31,66.75,5,88595,192004,67.0,99416,0.15
2021-06-17 13:30:38,66.75,5,88618,192004,67.0,99416,0.15
2021-06-17 13:30:56,66.75,5,88550,191878,67.0,99416,0.15
2021-06-17 13:31:05,66.75,5,88550,191889,67.0,99416,0.15
2021-06-17 13:31:32,66.75,5,88550,189667,67.0,99416,0.15
2021-06-17 13:31:34,66.75,5,88550,188868,67.0,99416,0.15
2021-06-17 13:32:04,66.75,5,88564,188747,67.0,99416,0.15
2021-06-17 13:32:06,66.75,5,88564,188860,67.0,99416,0.15
2021-06-17 13:32:14,66.75,5,88707,188860,67.0,99416,0.15
2021-06-17 13:32:29,66.75,5,88707,188889,67.0,99416,0.15
2021-06-17 13:32:36,66.75,5,88584,188889,67.0,99416,0.15
2021-06-17 13:32:47,66.65,44,88584,188889,67.0,99416,0.0
2021-06-17 13:32:48,66.65,44,88547,189023,67.0,99460,0.0
2021-06-17 13:33:15,66.8,1,88547,189023,67.0,99460,0.23
2021-06-17 13:33:18,66.8,1,88547,189022,67.0,99461,0.23
2021-06-17 13:34:15,66.8,1,88655,188909,67.0,99461,0.23
2021-06-17 13:34:18,66.8,1,88538,188908,67.0,99462,0.23
2021-06-17 13:34:37,66.8,1,88538,189029,67.0,99462,0.23
2021-06-17 13:34:38,66.8,1,88538,189028,67.0,99463,0.23
2021-06-17 13:34:39,66.8,60,88538,189028,67.0,99463,0.23
2021-06-17 13:34:40,66.8,60,88538,188968,67.0,99523,0.23
2021-06-17 13:35:22,66.55,70,88538,188968,67.0,99523,-0.15
2021-06-17 13:35:23,66.55,70,87995,189246,66.99,100633,-0.15
2021-06-17 13:35:25,66.55,70,87845,189346,66.99,100633,-0.15
2021-06-17 13:35:35,66.55,70,87789,189336,66.99,100633,-0.15
2021-06-17 13:35:37,66.55,70,88094,189321,66.99,100633,-0.15
2021-06-17 13:35:52,66.55,70,88596,189335,66.99,100633,-0.15
2021-06-17 13:35:57,66.55,70,88536,189265,66.99,100633,-0.15
2021-06-17 13:36:11,66.7,10,88536,189265,66.99,100633,0.08
2021-06-17 13:36:13,66.7,10,88724,188999,66.99,100643,0.08
2021-06-17 13:36:18,66.7,15,88724,188999,66.99,100643,0.08
2021-06-17 13:36:19,66.7,15,88723,188600,66.99,100663,0.08
2021-06-17 13:36:28,66.7,15,88814,188522,66.99,100663,0.08
2021-06-17 13:36:38,66.7,15,88807,188522,66.99,100663,0.08
2021-06-17 13:36:40,66.7,15,88702,188770,66.99,100663,0.08
2021-06-17 13:36:50,66.7,15,88816,188651,66.99,100663,0.08
2021-06-17 13:36:52,66.7,15,88790,188526,66.99,100663,0.08
2021-06-17 13:36:55,66.7,15,88790,188646,66.99,100663,0.08
2021-06-17 13:37:01,66.65,400,88790,188646,66.99,100663,0.0
2021-06-17 13:37:03,66.65,400,88067,189249,66.99,101063,0.0
2021-06-17 13:37:14,66.55,23,88044,189359,66.99,101086,-0.15
2021-06-17 13:37:16,66.65,117,88044,189359,66.99,101086,0.0
2021-06-17 13:37:16,66.65,117,88371,188946,66.99,101436,0.0
2021-06-17 13:37:21,66.65,117,88357,187835,66.99,101436,0.0
2021-06-17 13:37:31,66.65,117,88357,187953,66.99,101436,0.0
2021-06-17 13:38:00,66.75,10,88357,187943,66.99,101446,0.15
2021-06-17 13:38:03,66.75,10,88357,188293,66.99,101446,0.15
2021-06-17 13:39:17,66.75,5,88396,188576,66.99,101451,0.15
2021-06-17 13:39:19,66.75,5,88510,188576,66.99,101451,0.15
2021-06-17 13:39:25,66.75,5,88514,188576,66.99,101451,0.15
2021-06-17 13:39:28,66.75,5,88396,188684,66.99,101451,0.15
2021-06-17 13:39:35,66.75,5,88396,188681,66.99,101451,0.15
2021-06-17 13:40:08,67.0,2766,88396,188681,66.99,101451,0.53
2021-06-17 13:40:09,67.0,2766,88847,184820,66.99,106451,0.53
2021-06-17 13:40:16,66.8,100,88847,184820,66.99,106451,0.23
2021-06-17 13:40:18,66.8,100,88773,184872,66.99,106741,0.23
2021-06-17 13:40:31,66.8,100,88883,184882,66.99,106741,0.23
2021-06-17 13:40:45,66.75,100,88883,184882,66.99,106741,0.15
2021-06-17 13:40:46,66.75,100,88773,185129,66.99,106841,0.15
2021-06-17 13:41:08,66.8,1,88773,185129,66.99,106841,0.23
2021-06-17 13:41:09,66.8,1,88773,185162,66.99,106842,0.23
2021-06-17 13:42:18,66.8,1,88673,184917,66.99,106842,0.23
2021-06-17 13:42:19,66.8,1,88790,184917,66.99,106842,0.23
2021-06-17 13:42:36,66.8,1,88673,185043,66.99,106842,0.23
2021-06-17 13:42:47,66.8,1,88673,184943,66.99,106842,0.23
2021-06-17 13:42:58,66.8,1,88173,184943,66.99,106842,0.23
2021-06-17 13:43:46,66.65,16,88173,184943,66.99,106842,0.0
2021-06-17 13:43:48,66.65,16,88273,185180,66.99,106859,0.0
2021-06-17 13:43:58,66.65,16,88265,185180,66.99,106859,0.0
2021-06-17 13:45:20,66.65,20,88265,185180,66.99,106859,0.0
2021-06-17 13:45:22,66.65,20,88272,185180,66.99,106884,0.0
2021-06-17 13:46:05,66.65,20,88257,185130,66.99,106884,0.0
2021-06-17 13:46:28,66.65,20,88039,185461,66.99,106884,0.0
2021-06-17 13:46:35,66.65,20,88039,185481,66.99,106884,0.0
2021-06-17 13:46:46,66.7,3,88039,185481,66.99,106884,0.08
2021-06-17 13:46:47,66.7,3,88057,185464,66.99,106887,0.08
2021-06-17 13:48:06,66.7,3,88057,185525,66.99,106887,0.08
2021-06-17 13:48:28,66.7,3,88043,185425,66.99,106887,0.08
2021-06-17 13:48:33,66.7,3,87923,185406,66.99,106887,0.08
2021-06-17 13:48:35,66.7,3,87923,185528,66.99,106887,0.08
2021-06-17 13:48:38,66.6,1,87390,186304,66.99,107105,-0.08
2021-06-17 13:48:40,66.6,1,87390,186417,66.99,107105,-0.08
2021-06-17 13:48:47,66.6,1,87390,186650,66.99,107105,-0.08
2021-06-17 13:48:52,66.6,1,87390,185650,66.99,107105,-0.08
2021-06-17 13:49:08,66.6,1,87390,185788,66.99,107105,-0.08
2021-06-17 13:49:16,66.6,1,87330,185781,66.99,107105,-0.08
2021-06-17 13:49:40,66.6,1,87330,185665,66.99,107105,-0.08
2021-06-17 13:49:44,66.6,1,87519,185781,66.99,107105,-0.08
2021-06-17 13:49:53,66.6,1,87520,185781,66.99,107105,-0.08
2021-06-17 13:49:57,66.6,1,89520,185781,66.99,107105,-0.08
2021-06-17 13:49:58,66.6,1,89629,185779,66.99,107105,-0.08
2021-06-17 13:50:01,66.6,1,89736,185103,66.99,107105,-0.08
2021-06-17 13:50:03,66.6,1,89629,185220,66.99,107105,-0.08
2021-06-17 13:50:05,66.6,1,89615,185222,66.99,107105,-0.08
2021-06-17 13:50:07,66.6,1,89728,185103,66.99,107105,-0.08
2021-06-17 13:50:10,66.6,1,89615,185225,66.99,107105,-0.08
2021-06-17 13:50:12,66.6,1,89629,185218,66.99,107105,-0.08
2021-06-17 13:50:51,66.6,1,89615,185217,66.99,107106,-0.08
2021-06-17 13:50:55,66.6,1,89615,185079,66.99,107106,-0.08
2021-06-17 13:50:56,66.55,12,89615,185079,66.99,107106,-0.15
2021-06-17 13:50:57,66.55,12,89595,183948,66.99,107126,-0.15
2021-06-17 13:51:15,66.6,50,89525,183894,66.99,107176,-0.08
2021-06-17 13:51:26,66.6,50,89586,183894,66.99,107176,-0.08
2021-06-17 13:51:49,66.6,50,89586,183668,66.99,107176,-0.08
2021-06-17 13:52:37,66.6,10,89586,183668,66.99,107176,-0.08
2021-06-17 13:52:37,66.6,10,89586,183790,66.99,107186,-0.08
2021-06-17 13:53:19,66.6,10,89588,183776,66.99,107186,-0.08
2021-06-17 13:53:24,66.6,5,89588,183776,66.99,107186,-0.08
2021-06-17 13:53:24,66.6,5,89588,183771,66.99,107191,-0.08
2021-06-17 13:53:28,66.6,5,89710,183653,66.99,107191,-0.08
2021-06-17 13:53:49,66.7,3,89852,182982,66.98,108302,0.08
2021-06-17 13:53:51,66.7,3,89840,183021,66.98,108302,0.08
2021-06-17 13:54:15,66.7,3,89840,183007,66.98,108302,0.08
2021-06-17 13:54:38,66.7,3,89735,183007,66.98,108302,0.08
2021-06-17 13:54:57,66.7,3,89735,182867,66.98,108302,0.08
2021-06-17 13:55:07,66.7,3,89617,182859,66.98,108302,0.08
2021-06-17 13:55:10,66.7,3,89617,182977,66.98,108302,0.08
2021-06-17 13:55:12,66.7,3,89617,182983,66.98,108302,0.08
2021-06-17 13:55:18,66.7,3,89617,182990,66.98,108302,0.08
2021-06-17 13:55:30,66.7,3,89729,182873,66.98,108302,0.08
2021-06-17 13:55:33,66.7,3,89617,182985,66.98,108302,0.08
2021-06-17 13:55:36,66.7,3,89731,182873,66.98,108302,0.08
2021-06-17 13:55:38,66.7,3,89617,182984,66.98,108302,0.08
2021-06-17 13:55:51,66.7,3,89517,182984,66.98,108302,0.08
2021-06-17 13:56:32,66.7,3,89634,182873,66.98,108302,0.08
2021-06-17 13:56:37,66.7,3,89631,182873,66.98,108302,0.08
2021-06-17 13:56:39,66.7,3,89638,182888,66.98,108302,0.08
2021-06-17 13:56:40,66.7,3,89517,183010,66.98,108302,0.08
2021-06-17 13:56:43,66.7,3,89517,183002,66.98,108302,0.08
2021-06-17 13:56:46,66.7,3,89631,182874,66.98,108302,0.08
2021-06-17 13:56:51,66.5,1,89544,183012,66.98,108402,-0.23
2021-06-17 13:57:28,66.7,14,89544,183012,66.98,108402,0.08
2021-06-17 13:57:30,66.7,14,90321,182580,66.98,108751,0.08
2021-06-17 13:57:34,66.7,14,90317,182580,66.98,108751,0.08
2021-06-17 13:57:37,66.75,14,90317,182580,66.98,108751,0.15
2021-06-17 13:57:39,66.75,14,90632,182417,66.98,108765,0.15
2021-06-17 13:57:41,66.75,14,90618,182404,66.98,108765,0.15
2021-06-17 13:57:43,66.75,14,90618,182643,66.98,108765,0.15
2021-06-17 13:57:45,67.15,100,90618,182643,66.98,108765,0.75
2021-06-17 13:57:46,67.15,100,90909,176654,66.98,115866,0.75
2021-06-17 13:57:48,67.15,100,91047,176708,66.98,115866,0.75
2021-06-17 13:57:54,67.15,100,91105,176739,66.98,115866,0.75
2021-06-17 13:58:00,67.15,100,91086,176739,66.98,115866,0.75
2021-06-17 13:58:02,67.15,100,91149,176839,66.98,115866,0.75
2021-06-17 13:58:07,67.15,100,90988,176839,66.98,115866,0.75
2021-06-17 13:58:22,67.15,100,91288,176839,66.98,115866,0.75
2021-06-17 13:58:31,67.15,100,91338,176788,66.98,115866,0.75
2021-06-17 13:58:32,67.0,4,91338,176788,66.98,115866,0.53
2021-06-17 13:58:33,67.0,4,91155,178484,66.98,116977,0.53
2021-06-17 13:58:52,67.0,4,91255,178407,66.98,116977,0.53
2021-06-17 13:59:01,67.0,4,91312,178407,66.98,116977,0.53
2021-06-17 13:59:14,67.0,4,91312,178412,66.98,116977,0.53
2021-06-17 13:59:30,67.0,4,91312,178409,66.98,116977,0.53
2021-06-17 13:59:45,67.0,4,91312,178609,66.98,116977,0.53
2021-06-17 14:00:11,67.0,4,91307,178606,66.98,116977,0.53
2021-06-17 14:00:24,67.2,89,91307,178606,66.98,116977,0.83
2021-06-17 14:00:26,67.2,89,91390,179486,66.98,117166,0.83
2021-06-17 14:00:27,67.2,11,91390,179486,66.98,117166,0.83
2021-06-17 14:00:28,67.2,11,91429,179471,66.98,117227,0.83
2021-06-17 14:00:41,67.2,100,91429,179471,66.98,117227,0.83
2021-06-17 14:00:52,67.2,100,91479,179496,66.98,117377,0.83
2021-06-17 14:00:54,67.2,100,91479,179481,66.98,117478,0.83
2021-06-17 14:01:34,67.2,100,91731,178797,66.98,117478,0.83
2021-06-17 14:01:37,67.2,100,91807,178401,66.98,117478,0.83
2021-06-17 14:02:12,67.2,100,91985,178201,66.98,117478,0.83
2021-06-17 14:02:14,67.2,100,91885,178201,66.98,117478,0.83
2021-06-17 14:02:34,67.2,100,91745,178822,66.98,117478,0.83
2021-06-17 14:02:37,67.2,100,91762,178707,66.98,117478,0.83
2021-06-17 14:02:41,67.2,100,91875,178707,66.98,117478,0.83
2021-06-17 14:02:45,67.2,100,91827,178707,66.98,117478,0.83
2021-06-17 14:02:48,67.2,1,91962,178707,66.98,117478,0.83
2021-06-17 14:02:51,67.2,1,91990,178599,66.98,117479,0.83
2021-06-17 14:02:58,67.2,1,91869,178721,66.98,117479,0.83
2021-06-17 14:03:01,67.2,1,91869,178599,66.98,117479,0.83
2021-06-17 14:03:04,67.2,1,91869,178712,66.98,117479,0.83
2021-06-17 14:03:09,67.3,54,91869,178712,66.98,117479,0.98
2021-06-17 14:03:10,67.3,54,91977,178289,66.98,117533,0.98
2021-06-17 14:03:44,67.3,54,91859,178441,66.98,117533,0.98
2021-06-17 14:04:01,67.3,54,91977,178325,66.98,117533,0.98
2021-06-17 14:04:08,67.3,54,91981,178325,66.98,117533,0.98
2021-06-17 14:04:10,67.3,54,91859,178325,66.98,117533,0.98
2021-06-17 14:04:11,67.3,56,91859,178325,66.98,117533,0.98
2021-06-17 14:04:13,67.3,56,91981,178282,66.98,117589,0.98
2021-06-17 14:04:15,67.3,56,91859,178776,66.98,117589,0.98
2021-06-17 14:04:16,67.3,50,91859,178776,66.98,117589,0.98
2021-06-17 14:04:30,67.4,98,91859,178776,66.98,117589,1.13
2021-06-17 14:04:31,67.3,2,91859,178776,66.98,117589,0.98
2021-06-17 14:04:31,67.3,2,92285,176586,66.99,119350,0.98
2021-06-17 14:04:34,67.3,2,92298,176351,66.99,119350,0.98
2021-06-17 14:04:55,67.3,2,92365,176351,66.99,119350,0.98
2021-06-17 14:04:57,67.5,10,92365,176351,66.99,119350,1.28
2021-06-17 14:05:03,67.5,10,91704,177115,66.99,119654,1.28
2021-06-17 14:05:03,67.6,1,91704,177115,66.99,119654,1.43
2021-06-17 14:05:04,67.6,1,91719,176892,66.99,119655,1.43
2021-06-17 14:05:07,67.6,4,91704,176759,66.99,120155,1.43
2021-06-17 14:05:10,67.6,4,91705,176762,66.99,120155,1.43
2021-06-17 14:05:12,67.6,4,91703,176648,66.99,120155,1.43
2021-06-17 14:05:13,67.65,1,91703,176648,66.99,120155,1.5
2021-06-17 14:05:19,67.65,1,91485,176647,66.99,120156,1.5
2021-06-17 14:05:21,67.65,1,91485,176646,66.99,120157,1.5
2021-06-17 14:05:28,67.65,1,91499,176646,66.99,120157,1.5
2021-06-17 14:05:41,67.5,250,91499,176646,66.99,120157,1.28
2021-06-17 14:05:43,67.5,250,91765,176776,66.99,120407,1.28
2021-06-17 14:06:01,67.5,250,91695,176999,66.99,120407,1.28
2021-06-17 14:06:28,67.5,2,91763,176914,66.99,120409,1.28
2021-06-17 14:07:25,67.5,2,91821,176614,66.99,120409,1.28
2021-06-17 14:07:30,67.5,2,91821,176714,66.99,120409,1.28
2021-06-17 14:07:40,67.5,2,91821,176814,66.99,120409,1.28
2021-06-17 14:07:54,67.5,2,91821,177613,66.99,120409,1.28
2021-06-17 14:08:05,67.5,2,91882,177613,66.99,120409,1.28
2021-06-17 14:08:31,67.65,1,91882,177613,66.99,120409,1.5
2021-06-17 14:08:33,67.65,1,91692,177612,66.99,120410,1.5
2021-06-17 14:08:54,67.65,1,91558,177612,66.99,120410,1.5
2021-06-17 14:08:57,67.65,10,91558,177612,66.99,120410,1.5
2021-06-17 14:08:59,67.65,10,91777,177816,66.99,120420,1.5
2021-06-17 14:09:02,67.65,10,91777,177748,66.99,120420,1.5
2021-06-17 14:09:05,67.5,100,91692,177762,66.99,120520,1.28
2021-06-17 14:09:15,67.4,158,91692,177762,66.99,120520,1.13
2021-06-17 14:09:22,67.4,158,91602,177636,67.0,120881,1.13
2021-06-17 14:09:25,67.4,158,91602,177665,67.0,120881,1.13
2021-06-17 14:09:34,67.4,158,91602,177533,67.0,120881,1.13
2021-06-17 14:09:37,67.4,158,91602,177661,67.0,120881,1.13
2021-06-17 14:09:39,67.35,17,91602,177661,67.0,120881,1.05
2021-06-17 14:09:40,67.35,17,91599,177515,67.0,120899,1.05
2021-06-17 14:09:43,67.35,17,93207,177185,67.0,120899,1.05
2021-06-17 14:10:06,67.5,91,93207,177185,67.0,120899,1.28
2021-06-17 14:10:07,67.5,91,93261,177278,67.0,120990,1.28
2021-06-17 14:10:10,67.5,91,93135,177290,67.0,120990,1.28
2021-06-17 14:10:16,67.5,91,93257,177290,67.0,120990,1.28
2021-06-17 14:10:22,67.5,91,93378,177304,67.0,120990,1.28
2021-06-17 14:10:27,67.45,5,93378,177304,67.0,120990,1.2
2021-06-17 14:10:27,67.45,5,93393,177190,67.0,120995,1.2
2021-06-17 14:10:31,67.45,5,93148,181857,67.0,120995,1.2
2021-06-17 14:10:56,67.45,5,93133,181958,67.0,120995,1.2
2021-06-17 14:10:57,67.45,97,93133,181958,67.0,120995,1.2
2021-06-17 14:10:59,67.45,97,92925,181958,67.0,121092,1.2
2021-06-17 14:11:05,67.45,97,92925,182089,67.0,121092,1.2
2021-06-17 14:11:09,67.45,97,92925,189802,67.0,121092,1.2
2021-06-17 14:11:11,67.5,23,92925,189790,67.0,121115,1.28
2021-06-17 14:11:30,67.4,1,92925,189790,67.0,121115,1.13
2021-06-17 14:11:31,67.55,632,91315,189554,67.0,122616,1.35
2021-06-17 14:11:47,67.55,632,91330,189582,67.0,122616,1.35
2021-06-17 14:11:50,67.55,632,91330,189700,67.0,122616,1.35
2021-06-17 14:11:53,67.55,632,91330,189800,67.0,122616,1.35
2021-06-17 14:11:54,67.5,74,91330,189800,67.0,122616,1.28
2021-06-17 14:11:57,67.5,74,91316,189859,67.0,122691,1.28
2021-06-17 14:12:18,67.25,9,91316,189859,67.0,122691,0.9
2021-06-17 14:12:19,67.25,9,91194,190189,67.0,123091,0.9
2021-06-17 14:12:20,67.5,32,91194,190189,67.0,123091,1.28
2021-06-17 14:12:22,67.5,32,91161,189244,67.01,123591,1.28
2021-06-17 14:12:28,67.5,32,91190,189244,67.01,123591,1.28
2021-06-17 14:12:31,67.5,32,91190,189378,67.01,123591,1.28
2021-06-17 14:12:41,67.5,32,91190,189356,67.01,123591,1.28
2021-06-17 14:12:46,67.5,32,91322,189467,67.01,123591,1.28
2021-06-17 14:12:49,67.5,32,91336,189488,67.01,123591,1.28
2021-06-17 14:12:55,67.5,32,91336,189482,67.01,123591,1.28
2021-06-17 14:12:57,67.2,9,91336,189482,67.01,123591,0.83
2021-06-17 14:12:58,67.2,9,91060,190130,67.01,124091,0.83
2021-06-17 14:13:04,67.2,9,91075,190131,67.01,124091,0.83
2021-06-17 14:13:20,67.2,81,91089,190031,67.01,124191,0.83
2021-06-17 14:13:22,67.25,28,91089,190031,67.01,124191,0.9
2021-06-17 14:13:23,67.25,28,90980,190071,67.01,124219,0.9
2021-06-17 14:13:25,67.25,28,91100,190071,67.01,124219,0.9
2021-06-17 14:13:28,67.25,28,90965,190077,67.01,124219,0.9
2021-06-17 14:13:35,67.25,336,90965,190077,67.01,124219,0.9
2021-06-17 14:13:37,67.25,336,90968,190181,67.01,124555,0.9
2021-06-17 14:13:47,67.25,336,91027,190845,67.01,124555,0.9
2021-06-17 14:13:54,67.25,336,91027,190842,67.01,124555,0.9
2021-06-17 14:13:57,67.25,336,91139,190730,67.01,124555,0.9
2021-06-17 14:14:00,67.25,336,91027,190848,67.01,124555,0.9
2021-06-17 14:14:06,67.35,1,91027,190848,67.01,124555,1.05
2021-06-17 14:14:06,67.35,1,90827,190847,67.01,124556,1.05
2021-06-17 14:14:16,67.35,1,90938,190355,67.01,124556,1.05
2021-06-17 14:14:22,67.35,1,90827,190615,67.01,124556,1.05
2021-06-17 14:14:39,67.35,1,90817,190615,67.01,124556,1.05
2021-06-17 14:14:51,67.35,1,90817,191325,67.01,124556,1.05
2021-06-17 14:15:13,67.35,1,90817,191441,67.01,124556,1.05
2021-06-17 14:15:19,67.25,390,90817,191441,67.01,124556,0.9
2021-06-17 14:15:21,67.25,390,90791,190317,67.01,126116,0.9
2021-06-17 14:15:25,67.25,390,90805,190334,67.01,126116,0.9
2021-06-17 14:15:32,67.25,390,90715,190334,67.01,126116,0.9
2021-06-17 14:15:36,67.25,390,90715,190337,67.01,126116,0.9
2021-06-17 14:15:40,67.25,390,90595,190337,67.01,126116,0.9
2021-06-17 14:15:44,67.25,390,90559,190331,67.01,126116,0.9
2021-06-17 14:15:48,67.25,390,90559,190332,67.01,126116,0.9
2021-06-17 14:15:55,67.25,390,90567,190662,67.01,126116,0.9
2021-06-17 14:16:04,67.25,100,90567,190662,67.01,126116,0.9
2021-06-17 14:16:05,67.25,100,90423,190660,67.01,126216,0.9
2021-06-17 14:16:15,67.25,56,90423,190660,67.01,126216,0.9
2021-06-17 14:16:21,67.25,56,90454,190660,67.01,126316,0.9
2021-06-17 14:16:24,67.25,56,90519,190437,67.01,126316,0.9
2021-06-17 14:16:27,67.25,56,90454,190554,67.01,126316,0.9
2021-06-17 14:16:31,67.25,43,90454,190554,67.01,126316,0.9
2021-06-17 14:16:34,67.25,43,90373,190563,67.01,126395,0.9
2021-06-17 14:16:36,67.3,50,90373,190563,67.01,126395,0.98
2021-06-17 14:16:37,67.3,50,90371,190513,67.01,126445,0.98
2021-06-17 14:16:40,67.3,50,90433,190516,67.01,126445,0.98
2021-06-17 14:16:47,67.3,50,90271,190513,67.01,126445,0.98
2021-06-17 14:16:51,67.3,50,90271,190515,67.01,126445,0.98
2021-06-17 14:16:54,67.3,50,90333,190515,67.01,126445,0.98
2021-06-17 14:17:01,67.3,50,90451,190515,67.01,126445,0.98
2021-06-17 14:17:05,67.25,270,90451,190515,67.01,126445,0.9
2021-06-17 14:17:08,67.25,270,90453,190067,67.01,127322,0.9
2021-06-17 14:17:23,67.25,270,90436,190067,67.01,127322,0.9
2021-06-17 14:17:24,67.25,182,90436,190067,67.01,127322,0.9
2021-06-17 14:17:26,67.25,182,90178,190066,67.01,127822,0.9
2021-06-17 14:17:35,67.25,182,90159,190197,67.01,127822,0.9
2021-06-17 14:17:40,67.25,124,90159,190197,67.01,127822,0.9
2021-06-17 14:17:42,67.25,124,90139,189797,67.02,128712,0.9
2021-06-17 14:17:47,67.25,124,90086,189812,67.02,128712,0.9
2021-06-17 14:17:58,67.25,124,90164,189812,67.02,128712,0.9
2021-06-17 14:18:01,67.25,124,90133,189812,67.02,128712,0.9
2021-06-17 14:18:07,67.25,124,90132,189812,67.02,128712,0.9
2021-06-17 14:18:14,67.25,124,90132,189561,67.02,128712,0.9
2021-06-17 14:18:18,67.25,124,90306,189561,67.02,128712,0.9
2021-06-17 14:18:21,67.25,124,90309,189561,67.02,128712,0.9
2021-06-17 14:18:25,67.25,124,90302,189561,67.02,128712,0.9
2021-06-17 14:18:28,67.25,124,90189,189571,67.02,128712,0.9
2021-06-17 14:18:32,67.25,124,90130,189689,67.02,128712,0.9
2021-06-17 14:18:38,67.25,124,90030,189689,67.02,128712,0.9
2021-06-17 14:18:48,67.25,124,90113,189780,67.02,128712,0.9
2021-06-17 14:19:07,67.25,124,90098,190080,67.02,128712,0.9
2021-06-17 14:19:13,67.25,124,90098,190325,67.02,128712,0.9
2021-06-17 14:19:20,67.25,124,90030,190325,67.02,128712,0.9
2021-06-17 14:19:27,67.25,124,90095,190223,67.02,128712,0.9
2021-06-17 14:19:34,67.25,124,90215,190101,67.02,128712,0.9
2021-06-17 14:19:42,67.25,124,90095,190101,67.02,128712,0.9
2021-06-17 14:19:45,67.25,124,90085,190219,67.02,128712,0.9
2021-06-17 14:20:19,67.25,124,90085,190217,67.02,128712,0.9
2021-06-17 14:20:28,67.25,124,90085,190101,67.02,128712,0.9
2021-06-17 14:20:32,67.25,124,90085,190215,67.02,128712,0.9
2021-06-17 14:20:33,67.25,99,90085,190215,67.02,128712,0.9
2021-06-17 14:20:36,67.25,99,89936,190345,67.02,129012,0.9
2021-06-17 14:20:45,67.25,72,89936,190345,67.02,129012,0.9
2021-06-17 14:20:48,67.25,72,90047,189645,67.02,130086,0.9
2021-06-17 14:20:56,67.25,72,90016,189645,67.02,130086,0.9
2021-06-17 14:21:07,67.25,114,89862,189649,67.02,130901,0.9
2021-06-17 14:21:17,67.25,36,89862,189649,67.02,130901,0.9
2021-06-17 14:21:19,67.25,36,89853,189649,67.02,131753,0.9
2021-06-17 14:21:20,67.2,17,89853,189649,67.02,131753,0.83
2021-06-17 14:21:22,67.2,17,89436,189540,67.02,132772,0.83
2021-06-17 14:21:24,67.2,17,89436,189758,67.02,132772,0.83
2021-06-17 14:22:22,67.2,17,89436,189571,67.02,132772,0.83
2021-06-17 14:22:28,67.15,1,89436,189571,67.02,132772,0.75
2021-06-17 14:22:29,67.15,1,89556,189778,67.02,132773,0.75
2021-06-17 14:22:32,67.15,1,89583,194782,67.02,132773,0.75
2021-06-17 14:22:51,67.15,1,89503,194816,67.02,132773,0.75
2021-06-17 14:22:54,67.15,1,89503,194716,67.02,132773,0.75
2021-06-17 14:22:57,67.15,1,89518,194720,67.02,132773,0.75
2021-06-17 14:23:01,67.15,1,89503,194717,67.02,132773,0.75
2021-06-17 14:23:07,67.15,1,89651,194715,67.02,132773,0.75
2021-06-17 14:23:14,67.15,1,89136,194715,67.02,132773,0.75
2021-06-17 14:23:21,67.1,2,87136,194715,67.02,132773,0.68
2021-06-17 14:23:24,67.1,2,87235,194630,67.02,132793,0.68
2021-06-17 14:24:08,67.1,2,87388,194452,67.02,132793,0.68
2021-06-17 14:24:23,67.1,2,87332,194485,67.02,132793,0.68
2021-06-17 14:24:27,67.1,2,87332,194581,67.02,132793,0.68
2021-06-17 14:24:37,67.1,2,87230,194471,67.02,132793,0.68
2021-06-17 14:24:39,67.05,96,87230,194471,67.02,132793,0.6
2021-06-17 14:24:41,67.05,96,87072,194792,67.02,132893,0.6
2021-06-17 14:24:52,67.05,96,87191,194793,67.02,132893,0.6
2021-06-17 14:24:55,67.05,96,87180,194793,67.02,132893,0.6
2021-06-17 14:24:59,67.05,96,87073,194796,67.02,132893,0.6
2021-06-17 14:25:06,67.05,96,87073,194677,67.02,132893,0.6
2021-06-17 14:25:10,67.05,96,85573,194789,67.02,132893,0.6
2021-06-17 14:25:13,67.05,96,85573,194677,67.02,132893,0.6
2021-06-17 14:25:17,67.05,96,85573,194792,67.02,132893,0.6
2021-06-17 14:25:27,66.95,1,85573,194792,67.02,132893,0.45
2021-06-17 14:25:28,66.95,1,85665,194902,67.02,132903,0.45
2021-06-17 14:25:32,66.95,1,85653,194787,67.02,132903,0.45
2021-06-17 14:25:36,66.95,1,85568,194767,67.02,132903,0.45
2021-06-17 14:25:39,66.95,1,85553,194767,67.02,132903,0.45
2021-06-17 14:25:47,66.95,1,85553,194780,67.02,132903,0.45
2021-06-17 14:25:51,66.95,1,85566,194647,67.02,132903,0.45
2021-06-17 14:25:57,66.95,1,85580,194785,67.02,132903,0.45
2021-06-17 14:26:01,66.95,1,85580,194772,67.02,132903,0.45
2021-06-17 14:26:08,66.95,1,85580,194672,67.02,132903,0.45
2021-06-17 14:26:16,66.95,1,85580,194722,67.02,132903,0.45
2021-06-17 14:26:23,66.95,1,85580,194735,67.02,132903,0.45
2021-06-17 14:26:30,66.95,1,85580,194745,67.02,132903,0.45
2021-06-17 14:26:33,66.95,1,85566,194732,67.02,132903,0.45
2021-06-17 14:26:42,66.95,1,85580,194851,67.02,132903,0.45
2021-06-17 14:26:58,66.95,1,85579,194745,67.02,132903,0.45
2021-06-17 14:27:01,66.95,1,85579,194732,67.02,132903,0.45
2021-06-17 14:27:04,67.0,199,85579,194732,67.02,132903,0.53
2021-06-17 14:27:05,67.0,199,85580,194722,67.02,133103,0.53
2021-06-17 14:27:08,67.0,199,85675,194609,67.02,133103,0.53
2021-06-17 14:27:10,66.95,2,85675,194609,67.02,133103,0.45
2021-06-17 14:27:11,66.95,2,85714,195421,67.02,133107,0.45
2021-06-17 14:27:21,66.95,2,85604,195421,67.02,133107,0.45
2021-06-17 14:27:22,66.95,10,85604,195421,67.02,133107,0.45
2021-06-17 14:27:25,66.95,10,85438,195644,67.02,133212,0.45
2021-06-17 14:27:42,67.0,4,85438,195644,67.02,133212,0.53
2021-06-17 14:27:45,67.0,4,85438,195760,67.02,133216,0.53
2021-06-17 14:27:55,67.0,53,85438,195760,67.02,133216,0.53
2021-06-17 14:27:58,67.0,53,85558,194841,67.02,134216,0.53
2021-06-17 14:28:18,67.0,53,85558,194911,67.02,134216,0.53
2021-06-17 14:28:25,67.1,8,85558,194911,67.02,134216,0.68
2021-06-17 14:28:25,67.1,8,86903,193120,67.02,134921,0.68
2021-06-17 14:28:29,67.1,8,87089,193134,67.02,134921,0.68
2021-06-17 14:28:33,67.1,8,87089,193086,67.02,134921,0.68
2021-06-17 14:28:36,67.1,8,87225,192984,67.02,134921,0.68
2021-06-17 14:29:39,67.1,8,87125,192994,67.02,134921,0.68
2021-06-17 14:29:58,67.1,8,87175,192894,67.02,134921,0.68
2021-06-17 14:30:26,67.1,8,87075,192882,67.02,134921,0.68
2021-06-17 14:31:40,67.0,437,87075,192882,67.02,134921,0.53
2021-06-17 14:31:40,67.0,437,86286,193489,67.02,135721,0.53
2021-06-17 14:31:43,67.0,437,86286,193484,67.02,135721,0.53
2021-06-17 14:32:23,67.0,437,86286,193207,67.02,135721,0.53
2021-06-17 14:32:27,67.0,437,86286,193094,67.02,135721,0.53
2021-06-17 14:32:30,67.0,437,86600,193082,67.02,135721,0.53
2021-06-17 14:32:52,67.0,437,86486,193082,67.02,135721,0.53
2021-06-17 14:32:55,67.0,437,86608,193082,67.02,135721,0.53
2021-06-17 14:32:58,67.0,437,86486,193090,67.02,135721,0.53
2021-06-17 14:33:03,67.0,437,86486,193211,67.02,135721,0.53
2021-06-17 14:33:07,67.0,183,86486,193211,67.02,135721,0.53
2021-06-17 14:33:10,67.0,183,86414,193611,67.02,136121,0.53
2021-06-17 14:33:13,67.0,183,86392,194168,67.02,136121,0.53
2021-06-17 14:33:18,67.0,183,86392,194364,67.02,136121,0.53
2021-06-17 14:33:45,67.0,183,86392,194321,67.02,136121,0.53
2021-06-17 14:33:57,67.0,183,86513,194196,67.02,136121,0.53
2021-06-17 14:34:00,67.0,183,86392,194196,67.02,136121,0.53
2021-06-17 14:34:06,67.0,183,86392,194317,67.02,136121,0.53
2021-06-17 14:34:32,67.0,183,86392,194206,67.02,136121,0.53
2021-06-17 14:34:37,67.0,183,85892,194206,67.02,136121,0.53
2021-06-17 14:34:49,67.0,183,85892,194106,67.02,136121,0.53
2021-06-17 14:34:52,67.0,183,85876,194228,67.02,136121,0.53
2021-06-17 14:34:58,67.0,183,85876,194217,67.02,136121,0.53
2021-06-17 14:35:01,67.0,183,85876,194106,67.02,136121,0.53
2021-06-17 14:35:17,67.0,183,85911,193988,67.02,136121,0.53
2021-06-17 14:35:58,67.0,44,85911,193988,67.02,136121,0.53
2021-06-17 14:36:00,67.0,44,85867,193992,67.02,136165,0.53
2021-06-17 14:36:11,67.0,44,85863,193992,67.02,136165,0.53
2021-06-17 14:36:22,67.0,44,85748,193992,67.02,136165,0.53
2021-06-17 14:36:26,67.0,44,85748,194110,67.02,136165,0.53
2021-06-17 14:36:29,67.0,44,85869,194110,67.02,136165,0.53
2021-06-17 14:36:33,67.0,44,85846,193988,67.02,136165,0.53
2021-06-17 14:36:36,67.0,44,85849,194106,67.02,136165,0.53
2021-06-17 14:36:46,67.0,44,85851,193988,67.02,136165,0.53
2021-06-17 14:36:53,67.0,44,85850,193988,67.02,136165,0.53
2021-06-17 14:36:56,67.0,44,85733,193988,67.02,136165,0.53
2021-06-17 14:37:03,67.0,44,85733,193969,67.02,136165,0.53
2021-06-17 14:37:12,67.0,44,85733,193958,67.02,136165,0.53
2021-06-17 14:37:48,67.0,44,85852,193974,67.02,136165,0.53
2021-06-17 14:37:52,67.0,44,85733,194086,67.02,136165,0.53
2021-06-17 14:38:33,67.0,79,85623,194086,67.02,136265,0.53
2021-06-17 14:38:37,66.9,56,85623,194086,67.02,136265,0.38
2021-06-17 14:38:39,66.9,56,85238,193986,67.02,136765,0.38
2021-06-17 14:38:49,66.9,56,85301,194927,67.02,136765,0.38
2021-06-17 14:39:06,66.9,56,85432,195037,67.02,136765,0.38
2021-06-17 14:39:12,66.9,56,85317,195037,67.02,136765,0.38
2021-06-17 14:39:35,66.9,56,85332,200167,67.02,136765,0.38
2021-06-17 14:39:39,66.9,56,85159,200167,67.02,136765,0.38
2021-06-17 14:39:48,66.9,56,85057,200257,67.02,136765,0.38
2021-06-17 14:41:05,66.9,56,84957,200269,67.02,136765,0.38
2021-06-17 14:41:28,66.9,56,84757,200269,67.02,136765,0.38
2021-06-17 14:41:33,66.7,10,84757,200269,67.02,136765,0.08
2021-06-17 14:41:34,66.7,10,84747,200259,67.02,136775,0.08
2021-06-17 14:41:49,66.7,10,84647,200059,67.02,136775,0.08
2021-06-17 14:42:29,66.7,10,84447,199869,67.02,136775,0.08
2021-06-17 14:42:30,66.7,10,84464,199559,67.02,136875,0.08
2021-06-17 14:42:58,66.7,10,84529,199624,67.02,136875,0.08
2021-06-17 14:43:09,66.7,10,84963,199659,67.02,136875,0.08
2021-06-17 14:43:53,66.7,10,85147,199659,67.02,136875,0.08
2021-06-17 14:44:14,66.7,10,85147,199559,67.02,136875,0.08
2021-06-17 14:44:27,66.7,10,85159,199559,67.02,136875,0.08
2021-06-17 14:44:38,66.7,10,85040,199559,67.02,136875,0.08
2021-06-17 14:44:48,66.7,10,85162,199629,67.02,136875,0.08
2021-06-17 14:44:51,66.7,10,85040,199629,67.02,136875,0.08
2021-06-17 14:45:09,66.7,10,85160,199632,67.02,136875,0.08
2021-06-17 14:45:10,66.65,61,85160,199632,67.02,136875,0.0
2021-06-17 14:45:21,66.65,61,84976,199618,67.02,137000,0.0
2021-06-17 14:45:47,66.65,61,84876,199618,67.02,137000,0.0
2021-06-17 14:45:55,66.65,61,84876,199623,67.02,137000,0.0
2021-06-17 14:46:04,66.65,61,84992,199623,67.02,137000,0.0
2021-06-17 14:46:07,66.65,122,84992,199623,67.02,137000,0.0
2021-06-17 14:46:08,66.65,122,85275,199912,67.02,137287,0.0
2021-06-17 14:46:43,66.65,122,85185,199925,67.02,137287,0.0
2021-06-17 14:46:45,66.65,1,85185,199925,67.02,137287,0.0
2021-06-17 14:46:45,66.65,1,85257,199923,67.02,137288,0.0
2021-06-17 14:46:48,66.65,1,85147,199923,67.02,137288,0.0
2021-06-17 14:46:52,66.65,1,85262,199923,67.02,137288,0.0
2021-06-17 14:47:10,66.65,1,85018,199923,67.02,137288,0.0
2021-06-17 14:47:13,66.65,1,84918,199923,67.02,137288,0.0
2021-06-17 14:47:19,66.65,1,84410,200284,67.02,137288,0.0
2021-06-17 14:47:19,66.6,1,84410,200284,67.02,137288,-0.08
2021-06-17 14:47:22,66.6,1,84512,200625,67.02,137439,-0.08
2021-06-17 14:47:25,66.6,1,84612,200511,67.02,137439,-0.08
2021-06-17 14:47:28,66.45,38,84565,200409,67.02,137652,-0.3
2021-06-17 14:47:31,66.45,38,84506,200409,67.02,137652,-0.3
2021-06-17 14:47:37,66.45,38,84642,200410,67.02,137652,-0.3
2021-06-17 14:47:39,66.45,15,84642,200410,67.02,137652,-0.3
2021-06-17 14:47:40,66.45,15,84767,200388,67.02,137692,-0.3
2021-06-17 14:47:43,66.45,15,84767,200398,67.02,137692,-0.3
2021-06-17 14:47:46,66.45,15,84882,200409,67.02,137692,-0.3
2021-06-17 14:47:52,66.45,15,84885,200409,67.02,137692,-0.3
2021-06-17 14:48:01,66.45,15,84880,200409,67.02,137692,-0.3
2021-06-17 14:48:25,66.45,15,84767,200409,67.02,137692,-0.3
2021-06-17 14:48:32,66.45,15,84754,200409,67.02,137692,-0.3
2021-06-17 14:48:35,66.45,15,84865,200409,67.02,137692,-0.3
2021-06-17 14:48:37,66.65,11,84865,200409,67.02,137692,0.0
2021-06-17 14:48:38,66.65,11,85115,200189,67.02,137792,0.0
2021-06-17 14:48:53,66.45,35,85115,200189,67.02,137792,-0.3
2021-06-17 14:48:54,66.45,35,85108,200178,67.02,137842,-0.3
2021-06-17 14:49:00,66.45,35,84987,200178,67.02,137842,-0.3
2021-06-17 14:49:03,66.45,35,85100,200178,67.02,137842,-0.3
2021-06-17 14:49:06,66.65,15,85100,200178,67.02,137842,0.0
2021-06-17 14:49:06,66.65,15,85100,200174,67.02,137857,0.0
2021-06-17 14:49:10,66.65,15,84987,200276,67.02,137857,0.0
2021-06-17 14:49:13,66.65,15,84987,200163,67.02,137857,0.0
2021-06-17 14:49:20,66.65,15,84973,200279,67.02,137857,0.0
2021-06-17 14:49:23,66.65,15,84987,200375,67.02,137857,0.0
2021-06-17 14:49:30,66.65,15,85002,200495,67.02,137857,0.0
2021-06-17 14:49:31,66.45,40,85002,200495,67.02,137857,-0.3
2021-06-17 14:49:33,66.45,40,85220,200427,67.02,138010,-0.3
2021-06-17 14:49:36,66.4,69,85220,200427,67.02,138010,-0.38
2021-06-17 14:49:36,66.4,69,85074,200580,67.02,138195,-0.38
2021-06-17 14:49:40,66.4,69,84962,200907,67.02,138195,-0.38
2021-06-17 14:50:18,66.3,96,84962,200907,67.02,138195,-0.53
2021-06-17 14:50:18,66.3,96,84433,201130,67.01,138703,-0.53
2021-06-17 14:50:32,66.3,96,84337,201130,67.01,138703,-0.53
2021-06-17 14:50:39,66.3,96,84357,201130,67.01,138703,-0.53
2021-06-17 14:50:40,66.5,1,84357,201130,67.01,138703,-0.23
2021-06-17 14:50:43,66.5,1,84553,201130,67.01,138704,-0.23
2021-06-17 14:50:49,66.5,1,84546,201038,67.01,138704,-0.23
2021-06-17 14:50:55,66.5,1,84446,201038,67.01,138704,-0.23
2021-06-17 14:50:58,66.5,1,84474,201038,67.01,138704,-0.23
2021-06-17 14:51:15,66.5,1,84616,200918,67.01,138704,-0.23
2021-06-17 14:51:18,66.5,1,84354,201029,67.01,138704,-0.23
2021-06-17 14:51:21,66.5,1,84354,200929,67.01,138704,-0.23
2021-06-17 14:51:24,66.5,1,84254,200929,67.01,138704,-0.23
2021-06-17 14:51:37,66.5,1,84254,200829,67.01,138704,-0.23
2021-06-17 14:51:43,66.5,1,84158,200718,67.01,138704,-0.23
2021-06-17 14:51:46,66.5,1,84167,200718,67.01,138704,-0.23
2021-06-17 14:51:49,66.5,1,84058,200718,67.01,138704,-0.23
2021-06-17 14:51:52,66.5,1,84058,200618,67.01,138704,-0.23
2021-06-17 14:51:55,66.5,1,84067,200731,67.01,138704,-0.23
2021-06-17 14:52:15,66.5,1,84158,200474,67.01,138704,-0.23
2021-06-17 14:52:19,66.5,1,84298,200474,67.01,138704,-0.23
2021-06-17 14:53:21,66.35,1,84596,200442,67.01,138705,-0.45
2021-06-17 14:53:24,66.35,1,84476,200768,67.01,138705,-0.45
2021-06-17 14:53:27,66.35,1,84484,200761,67.01,138705,-0.45
2021-06-17 14:53:33,66.35,1,84599,200761,67.01,138705,-0.45
2021-06-17 14:53:39,66.35,1,84470,201378,67.01,138705,-0.45
2021-06-17 14:53:50,66.35,1,84534,201261,67.01,138705,-0.45
2021-06-17 14:53:55,66.3,130,84534,201261,67.01,138705,-0.53
2021-06-17 14:53:56,66.3,130,84142,201515,67.01,139205,-0.53
2021-06-17 14:53:59,66.3,130,84128,201629,67.01,139205,-0.53
2021-06-17 14:54:16,66.45,76,84151,201381,67.01,139505,-0.3
2021-06-17 14:54:23,66.45,76,84242,201381,67.01,139505,-0.3
2021-06-17 14:54:25,66.45,76,84303,201004,67.01,139505,-0.3
2021-06-17 14:54:28,66.45,76,84418,201012,67.01,139505,-0.3
2021-06-17 14:54:40,66.45,76,85018,201012,67.01,139505,-0.3
2021-06-17 14:54:49,66.45,76,84918,201012,67.01,139505,-0.3
2021-06-17 14:54:55,66.45,76,84818,201012,67.01,139505,-0.3
2021-06-17 14:55:12,66.45,76,84811,201602,67.01,139505,-0.3
2021-06-17 14:55:15,66.45,76,84933,201602,67.01,139505,-0.3
2021-06-17 14:55:25,66.45,76,84833,201602,67.01,139505,-0.3
2021-06-17 14:55:40,66.45,76,84711,201602,67.01,139505,-0.3
2021-06-17 14:55:43,66.45,76,84947,201614,67.01,139505,-0.3
2021-06-17 14:55:49,66.45,76,84947,201628,67.01,139505,-0.3
2021-06-17 14:55:52,66.45,76,84947,201507,67.01,139505,-0.3
2021-06-17 14:56:03,66.45,76,85365,201414,67.01,139505,-0.3
2021-06-17 14:56:16,66.45,1,85365,201414,67.01,139505,-0.3
2021-06-17 14:56:17,66.4,308,85365,201414,67.01,139505,-0.38
2021-06-17 14:56:18,66.4,308,85369,200906,67.01,139914,-0.38
2021-06-17 14:56:22,66.4,50,85369,200906,67.01,139914,-0.38
2021-06-17 14:56:24,66.4,50,85379,200863,67.01,139964,-0.38
2021-06-17 14:56:43,66.4,30,85379,200863,67.01,139964,-0.38
2021-06-17 14:56:45,66.4,30,85349,200826,67.01,139994,-0.38
2021-06-17 14:56:57,66.4,30,85121,200826,67.01,139994,-0.38
2021-06-17 14:57:15,66.4,30,85021,200826,67.01,139994,-0.38
2021-06-17 14:57:44,66.4,30,84862,200826,67.01,139994,-0.38
2021-06-17 14:57:49,66.4,2,84862,200824,67.01,139996,-0.38
2021-06-17 14:57:57,66.3,134,84284,201270,67.01,140430,-0.53
2021-06-17 14:58:12,66.35,10,84284,201270,67.01,140430,-0.45
2021-06-17 14:58:13,66.35,10,84510,201044,67.01,140553,-0.45
2021-06-17 14:58:27,66.4,73,84510,201044,67.01,140553,-0.38
2021-06-17 14:58:29,66.4,73,84641,200690,67.01,140653,-0.38
2021-06-17 14:58:32,66.4,73,84610,200690,67.01,140653,-0.38
2021-06-17 14:58:53,66.4,15,84610,200690,67.01,140653,-0.38
2021-06-17 14:58:54,66.4,15,84610,200682,67.01,140668,-0.38
2021-06-17 14:58:57,66.45,16,84610,200682,67.01,140668,-0.3
2021-06-17 14:59:00,66.45,16,85028,199969,67.0,141337,-0.3
2021-06-17 14:59:03,66.5,500,85028,199969,67.0,141337,-0.23
2021-06-17 14:59:03,66.5,500,85264,199327,67.0,141837,-0.23
2021-06-17 14:59:06,66.5,500,85539,199320,67.0,141837,-0.23
2021-06-17 14:59:10,66.5,500,85539,199198,67.0,141837,-0.23
2021-06-17 14:59:13,66.6,85,85539,199198,67.0,141837,-0.08
2021-06-17 14:59:25,66.6,85,85772,199075,67.0,141937,-0.08
2021-06-17 14:59:31,66.6,85,85872,199192,67.0,141937,-0.08
2021-06-17 14:59:32,66.6,23,85872,199192,67.0,141937,-0.08
2021-06-17 14:59:34,66.6,23,85875,199075,67.0,142060,-0.08
2021-06-17 14:59:44,66.6,23,85998,199075,67.0,142060,-0.08
2021-06-17 14:59:51,66.6,23,86014,198549,67.0,142060,-0.08
2021-06-17 14:59:53,66.55,85,86014,198549,67.0,142060,-0.15
2021-06-17 14:59:54,66.55,85,86001,198550,67.0,142160,-0.15
2021-06-17 14:59:58,66.55,85,85880,198550,67.0,142160,-0.15
2021-06-17 15:00:01,66.55,85,86006,198550,67.0,142160,-0.15
2021-06-17 15:00:04,66.55,85,86146,198537,67.0,142160,-0.15
2021-06-17 15:00:05,66.45,1,86146,198537,67.0,142160,-0.3
2021-06-17 15:00:08,66.45,1,85207,198413,67.0,143160,-0.3
2021-06-17 15:00:15,66.45,10,84876,198403,67.0,143239,-0.3
2021-06-17 15:00:18,66.45,10,84988,198414,67.0,143239,-0.3
2021-06-17 15:00:34,66.45,10,84952,198418,67.0,143239,-0.3
2021-06-17 15:00:49,66.45,10,85172,198412,67.0,143239,-0.3
2021-06-17 15:00:52,66.45,10,85409,198297,67.0,143239,-0.3
2021-06-17 15:01:01,66.5,16,85409,198297,67.0,143239,-0.23
2021-06-17 15:01:04,66.5,16,84990,198616,67.0,143465,-0.23
2021-06-17 15:01:07,66.5,16,85001,198717,67.0,143465,-0.23
2021-06-17 15:01:10,66.5,16,84764,198717,67.0,143465,-0.23
2021-06-17 15:01:13,66.5,16,84664,198717,67.0,143465,-0.23
2021-06-17 15:01:16,66.5,16,84748,198617,67.0,143465,-0.23
2021-06-17 15:01:17,66.45,10,84748,198617,67.0,143465,-0.3
2021-06-17 15:01:19,66.45,10,84773,198617,67.0,143475,-0.3
2021-06-17 15:01:22,66.45,10,84575,198617,67.0,143475,-0.3
2021-06-17 15:01:26,66.45,10,84694,198617,67.0,143475,-0.3
2021-06-17 15:01:33,66.45,10,84794,198617,67.0,143475,-0.3
2021-06-17 15:01:36,66.45,10,84681,198843,67.0,143475,-0.3
2021-06-17 15:01:42,66.45,10,84681,198729,67.0,143475,-0.3
2021-06-17 15:01:45,66.45,10,84681,198629,67.0,143475,-0.3
2021-06-17 15:01:49,66.45,10,84681,198740,67.0,143475,-0.3
2021-06-17 15:01:52,66.45,10,84771,198517,67.0,143475,-0.3
2021-06-17 15:01:57,66.45,10,84664,198588,67.0,143475,-0.3
2021-06-17 15:02:00,66.4,10,84664,198588,67.0,143475,-0.38
2021-06-17 15:02:03,66.4,10,84608,180637,66.99,143633,-0.38
2021-06-17 15:02:07,66.4,10,84608,175637,66.99,143633,-0.38
2021-06-17 15:02:17,66.4,10,84608,175532,66.99,143633,-0.38
2021-06-17 15:02:30,66.4,500,84608,175532,66.99,143633,-0.38
2021-06-17 15:02:31,66.4,500,84642,175772,66.99,144133,-0.38
2021-06-17 15:02:37,66.3,100,84642,175772,66.99,144133,-0.53
2021-06-17 15:02:39,66.3,100,83593,175844,66.99,144833,-0.53
2021-06-17 15:02:42,66.25,7,83593,175844,66.99,144833,-0.6
2021-06-17 15:02:45,66.35,7,83593,175844,66.99,144833,-0.45
2021-06-17 15:02:45,66.35,7,83566,175963,66.99,145041,-0.45
2021-06-17 15:02:48,66.35,7,82844,174239,66.99,145041,-0.45
2021-06-17 15:02:51,66.35,7,82858,174239,66.99,145041,-0.45
2021-06-17 15:02:55,66.35,7,83069,174239,66.99,145041,-0.45
2021-06-17 15:03:04,66.35,7,82956,174239,66.99,145041,-0.45
2021-06-17 15:03:15,66.35,7,82959,174343,66.99,145041,-0.45
2021-06-17 15:03:18,66.35,7,82955,174457,66.99,145041,-0.45
2021-06-17 15:03:34,66.35,7,83069,173966,66.99,145041,-0.45
2021-06-17 15:03:38,66.35,7,83055,171945,66.99,145041,-0.45
2021-06-17 15:03:42,66.35,7,83156,171945,66.99,145041,-0.45
2021-06-17 15:03:55,66.5,49,83344,171991,66.99,145141,-0.23
2021-06-17 15:03:58,66.5,49,83334,171996,66.99,145141,-0.23
2021-06-17 15:04:01,66.5,49,82886,171742,66.99,145141,-0.23
2021-06-17 15:04:05,66.5,49,82652,171520,66.99,145141,-0.23
2021-06-17 15:04:09,66.5,49,82542,171254,66.99,145141,-0.23
2021-06-17 15:04:12,66.5,49,82542,171153,66.99,145141,-0.23
2021-06-17 15:04:16,66.5,49,82542,171020,66.99,145141,-0.23
2021-06-17 15:04:19,66.5,49,82315,170180,66.99,145141,-0.23
2021-06-17 15:04:23,66.5,49,81823,170180,66.99,145141,-0.23
2021-06-17 15:04:27,66.5,49,81257,169682,66.99,145141,-0.23
2021-06-17 15:04:29,66.5,63,81257,169682,66.99,145141,-0.23
2021-06-17 15:04:31,66.5,63,80783,169491,66.99,145337,-0.23
2021-06-17 15:05:00,66.5,63,80083,169157,66.99,145337,-0.23
2021-06-17 15:05:00,66.5,250,80083,169157,66.99,145337,-0.23
2021-06-17 15:05:03,66.5,250,80071,169163,66.99,145587,-0.23
2021-06-17 15:05:06,66.5,50,80071,169163,66.99,145587,-0.23
2021-06-17 15:05:07,66.5,50,80071,169098,66.99,145637,-0.23
2021-06-17 15:05:13,66.5,50,80071,169913,66.99,145637,-0.23
2021-06-17 15:05:24,66.5,50,79571,169913,66.99,145637,-0.23
2021-06-17 15:05:27,66.5,50,79571,169984,66.99,145637,-0.23
2021-06-17 15:05:59,66.5,50,78576,169984,66.99,145637,-0.23
2021-06-17 15:06:18,66.3,168,78576,169984,66.99,145637,-0.53
2021-06-17 15:06:19,66.3,168,78452,169977,66.98,146137,-0.53
2021-06-17 15:06:22,66.3,168,78452,161626,66.98,146137,-0.53
2021-06-17 15:06:26,66.3,168,78576,161516,66.98,146137,-0.53
2021-06-17 15:06:37,66.3,168,78466,161513,66.98,146137,-0.53
2021-06-17 15:06:43,66.3,168,78466,161516,66.98,146137,-0.53
2021-06-17 15:06:47,66.3,168,78688,159986,66.98,146137,-0.53
2021-06-17 15:06:59,66.5,50,78688,159986,66.98,146137,-0.23
2021-06-17 15:07:51,66.5,50,78779,159536,66.98,146187,-0.23
2021-06-17 15:08:15,66.5,50,78780,158158,66.98,146187,-0.23
2021-06-17 15:08:27,66.5,5,78780,158158,66.98,146187,-0.23
2021-06-17 15:08:29,66.5,5,78780,158153,66.98,146192,-0.23
2021-06-17 15:08:55,66.5,34,78780,158153,66.98,146192,-0.23
2021-06-17 15:08:56,66.5,34,78791,158252,66.98,146392,-0.23
2021-06-17 15:09:01,66.5,500,78791,158252,66.98,146392,-0.23
2021-06-17 15:09:01,66.5,500,78399,158192,66.98,146892,-0.23
2021-06-17 15:09:19,66.5,20,78399,158192,66.98,146892,-0.23
2021-06-17 15:09:21,66.5,20,78399,158164,66.98,146912,-0.23
2021-06-17 15:09:33,66.5,3,78399,158164,66.98,146912,-0.23
2021-06-17 15:09:34,66.5,3,78399,158161,66.98,146915,-0.23
2021-06-17 15:10:34,66.45,1,78399,158161,66.98,146915,-0.3
2021-06-17 15:10:35,66.45,1,78398,158143,66.98,146918,-0.3
2021-06-17 15:10:39,66.5,1,78398,158143,66.98,146918,-0.23
2021-06-17 15:10:42,66.5,1,78386,158142,66.98,146919,-0.23
2021-06-17 15:10:45,66.5,10,78376,158339,66.98,146919,-0.23
2021-06-17 15:10:48,66.5,10,78372,158329,66.98,146929,-0.23
2021-06-17 15:10:54,66.5,10,78342,158333,66.98,146929,-0.23
2021-06-17 15:10:57,66.5,10,78347,158333,66.98,146929,-0.23
2021-06-17 15:11:04,66.5,10,78225,158333,66.98,146929,-0.23
2021-06-17 15:11:07,66.5,10,78244,158336,66.98,146929,-0.23
2021-06-17 15:11:10,66.5,10,78229,158348,66.98,146929,-0.23
2021-06-17 15:11:23,66.5,10,78241,158345,66.98,146929,-0.23
2021-06-17 15:11:26,66.5,10,78245,158348,66.98,146929,-0.23
2021-06-17 15:11:35,66.5,10,78245,158336,66.98,146929,-0.23
2021-06-17 15:11:42,66.5,10,78357,158336,66.98,146929,-0.23
2021-06-17 15:11:45,66.5,10,78241,158333,66.98,146929,-0.23
2021-06-17 15:11:47,66.5,10,78241,158336,66.98,146929,-0.23
2021-06-17 15:11:51,66.5,10,78257,158336,66.98,146929,-0.23
2021-06-17 15:12:00,66.5,50,78257,158336,66.98,146929,-0.23
2021-06-17 15:12:12,66.5,50,78360,158285,66.98,146979,-0.23
2021-06-17 15:12:22,66.5,50,78376,158141,66.98,146979,-0.23
2021-06-17 15:12:31,66.5,50,78376,157341,66.98,146979,-0.23
2021-06-17 15:12:35,66.5,50,78376,157541,66.98,146979,-0.23
2021-06-17 15:12:41,66.5,50,78376,157741,66.98,146979,-0.23
2021-06-17 15:13:27,66.4,83,78376,157741,66.98,146979,-0.38
2021-06-17 15:13:28,66.4,83,78276,157638,66.98,147079,-0.38
2021-06-17 15:13:31,66.4,83,78157,157638,66.98,147079,-0.38
2021-06-17 15:13:40,66.4,83,78972,157641,66.98,147079,-0.38
2021-06-17 15:13:46,66.4,83,78861,157638,66.98,147079,-0.38
2021-06-17 15:13:53,66.4,83,78971,157638,66.98,147079,-0.38
2021-06-17 15:14:06,66.4,83,78862,157641,66.98,147079,-0.38
2021-06-17 15:14:09,66.4,83,78975,157641,66.98,147079,-0.38
2021-06-17 15:14:15,66.4,83,78982,157641,66.98,147079,-0.38
2021-06-17 15:14:25,66.4,65,79664,157638,66.98,147179,-0.38
2021-06-17 15:14:29,66.4,65,80041,157641,66.98,147179,-0.38
2021-06-17 15:14:43,66.45,250,80041,157641,66.98,147179,-0.3
2021-06-17 15:14:45,66.45,250,79884,157638,66.98,147429,-0.3
2021-06-17 15:14:51,66.45,250,79983,157641,66.98,147429,-0.3
2021-06-17 15:14:52,66.5,59,79983,157641,66.98,147429,-0.23
2021-06-17 15:14:55,66.5,59,79983,157617,66.98,147509,-0.23
2021-06-17 15:15:04,66.5,59,80686,157617,66.98,147509,-0.23
2021-06-17 15:15:46,66.5,20,80666,157807,66.98,147529,-0.23
2021-06-17 15:15:49,66.5,20,80666,157557,66.98,147529,-0.23
2021-06-17 15:16:01,66.4,1,80666,157557,66.98,147529,-0.38
2021-06-17 15:16:03,66.4,1,80665,157761,66.98,147530,-0.38
2021-06-17 15:16:06,66.4,100,80665,157761,66.98,147530,-0.38
2021-06-17 15:16:07,66.4,100,80565,157882,66.98,147630,-0.38
2021-06-17 15:16:10,66.4,100,80746,157876,66.98,147630,-0.38
2021-06-17 15:16:36,66.4,40,81124,158058,66.98,147670,-0.38
2021-06-17 15:16:55,66.4,15,81124,158058,66.98,147670,-0.38
2021-06-17 15:16:55,66.4,15,81109,158058,66.98,147685,-0.38
2021-06-17 15:16:56,66.5,9,81109,158058,66.98,147685,-0.23
2021-06-17 15:17:00,66.5,9,81109,158063,66.98,147735,-0.23
2021-06-17 15:17:00,66.4,1,81109,158063,66.98,147735,-0.38
2021-06-17 15:17:03,66.4,1,81208,158063,66.98,147736,-0.38
2021-06-17 15:17:06,66.5,30,81208,158063,66.98,147736,-0.23
2021-06-17 15:17:07,66.5,30,81322,157610,66.98,148221,-0.23
2021-06-17 15:17:10,66.5,30,80522,158020,66.98,148221,-0.23
2021-06-17 15:17:12,66.5,1,80522,158020,66.98,148221,-0.23
2021-06-17 15:17:13,66.4,1,80522,158020,66.98,148221,-0.38
2021-06-17 15:17:13,66.4,1,80518,158020,66.98,148229,-0.38
2021-06-17 15:17:16,66.55,1,80518,158020,66.98,148229,-0.15
2021-06-17 15:17:18,66.55,1,80907,157577,66.98,148674,-0.15
2021-06-17 15:17:21,66.55,1,80923,157406,66.98,148675,-0.15
2021-06-17 15:17:21,66.6,200,80923,157406,66.98,148675,-0.08
2021-06-17 15:17:24,66.6,200,80927,157204,66.97,148878,-0.08
2021-06-17 15:17:25,66.6,1,80927,157204,66.97,148878,-0.08
2021-06-17 15:17:25,66.45,13,80927,157204,66.97,148878,-0.3
2021-06-17 15:17:26,66.65,46,80927,157204,66.97,148878,0.0
2021-06-17 15:17:27,66.65,46,80835,156961,66.97,150132,0.0
2021-06-17 15:17:31,66.6,4,80835,156961,66.97,150132,-0.08
2021-06-17 15:17:34,66.6,4,80835,156943,66.97,150136,-0.08
2021-06-17 15:17:36,66.65,4,80835,156943,66.97,150136,0.0
2021-06-17 15:17:37,66.65,4,80835,156853,66.97,150270,0.0
2021-06-17 15:17:41,66.7,200,80835,156853,66.97,150270,0.08
2021-06-17 15:17:45,66.7,200,80910,156592,66.97,150474,0.08
2021-06-17 15:17:46,66.75,14,80910,156592,66.97,150474,0.15
2021-06-17 15:17:48,66.75,14,80910,156572,66.97,150496,0.15
2021-06-17 15:18:08,66.75,14,80710,156551,66.97,150496,0.15
2021-06-17 15:19:02,66.75,14,80583,156493,66.97,150496,0.15
2021-06-17 15:19:05,66.75,14,80567,156488,66.97,150496,0.15
2021-06-17 15:19:15,66.75,14,80490,156488,66.97,150496,0.15
2021-06-17 15:19:28,66.75,14,80490,156505,66.97,150496,0.15
2021-06-17 15:19:39,66.75,14,80301,156059,66.97,150496,0.15
2021-06-17 15:20:00,66.5,643,80079,156059,66.97,151396,-0.23
2021-06-17 15:20:04,66.5,643,80456,155629,66.97,151396,-0.23
2021-06-17 15:20:06,66.8,315,80456,155629,66.97,151396,0.23
2021-06-17 15:20:09,66.8,315,83290,155358,66.97,151810,0.23
2021-06-17 15:20:13,66.8,315,83482,155259,66.97,151810,0.23
2021-06-17 15:20:14,66.95,9,83482,155259,66.97,151810,0.45
2021-06-17 15:20:17,66.95,368,80474,155130,66.97,152733,0.45
2021-06-17 15:20:21,66.95,368,80475,155030,66.97,152733,0.45
2021-06-17 15:20:25,66.95,368,80475,155230,66.97,152733,0.45
2021-06-17 15:20:28,66.65,80,80475,155230,66.97,152733,0.0
2021-06-17 15:20:30,66.65,80,79459,155623,66.97,152813,0.0
2021-06-17 15:20:34,66.95,2,79459,155188,66.97,152833,0.45
2021-06-17 15:20:37,66.95,2,79324,155188,66.97,152833,0.45
2021-06-17 15:20:42,66.95,1,79324,155188,66.97,152833,0.45
2021-06-17 15:20:46,66.95,1,79324,155392,66.97,152834,0.45
2021-06-17 15:20:49,66.95,1,78826,154953,66.97,152834,0.45
2021-06-17 15:20:51,66.8,1,78826,154953,66.97,152834,0.23
2021-06-17 15:20:54,66.8,1,78826,154886,66.97,152835,0.23
2021-06-17 15:21:03,66.8,1,78823,154886,66.97,152835,0.23
2021-06-17 15:21:13,66.6,79,78823,154886,66.97,152835,-0.08
2021-06-17 15:21:15,66.6,79,78411,154735,66.97,153035,-0.08
2021-06-17 15:21:19,66.6,79,78577,154735,66.97,153035,-0.08
2021-06-17 15:21:24,66.6,79,78527,154735,66.97,153035,-0.08
2021-06-17 15:21:25,67.0,3,78527,154735,66.97,153035,0.53
2021-06-17 15:21:28,67.0,3,78640,153435,66.97,158446,0.53
2021-06-17 15:21:40,67.0,3,78640,153845,66.97,158446,0.53
2021-06-17 15:21:45,67.0,3,78625,153848,66.97,158446,0.53
2021-06-17 15:21:49,67.0,3,79730,153718,66.97,158446,0.53
2021-06-17 15:21:53,67.0,3,79730,153722,66.97,158446,0.53
2021-06-17 15:21:57,67.0,3,80840,153722,66.97,158446,0.53
2021-06-17 15:22:06,66.75,98,80840,153722,66.97,158446,0.15
2021-06-17 15:22:09,66.75,98,80823,152903,66.97,158546,0.15
2021-06-17 15:22:19,66.75,98,81260,153331,66.97,158546,0.15
2021-06-17 15:22:42,66.75,98,81260,153931,66.97,158546,0.15
2021-06-17 15:22:46,66.75,98,81260,153523,66.97,158546,0.15
2021-06-17 15:22:53,66.75,98,81202,153523,66.97,158546,0.15
2021-06-17 15:22:57,66.75,98,81203,153523,66.97,158546,0.15
2021-06-17 15:23:04,66.75,98,78214,150566,66.97,158546,0.15
2021-06-17 15:23:08,66.75,98,76114,150566,66.97,158546,0.15
2021-06-17 15:23:12,66.75,98,76116,150566,66.97,158546,0.15
2021-06-17 15:23:15,66.75,98,76116,150666,66.97,158546,0.15
2021-06-17 15:23:17,66.9,100,76116,150666,66.97,158546,0.38
2021-06-17 15:23:22,66.9,1,76116,150666,66.97,158546,0.38
2021-06-17 15:23:24,66.9,1,77714,151384,66.97,158647,0.38
2021-06-17 15:23:28,66.9,74,77714,151361,66.97,158721,0.38
2021-06-17 15:23:32,66.95,1,77714,151361,66.97,158721,0.45
2021-06-17 15:23:33,66.95,1,78253,151363,66.97,158723,0.45
2021-06-17 15:23:37,66.95,1,77713,151360,66.97,158723,0.45
2021-06-17 15:23:42,66.95,1,77713,151587,66.97,158723,0.45
2021-06-17 15:23:45,66.95,144,77844,151586,66.97,159133,0.45
2021-06-17 15:23:57,66.95,144,77713,151489,66.97,159374,0.45
2021-06-17 15:24:04,66.85,38,77713,151489,66.97,159374,0.3
2021-06-17 15:24:09,66.85,38,76447,151489,66.97,159424,0.3
2021-06-17 15:24:17,66.85,38,76447,151539,66.97,159424,0.3
2021-06-17 15:24:52,66.85,38,77868,151967,66.97,159424,0.3
2021-06-17 15:24:57,66.85,38,77868,151539,66.97,159424,0.3
2021-06-17 15:25:00,66.85,38,76447,151967,66.97,159424,0.3
2021-06-17 15:25:02,66.95,259,76447,151967,66.97,159424,0.45
2021-06-17 15:25:04,66.95,259,77609,152017,66.97,159684,0.45
2021-06-17 15:25:06,66.9,408,77609,152017,66.97,159684,0.38
2021-06-17 15:25:08,66.9,408,77556,152017,66.97,160144,0.38
2021-06-17 15:25:12,66.9,408,77557,152017,66.97,160144,0.38
2021-06-17 15:25:24,66.9,408,77757,152017,66.97,160144,0.38
2021-06-17 15:25:43,66.9,1,77757,152017,66.97,160144,0.38
2021-06-17 15:25:47,66.9,1,77726,152017,66.97,160145,0.38
2021-06-17 15:25:51,66.9,20,77705,152017,66.97,160165,0.38
2021-06-17 15:25:54,66.9,20,77706,152017,66.97,160165,0.38
2021-06-17 15:25:58,66.9,20,77706,151813,66.97,160165,0.38
2021-06-17 15:26:02,66.95,1,77706,151813,66.97,160165,0.45
2021-06-17 15:26:03,66.95,15,77706,151813,66.97,160165,0.45
2021-06-17 15:26:06,66.95,15,76879,137195,66.97,160181,0.45
2021-06-17 15:26:10,66.95,15,76448,137195,66.97,160181,0.45
2021-06-17 15:26:18,66.9,1,75210,136695,66.97,161850,0.38
2021-06-17 15:26:26,66.7,94,75210,136695,66.97,161850,0.08
2021-06-17 15:26:30,66.7,94,75110,136594,66.97,161950,0.08
2021-06-17 15:26:52,66.7,94,75110,136266,66.97,161950,0.08
2021-06-17 15:27:00,66.7,94,75110,136694,66.97,161950,0.08
2021-06-17 15:27:32,67.0,743,74266,136694,66.97,161950,0.53
2021-06-17 15:27:36,67.0,743,74266,135850,66.97,162794,0.53
2021-06-17 15:27:40,67.0,743,74267,135850,66.97,162794,0.53
2021-06-17 15:27:55,67.0,743,74267,121850,66.97,162794,0.53
2021-06-17 15:27:58,66.55,2,74267,121850,66.97,162794,-0.15
2021-06-17 15:27:58,66.55,2,73766,123099,66.96,163297,-0.15
2021-06-17 15:28:02,66.55,2,73766,122671,66.96,163297,-0.15
2021-06-17 15:28:04,66.2,21,73766,122671,66.96,163297,-0.68
2021-06-17 15:28:06,66.2,21,73842,122749,66.96,163725,-0.68
2021-06-17 15:28:18,66.2,21,34341,122749,66.96,163725,-0.68
2021-06-17 15:28:20,66.25,1,34341,122749,66.96,163725,-0.6
2021-06-17 15:28:22,66.25,1,34339,122749,66.96,163726,-0.6
2021-06-17 15:28:36,66.2,1016,34106,121500,66.96,164975,-0.68
2021-06-17 15:28:39,66.2,1,34106,121500,66.96,164975,-0.68
2021-06-17 15:28:40,66.2,1,34105,121500,66.96,164976,-0.68
2021-06-17 15:28:44,66.2,1,34255,121500,66.96,164976,-0.68
2021-06-17 15:28:48,66.2,1,34755,121500,66.96,164976,-0.68
2021-06-17 15:28:51,66.2,1,35105,121500,66.96,164976,-0.68
2021-06-17 15:28:55,66.2,1,35105,121800,66.96,164976,-0.68
2021-06-17 15:29:05,66.25,33,35105,121800,66.96,164976,-0.6
2021-06-17 15:29:06,66.25,33,34972,121663,66.96,165109,-0.6
2021-06-17 15:29:11,66.25,4,34972,121663,66.96,165109,-0.6
2021-06-17 15:29:12,66.25,6,34972,121663,66.96,165109,-0.6
2021-06-17 15:29:14,66.25,6,34962,121396,66.96,165119,-0.6
2021-06-17 15:29:15,66.6,19,34962,121396,66.96,165119,-0.08
2021-06-17 15:29:18,66.6,19,35266,121377,66.96,165138,-0.08
2021-06-17 15:29:33,66.6,19,35266,121387,66.96,165138,-0.08
2021-06-17 15:29:40,66.6,19,35859,121387,66.96,165138,-0.08
2021-06-17 15:29:47,66.2,9,35859,121387,66.96,165138,-0.68
2021-06-17 15:29:48,66.2,1,35834,121363,66.96,165163,-0.68
2021-06-17 15:29:52,66.95,150,35834,121213,66.96,165313,0.45
2021-06-18 06:40:37,66.7,150,0,0,66.96,165313,0.08
2021-06-18 07:58:50,66.7,150,0,0,0.0,0,0.0
2021-06-18 09:00:04,66.7,150,2003,3715,0.0,0,0.0
2021-06-18 09:00:10,66.7,150,2810,5491,0.0,1,0.0
2021-06-18 09:00:16,66.7,150,2920,10787,0.0,1,0.0
2021-06-18 09:00:21,66.7,150,3511,10867,0.0,1,0.0
2021-06-18 09:00:29,66.7,150,3778,11842,0.0,1,0.0
2021-06-18 09:00:32,66.7,150,3778,12142,0.0,1,0.0
2021-06-18 09:00:36,66.7,150,3878,12142,0.0,1,0.0
2021-06-18 09:00:40,66.7,150,3978,12592,0.0,1,0.0
2021-06-18 09:00:44,66.7,150,4028,13047,0.0,1,0.0
2021-06-18 09:00:48,66.7,150,4728,13147,0.0,1,0.0
2021-06-18 09:00:52,66.7,150,4728,13149,0.0,1,0.0
2021-06-18 09:00:56,66.7,150,4788,13149,0.0,1,0.0
2021-06-18 09:01:03,66.7,150,4788,13189,0.0,1,0.0
2021-06-18 09:01:07,66.7,150,4788,14689,0.0,1,0.0
2021-06-18 09:01:10,66.7,150,4839,15039,0.0,1,0.0
2021-06-18 09:01:15,66.7,150,4840,15039,0.0,1,0.0
2021-06-18 09:01:18,66.7,150,4840,16539,0.0,1,0.0
2021-06-18 09:01:22,66.7,150,5740,16559,0.0,200,0.0
2021-06-18 09:01:29,66.7,150,5740,16759,0.0,200,0.0
2021-06-18 09:01:33,66.7,150,5765,16759,0.0,200,0.0
2021-06-18 09:01:36,66.7,150,5765,16859,0.0,200,0.0
2021-06-18 09:01:40,66.7,150,5765,17309,0.0,200,0.0
2021-06-18 09:01:43,66.7,150,5765,17409,0.0,200,0.0
2021-06-18 09:01:46,66.7,150,5765,17909,0.0,200,0.0
2021-06-18 09:02:03,66.7,150,6725,17909,0.0,200,0.0
2021-06-18 09:02:07,66.7,150,6725,17959,0.0,200,0.0
2021-06-18 09:02:10,66.7,150,6725,17999,0.0,200,0.0
2021-06-18 09:02:17,66.7,150,6815,17999,0.0,200,0.0
2021-06-18 09:02:21,66.7,150,6815,18599,0.0,200,0.0
2021-06-18 09:02:24,66.7,150,7315,18599,0.0,200,0.0
2021-06-18 09:02:34,66.7,150,7315,18999,0.0,100,0.0
2021-06-18 09:02:41,66.7,150,7315,19301,0.0,100,0.0
2021-06-18 09:02:45,66.7,150,7815,19351,0.0,150,0.0
2021-06-18 09:02:48,66.7,150,7915,20251,0.0,150,0.0
2021-06-18 09:02:51,66.7,150,7915,20951,0.0,150,0.0
2021-06-18 09:02:54,66.7,150,7915,20901,0.0,50,0.0
2021-06-18 09:02:57,66.7,150,7915,21001,0.0,50,0.0
2021-06-18 09:03:04,66.7,150,7918,21951,0.0,50,0.0
2021-06-18 09:03:10,66.7,150,8138,22331,0.0,50,0.0
2021-06-18 09:03:14,66.7,150,8138,22431,0.0,50,0.0
2021-06-18 09:03:39,66.7,150,8638,22431,0.0,50,0.0
2021-06-18 09:03:49,66.7,150,8638,24431,0.0,50,0.0
2021-06-18 09:04:16,66.7,150,8638,26431,0.0,50,0.0
2021-06-18 09:04:22,66.7,150,9638,26431,0.0,50,0.0
2021-06-18 09:04:25,66.7,150,10138,26431,0.0,50,0.0
2021-06-18 09:04:28,66.7,150,10138,26522,0.0,50,0.0
2021-06-18 09:04:40,66.7,150,12138,26722,0.0,250,0.0
2021-06-18 09:04:46,66.7,150,12139,26722,0.0,250,0.0
2021-06-18 09:04:51,66.7,150,12139,26922,0.0,250,0.0
2021-06-18 09:05:03,66.7,150,12139,27575,0.0,250,0.0
2021-06-18 09:05:09,66.7,150,12139,36575,0.0,250,0.0
2021-06-18 09:05:12,66.7,150,12139,37475,0.0,350,0.0
2021-06-18 09:05:17,66.7,150,12139,42475,0.0,350,0.0
2021-06-18 09:05:25,66.7,150,12139,46475,0.0,350,0.0
2021-06-18 09:05:28,66.7,150,12139,46675,0.0,350,0.0
2021-06-18 09:05:30,66.7,150,12139,46875,0.0,350,0.0
2021-06-18 09:05:46,66.7,150,12139,47875,0.0,350,0.0
2021-06-18 09:05:49,66.7,150,12139,48275,0.0,350,0.0
2021-06-18 09:05:56,66.7,150,12140,48275,0.0,350,0.0
2021-06-18 09:06:01,66.7,150,12140,48275,0.0,450,0.0
2021-06-18 09:06:04,66.7,150,12140,48625,0.0,550,0.0
2021-06-18 09:06:18,66.7,150,12140,49975,0.0,550,0.0
2021-06-18 09:06:20,66.7,150,12240,49975,0.0,550,0.0
2021-06-18 09:06:36,66.7,150,12240,50175,0.0,550,0.0
2021-06-18 09:06:46,66.7,150,12240,50675,0.0,550,0.0
2021-06-18 09:06:54,66.7,150,12240,51153,0.0,550,0.0
2021-06-18 09:06:58,66.7,150,12440,51153,0.0,550,0.0
2021-06-18 09:08:00,68.0,200,11890,50603,68.0,550,1.95
2021-06-18 09:15:01,68.0,300,11890,50603,68.0,550,1.95
2021-06-18 09:15:06,67.9,10,11890,50603,68.0,550,1.8
2021-06-18 09:15:06,67.75,26,16296,57722,67.92,1425,1.57
2021-06-18 09:15:13,67.65,100,17938,64217,67.9,1525,1.42
2021-06-18 09:15:15,68.0,1376,17938,64217,67.9,1525,1.95
2021-06-18 09:15:19,68.0,1376,18128,66664,67.95,3760,1.95
2021-06-18 09:15:25,68.0,1376,18473,66864,67.95,3760,1.95
2021-06-18 09:15:27,67.55,102,18473,66864,67.95,3760,1.27
2021-06-18 09:15:32,67.55,102,19674,66784,67.92,4010,1.27
2021-06-18 09:15:35,68.0,614,19674,66784,67.92,4010,1.95
2021-06-18 09:15:37,68.0,614,19913,67323,67.93,5060,1.95
2021-06-18 09:15:42,67.7,100,19913,67323,67.93,5060,1.5
2021-06-18 09:15:44,67.7,100,19669,68019,67.92,5160,1.5
2021-06-18 09:15:49,67.7,100,19672,68705,67.92,5160,1.5
2021-06-18 09:15:54,67.7,100,20542,70964,67.92,5160,1.5
2021-06-18 09:16:00,67.9,39,20656,72373,67.91,5760,1.8
2021-06-18 09:16:10,67.9,39,21001,72393,67.91,5760,1.8
2021-06-18 09:16:20,67.9,39,21101,72541,67.91,5760,1.8
2021-06-18 09:16:25,67.9,39,21247,72559,67.91,5760,1.8
2021-06-18 09:16:30,67.9,39,21331,72663,67.91,5760,1.8
2021-06-18 09:16:35,67.9,39,21411,72663,67.91,5760,1.8
2021-06-18 09:16:39,67.95,14,21411,72663,67.91,5760,1.87
2021-06-18 09:16:40,67.95,14,23087,74186,67.91,6139,1.87
2021-06-18 09:16:45,67.95,14,23296,74210,67.91,6139,1.87
2021-06-18 09:16:51,67.95,14,23647,74712,67.91,6139,1.87
2021-06-18 09:16:55,67.95,14,23516,74800,67.91,6139,1.87
2021-06-18 09:17:00,67.8,2,23516,74800,67.91,6139,1.65
2021-06-18 09:17:00,67.8,2,23709,75232,67.91,6141,1.65
2021-06-18 09:17:03,67.8,5,23709,75232,67.91,6141,1.65
2021-06-18 09:17:05,67.8,5,23685,75333,67.91,6146,1.65
2021-06-18 09:17:10,67.8,5,23684,75323,67.91,6146,1.65
2021-06-18 09:17:15,67.8,5,24024,76233,67.91,6146,1.65
2021-06-18 09:17:21,67.8,5,23896,76199,67.91,6146,1.65
2021-06-18 09:17:24,67.95,100,23896,76199,67.91,6146,1.87
2021-06-18 09:17:24,67.95,15,23896,76199,67.91,6146,1.87
2021-06-18 09:17:25,67.95,15,26154,76617,67.91,6346,1.87
2021-06-18 09:17:27,68.0,10,26154,76617,67.91,6346,1.95
2021-06-18 09:17:30,68.0,10,26287,76972,67.91,6366,1.95
2021-06-18 09:17:35,68.0,10,26287,77047,67.91,6366,1.95
2021-06-18 09:17:40,68.0,10,26171,78370,67.91,6366,1.95
2021-06-18 09:17:47,67.95,97,26171,78370,67.91,6366,1.87
2021-06-18 09:17:50,67.95,97,26317,79649,67.91,6463,1.87
2021-06-18 09:17:55,67.95,97,26317,79733,67.91,6463,1.87
2021-06-18 09:18:00,67.95,97,26434,79812,67.91,6463,1.87
2021-06-18 09:18:07,67.8,1,26434,79812,67.91,6463,1.65
2021-06-18 09:18:10,67.8,32,25583,79692,67.91,6614,1.65
2021-06-18 09:18:15,67.8,32,25583,79977,67.91,6614,1.65
2021-06-18 09:18:19,67.9,14,25583,79977,67.91,6614,1.8
2021-06-18 09:18:20,67.9,14,57880,113097,67.91,6628,1.8
2021-06-18 09:18:24,67.9,1,57880,113097,67.91,6628,1.8
2021-06-18 09:18:25,67.9,1,57954,113385,67.91,6629,1.8
2021-06-18 09:18:34,67.9,1,57954,113575,67.91,6629,1.8
2021-06-18 09:18:35,67.7,14,57954,113575,67.91,6629,1.5
2021-06-18 09:18:39,67.7,14,58266,116312,67.9,6943,1.5
2021-06-18 09:18:43,67.7,14,58266,116741,67.9,6943,1.5
2021-06-18 09:18:48,67.7,14,58873,117734,67.9,6943,1.5
2021-06-18 09:18:52,67.8,30,58873,117734,67.9,6943,1.65
2021-06-18 09:18:53,67.8,30,59116,117868,67.9,6973,1.65
2021-06-18 09:18:58,67.8,30,59116,117942,67.9,6973,1.65
2021-06-18 09:19:03,67.8,30,59264,118021,67.9,6973,1.65
2021-06-18 09:19:08,67.8,30,59264,118221,67.9,6973,1.65
2021-06-18 09:19:13,67.8,30,59501,118510,67.9,6973,1.65
2021-06-18 09:19:18,67.8,30,59641,118580,67.9,6973,1.65
2021-06-18 09:19:22,67.8,30,59841,118683,67.9,6973,1.65
2021-06-18 09:19:26,67.65,28,59841,118683,67.9,6973,1.42
2021-06-18 09:19:27,67.65,28,59783,118790,67.89,7099,1.42
2021-06-18 09:19:28,67.75,13,59783,118790,67.89,7099,1.57
2021-06-18 09:19:30,67.8,54,59783,118790,67.89,7099,1.65
2021-06-18 09:19:32,67.8,54,59985,118550,67.89,7512,1.65
2021-06-18 09:19:37,67.8,54,60175,119383,67.89,7512,1.65
2021-06-18 09:19:42,67.55,18,60152,120380,67.83,9389,1.27
2021-06-18 09:19:46,67.55,18,60152,120503,67.83,9389,1.27
2021-06-18 09:19:51,67.55,18,60291,120503,67.83,9389,1.27
2021-06-18 09:19:56,67.55,18,60300,120503,67.83,9389,1.27
2021-06-18 09:20:01,67.55,18,60460,120603,67.83,9389,1.27
2021-06-18 09:20:06,67.55,18,60460,120765,67.83,9389,1.27
2021-06-18 09:20:11,67.55,18,60660,120915,67.83,9389,1.27
2021-06-18 09:20:13,67.65,2,60660,120915,67.83,9389,1.42
2021-06-18 09:20:16,67.65,2,60660,120651,67.83,9539,1.42
2021-06-18 09:20:20,67.65,2,60812,120794,67.83,9539,1.42
2021-06-18 09:20:24,67.5,5,60812,120794,67.83,9539,1.2
2021-06-18 09:20:25,67.5,5,60430,121034,67.82,9707,1.2
2021-06-18 09:20:30,67.5,5,60405,120957,67.82,9707,1.2
2021-06-18 09:20:39,67.5,2,60405,120957,67.82,9707,1.2
2021-06-18 09:20:40,67.5,2,60395,120955,67.82,9709,1.2
2021-06-18 09:20:49,67.5,2,60395,121055,67.82,9709,1.2
2021-06-18 09:20:54,67.5,2,60451,122055,67.82,9709,1.2
2021-06-18 09:20:59,67.5,2,60529,122055,67.82,9709,1.2
2021-06-18 09:21:01,67.35,20,60529,122055,67.82,9709,0.97
2021-06-18 09:21:03,67.35,20,60574,122225,67.82,9729,0.97
2021-06-18 09:21:08,67.35,20,60644,122225,67.82,9729,0.97
2021-06-18 09:21:13,67.35,20,60644,122303,67.82,9729,0.97
2021-06-18 09:21:18,67.35,20,61041,122306,67.82,9729,0.97
2021-06-18 09:21:22,67.35,20,61044,122799,67.82,9729,0.97
2021-06-18 09:21:27,67.35,20,61044,122872,67.82,9729,0.97
2021-06-18 09:21:32,67.35,20,61045,122750,67.82,9729,0.97
2021-06-18 09:21:37,67.35,20,61148,122912,67.82,9729,0.97
2021-06-18 09:21:51,67.35,148,60922,123119,67.82,9729,0.97
2021-06-18 09:21:55,67.35,148,60806,123108,67.82,9877,0.97
2021-06-18 09:22:00,67.4,10,60806,123108,67.82,9877,1.05
2021-06-18 09:22:00,67.4,10,61472,123223,67.81,9887,1.05
2021-06-18 09:22:04,67.4,10,61472,122792,67.81,9887,1.05
2021-06-18 09:22:10,67.4,10,61589,123671,67.81,9887,1.05
2021-06-18 09:22:19,67.4,10,61593,124171,67.81,9887,1.05
2021-06-18 09:22:24,67.4,10,61393,124371,67.81,9887,1.05
2021-06-18 09:22:28,67.4,1,61393,124371,67.81,9887,1.05
2021-06-18 09:22:28,67.4,1,61272,124570,67.81,9888,1.05
2021-06-18 09:22:34,67.4,1,61393,124820,67.81,9888,1.05
2021-06-18 09:22:39,67.4,1,61393,125050,67.81,9888,1.05
2021-06-18 09:22:43,67.4,1,61396,125050,67.81,9888,1.05
2021-06-18 09:22:48,67.4,1,61396,126201,67.81,9888,1.05
2021-06-18 09:22:52,67.4,1,61388,126352,67.81,9888,1.05
2021-06-18 09:22:57,67.4,1,61475,126719,67.81,9888,1.05
2021-06-18 09:23:01,67.4,1,61269,126901,67.81,9888,1.05
2021-06-18 09:23:08,67.35,20,61269,126901,67.81,9888,0.97
2021-06-18 09:23:16,67.35,20,61703,126947,67.81,9908,0.97
2021-06-18 09:23:20,67.35,20,61703,127055,67.81,9908,0.97
2021-06-18 09:23:25,67.35,20,61703,126938,67.81,9908,0.97
2021-06-18 09:23:26,67.35,1,61703,126938,67.81,9908,0.97
2021-06-18 09:23:34,67.35,1,61603,127048,67.81,9909,0.97
2021-06-18 09:23:39,67.35,1,61603,126937,67.81,9909,0.97
2021-06-18 09:23:40,67.2,100,61603,126937,67.81,9909,0.75
2021-06-18 09:23:42,67.0,6,61603,126937,67.81,9909,0.45
2021-06-18 09:23:44,67.0,6,59279,127806,67.65,12448,0.45
2021-06-18 09:23:49,67.0,6,59512,128185,67.65,12448,0.45
2021-06-18 09:23:58,67.0,6,59447,128193,67.65,12448,0.45
2021-06-18 09:24:07,67.0,6,59447,128411,67.65,12448,0.45
2021-06-18 09:24:14,66.95,10,59447,128411,67.65,12448,0.37
2021-06-18 09:24:16,66.95,10,59431,128533,67.64,12609,0.37
2021-06-18 09:24:21,66.95,10,59431,128466,67.64,12609,0.37
2021-06-18 09:24:25,66.85,2,59431,128466,67.64,12609,0.22
2021-06-18 09:24:25,66.85,2,59837,128466,67.64,12621,0.22
2021-06-18 09:24:30,66.85,2,59682,128471,67.64,12621,0.22
2021-06-18 09:24:32,67.0,29,59682,128471,67.64,12621,0.45
2021-06-18 09:24:34,67.0,29,60411,128134,67.61,13212,0.45
2021-06-18 09:24:39,67.0,29,60366,128141,67.61,13212,0.45
2021-06-18 09:24:42,66.9,29,60366,128141,67.61,13212,0.3
2021-06-18 09:24:43,66.9,29,59867,128153,67.58,13812,0.3
2021-06-18 09:24:44,67.05,5,59867,128153,67.58,13812,0.52
2021-06-18 09:24:48,67.05,5,59877,128148,67.58,13817,0.52
2021-06-18 09:25:03,67.05,185,59877,128148,67.58,13817,0.52
2021-06-18 09:25:06,67.05,185,60803,127868,67.57,14267,0.52
2021-06-18 09:25:07,67.05,10,60803,127868,67.57,14267,0.52
2021-06-18 09:25:10,67.05,10,60402,127707,67.57,14307,0.52
2021-06-18 09:25:15,67.05,10,60542,127628,67.57,14307,0.52
2021-06-18 09:25:19,67.05,10,60535,127778,67.57,14307,0.52
2021-06-18 09:25:24,67.05,10,60421,127778,67.57,14307,0.52
2021-06-18 09:25:29,66.95,71,60421,127778,67.57,14307,0.37
2021-06-18 09:25:33,66.95,71,60551,127849,67.56,14407,0.37
2021-06-18 09:25:37,67.15,33,60551,127849,67.56,14407,0.67
2021-06-18 09:25:39,67.2,22,60551,127849,67.56,14407,0.75
2021-06-18 09:25:42,67.2,22,61139,127276,67.55,14754,0.75
2021-06-18 09:25:46,67.2,22,61226,127329,67.55,14754,0.75
2021-06-18 09:25:51,67.2,22,61223,132329,67.55,14754,0.75
2021-06-18 09:25:55,67.2,22,61423,132329,67.55,14754,0.75
2021-06-18 09:25:57,67.45,77,61423,132329,67.55,14754,1.12
2021-06-18 09:25:59,67.45,149,61423,132329,67.55,14754,1.12
2021-06-18 09:26:00,67.45,149,62127,130473,67.53,16533,1.12
2021-06-18 09:26:04,67.45,149,62235,130913,67.53,16533,1.12
2021-06-18 09:26:13,67.55,13,62235,130913,67.53,16533,1.27
2021-06-18 09:26:13,67.55,13,62254,130973,67.53,16566,1.27
2021-06-18 09:26:17,67.35,100,62254,130973,67.53,16566,0.97
2021-06-18 09:26:18,67.35,100,62343,131535,67.52,16666,0.97
2021-06-18 09:26:22,67.35,100,62323,131749,67.52,16666,0.97
2021-06-18 09:26:27,67.35,100,61318,131766,67.52,16666,0.97
2021-06-18 09:26:31,67.35,100,61301,131945,67.52,16666,0.97
2021-06-18 09:26:44,67.35,100,61299,131936,67.52,16666,0.97
2021-06-18 09:26:49,67.35,100,61320,132939,67.52,16666,0.97
2021-06-18 09:26:58,67.25,2,61111,133516,67.52,16668,0.82
2021-06-18 09:27:02,67.25,2,61226,134022,67.52,16668,0.82
2021-06-18 09:27:06,67.25,2,61246,136655,67.52,16668,0.82
2021-06-18 09:27:10,67.25,2,61143,136725,67.52,16668,0.82
2021-06-18 09:27:27,67.15,78,61143,136725,67.52,16668,0.67
2021-06-18 09:27:28,67.15,78,61012,136771,67.52,16816,0.67
2021-06-18 09:27:29,67.1,48,61012,136771,67.52,16816,0.6
2021-06-18 09:27:32,67.1,48,60535,136872,67.52,16864,0.6
2021-06-18 09:27:37,67.1,48,60813,137872,67.52,16864,0.6
2021-06-18 09:27:42,67.1,48,60813,137779,67.52,16864,0.6
2021-06-18 09:27:46,67.1,48,60823,137779,67.52,16864,0.6
2021-06-18 09:27:51,67.1,48,60937,137799,67.52,16864,0.6
2021-06-18 09:28:03,67.1,48,60856,137933,67.52,16864,0.6
2021-06-18 09:28:07,67.1,48,61266,137559,67.52,16864,0.6
2021-06-18 09:28:12,67.1,48,62336,137693,67.52,16864,0.6
2021-06-18 09:28:16,67.1,48,63708,137343,67.52,16864,0.6
2021-06-18 09:28:21,67.1,48,63746,137343,67.52,16864,0.6
2021-06-18 09:28:30,67.1,48,63747,137343,67.52,16864,0.6
2021-06-18 09:28:34,67.1,48,63757,137348,67.52,16864,0.6
2021-06-18 09:28:38,67.1,48,63757,137353,67.52,16864,0.6
2021-06-18 09:28:42,67.1,48,63657,137353,67.52,16864,0.6
2021-06-18 09:28:51,67.1,48,63607,137353,67.52,16864,0.6
2021-06-18 09:28:55,67.1,48,63607,137608,67.52,16864,0.6
2021-06-18 09:29:03,67.1,48,63648,137608,67.52,16864,0.6
2021-06-18 09:29:13,67.1,48,63327,137608,67.52,16864,0.6
2021-06-18 09:29:17,67.1,48,63183,137784,67.52,16864,0.6
2021-06-18 09:29:21,67.1,48,63183,137787,67.52,16864,0.6
2021-06-18 09:29:30,67.1,48,63532,137607,67.52,16864,0.6
2021-06-18 09:29:34,67.1,48,63536,137607,67.52,16864,0.6
2021-06-18 09:29:38,67.1,48,63314,137587,67.52,16864,0.6
2021-06-18 09:29:54,67.1,48,63117,137587,67.52,16864,0.6
2021-06-18 09:29:58,67.1,48,63314,137607,67.52,16864,0.6
2021-06-18 09:30:15,67.1,48,63314,137708,67.52,16864,0.6
2021-06-18 09:30:32,67.1,48,63314,137958,67.52,16864,0.6
2021-06-18 09:30:36,67.1,48,63196,137958,67.52,16864,0.6
2021-06-18 09:30:40,67.1,48,63196,138227,67.52,16864,0.6
2021-06-18 09:30:43,67.2,10,63196,138227,67.52,16864,0.75
2021-06-18 09:30:45,67.2,10,63196,138322,67.52,16874,0.75
2021-06-18 09:30:45,67.2,33,63196,138322,67.52,16874,0.75
2021-06-18 09:30:49,67.2,33,63396,138266,67.52,16954,0.75
2021-06-18 09:30:58,67.2,33,63396,138272,67.52,16954,0.75
2021-06-18 09:31:01,67.2,33,63396,138156,67.52,16954,0.75
2021-06-18 09:31:10,67.2,33,63296,138156,67.52,16954,0.75
2021-06-18 09:31:15,67.2,33,63263,138256,67.52,16954,0.75
2021-06-18 09:31:19,67.2,33,63263,138378,67.52,16954,0.75
2021-06-18 09:31:23,67.2,33,63313,138256,67.52,16954,0.75
2021-06-18 09:31:27,67.2,33,63432,138256,67.52,16954,0.75
2021-06-18 09:31:36,67.05,50,63432,138256,67.52,16954,0.52
2021-06-18 09:31:36,67.05,50,63432,138256,67.52,17004,0.52
2021-06-18 09:31:41,67.05,50,63313,138256,67.52,17004,0.52
2021-06-18 09:31:45,67.05,697,63313,138256,67.52,17004,0.52
2021-06-18 09:31:45,67.05,697,63128,138388,67.49,18004,0.52
2021-06-18 09:31:49,67.05,11,63128,138388,67.49,18004,0.52
2021-06-18 09:31:49,67.05,11,63099,138367,67.49,18015,0.52
2021-06-18 09:32:14,67.05,11,63199,138447,67.49,18015,0.52
2021-06-18 09:32:18,67.05,11,64218,138447,67.49,18015,0.52
2021-06-18 09:32:22,67.05,11,64218,138847,67.49,18015,0.52
2021-06-18 09:32:35,67.05,10,64218,138847,67.49,18015,0.52
2021-06-18 09:32:37,67.05,10,64208,138847,67.49,18025,0.52
2021-06-18 09:32:45,67.05,2,64208,138847,67.49,18025,0.52
2021-06-18 09:32:45,67.05,2,64206,138797,67.49,18027,0.52
2021-06-18 09:32:49,67.05,50,64276,138797,67.49,18077,0.52
2021-06-18 09:32:52,67.2,10,64276,138797,67.49,18077,0.75
2021-06-18 09:32:53,67.2,148,64808,138613,67.48,18505,0.75
2021-06-18 09:32:57,67.2,148,64906,138633,67.48,18505,0.75
2021-06-18 09:33:07,67.15,70,64906,138633,67.48,18505,0.67
2021-06-18 09:33:09,67.15,70,64984,138622,67.48,18575,0.67
2021-06-18 09:33:18,67.15,70,64975,138622,67.48,18575,0.67
2021-06-18 09:33:26,67.15,70,64875,138622,67.48,18575,0.67
2021-06-18 09:33:30,67.15,70,64878,138643,67.48,18575,0.67
2021-06-18 09:33:53,67.15,70,64945,139133,67.48,18575,0.67
2021-06-18 09:33:57,67.15,70,64951,139154,67.48,18575,0.67
2021-06-18 09:34:06,67.15,70,64969,139133,67.48,18575,0.67
2021-06-18 09:34:14,67.15,70,64969,139233,67.48,18575,0.67
2021-06-18 09:34:18,67.15,70,65095,139233,67.48,18575,0.67
2021-06-18 09:34:34,67.15,70,64979,139233,67.48,18575,0.67
2021-06-18 09:34:39,67.15,70,65101,139254,67.48,18575,0.67
2021-06-18 09:34:42,67.15,70,64979,139254,67.48,18575,0.67
2021-06-18 09:34:50,67.15,70,64979,139333,67.48,18575,0.67
2021-06-18 09:34:54,67.15,70,64893,139354,67.48,18575,0.67
2021-06-18 09:35:02,67.15,70,64779,139354,67.48,18575,0.67
2021-06-18 09:35:10,67.15,70,64769,139443,67.48,18575,0.67
2021-06-18 09:35:22,67.15,70,64769,139333,67.48,18575,0.67
2021-06-18 09:35:24,67.25,8,64769,139333,67.48,18575,0.82
2021-06-18 09:35:30,67.25,8,64759,139323,67.48,18585,0.82
2021-06-18 09:35:34,67.25,8,64878,139344,67.48,18585,0.82
2021-06-18 09:35:37,67.25,8,64759,139434,67.48,18585,0.82
2021-06-18 09:35:42,67.25,8,64876,139343,67.48,18585,0.82
2021-06-18 09:35:45,67.25,8,64759,139343,67.48,18585,0.82
2021-06-18 09:35:53,67.25,8,64943,139343,67.48,18585,0.82
2021-06-18 09:36:01,67.25,8,64833,139343,67.48,18585,0.82
2021-06-18 09:36:05,67.25,8,64833,139457,67.48,18585,0.82
2021-06-18 09:36:09,67.25,8,64833,139434,67.48,18585,0.82
2021-06-18 09:36:13,67.25,8,64833,139634,67.48,18585,0.82
2021-06-18 09:36:36,67.25,8,64833,139523,67.48,18585,0.82
2021-06-18 09:36:40,67.25,8,64833,139640,67.48,18585,0.82
2021-06-18 09:36:48,67.25,8,64833,139615,67.48,18585,0.82
2021-06-18 09:36:55,67.25,8,64954,139520,67.48,18585,0.82
2021-06-18 09:37:03,67.25,8,64950,139520,67.48,18585,0.82
2021-06-18 09:37:07,67.25,8,64759,139639,67.48,18585,0.82
2021-06-18 09:37:12,67.25,8,64872,139520,67.48,18585,0.82
2021-06-18 09:37:15,67.25,8,64759,139615,67.48,18585,0.82
2021-06-18 09:37:19,67.25,8,64759,139643,67.48,18585,0.82
2021-06-18 09:37:27,67.25,8,64872,139548,67.48,18585,0.82
2021-06-18 09:37:28,67.25,387,64872,139548,67.48,18585,0.82
2021-06-18 09:37:31,67.25,387,69952,138716,67.47,19858,0.82
2021-06-18 09:37:40,67.25,387,69929,138824,67.47,19858,0.82
2021-06-18 09:37:41,67.5,103,69929,138824,67.47,19858,1.2
2021-06-18 09:37:43,67.5,103,66403,138256,67.47,23529,1.2
2021-06-18 09:37:44,67.5,100,66403,138256,67.47,23529,1.2
2021-06-18 09:37:48,67.5,100,66430,138234,67.47,23629,1.2
2021-06-18 09:37:56,67.7,118,66430,138234,67.47,23629,1.5
2021-06-18 09:37:57,67.55,80,66430,138234,67.47,23629,1.27
2021-06-18 09:37:58,67.55,80,66625,135615,67.54,29227,1.27
2021-06-18 09:38:03,67.55,80,66669,136042,67.54,29227,1.27
2021-06-18 09:38:06,67.7,20,66669,136042,67.54,29227,1.5
2021-06-18 09:38:07,67.7,20,66499,136632,67.54,29413,1.5
2021-06-18 09:38:11,67.7,20,66102,136629,67.54,29413,1.5
2021-06-18 09:38:15,67.7,20,66602,136629,67.54,29413,1.5
2021-06-18 09:38:23,67.7,20,66812,136542,67.54,29413,1.5
2021-06-18 09:38:27,67.7,20,66938,138717,67.54,29413,1.5
2021-06-18 09:38:31,67.7,20,66938,139017,67.54,29413,1.5
2021-06-18 09:38:51,67.7,20,66949,139149,67.54,29413,1.5
2021-06-18 09:38:59,67.7,20,67029,139153,67.54,29413,1.5
2021-06-18 09:39:10,67.7,20,66929,140206,67.54,29413,1.5
2021-06-18 09:39:14,67.7,100,66929,140206,67.54,29413,1.5
2021-06-18 09:39:15,67.7,100,66829,139870,67.54,29513,1.5
2021-06-18 09:39:22,67.55,1,66829,139870,67.54,29513,1.27
2021-06-18 09:39:24,67.55,1,66810,139996,67.54,29514,1.27
2021-06-18 09:39:25,67.2,39,66810,139996,67.54,29514,0.75
2021-06-18 09:39:28,67.2,39,64680,140968,67.52,34514,0.75
2021-06-18 09:39:32,67.2,39,64680,141280,67.52,34514,0.75
2021-06-18 09:39:48,67.2,39,64680,141442,67.52,34514,0.75
2021-06-18 09:39:51,67.2,39,64680,141542,67.52,34514,0.75
2021-06-18 09:40:03,67.2,39,64880,141430,67.52,34514,0.75
2021-06-18 09:40:11,67.2,39,64618,141543,67.52,34514,0.75
2021-06-18 09:40:16,67.45,38,64618,141543,67.52,34514,1.12
2021-06-18 09:40:18,67.45,38,65185,140447,67.51,34831,1.12
2021-06-18 09:40:38,67.45,38,65345,140422,67.51,34831,1.12
2021-06-18 09:40:45,67.45,38,65366,140854,67.51,34831,1.12
2021-06-18 09:40:50,67.45,200,65366,140854,67.51,34831,1.12
2021-06-18 09:40:54,67.45,200,65404,140896,67.51,35031,1.12
2021-06-18 09:40:57,67.45,200,65304,140900,67.51,35031,1.12
2021-06-18 09:41:01,67.45,200,65304,141100,67.51,35031,1.12
2021-06-18 09:41:08,67.45,200,65304,141300,67.51,35031,1.12
2021-06-18 09:41:27,67.45,200,65104,141110,67.51,35031,1.12
2021-06-18 09:41:30,67.45,200,65124,141110,67.51,35031,1.12
2021-06-18 09:41:36,67.5,119,65124,141110,67.51,35031,1.2
2021-06-18 09:41:37,67.5,119,66309,140646,67.51,35179,1.2
2021-06-18 09:41:51,67.5,119,66309,140511,67.51,35179,1.2
2021-06-18 09:41:54,67.5,100,66310,140647,67.51,35279,1.2
2021-06-18 09:41:58,67.5,100,66310,140882,67.51,35279,1.2
2021-06-18 09:42:10,67.5,100,66210,140882,67.51,35279,1.2
2021-06-18 09:42:21,67.5,100,66183,140882,67.51,35279,1.2
2021-06-18 09:42:24,67.5,100,66068,141119,67.51,35279,1.2
2021-06-18 09:42:32,67.5,100,65926,141680,67.51,35279,1.2
2021-06-18 09:42:39,67.45,63,65163,141871,67.51,35962,1.12
2021-06-18 09:42:40,67.45,151,65163,141871,67.51,35962,1.12
2021-06-18 09:42:43,67.45,151,65316,141955,67.51,36215,1.12
2021-06-18 09:42:44,67.4,1,65316,141955,67.51,36215,1.05
2021-06-18 09:42:48,67.4,1,64616,143186,67.51,36283,1.05
2021-06-18 09:42:52,67.4,1,64616,143217,67.51,36283,1.05
2021-06-18 09:43:00,67.4,1,64616,143917,67.51,36283,1.05
2021-06-18 09:43:08,67.4,1,64747,144137,67.51,36283,1.05
2021-06-18 09:43:12,67.4,1,64647,144137,67.51,36283,1.05
2021-06-18 09:43:28,67.3,80,64647,144137,67.51,36283,0.9
2021-06-18 09:43:28,67.3,80,64588,144168,67.51,36383,0.9
2021-06-18 09:43:31,67.25,1,64588,144168,67.51,36383,0.82
2021-06-18 09:43:32,67.25,1,63545,143669,67.51,36880,0.82
2021-06-18 09:43:36,67.25,1,63525,144712,67.51,36880,0.82
2021-06-18 09:43:40,67.25,1,63625,144066,67.51,36880,0.82
2021-06-18 09:43:48,67.25,1,63625,144184,67.51,36880,0.82
2021-06-18 09:44:00,67.25,1,63625,144212,67.51,36880,0.82
2021-06-18 09:44:07,67.25,1,63625,144291,67.51,36880,0.82
2021-06-18 09:44:16,67.25,1,63625,144173,67.51,36880,0.82
2021-06-18 09:44:28,67.25,1,62950,144319,67.51,36880,0.82
2021-06-18 09:44:41,67.25,1,62950,144473,67.51,36880,0.82
2021-06-18 09:44:57,67.25,1,62950,144351,67.51,36880,0.82
2021-06-18 09:45:06,67.25,1,62798,144313,67.51,36880,0.82
2021-06-18 09:45:10,67.25,1,62798,143963,67.51,36880,0.82
2021-06-18 09:45:14,67.25,1,62867,144850,67.51,36880,0.82
2021-06-18 09:45:26,67.25,1,62867,144905,67.51,36880,0.82
2021-06-18 09:45:43,67.25,1,62847,144923,67.51,36880,0.82
2021-06-18 09:45:47,67.25,1,62847,144917,67.51,36880,0.82
2021-06-18 09:45:51,67.25,1,62847,144913,67.51,36880,0.82
2021-06-18 09:45:55,67.25,1,62847,144906,67.51,36880,0.82
2021-06-18 09:46:08,67.25,1,62847,144956,67.51,36880,0.82
2021-06-18 09:46:21,67.25,1,62828,144956,67.51,36880,0.82
2021-06-18 09:46:25,67.25,1,62828,144840,67.51,36880,0.82
2021-06-18 09:46:29,67.25,1,62848,144911,67.51,36880,0.82
2021-06-18 09:46:37,67.25,1,62848,145411,67.51,36880,0.82
2021-06-18 09:46:44,67.25,1,62928,145411,67.51,36880,0.82
2021-06-18 09:46:48,67.25,1,62928,145290,67.51,36880,0.82
2021-06-18 09:46:53,66.95,6,62928,145290,67.51,36880,0.37
2021-06-18 09:46:56,66.95,6,62359,145463,67.5,37480,0.37
2021-06-18 09:47:12,66.95,6,62498,145325,67.5,37480,0.37
2021-06-18 09:47:16,66.95,6,62697,145050,67.5,37480,0.37
2021-06-18 09:47:20,66.95,6,62526,145141,67.5,37480,0.37
2021-06-18 09:47:23,66.9,19,62526,145141,67.5,37480,0.3
2021-06-18 09:47:25,66.9,19,62571,145386,67.5,37499,0.3
2021-06-18 09:47:27,67.0,1,62571,145386,67.5,37499,0.45
2021-06-18 09:47:28,67.0,1,62487,144834,67.5,37550,0.45
2021-06-18 09:47:33,67.0,1,62730,144817,67.5,37550,0.45
2021-06-18 09:47:39,66.9,6,62730,144817,67.5,37550,0.3
2021-06-18 09:47:40,66.9,6,62704,144851,67.5,37556,0.3
2021-06-18 09:47:52,66.9,6,62704,145135,67.5,37556,0.3
2021-06-18 09:47:55,66.9,6,62587,145635,67.5,37556,0.3
2021-06-18 09:48:00,66.9,6,62707,145635,67.5,37556,0.3
2021-06-18 09:48:02,66.9,1,62707,145635,67.5,37556,0.3
2021-06-18 09:48:03,66.9,1,62299,146645,67.49,37963,0.3
2021-06-18 09:48:05,66.85,1,62299,146645,67.49,37963,0.22
2021-06-18 09:48:07,66.85,1,62227,146728,67.49,37964,0.22
2021-06-18 09:48:20,66.85,1,62247,146823,67.49,37964,0.22
2021-06-18 09:48:29,66.75,100,62247,146823,67.49,37964,0.07
2021-06-18 09:48:31,66.75,100,62147,146823,67.49,38064,0.07
2021-06-18 09:48:50,66.75,100,62652,146821,67.49,38064,0.07
2021-06-18 09:48:55,66.75,7,62652,146821,67.49,38064,0.07
2021-06-18 09:48:58,66.75,7,62885,147102,67.49,38071,0.07
2021-06-18 09:49:02,66.75,80,62885,147102,67.49,38071,0.07
2021-06-18 09:49:05,66.75,80,62825,147102,67.49,38151,0.07
2021-06-18 09:49:06,66.75,50,62825,147102,67.49,38151,0.07
2021-06-18 09:49:09,66.75,50,62776,147102,67.49,38201,0.07
2021-06-18 09:49:13,66.75,50,62813,147217,67.49,38201,0.07
2021-06-18 09:49:16,66.75,50,62252,147217,67.49,38201,0.07
2021-06-18 09:49:33,66.75,50,62251,147217,67.49,38201,0.07
2021-06-18 09:49:37,66.75,50,62251,146990,67.49,38201,0.07
2021-06-18 09:49:41,66.75,50,62751,146904,67.49,38201,0.07
2021-06-18 09:49:45,66.75,50,62751,147238,67.49,38201,0.07
2021-06-18 09:49:49,66.75,50,62748,147119,67.49,38201,0.07
2021-06-18 09:49:54,66.75,50,62748,147241,67.49,38201,0.07
2021-06-18 09:50:07,66.75,50,62248,146904,67.49,38201,0.07
2021-06-18 09:50:11,66.75,50,62366,146904,67.49,38201,0.07
2021-06-18 09:50:19,66.75,50,62248,146888,67.49,38201,0.07
2021-06-18 09:50:24,66.75,50,62362,146792,67.49,38201,0.07
2021-06-18 09:50:28,66.75,50,62248,146776,67.49,38201,0.07
2021-06-18 09:50:32,66.75,50,62363,146776,67.49,38201,0.07
2021-06-18 09:50:41,66.75,50,62248,146919,67.49,38201,0.07
2021-06-18 09:50:45,66.75,50,62358,146919,67.49,38201,0.07
2021-06-18 09:50:57,66.75,50,62298,146919,67.49,38201,0.07
2021-06-18 09:51:01,66.75,50,62338,146919,67.49,38201,0.07
2021-06-18 09:51:05,66.75,50,62449,146546,67.49,38201,0.07
2021-06-18 09:51:13,66.75,50,62449,146796,67.49,38201,0.07
2021-06-18 09:51:17,66.75,50,62444,146796,67.49,38201,0.07
2021-06-18 09:51:25,66.75,50,62545,146713,67.49,38201,0.07
2021-06-18 09:51:33,66.75,50,63045,146713,67.49,38201,0.07
2021-06-18 09:51:42,66.75,50,63046,146713,67.49,38201,0.07
2021-06-18 09:51:49,66.75,50,63842,146713,67.49,38201,0.07
2021-06-18 09:52:01,66.75,50,64221,146318,67.49,38201,0.07
2021-06-18 09:52:07,66.95,4,64221,146318,67.49,38201,0.37
2021-06-18 09:52:09,66.95,4,64221,146297,67.49,38205,0.37
2021-06-18 09:52:24,66.95,4,64229,145697,67.49,38205,0.37
2021-06-18 09:52:28,66.95,4,64220,145697,67.49,38205,0.37
2021-06-18 09:52:36,66.95,4,64110,145623,67.49,38205,0.37
2021-06-18 09:52:40,66.95,4,64222,145640,67.49,38205,0.37
2021-06-18 09:52:48,66.95,4,64223,145640,67.49,38205,0.37
2021-06-18 09:52:52,66.95,4,64110,145640,67.49,38205,0.37
2021-06-18 09:52:59,66.95,4,64230,145640,67.49,38205,0.37
2021-06-18 09:53:04,66.95,4,64129,145640,67.49,38205,0.37
2021-06-18 09:53:08,66.95,4,64176,145657,67.49,38205,0.37
2021-06-18 09:53:12,66.95,4,64060,145639,67.49,38205,0.37
2021-06-18 09:53:16,66.95,4,64171,145639,67.49,38205,0.37
2021-06-18 09:53:18,66.45,1,64171,145639,67.49,38205,-0.37
2021-06-18 09:53:20,66.3,500,64171,145639,67.49,38205,-0.6
2021-06-18 09:53:21,66.3,500,59459,147021,67.36,44481,-0.6
2021-06-18 09:53:24,66.3,500,60829,147397,67.36,44481,-0.6
2021-06-18 09:53:28,66.2,29,60092,147220,67.35,44581,-0.75
2021-06-18 09:53:31,66.1,1,60092,147220,67.35,44581,-0.9
2021-06-18 09:53:36,66.1,1,59436,147231,67.35,44582,-0.9
2021-06-18 09:53:44,66.1,1,59436,147467,67.35,44582,-0.9
2021-06-18 09:53:47,66.1,10,59436,147467,67.35,44582,-0.9
2021-06-18 09:53:48,66.1,10,59439,147467,67.35,44592,-0.9
2021-06-18 09:53:51,66.1,1,59439,147467,67.35,44592,-0.9
2021-06-18 09:53:52,66.1,1,59425,147691,67.35,44594,-0.9
2021-06-18 09:53:57,66.1,1,59376,147691,67.35,44594,-0.9
2021-06-18 09:54:01,66.1,1,59376,147765,67.35,44594,-0.9
2021-06-18 09:54:03,65.7,100,59376,147765,67.35,44594,-1.5
2021-06-18 09:54:05,65.7,100,57850,149779,67.32,45925,-1.5
2021-06-18 09:54:09,65.7,100,57932,149822,67.32,45925,-1.5
2021-06-18 09:54:10,65.5,100,57932,149822,67.32,45925,-1.8
2021-06-18 09:54:13,65.5,100,58216,149552,67.3,46257,-1.8
2021-06-18 09:54:17,65.5,100,59592,150094,67.3,46257,-1.8
2021-06-18 09:54:21,65.85,10,59592,150094,67.3,46257,-1.27
2021-06-18 09:54:21,65.85,10,60180,150354,67.3,46277,-1.27
2021-06-18 09:54:29,65.85,10,60154,150541,67.3,46277,-1.27
2021-06-18 09:54:33,65.85,10,60167,156624,67.3,46277,-1.27
2021-06-18 09:54:37,65.85,10,60167,156509,67.3,46277,-1.27
2021-06-18 09:54:41,65.85,10,60254,156509,67.3,46277,-1.27
2021-06-18 09:54:47,65.5,318,60254,156509,67.3,46277,-1.8
2021-06-18 09:54:49,65.5,318,58679,157228,67.23,48277,-1.8
2021-06-18 09:54:56,65.5,318,58639,157634,67.23,48277,-1.8
2021-06-18 09:54:57,65.7,29,58639,157634,67.23,48277,-1.5
2021-06-18 09:55:00,65.7,29,59063,157372,67.22,48777,-1.5
2021-06-18 09:55:04,65.7,29,59135,157406,67.22,48777,-1.5
2021-06-18 09:55:06,65.55,74,59135,157406,67.22,48777,-1.72
2021-06-18 09:55:09,65.55,74,59163,157492,67.21,48851,-1.72
2021-06-18 09:55:09,65.5,250,59163,157492,67.21,48851,-1.8
2021-06-18 09:55:13,65.5,250,58947,157144,67.2,49101,-1.8
2021-06-18 09:55:21,65.5,250,59434,157144,67.2,49101,-1.8
2021-06-18 09:55:22,65.6,15,59434,157144,67.2,49101,-1.65
2021-06-18 09:55:25,65.6,15,59568,157014,67.2,49126,-1.65
2021-06-18 09:55:29,65.6,15,59445,157042,67.2,49126,-1.65
2021-06-18 09:55:33,65.6,15,59445,157123,67.2,49126,-1.65
2021-06-18 09:55:41,65.6,15,59684,157140,67.2,49126,-1.65
2021-06-18 09:55:48,65.65,6,59684,157140,67.2,49126,-1.57
2021-06-18 09:55:49,65.65,6,59584,157134,67.2,49132,-1.57
2021-06-18 09:56:09,65.65,6,59345,157117,67.2,49132,-1.57
2021-06-18 09:56:13,65.65,6,59458,157316,67.2,49132,-1.57
2021-06-18 09:56:21,65.7,441,59565,156460,67.17,50132,-1.5
2021-06-18 09:56:25,65.7,441,59854,156677,67.17,50132,-1.5
2021-06-18 09:56:29,65.75,123,59854,156677,67.17,50132,-1.42
2021-06-18 09:56:29,65.75,123,60702,155874,67.17,50314,-1.42
2021-06-18 09:56:33,65.75,123,62175,156179,67.17,50314,-1.42
2021-06-18 09:56:34,66.1,522,62175,156179,67.17,50314,-0.9
2021-06-18 09:56:36,65.75,39,62175,156179,67.17,50314,-1.42
2021-06-18 09:56:37,65.75,39,61366,155349,67.14,51390,-1.42
2021-06-18 09:56:40,66.0,10,61366,155349,67.14,51390,-1.05
2021-06-18 09:56:42,66.0,373,60424,155120,67.13,52169,-1.05
2021-06-18 09:56:46,66.0,373,60411,155535,67.13,52169,-1.05
2021-06-18 09:56:51,66.0,373,60513,155780,67.13,52169,-1.05
2021-06-18 09:56:55,66.0,373,60429,155668,67.13,52169,-1.05
2021-06-18 09:56:57,65.6,5,60429,155668,67.13,52169,-1.65
2021-06-18 09:56:59,65.6,5,60265,155838,67.12,52269,-1.65
2021-06-18 09:57:05,65.6,126,60265,155838,67.12,52269,-1.65
2021-06-18 09:57:07,65.6,126,58915,156590,67.12,52569,-1.65
2021-06-18 09:57:12,65.6,126,58894,156658,67.12,52569,-1.65
2021-06-18 09:57:15,65.6,126,59009,156652,67.12,52569,-1.65
2021-06-18 09:57:19,65.6,126,27507,124750,67.12,52569,-1.65
2021-06-18 09:57:27,65.5,80,27507,124750,67.12,52569,-1.8
2021-06-18 09:57:28,65.5,80,27445,124889,67.11,52649,-1.8
2021-06-18 09:57:32,65.5,80,27467,124889,67.11,52649,-1.8
2021-06-18 09:57:44,65.75,100,27467,124889,67.11,52649,-1.42
2021-06-18 09:57:45,65.5,100,27313,124794,67.11,52849,-1.8
2021-06-18 09:57:49,65.5,100,27434,124794,67.11,52849,-1.8
2021-06-18 09:58:06,65.5,100,26530,124677,67.11,52849,-1.8
2021-06-18 09:58:11,65.5,100,26530,122540,67.11,52849,-1.8
2021-06-18 09:58:15,65.5,100,26430,122540,67.11,52849,-1.8
2021-06-18 09:58:18,65.5,14,26430,122540,67.11,52849,-1.8
2021-06-18 09:58:19,65.5,14,26709,122050,67.1,52983,-1.8
2021-06-18 09:58:36,65.5,14,26710,122409,67.1,52983,-1.8
2021-06-18 09:58:40,65.5,14,27272,122509,67.1,52983,-1.8
2021-06-18 09:58:45,65.5,14,27266,122478,67.1,52983,-1.8
2021-06-18 09:58:49,65.5,14,27287,122460,67.1,52983,-1.8
2021-06-18 09:59:03,65.5,14,27287,122260,67.1,52983,-1.8
2021-06-18 09:59:05,65.55,140,27287,122260,67.1,52983,-1.72
2021-06-18 09:59:07,65.55,140,26977,122400,67.1,53233,-1.72
2021-06-18 09:59:16,65.55,140,26980,122618,67.1,53233,-1.72
2021-06-18 09:59:20,65.55,140,26980,122700,67.1,53233,-1.72
2021-06-18 09:59:33,65.55,140,26980,122527,67.1,53233,-1.72
2021-06-18 09:59:38,65.55,140,26980,122488,67.1,53233,-1.72
2021-06-18 09:59:42,65.55,140,27201,122553,67.1,53233,-1.72
2021-06-18 09:59:45,65.6,274,27201,122553,67.1,53233,-1.65
2021-06-18 09:59:46,65.6,274,26827,122718,67.09,53507,-1.65
2021-06-18 09:59:51,65.6,274,25827,122830,67.09,53507,-1.65
2021-06-18 09:59:53,65.5,21,25827,122830,67.09,53507,-1.8
2021-06-18 09:59:55,65.5,21,24791,124102,67.07,54228,-1.8
2021-06-18 10:00:00,65.5,21,24788,124250,67.07,54228,-1.8
2021-06-18 10:00:01,65.3,1,24788,124250,67.07,54228,-2.1
2021-06-18 10:00:04,65.3,1,24831,124325,67.07,54229,-2.1
2021-06-18 10:00:08,65.3,1,24731,124325,67.07,54229,-2.1
2021-06-18 10:00:12,65.3,1,25956,124346,67.07,54231,-2.1
2021-06-18 10:00:13,65.25,1,25956,124346,67.07,54231,-2.17
2021-06-18 10:00:15,65.2,21,25956,124346,67.07,54231,-2.25
2021-06-18 10:00:15,65.1,50,25956,124346,67.07,54231,-2.4
2021-06-18 10:00:17,65.1,50,25181,124164,67.06,54553,-2.4
2021-06-18 10:00:21,65.2,7,25410,124243,67.06,54560,-2.25
2021-06-18 10:00:25,65.2,6,25410,124243,67.06,54560,-2.25
2021-06-18 10:00:26,65.2,6,25481,124137,67.06,54566,-2.25
2021-06-18 10:00:30,65.2,6,26182,124158,67.06,54566,-2.25
2021-06-18 10:00:34,65.2,6,26654,124158,67.06,54566,-2.25
2021-06-18 10:00:39,65.2,6,26841,124158,67.06,54566,-2.25
2021-06-18 10:00:42,65.05,1,26841,124158,67.06,54566,-2.47
2021-06-18 10:00:43,65.05,1,26961,124056,67.06,54567,-2.47
2021-06-18 10:00:48,65.05,1,26832,124141,67.06,54567,-2.47
2021-06-18 10:00:52,65.05,1,26832,124025,67.06,54567,-2.47
2021-06-18 10:01:01,65.05,1,27095,124055,67.06,54567,-2.47
2021-06-18 10:01:05,65.05,1,27244,124055,67.06,54567,-2.47
2021-06-18 10:01:06,65.25,30,27244,124055,67.06,54567,-2.17
2021-06-18 10:01:10,65.25,30,27749,123994,67.05,54619,-2.17
2021-06-18 10:01:13,65.15,14,27749,123994,67.05,54619,-2.32
2021-06-18 10:01:14,65.15,14,27694,124075,67.04,54919,-2.32
2021-06-18 10:01:18,65.15,14,28016,124075,67.04,54919,-2.32
2021-06-18 10:01:26,65.15,14,28116,124075,67.04,54919,-2.32
2021-06-18 10:01:45,65.1,14,28116,124075,67.04,54919,-2.4
2021-06-18 10:01:46,65.3,1,28116,124075,67.04,54919,-2.1
2021-06-18 10:01:47,65.3,1,28002,124055,67.04,54955,-2.1
2021-06-18 10:02:03,65.3,1,27996,124072,67.04,54955,-2.1
2021-06-18 10:02:04,65.1,30,27996,124072,67.04,54955,-2.4
2021-06-18 10:02:07,65.1,30,27968,124061,67.04,54985,-2.4
2021-06-18 10:02:15,65.1,30,28068,124061,67.04,54985,-2.4
2021-06-18 10:02:18,65.3,10,28068,124061,67.04,54985,-2.1
2021-06-18 10:02:19,65.3,10,27747,124032,67.04,54995,-2.1
2021-06-18 10:02:24,65.3,10,27864,124061,67.04,54995,-2.1
2021-06-18 10:02:27,65.3,1,27864,124061,67.04,54995,-2.1
2021-06-18 10:02:28,65.3,1,63865,156443,67.04,54996,-2.1
2021-06-18 10:02:30,65.1,1,63865,156443,67.04,54996,-2.4
2021-06-18 10:02:36,65.1,1,63865,156443,67.04,54997,-2.4
2021-06-18 10:02:45,65.1,1,63765,156443,67.04,54997,-2.4
2021-06-18 10:02:46,65.35,10,63765,156443,67.04,54997,-2.02
2021-06-18 10:02:49,65.3,74,63814,155892,67.03,55437,-2.1
2021-06-18 10:02:52,65.3,74,63796,156005,67.03,55437,-2.1
2021-06-18 10:02:57,65.3,74,63796,155919,67.03,55437,-2.1
2021-06-18 10:03:01,65.3,74,63847,155919,67.03,55437,-2.1
2021-06-18 10:03:05,65.3,74,63847,155926,67.03,55437,-2.1
2021-06-18 10:03:10,65.3,74,64063,155945,67.03,55437,-2.1
2021-06-18 10:03:14,65.3,74,64835,156058,67.03,55437,-2.1
2021-06-18 10:03:31,65.3,74,64724,155829,67.03,55437,-2.1
2021-06-18 10:03:35,65.3,74,64840,155829,67.03,55437,-2.1
2021-06-18 10:03:43,65.3,74,65070,155778,67.03,55437,-2.1
2021-06-18 10:03:48,65.3,74,65165,155330,67.03,55437,-2.1
2021-06-18 10:03:52,65.3,74,65173,155330,67.03,55437,-2.1
2021-06-18 10:04:04,65.3,74,65102,155330,67.03,55437,-2.1
2021-06-18 10:04:17,65.3,74,65294,155332,67.03,55437,-2.1
2021-06-18 10:04:21,65.3,74,65194,154982,67.03,55437,-2.1
2021-06-18 10:04:25,65.3,74,65294,154963,67.03,55437,-2.1
2021-06-18 10:04:30,65.3,74,65214,154963,67.03,55437,-2.1
2021-06-18 10:04:33,65.45,7,65163,155011,67.03,55459,-1.87
2021-06-18 10:04:34,65.45,100,65163,155011,67.03,55459,-1.87
2021-06-18 10:04:37,65.45,100,65528,154889,67.02,55559,-1.87
2021-06-18 10:04:42,65.45,100,65730,154730,67.02,55559,-1.87
2021-06-18 10:04:50,65.45,100,66041,154788,67.02,55559,-1.87
2021-06-18 10:04:58,65.65,49,65971,154041,67.0,56628,-1.57
2021-06-18 10:05:01,65.55,27,65971,154041,67.0,56628,-1.72
2021-06-18 10:05:02,65.55,35,65971,154041,67.0,56628,-1.72
2021-06-18 10:05:03,65.55,35,65829,153892,66.99,56828,-1.72
2021-06-18 10:05:07,65.7,1,65829,153892,66.99,56828,-1.5
2021-06-18 10:05:07,65.7,1,65829,153891,66.99,56829,-1.5
2021-06-18 10:05:12,65.7,1,65907,153891,66.99,56829,-1.5
2021-06-18 10:05:21,65.7,1,66273,153908,66.99,56829,-1.5
2021-06-18 10:05:21,65.55,37,66273,153908,66.99,56829,-1.72
2021-06-18 10:05:25,65.55,37,64946,154710,66.92,59366,-1.72
2021-06-18 10:05:28,65.55,37,65046,154695,66.92,59366,-1.72
2021-06-18 10:05:31,65.5,1,65046,154695,66.92,59366,-1.8
2021-06-18 10:05:33,65.5,1,64975,154582,66.92,59367,-1.8
2021-06-18 10:05:37,65.5,1,64975,154549,66.92,59367,-1.8
2021-06-18 10:05:42,65.5,1,64975,154531,66.92,59368,-1.8
2021-06-18 10:05:45,65.5,1,65739,154199,66.92,59368,-1.8
2021-06-18 10:05:49,65.5,1,65733,154700,66.92,59368,-1.8
2021-06-18 10:05:54,65.5,1,65482,155021,66.92,59368,-1.8
2021-06-18 10:05:58,65.5,1,65715,154919,66.92,59368,-1.8
2021-06-18 10:06:01,65.65,30,65715,154919,66.92,59368,-1.57
2021-06-18 10:06:02,65.7,133,66576,153956,66.91,60156,-1.5
2021-06-18 10:06:05,65.75,10,66576,153956,66.91,60156,-1.42
2021-06-18 10:06:06,65.75,10,66673,154134,66.91,60166,-1.42
2021-06-18 10:06:10,65.75,10,66462,154006,66.91,60166,-1.42
2021-06-18 10:06:17,65.75,10,66530,154139,66.91,60166,-1.42
2021-06-18 10:06:34,65.8,180,66530,154139,66.91,60166,-1.35
2021-06-18 10:06:36,65.8,180,67031,154228,66.9,60399,-1.35
2021-06-18 10:06:43,65.8,100,67031,154228,66.9,60399,-1.35
2021-06-18 10:06:44,65.8,100,67158,154098,66.9,60599,-1.35
2021-06-18 10:06:59,65.8,100,67158,154084,66.9,60599,-1.35
2021-06-18 10:07:03,65.8,100,67150,154200,66.9,60599,-1.35
2021-06-18 10:07:13,65.95,32,67150,154200,66.9,60599,-1.12
2021-06-18 10:07:16,65.95,32,67182,154092,66.89,60799,-1.12
2021-06-18 10:07:27,65.5,48,67182,154092,66.89,60799,-1.8
2021-06-18 10:07:28,65.5,48,66013,154848,66.85,62799,-1.8
2021-06-18 10:07:33,65.5,48,66126,154829,66.85,62799,-1.8
