2021-06-16 10:32:16,229.3,2,21632,117118,229.85,34342,0.28
2021-06-16 10:32:28,229.3,2,21637,117143,229.85,34342,0.28
2021-06-16 10:32:34,229.3,2,21737,117143,229.85,34342,0.28
2021-06-16 10:32:39,229.3,2,21737,117193,229.85,34342,0.28
2021-06-16 10:32:45,229.3,2,21737,117243,229.85,34342,0.28
2021-06-16 10:32:54,229.3,2,21740,117057,229.85,34342,0.28
2021-06-16 10:32:57,229.3,2,21754,117057,229.85,34342,0.28
2021-06-16 10:32:57,229.3,1,21754,117057,229.85,34342,0.28
2021-06-16 10:32:58,229.0,12,21754,117057,229.85,34342,0.15
2021-06-16 10:32:59,229.0,12,21685,117055,229.85,34529,0.15
2021-06-16 10:33:02,229.0,14,21699,117093,229.85,34543,0.15
2021-06-16 10:33:05,229.0,14,21703,117088,229.85,34543,0.15
2021-06-16 10:33:08,229.0,14,21903,117096,229.85,34543,0.15
2021-06-16 10:33:11,229.0,14,21953,117101,229.85,34543,0.15
2021-06-16 10:33:14,229.0,14,21974,117102,229.85,34543,0.15
2021-06-16 10:33:16,229.7,50,21974,117102,229.85,34543,0.46
2021-06-16 10:33:17,229.7,50,21970,117095,229.85,34593,0.46
2021-06-16 10:33:23,229.7,50,21925,117090,229.85,34593,0.46
2021-06-16 10:33:25,229.6,50,21925,117090,229.85,34593,0.42
2021-06-16 10:33:25,229.6,50,21928,117062,229.85,34643,0.42
2021-06-16 10:33:28,229.6,50,21853,117052,229.85,34643,0.42
2021-06-16 10:33:34,229.6,50,21851,117050,229.85,34643,0.42
2021-06-16 10:33:37,229.6,50,21851,117045,229.85,34643,0.42
2021-06-16 10:33:40,229.6,50,21854,117059,229.85,34643,0.42
2021-06-16 10:33:43,229.6,50,21854,117046,229.85,34643,0.42
2021-06-16 10:33:52,229.6,50,21854,117049,229.85,34643,0.42
2021-06-16 10:33:55,229.6,50,21852,117049,229.85,34643,0.42
2021-06-16 10:34:01,229.6,50,21849,117045,229.85,34643,0.42
2021-06-16 10:34:08,229.7,6,21849,117045,229.85,34643,0.46
2021-06-16 10:34:09,229.7,6,21849,117026,229.85,34649,0.46
2021-06-16 10:34:12,229.7,6,21850,117019,229.85,34649,0.46
2021-06-16 10:34:14,229.7,6,21884,117019,229.85,34649,0.46
2021-06-16 10:34:22,229.7,6,21884,117018,229.85,34649,0.46
2021-06-16 10:34:27,229.7,6,22084,117020,229.85,34649,0.46
2021-06-16 10:34:30,229.7,6,22085,117020,229.85,34649,0.46
2021-06-16 10:34:33,229.7,6,22085,117044,229.85,34649,0.46
2021-06-16 10:34:36,229.7,6,22085,117078,229.85,34649,0.46
2021-06-16 10:34:37,229.9,12,22085,117078,229.85,34649,0.55
2021-06-16 10:34:38,229.9,12,22083,117014,229.85,34711,0.55
2021-06-16 10:34:42,229.95,6,22083,117014,229.85,34711,0.57
2021-06-16 10:34:47,229.95,6,22077,117008,229.85,34717,0.57
2021-06-16 10:34:48,229.95,4,22077,117008,229.85,34717,0.57
2021-06-16 10:34:50,229.95,4,22185,116961,229.85,34721,0.57
2021-06-16 10:34:51,230.0,5,22185,116961,229.85,34721,0.59
2021-06-16 10:34:52,230.25,16,22185,116961,229.85,34721,0.7
2021-06-16 10:34:53,230.25,16,22092,117003,229.85,34776,0.7
2021-06-16 10:34:54,230.0,6,22092,117003,229.85,34776,0.59
2021-06-16 10:34:56,230.0,6,22091,117078,229.85,34876,0.59
2021-06-16 10:34:59,230.0,6,22091,117083,229.85,34876,0.59
2021-06-16 10:35:02,230.0,6,22092,117085,229.85,34876,0.59
2021-06-16 10:35:04,230.0,3,22092,117085,229.85,34876,0.59
2021-06-16 10:35:05,230.0,3,22084,117052,229.85,34926,0.59
2021-06-16 10:35:07,230.0,3,22084,117078,229.85,34926,0.59
2021-06-16 10:35:10,230.25,24,22084,117078,229.85,34926,0.7
2021-06-16 10:35:13,230.3,1,21983,117022,229.85,35029,0.72
2021-06-16 10:35:16,230.15,1,21983,117022,229.85,35029,0.66
2021-06-16 10:35:18,230.15,1,21988,117004,229.85,35031,0.66
2021-06-16 10:35:19,230.0,60,21988,117004,229.85,35031,0.59
2021-06-16 10:35:20,230.0,60,21933,117017,229.85,35131,0.59
2021-06-16 10:35:23,229.95,18,21933,117017,229.85,35131,0.57
2021-06-16 10:35:25,229.95,18,21924,116948,229.85,35175,0.57
2021-06-16 10:35:28,229.95,18,21928,116998,229.85,35175,0.57
2021-06-16 10:35:31,229.95,18,22028,117048,229.85,35175,0.57
2021-06-16 10:35:34,229.95,18,22028,117148,229.85,35175,0.57
2021-06-16 10:35:37,229.95,18,22053,117153,229.85,35175,0.57
2021-06-16 10:35:47,229.95,18,22039,117102,229.85,35175,0.57
2021-06-16 10:35:57,229.95,18,22039,117052,229.85,35175,0.57
2021-06-16 10:36:00,229.95,18,22037,117100,229.85,35175,0.57
2021-06-16 10:36:08,229.95,18,22037,117102,229.85,35175,0.57
2021-06-16 10:36:09,229.4,4,22037,117102,229.85,35175,0.33
2021-06-16 10:36:11,229.4,4,22040,117091,229.85,35200,0.33
2021-06-16 10:36:17,229.4,4,21965,117091,229.85,35200,0.33
2021-06-16 10:36:30,229.4,4,21966,117091,229.85,35200,0.33
2021-06-16 10:36:37,229.4,4,22516,117091,229.85,35200,0.33
2021-06-16 10:36:50,229.75,43,22516,117188,229.85,35200,0.48
2021-06-16 10:36:52,229.75,43,22525,117067,229.85,35300,0.48
2021-06-16 10:36:55,229.75,43,22518,117067,229.85,35300,0.48
2021-06-16 10:36:57,229.75,43,22520,117067,229.85,35300,0.48
2021-06-16 10:37:00,229.75,43,22631,117067,229.85,35300,0.48
2021-06-16 10:37:03,229.75,43,22637,117067,229.85,35300,0.48
2021-06-16 10:37:10,229.75,43,22638,117067,229.85,35300,0.48
2021-06-16 10:37:15,229.8,3,22638,117064,229.85,35303,0.5
2021-06-16 10:37:18,229.95,3,22551,116864,229.85,35403,0.57
2021-06-16 10:37:22,229.95,3,22554,116864,229.85,35403,0.57
2021-06-16 10:37:24,229.95,3,22555,116864,229.85,35403,0.57
2021-06-16 10:37:27,229.95,6,22555,116864,229.85,35403,0.57
2021-06-16 10:37:28,229.95,6,22609,116824,229.85,35449,0.57
2021-06-16 10:37:31,229.95,6,22610,116824,229.85,35449,0.57
2021-06-16 10:37:36,229.95,6,22710,116824,229.85,35449,0.57
2021-06-16 10:37:39,230.0,95,22624,116724,229.85,35549,0.59
2021-06-16 10:37:40,230.0,241,22624,116724,229.85,35549,0.59
2021-06-16 10:37:42,230.0,241,22917,116483,229.85,35790,0.59
2021-06-16 10:37:43,230.35,5,22917,116483,229.85,35790,0.74
2021-06-16 10:37:45,230.45,16,22917,116483,229.85,35790,0.79
2021-06-16 10:37:45,230.45,16,22877,116529,229.85,35813,0.79
2021-06-16 10:37:48,230.45,16,22879,116544,229.85,35813,0.79
2021-06-16 10:37:51,230.45,1,22879,116544,229.85,35813,0.79
2021-06-16 10:37:52,230.45,1,22856,116534,229.86,35909,0.79
2021-06-16 10:37:57,230.45,1,22864,116547,229.86,35909,0.79
2021-06-16 10:37:59,230.45,1,22875,116547,229.86,35909,0.79
2021-06-16 10:38:01,230.45,1,22875,116747,229.86,35909,0.79
2021-06-16 10:38:09,230.45,1,22870,116747,229.86,35909,0.79
2021-06-16 10:38:19,230.45,1,22870,116847,229.86,35909,0.79
2021-06-16 10:38:22,230.45,1,22870,116737,229.86,35909,0.79
2021-06-16 10:38:24,230.45,1,22870,116732,229.86,35909,0.79
2021-06-16 10:38:27,230.15,26,22795,116738,229.86,36009,0.66
2021-06-16 10:38:30,230.15,26,22795,116748,229.86,36009,0.66
2021-06-16 10:38:32,230.15,26,22796,116748,229.86,36009,0.66
2021-06-16 10:38:34,230.15,26,22783,116748,229.86,36009,0.66
2021-06-16 10:38:37,230.35,6,22783,116748,229.86,36009,0.74
2021-06-16 10:38:39,230.35,6,23819,116672,229.86,36041,0.74
2021-06-16 10:38:41,230.45,12,23828,116656,229.86,36057,0.79
2021-06-16 10:38:43,230.45,12,24132,116656,229.86,36057,0.79
2021-06-16 10:38:46,229.45,2,22615,117153,229.85,38303,0.35
2021-06-16 10:38:49,229.5,357,22615,117153,229.85,38303,0.37
2021-06-16 10:38:53,229.5,357,22422,117179,229.85,38803,0.37
2021-06-16 10:38:55,229.5,357,22424,117179,229.85,38803,0.37
2021-06-16 10:38:58,229.5,357,22924,116962,229.85,38803,0.37
2021-06-16 10:39:00,229.5,357,22924,117008,229.85,38803,0.37
2021-06-16 10:39:03,229.5,357,22931,117044,229.85,38803,0.37
2021-06-16 10:39:05,229.5,357,22932,117044,229.85,38803,0.37
2021-06-16 10:39:07,229.0,43,22932,117044,229.85,38803,0.15
2021-06-16 10:39:07,229.65,3,22932,117044,229.85,38803,0.44
2021-06-16 10:39:08,229.65,3,24657,116809,229.81,40822,0.44
2021-06-16 10:39:10,229.65,3,22473,116809,229.81,40822,0.44
2021-06-16 10:39:12,229.65,31,22473,116809,229.81,40822,0.44
2021-06-16 10:39:15,229.65,31,22389,116859,229.81,41019,0.44
2021-06-16 10:39:15,229.7,1,22389,116859,229.81,41081,0.46
2021-06-16 10:39:20,229.7,1,22377,116858,229.81,41082,0.46
2021-06-16 10:39:22,229.7,1,22381,116908,229.81,41082,0.46
2021-06-16 10:39:30,229.7,1,22395,116958,229.81,41082,0.46
2021-06-16 10:39:52,229.7,1,22645,116958,229.81,41082,0.46
2021-06-16 10:39:58,229.7,1,22645,116969,229.81,41082,0.46
2021-06-16 10:40:10,229.7,46,22645,116969,229.81,41082,0.46
2021-06-16 10:40:12,229.7,46,22639,116968,229.81,41128,0.46
2021-06-16 10:40:15,229.7,46,22634,117020,229.81,41128,0.46
2021-06-16 10:40:25,229.7,46,22682,117021,229.81,41128,0.46
2021-06-16 10:40:28,229.7,46,22682,116968,229.81,41128,0.46
2021-06-16 10:40:40,229.7,46,22684,117019,229.81,41128,0.46
2021-06-16 10:40:46,229.7,46,22682,117019,229.81,41128,0.46
2021-06-16 10:41:04,229.7,46,22631,116992,229.81,41128,0.46
2021-06-16 10:41:06,229.7,46,22633,116992,229.81,41128,0.46
2021-06-16 10:41:08,229.7,46,22638,116992,229.81,41128,0.46
2021-06-16 10:41:10,229.7,46,22636,116992,229.81,41128,0.46
2021-06-16 10:41:12,229.7,3,22636,116992,229.81,41128,0.46
2021-06-16 10:41:13,229.7,3,22640,116931,229.81,41138,0.46
2021-06-16 10:41:19,229.7,3,22642,116931,229.81,41138,0.46
2021-06-16 10:41:21,229.7,3,22643,116982,229.81,41138,0.46
2021-06-16 10:41:29,229.7,3,22644,116982,229.81,41138,0.46
2021-06-16 10:41:32,229.4,2,22644,116982,229.81,41138,0.33
2021-06-16 10:41:38,229.4,2,22641,116982,229.81,41140,0.33
2021-06-16 10:41:42,229.4,2,22642,116982,229.81,41140,0.33
2021-06-16 10:41:49,229.4,2,22643,116982,229.81,41140,0.33
2021-06-16 10:41:57,229.4,2,22644,116982,229.81,41140,0.33
2021-06-16 10:42:00,229.4,2,22624,116982,229.81,41140,0.33
2021-06-16 10:42:07,229.4,1,22624,116982,229.81,41140,0.33
2021-06-16 10:42:09,229.4,1,22605,116983,229.81,41150,0.33
2021-06-16 10:42:12,229.4,1,22603,116985,229.81,41150,0.33
2021-06-16 10:42:18,229.4,1,22623,116985,229.81,41150,0.33
2021-06-16 10:42:26,229.35,1,22623,116985,229.81,41150,0.31
2021-06-16 10:42:29,229.35,1,22616,117104,229.81,41238,0.31
2021-06-16 10:42:31,229.35,1,22617,117104,229.81,41238,0.31
2021-06-16 10:42:39,229.35,1,22618,117104,229.81,41238,0.31
2021-06-16 10:42:46,229.35,1,22619,117104,229.81,41238,0.31
2021-06-16 10:42:57,229.35,1,22620,117052,229.81,41238,0.31
2021-06-16 10:43:00,229.35,1,22621,117102,229.81,41238,0.31
2021-06-16 10:43:02,229.35,1,22622,117102,229.81,41238,0.31
2021-06-16 10:43:08,229.4,100,22622,117102,229.81,41238,0.33
2021-06-16 10:43:09,229.4,100,22622,117002,229.81,41338,0.33
2021-06-16 10:43:12,229.4,100,22625,117005,229.81,41338,0.33
2021-06-16 10:43:15,229.4,100,22626,116952,229.81,41338,0.33
2021-06-16 10:43:22,229.4,100,22625,116952,229.81,41338,0.33
2021-06-16 10:43:27,229.4,100,22632,116952,229.81,41338,0.33
2021-06-16 10:43:29,229.4,100,22591,116952,229.81,41338,0.33
2021-06-16 10:43:37,229.4,100,22591,117002,229.81,41338,0.33
2021-06-16 10:43:48,229.4,21,22591,117002,229.81,41338,0.33
2021-06-16 10:43:48,229.4,21,22593,116981,229.81,41359,0.33
2021-06-16 10:43:51,229.65,21,22593,116981,229.81,41359,0.44
2021-06-16 10:43:52,229.65,21,22590,116960,229.81,41380,0.44
2021-06-16 10:43:59,229.65,21,22588,116981,229.81,41380,0.44
2021-06-16 10:44:01,229.65,21,22587,116981,229.81,41380,0.44
2021-06-16 10:44:04,229.65,21,22575,116978,229.81,41380,0.44
2021-06-16 10:44:06,229.65,21,22570,116980,229.81,41380,0.44
2021-06-16 10:44:07,229.4,1,22570,116980,229.81,41380,0.33
2021-06-16 10:44:08,229.4,1,22570,116985,229.81,41405,0.33
2021-06-16 10:44:10,229.4,1,22586,116995,229.81,41405,0.33
2021-06-16 10:44:12,229.4,1,22587,116995,229.81,41405,0.33
2021-06-16 10:44:24,229.6,5,22587,116995,229.81,41405,0.42
2021-06-16 10:44:25,229.6,5,22587,116990,229.81,41410,0.42
2021-06-16 10:44:30,229.6,5,22570,117040,229.81,41410,0.42
2021-06-16 10:44:32,229.6,5,22571,117040,229.81,41410,0.42
2021-06-16 10:44:38,229.6,5,22619,117044,229.81,41410,0.42
2021-06-16 10:44:42,229.5,23,22619,117044,229.81,41410,0.37
2021-06-16 10:44:42,229.5,23,22609,117048,229.81,41458,0.37
2021-06-16 10:44:45,229.5,8,22605,117096,229.81,41466,0.37
2021-06-16 10:44:49,229.5,8,22605,117081,229.81,41466,0.37
2021-06-16 10:44:54,229.5,8,24605,116986,229.81,41466,0.37
2021-06-16 10:44:55,229.65,5,24605,116986,229.81,41466,0.44
2021-06-16 10:44:56,229.65,5,24600,117029,229.81,41471,0.44
2021-06-16 10:44:57,229.6,1,24600,117029,229.81,41471,0.42
2021-06-16 10:44:58,229.6,1,22601,117077,229.81,41472,0.42
2021-06-16 10:45:00,229.6,1,22606,117077,229.81,41472,0.42
2021-06-16 10:45:10,229.6,1,22620,117077,229.81,41472,0.42
2021-06-16 10:45:12,229.6,1,22600,117077,229.81,41472,0.42
2021-06-16 10:45:25,229.6,1,22681,117082,229.81,41472,0.42
2021-06-16 10:46:07,229.5,99,22681,117082,229.81,41472,0.37
2021-06-16 10:46:10,229.5,99,22586,117082,229.81,41572,0.37
2021-06-16 10:46:16,229.5,99,22587,117082,229.81,41572,0.37
2021-06-16 10:46:17,229.5,25,22587,117082,229.81,41572,0.37
2021-06-16 10:46:18,229.5,25,22581,117105,229.81,41598,0.37
2021-06-16 10:46:21,229.5,25,22600,117082,229.81,41598,0.37
2021-06-16 10:46:21,229.4,12,22600,117082,229.81,41598,0.33
2021-06-16 10:46:23,229.4,12,22587,117082,229.81,41610,0.33
2021-06-16 10:46:30,229.4,12,22589,117082,229.81,41610,0.33
2021-06-16 10:46:38,229.4,12,22590,117082,229.81,41610,0.33
2021-06-16 10:46:45,229.4,12,22591,117082,229.81,41610,0.33
2021-06-16 10:46:53,229.4,12,22572,117082,229.81,41610,0.33
2021-06-16 10:46:56,229.35,8,22572,117082,229.81,41610,0.31
2021-06-16 10:46:57,229.2,1,22570,117421,229.8,41729,0.24
2021-06-16 10:47:07,229.2,1,22584,117469,229.8,41729,0.24
2021-06-16 10:47:19,229.2,1,22564,117469,229.8,41729,0.24
2021-06-16 10:47:27,229.2,1,22563,117469,229.8,41729,0.24
2021-06-16 10:47:38,229.2,1,22558,117489,229.8,41729,0.24
2021-06-16 10:47:40,229.2,1,22557,117469,229.8,41731,0.24
2021-06-16 10:47:43,229.05,1,22557,117469,229.8,41731,0.17
2021-06-16 10:47:44,229.05,1,22538,117437,229.8,41815,0.17
2021-06-16 10:47:46,229.05,1,22539,117473,229.8,41815,0.17
2021-06-16 10:47:48,229.05,1,22540,117473,229.8,41815,0.17
2021-06-16 10:47:51,229.05,1,22540,117543,229.8,41815,0.17
2021-06-16 10:47:51,228.0,74,22540,117543,229.8,41815,-0.28
2021-06-16 10:47:53,228.0,74,22148,117504,229.79,42315,-0.28
2021-06-16 10:47:58,228.0,74,22161,117553,229.79,42315,-0.28
2021-06-16 10:47:59,228.3,1,22161,117553,229.79,42315,-0.15
2021-06-16 10:48:03,228.3,1,22162,117553,229.79,42316,-0.15
2021-06-16 10:48:05,228.3,1,22162,117573,229.79,42316,-0.15
2021-06-16 10:48:08,228.3,1,22163,117557,229.79,42316,-0.15
2021-06-16 10:48:10,228.3,1,22163,117832,229.79,42316,-0.15
2021-06-16 10:48:15,228.3,1,22172,117780,229.79,42316,-0.15
2021-06-16 10:48:18,228.3,1,22192,117833,229.79,42316,-0.15
2021-06-16 10:48:23,228.3,1,22193,117833,229.79,42316,-0.15
2021-06-16 10:48:24,228.7,5,22193,117833,229.79,42316,0.02
2021-06-16 10:48:25,228.7,5,22174,117929,229.79,42321,0.02
2021-06-16 10:48:28,228.7,5,22175,117929,229.79,42321,0.02
2021-06-16 10:48:33,228.7,5,22180,117924,229.79,42321,0.02
2021-06-16 10:48:35,228.7,5,22185,117924,229.79,42321,0.02
2021-06-16 10:48:37,228.7,5,22186,117924,229.79,42321,0.02
2021-06-16 10:48:43,228.7,5,22178,117929,229.79,42321,0.02
2021-06-16 10:48:51,228.7,5,22178,117979,229.79,42321,0.02
2021-06-16 10:48:53,228.7,5,22308,117979,229.79,42321,0.02
2021-06-16 10:48:57,228.7,5,22307,117979,229.79,42321,0.02
2021-06-16 10:49:04,228.7,5,22326,117979,229.79,42321,0.02
2021-06-16 10:49:10,228.7,5,22306,117979,229.79,42321,0.02
2021-06-16 10:49:17,228.7,5,22306,118079,229.79,42321,0.02
2021-06-16 10:49:21,228.7,35,22306,118079,229.79,42321,0.02
2021-06-16 10:49:23,228.7,35,22293,118044,229.78,42442,0.02
2021-06-16 10:49:25,228.7,35,22290,118044,229.78,42442,0.02
2021-06-16 10:49:27,228.7,35,22290,118049,229.78,42442,0.02
2021-06-16 10:49:30,228.65,4,22290,118049,229.78,42442,0.0
2021-06-16 10:49:31,228.65,4,22291,118045,229.78,42446,0.0
2021-06-16 10:49:33,228.65,4,22293,118045,229.78,42446,0.0
2021-06-16 10:49:39,228.65,4,22294,118045,229.78,42446,0.0
2021-06-16 10:49:40,228.7,85,22294,118045,229.78,42446,0.02
2021-06-16 10:49:40,228.7,85,22294,117942,229.78,42546,0.02
2021-06-16 10:49:45,228.7,15,22294,117942,229.78,42546,0.02
2021-06-16 10:49:46,228.7,15,22301,117959,229.78,42561,0.02
2021-06-16 10:49:51,228.8,1,22301,117959,229.78,42561,0.07
2021-06-16 10:49:52,228.8,1,22315,117960,229.78,42562,0.07
2021-06-16 10:49:58,228.8,1,22309,117960,229.78,42562,0.07
2021-06-16 10:50:00,228.8,1,22310,117958,229.78,42562,0.07
2021-06-16 10:50:07,228.8,1,22311,117963,229.78,42562,0.07
2021-06-16 10:50:15,228.8,1,22307,117963,229.78,42562,0.07
2021-06-16 10:50:21,228.8,1,22306,117963,229.78,42562,0.07
2021-06-16 10:50:33,229.35,53,25315,117861,229.78,42615,0.31
2021-06-16 10:50:34,229.25,16,25315,117861,229.78,42615,0.26
2021-06-16 10:50:34,229.25,16,25300,117877,229.78,42631,0.26
2021-06-16 10:50:36,229.1,3,25300,117877,229.78,42631,0.2
2021-06-16 10:50:37,229.1,3,22302,117855,229.78,42660,0.2
2021-06-16 10:50:39,229.1,3,22302,117913,229.78,42660,0.2
2021-06-16 10:50:42,229.1,3,22298,117903,229.78,42660,0.2
2021-06-16 10:50:42,229.1,17,22298,117903,229.78,42660,0.2
2021-06-16 10:50:44,229.1,17,22295,117934,229.78,42678,0.2
2021-06-16 10:50:48,228.9,1,22295,117934,229.78,42678,0.11
2021-06-16 10:50:48,228.9,1,22295,117897,229.78,42679,0.11
2021-06-16 10:50:50,228.9,1,22291,117898,229.78,42679,0.11
2021-06-16 10:50:53,229.0,92,22291,117898,229.78,42679,0.15
2021-06-16 10:50:54,229.0,92,22291,117867,229.78,42829,0.15
2021-06-16 10:50:59,229.0,92,22295,117917,229.78,42829,0.15
2021-06-16 10:51:04,229.0,92,22296,117969,229.78,42829,0.15
2021-06-16 10:51:10,228.95,5,22296,117969,229.78,42829,0.13
2021-06-16 10:51:11,228.95,5,22297,118064,229.78,42834,0.13
2021-06-16 10:51:18,228.95,5,22298,118138,229.78,42834,0.13
2021-06-16 10:51:23,228.95,5,22293,118138,229.78,42834,0.13
2021-06-16 10:51:36,228.45,2,22293,118138,229.78,42834,-0.09
2021-06-16 10:51:39,228.45,2,22282,118141,229.77,42884,-0.09
2021-06-16 10:51:45,228.45,2,22283,118141,229.77,42884,-0.09
2021-06-16 10:51:50,228.45,2,22183,118141,229.77,42884,-0.09
2021-06-16 10:51:51,228.7,7,22183,118141,229.77,42884,0.02
2021-06-16 10:51:52,228.7,7,22184,118134,229.77,42891,0.02
2021-06-16 10:51:58,228.7,7,22189,118134,229.77,42891,0.02
2021-06-16 10:52:00,228.05,20,22079,118093,229.77,42991,-0.26
2021-06-16 10:52:03,228.05,20,22079,118145,229.77,42991,-0.26
2021-06-16 10:52:05,228.05,20,22081,118145,229.77,42991,-0.26
2021-06-16 10:52:07,228.05,20,22082,118145,229.77,42991,-0.26
2021-06-16 10:52:15,228.05,20,22092,118093,229.77,42991,-0.26
2021-06-16 10:52:18,228.05,20,22267,118142,229.77,42991,-0.26
2021-06-16 10:52:20,228.05,20,22268,118142,229.77,42991,-0.26
2021-06-16 10:52:27,228.05,20,22269,118142,229.77,42991,-0.26
2021-06-16 10:52:38,228.05,20,22279,118142,229.77,42991,-0.26
2021-06-16 10:52:41,228.05,20,22270,118142,229.77,42991,-0.26
2021-06-16 10:52:42,228.35,1,22270,118142,229.77,42991,-0.13
2021-06-16 10:52:43,228.35,1,22266,118062,229.77,43021,-0.13
2021-06-16 10:52:45,228.35,1,22267,118436,229.77,43021,-0.13
2021-06-16 10:52:54,228.35,1,22272,118436,229.77,43021,-0.13
2021-06-16 10:52:55,228.0,168,22272,118436,229.77,43021,-0.28
2021-06-16 10:52:57,228.0,168,22090,118433,229.76,43221,-0.28
2021-06-16 10:53:03,228.0,168,22092,118433,229.76,43221,-0.28
2021-06-16 10:53:07,228.2,2,21587,118384,229.74,43746,-0.2
2021-06-16 10:53:07,228.35,35,21587,118384,229.74,43746,-0.13
2021-06-16 10:53:12,228.35,35,21620,118380,229.73,43840,-0.13
2021-06-16 10:53:14,228.35,35,21623,118380,229.73,43840,-0.13
2021-06-16 10:53:16,228.4,1,21623,118380,229.73,43840,-0.11
2021-06-16 10:53:16,228.4,1,21625,118379,229.73,43841,-0.11
2021-06-16 10:53:19,228.4,1,21626,118379,229.73,43841,-0.11
2021-06-16 10:53:20,228.9,3,21626,118379,229.73,43841,0.11
2021-06-16 10:53:21,228.95,1,21648,118316,229.73,43858,0.13
2021-06-16 10:53:22,228.55,3,21648,118316,229.73,43858,-0.04
2021-06-16 10:53:24,228.55,3,21704,118352,229.73,44052,-0.04
2021-06-16 10:53:26,228.55,4,21705,118351,229.73,44065,-0.04
2021-06-16 10:53:33,228.55,4,21750,118351,229.73,44065,-0.04
2021-06-16 10:53:37,228.55,4,21751,118351,229.73,44065,-0.04
2021-06-16 10:53:42,228.6,1,21751,118351,229.73,44066,-0.02
2021-06-16 10:53:47,228.6,1,21752,118351,229.73,44066,-0.02
2021-06-16 10:53:48,228.85,3,21752,118351,229.73,44066,0.09
2021-06-16 10:53:49,228.85,3,21799,118370,229.73,44069,0.09
2021-06-16 10:53:51,228.85,3,21801,118370,229.73,44069,0.09
2021-06-16 10:53:54,228.85,3,21803,118372,229.73,44069,0.09
2021-06-16 10:53:57,228.85,2,21803,118322,229.73,44069,0.09
2021-06-16 10:53:58,228.85,2,21945,118471,229.72,44215,0.09
2021-06-16 10:54:05,228.85,2,21948,118491,229.72,44215,0.09
2021-06-16 10:54:07,228.85,2,21905,118633,229.72,44215,0.09
2021-06-16 10:54:11,228.85,2,21948,118479,229.72,44215,0.09
2021-06-16 10:54:13,228.85,2,21949,118479,229.72,44215,0.09
2021-06-16 10:54:19,228.85,2,22100,118479,229.72,44215,0.09
2021-06-16 10:54:21,228.85,2,22100,118499,229.72,44215,0.09
2021-06-16 10:54:44,228.85,2,22100,118599,229.72,44215,0.09
2021-06-16 10:54:48,228.85,2,22100,118651,229.72,44215,0.09
2021-06-16 10:54:59,228.85,2,22200,118651,229.72,44215,0.09
2021-06-16 10:55:11,228.85,2,22300,118628,229.72,44215,0.09
2021-06-16 10:55:12,228.65,12,22300,118628,229.72,44215,0.0
2021-06-16 10:55:17,228.65,12,22295,118816,229.72,44227,0.0
2021-06-16 10:55:22,228.65,12,22438,118632,229.72,44227,0.0
2021-06-16 10:55:27,228.65,12,22446,118632,229.72,44227,0.0
2021-06-16 10:55:44,228.65,12,22396,118832,229.72,44227,0.0
2021-06-16 10:56:20,228.65,12,22446,118832,229.72,44227,0.0
2021-06-16 10:56:36,228.65,12,22546,118852,229.72,44227,0.0
2021-06-16 10:56:52,228.65,12,22403,118852,229.72,44227,0.0
2021-06-16 10:57:04,228.35,10,22403,118852,229.72,44227,-0.13
2021-06-16 10:57:06,228.35,10,22436,118832,229.72,44237,-0.13
2021-06-16 10:57:12,228.25,2,22436,118832,229.72,44237,-0.17
2021-06-16 10:57:13,228.25,2,22430,118875,229.72,44245,-0.17
2021-06-16 10:57:14,228.0,52,22430,118875,229.72,44245,-0.28
2021-06-16 10:57:16,228.0,52,22379,118883,229.72,44305,-0.28
2021-06-16 10:57:19,228.05,2,22379,118883,229.72,44305,-0.26
2021-06-16 10:57:20,228.05,2,22370,118873,229.72,44315,-0.26
2021-06-16 10:57:21,228.0,42,22370,118873,229.72,44315,-0.28
2021-06-16 10:57:22,228.0,42,22335,118831,229.72,44357,-0.28
2021-06-16 10:57:29,228.0,42,22340,118804,229.72,44357,-0.28
2021-06-16 10:57:32,228.0,42,22341,118804,229.72,44357,-0.28
2021-06-16 10:57:34,228.0,42,22342,118804,229.72,44357,-0.28
2021-06-16 10:57:45,228.0,42,22342,118801,229.72,44357,-0.28
2021-06-16 10:57:48,228.0,42,22342,118851,229.72,44357,-0.28
2021-06-16 10:57:51,228.0,42,22343,118851,229.72,44357,-0.28
2021-06-16 10:57:56,228.0,42,22339,118851,229.72,44357,-0.28
2021-06-16 10:58:09,227.1,41,22339,118851,229.72,44357,-0.68
2021-06-16 10:58:11,227.85,1,21892,118802,229.69,44858,-0.35
2021-06-16 10:58:13,227.85,1,21891,118802,229.69,44858,-0.35
2021-06-16 10:58:19,227.7,1,21891,118802,229.69,44858,-0.42
2021-06-16 10:58:21,227.7,1,21899,118854,229.69,44859,-0.42
2021-06-16 10:58:24,227.7,1,21900,118854,229.69,44859,-0.42
2021-06-16 10:58:27,227.7,1,21900,118856,229.69,44859,-0.42
2021-06-16 10:58:34,227.7,1,21899,118855,229.69,44859,-0.42
2021-06-16 10:58:39,227.7,1,21900,118855,229.69,44859,-0.42
2021-06-16 10:58:41,227.1,4,21862,118891,229.69,44997,-0.68
2021-06-16 10:58:42,227.2,1,21862,118891,229.69,44997,-0.63
2021-06-16 10:58:43,227.4,1,21863,120326,229.69,45003,-0.55
2021-06-16 10:58:46,227.4,1,21868,120326,229.69,45003,-0.55
2021-06-16 10:58:49,227.1,13,21868,120326,229.69,45003,-0.68
2021-06-16 10:58:50,227.1,13,21865,120326,229.69,45022,-0.68
2021-06-16 10:58:52,227.1,13,21860,120326,229.69,45022,-0.68
2021-06-16 10:58:53,227.1,83,21860,120326,229.69,45022,-0.68
2021-06-16 10:58:55,227.1,83,21767,120233,229.68,45110,-0.68
2021-06-16 10:58:56,227.2,1,21767,120233,229.68,45110,-0.63
2021-06-16 10:58:57,227.2,2,21767,120233,229.68,45110,-0.63
2021-06-16 10:58:58,227.2,1,21789,120187,229.68,45160,-0.63
2021-06-16 10:58:59,227.1,7,21789,120187,229.68,45160,-0.68
2021-06-16 10:59:00,227.1,7,21777,120236,229.68,45186,-0.68
2021-06-16 10:59:02,227.4,1,21777,120236,229.68,45186,-0.55
2021-06-16 10:59:03,227.55,1,21780,120286,229.68,45189,-0.48
2021-06-16 10:59:08,227.55,1,21783,120287,229.68,45189,-0.48
2021-06-16 10:59:10,227.55,1,21783,120087,229.68,45189,-0.48
2021-06-16 10:59:19,227.55,1,21784,120087,229.68,45189,-0.48
2021-06-16 10:59:21,227.55,1,21784,120187,229.68,45189,-0.48
2021-06-16 10:59:23,227.55,1,21764,120187,229.68,45189,-0.48
2021-06-16 10:59:33,227.55,1,21864,120187,229.68,45189,-0.48
2021-06-16 10:59:39,227.55,1,21864,120407,229.68,45189,-0.48
2021-06-16 10:59:40,227.45,1,21864,120407,229.68,45189,-0.52
2021-06-16 10:59:47,227.45,1,21863,120407,229.68,45191,-0.52
2021-06-16 10:59:59,227.0,25,21682,120405,229.67,45391,-0.72
2021-06-16 11:00:01,227.3,24,21676,120405,229.67,45391,-0.59
2021-06-16 11:00:04,227.3,24,21684,120407,229.66,45423,-0.59
2021-06-16 11:00:07,227.3,24,21696,120379,229.66,45423,-0.59
2021-06-16 11:00:08,227.0,1,21696,120379,229.66,45423,-0.72
2021-06-16 11:00:11,227.25,3,21695,120379,229.66,45424,-0.61
2021-06-16 11:00:12,227.0,1,21695,120379,229.66,45424,-0.72
2021-06-16 11:00:12,227.0,1,21694,120376,229.66,45428,-0.72
2021-06-16 11:00:17,227.0,1,21686,120376,229.66,45428,-0.72
2021-06-16 11:00:21,227.5,2,21686,120376,229.66,45428,-0.5
2021-06-16 11:00:22,227.5,2,21733,120323,229.66,45528,-0.5
2021-06-16 11:00:22,226.7,3,21733,120323,229.66,45528,-0.85
2021-06-16 11:00:23,226.5,1,21733,120323,229.66,45528,-0.94
2021-06-16 11:00:24,226.4,1,21733,120323,229.66,45528,-0.98
2021-06-16 11:00:24,226.4,1,20620,120331,229.58,46508,-0.98
2021-06-16 11:00:28,226.2,1,20620,120331,229.58,46508,-1.07
2021-06-16 11:00:29,226.2,1,20636,120331,229.58,46510,-1.07
2021-06-16 11:00:31,226.4,4,20637,120332,229.58,46515,-0.98
2021-06-16 11:00:32,226.4,1,20637,120332,229.58,46515,-0.98
2021-06-16 11:00:35,226.4,1,20736,120391,229.58,46516,-0.98
2021-06-16 11:00:36,226.65,1,20736,120391,229.58,46516,-0.87
2021-06-16 11:00:37,226.65,1,20743,120334,229.58,46518,-0.87
2021-06-16 11:00:43,226.4,1,20743,120334,229.58,46518,-0.98
2021-06-16 11:00:44,226.4,1,20843,120334,229.58,46519,-0.98
2021-06-16 11:00:46,226.4,1,20844,120383,229.58,46519,-0.98
2021-06-16 11:00:49,226.4,1,20844,120341,229.58,46519,-0.98
2021-06-16 11:00:52,226.4,1,20848,120296,229.58,46519,-0.98
2021-06-16 11:00:57,226.4,1,20950,120296,229.58,46519,-0.98
2021-06-16 11:00:57,226.4,16,20950,120296,229.58,46519,-0.98
2021-06-16 11:00:59,226.4,16,20899,120072,229.56,46739,-0.98
2021-06-16 11:01:02,226.4,16,20898,120072,229.56,46739,-0.98
2021-06-16 11:01:04,226.4,16,21001,120076,229.56,46739,-0.98
2021-06-16 11:01:07,226.4,16,21054,120084,229.56,46739,-0.98
2021-06-16 11:01:09,226.4,16,21051,120084,229.56,46739,-0.98
2021-06-16 11:01:12,226.4,16,21055,120080,229.56,46739,-0.98
2021-06-16 11:01:14,226.4,16,21052,120076,229.56,46739,-0.98
2021-06-16 11:01:17,226.4,16,21252,120081,229.56,46739,-0.98
2021-06-16 11:01:18,227.95,2,21252,120081,229.56,46739,-0.31
2021-06-16 11:01:19,227.95,2,21251,120075,229.56,46789,-0.31
2021-06-16 11:01:24,227.95,2,21256,120078,229.56,46789,-0.31
2021-06-16 11:01:26,227.95,2,21257,120068,229.56,46789,-0.31
2021-06-16 11:01:27,227.85,1,21257,120068,229.56,46789,-0.35
2021-06-16 11:01:28,227.85,1,21257,120067,229.56,46790,-0.35
2021-06-16 11:01:31,227.85,1,21257,120077,229.56,46790,-0.35
2021-06-16 11:01:36,227.85,1,21258,120077,229.56,46790,-0.35
2021-06-16 11:01:38,227.85,1,21258,120128,229.56,46790,-0.35
2021-06-16 11:01:40,227.85,1,21549,120125,229.56,46790,-0.35
2021-06-16 11:01:42,227.35,1,21549,120125,229.56,46790,-0.57
2021-06-16 11:01:43,227.35,1,21555,120301,229.56,46791,-0.57
2021-06-16 11:01:43,227.35,5,21555,120301,229.56,46791,-0.57
2021-06-16 11:01:45,227.35,5,21555,120307,229.56,46796,-0.57
2021-06-16 11:01:48,227.35,5,21556,120307,229.56,46796,-0.57
2021-06-16 11:01:52,227.35,5,21556,120607,229.56,46796,-0.57
2021-06-16 11:01:55,227.35,5,21556,120707,229.56,46796,-0.57
2021-06-16 11:01:58,227.35,5,21566,120707,229.56,46796,-0.57
2021-06-16 11:02:00,227.35,5,21566,120407,229.56,46796,-0.57
2021-06-16 11:02:09,227.35,5,21563,120407,229.56,46796,-0.57
2021-06-16 11:02:13,227.35,5,21563,120396,229.56,46796,-0.57
2021-06-16 11:02:16,227.35,5,21562,120396,229.56,46796,-0.57
2021-06-16 11:02:19,227.35,1,21562,120396,229.56,46796,-0.57
2021-06-16 11:02:24,227.35,1,21561,120396,229.56,46797,-0.57
2021-06-16 11:02:25,227.35,1,21611,120396,229.56,46797,-0.57
2021-06-16 11:02:30,227.35,1,21612,120301,229.56,46797,-0.57
2021-06-16 11:02:33,227.35,1,21612,120306,229.56,46797,-0.57
2021-06-16 11:02:35,227.35,1,21962,120306,229.56,46797,-0.57
2021-06-16 11:02:37,227.35,1,21961,120306,229.56,46797,-0.57
2021-06-16 11:02:37,227.65,1,21961,120306,229.56,46797,-0.44
2021-06-16 11:02:39,227.65,1,21962,120300,229.56,46800,-0.44
2021-06-16 11:02:42,227.65,1,21962,120252,229.56,46800,-0.44
2021-06-16 11:02:43,227.65,1,21963,120305,229.56,46800,-0.44
2021-06-16 11:02:46,227.75,2,21963,120301,229.56,46802,-0.39
2021-06-16 11:02:49,227.3,2,21963,120301,229.56,46802,-0.59
2021-06-16 11:02:51,227.3,2,21961,120204,229.56,46818,-0.59
2021-06-16 11:02:54,227.3,2,21961,120209,229.56,46818,-0.59
2021-06-16 11:02:59,227.0,1,21961,120209,229.56,46818,-0.72
2021-06-16 11:03:00,226.6,1,21961,120209,229.56,46818,-0.9
2021-06-16 11:03:00,226.6,1,21944,120170,229.56,46826,-0.9
2021-06-16 11:03:01,227.65,1,21944,120170,229.56,46826,-0.44
2021-06-16 11:03:03,227.65,1,22924,120148,229.56,46848,-0.44
2021-06-16 11:03:04,227.65,1,22979,120148,229.56,46848,-0.44
2021-06-16 11:03:07,227.65,1,22975,120148,229.56,46848,-0.44
2021-06-16 11:03:09,227.65,1,22977,120148,229.56,46848,-0.44
2021-06-16 11:03:11,227.65,1,22978,120148,229.56,46848,-0.44
2021-06-16 11:03:13,227.65,1,23080,120164,229.56,46848,-0.44
2021-06-16 11:03:16,227.65,1,23080,120564,229.56,46848,-0.44
2021-06-16 11:03:16,227.35,8,23080,120564,229.56,46848,-0.57
2021-06-16 11:03:19,227.35,8,23119,120583,229.56,46871,-0.57
2021-06-16 11:03:21,227.35,20,23124,120513,229.55,46891,-0.57
2021-06-16 11:03:23,227.3,2,23124,120513,229.55,46891,-0.59
2021-06-16 11:03:24,227.3,2,23122,120513,229.55,46893,-0.59
2021-06-16 11:03:24,227.35,5,23122,120513,229.55,46893,-0.57
2021-06-16 11:03:26,227.35,2,23150,120508,229.55,46898,-0.57
2021-06-16 11:03:28,227.35,2,23146,120506,229.55,46900,-0.57
2021-06-16 11:03:30,227.3,46,23098,120504,229.55,46948,-0.59
2021-06-16 11:03:37,227.3,46,23153,120504,229.55,46948,-0.59
2021-06-16 11:03:39,227.3,46,23138,120555,229.55,46948,-0.59
2021-06-16 11:03:48,227.3,46,23138,120557,229.55,46948,-0.59
2021-06-16 11:03:54,227.3,46,23138,120504,229.55,46948,-0.59
2021-06-16 11:03:57,227.3,46,23138,120572,229.55,46948,-0.59
2021-06-16 11:04:01,227.3,46,22638,120572,229.55,46948,-0.59
2021-06-16 11:04:07,227.3,46,22606,120572,229.55,46948,-0.59
2021-06-16 11:04:09,227.65,10,22606,120572,229.55,46948,-0.44
2021-06-16 11:04:10,227.65,10,22316,120562,229.55,46958,-0.44
2021-06-16 11:04:16,227.65,10,22318,120562,229.55,46958,-0.44
2021-06-16 11:04:34,227.65,10,22318,120582,229.55,46958,-0.44
2021-06-16 11:04:36,227.3,32,22318,120582,229.55,46958,-0.59
2021-06-16 11:04:37,227.3,32,22283,120581,229.55,47005,-0.59
2021-06-16 11:04:39,227.3,32,22283,120567,229.55,47005,-0.59
2021-06-16 11:04:42,227.3,32,22256,120567,229.55,47005,-0.59
2021-06-16 11:04:46,227.3,1,22256,120567,229.55,47005,-0.59
2021-06-16 11:04:47,227.3,1,21856,120565,229.53,47405,-0.59
2021-06-16 11:04:49,227.65,9,21921,120524,229.53,47505,-0.44
2021-06-16 11:04:51,227.65,9,21945,120524,229.53,47505,-0.44
2021-06-16 11:04:55,227.65,9,21927,120532,229.53,47505,-0.44
2021-06-16 11:04:56,227.55,1,21927,120532,229.53,47505,-0.48
2021-06-16 11:04:57,227.55,1,22037,120532,229.53,47506,-0.48
2021-06-16 11:05:03,227.55,1,22042,120532,229.53,47506,-0.48
2021-06-16 11:05:09,227.55,1,22042,120585,229.53,47506,-0.48
2021-06-16 11:05:11,227.55,1,22043,120585,229.53,47506,-0.48
2021-06-16 11:05:12,227.55,2,22043,120585,229.53,47506,-0.48
2021-06-16 11:05:13,227.55,2,22042,120585,229.52,47577,-0.48
2021-06-16 11:05:18,227.55,2,22037,120585,229.52,47577,-0.48
2021-06-16 11:05:19,227.55,21,22025,120539,229.52,47638,-0.48
2021-06-16 11:05:21,227.5,25,22025,120539,229.52,47638,-0.5
2021-06-16 11:05:21,227.5,2,22025,120539,229.52,47638,-0.5
2021-06-16 11:05:22,227.5,2,21953,120510,229.51,47773,-0.5
2021-06-16 11:05:28,227.5,2,21948,120512,229.51,47773,-0.5
2021-06-16 11:05:33,227.5,2,21955,120516,229.51,47773,-0.5
2021-06-16 11:05:37,227.5,2,21956,120515,229.51,47773,-0.5
2021-06-16 11:05:40,227.5,2,21957,120515,229.51,47773,-0.5
2021-06-16 11:05:41,227.55,2,21957,120515,229.51,47773,-0.48
2021-06-16 11:05:42,227.55,2,21956,120513,229.51,47775,-0.48
2021-06-16 11:05:43,227.1,62,21956,120513,229.51,47775,-0.68
2021-06-16 11:05:44,227.1,62,21780,120513,229.51,47981,-0.68
2021-06-16 11:05:45,227.35,1,21780,120513,229.51,47981,-0.57
2021-06-16 11:05:47,227.35,1,21796,120488,229.5,47998,-0.57
2021-06-16 11:05:57,227.35,1,21797,120488,229.5,47998,-0.57
2021-06-16 11:06:00,227.35,1,21789,120488,229.5,47998,-0.57
2021-06-16 11:06:04,227.35,3,21789,120488,229.5,47998,-0.57
2021-06-16 11:06:06,227.35,3,21789,120485,229.5,48001,-0.57
2021-06-16 11:06:13,227.35,3,21840,120485,229.5,48001,-0.57
2021-06-16 11:06:19,227.35,3,21841,120485,229.5,48001,-0.57
2021-06-16 11:06:27,227.35,3,21842,120485,229.5,48001,-0.57
2021-06-16 11:06:31,227.35,1,21842,120485,229.5,48001,-0.57
2021-06-16 11:06:32,227.35,1,22339,120499,229.5,48002,-0.57
2021-06-16 11:06:37,227.35,1,22364,120499,229.5,48002,-0.57
2021-06-16 11:06:39,227.35,1,22364,120451,229.5,48002,-0.57
2021-06-16 11:06:42,227.35,1,22367,120493,229.5,48002,-0.57
2021-06-16 11:06:47,227.35,1,22351,120431,229.5,48002,-0.57
2021-06-16 11:06:49,227.35,1,22354,120431,229.5,48002,-0.57
2021-06-16 11:06:52,227.35,1,22354,120483,229.5,48002,-0.57
2021-06-16 11:06:56,227.35,1,22353,120431,229.5,48002,-0.57
2021-06-16 11:06:58,227.35,1,22353,120480,229.5,48002,-0.57
2021-06-16 11:07:03,227.35,1,22352,120480,229.5,48002,-0.57
2021-06-16 11:07:20,227.35,1,22327,120480,229.5,48002,-0.57
2021-06-16 11:07:25,227.35,1,22328,120480,229.5,48002,-0.57
2021-06-16 11:07:27,227.35,1,22328,120780,229.5,48002,-0.57
2021-06-16 11:07:30,227.35,1,22330,120780,229.5,48002,-0.57
2021-06-16 11:07:31,227.65,1,22330,120780,229.5,48002,-0.44
2021-06-16 11:07:32,227.65,1,22329,120779,229.5,48003,-0.44
2021-06-16 11:07:37,227.65,1,22323,120779,229.5,48003,-0.44
2021-06-16 11:07:53,227.65,1,22323,120774,229.5,48003,-0.44
2021-06-16 11:08:07,227.65,1,22323,120884,229.5,48003,-0.44
2021-06-16 11:08:13,227.65,1,22323,120864,229.5,48003,-0.44
2021-06-16 11:08:34,227.65,1,22323,120564,229.5,48003,-0.44
2021-06-16 11:08:43,227.65,1,22323,120539,229.5,48003,-0.44
2021-06-16 11:09:34,227.55,1,22323,120538,229.5,48004,-0.48
2021-06-16 11:09:43,227.55,1,22326,120538,229.5,48004,-0.48
2021-06-16 11:09:51,227.55,1,22327,120538,229.5,48004,-0.48
2021-06-16 11:09:55,227.5,1,22327,120538,229.5,48004,-0.5
2021-06-16 11:09:57,227.5,1,22327,120537,229.5,48005,-0.5
2021-06-16 11:10:00,227.35,10,22327,120537,229.5,48005,-0.57
2021-06-16 11:10:01,227.35,10,22317,120537,229.5,48015,-0.57
2021-06-16 11:10:03,227.35,10,22318,120537,229.5,48015,-0.57
2021-06-16 11:10:12,227.35,10,22320,120537,229.5,48015,-0.57
2021-06-16 11:10:22,227.35,10,23320,120537,229.5,48015,-0.57
2021-06-16 11:11:10,227.35,10,23320,120587,229.5,48015,-0.57
2021-06-16 11:11:10,227.35,5,23320,120587,229.5,48015,-0.57
2021-06-16 11:11:12,227.35,5,23314,120586,229.5,48020,-0.57
2021-06-16 11:11:19,227.35,5,23324,120586,229.5,48020,-0.57
2021-06-16 11:11:21,227.65,1,23323,120585,229.5,48021,-0.44
2021-06-16 11:11:23,227.65,1,23323,120685,229.5,48021,-0.44
2021-06-16 11:11:27,227.65,1,23324,120685,229.5,48021,-0.44
2021-06-16 11:11:31,227.65,1,23344,120685,229.5,48021,-0.44
2021-06-16 11:11:37,227.65,1,23343,120685,229.5,48021,-0.44
2021-06-16 11:11:40,227.65,1,23343,120687,229.5,48021,-0.44
2021-06-16 11:11:42,227.65,1,23344,120687,229.5,48021,-0.44
2021-06-16 11:11:46,227.65,2,23344,120687,229.5,48021,-0.44
2021-06-16 11:11:47,227.65,2,23343,120685,229.5,48023,-0.44
2021-06-16 11:11:49,227.65,2,23342,120685,229.5,48023,-0.44
2021-06-16 11:11:54,227.65,2,23322,120685,229.5,48023,-0.44
2021-06-16 11:12:21,227.65,9,23322,120685,229.5,48023,-0.44
2021-06-16 11:12:23,227.65,9,23288,120663,229.5,48044,-0.44
2021-06-16 11:12:27,227.65,9,23289,120663,229.5,48044,-0.44
2021-06-16 11:12:31,227.65,9,23287,120663,229.5,48044,-0.44
2021-06-16 11:12:39,227.65,9,23286,120663,229.5,48044,-0.44
2021-06-16 11:12:42,227.65,9,23286,120667,229.5,48044,-0.44
2021-06-16 11:12:45,227.65,9,23287,120662,229.5,48044,-0.44
2021-06-16 11:12:46,227.5,2,23287,120662,229.5,48044,-0.5
2021-06-16 11:12:48,227.5,2,23266,120678,229.5,48094,-0.5
2021-06-16 11:12:52,227.5,2,23263,120678,229.5,48094,-0.5
2021-06-16 11:12:54,227.5,2,23283,120618,229.5,48094,-0.5
2021-06-16 11:13:07,227.65,16,23283,120618,229.5,48094,-0.44
2021-06-16 11:13:09,227.95,1,23283,120618,229.5,48094,-0.31
2021-06-16 11:13:09,227.95,1,23368,120611,229.5,48111,-0.31
2021-06-16 11:13:15,227.65,25,23370,120611,229.5,48111,-0.44
2021-06-16 11:13:16,227.65,25,23345,120596,229.5,48136,-0.44
2021-06-16 11:13:20,227.65,25,23347,120596,229.5,48136,-0.44
2021-06-16 11:13:22,227.65,25,23350,120586,229.5,48136,-0.44
2021-06-16 11:13:24,227.65,25,23350,120596,229.5,48136,-0.44
2021-06-16 11:13:27,227.65,25,23352,120596,229.5,48136,-0.44
2021-06-16 11:13:28,227.65,25,23352,120586,229.5,48136,-0.44
2021-06-16 11:13:34,227.65,25,23358,120596,229.5,48136,-0.44
2021-06-16 11:13:45,227.65,5,23358,120596,229.5,48136,-0.44
2021-06-16 11:13:46,227.65,5,23353,120581,229.5,48141,-0.44
2021-06-16 11:13:52,227.65,6,23353,120581,229.5,48141,-0.44
2021-06-16 11:13:54,227.65,6,23294,120674,229.5,48203,-0.44
2021-06-16 11:13:55,227.65,6,23286,120684,229.5,48203,-0.44
2021-06-16 11:13:59,227.65,6,23286,120689,229.5,48203,-0.44
2021-06-16 11:14:04,227.65,6,23287,120689,229.5,48203,-0.44
2021-06-16 11:14:09,227.65,6,23288,120670,229.5,48203,-0.44
2021-06-16 11:14:11,227.65,6,23288,120684,229.5,48203,-0.44
2021-06-16 11:14:16,227.65,6,23294,120684,229.5,48203,-0.44
2021-06-16 11:14:43,227.65,6,23294,120670,229.5,48203,-0.44
2021-06-16 11:14:57,227.6,1,23294,120670,229.5,48203,-0.46
2021-06-16 11:15:04,227.6,1,23295,120622,229.49,48252,-0.46
2021-06-16 11:15:06,227.6,1,23294,120622,229.49,48260,-0.46
2021-06-16 11:15:09,227.6,1,23295,120722,229.49,48260,-0.46
2021-06-16 11:15:12,227.6,1,23289,120752,229.49,48260,-0.46
2021-06-16 11:15:13,227.6,3,23289,120752,229.49,48260,-0.46
2021-06-16 11:15:14,227.6,3,23285,120729,229.49,48281,-0.46
2021-06-16 11:15:18,227.25,6,23279,120729,229.49,48287,-0.61
2021-06-16 11:15:20,227.25,6,23277,120729,229.49,48287,-0.61
2021-06-16 11:15:26,227.25,6,23278,120729,229.49,48287,-0.61
2021-06-16 11:15:34,227.05,39,23278,120729,229.49,48287,-0.7
2021-06-16 11:15:34,227.05,39,23176,120741,229.49,48387,-0.7
2021-06-16 11:15:37,227.05,39,23178,120740,229.49,48387,-0.7
2021-06-16 11:15:41,227.05,39,23180,120740,229.49,48387,-0.7
2021-06-16 11:15:47,227.05,39,23205,120740,229.49,48387,-0.7
2021-06-16 11:15:49,227.05,39,23225,120740,229.49,48387,-0.7
2021-06-16 11:15:53,227.05,39,23226,120740,229.49,48387,-0.7
2021-06-16 11:15:55,227.05,39,23257,120740,229.49,48387,-0.7
2021-06-16 11:16:01,227.05,39,23237,120670,229.49,48387,-0.7
2021-06-16 11:16:25,227.05,39,23287,120780,229.49,48387,-0.7
2021-06-16 11:16:28,227.05,39,23337,120780,229.49,48387,-0.7
2021-06-16 11:16:34,227.05,6,23337,120780,229.49,48387,-0.7
2021-06-16 11:16:36,227.05,6,23267,120671,229.48,48497,-0.7
2021-06-16 11:16:37,227.05,6,23257,120671,229.48,48497,-0.7
2021-06-16 11:16:44,227.05,6,23259,120671,229.48,48497,-0.7
2021-06-16 11:16:48,227.05,6,23259,120696,229.48,48497,-0.7
2021-06-16 11:16:50,227.05,6,23284,120696,229.48,48497,-0.7
2021-06-16 11:16:57,227.05,6,23285,120696,229.48,48497,-0.7
2021-06-16 11:17:02,227.05,6,23286,120696,229.48,48497,-0.7
2021-06-16 11:17:04,227.05,6,23290,120696,229.48,48497,-0.7
2021-06-16 11:17:51,227.05,1,23290,120696,229.48,48497,-0.7
2021-06-16 11:17:52,227.05,1,23288,120856,229.48,48515,-0.7
2021-06-16 11:17:56,227.05,1,23259,120907,229.48,48515,-0.7
2021-06-16 11:17:57,227.05,1,23258,120906,229.48,48516,-0.7
2021-06-16 11:17:59,227.05,1,23258,120855,229.48,48516,-0.7
2021-06-16 11:18:01,227.05,1,23278,120908,229.48,48516,-0.7
2021-06-16 11:18:08,227.05,1,23453,120908,229.48,48516,-0.7
2021-06-16 11:18:11,227.05,1,23453,120904,229.48,48516,-0.7
2021-06-16 11:18:15,227.05,1,23453,120855,229.48,48516,-0.7
2021-06-16 11:18:20,227.05,1,23433,120905,229.48,48516,-0.7
2021-06-16 11:18:52,227.05,1,23453,120905,229.48,48516,-0.7
2021-06-16 11:18:54,227.05,6,23453,120905,229.48,48516,-0.7
2021-06-16 11:18:55,227.05,1,23453,120908,229.48,48523,-0.7
2021-06-16 11:19:00,227.05,4,23453,120908,229.48,48523,-0.7
2021-06-16 11:19:01,227.05,4,23950,120893,229.48,48527,-0.7
2021-06-16 11:19:03,227.05,4,23975,120893,229.48,48527,-0.7
2021-06-16 11:19:04,227.05,4,23976,120893,229.48,48527,-0.7
2021-06-16 11:19:07,227.05,4,23976,120895,229.48,48527,-0.7
2021-06-16 11:19:10,227.05,4,24001,120895,229.48,48527,-0.7
2021-06-16 11:19:12,227.05,4,24001,120844,229.48,48527,-0.7
2021-06-16 11:19:25,227.6,17,24023,120814,229.48,48577,-0.46
2021-06-16 11:19:27,227.6,17,24031,120883,229.48,48577,-0.46
2021-06-16 11:19:30,227.6,17,24032,120883,229.48,48577,-0.46
2021-06-16 11:19:31,227.35,1,24032,120883,229.48,48577,-0.57
2021-06-16 11:19:32,227.35,1,24031,120883,229.48,48578,-0.57
2021-06-16 11:19:37,227.6,8,24031,120883,229.48,48578,-0.46
2021-06-16 11:19:37,227.35,1,24006,120875,229.48,48587,-0.57
2021-06-16 11:19:39,227.35,1,24006,120860,229.48,48587,-0.57
2021-06-16 11:19:44,227.35,1,24009,120860,229.48,48587,-0.57
2021-06-16 11:19:48,227.35,1,24000,120860,229.48,48587,-0.57
2021-06-16 11:19:51,227.35,1,23998,120860,229.48,48587,-0.57
2021-06-16 11:19:58,227.35,1,23973,120860,229.48,48587,-0.57
2021-06-16 11:20:02,227.35,1,23973,120454,229.48,48587,-0.57
2021-06-16 11:20:16,227.35,1,23973,120445,229.48,48587,-0.57
2021-06-16 11:20:19,227.35,1,23984,120449,229.48,48587,-0.57
2021-06-16 11:20:27,227.55,1,24035,120444,229.48,48588,-0.48
2021-06-16 11:20:29,227.55,1,24035,120895,229.48,48588,-0.48
2021-06-16 11:20:34,227.5,35,23983,120844,229.48,48639,-0.5
2021-06-16 11:20:38,227.5,35,24085,120844,229.48,48639,-0.5
2021-06-16 11:20:42,227.5,35,24184,120844,229.48,48639,-0.5
2021-06-16 11:20:46,227.5,13,24184,120844,229.48,48639,-0.5
2021-06-16 11:20:48,227.5,13,24182,120831,229.48,48652,-0.5
2021-06-16 11:21:06,227.5,2,24182,120831,229.48,48652,-0.5
2021-06-16 11:21:07,227.5,2,24182,120830,229.48,48654,-0.5
2021-06-16 11:21:19,227.5,2,24187,120830,229.48,48654,-0.5
2021-06-16 11:21:30,227.5,2,24237,120830,229.48,48654,-0.5
2021-06-16 11:21:32,227.5,2,24247,120830,229.48,48654,-0.5
2021-06-16 11:22:01,227.5,13,24247,120830,229.48,48654,-0.5
2021-06-16 11:22:02,227.5,13,24295,120817,229.48,48667,-0.5
2021-06-16 11:22:06,227.5,13,24240,120817,229.48,48667,-0.5
2021-06-16 11:22:24,227.5,13,24240,120818,229.48,48667,-0.5
2021-06-16 11:22:43,227.5,13,24240,120968,229.48,48667,-0.5
2021-06-16 11:22:48,227.5,2,24240,120968,229.48,48667,-0.5
2021-06-16 11:22:49,227.5,2,24240,120966,229.48,48669,-0.5
2021-06-16 11:22:52,227.15,34,24240,120966,229.48,48669,-0.66
2021-06-16 11:22:55,227.15,34,24297,120984,229.47,48719,-0.66
2021-06-16 11:23:01,227.15,34,24298,120984,229.47,48719,-0.66
2021-06-16 11:23:07,227.15,34,24323,120984,229.47,48719,-0.66
2021-06-16 11:23:12,227.15,34,24323,120934,229.47,48719,-0.66
2021-06-16 11:23:14,227.15,34,24323,120983,229.47,48719,-0.66
2021-06-16 11:23:20,227.15,34,24323,120883,229.47,48719,-0.66
2021-06-16 11:23:26,227.15,34,24369,120883,229.47,48719,-0.66
2021-06-16 11:23:33,227.45,10,24369,120883,229.47,48719,-0.52
2021-06-16 11:23:34,227.45,10,24469,120873,229.47,48729,-0.52
2021-06-16 11:23:37,227.45,10,24670,120873,229.47,48729,-0.52
2021-06-16 11:23:39,227.45,10,24671,120873,229.47,48729,-0.52
2021-06-16 11:23:42,227.45,10,24671,120898,229.47,48729,-0.52
2021-06-16 11:23:44,227.45,10,24672,120898,229.47,48729,-0.52
2021-06-16 11:23:48,227.45,10,24674,120898,229.47,48729,-0.52
2021-06-16 11:23:50,227.45,10,24649,120898,229.47,48729,-0.52
2021-06-16 11:24:09,227.45,10,24649,120854,229.47,48729,-0.52
2021-06-16 11:24:17,227.5,7,24647,120841,229.47,48742,-0.5
2021-06-16 11:24:19,227.5,7,24623,120841,229.47,48742,-0.5
2021-06-16 11:24:24,227.5,7,24624,120841,229.47,48742,-0.5
2021-06-16 11:24:33,227.5,7,24649,120841,229.47,48742,-0.5
2021-06-16 11:24:36,227.5,7,24649,120840,229.47,48742,-0.5
2021-06-16 11:24:39,227.5,7,24675,120840,229.47,48742,-0.5
2021-06-16 11:24:48,227.5,7,24675,120890,229.47,48742,-0.5
2021-06-16 11:24:52,227.5,7,24675,120947,229.47,48742,-0.5
2021-06-16 11:24:54,227.5,7,24676,120947,229.47,48742,-0.5
2021-06-16 11:24:56,227.5,2,24676,120947,229.47,48742,-0.5
2021-06-16 11:24:57,227.5,2,24675,120948,229.47,48744,-0.5
2021-06-16 11:25:01,227.5,2,24622,120948,229.47,48744,-0.5
2021-06-16 11:25:07,227.5,2,24648,120948,229.47,48744,-0.5
2021-06-16 11:25:15,227.5,2,24649,120948,229.47,48744,-0.5
2021-06-16 11:25:20,227.5,2,24659,120948,229.47,48744,-0.5
2021-06-16 11:25:22,227.5,2,24685,120948,229.47,48744,-0.5
2021-06-16 11:25:34,227.5,2,24695,120948,229.47,48744,-0.5
2021-06-16 11:25:36,227.5,9,24695,120939,229.47,48753,-0.5
2021-06-16 11:25:43,227.5,9,24696,120939,229.47,48753,-0.5
2021-06-16 11:25:48,227.5,9,24706,120939,229.47,48753,-0.5
2021-06-16 11:25:49,227.5,9,24716,120939,229.47,48753,-0.5
2021-06-16 11:26:06,227.5,100,24716,120791,229.47,48853,-0.5
2021-06-16 11:26:07,227.5,100,24719,120791,229.47,48853,-0.5
2021-06-16 11:26:09,227.5,100,24719,120844,229.47,48853,-0.5
2021-06-16 11:26:12,227.5,2,24719,120844,229.47,48853,-0.5
2021-06-16 11:26:13,227.5,2,24719,120842,229.47,48855,-0.5
2021-06-16 11:26:19,227.5,2,24720,120842,229.47,48855,-0.5
2021-06-16 11:27:06,227.5,2,24720,120844,229.47,48855,-0.5
2021-06-16 11:27:08,227.5,2,24719,120842,229.47,48857,-0.5
2021-06-16 11:27:26,227.5,25,24719,120842,229.47,48857,-0.5
2021-06-16 11:27:27,227.5,25,24663,120817,229.47,48882,-0.5
2021-06-16 11:27:29,227.5,25,24663,120818,229.47,48882,-0.5
2021-06-16 11:27:34,227.5,25,24688,120818,229.47,48882,-0.5
2021-06-16 11:27:41,227.5,1,24688,120818,229.47,48882,-0.5
2021-06-16 11:27:42,227.5,1,24688,120817,229.47,48883,-0.5
2021-06-16 11:27:46,227.5,1,24688,121227,229.47,48883,-0.5
2021-06-16 11:27:48,227.5,1,24662,121227,229.47,48883,-0.5
2021-06-16 11:27:55,227.5,1,24662,120827,229.47,48883,-0.5
2021-06-16 11:28:54,227.5,1,24663,120827,229.47,48883,-0.5
2021-06-16 11:29:27,227.5,1,24664,120827,229.47,48883,-0.5
2021-06-16 11:29:35,227.5,100,24664,120827,229.47,48883,-0.5
2021-06-16 11:29:36,227.5,100,24664,120727,229.46,48983,-0.5
2021-06-16 11:29:43,227.5,100,24667,120727,229.46,48983,-0.5
2021-06-16 11:29:46,227.1,8,24667,120727,229.46,48983,-0.68
2021-06-16 11:29:47,227.1,8,24653,120740,229.46,49033,-0.68
2021-06-16 11:29:53,227.1,8,24655,120798,229.46,49033,-0.68
2021-06-16 11:30:01,227.1,8,24680,120798,229.46,49033,-0.68
2021-06-16 11:30:09,227.1,8,24681,120798,229.46,49033,-0.68
2021-06-16 11:30:17,227.2,1,24681,120798,229.46,49033,-0.63
2021-06-16 11:30:35,227.2,1,24681,120797,229.46,49034,-0.63
2021-06-16 11:30:39,227.45,16,24681,120797,229.46,49034,-0.52
2021-06-16 11:30:39,227.45,16,24767,120781,229.46,49050,-0.52
2021-06-16 11:30:42,227.45,16,24770,120781,229.46,49050,-0.52
2021-06-16 11:30:43,227.45,16,24797,120781,229.46,49050,-0.52
2021-06-16 11:30:49,227.45,16,24799,120781,229.46,49050,-0.52
2021-06-16 11:31:01,227.45,16,24774,120781,229.46,49050,-0.52
2021-06-16 11:31:06,227.45,16,24784,120728,229.46,49050,-0.52
2021-06-16 11:31:08,227.45,16,24784,120778,229.46,49050,-0.52
2021-06-16 11:31:10,227.45,16,24844,120778,229.46,49050,-0.52
2021-06-16 11:31:13,227.45,16,24845,120728,229.46,49050,-0.52
2021-06-16 11:31:15,227.45,16,24845,120780,229.46,49050,-0.52
2021-06-16 11:31:16,227.5,5,24845,120780,229.46,49050,-0.5
2021-06-16 11:31:18,227.5,5,24844,120775,229.46,49055,-0.5
2021-06-16 11:31:23,227.45,1,24844,120775,229.46,49055,-0.52
2021-06-16 11:31:31,227.45,1,24844,120775,229.46,49056,-0.52
2021-06-16 11:31:39,227.45,1,24843,120775,229.46,49056,-0.52
2021-06-16 11:32:01,227.45,35,24843,120775,229.46,49056,-0.52
2021-06-16 11:32:03,227.45,35,24808,120775,229.46,49091,-0.52
2021-06-16 11:32:06,227.5,4,24808,120775,229.46,49091,-0.5
2021-06-16 11:32:07,227.5,4,24809,120771,229.46,49095,-0.5
2021-06-16 11:32:09,227.45,50,24809,120771,229.46,49095,-0.52
2021-06-16 11:32:09,227.45,50,24711,120673,229.45,49193,-0.52
2021-06-16 11:32:12,227.45,50,24712,120673,229.45,49193,-0.52
2021-06-16 11:32:13,227.45,50,24715,120673,229.45,49193,-0.52
2021-06-16 11:32:51,227.5,1,24715,120673,229.45,49193,-0.5
2021-06-16 11:32:52,227.5,1,24714,120672,229.45,49194,-0.5
2021-06-16 11:32:58,227.5,25,24714,120672,229.45,49194,-0.5
2021-06-16 11:32:58,227.5,7,24705,120639,229.45,49227,-0.5
2021-06-16 11:33:03,227.5,7,24695,120639,229.45,49227,-0.5
2021-06-16 11:33:14,227.5,7,24795,120639,229.45,49227,-0.5
2021-06-16 11:33:31,227.5,55,24795,120639,229.45,49227,-0.5
2021-06-16 11:33:33,227.5,55,24895,120488,229.45,49377,-0.5
2021-06-16 11:33:39,227.5,55,24900,120488,229.45,49377,-0.5
2021-06-16 11:33:46,227.5,55,24904,120488,229.45,49377,-0.5
2021-06-16 11:33:53,227.5,55,24909,120488,229.45,49377,-0.5
2021-06-16 11:34:00,227.5,55,24910,120488,229.45,49377,-0.5
2021-06-16 11:34:03,227.5,55,24910,120498,229.45,49377,-0.5
2021-06-16 11:34:16,227.5,55,26910,120447,229.45,49377,-0.5
2021-06-16 11:34:17,227.5,55,24909,120499,229.45,49377,-0.5
2021-06-16 11:34:19,227.65,30,24909,120499,229.45,49377,-0.44
2021-06-16 11:34:21,227.65,30,24827,120409,229.44,49464,-0.44
2021-06-16 11:34:27,227.65,30,24832,120409,229.44,49464,-0.44
2021-06-16 11:34:32,227.65,30,24829,120409,229.44,49464,-0.44
2021-06-16 11:34:33,227.65,30,24830,120409,229.44,49464,-0.44
2021-06-16 11:34:40,227.65,30,24826,120412,229.44,49464,-0.44
2021-06-16 11:34:48,227.65,30,24822,120412,229.44,49464,-0.44
2021-06-16 11:34:55,227.65,30,24823,120412,229.44,49464,-0.44
2021-06-16 11:35:02,228.0,677,24819,120412,229.44,49464,-0.28
2021-06-16 11:35:04,228.0,677,24806,119732,229.42,50227,-0.28
2021-06-16 11:35:06,227.8,1,24806,119732,229.42,50227,-0.37
2021-06-16 11:35:07,227.8,1,24825,119732,229.42,50228,-0.37
2021-06-16 11:35:09,227.8,1,24824,119732,229.42,50228,-0.37
2021-06-16 11:35:13,227.8,1,24874,119732,229.42,50228,-0.37
2021-06-16 11:35:19,227.8,1,24875,119731,229.42,50228,-0.37
2021-06-16 11:35:22,227.8,1,24874,119731,229.42,50228,-0.37
2021-06-16 11:35:26,228.0,36,24874,119731,229.42,50228,-0.28
2021-06-16 11:35:28,228.0,36,24871,119695,229.42,50264,-0.28
2021-06-16 11:35:28,227.75,4,24871,119695,229.42,50264,-0.39
2021-06-16 11:35:29,227.75,4,24847,119480,229.41,50497,-0.39
2021-06-16 11:35:30,227.75,4,24845,119481,229.41,50497,-0.39
2021-06-16 11:35:32,227.1,56,24651,119486,229.4,50787,-0.68
2021-06-16 11:35:38,227.45,10,24651,119486,229.4,50787,-0.52
2021-06-16 11:35:40,227.45,10,24675,119482,229.4,50817,-0.52
2021-06-16 11:35:43,227.45,10,24773,119532,229.4,50817,-0.52
2021-06-16 11:35:45,227.45,10,24775,119532,229.4,50817,-0.52
2021-06-16 11:35:54,227.45,10,24782,119532,229.4,50817,-0.52
2021-06-16 11:35:58,227.45,10,24805,119532,229.4,50817,-0.52
2021-06-16 11:36:08,227.15,45,24668,119358,229.39,50994,-0.66
2021-06-16 11:36:12,227.15,45,24670,119358,229.39,50994,-0.66
2021-06-16 11:36:19,227.15,45,24693,119358,229.39,50994,-0.66
2021-06-16 11:36:27,227.15,45,24695,119358,229.39,50994,-0.66
2021-06-16 11:36:30,227.15,45,24716,119358,229.39,50994,-0.66
2021-06-16 11:36:42,227.15,45,24741,119358,229.39,50994,-0.66
2021-06-16 11:37:06,227.15,45,24741,119354,229.39,50994,-0.66
2021-06-16 11:37:08,227.15,45,24742,119354,229.39,50994,-0.66
2021-06-16 11:37:16,227.15,45,24740,119354,229.39,50994,-0.66
2021-06-16 11:37:27,227.15,45,24765,119354,229.39,50994,-0.66
2021-06-16 11:37:29,227.15,45,24766,119357,229.39,50994,-0.66
2021-06-16 11:37:31,227.35,1,24765,119369,229.39,50995,-0.57
2021-06-16 11:37:34,227.35,1,24765,119357,229.39,50995,-0.57
2021-06-16 11:37:42,227.35,1,24743,119357,229.39,50995,-0.57
2021-06-16 11:37:48,227.35,1,24741,119357,229.39,50995,-0.57
2021-06-16 11:37:51,227.15,1,24741,119357,229.39,50995,-0.66
2021-06-16 11:37:51,227.15,1,24687,119354,229.39,51085,-0.66
2021-06-16 11:37:54,227.15,1,24789,119359,229.39,51085,-0.66
2021-06-16 11:37:57,227.15,1,24795,119359,229.39,51085,-0.66
2021-06-16 11:38:02,227.15,1,24792,119359,229.39,51085,-0.66
2021-06-16 11:38:04,227.15,1,24797,119359,229.39,51085,-0.66
2021-06-16 11:38:08,227.15,1,24797,119365,229.39,51085,-0.66
2021-06-16 11:38:09,227.15,1,24799,119365,229.39,51085,-0.66
2021-06-16 11:38:13,227.15,1,24800,119365,229.39,51085,-0.66
2021-06-16 11:38:21,227.15,1,24802,119365,229.39,51085,-0.66
2021-06-16 11:38:27,227.15,1,24827,119365,229.39,51085,-0.66
2021-06-16 11:38:31,227.15,1,24867,119365,229.39,51085,-0.66
2021-06-16 11:38:40,227.15,1,24892,119365,229.39,51085,-0.66
2021-06-16 11:38:52,227.95,26,24892,119365,229.39,51085,-0.31
2021-06-16 11:38:54,227.95,26,24853,119281,229.39,51185,-0.31
2021-06-16 11:39:00,227.9,2,24853,119281,229.39,51185,-0.33
2021-06-16 11:39:00,227.9,2,24857,119279,229.39,51187,-0.33
2021-06-16 11:39:02,227.9,2,24858,119279,229.39,51187,-0.33
2021-06-16 11:39:06,227.4,2,24858,119279,229.39,51187,-0.55
2021-06-16 11:39:07,227.4,2,24852,119771,229.38,51250,-0.55
2021-06-16 11:39:11,227.4,2,24853,119820,229.38,51250,-0.55
2021-06-16 11:39:12,227.1,357,24853,119820,229.38,51250,-0.68
2021-06-16 11:39:13,227.1,357,24466,119284,229.36,51737,-0.68
2021-06-16 11:39:18,227.1,357,24479,119333,229.36,51737,-0.68
2021-06-16 11:39:20,227.1,357,24482,119333,229.36,51737,-0.68
2021-06-16 11:39:27,227.1,357,24483,119333,229.36,51737,-0.68
2021-06-16 11:39:34,227.1,357,24509,119333,229.36,51737,-0.68
2021-06-16 11:39:47,227.1,357,24509,119433,229.36,51737,-0.68
2021-06-16 11:40:10,227.1,357,24674,119433,229.36,51737,-0.68
2021-06-16 11:40:22,227.1,357,24774,119433,229.36,51737,-0.68
2021-06-16 11:40:25,227.6,1,24774,119433,229.36,51737,-0.46
2021-06-16 11:40:26,227.6,1,24807,119384,229.36,51787,-0.46
2021-06-16 11:40:34,227.6,1,24814,119384,229.36,51787,-0.46
2021-06-16 11:40:36,227.7,15,24814,119384,229.36,51787,-0.42
2021-06-16 11:40:38,227.7,15,24779,119368,229.36,51818,-0.42
2021-06-16 11:40:41,227.75,2,24779,119368,229.36,51818,-0.39
2021-06-16 11:40:42,227.75,2,24779,119369,229.36,51820,-0.39
2021-06-16 11:40:44,227.75,2,24781,119369,229.36,51820,-0.39
2021-06-16 11:40:48,227.75,2,24757,119401,229.36,51820,-0.39
2021-06-16 11:40:50,227.8,83,24748,119401,229.36,51903,-0.37
2021-06-16 11:40:52,227.8,83,24741,119401,229.36,51903,-0.37
2021-06-16 11:40:54,227.8,83,24741,119563,229.36,51903,-0.37
2021-06-16 11:40:58,227.8,83,24742,119563,229.36,51903,-0.37
2021-06-16 11:41:03,227.8,83,24642,119563,229.36,51903,-0.37
2021-06-16 11:41:07,227.8,83,24643,119563,229.36,51903,-0.37
2021-06-16 11:41:13,227.8,83,24644,119563,229.36,51903,-0.37
2021-06-16 11:41:18,227.75,10,24689,119671,229.36,51921,-0.39
2021-06-16 11:41:19,227.75,10,24137,119671,229.36,51921,-0.39
2021-06-16 11:41:29,227.75,2,24137,119671,229.36,51921,-0.39
2021-06-16 11:41:30,227.75,2,24137,119703,229.35,52021,-0.39
2021-06-16 11:41:33,227.75,2,24200,119703,229.35,52021,-0.39
2021-06-16 11:41:34,227.75,2,24202,119703,229.35,52021,-0.39
2021-06-16 11:41:38,227.75,2,24201,119708,229.35,52021,-0.39
2021-06-16 11:41:46,227.8,3,24201,119708,229.35,52021,-0.37
2021-06-16 11:41:46,227.8,3,24178,119658,229.35,52071,-0.37
2021-06-16 11:41:48,227.8,3,24181,119658,229.35,52071,-0.37
2021-06-16 11:41:52,227.8,3,24182,119658,229.35,52071,-0.37
2021-06-16 11:41:57,227.8,3,24195,119658,229.35,52071,-0.37
2021-06-16 11:42:09,227.8,3,24197,119658,229.35,52071,-0.37
2021-06-16 11:42:15,227.8,3,24196,119658,229.35,52071,-0.37
2021-06-16 11:42:22,227.8,3,24194,119658,229.35,52071,-0.37
2021-06-16 11:42:27,227.8,3,24194,120158,229.35,52071,-0.37
2021-06-16 11:42:48,227.8,3,24194,120159,229.35,52071,-0.37
2021-06-16 11:42:51,227.8,25,24191,120134,229.35,52096,-0.37
2021-06-16 11:43:07,227.35,2,24156,120197,229.35,52196,-0.57
2021-06-16 11:43:12,227.35,2,24164,120205,229.35,52196,-0.57
2021-06-16 11:43:44,227.35,2,24264,120207,229.35,52196,-0.57
2021-06-16 11:43:46,227.9,43,24264,120207,229.35,52196,-0.33
2021-06-16 11:43:47,227.9,43,24334,120057,229.34,52396,-0.33
2021-06-16 11:43:51,227.9,43,24314,120057,229.34,52396,-0.33
2021-06-16 11:43:58,227.9,43,24359,120057,229.34,52396,-0.33
2021-06-16 11:44:01,227.9,43,24373,120057,229.34,52396,-0.33
2021-06-16 11:44:03,227.9,43,24372,120057,229.34,52396,-0.33
2021-06-16 11:44:07,227.9,43,24376,120057,229.34,52396,-0.33
2021-06-16 11:44:32,227.9,43,24271,120057,229.34,52396,-0.33
2021-06-16 11:44:42,227.9,43,24273,120057,229.34,52396,-0.33
2021-06-16 11:44:48,227.9,43,24270,120057,229.34,52396,-0.33
2021-06-16 11:44:51,227.9,43,24267,120057,229.34,52396,-0.33
2021-06-16 11:44:55,227.9,43,25270,120057,229.34,52396,-0.33
2021-06-16 11:44:57,227.85,4,25270,120057,229.34,52396,-0.35
2021-06-16 11:44:58,227.85,4,25261,120073,229.34,52416,-0.35
2021-06-16 11:45:01,227.9,47,25261,120073,229.34,52416,-0.33
2021-06-16 11:45:03,227.9,47,25256,120059,229.34,52463,-0.33
2021-06-16 11:45:04,227.9,47,25242,120059,229.34,52463,-0.33
2021-06-16 11:45:07,227.8,27,25203,120075,229.34,52490,-0.37
2021-06-16 11:45:09,227.8,27,25207,120075,229.34,52490,-0.37
2021-06-16 11:45:10,227.8,27,25216,120391,229.34,52490,-0.37
2021-06-16 11:45:12,227.8,27,25213,120391,229.34,52490,-0.37
2021-06-16 11:45:18,227.8,27,25265,120391,229.34,52490,-0.37
2021-06-16 11:45:25,227.8,27,25267,120441,229.34,52490,-0.37
2021-06-16 11:45:31,227.8,27,25237,120441,229.34,52490,-0.37
2021-06-16 11:45:37,227.95,50,25237,120441,229.34,52490,-0.31
2021-06-16 11:45:43,227.95,5,25237,120441,229.34,52490,-0.31
2021-06-16 11:45:45,227.95,5,25239,120386,229.34,52545,-0.31
2021-06-16 11:45:46,227.95,6,25239,120386,229.34,52545,-0.31
2021-06-16 11:45:46,227.95,6,25238,120380,229.34,52551,-0.31
2021-06-16 11:45:51,227.95,11,25238,120380,229.34,52551,-0.31
2021-06-16 11:45:52,227.95,11,25235,120369,229.34,52562,-0.31
2021-06-16 11:45:54,227.95,11,25177,120369,229.34,52562,-0.31
2021-06-16 11:46:01,227.95,2,25177,120369,229.34,52562,-0.31
2021-06-16 11:46:01,227.95,2,25180,120367,229.34,52564,-0.31
2021-06-16 11:46:07,227.95,2,25332,120367,229.34,52564,-0.31
2021-06-16 11:46:39,227.95,2,25354,120368,229.34,52564,-0.31
2021-06-16 11:46:56,227.95,100,25354,120368,229.34,52564,-0.31
2021-06-16 11:46:57,227.95,100,25254,120268,229.33,52664,-0.31
2021-06-16 11:47:11,227.95,100,25257,120268,229.33,52664,-0.31
2021-06-16 11:47:16,227.95,25,25257,120268,229.33,52664,-0.31
2021-06-16 11:47:18,227.95,25,25197,120243,229.33,52689,-0.31
2021-06-16 11:47:23,227.95,25,25249,120243,229.33,52689,-0.31
2021-06-16 11:47:31,227.95,25,25251,120243,229.33,52689,-0.31
2021-06-16 11:47:38,227.95,25,25252,120243,229.33,52689,-0.31
2021-06-16 11:47:39,227.95,25,25252,120443,229.33,52689,-0.31
2021-06-16 11:47:46,227.95,40,25252,120443,229.33,52689,-0.31
2021-06-16 11:47:48,227.95,40,25252,120403,229.33,52729,-0.31
2021-06-16 11:47:54,227.95,40,25255,120403,229.33,52729,-0.31
2021-06-16 11:47:57,227.95,40,25253,120403,229.33,52729,-0.31
2021-06-16 11:48:03,227.95,40,25256,120443,229.33,52729,-0.31
2021-06-16 11:48:06,227.95,10,25254,120433,229.33,52739,-0.31
2021-06-16 11:48:14,227.95,10,25197,120433,229.33,52739,-0.31
2021-06-16 11:48:16,227.95,10,25197,120483,229.33,52739,-0.31
2021-06-16 11:48:19,227.95,10,25249,120908,229.33,52739,-0.31
2021-06-16 11:48:26,227.95,20,25249,120908,229.33,52739,-0.31
2021-06-16 11:48:27,227.95,20,25251,120888,229.33,52759,-0.31
2021-06-16 11:48:34,227.95,20,25256,120888,229.33,52759,-0.31
2021-06-16 11:48:37,227.95,20,25253,120888,229.33,52759,-0.31
2021-06-16 11:48:42,227.95,20,25257,120888,229.33,52759,-0.31
2021-06-16 11:48:46,227.95,5,25256,120883,229.33,52764,-0.31
2021-06-16 11:48:48,227.95,5,25197,120883,229.33,52764,-0.31
2021-06-16 11:48:55,227.95,5,25248,120883,229.33,52764,-0.31
2021-06-16 11:49:03,227.95,5,25250,120713,229.33,52764,-0.31
2021-06-16 11:49:10,227.95,5,25251,120713,229.33,52764,-0.31
2021-06-16 11:49:12,227.95,5,25255,120713,229.33,52764,-0.31
2021-06-16 11:49:42,227.95,5,25155,120713,229.33,52764,-0.31
2021-06-16 11:49:43,227.8,1,25154,120713,229.33,52765,-0.37
2021-06-16 11:49:48,227.8,1,25155,120713,229.33,52765,-0.37
2021-06-16 11:49:58,227.75,41,25136,120738,229.33,52897,-0.39
2021-06-16 11:50:05,227.75,41,25142,120746,229.33,52897,-0.39
2021-06-16 11:50:13,227.75,41,25141,120746,229.33,52897,-0.39
2021-06-16 11:51:26,227.95,32,25141,120746,229.33,52897,-0.31
2021-06-16 11:51:28,227.95,32,25137,120714,229.33,52929,-0.31
2021-06-16 11:51:29,227.95,32,25132,120714,229.33,52929,-0.31
2021-06-16 11:51:36,227.95,32,25134,120714,229.33,52929,-0.31
2021-06-16 11:51:42,227.95,32,25134,120614,229.33,52929,-0.31
2021-06-16 11:51:43,227.95,32,25183,120614,229.33,52929,-0.31
2021-06-16 11:51:47,227.95,32,25183,120814,229.33,52929,-0.31
2021-06-16 11:51:50,227.95,32,25185,120814,229.33,52929,-0.31
2021-06-16 11:52:00,227.95,32,25285,120814,229.33,52929,-0.31
2021-06-16 11:52:01,227.95,32,25284,120814,229.33,52929,-0.31
2021-06-16 11:52:03,227.95,32,25284,121314,229.33,52929,-0.31
2021-06-16 11:52:06,227.85,50,25284,121314,229.33,52929,-0.35
2021-06-16 11:52:07,227.85,50,25232,121318,229.32,52979,-0.35
2021-06-16 11:52:09,227.85,50,25238,121293,229.32,52979,-0.35
2021-06-16 11:52:13,227.85,50,25240,121293,229.32,52979,-0.35
2021-06-16 11:52:16,227.85,50,24890,121293,229.32,52979,-0.35
2021-06-16 11:52:18,227.85,50,24888,121293,229.32,52979,-0.35
2021-06-16 11:52:18,227.75,340,24888,121293,229.32,52979,-0.39
2021-06-16 11:52:19,227.75,340,24513,121293,229.31,53379,-0.39
2021-06-16 11:52:23,227.75,340,24463,121293,229.31,53379,-0.39
2021-06-16 11:52:25,227.75,340,24514,121293,229.31,53379,-0.39
2021-06-16 11:52:28,227.75,340,24514,136295,229.31,53379,-0.39
2021-06-16 11:52:36,227.75,340,24534,136295,229.31,53379,-0.39
2021-06-16 11:52:37,227.75,340,24484,136295,229.31,53379,-0.39
2021-06-16 11:52:47,227.75,50,24484,136295,229.31,53379,-0.39
2021-06-16 11:52:48,227.75,50,24434,136295,229.31,53429,-0.39
2021-06-16 11:52:52,227.75,50,24434,136305,229.31,53429,-0.39
2021-06-16 11:53:05,227.75,50,24444,136305,229.31,53429,-0.39
2021-06-16 11:53:12,227.75,50,24464,136305,229.31,53429,-0.39
2021-06-16 11:53:14,227.95,15,24464,136305,229.31,53429,-0.31
2021-06-16 11:53:15,227.95,15,24464,136280,229.31,53454,-0.31
2021-06-16 11:53:16,227.95,15,24474,136280,229.31,53454,-0.31
2021-06-16 11:53:18,227.95,15,24473,136280,229.31,53454,-0.31
2021-06-16 11:53:24,227.95,15,24425,136280,229.31,53454,-0.31
2021-06-16 11:53:25,227.95,15,24476,136280,229.31,53454,-0.31
2021-06-16 11:53:27,227.95,15,24476,136180,229.31,53454,-0.31
2021-06-16 11:53:33,227.95,15,24501,136180,229.31,53454,-0.31
2021-06-16 11:54:00,227.95,15,24504,136180,229.31,53454,-0.31
2021-06-16 11:54:05,227.75,170,24504,136180,229.31,53454,-0.39
2021-06-16 11:54:06,227.75,170,23734,136180,229.28,54454,-0.39
2021-06-16 11:54:09,227.75,170,23710,136180,229.28,54454,-0.39
2021-06-16 11:54:37,227.85,8,23710,136180,229.28,54454,-0.35
2021-06-16 11:54:48,227.85,8,23718,136175,229.28,54462,-0.35
2021-06-16 11:55:04,227.85,8,23708,136175,229.28,54462,-0.35
2021-06-16 11:55:31,227.85,8,23759,136519,229.28,54462,-0.35
2021-06-16 11:55:33,227.85,8,23708,136519,229.28,54462,-0.35
2021-06-16 11:55:34,227.85,8,23760,136719,229.28,54462,-0.35
2021-06-16 11:55:41,227.85,8,23708,136719,229.28,54462,-0.35
2021-06-16 11:56:02,227.85,8,23757,136719,229.28,54462,-0.35
2021-06-16 11:56:07,227.4,6,23737,136705,229.28,54482,-0.55
2021-06-16 11:56:19,227.4,6,23736,136705,229.28,54482,-0.55
2021-06-16 11:56:28,227.4,6,23733,136705,229.28,54482,-0.55
2021-06-16 11:56:39,227.4,6,23685,136705,229.28,54482,-0.55
2021-06-16 11:56:46,227.4,6,23738,136705,229.28,54482,-0.55
2021-06-16 11:56:54,227.4,6,23708,136705,229.28,54482,-0.55
2021-06-16 11:57:19,227.0,141,23708,136705,229.28,54482,-0.72
2021-06-16 11:57:20,227.0,141,23375,136709,229.27,54882,-0.72
2021-06-16 11:57:21,227.25,48,23375,136709,229.27,54882,-0.61
2021-06-16 11:57:22,227.25,48,23391,136697,229.26,54942,-0.61
2021-06-16 11:57:29,227.05,1,23391,136697,229.26,54942,-0.7
2021-06-16 11:57:30,227.05,1,23391,136697,229.26,54943,-0.7
2021-06-16 11:57:31,227.05,1,23380,136697,229.26,54943,-0.7
2021-06-16 11:57:41,227.05,1,23400,136697,229.26,54943,-0.7
2021-06-16 11:57:50,227.05,1,23413,136697,229.26,54943,-0.7
2021-06-16 11:57:53,227.05,1,23413,136707,229.26,54943,-0.7
2021-06-16 11:57:58,227.05,1,23393,136707,229.26,54943,-0.7
2021-06-16 11:58:06,227.05,1,23492,136707,229.26,54943,-0.7
2021-06-16 11:58:07,227.7,5,23492,136707,229.26,54943,-0.42
2021-06-16 11:58:08,227.7,5,23485,136707,229.26,54956,-0.42
2021-06-16 11:58:13,227.7,5,23487,136707,229.26,54956,-0.42
2021-06-16 11:58:16,227.7,5,23489,136707,229.26,54956,-0.42
2021-06-16 11:58:19,227.7,5,23459,136707,229.26,54956,-0.42
2021-06-16 11:58:22,227.7,5,23461,136707,229.26,54956,-0.42
2021-06-16 11:58:29,227.7,5,23463,136707,229.26,54956,-0.42
2021-06-16 11:58:44,227.7,5,23563,136707,229.26,54956,-0.42
2021-06-16 11:58:51,227.7,5,23988,136707,229.26,54956,-0.42
2021-06-16 11:58:57,227.7,5,23986,136707,229.26,54956,-0.42
2021-06-16 11:59:01,227.7,5,23986,136706,229.26,54956,-0.42
2021-06-16 11:59:05,227.7,5,23988,136706,229.26,54956,-0.42
2021-06-16 11:59:18,227.7,5,23983,136706,229.26,54956,-0.42
2021-06-16 11:59:20,227.0,215,23983,136706,229.26,54956,-0.72
2021-06-16 11:59:21,227.0,215,23542,136706,229.24,55456,-0.72
2021-06-16 11:59:22,227.35,2,23542,136706,229.24,55456,-0.57
2021-06-16 11:59:22,227.35,2,23550,136706,229.24,55458,-0.57
2021-06-16 11:59:24,227.35,2,23560,136759,229.24,55458,-0.57
2021-06-16 11:59:33,227.35,2,23561,136759,229.24,55458,-0.57
2021-06-16 11:59:55,227.35,2,23961,136759,229.24,55458,-0.57
2021-06-16 12:00:07,227.35,2,23962,136759,229.24,55458,-0.57
2021-06-16 12:00:27,227.35,2,23962,136859,229.24,55458,-0.57
2021-06-16 12:00:41,227.6,40,23962,136859,229.24,55458,-0.46
2021-06-16 12:00:43,227.6,40,23976,136806,229.24,55530,-0.46
2021-06-16 12:00:45,227.6,40,24024,136806,229.24,55530,-0.46
2021-06-16 12:00:48,227.6,40,24026,136806,229.24,55530,-0.46
2021-06-16 12:00:55,227.6,40,24055,136806,229.24,55530,-0.46
2021-06-16 12:01:01,227.6,40,24017,136806,229.24,55530,-0.46
2021-06-16 12:01:03,227.6,40,24018,136806,229.24,55530,-0.46
2021-06-16 12:01:07,227.6,40,24028,136806,229.24,55530,-0.46
2021-06-16 12:01:10,227.6,40,24081,136806,229.24,55530,-0.46
2021-06-16 12:01:14,227.8,10,24081,136806,229.24,55530,-0.37
2021-06-16 12:01:15,227.8,10,24081,136796,229.24,55540,-0.37
2021-06-16 12:01:18,227.8,10,24029,136796,229.24,55540,-0.37
2021-06-16 12:01:19,227.8,10,24077,136796,229.24,55540,-0.37
2021-06-16 12:01:24,227.8,10,24073,136796,229.24,55540,-0.37
2021-06-16 12:01:34,227.8,10,24015,136796,229.24,55540,-0.37
2021-06-16 12:01:35,227.8,10,24005,136796,229.24,55540,-0.37
2021-06-16 12:01:41,227.8,10,24033,136796,229.24,55540,-0.37
2021-06-16 12:01:45,227.8,10,23981,136796,229.24,55540,-0.37
2021-06-16 12:02:01,227.8,10,23980,136796,229.24,55540,-0.37
2021-06-16 12:02:04,227.8,10,23985,136796,229.24,55540,-0.37
2021-06-16 12:02:23,227.8,10,24000,136796,229.24,55540,-0.37
2021-06-16 12:02:36,227.8,3,24000,136796,229.24,55540,-0.37
2021-06-16 12:02:37,227.8,3,24047,136793,229.24,55543,-0.37
2021-06-16 12:02:39,227.0,33,23929,136843,229.24,55703,-0.72
2021-06-16 12:02:43,227.45,14,23929,136829,229.23,55717,-0.52
2021-06-16 12:03:06,227.45,14,23931,136829,229.23,55717,-0.52
2021-06-16 12:03:09,227.0,25,23931,136829,229.23,55717,-0.72
2021-06-16 12:03:10,227.0,25,23906,136829,229.23,55742,-0.72
2021-06-16 12:03:13,227.0,25,23912,136829,229.23,55742,-0.72
2021-06-16 12:03:16,227.0,25,23916,136829,229.23,55742,-0.72
2021-06-16 12:03:18,227.0,25,23911,136829,229.23,55742,-0.72
2021-06-16 12:03:22,227.0,25,23918,136707,229.23,55742,-0.72
2021-06-16 12:03:27,227.0,25,23933,136707,229.23,55742,-0.72
2021-06-16 12:03:56,227.0,25,23933,137207,229.23,55742,-0.72
2021-06-16 12:04:03,227.0,25,23933,137182,229.23,55742,-0.72
2021-06-16 12:04:04,227.0,25,23933,137234,229.23,55742,-0.72
2021-06-16 12:04:06,227.0,25,23933,137236,229.23,55742,-0.72
2021-06-16 12:04:36,227.35,6,23935,137233,229.23,55748,-0.57
2021-06-16 12:04:37,227.35,6,23935,137227,229.23,55748,-0.57
2021-06-16 12:04:39,227.25,3,23935,137226,229.23,55751,-0.61
2021-06-16 12:04:40,227.25,3,23925,137226,229.23,55751,-0.61
2021-06-16 12:04:47,227.25,3,23932,137226,229.23,55751,-0.61
2021-06-16 12:04:54,227.25,3,23936,137226,229.23,55751,-0.61
2021-06-16 12:05:21,227.0,6,23926,137170,229.23,55761,-0.72
2021-06-16 12:05:22,227.0,6,23916,137178,229.23,55761,-0.72
2021-06-16 12:05:30,227.0,6,23943,137178,229.23,55761,-0.72
2021-06-16 12:05:37,227.0,6,23946,137178,229.23,55761,-0.72
2021-06-16 12:05:39,227.0,6,23946,137170,229.23,55761,-0.72
2021-06-16 12:05:42,227.0,6,23946,137233,229.23,55761,-0.72
2021-06-16 12:05:47,227.0,6,23946,137218,229.23,55761,-0.72
2021-06-16 12:05:52,227.0,6,24925,137218,229.23,55761,-0.72
2021-06-16 12:05:58,227.4,48,24925,137218,229.23,55761,-0.55
2021-06-16 12:06:03,227.4,48,24977,137170,229.23,55825,-0.55
2021-06-16 12:06:06,227.4,48,24980,137170,229.23,55825,-0.55
2021-06-16 12:06:09,227.4,48,25155,137170,229.23,55825,-0.55
2021-06-16 12:06:11,227.4,48,25164,137170,229.23,55825,-0.55
2021-06-16 12:06:13,227.4,7,25154,137170,229.23,55850,-0.55
2021-06-16 12:06:18,227.4,7,25152,137170,229.23,55850,-0.55
2021-06-16 12:06:21,227.4,7,25153,137170,229.23,55850,-0.55
2021-06-16 12:06:26,227.4,7,25148,137170,229.23,55850,-0.55
2021-06-16 12:06:31,227.85,2,25148,137170,229.23,55850,-0.35
2021-06-16 12:06:32,227.85,2,25158,137153,229.23,55870,-0.35
2021-06-16 12:06:33,227.85,29,25158,137153,229.23,55870,-0.35
2021-06-16 12:06:34,227.85,29,25130,137124,229.23,55899,-0.35
2021-06-16 12:06:41,227.85,29,25123,137124,229.23,55899,-0.35
2021-06-16 12:06:46,227.85,29,25122,137124,229.23,55899,-0.35
2021-06-16 12:06:52,227.85,29,25121,137124,229.23,55899,-0.35
2021-06-16 12:06:54,227.85,29,25121,137139,229.23,55899,-0.35
2021-06-16 12:07:06,227.85,29,25121,136639,229.23,55899,-0.35
2021-06-16 12:07:23,227.85,29,25121,136634,229.23,55899,-0.35
2021-06-16 12:07:26,227.85,29,25121,136649,229.23,55899,-0.35
2021-06-16 12:07:29,227.85,29,25131,136649,229.23,55899,-0.35
2021-06-16 12:07:41,227.85,2,25131,136649,229.23,55899,-0.35
2021-06-16 12:07:43,227.85,2,25179,136632,229.23,55901,-0.35
2021-06-16 12:07:52,227.85,10,25179,136632,229.23,55901,-0.35
2021-06-16 12:07:53,227.85,10,25179,136665,229.23,55921,-0.35
2021-06-16 12:07:56,227.85,2,25179,136672,229.23,55926,-0.35
2021-06-16 12:08:00,227.8,7,25194,136680,229.23,55926,-0.37
2021-06-16 12:08:02,227.8,7,24194,136681,229.23,55933,-0.37
2021-06-16 12:08:04,227.8,7,24194,136673,229.23,55933,-0.37
2021-06-16 12:08:12,227.8,7,24195,136673,229.23,55933,-0.37
2021-06-16 12:09:16,227.8,4,24195,136673,229.23,55933,-0.37
2021-06-16 12:09:20,227.8,4,24138,136680,229.23,55937,-0.37
2021-06-16 12:09:22,227.8,4,24138,136679,229.23,55937,-0.37
2021-06-16 12:09:27,227.8,4,24143,136679,229.23,55937,-0.37
2021-06-16 12:09:31,227.8,1,24191,136679,229.23,55938,-0.37
2021-06-16 12:09:34,227.8,1,24190,136694,229.23,55938,-0.37
2021-06-16 12:09:35,227.8,1,24190,136689,229.23,55938,-0.37
2021-06-16 12:09:45,227.8,1,24187,136694,229.23,55938,-0.37
2021-06-16 12:09:48,227.75,10,24187,136684,229.23,55948,-0.39
2021-06-16 12:09:54,227.75,10,24185,136697,229.23,55948,-0.39
2021-06-16 12:09:55,227.75,10,24200,136712,229.23,55948,-0.39
2021-06-16 12:10:01,227.75,10,24200,136707,229.23,55948,-0.39
2021-06-16 12:10:03,227.75,10,24203,136707,229.23,55948,-0.39
2021-06-16 12:10:07,227.75,10,24203,136741,229.23,55948,-0.39
2021-06-16 12:10:45,227.75,10,24211,136751,229.23,55948,-0.39
2021-06-16 12:11:01,227.75,10,24211,136761,229.23,55948,-0.39
2021-06-16 12:11:16,227.75,2,24210,136759,229.23,55950,-0.39
2021-06-16 12:11:19,227.75,2,24222,136759,229.23,55950,-0.39
2021-06-16 12:11:26,227.75,2,24224,136759,229.23,55950,-0.39
2021-06-16 12:11:33,227.75,2,24227,136759,229.23,55950,-0.39
2021-06-16 12:11:39,227.75,2,24235,136759,229.23,55950,-0.39
2021-06-16 12:11:43,227.3,34,24235,136759,229.23,55950,-0.59
2021-06-16 12:11:44,227.3,34,24178,136832,229.23,56000,-0.59
2021-06-16 12:11:50,227.3,34,24180,136832,229.23,56000,-0.59
2021-06-16 12:11:52,227.3,34,24180,136817,229.23,56000,-0.59
2021-06-16 12:11:56,227.3,34,24181,136832,229.23,56000,-0.59
2021-06-16 12:12:07,227.3,34,24181,136817,229.23,56000,-0.59
2021-06-16 12:12:09,227.3,34,24173,136824,229.23,56000,-0.59
2021-06-16 12:12:12,227.3,34,24173,136809,229.23,56000,-0.59
2021-06-16 12:12:15,227.3,34,24183,136809,229.23,56000,-0.59
2021-06-16 12:12:17,227.3,34,24183,136806,229.23,56000,-0.59
2021-06-16 12:12:26,227.3,34,24184,136806,229.23,56000,-0.59
2021-06-16 12:12:29,227.3,34,24181,136806,229.23,56000,-0.59
2021-06-16 12:12:31,227.7,5,24181,136806,229.23,56000,-0.42
2021-06-16 12:12:32,227.7,5,24179,136804,229.23,56013,-0.42
2021-06-16 12:12:49,227.7,5,24175,136802,229.23,56013,-0.42
2021-06-16 12:12:55,227.7,5,24175,136832,229.23,56013,-0.42
2021-06-16 12:13:02,227.7,5,24175,136842,229.23,56013,-0.42
2021-06-16 12:13:04,227.7,5,24175,136857,229.23,56013,-0.42
2021-06-16 12:13:07,227.7,5,24200,136857,229.23,56013,-0.42
2021-06-16 12:13:21,227.7,5,24200,136852,229.23,56013,-0.42
2021-06-16 12:13:43,227.25,1,24179,136855,229.23,56014,-0.61
2021-06-16 12:13:53,227.25,1,24180,136855,229.23,56014,-0.61
2021-06-16 12:14:01,227.25,1,24188,136855,229.23,56014,-0.61
2021-06-16 12:14:06,227.25,1,24195,136855,229.23,56014,-0.61
2021-06-16 12:15:01,227.1,11,24203,136822,229.22,56048,-0.68
2021-06-16 12:15:03,227.1,11,24189,136822,229.22,56048,-0.68
2021-06-16 12:15:07,227.0,43,23873,136922,229.21,56442,-0.72
2021-06-16 12:15:08,227.0,89,23872,136828,229.21,56539,-0.72
2021-06-16 12:15:09,227.0,89,23867,136828,229.21,56539,-0.72
2021-06-16 12:15:10,227.0,17,23867,136828,229.21,56539,-0.72
2021-06-16 12:15:12,227.0,17,23892,136862,229.2,56556,-0.72
2021-06-16 12:15:16,227.0,17,23914,136862,229.2,56556,-0.72
2021-06-16 12:15:21,227.0,17,23914,136864,229.2,56556,-0.72
2021-06-16 12:15:23,227.0,17,23915,136864,229.2,56556,-0.72
2021-06-16 12:15:30,227.0,17,23896,136864,229.2,56556,-0.72
2021-06-16 12:15:32,227.0,17,23896,136909,229.2,56556,-0.72
2021-06-16 12:15:38,227.0,17,23901,136909,229.2,56556,-0.72
2021-06-16 12:15:42,227.0,17,23952,136909,229.2,56556,-0.72
2021-06-16 12:15:49,227.45,1,23952,136909,229.2,56556,-0.52
2021-06-16 12:15:50,227.45,1,23952,136908,229.2,56557,-0.52
2021-06-16 12:15:59,227.45,1,23953,136908,229.2,56557,-0.52
2021-06-16 12:16:06,227.45,1,23951,136908,229.2,56557,-0.52
2021-06-16 12:16:18,227.45,1,23955,136908,229.2,56557,-0.52
2021-06-16 12:16:26,227.05,2,23955,136908,229.2,56557,-0.7
2021-06-16 12:16:27,227.05,2,23947,136853,229.2,56564,-0.7
2021-06-16 12:16:28,227.05,2,23947,136901,229.2,56564,-0.7
2021-06-16 12:16:34,227.05,2,23949,136901,229.2,56564,-0.7
2021-06-16 12:16:40,227.05,2,23950,136901,229.2,56564,-0.7
2021-06-16 12:16:48,227.05,2,23951,136901,229.2,56564,-0.7
2021-06-16 12:16:50,227.05,2,24051,136901,229.2,56564,-0.7
2021-06-16 12:17:28,227.05,2,24051,136888,229.2,56564,-0.7
2021-06-16 12:17:39,227.0,11,24051,136888,229.2,56564,-0.72
2021-06-16 12:17:40,227.0,11,24011,136885,229.2,56619,-0.72
2021-06-16 12:17:41,227.0,11,24012,136937,229.2,56619,-0.72
2021-06-16 12:17:42,227.0,11,24007,136830,229.2,56619,-0.72
2021-06-16 12:17:43,227.0,11,24011,136887,229.2,56619,-0.72
2021-06-16 12:17:45,227.0,11,26020,136885,229.2,56619,-0.72
2021-06-16 12:17:48,227.05,35,26020,136885,229.2,56619,-0.7
2021-06-16 12:17:48,227.05,35,25955,136885,229.2,56719,-0.7
2021-06-16 12:17:51,227.05,35,26060,136885,229.2,56719,-0.7
2021-06-16 12:17:52,227.05,35,26060,136895,229.2,56719,-0.7
2021-06-16 12:17:54,227.05,35,24060,136898,229.2,56719,-0.7
2021-06-16 12:17:57,227.0,75,24060,136898,229.2,56719,-0.72
2021-06-16 12:17:57,227.0,75,23982,136903,229.19,56819,-0.72
2021-06-16 12:17:58,227.0,75,23959,136841,229.19,56819,-0.72
2021-06-16 12:18:03,227.0,75,23959,136851,229.19,56819,-0.72
2021-06-16 12:18:07,227.0,75,23959,136861,229.19,56819,-0.72
2021-06-16 12:18:20,227.0,75,23979,136861,229.19,56819,-0.72
2021-06-16 12:18:37,227.0,75,24081,136861,229.19,56819,-0.72
2021-06-16 12:18:48,227.0,75,24061,136861,229.19,56819,-0.72
2021-06-16 12:18:51,227.2,1,24061,136861,229.19,56819,-0.63
2021-06-16 12:18:51,227.2,1,24053,136913,229.19,56821,-0.63
2021-06-16 12:18:55,227.2,1,24053,136811,229.19,56821,-0.63
2021-06-16 12:18:58,227.2,1,24173,136811,229.19,56821,-0.63
2021-06-16 12:19:02,227.2,1,24153,136811,229.19,56821,-0.63
2021-06-16 12:19:04,227.2,1,24155,136811,229.19,56821,-0.63
2021-06-16 12:19:07,227.2,1,27155,136759,229.19,56821,-0.63
2021-06-16 12:19:12,227.2,1,24155,136807,229.19,56821,-0.63
2021-06-16 12:19:27,227.2,1,24155,136813,229.19,56821,-0.63
2021-06-16 12:19:29,227.2,1,24255,136813,229.19,56821,-0.63
2021-06-16 12:19:31,227.4,11,24255,136813,229.19,56821,-0.55
2021-06-16 12:19:33,227.4,11,24271,136771,229.19,56846,-0.55
2021-06-16 12:20:01,227.4,11,24271,136817,229.19,56846,-0.55
2021-06-16 12:20:05,227.4,11,24371,136817,229.19,56846,-0.55
2021-06-16 12:20:12,227.4,11,24372,136817,229.19,56846,-0.55
2021-06-16 12:20:18,227.4,11,24373,136817,229.19,56846,-0.55
2021-06-16 12:20:19,227.45,2,24373,136817,229.19,56846,-0.52
2021-06-16 12:20:20,227.45,2,24373,136815,229.19,56848,-0.52
2021-06-16 12:20:23,227.45,2,24374,136810,229.19,56848,-0.52
2021-06-16 12:20:25,227.45,2,24379,136810,229.19,56848,-0.52
2021-06-16 12:20:42,227.15,1,24379,136810,229.19,56848,-0.66
2021-06-16 12:20:43,227.15,1,24379,136915,229.19,56858,-0.66
2021-06-16 12:20:46,227.15,1,24379,136809,229.19,56858,-0.66
2021-06-16 12:20:48,227.15,1,24379,136761,229.19,56858,-0.66
2021-06-16 12:20:53,227.15,1,24380,136811,229.19,56858,-0.66
2021-06-16 12:20:57,227.15,1,24380,136761,229.19,56858,-0.66
2021-06-16 12:20:59,227.15,1,24380,136809,229.19,56858,-0.66
2021-06-16 12:21:00,227.35,1,24380,136809,229.19,56858,-0.57
2021-06-16 12:21:00,227.35,1,24375,136808,229.19,56859,-0.57
2021-06-16 12:21:04,227.35,1,24377,136804,229.19,56859,-0.57
2021-06-16 12:21:12,227.35,1,24378,136804,229.19,56859,-0.57
2021-06-16 12:21:14,227.0,8,24359,136884,229.19,56890,-0.72
2021-06-16 12:21:15,227.0,1,24359,136884,229.19,56890,-0.72
2021-06-16 12:21:16,227.0,1,24367,136895,229.19,56891,-0.72
2021-06-16 12:21:17,227.0,1,24367,136810,229.19,56891,-0.72
2021-06-16 12:21:20,227.0,1,24367,136758,229.19,56891,-0.72
2021-06-16 12:21:32,227.0,1,24366,136985,229.19,56891,-0.72
2021-06-16 12:21:41,227.0,1,24366,136951,229.19,56891,-0.72
2021-06-16 12:22:47,226.75,27,24366,136951,229.19,56891,-0.83
2021-06-16 12:22:48,226.75,27,24335,136958,229.19,56925,-0.83
2021-06-16 12:22:53,226.75,27,24337,136959,229.19,56925,-0.83
2021-06-16 12:22:58,226.75,27,24341,136959,229.19,56925,-0.83
2021-06-16 12:23:05,226.75,27,24341,136906,229.19,56925,-0.83
2021-06-16 12:23:06,227.25,5,24341,136906,229.19,56925,-0.61
2021-06-16 12:23:07,227.25,5,24347,136905,229.19,56930,-0.61
2021-06-16 12:23:08,227.25,5,24349,136961,229.19,56930,-0.61
2021-06-16 12:23:41,227.25,5,24350,136961,229.19,56930,-0.61
2021-06-16 12:23:42,227.25,5,24352,136960,229.19,56935,-0.61
2021-06-16 12:23:47,227.25,5,24345,136960,229.19,56935,-0.61
2021-06-16 12:24:02,227.25,5,24346,136960,229.19,56935,-0.61
2021-06-16 12:24:05,227.25,5,24346,136956,229.19,56935,-0.61
2021-06-16 12:24:08,227.25,5,24342,136956,229.19,56935,-0.61
2021-06-16 12:24:22,227.25,5,24341,136956,229.19,56935,-0.61
2021-06-16 12:24:27,227.25,5,24345,136956,229.19,56935,-0.61
2021-06-16 12:24:31,227.25,5,24365,136948,229.19,56935,-0.61
2021-06-16 12:24:37,227.25,5,24345,136948,229.19,56935,-0.61
2021-06-16 12:24:39,227.2,1,24345,136948,229.19,56935,-0.63
2021-06-16 12:24:40,227.2,1,24341,137014,229.19,56956,-0.63
2021-06-16 12:24:41,227.2,1,24349,137018,229.19,56956,-0.63
2021-06-16 12:24:44,227.2,1,24344,137018,229.19,56956,-0.63
2021-06-16 12:24:45,227.2,1,24343,137018,229.19,56956,-0.63
2021-06-16 12:24:51,227.1,1,24344,137018,229.19,56956,-0.68
2021-06-16 12:24:52,227.1,1,24344,137024,229.19,56966,-0.68
2021-06-16 12:24:55,227.1,1,24347,137028,229.19,56966,-0.68
2021-06-16 12:24:56,227.15,2,24347,137028,229.19,56966,-0.66
2021-06-16 12:24:57,227.15,2,24347,137026,229.19,56968,-0.66
2021-06-16 12:24:58,227.15,2,24348,137026,229.19,56968,-0.66
2021-06-16 12:25:04,227.15,2,24348,137027,229.19,56968,-0.66
2021-06-16 12:25:05,227.15,2,24349,137025,229.19,56968,-0.66
2021-06-16 12:25:09,227.15,1,24349,137025,229.19,56968,-0.66
2021-06-16 12:25:12,227.15,1,24349,137025,229.19,56969,-0.66
2021-06-16 12:25:18,227.15,1,24349,138025,229.19,56969,-0.66
2021-06-16 12:25:23,227.15,1,24349,138139,229.19,56969,-0.66
2021-06-16 12:25:24,227.15,1,24349,138138,229.19,56969,-0.66
2021-06-16 12:25:30,227.15,2,24348,138141,229.19,56971,-0.66
2021-06-16 12:25:32,227.15,2,24345,138141,229.19,56971,-0.66
2021-06-16 12:25:44,227.15,2,24346,138141,229.19,56971,-0.66
2021-06-16 12:25:47,227.15,2,24350,138141,229.19,56971,-0.66
2021-06-16 12:26:32,227.25,7,24350,138131,229.19,56981,-0.61
2021-06-16 12:26:39,227.25,7,24351,138131,229.19,56981,-0.61
2021-06-16 12:26:40,227.25,30,24351,138131,229.19,56981,-0.61
2021-06-16 12:26:40,227.25,30,24351,138101,229.19,57011,-0.61
2021-06-16 12:26:49,227.25,30,24353,138103,229.19,57011,-0.61
2021-06-16 12:26:57,227.25,30,24353,138102,229.19,57011,-0.61
2021-06-16 12:27:05,227.25,30,24353,137964,229.19,57011,-0.61
2021-06-16 12:27:43,227.25,30,24453,137964,229.19,57011,-0.61
2021-06-16 12:28:07,227.25,5,24452,137959,229.19,57016,-0.61
2021-06-16 12:28:11,227.25,15,24452,137959,229.19,57016,-0.61
2021-06-16 12:28:12,227.25,15,24450,137944,229.19,57031,-0.61
2021-06-16 12:28:13,227.25,15,24445,137944,229.19,57031,-0.61
2021-06-16 12:28:21,227.25,15,24446,137944,229.19,57031,-0.61
2021-06-16 12:28:25,227.25,15,24756,137944,229.19,57031,-0.61
2021-06-16 12:28:27,227.25,15,24760,137944,229.19,57031,-0.61
2021-06-16 12:28:30,227.1,10,24760,137944,229.19,57031,-0.68
2021-06-16 12:28:30,227.1,10,24758,138040,229.19,57041,-0.68
2021-06-16 12:28:32,227.1,10,24759,138040,229.19,57041,-0.68
2021-06-16 12:28:43,227.1,10,24761,137936,229.19,57041,-0.68
2021-06-16 12:28:45,227.1,10,24761,137887,229.19,57041,-0.68
2021-06-16 12:28:49,227.1,10,24761,137935,229.19,57041,-0.68
2021-06-16 12:28:56,227.1,10,24757,137935,229.19,57041,-0.68
2021-06-16 12:29:04,227.1,10,24782,137935,229.19,57041,-0.68
2021-06-16 12:29:07,227.1,10,24782,137887,229.19,57041,-0.68
2021-06-16 12:29:10,227.1,10,24782,137938,229.19,57041,-0.68
2021-06-16 12:29:12,227.25,13,24782,137938,229.19,57041,-0.61
2021-06-16 12:29:13,227.25,13,24811,137924,229.19,57054,-0.61
2021-06-16 12:29:16,227.2,2,24774,137985,229.18,57091,-0.63
2021-06-16 12:29:18,227.2,2,24775,137928,229.18,57097,-0.63
2021-06-16 12:29:27,227.2,2,24777,137928,229.18,57097,-0.63
2021-06-16 12:29:30,227.2,2,24787,137928,229.18,57097,-0.63
2021-06-16 12:29:31,227.2,2,24788,137926,229.18,57097,-0.63
2021-06-16 12:29:33,227.1,11,24776,137926,229.18,57127,-0.68
2021-06-16 12:29:38,227.1,11,24772,137922,229.18,57127,-0.68
2021-06-16 12:29:40,227.1,11,24773,137922,229.18,57127,-0.68
2021-06-16 12:29:45,227.1,11,24774,137922,229.18,57127,-0.68
2021-06-16 12:29:52,227.1,11,24778,137922,229.18,57127,-0.68
2021-06-16 12:30:22,227.1,11,24796,137922,229.18,57127,-0.68
2021-06-16 12:30:41,227.4,4,24796,137922,229.18,57127,-0.55
2021-06-16 12:30:42,227.4,4,24794,137918,229.18,57131,-0.55
2021-06-16 12:30:49,227.4,4,24794,137943,229.18,57131,-0.55
2021-06-16 12:30:51,227.4,4,24794,137899,229.18,57131,-0.55
2021-06-16 12:30:51,227.4,4,24794,137947,229.18,57131,-0.55
2021-06-16 12:30:55,227.4,4,24795,137947,229.18,57131,-0.55
2021-06-16 12:30:57,227.5,42,24795,137947,229.18,57131,-0.5
2021-06-16 12:30:58,227.5,42,24843,137899,229.18,57231,-0.5
2021-06-16 12:31:00,227.5,42,24795,137899,229.18,57231,-0.5
2021-06-16 12:31:01,227.5,58,24795,137899,229.18,57231,-0.5
2021-06-16 12:31:03,227.5,58,24843,137885,229.18,57289,-0.5
2021-06-16 12:31:04,227.5,42,24843,137885,229.18,57289,-0.5
2021-06-16 12:31:05,227.5,42,24855,137943,229.18,57331,-0.5
2021-06-16 12:31:09,227.3,7,24805,137892,229.18,57351,-0.59
2021-06-16 12:31:17,227.3,7,24806,137892,229.18,57351,-0.59
2021-06-16 12:31:22,227.3,7,24807,137892,229.18,57351,-0.59
2021-06-16 12:31:30,227.3,7,24803,137892,229.18,57351,-0.59
2021-06-16 12:31:31,227.55,7,24803,137892,229.18,57351,-0.48
2021-06-16 12:31:32,227.55,7,24821,137892,229.18,57358,-0.48
2021-06-16 12:31:36,227.6,1,24821,137892,229.18,57358,-0.46
2021-06-16 12:31:37,227.6,3,24874,137888,229.18,57373,-0.46
2021-06-16 12:31:45,227.6,3,24825,137888,229.18,57373,-0.46
2021-06-16 12:31:48,227.6,3,24826,137888,229.18,57373,-0.46
2021-06-16 12:31:49,227.55,1,24826,137888,229.18,57373,-0.48
2021-06-16 12:31:50,227.55,1,24796,137888,229.17,57474,-0.48
2021-06-16 12:31:52,227.55,1,24793,137888,229.17,57474,-0.48
2021-06-16 12:31:53,227.55,8,24803,137991,229.17,57482,-0.48
2021-06-16 12:31:54,227.55,8,24855,137991,229.17,57482,-0.48
2021-06-16 12:32:26,227.55,8,24555,137991,229.17,57482,-0.48
2021-06-16 12:32:35,227.4,10,24555,137991,229.17,57482,-0.55
2021-06-16 12:32:36,227.4,10,24841,138015,229.17,57492,-0.55
2021-06-16 12:32:41,227.5,43,24658,137923,229.17,57670,-0.5
2021-06-16 12:32:42,227.5,43,24663,137923,229.17,57670,-0.5
2021-06-16 12:32:43,227.5,92,24572,137896,229.16,57770,-0.5
2021-06-16 12:32:46,227.5,92,24567,137896,229.16,57770,-0.5
2021-06-16 12:32:46,227.7,2,24567,137896,229.16,57770,-0.42
2021-06-16 12:32:47,227.7,2,24548,137876,229.16,57790,-0.42
2021-06-16 12:32:49,227.7,2,24554,137870,229.16,57790,-0.42
2021-06-16 12:32:49,227.55,1,24554,137870,229.16,57790,-0.48
2021-06-16 12:32:50,227.55,15,24547,137875,229.16,57897,-0.48
2021-06-16 12:32:51,227.55,3,24538,137862,229.16,57938,-0.48
2021-06-16 12:32:52,227.55,3,24538,137857,229.16,57938,-0.48
2021-06-16 12:32:54,227.55,3,24536,137860,229.16,57938,-0.48
2021-06-16 12:32:56,227.55,3,24537,137860,229.16,57938,-0.48
2021-06-16 12:33:00,227.55,3,24538,137860,229.16,57938,-0.48
2021-06-16 12:33:01,227.65,9,24538,137860,229.16,57938,-0.44
2021-06-16 12:33:06,227.65,9,24534,137858,229.16,57953,-0.44
2021-06-16 12:33:08,227.65,9,24588,137889,229.16,57953,-0.44
2021-06-16 12:33:09,227.65,9,24535,137868,229.16,57953,-0.44
2021-06-16 12:33:11,227.65,9,24535,137874,229.16,57953,-0.44
2021-06-16 12:33:12,227.65,9,24541,137869,229.16,57953,-0.44
2021-06-16 12:33:13,227.1,2,24509,137893,229.16,58006,-0.68
2021-06-16 12:33:14,227.1,1,24509,137893,229.16,58006,-0.68
2021-06-16 12:33:15,227.1,1,24568,137898,229.16,58007,-0.68
2021-06-16 12:33:18,227.0,1,24568,137898,229.16,58007,-0.72
2021-06-16 12:33:19,227.0,1,24569,137885,229.16,58018,-0.72
2021-06-16 12:33:20,227.0,1,24564,137879,229.16,58018,-0.72
2021-06-16 12:33:21,227.0,1,24619,137896,229.16,58018,-0.72
2021-06-16 12:33:22,227.0,1,24568,137899,229.16,58018,-0.72
2021-06-16 12:33:23,227.0,1,24571,137878,229.16,58018,-0.72
2021-06-16 12:33:24,227.0,1,24571,137879,229.16,58018,-0.72
2021-06-16 12:33:25,227.0,1,24569,137880,229.16,58018,-0.72
2021-06-16 12:33:26,226.5,1,24143,137912,229.14,58525,-0.94
2021-06-16 12:33:27,226.5,1,24143,137927,229.14,58525,-0.94
2021-06-16 12:33:28,226.5,1,24054,137910,229.12,58842,-0.94
2021-06-16 12:33:29,226.5,1,24119,137910,229.12,58842,-0.94
2021-06-16 12:33:32,226.5,1,24110,137915,229.12,58842,-0.94
2021-06-16 12:33:36,226.5,1,24113,137915,229.12,58842,-0.94
2021-06-16 12:33:43,226.5,1,24124,137915,229.12,58842,-0.94
2021-06-16 12:33:44,226.5,1,24136,137915,229.12,58842,-0.94
2021-06-16 12:33:51,226.5,1,24137,137915,229.12,58842,-0.94
2021-06-16 12:34:00,226.5,1,24140,137915,229.12,58842,-0.94
2021-06-16 12:34:07,226.5,1,24140,137901,229.12,58842,-0.94
2021-06-16 12:34:18,226.6,30,24140,137901,229.12,58842,-0.9
2021-06-16 12:34:19,226.6,30,24140,137901,229.12,58872,-0.9
2021-06-16 12:34:29,226.6,30,24140,137906,229.12,58872,-0.9
2021-06-16 12:34:51,226.75,16,24140,137906,229.12,58872,-0.83
2021-06-16 12:34:52,226.75,16,24145,137890,229.12,58888,-0.83
2021-06-16 12:34:53,226.75,16,24172,137870,229.12,58888,-0.83
2021-06-16 12:34:57,226.75,16,24170,137870,229.12,58888,-0.83
2021-06-16 12:35:01,226.75,16,24173,137870,229.12,58888,-0.83
2021-06-16 12:35:06,226.75,16,24123,137870,229.12,58888,-0.83
2021-06-16 12:35:07,227.4,16,24123,137870,229.12,58888,-0.55
2021-06-16 12:35:08,227.4,16,24084,137859,229.12,58938,-0.55
2021-06-16 12:35:09,227.4,16,24087,137859,229.12,58938,-0.55
2021-06-16 12:35:12,227.4,16,24139,137863,229.12,58938,-0.55
2021-06-16 12:35:13,227.4,16,24143,137863,229.12,58938,-0.55
2021-06-16 12:35:15,227.4,16,24146,137863,229.12,58938,-0.55
2021-06-16 12:35:16,227.4,16,24094,137859,229.12,58938,-0.55
2021-06-16 12:35:19,227.05,9,24094,137859,229.12,58938,-0.7
2021-06-16 12:35:20,227.05,9,24082,137925,229.12,58976,-0.7
2021-06-16 12:35:21,226.9,4,24082,137925,229.12,58976,-0.77
2021-06-16 12:35:21,226.9,4,24073,137944,229.12,58980,-0.77
2021-06-16 12:35:22,226.9,4,24123,137877,229.12,58980,-0.77
2021-06-16 12:35:24,226.9,4,24126,137864,229.12,58980,-0.77
2021-06-16 12:35:26,226.9,4,24122,137864,229.12,58980,-0.77
2021-06-16 12:35:28,226.9,4,26230,137883,229.12,58980,-0.77
2021-06-16 12:35:32,226.9,4,28219,137883,229.12,58980,-0.77
2021-06-16 12:35:33,227.05,48,28219,137883,229.12,58980,-0.7
2021-06-16 12:35:34,227.05,48,28171,137883,229.12,59028,-0.7
2021-06-16 12:35:36,227.05,48,26294,137883,229.12,59028,-0.7
2021-06-16 12:35:39,227.05,48,24273,137879,229.12,59028,-0.7
2021-06-16 12:35:40,227.05,48,24280,137878,229.12,59028,-0.7
2021-06-16 12:35:42,227.05,48,24086,137871,229.12,59028,-0.7
2021-06-16 12:35:43,227.05,48,24086,137860,229.12,59028,-0.7
2021-06-16 12:35:48,226.95,24,24086,137860,229.12,59028,-0.74
2021-06-16 12:35:49,226.95,24,24083,137886,229.12,59052,-0.74
2021-06-16 12:35:57,226.95,24,24076,137888,229.12,59052,-0.74
2021-06-16 12:35:57,226.5,7,24076,137888,229.12,59052,-0.94
2021-06-16 12:35:58,226.5,7,24050,137862,229.11,59078,-0.94
2021-06-16 12:36:03,226.5,7,24060,137876,229.11,59078,-0.94
2021-06-16 12:36:06,226.5,7,24052,137876,229.11,59078,-0.94
2021-06-16 12:36:10,226.5,7,24037,137877,229.11,59078,-0.94
2021-06-16 12:36:15,227.4,2,24137,137877,229.11,59078,-0.55
2021-06-16 12:36:16,227.4,2,24146,137884,229.11,59118,-0.55
2021-06-16 12:36:17,227.4,2,24152,137884,229.11,59118,-0.55
2021-06-16 12:36:22,227.4,2,24149,137884,229.11,59118,-0.55
2021-06-16 12:36:23,227.4,2,24150,137884,229.11,59118,-0.55
2021-06-16 12:36:28,227.4,2,24150,137868,229.11,59118,-0.55
2021-06-16 12:36:29,227.4,2,24150,137867,229.11,59118,-0.55
2021-06-16 12:36:30,227.4,2,24155,137867,229.11,59118,-0.55
2021-06-16 12:36:38,227.4,2,24145,137867,229.11,59118,-0.55
2021-06-16 12:37:10,227.4,2,24145,137877,229.11,59118,-0.55
2021-06-16 12:37:13,227.4,2,24170,137877,229.11,59118,-0.55
2021-06-16 12:37:15,227.4,2,24070,137877,229.11,59118,-0.55
2021-06-16 12:37:17,226.9,2,24061,137873,229.11,59152,-0.77
2021-06-16 12:37:18,226.9,2,24061,137883,229.11,59152,-0.77
2021-06-16 12:37:19,226.9,2,24057,137883,229.11,59152,-0.77
2021-06-16 12:37:21,226.9,2,24058,137883,229.11,59152,-0.77
2021-06-16 12:37:22,226.9,2,24058,137873,229.11,59152,-0.77
2021-06-16 12:37:26,227.3,1,24058,137883,229.11,59152,-0.59
2021-06-16 12:37:27,227.3,1,24058,137896,229.11,59153,-0.59
2021-06-16 12:37:34,227.3,1,24059,137880,229.11,59153,-0.59
2021-06-16 12:37:36,227.35,4,24059,137880,229.11,59153,-0.57
2021-06-16 12:37:37,227.35,4,24060,137881,229.11,59158,-0.57
2021-06-16 12:37:38,227.05,5,24060,137881,229.11,59158,-0.7
2021-06-16 12:37:39,227.05,5,24075,137881,229.11,59163,-0.7
2021-06-16 12:37:40,227.05,5,24076,137881,229.11,59163,-0.7
2021-06-16 12:37:45,227.05,5,27117,137914,229.11,59163,-0.7
2021-06-16 12:37:46,227.15,43,27117,137914,229.11,59163,-0.66
2021-06-16 12:37:46,227.15,43,27074,137957,229.11,59206,-0.66
2021-06-16 12:37:48,227.15,1,27211,137957,229.11,59206,-0.66
2021-06-16 12:37:50,227.15,1,27209,137957,229.11,59210,-0.66
2021-06-16 12:37:54,227.15,1,24209,137894,229.11,59210,-0.66
2021-06-16 12:37:55,227.15,1,24063,137894,229.11,59210,-0.66
2021-06-16 12:37:56,226.95,1,24063,137894,229.11,59210,-0.74
2021-06-16 12:37:57,226.95,1,24050,137938,229.11,59257,-0.74
2021-06-16 12:37:58,226.95,1,24050,137884,229.11,59257,-0.74
2021-06-16 12:38:27,226.95,1,24048,137897,229.11,59257,-0.74
2021-06-16 12:38:54,226.95,1,24048,137947,229.11,59257,-0.74
2021-06-16 12:39:54,226.95,1,23951,137947,229.11,59257,-0.74
2021-06-16 12:40:57,226.95,1,23956,137947,229.11,59257,-0.74
2021-06-16 12:41:11,227.0,5,23956,137947,229.11,59257,-0.72
2021-06-16 12:41:13,227.0,5,23951,137992,229.11,59262,-0.72
2021-06-16 12:41:16,227.0,5,23951,137947,229.11,59262,-0.72
2021-06-16 12:41:19,227.0,5,23956,137947,229.11,59262,-0.72
2021-06-16 12:41:41,227.0,5,23952,137947,229.11,59262,-0.72
2021-06-16 12:42:13,226.95,1,23952,137947,229.11,59262,-0.74
2021-06-16 12:42:27,226.95,1,23961,137947,229.11,59263,-0.74
2021-06-16 12:42:40,226.95,1,23952,137947,229.11,59263,-0.74
2021-06-16 12:42:47,226.95,1,24012,137947,229.11,59263,-0.74
2021-06-16 12:42:48,227.85,5,24024,137862,229.11,59363,-0.35
2021-06-16 12:42:54,227.85,5,24037,137873,229.11,59363,-0.35
2021-06-16 12:42:58,227.85,5,24038,137862,229.11,59363,-0.35
2021-06-16 12:43:00,227.6,1,24038,137861,229.11,59364,-0.46
2021-06-16 12:43:01,227.6,1,24067,137853,229.11,59386,-0.46
2021-06-16 12:43:03,227.65,4,24067,137853,229.11,59386,-0.44
2021-06-16 12:43:04,227.65,4,24083,137850,229.1,59391,-0.44
2021-06-16 12:43:04,227.6,11,24083,137850,229.1,59391,-0.46
2021-06-16 12:43:06,227.5,13,24055,138064,229.1,59455,-0.5
2021-06-16 12:43:07,227.5,13,24039,137877,229.1,59468,-0.5
2021-06-16 12:43:17,227.5,13,24037,137865,229.1,59468,-0.5
2021-06-16 12:43:24,227.5,13,24048,137865,229.1,59468,-0.5
2021-06-16 12:43:27,227.5,13,24048,137521,229.1,59468,-0.5
2021-06-16 12:43:31,227.5,13,24067,137521,229.1,59468,-0.5
2021-06-16 12:43:39,227.5,13,24068,122520,229.1,59468,-0.5
2021-06-16 12:43:43,227.5,13,24068,122570,229.1,59468,-0.5
2021-06-16 12:43:58,227.5,13,24068,122767,229.1,59468,-0.5
2021-06-16 12:44:03,227.05,1,24068,122767,229.1,59468,-0.7
2021-06-16 12:44:03,227.05,1,24105,122758,229.1,59519,-0.7
2021-06-16 12:44:05,227.05,1,24108,122769,229.1,59519,-0.7
2021-06-16 12:44:06,227.1,1,24108,122769,229.1,59519,-0.68
2021-06-16 12:44:07,227.1,1,24100,122769,229.1,59553,-0.68
2021-06-16 12:44:08,227.0,5,24100,122769,229.1,59553,-0.72
2021-06-16 12:44:09,227.0,5,24104,122844,229.1,59576,-0.72
2021-06-16 12:44:10,227.0,5,24098,122774,229.1,59576,-0.72
2021-06-16 12:44:13,227.0,5,24099,122769,229.1,59576,-0.72
2021-06-16 12:44:13,227.35,3,24099,122769,229.1,59576,-0.57
2021-06-16 12:44:14,227.35,10,24099,122769,229.1,59576,-0.57
2021-06-16 12:44:15,227.35,10,27107,122787,229.1,59610,-0.57
2021-06-16 12:44:15,227.05,17,27107,122787,229.1,59610,-0.7
2021-06-16 12:44:16,227.05,17,27097,122886,229.1,59654,-0.7
2021-06-16 12:44:18,227.05,17,24119,122794,229.1,59654,-0.7
2021-06-16 12:44:21,227.0,76,24119,122794,229.1,59654,-0.72
2021-06-16 12:44:21,227.0,76,24167,122770,229.09,59754,-0.72
2021-06-16 12:44:22,227.0,19,24167,122770,229.09,59754,-0.72
2021-06-16 12:44:23,227.0,19,24249,122770,229.09,59854,-0.72
2021-06-16 12:44:25,227.0,494,24249,122770,229.09,59854,-0.72
2021-06-16 12:44:33,227.0,494,24083,122774,229.07,60354,-0.72
2021-06-16 12:44:36,227.0,494,24083,122791,229.07,60354,-0.72
2021-06-16 12:44:42,227.0,60,24083,122791,229.07,60354,-0.72
2021-06-16 12:44:42,227.0,60,24023,122834,229.07,60414,-0.72
2021-06-16 12:44:46,227.0,60,24008,122828,229.07,60414,-0.72
2021-06-16 12:44:48,227.0,60,24004,122828,229.07,60414,-0.72
2021-06-16 12:44:49,227.0,60,24004,122878,229.07,60414,-0.72
2021-06-16 12:45:07,227.0,8,24004,122878,229.07,60414,-0.72
2021-06-16 12:45:10,227.0,8,24071,122856,229.07,60430,-0.72
2021-06-16 12:45:15,226.95,42,24071,122856,229.07,60430,-0.74
2021-06-16 12:45:18,226.95,42,24048,122856,229.07,60472,-0.74
2021-06-16 12:45:25,226.95,42,24029,122856,229.07,60472,-0.74
2021-06-16 12:45:56,226.95,42,24029,122866,229.07,60472,-0.74
2021-06-16 12:46:04,226.95,42,27029,122905,229.07,60472,-0.74
2021-06-16 12:46:06,226.95,42,24029,122849,229.07,60472,-0.74
2021-06-16 12:46:09,226.75,25,24029,122864,229.07,60472,-0.83
2021-06-16 12:46:10,226.75,25,24004,122866,229.07,60497,-0.83
2021-06-16 12:46:12,226.55,1,24004,122880,229.07,60497,-0.92
2021-06-16 12:46:13,226.5,10,24004,122880,229.07,60497,-0.94
2021-06-16 12:46:14,226.5,2,23903,122881,229.06,60604,-0.94
2021-06-16 12:46:16,226.5,2,23801,122868,229.06,60706,-0.94
2021-06-16 12:46:19,226.05,25,23530,122917,229.04,61149,-1.14
2021-06-16 12:46:22,226.05,25,23530,122927,229.04,61149,-1.14
2021-06-16 12:46:31,226.05,25,23580,122927,229.04,61149,-1.14
2021-06-16 12:46:37,226.0,1,23580,122927,229.04,61149,-1.16
2021-06-16 12:46:37,226.0,17,23473,123070,229.03,61320,-1.16
2021-06-16 12:46:41,225.55,1,23473,123070,229.03,61320,-1.36
2021-06-16 12:46:44,225.55,1,23472,122984,229.03,61321,-1.36
2021-06-16 12:46:48,225.55,1,23473,122984,229.03,61321,-1.36
2021-06-16 12:46:49,225.55,1,23472,122984,229.03,61322,-1.36
2021-06-16 12:47:02,225.55,1,23498,122984,229.03,61322,-1.36
2021-06-16 12:47:03,225.55,1,23448,122984,229.03,61323,-1.36
2021-06-16 12:47:08,225.55,1,23447,123073,229.03,61324,-1.36
2021-06-16 12:47:10,225.25,35,23331,122840,229.02,61461,-1.49
2021-06-16 12:47:16,225.2,63,23248,122840,229.02,61532,-1.51
2021-06-16 12:47:22,225.2,63,23249,122840,229.02,61532,-1.51
2021-06-16 12:47:23,226.5,16,23249,122840,229.02,61532,-0.94
2021-06-16 12:47:24,226.5,16,23257,122921,229.02,61557,-0.94
2021-06-16 12:47:27,226.5,16,23282,122896,229.02,61557,-0.94
2021-06-16 12:47:36,226.5,16,23297,122899,229.02,61557,-0.94
2021-06-16 12:47:50,226.5,16,23283,122899,229.02,61557,-0.94
2021-06-16 12:47:52,225.0,20,22917,122845,228.99,61947,-1.6
2021-06-16 12:47:53,226.1,1,22917,122845,228.99,61947,-1.12
2021-06-16 12:47:54,226.1,1,22881,122915,228.98,62148,-1.12
2021-06-16 12:47:58,226.1,1,22936,122915,228.98,62148,-1.12
2021-06-16 12:48:03,226.1,1,22937,122915,228.98,62148,-1.12
2021-06-16 12:48:06,226.1,1,22937,122940,228.98,62148,-1.12
2021-06-16 12:48:08,226.1,1,22929,122922,228.98,62148,-1.12
2021-06-16 12:48:16,226.1,1,22930,122922,228.98,62148,-1.12
2021-06-16 12:48:18,226.1,1,22931,122920,228.98,62148,-1.12
2021-06-16 12:48:27,226.1,1,22932,122921,228.98,62148,-1.12
2021-06-16 12:48:31,226.1,1,22932,122946,228.98,62148,-1.12
2021-06-16 12:48:38,226.1,1,22931,122946,228.98,62148,-1.12
2021-06-16 12:48:39,226.1,1,22919,122955,228.98,62148,-1.12
2021-06-16 12:48:46,226.1,1,22920,122955,228.98,62148,-1.12
2021-06-16 12:48:48,226.1,1,22920,122944,228.98,62148,-1.12
2021-06-16 12:48:51,226.1,1,22970,122944,228.98,62148,-1.12
2021-06-16 12:49:07,226.1,1,22969,122944,228.98,62148,-1.12
2021-06-16 12:49:12,226.1,1,22969,122955,228.98,62148,-1.12
2021-06-16 12:49:15,226.1,1,22974,122955,228.98,62148,-1.12
2021-06-16 12:49:16,225.75,12,22974,122955,228.98,62148,-1.27
2021-06-16 12:49:17,225.75,12,23081,122774,228.98,62168,-1.27
2021-06-16 12:49:21,225.75,12,23078,122774,228.98,62168,-1.27
2021-06-16 12:49:21,225.85,6,23078,122774,228.98,62168,-1.22
2021-06-16 12:49:22,225.85,6,23075,122737,228.98,62174,-1.22
2021-06-16 12:49:28,225.85,6,23076,122737,228.98,62174,-1.22
2021-06-16 12:49:36,225.85,6,23081,122737,228.98,62174,-1.22
2021-06-16 12:49:42,225.85,6,23088,122737,228.98,62174,-1.22
2021-06-16 12:49:45,225.85,6,23089,122737,228.98,62174,-1.22
2021-06-16 12:50:07,225.85,6,23239,122558,228.98,62174,-1.22
2021-06-16 12:50:12,225.2,1,23232,122568,228.98,62185,-1.51
2021-06-16 12:50:19,225.7,1,23232,122568,228.98,62185,-1.29
2021-06-16 12:50:19,225.7,1,23320,122554,228.98,62202,-1.29
2021-06-16 12:50:21,225.85,10,23320,122554,228.98,62202,-1.22
2021-06-16 12:50:21,225.85,10,23334,122554,228.98,62212,-1.22
2021-06-16 12:50:22,225.85,10,23335,122554,228.98,62212,-1.22
2021-06-16 12:50:25,225.85,10,23342,122554,228.98,62212,-1.22
2021-06-16 12:50:27,225.85,10,23339,122554,228.98,62212,-1.22
2021-06-16 12:50:30,225.7,56,23339,122554,228.98,62212,-1.29
2021-06-16 12:50:31,225.7,56,23263,122533,228.97,62286,-1.29
2021-06-16 12:50:32,225.7,56,23256,122533,228.97,62286,-1.29
2021-06-16 12:50:38,225.7,56,23358,122533,228.97,62286,-1.29
2021-06-16 12:50:40,225.7,56,23359,122533,228.97,62286,-1.29
2021-06-16 12:50:44,225.7,56,23375,122533,228.97,62286,-1.29
2021-06-16 12:50:46,225.7,56,23377,122533,228.97,62286,-1.29
2021-06-16 12:50:55,225.95,14,23377,122533,228.97,62286,-1.18
2021-06-16 12:50:55,225.95,14,23463,122519,228.97,62386,-1.18
2021-06-16 12:51:08,225.95,14,23488,122519,228.97,62386,-1.18
2021-06-16 12:51:13,225.95,11,23488,122519,228.97,62386,-1.18
2021-06-16 12:51:17,225.95,11,23495,122576,228.96,62486,-1.18
2021-06-16 12:51:20,225.95,11,23496,122576,228.96,62486,-1.18
2021-06-16 12:51:28,225.95,11,23496,122476,228.96,62486,-1.18
2021-06-16 12:51:36,225.95,11,23521,122476,228.96,62486,-1.18
2021-06-16 12:51:41,225.95,11,23523,122476,228.96,62486,-1.18
2021-06-16 12:51:41,226.0,3,23523,122476,228.96,62486,-1.16
2021-06-16 12:51:42,226.0,3,23620,122473,228.96,62489,-1.16
2021-06-16 12:51:48,226.0,3,23621,122473,228.96,62489,-1.16
2021-06-16 12:51:51,226.0,27,23621,122473,228.96,62489,-1.16
2021-06-16 12:51:52,226.0,27,23618,122446,228.96,62516,-1.16
2021-06-16 12:51:55,226.0,27,23617,122446,228.96,62516,-1.16
2021-06-16 12:51:55,226.0,10,23617,122446,228.96,62516,-1.16
2021-06-16 12:51:56,226.0,10,23617,122436,228.96,62526,-1.16
2021-06-16 12:52:02,226.0,10,23632,122436,228.96,62526,-1.16
2021-06-16 12:52:03,226.0,10,23633,122396,228.96,62566,-1.16
2021-06-16 12:52:04,226.0,10,23618,122396,228.96,62566,-1.16
2021-06-16 12:52:07,226.0,10,23620,122396,228.96,62566,-1.16
2021-06-16 12:52:19,226.0,100,23520,122296,228.95,62666,-1.16
2021-06-16 12:52:21,226.0,49,23515,122247,228.95,62715,-1.16
2021-06-16 12:52:23,226.0,49,23518,122247,228.95,62715,-1.16
2021-06-16 12:52:28,226.0,49,23518,122221,228.95,62715,-1.16
2021-06-16 12:52:36,226.0,24,23518,122221,228.95,62715,-1.16
2021-06-16 12:52:37,226.0,24,23518,122197,228.95,62739,-1.16
2021-06-16 12:52:43,226.0,24,23527,122197,228.95,62739,-1.16
2021-06-16 12:53:02,226.0,18,23527,122197,228.95,62739,-1.16
2021-06-16 12:53:07,226.0,18,23527,122179,228.95,62757,-1.16
2021-06-16 12:53:11,226.0,1,23527,122179,228.95,62757,-1.16
2021-06-16 12:53:12,226.0,1,23526,122178,228.95,62758,-1.16
2021-06-16 12:53:16,226.0,25,23526,122178,228.95,62758,-1.16
2021-06-16 12:53:16,226.0,25,23527,122153,228.95,62783,-1.16
2021-06-16 12:53:23,226.0,5,23527,122153,228.95,62783,-1.16
2021-06-16 12:53:24,226.0,5,23526,122148,228.95,62788,-1.16
2021-06-16 12:53:26,226.0,10,23526,122138,228.95,62798,-1.16
2021-06-16 12:53:37,226.0,10,23552,122138,228.95,62798,-1.16
2021-06-16 12:53:41,226.0,25,23552,122138,228.95,62798,-1.16
2021-06-16 12:53:42,226.0,25,23549,122113,228.95,62823,-1.16
2021-06-16 12:53:55,226.0,25,23549,122117,228.95,62823,-1.16
2021-06-16 12:53:56,226.0,50,23549,122117,228.95,62823,-1.16
2021-06-16 12:53:57,226.0,50,23544,122067,228.94,62873,-1.16
2021-06-16 12:54:02,226.0,50,23687,122067,228.94,62873,-1.16
2021-06-16 12:54:08,226.0,50,23712,122067,228.94,62873,-1.16
2021-06-16 12:54:20,226.0,86,23712,122067,228.94,62873,-1.16
2021-06-16 12:54:21,226.0,86,23757,121981,228.94,62959,-1.16
2021-06-16 12:54:22,226.0,86,23760,121981,228.94,62959,-1.16
2021-06-16 12:54:25,226.0,86,23765,121996,228.94,62959,-1.16
2021-06-16 12:54:28,226.0,86,23765,121981,228.94,62959,-1.16
2021-06-16 12:54:34,226.0,86,23764,121996,228.94,62959,-1.16
2021-06-16 12:54:34,226.0,86,23764,121981,228.94,62959,-1.16
2021-06-16 12:54:36,226.0,86,23763,121981,228.94,62959,-1.16
2021-06-16 12:54:40,226.0,86,23763,122171,228.94,62959,-1.16
2021-06-16 12:54:41,226.0,86,23763,122156,228.94,62959,-1.16
2021-06-16 12:54:43,226.0,86,23762,122166,228.94,62959,-1.16
2021-06-16 12:54:45,226.0,86,23762,122156,228.94,62959,-1.16
2021-06-16 12:54:46,226.0,86,23762,122171,228.94,62959,-1.16
2021-06-16 12:54:46,226.5,3,23762,122171,228.94,62959,-0.94
2021-06-16 12:54:48,226.5,3,23757,122156,228.94,63002,-0.94
2021-06-16 12:54:49,226.5,3,23757,122166,228.94,63002,-0.94
2021-06-16 12:54:55,226.5,3,23755,122171,228.94,63002,-0.94
2021-06-16 12:54:56,226.5,3,23755,122156,228.94,63002,-0.94
2021-06-16 12:54:58,226.5,3,23756,122171,228.94,63002,-0.94
2021-06-16 12:54:58,226.5,3,23756,122156,228.94,63002,-0.94
2021-06-16 12:54:59,226.35,6,23756,122156,228.94,63002,-1.01
2021-06-16 12:55:00,226.35,6,23748,122116,228.94,63056,-1.01
2021-06-16 12:55:03,226.35,6,23748,122216,228.94,63056,-1.01
2021-06-16 12:55:10,226.35,6,23748,122227,228.94,63056,-1.01
2021-06-16 12:55:24,226.05,1,23748,122227,228.94,63056,-1.14
2021-06-16 12:55:25,226.05,1,23744,122227,228.94,63066,-1.14
2021-06-16 12:55:29,226.05,1,23754,122227,228.94,63066,-1.14
2021-06-16 12:55:34,225.65,1,23754,122227,228.94,63066,-1.31
2021-06-16 12:55:35,225.65,1,23674,122128,228.93,63166,-1.31
2021-06-16 12:55:43,225.65,1,23679,122128,228.93,63166,-1.31
2021-06-16 12:55:45,225.65,1,23680,122128,228.93,63166,-1.31
2021-06-16 12:55:52,225.65,1,23685,122128,228.93,63166,-1.31
2021-06-16 12:56:04,225.65,1,23693,122128,228.93,63166,-1.31
2021-06-16 12:56:06,225.85,22,23693,122128,228.93,63166,-1.22
2021-06-16 12:56:06,226.2,5,23689,122127,228.93,63274,-1.07
2021-06-16 12:56:12,226.2,5,23703,122127,228.93,63290,-1.07
2021-06-16 12:56:16,226.2,5,23714,122127,228.93,63290,-1.07
2021-06-16 12:56:18,226.3,1,23756,122119,228.92,63298,-1.03
2021-06-16 12:56:20,226.3,1,24758,122119,228.92,63298,-1.03
2021-06-16 12:56:27,226.35,11,24958,122108,228.92,63309,-1.01
2021-06-16 12:56:33,226.35,11,24953,122123,228.92,63309,-1.01
2021-06-16 12:56:34,226.35,11,24953,122108,228.92,63309,-1.01
2021-06-16 12:56:48,226.35,11,24949,122113,228.92,63309,-1.01
2021-06-16 12:56:54,226.35,11,24949,122108,228.92,63309,-1.01
2021-06-16 12:56:55,226.35,11,24948,122123,228.92,63309,-1.01
2021-06-16 12:57:00,226.35,11,25228,122108,228.92,63309,-1.01
2021-06-16 12:57:01,226.35,11,25228,122123,228.92,63309,-1.01
2021-06-16 12:57:02,226.35,11,25238,122108,228.92,63309,-1.01
2021-06-16 12:57:03,226.35,11,25235,122123,228.92,63309,-1.01
2021-06-16 12:57:04,226.35,11,25235,122254,228.92,63309,-1.01
2021-06-16 12:57:10,226.35,11,25235,122239,228.92,63309,-1.01
2021-06-16 12:57:11,226.35,11,25235,122079,228.92,63309,-1.01
2021-06-16 12:57:12,226.35,11,25235,122089,228.92,63309,-1.01
2021-06-16 12:57:15,226.35,11,25235,122107,228.92,63309,-1.01
2021-06-16 12:57:16,226.35,11,25235,122097,228.92,63309,-1.01
2021-06-16 12:57:27,226.35,11,25234,122107,228.92,63309,-1.01
2021-06-16 12:57:28,226.35,11,25234,122102,228.92,63309,-1.01
2021-06-16 12:57:30,226.35,11,25234,122092,228.92,63309,-1.01
2021-06-16 12:57:34,226.7,8,25233,122099,228.92,63317,-0.85
2021-06-16 12:57:37,226.7,8,25233,122084,228.92,63317,-0.85
2021-06-16 12:57:39,226.7,8,25243,122099,228.92,63317,-0.85
2021-06-16 12:57:40,226.7,8,25243,122084,228.92,63317,-0.85
2021-06-16 12:57:41,226.7,4,25243,122249,228.92,63317,-0.85
2021-06-16 12:57:42,226.7,4,25242,122245,228.92,63321,-0.85
2021-06-16 12:57:43,226.7,4,25242,122260,228.92,63321,-0.85
2021-06-16 12:57:55,226.7,4,25237,122250,228.92,63321,-0.85
2021-06-16 12:58:04,226.7,4,25237,122260,228.92,63321,-0.85
2021-06-16 12:58:06,226.7,4,25237,122245,228.92,63321,-0.85
2021-06-16 12:58:09,226.7,4,25247,122245,228.92,63321,-0.85
2021-06-16 12:58:12,226.7,4,24977,122260,228.92,63321,-0.85
2021-06-16 12:58:18,226.7,4,24977,122245,228.92,63321,-0.85
2021-06-16 12:58:23,226.7,4,24982,122245,228.92,63321,-0.85
2021-06-16 12:58:24,226.7,4,24987,122245,228.92,63321,-0.85
2021-06-16 12:58:28,226.7,4,24987,122248,228.92,63321,-0.85
2021-06-16 12:58:29,226.35,2,24987,122248,228.92,63321,-1.01
2021-06-16 12:58:30,226.35,2,24985,122250,228.92,63323,-1.01
2021-06-16 12:58:31,226.35,2,24986,122265,228.92,63323,-1.01
2021-06-16 12:58:33,226.35,2,24991,122254,228.92,63323,-1.01
2021-06-16 12:58:37,226.35,2,24993,122249,228.92,63323,-1.01
2021-06-16 12:58:37,226.7,3,24993,122249,228.92,63323,-0.85
2021-06-16 12:58:38,226.4,1,24992,122242,228.92,63329,-0.98
2021-06-16 12:58:39,226.4,1,24992,122245,228.92,63329,-0.98
2021-06-16 12:58:40,226.4,1,24995,122245,228.92,63329,-0.98
2021-06-16 12:58:42,226.4,1,24994,122245,228.92,63329,-0.98
2021-06-16 12:58:45,226.4,1,25004,122260,228.92,63329,-0.98
2021-06-16 12:58:46,226.4,1,25004,122245,228.92,63329,-0.98
2021-06-16 12:58:52,226.4,1,25005,122245,228.92,63329,-0.98
2021-06-16 12:58:54,226.4,1,25005,122260,228.92,63329,-0.98
2021-06-16 12:58:55,226.4,1,25006,122260,228.92,63329,-0.98
2021-06-16 12:58:57,226.5,2,25006,122260,228.92,63329,-0.94
2021-06-16 12:58:58,226.5,2,25005,122250,228.92,63331,-0.94
2021-06-16 12:58:59,226.5,8,25005,122250,228.92,63331,-0.94
2021-06-16 12:59:00,226.5,8,25255,122253,228.92,63339,-0.94
2021-06-16 12:59:01,226.5,4,25255,122253,228.92,63339,-0.94
2021-06-16 12:59:01,226.5,4,25246,122271,228.92,63347,-0.94
2021-06-16 12:59:05,226.5,4,25248,122256,228.92,63347,-0.94
2021-06-16 12:59:06,226.4,14,25248,122256,228.92,63347,-0.98
2021-06-16 12:59:06,226.4,14,25226,122261,228.92,63412,-0.98
2021-06-16 12:59:08,226.4,14,25226,122256,228.92,63412,-0.98
2021-06-16 12:59:09,226.4,14,25238,122256,228.92,63412,-0.98
2021-06-16 12:59:11,226.4,14,25249,122256,228.92,63412,-0.98
2021-06-16 12:59:12,226.5,2,25249,122256,228.92,63412,-0.94
2021-06-16 12:59:14,226.5,2,25240,122271,228.92,63414,-0.94
2021-06-16 12:59:15,226.5,2,25240,122256,228.92,63414,-0.94
2021-06-16 12:59:16,226.5,2,25242,122271,228.92,63414,-0.94
2021-06-16 12:59:17,226.5,2,25238,122256,228.92,63446,-0.94
2021-06-16 12:59:18,226.5,2,25238,122271,228.92,63446,-0.94
2021-06-16 12:59:20,226.5,2,25248,122271,228.92,63446,-0.94
2021-06-16 12:59:21,226.4,112,25248,122271,228.92,63446,-0.98
2021-06-16 12:59:22,226.4,112,25136,122144,228.91,63558,-0.98
2021-06-16 12:59:23,226.4,112,25137,122144,228.91,63558,-0.98
2021-06-16 12:59:24,226.4,112,25144,122159,228.91,63558,-0.98
2021-06-16 12:59:29,226.4,112,25143,122144,228.91,63558,-0.98
2021-06-16 12:59:36,226.4,112,25144,122144,228.91,63558,-0.98
2021-06-16 12:59:38,226.4,112,25145,122144,228.91,63558,-0.98
2021-06-16 12:59:39,226.4,112,25145,122124,228.91,63558,-0.98
2021-06-16 12:59:41,226.4,112,25146,122139,228.91,63558,-0.98
2021-06-16 12:59:42,226.4,112,25146,122124,228.91,63558,-0.98
2021-06-16 12:59:46,226.4,112,25147,122124,228.91,63558,-0.98
2021-06-16 12:59:47,226.4,112,25147,122139,228.91,63558,-0.98
2021-06-16 12:59:48,226.4,112,25157,122139,228.91,63558,-0.98
2021-06-16 12:59:50,226.4,112,25157,122124,228.91,63558,-0.98
2021-06-16 12:59:57,226.4,112,25156,122124,228.91,63558,-0.98
2021-06-16 12:59:59,226.4,112,25155,122139,228.91,63558,-0.98
2021-06-16 13:00:03,226.4,112,25155,122124,228.91,63558,-0.98
2021-06-16 13:00:37,226.4,112,25154,122134,228.91,63558,-0.98
2021-06-16 13:00:42,226.4,112,25154,122139,228.91,63558,-0.98
2021-06-16 13:00:45,226.4,112,25154,122124,228.91,63558,-0.98
2021-06-16 13:00:46,226.4,6,25137,122121,228.91,63624,-0.98
2021-06-16 13:00:47,226.4,6,25122,122136,228.91,63624,-0.98
2021-06-16 13:00:53,226.65,1,25122,122136,228.91,63630,-0.87
2021-06-16 13:01:03,226.9,1,25047,122005,228.9,63997,-0.77
2021-06-16 13:01:09,226.9,1,25065,122005,228.9,63997,-0.77
2021-06-16 13:01:09,226.9,1,25055,122005,228.9,63997,-0.77
2021-06-16 13:01:12,226.9,1,25056,122005,228.9,63997,-0.77
2021-06-16 13:01:21,226.9,1,25058,122005,228.9,63997,-0.77
2021-06-16 13:01:22,226.9,1,25059,122005,228.9,63997,-0.77
2021-06-16 13:01:26,226.55,18,25050,122005,228.9,64024,-0.92
2021-06-16 13:01:27,226.55,18,25048,122005,228.9,64024,-0.92
2021-06-16 13:01:28,226.55,18,25052,122005,228.9,64024,-0.92
2021-06-16 13:01:32,226.55,18,25052,122006,228.9,64024,-0.92
2021-06-16 13:01:41,226.55,18,25942,122006,228.9,64024,-0.92
2021-06-16 13:01:43,226.55,18,25943,122006,228.9,64024,-0.92
2021-06-16 13:01:46,226.55,18,25943,122016,228.9,64024,-0.92
2021-06-16 13:01:49,226.55,18,25944,122016,228.9,64024,-0.92
2021-06-16 13:01:51,226.55,18,25945,122016,228.9,64024,-0.92
2021-06-16 13:01:57,226.95,1,25950,122018,228.9,64025,-0.74
2021-06-16 13:01:57,226.95,1,25948,122018,228.9,64025,-0.74
2021-06-16 13:02:01,227.0,8,25944,121996,228.9,64087,-0.72
2021-06-16 13:02:04,227.0,8,25945,121997,228.9,64087,-0.72
2021-06-16 13:02:10,227.0,8,25955,121997,228.9,64087,-0.72
2021-06-16 13:02:12,227.0,8,25975,121997,228.9,64087,-0.72
2021-06-16 13:02:16,227.0,8,25957,121997,228.9,64087,-0.72
2021-06-16 13:02:21,227.0,8,25956,121997,228.9,64087,-0.72
2021-06-16 13:02:27,227.0,8,25966,121997,228.9,64087,-0.72
2021-06-16 13:02:31,227.35,6,25966,121997,228.9,64087,-0.57
2021-06-16 13:02:31,227.35,6,25979,121995,228.9,64103,-0.57
2021-06-16 13:02:36,227.45,30,25968,121914,228.89,64184,-0.52
2021-06-16 13:02:39,226.7,8,25968,121934,228.89,64227,-0.85
2021-06-16 13:02:42,226.7,8,25960,121920,228.89,64227,-0.85
2021-06-16 13:02:43,226.7,8,25980,121920,228.89,64227,-0.85
2021-06-16 13:02:51,226.7,8,25981,121920,228.89,64227,-0.85
2021-06-16 13:02:52,226.7,8,25982,121920,228.89,64227,-0.85
2021-06-16 13:02:56,226.7,8,25962,121920,228.89,64227,-0.85
2021-06-16 13:03:12,226.7,8,25964,121920,228.89,64227,-0.85
2021-06-16 13:03:13,226.7,8,25963,121920,228.89,64227,-0.85
2021-06-16 13:03:16,227.3,4,25962,121916,228.89,64231,-0.59
2021-06-16 13:03:21,227.3,4,25959,121916,228.89,64231,-0.59
2021-06-16 13:03:28,227.3,4,25960,121916,228.89,64231,-0.59
2021-06-16 13:03:35,227.3,4,25961,121916,228.89,64231,-0.59
2021-06-16 13:03:37,227.3,4,25965,121966,228.89,64231,-0.59
2021-06-16 13:03:40,227.3,4,25965,122016,228.89,64231,-0.59
2021-06-16 13:03:42,227.3,4,25966,122016,228.89,64231,-0.59
2021-06-16 13:03:44,227.3,4,25966,121814,228.89,64231,-0.59
2021-06-16 13:03:45,227.3,4,25966,121864,228.89,64231,-0.59
2021-06-16 13:03:46,227.3,4,25966,121863,228.89,64231,-0.59
2021-06-16 13:03:49,227.3,4,25734,121863,228.89,64231,-0.59
2021-06-16 13:03:50,227.3,4,25734,121913,228.89,64231,-0.59
2021-06-16 13:03:51,227.3,4,25733,121913,228.89,64231,-0.59
2021-06-16 13:03:56,227.3,4,25733,121963,228.89,64231,-0.59
2021-06-16 13:04:00,227.3,4,25733,122013,228.89,64231,-0.59
2021-06-16 13:04:15,227.1,12,25771,122001,228.89,64243,-0.68
2021-06-16 13:04:20,227.1,38,25771,122001,228.89,64243,-0.68
2021-06-16 13:04:21,227.1,6,25733,121957,228.89,64287,-0.68
2021-06-16 13:04:27,227.1,6,25727,121956,228.89,64287,-0.68
2021-06-16 13:04:32,227.1,6,25728,121956,228.89,64287,-0.68
2021-06-16 13:04:42,227.1,6,25729,121959,228.89,64287,-0.68
2021-06-16 13:04:45,227.1,6,25530,121959,228.89,64287,-0.68
2021-06-16 13:04:46,227.1,5,25530,121959,228.89,64287,-0.68
2021-06-16 13:04:48,227.1,5,25531,121950,228.89,64306,-0.68
2021-06-16 13:04:52,227.1,5,25527,121952,228.89,64306,-0.68
2021-06-16 13:05:04,227.1,5,25528,121952,228.89,64306,-0.68
2021-06-16 13:05:06,227.1,5,25528,121961,228.89,64306,-0.68
2021-06-16 13:05:14,227.1,5,25764,121961,228.89,64306,-0.68
2021-06-16 13:05:43,227.1,5,25764,121962,228.89,64306,-0.68
2021-06-16 13:05:55,227.1,5,25764,122167,228.89,64306,-0.68
2021-06-16 13:06:08,227.1,5,25764,122168,228.89,64306,-0.68
2021-06-16 13:06:18,227.1,5,25765,122171,228.89,64306,-0.68
2021-06-16 13:06:23,227.1,5,25725,122171,228.89,64306,-0.68
2021-06-16 13:06:36,227.1,5,25723,122171,228.89,64306,-0.68
2021-06-16 13:07:01,227.1,5,25722,122184,228.89,64306,-0.68
2021-06-16 13:07:07,227.1,5,25723,122184,228.89,64306,-0.68
2021-06-16 13:07:35,227.1,5,25743,122442,228.89,64306,-0.68
2021-06-16 13:07:52,227.1,5,25728,122542,228.89,64306,-0.68
2021-06-16 13:08:13,227.1,5,25729,122642,228.89,64306,-0.68
2021-06-16 13:08:25,227.1,5,25729,122542,228.89,64306,-0.68
2021-06-16 13:08:29,227.1,5,25728,122289,228.89,64306,-0.68
2021-06-16 13:08:30,227.25,2,25728,122289,228.89,64306,-0.61
2021-06-16 13:08:32,227.25,2,25738,122271,228.89,64346,-0.61
2021-06-16 13:08:46,227.25,2,25741,122271,228.89,64346,-0.61
2021-06-16 13:08:52,227.25,2,25743,122271,228.89,64346,-0.61
2021-06-16 13:09:03,227.25,2,25744,122271,228.89,64346,-0.61
2021-06-16 13:09:13,227.25,2,26045,122271,228.89,64346,-0.61
2021-06-16 13:09:22,227.25,2,26048,122274,228.89,64346,-0.61
2021-06-16 13:09:31,227.25,2,26045,122281,228.89,64346,-0.61
2021-06-16 13:09:48,227.25,2,26043,122281,228.89,64346,-0.61
2021-06-16 13:09:51,227.2,1,26043,122281,228.89,64346,-0.63
2021-06-16 13:09:52,227.2,1,26042,122284,228.89,64365,-0.63
2021-06-16 13:09:53,227.2,1,26039,122284,228.89,64365,-0.63
2021-06-16 13:10:00,227.2,1,26040,122284,228.89,64365,-0.63
2021-06-16 13:10:07,227.15,11,26041,122273,228.89,64376,-0.66
2021-06-16 13:10:12,227.15,11,26091,122273,228.89,64376,-0.66
2021-06-16 13:10:18,227.15,11,26092,122273,228.89,64376,-0.66
2021-06-16 13:10:34,227.15,11,26094,122273,228.89,64376,-0.66
2021-06-16 13:10:36,227.15,11,26093,122273,228.89,64376,-0.66
2021-06-16 13:10:52,227.15,11,26101,122273,228.89,64376,-0.66
2021-06-16 13:11:03,227.15,11,26100,122273,228.89,64376,-0.66
2021-06-16 13:11:06,227.25,6,26099,122267,228.89,64382,-0.61
2021-06-16 13:11:09,227.25,6,26096,122267,228.89,64382,-0.61
2021-06-16 13:11:35,227.25,6,26096,122274,228.89,64382,-0.61
2021-06-16 13:11:45,227.25,6,26096,122268,228.89,64382,-0.61
2021-06-16 13:11:49,227.25,6,26096,122272,228.89,64382,-0.61
2021-06-16 13:12:11,226.75,1,26092,122266,228.89,64388,-0.83
2021-06-16 13:12:18,226.75,1,26090,122266,228.89,64388,-0.83
2021-06-16 13:12:22,226.75,1,26091,122266,228.89,64388,-0.83
2021-06-16 13:12:27,226.75,1,26092,122366,228.89,64388,-0.83
2021-06-16 13:12:29,226.75,1,26117,122366,228.89,64388,-0.83
2021-06-16 13:12:33,226.75,1,26417,122366,228.89,64388,-0.83
2021-06-16 13:12:33,227.25,1,26417,122366,228.89,64388,-0.61
2021-06-16 13:12:34,227.25,1,26410,122363,228.89,64391,-0.61
2021-06-16 13:12:36,227.25,1,26450,122363,228.89,64391,-0.61
2021-06-16 13:12:37,227.25,1,26451,122363,228.89,64391,-0.61
2021-06-16 13:12:46,227.25,1,26452,122363,228.89,64391,-0.61
2021-06-16 13:12:48,227.25,1,26453,122363,228.89,64391,-0.61
2021-06-16 13:12:51,227.25,3,26452,122358,228.89,64394,-0.61
2021-06-16 13:12:57,227.25,3,26447,122358,228.89,64394,-0.61
2021-06-16 13:13:01,227.25,1,26447,122358,228.89,64394,-0.61
2021-06-16 13:13:01,227.25,1,26446,122357,228.89,64395,-0.61
2021-06-16 13:13:10,227.25,1,26447,122357,228.89,64395,-0.61
2021-06-16 13:13:17,227.25,1,26449,122357,228.89,64395,-0.61
2021-06-16 13:13:22,227.25,1,26450,122357,228.89,64395,-0.61
2021-06-16 13:13:33,227.25,1,26450,122367,228.89,64395,-0.61
2021-06-16 13:13:50,227.25,1,26450,122377,228.89,64395,-0.61
2021-06-16 13:13:55,227.25,1,25451,122377,228.89,64395,-0.61
2021-06-16 13:13:57,227.25,1,25501,122377,228.89,64395,-0.61
2021-06-16 13:14:19,227.25,1,25500,122387,228.89,64395,-0.61
2021-06-16 13:14:26,227.25,1,25499,122387,228.89,64395,-0.61
2021-06-16 13:14:37,227.25,1,25509,122387,228.89,64395,-0.61
2021-06-16 13:14:49,227.25,1,25509,122397,228.89,64395,-0.61
2021-06-16 13:16:55,226.5,22,25489,122433,228.89,64465,-0.94
2021-06-16 13:16:58,226.5,22,25491,122433,228.89,64465,-0.94
2021-06-16 13:17:03,226.5,22,25493,122433,228.89,64465,-0.94
2021-06-16 13:17:07,226.5,22,25496,122433,228.89,64465,-0.94
2021-06-16 13:17:14,226.5,22,25547,122433,228.89,64465,-0.94
2021-06-16 13:17:18,226.5,22,25542,122458,228.89,64465,-0.94
2021-06-16 13:17:25,226.5,22,25542,122478,228.89,64465,-0.94
2021-06-16 13:17:26,226.5,22,25537,122478,228.89,64465,-0.94
2021-06-16 13:17:39,226.5,22,25539,122478,228.89,64465,-0.94
2021-06-16 13:17:42,226.5,22,25538,122478,228.89,64465,-0.94
2021-06-16 13:17:49,226.65,1,25538,122478,228.89,64465,-0.87
2021-06-16 13:17:49,226.65,1,25535,122478,228.89,64481,-0.87
2021-06-16 13:17:55,226.65,1,25536,122478,228.89,64481,-0.87
2021-06-16 13:18:21,226.65,1,25541,122478,228.89,64481,-0.87
2021-06-16 13:19:16,226.95,1,25541,122478,228.89,64481,-0.74
2021-06-16 13:19:17,226.95,1,25541,122478,228.89,64482,-0.74
2021-06-16 13:20:10,226.95,1,25534,122478,228.89,64482,-0.74
2021-06-16 13:20:39,227.05,5,25534,122478,228.89,64482,-0.7
2021-06-16 13:20:39,227.05,5,25537,122448,228.88,64512,-0.7
2021-06-16 13:20:43,227.05,5,25538,122441,228.88,64512,-0.7
2021-06-16 13:20:48,227.05,5,25533,122436,228.88,64517,-0.7
2021-06-16 13:20:51,227.05,5,25535,122436,228.88,64517,-0.7
2021-06-16 13:20:52,227.05,5,25535,122441,228.88,64517,-0.7
2021-06-16 13:20:58,227.05,5,25536,122441,228.88,64517,-0.7
2021-06-16 13:22:06,227.15,9,25536,122441,228.88,64517,-0.66
2021-06-16 13:22:07,227.15,9,25534,122435,228.88,64532,-0.66
2021-06-16 13:22:11,227.15,9,25541,122441,228.88,64532,-0.66
2021-06-16 13:22:14,227.15,9,25542,122441,228.88,64532,-0.66
2021-06-16 13:22:16,227.2,2,25542,122441,228.88,64532,-0.63
2021-06-16 13:22:17,227.25,27,25542,122441,228.88,64532,-0.61
2021-06-16 13:22:27,227.25,27,25541,122404,228.88,64585,-0.61
2021-06-16 13:22:28,227.25,27,25542,122404,228.88,64585,-0.61
2021-06-16 13:22:43,227.25,27,25544,122404,228.88,64585,-0.61
2021-06-16 13:23:07,227.25,27,25643,122404,228.88,64585,-0.61
2021-06-16 13:23:19,226.7,1,25639,122420,228.88,64643,-0.85
2021-06-16 13:23:27,226.7,1,25654,122428,228.88,64643,-0.85
2021-06-16 13:23:33,226.7,1,25655,122428,228.88,64643,-0.85
2021-06-16 13:23:39,226.7,1,25656,122428,228.88,64643,-0.85
2021-06-16 13:23:46,226.7,1,25660,122428,228.88,64643,-0.85
2021-06-16 13:23:52,226.8,5,25660,122428,228.88,64643,-0.81
2021-06-16 13:23:57,226.8,5,25656,122428,228.88,64648,-0.81
2021-06-16 13:23:58,226.8,5,25657,122428,228.88,64648,-0.81
2021-06-16 13:24:13,226.8,5,25653,122428,228.88,64648,-0.81
2021-06-16 13:24:28,226.8,5,25453,122428,228.88,64648,-0.81
2021-06-16 13:24:29,226.8,5,25478,122428,228.88,64648,-0.81
2021-06-16 13:24:46,227.2,2,25478,122428,228.88,64648,-0.63
2021-06-16 13:25:21,227.2,2,25479,122428,228.88,64650,-0.63
2021-06-16 13:25:22,227.2,2,25482,122428,228.88,64652,-0.63
2021-06-16 13:26:14,227.2,2,25479,122418,228.88,64652,-0.63
2021-06-16 13:26:30,227.2,2,25503,122418,228.88,64652,-0.63
2021-06-16 13:26:37,227.2,2,25553,122418,228.88,64652,-0.63
2021-06-16 13:26:57,227.2,2,25553,122468,228.88,64652,-0.63
2021-06-16 13:27:58,227.2,2,25553,122568,228.88,64652,-0.63
2021-06-16 13:28:54,227.2,2,25544,122567,228.88,64654,-0.63
2021-06-16 13:28:59,227.2,2,25544,122570,228.88,64654,-0.63
2021-06-16 13:29:02,227.2,2,25546,122570,228.88,64654,-0.63
2021-06-16 13:29:05,227.2,2,25530,122669,228.88,64654,-0.63
2021-06-16 13:29:08,227.2,2,25532,122669,228.88,64654,-0.63
2021-06-16 13:29:14,227.2,2,25533,122669,228.88,64654,-0.63
2021-06-16 13:29:15,227.05,3,25533,122669,228.88,64654,-0.7
2021-06-16 13:29:16,227.05,3,25524,122666,228.88,64657,-0.7
2021-06-16 13:29:27,227.05,3,25525,122666,228.88,64657,-0.7
2021-06-16 13:29:28,227.05,3,25526,122666,228.88,64657,-0.7
2021-06-16 13:29:36,227.05,3,25527,122666,228.88,64657,-0.7
2021-06-16 13:29:37,227.05,3,25541,122562,228.88,64657,-0.7
2021-06-16 13:29:43,227.05,3,25540,122562,228.88,64657,-0.7
2021-06-16 13:29:49,227.05,3,25538,122562,228.88,64657,-0.7
2021-06-16 13:29:52,227.05,3,25539,122562,228.88,64657,-0.7
2021-06-16 13:29:57,227.05,3,25537,122562,228.88,64657,-0.7
2021-06-16 13:30:21,227.25,1,25536,122561,228.88,64658,-0.61
2021-06-16 13:30:42,227.25,44,25536,122517,228.88,64702,-0.61
2021-06-16 13:30:46,227.25,1,25536,122517,228.88,64702,-0.61
2021-06-16 13:30:47,227.25,1,25538,122521,228.88,64703,-0.61
2021-06-16 13:30:48,227.25,1,25538,122721,228.88,64703,-0.61
2021-06-16 13:31:03,227.25,4,25538,122671,228.88,64753,-0.61
2021-06-16 13:31:09,227.25,4,25535,122671,228.88,64753,-0.61
2021-06-16 13:31:24,227.5,5,25535,122671,228.88,64753,-0.5
2021-06-16 13:31:25,227.5,5,25526,122498,228.87,64953,-0.5
2021-06-16 13:31:34,227.5,5,25537,122498,228.87,64953,-0.5
2021-06-16 13:31:36,227.5,3,25537,122498,228.87,64953,-0.5
2021-06-16 13:31:37,227.5,3,25537,122495,228.87,64956,-0.5
2021-06-16 13:31:39,227.5,3,25538,122495,228.87,64956,-0.5
2021-06-16 13:31:56,227.5,3,25539,122495,228.87,64956,-0.5
2021-06-16 13:32:02,227.5,1,25539,122495,228.87,64956,-0.5
2021-06-16 13:32:03,227.5,1,25539,122494,228.87,64957,-0.5
2021-06-16 13:32:04,227.5,1,25539,122504,228.87,64957,-0.5
2021-06-16 13:32:06,227.5,9,25551,122493,228.87,64968,-0.5
2021-06-16 13:32:09,227.5,9,27611,122493,228.87,64968,-0.5
2021-06-16 13:32:10,227.5,9,27710,122493,228.87,64968,-0.5
2021-06-16 13:32:11,227.6,10,27710,122493,228.87,64968,-0.46
2021-06-16 13:32:12,227.6,10,27671,122483,228.87,64978,-0.46
2021-06-16 13:32:13,227.75,39,27671,122483,228.87,64978,-0.39
2021-06-16 13:32:13,227.75,39,27651,122564,228.87,65017,-0.39
2021-06-16 13:32:16,227.75,39,27653,122503,228.87,65017,-0.39
2021-06-16 13:32:22,227.75,39,27655,122503,228.87,65017,-0.39
2021-06-16 13:32:24,227.8,2,27655,122503,228.87,65017,-0.37
2021-06-16 13:32:25,227.8,2,27654,122503,228.87,65055,-0.37
2021-06-16 13:32:26,227.75,15,27620,122381,228.87,65193,-0.39
2021-06-16 13:32:31,227.75,15,25622,122368,228.87,65193,-0.39
2021-06-16 13:32:36,227.75,16,25622,122368,228.87,65193,-0.39
2021-06-16 13:32:37,227.75,16,25620,122352,228.87,65209,-0.39
2021-06-16 13:32:37,227.7,4,25620,122352,228.87,65209,-0.42
2021-06-16 13:32:38,227.7,4,25514,122346,228.87,65225,-0.42
2021-06-16 13:32:53,227.7,4,25514,122246,228.87,65225,-0.42
2021-06-16 13:33:43,227.3,16,25514,122269,228.87,65225,-0.59
2021-06-16 13:33:44,227.3,16,25502,122273,228.87,65241,-0.59
2021-06-16 13:33:45,227.3,4,25502,122273,228.87,65241,-0.59
2021-06-16 13:33:46,227.3,4,25499,122273,228.87,65245,-0.59
2021-06-16 13:33:46,227.15,2,25499,122273,228.87,65245,-0.66
2021-06-16 13:33:48,227.15,2,25499,122273,228.87,65247,-0.66
2021-06-16 13:33:50,227.15,2,25499,122273,228.87,65251,-0.66
2021-06-16 13:33:52,227.15,2,25499,122273,228.87,65253,-0.66
2021-06-16 13:33:53,227.15,2,25499,122273,228.87,65255,-0.66
2021-06-16 13:33:55,227.15,2,25699,122273,228.87,65257,-0.66
2021-06-16 13:33:56,227.15,2,25699,122273,228.87,65259,-0.66
2021-06-16 13:33:58,227.05,1,25698,122273,228.87,65261,-0.7
2021-06-16 13:33:59,227.05,43,25696,122359,228.87,65350,-0.7
2021-06-16 13:34:01,227.1,5,25501,122359,228.86,65436,-0.68
2021-06-16 13:34:04,227.1,5,25516,122359,228.86,65441,-0.68
2021-06-16 13:34:06,227.1,4,25520,122359,228.86,65446,-0.68
2021-06-16 13:34:08,227.1,4,25620,122359,228.86,65455,-0.68
2021-06-16 13:34:10,227.1,4,25621,122359,228.86,65464,-0.68
2021-06-16 13:34:12,227.1,25,25646,122359,228.86,65473,-0.68
2021-06-16 13:34:14,227.1,6,25621,122359,228.86,65507,-0.68
2021-06-16 13:34:16,227.1,6,25618,122344,228.86,65536,-0.68
2021-06-16 13:34:17,227.1,1,25618,122344,228.86,65536,-0.68
2021-06-16 13:34:19,227.1,4,25617,122344,228.86,65541,-0.68
2021-06-16 13:34:24,227.1,4,25617,122344,228.86,65545,-0.68
2021-06-16 13:34:27,227.1,2,25615,122344,228.86,65549,-0.68
2021-06-16 13:34:30,227.1,1,25616,122344,228.86,65551,-0.68
2021-06-16 13:34:31,227.1,2,25615,122344,228.86,65554,-0.68
2021-06-16 13:34:33,227.1,2,25615,122344,228.86,65556,-0.68
2021-06-16 13:34:34,227.15,1,25615,122344,228.86,65556,-0.66
2021-06-16 13:34:35,227.1,1,25616,122344,228.86,65557,-0.68
2021-06-16 13:34:37,227.1,1,25615,122344,228.86,65560,-0.68
2021-06-16 13:34:39,227.1,1,25614,122344,228.86,65563,-0.68
2021-06-16 13:34:42,227.05,1,25614,122344,228.86,65564,-0.7
2021-06-16 13:34:43,227.05,1,25613,122344,228.86,65566,-0.7
2021-06-16 13:34:45,227.0,100,25596,122344,228.86,65567,-0.72
2021-06-16 13:34:46,227.0,100,25195,122369,228.85,65968,-0.72
2021-06-16 13:34:48,227.0,100,25215,122369,228.85,65968,-0.72
2021-06-16 13:34:52,227.0,100,25216,122369,228.85,65968,-0.72
2021-06-16 13:34:58,227.0,100,25219,122369,228.85,65968,-0.72
2021-06-16 13:35:04,227.0,100,25227,122369,228.85,65968,-0.72
2021-06-16 13:36:11,227.15,196,25227,122369,228.85,65968,-0.66
2021-06-16 13:36:13,227.15,196,25207,122353,228.84,66164,-0.66
2021-06-16 13:36:28,227.15,196,25195,122353,228.84,66164,-0.66
2021-06-16 13:37:33,227.15,196,25195,122363,228.84,66164,-0.66
2021-06-16 13:37:40,226.65,15,25142,122363,228.84,66189,-0.87
2021-06-16 13:37:49,226.65,15,25144,122363,228.84,66189,-0.87
2021-06-16 13:37:52,226.65,15,25145,122363,228.84,66189,-0.87
2021-06-16 13:37:54,226.65,15,25153,122363,228.84,66189,-0.87
2021-06-16 13:37:59,226.65,15,25157,122363,228.84,66189,-0.87
2021-06-16 13:38:06,226.65,15,25159,122363,228.84,66189,-0.87
2021-06-16 13:38:22,226.65,15,25259,122363,228.84,66189,-0.87
2021-06-16 13:38:29,227.0,26,25259,122363,228.84,66189,-0.72
2021-06-16 13:38:33,227.0,26,25267,122379,228.84,66229,-0.72
2021-06-16 13:38:37,227.0,26,25261,122379,228.84,66229,-0.72
2021-06-16 13:38:58,227.0,26,25286,122379,228.84,66229,-0.72
2021-06-16 13:39:11,227.0,2,25284,122377,228.84,66241,-0.72
2021-06-16 13:39:27,227.0,2,25334,122377,228.84,66241,-0.72
2021-06-16 13:39:47,227.0,2,25338,122387,228.84,66241,-0.72
2021-06-16 13:39:51,227.0,1,25338,122387,228.84,66241,-0.72
2021-06-16 13:39:52,227.0,1,25338,122386,228.84,66242,-0.72
2021-06-16 13:39:56,227.0,3,25338,122386,228.84,66242,-0.72
2021-06-16 13:39:59,227.0,3,25318,122386,228.84,66262,-0.72
2021-06-16 13:40:06,227.0,3,25329,122386,228.84,66262,-0.72
2021-06-16 13:40:11,227.0,2,25329,122386,228.84,66262,-0.72
2021-06-16 13:40:12,227.0,2,25329,122384,228.84,66264,-0.72
2021-06-16 13:40:13,227.0,2,25337,122384,228.84,66264,-0.72
2021-06-16 13:40:16,227.0,2,25339,122384,228.84,66264,-0.72
2021-06-16 13:40:20,227.0,2,25347,122384,228.84,66264,-0.72
2021-06-16 13:40:31,227.0,2,25347,122394,228.84,66264,-0.72
2021-06-16 13:41:36,227.0,1,25320,122393,228.84,66265,-0.72
2021-06-16 13:41:44,227.0,1,25332,122393,228.84,66265,-0.72
2021-06-16 13:41:51,227.0,1,25339,122393,228.84,66265,-0.72
2021-06-16 13:41:58,227.0,1,25340,122393,228.84,66265,-0.72
2021-06-16 13:42:59,227.0,1,25340,122398,228.84,66290,-0.72
2021-06-16 13:43:01,227.0,1,25347,122420,228.84,66290,-0.72
2021-06-16 13:43:02,227.0,1,25342,122420,228.84,66290,-0.72
2021-06-16 13:43:07,227.0,1,25350,122420,228.84,66290,-0.72
2021-06-16 13:43:14,226.6,137,25350,122420,228.84,66290,-0.9
2021-06-16 13:43:16,226.6,137,25216,122424,228.83,66440,-0.9
2021-06-16 13:43:21,226.6,137,25189,122424,228.83,66440,-0.9
2021-06-16 13:43:24,226.6,137,25196,122424,228.83,66440,-0.9
2021-06-16 13:43:28,226.6,137,25201,122424,228.83,66440,-0.9
2021-06-16 13:43:36,226.6,137,25208,122424,228.83,66440,-0.9
2021-06-16 13:43:39,226.6,137,25213,122424,228.83,66440,-0.9
2021-06-16 13:44:26,226.6,137,25241,122574,228.83,66440,-0.9
2021-06-16 13:44:32,226.6,137,25266,122574,228.83,66440,-0.9
2021-06-16 13:44:45,226.6,6,25266,122574,228.83,66440,-0.9
2021-06-16 13:44:46,226.6,6,25247,122574,228.83,66459,-0.9
2021-06-16 13:44:46,226.95,42,25247,122574,228.83,66459,-0.74
2021-06-16 13:44:48,226.95,42,25305,122574,228.83,66517,-0.74
2021-06-16 13:44:53,226.95,42,25292,122574,228.83,66517,-0.74
2021-06-16 13:44:54,226.95,42,25295,122574,228.83,66517,-0.74
2021-06-16 13:44:57,226.95,42,25313,122574,228.83,66517,-0.74
2021-06-16 13:45:02,226.95,42,25318,122574,228.83,66517,-0.74
2021-06-16 13:45:07,226.95,42,25320,122574,228.83,66517,-0.74
2021-06-16 13:45:13,226.95,42,25327,122574,228.83,66517,-0.74
2021-06-16 13:45:34,226.95,42,25352,122574,228.83,66517,-0.74
2021-06-16 13:45:44,226.9,10,25352,122574,228.83,66517,-0.77
2021-06-16 13:45:45,226.9,10,25342,122564,228.83,66527,-0.77
2021-06-16 13:45:46,226.7,6,25342,122564,228.83,66527,-0.85
2021-06-16 13:45:47,226.7,6,25343,122564,228.83,66533,-0.85
2021-06-16 13:45:49,226.7,6,25344,122564,228.83,66533,-0.85
2021-06-16 13:45:51,226.7,6,25345,122564,228.83,66533,-0.85
2021-06-16 13:45:57,226.7,6,25338,122564,228.83,66533,-0.85
2021-06-16 13:46:22,226.7,6,25338,122560,228.83,66533,-0.85
2021-06-16 13:46:32,226.7,6,25338,122582,228.83,66533,-0.85
2021-06-16 13:46:36,226.95,4,25338,122582,228.83,66533,-0.74
2021-06-16 13:46:37,226.95,4,25331,122582,228.83,66537,-0.74
2021-06-16 13:46:38,226.95,4,25331,122597,228.83,66537,-0.74
2021-06-16 13:46:40,226.95,4,25332,122597,228.83,66537,-0.74
2021-06-16 13:46:41,226.95,4,25332,122582,228.83,66537,-0.74
2021-06-16 13:47:11,227.0,2,25332,122382,228.83,66537,-0.72
2021-06-16 13:47:12,226.95,4,25332,122382,228.83,66537,-0.74
2021-06-16 13:47:12,226.95,4,25331,122377,228.83,66546,-0.74
2021-06-16 13:47:13,226.95,4,25323,122377,228.83,66546,-0.74
2021-06-16 13:47:20,226.95,4,25325,122377,228.83,66546,-0.74
2021-06-16 13:47:27,226.95,1,25325,122377,228.83,66546,-0.74
2021-06-16 13:47:27,226.95,1,25329,122377,228.83,66547,-0.74
2021-06-16 13:47:31,227.0,6,25329,122377,228.83,66547,-0.72
2021-06-16 13:47:32,227.0,6,25330,122367,228.83,66557,-0.72
2021-06-16 13:47:37,227.0,6,25333,122367,228.83,66557,-0.72
2021-06-16 13:48:22,226.95,1,25333,122367,228.83,66557,-0.74
2021-06-16 13:48:23,226.95,1,25331,122365,228.83,66559,-0.74
2021-06-16 13:48:56,227.0,1,25330,122370,228.83,66564,-0.72
2021-06-16 13:49:07,227.0,1,25322,122370,228.83,66564,-0.72
2021-06-16 13:49:22,226.7,12,25322,122370,228.83,66564,-0.85
2021-06-16 13:49:24,226.7,12,25310,122370,228.83,66576,-0.85
2021-06-16 13:49:29,226.7,12,25311,122370,228.83,66576,-0.85
2021-06-16 13:49:33,226.7,12,25314,122371,228.83,66576,-0.85
2021-06-16 13:49:42,226.7,12,25317,122371,228.83,66576,-0.85
2021-06-16 13:49:47,226.7,12,25322,122371,228.83,66576,-0.85
2021-06-16 13:50:31,226.7,12,25422,122371,228.83,66576,-0.85
2021-06-16 13:50:51,227.0,6,25421,122365,228.83,66582,-0.72
2021-06-16 13:50:57,227.0,6,25410,122365,228.83,66582,-0.72
2021-06-16 13:52:01,227.0,6,25410,122990,228.83,66582,-0.72
2021-06-16 13:52:13,226.75,16,25410,122990,228.83,66582,-0.83
2021-06-16 13:52:14,226.75,16,25399,123118,228.83,66598,-0.83
2021-06-16 13:52:18,226.75,16,25400,123118,228.83,66598,-0.83
2021-06-16 13:52:19,226.75,42,25400,123118,228.83,66598,-0.83
2021-06-16 13:52:20,226.75,42,25358,123076,228.83,66640,-0.83
2021-06-16 13:52:21,226.75,42,25367,123106,228.83,66640,-0.83
2021-06-16 13:52:28,226.65,14,25367,123106,228.83,66640,-0.87
2021-06-16 13:52:28,226.65,14,25315,123024,228.83,66722,-0.87
2021-06-16 13:52:35,226.65,14,25322,123024,228.83,66722,-0.87
2021-06-16 13:52:39,226.65,14,25321,123024,228.83,66722,-0.87
2021-06-16 13:52:55,226.65,3,25321,123024,228.83,66722,-0.87
2021-06-16 13:52:57,226.65,3,25315,122994,228.82,66752,-0.87
2021-06-16 13:53:06,226.65,3,25301,122994,228.82,66752,-0.87
2021-06-16 13:53:13,226.65,3,25305,122994,228.82,66752,-0.87
2021-06-16 13:53:15,226.65,3,25320,122994,228.82,66752,-0.87
2021-06-16 13:53:16,226.65,3,25323,122994,228.82,66752,-0.87
2021-06-16 13:53:24,226.65,3,25326,122994,228.82,66752,-0.87
2021-06-16 13:54:17,226.65,12,25326,122994,228.82,66752,-0.87
2021-06-16 13:54:18,226.65,12,25230,122994,228.82,66852,-0.87
2021-06-16 13:54:22,226.65,12,25225,122994,228.82,66852,-0.87
2021-06-16 13:54:26,226.65,12,25228,122994,228.82,66852,-0.87
2021-06-16 13:54:33,226.65,12,25231,122994,228.82,66852,-0.87
2021-06-16 13:54:40,226.65,12,25238,122994,228.82,66852,-0.87
2021-06-16 13:54:49,226.95,2,25238,122994,228.82,66852,-0.74
2021-06-16 13:54:51,226.95,35,25238,122994,228.82,66852,-0.74
2021-06-16 13:54:52,226.95,35,25241,122986,228.82,66905,-0.74
2021-06-16 13:54:55,226.95,35,25228,122986,228.82,66905,-0.74
2021-06-16 13:54:58,226.95,35,25229,122986,228.82,66905,-0.74
2021-06-16 13:55:01,226.95,35,25230,122986,228.82,66905,-0.74
2021-06-16 13:55:09,226.95,35,25233,122986,228.82,66905,-0.74
2021-06-16 13:55:12,226.95,35,25233,122976,228.82,66905,-0.74
2021-06-16 13:55:13,226.95,35,25233,122956,228.82,66905,-0.74
2021-06-16 13:55:15,226.95,35,25233,122906,228.82,66905,-0.74
2021-06-16 13:55:17,226.95,35,25237,122756,228.82,66905,-0.74
2021-06-16 13:55:20,227.0,10,25237,122756,228.82,66905,-0.72
2021-06-16 13:55:21,227.0,10,25237,122603,228.82,67078,-0.72
2021-06-16 13:55:25,227.0,8,25246,122603,228.82,67078,-0.72
2021-06-16 13:55:26,227.0,8,25296,122608,228.82,67086,-0.72
2021-06-16 13:55:27,227.1,8,25296,122608,228.82,67086,-0.68
2021-06-16 13:55:28,227.05,1,25288,122708,228.81,67094,-0.7
2021-06-16 13:55:30,227.05,1,25294,122809,228.81,67104,-0.7
2021-06-16 13:55:31,227.05,1,25292,122809,228.81,67114,-0.7
2021-06-16 13:55:33,227.05,1,25292,122909,228.81,67124,-0.7
2021-06-16 13:55:34,227.05,1,25292,122909,228.81,67134,-0.7
2021-06-16 13:55:35,227.15,50,25241,122921,228.81,67194,-0.66
2021-06-16 13:55:36,227.05,9,25241,122921,228.81,67194,-0.7
2021-06-16 13:55:37,227.05,9,25241,122921,228.81,67203,-0.7
2021-06-16 13:55:38,227.05,9,25241,122921,228.81,67212,-0.7
2021-06-16 13:55:39,227.05,9,25241,122921,228.81,67221,-0.7
2021-06-16 13:55:40,227.05,9,25239,122919,228.81,67230,-0.7
2021-06-16 13:55:41,227.05,4,25239,122919,228.81,67230,-0.7
2021-06-16 13:55:42,227.05,4,25236,122919,228.81,67234,-0.7
2021-06-16 13:55:43,227.0,1,25236,122919,228.81,67234,-0.72
2021-06-16 13:55:44,227.0,1,25233,122919,228.81,67241,-0.72
2021-06-16 13:55:46,227.0,1,25233,122919,228.81,67248,-0.72
2021-06-16 13:55:47,227.0,1,25233,122919,228.81,67255,-0.72
2021-06-16 13:55:49,227.0,1,25233,122919,228.81,67262,-0.72
2021-06-16 13:55:49,227.05,7,25233,122919,228.81,67262,-0.7
2021-06-16 13:55:50,227.0,3,25226,122904,228.81,67281,-0.72
2021-06-16 13:55:55,227.0,3,25219,122904,228.81,67284,-0.72
2021-06-16 13:55:59,227.85,5,25219,122904,228.81,67284,-0.35
2021-06-16 13:56:00,227.85,5,25188,122840,228.81,67484,-0.35
2021-06-16 13:56:04,227.85,5,25197,122840,228.81,67484,-0.35
2021-06-16 13:56:06,227.85,5,25340,122840,228.81,67484,-0.35
2021-06-16 13:56:15,227.85,5,25341,122840,228.81,67484,-0.35
2021-06-16 13:56:17,227.85,5,25341,122940,228.81,67484,-0.35
2021-06-16 13:56:21,227.85,5,25342,122940,228.81,67484,-0.35
2021-06-16 13:56:26,227.85,5,25342,122948,228.81,67484,-0.35
2021-06-16 13:56:29,227.0,1,25342,122952,228.81,67484,-0.72
2021-06-16 13:56:30,227.0,1,25354,122952,228.81,67487,-0.72
2021-06-16 13:56:32,227.0,9,25342,122940,228.81,67487,-0.72
2021-06-16 13:56:34,227.0,9,25343,122943,228.81,67496,-0.72
2021-06-16 13:56:35,227.0,9,25346,122943,228.81,67505,-0.72
2021-06-16 13:56:37,227.0,9,25349,122946,228.81,67514,-0.72
2021-06-16 13:56:38,227.0,9,25352,122949,228.8,67523,-0.72
2021-06-16 13:56:40,227.0,9,25352,122949,228.8,67532,-0.72
2021-06-16 13:56:41,227.0,9,25352,122949,228.8,67541,-0.72
2021-06-16 13:56:43,227.0,9,25352,122949,228.8,67550,-0.72
2021-06-16 13:56:44,227.05,8,25361,122949,228.8,67559,-0.7
2021-06-16 13:56:45,227.05,8,25354,122958,228.8,67567,-0.7
2021-06-16 13:56:46,227.0,9,25354,122958,228.8,67567,-0.72
2021-06-16 13:56:47,227.0,2,25345,122958,228.8,67576,-0.72
2021-06-16 13:56:48,227.0,2,25343,122958,228.8,67578,-0.72
2021-06-16 13:56:50,227.0,1,25341,122955,228.8,67578,-0.72
2021-06-16 13:56:52,227.0,1,25341,122955,228.8,67579,-0.72
2021-06-16 13:56:54,227.0,1,25334,122955,228.8,67580,-0.72
2021-06-16 13:56:55,227.0,1,25334,122955,228.8,67581,-0.72
2021-06-16 13:56:57,227.0,1,25334,122955,228.8,67582,-0.72
2021-06-16 13:57:04,227.0,1,25324,122940,228.8,67583,-0.72
2021-06-16 13:57:07,227.0,25,25549,122940,228.8,67583,-0.72
2021-06-16 13:57:08,227.0,25,25524,122940,228.8,67608,-0.72
2021-06-16 13:57:12,227.0,25,25532,122946,228.8,67608,-0.72
2021-06-16 13:57:13,227.0,25,25732,122946,228.8,67608,-0.72
2021-06-16 13:57:15,227.0,25,25733,122946,228.8,67608,-0.72
2021-06-16 13:57:20,227.0,25,25733,122796,228.8,67608,-0.72
2021-06-16 13:57:30,227.0,25,25732,122796,228.8,67608,-0.72
2021-06-16 13:57:34,227.0,25,25632,122796,228.8,67608,-0.72
2021-06-16 13:57:37,227.0,25,25657,122796,228.8,67608,-0.72
2021-06-16 13:57:40,227.0,25,25677,122796,228.8,67608,-0.72
2021-06-16 13:57:45,226.65,18,25677,122796,228.8,67608,-0.87
2021-06-16 13:57:45,226.65,18,25629,122798,228.8,67708,-0.87
2021-06-16 13:57:55,226.65,18,25660,122798,228.8,67708,-0.87
2021-06-16 13:57:58,226.65,18,25661,122798,228.8,67708,-0.87
2021-06-16 13:58:04,226.65,18,25663,122798,228.8,67708,-0.87
2021-06-16 13:58:13,226.65,18,25673,122798,228.8,67708,-0.87
2021-06-16 13:58:34,226.65,18,25848,122798,228.8,67708,-0.87
2021-06-16 13:58:59,226.65,18,25858,122798,228.8,67708,-0.87
2021-06-16 13:59:03,227.5,10,25858,122798,228.8,67708,-0.5
2021-06-16 13:59:04,227.5,78,25823,122818,228.79,68208,-0.5
2021-06-16 13:59:05,227.0,8,25840,122798,228.79,68216,-0.72
2021-06-16 13:59:06,227.1,25,25840,122798,228.79,68216,-0.68
2021-06-16 13:59:07,227.15,9,25839,122789,228.79,68250,-0.66
2021-06-16 13:59:09,227.1,25,25814,122789,228.79,68275,-0.68
2021-06-16 13:59:10,227.1,25,25814,122789,228.79,68300,-0.68
2021-06-16 13:59:12,227.1,25,25804,122797,228.79,68325,-0.68
2021-06-16 13:59:13,227.25,15,25800,122799,228.79,68325,-0.61
2021-06-16 13:59:15,227.25,15,25800,122799,228.79,68340,-0.61
2021-06-16 13:59:16,227.25,15,25800,122799,228.79,68355,-0.61
2021-06-16 13:59:16,227.3,15,25800,122799,228.79,68355,-0.59
2021-06-16 13:59:18,227.4,90,25796,122800,228.79,68370,-0.55
2021-06-16 13:59:19,227.4,90,25793,122820,228.78,68471,-0.55
2021-06-16 13:59:21,227.35,1,25793,122820,228.78,68471,-0.57
2021-06-16 13:59:24,227.35,1,25809,122814,228.78,68483,-0.57
2021-06-16 13:59:33,227.35,1,25818,122814,228.78,68483,-0.57
2021-06-16 13:59:40,227.35,1,25813,122814,228.78,68483,-0.57
2021-06-16 13:59:49,227.35,1,25814,122814,228.78,68483,-0.57
2021-06-16 13:59:49,227.05,8,25814,122814,228.78,68483,-0.7
2021-06-16 13:59:51,227.15,1,25776,122795,228.78,68491,-0.66
2021-06-16 13:59:52,227.15,1,25776,122795,228.78,68492,-0.66
2021-06-16 13:59:52,227.1,1,25776,122795,228.78,68492,-0.68
2021-06-16 13:59:54,227.1,1,25776,122795,228.78,68495,-0.68
2021-06-16 13:59:55,227.1,1,25777,122795,228.78,68496,-0.68
2021-06-16 13:59:57,227.1,1,25777,122795,228.78,68497,-0.68
2021-06-16 13:59:58,227.1,1,25778,122796,228.78,68498,-0.68
2021-06-16 14:00:09,227.1,1,25779,122796,228.78,68498,-0.68
2021-06-16 14:00:24,227.1,1,25785,122796,228.78,68498,-0.68
2021-06-16 14:00:27,227.1,1,25785,123226,228.78,68498,-0.68
2021-06-16 14:01:13,227.1,1,25785,123222,228.78,68498,-0.68
2021-06-16 14:01:21,226.95,1,25785,123222,228.78,68498,-0.74
2021-06-16 14:01:24,226.95,1,25788,123222,228.78,68500,-0.74
2021-06-16 14:01:24,227.05,2,25788,123222,228.78,68500,-0.7
2021-06-16 14:01:25,227.0,2,25786,123222,228.78,68502,-0.72
2021-06-16 14:01:27,227.0,1,25787,123222,228.78,68504,-0.72
2021-06-16 14:01:28,227.0,2,25786,123222,228.78,68507,-0.72
2021-06-16 14:01:28,227.0,2,25775,123223,228.78,68509,-0.72
2021-06-16 14:01:29,227.0,1,25775,123223,228.78,68509,-0.72
2021-06-16 14:01:30,227.0,1,25775,123223,228.78,68510,-0.72
2021-06-16 14:01:31,227.0,1,25774,123223,228.78,68511,-0.72
2021-06-16 14:01:39,227.0,1,25787,123380,228.78,68511,-0.72
2021-06-16 14:01:40,227.0,1,25787,123425,228.78,68511,-0.72
2021-06-16 14:01:52,226.95,1,25787,123425,228.78,68511,-0.74
2021-06-16 14:01:53,226.95,1,25786,123426,228.78,68512,-0.74
2021-06-16 14:02:00,226.95,1,25781,123426,228.78,68512,-0.74
2021-06-16 14:02:01,226.95,1,25782,123425,228.78,68513,-0.74
2021-06-16 14:02:05,226.95,1,25782,123427,228.78,68513,-0.74
2021-06-16 14:02:08,226.95,1,25787,123427,228.78,68513,-0.74
2021-06-16 14:02:16,226.95,1,25788,123427,228.78,68513,-0.74
2021-06-16 14:02:24,226.95,1,25796,123427,228.78,68513,-0.74
2021-06-16 14:02:52,226.95,1,25796,122997,228.78,68513,-0.74
2021-06-16 14:03:05,227.0,30,25796,122997,228.78,68513,-0.72
2021-06-16 14:03:06,227.0,30,25796,122950,228.78,68563,-0.72
2021-06-16 14:03:55,227.0,3,25796,122950,228.78,68563,-0.72
2021-06-16 14:03:55,227.0,3,25799,122947,228.78,68566,-0.72
2021-06-16 14:04:04,227.0,3,25800,122947,228.78,68566,-0.72
2021-06-16 14:04:31,227.0,3,25800,122997,228.78,68566,-0.72
2021-06-16 14:04:42,227.0,25,25783,122972,228.78,68591,-0.72
2021-06-16 14:04:49,227.0,25,25784,122972,228.78,68591,-0.72
2021-06-16 14:04:57,227.0,25,25789,122972,228.78,68591,-0.72
2021-06-16 14:05:04,227.0,25,25797,122972,228.78,68591,-0.72
2021-06-16 14:05:26,227.0,1,25797,122972,228.78,68591,-0.72
2021-06-16 14:05:33,227.0,1,25782,122971,228.78,68592,-0.72
2021-06-16 14:05:38,227.0,1,25783,122971,228.78,68592,-0.72
2021-06-16 14:05:46,227.0,1,25788,122971,228.78,68592,-0.72
2021-06-16 14:05:53,227.0,1,25796,122971,228.78,68592,-0.72
2021-06-16 14:06:17,227.0,1,25811,122971,228.78,68592,-0.72
2021-06-16 14:06:34,227.0,1,25611,122971,228.78,68592,-0.72
2021-06-16 14:07:13,227.0,1,25613,122971,228.78,68592,-0.72
2021-06-16 14:07:19,227.0,1,25713,122971,228.78,68592,-0.72
2021-06-16 14:07:50,227.0,1,25712,122971,228.78,68592,-0.72
2021-06-16 14:08:36,227.0,1,25712,123047,228.78,68592,-0.72
2021-06-16 14:08:42,226.95,1,25712,123047,228.78,68592,-0.74
2021-06-16 14:08:42,226.95,1,25711,123043,228.78,68593,-0.74
2021-06-16 14:08:43,226.95,1,25713,123043,228.78,68595,-0.74
2021-06-16 14:08:45,226.95,1,25711,123043,228.78,68595,-0.74
2021-06-16 14:08:49,226.6,76,25665,122818,228.77,68820,-0.9
2021-06-16 14:08:51,226.6,76,25609,122742,228.77,68896,-0.9
2021-06-16 14:08:52,226.6,76,25614,122742,228.77,68896,-0.9
2021-06-16 14:08:54,226.6,76,25618,122742,228.77,68896,-0.9
2021-06-16 14:08:55,226.6,76,25625,122742,228.77,68896,-0.9
2021-06-16 14:09:01,226.6,76,25605,122742,228.77,68896,-0.9
2021-06-16 14:09:03,226.6,76,25606,122742,228.77,68896,-0.9
2021-06-16 14:09:14,226.6,10,25606,122742,228.77,68896,-0.9
2021-06-16 14:09:15,226.6,10,25596,122742,228.77,68906,-0.9
2021-06-16 14:09:26,226.6,10,25597,122742,228.77,68906,-0.9
2021-06-16 14:09:33,226.6,10,25547,122742,228.77,68906,-0.9
2021-06-16 14:09:51,226.6,10,25547,122692,228.77,68906,-0.9
2021-06-16 14:09:54,226.6,10,25547,122707,228.77,68906,-0.9
2021-06-16 14:09:57,226.6,10,25547,122717,228.77,68906,-0.9
2021-06-16 14:09:58,226.6,2,25520,122864,228.77,69061,-0.9
2021-06-16 14:10:00,226.6,2,25521,122864,228.77,69061,-0.9
2021-06-16 14:10:01,226.6,2,25522,122864,228.77,69061,-0.9
2021-06-16 14:10:05,226.6,2,25514,122864,228.77,69061,-0.9
2021-06-16 14:10:07,226.6,20,25514,122864,228.77,69061,-0.9
2021-06-16 14:10:09,226.6,20,25514,122844,228.76,69081,-0.9
2021-06-16 14:10:11,226.6,20,25513,122844,228.76,69081,-0.9
2021-06-16 14:10:15,226.6,2,25513,122844,228.76,69081,-0.9
2021-06-16 14:10:16,226.6,2,25513,122842,228.76,69083,-0.9
2021-06-16 14:10:17,226.6,2,25514,122842,228.76,69083,-0.9
2021-06-16 14:10:18,226.6,2,25515,122842,228.76,69083,-0.9
2021-06-16 14:10:25,226.6,2,25516,122842,228.76,69083,-0.9
2021-06-16 14:10:27,226.6,2,25517,122842,228.76,69083,-0.9
2021-06-16 14:10:31,226.6,2,25518,122842,228.76,69083,-0.9
2021-06-16 14:10:33,226.6,2,25519,122842,228.76,69083,-0.9
2021-06-16 14:10:34,226.6,100,25519,122742,228.76,69183,-0.9
2021-06-16 14:10:36,226.6,100,25520,122742,228.76,69183,-0.9
2021-06-16 14:10:37,226.6,100,25521,122742,228.76,69183,-0.9
2021-06-16 14:10:39,226.6,100,25522,122742,228.76,69183,-0.9
2021-06-16 14:10:43,226.6,100,25523,122742,228.76,69183,-0.9
2021-06-16 14:10:54,226.6,25,25523,122717,228.76,69208,-0.9
2021-06-16 14:10:58,226.6,25,25627,122717,228.76,69208,-0.9
2021-06-16 14:11:01,226.6,25,25631,122717,228.76,69208,-0.9
2021-06-16 14:11:04,226.6,25,25631,122718,228.76,69208,-0.9
2021-06-16 14:11:07,226.6,25,25631,122719,228.76,69208,-0.9
2021-06-16 14:11:09,226.6,25,25638,122720,228.76,69208,-0.9
2021-06-16 14:11:11,226.6,25,25638,122721,228.76,69208,-0.9
2021-06-16 14:11:15,226.6,25,25639,122721,228.76,69208,-0.9
2021-06-16 14:11:42,226.6,25,25641,122721,228.76,69208,-0.9
2021-06-16 14:11:43,226.95,2,25641,122721,228.76,69208,-0.74
2021-06-16 14:11:51,226.95,2,25644,122721,228.76,69210,-0.74
2021-06-16 14:12:21,226.95,2,25694,122721,228.76,69210,-0.74
2021-06-16 14:12:37,226.95,2,25744,122721,228.76,69210,-0.74
2021-06-16 14:12:43,226.95,2,25742,122721,228.76,69210,-0.74
2021-06-16 14:12:46,226.9,1,25745,122721,228.76,69215,-0.77
2021-06-16 14:13:24,226.9,1,25732,122721,228.76,69215,-0.77
2021-06-16 14:13:36,226.95,17,25732,122721,228.76,69215,-0.74
2021-06-16 14:13:37,226.95,17,25733,122714,228.76,69240,-0.74
2021-06-16 14:13:48,226.95,17,25776,122714,228.76,69240,-0.74
2021-06-16 14:13:49,226.95,17,25783,122714,228.76,69240,-0.74
2021-06-16 14:13:54,226.55,8,25783,122714,228.76,69240,-0.92
2021-06-16 14:13:55,226.55,8,25780,122721,228.76,69260,-0.92
2021-06-16 14:14:01,226.55,8,25774,122721,228.76,69260,-0.92
2021-06-16 14:14:03,226.55,8,25775,122721,228.76,69260,-0.92
2021-06-16 14:14:10,226.55,8,25782,122721,228.76,69260,-0.92
2021-06-16 14:14:16,226.55,8,25832,122721,228.76,69260,-0.92
2021-06-16 14:15:01,226.55,8,25833,122721,228.76,69260,-0.92
2021-06-16 14:15:08,227.0,52,25834,122665,228.76,69320,-0.72
2021-06-16 14:15:13,227.0,52,25854,122715,228.76,69320,-0.72
2021-06-16 14:15:16,227.0,3,25853,122711,228.76,69324,-0.72
2021-06-16 14:15:21,227.0,3,25852,122716,228.76,69324,-0.72
2021-06-16 14:15:25,227.0,3,25892,122716,228.76,69324,-0.72
2021-06-16 14:15:49,227.0,1,25892,122716,228.76,69324,-0.72
2021-06-16 14:15:51,227.0,77,25876,122496,228.74,69861,-0.72
2021-06-16 14:15:51,227.0,165,25876,122496,228.74,69861,-0.72
2021-06-16 14:15:52,227.0,165,25873,122496,228.74,70141,-0.72
2021-06-16 14:15:56,227.0,165,25890,122496,228.74,70141,-0.72
2021-06-16 14:15:58,227.0,165,25887,122496,228.74,70141,-0.72
2021-06-16 14:16:03,227.0,165,25889,122496,228.74,70141,-0.72
2021-06-16 14:16:06,227.0,2,25889,122496,228.74,70141,-0.72
2021-06-16 14:16:08,227.0,2,25888,122505,228.74,70143,-0.72
2021-06-16 14:16:10,227.0,2,25889,122505,228.74,70145,-0.72
2021-06-16 14:16:12,227.0,2,25883,121996,228.74,70147,-0.72
2021-06-16 14:16:15,227.3,1,25884,121996,228.74,70149,-0.59
2021-06-16 14:16:19,227.3,6,25882,121995,228.74,70156,-0.59
2021-06-16 14:16:22,227.3,6,25882,121988,228.74,70156,-0.59
2021-06-16 14:16:34,227.05,12,27890,121988,228.74,70156,-0.7
2021-06-16 14:16:35,227.05,12,25902,122001,228.73,70254,-0.7
2021-06-16 14:16:37,227.05,5,25907,121999,228.73,70254,-0.7
2021-06-16 14:16:40,227.05,5,25905,121998,228.73,70259,-0.7
2021-06-16 14:16:42,227.05,5,25905,121998,228.73,70264,-0.7
2021-06-16 14:16:44,227.05,5,25906,121998,228.73,70269,-0.7
2021-06-16 14:16:46,227.05,5,25906,121998,228.73,70274,-0.7
2021-06-16 14:16:48,227.05,5,25906,121998,228.73,70279,-0.7
2021-06-16 14:16:49,227.05,5,25906,121998,228.73,70284,-0.7
2021-06-16 14:16:52,227.05,5,25905,121998,228.73,70289,-0.7
2021-06-16 14:16:54,227.05,5,25905,121998,228.73,70294,-0.7
2021-06-16 14:16:55,227.05,4,25904,121998,228.73,70299,-0.7
2021-06-16 14:16:56,227.05,4,25888,121994,228.73,70303,-0.7
2021-06-16 14:17:02,227.05,4,25886,121994,228.73,70303,-0.7
2021-06-16 14:17:23,227.05,4,25886,121997,228.73,70303,-0.7
2021-06-16 14:17:31,227.05,4,25886,122047,228.73,70303,-0.7
2021-06-16 14:18:07,227.05,4,25891,122047,228.73,70303,-0.7
2021-06-16 14:18:09,227.2,8,25891,122039,228.73,70311,-0.63
2021-06-16 14:18:19,227.2,8,25892,122039,228.73,70311,-0.63
2021-06-16 14:18:22,227.0,1,25892,122039,228.73,70311,-0.72
2021-06-16 14:18:24,227.0,1,25893,122035,228.73,70312,-0.72
2021-06-16 14:18:25,227.0,1,25893,122035,228.73,70313,-0.72
2021-06-16 14:18:28,227.0,1,25889,122035,228.73,70314,-0.72
2021-06-16 14:18:31,227.0,1,25931,122032,228.73,70315,-0.72
2021-06-16 14:18:36,227.0,1,25935,122032,228.73,70315,-0.72
2021-06-16 14:19:05,227.0,1,25935,121832,228.73,70315,-0.72
2021-06-16 14:19:07,227.0,100,26038,121837,228.73,70315,-0.72
2021-06-16 14:19:09,227.0,100,25938,121828,228.73,70415,-0.72
2021-06-16 14:19:13,227.0,100,25943,121882,228.73,70415,-0.72
2021-06-16 14:19:14,227.2,12,25951,121914,228.73,70435,-0.63
2021-06-16 14:19:18,227.0,5,25954,121914,228.73,70435,-0.72
2021-06-16 14:19:19,227.0,5,25954,121914,228.73,70440,-0.72
2021-06-16 14:19:21,227.0,1,25954,121914,228.73,70445,-0.72
2021-06-16 14:19:23,227.2,16,25954,121904,228.73,70496,-0.63
2021-06-16 14:19:24,227.05,26,25954,121904,228.73,70496,-0.7
2021-06-16 14:19:25,227.0,3,25953,121904,228.73,70530,-0.72
2021-06-16 14:19:26,227.05,19,25953,121904,228.73,70530,-0.7
2021-06-16 14:19:28,227.0,1,25951,121885,228.73,70552,-0.72
2021-06-16 14:19:30,227.0,1,25951,121885,228.73,70554,-0.72
2021-06-16 14:19:31,227.0,1,25951,121885,228.73,70555,-0.72
2021-06-16 14:19:33,227.0,1,25952,121885,228.73,70556,-0.72
2021-06-16 14:19:34,227.0,1,25952,121885,228.73,70557,-0.72
2021-06-16 14:19:34,225.85,1,25952,121885,228.73,70557,-1.22
2021-06-16 14:19:36,225.45,10,25554,122096,228.71,71180,-1.4
2021-06-16 14:19:42,225.45,10,25587,122096,228.71,71180,-1.4
2021-06-16 14:19:46,225.45,10,25594,122096,228.71,71180,-1.4
2021-06-16 14:19:52,225.45,10,25599,122096,228.71,71180,-1.4
2021-06-16 14:19:55,225.45,10,25600,122096,228.71,71180,-1.4
2021-06-16 14:19:57,225.55,1,25600,122096,228.71,71180,-1.36
2021-06-16 14:19:58,225.55,1,25599,122096,228.71,71181,-1.36
2021-06-16 14:20:03,225.55,1,25605,121998,228.71,71181,-1.36
2021-06-16 14:20:04,225.55,1,25605,121997,228.71,71181,-1.36
2021-06-16 14:20:08,225.55,1,25602,121997,228.71,71181,-1.36
2021-06-16 14:20:18,225.55,1,25852,121997,228.71,71181,-1.36
2021-06-16 14:20:27,225.55,1,25873,121997,228.71,71181,-1.36
2021-06-16 14:20:34,225.55,1,25869,121997,228.71,71181,-1.36
2021-06-16 14:20:36,225.55,1,25974,121997,228.71,71181,-1.36
2021-06-16 14:20:46,225.55,1,25975,121997,228.71,71181,-1.36
2021-06-16 14:20:47,225.55,1,25975,121985,228.71,71181,-1.36
2021-06-16 14:20:49,226.0,74,25975,121985,228.71,71181,-1.16
2021-06-16 14:20:49,226.0,74,25991,121901,228.7,71281,-1.16
2021-06-16 14:20:59,226.0,74,26104,121901,228.7,71281,-1.16
2021-06-16 14:21:01,225.55,91,25647,121901,228.67,72136,-1.36
2021-06-16 14:21:03,225.55,91,25623,121901,228.67,72136,-1.36
2021-06-16 14:21:10,225.55,91,25656,121901,228.67,72136,-1.36
2021-06-16 14:21:11,226.0,50,25656,121901,228.67,72136,-1.16
2021-06-16 14:21:12,226.0,50,25656,121851,228.66,72186,-1.16
2021-06-16 14:21:17,226.0,50,25665,121851,228.66,72186,-1.16
2021-06-16 14:21:22,226.45,2,25665,121851,228.66,72186,-0.96
2021-06-16 14:21:24,226.45,2,25675,121792,228.66,72234,-0.96
2021-06-16 14:21:27,226.2,1,25675,121792,228.66,72234,-1.07
2021-06-16 14:21:27,226.2,1,25674,121792,228.66,72235,-1.07
2021-06-16 14:21:32,226.2,1,25676,121792,228.66,72235,-1.07
2021-06-16 14:21:36,226.2,1,26176,121792,228.66,72235,-1.07
2021-06-16 14:21:41,226.2,1,26178,121792,228.66,72235,-1.07
2021-06-16 14:21:46,226.2,1,26174,121792,228.66,72235,-1.07
2021-06-16 14:21:49,227.0,5,26174,121792,228.66,72235,-0.72
2021-06-16 14:21:49,226.35,5,26156,121809,228.66,72360,-1.01
2021-06-16 14:21:52,226.35,5,26145,121809,228.66,72360,-1.01
2021-06-16 14:21:57,226.35,5,26158,121910,228.66,72360,-1.01
2021-06-16 14:21:59,226.35,5,26158,121960,228.66,72360,-1.01
2021-06-16 14:22:05,226.35,5,26183,121961,228.66,72360,-1.01
2021-06-16 14:22:07,226.75,1,26184,121960,228.66,72361,-0.83
2021-06-16 14:22:13,226.75,1,26195,121974,228.66,72361,-0.83
2021-06-16 14:22:17,226.75,1,26194,121974,228.66,72361,-0.83
2021-06-16 14:22:21,226.75,1,26209,121974,228.66,72361,-0.83
2021-06-16 14:22:25,226.85,1,26209,121974,228.66,72361,-0.79
2021-06-16 14:22:26,226.85,1,26209,121973,228.66,72362,-0.79
2021-06-16 14:22:34,226.85,1,26224,121973,228.66,72362,-0.79
2021-06-16 14:22:37,226.85,2,26231,121987,228.66,72380,-0.79
2021-06-16 14:22:37,226.9,1,26231,121987,228.66,72380,-0.77
2021-06-16 14:22:39,226.9,1,26226,121972,228.66,72381,-0.77
2021-06-16 14:22:40,226.95,18,26226,121954,228.66,72399,-0.74
2021-06-16 14:22:42,226.95,7,26226,121954,228.66,72399,-0.74
2021-06-16 14:22:42,226.95,7,26220,121947,228.66,72406,-0.74
2021-06-16 14:22:44,226.95,7,26222,121947,228.66,72406,-0.74
2021-06-16 14:22:46,226.95,5,26222,121947,228.66,72406,-0.74
2021-06-16 14:22:47,226.95,5,26221,121942,228.66,72411,-0.74
2021-06-16 14:22:54,226.95,5,26220,121942,228.66,72411,-0.74
2021-06-16 14:22:58,226.35,4,26220,121942,228.66,72411,-1.01
2021-06-16 14:22:58,226.35,4,26151,121940,228.65,72649,-1.01
2021-06-16 14:23:04,226.35,4,27066,121940,228.65,72649,-1.01
2021-06-16 14:23:08,226.35,4,27086,121931,228.65,72649,-1.01
2021-06-16 14:23:13,226.35,4,27078,121931,228.65,72649,-1.01
2021-06-16 14:23:27,226.35,4,27058,121931,228.65,72649,-1.01
2021-06-16 14:23:28,226.35,4,27060,121931,228.65,72649,-1.01
2021-06-16 14:23:48,226.35,4,27070,121931,228.65,72649,-1.01
2021-06-16 14:23:49,226.8,3,27070,121931,228.65,72649,-0.81
2021-06-16 14:23:49,226.8,3,27071,121937,228.65,72652,-0.81
2021-06-16 14:23:57,226.8,3,27072,122137,228.65,72652,-0.81
2021-06-16 14:23:58,226.8,3,27073,122137,228.65,72652,-0.81
2021-06-16 14:23:59,226.7,4,27073,122137,228.65,72652,-0.85
2021-06-16 14:24:00,226.7,4,27077,122137,228.65,72656,-0.85
2021-06-16 14:24:03,226.7,4,27078,122139,228.65,72656,-0.85
2021-06-16 14:24:07,226.7,4,27079,122139,228.65,72656,-0.85
2021-06-16 14:24:12,226.7,4,27080,122139,228.65,72656,-0.85
2021-06-16 14:24:19,226.7,4,27030,122139,228.65,72656,-0.85
2021-06-16 14:24:24,226.7,4,27131,122139,228.65,72656,-0.85
2021-06-16 14:24:37,226.7,4,27131,122164,228.65,72656,-0.85
2021-06-16 14:24:43,226.7,4,27063,122197,228.65,72656,-0.85
2021-06-16 14:24:52,226.7,4,27088,122197,228.65,72656,-0.85
2021-06-16 14:24:54,226.5,14,27088,122197,228.65,72656,-0.94
2021-06-16 14:24:58,226.5,14,27215,122199,228.65,72670,-0.94
2021-06-16 14:24:59,226.5,14,27216,122199,228.65,72670,-0.94
2021-06-16 14:25:07,226.5,1,27225,122499,228.65,72671,-0.94
2021-06-16 14:25:11,226.5,1,27226,122499,228.65,72671,-0.94
2021-06-16 14:25:13,226.5,1,27236,122499,228.65,72671,-0.94
2021-06-16 14:25:16,226.5,1,27136,122499,228.65,72671,-0.94
2021-06-16 14:25:21,226.6,1,27136,122499,228.65,72671,-0.9
2021-06-16 14:25:22,226.6,1,27136,122498,228.65,72672,-0.9
2021-06-16 14:25:26,226.6,1,27135,122497,228.65,72673,-0.9
2021-06-16 14:25:27,226.6,1,27146,122497,228.65,72673,-0.9
2021-06-16 14:25:32,226.6,1,27145,122497,228.65,72673,-0.9
2021-06-16 14:25:57,226.65,36,27145,122497,228.65,72673,-0.87
2021-06-16 14:25:57,226.65,36,27104,122483,228.65,72723,-0.87
2021-06-16 14:26:04,226.65,36,27119,122483,228.65,72723,-0.87
2021-06-16 14:26:07,226.65,36,27206,122496,228.65,72723,-0.87
2021-06-16 14:26:12,226.65,36,27207,122496,228.65,72723,-0.87
2021-06-16 14:26:17,226.65,36,27314,122496,228.65,72723,-0.87
2021-06-16 14:26:19,226.65,36,27313,122496,228.65,72723,-0.87
2021-06-16 14:26:20,226.8,5,27188,122496,228.65,72728,-0.81
2021-06-16 14:26:21,226.8,1,27188,122496,228.65,72728,-0.81
2021-06-16 14:26:22,226.8,1,27319,122491,228.65,72737,-0.81
2021-06-16 14:26:31,226.8,1,27336,122491,228.65,72737,-0.81
2021-06-16 14:26:33,226.8,1,27337,122491,228.65,72737,-0.81
2021-06-16 14:26:39,226.8,1,27337,122495,228.65,72737,-0.81
2021-06-16 14:26:40,226.75,22,27337,122495,228.65,72737,-0.83
2021-06-16 14:26:41,226.75,22,27334,122474,228.65,72759,-0.83
2021-06-16 14:26:46,226.75,22,27344,122474,228.65,72759,-0.83
2021-06-16 14:26:54,225.0,1,26299,121044,228.58,74272,-1.6
2021-06-16 14:26:55,225.0,1,26372,121050,228.58,74272,-1.6
2021-06-16 14:27:00,225.0,1,26373,121050,228.58,74272,-1.6
2021-06-16 14:27:02,226.4,3,26453,121050,228.58,74273,-0.98
2021-06-16 14:27:04,226.4,3,26456,121038,228.58,74278,-0.98
2021-06-16 14:27:05,226.4,3,26442,121033,228.58,74278,-0.98
2021-06-16 14:27:07,226.4,3,26443,121033,228.58,74278,-0.98
2021-06-16 14:27:12,226.4,3,26443,121222,228.58,74278,-0.98
2021-06-16 14:27:16,226.4,3,26444,121216,228.58,74278,-0.98
2021-06-16 14:27:24,226.4,3,26444,121226,228.58,74278,-0.98
2021-06-16 14:27:27,226.4,3,26454,121226,228.58,74278,-0.98
2021-06-16 14:27:28,226.4,3,26455,121226,228.58,74278,-0.98
2021-06-16 14:27:32,226.4,3,26645,121226,228.58,74278,-0.98
2021-06-16 14:27:36,226.4,3,26645,121218,228.58,74278,-0.98
2021-06-16 14:27:47,226.4,3,26645,121228,228.58,74278,-0.98
2021-06-16 14:27:48,226.4,50,26645,121228,228.58,74278,-0.98
2021-06-16 14:27:49,226.4,50,26595,121228,228.58,74328,-0.98
2021-06-16 14:27:55,226.4,50,26594,121228,228.58,74328,-0.98
2021-06-16 14:28:10,226.65,75,26594,121228,228.58,74328,-0.87
2021-06-16 14:28:10,226.65,75,26612,121162,228.58,74428,-0.87
2021-06-16 14:28:17,226.65,75,26675,121144,228.58,74428,-0.87
2021-06-16 14:28:21,226.5,7,26675,121144,228.58,74428,-0.94
2021-06-16 14:28:22,226.5,7,26656,121213,228.57,74585,-0.94
2021-06-16 14:28:24,226.55,25,26656,121213,228.57,74585,-0.92
2021-06-16 14:28:24,226.55,25,26613,121215,228.57,74627,-0.92
2021-06-16 14:28:26,226.65,87,26659,121215,228.57,74627,-0.87
2021-06-16 14:28:28,226.65,87,26657,121201,228.57,74726,-0.87
2021-06-16 14:28:29,226.7,7,26657,121201,228.57,74726,-0.85
2021-06-16 14:28:30,226.7,7,26623,121096,228.56,74924,-0.85
2021-06-16 14:28:31,226.7,75,26623,121096,228.56,74924,-0.85
2021-06-16 14:28:32,226.7,75,26631,121105,228.56,74999,-0.85
2021-06-16 14:28:34,226.7,75,26635,121105,228.56,74999,-0.85
2021-06-16 14:28:36,226.7,75,26639,121105,228.56,74999,-0.85
2021-06-16 14:28:37,226.7,75,26640,121102,228.56,74999,-0.85
2021-06-16 14:28:42,226.7,75,26812,121100,228.56,74999,-0.85
2021-06-16 14:28:45,226.7,75,26813,121101,228.56,74999,-0.85
2021-06-16 14:28:46,226.95,18,26813,121101,228.56,74999,-0.74
2021-06-16 14:28:47,226.95,18,26812,121091,228.56,75028,-0.74
2021-06-16 14:28:51,227.0,12,26812,121091,228.56,75028,-0.72
2021-06-16 14:28:52,227.0,12,26802,121079,228.56,75040,-0.72
2021-06-16 14:28:54,227.0,12,26807,121089,228.56,75040,-0.72
2021-06-16 14:28:55,226.95,2,26807,121089,228.56,75040,-0.74
2021-06-16 14:28:56,226.95,2,26807,121077,228.56,75092,-0.74
2021-06-16 14:28:59,226.95,2,26803,121077,228.56,75094,-0.74
2021-06-16 14:29:04,226.95,2,26803,121177,228.56,75094,-0.74
2021-06-16 14:29:06,226.95,2,26801,121177,228.56,75094,-0.74
2021-06-16 14:29:24,226.5,9,26801,121177,228.56,75094,-0.94
2021-06-16 14:29:24,226.5,9,26787,121136,228.56,75186,-0.94
2021-06-16 14:29:28,226.9,1,26787,121136,228.56,75186,-0.77
2021-06-16 14:29:28,226.9,1,26787,121127,228.56,75200,-0.77
2021-06-16 14:29:36,226.9,1,26787,121137,228.56,75200,-0.77
2021-06-16 14:29:46,226.9,1,26787,121147,228.56,75200,-0.77
2021-06-16 14:29:57,226.9,1,26787,121210,228.56,75200,-0.77
2021-06-16 14:29:58,226.9,1,26787,121157,228.56,75200,-0.77
2021-06-16 14:30:00,227.0,1,26787,121157,228.56,75200,-0.72
2021-06-16 14:30:03,227.0,1,26781,121089,228.55,75325,-0.72
2021-06-16 14:30:07,226.1,1,26781,121089,228.55,75325,-1.12
2021-06-16 14:30:13,226.1,1,26825,121099,228.55,75358,-1.12
2021-06-16 14:30:15,226.1,1,26837,121186,228.55,75358,-1.12
2021-06-16 14:30:16,226.1,1,26840,121186,228.55,75358,-1.12
2021-06-16 14:30:24,226.1,1,26849,121186,228.55,75358,-1.12
2021-06-16 14:31:01,226.1,1,26856,121387,228.55,75358,-1.12
2021-06-16 14:31:04,226.1,1,26856,121395,228.55,75358,-1.12
2021-06-16 14:31:06,226.1,1,26956,121395,228.55,75358,-1.12
2021-06-16 14:31:12,226.4,6,26956,121395,228.55,75358,-0.98
2021-06-16 14:31:12,226.4,6,26952,121387,228.55,75364,-0.98
2021-06-16 14:31:19,226.4,6,26943,121387,228.55,75364,-0.98
2021-06-16 14:31:21,226.4,6,26935,121387,228.55,75364,-0.98
2021-06-16 14:31:24,226.4,6,27035,121381,228.55,75364,-0.98
2021-06-16 14:31:25,226.4,6,27135,121387,228.55,75364,-0.98
2021-06-16 14:31:28,226.4,6,27416,121388,228.55,75364,-0.98
2021-06-16 14:31:31,226.4,6,27415,121386,228.55,75364,-0.98
2021-06-16 14:31:38,226.4,6,27428,121383,228.55,75364,-0.98
2021-06-16 14:31:39,226.4,6,27429,121383,228.55,75364,-0.98
2021-06-16 14:31:41,227.0,32,27422,121342,228.55,75425,-0.72
2021-06-16 14:31:46,227.0,17,27422,121342,228.55,75425,-0.72
2021-06-16 14:31:46,226.95,1,27422,121342,228.55,75425,-0.74
2021-06-16 14:31:47,226.95,1,27400,121326,228.55,75444,-0.74
2021-06-16 14:31:48,226.8,73,27400,121326,228.55,75444,-0.81
2021-06-16 14:31:49,226.8,73,27291,121328,228.55,75544,-0.81
2021-06-16 14:31:51,226.8,73,27330,121378,228.55,75544,-0.81
2021-06-16 14:31:54,226.8,73,27341,121378,228.55,75544,-0.81
2021-06-16 14:32:01,226.8,73,27342,121378,228.55,75544,-0.81
2021-06-16 14:32:05,226.8,73,27352,121378,228.55,75544,-0.81
2021-06-16 14:32:35,226.8,1,27352,121378,228.55,75545,-0.81
2021-06-16 14:32:36,226.95,16,27353,121378,228.55,75545,-0.74
2021-06-16 14:32:38,226.95,16,27376,121362,228.55,75593,-0.74
2021-06-16 14:32:42,226.95,16,27377,121372,228.55,75593,-0.74
2021-06-16 14:32:44,226.95,16,27386,121422,228.55,75593,-0.74
2021-06-16 14:32:48,226.95,16,27386,121438,228.55,75593,-0.74
2021-06-16 14:32:51,226.95,16,27387,121422,228.55,75593,-0.74
2021-06-16 14:32:51,226.95,1,27387,121422,228.55,75593,-0.74
2021-06-16 14:32:53,226.95,1,27386,121420,228.55,75594,-0.74
2021-06-16 14:32:57,226.95,1,27363,121420,228.55,75594,-0.74
2021-06-16 14:33:06,226.95,1,27362,121430,228.55,75594,-0.74
2021-06-16 14:33:29,226.95,33,27362,121430,228.55,75594,-0.74
2021-06-16 14:33:30,226.95,33,27299,121336,228.54,75746,-0.74
2021-06-16 14:33:36,227.0,2,27299,121336,228.54,75746,-0.72
2021-06-16 14:33:37,227.0,25,27277,121118,228.54,75992,-0.72
2021-06-16 14:33:39,227.0,25,27377,121118,228.54,75992,-0.72
2021-06-16 14:33:41,227.0,87,27377,121118,228.54,75992,-0.72
2021-06-16 14:33:42,227.0,87,27333,121150,228.54,76186,-0.72
2021-06-16 14:33:44,227.05,20,27333,121150,228.54,76186,-0.7
2021-06-16 14:33:45,227.0,8,27333,121150,228.54,76186,-0.72
2021-06-16 14:33:46,227.0,8,27228,121139,228.53,76355,-0.72
2021-06-16 14:33:46,227.0,58,27228,121139,228.53,76355,-0.72
2021-06-16 14:33:48,227.0,58,27220,121147,228.53,76413,-0.72
2021-06-16 14:33:49,227.0,58,27224,121147,228.53,76413,-0.72
2021-06-16 14:33:52,227.0,3,27273,121196,228.53,76413,-0.72
2021-06-16 14:33:55,227.0,3,27273,121197,228.53,76416,-0.72
2021-06-16 14:33:55,227.0,3,27272,121198,228.53,76422,-0.72
2021-06-16 14:33:56,227.05,2,27272,121198,228.53,76422,-0.7
2021-06-16 14:33:57,227.1,9,27272,121198,228.53,76422,-0.68
2021-06-16 14:33:57,227.1,9,27270,121141,228.53,76433,-0.68
2021-06-16 14:34:03,227.1,9,27224,121200,228.53,76433,-0.68
2021-06-16 14:34:04,227.1,9,27224,121192,228.53,76433,-0.68
2021-06-16 14:34:07,227.0,1,27321,121192,228.53,76433,-0.72
2021-06-16 14:34:09,227.0,1,27321,121192,228.53,76434,-0.72
2021-06-16 14:34:11,227.0,1,27322,121216,228.53,76435,-0.72
2021-06-16 14:34:12,227.1,1,27322,121216,228.53,76435,-0.68
2021-06-16 14:34:13,227.1,1,27330,121216,228.53,76436,-0.68
2021-06-16 14:34:15,227.0,190,27329,121208,228.53,76437,-0.72
2021-06-16 14:34:17,227.0,190,27139,121208,228.53,76627,-0.72
2021-06-16 14:34:21,227.0,190,27208,121208,228.53,76627,-0.72
2021-06-16 14:34:22,227.0,190,27167,121558,228.53,76627,-0.72
2021-06-16 14:34:22,227.15,32,27167,121558,228.53,76627,-0.66
2021-06-16 14:34:24,227.15,32,27167,121516,228.53,76717,-0.66
2021-06-16 14:34:25,227.15,32,27211,121516,228.53,76717,-0.66
2021-06-16 14:34:25,227.0,10,27211,121516,228.53,76717,-0.72
2021-06-16 14:34:26,227.05,79,27211,121516,228.53,76717,-0.7
2021-06-16 14:34:27,227.05,79,27161,121566,228.52,76806,-0.7
2021-06-16 14:34:28,227.0,1,27163,121566,228.52,76806,-0.72
2021-06-16 14:34:30,227.0,1,27163,121566,228.52,76807,-0.72
2021-06-16 14:34:32,227.05,1,27163,121566,228.52,76808,-0.7
2021-06-16 14:34:34,227.05,1,27163,121566,228.52,76809,-0.7
2021-06-16 14:34:35,227.05,1,27163,121566,228.52,76810,-0.7
2021-06-16 14:34:37,227.05,4,27163,121566,228.52,76811,-0.7
2021-06-16 14:34:38,227.05,4,27163,121566,228.52,76816,-0.7
2021-06-16 14:34:40,227.05,4,27163,121566,228.52,76821,-0.7
2021-06-16 14:34:42,227.05,4,27163,121566,228.52,76826,-0.7
2021-06-16 14:34:43,227.05,4,27162,121566,228.52,76831,-0.7
2021-06-16 14:34:45,227.05,50,27212,121566,228.52,76835,-0.7
2021-06-16 14:34:46,227.1,14,27212,121566,228.52,76835,-0.68
2021-06-16 14:34:47,227.1,14,27158,121552,228.52,76903,-0.68
2021-06-16 14:34:49,227.1,14,27083,121552,228.52,76903,-0.68
2021-06-16 14:34:54,227.1,14,27408,121552,228.52,76903,-0.68
2021-06-16 14:34:55,227.1,14,27458,121552,228.52,76903,-0.68
2021-06-16 14:35:04,227.1,14,27463,121552,228.52,76903,-0.68
2021-06-16 14:35:10,227.1,14,27472,121552,228.52,76903,-0.68
2021-06-16 14:35:23,227.15,69,27472,121552,228.52,76903,-0.66
2021-06-16 14:35:24,227.15,69,27300,121425,228.52,77111,-0.66
2021-06-16 14:35:28,227.1,3,27351,121477,228.52,77111,-0.68
2021-06-16 14:35:30,227.1,10,27351,121477,228.52,77111,-0.68
2021-06-16 14:35:31,227.1,3,27351,121425,228.52,77124,-0.68
2021-06-16 14:35:33,227.15,3,27307,121468,228.52,77133,-0.66
2021-06-16 14:35:34,227.0,10,27307,121468,228.52,77133,-0.72
2021-06-16 14:35:34,227.05,9,27307,121464,228.52,77143,-0.7
2021-06-16 14:35:36,227.1,8,27306,121464,228.52,77152,-0.68
2021-06-16 14:35:38,227.1,8,27297,121471,228.52,77160,-0.68
2021-06-16 14:35:39,227.1,8,27297,121471,228.52,77168,-0.68
2021-06-16 14:35:40,227.15,6,27295,121671,228.52,77176,-0.66
2021-06-16 14:35:41,227.2,1,27295,121671,228.52,77176,-0.63
2021-06-16 14:35:42,227.2,1,27288,121676,228.52,77231,-0.63
2021-06-16 14:35:45,227.2,1,27297,121749,228.52,77231,-0.63
2021-06-16 14:35:51,227.2,1,27289,121749,228.52,77231,-0.63
2021-06-16 14:35:53,227.0,1,27289,121749,228.52,77231,-0.72
2021-06-16 14:35:55,227.0,1,27289,121749,228.52,77232,-0.72
2021-06-16 14:35:57,227.05,1,27289,121749,228.52,77233,-0.7
2021-06-16 14:35:58,227.05,1,27289,121749,228.52,77234,-0.7
2021-06-16 14:36:00,227.15,2,27289,121747,228.52,77237,-0.66
2021-06-16 14:36:01,227.05,1,27289,121747,228.52,77237,-0.7
2021-06-16 14:36:03,227.05,1,27289,121747,228.52,77238,-0.7
2021-06-16 14:36:04,227.05,1,27289,121547,228.52,77239,-0.7
2021-06-16 14:36:06,227.05,1,27289,121547,228.52,77240,-0.7
2021-06-16 14:36:07,227.05,1,27289,121547,228.52,77241,-0.7
2021-06-16 14:36:09,227.05,1,27291,121548,228.52,77242,-0.7
2021-06-16 14:36:10,227.05,1,27292,121548,228.52,77242,-0.7
2021-06-16 14:36:12,227.05,1,27294,121546,228.52,77242,-0.7
2021-06-16 14:36:18,227.05,1,27295,121546,228.52,77242,-0.7
2021-06-16 14:36:31,226.9,66,27295,121546,228.52,77242,-0.77
2021-06-16 14:36:32,226.9,66,27224,121546,228.51,77342,-0.77
2021-06-16 14:36:34,226.9,66,27169,121544,228.51,77342,-0.77
2021-06-16 14:36:55,227.0,2,27169,121544,228.51,77342,-0.72
2021-06-16 14:36:56,227.0,2,27169,121546,228.51,77442,-0.72
2021-06-16 14:37:04,227.0,2,27214,121546,228.51,77442,-0.72
2021-06-16 14:37:07,227.0,2,27174,121546,228.51,77442,-0.72
2021-06-16 14:37:09,227.0,2,27221,121546,228.51,77442,-0.72
2021-06-16 14:37:16,227.0,2,27230,121546,228.51,77442,-0.72
2021-06-16 14:37:23,227.0,2,27248,121546,228.51,77442,-0.72
2021-06-16 14:37:49,227.0,2,27248,121046,228.51,77442,-0.72
2021-06-16 14:37:52,227.0,2,27249,121046,228.51,77447,-0.72
2021-06-16 14:38:00,227.0,2,27251,120993,228.51,77447,-0.72
2021-06-16 14:38:01,227.0,2,27250,121045,228.51,77447,-0.72
2021-06-16 14:38:05,227.0,2,27251,121045,228.51,77447,-0.72
2021-06-16 14:38:12,227.0,2,27233,121045,228.51,77447,-0.72
2021-06-16 14:38:26,227.15,49,27233,121045,228.51,77447,-0.66
2021-06-16 14:38:27,227.15,49,27228,121047,228.51,77496,-0.66
2021-06-16 14:38:33,227.15,49,27171,121047,228.51,77496,-0.66
2021-06-16 14:38:41,227.15,49,27218,121047,228.51,77496,-0.66
2021-06-16 14:38:45,227.15,49,27218,121297,228.51,77496,-0.66
2021-06-16 14:38:46,227.15,49,27219,121297,228.51,77496,-0.66
2021-06-16 14:38:54,227.15,49,27228,121297,228.51,77496,-0.66
2021-06-16 14:39:07,226.9,12,27169,121297,228.51,77510,-0.77
2021-06-16 14:39:09,226.9,12,27215,121297,228.51,77510,-0.77
2021-06-16 14:39:19,226.9,12,27216,121297,228.51,77510,-0.77
2021-06-16 14:39:22,226.9,12,27225,121297,228.51,77510,-0.77
2021-06-16 14:39:35,226.9,9,27225,121297,228.51,77510,-0.77
2021-06-16 14:39:37,226.9,9,27159,121297,228.51,77525,-0.77
2021-06-16 14:39:39,226.9,9,27164,121384,228.51,77525,-0.77
2021-06-16 14:39:40,226.9,9,27164,121394,228.51,77525,-0.77
2021-06-16 14:39:46,226.9,9,27206,121390,228.51,77525,-0.77
2021-06-16 14:39:48,226.9,9,27206,121394,228.51,77525,-0.77
2021-06-16 14:39:50,226.9,9,27207,121394,228.51,77525,-0.77
2021-06-16 14:39:52,226.9,9,27226,121393,228.51,77525,-0.77
2021-06-16 14:40:12,226.9,9,27227,121400,228.51,77525,-0.77
2021-06-16 14:40:21,226.9,9,27428,121394,228.51,77525,-0.77
2021-06-16 14:40:40,226.9,9,27408,121394,228.51,77525,-0.77
2021-06-16 14:40:58,226.9,9,27408,121391,228.51,77525,-0.77
2021-06-16 14:41:01,227.2,5,27407,121337,228.51,77530,-0.63
2021-06-16 14:41:07,227.2,5,27384,121337,228.51,77530,-0.63
2021-06-16 14:41:11,227.2,5,27384,121385,228.51,77530,-0.63
2021-06-16 14:41:25,227.2,5,27384,121425,228.51,77530,-0.63
2021-06-16 14:41:47,227.2,5,27384,121426,228.51,77530,-0.63
2021-06-16 14:41:48,227.2,1,27384,121426,228.51,77530,-0.63
2021-06-16 14:41:52,227.2,1,27384,121425,228.51,77531,-0.63
2021-06-16 14:41:58,227.2,1,27438,121425,228.51,77531,-0.63
2021-06-16 14:42:00,227.2,1,27438,121577,228.51,77531,-0.63
2021-06-16 14:42:03,227.2,1,27447,121577,228.51,77531,-0.63
2021-06-16 14:42:09,227.2,1,27465,121577,228.51,77531,-0.63
2021-06-16 14:42:12,227.1,8,27465,121577,228.51,77531,-0.68
2021-06-16 14:42:13,227.1,8,27465,121569,228.51,77539,-0.68
2021-06-16 14:42:18,227.1,8,27469,121569,228.51,77539,-0.68
2021-06-16 14:42:20,227.1,8,27469,121568,228.51,77539,-0.68
2021-06-16 14:42:22,227.1,8,27466,121568,228.51,77539,-0.68
2021-06-16 14:42:24,227.1,8,27522,121568,228.51,77539,-0.68
2021-06-16 14:42:28,227.0,1,27522,121568,228.51,77539,-0.72
2021-06-16 14:42:30,227.0,1,27522,121568,228.51,77540,-0.72
2021-06-16 14:42:31,227.0,1,27522,121568,228.51,77541,-0.72
2021-06-16 14:42:33,227.0,1,27522,121568,228.51,77542,-0.72
2021-06-16 14:42:35,227.0,1,27521,121568,228.51,77543,-0.72
2021-06-16 14:42:38,227.0,1,27384,121568,228.51,77543,-0.72
2021-06-16 14:42:45,227.0,1,27438,121568,228.51,77543,-0.72
2021-06-16 14:42:57,227.0,1,27447,121568,228.51,77543,-0.72
2021-06-16 14:42:58,227.0,1,27465,121568,228.51,77543,-0.72
2021-06-16 14:43:19,227.0,1,27465,121518,228.51,77543,-0.72
2021-06-16 14:43:22,227.0,1,27965,121520,228.51,77543,-0.72
2021-06-16 14:43:23,227.0,500,27965,121520,228.51,77543,-0.72
2021-06-16 14:43:24,227.0,500,27465,121520,228.5,78043,-0.72
2021-06-16 14:43:27,227.0,26,27569,121520,228.5,78043,-0.72
2021-06-16 14:43:28,227.0,26,27569,121520,228.5,78069,-0.72
2021-06-16 14:43:32,226.9,10,26452,121520,228.47,79380,-0.77
2021-06-16 14:43:33,227.0,40,26452,121520,228.47,79380,-0.72
2021-06-16 14:43:34,227.0,40,26392,121379,228.46,79837,-0.72
2021-06-16 14:43:43,227.0,40,26399,121379,228.46,79837,-0.72
2021-06-16 14:43:47,227.0,40,26400,121379,228.46,79837,-0.72
2021-06-16 14:43:52,227.0,40,26404,121379,228.46,79837,-0.72
2021-06-16 14:43:56,227.0,40,26406,121379,228.46,79837,-0.72
2021-06-16 14:43:58,227.0,40,26408,121377,228.46,79837,-0.72
2021-06-16 14:44:07,227.0,40,26405,121377,228.46,79837,-0.72
2021-06-16 14:44:09,227.0,40,26357,121377,228.46,79837,-0.72
2021-06-16 14:44:10,227.0,40,26410,121377,228.46,79837,-0.72
2021-06-16 14:44:13,226.35,2,26410,121377,228.46,79837,-1.01
2021-06-16 14:44:14,226.35,2,26357,121705,228.46,80091,-1.01
2021-06-16 14:44:21,226.35,2,26377,121705,228.46,80091,-1.01
2021-06-16 14:44:29,226.35,200,26377,121705,228.46,80091,-1.01
2021-06-16 14:44:30,226.35,200,26366,121306,228.45,80291,-1.01
2021-06-16 14:44:35,226.15,44,26366,121306,228.45,80291,-1.09
2021-06-16 14:44:36,226.15,44,26338,121262,228.45,80335,-1.09
2021-06-16 14:44:37,226.15,44,26339,121315,228.45,80335,-1.09
2021-06-16 14:44:40,226.15,44,26342,121315,228.45,80335,-1.09
2021-06-16 14:44:42,226.15,44,26342,121046,228.45,80335,-1.09
2021-06-16 14:44:43,226.15,44,26343,121023,228.45,80335,-1.09
2021-06-16 14:44:45,226.15,44,26343,121038,228.45,80335,-1.09
2021-06-16 14:44:51,226.15,44,26344,121038,228.45,80335,-1.09
2021-06-16 14:44:52,226.15,44,26344,121023,228.45,80335,-1.09
2021-06-16 14:45:00,226.15,44,26324,121033,228.45,80335,-1.09
2021-06-16 14:45:04,226.15,44,26344,121033,228.45,80335,-1.09
2021-06-16 14:45:07,226.15,44,26345,121033,228.45,80335,-1.09
2021-06-16 14:45:13,226.15,44,26345,121043,228.45,80335,-1.09
2021-06-16 14:45:19,226.15,44,26344,121043,228.45,80335,-1.09
2021-06-16 14:45:28,226.15,44,26345,121046,228.45,80335,-1.09
2021-06-16 14:45:33,226.15,44,26445,121046,228.45,80335,-1.09
2021-06-16 14:45:56,226.75,51,26465,121001,228.45,80402,-0.83
2021-06-16 14:46:01,226.9,1,26460,120985,228.45,80424,-0.77
2021-06-16 14:46:03,226.9,1,26560,120992,228.45,80424,-0.77
2021-06-16 14:46:07,226.9,1,26610,120992,228.45,80424,-0.77
2021-06-16 14:46:09,226.9,1,26610,121013,228.45,80424,-0.77
2021-06-16 14:46:11,226.9,5,26610,121113,228.45,80431,-0.77
2021-06-16 14:46:13,226.9,5,26909,121097,228.45,80431,-0.77
2021-06-16 14:46:15,226.9,5,26908,121097,228.45,80431,-0.77
2021-06-16 14:46:16,226.95,5,26908,121097,228.45,80431,-0.74
2021-06-16 14:46:17,226.95,5,26958,121092,228.45,80436,-0.74
2021-06-16 14:46:22,226.95,5,26954,121097,228.45,80436,-0.74
2021-06-16 14:46:28,226.95,1,26954,121097,228.45,80436,-0.74
2021-06-16 14:46:30,226.95,1,26963,121084,228.45,80474,-0.74
2021-06-16 14:46:34,226.95,1,26975,121082,228.45,80474,-0.74
2021-06-16 14:46:37,226.95,1,26978,121083,228.45,80474,-0.74
2021-06-16 14:46:44,226.95,1,26977,121078,228.45,80474,-0.74
2021-06-16 14:46:49,226.95,1,26978,121078,228.45,80474,-0.74
2021-06-16 14:47:14,226.95,14,27018,121079,228.45,80474,-0.74
2021-06-16 14:47:19,226.95,14,27020,121082,228.45,80488,-0.74
2021-06-16 14:47:21,226.95,14,27018,121082,228.45,80488,-0.74
2021-06-16 14:47:30,226.95,14,27118,121078,228.45,80488,-0.74
2021-06-16 14:47:46,226.95,14,27122,121079,228.45,80488,-0.74
2021-06-16 14:47:58,226.95,18,27120,121079,228.45,80506,-0.74
2021-06-16 14:48:00,226.95,18,27108,121078,228.45,80506,-0.74
2021-06-16 14:48:02,226.95,18,27058,121078,228.45,80506,-0.74
2021-06-16 14:48:14,226.95,18,27062,121078,228.45,80506,-0.74
2021-06-16 14:48:21,226.95,18,27065,121078,228.45,80506,-0.74
2021-06-16 14:48:28,226.95,18,26971,121085,228.45,80506,-0.74
2021-06-16 14:48:41,227.0,7,26971,121085,228.45,80506,-0.72
2021-06-16 14:48:42,227.0,7,26952,121016,228.45,80613,-0.72
2021-06-16 14:48:44,227.0,7,27010,121016,228.45,80613,-0.72
2021-06-16 14:48:46,226.7,10,27010,121016,228.45,80613,-0.85
2021-06-16 14:48:48,226.7,10,27000,121016,228.45,80623,-0.85
2021-06-16 14:48:50,226.7,10,26961,121016,228.45,80623,-0.85
2021-06-16 14:48:52,226.7,10,27013,121016,228.45,80623,-0.85
2021-06-16 14:49:03,226.7,10,27015,121016,228.45,80623,-0.85
2021-06-16 14:49:29,226.7,10,26965,121016,228.45,80623,-0.85
2021-06-16 14:50:06,227.0,35,26965,121016,228.45,80623,-0.72
2021-06-16 14:50:07,227.0,35,26965,120972,228.45,80672,-0.72
2021-06-16 14:50:11,226.95,5,26965,120972,228.45,80672,-0.74
2021-06-16 14:50:13,226.95,5,26957,120972,228.45,80677,-0.74
2021-06-16 14:50:26,226.95,5,26959,120972,228.45,80677,-0.74
2021-06-16 14:50:28,226.95,5,26962,120972,228.45,80677,-0.74
2021-06-16 14:50:35,226.95,5,26963,120972,228.45,80677,-0.74
2021-06-16 14:50:38,227.0,12,26963,120972,228.45,80677,-0.72
2021-06-16 14:50:39,227.0,12,26963,120933,228.44,80735,-0.72
2021-06-16 14:50:47,227.0,12,26966,121133,228.44,80735,-0.72
2021-06-16 14:50:49,227.0,12,26968,121133,228.44,80735,-0.72
2021-06-16 14:50:51,227.0,2,26968,121143,228.44,80745,-0.72
2021-06-16 14:51:10,227.0,92,26968,121143,228.44,80745,-0.72
2021-06-16 14:51:12,227.0,92,26968,121053,228.44,80845,-0.72
2021-06-16 14:51:15,227.0,25,26968,121053,228.44,80845,-0.72
2021-06-16 14:51:16,227.0,25,26973,121028,228.44,80870,-0.72
2021-06-16 14:51:22,227.0,25,26975,121028,228.44,80870,-0.72
2021-06-16 14:51:30,227.0,17,26973,120928,228.44,80970,-0.72
2021-06-16 14:51:33,227.0,7,26973,120928,228.44,80970,-0.72
2021-06-16 14:51:34,227.0,7,26978,120938,228.44,81070,-0.72
2021-06-16 14:51:36,227.0,7,26978,120928,228.44,81070,-0.72
2021-06-16 14:51:37,227.0,7,26982,120928,228.44,81070,-0.72
2021-06-16 14:51:51,227.0,7,26979,120918,228.44,81070,-0.72
2021-06-16 14:52:07,227.0,7,26980,120918,228.44,81070,-0.72
2021-06-16 14:52:13,227.0,7,26982,120918,228.44,81070,-0.72
2021-06-16 14:52:16,227.0,6,26982,120918,228.44,81070,-0.72
2021-06-16 14:52:17,227.0,6,26979,120919,228.44,81099,-0.72
2021-06-16 14:52:18,226.95,29,26979,120919,228.44,81099,-0.74
2021-06-16 14:52:19,226.95,29,26927,121069,228.44,81153,-0.74
2021-06-16 14:52:22,226.95,29,26972,121069,228.44,81153,-0.74
2021-06-16 14:52:28,226.95,29,26978,121069,228.44,81153,-0.74
2021-06-16 14:52:34,226.95,29,26928,121069,228.44,81153,-0.74
2021-06-16 14:52:36,226.95,29,26933,121069,228.44,81153,-0.74
2021-06-16 14:52:36,227.0,10,26933,121069,228.44,81153,-0.72
2021-06-16 14:52:38,227.0,10,26928,121065,228.44,81187,-0.72
2021-06-16 14:52:43,227.0,23,26928,121065,228.44,81187,-0.72
2021-06-16 14:52:45,227.0,23,26922,120988,228.44,81264,-0.72
2021-06-16 14:52:46,227.0,23,26914,120988,228.44,81264,-0.72
2021-06-16 14:53:01,227.0,23,26914,121038,228.44,81264,-0.72
2021-06-16 14:53:04,226.7,1,26914,121038,228.44,81264,-0.85
2021-06-16 14:53:05,226.7,1,26900,121054,228.43,81296,-0.85
2021-06-16 14:53:09,226.7,1,26950,121054,228.43,81296,-0.85
2021-06-16 14:53:11,226.7,1,26953,121054,228.43,81296,-0.85
2021-06-16 14:53:13,226.7,1,26952,121054,228.43,81296,-0.85
2021-06-16 14:53:18,226.7,1,26956,121054,228.43,81296,-0.85
2021-06-16 14:53:22,226.7,1,26960,121054,228.43,81296,-0.85
2021-06-16 14:53:28,226.7,1,26961,121054,228.43,81296,-0.85
2021-06-16 14:53:33,226.7,1,26986,121054,228.43,81296,-0.85
2021-06-16 14:53:42,226.7,1,26989,121054,228.43,81296,-0.85
2021-06-16 14:53:57,226.7,1,26988,121054,228.43,81296,-0.85
2021-06-16 14:53:59,227.0,1,26985,120914,228.43,81496,-0.72
2021-06-16 14:54:01,227.0,16,26985,120914,228.43,81496,-0.72
2021-06-16 14:54:02,227.0,90,26985,120914,228.43,81496,-0.72
2021-06-16 14:54:03,227.0,90,26984,120915,228.43,81602,-0.72
2021-06-16 14:54:04,227.0,90,26976,120915,228.43,81602,-0.72
2021-06-16 14:54:06,227.0,90,26974,120915,228.43,81602,-0.72
2021-06-16 14:54:10,227.0,90,26975,120915,228.43,81602,-0.72
2021-06-16 14:54:13,227.1,50,26975,120915,228.43,81602,-0.68
2021-06-16 14:54:15,227.1,50,27025,120915,228.43,81652,-0.68
2021-06-16 14:54:17,227.1,50,27028,120915,228.43,81652,-0.68
2021-06-16 14:54:19,227.1,50,27029,120915,228.43,81652,-0.68
2021-06-16 14:54:23,227.1,50,27029,120965,228.43,81652,-0.68
2021-06-16 14:54:25,227.1,50,27032,120965,228.43,81652,-0.68
2021-06-16 14:54:27,227.0,1,27032,120965,228.43,81652,-0.72
2021-06-16 14:54:30,227.0,1,27032,120965,228.43,81653,-0.72
2021-06-16 14:54:31,227.0,3,27033,120965,228.43,81654,-0.72
2021-06-16 14:54:34,227.0,3,27033,120965,228.43,81658,-0.72
2021-06-16 14:54:36,227.0,3,27058,120955,228.43,81662,-0.72
2021-06-16 14:54:39,227.0,1,27058,120955,228.43,81666,-0.72
2021-06-16 14:54:40,227.0,1,27058,120955,228.43,81671,-0.72
2021-06-16 14:54:42,227.0,3,27006,120955,228.43,81675,-0.72
2021-06-16 14:54:44,227.0,3,27006,120955,228.43,81678,-0.72
2021-06-16 14:54:46,227.0,3,27006,120955,228.43,81681,-0.72
2021-06-16 14:54:48,227.0,3,27003,120945,228.43,81684,-0.72
2021-06-16 14:54:50,227.0,5,27058,120945,228.43,81684,-0.72
2021-06-16 14:54:52,227.0,5,27004,120945,228.43,81689,-0.72
2021-06-16 14:54:57,227.0,5,27002,120945,228.43,81689,-0.72
2021-06-16 14:54:58,226.7,22,26972,120957,228.43,81751,-0.85
2021-06-16 14:55:01,226.7,22,27025,120957,228.43,81751,-0.85
2021-06-16 14:55:25,226.7,22,27025,120972,228.43,81751,-0.85
2021-06-16 14:55:30,226.7,22,26972,121022,228.43,81751,-0.85
2021-06-16 14:55:32,226.7,22,27022,121022,228.43,81751,-0.85
2021-06-16 14:55:40,226.7,22,26972,121272,228.43,81751,-0.85
2021-06-16 14:55:43,226.7,22,26972,121287,228.43,81751,-0.85
2021-06-16 14:55:45,226.7,22,27002,121287,228.43,81751,-0.85
2021-06-16 14:55:52,226.7,22,27055,121287,228.43,81751,-0.85
2021-06-16 14:56:00,226.1,46,27055,121287,228.43,81751,-1.12
2021-06-16 14:56:01,226.1,46,26732,121336,228.41,82251,-1.12
2021-06-16 14:56:07,226.6,14,26732,121336,228.41,82251,-0.9
2021-06-16 14:56:08,226.6,14,26773,121336,228.41,82281,-0.9
2021-06-16 14:56:10,226.6,14,26776,121336,228.41,82281,-0.9
2021-06-16 14:56:13,226.6,14,26776,121346,228.41,82281,-0.9
2021-06-16 14:56:16,226.8,1,26776,121346,228.41,82281,-0.81
2021-06-16 14:56:18,226.8,1,26777,121345,228.41,82282,-0.81
2021-06-16 14:56:27,226.8,1,26778,121353,228.41,82282,-0.81
2021-06-16 14:56:47,226.8,1,26780,121353,228.41,82282,-0.81
2021-06-16 14:56:53,226.8,1,26779,121353,228.41,82282,-0.81
2021-06-16 14:56:58,226.85,1,26779,121353,228.41,82282,-0.79
2021-06-16 14:57:00,226.85,1,26779,121289,228.41,82284,-0.79
2021-06-16 14:57:02,226.85,1,26780,121367,228.41,82284,-0.79
2021-06-16 14:57:06,226.85,1,26782,121367,228.41,82284,-0.79
2021-06-16 14:57:12,226.85,1,26792,121367,228.41,82284,-0.79
2021-06-16 14:57:14,226.85,1,26791,121367,228.41,82284,-0.79
2021-06-16 14:57:30,226.7,16,26774,121367,228.41,82384,-0.85
2021-06-16 14:57:32,226.7,16,26775,121367,228.41,82384,-0.85
2021-06-16 14:57:37,226.7,16,26781,121367,228.41,82384,-0.85
2021-06-16 14:57:39,226.7,16,26781,121314,228.41,82384,-0.85
2021-06-16 14:57:41,226.7,16,26781,121413,228.41,82384,-0.85
2021-06-16 14:57:46,226.9,26,26781,121413,228.41,82384,-0.77
2021-06-16 14:57:48,226.9,26,26765,121388,228.41,82497,-0.77
2021-06-16 14:57:55,226.8,49,26761,121405,228.41,82546,-0.81
2021-06-16 14:58:09,226.8,49,26860,121456,228.41,82546,-0.81
2021-06-16 14:58:14,226.8,49,26860,121457,228.41,82546,-0.81
2021-06-16 14:58:18,226.8,49,26760,121457,228.41,82546,-0.81
2021-06-16 14:58:21,226.8,41,26760,121457,228.41,82546,-0.81
2021-06-16 14:58:22,226.8,41,26769,121425,228.41,82587,-0.81
2021-06-16 14:58:30,226.8,41,26777,121425,228.41,82587,-0.81
2021-06-16 14:58:34,226.8,41,26885,121426,228.41,82587,-0.81
2021-06-16 14:58:39,226.8,41,26891,121426,228.41,82587,-0.81
2021-06-16 14:58:45,226.8,41,26892,121426,228.41,82587,-0.81
2021-06-16 14:59:07,226.7,43,26838,121426,228.41,82659,-0.85
2021-06-16 14:59:17,226.7,43,26828,121426,228.41,82659,-0.85
2021-06-16 14:59:19,226.7,43,26832,121426,228.41,82659,-0.85
2021-06-16 14:59:24,226.5,36,26732,121441,228.4,82829,-0.94
2021-06-16 14:59:24,226.7,1,26732,121441,228.4,82829,-0.85
2021-06-16 14:59:26,226.7,1,26732,121394,228.4,82847,-0.85
2021-06-16 14:59:28,226.7,1,26732,121374,228.4,82847,-0.85
2021-06-16 14:59:33,226.7,1,26737,121454,228.4,82847,-0.85
2021-06-16 14:59:36,226.7,1,26737,121424,228.4,82847,-0.85
2021-06-16 14:59:38,226.7,1,26737,121431,228.4,82847,-0.85
2021-06-16 14:59:40,226.7,1,26742,121447,228.4,82847,-0.85
2021-06-16 14:59:43,226.7,1,26742,121437,228.4,82847,-0.85
2021-06-16 14:59:45,226.7,1,26742,121423,228.4,82847,-0.85
2021-06-16 14:59:53,226.7,1,26747,121442,228.4,82847,-0.85
2021-06-16 14:59:55,226.7,1,26747,121447,228.4,82847,-0.85
2021-06-16 14:59:58,226.7,1,26747,121446,228.4,82847,-0.85
2021-06-16 15:00:00,226.7,1,26747,121374,228.4,82847,-0.85
2021-06-16 15:00:02,226.7,1,26747,121424,228.4,82847,-0.85
2021-06-16 15:00:05,226.7,1,26747,121432,228.4,82847,-0.85
2021-06-16 15:00:07,226.7,1,26747,121423,228.4,82847,-0.85
2021-06-16 15:00:10,226.7,1,26747,121437,228.4,82847,-0.85
2021-06-16 15:00:12,226.7,1,26747,120842,228.4,82847,-0.85
2021-06-16 15:00:15,226.7,1,26747,120835,228.4,82847,-0.85
2021-06-16 15:00:17,226.7,1,26747,120827,228.4,82847,-0.85
2021-06-16 15:00:19,226.7,1,27246,120533,228.4,82847,-0.85
2021-06-16 15:00:22,226.7,1,27246,120526,228.4,82847,-0.85
2021-06-16 15:00:25,226.7,1,27246,120617,228.4,82847,-0.85
2021-06-16 15:00:31,226.7,1,27246,120217,228.4,82847,-0.85
2021-06-16 15:00:34,226.7,1,27246,120017,228.4,82847,-0.85
2021-06-16 15:00:39,226.7,1,27246,119977,228.4,82847,-0.85
2021-06-16 15:00:45,226.7,1,27246,119973,228.4,82847,-0.85
2021-06-16 15:00:48,226.7,1,27246,119978,228.4,82847,-0.85
2021-06-16 15:00:57,226.7,1,27246,119974,228.4,82847,-0.85
2021-06-16 15:00:59,226.7,1,27246,119874,228.4,82847,-0.85
2021-06-16 15:01:02,226.7,1,27246,119876,228.4,82847,-0.85
2021-06-16 15:01:13,226.7,1,27246,120376,228.4,82847,-0.85
2021-06-16 15:01:16,226.65,1,27246,120383,228.4,82847,-0.87
2021-06-16 15:01:18,226.65,1,27246,120381,228.4,82848,-0.87
2021-06-16 15:01:21,226.65,1,27247,120376,228.4,82848,-0.87
2021-06-16 15:01:24,226.65,1,27247,120676,228.4,82848,-0.87
2021-06-16 15:01:26,226.5,35,27247,120676,228.4,82848,-0.94
2021-06-16 15:01:29,226.5,35,27164,120978,228.4,82956,-0.94
2021-06-16 15:01:31,226.5,35,27149,120977,228.4,82956,-0.94
2021-06-16 15:01:36,226.5,35,27149,121477,228.4,82956,-0.94
2021-06-16 15:01:39,226.5,35,27150,121477,228.4,82956,-0.94
2021-06-16 15:01:41,226.1,24,27150,121477,228.4,82956,-1.12
2021-06-16 15:01:42,226.1,24,27125,121493,228.4,83006,-1.12
2021-06-16 15:01:51,226.1,24,27117,121709,228.4,83006,-1.12
2021-06-16 15:01:52,226.4,50,27117,121709,228.4,83006,-0.98
2021-06-16 15:01:54,226.4,50,27178,121841,228.4,83056,-0.98
2021-06-16 15:01:58,226.15,2,27178,121841,228.4,83056,-1.09
2021-06-16 15:01:59,226.5,8,27125,121841,228.4,83082,-0.94
2021-06-16 15:02:01,226.5,8,27189,122051,228.4,83082,-0.94
2021-06-16 15:02:04,226.5,8,27138,122041,228.4,83082,-0.94
2021-06-16 15:02:06,226.5,8,26838,122041,228.4,83082,-0.94
2021-06-16 15:02:09,226.5,8,26838,121968,228.4,83082,-0.94
2021-06-16 15:02:14,226.5,8,26839,121968,228.4,83082,-0.94
2021-06-16 15:02:22,226.5,8,26989,121968,228.4,83082,-0.94
2021-06-16 15:02:35,226.5,8,27042,121968,228.4,83082,-0.94
2021-06-16 15:02:58,226.5,8,27042,122018,228.4,83082,-0.94
2021-06-16 15:03:06,226.5,8,27092,122018,228.4,83082,-0.94
2021-06-16 15:03:08,226.45,84,27092,122018,228.4,83082,-0.96
2021-06-16 15:03:09,226.45,84,27099,121926,228.39,83182,-0.96
2021-06-16 15:03:12,226.45,84,27107,121926,228.39,83182,-0.96
2021-06-16 15:03:14,226.45,84,27107,121936,228.39,83182,-0.96
2021-06-16 15:03:16,226.45,84,27087,121936,228.39,83182,-0.96
2021-06-16 15:03:17,226.4,2,27087,121936,228.39,83182,-0.98
2021-06-16 15:03:19,226.4,2,27087,121936,228.39,83184,-0.98
2021-06-16 15:03:21,226.45,23,27087,121936,228.39,83184,-0.96
2021-06-16 15:03:22,226.45,23,27080,121895,228.39,83225,-0.96
2021-06-16 15:03:27,226.45,23,27069,121895,228.39,83225,-0.96
2021-06-16 15:03:33,226.45,23,27074,121895,228.39,83225,-0.96
2021-06-16 15:03:38,226.25,49,27074,121895,228.39,83225,-1.05
2021-06-16 15:03:39,226.25,49,27003,121951,228.39,83404,-1.05
2021-06-16 15:03:41,226.7,205,27003,121951,228.39,83404,-0.85
2021-06-16 15:03:42,226.7,205,27052,121572,228.38,83804,-0.85
2021-06-16 15:03:44,226.7,205,27135,121572,228.38,83804,-0.85
2021-06-16 15:03:47,226.7,205,27140,121572,228.38,83804,-0.85
2021-06-16 15:03:50,226.5,5,27140,121572,228.38,83804,-0.94
2021-06-16 15:03:52,226.5,5,27143,121577,228.38,83904,-0.94
2021-06-16 15:03:59,226.5,5,27144,121577,228.38,83904,-0.94
2021-06-16 15:04:07,226.5,5,27138,121577,228.38,83904,-0.94
2021-06-16 15:04:20,226.5,1,27138,121577,228.38,83904,-0.94
2021-06-16 15:04:21,226.65,27,27138,121577,228.38,83904,-0.87
2021-06-16 15:04:21,226.65,27,27035,121557,228.37,84147,-0.87
2021-06-16 15:04:28,226.65,50,27035,121557,228.37,84147,-0.87
2021-06-16 15:04:30,226.65,50,27083,121584,228.37,84197,-0.87
2021-06-16 15:04:47,226.65,50,27128,121584,228.37,84197,-0.87
2021-06-16 15:04:56,226.65,50,27131,121584,228.37,84197,-0.87
2021-06-16 15:05:03,226.65,50,27930,121584,228.37,84197,-0.87
2021-06-16 15:05:06,226.65,50,27938,121584,228.37,84197,-0.87
2021-06-16 15:05:10,226.7,10,27938,121584,228.37,84197,-0.85
2021-06-16 15:05:12,226.7,10,27867,121555,228.37,84207,-0.85
2021-06-16 15:05:15,226.7,10,27920,121555,228.37,84207,-0.85
2021-06-16 15:05:17,226.7,10,27922,121555,228.37,84207,-0.85
2021-06-16 15:05:20,226.7,10,27922,121570,228.37,84207,-0.85
2021-06-16 15:05:23,226.7,10,27925,121570,228.37,84207,-0.85
2021-06-16 15:05:26,226.7,10,27926,121620,228.37,84207,-0.85
2021-06-16 15:05:28,226.7,10,28226,121620,228.37,84207,-0.85
2021-06-16 15:05:31,226.7,10,28230,121620,228.37,84207,-0.85
2021-06-16 15:05:37,226.7,10,28229,121620,228.37,84207,-0.85
2021-06-16 15:05:40,226.7,10,28229,121670,228.37,84207,-0.85
2021-06-16 15:05:51,226.7,10,28204,121670,228.37,84207,-0.85
2021-06-16 15:05:52,226.4,5,28204,121670,228.37,84207,-0.98
2021-06-16 15:05:54,226.4,5,28217,121652,228.37,84257,-0.98
2021-06-16 15:06:00,226.4,5,28209,121652,228.37,84257,-0.98
2021-06-16 15:06:30,226.4,5,28202,121652,228.37,84257,-0.98
2021-06-16 15:06:33,226.4,5,28202,120592,228.37,84257,-0.98
2021-06-16 15:06:36,226.55,5,28202,120592,228.37,84262,-0.92
2021-06-16 15:06:38,226.55,5,28202,120541,228.37,84262,-0.92
2021-06-16 15:07:03,226.55,5,28205,120541,228.37,84262,-0.92
2021-06-16 15:07:28,226.55,3,28205,120541,228.37,84262,-0.92
2021-06-16 15:07:31,226.55,3,28205,120538,228.37,84267,-0.92
2021-06-16 15:07:36,226.55,25,28205,120538,228.37,84267,-0.92
2021-06-16 15:07:36,226.55,25,28205,120513,228.37,84292,-0.92
2021-06-16 15:07:45,226.55,25,28205,120482,228.37,84292,-0.92
2021-06-16 15:07:48,226.55,25,28230,120482,228.37,84292,-0.92
2021-06-16 15:07:55,226.55,25,28230,120432,228.37,84292,-0.92
2021-06-16 15:08:45,226.5,1,28230,120432,228.37,84292,-0.94
2021-06-16 15:08:46,226.5,1,28230,120431,228.37,84293,-0.94
2021-06-16 15:08:48,226.5,1,28229,120429,228.37,84293,-0.94
2021-06-16 15:09:18,226.5,1,28229,120179,228.37,84293,-0.94
2021-06-16 15:09:23,226.25,38,28229,120179,228.37,84293,-1.05
2021-06-16 15:09:25,226.25,38,28157,120210,228.37,84363,-1.05
2021-06-16 15:09:31,226.25,38,28111,120210,228.37,84363,-1.05
2021-06-16 15:09:36,226.25,38,28167,120210,228.37,84363,-1.05
2021-06-16 15:09:39,226.25,38,28167,120195,228.37,84363,-1.05
2021-06-16 15:09:42,226.25,38,28212,120195,228.37,84363,-1.05
2021-06-16 15:09:43,226.5,10,28212,120195,228.37,84363,-0.94
2021-06-16 15:09:45,226.5,10,28224,120195,228.37,84373,-0.94
2021-06-16 15:09:51,226.5,10,28228,120195,228.37,84373,-0.94
2021-06-16 15:09:53,226.5,10,28278,120195,228.37,84373,-0.94
2021-06-16 15:10:11,226.25,31,28278,120195,228.37,84373,-1.05
2021-06-16 15:10:21,226.25,31,28319,120198,228.36,84463,-1.05
2021-06-16 15:10:24,226.25,31,28322,120198,228.36,84463,-1.05
2021-06-16 15:10:32,226.25,31,28366,120198,228.36,84463,-1.05
2021-06-16 15:10:37,226.25,31,28369,120198,228.36,84463,-1.05
2021-06-16 15:10:38,226.25,7,28369,120198,228.36,84463,-1.05
2021-06-16 15:10:41,226.25,7,28394,119941,228.36,84720,-1.05
2021-06-16 15:10:43,226.25,7,28432,119941,228.36,84720,-1.05
2021-06-16 15:10:46,226.25,7,28436,119941,228.36,84720,-1.05
2021-06-16 15:10:48,226.5,30,28436,119941,228.36,84720,-0.94
2021-06-16 15:10:49,226.5,30,28407,119911,228.36,84750,-0.94
2021-06-16 15:10:58,226.5,30,28411,119911,228.36,84750,-0.94
2021-06-16 15:11:00,226.45,6,28411,119911,228.36,84750,-0.96
2021-06-16 15:11:01,226.45,6,28405,119911,228.36,84800,-0.96
2021-06-16 15:11:02,226.45,2,28405,119911,228.36,84800,-0.96
2021-06-16 15:11:04,226.45,2,28348,119911,228.35,84852,-0.96
2021-06-16 15:11:07,226.45,2,28291,120111,228.35,84852,-0.96
2021-06-16 15:11:19,226.45,2,28342,119906,228.35,84854,-0.96
2021-06-16 15:11:21,226.45,2,28388,119906,228.35,84854,-0.96
2021-06-16 15:11:27,226.45,2,28395,119906,228.35,84854,-0.96
2021-06-16 15:11:33,226.45,2,28395,119881,228.35,84854,-0.96
2021-06-16 15:11:43,226.45,2,28494,119881,228.35,84854,-0.96
2021-06-16 15:11:50,226.25,56,28494,119881,228.35,84854,-1.05
2021-06-16 15:11:52,226.25,56,28444,119781,228.35,84954,-1.05
2021-06-16 15:11:52,226.25,4,28444,119781,228.35,84954,-1.05
2021-06-16 15:11:54,226.25,4,28484,119781,228.35,84958,-1.05
2021-06-16 15:11:57,226.25,4,28395,119781,228.35,84958,-1.05
2021-06-16 15:12:00,226.25,4,28397,119731,228.35,84958,-1.05
2021-06-16 15:12:03,226.25,4,28396,119731,228.35,84958,-1.05
2021-06-16 15:12:06,226.25,84,28306,119731,228.35,85093,-1.05
2021-06-16 15:12:09,226.25,84,28191,119731,228.35,85093,-1.05
2021-06-16 15:12:12,226.25,84,28246,119729,228.35,85093,-1.05
2021-06-16 15:12:18,226.25,9,19841,119680,227.9,95690,-1.05
2021-06-16 15:12:19,226.45,9,19841,119680,227.9,95690,-0.96
2021-06-16 15:12:20,226.3,4,19841,119680,227.9,95690,-1.03
2021-06-16 15:12:21,226.3,4,20289,119674,227.89,95758,-1.03
2021-06-16 15:12:23,226.3,4,20298,119737,227.89,95758,-1.03
2021-06-16 15:12:25,225.5,1,20298,119737,227.89,95758,-1.38
2021-06-16 15:12:26,225.5,1,20296,119692,227.89,95761,-1.38
2021-06-16 15:12:27,225.5,2,20296,119692,227.89,95761,-1.38
2021-06-16 15:12:29,226.15,10,20296,119692,227.89,95761,-1.09
2021-06-16 15:12:30,225.6,1,20296,119692,227.89,95761,-1.33
2021-06-16 15:12:34,225.6,1,20966,119690,227.89,95775,-1.33
2021-06-16 15:12:37,225.6,1,21253,119659,227.89,95775,-1.33
2021-06-16 15:12:40,225.6,1,21254,119659,227.89,95775,-1.33
2021-06-16 15:12:42,225.7,1,21254,119659,227.89,95775,-1.29
2021-06-16 15:12:43,225.7,1,21253,119921,227.89,95776,-1.29
2021-06-16 15:12:45,225.7,25,21253,119921,227.89,95776,-1.29
2021-06-16 15:12:45,225.75,2,21253,119921,227.89,95776,-1.27
2021-06-16 15:12:46,225.75,2,21217,119820,227.89,95828,-1.27
2021-06-16 15:12:46,225.75,36,21217,119820,227.89,95828,-1.27
2021-06-16 15:12:48,226.25,5,21217,119820,227.89,95828,-1.05
2021-06-16 15:12:49,226.25,5,21180,119650,227.88,96528,-1.05
2021-06-16 15:12:52,226.25,5,21202,119682,227.88,96528,-1.05
2021-06-16 15:12:55,226.2,8,21208,119684,227.88,96536,-1.07
2021-06-16 15:12:58,226.2,8,21228,119684,227.88,96536,-1.07
2021-06-16 15:13:01,226.2,8,21229,119684,227.88,96536,-1.07
2021-06-16 15:13:01,226.2,2,21229,119684,227.88,96536,-1.07
2021-06-16 15:13:03,226.2,2,21225,119682,227.88,96538,-1.07
2021-06-16 15:13:04,226.2,9,21225,119682,227.88,96538,-1.07
2021-06-16 15:13:06,226.25,5,21225,119757,227.88,96554,-1.05
2021-06-16 15:13:12,226.25,5,21210,119757,227.88,96554,-1.05
2021-06-16 15:13:15,226.25,270,20940,119757,227.87,96826,-1.05
2021-06-16 15:13:16,226.25,30,20940,119757,227.87,96826,-1.05
2021-06-16 15:13:17,226.25,30,20912,119757,227.87,96856,-1.05
2021-06-16 15:13:20,226.25,30,20868,119757,227.87,96856,-1.05
2021-06-16 15:13:22,226.25,1,20868,119757,227.87,96856,-1.05
2021-06-16 15:13:24,226.25,1,20868,119757,227.87,96857,-1.05
2021-06-16 15:13:26,226.25,1,20843,119757,227.87,96857,-1.05
2021-06-16 15:13:28,226.25,100,20843,119757,227.87,96857,-1.05
2021-06-16 15:13:29,226.25,3,21188,119757,227.87,97022,-1.05
2021-06-16 15:13:32,226.25,3,21223,119757,227.87,97022,-1.05
2021-06-16 15:13:34,226.25,3,21230,119757,227.87,97022,-1.05
2021-06-16 15:13:40,226.25,3,21229,119757,227.87,97022,-1.05
2021-06-16 15:13:41,226.45,4,21229,119757,227.87,97022,-0.96
2021-06-16 15:13:43,226.5,1,21229,119757,227.87,97022,-0.94
2021-06-16 15:13:43,226.5,43,21078,119460,227.86,97971,-0.94
2021-06-16 15:13:46,226.6,10,21119,119700,227.86,98032,-0.9
2021-06-16 15:13:49,226.6,10,21119,119713,227.86,98032,-0.9
2021-06-16 15:13:51,226.6,47,21119,119713,227.86,98032,-0.9
2021-06-16 15:13:52,226.6,47,20999,119598,227.86,98132,-0.9
2021-06-16 15:13:55,226.6,47,21015,119648,227.86,98132,-0.9
2021-06-16 15:13:58,226.6,47,21108,119660,227.86,98132,-0.9
2021-06-16 15:14:02,227.0,3,21108,119660,227.86,98132,-0.72
2021-06-16 15:14:03,227.0,3,21202,119448,227.85,98382,-0.72
2021-06-16 15:14:09,227.0,3,21187,119548,227.85,98382,-0.72
2021-06-16 15:14:12,227.0,3,21193,119548,227.85,98382,-0.72
2021-06-16 15:14:12,226.85,206,21193,119548,227.85,98382,-0.79
2021-06-16 15:14:15,226.85,206,20695,119611,227.84,99272,-0.79
2021-06-16 15:14:16,227.0,1,20695,119611,227.84,99272,-0.72
2021-06-16 15:14:18,227.0,1,20833,119618,227.84,99302,-0.72
2021-06-16 15:14:19,227.0,172,20833,119618,227.84,99302,-0.72
2021-06-16 15:14:19,227.0,9,20833,119618,227.84,99302,-0.72
2021-06-16 15:14:21,226.95,7,20507,119609,227.82,102478,-0.74
2021-06-16 15:14:22,224.6,1,20507,119609,227.82,102478,-1.77
2021-06-16 15:14:22,224.1,4,20507,119609,227.82,102478,-1.99
2021-06-16 15:14:24,223.4,4,20669,119743,227.8,103339,-2.3
2021-06-16 15:14:25,224.0,9,20669,119743,227.8,103339,-2.03
2021-06-16 15:14:27,224.0,9,21000,119743,227.8,103364,-2.03
2021-06-16 15:14:28,224.6,16,21000,119743,227.8,103364,-1.77
2021-06-16 15:14:30,224.6,16,20985,119727,227.8,103380,-1.77
2021-06-16 15:14:31,224.55,44,20985,119727,227.8,103380,-1.79
2021-06-16 15:14:32,224.75,1,20985,119727,227.8,103380,-1.71
2021-06-16 15:14:33,224.75,1,21029,119326,227.79,103521,-1.71
2021-06-16 15:14:34,224.65,1,21029,119326,227.79,103521,-1.75
2021-06-16 15:14:36,224.65,1,20728,119326,227.78,103798,-1.75
2021-06-16 15:14:39,224.65,1,20726,119336,227.78,103798,-1.75
2021-06-16 15:14:42,224.65,1,20726,119083,227.78,103798,-1.75
2021-06-16 15:14:45,224.65,1,20729,119083,227.78,103798,-1.75
2021-06-16 15:14:48,224.65,1,21706,119083,227.78,103798,-1.75
2021-06-16 15:14:51,224.65,1,21835,119432,227.78,103798,-1.75
2021-06-16 15:14:53,224.65,1,21835,119383,227.78,103798,-1.75
2021-06-16 15:14:54,225.05,1,21835,119383,227.78,103798,-1.57
2021-06-16 15:14:56,225.05,1,21835,119383,227.78,103799,-1.57
2021-06-16 15:14:59,225.05,1,22226,119383,227.78,103799,-1.57
2021-06-16 15:15:00,226.5,9,22226,119383,227.78,103799,-0.94
2021-06-16 15:15:02,226.5,9,22255,119396,227.78,103809,-0.94
2021-06-16 15:15:04,225.4,1,22255,119396,227.78,103809,-1.42
2021-06-16 15:15:05,225.4,1,22256,119396,227.78,103810,-1.42
2021-06-16 15:15:08,225.4,1,22256,119386,227.78,103810,-1.42
2021-06-16 15:15:11,225.4,1,22250,119366,227.78,103810,-1.42
2021-06-16 15:15:12,226.5,8,22250,119366,227.78,103810,-0.94
2021-06-16 15:15:13,226.85,75,22250,119366,227.78,103810,-0.79
2021-06-16 15:15:14,226.85,75,22264,119335,227.78,104084,-0.79
2021-06-16 15:15:16,226.5,101,22264,119335,227.78,104084,-0.94
2021-06-16 15:15:17,226.5,101,22222,119261,227.78,104242,-0.94
2021-06-16 15:15:21,226.5,101,22223,119261,227.78,104242,-0.94
2021-06-16 15:15:24,226.5,101,22215,119262,227.78,104242,-0.94
2021-06-16 15:15:27,226.5,101,22216,119262,227.78,104242,-0.94
2021-06-16 15:15:30,226.5,101,22216,118987,227.78,104242,-0.94
2021-06-16 15:15:33,226.5,101,23518,118987,227.78,104242,-0.94
2021-06-16 15:15:34,226.7,19,23518,118987,227.78,104242,-0.85
2021-06-16 15:15:36,226.7,19,24014,119012,227.78,104262,-0.85
2021-06-16 15:15:42,226.7,19,24012,119012,227.78,104262,-0.85
2021-06-16 15:15:45,226.7,19,24412,118812,227.78,104262,-0.85
2021-06-16 15:15:48,226.7,19,24489,118812,227.78,104262,-0.85
2021-06-16 15:15:54,226.7,19,24529,118873,227.78,104262,-0.85
2021-06-16 15:15:57,226.7,19,24529,118898,227.78,104262,-0.85
2021-06-16 15:15:57,226.7,15,24529,118898,227.78,104262,-0.85
2021-06-16 15:16:00,226.7,15,24552,118861,227.78,104302,-0.85
2021-06-16 15:16:03,226.7,10,24539,118876,227.78,104312,-0.85
2021-06-16 15:16:06,226.7,10,24540,118837,227.78,104312,-0.85
2021-06-16 15:16:09,226.7,10,24542,118838,227.78,104312,-0.85
2021-06-16 15:16:11,226.7,5,24542,118838,227.78,104312,-0.85
2021-06-16 15:16:12,226.7,5,24529,118823,227.78,104337,-0.85
2021-06-16 15:16:21,226.7,5,24559,118958,227.78,104337,-0.85
2021-06-16 15:16:24,226.7,5,24560,118958,227.78,104337,-0.85
2021-06-16 15:16:27,226.7,3,24483,118995,227.78,104340,-0.85
2021-06-16 15:16:33,226.7,2,24501,118983,227.78,104573,-0.85
2021-06-16 15:16:35,226.6,9,24501,118983,227.78,104573,-0.9
2021-06-16 15:16:36,226.6,9,24497,119011,227.77,104734,-0.9
2021-06-16 15:16:37,226.6,2,24497,119011,227.77,104734,-0.9
2021-06-16 15:16:39,226.6,40,24546,119020,227.77,104776,-0.9
2021-06-16 15:16:40,226.6,250,24546,119020,227.77,104776,-0.9
2021-06-16 15:16:41,226.6,35,24546,119020,227.77,104776,-0.9
2021-06-16 15:16:42,226.6,35,24547,118971,227.77,105061,-0.9
2021-06-16 15:16:45,226.6,35,24614,118919,227.77,105061,-0.9
2021-06-16 15:16:46,226.7,15,24614,118919,227.77,105061,-0.85
2021-06-16 15:16:47,226.7,15,24615,118919,227.77,105076,-0.85
2021-06-16 15:16:50,226.7,15,24667,118949,227.77,105076,-0.85
2021-06-16 15:16:51,226.8,2,24667,118949,227.77,105076,-0.81
2021-06-16 15:16:53,226.8,2,24672,118944,227.77,105078,-0.81
2021-06-16 15:16:55,226.85,42,24672,118944,227.77,105078,-0.79
2021-06-16 15:16:56,226.85,42,24654,118744,227.77,105128,-0.79
2021-06-16 15:16:57,226.95,57,24654,118744,227.77,105128,-0.74
2021-06-16 15:16:59,226.95,57,24650,118687,227.77,105185,-0.74
2021-06-16 15:17:01,226.95,5,24650,118687,227.77,105185,-0.74
2021-06-16 15:17:05,226.95,5,24684,118676,227.77,105190,-0.74
2021-06-16 15:17:06,226.95,18,24684,118676,227.77,105190,-0.74
2021-06-16 15:17:07,227.0,1,24684,118676,227.77,105190,-0.72
2021-06-16 15:17:08,227.0,1,24686,118662,227.77,105209,-0.72
2021-06-16 15:17:11,227.0,9,24664,118657,227.77,105218,-0.72
2021-06-16 15:17:20,227.0,9,24861,118657,227.77,105218,-0.72
2021-06-16 15:17:25,227.0,23,24861,118657,227.77,105218,-0.72
2021-06-16 15:17:26,227.0,23,24861,118632,227.77,105263,-0.72
2021-06-16 15:17:30,227.0,1,24861,118632,227.77,105263,-0.72
2021-06-16 15:17:31,227.0,35,24861,118632,227.77,105263,-0.72
2021-06-16 15:17:32,227.0,35,24831,118593,227.77,105305,-0.72
2021-06-16 15:17:35,227.0,35,24833,118608,227.77,105305,-0.72
2021-06-16 15:17:38,227.0,35,24835,118608,227.77,105305,-0.72
2021-06-16 15:17:41,227.0,20,24800,118679,227.77,105305,-0.72
2021-06-16 15:17:44,227.0,20,24795,118669,227.77,105347,-0.72
2021-06-16 15:17:45,227.05,9,24795,118669,227.77,105347,-0.7
2021-06-16 15:17:47,227.05,9,24807,118596,227.77,105597,-0.7
2021-06-16 15:17:52,227.05,9,24841,118596,227.77,105597,-0.7
2021-06-16 15:17:53,226.85,10,24841,118596,227.77,105597,-0.79
2021-06-16 15:17:55,226.85,10,24780,118741,227.77,105668,-0.79
2021-06-16 15:17:55,226.8,2,24780,118741,227.77,105668,-0.81
2021-06-16 15:17:57,226.8,2,24889,120179,227.76,105792,-0.81
2021-06-16 15:18:00,226.8,2,24868,120179,227.76,105792,-0.81
2021-06-16 15:18:03,226.8,2,24862,120179,227.76,105792,-0.81
2021-06-16 15:18:09,226.85,35,24878,120144,227.76,105827,-0.79
2021-06-16 15:18:11,226.5,194,24878,120144,227.76,105827,-0.94
2021-06-16 15:18:12,226.8,1,24633,120399,227.76,106243,-0.81
2021-06-16 15:18:18,226.8,1,24644,120399,227.76,106243,-0.81
2021-06-16 15:18:18,226.8,10,24644,120399,227.76,106243,-0.81
2021-06-16 15:18:20,226.8,10,24647,120389,227.76,106253,-0.81
2021-06-16 15:18:21,226.95,85,24647,120389,227.76,106253,-0.74
2021-06-16 15:18:24,226.95,85,24699,120189,227.76,106503,-0.74
2021-06-16 15:18:25,226.95,8,24699,120189,227.76,106503,-0.74
2021-06-16 15:18:27,226.95,8,24699,120181,227.76,106511,-0.74
2021-06-16 15:18:30,226.95,8,24975,120181,227.76,106511,-0.74
2021-06-16 15:18:32,227.0,223,24975,120181,227.76,106511,-0.72
2021-06-16 15:18:34,227.0,223,24996,119951,227.76,106761,-0.72
2021-06-16 15:18:37,227.0,223,25009,119951,227.76,106761,-0.72
2021-06-16 15:18:41,227.0,204,25009,119951,227.76,106761,-0.72
2021-06-16 15:18:42,227.0,100,25009,119951,227.76,106761,-0.72
2021-06-16 15:18:43,227.0,100,25989,119642,227.75,107070,-0.72
2021-06-16 15:18:46,227.0,21,25989,119642,227.75,107070,-0.72
2021-06-16 15:18:48,227.0,21,25971,119597,227.75,107115,-0.72
2021-06-16 15:18:51,227.0,233,25971,119597,227.75,107115,-0.72
2021-06-16 15:18:52,227.0,22,25967,119342,227.75,107370,-0.72
2021-06-16 15:18:54,227.0,22,25959,119342,227.75,107370,-0.72
2021-06-16 15:18:57,227.0,22,25959,119352,227.75,107370,-0.72
2021-06-16 15:19:06,227.0,275,25959,119352,227.75,107370,-0.72
2021-06-16 15:19:06,227.0,275,25684,119087,227.75,107645,-0.72
2021-06-16 15:19:09,227.0,275,25697,119087,227.75,107645,-0.72
2021-06-16 15:19:11,227.0,135,25697,119087,227.75,107645,-0.72
2021-06-16 15:19:12,227.0,135,25683,118952,227.75,107780,-0.72
2021-06-16 15:19:18,227.0,135,25672,118952,227.75,107780,-0.72
2021-06-16 15:19:20,227.0,135,25672,118953,227.75,107780,-0.72
2021-06-16 15:19:23,227.0,135,25672,118943,227.75,107780,-0.72
2021-06-16 15:19:24,227.0,25,25672,118943,227.75,107780,-0.72
2021-06-16 15:19:26,227.0,25,25947,118918,227.75,107805,-0.72
2021-06-16 15:19:28,227.0,13,25947,118918,227.75,107805,-0.72
2021-06-16 15:19:29,227.0,13,25947,118905,227.75,107818,-0.72
2021-06-16 15:19:31,226.95,20,25947,118905,227.75,107818,-0.74
2021-06-16 15:19:32,226.95,20,25911,118985,227.75,107838,-0.74
2021-06-16 15:19:35,226.95,20,25917,118985,227.75,107838,-0.74
2021-06-16 15:19:41,226.95,9,25917,118985,227.75,107838,-0.74
2021-06-16 15:19:42,226.95,9,25917,119050,227.75,107847,-0.74
2021-06-16 15:19:48,226.95,9,25927,119350,227.75,107847,-0.74
2021-06-16 15:19:52,226.95,30,25927,119340,227.75,107847,-0.74
2021-06-16 15:19:54,226.95,30,25927,119310,227.75,107877,-0.74
2021-06-16 15:19:55,227.0,174,25927,119310,227.75,107877,-0.72
2021-06-16 15:19:57,227.0,174,26987,120486,227.74,108514,-0.72
2021-06-16 15:19:58,227.0,307,26987,120486,227.74,108514,-0.72
2021-06-16 15:20:00,227.0,307,26972,120179,227.74,108836,-0.72
2021-06-16 15:20:03,227.0,10,26972,120179,227.74,108836,-0.72
2021-06-16 15:20:03,227.0,10,26972,120169,227.74,108846,-0.72
2021-06-16 15:20:06,227.0,11,26972,120169,227.74,108846,-0.72
2021-06-16 15:20:07,227.0,11,25998,120683,227.73,109835,-0.72
2021-06-16 15:20:10,227.0,11,25998,120733,227.73,109835,-0.72
2021-06-16 15:20:21,227.0,11,26298,120615,227.73,109835,-0.72
2021-06-16 15:20:25,227.0,11,26298,120635,227.73,109835,-0.72
2021-06-16 15:20:27,226.95,126,26298,120635,227.73,109835,-0.74
2021-06-16 15:20:28,226.95,126,26298,120489,227.73,110335,-0.74
2021-06-16 15:20:32,226.95,126,26308,120489,227.73,110335,-0.74
2021-06-16 15:20:35,226.95,2,26305,120613,227.73,110385,-0.74
2021-06-16 15:20:36,226.95,10,26305,120613,227.73,110385,-0.74
2021-06-16 15:20:42,226.95,10,26305,120603,227.73,110395,-0.74
2021-06-16 15:20:45,226.95,10,26304,120603,227.73,110395,-0.74
2021-06-16 15:20:49,226.95,10,26314,120603,227.73,110395,-0.74
2021-06-16 15:20:53,226.95,10,26314,120613,227.73,110395,-0.74
2021-06-16 15:20:54,226.9,1,26314,120613,227.73,110395,-0.77
2021-06-16 15:20:56,226.45,2,26314,120613,227.73,110395,-0.96
2021-06-16 15:21:00,226.45,2,26425,120698,227.73,110464,-0.96
2021-06-16 15:21:04,226.55,134,26325,120464,227.73,110598,-0.92
2021-06-16 15:21:07,226.55,134,26345,120464,227.73,110598,-0.92
2021-06-16 15:21:12,226.85,2,26363,120362,227.73,110600,-0.79
2021-06-16 15:21:23,226.85,2,26368,120409,227.73,110600,-0.79
2021-06-16 15:21:24,226.95,1,26368,120409,227.73,110600,-0.74
2021-06-16 15:21:25,226.85,18,26368,120409,227.73,110600,-0.79
2021-06-16 15:21:34,226.85,18,26350,120481,227.73,110628,-0.79
2021-06-16 15:21:42,226.85,18,26350,121481,227.73,110628,-0.79
2021-06-16 15:21:57,226.85,18,26150,121481,227.73,110628,-0.79
2021-06-16 15:22:00,226.85,18,26150,121531,227.73,110628,-0.79
2021-06-16 15:22:07,226.85,18,26150,121504,227.73,110628,-0.79
2021-06-16 15:22:10,226.85,18,26150,121554,227.73,110628,-0.79
2021-06-16 15:22:16,226.85,18,26250,121604,227.73,110628,-0.79
2021-06-16 15:22:22,226.85,15,26250,121589,227.73,110643,-0.79
2021-06-16 15:22:25,226.85,15,26255,121589,227.73,110643,-0.79
2021-06-16 15:22:28,226.85,33,26255,121489,227.73,110743,-0.79
2021-06-16 15:22:30,226.95,4,26255,121489,227.73,110743,-0.74
2021-06-16 15:22:31,226.95,4,26305,121381,227.73,110851,-0.74
2021-06-16 15:22:40,226.95,4,26305,121406,227.73,110851,-0.74
2021-06-16 15:22:50,226.95,4,26306,121406,227.73,110851,-0.74
2021-06-16 15:22:53,226.85,15,26306,121406,227.73,110851,-0.79
2021-06-16 15:22:55,226.85,15,26291,121406,227.73,110866,-0.79
2021-06-16 15:23:07,226.85,15,26291,121906,227.73,110866,-0.79
2021-06-16 15:23:08,226.85,35,26291,121906,227.73,110866,-0.79
2021-06-16 15:23:10,226.85,35,26257,121874,227.73,110901,-0.79
2021-06-16 15:23:11,226.55,14,26257,121874,227.73,110901,-0.92
2021-06-16 15:23:14,226.55,14,26256,121906,227.73,110971,-0.92
2021-06-16 15:23:32,226.8,10,26256,121906,227.73,110971,-0.81
2021-06-16 15:23:35,226.8,10,26257,121972,227.72,110981,-0.81
2021-06-16 15:23:40,226.2,269,26257,121972,227.72,110981,-1.07
2021-06-16 15:23:42,226.2,269,25950,122383,227.71,112031,-1.07
2021-06-16 15:23:53,226.2,269,25970,122383,227.71,112031,-1.07
2021-06-16 15:23:57,226.2,1,25970,122383,227.71,112031,-1.07
2021-06-16 15:24:00,226.2,1,25969,122398,227.71,112032,-1.07
2021-06-16 15:24:11,226.2,1,25969,122383,227.71,112032,-1.07
2021-06-16 15:24:21,226.2,1,25964,122383,227.71,112032,-1.07
2021-06-16 15:24:28,226.2,41,25964,122383,227.71,112032,-1.07
2021-06-16 15:24:35,226.2,41,25919,122383,227.71,112077,-1.07
2021-06-16 15:24:36,226.7,10,25919,122383,227.71,112077,-0.85
2021-06-16 15:24:39,226.7,10,26113,122524,227.71,112087,-0.85
2021-06-16 15:24:56,226.7,10,26123,122490,227.71,112087,-0.85
2021-06-16 15:25:03,226.7,10,26123,122690,227.71,112087,-0.85
2021-06-16 15:25:06,226.7,10,26123,122890,227.71,112087,-0.85
2021-06-16 15:25:07,226.5,10,26123,122890,227.71,112087,-0.94
2021-06-16 15:25:10,226.5,10,26124,122887,227.71,112098,-0.94
2021-06-16 15:25:13,226.5,10,26134,122887,227.71,112098,-0.94
2021-06-16 15:25:17,226.5,10,26134,122912,227.71,112098,-0.94
2021-06-16 15:25:20,226.5,10,26133,122912,227.71,112098,-0.94
2021-06-16 15:25:27,226.5,10,26133,122958,227.71,112098,-0.94
2021-06-16 15:25:34,226.5,10,26133,123058,227.71,112098,-0.94
2021-06-16 15:25:35,226.25,11,26133,123058,227.71,112098,-1.05
2021-06-16 15:25:37,226.45,10,26133,123058,227.71,112098,-0.96
2021-06-16 15:25:37,226.45,10,26121,123062,227.71,112119,-0.96
2021-06-16 15:25:38,226.25,6,26121,123062,227.71,112119,-1.05
2021-06-16 15:25:41,226.25,6,26115,123062,227.71,112125,-1.05
2021-06-16 15:25:51,226.2,6,26115,123062,227.71,112125,-1.07
2021-06-16 15:25:51,226.2,6,26105,123062,227.71,112135,-1.07
2021-06-16 15:25:55,226.2,6,26105,123052,227.71,112135,-1.07
2021-06-16 15:26:01,226.2,6,26110,123051,227.71,112135,-1.07
2021-06-16 15:26:09,226.2,6,25414,122597,227.71,112135,-1.07
2021-06-16 15:26:19,226.2,6,25414,122652,227.71,112135,-1.07
2021-06-16 15:26:34,226.2,20,25414,122652,227.71,112135,-1.07
2021-06-16 15:26:43,226.2,20,25348,122652,227.71,112155,-1.07
2021-06-16 15:26:57,226.2,20,25357,122668,227.71,112155,-1.07
2021-06-16 15:27:00,226.2,20,25357,122618,227.71,112155,-1.07
2021-06-16 15:27:09,226.2,61,25357,122618,227.71,112155,-1.07
2021-06-16 15:27:11,226.2,61,25346,122513,227.71,112216,-1.07
2021-06-16 15:27:16,226.25,50,25346,122513,227.71,112216,-1.05
2021-06-16 15:27:18,226.25,50,25341,122463,227.71,112271,-1.05
2021-06-16 15:27:19,226.25,5,25341,122463,227.71,112271,-1.05
2021-06-16 15:27:21,226.25,5,25336,122458,227.71,112276,-1.05
2021-06-16 15:27:25,226.25,5,25344,122458,227.71,112276,-1.05
2021-06-16 15:27:32,226.25,5,25344,122412,227.71,112276,-1.05
2021-06-16 15:27:46,226.25,5,25344,122337,227.71,112276,-1.05
2021-06-16 15:27:48,226.2,500,25344,122337,227.71,112276,-1.07
2021-06-16 15:27:49,226.2,500,24844,122337,227.7,112776,-1.07
2021-06-16 15:27:51,226.25,48,24844,122337,227.7,112776,-1.05
2021-06-16 15:27:53,226.25,48,24694,122244,227.7,112926,-1.05
2021-06-16 15:28:00,226.2,2,24694,122244,227.7,112926,-1.07
2021-06-16 15:28:05,226.2,2,24492,122235,227.7,113128,-1.07
2021-06-16 15:28:06,226.2,2,24431,122203,227.7,113221,-1.07
2021-06-16 15:28:10,226.2,2,24431,122153,227.7,113221,-1.07
2021-06-16 15:28:24,226.25,7,24451,122153,227.7,113221,-1.05
2021-06-16 15:28:25,226.2,25,24451,122153,227.7,113221,-1.07
2021-06-16 15:28:33,226.2,25,24419,122146,227.7,113253,-1.07
2021-06-16 15:28:36,226.2,25,24418,122145,227.7,113253,-1.07
2021-06-16 15:28:39,226.2,16,24418,122145,227.7,113253,-1.07
2021-06-16 15:28:40,226.2,16,24402,122145,227.7,113269,-1.07
2021-06-16 15:28:42,226.2,1,24402,122145,227.7,113269,-1.07
2021-06-16 15:28:43,226.2,1,24392,122145,227.7,113279,-1.07
2021-06-16 15:28:45,226.0,26,24392,122145,227.7,113279,-1.16
2021-06-16 15:28:46,226.0,26,24320,122145,227.69,113379,-1.16
2021-06-16 15:28:49,226.0,1,24318,122144,227.69,113380,-1.16
2021-06-16 15:28:58,226.0,1,24318,124944,227.69,113380,-1.16
2021-06-16 15:29:02,226.0,1,24318,124943,227.69,113380,-1.16
2021-06-16 15:29:03,226.25,32,24318,124943,227.69,113380,-1.05
2021-06-16 15:29:04,226.0,14,24318,124943,227.69,113380,-1.16
2021-06-16 15:29:05,226.0,14,24220,124864,227.69,113483,-1.16
2021-06-16 15:29:09,226.0,14,24170,123361,227.69,113483,-1.16
2021-06-16 15:29:12,226.0,14,24169,123360,227.69,113483,-1.16
2021-06-16 15:29:15,226.0,14,24498,123359,227.69,113483,-1.16
2021-06-16 15:29:16,226.0,8,24498,123359,227.69,113483,-1.16
2021-06-16 15:29:18,226.0,8,24283,123144,227.69,113498,-1.16
2021-06-16 15:29:28,226.0,28,24255,123144,227.69,113526,-1.16
2021-06-16 15:29:29,226.25,75,24255,123144,227.69,113526,-1.05
2021-06-16 15:29:31,226.25,75,24255,123069,227.69,113603,-1.05
2021-06-16 15:29:33,226.0,13,24255,123069,227.69,113603,-1.16
2021-06-16 15:29:34,226.0,125,24107,122942,227.69,113751,-1.16
2021-06-16 15:29:41,226.0,125,24107,122923,227.69,113751,-1.16
2021-06-16 15:29:45,226.0,125,24106,122922,227.69,113751,-1.16
2021-06-16 15:29:45,225.5,7,24106,122922,227.69,113751,-1.38
2021-06-16 15:29:48,226.5,15,24093,122907,227.69,113789,-0.94
2021-06-16 15:29:48,226.75,10,24093,122907,227.69,113789,-0.83
2021-06-16 15:29:51,226.75,10,24093,122912,227.69,113799,-0.83
2021-06-16 15:31:18,225.8,10,0,0,227.69,113799,-1.25
2021-06-17 09:00:14,225.8,5,1328,4478,0.0,14,0.0
2021-06-17 09:00:15,225.8,5,2424,5157,0.0,15,0.0
2021-06-17 09:00:19,225.8,5,2603,17157,0.0,15,0.0
2021-06-17 09:00:24,225.8,5,2603,17915,0.0,15,0.0
