2021-06-16 10:32:16,2446.35,1,73979,80180,2455.5,97120,-0.95
2021-06-16 10:32:17,2446.35,1,74007,80274,2455.5,97120,-0.95
2021-06-16 10:32:21,2446.35,1,74015,80322,2455.5,97120,-0.95
2021-06-16 10:32:24,2447.45,16,74015,80322,2455.5,97120,-0.9
2021-06-16 10:32:26,2447.1,1,74015,80322,2455.5,97120,-0.92
2021-06-16 10:32:28,2447.1,1,74052,79868,2455.48,97321,-0.92
2021-06-16 10:32:30,2447.1,8,74052,79868,2455.48,97321,-0.92
2021-06-16 10:32:32,2447.1,8,73789,80221,2455.48,97329,-0.92
2021-06-16 10:32:33,2447.1,12,73789,80221,2455.48,97329,-0.92
2021-06-16 10:32:34,2446.2,35,73789,80221,2455.48,97329,-0.95
2021-06-16 10:32:36,2446.2,35,73678,80458,2455.47,97396,-0.95
2021-06-16 10:32:39,2446.2,35,73678,80444,2455.47,97396,-0.95
2021-06-16 10:32:40,2447.05,29,73678,80444,2455.47,97396,-0.92
2021-06-16 10:32:43,2447.0,16,73772,80432,2455.47,97425,-0.92
2021-06-16 10:32:45,2447.0,89,73772,80432,2455.47,97425,-0.92
2021-06-16 10:32:46,2447.0,9,73772,80432,2455.47,97425,-0.92
2021-06-16 10:32:47,2447.0,9,73980,80364,2455.46,97547,-0.92
2021-06-16 10:32:49,2447.0,1,73980,80364,2455.46,97547,-0.92
2021-06-16 10:32:51,2447.05,1,73980,80364,2455.46,97547,-0.92
2021-06-16 10:32:55,2447.05,1,73563,80382,2455.46,97553,-0.92
2021-06-16 10:32:57,2447.0,1,73563,80382,2455.46,97553,-0.92
2021-06-16 10:32:59,2447.0,11,73667,80356,2455.46,97554,-0.92
2021-06-16 10:33:02,2447.0,10,73667,80356,2455.46,97554,-0.92
2021-06-16 10:33:03,2447.0,10,73652,80477,2455.46,97575,-0.92
2021-06-16 10:33:05,2447.05,55,73652,80477,2455.46,97575,-0.92
2021-06-16 10:33:07,2447.05,7,73669,80449,2455.44,97814,-0.92
2021-06-16 10:33:08,2446.4,40,73669,80449,2455.44,97814,-0.94
2021-06-16 10:33:11,2446.4,40,73543,81240,2455.42,97972,-0.94
2021-06-16 10:33:15,2446.8,3,73590,81288,2455.42,97982,-0.93
2021-06-16 10:33:19,2446.8,3,73630,81289,2455.42,97982,-0.93
2021-06-16 10:33:22,2446.8,4,73659,81253,2455.42,98022,-0.93
2021-06-16 10:33:24,2446.8,2,73659,81253,2455.42,98022,-0.93
2021-06-16 10:33:26,2446.8,2,73668,81220,2455.42,98024,-0.93
2021-06-16 10:33:28,2446.8,4,73668,81220,2455.42,98024,-0.93
2021-06-16 10:33:29,2446.8,3,73668,81220,2455.42,98024,-0.93
2021-06-16 10:33:30,2446.8,3,73677,81239,2455.42,98036,-0.93
2021-06-16 10:33:34,2446.8,1,74688,81052,2455.42,98037,-0.93
2021-06-16 10:33:35,2446.8,7,74688,81052,2455.42,98037,-0.93
2021-06-16 10:33:39,2446.8,7,74865,80971,2455.42,98051,-0.93
2021-06-16 10:33:42,2446.8,7,74915,80970,2455.42,98051,-0.93
2021-06-16 10:33:46,2446.8,7,74916,80970,2455.42,98051,-0.93
2021-06-16 10:33:49,2446.8,4,74916,80970,2455.42,98051,-0.93
2021-06-16 10:33:49,2446.8,2,74916,80970,2455.42,98051,-0.93
2021-06-16 10:33:50,2446.8,2,74915,80968,2455.42,98064,-0.93
2021-06-16 10:33:52,2446.8,3,74915,80968,2455.42,98064,-0.93
2021-06-16 10:33:54,2446.8,3,74915,80967,2455.42,98069,-0.93
2021-06-16 10:33:56,2446.8,1,74915,80967,2455.42,98069,-0.93
2021-06-16 10:33:58,2446.8,1,74877,80942,2455.41,98084,-0.93
2021-06-16 10:34:05,2446.8,5,74913,80918,2455.41,98084,-0.93
2021-06-16 10:34:06,2446.8,1,74913,80918,2455.41,98084,-0.93
2021-06-16 10:34:06,2446.8,1,74891,80938,2455.41,98091,-0.93
2021-06-16 10:34:07,2446.55,4,74891,80938,2455.41,98091,-0.94
2021-06-16 10:34:09,2446.8,2,74891,80938,2455.41,98091,-0.93
2021-06-16 10:34:10,2446.8,9,74891,80938,2455.41,98091,-0.93
2021-06-16 10:34:10,2446.8,9,74916,80990,2455.41,98106,-0.93
2021-06-16 10:34:13,2446.8,1,74916,80990,2455.41,98106,-0.93
2021-06-16 10:34:18,2446.8,1,74927,81020,2455.41,98117,-0.93
2021-06-16 10:34:19,2446.8,1,74960,81030,2455.41,98118,-0.93
2021-06-16 10:34:21,2446.8,34,74960,81030,2455.41,98118,-0.93
2021-06-16 10:34:22,2446.8,34,74928,80954,2455.41,98168,-0.93
2021-06-16 10:34:23,2446.85,2,74928,80954,2455.41,98168,-0.93
2021-06-16 10:34:25,2446.85,1,74928,80954,2455.41,98168,-0.93
2021-06-16 10:34:28,2446.85,1,74903,80955,2455.41,98171,-0.93
2021-06-16 10:34:29,2447.55,21,74903,80955,2455.41,98171,-0.9
2021-06-16 10:34:31,2447.55,21,75206,80648,2455.39,98322,-0.9
2021-06-16 10:34:33,2447.9,1,75206,80648,2455.39,98322,-0.88
2021-06-16 10:34:34,2446.85,5,75206,80648,2455.39,98322,-0.93
2021-06-16 10:34:34,2446.85,5,75141,80749,2455.39,98333,-0.93
2021-06-16 10:34:36,2447.8,9,75141,80749,2455.39,98333,-0.89
2021-06-16 10:34:38,2447.85,3,75141,80749,2455.39,98333,-0.88
2021-06-16 10:34:39,2447.85,3,75164,80693,2455.39,98346,-0.88
2021-06-16 10:34:42,2447.85,3,75157,80684,2455.39,98346,-0.88
2021-06-16 10:34:43,2447.85,1,75157,80684,2455.39,98346,-0.88
2021-06-16 10:34:45,2446.5,40,75157,80684,2455.39,98346,-0.94
2021-06-16 10:34:46,2446.5,40,74975,80799,2455.39,98391,-0.94
2021-06-16 10:34:48,2447.25,1,74975,80799,2455.39,98391,-0.91
2021-06-16 10:34:51,2447.25,1,75112,80784,2455.39,98392,-0.91
2021-06-16 10:34:52,2447.7,9,75112,80784,2455.39,98392,-0.89
2021-06-16 10:34:53,2447.8,2,75112,80784,2455.39,98392,-0.89
2021-06-16 10:34:55,2447.8,2,75772,80604,2455.39,98403,-0.89
2021-06-16 10:34:58,2447.8,1,75772,80604,2455.39,98403,-0.89
2021-06-16 10:35:03,2447.8,1,75762,80569,2455.39,98404,-0.89
2021-06-16 10:35:04,2447.8,1,75616,80624,2455.39,98405,-0.89
2021-06-16 10:35:06,2447.7,5,75616,80624,2455.39,98405,-0.89
2021-06-16 10:35:09,2447.7,5,75508,80586,2455.39,98410,-0.89
2021-06-16 10:35:13,2447.7,9,75513,80623,2455.39,98410,-0.89
2021-06-16 10:35:16,2447.7,9,75509,80895,2455.39,98419,-0.89
2021-06-16 10:35:20,2447.7,9,75457,80887,2455.39,98419,-0.89
2021-06-16 10:35:24,2447.7,9,75877,80128,2455.39,98419,-0.89
2021-06-16 10:35:27,2447.05,1,75877,80128,2455.39,98419,-0.92
2021-06-16 10:35:29,2447.0,5,75768,80135,2455.38,98443,-0.92
2021-06-16 10:35:30,2447.7,2,75768,80135,2455.38,98443,-0.89
2021-06-16 10:35:33,2447.7,2,75666,80476,2455.38,98505,-0.89
2021-06-16 10:35:34,2447.7,1,75666,80476,2455.38,98505,-0.89
2021-06-16 10:35:37,2447.6,13,75370,80331,2455.38,98527,-0.89
2021-06-16 10:35:43,2447.7,1,75370,80331,2455.38,98527,-0.89
2021-06-16 10:35:45,2447.7,1,75370,80637,2455.38,98529,-0.89
2021-06-16 10:35:52,2447.7,1,75371,80641,2455.38,98529,-0.89
2021-06-16 10:35:53,2447.7,22,75874,80382,2455.38,98529,-0.89
2021-06-16 10:35:55,2447.7,9,75874,80382,2455.38,98529,-0.89
2021-06-16 10:35:56,2447.7,1,75874,80382,2455.38,98529,-0.89
2021-06-16 10:35:57,2447.7,1,75951,80627,2455.37,98599,-0.89
2021-06-16 10:36:01,2447.7,1,75948,80627,2455.37,98599,-0.89
2021-06-16 10:36:02,2447.35,1,75948,80627,2455.37,98599,-0.9
2021-06-16 10:36:03,2447.7,48,75948,80627,2455.37,98599,-0.89
2021-06-16 10:36:05,2447.7,48,75967,80649,2455.37,98648,-0.89
2021-06-16 10:36:07,2448.65,4,75967,80649,2455.37,98648,-0.85
2021-06-16 10:36:08,2448.2,2,75967,80649,2455.37,98648,-0.87
2021-06-16 10:36:09,2448.2,2,76010,80098,2455.36,98698,-0.87
2021-06-16 10:36:14,2448.2,2,75947,80061,2455.36,98698,-0.87
2021-06-16 10:36:15,2447.7,1,75947,80061,2455.36,98698,-0.89
2021-06-16 10:36:16,2449.25,4,75947,80061,2455.36,98698,-0.83
2021-06-16 10:36:18,2449.25,4,76314,79811,2455.36,98743,-0.83
2021-06-16 10:36:22,2449.65,2,75959,79847,2455.36,98758,-0.81
2021-06-16 10:36:25,2449.65,2,76251,79674,2455.36,98760,-0.81
2021-06-16 10:36:30,2449.65,2,76142,79678,2455.36,98760,-0.81
2021-06-16 10:36:34,2449.65,2,76143,79678,2455.36,98760,-0.81
2021-06-16 10:36:37,2449.65,5,76143,79678,2455.36,98760,-0.81
2021-06-16 10:36:37,2449.65,5,75920,80014,2455.36,98765,-0.81
2021-06-16 10:36:38,2449.65,1,75920,80014,2455.36,98765,-0.81
2021-06-16 10:36:42,2449.65,4,76091,79546,2455.36,98773,-0.81
2021-06-16 10:36:43,2449.85,4,76091,79546,2455.36,98773,-0.8
2021-06-16 10:36:45,2449.85,4,75994,79737,2455.36,98778,-0.8
2021-06-16 10:36:48,2450.75,44,75994,79737,2455.36,98778,-0.77
2021-06-16 10:36:48,2450.0,8,75994,79737,2455.36,98778,-0.8
2021-06-16 10:36:49,2450.0,5,76230,80109,2455.35,98919,-0.8
2021-06-16 10:36:51,2450.8,15,76230,80109,2455.35,98919,-0.77
2021-06-16 10:36:53,2450.8,15,76204,79929,2455.35,98934,-0.77
2021-06-16 10:36:57,2450.8,15,76708,79924,2455.35,98934,-0.77
2021-06-16 10:36:57,2451.0,66,76708,79924,2455.35,98934,-0.76
2021-06-16 10:36:58,2451.4,6,76708,79924,2455.35,98934,-0.74
2021-06-16 10:37:01,2451.4,6,76534,79775,2455.35,99036,-0.74
2021-06-16 10:37:02,2450.8,1,76534,79775,2455.35,99036,-0.77
2021-06-16 10:37:03,2451.3,5,76534,79775,2455.35,99036,-0.75
2021-06-16 10:37:06,2449.75,1,76534,79775,2455.35,99036,-0.81
2021-06-16 10:37:08,2451.2,3,76534,79775,2455.35,99036,-0.75
2021-06-16 10:37:09,2451.2,3,76746,79912,2455.35,99050,-0.75
2021-06-16 10:37:10,2450.0,1,76746,79912,2455.35,99050,-0.8
2021-06-16 10:37:13,2450.0,1,76697,80069,2455.35,99051,-0.8
2021-06-16 10:37:16,2451.2,1,76697,80069,2455.35,99051,-0.75
2021-06-16 10:37:16,2450.05,15,76697,80069,2455.35,99051,-0.8
2021-06-16 10:37:17,2450.05,15,76696,80095,2455.35,99067,-0.8
2021-06-16 10:37:18,2450.0,5,76696,80095,2455.35,99067,-0.8
2021-06-16 10:37:19,2451.0,4,76696,80095,2455.35,99067,-0.76
2021-06-16 10:37:21,2451.0,4,76744,80081,2455.35,99081,-0.76
2021-06-16 10:37:23,2450.0,20,76744,80081,2455.35,99081,-0.8
2021-06-16 10:37:25,2450.0,20,76689,80123,2455.34,99101,-0.8
2021-06-16 10:37:28,2450.0,20,76667,80121,2455.34,99101,-0.8
2021-06-16 10:37:32,2450.0,20,76370,80292,2455.34,99101,-0.8
2021-06-16 10:37:36,2450.0,20,76662,80214,2455.34,99101,-0.8
2021-06-16 10:37:40,2450.8,9,76417,80226,2455.34,99110,-0.77
2021-06-16 10:37:45,2450.8,9,76406,80224,2455.34,99110,-0.77
2021-06-16 10:37:49,2450.8,9,76499,79991,2455.34,99110,-0.77
2021-06-16 10:37:52,2450.8,9,76535,79961,2455.34,99110,-0.77
2021-06-16 10:37:53,2450.8,1,76535,79961,2455.34,99110,-0.77
2021-06-16 10:37:55,2451.0,2,76535,79961,2455.34,99110,-0.76
2021-06-16 10:37:56,2451.0,2,76512,79925,2455.34,99211,-0.76
2021-06-16 10:37:58,2450.8,9,76512,79925,2455.34,99211,-0.77
2021-06-16 10:38:00,2450.8,9,76552,80105,2455.34,99221,-0.77
2021-06-16 10:38:03,2450.8,9,76530,80106,2455.34,99221,-0.77
2021-06-16 10:38:04,2450.0,25,76530,80106,2455.34,99221,-0.8
2021-06-16 10:38:06,2450.0,25,76102,79899,2455.34,99250,-0.8
2021-06-16 10:38:10,2450.4,1,76222,79766,2455.33,99400,-0.78
2021-06-16 10:38:10,2450.4,2,76222,79766,2455.33,99400,-0.78
2021-06-16 10:38:12,2449.6,5,76222,79766,2455.33,99400,-0.81
2021-06-16 10:38:13,2449.5,10,76222,79766,2455.33,99400,-0.82
2021-06-16 10:38:14,2449.3,12,76222,79766,2455.33,99400,-0.83
2021-06-16 10:38:16,2448.05,5,76222,79766,2455.33,99400,-0.88
2021-06-16 10:38:17,2449.05,4,75449,80451,2455.33,99463,-0.84
2021-06-16 10:38:21,2449.05,4,75603,80330,2455.33,99463,-0.84
2021-06-16 10:38:24,2449.1,2,75603,80330,2455.33,99463,-0.83
2021-06-16 10:38:25,2449.1,2,75603,80314,2455.33,99468,-0.83
2021-06-16 10:38:29,2449.1,2,75604,80320,2455.33,99468,-0.83
2021-06-16 10:38:32,2448.25,9,75604,80320,2455.33,99468,-0.87
2021-06-16 10:38:33,2447.75,20,75568,80347,2455.32,99478,-0.89
2021-06-16 10:38:36,2447.75,20,75529,80398,2455.32,99503,-0.89
2021-06-16 10:38:38,2448.65,1,75529,80398,2455.32,99503,-0.85
2021-06-16 10:38:40,2448.65,1,75347,80951,2455.32,99528,-0.85
2021-06-16 10:38:42,2448.95,2,75347,80951,2455.32,99528,-0.84
2021-06-16 10:38:44,2448.95,2,75408,80542,2455.32,99547,-0.84
2021-06-16 10:38:48,2448.95,2,75355,80916,2455.32,99547,-0.84
2021-06-16 10:38:52,2448.95,2,75334,80516,2455.32,99547,-0.84
2021-06-16 10:38:54,2448.05,10,75334,80516,2455.32,99547,-0.88
2021-06-16 10:38:55,2448.05,10,74911,80943,2455.32,99557,-0.88
2021-06-16 10:38:58,2448.05,10,75300,80869,2455.32,99557,-0.88
2021-06-16 10:39:02,2448.0,113,75388,80867,2455.32,99557,-0.88
2021-06-16 10:39:06,2448.0,113,75184,80477,2455.3,99757,-0.88
2021-06-16 10:39:08,2448.1,4,75184,80477,2455.3,99757,-0.87
2021-06-16 10:39:10,2448.1,4,75180,80482,2455.3,99761,-0.87
2021-06-16 10:39:13,2448.1,4,75157,80596,2455.3,99761,-0.87
2021-06-16 10:39:17,2448.1,4,75157,80578,2455.3,99761,-0.87
2021-06-16 10:39:21,2448.1,4,75123,81013,2455.3,99761,-0.87
2021-06-16 10:39:24,2448.1,4,75127,80625,2455.3,99761,-0.87
2021-06-16 10:39:25,2448.8,1,75127,80625,2455.3,99761,-0.85
2021-06-16 10:39:26,2448.0,1,75127,80625,2455.3,99761,-0.88
2021-06-16 10:39:28,2448.0,41,74632,81320,2455.3,99861,-0.88
2021-06-16 10:39:32,2448.0,272,74364,81327,2455.28,100133,-0.88
2021-06-16 10:39:33,2448.0,197,74364,81327,2455.28,100133,-0.88
2021-06-16 10:39:35,2448.0,5,74364,81327,2455.28,100133,-0.88
2021-06-16 10:39:36,2448.0,5,74420,80868,2455.26,100335,-0.88
2021-06-16 10:39:40,2448.0,5,74452,80976,2455.26,100335,-0.88
2021-06-16 10:39:42,2448.8,1,74452,80976,2455.26,100335,-0.85
2021-06-16 10:39:43,2448.8,1,74529,80973,2455.26,100336,-0.85
2021-06-16 10:39:46,2448.8,2,74529,80973,2455.26,100336,-0.85
2021-06-16 10:39:47,2448.8,2,74312,81178,2455.26,100338,-0.85
2021-06-16 10:39:51,2448.85,4,74577,80820,2455.26,100344,-0.84
2021-06-16 10:39:52,2447.5,5,74577,80820,2455.26,100344,-0.9
2021-06-16 10:39:53,2447.4,1,74577,80820,2455.26,100344,-0.9
2021-06-16 10:39:54,2446.2,1,74577,80820,2455.26,100344,-0.95
2021-06-16 10:39:56,2446.2,1,72735,81345,2455.23,100811,-0.95
2021-06-16 10:39:57,2446.0,3,72735,81345,2455.23,100811,-0.96
2021-06-16 10:40:01,2446.0,3,72985,81373,2455.23,100816,-0.96
2021-06-16 10:40:03,2447.15,2,72985,81373,2455.23,100816,-0.91
2021-06-16 10:40:04,2447.35,3,72985,81373,2455.23,100816,-0.9
2021-06-16 10:40:05,2447.35,3,73354,80961,2455.22,100955,-0.9
2021-06-16 10:40:07,2447.2,6,73354,80961,2455.22,100955,-0.91
2021-06-16 10:40:09,2447.2,6,73200,80931,2455.22,100961,-0.91
2021-06-16 10:40:12,2446.35,7,73200,80931,2455.22,100961,-0.95
2021-06-16 10:40:13,2446.35,7,73264,80922,2455.21,100971,-0.95
2021-06-16 10:40:16,2447.05,1,73264,80922,2455.21,100971,-0.92
2021-06-16 10:40:17,2447.05,1,73194,81317,2455.21,100972,-0.92
2021-06-16 10:40:21,2447.05,1,73185,81326,2455.21,100972,-0.92
2021-06-16 10:40:23,2447.1,1,73185,81326,2455.21,100972,-0.92
2021-06-16 10:40:24,2446.1,9,73185,81326,2455.21,100972,-0.96
2021-06-16 10:40:25,2446.1,9,73163,81338,2455.21,100999,-0.96
2021-06-16 10:40:28,2447.1,5,73163,81338,2455.21,100999,-0.92
2021-06-16 10:40:29,2446.2,15,73522,81125,2455.21,101008,-0.95
2021-06-16 10:40:33,2446.2,15,73779,81124,2455.21,101023,-0.95
2021-06-16 10:40:37,2446.2,15,73419,81256,2455.21,101023,-0.95
2021-06-16 10:40:39,2446.2,3,73419,81256,2455.21,101023,-0.95
2021-06-16 10:40:40,2446.2,3,73553,81256,2455.21,101026,-0.95
2021-06-16 10:40:45,2446.2,3,73581,81088,2455.21,101026,-0.95
2021-06-16 10:40:45,2447.15,7,73581,81088,2455.21,101026,-0.91
2021-06-16 10:40:46,2447.2,4,73581,81088,2455.21,101026,-0.91
2021-06-16 10:40:51,2447.15,1,73575,81109,2455.2,101133,-0.91
2021-06-16 10:40:52,2447.55,11,74171,81053,2455.19,101231,-0.9
2021-06-16 10:40:53,2447.2,6,74171,81053,2455.19,101231,-0.91
2021-06-16 10:40:54,2448.0,2,74171,81053,2455.19,101231,-0.88
2021-06-16 10:40:56,2448.0,2,74438,81326,2455.19,101242,-0.88
2021-06-16 10:40:59,2448.7,7,74438,81326,2455.19,101242,-0.85
2021-06-16 10:41:00,2448.65,1,74734,80927,2455.19,101250,-0.85
2021-06-16 10:41:04,2448.65,1,75204,80920,2455.19,101250,-0.85
2021-06-16 10:41:10,2448.65,1,75174,80951,2455.19,101250,-0.85
2021-06-16 10:41:13,2448.65,1,74971,81366,2455.19,101253,-0.85
2021-06-16 10:41:15,2448.7,1,75143,81249,2455.19,101255,-0.85
2021-06-16 10:41:19,2448.7,1,75034,81012,2455.19,101260,-0.85
2021-06-16 10:41:24,2448.7,1,74976,81025,2455.19,101260,-0.85
2021-06-16 10:41:28,2448.7,1,75003,81057,2455.19,101260,-0.85
2021-06-16 10:41:31,2448.6,9,75003,81057,2455.19,101260,-0.85
2021-06-16 10:41:32,2448.6,9,75048,80995,2455.19,101269,-0.85
2021-06-16 10:41:36,2448.6,9,74639,80996,2455.19,101269,-0.85
2021-06-16 10:41:38,2447.5,39,74639,80996,2455.19,101269,-0.9
2021-06-16 10:41:40,2447.5,39,74189,81099,2455.19,101325,-0.9
2021-06-16 10:41:43,2447.5,39,74589,81102,2455.19,101325,-0.9
2021-06-16 10:41:47,2447.5,39,74795,81106,2455.19,101325,-0.9
2021-06-16 10:41:49,2448.2,6,74795,81106,2455.19,101325,-0.87
2021-06-16 10:41:49,2448.15,4,74795,81106,2455.19,101325,-0.87
2021-06-16 10:41:51,2448.2,1,74968,80988,2455.18,101372,-0.87
2021-06-16 10:41:53,2448.2,8,74968,80988,2455.18,101372,-0.87
2021-06-16 10:41:54,2448.2,8,74751,80993,2455.18,101381,-0.87
2021-06-16 10:41:58,2448.2,8,74752,81004,2455.18,101381,-0.87
2021-06-16 10:42:00,2448.2,4,74752,81004,2455.18,101381,-0.87
2021-06-16 10:42:02,2448.2,4,74757,81013,2455.18,101386,-0.87
2021-06-16 10:42:06,2448.2,4,74747,81008,2455.18,101386,-0.87
2021-06-16 10:42:09,2448.2,4,74748,81009,2455.18,101386,-0.87
2021-06-16 10:42:14,2448.2,5,74743,81001,2455.18,101386,-0.87
2021-06-16 10:42:16,2448.2,5,74760,81001,2455.18,101405,-0.87
2021-06-16 10:42:19,2448.2,5,74180,81013,2455.18,101405,-0.87
2021-06-16 10:42:24,2448.2,5,74512,81239,2455.18,101405,-0.87
2021-06-16 10:42:24,2448.0,20,74512,81239,2455.18,101405,-0.88
2021-06-16 10:42:25,2448.0,1,74512,81239,2455.18,101405,-0.88
2021-06-16 10:42:28,2448.0,1,74620,81158,2455.18,101427,-0.88
2021-06-16 10:42:30,2446.9,1,74620,81158,2455.18,101427,-0.92
2021-06-16 10:42:32,2446.9,1,74664,81147,2455.18,101428,-0.92
2021-06-16 10:42:34,2448.0,4,74664,81147,2455.18,101428,-0.88
2021-06-16 10:42:36,2448.0,4,74672,81147,2455.18,101437,-0.88
2021-06-16 10:42:39,2448.0,4,74548,81177,2455.18,101457,-0.88
2021-06-16 10:42:40,2447.0,1,74548,81177,2455.18,101457,-0.92
2021-06-16 10:42:43,2447.0,7,74548,81177,2455.18,101457,-0.92
2021-06-16 10:42:43,2447.9,2,74548,81177,2455.18,101457,-0.88
2021-06-16 10:42:45,2447.9,2,74539,81052,2455.17,101560,-0.88
2021-06-16 10:42:48,2447.9,2,74647,81124,2455.17,101560,-0.88
2021-06-16 10:42:51,2447.15,10,74638,81127,2455.17,101570,-0.91
2021-06-16 10:42:54,2447.15,10,74596,81108,2455.17,101570,-0.91
2021-06-16 10:42:55,2448.45,2,74596,81108,2455.17,101570,-0.86
2021-06-16 10:42:55,2450.0,4,74596,81108,2455.17,101570,-0.8
2021-06-16 10:42:58,2450.0,4,76046,79393,2455.14,102044,-0.8
2021-06-16 10:43:03,2449.4,5,76102,79712,2455.14,102049,-0.82
2021-06-16 10:43:05,2450.0,1,76102,79712,2455.14,102049,-0.8
2021-06-16 10:43:06,2450.0,1,76051,79835,2455.14,102050,-0.8
2021-06-16 10:43:09,2450.0,8,76051,79835,2455.14,102050,-0.8
2021-06-16 10:43:10,2450.0,8,75982,79831,2455.14,102058,-0.8
2021-06-16 10:43:14,2450.0,8,75908,80073,2455.14,102058,-0.8
2021-06-16 10:43:16,2450.0,9,75908,80073,2455.14,102058,-0.8
2021-06-16 10:43:18,2450.0,9,75951,80035,2455.14,102097,-0.8
2021-06-16 10:43:22,2450.0,9,75993,80021,2455.14,102097,-0.8
2021-06-16 10:43:24,2450.0,6,75993,80021,2455.14,102097,-0.8
2021-06-16 10:43:27,2450.0,6,75786,80012,2455.13,102187,-0.8
2021-06-16 10:43:30,2450.0,3,75786,80012,2455.13,102187,-0.8
2021-06-16 10:43:31,2450.0,3,75762,80029,2455.13,102192,-0.8
2021-06-16 10:43:34,2450.0,3,75763,80129,2455.13,102192,-0.8
2021-06-16 10:43:37,2450.0,7,75763,80129,2455.13,102192,-0.8
2021-06-16 10:43:38,2450.0,7,75152,80155,2455.13,102201,-0.8
2021-06-16 10:43:42,2450.0,7,75377,80188,2455.13,102201,-0.8
2021-06-16 10:43:45,2450.0,7,75477,80167,2455.13,102201,-0.8
2021-06-16 10:43:48,2449.15,1,75422,80206,2455.13,102202,-0.83
2021-06-16 10:43:52,2449.15,1,75183,80281,2455.13,102202,-0.83
2021-06-16 10:43:55,2449.15,1,75184,80306,2455.13,102202,-0.83
2021-06-16 10:43:58,2449.95,8,75184,80306,2455.13,102202,-0.8
2021-06-16 10:43:59,2449.95,8,75194,80265,2455.13,102211,-0.8
2021-06-16 10:44:02,2448.85,20,75194,80265,2455.13,102211,-0.84
2021-06-16 10:44:03,2448.85,20,75013,80696,2455.13,102231,-0.84
2021-06-16 10:44:06,2448.85,20,75085,80569,2455.13,102231,-0.84
2021-06-16 10:44:09,2448.85,20,75094,80451,2455.13,102231,-0.84
2021-06-16 10:44:13,2448.85,20,75214,80289,2455.13,102231,-0.84
2021-06-16 10:44:16,2448.85,20,75234,80316,2455.13,102231,-0.84
2021-06-16 10:44:19,2449.75,9,75234,80316,2455.13,102231,-0.81
2021-06-16 10:44:19,2449.75,9,75106,80321,2455.13,102240,-0.81
2021-06-16 10:44:24,2449.75,9,75134,80352,2455.13,102240,-0.81
2021-06-16 10:44:27,2449.75,9,75176,80330,2455.13,102240,-0.81
2021-06-16 10:44:27,2449.7,1,75176,80330,2455.13,102240,-0.81
2021-06-16 10:44:30,2449.7,1,75131,80341,2455.13,102241,-0.81
2021-06-16 10:44:31,2449.7,2,75131,80341,2455.13,102241,-0.81
2021-06-16 10:44:33,2449.7,2,75161,80454,2455.13,102243,-0.81
2021-06-16 10:44:36,2449.7,2,75095,80451,2455.13,102243,-0.81
2021-06-16 10:44:40,2449.7,5,75114,80442,2455.13,102252,-0.81
2021-06-16 10:44:41,2449.7,2,75114,80442,2455.13,102252,-0.81
2021-06-16 10:44:42,2449.7,1,75114,80442,2455.13,102252,-0.81
2021-06-16 10:44:43,2449.7,1,74965,80576,2455.12,102315,-0.81
2021-06-16 10:44:48,2449.7,1,75259,80550,2455.12,102315,-0.81
2021-06-16 10:44:50,2449.5,10,75259,80550,2455.12,102315,-0.82
2021-06-16 10:44:54,2449.5,10,74588,80786,2455.12,102355,-0.82
2021-06-16 10:44:55,2449.5,10,74766,80642,2455.12,102355,-0.82
2021-06-16 10:45:00,2449.5,10,74974,80751,2455.12,102355,-0.82
2021-06-16 10:45:01,2449.35,9,74974,80751,2455.12,102355,-0.82
2021-06-16 10:45:03,2449.35,9,75037,80811,2455.12,102364,-0.82
2021-06-16 10:45:06,2448.25,1,75037,80811,2455.12,102364,-0.87
2021-06-16 10:45:07,2448.25,1,74996,80850,2455.12,102365,-0.87
2021-06-16 10:45:10,2448.25,1,75018,80861,2455.12,102365,-0.87
2021-06-16 10:45:14,2448.25,1,75075,80859,2455.12,102365,-0.87
2021-06-16 10:45:18,2448.25,1,75118,80861,2455.12,102365,-0.87
2021-06-16 10:45:22,2449.35,1,74761,80869,2455.12,102365,-0.82
2021-06-16 10:45:24,2448.25,1,74761,80869,2455.12,102365,-0.87
2021-06-16 10:45:25,2448.25,1,74760,80872,2455.12,102375,-0.87
2021-06-16 10:45:28,2448.25,1,74758,80898,2455.12,102375,-0.87
2021-06-16 10:45:31,2448.25,5,74758,80898,2455.12,102375,-0.87
2021-06-16 10:45:31,2448.25,5,74736,80943,2455.12,102380,-0.87
2021-06-16 10:45:35,2448.25,5,74743,80947,2455.12,102380,-0.87
2021-06-16 10:45:38,2448.25,5,74744,81018,2455.12,102380,-0.87
2021-06-16 10:45:41,2448.25,5,74742,80965,2455.12,102380,-0.87
2021-06-16 10:45:43,2449.1,2,74742,80965,2455.12,102380,-0.83
2021-06-16 10:45:44,2449.1,1,74742,80965,2455.12,102380,-0.83
2021-06-16 10:45:45,2449.1,1,74667,80949,2455.12,102426,-0.83
2021-06-16 10:45:48,2449.1,1,74667,80950,2455.12,102426,-0.83
2021-06-16 10:45:51,2449.05,3,74667,80950,2455.12,102426,-0.84
2021-06-16 10:45:52,2449.05,3,74660,80972,2455.12,102429,-0.84
2021-06-16 10:45:55,2449.05,3,74668,80987,2455.12,102429,-0.84
2021-06-16 10:45:59,2449.05,3,74640,80977,2455.12,102429,-0.84
2021-06-16 10:46:02,2449.05,3,74232,80972,2455.12,102429,-0.84
2021-06-16 10:46:04,2449.0,1,74232,80972,2455.12,102429,-0.84
2021-06-16 10:46:05,2448.15,8,74232,80972,2455.12,102429,-0.87
2021-06-16 10:46:06,2448.15,8,74434,80979,2455.12,102457,-0.87
2021-06-16 10:46:09,2448.15,8,74028,81141,2455.12,102457,-0.87
2021-06-16 10:46:10,2447.55,1,74028,81141,2455.12,102457,-0.9
2021-06-16 10:46:12,2447.55,1,74100,81115,2455.12,102464,-0.9
2021-06-16 10:46:15,2448.85,9,74100,81115,2455.12,102464,-0.84
2021-06-16 10:46:16,2448.85,9,74051,81086,2455.11,102489,-0.84
2021-06-16 10:46:20,2448.85,9,73989,81170,2455.11,102489,-0.84
2021-06-16 10:46:21,2447.6,1,73989,81170,2455.11,102489,-0.89
2021-06-16 10:46:24,2447.6,1,74042,81171,2455.11,102490,-0.89
2021-06-16 10:46:25,2448.8,8,74042,81171,2455.11,102490,-0.85
2021-06-16 10:46:27,2448.8,8,74229,81180,2455.11,102498,-0.85
2021-06-16 10:46:31,2448.8,8,74320,81064,2455.11,102498,-0.85
2021-06-16 10:46:31,2447.7,20,74320,81064,2455.11,102498,-0.89
2021-06-16 10:46:32,2448.7,2,74320,81064,2455.11,102498,-0.85
2021-06-16 10:46:34,2447.75,1,74267,81113,2455.11,102522,-0.89
2021-06-16 10:46:39,2447.75,1,74658,81113,2455.11,102522,-0.89
2021-06-16 10:46:40,2448.65,1,74658,81113,2455.11,102522,-0.85
2021-06-16 10:46:42,2448.65,1,74336,81221,2455.11,102523,-0.85
2021-06-16 10:46:46,2448.6,1,74336,81221,2455.11,102523,-0.85
2021-06-16 10:46:48,2448.6,1,74510,81614,2455.11,102524,-0.85
2021-06-16 10:46:49,2448.6,6,74510,81614,2455.11,102524,-0.85
2021-06-16 10:46:50,2448.6,6,74501,81631,2455.11,102531,-0.85
2021-06-16 10:46:51,2448.65,1,74501,81631,2455.11,102531,-0.85
2021-06-16 10:46:54,2448.65,1,74555,81227,2455.11,102532,-0.85
2021-06-16 10:46:57,2448.65,1,74614,81227,2455.11,102532,-0.85
2021-06-16 10:47:00,2448.65,1,74452,81227,2455.11,102532,-0.85
2021-06-16 10:47:04,2448.65,1,74571,81250,2455.11,102532,-0.85
2021-06-16 10:47:07,2448.5,9,74571,81250,2455.11,102532,-0.86
2021-06-16 10:47:07,2448.5,9,74599,81232,2455.11,102541,-0.86
2021-06-16 10:47:10,2448.5,9,74590,81193,2455.11,102541,-0.86
2021-06-16 10:47:11,2448.5,1,74590,81193,2455.11,102541,-0.86
2021-06-16 10:47:13,2448.5,1,74620,81191,2455.11,102542,-0.86
2021-06-16 10:47:17,2448.5,1,74465,80969,2455.11,102542,-0.86
2021-06-16 10:47:21,2448.5,1,74445,80972,2455.11,102542,-0.86
2021-06-16 10:47:24,2447.5,2,74445,80972,2455.11,102542,-0.9
2021-06-16 10:47:24,2447.5,2,74374,80945,2455.11,102544,-0.9
2021-06-16 10:47:28,2448.45,9,74509,80936,2455.11,102553,-0.86
2021-06-16 10:47:31,2448.45,9,74473,80936,2455.11,102553,-0.86
2021-06-16 10:47:32,2448.4,1,74473,80936,2455.11,102553,-0.86
2021-06-16 10:47:34,2448.4,1,74525,80935,2455.1,102653,-0.86
2021-06-16 10:47:35,2447.5,7,74525,80935,2455.1,102653,-0.9
2021-06-16 10:47:38,2447.5,7,74503,80940,2455.1,102683,-0.9
2021-06-16 10:47:41,2447.5,7,74438,80937,2455.1,102683,-0.9
2021-06-16 10:47:45,2447.5,7,74440,80927,2455.1,102683,-0.9
2021-06-16 10:47:48,2447.5,7,74445,80928,2455.1,102683,-0.9
2021-06-16 10:47:49,2448.3,5,74445,80928,2455.1,102683,-0.87
2021-06-16 10:47:49,2447.5,1,74445,80928,2455.1,102683,-0.9
2021-06-16 10:47:50,2447.0,5,74445,80928,2455.1,102683,-0.92
2021-06-16 10:47:55,2447.0,5,73981,81350,2455.1,102700,-0.92
2021-06-16 10:47:55,2447.0,5,74000,81345,2455.1,102700,-0.92
2021-06-16 10:47:59,2447.0,5,74088,81221,2455.1,102700,-0.92
2021-06-16 10:48:01,2447.0,5,74173,81233,2455.1,102700,-0.92
2021-06-16 10:48:03,2447.45,1,74173,81233,2455.1,102700,-0.9
2021-06-16 10:48:03,2446.65,1,74173,81233,2455.1,102700,-0.93
2021-06-16 10:48:05,2446.65,1,74164,81313,2455.1,102710,-0.93
2021-06-16 10:48:07,2447.0,9,74164,81313,2455.1,102710,-0.92
2021-06-16 10:48:09,2447.0,9,73929,81306,2455.1,102719,-0.92
2021-06-16 10:48:12,2447.0,9,73963,81343,2455.1,102719,-0.92
2021-06-16 10:48:16,2447.0,9,73970,81245,2455.1,102719,-0.92
2021-06-16 10:48:19,2447.0,9,73046,81415,2455.1,102719,-0.92
2021-06-16 10:48:23,2447.0,9,73075,81409,2455.1,102719,-0.92
2021-06-16 10:48:25,2446.95,1,73075,81409,2455.1,102719,-0.92
2021-06-16 10:48:27,2446.95,1,73076,81408,2455.1,102720,-0.92
2021-06-16 10:48:28,2446.6,5,73076,81408,2455.1,102720,-0.94
2021-06-16 10:48:28,2446.95,50,73076,81408,2455.1,102720,-0.92
2021-06-16 10:48:30,2446.95,25,73101,81332,2455.09,102800,-0.92
2021-06-16 10:48:31,2446.95,4,73101,81332,2455.09,102800,-0.92
2021-06-16 10:48:34,2446.95,4,73074,81382,2455.09,102834,-0.92
2021-06-16 10:48:37,2446.95,4,73085,81382,2455.09,102834,-0.92
2021-06-16 10:48:39,2447.0,5,73085,81382,2455.09,102834,-0.92
2021-06-16 10:48:40,2447.0,5,73074,81382,2455.09,102839,-0.92
2021-06-16 10:48:43,2447.0,1,73074,81382,2455.09,102839,-0.92
2021-06-16 10:48:43,2447.0,1,73074,81385,2455.09,102840,-0.92
2021-06-16 10:48:47,2447.0,1,73074,81441,2455.09,102840,-0.92
2021-06-16 10:48:51,2446.6,1,73075,81435,2455.09,102840,-0.94
2021-06-16 10:48:52,2447.0,1,73075,81435,2455.09,102840,-0.92
2021-06-16 10:48:53,2447.0,1,73079,81443,2455.09,102850,-0.92
2021-06-16 10:48:54,2447.0,21,73079,81443,2455.09,102850,-0.92
2021-06-16 10:48:57,2447.0,21,72839,81476,2455.09,102875,-0.92
2021-06-16 10:49:00,2447.0,21,72847,81477,2455.09,102875,-0.92
2021-06-16 10:49:03,2447.0,21,73002,81466,2455.09,102875,-0.92
2021-06-16 10:49:06,2447.0,1,73002,81466,2455.09,102875,-0.92
2021-06-16 10:49:06,2447.0,1,73035,81465,2455.09,102876,-0.92
2021-06-16 10:49:10,2447.0,1,73036,81465,2455.09,102876,-0.92
2021-06-16 10:49:13,2447.0,3,73036,81465,2455.09,102876,-0.92
2021-06-16 10:49:13,2447.0,8,73262,81633,2455.08,102899,-0.92
2021-06-16 10:49:15,2447.0,1,73262,81633,2455.08,102899,-0.92
2021-06-16 10:49:26,2447.0,1,73262,81758,2455.08,102900,-0.92
2021-06-16 10:49:30,2447.0,1,73268,81758,2455.08,102900,-0.92
2021-06-16 10:49:32,2446.95,5,73268,81758,2455.08,102900,-0.92
2021-06-16 10:49:33,2446.95,5,73733,81574,2455.07,103025,-0.92
2021-06-16 10:49:34,2446.95,1,73733,81574,2455.07,103025,-0.92
2021-06-16 10:49:36,2446.95,1,73209,81600,2455.07,103034,-0.92
2021-06-16 10:49:37,2446.6,8,73209,81600,2455.07,103034,-0.94
2021-06-16 10:49:43,2446.6,8,73250,81606,2455.07,103042,-0.94
2021-06-16 10:49:47,2446.6,8,73225,81606,2455.07,103042,-0.94
2021-06-16 10:49:49,2446.6,8,73155,81526,2455.07,103042,-0.94
2021-06-16 10:49:53,2446.6,8,73142,81548,2455.07,103042,-0.94
2021-06-16 10:49:54,2446.9,1,73142,81548,2455.07,103042,-0.92
2021-06-16 10:49:55,2446.2,1,73142,81548,2455.07,103042,-0.95
2021-06-16 10:49:56,2446.1,6,73142,81548,2455.07,103042,-0.96
2021-06-16 10:49:57,2446.95,24,73142,81548,2455.07,103042,-0.92
2021-06-16 10:49:57,2445.55,1,72718,81842,2455.05,103372,-0.98
2021-06-16 10:50:01,2445.55,1,72712,81731,2455.05,103372,-0.98
2021-06-16 10:50:01,2445.55,24,72712,81731,2455.05,103372,-0.98
2021-06-16 10:50:03,2445.55,2,72712,81731,2455.05,103372,-0.98
2021-06-16 10:50:05,2445.55,2,72657,81737,2455.04,103399,-0.98
2021-06-16 10:50:07,2445.5,7,72657,81737,2455.04,103399,-0.98
2021-06-16 10:50:08,2445.5,7,72360,82043,2455.04,103407,-0.98
2021-06-16 10:50:12,2445.5,7,72336,82087,2455.04,103407,-0.98
2021-06-16 10:50:14,2445.55,4,72336,82087,2455.04,103407,-0.98
2021-06-16 10:50:15,2445.55,4,72394,82057,2455.04,103412,-0.98
2021-06-16 10:50:16,2446.25,5,72394,82057,2455.04,103412,-0.95
2021-06-16 10:50:18,2446.25,5,72213,82699,2455.04,103417,-0.95
2021-06-16 10:50:21,2446.25,5,72220,82659,2455.04,103417,-0.95
2021-06-16 10:50:24,2446.15,10,72220,82659,2455.04,103417,-0.95
2021-06-16 10:50:25,2446.15,1,72433,82615,2455.04,103428,-0.95
2021-06-16 10:50:28,2446.15,1,72415,82612,2455.04,103428,-0.95
2021-06-16 10:50:31,2445.5,5,72415,82605,2455.04,103428,-0.98
2021-06-16 10:50:33,2445.5,1,72415,82605,2455.04,103428,-0.98
2021-06-16 10:50:35,2445.5,1,72389,82201,2455.04,103442,-0.98
2021-06-16 10:50:36,2446.05,40,72389,82201,2455.04,103442,-0.96
2021-06-16 10:50:37,2446.05,2,72389,82201,2455.04,103442,-0.96
2021-06-16 10:50:37,2446.05,2,72416,82179,2455.04,103484,-0.96
2021-06-16 10:50:41,2446.05,2,72432,82183,2455.04,103484,-0.96
2021-06-16 10:50:42,2445.05,2,72432,82183,2455.04,103484,-1.0
2021-06-16 10:50:45,2445.05,2,72426,82359,2455.03,103486,-1.0
2021-06-16 10:50:46,2444.95,20,72426,82359,2455.03,103486,-1.0
2021-06-16 10:50:48,2444.95,20,71939,82485,2455.02,103649,-1.0
2021-06-16 10:50:49,2444.3,1,71939,82485,2455.02,103649,-1.03
2021-06-16 10:50:51,2444.3,1,71829,82423,2455.02,103650,-1.03
2021-06-16 10:50:54,2444.3,1,72002,82391,2455.02,103650,-1.03
2021-06-16 10:50:55,2443.95,43,72002,82391,2455.02,103650,-1.04
2021-06-16 10:50:56,2443.5,2,72002,82391,2455.02,103650,-1.06
2021-06-16 10:50:57,2443.5,12,72002,82391,2455.02,103650,-1.06
2021-06-16 10:50:57,2443.5,12,71224,82766,2454.99,103913,-1.06
2021-06-16 10:51:00,2443.5,4,71224,82766,2454.99,103913,-1.06
2021-06-16 10:51:01,2443.5,4,71226,82743,2454.99,103917,-1.06
2021-06-16 10:51:05,2443.5,4,71079,83224,2454.99,103917,-1.06
2021-06-16 10:51:06,2443.55,1,71079,83224,2454.99,103917,-1.06
2021-06-16 10:51:09,2443.0,1,70824,83292,2454.99,103918,-1.08
2021-06-16 10:51:12,2443.0,1,70796,83278,2454.99,103919,-1.08
2021-06-16 10:51:14,2443.55,3,70796,83278,2454.99,103919,-1.06
2021-06-16 10:51:16,2443.55,3,70825,83298,2454.98,103969,-1.06
2021-06-16 10:51:19,2443.55,1,70825,83298,2454.98,103969,-1.06
2021-06-16 10:51:22,2443.55,1,71224,83296,2454.98,103978,-1.06
2021-06-16 10:51:25,2443.55,1,70729,83557,2454.98,103979,-1.06
2021-06-16 10:51:27,2443.0,1,70552,83407,2454.98,104008,-1.08
2021-06-16 10:51:30,2443.0,1,71292,83377,2454.98,104008,-1.08
2021-06-16 10:51:31,2442.95,10,71292,83377,2454.98,104008,-1.08
2021-06-16 10:51:34,2443.3,1,71223,83406,2454.98,104019,-1.07
2021-06-16 10:51:37,2443.3,1,71270,82974,2454.98,104019,-1.07
2021-06-16 10:51:40,2443.25,9,71270,82974,2454.98,104019,-1.07
2021-06-16 10:51:41,2443.25,9,71362,82205,2454.98,104028,-1.07
2021-06-16 10:51:45,2443.25,9,71366,82879,2454.98,104028,-1.07
2021-06-16 10:51:46,2442.75,1,71366,82879,2454.98,104028,-1.09
2021-06-16 10:51:48,2442.75,1,70700,82828,2454.98,104044,-1.09
2021-06-16 10:51:51,2442.55,2,70700,82828,2454.98,104044,-1.1
2021-06-16 10:51:52,2442.55,2,71084,83154,2454.98,104046,-1.1
2021-06-16 10:51:55,2442.55,5,71119,83058,2454.95,104295,-1.1
2021-06-16 10:51:57,2442.55,35,71119,83058,2454.95,104295,-1.1
2021-06-16 10:51:58,2442.75,4,71119,83058,2454.95,104295,-1.09
2021-06-16 10:51:58,2442.75,4,71105,82954,2454.94,104350,-1.09
2021-06-16 10:52:01,2442.75,9,71105,82954,2454.94,104350,-1.09
2021-06-16 10:52:03,2442.75,9,71303,82955,2454.94,104359,-1.09
2021-06-16 10:52:06,2442.75,9,71305,82956,2454.94,104359,-1.09
2021-06-16 10:52:10,2442.75,3,71327,82953,2454.94,104362,-1.09
2021-06-16 10:52:13,2442.75,3,71485,82928,2454.94,104362,-1.09
2021-06-16 10:52:17,2442.75,1,71485,82928,2454.94,104362,-1.09
2021-06-16 10:52:18,2442.75,1,71482,82927,2454.94,104363,-1.09
2021-06-16 10:52:20,2442.8,3,71482,82927,2454.94,104363,-1.09
2021-06-16 10:52:21,2442.8,3,71607,82923,2454.93,104444,-1.09
2021-06-16 10:52:22,2443.15,8,71607,82923,2454.93,104444,-1.08
2021-06-16 10:52:25,2443.15,8,71165,83013,2454.93,104452,-1.08
2021-06-16 10:52:25,2442.55,5,71165,83013,2454.93,104452,-1.1
2021-06-16 10:52:29,2442.8,10,70801,83338,2454.92,104493,-1.09
2021-06-16 10:52:31,2442.0,1,70801,83338,2454.92,104493,-1.12
2021-06-16 10:52:31,2442.4,4,70801,83338,2454.92,104493,-1.11
2021-06-16 10:52:32,2442.4,4,70922,83039,2454.92,104508,-1.11
2021-06-16 10:52:34,2443.15,4,70922,83039,2454.92,104508,-1.08
2021-06-16 10:52:35,2443.4,12,70922,83039,2454.92,104508,-1.06
2021-06-16 10:52:36,2443.4,12,71781,82786,2454.91,104628,-1.06
2021-06-16 10:52:37,2442.6,9,71781,82786,2454.91,104628,-1.1
2021-06-16 10:52:38,2443.15,1,71781,82786,2454.91,104628,-1.08
2021-06-16 10:52:40,2443.15,1,71056,82798,2454.91,104639,-1.08
2021-06-16 10:52:42,2442.75,6,71056,82798,2454.91,104639,-1.09
2021-06-16 10:52:43,2442.75,6,71149,83178,2454.91,104645,-1.09
2021-06-16 10:52:45,2443.25,5,71149,83178,2454.91,104645,-1.07
2021-06-16 10:52:46,2443.25,1,71149,83178,2454.91,104645,-1.07
2021-06-16 10:52:47,2443.25,1,71569,82928,2454.9,104671,-1.07
2021-06-16 10:52:48,2443.25,3,71569,82928,2454.9,104671,-1.07
2021-06-16 10:52:51,2443.25,3,71595,82966,2454.9,104675,-1.07
2021-06-16 10:52:58,2443.25,3,71640,82984,2454.9,104675,-1.07
2021-06-16 10:52:58,2442.55,15,71640,82984,2454.9,104675,-1.1
2021-06-16 10:53:01,2442.55,40,71640,82984,2454.9,104675,-1.1
2021-06-16 10:53:01,2442.0,50,71373,83735,2454.89,104749,-1.12
2021-06-16 10:53:03,2440.4,5,71373,83735,2454.89,104749,-1.19
2021-06-16 10:53:04,2441.8,2,71373,83735,2454.89,104749,-1.13
2021-06-16 10:53:05,2441.8,2,70502,83994,2454.83,105224,-1.13
2021-06-16 10:53:07,2441.65,2,70502,83994,2454.83,105224,-1.14
2021-06-16 10:53:09,2441.65,2,70612,83886,2454.83,105226,-1.14
2021-06-16 10:53:12,2441.5,1,70612,83886,2454.83,105226,-1.14
2021-06-16 10:53:13,2441.5,1,70851,83723,2454.82,105315,-1.14
2021-06-16 10:53:15,2441.05,4,70851,83723,2454.82,105315,-1.16
2021-06-16 10:53:15,2441.05,5,70851,83723,2454.82,105315,-1.16
2021-06-16 10:53:17,2441.0,2,70851,83723,2454.82,105315,-1.16
2021-06-16 10:53:19,2441.0,20,70851,83723,2454.82,105315,-1.16
2021-06-16 10:53:20,2441.0,20,70654,83705,2454.81,105367,-1.16
2021-06-16 10:53:22,2441.0,17,70654,83705,2454.81,105367,-1.16
2021-06-16 10:53:23,2441.0,17,70613,83715,2454.81,105384,-1.16
2021-06-16 10:53:25,2441.05,1,70613,83715,2454.81,105384,-1.16
2021-06-16 10:53:27,2441.05,1,70376,83718,2454.81,105393,-1.16
2021-06-16 10:53:28,2441.05,2,70376,83718,2454.81,105393,-1.16
2021-06-16 10:53:30,2441.05,2,70445,83719,2454.81,105395,-1.16
2021-06-16 10:53:31,2441.0,20,70445,83719,2454.81,105395,-1.16
2021-06-16 10:53:33,2441.0,2,70396,83719,2454.81,105427,-1.16
2021-06-16 10:53:37,2441.0,2,70096,83703,2454.81,105427,-1.16
2021-06-16 10:53:37,2441.05,20,70096,83703,2454.81,105427,-1.16
2021-06-16 10:53:40,2441.05,20,70145,83703,2454.8,105447,-1.16
2021-06-16 10:53:41,2441.2,1,70145,83703,2454.8,105447,-1.15
2021-06-16 10:53:43,2441.15,5,70145,83703,2454.8,105447,-1.16
2021-06-16 10:53:44,2441.15,5,70368,83679,2454.8,105502,-1.16
2021-06-16 10:53:46,2441.25,4,70368,83679,2454.8,105502,-1.15
2021-06-16 10:53:48,2441.25,4,70469,83681,2454.79,105534,-1.15
2021-06-16 10:53:49,2441.15,6,70469,83681,2454.79,105534,-1.16
2021-06-16 10:53:51,2441.15,6,70447,83675,2454.79,105540,-1.16
2021-06-16 10:53:54,2441.15,2,70376,84108,2454.79,105542,-1.16
2021-06-16 10:53:57,2441.15,1,70376,84108,2454.79,105542,-1.16
2021-06-16 10:53:57,2441.15,1,70497,84190,2454.79,105543,-1.16
2021-06-16 10:54:00,2441.3,38,70676,83453,2454.77,105676,-1.15
2021-06-16 10:54:04,2441.3,38,70592,83483,2454.77,105676,-1.15
2021-06-16 10:54:07,2441.3,9,71012,83471,2454.77,105685,-1.15
2021-06-16 10:54:08,2439.6,45,71012,83471,2454.77,105685,-1.22
2021-06-16 10:54:10,2439.6,45,70143,83731,2454.62,106812,-1.22
2021-06-16 10:54:13,2441.1,6,70143,83731,2454.62,106812,-1.16
2021-06-16 10:54:13,2441.05,3,70239,83652,2454.61,106865,-1.16
2021-06-16 10:54:15,2440.0,40,70239,83652,2454.61,106865,-1.2
2021-06-16 10:54:17,2440.0,40,69758,83951,2454.6,106905,-1.2
2021-06-16 10:54:18,2440.0,120,69758,83951,2454.6,106905,-1.2
2021-06-16 10:54:21,2440.0,120,69739,83973,2454.59,107025,-1.2
2021-06-16 10:54:21,2440.0,10,69739,83973,2454.59,107025,-1.2
2021-06-16 10:54:24,2440.0,10,69772,83979,2454.59,107035,-1.2
2021-06-16 10:54:24,2439.65,3,69772,83979,2454.59,107035,-1.22
2021-06-16 10:54:27,2439.65,3,69618,83988,2454.59,107047,-1.22
2021-06-16 10:54:30,2440.35,1,69631,83977,2454.59,107047,-1.19
2021-06-16 10:54:33,2440.35,1,69985,83969,2454.54,107346,-1.19
2021-06-16 10:54:34,2440.0,240,69985,83969,2454.54,107346,-1.2
2021-06-16 10:54:36,2440.4,1,70065,84015,2454.5,107647,-1.19
2021-06-16 10:54:39,2440.0,50,70065,84015,2454.5,107647,-1.2
2021-06-16 10:54:39,2440.45,27,70065,84015,2454.5,107647,-1.18
2021-06-16 10:54:40,2440.45,27,70027,84015,2454.48,107804,-1.18
2021-06-16 10:54:41,2439.4,1,70027,84015,2454.48,107804,-1.23
2021-06-16 10:54:44,2439.4,1,70256,84017,2454.48,107805,-1.23
2021-06-16 10:54:48,2439.4,1,70302,84040,2454.48,107805,-1.23
2021-06-16 10:54:48,2439.6,3,70302,84040,2454.48,107805,-1.22
2021-06-16 10:54:49,2440.0,1,70302,84040,2454.48,107805,-1.2
2021-06-16 10:54:51,2440.0,1,70247,83920,2454.48,107814,-1.2
2021-06-16 10:54:53,2439.1,12,70247,83920,2454.48,107814,-1.24
2021-06-16 10:54:54,2439.95,2,70247,83920,2454.48,107814,-1.2
2021-06-16 10:54:55,2439.95,2,70181,83895,2454.47,107866,-1.2
2021-06-16 10:54:57,2440.0,2,70181,83895,2454.47,107866,-1.2
2021-06-16 10:54:58,2439.05,2,70181,83895,2454.47,107866,-1.24
2021-06-16 10:54:59,2439.05,2,69460,84751,2454.47,107870,-1.24
2021-06-16 10:55:00,2438.6,18,69460,84751,2454.47,107870,-1.26
2021-06-16 10:55:00,2439.0,1,69460,84751,2454.47,107870,-1.24
2021-06-16 10:55:04,2438.4,1,69409,84404,2454.38,108479,-1.27
2021-06-16 10:55:06,2439.0,1,69409,84404,2454.38,108479,-1.24
2021-06-16 10:55:06,2439.0,1,68950,84864,2454.37,108546,-1.24
2021-06-16 10:55:07,2438.35,1,68950,84864,2454.37,108546,-1.27
2021-06-16 10:55:09,2439.0,7,68950,84864,2454.37,108546,-1.24
2021-06-16 10:55:10,2439.0,14,68950,84864,2454.37,108546,-1.24
2021-06-16 10:55:10,2439.0,14,68940,85560,2454.36,108643,-1.24
2021-06-16 10:55:15,2439.0,14,68968,86749,2454.36,108643,-1.24
2021-06-16 10:55:16,2439.0,13,68968,86749,2454.36,108643,-1.24
2021-06-16 10:55:18,2438.4,2,68968,86749,2454.36,108643,-1.27
2021-06-16 10:55:18,2439.0,6,68968,86749,2454.36,108643,-1.24
2021-06-16 10:55:19,2439.0,6,69000,86744,2454.36,108684,-1.24
2021-06-16 10:55:23,2439.0,6,68320,86162,2454.36,108684,-1.24
2021-06-16 10:55:26,2438.35,1,68320,86162,2454.36,108684,-1.27
2021-06-16 10:55:27,2438.35,1,68393,86167,2454.36,108685,-1.27
2021-06-16 10:55:30,2439.0,3,67920,86638,2454.21,109677,-1.24
2021-06-16 10:55:33,2437.7,12,67920,86638,2454.21,109677,-1.3
2021-06-16 10:55:34,2437.7,12,68620,86852,2454.2,109689,-1.3
2021-06-16 10:55:37,2437.7,12,68328,86883,2454.2,109689,-1.3
2021-06-16 10:55:39,2438.7,2,68328,86883,2454.2,109689,-1.26
2021-06-16 10:55:41,2438.7,2,68433,87001,2454.2,109691,-1.26
2021-06-16 10:55:42,2437.3,2,68433,87001,2454.2,109691,-1.31
2021-06-16 10:55:45,2437.3,2,66998,87490,2454.2,109693,-1.31
2021-06-16 10:55:45,2437.0,1,66998,87490,2454.2,109693,-1.32
2021-06-16 10:55:48,2437.0,1,67367,88020,2454.2,109704,-1.32
2021-06-16 10:55:52,2437.2,9,67367,88020,2454.2,109704,-1.32
2021-06-16 10:55:52,2437.2,9,67423,87920,2454.2,109713,-1.32
2021-06-16 10:55:53,2436.1,3,67423,87920,2454.2,109713,-1.36
2021-06-16 10:55:54,2437.2,1,67423,87920,2454.2,109713,-1.32
2021-06-16 10:55:55,2437.0,1,67423,87920,2454.2,109713,-1.32
2021-06-16 10:55:56,2437.0,1,67936,87896,2454.2,109739,-1.32
2021-06-16 10:56:00,2437.15,1,67936,87896,2454.2,109739,-1.32
2021-06-16 10:56:00,2437.15,1,68039,87921,2454.2,109741,-1.32
2021-06-16 10:56:03,2436.05,3,68039,87921,2454.2,109741,-1.36
2021-06-16 10:56:03,2437.15,4,68039,87921,2454.2,109741,-1.32
2021-06-16 10:56:04,2437.15,4,67985,87847,2454.19,109761,-1.32
2021-06-16 10:56:04,2437.1,2,67985,87847,2454.19,109761,-1.32
2021-06-16 10:56:07,2437.1,2,68347,87773,2454.19,109763,-1.32
2021-06-16 10:56:09,2437.1,1,68347,87773,2454.19,109763,-1.32
2021-06-16 10:56:10,2437.0,6,68146,88172,2454.16,109970,-1.32
2021-06-16 10:56:12,2436.0,45,68146,88172,2454.16,109970,-1.36
2021-06-16 10:56:13,2436.0,45,68131,87842,2454.14,110073,-1.36
2021-06-16 10:56:15,2435.75,26,68131,87842,2454.14,110073,-1.37
2021-06-16 10:56:17,2435.75,26,68147,87768,2454.14,110123,-1.37
2021-06-16 10:56:18,2436.95,1,68147,87768,2454.14,110123,-1.33
2021-06-16 10:56:19,2435.85,4,68147,87768,2454.14,110123,-1.37
2021-06-16 10:56:21,2435.85,4,68116,87737,2454.14,110128,-1.37
2021-06-16 10:56:22,2436.85,2,68116,87737,2454.14,110128,-1.33
2021-06-16 10:56:24,2437.85,4,68116,87737,2454.14,110128,-1.29
2021-06-16 10:56:24,2437.85,4,69059,87005,2454.06,110636,-1.29
2021-06-16 10:56:25,2438.0,10,69059,87005,2454.06,110636,-1.28
2021-06-16 10:56:28,2438.0,5,69059,87005,2454.06,110636,-1.28
2021-06-16 10:56:30,2437.55,10,69059,87005,2454.06,110636,-1.3
2021-06-16 10:56:31,2437.55,10,69555,86527,2454.05,110716,-1.3
2021-06-16 10:56:34,2438.1,9,69555,86527,2454.05,110716,-1.28
2021-06-16 10:56:34,2438.1,9,69519,86549,2454.04,110725,-1.28
2021-06-16 10:56:37,2437.55,1,69519,86549,2454.04,110725,-1.3
2021-06-16 10:56:38,2437.55,1,69528,86498,2454.04,110727,-1.3
2021-06-16 10:56:39,2437.5,33,69528,86498,2454.04,110727,-1.3
2021-06-16 10:56:40,2437.5,75,69528,86498,2454.04,110727,-1.3
2021-06-16 10:56:42,2437.5,75,69273,87012,2454.03,110835,-1.3
2021-06-16 10:56:45,2437.5,75,69280,86986,2454.03,110835,-1.3
2021-06-16 10:56:48,2437.95,1,69280,86986,2454.03,110835,-1.29
2021-06-16 10:56:49,2437.95,1,69447,86861,2454.02,110886,-1.29
2021-06-16 10:56:49,2437.95,3,69447,86861,2454.02,110886,-1.29
2021-06-16 10:56:52,2437.6,5,69447,86861,2454.02,110886,-1.3
2021-06-16 10:56:53,2437.95,1,69424,86368,2454.02,110900,-1.29
2021-06-16 10:56:54,2437.6,3,69424,86368,2454.02,110900,-1.3
2021-06-16 10:56:55,2437.95,5,69424,86368,2454.02,110900,-1.29
2021-06-16 10:56:58,2437.95,5,69430,86828,2454.02,110910,-1.29
2021-06-16 10:57:00,2438.0,1,69431,86826,2454.02,110914,-1.28
2021-06-16 10:57:01,2438.35,17,69431,86826,2454.02,110914,-1.27
2021-06-16 10:57:04,2438.35,17,69424,86830,2454.01,110964,-1.27
2021-06-16 10:57:08,2438.35,17,69425,86825,2454.01,110964,-1.27
2021-06-16 10:57:11,2438.35,17,69436,86853,2454.01,110964,-1.27
2021-06-16 10:57:12,2438.4,3,69436,86853,2454.01,110964,-1.27
2021-06-16 10:57:15,2438.4,1,69436,86853,2454.01,110964,-1.27
2021-06-16 10:57:15,2438.4,1,69619,86909,2454.01,110973,-1.27
2021-06-16 10:57:16,2438.4,4,69619,86909,2454.01,110973,-1.27
2021-06-16 10:57:16,2438.55,4,69619,86909,2454.01,110973,-1.26
2021-06-16 10:57:19,2438.4,1,69474,86858,2454.0,111008,-1.27
2021-06-16 10:57:21,2437.5,37,69474,86858,2454.0,111008,-1.3
2021-06-16 10:57:23,2437.5,7,69405,87010,2453.99,111065,-1.3
2021-06-16 10:57:26,2437.5,7,69405,87079,2453.99,111065,-1.3
2021-06-16 10:57:27,2436.05,1,69405,87079,2453.99,111065,-1.36
2021-06-16 10:57:30,2436.05,1,68160,87466,2453.72,112973,-1.36
2021-06-16 10:57:34,2436.05,1,68131,87405,2453.72,112973,-1.36
2021-06-16 10:57:35,2435.4,6,68131,87405,2453.72,112973,-1.39
2021-06-16 10:57:37,2437.3,1,69352,86351,2453.6,113747,-1.31
2021-06-16 10:57:41,2437.3,1,69601,86376,2453.6,113747,-1.31
2021-06-16 10:57:42,2437.45,20,69601,86376,2453.6,113747,-1.31
2021-06-16 10:57:43,2437.45,8,69601,86376,2453.6,113747,-1.31
2021-06-16 10:57:44,2438.5,9,69601,86376,2453.6,113747,-1.26
2021-06-16 10:57:45,2438.5,9,69344,85794,2453.54,114214,-1.26
2021-06-16 10:57:46,2437.6,6,69344,85794,2453.54,114214,-1.3
2021-06-16 10:57:46,2437.45,14,69344,85794,2453.54,114214,-1.31
2021-06-16 10:57:48,2438.5,2,69344,85794,2453.54,114214,-1.26
2021-06-16 10:57:49,2438.5,2,69244,85960,2453.52,114331,-1.26
2021-06-16 10:57:52,2438.45,7,69244,85960,2453.52,114331,-1.27
2021-06-16 10:57:52,2438.4,2,69352,86065,2453.52,114351,-1.27
2021-06-16 10:57:54,2438.35,1,69352,86065,2453.52,114351,-1.27
2021-06-16 10:57:58,2438.35,1,69286,86092,2453.52,114356,-1.27
2021-06-16 10:57:59,2438.35,2,69286,86092,2453.52,114356,-1.27
2021-06-16 10:58:00,2438.35,2,69318,86260,2453.51,114389,-1.27
2021-06-16 10:58:01,2438.35,4,69318,86260,2453.51,114389,-1.27
2021-06-16 10:58:04,2438.35,4,69213,86234,2453.51,114399,-1.27
2021-06-16 10:58:07,2438.35,7,69266,86201,2453.51,114399,-1.27
2021-06-16 10:58:10,2438.35,2,69266,86201,2453.51,114399,-1.27
2021-06-16 10:58:11,2438.35,2,69793,86456,2453.5,114533,-1.27
2021-06-16 10:58:13,2438.95,1,69793,86456,2453.5,114533,-1.25
2021-06-16 10:58:15,2438.95,3,69793,86456,2453.5,114533,-1.25
2021-06-16 10:58:15,2438.95,3,70049,86513,2453.49,114538,-1.25
2021-06-16 10:58:19,2439.0,1,70049,86513,2453.49,114538,-1.24
2021-06-16 10:58:19,2439.0,1,69968,86582,2453.49,114540,-1.24
2021-06-16 10:58:23,2439.5,18,70047,86552,2453.49,114540,-1.22
2021-06-16 10:58:25,2440.0,34,70047,86552,2453.49,114540,-1.2
2021-06-16 10:58:27,2440.0,34,70271,86286,2453.48,114669,-1.2
2021-06-16 10:58:29,2440.0,6,70271,86286,2453.48,114669,-1.2
2021-06-16 10:58:30,2440.0,6,70431,85607,2453.48,114675,-1.2
2021-06-16 10:58:31,2440.0,100,70431,85607,2453.48,114675,-1.2
2021-06-16 10:58:34,2440.0,100,70707,85909,2453.47,114775,-1.2
2021-06-16 10:58:37,2439.05,1,70599,86013,2453.47,114776,-1.24
2021-06-16 10:58:40,2440.0,10,70599,86013,2453.47,114776,-1.2
2021-06-16 10:58:41,2440.0,10,70618,85994,2453.46,114795,-1.2
2021-06-16 10:58:43,2439.05,1,70618,85994,2453.46,114795,-1.24
2021-06-16 10:58:45,2439.05,1,70195,85571,2453.46,114799,-1.24
2021-06-16 10:58:48,2439.1,30,70195,85571,2453.46,114799,-1.24
2021-06-16 10:58:48,2439.1,30,69998,85957,2453.46,114829,-1.24
2021-06-16 10:58:49,2439.1,2,69998,85957,2453.46,114829,-1.24
2021-06-16 10:58:51,2439.1,40,69998,85957,2453.46,114829,-1.24
2021-06-16 10:58:52,2439.1,40,69988,85971,2453.45,114871,-1.24
2021-06-16 10:58:54,2439.1,6,69988,85971,2453.45,114871,-1.24
2021-06-16 10:58:55,2439.1,2,69981,85803,2453.45,114923,-1.24
2021-06-16 10:58:58,2439.05,1,69981,85803,2453.45,114923,-1.24
2021-06-16 10:59:00,2439.1,3,69906,85904,2453.43,115068,-1.24
2021-06-16 10:59:01,2439.1,17,69906,85904,2453.43,115068,-1.24
2021-06-16 10:59:01,2440.0,6,69906,85904,2453.43,115068,-1.2
2021-06-16 10:59:03,2440.0,6,70138,85572,2453.42,115142,-1.2
2021-06-16 10:59:05,2439.85,1,70138,85572,2453.42,115142,-1.21
2021-06-16 10:59:07,2439.85,1,70104,85819,2453.42,115143,-1.21
2021-06-16 10:59:08,2439.15,2,70104,85819,2453.42,115143,-1.24
2021-06-16 10:59:10,2439.15,2,69957,85843,2453.39,115398,-1.24
2021-06-16 10:59:14,2439.15,2,69930,85413,2453.39,115398,-1.24
2021-06-16 10:59:17,2440.15,10,69930,85413,2453.39,115398,-1.2
2021-06-16 10:59:18,2440.15,1,70039,85331,2453.39,115409,-1.2
2021-06-16 10:59:21,2439.55,1,70039,85331,2453.39,115409,-1.22
2021-06-16 10:59:22,2440.15,9,70119,85877,2453.39,115411,-1.2
2021-06-16 10:59:24,2439.65,10,70119,85877,2453.39,115411,-1.22
2021-06-16 10:59:25,2439.65,10,70176,85856,2453.39,115430,-1.22
2021-06-16 10:59:28,2439.35,31,70120,85447,2453.36,115680,-1.23
2021-06-16 10:59:31,2439.35,31,70254,85412,2453.36,115680,-1.23
2021-06-16 10:59:34,2439.35,31,70664,85438,2453.36,115680,-1.23
2021-06-16 10:59:42,2440.15,3,70693,85413,2453.36,115683,-1.2
2021-06-16 10:59:43,2440.15,9,70693,85413,2453.36,115683,-1.2
2021-06-16 10:59:43,2439.35,8,70693,85413,2453.36,115683,-1.23
2021-06-16 10:59:45,2439.35,8,70702,85382,2453.35,115734,-1.23
2021-06-16 10:59:48,2439.35,8,70777,85361,2453.35,115734,-1.23
2021-06-16 10:59:51,2439.35,24,70777,85361,2453.35,115734,-1.23
2021-06-16 10:59:52,2439.35,24,70755,85392,2453.34,115794,-1.23
2021-06-16 10:59:52,2439.15,4,70755,85392,2453.34,115794,-1.24
2021-06-16 10:59:58,2439.15,4,70716,85369,2453.34,115804,-1.24
2021-06-16 10:59:59,2439.15,4,70727,85387,2453.34,115804,-1.24
2021-06-16 11:00:03,2439.15,4,70687,85406,2453.34,115804,-1.24
2021-06-16 11:00:04,2439.95,1,70687,85406,2453.34,115804,-1.2
2021-06-16 11:00:04,2439.95,2,70687,85406,2453.34,115804,-1.2
2021-06-16 11:00:06,2439.15,20,70687,85406,2453.34,115804,-1.24
2021-06-16 11:00:07,2439.15,20,70868,85330,2453.34,115865,-1.24
2021-06-16 11:00:12,2439.15,20,70942,85557,2453.34,115865,-1.24
2021-06-16 11:00:13,2440.0,2,70942,85557,2453.34,115865,-1.2
2021-06-16 11:00:16,2440.0,4,71165,84800,2453.32,115980,-1.2
2021-06-16 11:00:16,2440.0,3,71165,84800,2453.32,115980,-1.2
2021-06-16 11:00:18,2440.65,2,71165,84800,2453.32,115980,-1.18
2021-06-16 11:00:20,2440.65,2,71431,84978,2453.32,115986,-1.18
2021-06-16 11:00:24,2440.65,2,71481,85009,2453.32,115986,-1.18
2021-06-16 11:00:25,2440.65,5,71481,85009,2453.32,115986,-1.18
2021-06-16 11:00:27,2440.65,1,71481,85009,2453.32,115986,-1.18
2021-06-16 11:00:30,2440.65,1,71448,84994,2453.32,116001,-1.18
2021-06-16 11:00:31,2440.65,1,72563,84993,2453.32,116002,-1.18
2021-06-16 11:00:35,2440.65,8,72453,85023,2453.32,116010,-1.18
2021-06-16 11:00:38,2440.65,49,72453,85023,2453.32,116010,-1.18
2021-06-16 11:00:39,2440.65,49,72661,85077,2453.31,116060,-1.18
2021-06-16 11:00:41,2440.65,2,72661,85077,2453.31,116060,-1.18
2021-06-16 11:00:43,2441.6,5,72695,85078,2453.31,116062,-1.14
2021-06-16 11:00:45,2441.95,2,72695,85078,2453.31,116062,-1.12
2021-06-16 11:00:46,2441.95,2,73006,84818,2453.31,116089,-1.12
2021-06-16 11:00:48,2440.8,1,73006,84818,2453.31,116089,-1.17
2021-06-16 11:00:50,2440.8,1,73108,84154,2453.31,116090,-1.17
2021-06-16 11:00:51,2442.0,100,73108,84154,2453.31,116090,-1.12
2021-06-16 11:00:52,2442.0,3,73108,84154,2453.31,116090,-1.12
2021-06-16 11:00:54,2442.0,3,73220,84490,2453.3,116202,-1.12
2021-06-16 11:00:58,2443.5,14,73706,83028,2453.19,117552,-1.06
2021-06-16 11:00:58,2443.5,42,73706,83028,2453.19,117552,-1.06
2021-06-16 11:01:01,2443.5,42,73285,84179,2453.17,117785,-1.06
2021-06-16 11:01:02,2443.95,4,73285,84179,2453.17,117785,-1.04
2021-06-16 11:01:04,2443.45,25,73285,84179,2453.17,117785,-1.06
2021-06-16 11:01:06,2443.45,25,73606,84123,2453.17,117819,-1.06
2021-06-16 11:01:06,2443.9,3,73606,84123,2453.17,117819,-1.04
2021-06-16 11:01:09,2443.0,100,73223,84094,2453.15,118019,-1.08
2021-06-16 11:01:12,2443.7,10,73223,84094,2453.15,118019,-1.05
2021-06-16 11:01:13,2443.7,10,73294,84114,2453.15,118029,-1.05
2021-06-16 11:01:15,2443.65,3,73294,84114,2453.15,118029,-1.05
2021-06-16 11:01:16,2443.65,3,73323,83791,2453.15,118032,-1.05
2021-06-16 11:01:20,2443.65,10,73323,83791,2453.15,118032,-1.05
2021-06-16 11:01:22,2443.6,1,73323,83791,2453.15,118032,-1.06
2021-06-16 11:01:24,2443.6,1,73259,83731,2453.15,118044,-1.06
2021-06-16 11:01:27,2443.65,2,73259,83731,2453.15,118044,-1.05
2021-06-16 11:01:28,2443.65,2,73509,83883,2453.15,118046,-1.05
2021-06-16 11:01:31,2443.65,7,72851,83918,2453.14,118120,-1.05
2021-06-16 11:01:35,2443.65,7,72924,84027,2453.14,118120,-1.05
2021-06-16 11:01:39,2443.65,7,73196,84017,2453.14,118120,-1.05
2021-06-16 11:01:42,2443.65,7,73339,84023,2453.14,118120,-1.05
2021-06-16 11:01:45,2443.35,1,73339,84023,2453.14,118120,-1.07
2021-06-16 11:01:46,2443.35,1,73226,84052,2453.14,118125,-1.07
2021-06-16 11:01:49,2443.3,5,73373,84039,2453.14,118139,-1.07
2021-06-16 11:01:52,2443.3,5,73147,84198,2453.14,118139,-1.07
2021-06-16 11:01:57,2443.3,5,73147,84358,2453.14,118139,-1.07
2021-06-16 11:01:58,2442.8,2,73147,84358,2453.14,118139,-1.09
2021-06-16 11:02:00,2442.8,2,73151,84317,2453.14,118161,-1.09
2021-06-16 11:02:03,2442.8,2,73181,84364,2453.14,118161,-1.09
2021-06-16 11:02:06,2442.8,2,73182,84366,2453.14,118161,-1.09
2021-06-16 11:02:07,2442.85,2,73182,84366,2453.14,118161,-1.09
2021-06-16 11:02:10,2442.85,2,73642,84591,2453.14,118174,-1.09
2021-06-16 11:02:13,2442.05,18,73753,84569,2453.14,118196,-1.12
2021-06-16 11:02:15,2442.35,4,73753,84569,2453.14,118196,-1.11
2021-06-16 11:02:17,2441.5,4,73513,84194,2453.13,118290,-1.14
2021-06-16 11:02:21,2441.5,4,73624,84186,2453.13,118290,-1.14
2021-06-16 11:02:24,2441.5,4,73629,84187,2453.13,118290,-1.14
2021-06-16 11:02:27,2441.5,4,73612,84184,2453.13,118290,-1.14
2021-06-16 11:02:29,2441.65,1,73612,84184,2453.13,118290,-1.14
2021-06-16 11:02:30,2443.05,3,73612,84184,2453.13,118290,-1.08
2021-06-16 11:02:31,2444.05,2,73967,83845,2453.13,118299,-1.04
2021-06-16 11:02:34,2444.0,2,74098,83683,2453.13,118301,-1.04
2021-06-16 11:02:36,2444.0,7,74098,83683,2453.13,118301,-1.04
2021-06-16 11:02:38,2444.0,7,74078,83342,2453.13,118309,-1.04
2021-06-16 11:02:40,2444.0,18,74078,83342,2453.13,118309,-1.04
2021-06-16 11:02:41,2444.0,18,74086,83232,2453.13,118329,-1.04
2021-06-16 11:02:43,2444.6,1,74086,83232,2453.13,118329,-1.02
2021-06-16 11:02:45,2444.6,1,74908,83158,2453.12,118445,-1.02
2021-06-16 11:02:48,2446.95,14,74908,83158,2453.12,118445,-0.92
2021-06-16 11:02:48,2446.95,14,74864,83025,2453.12,118459,-0.92
2021-06-16 11:02:51,2446.8,9,74864,83025,2453.12,118459,-0.93
2021-06-16 11:02:51,2446.8,5,74864,83025,2453.12,118459,-0.93
2021-06-16 11:02:52,2446.8,4,74542,83323,2453.11,118508,-0.93
2021-06-16 11:02:54,2446.8,1,74542,83323,2453.11,118508,-0.93
2021-06-16 11:02:55,2446.8,1,74578,83640,2453.11,118509,-0.93
2021-06-16 11:02:59,2446.8,1,74678,83311,2453.11,118509,-0.93
2021-06-16 11:03:00,2445.6,2,74678,83311,2453.11,118509,-0.98
2021-06-16 11:03:02,2446.8,1,74651,83660,2453.11,118517,-0.93
2021-06-16 11:03:05,2446.8,1,74651,83673,2453.11,118517,-0.93
2021-06-16 11:03:09,2446.85,1,74594,83668,2453.11,118518,-0.93
2021-06-16 11:03:12,2446.85,1,74594,83692,2453.11,118518,-0.93
2021-06-16 11:03:13,2446.9,2,74594,83692,2453.11,118518,-0.92
2021-06-16 11:03:15,2446.9,2,74676,83716,2453.11,118527,-0.92
2021-06-16 11:03:18,2446.9,2,74689,83682,2453.11,118527,-0.92
2021-06-16 11:03:22,2446.9,2,74689,83733,2453.11,118527,-0.92
2021-06-16 11:03:26,2446.9,2,74689,83734,2453.11,118527,-0.92
2021-06-16 11:03:29,2446.9,2,74687,83743,2453.11,118527,-0.92
2021-06-16 11:03:30,2447.0,3,74687,83743,2453.11,118527,-0.92
2021-06-16 11:03:32,2447.0,3,74675,83796,2453.11,118537,-0.92
2021-06-16 11:03:34,2446.95,2,74675,83796,2453.11,118537,-0.92
2021-06-16 11:03:36,2446.95,2,74680,83909,2453.11,118548,-0.92
2021-06-16 11:03:39,2446.95,2,74680,83949,2453.11,118548,-0.92
2021-06-16 11:03:42,2446.9,19,74680,83949,2453.11,118548,-0.92
2021-06-16 11:03:42,2446.9,19,74671,83871,2453.11,118598,-0.92
2021-06-16 11:03:46,2446.9,19,74671,83931,2453.11,118598,-0.92
2021-06-16 11:03:49,2446.9,19,74673,83951,2453.11,118598,-0.92
2021-06-16 11:03:52,2446.9,19,74674,84431,2453.11,118598,-0.92
2021-06-16 11:03:55,2446.9,9,74674,84431,2453.11,118598,-0.92
2021-06-16 11:03:55,2446.9,9,74645,84485,2453.11,118607,-0.92
2021-06-16 11:03:58,2446.9,9,74645,84453,2453.11,118607,-0.92
2021-06-16 11:03:59,2445.5,14,74645,84453,2453.11,118607,-0.98
2021-06-16 11:04:01,2445.5,14,74565,84587,2453.1,118686,-0.98
2021-06-16 11:04:05,2446.7,1,74565,84521,2453.1,118693,-0.93
2021-06-16 11:04:08,2446.7,1,74590,84515,2453.1,118693,-0.93
2021-06-16 11:04:11,2446.7,1,74591,84515,2453.1,118693,-0.93
2021-06-16 11:04:14,2446.7,1,74576,84524,2453.1,118693,-0.93
2021-06-16 11:04:16,2446.7,4,74576,84524,2453.1,118693,-0.93
2021-06-16 11:04:17,2446.7,4,74720,84494,2453.1,118702,-0.93
2021-06-16 11:04:20,2446.7,4,74729,84498,2453.1,118702,-0.93
2021-06-16 11:04:23,2446.7,4,74729,84531,2453.1,118702,-0.93
2021-06-16 11:04:24,2446.7,5,74729,84531,2453.1,118702,-0.93
2021-06-16 11:04:25,2445.6,2,74729,84531,2453.1,118702,-0.98
2021-06-16 11:04:26,2445.6,2,74751,84530,2453.1,118712,-0.98
2021-06-16 11:04:30,2445.6,2,74751,84558,2453.1,118712,-0.98
2021-06-16 11:04:30,2445.55,1,74751,84558,2453.1,118712,-0.98
2021-06-16 11:04:31,2446.5,10,74751,84558,2453.1,118712,-0.94
2021-06-16 11:04:32,2446.5,10,74783,84597,2453.1,118734,-0.94
2021-06-16 11:04:36,2446.5,10,74749,84633,2453.1,118734,-0.94
2021-06-16 11:04:37,2446.5,8,74749,84633,2453.1,118734,-0.94
2021-06-16 11:04:39,2445.5,2,74749,84633,2453.1,118734,-0.98
2021-06-16 11:04:39,2445.5,2,74799,84181,2453.1,118792,-0.98
2021-06-16 11:04:41,2446.45,1,74799,84181,2453.1,118792,-0.94
2021-06-16 11:04:43,2446.45,1,74830,84233,2453.1,118793,-0.94
2021-06-16 11:04:45,2445.35,15,74830,84233,2453.1,118793,-0.99
2021-06-16 11:04:46,2445.35,15,74814,84234,2453.1,118808,-0.99
2021-06-16 11:04:49,2445.35,15,74817,84231,2453.1,118808,-0.99
2021-06-16 11:04:55,2445.35,2,74788,84230,2453.1,118823,-0.99
2021-06-16 11:04:57,2446.45,3,74788,84230,2453.1,118823,-0.94
2021-06-16 11:04:58,2446.45,3,74887,84532,2453.09,118923,-0.94
2021-06-16 11:04:59,2445.5,12,74887,84532,2453.09,118923,-0.98
2021-06-16 11:05:00,2445.4,10,74887,84532,2453.09,118923,-0.98
2021-06-16 11:05:01,2445.4,10,74857,84565,2453.09,118953,-0.98
2021-06-16 11:05:04,2445.4,10,74887,84570,2453.09,118953,-0.98
2021-06-16 11:05:07,2445.4,10,74877,84574,2453.09,118953,-0.98
2021-06-16 11:05:10,2445.4,10,74907,84518,2453.09,118953,-0.98
2021-06-16 11:05:11,2446.45,1,74907,84518,2453.09,118953,-0.94
2021-06-16 11:05:14,2446.45,1,74827,84494,2453.09,118958,-0.94
2021-06-16 11:05:17,2446.45,1,74828,84478,2453.09,118958,-0.94
2021-06-16 11:05:19,2446.45,7,74828,84478,2453.09,118958,-0.94
2021-06-16 11:05:20,2446.45,7,74827,84519,2453.09,118967,-0.94
2021-06-16 11:05:23,2446.45,7,74832,84619,2453.09,118967,-0.94
2021-06-16 11:05:26,2446.45,7,74832,84603,2453.09,118967,-0.94
2021-06-16 11:05:29,2446.45,7,74883,84579,2453.09,118967,-0.94
2021-06-16 11:05:32,2446.45,7,74883,84645,2453.09,118967,-0.94
2021-06-16 11:05:33,2445.1,6,74883,84645,2453.09,118967,-1.0
2021-06-16 11:05:36,2445.1,6,74911,84698,2453.08,119039,-1.0
2021-06-16 11:05:40,2446.5,34,75046,84468,2453.07,119177,-0.94
2021-06-16 11:05:43,2446.45,5,74975,84812,2453.07,119256,-0.94
2021-06-16 11:05:45,2445.7,109,74975,84812,2453.07,119256,-0.97
2021-06-16 11:05:47,2445.7,109,74709,84716,2453.06,119406,-0.97
2021-06-16 11:05:49,2446.45,4,74709,84716,2453.06,119406,-0.94
2021-06-16 11:05:51,2446.45,4,74919,84680,2453.06,119456,-0.94
2021-06-16 11:05:55,2446.45,4,74952,84703,2453.06,119456,-0.94
2021-06-16 11:06:00,2446.45,1,74987,84689,2453.06,119456,-0.94
2021-06-16 11:06:01,2446.45,4,74987,84689,2453.06,119456,-0.94
2021-06-16 11:06:01,2446.45,4,74988,84708,2453.06,119466,-0.94
2021-06-16 11:06:04,2446.5,5,74993,84673,2453.06,119502,-0.94
2021-06-16 11:06:08,2446.5,5,74978,84676,2453.06,119502,-0.94
2021-06-16 11:06:12,2445.65,1,75034,84676,2453.06,119502,-0.97
2021-06-16 11:06:15,2445.65,1,75035,84714,2453.06,119503,-0.97
2021-06-16 11:06:22,2446.45,8,75033,84741,2453.06,119503,-0.94
2021-06-16 11:06:27,2446.5,1,75033,84741,2453.06,119503,-0.94
2021-06-16 11:06:28,2446.5,1,74919,84715,2453.06,119512,-0.94
2021-06-16 11:06:31,2445.65,4,74919,84715,2453.06,119512,-0.97
2021-06-16 11:06:33,2447.0,20,75376,83257,2453.04,119722,-0.92
2021-06-16 11:06:36,2448.0,1,75586,83250,2453.04,119777,-0.88
2021-06-16 11:06:39,2448.0,1,75549,83184,2453.04,119777,-0.88
2021-06-16 11:06:43,2448.0,9,75549,83184,2453.04,119777,-0.88
2021-06-16 11:06:44,2448.2,26,75628,83177,2453.04,119836,-0.87
2021-06-16 11:06:45,2447.35,1,75628,83177,2453.04,119836,-0.9
2021-06-16 11:06:46,2447.4,2,75628,83177,2453.04,119836,-0.9
2021-06-16 11:06:48,2447.4,2,75856,83152,2453.04,119840,-0.9
2021-06-16 11:06:49,2448.15,23,75856,83152,2453.04,119840,-0.87
2021-06-16 11:06:50,2449.95,1,75856,83152,2453.04,119840,-0.8
2021-06-16 11:06:51,2449.95,1,76481,82002,2453.02,120509,-0.8
2021-06-16 11:06:55,2449.95,1,76492,82222,2453.02,120509,-0.8
2021-06-16 11:06:58,2449.95,1,76467,82212,2453.02,120509,-0.8
2021-06-16 11:07:01,2449.95,4,76467,82212,2453.02,120509,-0.8
2021-06-16 11:07:01,2449.95,4,76470,82270,2453.02,120513,-0.8
2021-06-16 11:07:04,2449.95,9,76470,82270,2453.02,120513,-0.8
2021-06-16 11:07:05,2449.95,9,76339,82281,2453.02,120522,-0.8
2021-06-16 11:07:06,2449.95,1,76339,82281,2453.02,120522,-0.8
2021-06-16 11:07:08,2450.5,2,76339,82281,2453.02,120522,-0.78
2021-06-16 11:07:09,2450.5,2,76619,80654,2452.98,122067,-0.78
2021-06-16 11:07:09,2451.0,1,76619,80654,2452.98,122067,-0.76
2021-06-16 11:07:12,2451.0,1,76468,81180,2452.98,122078,-0.76
2021-06-16 11:07:13,2450.1,27,76468,81180,2452.98,122078,-0.79
2021-06-16 11:07:16,2450.1,27,76253,81206,2452.98,122105,-0.79
2021-06-16 11:07:19,2450.1,27,76291,81308,2452.98,122105,-0.79
2021-06-16 11:07:20,2451.0,3,76291,81308,2452.98,122105,-0.76
2021-06-16 11:07:22,2451.0,3,76537,81191,2452.98,122190,-0.76
2021-06-16 11:07:25,2451.0,9,76537,81191,2452.98,122190,-0.76
2021-06-16 11:07:26,2449.75,16,75894,81465,2452.98,122215,-0.81
2021-06-16 11:07:29,2450.8,1,75894,81465,2452.98,122215,-0.77
2021-06-16 11:07:30,2450.8,3,76321,81173,2452.98,122226,-0.77
2021-06-16 11:07:31,2450.8,4,76321,81173,2452.98,122226,-0.77
2021-06-16 11:07:32,2450.8,1,76321,81173,2452.98,122226,-0.77
2021-06-16 11:07:33,2450.8,1,76182,81281,2452.98,122231,-0.77
2021-06-16 11:07:36,2450.8,4,76221,81887,2452.98,122237,-0.77
2021-06-16 11:07:39,2450.8,4,76199,81909,2452.98,122237,-0.77
2021-06-16 11:07:43,2450.8,4,76144,81829,2452.98,122237,-0.77
2021-06-16 11:07:45,2449.4,33,76144,81829,2452.98,122237,-0.82
2021-06-16 11:07:46,2449.4,33,76115,81826,2452.98,122286,-0.82
2021-06-16 11:07:48,2450.3,1,76115,81826,2452.98,122286,-0.79
2021-06-16 11:07:49,2450.3,1,76152,81756,2452.98,122288,-0.79
2021-06-16 11:07:52,2450.3,1,76177,81759,2452.98,122288,-0.79
2021-06-16 11:07:54,2448.35,9,76177,81759,2452.98,122288,-0.86
2021-06-16 11:07:55,2450.15,4,76177,81759,2452.98,122288,-0.79
2021-06-16 11:07:56,2450.15,4,76202,81909,2452.97,122323,-0.79
2021-06-16 11:07:59,2450.15,4,76202,81927,2452.97,122323,-0.79
2021-06-16 11:08:03,2450.15,4,76052,81955,2452.97,122323,-0.79
2021-06-16 11:08:07,2450.1,3,76065,81888,2452.97,122332,-0.79
2021-06-16 11:08:08,2450.2,18,76065,81888,2452.97,122332,-0.79
2021-06-16 11:08:10,2450.6,8,76065,81888,2452.97,122332,-0.77
2021-06-16 11:08:10,2450.6,8,76066,82069,2452.97,122482,-0.77
2021-06-16 11:08:12,2450.75,10,76066,82069,2452.97,122482,-0.77
2021-06-16 11:08:14,2450.75,10,76045,82133,2452.97,122492,-0.77
2021-06-16 11:08:15,2450.0,2,76045,82133,2452.97,122492,-0.8
2021-06-16 11:08:17,2450.0,2,75997,82025,2452.97,122494,-0.8
2021-06-16 11:08:20,2450.0,2,76020,82046,2452.97,122494,-0.8
2021-06-16 11:08:21,2450.75,65,76020,82046,2452.97,122494,-0.77
2021-06-16 11:08:24,2450.75,65,75942,82086,2452.97,122594,-0.77
2021-06-16 11:08:25,2450.0,4,75942,82086,2452.97,122594,-0.8
2021-06-16 11:08:27,2450.0,4,75956,82134,2452.97,122604,-0.8
2021-06-16 11:08:28,2448.95,4,75956,82134,2452.97,122604,-0.84
2021-06-16 11:08:29,2450.4,9,75956,82134,2452.97,122604,-0.78
2021-06-16 11:08:30,2450.4,9,75985,81960,2452.97,122642,-0.78
2021-06-16 11:08:32,2448.6,15,75985,81960,2452.97,122642,-0.85
2021-06-16 11:08:34,2448.6,15,75826,82082,2452.97,122705,-0.85
2021-06-16 11:08:37,2448.6,15,75679,82220,2452.97,122705,-0.85
2021-06-16 11:08:40,2448.6,15,75681,82257,2452.97,122705,-0.85
2021-06-16 11:08:43,2449.0,1,75681,82257,2452.97,122705,-0.84
2021-06-16 11:08:43,2449.0,1,75731,82446,2452.97,122706,-0.84
2021-06-16 11:08:46,2449.0,1,75765,82431,2452.97,122706,-0.84
2021-06-16 11:08:49,2449.45,5,75765,82431,2452.97,122706,-0.82
2021-06-16 11:08:50,2449.45,5,75814,82412,2452.96,122715,-0.82
2021-06-16 11:08:53,2449.45,5,75920,82247,2452.96,122715,-0.82
2021-06-16 11:08:55,2449.25,1,75920,82247,2452.96,122715,-0.83
2021-06-16 11:08:59,2449.25,1,75917,82597,2452.96,122720,-0.83
2021-06-16 11:09:00,2449.4,1,75917,82597,2452.96,122720,-0.82
2021-06-16 11:09:02,2449.4,1,75899,82566,2452.96,122722,-0.82
2021-06-16 11:09:06,2449.4,1,76280,82566,2452.96,122722,-0.82
2021-06-16 11:09:09,2449.0,7,76280,82566,2452.96,122722,-0.84
2021-06-16 11:09:09,2449.0,7,76280,82539,2452.96,122729,-0.84
2021-06-16 11:09:10,2449.0,3,76280,82539,2452.96,122729,-0.84
2021-06-16 11:09:11,2449.0,5,76280,82539,2452.96,122729,-0.84
2021-06-16 11:09:12,2449.45,1,76280,82539,2452.96,122729,-0.82
2021-06-16 11:09:13,2449.45,1,75916,82910,2452.96,122740,-0.82
2021-06-16 11:09:15,2449.5,1,75916,82910,2452.96,122740,-0.82
2021-06-16 11:09:16,2449.5,1,75937,83171,2452.96,122741,-0.82
2021-06-16 11:09:18,2449.75,4,75937,83171,2452.96,122741,-0.81
2021-06-16 11:09:19,2449.75,4,75927,83166,2452.96,122746,-0.81
2021-06-16 11:09:22,2449.75,4,75927,83156,2452.96,122746,-0.81
2021-06-16 11:09:24,2449.45,1,75927,83156,2452.96,122746,-0.82
2021-06-16 11:09:25,2449.45,1,75828,83470,2452.96,122747,-0.82
2021-06-16 11:09:31,2449.45,9,75841,83472,2452.96,122747,-0.82
2021-06-16 11:09:34,2449.45,9,75854,83463,2452.96,122756,-0.82
2021-06-16 11:09:37,2449.45,9,75854,83363,2452.96,122756,-0.82
2021-06-16 11:09:43,2449.45,9,75863,83373,2452.96,122756,-0.82
2021-06-16 11:09:52,2449.45,9,75900,82660,2452.96,122756,-0.82
2021-06-16 11:09:52,2449.45,9,75888,82981,2452.96,122767,-0.82
2021-06-16 11:09:54,2449.45,10,75888,82981,2452.96,122767,-0.82
2021-06-16 11:09:55,2449.45,10,75896,82971,2452.96,122777,-0.82
2021-06-16 11:09:58,2449.45,10,75896,82972,2452.96,122777,-0.82
2021-06-16 11:09:59,2449.45,20,75896,82972,2452.96,122777,-0.82
2021-06-16 11:10:00,2449.45,1,75896,82972,2452.96,122777,-0.82
2021-06-16 11:10:01,2449.45,12,75896,82972,2452.96,122777,-0.82
2021-06-16 11:10:04,2449.0,1,75895,82938,2452.96,122810,-0.84
2021-06-16 11:10:07,2449.0,1,75921,82968,2452.96,122811,-0.84
2021-06-16 11:10:10,2448.45,5,75921,82968,2452.96,122811,-0.86
2021-06-16 11:10:10,2448.45,5,75905,82941,2452.96,122825,-0.86
2021-06-16 11:10:12,2448.45,1,75905,82941,2452.96,122825,-0.86
2021-06-16 11:10:16,2448.45,1,75905,82941,2452.96,122826,-0.86
2021-06-16 11:10:19,2448.45,1,75906,82941,2452.96,122826,-0.86
2021-06-16 11:10:23,2448.45,1,76017,82943,2452.96,122826,-0.86
2021-06-16 11:10:26,2448.45,1,76016,82973,2452.96,122826,-0.86
2021-06-16 11:10:27,2448.5,13,76016,82973,2452.96,122826,-0.86
2021-06-16 11:10:31,2448.5,13,76004,82973,2452.96,122839,-0.86
2021-06-16 11:10:34,2449.45,9,76004,82973,2452.96,122839,-0.82
2021-06-16 11:10:35,2448.5,13,75943,82959,2452.96,122861,-0.86
2021-06-16 11:10:36,2449.45,70,75943,82959,2452.96,122861,-0.82
2021-06-16 11:10:37,2449.45,70,75945,82889,2452.96,122931,-0.82
2021-06-16 11:10:42,2449.45,70,75945,82898,2452.96,122931,-0.82
2021-06-16 11:10:44,2450.0,29,75945,82898,2452.96,122931,-0.8
2021-06-16 11:10:45,2450.0,1,76750,82053,2452.95,123169,-0.8
2021-06-16 11:10:46,2450.0,14,76750,82053,2452.95,123169,-0.8
2021-06-16 11:10:48,2450.0,14,76895,81802,2452.95,123185,-0.8
2021-06-16 11:10:49,2451.0,27,76895,81802,2452.95,123185,-0.76
2021-06-16 11:10:51,2451.0,27,77005,80739,2452.94,123683,-0.76
2021-06-16 11:10:54,2451.0,27,77471,80746,2452.94,123683,-0.76
2021-06-16 11:10:55,2451.95,8,77471,80746,2452.94,123683,-0.72
2021-06-16 11:10:57,2451.0,19,77471,80746,2452.94,123683,-0.76
2021-06-16 11:10:57,2451.0,19,77125,80815,2452.94,123818,-0.76
2021-06-16 11:10:58,2451.95,1,77125,80815,2452.94,123818,-0.72
2021-06-16 11:11:00,2452.0,6,77246,80044,2452.94,123919,-0.72
2021-06-16 11:11:03,2452.0,6,77203,80444,2452.94,123919,-0.72
2021-06-16 11:11:06,2452.0,6,77140,80472,2452.94,123919,-0.72
2021-06-16 11:11:09,2452.0,6,77160,80504,2452.94,123919,-0.72
2021-06-16 11:11:10,2451.8,10,77160,80504,2452.94,123919,-0.72
2021-06-16 11:11:12,2451.8,10,77024,80581,2452.94,124019,-0.72
2021-06-16 11:11:14,2452.0,20,77024,80581,2452.94,124019,-0.72
2021-06-16 11:11:16,2452.0,20,76489,80830,2452.94,124049,-0.72
2021-06-16 11:11:20,2452.55,2,76514,80862,2452.94,124061,-0.69
2021-06-16 11:11:22,2452.55,2,76513,80864,2452.94,124061,-0.69
2021-06-16 11:11:22,2452.55,1,76513,80864,2452.94,124061,-0.69
2021-06-16 11:11:25,2452.55,1,76513,80871,2452.94,124062,-0.69
2021-06-16 11:11:26,2450.95,36,76513,80871,2452.94,124062,-0.76
2021-06-16 11:11:27,2452.45,10,76513,80871,2452.94,124062,-0.7
2021-06-16 11:11:28,2452.45,1,76428,80655,2452.94,124295,-0.7
2021-06-16 11:11:31,2451.25,1,76408,80654,2452.94,124295,-0.75
2021-06-16 11:11:33,2452.25,3,76408,80654,2452.94,124295,-0.71
2021-06-16 11:11:34,2452.25,3,76438,80800,2452.93,124310,-0.71
2021-06-16 11:11:34,2451.2,2,76438,80800,2452.93,124310,-0.75
2021-06-16 11:11:37,2452.15,7,76387,80890,2452.93,124319,-0.71
2021-06-16 11:11:39,2452.15,7,76387,80918,2452.93,124319,-0.71
2021-06-16 11:11:40,2452.5,14,76387,80918,2452.93,124319,-0.7
2021-06-16 11:11:42,2452.5,14,76512,80758,2452.93,124544,-0.7
2021-06-16 11:11:43,2452.2,1,76512,80758,2452.93,124544,-0.71
2021-06-16 11:11:45,2452.2,1,76526,80881,2452.93,124588,-0.71
2021-06-16 11:11:46,2452.25,11,76526,80881,2452.93,124588,-0.71
2021-06-16 11:11:49,2452.25,11,76586,80853,2452.93,124623,-0.71
2021-06-16 11:11:51,2450.85,19,76586,80853,2452.93,124623,-0.76
2021-06-16 11:11:52,2450.85,19,76501,80968,2452.93,124785,-0.76
2021-06-16 11:11:55,2450.85,19,76494,80971,2452.93,124785,-0.76
2021-06-16 11:11:58,2452.25,8,76494,80971,2452.93,124785,-0.71
2021-06-16 11:12:01,2452.25,8,76517,80919,2452.93,124794,-0.71
2021-06-16 11:12:04,2452.25,2,77026,80390,2452.93,124814,-0.71
2021-06-16 11:12:07,2452.85,2,77352,80044,2452.93,124836,-0.68
2021-06-16 11:12:08,2452.9,1,77352,80044,2452.93,124836,-0.68
2021-06-16 11:12:10,2452.9,1,77291,80255,2452.93,124837,-0.68
2021-06-16 11:12:11,2452.55,7,77291,80255,2452.93,124837,-0.69
2021-06-16 11:12:12,2452.35,1,77291,80255,2452.93,124837,-0.7
2021-06-16 11:12:14,2454.0,3,77203,80289,2452.93,124856,-0.64
2021-06-16 11:12:17,2454.0,3,77081,80240,2452.93,125067,-0.64
2021-06-16 11:12:18,2454.0,2,77081,80240,2452.93,125067,-0.64
2021-06-16 11:12:19,2454.0,9,77081,80240,2452.93,125067,-0.64
2021-06-16 11:12:20,2453.0,2,77093,80277,2452.93,125080,-0.68
2021-06-16 11:12:22,2454.0,1,77093,80277,2452.93,125080,-0.64
2021-06-16 11:12:23,2454.0,1,77322,80331,2452.93,125081,-0.64
2021-06-16 11:12:27,2454.0,30,77322,80382,2452.93,125081,-0.64
2021-06-16 11:12:30,2454.0,30,77711,80356,2452.93,125111,-0.64
2021-06-16 11:12:33,2452.5,17,78553,80378,2452.93,125129,-0.7
2021-06-16 11:12:36,2452.5,17,78497,80380,2452.93,125129,-0.7
2021-06-16 11:12:39,2453.0,1,78497,80380,2452.93,125129,-0.68
2021-06-16 11:12:41,2453.0,1,77950,80356,2452.93,125159,-0.68
2021-06-16 11:12:42,2453.0,1,77716,80299,2452.93,125168,-0.68
2021-06-16 11:12:45,2453.9,9,77281,80277,2452.93,125191,-0.64
2021-06-16 11:12:48,2453.75,5,77281,80277,2452.93,125191,-0.65
2021-06-16 11:12:48,2453.75,5,78036,80467,2452.93,125197,-0.65
2021-06-16 11:12:55,2453.75,5,78046,80468,2452.93,125197,-0.65
2021-06-16 11:12:58,2453.75,1,78082,80471,2452.93,125198,-0.65
2021-06-16 11:13:00,2452.55,27,77762,80498,2452.93,125348,-0.69
2021-06-16 11:13:01,2453.75,1,77762,80498,2452.93,125348,-0.65
2021-06-16 11:13:04,2453.75,1,77737,80505,2452.93,125349,-0.65
2021-06-16 11:13:07,2453.75,1,77747,80520,2452.93,125349,-0.65
2021-06-16 11:13:10,2453.75,1,77742,80520,2452.93,125349,-0.65
2021-06-16 11:13:13,2453.75,1,77742,80516,2452.93,125349,-0.65
2021-06-16 11:13:16,2453.5,100,77742,80516,2452.93,125349,-0.66
2021-06-16 11:13:18,2453.5,4,77742,80516,2452.93,125349,-0.66
2021-06-16 11:13:19,2453.5,4,77683,80511,2452.93,125455,-0.66
2021-06-16 11:13:20,2453.7,4,77683,80511,2452.93,125455,-0.65
2021-06-16 11:13:22,2453.9,5,77683,80511,2452.93,125455,-0.64
2021-06-16 11:13:23,2455.0,20,78278,78776,2452.94,126333,-0.6
2021-06-16 11:13:24,2454.75,4,78278,78776,2452.94,126333,-0.61
2021-06-16 11:13:26,2454.75,4,78096,79402,2452.94,126338,-0.61
2021-06-16 11:13:27,2454.9,8,78096,79402,2452.94,126338,-0.6
2021-06-16 11:13:29,2454.9,8,78071,79413,2452.94,126347,-0.6
2021-06-16 11:13:30,2454.85,5,78071,79413,2452.94,126347,-0.6
2021-06-16 11:13:34,2454.85,5,77984,79367,2452.94,126352,-0.6
2021-06-16 11:13:35,2454.85,5,78041,79254,2452.94,126365,-0.6
2021-06-16 11:13:36,2454.85,1,78041,79254,2452.94,126365,-0.6
2021-06-16 11:13:38,2454.85,1,78042,79253,2452.94,126366,-0.6
2021-06-16 11:13:39,2454.85,285,78042,79253,2452.94,126366,-0.6
2021-06-16 11:13:41,2454.85,285,78063,79348,2452.95,126668,-0.6
2021-06-16 11:13:43,2454.6,8,78063,79348,2452.95,126668,-0.61
2021-06-16 11:13:43,2454.6,8,78048,79478,2452.95,126677,-0.61
2021-06-16 11:13:44,2454.15,14,78048,79478,2452.95,126677,-0.63
2021-06-16 11:13:46,2454.15,14,78031,79553,2452.95,126692,-0.63
2021-06-16 11:13:49,2454.15,14,78065,79589,2452.95,126692,-0.63
2021-06-16 11:13:52,2454.15,13,78065,79589,2452.95,126692,-0.63
2021-06-16 11:13:52,2454.15,13,78065,79595,2452.95,126706,-0.63
2021-06-16 11:13:53,2454.35,2,78065,79595,2452.95,126706,-0.62
2021-06-16 11:13:55,2454.35,2,78042,79581,2452.95,126709,-0.62
2021-06-16 11:13:58,2454.35,2,78132,79581,2452.95,126709,-0.62
2021-06-16 11:14:02,2454.35,2,78133,79645,2452.95,126709,-0.62
2021-06-16 11:14:04,2454.35,8,78133,79645,2452.95,126709,-0.62
2021-06-16 11:14:06,2454.35,8,78049,79608,2452.95,126717,-0.62
2021-06-16 11:14:09,2454.35,8,78049,79588,2452.95,126717,-0.62
2021-06-16 11:14:12,2454.35,8,78051,79589,2452.95,126717,-0.62
2021-06-16 11:14:12,2454.3,1,78051,79589,2452.95,126717,-0.62
2021-06-16 11:14:15,2453.0,1,77943,79987,2452.95,126732,-0.68
2021-06-16 11:14:18,2453.0,1,78355,79988,2452.95,126732,-0.68
2021-06-16 11:14:18,2453.0,11,78355,79988,2452.95,126732,-0.68
2021-06-16 11:14:21,2453.0,11,78368,79983,2452.95,126743,-0.68
2021-06-16 11:14:22,2453.0,1,78368,79983,2452.95,126743,-0.68
2021-06-16 11:14:23,2454.0,14,78368,79983,2452.95,126743,-0.64
2021-06-16 11:14:24,2454.0,14,78472,79930,2452.95,126768,-0.64
2021-06-16 11:14:25,2453.95,8,78472,79930,2452.95,126768,-0.64
2021-06-16 11:14:28,2453.95,8,78632,79959,2452.95,126777,-0.64
2021-06-16 11:14:31,2453.95,8,78952,79794,2452.95,126777,-0.64
2021-06-16 11:14:33,2452.75,274,78952,79794,2452.95,126777,-0.69
2021-06-16 11:14:34,2452.75,274,78575,79961,2452.95,127235,-0.69
2021-06-16 11:14:36,2453.65,1,78575,79961,2452.95,127235,-0.65
2021-06-16 11:14:37,2453.65,1,78571,80055,2452.95,127236,-0.65
2021-06-16 11:14:40,2453.65,1,78571,80056,2452.95,127236,-0.65
2021-06-16 11:14:44,2453.65,1,78572,80078,2452.95,127236,-0.65
2021-06-16 11:14:46,2453.65,2,78572,80078,2452.95,127236,-0.65
2021-06-16 11:14:48,2453.65,2,78580,80078,2452.95,127245,-0.65
2021-06-16 11:14:51,2452.75,16,77336,80309,2452.95,127267,-0.69
2021-06-16 11:14:54,2452.75,16,77770,80344,2452.95,127267,-0.69
2021-06-16 11:14:57,2452.75,16,77918,80259,2452.95,127267,-0.69
2021-06-16 11:15:01,2452.75,50,77918,80259,2452.95,127267,-0.69
2021-06-16 11:15:02,2452.75,50,76915,80270,2452.95,127317,-0.69
2021-06-16 11:15:03,2453.4,17,76915,80270,2452.95,127317,-0.66
2021-06-16 11:15:06,2453.4,17,76836,80365,2452.95,127377,-0.66
2021-06-16 11:15:07,2453.35,1,76836,80365,2452.95,127377,-0.66
2021-06-16 11:15:09,2453.35,1,76884,80311,2452.95,127378,-0.66
2021-06-16 11:15:12,2453.5,3,76884,80311,2452.95,127378,-0.66
2021-06-16 11:15:16,2453.5,3,77211,80498,2452.95,127529,-0.66
2021-06-16 11:15:20,2453.5,3,77002,80603,2452.95,127529,-0.66
2021-06-16 11:15:23,2453.5,3,76800,80633,2452.95,127529,-0.66
2021-06-16 11:15:24,2453.5,1,76800,80633,2452.95,127529,-0.66
2021-06-16 11:15:25,2453.5,8,76800,80633,2452.95,127529,-0.66
2021-06-16 11:15:27,2453.5,8,76799,80631,2452.95,127544,-0.66
2021-06-16 11:15:28,2453.5,9,76799,80631,2452.95,127544,-0.66
2021-06-16 11:15:30,2453.5,9,76983,80307,2452.95,127553,-0.66
2021-06-16 11:15:31,2453.5,3,76983,80307,2452.95,127553,-0.66
2021-06-16 11:15:34,2453.5,3,76838,80630,2452.95,127556,-0.66
2021-06-16 11:15:34,2453.5,5,76838,80630,2452.95,127556,-0.66
2021-06-16 11:15:37,2453.5,5,76803,80624,2452.95,127563,-0.66
2021-06-16 11:15:39,2453.5,4,76803,80624,2452.95,127563,-0.66
2021-06-16 11:15:39,2452.1,1,76803,80624,2452.95,127563,-0.71
2021-06-16 11:15:40,2453.45,33,76842,80381,2452.95,127848,-0.66
2021-06-16 11:15:43,2453.45,33,76804,80479,2452.95,127848,-0.66
2021-06-16 11:15:46,2453.45,33,76800,80490,2452.95,127848,-0.66
2021-06-16 11:15:46,2453.45,1,76800,80490,2452.95,127848,-0.66
2021-06-16 11:15:49,2453.45,3,76790,80499,2452.95,127859,-0.66
2021-06-16 11:15:52,2453.45,3,76793,80525,2452.95,127859,-0.66
2021-06-16 11:15:55,2453.45,3,76793,80526,2452.95,127859,-0.66
2021-06-16 11:15:58,2453.45,3,76828,80548,2452.95,127859,-0.66
2021-06-16 11:16:04,2453.0,11,76807,80451,2452.95,127870,-0.68
2021-06-16 11:16:06,2453.0,11,76835,80366,2452.95,127870,-0.68
2021-06-16 11:16:09,2453.3,1,76848,80339,2452.95,127871,-0.66
2021-06-16 11:16:10,2453.3,2,76848,80339,2452.95,127871,-0.66
2021-06-16 11:16:13,2453.3,2,77015,80361,2452.95,127880,-0.66
2021-06-16 11:16:15,2452.35,16,77015,80361,2452.95,127880,-0.7
2021-06-16 11:16:16,2452.35,16,76177,80451,2452.95,127896,-0.7
2021-06-16 11:16:19,2452.1,20,76226,80368,2452.95,127946,-0.71
2021-06-16 11:16:23,2452.1,20,76701,80383,2452.95,127946,-0.71
2021-06-16 11:16:24,2452.0,3,76701,80383,2452.95,127946,-0.72
2021-06-16 11:16:29,2452.0,3,76262,80427,2452.95,127969,-0.72
2021-06-16 11:16:30,2452.05,9,76262,80427,2452.95,127969,-0.71
2021-06-16 11:16:31,2452.0,10,76262,80427,2452.95,127969,-0.72
2021-06-16 11:16:34,2452.0,10,76296,80467,2452.95,128014,-0.72
2021-06-16 11:16:35,2452.05,1,76296,80467,2452.95,128014,-0.71
2021-06-16 11:16:37,2452.0,34,76696,80467,2452.95,128015,-0.72
2021-06-16 11:16:39,2452.05,10,76696,80467,2452.95,128015,-0.71
2021-06-16 11:16:40,2453.0,10,76696,80467,2452.95,128015,-0.68
2021-06-16 11:16:40,2453.0,10,76230,80499,2452.95,128235,-0.68
2021-06-16 11:16:43,2453.0,10,76524,80575,2452.95,128235,-0.68
2021-06-16 11:16:43,2452.95,40,76524,80575,2452.95,128235,-0.68
2021-06-16 11:16:46,2452.05,10,76933,80561,2452.95,128285,-0.71
2021-06-16 11:16:49,2452.05,10,76966,80563,2452.95,128285,-0.71
2021-06-16 11:16:49,2452.85,4,76966,80563,2452.95,128285,-0.68
2021-06-16 11:16:52,2452.85,1,76966,80563,2452.95,128285,-0.68
2021-06-16 11:16:54,2453.25,5,76966,80563,2452.95,128285,-0.67
2021-06-16 11:16:55,2453.25,5,77127,80336,2452.95,128750,-0.67
2021-06-16 11:16:58,2452.5,1,77246,80272,2452.95,128752,-0.7
2021-06-16 11:17:01,2452.5,1,77281,80324,2452.95,128752,-0.7
2021-06-16 11:17:08,2452.5,1,77281,80325,2452.95,128752,-0.7
2021-06-16 11:17:10,2452.5,1,77312,80328,2452.95,128752,-0.7
2021-06-16 11:17:13,2453.25,8,77312,80328,2452.95,128752,-0.67
2021-06-16 11:17:13,2453.25,8,77300,80148,2452.95,128760,-0.67
2021-06-16 11:17:16,2453.25,8,77316,80138,2452.95,128760,-0.67
2021-06-16 11:17:20,2453.25,8,77308,80132,2452.95,128760,-0.67
2021-06-16 11:17:23,2453.25,1,77308,80132,2452.95,128760,-0.67
2021-06-16 11:17:24,2453.25,1,77513,80131,2452.95,128761,-0.67
2021-06-16 11:17:27,2453.25,1,77513,80124,2452.95,128761,-0.67
2021-06-16 11:17:30,2453.25,1,77514,80100,2452.95,128761,-0.67
2021-06-16 11:17:33,2453.25,3,77514,80100,2452.95,128761,-0.67
2021-06-16 11:17:33,2453.25,3,77539,80187,2452.95,128764,-0.67
2021-06-16 11:17:34,2453.25,30,77539,80187,2452.95,128764,-0.67
2021-06-16 11:17:36,2453.25,30,77622,80151,2452.95,128820,-0.67
2021-06-16 11:17:39,2453.25,30,77592,80252,2452.95,128820,-0.67
2021-06-16 11:17:42,2453.25,30,77587,80250,2452.95,128820,-0.67
2021-06-16 11:17:44,2453.2,2,77587,80250,2452.95,128820,-0.67
2021-06-16 11:17:45,2453.2,2,77625,80256,2452.95,128855,-0.67
2021-06-16 11:17:46,2453.2,1,77625,80256,2452.95,128855,-0.67
2021-06-16 11:17:49,2453.2,1,77625,80255,2452.95,128865,-0.67
2021-06-16 11:17:51,2453.0,9,77625,80255,2452.95,128865,-0.68
2021-06-16 11:17:52,2453.0,9,77593,80249,2452.95,128889,-0.68
2021-06-16 11:17:55,2453.0,9,77582,80354,2452.95,128889,-0.68
2021-06-16 11:17:55,2453.0,4,77582,80354,2452.95,128889,-0.68
2021-06-16 11:17:58,2453.0,4,77640,80272,2452.95,128981,-0.68
2021-06-16 11:18:03,2453.0,1,77640,80272,2452.95,128981,-0.68
2021-06-16 11:18:04,2453.0,1,77595,80264,2452.95,128982,-0.68
2021-06-16 11:18:07,2453.0,1,77595,80269,2452.95,128982,-0.68
2021-06-16 11:18:10,2453.05,7,77595,80269,2452.95,128982,-0.67
2021-06-16 11:18:10,2453.05,7,77605,80384,2452.95,129048,-0.67
2021-06-16 11:18:14,2453.05,7,77611,80410,2452.95,129048,-0.67
2021-06-16 11:18:16,2453.2,1,77611,80410,2452.95,129048,-0.67
2021-06-16 11:18:17,2453.2,1,77108,80390,2452.95,129050,-0.67
2021-06-16 11:18:21,2453.55,1,77066,80361,2452.95,129051,-0.65
2021-06-16 11:18:21,2453.6,1,77066,80361,2452.95,129051,-0.65
2021-06-16 11:18:24,2453.6,1,77033,80482,2452.95,129053,-0.65
2021-06-16 11:18:27,2453.7,1,77087,80537,2452.95,129058,-0.65
2021-06-16 11:18:30,2453.75,3,77087,80538,2452.95,129058,-0.65
2021-06-16 11:18:33,2453.75,3,77115,80528,2452.95,129066,-0.65
2021-06-16 11:18:36,2453.75,3,77072,80516,2452.95,129066,-0.65
2021-06-16 11:18:37,2453.75,9,77072,80516,2452.95,129066,-0.65
2021-06-16 11:18:39,2453.75,9,77071,80507,2452.95,129075,-0.65
2021-06-16 11:18:39,2452.7,3,77071,80507,2452.95,129075,-0.69
2021-06-16 11:18:42,2452.7,3,77048,80528,2452.95,129080,-0.69
2021-06-16 11:18:45,2452.7,3,77084,80514,2452.95,129080,-0.69
2021-06-16 11:18:51,2452.7,3,77379,80512,2452.95,129080,-0.69
2021-06-16 11:18:53,2454.3,49,77379,80512,2452.95,129080,-0.62
2021-06-16 11:18:55,2454.3,49,78020,79661,2452.95,129211,-0.62
2021-06-16 11:18:55,2455.0,5,78020,79661,2452.95,129211,-0.6
2021-06-16 11:18:56,2455.5,3,78020,79661,2452.95,129211,-0.57
2021-06-16 11:18:58,2457.7,95,78093,79503,2452.95,129404,-0.49
2021-06-16 11:19:01,2457.7,95,78006,76907,2453.01,131670,-0.49
2021-06-16 11:19:03,2457.75,4,78006,76907,2453.01,131670,-0.48
2021-06-16 11:19:04,2457.75,4,78015,76891,2453.01,131674,-0.48
2021-06-16 11:19:05,2457.75,3,78015,76891,2453.01,131674,-0.48
2021-06-16 11:19:06,2457.75,83,78015,76891,2453.01,131674,-0.48
2021-06-16 11:19:07,2457.75,83,78118,76757,2453.01,131807,-0.48
2021-06-16 11:19:10,2457.75,83,77991,76866,2453.01,131807,-0.48
2021-06-16 11:19:13,2457.75,83,78054,76966,2453.01,131807,-0.48
2021-06-16 11:19:13,2456.7,4,78054,76966,2453.01,131807,-0.53
2021-06-16 11:19:15,2457.75,10,78054,76966,2453.01,131807,-0.48
2021-06-16 11:19:19,2457.7,9,78094,76945,2453.01,131831,-0.49
2021-06-16 11:19:21,2457.2,4,78094,76945,2453.01,131831,-0.51
2021-06-16 11:19:22,2457.2,4,78458,76746,2453.01,131882,-0.51
2021-06-16 11:19:25,2457.2,4,78771,76848,2453.01,131882,-0.51
2021-06-16 11:19:27,2456.85,1,78771,76848,2453.01,131882,-0.52
2021-06-16 11:19:28,2456.85,1,78706,76818,2453.01,131887,-0.52
2021-06-16 11:19:28,2457.0,2,78706,76818,2453.01,131887,-0.51
2021-06-16 11:19:29,2457.7,6,78706,76818,2453.01,131887,-0.49
2021-06-16 11:19:31,2457.7,6,78714,76795,2453.01,131898,-0.49
2021-06-16 11:19:34,2457.7,6,78724,76790,2453.01,131898,-0.49
2021-06-16 11:19:37,2457.7,6,78725,76817,2453.01,131898,-0.49
2021-06-16 11:19:39,2457.7,1,78725,76817,2453.01,131898,-0.49
2021-06-16 11:19:39,2458.0,82,78725,76817,2453.01,131898,-0.47
2021-06-16 11:19:40,2457.7,1,78794,76538,2453.02,132034,-0.49
2021-06-16 11:19:41,2458.55,1,78794,76538,2453.02,132034,-0.45
2021-06-16 11:19:43,2458.55,1,78844,76470,2453.02,132041,-0.45
2021-06-16 11:19:45,2458.55,7,78844,76470,2453.02,132041,-0.45
2021-06-16 11:19:46,2458.55,7,78983,76523,2453.02,132048,-0.45
2021-06-16 11:19:49,2458.55,7,78205,76621,2453.02,132048,-0.45
2021-06-16 11:19:52,2458.55,7,78075,75976,2453.02,132048,-0.45
2021-06-16 11:19:54,2459.0,90,78075,75976,2453.02,132048,-0.43
2021-06-16 11:19:55,2459.0,90,78460,76400,2453.02,132173,-0.43
2021-06-16 11:19:57,2459.0,10,78460,76400,2453.02,132173,-0.43
2021-06-16 11:19:58,2459.75,1,78460,76400,2453.02,132173,-0.4
2021-06-16 11:19:59,2459.75,1,78135,76438,2453.03,132189,-0.4
2021-06-16 11:20:01,2459.75,8,78135,76438,2453.03,132189,-0.4
2021-06-16 11:20:02,2459.75,8,78149,76463,2453.03,132197,-0.4
2021-06-16 11:20:04,2458.35,11,78149,76463,2453.03,132197,-0.46
2021-06-16 11:20:05,2458.35,11,78386,76613,2453.03,132238,-0.46
2021-06-16 11:20:06,2459.3,1,78386,76613,2453.03,132238,-0.42
2021-06-16 11:20:07,2459.35,9,78386,76613,2453.03,132238,-0.42
2021-06-16 11:20:09,2459.35,9,78384,76455,2453.03,132269,-0.42
2021-06-16 11:20:10,2459.35,1,78384,76455,2453.03,132269,-0.42
2021-06-16 11:20:11,2459.75,9,78384,76455,2453.03,132269,-0.4
2021-06-16 11:20:12,2459.75,9,78158,76858,2453.03,132280,-0.4
2021-06-16 11:20:12,2459.35,10,78158,76858,2453.03,132280,-0.42
2021-06-16 11:20:13,2459.0,7,78158,76858,2453.03,132280,-0.43
2021-06-16 11:20:15,2459.0,7,78344,77165,2453.03,132297,-0.43
2021-06-16 11:20:18,2459.0,7,78296,77968,2453.03,132297,-0.43
2021-06-16 11:20:22,2459.0,9,78296,77968,2453.03,132297,-0.43
2021-06-16 11:20:22,2459.0,9,78283,78063,2453.03,132306,-0.43
2021-06-16 11:20:25,2459.0,9,78367,78065,2453.03,132306,-0.43
2021-06-16 11:20:28,2459.0,1,78367,78065,2453.03,132306,-0.43
2021-06-16 11:20:28,2459.0,1,78224,78097,2453.03,132307,-0.43
2021-06-16 11:20:32,2459.0,1,78275,78097,2453.03,132307,-0.43
2021-06-16 11:20:35,2459.0,1,78254,78097,2453.03,132307,-0.43
2021-06-16 11:20:37,2458.0,74,78254,78097,2453.03,132307,-0.47
2021-06-16 11:20:39,2458.0,74,78195,78081,2453.04,132507,-0.47
2021-06-16 11:20:40,2459.0,1,78195,78081,2453.04,132507,-0.43
2021-06-16 11:20:42,2459.0,1,77987,78141,2453.04,132508,-0.43
2021-06-16 11:20:43,2459.0,9,77987,78141,2453.04,132508,-0.43
2021-06-16 11:20:45,2458.8,19,77987,78141,2453.04,132508,-0.44
2021-06-16 11:20:45,2458.8,19,77627,76628,2453.1,133848,-0.44
2021-06-16 11:20:48,2458.8,19,77761,77041,2453.1,133848,-0.44
2021-06-16 11:20:51,2458.8,19,77796,77043,2453.1,133848,-0.44
2021-06-16 11:20:52,2458.9,1,77796,77043,2453.1,133848,-0.44
2021-06-16 11:20:53,2458.05,10,77796,77043,2453.1,133848,-0.47
2021-06-16 11:20:54,2458.05,10,77821,76999,2453.1,133869,-0.47
2021-06-16 11:20:57,2458.05,10,77885,76866,2453.1,133869,-0.47
2021-06-16 11:20:58,2458.0,1,77885,76866,2453.1,133869,-0.47
2021-06-16 11:21:00,2457.65,27,77885,76866,2453.1,133869,-0.49
2021-06-16 11:21:01,2457.65,27,77773,76916,2453.1,133970,-0.49
2021-06-16 11:21:04,2457.65,27,77800,77004,2453.1,133970,-0.49
2021-06-16 11:21:07,2457.65,27,77829,77513,2453.1,133970,-0.49
2021-06-16 11:21:10,2457.65,27,77829,77511,2453.1,133970,-0.49
2021-06-16 11:21:12,2457.65,25,77829,77511,2453.1,133970,-0.49
2021-06-16 11:21:13,2458.9,32,77866,77512,2453.11,134118,-0.44
2021-06-16 11:21:16,2457.75,1,77535,77713,2453.11,134119,-0.48
2021-06-16 11:21:20,2457.75,1,77461,77696,2453.11,134119,-0.48
2021-06-16 11:21:22,2457.75,6,77461,77696,2453.11,134119,-0.48
2021-06-16 11:21:24,2457.75,6,77443,77723,2453.11,134134,-0.48
2021-06-16 11:21:25,2458.75,1,77443,77723,2453.11,134134,-0.44
2021-06-16 11:21:27,2458.75,5,77487,77849,2453.11,134141,-0.44
2021-06-16 11:21:30,2459.0,41,77975,76583,2453.16,135287,-0.43
2021-06-16 11:21:33,2459.0,1,77702,76579,2453.16,135288,-0.43
2021-06-16 11:21:34,2459.0,3,77702,76579,2453.16,135288,-0.43
2021-06-16 11:21:37,2458.7,20,77662,76711,2453.16,135311,-0.45
2021-06-16 11:21:39,2457.95,1,77662,76711,2453.16,135311,-0.48
2021-06-16 11:21:40,2457.95,1,77649,76738,2453.16,135312,-0.48
2021-06-16 11:21:40,2457.95,2,77649,76738,2453.16,135312,-0.48
2021-06-16 11:21:41,2457.75,5,77649,76738,2453.16,135312,-0.48
2021-06-16 11:21:42,2458.7,1,77649,76738,2453.16,135312,-0.45
2021-06-16 11:21:43,2458.7,1,77583,76822,2453.16,135327,-0.45
2021-06-16 11:21:46,2458.7,9,77583,76822,2453.16,135327,-0.45
2021-06-16 11:21:46,2458.7,9,77533,76809,2453.16,135336,-0.45
2021-06-16 11:21:49,2458.7,1,77533,76809,2453.16,135336,-0.45
2021-06-16 11:21:49,2457.55,5,77533,76809,2453.16,135336,-0.49
2021-06-16 11:21:50,2457.55,5,77614,76728,2453.16,135376,-0.49
2021-06-16 11:21:51,2458.7,3,77614,76728,2453.16,135376,-0.45
2021-06-16 11:21:53,2458.7,3,77635,76872,2453.16,135379,-0.45
2021-06-16 11:21:54,2458.7,11,77635,76872,2453.16,135379,-0.45
2021-06-16 11:21:56,2458.7,11,77661,76861,2453.16,135390,-0.45
2021-06-16 11:22:00,2458.7,11,77661,76835,2453.16,135390,-0.45
2021-06-16 11:22:01,2459.85,15,77661,76835,2453.16,135390,-0.4
2021-06-16 11:22:03,2459.85,15,77691,76736,2453.18,135890,-0.4
2021-06-16 11:22:06,2459.85,15,77194,76844,2453.18,135890,-0.4
2021-06-16 11:22:08,2458.5,9,77194,76844,2453.18,135890,-0.45
2021-06-16 11:22:09,2458.5,9,77605,76972,2453.18,135899,-0.45
2021-06-16 11:22:13,2458.5,9,77596,77107,2453.18,135899,-0.45
2021-06-16 11:22:14,2457.15,14,77596,77107,2453.18,135899,-0.51
2021-06-16 11:22:20,2457.15,14,77632,77285,2453.19,135999,-0.51
2021-06-16 11:22:24,2457.15,14,77645,77274,2453.19,135999,-0.51
2021-06-16 11:22:26,2457.15,14,77727,77339,2453.19,135999,-0.51
2021-06-16 11:22:28,2458.35,8,77727,77339,2453.19,135999,-0.46
2021-06-16 11:22:29,2458.35,8,78171,77316,2453.19,136008,-0.46
2021-06-16 11:22:36,2458.35,8,78179,77321,2453.19,136008,-0.46
2021-06-16 11:22:39,2458.35,8,78155,77319,2453.19,136008,-0.46
2021-06-16 11:22:43,2458.35,8,78179,77320,2453.19,136008,-0.46
2021-06-16 11:22:43,2457.3,2,78179,77320,2453.19,136008,-0.5
2021-06-16 11:22:46,2457.3,2,78105,77321,2453.19,136010,-0.5
2021-06-16 11:22:49,2458.3,6,78147,77365,2453.19,136018,-0.46
2021-06-16 11:22:52,2458.0,43,77731,77350,2453.19,136024,-0.47
2021-06-16 11:22:54,2457.5,7,77731,77350,2453.19,136024,-0.49
2021-06-16 11:22:55,2457.5,7,78263,76865,2453.19,136074,-0.49
2021-06-16 11:22:58,2458.35,1,78263,76865,2453.19,136074,-0.46
2021-06-16 11:22:58,2458.35,1,78213,76865,2453.19,136077,-0.46
2021-06-16 11:23:01,2458.35,1,78218,76865,2453.19,136077,-0.46
2021-06-16 11:23:02,2457.55,9,78218,76865,2453.19,136077,-0.49
2021-06-16 11:23:05,2457.55,9,78049,76863,2453.19,136086,-0.49
2021-06-16 11:23:08,2458.3,9,77237,76208,2453.2,136259,-0.46
2021-06-16 11:23:10,2457.5,5,77237,76208,2453.2,136259,-0.49
2021-06-16 11:23:11,2457.5,5,77758,76718,2453.2,136272,-0.49
2021-06-16 11:23:12,2458.4,6,77758,76718,2453.2,136272,-0.46
2021-06-16 11:23:15,2458.4,6,77834,76827,2453.2,136362,-0.46
2021-06-16 11:23:18,2458.4,6,77834,77227,2453.2,136362,-0.46
2021-06-16 11:23:21,2458.4,6,77866,76827,2453.2,136362,-0.46
2021-06-16 11:23:23,2458.4,6,77866,76917,2453.2,136362,-0.46
2021-06-16 11:23:24,2458.4,2,77866,76917,2453.2,136362,-0.46
2021-06-16 11:23:26,2458.4,2,77851,76917,2453.2,136364,-0.46
2021-06-16 11:23:29,2458.4,2,77870,76927,2453.2,136364,-0.46
2021-06-16 11:23:31,2457.55,1,77870,76927,2453.2,136364,-0.49
2021-06-16 11:23:32,2457.55,1,77473,76832,2453.21,136592,-0.49
2021-06-16 11:23:36,2457.55,1,77467,76836,2453.21,136592,-0.49
2021-06-16 11:23:39,2457.55,1,77461,76836,2453.21,136592,-0.49
2021-06-16 11:23:42,2457.55,1,77541,77098,2453.21,136592,-0.49
2021-06-16 11:23:46,2457.55,1,77437,77182,2453.21,136592,-0.49
2021-06-16 11:23:48,2457.55,1,77438,77182,2453.21,136592,-0.49
2021-06-16 11:23:51,2458.0,20,77412,77199,2453.21,136742,-0.47
2021-06-16 11:23:52,2457.1,1,77412,77199,2453.21,136742,-0.51
2021-06-16 11:23:54,2457.0,23,77222,77228,2453.21,136743,-0.51
2021-06-16 11:23:56,2457.95,2,77147,77415,2453.21,136795,-0.48
2021-06-16 11:23:58,2457.0,4,77147,77415,2453.21,136795,-0.51
2021-06-16 11:23:59,2457.0,4,77143,77429,2453.21,136799,-0.51
2021-06-16 11:24:01,2457.0,4,77143,77477,2453.21,136799,-0.51
2021-06-16 11:24:04,2457.0,4,77161,77488,2453.21,136799,-0.51
2021-06-16 11:24:07,2457.0,4,77161,77480,2453.21,136799,-0.51
2021-06-16 11:24:10,2457.0,4,77241,77541,2453.21,136799,-0.51
2021-06-16 11:24:13,2458.0,26,77315,77517,2453.22,136850,-0.47
2021-06-16 11:24:15,2458.0,26,77305,77517,2453.22,136850,-0.47
2021-06-16 11:24:18,2458.0,26,77290,77522,2453.22,136850,-0.47
2021-06-16 11:24:21,2458.0,26,77276,77524,2453.22,136850,-0.47
2021-06-16 11:24:24,2458.0,26,77276,77534,2453.22,136850,-0.47
2021-06-16 11:24:25,2457.0,59,77276,77534,2453.22,136850,-0.51
2021-06-16 11:24:25,2457.0,5,77276,77534,2453.22,136850,-0.51
2021-06-16 11:24:27,2457.0,5,77197,77535,2453.22,136966,-0.51
2021-06-16 11:24:29,2457.0,5,77153,77568,2453.22,136966,-0.51
2021-06-16 11:24:31,2457.0,5,77153,77576,2453.22,136966,-0.51
2021-06-16 11:24:34,2458.0,2,77153,77576,2453.22,136966,-0.47
2021-06-16 11:24:34,2458.0,2,77283,77600,2453.22,137036,-0.47
2021-06-16 11:24:35,2457.15,1,77283,77600,2453.22,137036,-0.51
2021-06-16 11:24:37,2457.15,1,77189,77619,2453.22,137037,-0.51
2021-06-16 11:24:39,2457.15,1,77176,77661,2453.22,137037,-0.51
2021-06-16 11:24:42,2457.15,1,77160,77618,2453.22,137037,-0.51
2021-06-16 11:24:45,2457.15,1,77163,77618,2453.22,137037,-0.51
2021-06-16 11:24:48,2457.15,1,77163,77619,2453.22,137037,-0.51
2021-06-16 11:24:51,2457.15,1,77173,77619,2453.22,137037,-0.51
2021-06-16 11:24:54,2457.15,1,77173,77626,2453.22,137037,-0.51
2021-06-16 11:24:55,2457.85,9,77173,77626,2453.22,137037,-0.48
2021-06-16 11:24:57,2457.85,9,77164,77662,2453.22,137046,-0.48
2021-06-16 11:25:03,2457.85,9,77164,77664,2453.22,137046,-0.48
2021-06-16 11:25:04,2458.0,11,77164,77664,2453.22,137046,-0.47
2021-06-16 11:25:07,2458.0,11,78166,77637,2453.23,137259,-0.47
2021-06-16 11:25:13,2458.0,11,78021,77613,2453.23,137259,-0.47
2021-06-16 11:25:16,2458.0,4,77973,77634,2453.23,137268,-0.47
2021-06-16 11:25:19,2458.0,4,77993,77634,2453.23,137268,-0.47
2021-06-16 11:25:21,2456.95,85,77993,77634,2453.23,137268,-0.52
2021-06-16 11:25:22,2456.95,85,78087,77613,2453.23,137420,-0.52
2021-06-16 11:25:24,2456.7,8,78087,77613,2453.23,137420,-0.53
2021-06-16 11:25:25,2456.7,8,76715,78379,2453.24,137620,-0.53
2021-06-16 11:25:28,2455.5,15,76715,78379,2453.24,137620,-0.57
2021-06-16 11:25:28,2455.5,15,77261,78105,2453.24,137677,-0.57
2021-06-16 11:25:31,2455.5,15,77241,78105,2453.24,137677,-0.57
2021-06-16 11:25:33,2455.2,5,77241,78105,2453.24,137677,-0.59
2021-06-16 11:25:34,2455.2,5,77182,78288,2453.24,137777,-0.59
2021-06-16 11:25:34,2456.45,4,77182,78288,2453.24,137777,-0.54
2021-06-16 11:25:35,2455.15,2,77182,78288,2453.24,137777,-0.59
2021-06-16 11:25:37,2455.15,2,77200,78280,2453.24,137859,-0.59
2021-06-16 11:25:39,2455.15,2,77156,78231,2453.24,137859,-0.59
2021-06-16 11:25:41,2455.15,1,77156,78231,2453.24,137859,-0.59
2021-06-16 11:25:42,2455.15,1,77227,78231,2453.24,137860,-0.59
2021-06-16 11:25:45,2455.15,37,77227,78231,2453.24,137860,-0.59
2021-06-16 11:25:45,2455.15,37,77158,78223,2453.24,137920,-0.59
2021-06-16 11:25:48,2455.15,37,77168,78243,2453.24,137920,-0.59
2021-06-16 11:25:48,2456.2,1,77168,78243,2453.24,137920,-0.55
2021-06-16 11:25:51,2456.2,1,77228,78281,2453.24,138005,-0.55
2021-06-16 11:25:54,2456.2,1,77191,78261,2453.24,138005,-0.55
2021-06-16 11:25:57,2456.2,1,77191,78260,2453.24,138005,-0.55
2021-06-16 11:25:58,2456.2,4,77191,78260,2453.24,138005,-0.55
2021-06-16 11:26:00,2456.2,4,77286,78354,2453.24,138014,-0.55
2021-06-16 11:26:03,2456.2,4,77316,78495,2453.24,138014,-0.55
2021-06-16 11:26:09,2456.2,4,77283,78548,2453.24,138014,-0.55
2021-06-16 11:26:12,2455.15,20,77225,78468,2453.24,138044,-0.59
2021-06-16 11:26:14,2456.25,1,77225,78468,2453.24,138044,-0.54
2021-06-16 11:26:15,2456.25,1,77298,78439,2453.25,138087,-0.54
2021-06-16 11:26:16,2455.2,1,77298,78439,2453.25,138087,-0.59
2021-06-16 11:26:18,2455.2,1,77216,78436,2453.25,138097,-0.59
2021-06-16 11:26:19,2456.25,6,77216,78436,2453.25,138097,-0.54
2021-06-16 11:26:19,2456.6,1,77216,78436,2453.25,138097,-0.53
2021-06-16 11:26:21,2456.6,1,77408,77484,2453.25,138133,-0.53
2021-06-16 11:26:24,2456.6,1,77497,77581,2453.25,138133,-0.53
2021-06-16 11:26:28,2456.6,1,77515,77554,2453.25,138133,-0.53
2021-06-16 11:26:29,2457.0,4,77515,77554,2453.25,138133,-0.51
2021-06-16 11:26:31,2457.0,4,77515,77605,2453.25,138137,-0.51
2021-06-16 11:26:36,2457.0,2,77515,77605,2453.25,138137,-0.51
2021-06-16 11:26:37,2457.0,2,77575,77559,2453.25,138203,-0.51
2021-06-16 11:26:40,2457.0,5,77566,77561,2453.25,138203,-0.51
2021-06-16 11:26:40,2457.0,1,77566,77561,2453.25,138203,-0.51
2021-06-16 11:26:42,2457.0,1,77619,78142,2453.25,138212,-0.51
2021-06-16 11:26:45,2457.0,1,77009,77939,2453.25,138212,-0.51
2021-06-16 11:26:48,2456.25,5,77009,77939,2453.25,138212,-0.54
2021-06-16 11:26:48,2456.25,5,77004,78068,2453.25,138217,-0.54
2021-06-16 11:26:49,2456.95,2,77004,78068,2453.25,138217,-0.52
2021-06-16 11:26:51,2457.0,1,77004,78068,2453.25,138217,-0.51
2021-06-16 11:26:51,2457.0,1,77440,77858,2453.25,138229,-0.51
2021-06-16 11:26:54,2457.0,1,77059,77982,2453.25,138229,-0.51
2021-06-16 11:26:57,2457.0,1,77427,78133,2453.25,138229,-0.51
2021-06-16 11:27:01,2457.0,1,77427,78120,2453.25,138229,-0.51
2021-06-16 11:27:05,2457.0,1,77435,78118,2453.25,138238,-0.51
2021-06-16 11:27:06,2457.0,1,77370,78116,2453.25,138238,-0.51
2021-06-16 11:27:09,2457.0,1,77321,78149,2453.25,138238,-0.51
2021-06-16 11:27:09,2456.2,9,77321,78149,2453.25,138238,-0.55
2021-06-16 11:27:12,2456.2,9,77732,78149,2453.25,138247,-0.55
2021-06-16 11:27:12,2455.8,13,77732,78149,2453.25,138247,-0.56
2021-06-16 11:27:14,2455.8,13,77614,78163,2453.25,138297,-0.56
2021-06-16 11:27:18,2455.8,13,77615,78174,2453.25,138297,-0.56
2021-06-16 11:27:18,2457.2,2,77615,78174,2453.25,138297,-0.51
2021-06-16 11:27:19,2458.0,4,77615,78174,2453.25,138297,-0.47
2021-06-16 11:27:22,2458.0,4,77893,77773,2453.25,138430,-0.47
2021-06-16 11:27:23,2458.0,4,77912,77752,2453.25,138439,-0.47
2021-06-16 11:27:26,2458.0,4,77927,77752,2453.25,138439,-0.47
2021-06-16 11:27:30,2458.0,4,77927,77771,2453.25,138439,-0.47
2021-06-16 11:27:33,2458.0,26,77927,77740,2453.26,138469,-0.47
2021-06-16 11:27:34,2458.0,1,77927,77740,2453.26,138469,-0.47
2021-06-16 11:27:35,2458.0,1,78051,77687,2453.26,138470,-0.47
2021-06-16 11:27:38,2458.0,1,78051,77675,2453.26,138470,-0.47
2021-06-16 11:27:40,2458.0,1,78052,77676,2453.26,138470,-0.47
2021-06-16 11:27:43,2458.05,1,78024,76728,2453.26,138473,-0.47
2021-06-16 11:27:43,2458.2,1,78024,76728,2453.26,138473,-0.47
2021-06-16 11:27:44,2458.0,2,78024,76728,2453.26,138473,-0.47
2021-06-16 11:27:45,2458.85,1,78024,76728,2453.26,138473,-0.44
2021-06-16 11:27:46,2458.85,1,78300,76999,2453.26,138477,-0.44
2021-06-16 11:27:48,2458.8,5,78300,76999,2453.26,138477,-0.44
2021-06-16 11:27:49,2458.8,5,78146,76583,2453.26,138482,-0.44
2021-06-16 11:27:49,2459.0,10,78146,76583,2453.26,138482,-0.43
2021-06-16 11:27:51,2459.0,10,78176,76589,2453.26,138492,-0.43
2021-06-16 11:27:53,2457.85,2,78176,76589,2453.26,138492,-0.48
2021-06-16 11:27:54,2457.85,2,78084,77247,2453.26,138495,-0.48
2021-06-16 11:27:57,2457.85,2,77676,77235,2453.26,138495,-0.48
2021-06-16 11:28:00,2457.85,2,78070,77235,2453.26,138495,-0.48
2021-06-16 11:28:01,2459.0,25,78070,77235,2453.26,138495,-0.43
2021-06-16 11:28:02,2459.0,25,77717,77186,2453.26,138535,-0.43
2021-06-16 11:28:04,2458.95,9,77717,77186,2453.26,138535,-0.44
2021-06-16 11:28:05,2458.95,9,78124,77108,2453.26,138544,-0.44
2021-06-16 11:28:07,2458.95,3,78091,77110,2453.26,138547,-0.44
2021-06-16 11:28:13,2458.95,3,78087,77143,2453.26,138547,-0.44
2021-06-16 11:28:16,2458.95,3,77994,76743,2453.26,138547,-0.44
2021-06-16 11:28:19,2458.95,3,78094,76743,2453.26,138547,-0.44
2021-06-16 11:28:21,2458.95,3,78122,76643,2453.26,138547,-0.44
2021-06-16 11:28:24,2457.75,5,78141,76643,2453.26,138552,-0.48
2021-06-16 11:28:25,2458.95,9,78141,76643,2453.26,138552,-0.44
2021-06-16 11:28:27,2458.95,9,78240,77226,2453.26,138561,-0.44
2021-06-16 11:28:29,2458.95,9,78106,77226,2453.26,138561,-0.44
2021-06-16 11:28:34,2458.95,9,78006,76827,2453.26,138561,-0.44
2021-06-16 11:28:36,2458.95,1,78006,76827,2453.26,138561,-0.44
2021-06-16 11:28:37,2458.95,1,78080,76831,2453.26,138562,-0.44
2021-06-16 11:28:40,2458.95,1,78102,76836,2453.26,138562,-0.44
2021-06-16 11:28:41,2457.65,88,78102,76836,2453.26,138562,-0.49
2021-06-16 11:28:42,2457.65,88,78001,76828,2453.26,138662,-0.49
2021-06-16 11:28:45,2457.65,88,77736,77025,2453.26,138662,-0.49
2021-06-16 11:28:48,2457.65,88,77736,77005,2453.26,138662,-0.49
2021-06-16 11:28:51,2457.65,88,77778,76981,2453.26,138662,-0.49
2021-06-16 11:28:53,2457.65,88,77352,77181,2453.26,138662,-0.49
2021-06-16 11:28:56,2457.65,88,77751,77196,2453.26,138662,-0.49
2021-06-16 11:28:58,2457.65,88,77751,77191,2453.26,138662,-0.49
2021-06-16 11:29:00,2457.95,1,77751,77191,2453.26,138662,-0.48
2021-06-16 11:29:01,2457.95,1,77148,77198,2453.26,138667,-0.48
2021-06-16 11:29:02,2456.8,5,77148,77198,2453.26,138667,-0.52
2021-06-16 11:29:04,2456.8,5,77566,77204,2453.26,138677,-0.52
2021-06-16 11:29:06,2456.8,5,77159,77382,2453.26,138677,-0.52
2021-06-16 11:29:07,2457.75,3,77550,77386,2453.26,138681,-0.48
2021-06-16 11:29:08,2457.75,3,77553,77386,2453.26,138681,-0.48
2021-06-16 11:29:09,2457.75,3,77522,77354,2453.26,138681,-0.48
2021-06-16 11:29:12,2457.75,3,77125,77354,2453.26,138681,-0.48
2021-06-16 11:29:12,2457.75,3,77555,77354,2453.26,138681,-0.48
2021-06-16 11:29:13,2457.75,3,77950,77354,2453.26,138681,-0.48
2021-06-16 11:29:15,2457.8,1,77623,77366,2453.26,138685,-0.48
2021-06-16 11:29:16,2457.8,1,77748,77366,2453.26,138685,-0.48
2021-06-16 11:29:16,2457.8,1,77748,77357,2453.26,138685,-0.48
2021-06-16 11:29:18,2457.8,1,77748,77358,2453.26,138685,-0.48
2021-06-16 11:29:21,2457.8,1,77238,77355,2453.26,138685,-0.48
2021-06-16 11:29:22,2457.8,1,77641,77355,2453.26,138685,-0.48
2021-06-16 11:29:23,2457.8,1,77552,77344,2453.26,138685,-0.48
2021-06-16 11:29:24,2457.8,1,77555,77344,2453.26,138685,-0.48
2021-06-16 11:29:25,2457.8,1,77549,77354,2453.26,138685,-0.48
2021-06-16 11:29:26,2457.8,1,77945,77346,2453.26,138685,-0.48
2021-06-16 11:29:27,2457.8,1,77109,77384,2453.26,138685,-0.48
2021-06-16 11:29:27,2457.8,1,77475,77384,2453.26,138685,-0.48
2021-06-16 11:29:28,2457.75,7,77475,77384,2453.26,138685,-0.48
2021-06-16 11:29:28,2457.75,7,77549,77369,2453.26,138693,-0.48
2021-06-16 11:29:31,2457.75,7,77545,77377,2453.26,138693,-0.48
2021-06-16 11:29:31,2457.75,7,77546,77372,2453.26,138693,-0.48
2021-06-16 11:29:33,2457.75,7,77521,77385,2453.26,138693,-0.48
2021-06-16 11:29:34,2457.75,7,77497,77236,2453.26,138693,-0.48
2021-06-16 11:29:36,2457.75,7,77475,77249,2453.26,138693,-0.48
2021-06-16 11:29:37,2457.75,7,77530,77273,2453.26,138693,-0.48
2021-06-16 11:29:38,2457.75,7,77500,77278,2453.26,138693,-0.48
2021-06-16 11:29:39,2457.75,7,77199,77288,2453.26,138693,-0.48
2021-06-16 11:29:40,2457.75,7,77282,77306,2453.26,138693,-0.48
2021-06-16 11:29:43,2457.75,7,77282,77415,2453.26,138693,-0.48
2021-06-16 11:29:44,2457.75,7,77293,77412,2453.26,138693,-0.48
2021-06-16 11:29:47,2457.75,7,77323,77411,2453.26,138693,-0.48
2021-06-16 11:29:47,2457.75,7,77324,77411,2453.26,138693,-0.48
2021-06-16 11:29:48,2456.75,5,77324,77411,2453.26,138693,-0.52
2021-06-16 11:29:48,2456.75,5,77319,77406,2453.26,138698,-0.52
2021-06-16 11:29:49,2457.8,19,77319,77406,2453.26,138698,-0.48
2021-06-16 11:29:49,2457.8,10,77897,76940,2453.28,139193,-0.48
2021-06-16 11:29:51,2457.8,10,77909,76940,2453.28,139193,-0.48
2021-06-16 11:29:51,2457.8,10,77438,76911,2453.28,139193,-0.48
2021-06-16 11:29:52,2457.8,10,77460,76912,2453.28,139193,-0.48
2021-06-16 11:29:54,2457.8,10,77387,76915,2453.28,139193,-0.48
2021-06-16 11:29:55,2457.8,10,77791,76915,2453.28,139193,-0.48
2021-06-16 11:29:55,2457.8,10,77358,76915,2453.28,139193,-0.48
2021-06-16 11:29:58,2457.8,10,77769,76915,2453.28,139193,-0.48
2021-06-16 11:29:59,2457.8,10,77261,76912,2453.28,139193,-0.48
2021-06-16 11:30:00,2457.8,10,77369,76922,2453.28,139193,-0.48
2021-06-16 11:30:01,2457.8,10,77771,76926,2453.28,139193,-0.48
2021-06-16 11:30:03,2457.8,10,77471,76916,2453.28,139193,-0.48
2021-06-16 11:30:04,2457.8,1,77455,76915,2453.28,139194,-0.48
2021-06-16 11:30:06,2457.8,1,77456,76915,2453.28,139194,-0.48
2021-06-16 11:30:07,2457.8,1,77456,76679,2453.28,139194,-0.48
2021-06-16 11:30:09,2457.8,1,77456,76579,2453.28,139194,-0.48
2021-06-16 11:30:10,2457.8,9,77456,76579,2453.28,139194,-0.48
2021-06-16 11:30:10,2457.8,9,77472,76414,2453.28,139203,-0.48
2021-06-16 11:30:12,2457.8,9,77457,76426,2453.28,139203,-0.48
2021-06-16 11:30:13,2457.8,9,77457,76416,2453.28,139203,-0.48
2021-06-16 11:30:15,2457.8,9,77457,76421,2453.28,139203,-0.48
2021-06-16 11:30:16,2457.8,9,77457,76422,2453.28,139203,-0.48
2021-06-16 11:30:17,2457.8,1,77457,76422,2453.28,139203,-0.48
2021-06-16 11:30:18,2457.8,1,77487,76414,2453.28,139223,-0.48
2021-06-16 11:30:19,2457.8,1,77487,76415,2453.28,139223,-0.48
2021-06-16 11:30:22,2457.8,1,77487,76416,2453.28,139223,-0.48
2021-06-16 11:30:23,2457.8,1,77487,76420,2453.28,139223,-0.48
2021-06-16 11:30:25,2457.8,1,77479,76420,2453.28,139223,-0.48
2021-06-16 11:30:28,2457.8,1,77480,76420,2453.28,139223,-0.48
2021-06-16 11:30:30,2457.8,1,77480,76530,2453.28,139223,-0.48
2021-06-16 11:30:30,2457.8,1,77480,76527,2453.28,139223,-0.48
2021-06-16 11:30:31,2457.8,5,77480,76527,2453.28,139223,-0.48
2021-06-16 11:30:33,2457.8,5,77463,76523,2453.28,139232,-0.48
2021-06-16 11:30:33,2457.8,6,77468,76509,2453.28,139257,-0.48
2021-06-16 11:30:34,2457.8,6,77498,76509,2453.28,139257,-0.48
2021-06-16 11:30:35,2457.8,1,77468,76510,2453.28,139257,-0.48
2021-06-16 11:30:36,2457.8,1,77508,76505,2453.28,139258,-0.48
2021-06-16 11:30:37,2457.8,1,77339,76705,2453.28,139258,-0.48
2021-06-16 11:30:39,2456.35,6,77786,76728,2453.28,139258,-0.54
2021-06-16 11:30:40,2456.35,6,77778,76737,2453.28,139272,-0.54
2021-06-16 11:30:40,2456.35,6,77784,76723,2453.28,139272,-0.54
2021-06-16 11:30:41,2457.1,1,77784,76723,2453.28,139272,-0.51
2021-06-16 11:30:42,2456.9,4,77856,76639,2453.28,139321,-0.52
2021-06-16 11:30:42,2457.5,2,77856,76639,2453.28,139321,-0.49
2021-06-16 11:30:43,2457.5,2,77490,76646,2453.28,139325,-0.49
2021-06-16 11:30:44,2457.5,2,77486,76647,2453.28,139325,-0.49
2021-06-16 11:30:46,2457.5,2,77486,76673,2453.28,139325,-0.49
2021-06-16 11:30:48,2457.5,2,77488,76673,2453.28,139325,-0.49
2021-06-16 11:30:50,2457.5,2,77492,76692,2453.28,139325,-0.49
2021-06-16 11:30:51,2456.9,1,77484,76692,2453.28,139326,-0.52
2021-06-16 11:30:52,2457.5,3,77484,76692,2453.28,139326,-0.49
2021-06-16 11:30:52,2457.5,3,77633,76641,2453.28,139330,-0.49
2021-06-16 11:30:53,2457.5,5,77633,76641,2453.28,139330,-0.49
2021-06-16 11:30:54,2457.5,5,77662,76642,2453.28,139335,-0.49
2021-06-16 11:30:54,2457.5,5,77783,76640,2453.28,139335,-0.49
2021-06-16 11:30:55,2457.5,5,77783,76636,2453.28,139335,-0.49
2021-06-16 11:30:57,2457.5,5,77587,76839,2453.28,139335,-0.49
2021-06-16 11:30:57,2457.0,8,77587,76839,2453.28,139335,-0.51
2021-06-16 11:30:58,2457.0,8,77991,76827,2453.28,139343,-0.51
2021-06-16 11:30:59,2457.0,8,77987,76865,2453.28,139343,-0.51
2021-06-16 11:31:02,2457.0,8,77991,76869,2453.28,139343,-0.51
2021-06-16 11:31:03,2457.0,8,77969,76878,2453.28,139343,-0.51
2021-06-16 11:31:05,2457.0,8,77999,76870,2453.28,139343,-0.51
2021-06-16 11:31:06,2456.55,9,77999,76870,2453.28,139343,-0.53
2021-06-16 11:31:06,2456.55,9,77978,76870,2453.28,139358,-0.53
2021-06-16 11:31:08,2456.55,9,77983,76871,2453.28,139358,-0.53
2021-06-16 11:31:10,2456.55,9,77979,77007,2453.28,139358,-0.53
2021-06-16 11:31:12,2456.55,9,78019,76974,2453.28,139358,-0.53
2021-06-16 11:31:13,2457.0,9,78019,76974,2453.28,139358,-0.51
2021-06-16 11:31:13,2457.0,9,77978,77032,2453.28,139367,-0.51
2021-06-16 11:31:16,2457.0,9,77968,77039,2453.28,139367,-0.51
2021-06-16 11:31:17,2457.0,9,77968,77150,2453.28,139367,-0.51
2021-06-16 11:31:18,2457.0,9,77999,77149,2453.28,139367,-0.51
2021-06-16 11:31:19,2457.0,1,77999,77149,2453.28,139367,-0.51
2021-06-16 11:31:22,2457.0,1,77999,77148,2453.28,139368,-0.51
2021-06-16 11:31:24,2457.0,1,77999,77147,2453.28,139369,-0.51
2021-06-16 11:31:25,2457.0,1,77999,77153,2453.28,139369,-0.51
2021-06-16 11:31:28,2457.0,1,77997,77179,2453.29,139389,-0.51
2021-06-16 11:31:29,2457.0,3,77997,77180,2453.29,139392,-0.51
2021-06-16 11:31:30,2457.0,3,77998,77148,2453.29,139392,-0.51
2021-06-16 11:31:31,2457.0,3,77998,77150,2453.29,139392,-0.51
2021-06-16 11:31:32,2457.0,3,77998,77152,2453.29,139392,-0.51
2021-06-16 11:31:36,2456.95,2,77998,77160,2453.29,139394,-0.52
2021-06-16 11:31:36,2456.95,2,77998,77192,2453.29,139394,-0.52
2021-06-16 11:31:38,2456.95,1,77998,77182,2453.29,139395,-0.52
2021-06-16 11:31:39,2457.0,6,77998,77182,2453.29,139395,-0.51
2021-06-16 11:31:39,2457.0,6,77997,77175,2453.29,139401,-0.51
2021-06-16 11:31:40,2457.0,6,77997,77150,2453.29,139401,-0.51
2021-06-16 11:31:42,2457.0,6,77997,77153,2453.29,139401,-0.51
2021-06-16 11:31:44,2457.0,6,78029,77179,2453.29,139401,-0.51
2021-06-16 11:31:49,2457.0,6,78030,77180,2453.29,139401,-0.51
2021-06-16 11:31:50,2457.0,6,78031,77180,2453.29,139401,-0.51
2021-06-16 11:31:52,2457.0,6,78031,77179,2453.29,139401,-0.51
2021-06-16 11:31:53,2456.0,7,77733,77119,2453.29,139441,-0.55
2021-06-16 11:31:55,2456.0,7,77761,77132,2453.29,139441,-0.55
2021-06-16 11:31:56,2456.0,7,77757,77131,2453.29,139441,-0.55
2021-06-16 11:31:57,2456.0,7,77754,77256,2453.29,139441,-0.55
2021-06-16 11:31:58,2456.0,7,77754,77264,2453.29,139441,-0.55
2021-06-16 11:32:00,2456.0,7,77754,77270,2453.29,139441,-0.55
2021-06-16 11:32:00,2456.75,1,77754,77270,2453.29,139441,-0.52
2021-06-16 11:32:01,2456.75,1,77770,77270,2453.29,139442,-0.52
2021-06-16 11:32:02,2456.95,1,77770,77270,2453.29,139442,-0.52
2021-06-16 11:32:07,2456.95,1,77779,77209,2453.29,139443,-0.52
2021-06-16 11:32:09,2456.95,1,77779,77309,2453.29,139443,-0.52
2021-06-16 11:32:10,2456.0,5,77768,77361,2453.29,139450,-0.55
2021-06-16 11:32:12,2456.0,5,77769,77361,2453.29,139450,-0.55
2021-06-16 11:32:13,2456.0,5,77706,77342,2453.29,139450,-0.55
2021-06-16 11:32:14,2456.0,5,77806,77333,2453.29,139450,-0.55
2021-06-16 11:32:16,2456.8,6,77829,77489,2453.29,139459,-0.52
2021-06-16 11:32:19,2456.8,6,77834,77489,2453.29,139459,-0.52
2021-06-16 11:32:19,2456.8,6,77867,77489,2453.29,139459,-0.52
2021-06-16 11:32:20,2456.8,6,77802,77489,2453.29,139459,-0.52
2021-06-16 11:32:26,2456.8,6,77767,77489,2453.29,139459,-0.52
2021-06-16 11:32:27,2455.65,3,77767,77489,2453.29,139459,-0.57
2021-06-16 11:32:28,2455.65,3,77757,77489,2453.29,139469,-0.57
2021-06-16 11:32:28,2455.65,3,77757,77491,2453.29,139469,-0.57
2021-06-16 11:32:30,2455.65,3,77756,77491,2453.29,139469,-0.57
2021-06-16 11:32:31,2455.65,3,77756,77500,2453.29,139469,-0.57
2021-06-16 11:32:32,2455.65,3,77757,77500,2453.29,139469,-0.57
2021-06-16 11:32:33,2458.1,15,77757,77500,2453.29,139469,-0.47
2021-06-16 11:32:33,2457.6,15,77965,77179,2453.3,139792,-0.49
2021-06-16 11:32:34,2457.6,15,78197,76406,2453.3,139813,-0.49
2021-06-16 11:32:37,2458.65,1,78168,76406,2453.3,139814,-0.45
2021-06-16 11:32:41,2458.65,2,78378,76431,2453.3,139822,-0.45
2021-06-16 11:32:42,2458.65,2,78378,76439,2453.3,139822,-0.45
2021-06-16 11:32:43,2458.65,2,78378,76444,2453.3,139822,-0.45
2021-06-16 11:32:44,2458.65,2,78418,76444,2453.3,139822,-0.45
2021-06-16 11:32:45,2458.65,2,78419,76444,2453.3,139822,-0.45
2021-06-16 11:32:47,2457.7,1,78294,76455,2453.3,139823,-0.49
2021-06-16 11:32:48,2457.7,1,78685,76223,2453.3,139823,-0.49
2021-06-16 11:32:49,2457.7,1,78740,76269,2453.3,139823,-0.49
2021-06-16 11:32:50,2458.65,1,79110,76545,2453.3,139828,-0.45
2021-06-16 11:32:52,2458.65,1,79082,76545,2453.3,139828,-0.45
2021-06-16 11:32:53,2458.65,1,79083,76545,2453.3,139828,-0.45
2021-06-16 11:32:55,2458.65,1,79083,76541,2453.3,139828,-0.45
2021-06-16 11:32:55,2458.65,4,79083,76541,2453.3,139828,-0.45
2021-06-16 11:32:57,2458.65,4,78680,76510,2453.3,139832,-0.45
2021-06-16 11:32:58,2458.65,1,78680,76510,2453.3,139832,-0.45
2021-06-16 11:32:58,2458.65,1,78542,76533,2453.3,139833,-0.45
2021-06-16 11:33:01,2458.65,1,78542,76533,2453.3,139834,-0.45
2021-06-16 11:33:01,2458.65,1,78542,76538,2453.3,139834,-0.45
2021-06-16 11:33:03,2458.7,7,78521,76612,2453.3,139841,-0.45
2021-06-16 11:33:03,2458.7,3,78521,76612,2453.3,139841,-0.45
2021-06-16 11:33:05,2458.7,3,78521,76609,2453.3,139844,-0.45
2021-06-16 11:33:06,2458.7,3,78522,76609,2453.3,139844,-0.45
2021-06-16 11:33:07,2458.7,4,78522,76605,2453.3,139848,-0.45
2021-06-16 11:33:09,2458.7,4,78550,76605,2453.3,139848,-0.45
2021-06-16 11:33:10,2458.7,4,78982,76586,2453.3,139848,-0.45
2021-06-16 11:33:12,2458.7,4,78982,76587,2453.3,139848,-0.45
2021-06-16 11:33:15,2458.7,4,78984,76587,2453.3,139848,-0.45
2021-06-16 11:33:16,2458.7,4,79013,76587,2453.3,139848,-0.45
2021-06-16 11:33:18,2457.95,4,79013,76587,2453.3,139848,-0.48
2021-06-16 11:33:18,2457.95,4,79009,76587,2453.3,139852,-0.48
2021-06-16 11:33:19,2458.9,16,78610,75669,2453.31,140272,-0.44
2021-06-16 11:33:20,2458.9,16,78959,75902,2453.31,140272,-0.44
2021-06-16 11:33:21,2459.85,7,78959,75902,2453.31,140272,-0.4
2021-06-16 11:33:22,2459.85,7,78824,76388,2453.32,140302,-0.4
2021-06-16 11:33:23,2459.85,7,78501,76479,2453.32,140302,-0.4
2021-06-16 11:33:24,2459.85,7,78551,76540,2453.32,140302,-0.4
2021-06-16 11:33:25,2459.85,7,78809,76540,2453.32,140302,-0.4
2021-06-16 11:33:26,2457.85,27,78767,76684,2453.32,140427,-0.48
2021-06-16 11:33:27,2459.35,1,78610,76016,2453.32,140428,-0.42
2021-06-16 11:33:28,2459.55,1,78610,76016,2453.32,140428,-0.41
2021-06-16 11:33:28,2459.55,1,78949,76342,2453.32,140429,-0.41
2021-06-16 11:33:30,2459.55,1,78950,76343,2453.32,140429,-0.41
2021-06-16 11:33:30,2459.55,1,78950,76345,2453.32,140429,-0.41
2021-06-16 11:33:31,2458.1,8,78896,76354,2453.32,140489,-0.47
2021-06-16 11:33:33,2458.1,8,78896,76355,2453.32,140489,-0.47
2021-06-16 11:33:34,2458.1,8,78896,76312,2453.32,140489,-0.47
2021-06-16 11:33:36,2458.1,8,78897,76312,2453.32,140489,-0.47
2021-06-16 11:33:37,2458.1,8,78897,76313,2453.32,140489,-0.47
2021-06-16 11:33:38,2458.1,8,78892,76313,2453.32,140489,-0.47
2021-06-16 11:33:39,2458.1,8,78942,76341,2453.32,140489,-0.47
2021-06-16 11:33:40,2459.45,1,78971,76291,2453.32,140498,-0.42
2021-06-16 11:33:42,2459.6,8,79036,76093,2453.32,140533,-0.41
2021-06-16 11:33:43,2459.6,8,79027,76094,2453.32,140533,-0.41
2021-06-16 11:33:44,2459.6,8,79027,76096,2453.32,140533,-0.41
2021-06-16 11:33:45,2459.6,8,78997,76097,2453.32,140533,-0.41
2021-06-16 11:33:46,2459.45,1,78978,75770,2453.32,140534,-0.42
2021-06-16 11:33:46,2459.5,1,78978,75770,2453.32,140534,-0.41
2021-06-16 11:33:51,2459.5,1,78983,76097,2453.32,140535,-0.41
2021-06-16 11:33:52,2459.5,1,78978,76097,2453.32,140535,-0.41
2021-06-16 11:33:54,2459.5,1,79146,76097,2453.32,140535,-0.41
2021-06-16 11:33:55,2459.5,1,79148,76097,2453.32,140535,-0.41
2021-06-16 11:33:56,2459.5,1,78945,76097,2453.32,140535,-0.41
2021-06-16 11:33:58,2459.5,1,78978,76107,2453.32,140535,-0.41
2021-06-16 11:34:01,2459.45,4,79025,76083,2453.32,140539,-0.42
2021-06-16 11:34:01,2459.45,5,79025,76083,2453.32,140539,-0.42
2021-06-16 11:34:02,2459.45,5,78981,76109,2453.33,140544,-0.42
2021-06-16 11:34:07,2459.45,5,79010,76109,2453.33,140544,-0.42
2021-06-16 11:34:09,2459.45,5,79040,76109,2453.33,140544,-0.42
2021-06-16 11:34:10,2459.45,5,79040,76134,2453.33,140544,-0.42
2021-06-16 11:34:11,2459.45,5,79041,76134,2453.33,140544,-0.42
2021-06-16 11:34:12,2459.9,44,79041,76134,2453.33,140544,-0.4
2021-06-16 11:34:13,2459.9,44,79102,76495,2453.33,140697,-0.4
2021-06-16 11:34:13,2459.9,4,79102,76495,2453.33,140697,-0.4
2021-06-16 11:34:14,2459.9,4,79071,76491,2453.33,140701,-0.4
2021-06-16 11:34:15,2460.0,6,79071,76491,2453.33,140701,-0.39
2021-06-16 11:34:15,2460.0,6,79045,76120,2453.34,140856,-0.39
2021-06-16 11:34:16,2460.0,6,79045,76128,2453.34,140856,-0.39
2021-06-16 11:34:18,2460.0,6,78606,76138,2453.34,140856,-0.39
2021-06-16 11:34:18,2460.3,1,78607,76666,2453.34,140916,-0.38
2021-06-16 11:34:21,2460.0,1,78539,76833,2453.35,141079,-0.39
2021-06-16 11:34:21,2458.45,4,78539,76833,2453.35,141079,-0.46
2021-06-16 11:34:22,2458.45,4,78596,76817,2453.35,141129,-0.46
2021-06-16 11:34:22,2458.45,4,78616,76906,2453.35,141129,-0.46
2021-06-16 11:34:25,2458.45,4,78626,76906,2453.35,141129,-0.46
2021-06-16 11:34:25,2458.45,4,78658,76866,2453.35,141129,-0.46
2021-06-16 11:34:26,2460.3,3,78658,76866,2453.35,141129,-0.38
2021-06-16 11:34:27,2459.9,2,78712,76831,2453.35,141146,-0.4
2021-06-16 11:34:28,2459.9,2,78702,76821,2453.35,141146,-0.4
2021-06-16 11:34:28,2459.9,2,78662,76821,2453.35,141146,-0.4
2021-06-16 11:34:30,2459.9,2,78662,76822,2453.35,141146,-0.4
2021-06-16 11:34:33,2459.9,2,78689,76602,2453.35,141146,-0.4
2021-06-16 11:34:35,2459.9,2,78689,76603,2453.35,141146,-0.4
2021-06-16 11:34:36,2459.9,2,78703,76703,2453.35,141146,-0.4
2021-06-16 11:34:37,2459.9,2,78703,76712,2453.35,141146,-0.4
2021-06-16 11:34:43,2459.9,2,78704,76712,2453.35,141146,-0.4
2021-06-16 11:34:45,2459.9,2,78658,76661,2453.35,141148,-0.4
2021-06-16 11:34:48,2459.95,4,78618,76661,2453.35,141148,-0.39
2021-06-16 11:34:48,2459.95,4,78036,76645,2453.35,141152,-0.39
2021-06-16 11:34:51,2459.95,3,78035,76647,2453.35,141155,-0.39
2021-06-16 11:34:52,2459.95,3,78035,76576,2453.35,141155,-0.39
2021-06-16 11:34:53,2459.95,3,78065,76576,2453.35,141155,-0.39
2021-06-16 11:34:54,2459.95,1,78065,76576,2453.35,141155,-0.39
2021-06-16 11:34:54,2459.95,1,78065,76577,2453.35,141156,-0.39
2021-06-16 11:34:55,2459.95,1,78072,76615,2453.35,141156,-0.39
2021-06-16 11:34:58,2459.95,1,78076,76615,2453.35,141156,-0.39
2021-06-16 11:35:00,2459.95,1,78007,76615,2453.35,141156,-0.39
2021-06-16 11:35:01,2459.95,1,77908,76615,2453.35,141156,-0.39
2021-06-16 11:35:01,2459.95,5,78005,76700,2453.35,141174,-0.39
2021-06-16 11:35:03,2459.95,5,77992,76645,2453.35,141174,-0.39
2021-06-16 11:35:03,2459.95,5,77962,76695,2453.35,141174,-0.39
2021-06-16 11:35:04,2459.9,9,77962,76695,2453.35,141174,-0.4
2021-06-16 11:35:04,2459.9,16,77975,76757,2453.36,141224,-0.4
2021-06-16 11:35:07,2459.9,16,77969,76662,2453.36,141224,-0.4
2021-06-16 11:35:09,2459.9,16,77974,76654,2453.36,141224,-0.4
2021-06-16 11:35:10,2459.9,16,77984,76654,2453.36,141224,-0.4
2021-06-16 11:35:10,2460.0,1,78095,76740,2453.36,141229,-0.39
2021-06-16 11:35:12,2461.5,3,78554,76655,2453.37,141420,-0.33
2021-06-16 11:35:13,2461.5,3,78441,76783,2453.37,141420,-0.33
2021-06-16 11:35:13,2461.5,3,78436,76783,2453.37,141420,-0.33
2021-06-16 11:35:15,2461.0,6,78262,76550,2453.37,141429,-0.35
2021-06-16 11:35:15,2461.0,6,78362,76546,2453.37,141429,-0.35
2021-06-16 11:35:16,2461.0,6,78686,76501,2453.37,141429,-0.35
2021-06-16 11:35:17,2461.0,6,78681,76532,2453.37,141429,-0.35
2021-06-16 11:35:18,2461.0,6,78876,76522,2453.37,141429,-0.35
2021-06-16 11:35:19,2461.0,6,78889,76522,2453.37,141429,-0.35
2021-06-16 11:35:22,2461.0,6,78900,76522,2453.37,141429,-0.35
2021-06-16 11:35:23,2461.0,6,78895,76499,2453.37,141429,-0.35
2021-06-16 11:35:25,2461.8,2,78498,76476,2453.37,141454,-0.32
2021-06-16 11:35:25,2461.8,2,78374,76468,2453.37,141454,-0.32
2021-06-16 11:35:26,2461.5,8,78374,76468,2453.37,141454,-0.33
2021-06-16 11:35:27,2461.0,35,78723,76584,2453.37,141499,-0.35
2021-06-16 11:35:27,2461.0,50,78723,76584,2453.37,141499,-0.35
2021-06-16 11:35:28,2461.0,50,78725,76534,2453.37,141549,-0.35
2021-06-16 11:35:28,2461.0,50,78725,76532,2453.37,141549,-0.35
2021-06-16 11:35:29,2461.0,50,78756,76533,2453.37,141549,-0.35
2021-06-16 11:35:31,2461.0,3,78756,76536,2453.37,141549,-0.35
2021-06-16 11:35:31,2461.0,1,78756,76536,2453.37,141549,-0.35
2021-06-16 11:35:32,2461.0,1,78519,76375,2453.38,141618,-0.35
2021-06-16 11:35:34,2461.0,11,78519,76376,2453.38,141618,-0.35
2021-06-16 11:35:34,2461.0,11,78503,76391,2453.38,141629,-0.35
2021-06-16 11:35:36,2461.95,3,78465,76419,2453.38,141671,-0.31
2021-06-16 11:35:36,2461.95,3,78470,76462,2453.38,141671,-0.31
2021-06-16 11:35:37,2461.0,15,78425,76462,2453.38,141686,-0.35
2021-06-16 11:35:41,2461.0,1,78424,76460,2453.38,141689,-0.35
2021-06-16 11:35:42,2461.0,1,78455,76460,2453.38,141689,-0.35
2021-06-16 11:35:45,2461.0,1,78455,76461,2453.38,141689,-0.35
2021-06-16 11:35:46,2461.95,8,78455,76461,2453.38,141689,-0.31
2021-06-16 11:35:46,2461.95,8,78454,76457,2453.38,141697,-0.31
2021-06-16 11:35:48,2461.95,8,78520,76488,2453.38,141697,-0.31
2021-06-16 11:35:48,2461.0,1,78519,76488,2453.38,141698,-0.35
2021-06-16 11:35:49,2461.95,2,78519,76488,2453.38,141698,-0.31
2021-06-16 11:35:49,2461.95,2,78519,76486,2453.38,141700,-0.31
2021-06-16 11:35:51,2461.95,2,78674,76471,2453.38,141700,-0.31
2021-06-16 11:35:52,2461.95,2,79074,76471,2453.38,141700,-0.31
2021-06-16 11:35:52,2461.0,2,79074,76471,2453.38,141700,-0.35
2021-06-16 11:35:53,2461.0,75,78985,76481,2453.39,141777,-0.35
2021-06-16 11:35:54,2461.0,1,78502,76561,2453.39,141921,-0.35
2021-06-16 11:35:55,2461.0,1,78824,76647,2453.39,141921,-0.35
2021-06-16 11:35:56,2461.0,1,78824,76645,2453.39,141921,-0.35
2021-06-16 11:35:59,2461.0,1,78824,76646,2453.39,141921,-0.35
2021-06-16 11:36:00,2461.0,1,78648,76649,2453.39,141921,-0.35
2021-06-16 11:36:01,2461.0,1,78648,76654,2453.39,141921,-0.35
2021-06-16 11:36:02,2461.0,1,78649,76654,2453.39,141921,-0.35
2021-06-16 11:36:03,2461.0,1,78663,76681,2453.39,141921,-0.35
2021-06-16 11:36:04,2461.0,1,78663,76682,2453.39,141921,-0.35
2021-06-16 11:36:06,2461.0,1,78637,76636,2453.39,141921,-0.35
2021-06-16 11:36:07,2461.5,9,78627,76636,2453.39,141921,-0.33
2021-06-16 11:36:07,2461.5,9,78549,77305,2453.39,141930,-0.33
2021-06-16 11:36:08,2460.35,20,78549,77305,2453.39,141930,-0.38
2021-06-16 11:36:09,2460.35,20,77606,77364,2453.4,141950,-0.38
2021-06-16 11:36:09,2460.35,20,78147,77331,2453.4,141950,-0.38
2021-06-16 11:36:10,2460.35,20,78250,77316,2453.4,141950,-0.38
2021-06-16 11:36:12,2460.35,20,78250,77317,2453.4,141950,-0.38
2021-06-16 11:36:13,2460.35,20,78297,76909,2453.4,141950,-0.38
2021-06-16 11:36:15,2460.35,20,78341,76899,2453.4,141950,-0.38
2021-06-16 11:36:16,2460.35,20,78459,76895,2453.4,141950,-0.38
2021-06-16 11:36:17,2460.35,20,78507,76866,2453.4,141950,-0.38
2021-06-16 11:36:18,2461.4,1,78507,76865,2453.4,141955,-0.34
2021-06-16 11:36:18,2460.05,12,78507,76865,2453.4,141955,-0.39
2021-06-16 11:36:19,2460.05,12,78279,76911,2453.4,142055,-0.39
2021-06-16 11:36:21,2461.1,1,78279,76667,2453.4,142056,-0.35
2021-06-16 11:36:22,2461.1,1,78381,76677,2453.4,142056,-0.35
2021-06-16 11:36:23,2461.1,1,78232,76652,2453.4,142056,-0.35
2021-06-16 11:36:27,2461.1,1,78228,76666,2453.4,142056,-0.35
2021-06-16 11:36:28,2461.1,9,78228,76666,2453.4,142056,-0.35
2021-06-16 11:36:28,2461.1,9,78213,76757,2453.4,142065,-0.35
2021-06-16 11:36:31,2461.1,9,78230,76747,2453.4,142065,-0.35
2021-06-16 11:36:32,2461.1,9,78255,76748,2453.4,142065,-0.35
2021-06-16 11:36:34,2461.1,9,78255,76749,2453.4,142065,-0.35
2021-06-16 11:36:34,2461.1,9,78256,76749,2453.4,142065,-0.35
2021-06-16 11:36:36,2461.1,9,78257,76749,2453.4,142065,-0.35
2021-06-16 11:36:37,2461.1,9,78258,76749,2453.4,142065,-0.35
2021-06-16 11:36:37,2461.1,9,78259,76849,2453.4,142065,-0.35
2021-06-16 11:36:38,2461.0,3,78259,76849,2453.4,142065,-0.35
2021-06-16 11:36:39,2461.0,3,78260,76846,2453.4,142068,-0.35
2021-06-16 11:36:39,2461.0,1,78260,76846,2453.4,142068,-0.35
2021-06-16 11:36:40,2461.0,1,78229,76846,2453.4,142069,-0.35
2021-06-16 11:36:40,2460.1,2,78229,76846,2453.4,142071,-0.39
2021-06-16 11:36:42,2460.1,2,78226,76846,2453.4,142071,-0.39
2021-06-16 11:36:42,2461.0,1,78226,76846,2453.4,142071,-0.35
2021-06-16 11:36:43,2461.0,1,78225,76782,2453.4,142078,-0.35
2021-06-16 11:36:44,2461.0,1,78237,77007,2453.4,142078,-0.35
2021-06-16 11:36:45,2461.0,1,78238,77007,2453.4,142078,-0.35
2021-06-16 11:36:46,2461.0,1,78238,77008,2453.4,142078,-0.35
2021-06-16 11:36:46,2460.15,1,78238,77006,2453.4,142079,-0.39
2021-06-16 11:36:48,2460.15,1,78238,77107,2453.4,142079,-0.39
2021-06-16 11:36:48,2460.15,1,78238,77108,2453.4,142079,-0.39
2021-06-16 11:36:49,2461.05,1,78238,77108,2453.4,142079,-0.35
2021-06-16 11:36:54,2461.05,1,78221,77108,2453.4,142088,-0.35
2021-06-16 11:36:56,2461.05,1,78221,77107,2453.4,142088,-0.35
2021-06-16 11:36:58,2461.05,1,78269,77096,2453.4,142088,-0.35
2021-06-16 11:36:58,2460.2,8,78269,77096,2453.4,142088,-0.38
2021-06-16 11:36:59,2460.2,8,78261,77096,2453.4,142096,-0.38
2021-06-16 11:37:00,2460.2,8,78281,77096,2453.4,142096,-0.38
2021-06-16 11:37:02,2460.2,8,78089,77097,2453.4,142096,-0.38
2021-06-16 11:37:03,2461.15,16,78453,77007,2453.4,142096,-0.35
2021-06-16 11:37:04,2461.15,16,78510,77034,2453.41,142146,-0.35
2021-06-16 11:37:05,2461.15,16,78473,76897,2453.41,142146,-0.35
2021-06-16 11:37:07,2461.15,16,78062,76899,2453.41,142146,-0.35
2021-06-16 11:37:07,2461.15,16,78462,76914,2453.41,142146,-0.35
2021-06-16 11:37:09,2461.15,16,78472,76914,2453.41,142146,-0.35
2021-06-16 11:37:10,2461.0,2,78471,76859,2453.41,142148,-0.35
2021-06-16 11:37:12,2461.0,2,78471,76860,2453.41,142148,-0.35
2021-06-16 11:37:13,2461.15,1,78486,76843,2453.41,142150,-0.35
2021-06-16 11:37:13,2461.15,1,78471,76843,2453.41,142150,-0.35
2021-06-16 11:37:15,2461.15,7,78471,76843,2453.41,142150,-0.35
2021-06-16 11:37:16,2461.15,7,78430,76903,2453.41,142157,-0.35
2021-06-16 11:37:16,2461.15,8,78430,76903,2453.41,142157,-0.35
2021-06-16 11:37:20,2461.15,8,78461,76914,2453.41,142165,-0.35
2021-06-16 11:37:21,2461.15,8,78461,76964,2453.41,142165,-0.35
2021-06-16 11:37:22,2461.15,8,78468,76964,2453.41,142165,-0.35
2021-06-16 11:37:22,2461.35,11,78098,76851,2453.41,142178,-0.34
2021-06-16 11:37:24,2461.35,11,78083,76861,2453.41,142178,-0.34
2021-06-16 11:37:25,2462.0,140,78071,76861,2453.41,142178,-0.31
2021-06-16 11:37:25,2462.0,140,78086,76381,2453.43,142534,-0.31
2021-06-16 11:37:27,2462.0,140,78087,76381,2453.43,142534,-0.31
2021-06-16 11:37:27,2461.95,1,78087,76381,2453.43,142534,-0.31
2021-06-16 11:37:29,2461.95,1,78167,76373,2453.43,142535,-0.31
2021-06-16 11:37:30,2461.95,1,78167,76374,2453.43,142535,-0.31
2021-06-16 11:37:31,2460.3,30,77868,76477,2453.44,142699,-0.38
2021-06-16 11:37:32,2460.3,30,77850,76495,2453.44,142699,-0.38
2021-06-16 11:37:34,2460.3,30,77842,76495,2453.44,142699,-0.38
2021-06-16 11:37:35,2460.3,30,77642,76496,2453.44,142699,-0.38
2021-06-16 11:37:36,2461.65,1,77642,76496,2453.44,142699,-0.33
2021-06-16 11:37:37,2461.65,1,77659,76469,2453.44,142700,-0.33
2021-06-16 11:37:37,2460.35,49,77694,76480,2453.44,142750,-0.38
2021-06-16 11:37:39,2461.6,1,77698,76481,2453.44,142752,-0.33
2021-06-16 11:37:40,2461.6,1,77702,76522,2453.44,142752,-0.33
2021-06-16 11:37:42,2461.6,1,77692,76519,2453.44,142752,-0.33
2021-06-16 11:37:43,2461.6,1,77692,76520,2453.44,142752,-0.33
2021-06-16 11:37:46,2461.6,1,77687,76520,2453.44,142752,-0.33
2021-06-16 11:37:47,2460.35,10,77687,76520,2453.44,142752,-0.38
2021-06-16 11:37:48,2460.35,10,77678,76520,2453.44,142762,-0.38
2021-06-16 11:37:49,2460.35,10,77678,76530,2453.44,142762,-0.38
2021-06-16 11:37:50,2460.35,10,77678,76542,2453.44,142762,-0.38
2021-06-16 11:37:51,2460.35,10,77678,76522,2453.44,142762,-0.38
2021-06-16 11:37:52,2461.6,7,77677,76518,2453.44,142771,-0.33
2021-06-16 11:37:53,2461.6,7,77677,76519,2453.44,142771,-0.33
2021-06-16 11:37:54,2461.6,2,77677,76519,2453.44,142771,-0.33
2021-06-16 11:37:54,2461.6,2,77677,76517,2453.44,142773,-0.33
2021-06-16 11:37:55,2461.6,2,77677,76535,2453.44,142773,-0.33
2021-06-16 11:37:57,2461.6,2,77677,76519,2453.44,142773,-0.33
2021-06-16 11:37:58,2461.6,2,77162,76663,2453.44,142773,-0.33
2021-06-16 11:38:01,2461.6,2,77218,76645,2453.44,142773,-0.33
2021-06-16 11:38:01,2461.6,2,77220,76645,2453.44,142773,-0.33
2021-06-16 11:38:03,2461.6,2,77220,76646,2453.44,142773,-0.33
2021-06-16 11:38:03,2461.6,2,77903,76842,2453.44,142773,-0.33
2021-06-16 11:38:04,2460.4,50,77903,76842,2453.44,142773,-0.38
2021-06-16 11:38:04,2460.9,5,77904,76829,2453.44,142828,-0.36
2021-06-16 11:38:06,2460.9,5,77905,76829,2453.44,142828,-0.36
2021-06-16 11:38:07,2460.9,5,77900,76825,2453.44,142828,-0.36
2021-06-16 11:38:07,2460.9,5,77900,76826,2453.44,142828,-0.36
2021-06-16 11:38:10,2460.9,5,77744,76826,2453.44,142828,-0.36
2021-06-16 11:38:11,2460.9,5,77744,76818,2453.44,142828,-0.36
2021-06-16 11:38:12,2460.9,5,77744,76898,2453.44,142828,-0.36
2021-06-16 11:38:13,2460.9,18,77283,76755,2453.45,143023,-0.36
2021-06-16 11:38:15,2460.9,18,77834,76767,2453.45,143023,-0.36
2021-06-16 11:38:16,2460.9,5,77863,76762,2453.45,143028,-0.36
2021-06-16 11:38:17,2460.4,4,77863,76769,2453.45,143028,-0.38
2021-06-16 11:38:18,2460.4,4,77859,76772,2453.45,143032,-0.38
2021-06-16 11:38:18,2460.9,4,77859,76772,2453.45,143032,-0.36
2021-06-16 11:38:19,2460.9,4,77846,76773,2453.46,143143,-0.36
2021-06-16 11:38:21,2460.4,2,77844,76773,2453.46,143145,-0.38
2021-06-16 11:38:21,2460.4,2,77873,76773,2453.46,143145,-0.38
2021-06-16 11:38:22,2460.4,2,77873,76774,2453.46,143145,-0.38
2021-06-16 11:38:23,2459.3,22,77873,76774,2453.46,143145,-0.42
2021-06-16 11:38:24,2459.3,22,77611,77106,2453.47,143380,-0.42
2021-06-16 11:38:25,2459.3,22,77611,77090,2453.47,143380,-0.42
2021-06-16 11:38:25,2459.3,22,77646,77044,2453.47,143380,-0.42
2021-06-16 11:38:27,2459.3,22,77640,77054,2453.47,143380,-0.42
2021-06-16 11:38:27,2460.7,3,77640,77054,2453.47,143380,-0.36
2021-06-16 11:38:28,2459.65,14,77691,77004,2453.47,143413,-0.41
2021-06-16 11:38:28,2459.65,14,77620,77077,2453.47,143413,-0.41
2021-06-16 11:38:31,2459.65,14,77557,77086,2453.47,143413,-0.41
2021-06-16 11:38:31,2459.25,38,77557,77086,2453.47,143413,-0.42
2021-06-16 11:38:32,2459.25,38,77536,77272,2453.47,143483,-0.42
2021-06-16 11:38:33,2459.25,38,77550,77252,2453.47,143483,-0.42
2021-06-16 11:38:34,2459.25,38,77550,77272,2453.47,143483,-0.42
2021-06-16 11:38:34,2460.5,2,77660,77213,2453.47,143490,-0.37
2021-06-16 11:38:37,2460.5,2,77671,77213,2453.47,143490,-0.37
2021-06-16 11:38:38,2460.5,2,77661,77217,2453.47,143490,-0.37
2021-06-16 11:38:39,2460.5,2,77661,77208,2453.47,143490,-0.37
2021-06-16 11:38:40,2460.5,2,77690,77208,2453.47,143490,-0.37
2021-06-16 11:38:40,2460.55,1,77690,77208,2453.47,143490,-0.37
2021-06-16 11:38:41,2460.55,1,77785,77217,2453.48,143540,-0.37
2021-06-16 11:38:42,2460.55,1,77381,77210,2453.48,143540,-0.37
2021-06-16 11:38:43,2459.5,2,77152,77203,2453.48,143543,-0.41
2021-06-16 11:38:44,2459.5,2,77138,77212,2453.48,143543,-0.41
2021-06-16 11:38:45,2459.5,2,77138,77210,2453.48,143543,-0.41
2021-06-16 11:38:46,2459.5,2,77168,77210,2453.48,143543,-0.41
2021-06-16 11:38:46,2459.5,2,77139,77210,2453.48,143543,-0.41
2021-06-16 11:38:48,2459.5,2,77135,77171,2453.48,143543,-0.41
2021-06-16 11:38:50,2459.5,2,77136,77171,2453.48,143543,-0.41
2021-06-16 11:38:51,2459.5,2,77166,77171,2453.48,143543,-0.41
2021-06-16 11:38:51,2459.5,2,77166,77186,2453.48,143543,-0.41
2021-06-16 11:38:52,2459.5,2,77166,77187,2453.48,143543,-0.41
2021-06-16 11:38:53,2460.6,1,77166,77187,2453.48,143543,-0.37
2021-06-16 11:38:54,2460.6,2,77457,76968,2453.48,143597,-0.37
2021-06-16 11:38:55,2460.65,3,77456,76965,2453.48,143606,-0.37
2021-06-16 11:38:56,2460.65,1,77456,76967,2453.48,143609,-0.37
2021-06-16 11:38:57,2460.65,1,77466,76967,2453.48,143609,-0.37
2021-06-16 11:39:00,2460.65,1,77466,76966,2453.48,143609,-0.37
2021-06-16 11:39:01,2460.65,1,77436,76965,2453.48,143609,-0.37
2021-06-16 11:39:03,2460.7,3,77436,76966,2453.48,143609,-0.36
2021-06-16 11:39:05,2460.7,3,77381,76963,2453.48,143629,-0.36
2021-06-16 11:39:07,2460.7,1,77381,76963,2453.48,143629,-0.36
2021-06-16 11:39:09,2460.7,1,77381,76992,2453.48,143633,-0.36
2021-06-16 11:39:12,2460.7,2,77382,76992,2453.48,143633,-0.36
2021-06-16 11:39:13,2460.7,1,77382,76992,2453.48,143633,-0.36
2021-06-16 11:39:16,2460.7,1,77382,76992,2453.48,143643,-0.36
2021-06-16 11:39:17,2460.7,1,77381,76992,2453.48,143652,-0.36
2021-06-16 11:39:19,2460.7,1,77305,77006,2453.49,143698,-0.36
2021-06-16 11:39:22,2460.7,1,77323,77006,2453.49,143698,-0.36
2021-06-16 11:39:26,2460.7,1,77319,77057,2453.49,143698,-0.36
2021-06-16 11:39:28,2460.7,1,77414,77048,2453.49,143699,-0.36
2021-06-16 11:39:31,2460.7,1,77270,77067,2453.49,143699,-0.36
2021-06-16 11:39:33,2460.75,5,77270,77067,2453.49,143699,-0.36
2021-06-16 11:39:36,2460.75,5,77430,77082,2453.49,143705,-0.36
2021-06-16 11:39:37,2461.0,17,77430,77082,2453.49,143705,-0.35
2021-06-16 11:39:39,2460.25,5,77892,76870,2453.49,143808,-0.38
2021-06-16 11:39:41,2460.25,5,77892,77204,2453.49,143808,-0.38
2021-06-16 11:39:44,2460.25,5,77892,77258,2453.49,143808,-0.38
2021-06-16 11:39:47,2460.25,5,77896,77258,2453.49,143808,-0.38
2021-06-16 11:39:50,2460.25,100,77432,77098,2453.5,143908,-0.38
2021-06-16 11:39:54,2460.25,100,77429,77128,2453.5,143908,-0.38
2021-06-16 11:39:54,2461.1,3,77429,77128,2453.5,143908,-0.35
2021-06-16 11:39:58,2461.1,3,77414,77126,2453.5,143911,-0.35
2021-06-16 11:39:58,2461.1,1,77414,77126,2453.5,143911,-0.35
2021-06-16 11:39:59,2461.1,1,77422,77186,2453.5,143921,-0.35
2021-06-16 11:40:02,2461.1,1,77457,77206,2453.5,143921,-0.35
2021-06-16 11:40:05,2461.1,1,77452,77203,2453.5,143921,-0.35
2021-06-16 11:40:13,2461.1,1,77418,77248,2453.5,143921,-0.35
2021-06-16 11:40:16,2461.1,1,77419,77248,2453.5,143921,-0.35
2021-06-16 11:40:18,2461.1,1,77219,77267,2453.5,143921,-0.35
2021-06-16 11:40:19,2461.0,9,77219,77267,2453.5,143921,-0.35
2021-06-16 11:40:21,2459.95,1,77219,77267,2453.5,143921,-0.39
2021-06-16 11:40:21,2459.95,1,77176,77256,2453.5,143931,-0.39
2021-06-16 11:40:23,2460.0,7,77176,77256,2453.5,143931,-0.39
2021-06-16 11:40:24,2460.0,7,77169,77309,2453.5,143938,-0.39
2021-06-16 11:40:27,2460.0,7,77171,77305,2453.5,143938,-0.39
2021-06-16 11:40:29,2460.0,7,77174,77305,2453.5,143938,-0.39
2021-06-16 11:40:31,2460.0,7,77174,77156,2453.5,143938,-0.39
2021-06-16 11:40:34,2460.0,7,77174,77116,2453.5,143938,-0.39
2021-06-16 11:40:35,2461.0,1,77174,77116,2453.5,143938,-0.35
2021-06-16 11:40:40,2461.0,1,77137,77136,2453.5,143939,-0.35
2021-06-16 11:40:41,2460.05,5,77137,77136,2453.5,143939,-0.39
2021-06-16 11:40:43,2460.05,5,77115,77104,2453.5,143953,-0.39
2021-06-16 11:40:46,2460.05,5,77136,77137,2453.5,143953,-0.39
2021-06-16 11:40:51,2460.05,5,77136,77136,2453.5,143953,-0.39
2021-06-16 11:40:54,2460.05,5,77136,77135,2453.5,143953,-0.39
2021-06-16 11:40:57,2460.05,5,77137,77192,2453.5,143953,-0.39
2021-06-16 11:40:58,2461.15,8,77137,77192,2453.5,143953,-0.35
2021-06-16 11:40:59,2461.15,8,77336,77058,2453.51,144191,-0.35
2021-06-16 11:41:01,2461.0,9,77336,77058,2453.51,144191,-0.35
2021-06-16 11:41:01,2460.15,16,77336,77058,2453.51,144191,-0.39
2021-06-16 11:41:02,2460.15,16,76866,77291,2453.52,144390,-0.39
2021-06-16 11:41:05,2460.15,16,77142,77299,2453.52,144390,-0.39
2021-06-16 11:41:07,2460.15,16,77142,77348,2453.52,144390,-0.39
2021-06-16 11:41:08,2461.25,84,77142,77348,2453.52,144390,-0.34
2021-06-16 11:41:09,2461.25,84,77489,76835,2453.53,144598,-0.34
2021-06-16 11:41:12,2461.25,84,77454,76852,2453.53,144598,-0.34
2021-06-16 11:41:13,2462.0,12,77454,76852,2453.53,144598,-0.31
2021-06-16 11:41:14,2462.0,12,77484,77159,2453.53,144648,-0.31
2021-06-16 11:41:17,2462.0,12,77485,77110,2453.53,144648,-0.31
2021-06-16 11:41:19,2462.0,12,77479,76779,2453.53,144648,-0.31
2021-06-16 11:41:22,2461.85,4,77479,76779,2453.53,144648,-0.32
2021-06-16 11:41:24,2461.85,4,77478,76778,2453.53,144657,-0.32
2021-06-16 11:41:27,2461.85,4,77478,76783,2453.53,144657,-0.32
2021-06-16 11:41:33,2461.85,4,77329,76788,2453.53,144657,-0.32
2021-06-16 11:41:36,2461.85,4,77329,76800,2453.53,144657,-0.32
2021-06-16 11:41:38,2461.85,4,77330,76910,2453.53,144657,-0.32
2021-06-16 11:41:41,2461.85,4,77330,76911,2453.53,144657,-0.32
2021-06-16 11:41:42,2461.8,2,77330,76911,2453.53,144657,-0.32
2021-06-16 11:41:43,2461.8,4,77330,76911,2453.53,144657,-0.32
2021-06-16 11:41:44,2461.8,4,77336,76909,2453.53,144669,-0.32
2021-06-16 11:41:46,2461.8,4,77346,76906,2453.53,144669,-0.32
2021-06-16 11:41:49,2461.8,4,77347,76944,2453.53,144669,-0.32
2021-06-16 11:41:51,2461.8,4,77347,76972,2453.53,144669,-0.32
2021-06-16 11:41:54,2461.8,4,77347,76973,2453.53,144669,-0.32
2021-06-16 11:41:55,2461.8,1,77347,76973,2453.53,144669,-0.32
2021-06-16 11:41:55,2461.0,1,77347,76973,2453.53,144669,-0.35
2021-06-16 11:41:58,2461.0,1,77346,76972,2453.53,144671,-0.35
2021-06-16 11:42:01,2461.0,1,77349,76972,2453.53,144671,-0.35
2021-06-16 11:42:03,2461.0,1,77367,76957,2453.53,144672,-0.35
2021-06-16 11:42:04,2461.8,9,77367,76957,2453.53,144672,-0.32
2021-06-16 11:42:04,2461.8,1,77367,76957,2453.53,144672,-0.32
2021-06-16 11:42:07,2461.8,1,77578,76923,2453.54,144710,-0.32
2021-06-16 11:42:09,2461.8,1,77578,76927,2453.54,144730,-0.32
2021-06-16 11:42:10,2461.8,1,77579,76926,2453.54,144730,-0.32
2021-06-16 11:42:12,2461.8,1,77008,76660,2453.54,144730,-0.32
2021-06-16 11:42:17,2461.8,1,77400,76947,2453.54,144730,-0.32
2021-06-16 11:42:18,2461.0,50,77400,76947,2453.54,144730,-0.35
2021-06-16 11:42:19,2461.0,50,77350,76946,2453.54,144781,-0.35
2021-06-16 11:42:22,2461.0,50,77352,76946,2453.54,144781,-0.35
2021-06-16 11:42:27,2461.8,3,77351,76974,2453.54,144790,-0.32
2021-06-16 11:42:30,2461.8,3,77351,76945,2453.54,144790,-0.32
2021-06-16 11:42:34,2461.8,2,77351,76945,2453.54,144790,-0.32
2021-06-16 11:42:35,2461.0,1,77356,76946,2453.54,144815,-0.35
2021-06-16 11:42:38,2461.0,9,77356,76946,2453.54,144815,-0.35
2021-06-16 11:42:41,2461.0,9,77408,76971,2453.54,144866,-0.35
2021-06-16 11:42:44,2461.0,9,77404,76971,2453.54,144866,-0.35
2021-06-16 11:42:45,2461.0,8,77404,76971,2453.54,144866,-0.35
2021-06-16 11:42:46,2461.8,2,77404,76971,2453.54,144866,-0.32
2021-06-16 11:42:46,2461.8,2,77413,76951,2453.55,144974,-0.32
2021-06-16 11:42:52,2461.8,2,77413,76947,2453.55,144974,-0.32
2021-06-16 11:42:55,2461.8,1,77413,76936,2453.55,144975,-0.32
2021-06-16 11:42:57,2463.0,5,77413,76936,2453.55,144975,-0.27
2021-06-16 11:42:57,2463.0,5,77766,75456,2453.6,145830,-0.27
2021-06-16 11:43:00,2463.0,5,77776,75512,2453.6,145830,-0.27
2021-06-16 11:43:03,2463.6,3,78211,74893,2453.61,145972,-0.25
2021-06-16 11:43:05,2462.85,1,78211,74893,2453.61,145972,-0.28
2021-06-16 11:43:06,2463.8,3,78211,74893,2453.61,145972,-0.24
2021-06-16 11:43:06,2463.8,3,78081,74831,2453.61,145989,-0.24
2021-06-16 11:43:07,2463.9,9,78081,74831,2453.61,145989,-0.23
2021-06-16 11:43:09,2463.9,9,77509,74833,2453.61,145998,-0.23
2021-06-16 11:43:10,2463.9,1,77509,74833,2453.61,145998,-0.23
2021-06-16 11:43:12,2464.0,5,77515,74802,2453.61,146015,-0.23
2021-06-16 11:43:13,2464.0,29,77515,74802,2453.61,146015,-0.23
2021-06-16 11:43:15,2464.0,30,77515,74802,2453.61,146015,-0.23
2021-06-16 11:43:15,2464.0,30,77482,74734,2453.62,146094,-0.23
2021-06-16 11:43:16,2464.0,9,77482,74734,2453.62,146094,-0.23
2021-06-16 11:43:18,2464.0,9,77482,74725,2453.62,146103,-0.23
2021-06-16 11:43:19,2464.0,10,77482,74725,2453.62,146103,-0.23
2021-06-16 11:43:19,2464.0,40,77482,74725,2453.62,146103,-0.23
2021-06-16 11:43:21,2464.0,8,77482,74658,2453.62,146161,-0.23
2021-06-16 11:43:23,2464.0,8,77483,74658,2453.62,146161,-0.23
2021-06-16 11:43:24,2464.0,20,77483,74658,2453.62,146161,-0.23
2021-06-16 11:43:25,2464.0,4,77483,74658,2453.62,146161,-0.23
2021-06-16 11:43:25,2464.0,6,77483,74644,2453.62,146185,-0.23
2021-06-16 11:43:28,2464.0,9,77494,74656,2453.63,146191,-0.23
2021-06-16 11:43:32,2464.0,9,77494,74647,2453.63,146200,-0.23
2021-06-16 11:43:33,2464.0,9,77470,74678,2453.63,146209,-0.23
2021-06-16 11:43:35,2463.9,4,77440,74683,2453.63,146209,-0.23
2021-06-16 11:43:36,2464.0,1,77440,74683,2453.63,146209,-0.23
2021-06-16 11:43:38,2464.0,1,77417,74677,2453.63,146214,-0.23
2021-06-16 11:43:40,2464.0,1,77435,74693,2453.63,146214,-0.23
2021-06-16 11:43:42,2463.9,6,77435,74693,2453.63,146214,-0.23
2021-06-16 11:43:43,2464.0,10,77435,74693,2453.63,146214,-0.23
2021-06-16 11:43:46,2464.0,10,77443,74754,2453.63,146230,-0.23
2021-06-16 11:43:46,2464.0,10,77395,74704,2453.63,146240,-0.23
2021-06-16 11:43:49,2464.0,4,77395,74805,2453.63,146240,-0.23
2021-06-16 11:43:51,2464.0,4,77356,74800,2453.63,146249,-0.23
2021-06-16 11:43:54,2464.0,4,77156,74875,2453.63,146249,-0.23
2021-06-16 11:43:57,2464.0,4,77156,74865,2453.63,146249,-0.23
2021-06-16 11:43:59,2464.0,68,77156,74865,2453.63,146249,-0.23
2021-06-16 11:44:00,2464.0,68,77337,74844,2453.64,146449,-0.23
2021-06-16 11:44:02,2464.0,68,77307,74984,2453.64,146449,-0.23
2021-06-16 11:44:03,2464.0,7,77307,74984,2453.64,146449,-0.23
2021-06-16 11:44:05,2464.0,7,77197,74986,2453.64,146456,-0.23
2021-06-16 11:44:07,2464.0,7,77207,75001,2453.64,146456,-0.23
2021-06-16 11:44:10,2464.0,9,77178,75057,2453.64,146465,-0.23
2021-06-16 11:44:12,2464.0,49,77178,75057,2453.64,146465,-0.23
2021-06-16 11:44:13,2464.0,49,77183,74963,2453.65,146565,-0.23
2021-06-16 11:44:15,2463.0,2,77183,74963,2453.65,146565,-0.27
2021-06-16 11:44:16,2462.55,7,76885,75035,2453.66,146627,-0.29
2021-06-16 11:44:18,2462.55,7,76867,75004,2453.66,146627,-0.29
2021-06-16 11:44:21,2462.55,7,76871,75004,2453.66,146627,-0.29
2021-06-16 11:44:22,2462.55,1,76871,75004,2453.66,146627,-0.29
2021-06-16 11:44:23,2462.55,1,76848,75005,2453.66,146628,-0.29
2021-06-16 11:44:26,2462.55,1,76961,75017,2453.66,146628,-0.29
2021-06-16 11:44:28,2462.55,1,76962,75021,2453.66,146628,-0.29
2021-06-16 11:44:31,2463.85,3,76962,75021,2453.66,146628,-0.24
2021-06-16 11:44:31,2463.85,3,76992,74862,2453.66,146637,-0.24
2021-06-16 11:44:32,2462.55,1,76992,74862,2453.66,146637,-0.29
2021-06-16 11:44:34,2462.55,1,77012,74862,2453.66,146638,-0.29
2021-06-16 11:44:36,2463.8,12,77012,74862,2453.66,146638,-0.24
2021-06-16 11:44:37,2463.8,12,76976,74864,2453.66,146650,-0.24
2021-06-16 11:44:39,2462.2,7,76976,74864,2453.66,146650,-0.3
2021-06-16 11:44:40,2462.2,7,76954,74922,2453.66,146675,-0.3
2021-06-16 11:44:42,2462.2,7,76862,74949,2453.66,146675,-0.3
2021-06-16 11:44:45,2462.2,7,76801,74901,2453.66,146675,-0.3
2021-06-16 11:44:48,2462.15,1,76801,74901,2453.66,146675,-0.31
2021-06-16 11:44:48,2462.15,1,76797,75272,2453.66,146676,-0.31
2021-06-16 11:44:51,2462.15,1,76771,75478,2453.66,146676,-0.31
2021-06-16 11:44:52,2462.95,1,76771,75478,2453.66,146676,-0.27
2021-06-16 11:44:53,2462.95,40,76771,75478,2453.66,146676,-0.27
2021-06-16 11:44:54,2462.95,40,76768,75598,2453.66,146729,-0.27
2021-06-16 11:44:57,2462.0,5,76768,75597,2453.66,146729,-0.31
2021-06-16 11:44:59,2462.0,5,76762,75607,2453.66,146744,-0.31
2021-06-16 11:45:01,2462.95,7,76762,75607,2453.66,146744,-0.27
2021-06-16 11:45:01,2464.0,45,76762,75607,2453.66,146744,-0.23
2021-06-16 11:45:02,2464.0,45,76850,75463,2453.69,147151,-0.23
2021-06-16 11:45:03,2462.95,67,76850,75463,2453.69,147151,-0.27
2021-06-16 11:45:04,2462.95,67,76982,75445,2453.69,147218,-0.27
2021-06-16 11:45:07,2462.95,67,76982,75477,2453.69,147218,-0.27
2021-06-16 11:45:09,2462.95,61,76982,75477,2453.69,147218,-0.27
2021-06-16 11:45:10,2464.0,1,76982,75477,2453.69,147218,-0.23
2021-06-16 11:45:10,2464.0,1,76983,75506,2453.7,147280,-0.23
2021-06-16 11:45:13,2464.0,4,76967,75701,2453.7,147280,-0.23
2021-06-16 11:45:15,2462.65,10,76967,75701,2453.7,147280,-0.29
2021-06-16 11:45:16,2462.65,10,76920,75710,2453.7,147389,-0.29
2021-06-16 11:45:16,2462.7,9,76920,75710,2453.7,147389,-0.28
2021-06-16 11:45:18,2462.7,2,76920,75710,2453.7,147389,-0.28
2021-06-16 11:45:19,2462.7,2,76920,75721,2453.7,147402,-0.28
2021-06-16 11:45:21,2462.7,2,76920,75669,2453.7,147402,-0.28
2021-06-16 11:45:25,2463.8,11,76920,75690,2453.7,147402,-0.24
2021-06-16 11:45:27,2463.8,11,76920,75709,2453.71,147413,-0.24
2021-06-16 11:45:30,2463.75,8,76920,75709,2453.71,147413,-0.24
2021-06-16 11:45:31,2463.75,8,76921,75769,2453.71,147423,-0.24
2021-06-16 11:45:34,2463.75,4,76921,75680,2453.71,147423,-0.24
2021-06-16 11:45:36,2463.75,4,76955,75688,2453.71,147432,-0.24
2021-06-16 11:45:39,2463.75,4,76717,75810,2453.71,147432,-0.24
2021-06-16 11:45:43,2463.75,4,76717,75822,2453.71,147432,-0.24
2021-06-16 11:45:46,2463.75,4,76750,75844,2453.71,147432,-0.24
2021-06-16 11:45:49,2463.75,4,76765,75869,2453.71,147432,-0.24
2021-06-16 11:45:51,2463.5,5,76765,75869,2453.71,147432,-0.25
2021-06-16 11:45:52,2463.5,5,76768,75817,2453.71,147437,-0.25
2021-06-16 11:45:52,2463.45,6,76768,75817,2453.71,147437,-0.25
2021-06-16 11:45:55,2463.45,9,76774,75804,2453.71,147452,-0.25
2021-06-16 11:45:56,2463.45,10,76774,75804,2453.71,147452,-0.25
2021-06-16 11:45:58,2463.45,10,76774,75798,2453.71,147462,-0.25
2021-06-16 11:46:03,2463.45,10,76741,75765,2453.71,147462,-0.25
2021-06-16 11:46:09,2463.45,10,76726,75754,2453.71,147462,-0.25
2021-06-16 11:46:12,2463.45,10,76637,75867,2453.71,147462,-0.25
2021-06-16 11:46:13,2463.4,2,76637,75867,2453.71,147462,-0.26
2021-06-16 11:46:15,2463.4,2,76717,75861,2453.71,147464,-0.26
2021-06-16 11:46:16,2463.0,9,76717,75861,2453.71,147464,-0.27
2021-06-16 11:46:18,2463.0,9,76544,76017,2453.71,147478,-0.27
2021-06-16 11:46:21,2463.0,9,76546,75962,2453.71,147478,-0.27
2021-06-16 11:46:26,2463.0,9,76548,75962,2453.71,147478,-0.27
2021-06-16 11:46:29,2463.0,10,76548,75962,2453.71,147478,-0.27
2021-06-16 11:46:30,2463.25,5,76548,75962,2453.71,147478,-0.26
2021-06-16 11:46:31,2463.0,1,76548,75962,2453.71,147478,-0.27
2021-06-16 11:46:31,2463.0,1,76609,75867,2453.71,147494,-0.27
2021-06-16 11:46:34,2463.0,1,76610,75857,2453.71,147494,-0.27
2021-06-16 11:46:36,2462.35,4,76578,75829,2453.71,147534,-0.3
2021-06-16 11:46:37,2463.0,5,76578,75829,2453.71,147534,-0.27
2021-06-16 11:46:37,2463.0,3,76578,75829,2453.71,147534,-0.27
2021-06-16 11:46:39,2463.0,3,76602,75979,2453.71,147542,-0.27
2021-06-16 11:46:42,2461.45,20,76602,75979,2453.71,147542,-0.33
2021-06-16 11:46:42,2461.45,20,76566,76051,2453.72,147717,-0.33
2021-06-16 11:46:45,2461.45,20,76579,76046,2453.72,147717,-0.33
2021-06-16 11:46:48,2461.45,20,77297,76092,2453.72,147717,-0.33
2021-06-16 11:46:54,2461.45,20,78122,76126,2453.72,147717,-0.33
2021-06-16 11:46:57,2461.45,20,78122,76141,2453.72,147717,-0.33
2021-06-16 11:46:58,2462.0,9,78122,76141,2453.72,147717,-0.31
2021-06-16 11:46:58,2461.4,1,78122,76141,2453.72,147717,-0.34
2021-06-16 11:46:59,2461.4,1,78120,76142,2453.72,147727,-0.34
2021-06-16 11:47:00,2462.0,40,78120,76142,2453.72,147727,-0.31
2021-06-16 11:47:01,2462.0,40,78120,76102,2453.73,147767,-0.31
2021-06-16 11:47:05,2461.8,10,78151,76082,2453.73,147767,-0.32
2021-06-16 11:47:08,2461.8,10,78151,76082,2453.73,147777,-0.32
2021-06-16 11:47:10,2461.95,5,78151,76082,2453.73,147777,-0.31
2021-06-16 11:47:11,2461.95,5,78145,76026,2453.73,147782,-0.31
2021-06-16 11:47:13,2461.95,3,78145,76026,2453.73,147782,-0.31
2021-06-16 11:47:13,2461.95,2,78145,76026,2453.73,147782,-0.31
2021-06-16 11:47:14,2461.95,2,78162,75970,2453.73,147790,-0.31
2021-06-16 11:47:15,2461.95,3,78162,75970,2453.73,147790,-0.31
2021-06-16 11:47:16,2461.95,3,77658,75802,2453.76,148306,-0.31
2021-06-16 11:47:19,2461.95,3,78093,75808,2453.76,148312,-0.31
2021-06-16 11:47:20,2461.95,1,78093,75808,2453.76,148312,-0.31
2021-06-16 11:47:24,2461.95,5,78100,75825,2453.76,148327,-0.31
2021-06-16 11:47:26,2461.95,1,78100,75825,2453.76,148327,-0.31
2021-06-16 11:47:27,2462.95,7,78100,75825,2453.76,148327,-0.27
2021-06-16 11:47:27,2462.95,7,76733,76021,2453.77,148510,-0.27
2021-06-16 11:47:28,2461.8,11,76733,76021,2453.77,148510,-0.32
2021-06-16 11:47:30,2461.8,11,76436,76465,2453.77,148521,-0.32
2021-06-16 11:47:33,2461.8,11,76724,76523,2453.77,148521,-0.32
2021-06-16 11:47:34,2461.15,25,76724,76523,2453.77,148521,-0.35
2021-06-16 11:47:36,2461.15,25,76599,76637,2453.77,148620,-0.35
2021-06-16 11:47:36,2461.4,5,76599,76637,2453.77,148620,-0.34
2021-06-16 11:47:39,2461.4,5,76624,76712,2453.77,148625,-0.34
2021-06-16 11:47:40,2462.75,3,76624,76712,2453.77,148625,-0.28
2021-06-16 11:47:41,2462.75,3,77002,76722,2453.77,148629,-0.28
2021-06-16 11:47:45,2462.75,3,76813,76666,2453.77,148629,-0.28
2021-06-16 11:47:48,2462.75,3,77280,76638,2453.77,148629,-0.28
2021-06-16 11:47:51,2462.75,3,77290,76645,2453.77,148629,-0.28
2021-06-16 11:47:54,2462.75,3,77290,76647,2453.77,148629,-0.28
2021-06-16 11:47:56,2462.75,3,77291,76647,2453.77,148629,-0.28
2021-06-16 11:47:59,2462.75,1,77333,76717,2453.78,148699,-0.28
2021-06-16 11:48:01,2462.7,8,77333,76717,2453.78,148699,-0.28
2021-06-16 11:48:01,2462.7,8,77132,76709,2453.78,148707,-0.28
2021-06-16 11:48:05,2462.7,8,77102,76757,2453.78,148707,-0.28
2021-06-16 11:48:08,2462.7,8,77102,76751,2453.78,148707,-0.28
2021-06-16 11:48:11,2463.0,10,76874,76380,2453.8,149108,-0.27
2021-06-16 11:48:15,2461.55,2,76874,76380,2453.8,149108,-0.33
2021-06-16 11:48:16,2461.55,2,77042,76359,2453.8,149148,-0.33
2021-06-16 11:48:19,2461.55,2,77486,76362,2453.8,149148,-0.33
2021-06-16 11:48:20,2462.7,3,77486,76362,2453.8,149148,-0.28
2021-06-16 11:48:22,2462.45,4,77476,76362,2453.8,149151,-0.29
2021-06-16 11:48:24,2463.15,2,78117,75544,2453.81,149215,-0.27
2021-06-16 11:48:25,2462.2,4,78117,75544,2453.81,149215,-0.3
2021-06-16 11:48:27,2462.2,4,78113,75585,2453.81,149223,-0.3
2021-06-16 11:48:30,2462.2,4,78513,75617,2453.81,149223,-0.3
2021-06-16 11:48:33,2462.2,4,78481,75617,2453.81,149223,-0.3
2021-06-16 11:48:35,2462.2,4,78481,75718,2453.81,149223,-0.3
2021-06-16 11:48:37,2462.2,4,78409,75744,2453.81,149223,-0.3
2021-06-16 11:48:40,2462.2,4,78007,75758,2453.81,149223,-0.3
2021-06-16 11:48:43,2463.0,9,78206,75760,2453.81,149232,-0.27
2021-06-16 11:48:45,2463.0,9,78206,75764,2453.81,149232,-0.27
2021-06-16 11:48:46,2463.0,100,78206,75764,2453.81,149232,-0.27
2021-06-16 11:48:48,2463.0,100,78276,75665,2453.82,149332,-0.27
2021-06-16 11:48:51,2463.0,100,78676,75666,2453.82,149332,-0.27
2021-06-16 11:48:54,2463.0,100,78276,75667,2453.82,149332,-0.27
2021-06-16 11:48:57,2463.0,100,78676,75667,2453.82,149332,-0.27
2021-06-16 11:48:59,2463.0,100,78708,75718,2453.82,149332,-0.27
2021-06-16 11:49:00,2463.0,5,78708,75718,2453.82,149332,-0.27
2021-06-16 11:49:02,2463.0,5,78477,75873,2453.82,149337,-0.27
2021-06-16 11:49:04,2463.0,9,78876,75870,2453.82,149346,-0.27
2021-06-16 11:49:07,2463.0,9,78476,75930,2453.82,149346,-0.27
2021-06-16 11:49:10,2463.0,9,78872,75933,2453.82,149346,-0.27
2021-06-16 11:49:12,2462.25,47,78676,75906,2453.82,149396,-0.3
2021-06-16 11:49:15,2462.25,47,78276,75910,2453.82,149396,-0.3
2021-06-16 11:49:18,2462.25,47,78638,75918,2453.82,149396,-0.3
2021-06-16 11:49:18,2463.0,3,78638,75918,2453.82,149396,-0.27
2021-06-16 11:49:23,2463.0,3,77490,75915,2453.82,149399,-0.27
2021-06-16 11:49:25,2463.0,9,77490,75915,2453.82,149399,-0.27
2021-06-16 11:49:25,2463.0,9,77599,75951,2453.82,149408,-0.27
2021-06-16 11:49:27,2463.0,9,77649,75931,2453.82,149408,-0.27
2021-06-16 11:49:34,2463.0,9,77577,75933,2453.82,149408,-0.27
2021-06-16 11:49:39,2463.0,9,77634,75939,2453.82,149408,-0.27
2021-06-16 11:49:40,2463.0,10,77634,75939,2453.82,149408,-0.27
2021-06-16 11:49:42,2463.0,10,77607,75906,2453.82,149438,-0.27
2021-06-16 11:49:42,2462.6,2,77607,75906,2453.82,149438,-0.29
2021-06-16 11:49:44,2462.6,2,77638,75912,2453.82,149440,-0.29
2021-06-16 11:49:46,2463.0,9,77638,75912,2453.82,149440,-0.27
2021-06-16 11:49:49,2463.0,9,77627,75903,2453.82,149449,-0.27
2021-06-16 11:49:51,2463.0,9,78427,75885,2453.82,149449,-0.27
2021-06-16 11:49:54,2463.0,9,78427,75918,2453.82,149449,-0.27
2021-06-16 11:49:57,2463.0,9,78427,75938,2453.82,149449,-0.27
2021-06-16 11:49:59,2463.0,9,78427,75942,2453.82,149449,-0.27
2021-06-16 11:50:07,2463.0,9,77628,75942,2453.82,149449,-0.27
2021-06-16 11:50:07,2462.0,10,77562,75953,2453.82,149478,-0.31
2021-06-16 11:50:10,2462.0,10,77612,75953,2453.82,149478,-0.31
2021-06-16 11:50:13,2462.0,10,77854,75928,2453.82,149478,-0.31
2021-06-16 11:50:13,2464.0,1,77854,75928,2453.82,149478,-0.23
2021-06-16 11:50:15,2464.0,1,78441,75398,2453.86,150010,-0.23
2021-06-16 11:50:18,2464.0,1,77990,75654,2453.86,150010,-0.23
2021-06-16 11:50:19,2464.4,22,77990,75654,2453.86,150010,-0.21
2021-06-16 11:50:21,2464.4,22,77976,75612,2453.86,150042,-0.21
2021-06-16 11:50:22,2464.35,1,77976,75612,2453.86,150042,-0.22
2021-06-16 11:50:24,2464.35,1,77967,75611,2453.86,150062,-0.22
2021-06-16 11:50:27,2464.35,1,78067,75646,2453.86,150062,-0.22
2021-06-16 11:50:28,2464.35,5,78067,75646,2453.86,150062,-0.22
2021-06-16 11:50:30,2464.35,12,78063,75597,2453.87,150126,-0.22
2021-06-16 11:50:33,2464.4,3,78143,75503,2453.87,150204,-0.21
2021-06-16 11:50:36,2464.4,3,78114,75505,2453.87,150204,-0.21
2021-06-16 11:50:37,2464.65,4,78114,75505,2453.87,150204,-0.2
2021-06-16 11:50:38,2464.65,4,78093,75705,2453.87,150208,-0.2
2021-06-16 11:50:39,2467.5,8,78093,75705,2453.87,150208,-0.09
2021-06-16 11:50:41,2467.5,8,80151,74123,2453.99,151726,-0.09
2021-06-16 11:50:42,2467.85,2,80151,74123,2453.99,151726,-0.07
2021-06-16 11:50:43,2467.85,2,80109,74589,2453.99,151728,-0.07
2021-06-16 11:50:46,2467.85,2,80400,74572,2453.99,151728,-0.07
2021-06-16 11:50:48,2466.65,4,80400,74572,2453.99,151728,-0.12
2021-06-16 11:50:49,2466.0,6,77792,74883,2454.03,152194,-0.15
2021-06-16 11:50:49,2466.75,8,77792,74883,2454.03,152194,-0.12
2021-06-16 11:50:51,2466.75,8,78386,74982,2454.04,152202,-0.12
2021-06-16 11:50:54,2466.75,8,78705,75005,2454.04,152202,-0.12
2021-06-16 11:50:56,2465.35,3,78705,75005,2454.04,152202,-0.18
2021-06-16 11:50:57,2466.3,2,78705,75005,2454.04,152202,-0.14
2021-06-16 11:50:58,2466.3,2,79614,75094,2454.04,152210,-0.14
2021-06-16 11:51:01,2466.3,2,79640,75097,2454.04,152210,-0.14
2021-06-16 11:51:04,2465.3,3,79586,75133,2454.04,152210,-0.18
2021-06-16 11:51:05,2466.3,2,79586,75133,2454.04,152210,-0.14
2021-06-16 11:51:06,2466.3,2,79608,75142,2454.04,152221,-0.14
2021-06-16 11:51:09,2466.3,2,79671,75045,2454.04,152221,-0.14
2021-06-16 11:51:12,2466.3,1,79671,75045,2454.04,152221,-0.14
2021-06-16 11:51:13,2466.3,1,79753,75074,2454.04,152229,-0.14
2021-06-16 11:51:15,2466.3,8,79753,75074,2454.04,152229,-0.14
2021-06-16 11:51:16,2466.3,3,79852,75025,2454.04,152271,-0.14
2021-06-16 11:51:18,2466.3,3,80032,75040,2454.04,152271,-0.14
2021-06-16 11:51:19,2466.8,1,80032,75040,2454.04,152271,-0.12
2021-06-16 11:51:21,2466.8,1,80067,74926,2454.04,152272,-0.12
2021-06-16 11:51:24,2466.8,1,80040,74871,2454.04,152273,-0.12
2021-06-16 11:51:24,2467.0,24,80040,74871,2454.04,152273,-0.11
2021-06-16 11:51:27,2467.0,24,80356,74794,2454.04,152317,-0.11
2021-06-16 11:51:28,2467.0,2,80356,74794,2454.04,152317,-0.11
2021-06-16 11:51:29,2467.0,2,79525,74644,2454.05,152325,-0.11
2021-06-16 11:51:30,2465.8,9,79525,74644,2454.05,152325,-0.16
2021-06-16 11:51:32,2465.8,9,79328,74658,2454.06,152447,-0.16
2021-06-16 11:51:33,2466.8,15,79328,74658,2454.06,152447,-0.12
2021-06-16 11:51:34,2466.8,15,79421,74573,2454.06,152467,-0.12
2021-06-16 11:51:37,2466.8,85,79437,74594,2454.06,152467,-0.12
2021-06-16 11:51:38,2465.15,6,79437,74594,2454.06,152467,-0.18
2021-06-16 11:51:40,2465.15,6,79116,75116,2454.06,152559,-0.18
2021-06-16 11:51:40,2465.15,1,79116,75116,2454.06,152559,-0.18
2021-06-16 11:51:42,2466.4,1,79116,75116,2454.06,152559,-0.13
2021-06-16 11:51:45,2466.4,1,79111,74760,2454.07,152561,-0.13
2021-06-16 11:51:47,2466.4,1,79112,74758,2454.07,152561,-0.13
2021-06-16 11:51:50,2466.4,1,79182,74746,2454.07,152561,-0.13
2021-06-16 11:51:51,2465.05,15,79182,74746,2454.07,152561,-0.19
2021-06-16 11:51:52,2465.05,15,79028,74780,2454.07,152681,-0.19
2021-06-16 11:51:53,2466.25,15,79028,74780,2454.07,152681,-0.14
2021-06-16 11:51:54,2466.25,2,79028,74780,2454.07,152681,-0.14
2021-06-16 11:51:55,2466.25,2,79161,74717,2454.08,152698,-0.14
2021-06-16 11:51:58,2466.25,1,79229,74736,2454.08,152699,-0.14
2021-06-16 11:52:00,2466.25,3,79281,74667,2454.08,152704,-0.14
2021-06-16 11:52:01,2466.5,1,79281,74667,2454.08,152704,-0.13
2021-06-16 11:52:02,2466.25,5,79281,74667,2454.08,152704,-0.14
2021-06-16 11:52:03,2466.25,5,79336,74749,2454.08,152727,-0.14
2021-06-16 11:52:05,2466.25,13,79336,74749,2454.08,152727,-0.14
2021-06-16 11:52:06,2466.25,13,79366,74771,2454.08,152740,-0.14
2021-06-16 11:52:09,2466.25,13,79367,74724,2454.08,152740,-0.14
2021-06-16 11:52:10,2466.25,2,79367,74724,2454.08,152740,-0.14
2021-06-16 11:52:12,2466.25,2,79416,74766,2454.08,152746,-0.14
2021-06-16 11:52:12,2466.25,8,79416,74766,2454.08,152746,-0.14
2021-06-16 11:52:13,2466.85,3,79416,74766,2454.08,152746,-0.12
2021-06-16 11:52:15,2466.85,3,79391,74773,2454.08,152758,-0.12
2021-06-16 11:52:15,2466.85,4,79391,74773,2454.08,152758,-0.12
2021-06-16 11:52:17,2466.85,4,79292,74834,2454.08,152764,-0.12
2021-06-16 11:52:20,2466.85,4,79224,74853,2454.08,152764,-0.12
2021-06-16 11:52:22,2466.75,21,79196,74865,2454.09,152864,-0.12
2021-06-16 11:52:25,2466.75,21,79207,74822,2454.09,152864,-0.12
2021-06-16 11:52:29,2465.45,2,79207,74822,2454.09,152864,-0.17
2021-06-16 11:52:31,2465.45,2,79064,74842,2454.09,152866,-0.17
2021-06-16 11:52:34,2466.6,9,79096,74864,2454.09,152875,-0.13
2021-06-16 11:52:35,2467.75,1,79096,74864,2454.09,152875,-0.08
2021-06-16 11:52:36,2467.6,8,79096,74864,2454.09,152875,-0.09
2021-06-16 11:52:37,2467.6,8,79195,74892,2454.13,153383,-0.09
2021-06-16 11:52:39,2467.6,8,79185,74943,2454.13,153383,-0.09
2021-06-16 11:52:42,2467.6,8,79198,74958,2454.13,153383,-0.09
2021-06-16 11:52:45,2467.6,8,79314,74831,2454.15,153633,-0.09
2021-06-16 11:52:47,2467.6,8,79399,74839,2454.15,153633,-0.09
2021-06-16 11:52:49,2467.6,8,79399,74874,2454.15,153633,-0.09
2021-06-16 11:52:52,2467.6,8,79368,74875,2454.15,153633,-0.09
2021-06-16 11:52:54,2466.05,9,79368,74875,2454.15,153633,-0.15
2021-06-16 11:52:55,2466.05,9,79034,75145,2454.16,153642,-0.15
2021-06-16 11:52:57,2467.25,2,79345,75163,2454.16,153644,-0.1
2021-06-16 11:53:00,2467.25,2,79362,75195,2454.16,153644,-0.1
2021-06-16 11:53:03,2467.25,2,79442,75221,2454.16,153644,-0.1
2021-06-16 11:53:04,2466.05,30,79442,75221,2454.16,153644,-0.15
2021-06-16 11:53:05,2466.05,30,79452,75211,2454.16,153674,-0.15
2021-06-16 11:53:06,2467.25,16,79452,75211,2454.16,153674,-0.1
2021-06-16 11:53:07,2467.25,5,79484,75121,2454.17,153779,-0.1
2021-06-16 11:53:09,2467.25,5,79494,75131,2454.17,153779,-0.1
2021-06-16 11:53:11,2467.25,5,79495,75143,2454.17,153779,-0.1
2021-06-16 11:53:13,2467.25,2,79495,75143,2454.17,153779,-0.1
2021-06-16 11:53:13,2467.25,2,79505,75238,2454.17,153781,-0.1
2021-06-16 11:53:16,2467.15,9,79430,75256,2454.17,153790,-0.1
2021-06-16 11:53:18,2467.15,9,79430,75267,2454.17,153790,-0.1
2021-06-16 11:53:21,2467.15,9,79432,75269,2454.17,153790,-0.1
2021-06-16 11:53:22,2467.15,20,79432,75269,2454.17,153790,-0.1
2021-06-16 11:53:25,2467.15,20,79432,75241,2454.17,153810,-0.1
2021-06-16 11:53:28,2467.15,20,79432,75406,2454.17,153810,-0.1
2021-06-16 11:53:31,2467.15,20,79436,75380,2454.17,153810,-0.1
2021-06-16 11:53:31,2466.0,3,79436,75380,2454.17,153810,-0.15
2021-06-16 11:53:34,2466.0,3,79429,75380,2454.17,153815,-0.15
2021-06-16 11:53:36,2466.0,3,79459,75373,2454.17,153815,-0.15
2021-06-16 11:53:37,2467.15,9,79459,75373,2454.17,153815,-0.1
2021-06-16 11:53:39,2467.15,9,79479,75364,2454.17,153824,-0.1
2021-06-16 11:53:40,2467.15,5,79479,75364,2454.17,153824,-0.1
2021-06-16 11:53:41,2467.15,5,79509,75354,2454.17,153834,-0.1
2021-06-16 11:53:43,2467.15,5,79559,75354,2454.17,153834,-0.1
2021-06-16 11:53:51,2467.15,5,79551,75354,2454.17,153834,-0.1
2021-06-16 11:53:57,2467.15,5,79552,75354,2454.17,153834,-0.1
2021-06-16 11:53:57,2466.0,52,79552,75354,2454.17,153834,-0.15
2021-06-16 11:53:59,2466.0,52,78825,75462,2454.18,153984,-0.15
2021-06-16 11:54:02,2466.0,52,79223,75402,2454.18,153984,-0.15
2021-06-16 11:54:06,2466.0,52,79357,75469,2454.18,153984,-0.15
2021-06-16 11:54:09,2466.0,52,79358,75469,2454.18,153984,-0.15
2021-06-16 11:54:12,2466.0,52,79358,75472,2454.18,153984,-0.15
2021-06-16 11:54:14,2466.0,52,79359,75972,2454.18,153984,-0.15
2021-06-16 11:54:16,2466.0,52,79208,75911,2454.18,153984,-0.15
2021-06-16 11:54:18,2466.0,1,79208,75911,2454.18,153984,-0.15
2021-06-16 11:54:19,2466.0,8,79215,75920,2454.18,153985,-0.15
2021-06-16 11:54:22,2466.0,9,79199,75830,2454.19,154093,-0.15
2021-06-16 11:54:24,2466.0,9,79199,75826,2454.19,154093,-0.15
2021-06-16 11:54:25,2465.25,8,79199,75826,2454.19,154093,-0.18
2021-06-16 11:54:28,2465.25,8,79221,75825,2454.19,154101,-0.18
2021-06-16 11:54:33,2465.25,8,79226,75864,2454.19,154101,-0.18
2021-06-16 11:54:36,2465.25,8,79203,75864,2454.19,154101,-0.18
2021-06-16 11:54:38,2465.25,8,79159,75864,2454.19,154101,-0.18
2021-06-16 11:54:40,2466.0,1,79159,75864,2454.19,154101,-0.15
2021-06-16 11:54:40,2466.0,1,79125,75864,2454.19,154110,-0.15
2021-06-16 11:54:43,2466.0,1,79168,75869,2454.19,154110,-0.15
2021-06-16 11:54:46,2466.0,1,79196,75869,2454.19,154110,-0.15
2021-06-16 11:54:48,2466.0,1,79196,75845,2454.19,154110,-0.15
2021-06-16 11:54:51,2466.0,1,79226,75845,2454.19,154110,-0.15
2021-06-16 11:54:54,2466.0,1,79168,75845,2454.19,154110,-0.15
2021-06-16 11:54:57,2466.0,1,79192,75843,2454.19,154110,-0.15
2021-06-16 11:54:59,2466.0,1,78645,75965,2454.19,154110,-0.15
2021-06-16 11:55:01,2466.0,4,78645,75965,2454.19,154110,-0.15
2021-06-16 11:55:02,2465.3,1,79034,75954,2454.2,154176,-0.18
2021-06-16 11:55:04,2465.3,1,79018,76013,2454.2,154254,-0.18
2021-06-16 11:55:06,2466.0,2,79018,76013,2454.2,154254,-0.15
2021-06-16 11:55:07,2466.0,2,79029,76014,2454.2,154256,-0.15
2021-06-16 11:55:09,2465.25,16,79029,76014,2454.2,154256,-0.18
2021-06-16 11:55:10,2466.0,1,79029,76014,2454.2,154256,-0.15
2021-06-16 11:55:12,2466.0,1,79012,75953,2454.21,154342,-0.15
2021-06-16 11:55:15,2466.0,1,79012,75955,2454.21,154342,-0.15
2021-06-16 11:55:16,2465.25,5,79012,75955,2454.21,154342,-0.18
2021-06-16 11:55:17,2465.25,5,79008,75944,2454.21,154347,-0.18
2021-06-16 11:55:19,2465.25,5,79008,75952,2454.21,154347,-0.18
2021-06-16 11:55:22,2466.0,2,79143,75927,2454.21,154351,-0.15
2021-06-16 11:55:23,2466.0,5,79143,75927,2454.21,154351,-0.15
2021-06-16 11:55:24,2466.0,5,79242,75925,2454.21,154356,-0.15
2021-06-16 11:55:25,2465.3,15,79242,75925,2454.21,154356,-0.18
2021-06-16 11:55:27,2465.3,15,79148,75960,2454.22,154481,-0.18
2021-06-16 11:55:29,2465.3,15,79087,75959,2454.22,154481,-0.18
2021-06-16 11:55:31,2465.3,15,79101,75917,2454.22,154481,-0.18
2021-06-16 11:55:34,2465.3,15,79082,75933,2454.22,154481,-0.18
2021-06-16 11:55:36,2465.25,1,79082,75933,2454.22,154481,-0.18
2021-06-16 11:55:37,2465.25,1,79111,75929,2454.22,154482,-0.18
2021-06-16 11:55:39,2465.25,1,79112,75929,2454.22,154482,-0.18
2021-06-16 11:55:41,2465.25,1,79112,75930,2454.22,154482,-0.18
2021-06-16 11:55:42,2466.15,2,79112,75930,2454.22,154482,-0.14
2021-06-16 11:55:43,2466.15,1,79112,75930,2454.22,154482,-0.14
2021-06-16 11:55:44,2466.15,1,79219,75876,2454.22,154511,-0.14
2021-06-16 11:55:46,2466.15,1,79219,75906,2454.22,154511,-0.14
2021-06-16 11:55:48,2466.15,1,79219,75920,2454.22,154511,-0.14
2021-06-16 11:55:53,2466.15,1,79219,76020,2454.22,154511,-0.14
2021-06-16 11:55:54,2466.1,1,79219,76020,2454.22,154511,-0.15
2021-06-16 11:55:58,2466.1,1,79140,76019,2454.22,154512,-0.15
2021-06-16 11:56:00,2466.1,2,79140,76019,2454.22,154512,-0.15
2021-06-16 11:56:00,2466.15,1,79140,76019,2454.22,154512,-0.14
2021-06-16 11:56:02,2466.15,1,79127,76014,2454.22,154518,-0.14
2021-06-16 11:56:04,2466.15,1,79101,75888,2454.22,154525,-0.14
2021-06-16 11:56:06,2466.15,1,79036,75902,2454.22,154534,-0.14
2021-06-16 11:56:08,2466.15,3,79036,75902,2454.22,154534,-0.14
2021-06-16 11:56:09,2466.15,5,79076,75809,2454.22,154544,-0.14
2021-06-16 11:56:11,2466.15,5,79044,75825,2454.22,154544,-0.14
2021-06-16 11:56:13,2466.15,5,79094,75846,2454.22,154544,-0.14
2021-06-16 11:56:15,2466.35,2,79094,75846,2454.22,154544,-0.14
2021-06-16 11:56:18,2466.35,2,79094,75847,2454.23,154546,-0.14
2021-06-16 11:56:21,2466.4,1,79093,75742,2454.23,154547,-0.13
2021-06-16 11:56:23,2466.4,1,79095,75752,2454.23,154547,-0.13
2021-06-16 11:56:25,2466.5,1,79095,75752,2454.23,154547,-0.13
2021-06-16 11:56:25,2466.5,1,79095,75711,2454.23,154548,-0.13
2021-06-16 11:56:27,2467.0,7,79095,75711,2454.23,154548,-0.11
2021-06-16 11:56:28,2467.0,7,79110,75642,2454.23,154638,-0.11
2021-06-16 11:56:30,2467.0,5,79110,75642,2454.23,154638,-0.11
2021-06-16 11:56:31,2467.0,5,79120,75646,2454.23,154646,-0.11
2021-06-16 11:56:33,2467.0,5,79241,75666,2454.23,154646,-0.11
2021-06-16 11:56:36,2467.0,5,79204,75687,2454.23,154646,-0.11
2021-06-16 11:56:37,2466.4,20,79204,75687,2454.23,154646,-0.13
2021-06-16 11:56:38,2466.4,20,79184,75672,2454.23,154666,-0.13
2021-06-16 11:56:40,2466.4,20,79184,75693,2454.23,154666,-0.13
2021-06-16 11:56:46,2466.4,3,79184,75693,2454.23,154666,-0.13
2021-06-16 11:56:47,2466.4,3,79186,75725,2454.24,154670,-0.13
2021-06-16 11:56:49,2466.4,3,79187,75725,2454.24,154670,-0.13
2021-06-16 11:56:51,2467.0,3,79187,75725,2454.24,154670,-0.11
2021-06-16 11:56:52,2467.0,3,79186,75721,2454.24,154676,-0.11
2021-06-16 11:56:54,2467.0,3,79199,75721,2454.24,154676,-0.11
2021-06-16 11:56:55,2467.0,1,79199,75721,2454.24,154676,-0.11
2021-06-16 11:56:57,2467.0,1,79148,75763,2454.24,154677,-0.11
2021-06-16 11:56:59,2467.0,1,79118,75754,2454.24,154677,-0.11
2021-06-16 11:57:01,2467.05,3,79126,75742,2454.24,154727,-0.11
2021-06-16 11:57:04,2467.05,3,79125,75742,2454.24,154727,-0.11
2021-06-16 11:57:06,2467.05,3,79156,75739,2454.24,154727,-0.11
2021-06-16 11:57:07,2467.0,7,79156,75739,2454.24,154727,-0.11
2021-06-16 11:57:08,2467.0,7,79155,75724,2454.24,154735,-0.11
2021-06-16 11:57:10,2467.0,1,79145,75733,2454.24,154736,-0.11
2021-06-16 11:57:11,2467.5,13,79145,75733,2454.24,154736,-0.09
2021-06-16 11:57:13,2467.5,13,79424,74962,2454.25,154836,-0.09
2021-06-16 11:57:15,2467.5,13,79424,75020,2454.25,154836,-0.09
2021-06-16 11:57:17,2467.5,13,79419,75305,2454.25,154836,-0.09
2021-06-16 11:57:19,2467.5,13,79382,75337,2454.25,154836,-0.09
2021-06-16 11:57:21,2466.55,2,79382,75337,2454.25,154836,-0.13
2021-06-16 11:57:22,2466.55,2,79205,75483,2454.26,154927,-0.13
2021-06-16 11:57:22,2467.4,12,79205,75483,2454.26,154927,-0.09
2021-06-16 11:57:24,2467.4,12,79089,75580,2454.26,154939,-0.09
2021-06-16 11:57:27,2467.4,12,79121,75592,2454.26,154939,-0.09
2021-06-16 11:57:28,2467.4,9,79121,75592,2454.26,154939,-0.09
2021-06-16 11:57:29,2467.4,9,79119,75600,2454.26,154949,-0.09
2021-06-16 11:57:32,2467.4,9,79129,75600,2454.26,154949,-0.09
2021-06-16 11:57:34,2467.4,9,79129,75607,2454.26,154949,-0.09
2021-06-16 11:57:37,2467.4,9,79129,75632,2454.26,154949,-0.09
2021-06-16 11:57:39,2467.4,9,79129,75614,2454.26,154949,-0.09
2021-06-16 11:57:45,2467.4,9,79169,75634,2454.26,154949,-0.09
2021-06-16 11:57:46,2467.35,8,79169,75634,2454.26,154949,-0.1
2021-06-16 11:57:47,2467.35,8,79169,75620,2454.26,154957,-0.1
2021-06-16 11:57:49,2467.35,9,79169,75620,2454.26,154957,-0.1
2021-06-16 11:57:49,2467.35,9,79168,75611,2454.26,154966,-0.1
2021-06-16 11:57:51,2467.45,6,79168,75611,2454.26,154966,-0.09
2021-06-16 11:57:52,2467.45,6,79214,75568,2454.27,155066,-0.09
2021-06-16 11:57:52,2467.35,1,79214,75568,2454.27,155066,-0.1
2021-06-16 11:57:54,2467.35,1,79140,75927,2454.27,155067,-0.1
2021-06-16 11:57:54,2467.0,15,79140,75927,2454.27,155067,-0.11
2021-06-16 11:57:56,2467.0,15,79126,75929,2454.27,155082,-0.11
2021-06-16 11:58:00,2466.3,4,79126,75929,2454.27,155082,-0.14
2021-06-16 11:58:00,2466.3,4,79108,75598,2454.27,155092,-0.14
2021-06-16 11:58:03,2467.3,10,79106,75595,2454.27,155092,-0.1
2021-06-16 11:58:05,2467.3,10,79138,75528,2454.27,155102,-0.1
2021-06-16 11:58:07,2467.3,10,79098,75725,2454.27,155102,-0.1
2021-06-16 11:58:07,2466.15,4,79098,75725,2454.27,155102,-0.14
2021-06-16 11:58:08,2467.0,1,79098,75725,2454.27,155102,-0.11
2021-06-16 11:58:09,2466.15,2,79082,75707,2454.27,155112,-0.14
2021-06-16 11:58:10,2467.0,7,79082,75707,2454.27,155112,-0.11
2021-06-16 11:58:11,2466.05,1,79080,75741,2454.27,155120,-0.15
2021-06-16 11:58:13,2466.05,1,78866,76072,2454.27,155120,-0.15
2021-06-16 11:58:16,2466.15,1,78866,76072,2454.27,155120,-0.14
2021-06-16 11:58:16,2465.4,4,78866,76072,2454.27,155120,-0.17
2021-06-16 11:58:17,2466.15,2,78916,75894,2454.27,155135,-0.14
2021-06-16 11:58:18,2465.35,5,78916,75894,2454.27,155135,-0.18
2021-06-16 11:58:19,2465.35,2,78952,76000,2454.27,155149,-0.18
2021-06-16 11:58:21,2465.35,1,78952,76000,2454.27,155149,-0.18
2021-06-16 11:58:21,2465.35,1,79123,75856,2454.28,155156,-0.18
2021-06-16 11:58:24,2465.4,1,78952,75896,2454.28,155157,-0.17
2021-06-16 11:58:24,2465.4,4,78952,75896,2454.28,155157,-0.17
2021-06-16 11:58:26,2465.4,4,78978,75965,2454.28,155161,-0.17
2021-06-16 11:58:28,2465.4,2,78978,75965,2454.28,155161,-0.17
2021-06-16 11:58:28,2465.4,2,78923,76108,2454.28,155163,-0.17
2021-06-16 11:58:30,2466.2,50,78923,76108,2454.28,155163,-0.14
2021-06-16 11:58:30,2466.2,50,78899,76063,2454.28,155213,-0.14
2021-06-16 11:58:31,2466.2,9,78899,76063,2454.28,155213,-0.14
2021-06-16 11:58:33,2466.2,9,78931,76043,2454.28,155222,-0.14
2021-06-16 11:58:34,2466.2,9,78931,76050,2454.28,155222,-0.14
2021-06-16 11:58:37,2466.2,9,78931,76051,2454.28,155222,-0.14
2021-06-16 11:58:40,2466.2,99,78931,76051,2454.28,155222,-0.14
2021-06-16 11:58:42,2466.2,99,78970,75942,2454.29,155321,-0.14
2021-06-16 11:58:43,2466.2,5,78970,75942,2454.29,155321,-0.14
2021-06-16 11:58:44,2466.2,5,79003,75929,2454.29,155326,-0.14
2021-06-16 11:58:45,2466.15,5,79003,75929,2454.29,155326,-0.14
2021-06-16 11:58:46,2466.15,5,78997,75922,2454.29,155331,-0.14
2021-06-16 11:58:48,2466.15,5,78998,75923,2454.29,155331,-0.14
2021-06-16 11:58:51,2466.15,5,79008,75925,2454.29,155331,-0.14
2021-06-16 11:58:52,2466.15,2,79008,75925,2454.29,155331,-0.14
2021-06-16 11:58:53,2466.15,2,79007,75913,2454.29,155340,-0.14
2021-06-16 11:58:55,2466.15,2,78974,75907,2454.29,155340,-0.14
2021-06-16 11:58:58,2466.2,21,78974,75907,2454.29,155340,-0.14
2021-06-16 11:58:59,2465.4,6,79067,75892,2454.29,155387,-0.17
2021-06-16 11:59:01,2465.3,1,79037,75893,2454.29,155392,-0.18
2021-06-16 11:59:06,2465.3,1,79039,75660,2454.29,155392,-0.18
2021-06-16 11:59:07,2465.3,1,79009,75679,2454.29,155392,-0.18
2021-06-16 11:59:08,2465.3,1,79010,75695,2454.29,155392,-0.18
2021-06-16 11:59:10,2466.2,5,79017,75683,2454.3,155422,-0.14
2021-06-16 11:59:11,2466.2,5,79017,75684,2454.3,155422,-0.14
2021-06-16 11:59:12,2466.65,8,79138,75636,2454.3,155479,-0.12
2021-06-16 11:59:13,2466.65,8,79073,75607,2454.3,155479,-0.12
2021-06-16 11:59:15,2466.65,8,79098,75607,2454.3,155479,-0.12
2021-06-16 11:59:15,2466.65,8,79098,75608,2454.3,155479,-0.12
2021-06-16 11:59:16,2466.65,8,79098,75708,2454.3,155479,-0.12
2021-06-16 11:59:18,2466.65,4,79098,75709,2454.3,155479,-0.12
2021-06-16 11:59:19,2466.65,4,79004,75687,2454.3,155483,-0.12
2021-06-16 11:59:21,2466.65,1,79034,75683,2454.3,155484,-0.12
2021-06-16 11:59:22,2466.65,1,78986,75700,2454.3,155485,-0.12
2021-06-16 11:59:23,2466.7,3,78955,75807,2454.3,155488,-0.12
2021-06-16 11:59:24,2466.7,3,78974,75807,2454.3,155488,-0.12
2021-06-16 11:59:25,2466.7,3,78974,75813,2454.3,155488,-0.12
2021-06-16 11:59:25,2466.7,3,78986,75814,2454.3,155488,-0.12
2021-06-16 11:59:26,2466.7,3,78976,75816,2454.3,155488,-0.12
2021-06-16 11:59:27,2466.7,3,79005,75852,2454.3,155488,-0.12
2021-06-16 11:59:28,2466.7,3,78930,75771,2454.3,155488,-0.12
2021-06-16 11:59:30,2466.7,3,78940,75871,2454.3,155488,-0.12
2021-06-16 11:59:30,2466.7,3,78940,75956,2454.3,155488,-0.12
2021-06-16 11:59:31,2465.4,9,78940,75921,2454.3,155497,-0.17
2021-06-16 11:59:32,2465.4,9,78905,76135,2454.3,155497,-0.17
2021-06-16 11:59:33,2465.4,1,78905,76135,2454.3,155497,-0.17
2021-06-16 11:59:33,2465.4,1,79004,75952,2454.3,155498,-0.17
2021-06-16 11:59:35,2465.4,1,79009,75952,2454.3,155498,-0.17
2021-06-16 11:59:37,2465.4,1,78775,75955,2454.3,155498,-0.17
2021-06-16 11:59:39,2465.4,1,78766,75955,2454.3,155498,-0.17
2021-06-16 11:59:40,2465.4,1,78744,75955,2454.3,155498,-0.17
2021-06-16 11:59:43,2465.4,1,78767,75955,2454.3,155498,-0.17
2021-06-16 11:59:43,2465.4,1,78767,75990,2454.3,155498,-0.17
2021-06-16 11:59:44,2466.45,1,78767,75990,2454.3,155498,-0.13
2021-06-16 11:59:45,2466.45,1,78768,75990,2454.3,155499,-0.13
2021-06-16 11:59:46,2466.45,1,78768,75986,2454.3,155502,-0.13
2021-06-16 11:59:47,2466.45,1,78799,75986,2454.3,155502,-0.13
2021-06-16 11:59:49,2466.45,1,78799,75988,2454.3,155502,-0.13
2021-06-16 11:59:50,2466.45,1,78801,75937,2454.3,155502,-0.13
2021-06-16 11:59:51,2466.45,1,78811,75937,2454.3,155502,-0.13
2021-06-16 11:59:52,2466.45,1,78940,75926,2454.3,155512,-0.13
2021-06-16 11:59:54,2466.45,1,78949,75926,2454.3,155512,-0.13
2021-06-16 11:59:55,2466.45,2,78949,75926,2454.3,155512,-0.13
2021-06-16 11:59:56,2466.75,1,78982,75780,2454.31,155582,-0.12
2021-06-16 11:59:57,2466.75,1,78957,75782,2454.31,155582,-0.12
2021-06-16 11:59:58,2466.75,1,79068,75811,2454.31,155582,-0.12
2021-06-16 12:00:00,2466.5,2,79068,75678,2454.31,155582,-0.13
2021-06-16 12:00:00,2466.5,2,79068,75780,2454.31,155584,-0.13
2021-06-16 12:00:01,2467.5,35,79068,75781,2454.31,155584,-0.09
2021-06-16 12:00:03,2467.5,35,79168,75620,2454.31,155670,-0.09
2021-06-16 12:00:04,2467.5,35,79168,75681,2454.31,155670,-0.09
2021-06-16 12:00:05,2467.45,5,79168,75681,2454.31,155670,-0.09
2021-06-16 12:00:06,2467.45,1,79172,75696,2454.32,155675,-0.09
2021-06-16 12:00:06,2467.45,1,79156,75663,2454.32,155761,-0.09
2021-06-16 12:00:07,2467.45,1,79156,75654,2454.32,155761,-0.09
2021-06-16 12:00:09,2466.15,11,79156,75654,2454.32,155761,-0.14
2021-06-16 12:00:10,2466.15,11,79145,75654,2454.32,155772,-0.14
2021-06-16 12:00:11,2466.15,11,79171,76062,2454.32,155772,-0.14
2021-06-16 12:00:13,2466.15,11,79201,76042,2454.32,155772,-0.14
2021-06-16 12:00:14,2466.15,11,79202,76015,2454.32,155772,-0.14
2021-06-16 12:00:15,2467.4,193,79202,76015,2454.32,155772,-0.09
2021-06-16 12:00:15,2467.4,193,79185,75987,2454.34,155972,-0.09
2021-06-16 12:00:16,2467.4,8,79194,75988,2454.34,155980,-0.09
2021-06-16 12:00:17,2469.0,6,80077,74850,2454.39,156564,-0.03
2021-06-16 12:00:18,2468.0,6,80078,74847,2454.39,156564,-0.07
2021-06-16 12:00:19,2468.0,6,79612,75066,2454.39,156570,-0.07
2021-06-16 12:00:19,2467.0,3,79578,75066,2454.39,156570,-0.11
2021-06-16 12:00:21,2468.6,20,79992,75085,2454.4,156610,-0.04
2021-06-16 12:00:22,2468.6,20,79992,75117,2454.4,156610,-0.04
2021-06-16 12:00:22,2468.6,20,80075,74944,2454.4,156610,-0.04
2021-06-16 12:00:24,2468.6,20,80075,74946,2454.4,156610,-0.04
2021-06-16 12:00:25,2468.4,74,80075,74946,2454.4,156610,-0.05
2021-06-16 12:00:25,2468.4,74,80073,75002,2454.4,156704,-0.05
2021-06-16 12:00:27,2468.4,74,80043,75000,2454.4,156704,-0.05
2021-06-16 12:00:27,2468.4,74,80043,75003,2454.4,156704,-0.05
2021-06-16 12:00:28,2468.4,74,80043,75033,2454.4,156704,-0.05
2021-06-16 12:00:30,2468.4,74,80043,75040,2454.4,156704,-0.05
2021-06-16 12:00:31,2468.4,74,80058,75000,2454.4,156704,-0.05
2021-06-16 12:00:33,2468.4,74,80059,75101,2454.4,156704,-0.05
2021-06-16 12:00:33,2468.3,17,80059,75101,2454.4,156704,-0.06
2021-06-16 12:00:34,2468.3,17,80057,75084,2454.41,156721,-0.06
2021-06-16 12:00:34,2468.3,1,80034,75028,2454.41,156726,-0.06
2021-06-16 12:00:35,2468.05,6,80034,75028,2454.41,156726,-0.07
2021-06-16 12:00:36,2469.4,63,80071,74814,2454.44,157114,-0.01
2021-06-16 12:00:37,2469.15,9,80105,74825,2454.44,157114,-0.02
2021-06-16 12:00:37,2469.15,9,80134,74773,2454.44,157123,-0.02
2021-06-16 12:00:39,2469.15,9,80134,74774,2454.44,157123,-0.02
2021-06-16 12:00:40,2469.15,9,80114,74875,2454.44,157123,-0.02
2021-06-16 12:00:42,2469.15,9,80114,74836,2454.44,157123,-0.02
2021-06-16 12:00:46,2469.15,9,80047,74829,2454.44,157123,-0.02
2021-06-16 12:00:46,2469.15,9,79752,74780,2454.44,157123,-0.02
2021-06-16 12:00:48,2469.15,9,79752,74790,2454.44,157123,-0.02
2021-06-16 12:00:48,2469.15,9,80060,74781,2454.44,157123,-0.02
2021-06-16 12:00:49,2469.15,9,80187,74702,2454.44,157123,-0.02
2021-06-16 12:00:52,2469.1,1,80236,74718,2454.44,157125,-0.02
2021-06-16 12:00:52,2469.15,6,79908,75152,2454.44,157138,-0.02
2021-06-16 12:00:54,2469.15,6,79909,75162,2454.44,157138,-0.02
2021-06-16 12:00:55,2469.15,6,79912,75162,2454.44,157138,-0.02
2021-06-16 12:00:55,2468.05,1,79911,75163,2454.44,157139,-0.07
2021-06-16 12:00:56,2469.25,1,79911,75163,2454.44,157139,-0.02
2021-06-16 12:00:57,2469.25,1,79951,75153,2454.44,157140,-0.02
2021-06-16 12:00:57,2468.05,9,79951,75153,2454.44,157140,-0.07
2021-06-16 12:00:58,2469.25,1,79945,74655,2454.46,157364,-0.02
2021-06-16 12:00:59,2469.4,29,80102,74635,2454.47,157406,-0.01
2021-06-16 12:01:00,2469.4,29,80078,74625,2454.47,157406,-0.01
2021-06-16 12:01:00,2469.4,29,80025,74650,2454.47,157406,-0.01
2021-06-16 12:01:01,2469.4,29,80159,74544,2454.47,157406,-0.01
2021-06-16 12:01:03,2469.4,29,80169,74642,2454.47,157406,-0.01
2021-06-16 12:01:04,2469.4,1,80169,74646,2454.47,157416,-0.01
2021-06-16 12:01:05,2469.4,1,80174,74652,2454.47,157416,-0.01
2021-06-16 12:01:06,2468.7,1,80140,74652,2454.47,157417,-0.04
2021-06-16 12:01:07,2469.95,16,80197,74532,2454.48,157541,0.01
2021-06-16 12:01:08,2469.95,5,80176,74568,2454.48,157546,0.01
2021-06-16 12:01:09,2469.95,5,80176,74894,2454.48,157546,0.01
2021-06-16 12:01:10,2469.95,5,80143,74892,2454.48,157546,0.01
2021-06-16 12:01:10,2469.95,5,80163,74892,2454.48,157546,0.01
2021-06-16 12:01:12,2469.4,9,80174,74622,2454.48,157557,-0.01
2021-06-16 12:01:13,2469.4,5,80154,74667,2454.48,157562,-0.01
2021-06-16 12:01:14,2468.55,3,80155,74944,2454.48,157562,-0.05
2021-06-16 12:01:15,2468.55,3,80091,74971,2454.49,157588,-0.05
2021-06-16 12:01:15,2469.0,12,80091,74971,2454.49,157588,-0.03
2021-06-16 12:01:16,2469.0,14,80043,74969,2454.49,157614,-0.03
2021-06-16 12:01:17,2469.0,1,80043,74974,2454.49,157615,-0.03
2021-06-16 12:01:19,2469.0,1,80124,74989,2454.49,157615,-0.03
2021-06-16 12:01:19,2469.0,1,80274,74989,2454.49,157615,-0.03
2021-06-16 12:01:22,2469.0,1,80289,75089,2454.49,157615,-0.03
2021-06-16 12:01:22,2469.4,33,80312,75029,2454.49,157648,-0.01
2021-06-16 12:01:25,2469.4,33,80252,75032,2454.49,157648,-0.01
2021-06-16 12:01:25,2469.4,33,80252,75033,2454.49,157648,-0.01
2021-06-16 12:01:28,2469.4,33,79847,75033,2454.49,157648,-0.01
2021-06-16 12:01:29,2469.4,33,79866,75033,2454.49,157648,-0.01
2021-06-16 12:01:30,2469.4,33,79905,75112,2454.49,157648,-0.01
2021-06-16 12:01:31,2469.4,200,79970,74912,2454.51,157848,-0.01
2021-06-16 12:01:32,2469.4,200,79980,74962,2454.51,157848,-0.01
2021-06-16 12:01:33,2469.4,200,79985,74972,2454.51,157848,-0.01
2021-06-16 12:01:34,2469.4,200,79945,74974,2454.51,157848,-0.01
2021-06-16 12:01:35,2469.4,200,79796,74974,2454.51,157848,-0.01
2021-06-16 12:01:36,2468.5,1,79796,74974,2454.51,157848,-0.05
2021-06-16 12:01:37,2468.5,1,79754,74979,2454.52,157898,-0.05
2021-06-16 12:01:38,2468.5,1,79754,74983,2454.52,157898,-0.05
2021-06-16 12:01:40,2468.5,1,79754,75000,2454.52,157898,-0.05
2021-06-16 12:01:41,2468.5,1,79824,75040,2454.52,157898,-0.05
2021-06-16 12:01:42,2468.5,1,79787,75040,2454.52,157898,-0.05
2021-06-16 12:01:43,2468.55,35,79787,75040,2454.52,157933,-0.05
2021-06-16 12:01:43,2472.9,66,79787,75040,2454.52,157933,0.13
2021-06-16 12:01:44,2472.2,4,80994,73269,2454.72,159893,0.1
2021-06-16 12:01:45,2471.05,54,79948,72536,2454.78,160492,0.05
2021-06-16 12:01:46,2471.05,54,80645,72913,2454.78,160492,0.05
2021-06-16 12:01:47,2471.6,42,80888,72987,2454.79,160542,0.08
2021-06-16 12:01:48,2471.4,400,79322,73761,2454.87,161353,0.07
2021-06-16 12:01:49,2471.0,1,79419,73925,2454.87,161359,0.05
2021-06-16 12:01:50,2471.0,1,79767,73942,2454.87,161359,0.05
2021-06-16 12:01:51,2471.0,1,80162,73558,2454.87,161359,0.05
2021-06-16 12:01:52,2471.0,1,80152,73558,2454.87,161359,0.05
2021-06-16 12:01:52,2470.1,21,80352,73744,2454.88,161459,0.02
2021-06-16 12:01:54,2470.1,21,80352,73746,2454.88,161459,0.02
2021-06-16 12:01:54,2471.7,17,80352,73746,2454.88,161459,0.08
2021-06-16 12:01:55,2471.7,17,80547,73681,2454.88,161479,0.08
2021-06-16 12:01:56,2471.7,17,80592,73681,2454.88,161479,0.08
2021-06-16 12:01:57,2470.35,22,80592,73681,2454.88,161479,0.03
2021-06-16 12:01:58,2470.35,22,80147,73684,2454.89,161579,0.03
2021-06-16 12:02:00,2471.7,19,80279,73689,2454.91,161779,0.08
2021-06-16 12:02:01,2471.7,19,80260,73723,2454.91,161779,0.08
2021-06-16 12:02:02,2471.6,3,80260,73723,2454.91,161779,0.08
2021-06-16 12:02:03,2471.6,7,80202,73730,2454.91,161794,0.08
2021-06-16 12:02:04,2471.6,7,80268,73757,2454.92,161831,0.08
2021-06-16 12:02:05,2471.6,7,80268,73767,2454.92,161831,0.08
2021-06-16 12:02:06,2471.6,7,80268,73769,2454.92,161831,0.08
2021-06-16 12:02:07,2470.7,28,80268,73769,2454.92,161831,0.04
2021-06-16 12:02:07,2470.7,28,80202,73770,2454.92,161859,0.04
2021-06-16 12:02:08,2470.7,28,80206,73770,2454.92,161859,0.04
2021-06-16 12:02:09,2471.6,3,80216,73771,2454.92,161859,0.08
2021-06-16 12:02:10,2471.6,5,80279,73426,2454.92,161876,0.08
2021-06-16 12:02:11,2471.6,5,80319,73848,2454.92,161876,0.08
2021-06-16 12:02:12,2471.6,5,79819,74147,2454.92,161876,0.08
2021-06-16 12:02:13,2471.6,5,80384,74308,2454.92,161876,0.08
2021-06-16 12:02:14,2471.6,5,80089,74185,2454.92,161876,0.08
2021-06-16 12:02:15,2471.6,5,80042,74185,2454.92,161876,0.08
2021-06-16 12:02:18,2471.6,5,80034,74175,2454.92,161876,0.08
2021-06-16 12:02:19,2471.6,5,80057,74175,2454.92,161876,0.08
2021-06-16 12:02:19,2471.45,10,80057,74175,2454.92,161876,0.07
2021-06-16 12:02:20,2471.45,10,80187,74154,2454.92,161886,0.07
2021-06-16 12:02:21,2471.45,10,80168,74154,2454.92,161886,0.07
2021-06-16 12:02:22,2470.85,9,80113,74289,2454.92,161896,0.05
2021-06-16 12:02:26,2470.85,9,80113,74301,2454.92,161896,0.05
2021-06-16 12:02:27,2470.85,9,79964,74452,2454.92,161896,0.05
2021-06-16 12:02:27,2470.0,23,79964,74452,2454.92,161896,0.01
2021-06-16 12:02:28,2470.0,23,79950,74494,2454.93,161933,0.01
2021-06-16 12:02:29,2470.0,23,79960,74485,2454.93,161933,0.01
2021-06-16 12:02:30,2470.0,23,79960,74486,2454.93,161933,0.01
2021-06-16 12:02:32,2470.0,23,80043,74486,2454.93,161933,0.01
2021-06-16 12:02:33,2470.0,23,80043,74378,2454.93,161933,0.01
2021-06-16 12:02:35,2470.0,23,80044,74485,2454.93,161933,0.01
2021-06-16 12:02:36,2470.0,23,80044,74785,2454.93,161933,0.01
2021-06-16 12:02:38,2470.0,23,80045,74785,2454.93,161933,0.01
2021-06-16 12:02:40,2470.0,23,79966,74830,2454.93,161933,0.01
2021-06-16 12:02:41,2470.0,23,79288,75023,2454.93,161933,0.01
2021-06-16 12:02:42,2470.0,23,79910,74991,2454.93,161933,0.01
2021-06-16 12:02:43,2470.85,9,79903,74973,2454.93,161942,0.05
2021-06-16 12:02:44,2470.85,9,81130,74934,2454.93,161942,0.05
2021-06-16 12:02:45,2470.85,9,81159,74961,2454.93,161942,0.05
2021-06-16 12:02:45,2470.1,53,81159,74961,2454.93,161942,0.02
2021-06-16 12:02:46,2470.1,53,80736,74983,2454.94,162022,0.02
2021-06-16 12:02:47,2470.1,53,80272,74990,2454.94,162022,0.02
2021-06-16 12:02:48,2470.1,53,80358,74987,2454.94,162022,0.02
2021-06-16 12:02:49,2470.1,53,81158,74993,2454.94,162022,0.02
2021-06-16 12:02:50,2470.1,53,80748,74993,2454.94,162022,0.02
2021-06-16 12:02:51,2470.1,53,81148,74993,2454.94,162022,0.02
2021-06-16 12:02:52,2470.1,53,80348,74988,2454.94,162022,0.02
2021-06-16 12:02:53,2470.1,53,80340,74988,2454.94,162022,0.02
2021-06-16 12:02:54,2470.1,53,80340,75014,2454.94,162022,0.02
2021-06-16 12:02:55,2470.1,53,80340,74992,2454.94,162022,0.02
2021-06-16 12:02:55,2470.1,1,81181,74954,2454.94,162023,0.02
2021-06-16 12:02:56,2470.05,38,81181,74954,2454.94,162023,0.01
2021-06-16 12:02:57,2470.05,38,80549,75046,2454.97,162363,0.01
2021-06-16 12:02:58,2470.05,38,80684,75031,2454.97,162363,0.01
2021-06-16 12:03:00,2470.1,1,80684,75031,2454.97,162363,0.02
2021-06-16 12:03:00,2470.1,1,81061,75081,2454.97,162375,0.02
2021-06-16 12:03:02,2470.1,1,81070,75081,2454.97,162375,0.02
2021-06-16 12:03:03,2470.1,1,81090,75028,2454.97,162375,0.02
2021-06-16 12:03:04,2470.1,6,81059,74996,2454.97,162381,0.02
2021-06-16 12:03:06,2470.1,3,81059,75013,2454.97,162384,0.02
2021-06-16 12:03:07,2470.0,1,81058,74999,2454.97,162399,0.01
2021-06-16 12:03:08,2470.0,1,80801,74999,2454.97,162399,0.01
2021-06-16 12:03:10,2470.05,1,80831,75008,2454.97,162403,0.01
2021-06-16 12:03:11,2470.05,1,80799,75009,2454.97,162403,0.01
2021-06-16 12:03:16,2470.05,1,80758,75010,2454.97,162403,0.01
2021-06-16 12:03:19,2470.05,1,80759,75010,2454.97,162403,0.01
2021-06-16 12:03:19,2470.05,1,79825,75010,2454.97,162403,0.01
2021-06-16 12:03:20,2470.0,5,79825,75010,2454.97,162403,0.01
2021-06-16 12:03:21,2470.0,5,79821,75018,2454.98,162451,0.01
2021-06-16 12:03:22,2470.0,5,79823,75020,2454.98,162451,0.01
2021-06-16 12:03:22,2470.0,5,79823,75121,2454.98,162451,0.01
2021-06-16 12:03:24,2470.0,5,79623,75121,2454.98,162451,0.01
2021-06-16 12:03:25,2470.15,4,79623,75121,2454.98,162451,0.02
2021-06-16 12:03:27,2470.15,4,79622,75149,2454.98,162455,0.02
2021-06-16 12:03:28,2470.15,4,79622,75121,2454.98,162455,0.02
2021-06-16 12:03:29,2470.15,4,79622,75119,2454.98,162455,0.02
2021-06-16 12:03:31,2470.15,4,79618,75119,2454.98,162455,0.02
2021-06-16 12:03:35,2470.25,1,79618,75117,2454.98,162458,0.02
2021-06-16 12:03:36,2470.25,1,79618,75167,2454.98,162458,0.02
2021-06-16 12:03:39,2470.25,1,79618,75169,2454.98,162458,0.02
2021-06-16 12:03:45,2470.25,1,79619,75169,2454.98,162458,0.02
2021-06-16 12:03:46,2470.25,9,79618,75170,2454.98,162467,0.02
2021-06-16 12:03:47,2470.0,45,79980,75272,2454.98,162512,0.01
2021-06-16 12:03:48,2470.0,45,79980,75271,2454.98,162512,0.01
2021-06-16 12:03:51,2470.0,45,79845,75416,2454.98,162512,0.01
2021-06-16 12:03:52,2470.0,45,79845,75417,2454.98,162512,0.01
2021-06-16 12:03:53,2470.0,97,78020,75448,2455.02,162912,0.01
2021-06-16 12:03:54,2470.0,97,78296,75563,2455.02,162912,0.01
2021-06-16 12:03:55,2470.0,97,78296,75578,2455.02,162912,0.01
2021-06-16 12:03:58,2470.0,97,78532,75610,2455.02,162912,0.01
2021-06-16 12:04:00,2470.0,97,78532,75679,2455.02,162912,0.01
2021-06-16 12:04:01,2469.9,8,78532,75671,2455.02,162920,0.01
2021-06-16 12:04:03,2469.9,8,78533,75701,2455.02,162920,0.01
2021-06-16 12:04:04,2469.9,8,78533,75703,2455.02,162920,0.01
2021-06-16 12:04:05,2468.8,19,78364,75963,2455.04,163209,-0.04
2021-06-16 12:04:06,2469.5,5,78538,75808,2455.04,163209,-0.01
2021-06-16 12:04:07,2469.5,5,78538,75833,2455.05,163259,-0.01
2021-06-16 12:04:08,2469.5,5,78568,75833,2455.05,163259,-0.01
2021-06-16 12:04:09,2469.5,5,78568,75868,2455.05,163259,-0.01
2021-06-16 12:04:10,2469.5,5,78598,75868,2455.05,163259,-0.01
2021-06-16 12:04:11,2469.5,5,78598,75870,2455.05,163259,-0.01
2021-06-16 12:04:12,2469.5,5,78827,75867,2455.05,163259,-0.01
2021-06-16 12:04:15,2469.5,5,78820,75867,2455.05,163259,-0.01
2021-06-16 12:04:15,2469.5,5,78806,75867,2455.05,163259,-0.01
2021-06-16 12:04:17,2469.5,4,79014,75923,2455.05,163322,-0.01
2021-06-16 12:04:18,2469.5,4,79015,75845,2455.05,163322,-0.01
2021-06-16 12:04:19,2468.4,8,79699,75809,2455.05,163330,-0.05
2021-06-16 12:04:19,2468.4,10,79699,75809,2455.05,163330,-0.05
2021-06-16 12:04:21,2468.4,10,79665,75811,2455.05,163340,-0.05
2021-06-16 12:04:24,2468.4,10,79666,75812,2455.05,163340,-0.05
2021-06-16 12:04:25,2468.4,7,79666,75818,2455.05,163340,-0.05
2021-06-16 12:04:26,2468.15,1,79666,75818,2455.05,163340,-0.06
2021-06-16 12:04:27,2469.0,2,79576,75808,2455.06,163370,-0.03
2021-06-16 12:04:28,2469.0,2,79526,75814,2455.06,163374,-0.03
2021-06-16 12:04:31,2469.0,2,80135,75802,2455.06,163374,-0.03
2021-06-16 12:04:32,2468.4,2,80135,75802,2455.06,163374,-0.05
2021-06-16 12:04:33,2468.4,2,79980,75830,2455.06,163444,-0.05
2021-06-16 12:04:36,2468.4,2,80030,75830,2455.06,163444,-0.05
2021-06-16 12:04:37,2468.4,2,80030,75918,2455.06,163444,-0.05
2021-06-16 12:04:38,2468.4,4,80030,75963,2455.06,163449,-0.05
2021-06-16 12:04:39,2468.4,4,80030,75983,2455.06,163449,-0.05
2021-06-16 12:04:40,2468.05,10,80020,75985,2455.06,163459,-0.07
2021-06-16 12:04:43,2468.05,10,80020,75987,2455.06,163459,-0.07
2021-06-16 12:04:45,2468.05,10,80036,75987,2455.06,163459,-0.07
2021-06-16 12:04:48,2468.05,10,80076,75997,2455.06,163459,-0.07
2021-06-16 12:04:49,2468.4,2,80076,75997,2455.06,163459,-0.05
2021-06-16 12:04:49,2468.4,2,80076,75991,2455.07,163512,-0.05
2021-06-16 12:04:51,2469.05,15,78778,75239,2455.09,163817,-0.03
2021-06-16 12:04:52,2470.3,40,78912,75701,2455.13,164217,0.02
2021-06-16 12:04:53,2470.3,40,78881,75712,2455.13,164217,0.02
2021-06-16 12:04:54,2470.3,40,78886,75706,2455.13,164217,0.02
2021-06-16 12:04:55,2470.3,40,78882,75706,2455.13,164217,0.02
2021-06-16 12:04:57,2470.3,40,78912,75706,2455.13,164217,0.02
2021-06-16 12:04:57,2470.3,40,78909,75706,2455.13,164217,0.02
2021-06-16 12:04:58,2470.3,40,78909,75736,2455.13,164217,0.02
2021-06-16 12:04:59,2470.3,40,78886,75762,2455.13,164217,0.02
2021-06-16 12:05:00,2470.3,40,78887,75762,2455.13,164217,0.02
2021-06-16 12:05:01,2470.3,40,78887,75766,2455.13,164217,0.02
2021-06-16 12:05:02,2470.3,40,78774,75975,2455.13,164217,0.02
2021-06-16 12:05:04,2470.3,40,78780,75976,2455.13,164217,0.02
2021-06-16 12:05:05,2470.3,40,78756,75967,2455.13,164217,0.02
2021-06-16 12:05:06,2470.3,40,78723,75978,2455.13,164217,0.02
2021-06-16 12:05:07,2470.3,40,78723,76005,2455.13,164217,0.02
2021-06-16 12:05:08,2469.9,1,78723,76005,2455.13,164217,0.01
2021-06-16 12:05:09,2469.9,1,78723,76004,2455.13,164218,0.01
2021-06-16 12:05:10,2469.9,9,78832,76013,2455.13,164227,0.01
2021-06-16 12:05:10,2469.9,2,78832,76013,2455.13,164227,0.01
2021-06-16 12:05:11,2469.9,2,78885,76021,2455.13,164235,0.01
2021-06-16 12:05:12,2469.9,2,78885,76024,2455.13,164235,0.01
2021-06-16 12:05:13,2469.9,2,78829,76069,2455.13,164235,0.01
2021-06-16 12:05:14,2469.9,2,78830,76064,2455.13,164235,0.01
2021-06-16 12:05:15,2469.9,2,78801,76060,2455.13,164235,0.01
2021-06-16 12:05:16,2469.9,2,78801,76052,2455.13,164235,0.01
2021-06-16 12:05:18,2469.9,2,78790,76052,2455.13,164235,0.01
2021-06-16 12:05:18,2469.0,4,78790,76052,2455.13,164235,-0.03
2021-06-16 12:05:21,2469.0,4,78800,76060,2455.13,164239,-0.03
2021-06-16 12:05:21,2469.0,4,78790,76058,2455.13,164239,-0.03
2021-06-16 12:05:22,2469.0,4,78800,76058,2455.13,164239,-0.03
2021-06-16 12:05:23,2469.0,4,79230,75969,2455.13,164239,-0.03
2021-06-16 12:05:24,2469.0,4,79220,76128,2455.13,164239,-0.03
2021-06-16 12:05:25,2469.0,4,79190,76128,2455.13,164239,-0.03
2021-06-16 12:05:27,2469.0,4,79201,76124,2455.13,164239,-0.03
2021-06-16 12:05:28,2468.05,9,79154,76201,2455.13,164248,-0.07
2021-06-16 12:05:29,2468.05,9,79164,76201,2455.13,164248,-0.07
2021-06-16 12:05:30,2468.05,9,79202,76258,2455.13,164248,-0.07
2021-06-16 12:05:31,2469.0,9,79202,76258,2455.13,164248,-0.03
2021-06-16 12:05:31,2469.0,9,79197,76156,2455.13,164257,-0.03
2021-06-16 12:05:32,2469.0,9,79197,76162,2455.13,164257,-0.03
2021-06-16 12:05:33,2469.0,9,79207,76285,2455.13,164257,-0.03
2021-06-16 12:05:33,2469.0,25,79207,76285,2455.13,164257,-0.03
2021-06-16 12:05:34,2469.0,25,79207,76260,2455.13,164282,-0.03
2021-06-16 12:05:36,2469.0,25,79217,76259,2455.13,164282,-0.03
2021-06-16 12:05:37,2469.0,25,79207,76259,2455.13,164282,-0.03
2021-06-16 12:05:38,2469.0,25,79227,76259,2455.13,164282,-0.03
2021-06-16 12:05:39,2469.0,25,79270,76263,2455.13,164282,-0.03
2021-06-16 12:05:40,2468.2,25,79270,76263,2455.13,164282,-0.06
2021-06-16 12:05:40,2468.2,25,79149,76140,2455.14,164307,-0.06
2021-06-16 12:05:42,2468.2,25,79234,76140,2455.14,164307,-0.06
2021-06-16 12:05:43,2468.2,25,79300,76125,2455.14,164307,-0.06
2021-06-16 12:05:44,2468.2,25,79238,76125,2455.14,164307,-0.06
2021-06-16 12:05:45,2469.0,27,79238,76125,2455.14,164307,-0.03
2021-06-16 12:05:45,2469.0,27,79278,75906,2455.15,164467,-0.03
2021-06-16 12:05:46,2469.7,31,79221,75862,2455.16,164572,0.0
2021-06-16 12:05:47,2469.0,382,79208,75742,2455.16,164572,-0.03
2021-06-16 12:05:48,2469.0,382,79132,75950,2455.21,165133,-0.03
2021-06-16 12:05:48,2469.3,18,79132,75950,2455.21,165133,-0.02
2021-06-16 12:05:49,2469.3,18,79184,75959,2455.21,165151,-0.02
2021-06-16 12:05:50,2469.3,18,79184,75961,2455.21,165151,-0.02
2021-06-16 12:05:51,2469.3,18,79193,75976,2455.21,165151,-0.02
2021-06-16 12:05:52,2469.35,3,79193,75976,2455.21,165151,-0.01
2021-06-16 12:05:52,2469.35,3,79193,75967,2455.21,165161,-0.01
2021-06-16 12:05:54,2469.35,3,79183,75967,2455.21,165161,-0.01
2021-06-16 12:05:57,2469.35,3,79183,75977,2455.21,165161,-0.01
2021-06-16 12:05:58,2469.35,3,79593,75964,2455.21,165161,-0.01
2021-06-16 12:05:59,2469.35,40,79755,75520,2455.21,165201,-0.01
2021-06-16 12:06:00,2469.35,40,79745,75729,2455.21,165201,-0.01
2021-06-16 12:06:01,2469.6,3,79745,75729,2455.21,165201,-0.0
2021-06-16 12:06:01,2469.6,3,79731,75652,2455.22,165302,-0.0
2021-06-16 12:06:03,2469.6,3,79736,75652,2455.22,165302,-0.0
2021-06-16 12:06:04,2469.6,3,79763,75648,2455.22,165302,-0.0
2021-06-16 12:06:05,2469.6,3,79762,75648,2455.22,165302,-0.0
2021-06-16 12:06:06,2469.6,3,79991,75640,2455.22,165302,-0.0
2021-06-16 12:06:07,2469.6,3,79991,75619,2455.22,165302,-0.0
2021-06-16 12:06:08,2469.6,3,79997,75619,2455.22,165302,-0.0
2021-06-16 12:06:09,2469.6,3,80012,75675,2455.22,165302,-0.0
2021-06-16 12:06:10,2469.35,2,80010,75672,2455.22,165304,-0.01
2021-06-16 12:06:12,2469.35,2,80040,75673,2455.22,165304,-0.01
2021-06-16 12:06:13,2469.6,6,80039,75672,2455.22,165313,-0.0
2021-06-16 12:06:15,2469.6,6,80069,75672,2455.22,165313,-0.0
2021-06-16 12:06:16,2469.6,6,80078,75672,2455.22,165313,-0.0
2021-06-16 12:06:17,2469.35,1,80078,75672,2455.22,165313,-0.01
2021-06-16 12:06:24,2469.35,1,80077,75675,2455.22,165314,-0.01
2021-06-16 12:06:24,2469.35,1,80077,75672,2455.22,165314,-0.01
2021-06-16 12:06:27,2469.35,1,80077,75674,2455.22,165314,-0.01
2021-06-16 12:06:31,2469.6,9,80088,75665,2455.22,165323,-0.0
2021-06-16 12:06:31,2469.6,9,80088,75666,2455.22,165323,-0.0
2021-06-16 12:06:33,2469.35,50,80038,75666,2455.23,165373,-0.01
2021-06-16 12:06:34,2470.0,35,80038,75666,2455.23,165373,0.01
2021-06-16 12:06:34,2470.0,35,80228,75392,2455.25,165601,0.01
2021-06-16 12:06:37,2470.0,35,80155,75396,2455.25,165601,0.01
2021-06-16 12:06:43,2470.0,35,80167,75268,2455.25,165601,0.01
2021-06-16 12:06:44,2470.55,1,80167,75268,2455.25,165601,0.03
2021-06-16 12:06:45,2470.55,1,80039,75261,2455.26,165701,0.03
2021-06-16 12:06:47,2470.55,1,80032,75263,2455.26,165701,0.03
2021-06-16 12:06:49,2470.55,1,79999,75267,2455.26,165701,0.03
2021-06-16 12:06:49,2470.0,3,79999,75263,2455.26,165706,0.01
2021-06-16 12:06:51,2470.0,3,80000,75264,2455.26,165706,0.01
2021-06-16 12:06:51,2470.0,3,80000,75274,2455.26,165706,0.01
2021-06-16 12:06:54,2470.0,3,80000,75275,2455.26,165706,0.01
2021-06-16 12:06:54,2470.0,3,80000,75326,2455.26,165706,0.01
2021-06-16 12:06:55,2469.6,1,80000,75326,2455.26,165706,-0.0
2021-06-16 12:06:55,2469.6,1,79972,75325,2455.26,165707,-0.0
2021-06-16 12:06:56,2469.6,2,79972,75325,2455.26,165707,-0.0
2021-06-16 12:06:57,2469.6,2,79972,75325,2455.26,165709,-0.0
2021-06-16 12:06:59,2469.6,1,80004,75396,2455.26,165710,-0.0
2021-06-16 12:07:00,2470.0,5,80003,75521,2455.26,165715,0.01
2021-06-16 12:07:01,2470.0,5,80053,75521,2455.26,165715,0.01
2021-06-16 12:07:06,2470.0,5,80053,75531,2455.26,165715,0.01
2021-06-16 12:07:09,2470.0,5,80053,75540,2455.26,165715,0.01
2021-06-16 12:07:10,2469.35,47,79931,75607,2455.26,165762,-0.01
2021-06-16 12:07:11,2469.35,47,79910,75511,2455.26,165762,-0.01
2021-06-16 12:07:12,2469.0,51,79910,75511,2455.26,165762,-0.03
2021-06-16 12:07:12,2469.0,51,79763,75600,2455.3,166226,-0.03
2021-06-16 12:07:13,2468.6,38,79793,75697,2455.3,166278,-0.04
2021-06-16 12:07:14,2468.6,38,79852,75636,2455.3,166278,-0.04
2021-06-16 12:07:15,2468.6,38,79871,75591,2455.3,166278,-0.04
2021-06-16 12:07:17,2468.6,38,79871,75645,2455.3,166278,-0.04
2021-06-16 12:07:19,2468.6,38,79881,75617,2455.3,166278,-0.04
2021-06-16 12:07:19,2468.6,38,79733,75117,2455.3,166278,-0.04
2021-06-16 12:07:20,2469.7,2,79733,75117,2455.3,166278,0.0
2021-06-16 12:07:21,2469.7,2,79759,75487,2455.3,166281,0.0
2021-06-16 12:07:22,2469.7,2,79778,75512,2455.3,166281,0.0
2021-06-16 12:07:22,2469.7,2,79778,75496,2455.3,166281,0.0
2021-06-16 12:07:24,2469.7,2,79789,75497,2455.3,166281,0.0
2021-06-16 12:07:26,2469.7,2,79819,75497,2455.3,166281,0.0
2021-06-16 12:07:27,2469.7,2,79852,75497,2455.3,166281,0.0
2021-06-16 12:07:28,2469.7,2,79882,75508,2455.3,166281,0.0
2021-06-16 12:07:31,2469.7,2,81110,75522,2455.3,166281,0.0
2021-06-16 12:07:31,2469.7,2,81111,75512,2455.3,166281,0.0
2021-06-16 12:07:33,2469.7,2,81126,75512,2455.3,166281,0.0
2021-06-16 12:07:34,2469.7,2,81155,75512,2455.3,166281,0.0
2021-06-16 12:07:38,2469.0,9,81164,75503,2455.3,166290,-0.03
2021-06-16 12:07:38,2468.75,100,81164,75503,2455.3,166290,-0.04
2021-06-16 12:07:39,2468.75,100,81064,75503,2455.31,166390,-0.04
2021-06-16 12:07:40,2468.75,100,81055,75504,2455.31,166390,-0.04
2021-06-16 12:07:41,2468.75,100,81086,75502,2455.31,166390,-0.04
2021-06-16 12:07:43,2469.0,1,81071,75502,2455.31,166390,-0.03
2021-06-16 12:07:44,2469.0,1,81128,75421,2455.32,166447,-0.03
2021-06-16 12:07:45,2469.0,1,81528,75421,2455.32,166447,-0.03
2021-06-16 12:07:46,2468.75,100,81028,75504,2455.33,166547,-0.04
2021-06-16 12:07:47,2468.75,100,81013,75504,2455.33,166547,-0.04
2021-06-16 12:07:49,2468.75,100,81012,75504,2455.33,166547,-0.04
2021-06-16 12:07:50,2468.75,100,81012,75522,2455.33,166547,-0.04
2021-06-16 12:07:54,2468.75,100,81013,75522,2455.33,166547,-0.04
2021-06-16 12:07:55,2468.75,100,80825,75665,2455.33,166547,-0.04
2021-06-16 12:07:57,2468.8,100,80825,75665,2455.33,166547,-0.04
2021-06-16 12:07:57,2468.8,3,80721,75674,2455.33,166647,-0.04
2021-06-16 12:07:58,2468.05,17,80616,75679,2455.34,166759,-0.07
2021-06-16 12:07:59,2468.05,17,80644,75679,2455.34,166759,-0.07
2021-06-16 12:08:00,2468.0,6,80644,75679,2455.34,166759,-0.07
2021-06-16 12:08:01,2468.0,6,80648,75687,2455.35,166859,-0.07
2021-06-16 12:08:03,2468.0,6,80628,75687,2455.35,166859,-0.07
2021-06-16 12:08:04,2468.0,15,80682,75744,2455.35,166874,-0.07
2021-06-16 12:08:05,2468.0,15,80292,76789,2455.35,166874,-0.07
2021-06-16 12:08:07,2468.0,15,80353,76834,2455.35,166874,-0.07
2021-06-16 12:08:08,2468.0,15,80353,76859,2455.35,166874,-0.07
2021-06-16 12:08:09,2468.0,15,80759,76870,2455.35,166874,-0.07
2021-06-16 12:08:10,2468.0,15,80759,77390,2455.35,166874,-0.07
2021-06-16 12:08:12,2468.0,15,80766,77390,2455.35,166874,-0.07
2021-06-16 12:08:13,2468.0,3,80763,77390,2455.35,166877,-0.07
2021-06-16 12:08:15,2468.0,3,80753,77410,2455.35,166877,-0.07
2021-06-16 12:08:15,2468.0,3,80753,77460,2455.35,166877,-0.07
2021-06-16 12:08:16,2468.0,15,80698,77459,2455.35,166892,-0.07
2021-06-16 12:08:18,2468.0,15,80708,77459,2455.35,166892,-0.07
2021-06-16 12:08:19,2469.0,9,79308,77815,2455.35,166906,-0.03
2021-06-16 12:08:20,2469.0,9,79332,77815,2455.35,166906,-0.03
2021-06-16 12:08:22,2469.0,9,79415,77815,2455.35,166906,-0.03
2021-06-16 12:08:22,2469.0,9,79494,77815,2455.35,166906,-0.03
2021-06-16 12:08:24,2469.0,9,80009,77811,2455.35,166906,-0.03
2021-06-16 12:08:24,2469.0,9,80009,77843,2455.35,166906,-0.03
2021-06-16 12:08:25,2469.0,9,80034,77811,2455.35,166906,-0.03
2021-06-16 12:08:27,2469.0,1,79939,77810,2455.35,166907,-0.03
2021-06-16 12:08:28,2469.0,1,80053,77815,2455.35,166907,-0.03
2021-06-16 12:08:30,2469.0,1,80093,77815,2455.35,166907,-0.03
2021-06-16 12:08:30,2469.0,1,80193,77815,2455.35,166907,-0.03
2021-06-16 12:08:33,2469.0,1,80204,77815,2455.35,166907,-0.03
2021-06-16 12:08:34,2468.0,2,80204,77815,2455.35,166907,-0.07
2021-06-16 12:08:36,2468.0,2,80203,77815,2455.35,166909,-0.07
2021-06-16 12:08:36,2468.0,2,80203,77816,2455.35,166909,-0.07
2021-06-16 12:08:37,2468.0,2,80203,77814,2455.35,166909,-0.07
2021-06-16 12:08:39,2468.0,2,80203,77804,2455.35,166909,-0.07
2021-06-16 12:08:40,2469.0,3,80212,77800,2455.35,166918,-0.03
2021-06-16 12:08:41,2469.0,3,80192,77743,2455.35,166918,-0.03
2021-06-16 12:08:43,2469.0,3,80089,78890,2455.35,166918,-0.03
2021-06-16 12:08:44,2469.0,3,80093,78896,2455.35,166918,-0.03
2021-06-16 12:08:45,2469.0,3,80093,78890,2455.35,166918,-0.03
2021-06-16 12:08:46,2469.0,3,80093,78952,2455.35,166918,-0.03
2021-06-16 12:08:46,2468.0,30,80093,78951,2455.35,166918,-0.07
2021-06-16 12:08:47,2468.95,1,79982,78863,2455.36,167019,-0.03
2021-06-16 12:08:49,2468.95,1,79982,78954,2455.36,167019,-0.03
2021-06-16 12:08:51,2468.95,1,79990,78955,2455.36,167019,-0.03
2021-06-16 12:08:51,2468.95,1,79990,78956,2455.36,167019,-0.03
2021-06-16 12:08:53,2468.95,1,79985,78996,2455.36,167019,-0.03
2021-06-16 12:08:55,2468.95,1,79985,78986,2455.36,167019,-0.03
2021-06-16 12:08:57,2468.95,1,79986,78982,2455.36,167019,-0.03
2021-06-16 12:08:58,2468.9,1,79986,78982,2455.36,167019,-0.03
2021-06-16 12:08:58,2468.9,1,79986,78983,2455.36,167029,-0.03
2021-06-16 12:08:59,2468.9,1,79986,78984,2455.36,167029,-0.03
2021-06-16 12:09:01,2468.9,6,79986,78992,2455.36,167039,-0.03
2021-06-16 12:09:01,2468.9,9,79986,78992,2455.36,167039,-0.03
2021-06-16 12:09:03,2468.9,9,79985,78983,2455.36,167048,-0.03
2021-06-16 12:09:04,2468.9,9,79985,78970,2455.36,167048,-0.03
2021-06-16 12:09:08,2468.9,9,79993,78974,2455.36,167048,-0.03
2021-06-16 12:09:10,2468.9,9,79993,78985,2455.36,167048,-0.03
2021-06-16 12:09:13,2468.9,9,79993,78986,2455.36,167048,-0.03
2021-06-16 12:09:15,2468.9,9,80098,79012,2455.36,167048,-0.03
2021-06-16 12:09:16,2468.9,2,80098,79012,2455.36,167048,-0.03
2021-06-16 12:09:17,2468.9,1,80098,79012,2455.36,167048,-0.03
2021-06-16 12:09:18,2468.9,2,80765,78967,2455.37,167148,-0.03
2021-06-16 12:09:18,2468.9,1,80765,78967,2455.37,167148,-0.03
2021-06-16 12:09:19,2468.9,25,80765,78967,2455.37,167148,-0.03
2021-06-16 12:09:20,2468.9,25,80644,79157,2455.39,167329,-0.03
2021-06-16 12:09:21,2468.0,25,80644,79157,2455.39,167329,-0.07
2021-06-16 12:09:22,2468.9,50,80336,79052,2455.43,167807,-0.03
2021-06-16 12:09:23,2468.9,25,80336,79052,2455.43,167807,-0.03
2021-06-16 12:09:24,2468.9,14,80336,79052,2455.43,167807,-0.03
2021-06-16 12:09:25,2468.85,25,79413,79061,2455.43,167907,-0.03
2021-06-16 12:09:26,2468.85,1,79413,79061,2455.43,167907,-0.03
2021-06-16 12:09:27,2469.05,1,80077,78362,2455.46,168190,-0.03
2021-06-16 12:09:28,2469.5,4,80077,78362,2455.46,168190,-0.01
2021-06-16 12:09:29,2470.0,25,80077,78362,2455.46,168190,0.01
2021-06-16 12:09:30,2469.25,25,80425,77747,2455.51,168785,-0.02
2021-06-16 12:09:30,2470.0,25,80425,77747,2455.51,168785,0.01
2021-06-16 12:09:31,2468.85,25,80425,77747,2455.51,168785,-0.03
2021-06-16 12:09:32,2469.35,25,79631,78380,2455.55,169359,-0.01
2021-06-16 12:09:33,2469.15,8,79631,78380,2455.55,169359,-0.02
2021-06-16 12:09:34,2469.45,3,80152,78321,2455.56,169392,-0.01
2021-06-16 12:09:36,2469.5,5,80152,78321,2455.56,169392,-0.01
2021-06-16 12:09:36,2469.95,4,80344,78253,2455.56,169420,0.01
2021-06-16 12:09:37,2470.0,25,80344,78253,2455.56,169420,0.01
2021-06-16 12:09:39,2470.0,25,80320,78122,2455.56,169499,0.01
2021-06-16 12:09:42,2470.0,25,80720,78109,2455.57,169549,0.01
2021-06-16 12:09:43,2469.5,5,80720,78059,2455.57,169599,-0.01
2021-06-16 12:09:44,2470.0,25,80720,78059,2455.57,169599,0.01
2021-06-16 12:09:45,2470.0,25,81124,78123,2455.58,169679,0.01
2021-06-16 12:09:46,2468.6,1,81124,78123,2455.58,169679,-0.04
2021-06-16 12:09:47,2468.05,36,81124,78123,2455.58,169679,-0.07
2021-06-16 12:09:48,2468.05,36,79593,78310,2455.64,170377,-0.07
2021-06-16 12:09:48,2469.1,25,79593,78310,2455.64,170377,-0.02
2021-06-16 12:09:49,2469.1,13,79593,78310,2455.64,170377,-0.02
2021-06-16 12:09:50,2469.1,13,79639,78249,2455.64,170427,-0.02
2021-06-16 12:09:51,2469.1,1,79639,78249,2455.64,170427,-0.02
2021-06-16 12:09:52,2469.55,5,80400,78029,2455.64,170437,-0.01
2021-06-16 12:09:53,2469.55,25,80400,78029,2455.64,170437,-0.01
2021-06-16 12:09:55,2470.0,25,80031,77929,2455.65,170507,0.01
2021-06-16 12:09:56,2469.6,20,80031,77929,2455.65,170507,-0.0
2021-06-16 12:09:57,2470.0,25,80016,77837,2455.66,170652,0.01
2021-06-16 12:09:59,2470.0,12,80017,77681,2455.67,170777,0.01
2021-06-16 12:10:00,2470.0,25,80017,77681,2455.67,170777,0.01
2021-06-16 12:10:01,2470.0,25,80018,77570,2455.68,170877,0.01
2021-06-16 12:10:04,2470.0,25,81031,77630,2455.68,170902,0.01
2021-06-16 12:10:04,2470.0,9,81031,77630,2455.68,170902,0.01
2021-06-16 12:10:05,2470.0,25,81030,77470,2455.68,170961,0.01
2021-06-16 12:10:06,2469.0,4,81030,77470,2455.68,170961,-0.03
2021-06-16 12:10:07,2469.0,4,80129,77692,2455.73,171482,-0.03
2021-06-16 12:10:08,2469.85,15,80129,77692,2455.73,171482,0.01
2021-06-16 12:10:09,2469.85,25,80129,77692,2455.73,171482,0.01
2021-06-16 12:10:10,2469.85,25,80198,77685,2455.73,171532,0.01
2021-06-16 12:10:13,2469.3,21,79559,78081,2455.73,171557,-0.02
2021-06-16 12:10:16,2469.3,21,78940,78118,2455.73,171557,-0.02
2021-06-16 12:10:19,2469.3,21,79292,78159,2455.73,171557,-0.02
2021-06-16 12:10:21,2468.0,13,79292,78159,2455.73,171557,-0.07
2021-06-16 12:10:21,2468.0,13,78926,78031,2455.73,171587,-0.07
2021-06-16 12:10:24,2468.0,1,78926,78031,2455.73,171587,-0.07
2021-06-16 12:10:25,2468.0,1,79323,78117,2455.73,171588,-0.07
2021-06-16 12:10:27,2468.0,1,79335,78124,2455.73,171588,-0.07
2021-06-16 12:10:30,2468.0,1,79084,78143,2455.73,171588,-0.07
2021-06-16 12:10:31,2468.0,1,79372,78140,2455.73,171588,-0.07
2021-06-16 12:10:33,2468.0,5,79372,78140,2455.73,171588,-0.07
2021-06-16 12:10:33,2467.7,28,79372,78140,2455.73,171588,-0.08
2021-06-16 12:10:34,2467.7,28,79171,78638,2455.74,171674,-0.08
2021-06-16 12:10:36,2467.7,28,79275,78586,2455.74,171674,-0.08
2021-06-16 12:10:38,2467.7,28,79328,78505,2455.74,171674,-0.08
2021-06-16 12:10:40,2467.7,28,78781,78558,2455.74,171674,-0.08
2021-06-16 12:10:43,2467.7,28,79613,78336,2455.74,171674,-0.08
2021-06-16 12:10:46,2468.2,2,79284,78292,2455.74,171683,-0.06
2021-06-16 12:10:48,2468.2,2,79283,78292,2455.74,171683,-0.06
2021-06-16 12:10:51,2468.2,2,79483,78292,2455.74,171683,-0.06
2021-06-16 12:10:53,2468.2,2,79480,78292,2455.74,171683,-0.06
2021-06-16 12:10:58,2468.2,2,79138,78147,2455.74,171683,-0.06
2021-06-16 12:11:00,2468.2,2,79438,78247,2455.74,171683,-0.06
2021-06-16 12:11:03,2468.2,2,79479,78262,2455.74,171683,-0.06
2021-06-16 12:11:04,2468.2,2,79439,78273,2455.74,171683,-0.06
2021-06-16 12:11:07,2468.0,9,79406,78256,2455.74,171692,-0.07
2021-06-16 12:11:07,2467.7,5,79406,78256,2455.74,171692,-0.08
2021-06-16 12:11:09,2467.7,5,79380,78401,2455.74,171697,-0.08
2021-06-16 12:11:12,2467.7,5,79553,78369,2455.74,171697,-0.08
2021-06-16 12:11:13,2467.7,5,79553,78378,2455.74,171697,-0.08
2021-06-16 12:11:15,2466.3,100,79553,78378,2455.74,171697,-0.14
2021-06-16 12:11:16,2466.3,100,79228,78452,2455.76,172017,-0.14
2021-06-16 12:11:18,2466.3,100,79015,78652,2455.76,172017,-0.14
2021-06-16 12:11:21,2466.3,100,79100,78640,2455.76,172017,-0.14
2021-06-16 12:11:23,2466.3,100,79102,78650,2455.76,172017,-0.14
2021-06-16 12:11:25,2466.35,10,77715,79280,2455.76,172036,-0.14
2021-06-16 12:11:27,2466.3,1,77715,79280,2455.76,172036,-0.14
2021-06-16 12:11:27,2466.3,1,78157,79074,2455.76,172037,-0.14
2021-06-16 12:11:30,2466.3,1,77862,79219,2455.76,172037,-0.14
2021-06-16 12:11:31,2466.0,3,77862,79219,2455.76,172037,-0.15
2021-06-16 12:11:33,2466.0,3,78282,79311,2455.76,172040,-0.15
2021-06-16 12:11:36,2466.0,3,78362,79353,2455.76,172040,-0.15
2021-06-16 12:11:38,2465.7,8,78362,79353,2455.76,172040,-0.16
2021-06-16 12:11:39,2465.7,8,78415,79352,2455.76,172060,-0.16
2021-06-16 12:11:41,2465.7,8,78359,79457,2455.76,172060,-0.16
2021-06-16 12:11:42,2466.25,6,78359,79457,2455.76,172060,-0.14
2021-06-16 12:11:44,2466.25,6,78364,79457,2455.76,172070,-0.14
2021-06-16 12:11:46,2466.25,6,78398,79463,2455.76,172070,-0.14
2021-06-16 12:11:49,2465.7,16,78219,79373,2455.77,172095,-0.16
2021-06-16 12:11:51,2465.7,5,78219,79373,2455.77,172095,-0.16
2021-06-16 12:11:51,2465.7,5,78153,79484,2455.77,172100,-0.16
2021-06-16 12:11:54,2465.7,5,78166,79491,2455.77,172100,-0.16
2021-06-16 12:11:55,2465.7,100,78166,79491,2455.77,172100,-0.16
2021-06-16 12:11:55,2465.7,20,78166,79491,2455.77,172100,-0.16
2021-06-16 12:11:57,2465.7,8,78133,79506,2455.77,172228,-0.16
2021-06-16 12:12:00,2465.7,8,78135,79518,2455.77,172228,-0.16
2021-06-16 12:12:02,2465.7,10,78135,79518,2455.77,172228,-0.16
2021-06-16 12:12:03,2465.7,10,77992,79504,2455.77,172238,-0.16
2021-06-16 12:12:06,2465.7,10,78043,79487,2455.77,172238,-0.16
2021-06-16 12:12:07,2465.7,10,78301,79486,2455.77,172238,-0.16
2021-06-16 12:12:10,2465.95,2,78380,79379,2455.77,172249,-0.15
2021-06-16 12:12:11,2465.5,50,78380,79379,2455.77,172249,-0.17
2021-06-16 12:12:12,2465.5,50,77893,79410,2455.78,172332,-0.17
2021-06-16 12:12:16,2465.5,50,78088,79475,2455.78,172332,-0.17
2021-06-16 12:12:18,2465.5,50,78108,79485,2455.78,172332,-0.17
2021-06-16 12:12:20,2465.5,50,78188,79535,2455.78,172332,-0.17
2021-06-16 12:12:22,2465.3,5,78103,79536,2455.78,172337,-0.18
2021-06-16 12:12:22,2465.3,11,78103,79536,2455.78,172337,-0.18
2021-06-16 12:12:24,2465.45,184,77899,79352,2455.79,172532,-0.17
2021-06-16 12:12:25,2465.05,13,77899,79352,2455.79,172532,-0.19
2021-06-16 12:12:26,2465.05,13,77886,79338,2455.79,172546,-0.19
2021-06-16 12:12:28,2465.05,13,77766,79394,2455.79,172546,-0.19
2021-06-16 12:12:31,2465.4,9,77785,79385,2455.79,172555,-0.17
2021-06-16 12:12:36,2465.4,9,77824,79126,2455.79,172555,-0.17
2021-06-16 12:12:36,2464.15,15,77824,79126,2455.79,172555,-0.22
2021-06-16 12:12:37,2465.3,10,77824,79126,2455.79,172555,-0.18
2021-06-16 12:12:38,2465.3,20,77413,79240,2455.8,172635,-0.18
2021-06-16 12:12:40,2464.0,6,77435,79145,2455.8,172675,-0.23
2021-06-16 12:12:42,2464.1,5,77435,79145,2455.8,172675,-0.23
2021-06-16 12:12:43,2464.1,5,77566,79289,2455.8,172680,-0.23
2021-06-16 12:12:47,2464.1,5,77627,79414,2455.8,172680,-0.23
2021-06-16 12:12:49,2465.25,5,77627,79414,2455.8,172680,-0.18
2021-06-16 12:12:49,2465.25,5,77936,79409,2455.8,172803,-0.18
2021-06-16 12:12:52,2465.25,8,77936,79509,2455.8,172803,-0.18
2021-06-16 12:12:54,2465.25,8,77959,79515,2455.81,172811,-0.18
2021-06-16 12:12:56,2465.25,8,77989,79526,2455.81,172811,-0.18
2021-06-16 12:12:58,2465.25,8,77989,79549,2455.81,172811,-0.18
2021-06-16 12:13:00,2465.25,2,77989,79549,2455.81,172811,-0.18
2021-06-16 12:13:01,2465.25,2,77966,79531,2455.81,172836,-0.18
2021-06-16 12:13:04,2465.25,2,78033,79247,2455.81,172836,-0.18
2021-06-16 12:13:07,2465.25,2,78042,79251,2455.81,172836,-0.18
2021-06-16 12:13:09,2465.25,2,78043,79215,2455.81,172836,-0.18
2021-06-16 12:13:11,2465.25,2,78043,79223,2455.81,172836,-0.18
2021-06-16 12:13:13,2465.2,1,78043,79223,2455.81,172836,-0.18
2021-06-16 12:13:14,2464.3,10,78013,79327,2455.81,172870,-0.22
2021-06-16 12:13:15,2464.3,50,78013,79327,2455.81,172870,-0.22
2021-06-16 12:13:16,2464.3,50,77964,79327,2455.81,172920,-0.22
2021-06-16 12:13:18,2464.3,50,77964,79376,2455.81,172920,-0.22
2021-06-16 12:13:20,2465.4,42,78009,79348,2455.81,172920,-0.17
2021-06-16 12:13:21,2464.5,1,78009,79348,2455.81,172920,-0.21
2021-06-16 12:13:22,2464.5,1,78104,79391,2455.82,173097,-0.21
2021-06-16 12:13:24,2464.4,1,78104,79391,2455.82,173097,-0.21
2021-06-16 12:13:25,2464.4,1,78167,79396,2455.82,173098,-0.21
2021-06-16 12:13:28,2464.4,1,78178,79395,2455.82,173098,-0.21
2021-06-16 12:13:31,2464.4,1,78023,79496,2455.82,173098,-0.21
2021-06-16 12:13:34,2465.35,4,78007,79505,2455.82,173098,-0.18
2021-06-16 12:13:36,2465.4,4,78007,79505,2455.82,173098,-0.17
2021-06-16 12:13:37,2465.4,4,78031,79599,2455.82,173111,-0.17
2021-06-16 12:13:39,2465.4,4,78070,79590,2455.82,173111,-0.17
2021-06-16 12:13:41,2465.4,4,78055,79600,2455.82,173111,-0.17
2021-06-16 12:13:43,2465.4,4,78098,79480,2455.82,173111,-0.17
2021-06-16 12:13:48,2465.4,4,78079,79490,2455.82,173111,-0.17
2021-06-16 12:13:49,2465.4,4,78079,79480,2455.82,173111,-0.17
2021-06-16 12:13:52,2465.4,4,78080,79480,2455.82,173111,-0.17
2021-06-16 12:13:54,2465.4,4,78150,79523,2455.82,173111,-0.17
2021-06-16 12:13:55,2465.0,9,78150,79523,2455.82,173111,-0.19
2021-06-16 12:13:57,2465.0,9,77912,79594,2455.82,173120,-0.19
2021-06-16 12:13:59,2465.0,9,77912,79596,2455.82,173120,-0.19
2021-06-16 12:14:02,2465.0,9,77912,79535,2455.82,173120,-0.19
2021-06-16 12:14:05,2465.0,9,77722,79535,2455.82,173120,-0.19
2021-06-16 12:14:09,2465.0,9,77762,79505,2455.82,173120,-0.19
2021-06-16 12:14:10,2465.0,9,77762,79501,2455.82,173120,-0.19
2021-06-16 12:14:11,2465.0,9,77763,79501,2455.82,173120,-0.19
2021-06-16 12:14:12,2463.55,3,77763,79501,2455.82,173120,-0.25
2021-06-16 12:14:12,2463.55,3,77910,79586,2455.83,173320,-0.25
2021-06-16 12:14:13,2465.0,1,78120,79686,2455.83,173328,-0.19
2021-06-16 12:14:13,2465.0,36,78073,79686,2455.83,173364,-0.19
2021-06-16 12:14:15,2465.0,36,77946,79686,2455.83,173364,-0.19
2021-06-16 12:14:16,2465.0,36,77985,79665,2455.83,173364,-0.19
2021-06-16 12:14:17,2465.35,2,77995,79655,2455.83,173366,-0.18
2021-06-16 12:14:19,2465.35,2,77990,79353,2455.83,173366,-0.18
2021-06-16 12:14:20,2465.35,2,77990,79375,2455.83,173366,-0.18
2021-06-16 12:14:21,2465.35,2,77972,79375,2455.83,173366,-0.18
2021-06-16 12:14:22,2465.0,56,77497,79724,2455.84,173422,-0.19
2021-06-16 12:14:23,2465.0,56,77607,79759,2455.84,173422,-0.19
2021-06-16 12:14:24,2465.0,56,77526,79759,2455.84,173422,-0.19
2021-06-16 12:14:25,2465.0,56,77508,79756,2455.84,173422,-0.19
2021-06-16 12:14:25,2463.6,2,77508,79756,2455.84,173422,-0.25
2021-06-16 12:14:26,2463.6,2,77494,79778,2455.84,173424,-0.25
2021-06-16 12:14:27,2463.6,18,77494,79778,2455.84,173424,-0.25
2021-06-16 12:14:27,2463.6,18,77292,79886,2455.84,173442,-0.25
2021-06-16 12:14:28,2463.6,18,77252,80014,2455.84,173442,-0.25
2021-06-16 12:14:28,2463.6,18,77252,80015,2455.84,173442,-0.25
2021-06-16 12:14:29,2463.5,5,77252,80015,2455.84,173442,-0.25
2021-06-16 12:14:30,2463.5,5,77475,80044,2455.84,173447,-0.25
2021-06-16 12:14:31,2463.5,5,77475,80054,2455.84,173447,-0.25
2021-06-16 12:14:31,2463.5,5,77475,80005,2455.84,173447,-0.25
2021-06-16 12:14:33,2463.5,5,77407,80002,2455.84,173447,-0.25
2021-06-16 12:14:34,2463.5,5,77425,79981,2455.84,173447,-0.25
2021-06-16 12:14:34,2463.6,65,77342,79981,2455.84,173512,-0.25
2021-06-16 12:14:36,2463.6,65,77470,79981,2455.84,173512,-0.25
2021-06-16 12:14:37,2464.0,9,77470,80005,2455.84,173512,-0.23
2021-06-16 12:14:37,2464.0,9,77479,79996,2455.84,173521,-0.23
2021-06-16 12:14:39,2464.0,9,77489,79995,2455.84,173521,-0.23
2021-06-16 12:14:40,2464.0,9,77489,79971,2455.84,173521,-0.23
2021-06-16 12:14:41,2464.0,9,77490,79971,2455.84,173521,-0.23
2021-06-16 12:14:42,2464.0,9,77490,79991,2455.84,173521,-0.23
2021-06-16 12:14:43,2464.0,9,77490,79876,2455.84,173521,-0.23
2021-06-16 12:14:45,2464.0,9,77461,79876,2455.84,173521,-0.23
2021-06-16 12:14:46,2464.0,9,77461,79869,2455.84,173521,-0.23
2021-06-16 12:14:47,2464.0,9,77461,79898,2455.84,173521,-0.23
2021-06-16 12:14:48,2464.0,9,77461,79901,2455.84,173521,-0.23
2021-06-16 12:14:49,2464.4,3,77594,79718,2455.85,173639,-0.21
2021-06-16 12:14:52,2464.4,3,77672,79719,2455.85,173639,-0.21
2021-06-16 12:14:52,2464.4,3,77672,79721,2455.85,173639,-0.21
2021-06-16 12:14:53,2464.4,5,77672,79721,2455.85,173639,-0.21
2021-06-16 12:14:54,2464.4,5,77531,79717,2455.85,173712,-0.21
2021-06-16 12:14:55,2464.5,5,77519,79590,2455.85,173724,-0.21
2021-06-16 12:14:56,2464.5,40,77228,79606,2455.85,173764,-0.21
2021-06-16 12:14:57,2464.5,40,77448,79457,2455.85,173764,-0.21
2021-06-16 12:14:58,2464.45,9,77448,79457,2455.85,173764,-0.21
2021-06-16 12:14:58,2463.65,20,77451,79512,2455.85,173773,-0.24
2021-06-16 12:15:00,2463.65,20,77431,79513,2455.85,173793,-0.24
2021-06-16 12:15:01,2463.65,20,77431,79522,2455.85,173793,-0.24
2021-06-16 12:15:03,2463.65,20,77431,79523,2455.85,173793,-0.24
2021-06-16 12:15:05,2463.65,20,77405,79670,2455.85,173793,-0.24
2021-06-16 12:15:06,2463.65,20,77396,79681,2455.85,173793,-0.24
2021-06-16 12:15:07,2463.65,20,77296,79723,2455.85,173793,-0.24
2021-06-16 12:15:08,2463.65,20,77496,79723,2455.85,173793,-0.24
2021-06-16 12:15:09,2463.65,20,77624,79723,2455.85,173793,-0.24
2021-06-16 12:15:10,2463.65,20,77624,79722,2455.85,173793,-0.24
2021-06-16 12:15:13,2463.65,20,77574,79722,2455.85,173793,-0.24
2021-06-16 12:15:14,2463.65,20,77635,79722,2455.85,173793,-0.24
2021-06-16 12:15:16,2463.65,20,77472,79850,2455.85,173793,-0.24
2021-06-16 12:15:18,2463.65,20,77441,79851,2455.85,173793,-0.24
2021-06-16 12:15:19,2464.25,9,77452,79842,2455.85,173802,-0.22
2021-06-16 12:15:20,2464.25,9,77452,79742,2455.85,173802,-0.22
2021-06-16 12:15:21,2464.25,9,77456,79342,2455.85,173802,-0.22
2021-06-16 12:15:22,2464.25,9,77456,79742,2455.85,173802,-0.22
2021-06-16 12:15:23,2464.25,5,77456,79742,2455.85,173802,-0.22
2021-06-16 12:15:24,2464.25,5,77456,79722,2455.86,173807,-0.22
2021-06-16 12:15:24,2463.65,1,77455,79722,2455.86,173808,-0.24
2021-06-16 12:15:28,2463.65,1,77455,79723,2455.86,173808,-0.24
2021-06-16 12:15:30,2463.65,1,77455,79731,2455.86,173808,-0.24
2021-06-16 12:15:30,2464.25,10,77540,79721,2455.86,173818,-0.22
2021-06-16 12:15:32,2464.25,10,77677,79721,2455.86,173818,-0.22
2021-06-16 12:15:34,2464.25,10,77628,79721,2455.86,173818,-0.22
2021-06-16 12:15:36,2464.25,10,77629,79721,2455.86,173818,-0.22
2021-06-16 12:15:36,2464.25,10,77599,79721,2455.86,173818,-0.22
2021-06-16 12:15:37,2464.25,10,77609,79721,2455.86,173818,-0.22
2021-06-16 12:15:38,2464.25,10,77609,79723,2455.86,173818,-0.22
2021-06-16 12:15:39,2464.25,10,77619,79723,2455.86,173818,-0.22
2021-06-16 12:15:40,2464.0,8,77619,79723,2455.86,173818,-0.23
2021-06-16 12:15:43,2464.0,8,77618,79715,2455.86,173826,-0.23
2021-06-16 12:15:45,2464.0,8,77618,79714,2455.86,173826,-0.23
2021-06-16 12:15:46,2464.0,25,77618,79689,2455.86,173851,-0.23
2021-06-16 12:15:48,2464.6,1,77991,79609,2455.86,173928,-0.21
2021-06-16 12:15:48,2464.05,1,78062,79606,2455.86,173944,-0.23
2021-06-16 12:15:49,2464.05,1,77828,79624,2455.86,173944,-0.23
2021-06-16 12:15:50,2464.05,1,77828,79636,2455.86,173944,-0.23
2021-06-16 12:15:53,2464.9,3,77828,79636,2455.86,173944,-0.19
2021-06-16 12:15:54,2464.9,3,77857,79624,2455.86,173947,-0.19
2021-06-16 12:15:54,2464.9,3,77857,79634,2455.86,173947,-0.19
2021-06-16 12:15:55,2463.7,3,77854,79634,2455.86,173950,-0.24
2021-06-16 12:15:57,2463.7,3,77855,79625,2455.86,173950,-0.24
2021-06-16 12:15:57,2463.7,3,77975,79564,2455.86,173950,-0.24
2021-06-16 12:15:58,2463.7,3,77985,79566,2455.86,173950,-0.24
2021-06-16 12:16:00,2463.7,3,77985,79563,2455.86,173950,-0.24
2021-06-16 12:16:01,2464.9,1,77985,79563,2455.86,173950,-0.19
2021-06-16 12:16:01,2464.9,1,77595,78992,2455.86,173953,-0.19
2021-06-16 12:16:02,2464.9,1,77980,79414,2455.86,173953,-0.19
2021-06-16 12:16:03,2464.9,5,77980,79414,2455.86,173953,-0.19
2021-06-16 12:16:03,2464.9,1,77970,79357,2455.86,173958,-0.19
2021-06-16 12:16:04,2464.9,1,78008,79033,2455.86,173959,-0.19
2021-06-16 12:16:05,2464.9,1,78043,79085,2455.86,173959,-0.19
2021-06-16 12:16:06,2464.9,1,78043,79077,2455.86,173959,-0.19
2021-06-16 12:16:07,2464.9,1,78028,79077,2455.86,173959,-0.19
2021-06-16 12:16:08,2464.9,1,78013,79354,2455.86,173959,-0.19
2021-06-16 12:16:09,2464.9,1,78051,79357,2455.86,173959,-0.19
2021-06-16 12:16:11,2464.9,1,77968,79367,2455.86,173959,-0.19
2021-06-16 12:16:13,2464.9,1,77582,79511,2455.86,173959,-0.19
2021-06-16 12:16:14,2464.9,1,77899,79416,2455.86,173959,-0.19
2021-06-16 12:16:15,2464.9,1,77927,79383,2455.86,173959,-0.19
2021-06-16 12:16:16,2464.9,1,78073,78857,2455.86,173959,-0.19
2021-06-16 12:16:18,2464.9,1,78088,78857,2455.86,173959,-0.19
2021-06-16 12:16:19,2465.0,10,78088,79343,2455.86,173959,-0.19
2021-06-16 12:16:20,2465.0,10,78346,79215,2455.87,174047,-0.19
2021-06-16 12:16:21,2465.4,3,78346,79215,2455.87,174047,-0.17
2021-06-16 12:16:22,2464.4,17,78418,79211,2455.87,174112,-0.21
2021-06-16 12:16:24,2464.4,17,78396,79215,2455.87,174112,-0.21
2021-06-16 12:16:25,2464.4,17,78396,79214,2455.87,174112,-0.21
2021-06-16 12:16:26,2464.4,17,78282,79263,2455.87,174112,-0.21
2021-06-16 12:16:30,2464.4,17,78282,79291,2455.87,174112,-0.21
2021-06-16 12:16:31,2465.4,14,78359,78337,2455.87,174167,-0.17
2021-06-16 12:16:31,2465.4,14,78359,78860,2455.87,174167,-0.17
2021-06-16 12:16:32,2465.95,1,78399,78857,2455.87,174168,-0.15
2021-06-16 12:16:33,2465.95,1,78399,78860,2455.87,174168,-0.15
2021-06-16 12:16:34,2465.95,1,78384,78860,2455.87,174168,-0.15
2021-06-16 12:16:37,2465.95,1,78385,78796,2455.87,174168,-0.15
2021-06-16 12:16:38,2465.95,1,77593,78781,2455.87,174168,-0.15
2021-06-16 12:16:39,2465.95,1,78043,78781,2455.87,174168,-0.15
2021-06-16 12:16:40,2466.0,1,78301,78778,2455.87,174169,-0.15
2021-06-16 12:16:42,2466.0,1,78271,78778,2455.87,174169,-0.15
2021-06-16 12:16:43,2466.0,9,78271,78778,2455.87,174169,-0.15
2021-06-16 12:16:43,2466.0,9,78262,78757,2455.87,174178,-0.15
2021-06-16 12:16:45,2466.0,1,78262,78756,2455.87,174179,-0.15
2021-06-16 12:16:46,2466.0,1,78263,78756,2455.87,174179,-0.15
2021-06-16 12:16:47,2465.4,25,77789,78821,2455.88,174204,-0.17
2021-06-16 12:16:48,2465.4,25,78119,78830,2455.88,174204,-0.17
2021-06-16 12:16:49,2465.4,25,78129,78872,2455.88,174204,-0.17
2021-06-16 12:16:49,2464.5,12,78129,78872,2455.88,174204,-0.21
2021-06-16 12:16:50,2464.5,12,78117,78882,2455.88,174216,-0.21
2021-06-16 12:16:51,2464.5,12,78127,78911,2455.88,174216,-0.21
2021-06-16 12:16:52,2464.5,12,78127,78908,2455.88,174216,-0.21
2021-06-16 12:16:53,2465.9,6,78127,78908,2455.88,174216,-0.15
2021-06-16 12:16:55,2465.9,6,78127,78958,2455.88,174222,-0.15
2021-06-16 12:16:56,2465.9,6,78117,78910,2455.88,174222,-0.15
2021-06-16 12:16:57,2465.9,6,78117,79066,2455.88,174222,-0.15
2021-06-16 12:16:59,2465.9,6,78000,79068,2455.88,174222,-0.15
2021-06-16 12:17:00,2465.9,6,77972,79076,2455.88,174222,-0.15
2021-06-16 12:17:01,2465.9,6,78002,79078,2455.88,174222,-0.15
2021-06-16 12:17:03,2465.9,6,78002,79074,2455.88,174222,-0.15
2021-06-16 12:17:04,2465.0,9,78001,79065,2455.88,174231,-0.19
2021-06-16 12:17:05,2465.0,9,78011,79065,2455.88,174231,-0.19
2021-06-16 12:17:06,2465.0,9,78011,79082,2455.88,174231,-0.19
2021-06-16 12:17:07,2465.0,9,78011,79353,2455.88,174231,-0.19
2021-06-16 12:17:07,2464.5,35,78011,79353,2455.88,174231,-0.21
2021-06-16 12:17:08,2465.65,16,78011,79353,2455.88,174231,-0.16
2021-06-16 12:17:09,2465.65,16,78018,79352,2455.89,174566,-0.16
2021-06-16 12:17:11,2465.65,16,78018,79364,2455.89,174566,-0.16
2021-06-16 12:17:12,2465.65,16,78028,79333,2455.89,174566,-0.16
2021-06-16 12:17:15,2465.65,16,78018,79333,2455.89,174566,-0.16
2021-06-16 12:17:15,2465.5,12,78046,79334,2455.89,174566,-0.17
2021-06-16 12:17:16,2465.5,12,78006,79254,2455.9,174581,-0.17
2021-06-16 12:17:18,2465.5,12,77999,79254,2455.9,174581,-0.17
2021-06-16 12:17:19,2465.55,1,77999,79254,2455.9,174581,-0.17
2021-06-16 12:17:19,2465.55,1,78028,79252,2455.9,174583,-0.17
2021-06-16 12:17:21,2465.55,1,77797,79125,2455.9,174583,-0.17
2021-06-16 12:17:22,2465.55,1,77847,79124,2455.9,174583,-0.17
2021-06-16 12:17:24,2465.55,1,78099,79167,2455.9,174583,-0.17
2021-06-16 12:17:25,2465.5,9,78099,79167,2455.9,174583,-0.17
2021-06-16 12:17:25,2465.5,9,78108,79167,2455.9,174592,-0.17
2021-06-16 12:17:28,2465.5,9,78108,79169,2455.9,174592,-0.17
2021-06-16 12:17:29,2465.5,9,78108,79173,2455.9,174592,-0.17
2021-06-16 12:17:31,2465.5,2,78096,79156,2455.9,174594,-0.17
2021-06-16 12:17:34,2465.5,2,78112,79147,2455.9,174594,-0.17
2021-06-16 12:17:35,2465.0,6,77968,79109,2455.93,175197,-0.19
2021-06-16 12:17:36,2465.0,6,77987,79177,2455.93,175197,-0.19
2021-06-16 12:17:37,2465.0,6,77987,79203,2455.93,175197,-0.19
2021-06-16 12:17:38,2465.0,6,78153,78858,2455.93,175197,-0.19
2021-06-16 12:17:39,2465.0,6,78163,78908,2455.93,175197,-0.19
2021-06-16 12:17:40,2465.0,6,78192,78908,2455.93,175197,-0.19
2021-06-16 12:17:42,2465.0,6,78193,79185,2455.93,175197,-0.19
2021-06-16 12:17:43,2465.0,6,78026,79216,2455.93,175197,-0.19
2021-06-16 12:17:45,2465.0,6,78026,79227,2455.93,175197,-0.19
2021-06-16 12:17:46,2465.2,9,78026,79227,2455.93,175197,-0.18
2021-06-16 12:17:46,2465.2,9,78025,79220,2455.93,175206,-0.18
2021-06-16 12:17:48,2465.2,6,78025,79220,2455.93,175206,-0.18
2021-06-16 12:17:51,2465.2,6,78026,79214,2455.93,175212,-0.18
2021-06-16 12:17:54,2465.2,6,78026,79208,2455.93,175218,-0.18
2021-06-16 12:17:58,2465.2,6,78026,79209,2455.93,175218,-0.18
2021-06-16 12:18:00,2465.2,10,78026,79199,2455.93,175228,-0.18
2021-06-16 12:18:00,2465.2,10,78028,79184,2455.93,175228,-0.18
2021-06-16 12:18:01,2465.0,17,78028,79184,2455.93,175228,-0.19
2021-06-16 12:18:01,2465.0,17,78008,79109,2455.94,175315,-0.19
2021-06-16 12:18:03,2465.0,17,78018,79084,2455.94,175315,-0.19
2021-06-16 12:18:03,2465.0,17,78018,79081,2455.94,175315,-0.19
2021-06-16 12:18:06,2465.0,17,77990,79094,2455.94,175315,-0.19
2021-06-16 12:18:07,2465.6,3,77990,79094,2455.94,175315,-0.17
2021-06-16 12:18:07,2465.6,3,77959,79127,2455.94,175318,-0.17
2021-06-16 12:18:09,2465.65,1,77959,79127,2455.94,175318,-0.16
2021-06-16 12:18:10,2465.65,1,77958,78983,2455.94,175319,-0.16
2021-06-16 12:18:12,2465.65,2,77960,78983,2455.94,175319,-0.16
2021-06-16 12:18:12,2465.65,3,77960,78982,2455.94,175321,-0.16
2021-06-16 12:18:13,2465.65,3,77969,78982,2455.94,175325,-0.16
2021-06-16 12:18:14,2465.65,3,77959,78982,2455.94,175325,-0.16
2021-06-16 12:18:15,2465.7,1,77959,78982,2455.94,175325,-0.16
2021-06-16 12:18:15,2465.7,1,77959,78982,2455.94,175326,-0.16
2021-06-16 12:18:16,2465.7,1,77970,79011,2455.94,175326,-0.16
2021-06-16 12:18:18,2465.7,1,77960,79011,2455.94,175326,-0.16
2021-06-16 12:18:21,2465.7,1,77960,79012,2455.94,175326,-0.16
2021-06-16 12:18:23,2465.7,1,77945,79012,2455.94,175326,-0.16
2021-06-16 12:18:24,2465.7,1,78066,78725,2455.94,175326,-0.16
2021-06-16 12:18:24,2465.7,1,78082,78825,2455.94,175326,-0.16
2021-06-16 12:18:25,2465.7,1,78082,78827,2455.94,175326,-0.16
2021-06-16 12:18:27,2465.7,1,78099,78826,2455.94,175326,-0.16
2021-06-16 12:18:27,2465.7,1,78128,78826,2455.94,175326,-0.16
2021-06-16 12:18:28,2465.7,9,78128,78817,2455.94,175335,-0.16
2021-06-16 12:18:30,2465.7,2,78549,78737,2455.94,175378,-0.16
2021-06-16 12:18:31,2465.7,2,78327,78818,2455.94,175378,-0.16
2021-06-16 12:18:33,2466.0,1,78908,78743,2455.94,175437,-0.15
2021-06-16 12:18:34,2466.3,1,78908,78743,2455.94,175437,-0.14
2021-06-16 12:18:34,2466.3,1,79325,78603,2455.94,175438,-0.14
2021-06-16 12:18:36,2466.3,1,79325,78613,2455.94,175438,-0.14
2021-06-16 12:18:36,2466.3,1,78888,78837,2455.94,175438,-0.14
2021-06-16 12:18:37,2466.3,1,79194,78621,2455.94,175438,-0.14
2021-06-16 12:18:38,2466.3,1,79198,78621,2455.94,175438,-0.14
2021-06-16 12:18:39,2466.3,1,79198,78633,2455.94,175438,-0.14
2021-06-16 12:18:40,2466.3,1,79258,78648,2455.94,175438,-0.14
2021-06-16 12:18:41,2466.3,1,79259,78648,2455.94,175438,-0.14
2021-06-16 12:18:42,2466.3,1,79289,78644,2455.94,175438,-0.14
2021-06-16 12:18:45,2466.3,1,79290,78644,2455.94,175438,-0.14
2021-06-16 12:18:47,2466.3,1,79290,78649,2455.94,175438,-0.14
2021-06-16 12:18:49,2466.9,8,79348,78649,2455.94,175446,-0.11
2021-06-16 12:18:52,2466.9,8,79348,78680,2455.94,175446,-0.11
2021-06-16 12:18:52,2466.9,8,78973,78775,2455.94,175446,-0.11
2021-06-16 12:18:53,2466.85,7,78955,78732,2455.95,175486,-0.12
2021-06-16 12:18:54,2466.85,7,79281,78785,2455.95,175486,-0.12
2021-06-16 12:18:56,2466.85,7,79281,78783,2455.95,175486,-0.12
2021-06-16 12:18:58,2466.85,7,79286,78783,2455.95,175486,-0.12
2021-06-16 12:18:59,2466.85,7,79252,78509,2455.95,175486,-0.12
2021-06-16 12:19:01,2466.85,7,79252,78536,2455.95,175486,-0.12
2021-06-16 12:19:02,2466.85,7,79252,78538,2455.95,175486,-0.12
2021-06-16 12:19:04,2466.85,7,79474,78538,2455.95,175486,-0.12
2021-06-16 12:19:05,2466.85,7,79475,78538,2455.95,175486,-0.12
2021-06-16 12:19:09,2466.85,7,79475,78652,2455.95,175486,-0.12
2021-06-16 12:19:10,2466.65,3,79475,78652,2455.95,175486,-0.12
2021-06-16 12:19:11,2466.65,3,79149,79273,2455.95,175492,-0.12
2021-06-16 12:19:13,2466.65,3,79049,79273,2455.95,175492,-0.12
2021-06-16 12:19:15,2466.8,3,79049,79273,2455.95,175492,-0.12
2021-06-16 12:19:15,2466.8,3,79137,78980,2455.95,175495,-0.12
2021-06-16 12:19:18,2466.8,3,79186,78905,2455.95,175495,-0.12
2021-06-16 12:19:19,2466.0,25,79186,78905,2455.95,175495,-0.15
2021-06-16 12:19:20,2466.0,25,79140,78929,2455.95,175520,-0.15
2021-06-16 12:19:25,2466.0,25,79220,78925,2455.95,175520,-0.15
2021-06-16 12:19:27,2466.0,25,79201,78975,2455.95,175520,-0.15
2021-06-16 12:19:28,2466.0,25,79201,78976,2455.95,175520,-0.15
2021-06-16 12:19:31,2466.6,9,79251,78978,2455.95,175520,-0.13
2021-06-16 12:19:33,2466.6,9,79322,78969,2455.95,175534,-0.13
2021-06-16 12:19:35,2466.6,9,79322,78954,2455.95,175534,-0.13
2021-06-16 12:19:37,2466.6,9,79727,78345,2455.95,175534,-0.13
2021-06-16 12:19:38,2466.6,1,79727,78345,2455.95,175534,-0.13
2021-06-16 12:19:41,2466.6,1,79655,78648,2455.95,175536,-0.13
2021-06-16 12:19:47,2466.6,1,79465,78794,2455.95,175536,-0.13
2021-06-16 12:19:48,2466.6,1,79478,78077,2455.95,175546,-0.13
2021-06-16 12:19:49,2466.65,1,79478,78077,2455.95,175546,-0.12
2021-06-16 12:19:49,2466.65,3,79478,78077,2455.95,175546,-0.12
2021-06-16 12:19:50,2466.65,3,79511,78351,2455.95,175550,-0.12
2021-06-16 12:19:51,2466.5,9,79511,78351,2455.95,175550,-0.13
2021-06-16 12:19:53,2466.5,9,79263,78554,2455.95,175625,-0.13
2021-06-16 12:19:56,2466.5,9,79263,78557,2455.95,175625,-0.13
2021-06-16 12:19:58,2466.5,9,79263,78558,2455.95,175625,-0.13
2021-06-16 12:20:00,2466.5,9,79278,78558,2455.95,175625,-0.13
2021-06-16 12:20:03,2466.5,9,79299,78158,2455.95,175625,-0.13
2021-06-16 12:20:05,2466.5,9,79299,78600,2455.95,175625,-0.13
2021-06-16 12:20:10,2466.5,9,79273,78596,2455.95,175625,-0.13
2021-06-16 12:20:10,2466.1,37,79273,78596,2455.95,175625,-0.15
2021-06-16 12:20:12,2467.0,2,79092,78585,2455.96,175675,-0.11
2021-06-16 12:20:13,2467.0,3,79092,78585,2455.96,175675,-0.11
2021-06-16 12:20:15,2467.0,75,79758,78427,2455.97,175916,-0.11
2021-06-16 12:20:17,2467.0,75,79911,78428,2455.97,175916,-0.11
2021-06-16 12:20:19,2467.95,1,79882,78404,2455.97,175917,-0.07
2021-06-16 12:20:22,2467.95,1,79882,78444,2455.97,175917,-0.07
2021-06-16 12:20:27,2467.95,1,79865,77975,2455.97,175917,-0.07
2021-06-16 12:20:29,2468.0,11,79974,77962,2455.97,175937,-0.07
2021-06-16 12:20:31,2468.0,11,79974,77995,2455.97,175937,-0.07
2021-06-16 12:20:33,2468.0,11,79983,77996,2455.97,175937,-0.07
2021-06-16 12:20:34,2468.0,9,79983,77996,2455.97,175937,-0.07
2021-06-16 12:20:36,2468.0,9,79972,77986,2455.97,175946,-0.07
2021-06-16 12:20:38,2468.0,9,79939,77786,2455.97,175946,-0.07
2021-06-16 12:20:40,2468.0,9,80216,77824,2455.97,175946,-0.07
2021-06-16 12:20:42,2468.0,20,80216,77824,2455.97,175946,-0.07
2021-06-16 12:20:45,2468.0,20,80316,77880,2455.97,175966,-0.07
2021-06-16 12:20:48,2468.0,20,80319,77884,2455.97,175966,-0.07
2021-06-16 12:20:52,2468.0,20,80331,77884,2455.97,175966,-0.07
2021-06-16 12:20:57,2468.0,9,80339,77876,2455.98,175975,-0.07
2021-06-16 12:21:00,2468.0,9,80339,77916,2455.98,175975,-0.07
2021-06-16 12:21:03,2468.0,9,80322,77939,2455.98,175975,-0.07
2021-06-16 12:21:04,2468.0,3,80322,77939,2455.98,175975,-0.07
2021-06-16 12:21:06,2468.0,3,80317,77928,2455.98,175978,-0.07
2021-06-16 12:21:09,2468.0,6,80317,77928,2455.98,175978,-0.07
2021-06-16 12:21:09,2468.0,6,80342,77717,2455.98,176078,-0.07
2021-06-16 12:21:12,2468.0,6,80343,77718,2455.98,176078,-0.07
2021-06-16 12:21:14,2468.0,6,80343,77720,2455.98,176078,-0.07
2021-06-16 12:21:19,2467.55,9,80743,77729,2455.98,176087,-0.09
2021-06-16 12:21:21,2467.15,14,80743,77729,2455.98,176087,-0.1
2021-06-16 12:21:22,2467.15,14,80766,77721,2455.98,176102,-0.1
2021-06-16 12:21:24,2467.55,1,80766,77721,2455.98,176102,-0.09
2021-06-16 12:21:25,2467.55,1,80315,77720,2455.99,176140,-0.09
2021-06-16 12:21:27,2468.0,18,80459,77664,2455.99,176166,-0.07
2021-06-16 12:21:29,2468.0,18,80459,77668,2455.99,176166,-0.07
2021-06-16 12:21:31,2468.0,18,80468,77698,2455.99,176166,-0.07
2021-06-16 12:21:34,2468.0,18,80469,77688,2455.99,176166,-0.07
2021-06-16 12:21:36,2468.0,18,80543,77410,2455.99,176166,-0.07
2021-06-16 12:21:37,2468.0,9,80543,77410,2455.99,176166,-0.07
2021-06-16 12:21:39,2468.0,9,80509,77722,2455.99,176175,-0.07
2021-06-16 12:21:41,2468.0,9,80051,77722,2455.99,176175,-0.07
2021-06-16 12:21:43,2468.0,9,80033,77768,2455.99,176175,-0.07
2021-06-16 12:21:45,2468.0,9,80033,77767,2455.99,176175,-0.07
2021-06-16 12:21:48,2468.0,9,80033,77764,2455.99,176175,-0.07
2021-06-16 12:21:50,2468.0,9,80044,77782,2455.99,176175,-0.07
2021-06-16 12:21:52,2467.55,4,80040,77782,2455.99,176179,-0.09
2021-06-16 12:21:55,2467.55,10,80040,77782,2455.99,176179,-0.09
2021-06-16 12:21:55,2467.55,10,80031,77781,2455.99,176189,-0.09
2021-06-16 12:21:58,2467.8,1,80031,77673,2455.99,176197,-0.08
2021-06-16 12:22:00,2467.8,2,80031,77673,2455.99,176197,-0.08
2021-06-16 12:22:01,2467.2,25,80031,77673,2455.99,176197,-0.1
2021-06-16 12:22:03,2467.2,25,79137,78060,2456.01,176472,-0.1
2021-06-16 12:22:06,2467.2,25,79359,78063,2456.01,176472,-0.1
2021-06-16 12:22:08,2467.8,7,79359,78063,2456.01,176472,-0.08
2021-06-16 12:22:09,2467.8,7,79346,77755,2456.01,176506,-0.08
2021-06-16 12:22:10,2467.8,4,79346,77755,2456.01,176506,-0.08
2021-06-16 12:22:11,2467.8,4,79393,77783,2456.01,176518,-0.08
2021-06-16 12:22:12,2467.5,2,79393,77783,2456.01,176518,-0.09
2021-06-16 12:22:14,2467.5,2,79469,77819,2456.01,176520,-0.09
2021-06-16 12:22:16,2467.5,2,79469,77766,2456.01,176520,-0.09
2021-06-16 12:22:19,2467.5,1,79486,77760,2456.01,176529,-0.09
2021-06-16 12:22:21,2467.5,1,79519,77760,2456.01,176531,-0.09
2021-06-16 12:22:24,2467.5,1,79345,77794,2456.01,176531,-0.09
2021-06-16 12:22:28,2467.5,1,79720,77828,2456.01,176531,-0.09
2021-06-16 12:22:33,2467.5,1,79720,77829,2456.01,176531,-0.09
2021-06-16 12:22:35,2467.5,1,79721,77829,2456.01,176531,-0.09
2021-06-16 12:22:37,2467.5,1,79327,77884,2456.01,176531,-0.09
2021-06-16 12:22:40,2467.45,1,79407,77875,2456.01,176540,-0.09
2021-06-16 12:22:42,2467.45,1,79659,77875,2456.01,176541,-0.09
2021-06-16 12:22:45,2467.45,1,79659,77871,2456.01,176541,-0.09
2021-06-16 12:22:49,2467.45,1,79614,77891,2456.01,176541,-0.09
2021-06-16 12:22:51,2467.45,1,79614,78091,2456.01,176541,-0.09
2021-06-16 12:22:53,2467.45,2,79647,77819,2456.01,176555,-0.09
2021-06-16 12:22:55,2467.45,2,79691,77826,2456.01,176555,-0.09
2021-06-16 12:22:58,2467.95,4,79692,77826,2456.01,176555,-0.07
2021-06-16 12:23:00,2467.95,1,79696,77731,2456.01,176561,-0.07
2021-06-16 12:23:01,2468.0,9,79696,77731,2456.01,176561,-0.07
2021-06-16 12:23:03,2468.0,2,79695,77692,2456.01,176572,-0.07
2021-06-16 12:23:04,2468.0,26,79695,77692,2456.01,176572,-0.07
2021-06-16 12:23:04,2468.0,1,79657,77788,2456.02,176616,-0.07
2021-06-16 12:23:10,2468.0,1,79455,77928,2456.02,176617,-0.07
2021-06-16 12:23:12,2468.0,1,79455,77971,2456.02,176617,-0.07
2021-06-16 12:23:15,2468.0,1,79465,77967,2456.02,176617,-0.07
2021-06-16 12:23:17,2467.9,3,79396,77937,2456.02,176679,-0.07
2021-06-16 12:23:18,2467.9,1,79396,77937,2456.02,176679,-0.07
2021-06-16 12:23:22,2468.6,16,79227,77760,2456.05,177140,-0.04
2021-06-16 12:23:22,2468.6,3,79227,77760,2456.05,177140,-0.04
2021-06-16 12:23:24,2467.9,7,79227,77760,2456.05,177140,-0.07
2021-06-16 12:23:24,2467.9,7,79300,77715,2456.05,177156,-0.07
2021-06-16 12:23:27,2468.0,1,79300,77715,2456.05,177156,-0.07
2021-06-16 12:23:27,2468.0,1,79481,77583,2456.05,177160,-0.07
2021-06-16 12:23:29,2468.0,3,79512,77607,2456.05,177163,-0.07
2021-06-16 12:23:30,2468.0,1,79512,77607,2456.05,177163,-0.07
2021-06-16 12:23:32,2468.0,1,79522,77607,2456.05,177164,-0.07
2021-06-16 12:23:36,2468.0,4,79550,77606,2456.05,177164,-0.07
2021-06-16 12:23:36,2468.0,1,79550,77606,2456.05,177164,-0.07
2021-06-16 12:23:37,2468.0,1,79215,77771,2456.06,177176,-0.07
2021-06-16 12:23:39,2468.0,1,79216,77770,2456.06,177177,-0.07
2021-06-16 12:23:41,2468.0,1,79233,77918,2456.06,177177,-0.07
2021-06-16 12:23:43,2468.0,3,79233,77918,2456.06,177177,-0.07
2021-06-16 12:23:43,2468.0,3,79652,77682,2456.06,177180,-0.07
2021-06-16 12:23:46,2468.0,3,79690,77538,2456.06,177180,-0.07
2021-06-16 12:23:48,2468.7,1,79690,77538,2456.06,177180,-0.04
2021-06-16 12:23:52,2468.7,1,79709,77120,2456.06,177181,-0.04
2021-06-16 12:23:53,2469.0,5,79709,77120,2456.06,177181,-0.03
2021-06-16 12:23:54,2467.6,1,79256,77320,2456.06,177187,-0.09
2021-06-16 12:23:57,2468.95,2,79572,77245,2456.06,177192,-0.03
2021-06-16 12:23:58,2468.95,1,79572,77245,2456.06,177192,-0.03
2021-06-16 12:24:03,2468.95,1,79611,77248,2456.06,177194,-0.03
2021-06-16 12:24:05,2468.95,1,79333,77742,2456.06,177198,-0.03
2021-06-16 12:24:06,2468.95,4,79333,77742,2456.06,177198,-0.03
2021-06-16 12:24:06,2467.25,41,79333,77742,2456.06,177198,-0.1
2021-06-16 12:24:07,2467.25,41,79358,77722,2456.06,177264,-0.1
2021-06-16 12:24:09,2467.25,41,79378,77786,2456.06,177264,-0.1
2021-06-16 12:24:12,2468.75,10,79376,77755,2456.06,177274,-0.04
2021-06-16 12:24:15,2468.75,1,79430,77684,2456.06,177275,-0.04
2021-06-16 12:24:19,2468.75,1,79430,77685,2456.06,177275,-0.04
2021-06-16 12:24:20,2468.75,1,79467,77696,2456.06,177275,-0.04
2021-06-16 12:24:22,2468.75,1,79467,77714,2456.06,177275,-0.04
2021-06-16 12:24:23,2468.75,10,79467,77714,2456.06,177275,-0.04
2021-06-16 12:24:24,2468.75,2,79467,77714,2456.06,177275,-0.04
2021-06-16 12:24:25,2468.75,2,79466,77694,2456.06,177296,-0.04
2021-06-16 12:24:27,2467.35,10,79465,77748,2456.06,177308,-0.1
2021-06-16 12:24:30,2467.35,10,79505,77725,2456.06,177308,-0.1
2021-06-16 12:24:33,2468.7,1,79505,77725,2456.06,177308,-0.04
2021-06-16 12:24:34,2468.7,1,79504,77723,2456.06,177310,-0.04
2021-06-16 12:24:37,2468.7,1,79504,77724,2456.06,177310,-0.04
2021-06-16 12:24:40,2468.7,1,79659,77724,2456.06,177310,-0.04
2021-06-16 12:24:43,2468.7,1,79663,77693,2456.06,177310,-0.04
2021-06-16 12:24:45,2468.7,1,79663,77690,2456.06,177310,-0.04
2021-06-16 12:24:46,2468.7,7,79663,77690,2456.06,177310,-0.04
2021-06-16 12:24:46,2467.3,6,79663,77690,2456.06,177310,-0.1
2021-06-16 12:24:48,2467.3,6,79582,77700,2456.07,177349,-0.1
2021-06-16 12:24:48,2468.45,5,79582,77700,2456.07,177349,-0.05
2021-06-16 12:24:50,2468.45,5,79532,77699,2456.07,177354,-0.05
2021-06-16 12:24:52,2468.45,6,79532,77699,2456.07,177354,-0.05
2021-06-16 12:24:52,2468.45,6,79343,77743,2456.07,177360,-0.05
2021-06-16 12:24:53,2468.4,1,79343,77743,2456.07,177360,-0.05
2021-06-16 12:24:55,2468.4,1,79343,77743,2456.07,177361,-0.05
2021-06-16 12:24:56,2467.05,5,79343,77743,2456.07,177361,-0.11
2021-06-16 12:24:57,2467.05,5,79338,77737,2456.07,177370,-0.11
2021-06-16 12:25:00,2467.05,5,79339,77748,2456.07,177370,-0.11
2021-06-16 12:25:02,2467.05,5,79121,77757,2456.07,177370,-0.11
2021-06-16 12:25:03,2468.4,2,79121,77757,2456.07,177370,-0.05
2021-06-16 12:25:05,2468.4,2,79109,77755,2456.07,177372,-0.05
2021-06-16 12:25:06,2468.7,4,79109,77755,2456.07,177372,-0.04
2021-06-16 12:25:07,2468.7,4,79079,77606,2456.08,177522,-0.04
2021-06-16 12:25:09,2468.7,3,79079,77606,2456.08,177522,-0.04
2021-06-16 12:25:10,2468.7,3,79033,78062,2456.08,177529,-0.04
2021-06-16 12:25:12,2468.75,1,79033,78062,2456.08,177529,-0.04
2021-06-16 12:25:12,2468.75,1,79057,78116,2456.08,177530,-0.04
2021-06-16 12:25:13,2468.8,1,79057,78116,2456.08,177530,-0.04
2021-06-16 12:25:15,2469.5,10,79276,77717,2456.09,177601,-0.01
2021-06-16 12:25:15,2468.8,2,79276,77717,2456.09,177601,-0.04
2021-06-16 12:25:16,2469.5,3,79276,77717,2456.09,177601,-0.01
2021-06-16 12:25:17,2469.6,28,79308,77709,2456.09,177720,-0.0
2021-06-16 12:25:18,2470.0,50,79308,77709,2456.09,177720,0.01
2021-06-16 12:25:18,2469.6,3,79308,77709,2456.09,177720,-0.0
2021-06-16 12:25:20,2469.6,3,79975,75084,2456.22,179308,-0.0
2021-06-16 12:25:22,2470.3,3,79959,75101,2456.22,179324,0.02
2021-06-16 12:25:24,2470.3,20,79959,75101,2456.22,179324,0.02
2021-06-16 12:25:24,2470.3,25,79959,75101,2456.22,179324,0.02
2021-06-16 12:25:25,2470.3,25,80013,75043,2456.24,179598,0.02
2021-06-16 12:25:25,2470.3,5,80013,75043,2456.24,179598,0.02
2021-06-16 12:25:27,2470.95,9,80013,75043,2456.24,179598,0.05
2021-06-16 12:25:27,2470.95,3,79787,74888,2456.25,179675,0.05
2021-06-16 12:25:28,2470.3,2,79787,74888,2456.25,179675,0.02
2021-06-16 12:25:30,2470.95,20,79899,74704,2456.25,179700,0.05
2021-06-16 12:25:33,2472.25,20,80223,74405,2456.27,180004,0.1
2021-06-16 12:25:33,2471.7,5,80223,74405,2456.27,180004,0.08
2021-06-16 12:25:34,2471.7,5,80311,73877,2456.32,180561,0.08
2021-06-16 12:25:35,2472.75,13,80311,73877,2456.32,180561,0.12
2021-06-16 12:25:36,2472.35,18,80311,73877,2456.32,180561,0.11
2021-06-16 12:25:36,2472.75,5,80311,73877,2456.32,180561,0.12
2021-06-16 12:25:37,2472.75,5,80404,73767,2456.34,180721,0.12
2021-06-16 12:25:37,2472.75,6,80404,73767,2456.34,180721,0.12
2021-06-16 12:25:39,2472.35,5,80404,73767,2456.34,180721,0.11
2021-06-16 12:25:39,2472.35,5,80534,73892,2456.34,180733,0.11
2021-06-16 12:25:40,2472.35,9,80534,73892,2456.34,180733,0.11
2021-06-16 12:25:43,2472.7,1,80534,73892,2456.34,180733,0.12
2021-06-16 12:25:44,2472.7,1,80515,74204,2456.34,180768,0.12
2021-06-16 12:25:45,2472.75,1,80515,74204,2456.34,180768,0.12
2021-06-16 12:25:46,2473.55,5,80515,74204,2456.34,180768,0.16
2021-06-16 12:25:46,2473.55,5,81187,73254,2456.37,181051,0.16
2021-06-16 12:25:47,2474.0,162,81187,73254,2456.37,181051,0.17
2021-06-16 12:25:48,2474.0,50,81187,73254,2456.37,181051,0.17
2021-06-16 12:25:49,2474.0,37,81187,73254,2456.37,181051,0.17
2021-06-16 12:25:49,2474.0,45,81187,73254,2456.37,181051,0.17
2021-06-16 12:25:51,2474.0,7,81187,73254,2456.37,181051,0.17
2021-06-16 12:25:52,2475.05,4,82208,71645,2456.6,183367,0.22
2021-06-16 12:25:54,2476.95,18,82208,71645,2456.6,183367,0.29
2021-06-16 12:25:55,2476.95,50,82419,71331,2456.62,183560,0.29
2021-06-16 12:25:55,2476.95,5,82419,71331,2456.62,183560,0.29
2021-06-16 12:25:57,2476.95,5,82133,71522,2456.62,183594,0.29
2021-06-16 12:25:57,2476.95,39,82133,71522,2456.62,183594,0.29
2021-06-16 12:25:58,2476.95,39,82122,71529,2456.66,183890,0.29
2021-06-16 12:25:59,2476.3,4,82122,71529,2456.66,183890,0.27
2021-06-16 12:26:00,2476.95,10,82122,71529,2456.66,183890,0.29
2021-06-16 12:26:01,2476.95,2,82107,71618,2456.66,183910,0.29
2021-06-16 12:26:02,2475.0,75,82107,71618,2456.66,183910,0.21
2021-06-16 12:26:03,2475.0,4,82107,71618,2456.66,183910,0.21
2021-06-16 12:26:03,2475.0,4,81274,72731,2456.67,183996,0.21
2021-06-16 12:26:04,2474.85,12,81274,72731,2456.67,183996,0.21
2021-06-16 12:26:04,2474.85,1,81274,72731,2456.67,183996,0.21
2021-06-16 12:26:06,2474.8,2,81155,72667,2456.67,184009,0.21
2021-06-16 12:26:08,2473.15,14,80395,73124,2456.68,184100,0.14
2021-06-16 12:26:09,2471.3,2,80395,73124,2456.68,184100,0.06
2021-06-16 12:26:10,2473.55,21,80395,73124,2456.68,184100,0.16
2021-06-16 12:26:10,2473.55,12,80917,72826,2456.76,185062,0.16
2021-06-16 12:26:12,2472.6,12,80917,72826,2456.76,185062,0.12
2021-06-16 12:26:13,2472.0,21,80389,73433,2456.79,185411,0.09
2021-06-16 12:26:15,2472.0,25,80389,73433,2456.79,185411,0.09
2021-06-16 12:26:15,2471.5,5,80061,73975,2456.88,186511,0.07
2021-06-16 12:26:16,2472.0,350,80061,73975,2456.88,186511,0.09
2021-06-16 12:26:16,2471.6,41,80061,73975,2456.88,186511,0.08
2021-06-16 12:26:18,2471.5,50,79770,75095,2456.99,187865,0.07
2021-06-16 12:26:19,2470.05,17,79770,75095,2456.99,187865,0.01
2021-06-16 12:26:19,2469.15,10,79770,75095,2456.99,187865,-0.02
2021-06-16 12:26:20,2469.15,1,78688,74802,2457.06,188929,-0.02
2021-06-16 12:26:21,2469.25,13,78688,74802,2457.06,188929,-0.02
2021-06-16 12:26:22,2469.6,17,78688,74802,2457.06,188929,-0.0
2021-06-16 12:26:22,2468.7,2,78970,74574,2457.12,189814,-0.04
2021-06-16 12:26:24,2469.2,25,78970,74574,2457.12,189814,-0.02
2021-06-16 12:26:25,2470.65,25,79998,73649,2457.18,190712,0.04
2021-06-16 12:26:27,2470.65,5,79998,73649,2457.18,190712,0.04
2021-06-16 12:26:27,2470.65,5,79860,73591,2457.23,191332,0.04
2021-06-16 12:26:28,2472.1,48,79860,73591,2457.23,191332,0.1
2021-06-16 12:26:28,2472.1,20,79860,73591,2457.23,191332,0.1
2021-06-16 12:26:30,2472.1,20,80082,73242,2457.27,191900,0.1
2021-06-16 12:26:30,2473.2,53,80082,73242,2457.27,191900,0.14
2021-06-16 12:26:31,2473.2,8,80082,73242,2457.27,191900,0.14
2021-06-16 12:26:32,2473.5,3,80114,73016,2457.28,192016,0.15
2021-06-16 12:26:33,2473.2,3,80114,73016,2457.28,192016,0.14
2021-06-16 12:26:34,2473.55,4,80114,73016,2457.28,192016,0.16
2021-06-16 12:26:34,2471.8,8,79793,73029,2457.29,192134,0.09
2021-06-16 12:26:37,2471.8,8,79824,73092,2457.29,192134,0.09
2021-06-16 12:26:37,2473.45,1,79824,73092,2457.29,192134,0.15
2021-06-16 12:26:39,2473.45,1,80011,73546,2457.3,192164,0.15
2021-06-16 12:26:42,2473.45,1,80031,73550,2457.3,192164,0.15
2021-06-16 12:26:44,2473.55,3,80031,73550,2457.3,192164,0.16
2021-06-16 12:26:45,2472.95,2,81191,72462,2457.3,192225,0.13
2021-06-16 12:26:47,2472.95,2,81381,72513,2457.3,192225,0.13
2021-06-16 12:26:49,2472.95,2,81362,72509,2457.3,192225,0.13
2021-06-16 12:26:51,2473.15,1,81362,72509,2457.3,192225,0.14
2021-06-16 12:26:52,2475.0,87,81467,71935,2457.31,192372,0.21
2021-06-16 12:26:54,2475.0,26,81491,71927,2457.32,192398,0.21
2021-06-16 12:26:56,2475.0,1,81491,71927,2457.32,192398,0.21
2021-06-16 12:26:58,2475.0,1,81681,72008,2457.32,192407,0.21
2021-06-16 12:27:00,2475.0,1,81742,72004,2457.32,192408,0.21
2021-06-16 12:27:01,2474.05,13,81742,72004,2457.32,192408,0.18
2021-06-16 12:27:01,2473.6,7,81742,72004,2457.32,192408,0.16
2021-06-16 12:27:03,2476.8,1,82226,71393,2457.36,192887,0.29
2021-06-16 12:27:04,2476.95,4,82226,71393,2457.36,192887,0.29
2021-06-16 12:27:05,2476.95,4,81678,71033,2457.37,193020,0.29
2021-06-16 12:27:07,2475.5,20,81678,71033,2457.37,193020,0.23
2021-06-16 12:27:07,2476.85,4,82039,71284,2457.38,193044,0.29
2021-06-16 12:27:10,2476.85,4,82071,71293,2457.38,193044,0.29
2021-06-16 12:27:10,2477.6,123,82071,71293,2457.38,193044,0.32
2021-06-16 12:27:12,2479.0,1,82071,71293,2457.38,193044,0.38
2021-06-16 12:27:13,2477.2,58,83244,70288,2457.5,194207,0.3
2021-06-16 12:27:13,2477.2,15,83244,70288,2457.5,194207,0.3
2021-06-16 12:27:15,2476.9,2,83217,70931,2457.51,194321,0.29
2021-06-16 12:27:16,2476.45,1,83217,70931,2457.51,194321,0.27
2021-06-16 12:27:16,2477.0,10,83217,70931,2457.51,194321,0.3
2021-06-16 12:27:17,2477.0,10,83203,71046,2457.52,194380,0.3
2021-06-16 12:27:18,2479.6,43,83203,71046,2457.52,194380,0.4
2021-06-16 12:27:19,2477.95,2,83203,71046,2457.52,194380,0.33
2021-06-16 12:27:19,2477.95,2,83778,70462,2457.54,194638,0.33
2021-06-16 12:27:20,2479.8,16,83778,70462,2457.54,194638,0.41
2021-06-16 12:27:21,2479.75,5,83778,70462,2457.54,194638,0.41
2021-06-16 12:27:22,2479.75,4,83338,70442,2457.55,194668,0.41
2021-06-16 12:27:22,2477.7,4,83338,70442,2457.55,194668,0.32
2021-06-16 12:27:24,2478.95,10,83338,70442,2457.55,194668,0.37
2021-06-16 12:27:25,2477.7,1,83286,70171,2457.7,196044,0.32
2021-06-16 12:27:25,2477.95,1,83286,70171,2457.7,196044,0.33
2021-06-16 12:27:27,2477.95,1,83096,70164,2457.7,196045,0.33
2021-06-16 12:27:28,2478.0,3,83096,70164,2457.7,196045,0.34
2021-06-16 12:27:28,2479.6,3,83096,70164,2457.7,196045,0.4
2021-06-16 12:27:30,2478.15,1,83503,70237,2457.7,196079,0.34
2021-06-16 12:27:31,2478.0,2,83503,70237,2457.7,196079,0.34
2021-06-16 12:27:31,2478.3,3,83503,70237,2457.7,196079,0.35
2021-06-16 12:27:32,2479.25,6,82413,70785,2457.71,196200,0.39
2021-06-16 12:27:33,2479.15,10,82413,70785,2457.71,196200,0.38
2021-06-16 12:27:34,2479.6,10,82413,70785,2457.71,196200,0.4
2021-06-16 12:27:35,2479.0,20,83064,70576,2457.73,196380,0.38
2021-06-16 12:27:39,2479.0,27,83064,70576,2457.73,196380,0.38
2021-06-16 12:27:40,2479.0,27,83289,70477,2457.74,196440,0.38
2021-06-16 12:27:40,2478.0,1,83289,70477,2457.74,196440,0.34
2021-06-16 12:27:42,2478.0,1,83239,70511,2457.74,196445,0.34
2021-06-16 12:27:45,2478.0,1,83269,70592,2457.74,196445,0.34
2021-06-16 12:27:46,2479.0,1,83269,70592,2457.74,196445,0.38
2021-06-16 12:27:50,2479.0,25,83269,70592,2457.74,196445,0.38
2021-06-16 12:27:51,2479.0,42,83269,70592,2457.74,196445,0.38
2021-06-16 12:27:52,2479.0,2,83269,70592,2457.74,196445,0.38
2021-06-16 12:27:52,2479.0,58,83269,70592,2457.74,196445,0.38
2021-06-16 12:27:54,2478.05,4,82921,70680,2457.8,196981,0.34
2021-06-16 12:27:55,2479.05,2,82921,70680,2457.8,196981,0.38
2021-06-16 12:27:55,2478.0,4,82921,70680,2457.8,196981,0.34
2021-06-16 12:27:57,2479.05,13,82921,70680,2457.8,196981,0.38
2021-06-16 12:27:57,2479.05,13,83153,70853,2457.81,197104,0.38
2021-06-16 12:27:59,2477.45,47,83153,70853,2457.81,197104,0.31
2021-06-16 12:28:00,2479.0,28,83153,70853,2457.81,197104,0.38
2021-06-16 12:28:01,2479.0,11,83089,71496,2457.82,197228,0.38
2021-06-16 12:28:04,2479.9,47,83410,71310,2457.83,197314,0.41
2021-06-16 12:28:07,2479.9,47,83636,71114,2457.83,197314,0.41
2021-06-16 12:28:07,2479.0,1,83636,71114,2457.83,197314,0.38
2021-06-16 12:28:09,2479.0,1,81578,71271,2457.83,197315,0.38
2021-06-16 12:28:10,2478.9,3,81578,71271,2457.83,197315,0.37
2021-06-16 12:28:10,2479.0,8,81578,71271,2457.83,197315,0.38
2021-06-16 12:28:12,2479.85,8,81035,71561,2457.84,197404,0.41
2021-06-16 12:28:13,2479.85,1,81035,71561,2457.84,197404,0.41
2021-06-16 12:28:15,2479.85,1,81113,71509,2457.84,197406,0.41
2021-06-16 12:28:17,2479.85,1,81115,71643,2457.84,197407,0.41
2021-06-16 12:28:19,2479.85,1,81316,71663,2457.84,197407,0.41
2021-06-16 12:28:21,2478.45,26,81316,71663,2457.84,197407,0.35
2021-06-16 12:28:22,2478.5,5,81303,71595,2457.85,197477,0.36
2021-06-16 12:28:24,2478.5,5,81253,71616,2457.85,197477,0.36
2021-06-16 12:28:27,2478.5,5,80989,71693,2457.85,197477,0.36
2021-06-16 12:28:28,2478.15,4,80989,71693,2457.85,197477,0.34
2021-06-16 12:28:31,2478.5,2,80989,71693,2457.85,197477,0.36
2021-06-16 12:28:31,2478.15,1,80989,71693,2457.85,197477,0.34
2021-06-16 12:28:32,2478.15,1,81097,71864,2457.86,197512,0.34
2021-06-16 12:28:33,2478.0,8,81097,71864,2457.86,197512,0.34
2021-06-16 12:28:34,2478.0,8,80948,71713,2457.87,197612,0.34
2021-06-16 12:28:35,2479.0,15,80948,71713,2457.87,197612,0.38
2021-06-16 12:28:36,2479.0,5,80948,71713,2457.87,197612,0.38
2021-06-16 12:28:37,2479.0,50,81016,71160,2457.88,197706,0.38
2021-06-16 12:28:39,2479.5,98,81016,71160,2457.88,197706,0.4
2021-06-16 12:28:40,2480.0,363,81466,70255,2457.95,198409,0.42
2021-06-16 12:28:42,2480.0,363,80926,70675,2457.95,198409,0.42
2021-06-16 12:28:42,2480.0,19,80926,70675,2457.95,198409,0.42
2021-06-16 12:28:44,2480.0,19,81992,70673,2457.96,198459,0.42
2021-06-16 12:28:45,2482.0,5,81992,70673,2457.96,198459,0.5
2021-06-16 12:28:46,2480.55,78,81992,70673,2457.96,198459,0.44
2021-06-16 12:28:46,2481.55,5,81992,70673,2457.96,198459,0.48
2021-06-16 12:28:47,2481.55,5,82185,68709,2458.29,201457,0.48
2021-06-16 12:28:48,2479.4,13,82185,68709,2458.29,201457,0.39
2021-06-16 12:28:49,2479.4,13,81997,68920,2458.29,201495,0.39
2021-06-16 12:28:49,2481.35,4,81997,68920,2458.29,201495,0.47
2021-06-16 12:28:52,2481.35,5,81949,68658,2458.29,201509,0.47
2021-06-16 12:28:53,2481.35,1,81540,67965,2458.29,201509,0.47
2021-06-16 12:28:54,2480.05,2,81540,67965,2458.29,201509,0.42
2021-06-16 12:28:55,2480.05,2,81825,67352,2458.3,201587,0.42
2021-06-16 12:28:56,2481.35,22,81825,67352,2458.3,201587,0.47
2021-06-16 12:28:57,2481.35,22,81818,67659,2458.31,201630,0.47
2021-06-16 12:28:57,2481.0,20,81818,67659,2458.31,201630,0.46
2021-06-16 12:28:58,2481.1,5,81818,67659,2458.31,201630,0.46
2021-06-16 12:29:03,2481.0,6,81818,67659,2458.31,201630,0.46
2021-06-16 12:29:03,2481.0,6,83383,67995,2458.31,201666,0.46
2021-06-16 12:29:06,2481.0,1,83257,67932,2458.31,201667,0.46
2021-06-16 12:29:07,2480.0,4,83267,68245,2458.31,201672,0.42
2021-06-16 12:29:07,2480.0,4,83182,68235,2458.33,201872,0.42
2021-06-16 12:29:09,2480.05,1,83320,68256,2458.33,201872,0.42
2021-06-16 12:29:10,2480.05,1,83319,68182,2458.33,201873,0.42
2021-06-16 12:29:10,2481.0,10,83319,68185,2458.33,201888,0.46
2021-06-16 12:29:12,2481.0,10,83339,68185,2458.33,201888,0.46
2021-06-16 12:29:12,2481.0,4,83339,68185,2458.33,201888,0.46
2021-06-16 12:29:13,2481.0,4,83324,68190,2458.34,201938,0.46
2021-06-16 12:29:13,2481.0,4,83325,68195,2458.34,201938,0.46
2021-06-16 12:29:15,2481.0,4,83363,68588,2458.34,201942,0.46
2021-06-16 12:29:16,2481.0,2,83124,68562,2458.37,202222,0.46
2021-06-16 12:29:18,2481.0,2,83288,68569,2458.37,202222,0.46
2021-06-16 12:29:19,2481.0,2,83342,68571,2458.37,202222,0.46
2021-06-16 12:29:20,2481.0,2,83352,68571,2458.37,202222,0.46
2021-06-16 12:29:21,2480.0,59,83352,68571,2458.37,202222,0.42
2021-06-16 12:29:21,2480.0,59,83032,68587,2458.4,202472,0.42
2021-06-16 12:29:22,2480.0,59,83112,68525,2458.4,202472,0.42
2021-06-16 12:29:23,2480.0,59,83113,68525,2458.4,202472,0.42
2021-06-16 12:29:25,2480.0,59,83114,68775,2458.4,202472,0.42
2021-06-16 12:29:25,2480.0,59,83114,68778,2458.4,202472,0.42
2021-06-16 12:29:26,2481.0,1,83114,68778,2458.4,202472,0.46
2021-06-16 12:29:27,2481.0,1,82997,69075,2458.4,202473,0.46
2021-06-16 12:29:28,2479.6,48,82798,68943,2458.42,202723,0.4
2021-06-16 12:29:28,2479.6,48,82411,69130,2458.42,202723,0.4
2021-06-16 12:29:29,2480.4,2,82661,69098,2458.42,202727,0.43
2021-06-16 12:29:30,2480.4,2,82246,69355,2458.42,202727,0.43
2021-06-16 12:29:31,2479.95,10,82246,69355,2458.42,202727,0.42
2021-06-16 12:29:31,2479.95,5,82307,69326,2458.43,202742,0.42
2021-06-16 12:29:33,2479.0,50,82772,69261,2458.48,203327,0.38
2021-06-16 12:29:34,2478.05,20,82859,69405,2458.49,203427,0.34
2021-06-16 12:29:35,2479.0,25,82888,69418,2458.5,203452,0.38
2021-06-16 12:29:36,2479.0,25,83289,69428,2458.5,203452,0.38
2021-06-16 12:29:37,2480.0,29,83289,69428,2458.5,203452,0.42
2021-06-16 12:29:37,2480.0,1,82331,69389,2458.52,203668,0.42
2021-06-16 12:29:39,2480.0,1,82829,69495,2458.52,203668,0.42
2021-06-16 12:29:39,2480.0,9,83032,69442,2458.52,203677,0.42
2021-06-16 12:29:40,2478.6,59,83057,69442,2458.52,203677,0.36
2021-06-16 12:29:42,2479.0,20,84795,69439,2458.54,203861,0.38
2021-06-16 12:29:43,2479.0,400,84795,69439,2458.54,203861,0.38
2021-06-16 12:29:43,2479.0,400,84987,69081,2458.58,204291,0.38
2021-06-16 12:29:45,2480.35,25,83630,69305,2458.59,204344,0.43
2021-06-16 12:29:46,2480.0,1,83604,69332,2458.59,204345,0.42
2021-06-16 12:29:47,2480.0,1,83666,69353,2458.59,204345,0.42
2021-06-16 12:29:48,2480.0,1,83392,69409,2458.59,204350,0.42
2021-06-16 12:29:49,2480.0,1,83381,69404,2458.59,204350,0.42
2021-06-16 12:29:50,2480.0,1,83381,69433,2458.59,204350,0.42
2021-06-16 12:29:51,2480.0,1,83410,69439,2458.59,204350,0.42
2021-06-16 12:29:52,2480.0,1,83413,69439,2458.59,204350,0.42
2021-06-16 12:29:53,2480.0,1,83424,69439,2458.59,204350,0.42
2021-06-16 12:29:54,2478.8,20,83424,69439,2458.59,204350,0.37
2021-06-16 12:29:54,2478.8,20,83394,69484,2458.59,204380,0.37
2021-06-16 12:29:55,2478.7,30,83394,69484,2458.59,204380,0.36
2021-06-16 12:29:55,2478.7,30,83291,69492,2458.6,204510,0.36
2021-06-16 12:29:57,2478.7,30,83226,69539,2458.6,204510,0.36
2021-06-16 12:29:58,2478.7,30,83226,69718,2458.6,204510,0.36
2021-06-16 12:29:59,2480.0,17,83261,69800,2458.61,204530,0.42
2021-06-16 12:30:00,2480.0,17,83261,69820,2458.61,204530,0.42
2021-06-16 12:30:01,2480.0,6,83261,69820,2458.61,204530,0.42
2021-06-16 12:30:01,2477.9,5,83299,69811,2458.61,204539,0.33
2021-06-16 12:30:03,2477.9,5,82289,70811,2458.69,205394,0.33
2021-06-16 12:30:03,2477.9,5,82910,70822,2458.69,205394,0.33
2021-06-16 12:30:04,2478.0,55,82910,70822,2458.69,205394,0.34
2021-06-16 12:30:04,2478.0,55,82892,70708,2458.69,205449,0.34
2021-06-16 12:30:05,2479.0,5,82892,70708,2458.69,205449,0.38
2021-06-16 12:30:06,2478.7,2,82916,70647,2458.69,205466,0.36
2021-06-16 12:30:07,2478.0,24,82889,70603,2458.7,205546,0.34
2021-06-16 12:30:07,2478.0,24,82879,70599,2458.7,205546,0.34
2021-06-16 12:30:09,2478.0,24,82853,70599,2458.7,205546,0.34
2021-06-16 12:30:09,2478.0,10,82902,70599,2458.7,205556,0.34
2021-06-16 12:30:10,2478.9,10,82902,70599,2458.7,205556,0.37
2021-06-16 12:30:10,2478.9,10,82982,70747,2458.7,205566,0.37
2021-06-16 12:30:11,2478.0,5,82982,70747,2458.7,205566,0.34
2021-06-16 12:30:12,2478.0,30,82947,71041,2458.71,205601,0.34
2021-06-16 12:30:13,2478.8,1,82947,71042,2458.71,205601,0.37
2021-06-16 12:30:13,2479.1,5,82947,71042,2458.71,205601,0.38
2021-06-16 12:30:14,2479.1,5,83077,70749,2458.72,205716,0.38
2021-06-16 12:30:15,2479.1,5,83002,70700,2458.72,205716,0.38
2021-06-16 12:30:15,2478.0,17,83013,70710,2458.72,205733,0.34
2021-06-16 12:30:16,2478.0,17,83014,70718,2458.72,205733,0.34
2021-06-16 12:30:18,2478.0,17,83064,70718,2458.72,205733,0.34
2021-06-16 12:30:19,2478.0,17,83065,70718,2458.72,205733,0.34
2021-06-16 12:30:20,2478.0,17,83065,70734,2458.72,205733,0.34
2021-06-16 12:30:21,2478.85,1,83166,70765,2458.72,205733,0.37
2021-06-16 12:30:22,2478.85,1,83114,70794,2458.72,205735,0.37
2021-06-16 12:30:23,2478.85,1,83104,70496,2458.72,205735,0.37
2021-06-16 12:30:24,2478.85,1,83149,70629,2458.72,205735,0.37
2021-06-16 12:30:25,2478.0,11,83154,70916,2458.72,205736,0.34
2021-06-16 12:30:27,2478.15,10,83100,71057,2458.72,205771,0.34
2021-06-16 12:30:28,2478.15,30,83154,71260,2458.73,205801,0.34
2021-06-16 12:30:28,2479.3,8,83221,71291,2458.73,205809,0.39
2021-06-16 12:30:30,2479.3,8,83221,71301,2458.73,205809,0.39
2021-06-16 12:30:30,2479.4,52,83268,71030,2458.75,206059,0.39
2021-06-16 12:30:31,2479.4,52,83268,71242,2458.75,206059,0.39
2021-06-16 12:30:32,2479.4,1,83268,71242,2458.75,206059,0.39
2021-06-16 12:30:33,2479.4,1,83294,71183,2458.75,206060,0.39
2021-06-16 12:30:33,2479.45,1,83294,71183,2458.75,206060,0.39
2021-06-16 12:30:34,2479.45,1,83299,71198,2458.75,206065,0.39
2021-06-16 12:30:35,2479.45,1,83035,71298,2458.75,206065,0.39
2021-06-16 12:30:37,2479.4,100,83004,71213,2458.76,206166,0.39
2021-06-16 12:30:37,2478.45,10,83294,71160,2458.77,206252,0.35
2021-06-16 12:30:39,2478.35,3,83233,71231,2458.78,206362,0.35
2021-06-16 12:30:40,2478.25,20,83230,70988,2458.78,206362,0.35
2021-06-16 12:30:40,2478.25,20,83115,71219,2458.79,206462,0.35
2021-06-16 12:30:42,2478.25,20,83115,71220,2458.79,206462,0.35
2021-06-16 12:30:42,2479.45,1,83266,71219,2458.79,206471,0.39
2021-06-16 12:30:43,2479.45,1,83245,71212,2458.79,206471,0.39
2021-06-16 12:30:45,2479.5,1,83387,70926,2458.79,206479,0.4
2021-06-16 12:30:46,2479.5,1,83513,71243,2458.79,206490,0.4
2021-06-16 12:30:46,2479.5,1,83519,71333,2458.79,206490,0.4
2021-06-16 12:30:48,2479.5,1,83523,71373,2458.79,206490,0.4
2021-06-16 12:30:48,2479.5,1,83523,71440,2458.79,206490,0.4
2021-06-16 12:30:49,2479.0,75,83445,71365,2458.8,206565,0.38
2021-06-16 12:30:51,2478.75,5,83369,71385,2458.81,206665,0.37
2021-06-16 12:30:52,2478.75,5,83382,71382,2458.81,206670,0.37
2021-06-16 12:30:52,2479.4,9,83392,71373,2458.81,206679,0.39
2021-06-16 12:30:54,2479.65,10,83535,71357,2458.83,206839,0.4
2021-06-16 12:30:55,2479.65,10,83511,71406,2458.83,206839,0.4
2021-06-16 12:30:56,2480.0,100,83511,71406,2458.83,206839,0.42
2021-06-16 12:30:57,2480.0,100,83912,70107,2458.89,207439,0.42
2021-06-16 12:30:57,2480.0,1,83912,70107,2458.89,207439,0.42
2021-06-16 12:30:58,2480.0,1,83993,70409,2458.89,207440,0.42
2021-06-16 12:30:59,2480.0,1,83984,70409,2458.89,207440,0.42
2021-06-16 12:31:00,2479.5,10,83833,70436,2458.89,207440,0.4
2021-06-16 12:31:01,2478.15,41,82239,71333,2458.9,207531,0.34
2021-06-16 12:31:01,2478.15,41,83037,70828,2458.9,207531,0.34
2021-06-16 12:31:03,2479.5,10,83242,70996,2458.9,207541,0.4
2021-06-16 12:31:04,2479.5,10,83440,70659,2458.9,207541,0.4
2021-06-16 12:31:04,2478.2,2,83362,70674,2458.9,207541,0.34
2021-06-16 12:31:06,2478.2,2,83324,70689,2458.9,207563,0.34
2021-06-16 12:31:06,2478.2,2,83345,70769,2458.9,207563,0.34
2021-06-16 12:31:07,2478.2,2,83460,70772,2458.9,207563,0.34
2021-06-16 12:31:09,2479.5,5,83528,70752,2458.9,207568,0.4
2021-06-16 12:31:10,2479.5,5,83217,70762,2458.9,207568,0.4
2021-06-16 12:31:10,2479.95,2,83252,70812,2458.9,207568,0.42
2021-06-16 12:31:11,2480.0,1,83252,70812,2458.9,207568,0.42
2021-06-16 12:31:12,2480.0,1,83478,70557,2458.91,207645,0.42
2021-06-16 12:31:13,2478.7,2,83343,70609,2458.91,207651,0.36
2021-06-16 12:31:13,2478.7,2,83583,70699,2458.91,207651,0.36
2021-06-16 12:31:14,2480.0,100,83583,70699,2458.91,207651,0.42
2021-06-16 12:31:15,2480.0,100,83656,70621,2458.92,207751,0.42
2021-06-16 12:31:16,2480.0,100,83656,70675,2458.92,207751,0.42
2021-06-16 12:31:16,2480.0,10,83656,70672,2458.92,207761,0.42
2021-06-16 12:31:17,2480.0,15,83656,70672,2458.92,207761,0.42
2021-06-16 12:31:18,2480.0,15,83627,70700,2458.94,207986,0.42
2021-06-16 12:31:19,2480.0,30,83626,70671,2458.95,208016,0.42
2021-06-16 12:31:19,2480.0,1,83540,70633,2458.95,208017,0.42
2021-06-16 12:31:21,2480.0,10,83600,70638,2458.95,208027,0.42
2021-06-16 12:31:22,2480.0,10,83600,70637,2458.95,208027,0.42
2021-06-16 12:31:23,2480.0,10,83596,70643,2458.95,208027,0.42
2021-06-16 12:31:24,2480.0,8,83626,70638,2458.95,208027,0.42
2021-06-16 12:31:25,2480.0,10,83624,70670,2458.95,208045,0.42
2021-06-16 12:31:27,2480.0,10,83624,70779,2458.95,208045,0.42
2021-06-16 12:31:27,2480.0,4,83624,70779,2458.95,208045,0.42
2021-06-16 12:31:28,2480.0,4,83733,70786,2458.95,208059,0.42
2021-06-16 12:31:28,2480.0,15,83733,70786,2458.95,208059,0.42
2021-06-16 12:31:29,2480.0,15,83729,70771,2458.95,208074,0.42
2021-06-16 12:31:30,2480.0,1,83729,70771,2458.95,208074,0.42
2021-06-16 12:31:31,2480.0,4,83729,70766,2458.95,208079,0.42
2021-06-16 12:31:33,2480.0,4,83729,70757,2458.95,208079,0.42
2021-06-16 12:31:34,2480.0,4,83732,70757,2458.95,208079,0.42
2021-06-16 12:31:35,2480.0,32,83759,70753,2458.95,208079,0.42
2021-06-16 12:31:36,2480.0,32,83769,70769,2458.96,208129,0.42
2021-06-16 12:31:37,2479.5,2,83759,70769,2458.96,208139,0.4
2021-06-16 12:31:37,2480.0,4,83759,70769,2458.96,208139,0.42
2021-06-16 12:31:38,2480.0,4,83722,70765,2458.96,208143,0.42
2021-06-16 12:31:39,2480.0,16,83650,69854,2459.0,208543,0.42
2021-06-16 12:31:40,2479.5,8,83458,70327,2459.0,208551,0.4
2021-06-16 12:31:40,2479.5,2,83485,70322,2459.0,208553,0.4
2021-06-16 12:31:42,2479.5,4,83480,70347,2459.0,208558,0.4
2021-06-16 12:31:43,2479.5,4,83480,70348,2459.0,208558,0.4
2021-06-16 12:31:43,2479.5,4,83481,70348,2459.0,208558,0.4
2021-06-16 12:31:45,2479.5,4,83501,70348,2459.0,208558,0.4
2021-06-16 12:31:45,2479.95,2,83501,70348,2459.0,208558,0.42
2021-06-16 12:31:46,2479.95,2,83512,70324,2459.0,208560,0.42
2021-06-16 12:31:46,2479.95,2,83502,70324,2459.0,208560,0.42
2021-06-16 12:31:49,2479.95,2,83545,70319,2459.0,208560,0.42
2021-06-16 12:31:49,2479.95,2,83545,70341,2459.0,208560,0.42
2021-06-16 12:31:52,2479.95,2,83654,70340,2459.0,208560,0.42
2021-06-16 12:31:54,2480.0,5,83654,70335,2459.0,208565,0.42
2021-06-16 12:31:55,2480.0,5,83196,70473,2459.0,208565,0.42
2021-06-16 12:31:56,2480.0,1,83596,70496,2459.0,208565,0.42
2021-06-16 12:31:57,2480.0,1,84321,69707,2459.04,208985,0.42
2021-06-16 12:31:58,2480.0,1,84374,69748,2459.04,208986,0.42
2021-06-16 12:31:59,2480.0,1,84299,70218,2459.04,208987,0.42
2021-06-16 12:32:00,2480.0,4,84299,70218,2459.04,208987,0.42
2021-06-16 12:32:01,2480.0,26,84136,70203,2459.05,209017,0.42
2021-06-16 12:32:01,2480.0,26,84213,70283,2459.05,209017,0.42
2021-06-16 12:32:02,2480.0,36,84213,70283,2459.05,209017,0.42
2021-06-16 12:32:03,2480.0,1,83125,70594,2459.1,209574,0.42
2021-06-16 12:32:04,2479.95,13,83120,70537,2459.11,209609,0.42
2021-06-16 12:32:05,2479.95,13,83214,70543,2459.11,209609,0.42
2021-06-16 12:32:06,2479.95,1,83214,70543,2459.11,209609,0.42
2021-06-16 12:32:06,2479.95,1,83300,70497,2459.11,209614,0.42
2021-06-16 12:32:07,2479.95,1,83300,70499,2459.11,209614,0.42
2021-06-16 12:32:08,2479.95,1,83319,70517,2459.11,209614,0.42
2021-06-16 12:32:09,2479.95,1,83184,70836,2459.11,209614,0.42
2021-06-16 12:32:10,2479.95,1,83144,70836,2459.11,209614,0.42
2021-06-16 12:32:13,2479.95,1,82925,70837,2459.11,209614,0.42
2021-06-16 12:32:14,2479.95,1,82951,70946,2459.11,209614,0.42
2021-06-16 12:32:15,2479.95,1,82956,70900,2459.11,209614,0.42
2021-06-16 12:32:15,2479.5,10,82956,70900,2459.11,209614,0.4
2021-06-16 12:32:16,2479.5,10,82971,70897,2459.11,209624,0.4
2021-06-16 12:32:16,2479.5,10,82555,71108,2459.11,209624,0.4
2021-06-16 12:32:17,2479.0,20,82555,71108,2459.11,209624,0.38
2021-06-16 12:32:18,2479.0,20,82782,70925,2459.11,209644,0.38
2021-06-16 12:32:18,2479.0,50,82782,70925,2459.11,209644,0.38
2021-06-16 12:32:19,2478.05,10,82668,71179,2459.12,209704,0.34
2021-06-16 12:32:19,2478.05,10,82513,71179,2459.12,209728,0.34
2021-06-16 12:32:21,2478.05,10,82513,71280,2459.12,209728,0.34
2021-06-16 12:32:22,2479.0,8,82518,71280,2459.12,209728,0.38
2021-06-16 12:32:24,2479.0,8,82549,71295,2459.12,209736,0.38
2021-06-16 12:32:25,2479.0,1,82545,71290,2459.12,209737,0.38
2021-06-16 12:32:26,2479.0,1,82563,71292,2459.12,209737,0.38
2021-06-16 12:32:27,2478.0,55,82563,71292,2459.12,209737,0.34
2021-06-16 12:32:27,2478.0,55,82458,71090,2459.14,209937,0.34
2021-06-16 12:32:28,2478.0,55,81833,71398,2459.14,209937,0.34
2021-06-16 12:32:28,2478.0,10,81833,71398,2459.14,209937,0.34
2021-06-16 12:32:30,2478.0,10,82384,71359,2459.14,209947,0.34
2021-06-16 12:32:30,2479.35,6,82384,71359,2459.14,209947,0.39
2021-06-16 12:32:31,2479.35,6,82360,71261,2459.14,209997,0.39
2021-06-16 12:32:31,2479.35,6,82391,71262,2459.14,209997,0.39
2021-06-16 12:32:33,2479.35,6,82434,71219,2459.14,209997,0.39
2021-06-16 12:32:33,2478.1,25,82434,71219,2459.14,209997,0.34
2021-06-16 12:32:34,2479.5,13,82390,71195,2459.14,210022,0.4
2021-06-16 12:32:34,2479.5,13,83023,71186,2459.15,210072,0.4
2021-06-16 12:32:37,2479.5,13,83023,71182,2459.15,210072,0.4
2021-06-16 12:32:38,2478.3,2,83119,71206,2459.15,210074,0.35
2021-06-16 12:32:39,2479.5,1,83119,71206,2459.15,210074,0.4
2021-06-16 12:32:39,2479.5,5,83281,70979,2459.15,210085,0.4
2021-06-16 12:32:40,2479.5,5,83262,71390,2459.15,210085,0.4
2021-06-16 12:32:41,2479.5,5,83257,71391,2459.15,210085,0.4
2021-06-16 12:32:42,2479.5,5,83257,71369,2459.15,210085,0.4
2021-06-16 12:32:43,2479.5,5,83190,71397,2459.15,210085,0.4
2021-06-16 12:32:45,2479.5,5,83190,71377,2459.15,210085,0.4
2021-06-16 12:32:45,2478.35,10,83190,71377,2459.15,210085,0.35
2021-06-16 12:32:46,2478.2,4,83004,71399,2459.16,210240,0.34
2021-06-16 12:32:48,2478.2,4,83204,71402,2459.16,210240,0.34
2021-06-16 12:32:49,2478.2,2,83216,71398,2459.16,210240,0.34
2021-06-16 12:32:49,2478.2,10,83216,71398,2459.16,210240,0.34
2021-06-16 12:32:50,2478.2,10,83296,71420,2459.17,210253,0.34
2021-06-16 12:32:51,2478.2,10,83306,71422,2459.17,210253,0.34
2021-06-16 12:32:52,2478.2,10,83245,71422,2459.17,210253,0.34
2021-06-16 12:32:53,2479.5,14,83503,71343,2459.17,210343,0.4
2021-06-16 12:32:54,2479.5,14,83485,71344,2459.17,210343,0.4
2021-06-16 12:32:54,2478.4,3,83485,71344,2459.17,210343,0.35
2021-06-16 12:32:56,2478.4,3,83439,71343,2459.17,210346,0.35
2021-06-16 12:32:57,2479.45,2,83696,70590,2459.17,210348,0.39
2021-06-16 12:32:58,2479.45,2,83696,71076,2459.17,210348,0.39
2021-06-16 12:32:58,2480.0,40,83696,71076,2459.17,210348,0.42
2021-06-16 12:32:59,2480.0,40,83860,70972,2459.18,210448,0.42
2021-06-16 12:33:00,2480.0,40,83536,71114,2459.18,210448,0.42
2021-06-16 12:33:01,2480.0,40,83516,71115,2459.18,210448,0.42
2021-06-16 12:33:02,2480.0,40,83507,71130,2459.18,210448,0.42
2021-06-16 12:33:03,2480.0,40,83525,71170,2459.18,210448,0.42
2021-06-16 12:33:04,2480.0,40,83525,71184,2459.18,210448,0.42
2021-06-16 12:33:05,2480.0,40,83450,71196,2459.18,210448,0.42
2021-06-16 12:33:06,2480.0,40,83448,71229,2459.18,210448,0.42
2021-06-16 12:33:06,2478.75,3,83467,71229,2459.18,210448,0.37
2021-06-16 12:33:07,2478.75,3,83662,71241,2459.19,210451,0.37
2021-06-16 12:33:09,2478.75,3,83685,71241,2459.19,210451,0.37
2021-06-16 12:33:09,2479.5,6,83578,71296,2459.19,210457,0.4
2021-06-16 12:33:10,2479.5,6,83688,71308,2459.19,210457,0.4
2021-06-16 12:33:11,2478.1,1,83688,71308,2459.19,210457,0.34
2021-06-16 12:33:12,2478.1,1,83620,71316,2459.19,210458,0.34
2021-06-16 12:33:12,2479.5,4,83620,71316,2459.19,210458,0.4
2021-06-16 12:33:13,2479.5,2,83670,71270,2459.19,210506,0.4
2021-06-16 12:33:13,2479.5,3,83670,71331,2459.19,210499,0.4
2021-06-16 12:33:15,2479.5,2,83224,71275,2459.19,210506,0.4
2021-06-16 12:33:15,2479.5,3,83224,71275,2459.19,210506,0.4
2021-06-16 12:33:16,2478.1,10,83367,71215,2459.19,210520,0.34
2021-06-16 12:33:16,2479.5,1,83367,71215,2459.19,210520,0.4
2021-06-16 12:33:17,2479.5,1,83448,71178,2459.19,210527,0.4
2021-06-16 12:33:18,2479.5,1,83458,71178,2459.19,210527,0.4
2021-06-16 12:33:19,2479.5,1,83458,71078,2459.19,210527,0.4
2021-06-16 12:33:20,2479.8,18,83578,71138,2459.2,210564,0.41
2021-06-16 12:33:21,2478.7,10,83578,71138,2459.2,210564,0.36
2021-06-16 12:33:22,2478.7,10,83303,71142,2459.2,210574,0.36
2021-06-16 12:33:22,2479.0,2,83243,71119,2459.2,210574,0.38
2021-06-16 12:33:23,2479.0,2,83243,71173,2459.2,210578,0.38
2021-06-16 12:33:24,2478.45,3,83243,71173,2459.2,210578,0.35
2021-06-16 12:33:24,2478.45,3,83214,71248,2459.2,210581,0.35
2021-06-16 12:33:25,2478.45,3,83214,71225,2459.2,210581,0.35
2021-06-16 12:33:26,2478.45,3,83252,71249,2459.2,210581,0.35
2021-06-16 12:33:27,2478.45,3,83252,71274,2459.2,210581,0.35
2021-06-16 12:33:28,2478.45,3,83252,71275,2459.2,210581,0.35
2021-06-16 12:33:28,2479.0,10,83252,71275,2459.2,210581,0.38
2021-06-16 12:33:29,2479.0,10,83247,71264,2459.2,210591,0.38
2021-06-16 12:33:30,2478.8,9,82925,71336,2459.2,210591,0.37
2021-06-16 12:33:31,2478.8,9,83205,71358,2459.2,210600,0.37
2021-06-16 12:33:31,2478.95,1,83205,71358,2459.2,210600,0.37
2021-06-16 12:33:32,2478.95,1,83268,71328,2459.2,210617,0.37
2021-06-16 12:33:33,2478.95,1,83473,71336,2459.2,210617,0.37
2021-06-16 12:33:34,2478.95,1,83473,71337,2459.2,210617,0.37
2021-06-16 12:33:36,2478.7,5,83427,71329,2459.2,210622,0.36
2021-06-16 12:33:37,2478.7,5,83427,71330,2459.2,210622,0.36
2021-06-16 12:33:38,2478.95,4,83422,71388,2459.2,210627,0.37
2021-06-16 12:33:39,2478.95,4,83022,71147,2459.2,210627,0.37
2021-06-16 12:33:40,2479.95,4,83719,71205,2459.22,210807,0.42
2021-06-16 12:33:42,2479.95,4,83795,71164,2459.22,210807,0.42
2021-06-16 12:33:43,2479.95,4,83789,71195,2459.22,210807,0.42
2021-06-16 12:33:44,2478.85,1,83885,71195,2459.22,210807,0.37
2021-06-16 12:33:45,2478.85,1,83874,71203,2459.22,210808,0.37
2021-06-16 12:33:45,2478.85,15,83874,71203,2459.22,210808,0.37
2021-06-16 12:33:46,2480.0,1,83524,70946,2459.22,210834,0.42
2021-06-16 12:33:48,2480.0,1,83792,71179,2459.22,210844,0.42
2021-06-16 12:33:48,2480.0,2,83792,71179,2459.22,210844,0.42
2021-06-16 12:33:49,2480.0,2,83802,71177,2459.22,210846,0.42
2021-06-16 12:33:49,2479.95,100,83790,71170,2459.23,210946,0.42
2021-06-16 12:33:51,2479.95,100,83785,71273,2459.23,210946,0.42
2021-06-16 12:33:51,2480.0,2,83785,71273,2459.23,210946,0.42
2021-06-16 12:33:52,2480.0,2,83793,71260,2459.23,210960,0.42
2021-06-16 12:33:53,2478.6,10,83783,71260,2459.23,210970,0.36
2021-06-16 12:33:54,2480.0,26,83783,71260,2459.23,210970,0.42
2021-06-16 12:33:54,2480.0,26,83840,71217,2459.24,211024,0.42
2021-06-16 12:33:55,2478.6,2,83806,71300,2459.25,211124,0.36
2021-06-16 12:33:56,2478.6,50,83748,71308,2459.25,211174,0.36
2021-06-16 12:33:57,2478.6,50,83776,71245,2459.25,211174,0.36
2021-06-16 12:33:59,2479.0,1,83775,71247,2459.25,211175,0.38
2021-06-16 12:34:00,2479.0,1,83739,71217,2459.25,211175,0.38
2021-06-16 12:34:01,2479.9,2,83739,71217,2459.25,211175,0.41
2021-06-16 12:34:01,2479.9,2,83739,71215,2459.25,211177,0.41
2021-06-16 12:34:04,2479.9,2,84239,71231,2459.25,211177,0.41
2021-06-16 12:34:04,2479.9,2,84239,71236,2459.25,211177,0.41
2021-06-16 12:34:06,2479.9,2,84259,71236,2459.25,211177,0.41
2021-06-16 12:34:06,2479.9,3,84259,71225,2459.25,211180,0.41
2021-06-16 12:34:08,2479.9,3,84261,71226,2459.25,211180,0.41
2021-06-16 12:34:10,2479.9,3,84261,71225,2459.25,211180,0.41
2021-06-16 12:34:10,2479.9,1,84261,71225,2459.25,211180,0.41
2021-06-16 12:34:11,2479.9,1,84261,71274,2459.25,211181,0.41
2021-06-16 12:34:12,2479.9,9,84261,71274,2459.25,211181,0.41
2021-06-16 12:34:13,2479.9,9,84260,71288,2459.26,211190,0.41
2021-06-16 12:34:13,2479.9,9,84269,71280,2459.26,211190,0.41
2021-06-16 12:34:15,2479.95,10,84269,71280,2459.26,211190,0.42
2021-06-16 12:34:16,2479.95,10,84296,71259,2459.26,211215,0.42
2021-06-16 12:34:16,2479.95,10,84286,71259,2459.26,211215,0.42
2021-06-16 12:34:18,2479.95,10,84278,71303,2459.26,211215,0.42
2021-06-16 12:34:20,2479.95,10,84265,71340,2459.26,211215,0.42
2021-06-16 12:34:22,2479.9,20,84265,71221,2459.26,211235,0.41
2021-06-16 12:34:23,2479.9,16,84294,71211,2459.26,211260,0.41
2021-06-16 12:34:25,2479.9,16,83794,71253,2459.26,211260,0.41
2021-06-16 12:34:26,2480.0,1,83794,71302,2459.26,211261,0.42
2021-06-16 12:34:27,2480.0,1,83665,71315,2459.26,211261,0.42
2021-06-16 12:34:28,2480.0,1,83740,71319,2459.26,211262,0.42
2021-06-16 12:34:29,2480.0,7,83740,71319,2459.26,211262,0.42
2021-06-16 12:34:30,2480.0,7,83729,71312,2459.26,211269,0.42
2021-06-16 12:34:31,2480.0,7,83714,71308,2459.26,211269,0.42
2021-06-16 12:34:32,2480.0,6,83724,71258,2459.27,211299,0.42
2021-06-16 12:34:33,2480.0,2,83658,71282,2459.27,211307,0.42
2021-06-16 12:34:34,2480.0,2,83648,71292,2459.27,211307,0.42
2021-06-16 12:34:35,2480.0,2,83658,71324,2459.27,211307,0.42
2021-06-16 12:34:36,2480.0,2,83658,71424,2459.27,211307,0.42
2021-06-16 12:34:37,2480.0,2,83648,71425,2459.27,211307,0.42
2021-06-16 12:34:38,2480.0,3,83732,71422,2459.27,211310,0.42
2021-06-16 12:34:39,2480.0,3,83668,71428,2459.27,211310,0.42
2021-06-16 12:34:39,2479.35,18,83668,71428,2459.27,211310,0.39
2021-06-16 12:34:40,2479.35,18,83816,71201,2459.27,211328,0.39
2021-06-16 12:34:42,2479.35,18,83779,71205,2459.27,211328,0.39
2021-06-16 12:34:42,2480.0,5,83779,71205,2459.27,211328,0.42
2021-06-16 12:34:43,2480.0,5,83779,71210,2459.27,211333,0.42
2021-06-16 12:34:44,2480.0,5,83826,71101,2459.28,211433,0.42
2021-06-16 12:34:45,2480.0,5,83333,71097,2459.28,211433,0.42
2021-06-16 12:34:46,2480.0,5,83787,71118,2459.28,211433,0.42
2021-06-16 12:34:46,2480.0,5,83787,71115,2459.28,211433,0.42
2021-06-16 12:34:48,2479.15,25,83787,71115,2459.28,211433,0.38
2021-06-16 12:34:49,2479.9,1,83701,71103,2459.28,211459,0.41
2021-06-16 12:34:49,2479.9,1,83731,71083,2459.28,211459,0.41
2021-06-16 12:34:51,2479.9,1,83732,71218,2459.28,211459,0.41
2021-06-16 12:34:52,2479.9,1,83351,71151,2459.28,211459,0.41
2021-06-16 12:34:53,2479.05,10,83751,71151,2459.28,211459,0.38
2021-06-16 12:34:54,2480.0,7,83751,71151,2459.28,211459,0.42
2021-06-16 12:34:54,2480.0,7,83768,71102,2459.29,211535,0.42
2021-06-16 12:34:55,2480.0,7,83713,71131,2459.29,211535,0.42
2021-06-16 12:34:56,2479.0,8,83713,71131,2459.29,211535,0.38
2021-06-16 12:34:57,2478.8,19,83734,71161,2459.29,211573,0.37
2021-06-16 12:34:58,2478.8,6,83728,71161,2459.29,211579,0.37
2021-06-16 12:34:59,2478.8,6,83708,71161,2459.29,211579,0.37
2021-06-16 12:35:00,2478.8,6,83728,71166,2459.29,211579,0.37
2021-06-16 12:35:01,2478.8,6,83776,71170,2459.29,211579,0.37
2021-06-16 12:35:01,2478.65,96,83776,71170,2459.29,211579,0.36
2021-06-16 12:35:04,2478.65,96,84574,71412,2459.31,211779,0.36
2021-06-16 12:35:06,2478.65,96,84574,71382,2459.31,211779,0.36
2021-06-16 12:35:06,2478.65,96,84607,71429,2459.31,211779,0.36
2021-06-16 12:35:08,2478.65,50,84387,71628,2459.32,211829,0.36
2021-06-16 12:35:09,2478.65,50,84396,71628,2459.32,211829,0.36
2021-06-16 12:35:10,2478.65,3,84396,71628,2459.32,211829,0.36
2021-06-16 12:35:11,2478.65,50,84108,71628,2459.32,211832,0.36
2021-06-16 12:35:12,2478.65,50,84558,71628,2459.32,211882,0.36
2021-06-16 12:35:13,2478.65,50,84158,71628,2459.32,211882,0.36
2021-06-16 12:35:14,2478.65,50,84548,71608,2459.32,211882,0.36
2021-06-16 12:35:15,2478.65,50,84148,71628,2459.32,211882,0.36
2021-06-16 12:35:15,2479.0,4,84148,71628,2459.32,211882,0.38
2021-06-16 12:35:16,2479.0,4,84147,71719,2459.32,211891,0.38
2021-06-16 12:35:17,2479.0,1,84142,71831,2459.32,211917,0.38
2021-06-16 12:35:18,2478.65,19,84142,71831,2459.32,211917,0.36
2021-06-16 12:35:20,2480.0,23,84142,71831,2459.32,211917,0.42
2021-06-16 12:35:21,2480.0,130,84423,72003,2459.34,212036,0.42
2021-06-16 12:35:22,2480.0,130,83650,71079,2459.37,212436,0.42
2021-06-16 12:35:22,2478.8,4,83650,71079,2459.37,212436,0.37
2021-06-16 12:35:23,2478.75,1,83726,71648,2459.38,212448,0.37
2021-06-16 12:35:24,2478.75,1,83726,71728,2459.38,212448,0.37
2021-06-16 12:35:25,2478.75,1,84152,71730,2459.38,212448,0.37
2021-06-16 12:35:26,2479.95,5,84152,71730,2459.38,212448,0.42
2021-06-16 12:35:27,2479.95,5,84152,71732,2459.38,212453,0.42
2021-06-16 12:35:29,2479.95,5,84152,71733,2459.38,212453,0.42
2021-06-16 12:35:29,2479.95,5,84112,71733,2459.38,212453,0.42
2021-06-16 12:35:31,2479.95,5,84143,71733,2459.38,212453,0.42
2021-06-16 12:35:31,2479.95,5,83644,71733,2459.38,212453,0.42
2021-06-16 12:35:32,2478.65,38,83644,71733,2459.38,212453,0.36
2021-06-16 12:35:33,2478.65,38,83489,71788,2459.38,212548,0.36
2021-06-16 12:35:34,2478.65,38,83764,71210,2459.38,212548,0.36
2021-06-16 12:35:36,2478.65,38,83828,71099,2459.38,212548,0.36
2021-06-16 12:35:36,2479.85,9,83828,71099,2459.38,212548,0.41
2021-06-16 12:35:37,2479.85,9,84200,71123,2459.39,212557,0.41
2021-06-16 12:35:37,2478.7,3,84200,71123,2459.39,212557,0.36
2021-06-16 12:35:38,2478.7,3,83797,71079,2459.39,212560,0.36
2021-06-16 12:35:39,2478.7,3,83828,71193,2459.39,212560,0.36
2021-06-16 12:35:40,2479.95,23,83796,71040,2459.4,212660,0.42
2021-06-16 12:35:41,2479.95,23,83800,71044,2459.4,212660,0.42
2021-06-16 12:35:42,2478.75,49,83309,71052,2459.41,212872,0.37
2021-06-16 12:35:43,2479.85,43,83706,71062,2459.41,212872,0.41
2021-06-16 12:35:44,2479.85,43,83213,71431,2459.42,212915,0.41
2021-06-16 12:35:45,2478.7,17,83187,71440,2459.42,212932,0.36
2021-06-16 12:35:46,2478.7,1,83188,71479,2459.42,212932,0.36
2021-06-16 12:35:46,2478.7,1,83207,71024,2459.42,212933,0.36
2021-06-16 12:35:48,2478.7,1,83590,71031,2459.42,212933,0.36
2021-06-16 12:35:49,2479.9,2,83590,71031,2459.42,212933,0.41
2021-06-16 12:35:49,2479.9,2,83755,71024,2459.42,212943,0.41
2021-06-16 12:35:50,2479.9,2,83261,71426,2459.42,212943,0.41
2021-06-16 12:35:51,2479.9,2,83126,71526,2459.42,212943,0.41
2021-06-16 12:35:52,2479.9,2,83135,71526,2459.42,212943,0.41
2021-06-16 12:35:52,2479.85,10,83120,71589,2459.42,212958,0.41
2021-06-16 12:35:54,2479.85,10,83120,71566,2459.42,212958,0.41
2021-06-16 12:35:55,2478.7,1,83520,71580,2459.42,212959,0.36
2021-06-16 12:35:56,2478.7,1,83130,71577,2459.42,212959,0.36
2021-06-16 12:35:57,2478.75,1,83133,71534,2459.42,212960,0.37
2021-06-16 12:35:58,2479.8,4,83131,71559,2459.42,212964,0.41
2021-06-16 12:35:58,2479.8,4,83131,71589,2459.42,212964,0.41
2021-06-16 12:36:00,2478.75,3,83272,71556,2459.42,212967,0.37
2021-06-16 12:36:01,2479.8,9,83215,71785,2459.43,213067,0.41
2021-06-16 12:36:03,2479.8,1,83261,71879,2459.44,213162,0.41
2021-06-16 12:36:03,2479.9,14,83261,71879,2459.44,213162,0.41
2021-06-16 12:36:04,2479.85,3,83263,71833,2459.45,213215,0.41
2021-06-16 12:36:05,2479.85,3,83263,71886,2459.45,213215,0.41
2021-06-16 12:36:06,2479.85,3,83163,71887,2459.45,213215,0.41
2021-06-16 12:36:07,2479.85,3,83035,71883,2459.45,213215,0.41
2021-06-16 12:36:08,2479.85,3,83135,71875,2459.45,213215,0.41
2021-06-16 12:36:09,2479.85,3,83185,71890,2459.45,213215,0.41
2021-06-16 12:36:10,2479.2,33,83185,71890,2459.45,213215,0.38
2021-06-16 12:36:10,2479.2,33,83152,72112,2459.45,213248,0.38
2021-06-16 12:36:11,2478.75,5,83181,72095,2459.45,213253,0.37
2021-06-16 12:36:12,2478.7,8,83181,72095,2459.45,213253,0.36
2021-06-16 12:36:12,2478.7,8,83147,72094,2459.45,213261,0.36
2021-06-16 12:36:13,2478.7,8,83148,72115,2459.45,213261,0.36
2021-06-16 12:36:14,2478.7,8,83148,72127,2459.45,213261,0.36
2021-06-16 12:36:15,2478.7,8,83148,72227,2459.45,213261,0.36
2021-06-16 12:36:16,2479.9,40,83176,72208,2459.46,213329,0.41
2021-06-16 12:36:18,2479.9,1,83176,72257,2459.46,213330,0.41
2021-06-16 12:36:19,2479.85,4,83140,72306,2459.46,213374,0.41
2021-06-16 12:36:20,2479.85,4,83140,72304,2459.46,213374,0.41
2021-06-16 12:36:21,2479.85,4,83140,72302,2459.46,213374,0.41
2021-06-16 12:36:22,2478.65,15,83139,72380,2459.46,213389,0.36
2021-06-16 12:36:23,2478.65,15,83138,72380,2459.46,213389,0.36
2021-06-16 12:36:24,2478.65,15,83138,72381,2459.46,213389,0.36
2021-06-16 12:36:25,2478.65,15,83138,72337,2459.46,213389,0.36
2021-06-16 12:36:27,2478.65,15,83138,72333,2459.46,213389,0.36
2021-06-16 12:36:28,2478.65,15,83138,72332,2459.46,213389,0.36
2021-06-16 12:36:28,2479.9,18,83138,72332,2459.46,213389,0.41
2021-06-16 12:36:30,2479.9,18,83128,72233,2459.47,213489,0.41
2021-06-16 12:36:31,2479.9,18,83128,72234,2459.47,213489,0.41
2021-06-16 12:36:32,2479.9,18,83128,72223,2459.47,213489,0.41
2021-06-16 12:36:34,2479.9,18,83138,72263,2459.47,213489,0.41
2021-06-16 12:36:35,2479.85,1,83139,72385,2459.47,213489,0.41
2021-06-16 12:36:36,2479.85,1,83139,72384,2459.47,213490,0.41
2021-06-16 12:36:36,2479.85,20,83139,72384,2459.47,213490,0.41
2021-06-16 12:36:37,2479.85,20,83139,72363,2459.47,213510,0.41
2021-06-16 12:36:38,2479.85,20,83139,72364,2459.47,213510,0.41
2021-06-16 12:36:39,2479.85,3,83254,72070,2459.48,213519,0.41
2021-06-16 12:36:43,2479.85,3,83183,72359,2459.48,213519,0.41
2021-06-16 12:36:44,2479.85,3,83620,72359,2459.48,213519,0.41
2021-06-16 12:36:45,2479.85,3,83620,72379,2459.48,213519,0.41
2021-06-16 12:36:46,2479.85,3,83240,72379,2459.48,213519,0.41
2021-06-16 12:36:47,2476.7,1,83240,72379,2459.48,213519,0.28
2021-06-16 12:36:48,2478.4,1,82022,72573,2459.55,214369,0.35
2021-06-16 12:36:50,2478.4,1,82057,72567,2459.55,214369,0.35
2021-06-16 12:36:51,2478.4,1,82057,72556,2459.55,214369,0.35
2021-06-16 12:36:52,2478.4,1,82057,72583,2459.55,214369,0.35
2021-06-16 12:36:54,2478.4,1,82057,72597,2459.55,214369,0.35
2021-06-16 12:36:57,2478.4,1,82068,72547,2459.55,214369,0.35
2021-06-16 12:36:58,2478.4,1,82068,72562,2459.55,214369,0.35
2021-06-16 12:36:59,2478.4,1,82068,72552,2459.55,214369,0.35
2021-06-16 12:37:00,2478.95,9,82068,72552,2459.55,214369,0.37
2021-06-16 12:37:01,2478.95,9,82067,72568,2459.55,214378,0.37
2021-06-16 12:37:02,2478.95,1,81947,73149,2459.55,214379,0.37
2021-06-16 12:37:03,2478.95,1,81945,73230,2459.55,214379,0.37
2021-06-16 12:37:04,2478.95,1,81938,73231,2459.55,214379,0.37
2021-06-16 12:37:05,2477.1,1,81925,73168,2459.55,214384,0.3
2021-06-16 12:37:06,2477.1,1,81923,73168,2459.55,214384,0.3
2021-06-16 12:37:07,2477.05,20,81923,73168,2459.55,214384,0.3
2021-06-16 12:37:07,2477.05,20,81903,73168,2459.55,214404,0.3
2021-06-16 12:37:09,2477.3,33,81914,73168,2459.55,214404,0.31
2021-06-16 12:37:10,2476.55,52,81914,73168,2459.55,214404,0.28
2021-06-16 12:37:10,2476.55,52,81887,73282,2459.57,214705,0.28
2021-06-16 12:37:11,2476.7,1,81846,72882,2459.57,214706,0.28
2021-06-16 12:37:12,2476.7,1,81846,72896,2459.57,214706,0.28
2021-06-16 12:37:13,2476.7,1,81890,72883,2459.57,214706,0.28
2021-06-16 12:37:15,2476.7,1,81890,73283,2459.57,214706,0.28
2021-06-16 12:37:17,2478.25,2,81902,73301,2459.58,214708,0.35
2021-06-16 12:37:18,2478.25,10,81902,73301,2459.58,214708,0.35
2021-06-16 12:37:18,2478.25,10,81844,73288,2459.58,214776,0.35
2021-06-16 12:37:20,2478.25,10,81809,73679,2459.58,214776,0.35
2021-06-16 12:37:21,2478.25,8,81839,73679,2459.58,214776,0.35
2021-06-16 12:37:22,2478.25,1,81839,73679,2459.58,214776,0.35
2021-06-16 12:37:22,2478.25,1,82363,73630,2459.58,214809,0.35
2021-06-16 12:37:23,2478.25,1,82363,73640,2459.58,214809,0.35
2021-06-16 12:37:24,2477.1,10,82308,73626,2459.58,214819,0.3
2021-06-16 12:37:25,2477.1,10,82308,73629,2459.58,214819,0.3
2021-06-16 12:37:26,2477.1,10,82308,73628,2459.58,214819,0.3
2021-06-16 12:37:27,2477.1,10,82288,73628,2459.58,214819,0.3
2021-06-16 12:37:28,2477.1,10,82320,73628,2459.58,214819,0.3
2021-06-16 12:37:33,2477.1,10,82277,73628,2459.58,214819,0.3
2021-06-16 12:37:33,2477.1,10,82243,73627,2459.58,214819,0.3
2021-06-16 12:37:34,2477.0,1,82243,73627,2459.58,214819,0.3
2021-06-16 12:37:34,2476.1,10,81177,74083,2459.59,214832,0.26
2021-06-16 12:37:35,2476.1,10,81237,74083,2459.59,214832,0.26
2021-06-16 12:37:36,2477.0,25,81237,74083,2459.59,214832,0.3
2021-06-16 12:37:36,2477.0,25,81267,74022,2459.59,214857,0.3
2021-06-16 12:37:38,2477.0,25,81529,73951,2459.59,214857,0.3
2021-06-16 12:37:39,2477.0,25,81539,73951,2459.59,214857,0.3
2021-06-16 12:37:40,2477.0,86,81579,74128,2459.59,214857,0.3
2021-06-16 12:37:41,2477.0,86,81941,73505,2459.6,214957,0.3
2021-06-16 12:37:42,2476.1,10,81941,73505,2459.6,214957,0.26
2021-06-16 12:37:42,2476.1,10,81463,73942,2459.6,214967,0.26
2021-06-16 12:37:43,2477.0,7,81900,73569,2459.6,214976,0.3
2021-06-16 12:37:44,2477.0,7,81500,73969,2459.6,214976,0.3
2021-06-16 12:37:45,2475.6,2,81500,73969,2459.6,214976,0.24
2021-06-16 12:37:45,2475.6,2,81112,74023,2459.6,215016,0.24
2021-06-16 12:37:46,2476.1,1,81819,73556,2459.6,215016,0.26
2021-06-16 12:37:48,2475.5,9,81419,74085,2459.6,215027,0.23
2021-06-16 12:37:48,2475.5,10,81413,74165,2459.6,215037,0.23
2021-06-16 12:37:49,2476.1,3,81413,74165,2459.6,215037,0.26
2021-06-16 12:37:50,2476.1,3,81375,74161,2459.6,215040,0.26
2021-06-16 12:37:50,2476.1,3,81381,74161,2459.6,215040,0.26
2021-06-16 12:37:51,2476.1,3,81391,74161,2459.6,215040,0.26
2021-06-16 12:37:52,2475.5,12,81396,74169,2459.6,215065,0.23
2021-06-16 12:37:53,2475.5,12,81392,74168,2459.6,215065,0.23
2021-06-16 12:37:54,2475.5,10,81390,74110,2459.6,215075,0.23
2021-06-16 12:37:55,2476.05,1,81001,74236,2459.61,215100,0.26
2021-06-16 12:37:56,2475.5,1,80976,74236,2459.61,215100,0.23
2021-06-16 12:37:57,2475.5,25,80850,74146,2459.61,215126,0.23
2021-06-16 12:37:58,2475.5,25,81250,74148,2459.61,215126,0.23
2021-06-16 12:37:59,2475.1,119,80669,74145,2459.62,215326,0.22
2021-06-16 12:38:00,2475.05,19,80669,74145,2459.62,215326,0.22
2021-06-16 12:38:00,2475.05,19,80636,74273,2459.63,215426,0.22
2021-06-16 12:38:01,2475.05,19,81081,74316,2459.63,215426,0.22
2021-06-16 12:38:03,2475.05,19,81106,74316,2459.63,215426,0.22
2021-06-16 12:38:03,2475.05,19,81130,74316,2459.63,215426,0.22
2021-06-16 12:38:04,2475.05,19,81237,74328,2459.63,215426,0.22
2021-06-16 12:38:06,2475.05,19,82077,74312,2459.63,215426,0.22
2021-06-16 12:38:06,2475.05,19,82077,74325,2459.63,215426,0.22
2021-06-16 12:38:07,2475.05,19,81016,74347,2459.63,215426,0.22
2021-06-16 12:38:08,2474.0,15,82128,74704,2459.66,215909,0.17
2021-06-16 12:38:09,2472.9,39,81986,74716,2459.67,215959,0.13
2021-06-16 12:38:10,2472.9,6,82066,74600,2459.67,215959,0.13
2021-06-16 12:38:11,2473.95,3,82625,74133,2459.67,216069,0.17
2021-06-16 12:38:13,2473.95,3,82101,74424,2459.68,216119,0.17
2021-06-16 12:38:14,2473.95,3,82097,74424,2459.68,216119,0.17
2021-06-16 12:38:15,2473.95,3,82238,74438,2459.68,216119,0.17
2021-06-16 12:38:16,2473.1,1,82192,74426,2459.68,216120,0.14
2021-06-16 12:38:17,2473.1,1,82242,74433,2459.68,216120,0.14
2021-06-16 12:38:18,2473.1,1,82124,75061,2459.68,216120,0.14
2021-06-16 12:38:19,2473.4,5,82124,75061,2459.68,216120,0.15
2021-06-16 12:38:19,2473.15,5,80075,74725,2459.68,216130,0.14
2021-06-16 12:38:20,2473.15,1,82788,75345,2459.68,216148,0.14
2021-06-16 12:38:21,2473.7,11,82761,75002,2459.68,216211,0.16
2021-06-16 12:38:22,2472.75,18,82761,75002,2459.68,216211,0.12
2021-06-16 12:38:22,2472.75,18,82706,75091,2459.7,216461,0.12
2021-06-16 12:38:23,2472.85,2,82706,75091,2459.7,216461,0.13
2021-06-16 12:38:24,2473.7,1,82683,75109,2459.7,216513,0.16
2021-06-16 12:38:24,2473.7,1,82683,75144,2459.7,216513,0.16
2021-06-16 12:38:27,2473.7,1,82716,75144,2459.7,216513,0.16
2021-06-16 12:38:27,2473.7,1,82721,75144,2459.7,216513,0.16
2021-06-16 12:38:28,2472.85,18,82713,75128,2459.7,216541,0.13
2021-06-16 12:38:29,2472.85,18,81608,75256,2459.7,216541,0.13
2021-06-16 12:38:31,2472.85,18,81695,75187,2459.7,216541,0.13
2021-06-16 12:38:31,2473.0,1,81695,75187,2459.7,216541,0.13
2021-06-16 12:38:32,2473.0,1,81794,75216,2459.7,216542,0.13
2021-06-16 12:38:33,2473.0,1,82191,75216,2459.7,216542,0.13
2021-06-16 12:38:34,2473.0,1,82211,75216,2459.7,216542,0.13
2021-06-16 12:38:35,2473.0,1,82248,75211,2459.7,216542,0.13
2021-06-16 12:38:36,2473.0,1,82258,75210,2459.7,216542,0.13
2021-06-16 12:38:37,2473.65,3,82258,75210,2459.7,216542,0.16
2021-06-16 12:38:37,2473.1,2,82276,75333,2459.7,216559,0.14
2021-06-16 12:38:38,2474.0,72,82794,74944,2459.71,216663,0.17
2021-06-16 12:38:39,2474.3,1,82794,74944,2459.71,216663,0.19
2021-06-16 12:38:39,2474.3,1,81728,74957,2459.71,216688,0.19
2021-06-16 12:38:40,2473.05,2,81728,74957,2459.71,216688,0.14
2021-06-16 12:38:40,2473.05,2,81312,75042,2459.72,216888,0.14
2021-06-16 12:38:42,2474.7,10,81714,75010,2459.72,216888,0.2
2021-06-16 12:38:42,2474.7,10,81314,75008,2459.73,216898,0.2
2021-06-16 12:38:43,2475.0,5,82949,73582,2459.73,216898,0.21
2021-06-16 12:38:45,2476.5,9,82249,73609,2459.73,216956,0.28
2021-06-16 12:38:46,2476.5,9,83025,73600,2459.73,216965,0.28
2021-06-16 12:38:47,2476.5,9,82640,73600,2459.73,216965,0.28
2021-06-16 12:38:49,2476.5,9,82640,73601,2459.73,216965,0.28
2021-06-16 12:38:49,2476.5,9,82646,73601,2459.73,216965,0.28
2021-06-16 12:38:50,2476.6,4,82646,73601,2459.73,216965,0.28
2021-06-16 12:38:51,2476.6,4,82632,73670,2459.74,217065,0.28
2021-06-16 12:38:51,2476.6,4,82658,73770,2459.74,217065,0.28
2021-06-16 12:38:52,2476.6,4,82743,73809,2459.74,217065,0.28
2021-06-16 12:38:54,2476.6,4,82734,73821,2459.74,217065,0.28
2021-06-16 12:38:54,2476.6,4,82759,73811,2459.74,217065,0.28
2021-06-16 12:38:56,2476.6,4,83067,73815,2459.74,217065,0.28
2021-06-16 12:38:57,2476.6,4,83093,73815,2459.74,217065,0.28
2021-06-16 12:38:58,2474.4,7,83093,73815,2459.74,217065,0.19
2021-06-16 12:38:58,2474.4,7,83187,73791,2459.74,217115,0.19
2021-06-16 12:38:59,2474.4,7,83986,73731,2459.74,217115,0.19
2021-06-16 12:39:00,2474.4,7,84002,73731,2459.74,217115,0.19
2021-06-16 12:39:01,2474.5,4,84002,73731,2459.74,217115,0.19
2021-06-16 12:39:01,2474.5,4,83213,73720,2459.74,217119,0.19
2021-06-16 12:39:02,2474.5,4,83281,73743,2459.74,217119,0.19
2021-06-16 12:39:04,2474.5,7,83539,73748,2459.74,217126,0.19
2021-06-16 12:39:05,2474.5,7,83539,73754,2459.74,217126,0.19
2021-06-16 12:39:06,2474.5,7,83548,73754,2459.74,217126,0.19
2021-06-16 12:39:06,2475.7,2,84404,73782,2459.74,217128,0.24
2021-06-16 12:39:09,2475.7,2,85238,73847,2459.74,217128,0.24
2021-06-16 12:39:09,2475.7,2,85267,73847,2459.74,217128,0.24
2021-06-16 12:39:10,2475.7,2,85203,74046,2459.74,217128,0.24
2021-06-16 12:39:11,2475.7,2,85209,74044,2459.74,217128,0.24
2021-06-16 12:39:16,2475.7,2,85209,74056,2459.74,217128,0.24
2021-06-16 12:39:18,2475.5,1,85211,74024,2459.74,217129,0.23
2021-06-16 12:39:20,2475.5,1,85200,74009,2459.74,217129,0.23
2021-06-16 12:39:21,2475.5,1,85255,74009,2459.74,217129,0.23
2021-06-16 12:39:22,2475.5,1,85350,74009,2459.74,217129,0.23
2021-06-16 12:39:22,2475.5,1,85351,74009,2459.74,217129,0.23
2021-06-16 12:39:24,2475.5,1,85321,74455,2459.74,217129,0.23
2021-06-16 12:39:24,2474.55,7,85286,74464,2459.74,217139,0.2
2021-06-16 12:39:25,2474.55,7,85309,74431,2459.74,217139,0.2
2021-06-16 12:39:27,2476.0,16,85291,74432,2459.74,217139,0.26
2021-06-16 12:39:28,2476.0,16,83974,74400,2459.75,217189,0.26
2021-06-16 12:39:30,2476.0,16,83936,74426,2459.75,217189,0.26
2021-06-16 12:39:31,2476.0,16,83946,74426,2459.75,217189,0.26
2021-06-16 12:39:32,2475.9,2,83973,74416,2459.75,217191,0.25
2021-06-16 12:39:33,2475.9,2,85102,74066,2459.75,217191,0.25
2021-06-16 12:39:34,2476.0,3,85102,74066,2459.75,217191,0.26
2021-06-16 12:39:35,2476.0,3,84096,74012,2459.76,217318,0.26
2021-06-16 12:39:36,2476.0,1,84105,74008,2459.76,217319,0.26
2021-06-16 12:39:37,2476.35,1,84105,74008,2459.76,217319,0.27
2021-06-16 12:39:37,2476.35,1,84514,74042,2459.76,217320,0.27
2021-06-16 12:39:39,2476.35,1,84583,73819,2459.76,217320,0.27
2021-06-16 12:39:39,2476.35,1,84564,73845,2459.76,217320,0.27
2021-06-16 12:39:40,2476.35,1,84583,73845,2459.76,217320,0.27
2021-06-16 12:39:42,2476.35,1,84592,73833,2459.76,217320,0.27
2021-06-16 12:39:42,2476.6,1,84579,74105,2459.76,217321,0.28
2021-06-16 12:39:43,2476.6,1,84631,74204,2459.76,217321,0.28
2021-06-16 12:39:45,2476.6,1,83765,74420,2459.76,217321,0.28
2021-06-16 12:39:46,2476.6,1,83756,74182,2459.76,217321,0.28
2021-06-16 12:39:48,2477.0,5,83652,73992,2459.76,217326,0.3
2021-06-16 12:39:49,2477.0,9,83681,74062,2459.76,217335,0.3
2021-06-16 12:39:50,2477.0,9,83691,74062,2459.76,217335,0.3
2021-06-16 12:39:51,2477.0,9,83691,74112,2459.76,217335,0.3
2021-06-16 12:39:52,2477.0,9,83701,74113,2459.76,217335,0.3
2021-06-16 12:39:53,2477.0,9,83725,74133,2459.76,217335,0.3
2021-06-16 12:39:54,2477.0,9,83725,74292,2459.76,217335,0.3
2021-06-16 12:39:55,2477.0,9,83875,74096,2459.76,217335,0.3
2021-06-16 12:39:57,2476.7,1,83864,74090,2459.76,217335,0.28
2021-06-16 12:39:57,2476.7,1,83521,74180,2459.76,217336,0.28
2021-06-16 12:39:58,2476.8,10,83548,74173,2459.76,217346,0.29
2021-06-16 12:39:59,2476.85,25,83548,74173,2459.76,217346,0.29
2021-06-16 12:40:00,2475.95,2,84129,74280,2459.77,217455,0.25
2021-06-16 12:40:00,2475.95,2,84205,74255,2459.77,217455,0.25
2021-06-16 12:40:01,2475.95,2,84205,74263,2459.77,217455,0.25
2021-06-16 12:40:03,2474.65,50,83688,74171,2459.78,217580,0.2
2021-06-16 12:40:04,2474.65,50,83698,74201,2459.78,217580,0.2
2021-06-16 12:40:05,2474.65,50,83738,74152,2459.78,217580,0.2
2021-06-16 12:40:06,2474.65,50,83787,74118,2459.78,217580,0.2
2021-06-16 12:40:07,2474.65,50,83787,74124,2459.78,217580,0.2
2021-06-16 12:40:08,2474.65,50,83758,74134,2459.78,217580,0.2
2021-06-16 12:40:09,2474.7,2,83758,74134,2459.78,217580,0.2
2021-06-16 12:40:09,2475.0,9,84928,74148,2459.78,217592,0.21
2021-06-16 12:40:10,2475.0,9,84742,74175,2459.78,217592,0.21
2021-06-16 12:40:12,2475.0,39,84742,74175,2459.78,217592,0.21
2021-06-16 12:40:12,2475.0,39,84692,74172,2459.78,217631,0.21
2021-06-16 12:40:15,2475.0,39,82684,74923,2459.78,217631,0.21
2021-06-16 12:40:16,2474.65,1,82858,75083,2459.78,217632,0.2
2021-06-16 12:40:16,2474.65,1,82996,75042,2459.78,217632,0.2
2021-06-16 12:40:18,2474.65,1,83438,75018,2459.78,217632,0.2
2021-06-16 12:40:19,2474.65,1,83652,74969,2459.78,217632,0.2
2021-06-16 12:40:20,2474.75,8,83652,74969,2459.78,217632,0.2
2021-06-16 12:40:21,2474.75,8,83547,74966,2459.78,217640,0.2
2021-06-16 12:40:21,2474.4,17,83547,74966,2459.78,217640,0.19
2021-06-16 12:40:22,2474.4,17,83946,74978,2459.78,217659,0.19
2021-06-16 12:40:24,2474.4,17,82593,75005,2459.78,217659,0.19
2021-06-16 12:40:25,2473.1,19,82381,75222,2459.79,217869,0.14
2021-06-16 12:40:27,2474.4,8,82342,75112,2459.79,217877,0.19
2021-06-16 12:40:27,2474.4,8,81866,75627,2459.79,217877,0.19
2021-06-16 12:40:28,2473.0,15,82018,75791,2459.79,217877,0.13
2021-06-16 12:40:30,2473.0,15,81976,75791,2459.8,217892,0.13
2021-06-16 12:40:31,2473.0,3,82202,75962,2459.8,217979,0.13
2021-06-16 12:40:31,2473.0,3,82252,75952,2459.8,217979,0.13
2021-06-16 12:40:33,2473.0,1,82509,75858,2459.8,217980,0.13
2021-06-16 12:40:33,2473.0,1,82546,75845,2459.8,217980,0.13
2021-06-16 12:40:34,2473.0,1,82588,75816,2459.8,217980,0.13
2021-06-16 12:40:36,2474.0,1,82567,75792,2459.8,218003,0.17
2021-06-16 12:40:36,2474.0,1,82567,75786,2459.8,218004,0.17
2021-06-16 12:40:37,2474.0,7,82567,75786,2459.8,218004,0.17
2021-06-16 12:40:37,2474.0,7,82581,75787,2459.8,218014,0.17
2021-06-16 12:40:39,2474.7,60,83206,75317,2459.83,218414,0.2
2021-06-16 12:40:39,2474.7,60,82598,75357,2459.83,218474,0.2
2021-06-16 12:40:40,2474.7,60,82484,75510,2459.83,218474,0.2
2021-06-16 12:40:42,2474.7,60,82472,75610,2459.83,218474,0.2
2021-06-16 12:40:42,2474.7,60,82472,75614,2459.83,218474,0.2
2021-06-16 12:40:43,2474.7,60,82502,75626,2459.83,218474,0.2
2021-06-16 12:40:44,2473.0,19,82502,75626,2459.83,218474,0.13
2021-06-16 12:40:45,2473.0,19,82462,75685,2459.83,218494,0.13
2021-06-16 12:40:46,2473.0,19,83168,75097,2459.83,218494,0.13
2021-06-16 12:40:46,2473.0,19,82965,75569,2459.83,218494,0.13
2021-06-16 12:40:48,2473.0,19,82517,75566,2459.83,218494,0.13
2021-06-16 12:40:49,2473.0,19,82567,75567,2459.83,218494,0.13
2021-06-16 12:40:50,2473.25,1,82537,75597,2459.84,218495,0.14
2021-06-16 12:40:51,2474.2,6,82537,75588,2459.84,218495,0.18
2021-06-16 12:40:52,2474.15,10,82537,75588,2459.84,218495,0.18
2021-06-16 12:40:52,2474.15,10,82387,75659,2459.84,218513,0.18
2021-06-16 12:40:54,2473.05,1,82387,75659,2459.84,218513,0.14
2021-06-16 12:40:54,2473.05,1,82384,75630,2459.84,218514,0.14
2021-06-16 12:40:55,2473.05,49,82384,75630,2459.84,218514,0.14
2021-06-16 12:40:56,2473.05,17,82413,75612,2459.84,218580,0.14
2021-06-16 12:40:57,2473.05,33,82413,76022,2459.84,218580,0.14
2021-06-16 12:40:58,2473.05,33,82530,75977,2459.84,218613,0.14
2021-06-16 12:40:59,2474.15,1,82530,75977,2459.84,218613,0.18
2021-06-16 12:41:00,2473.65,4,81308,76460,2459.87,219152,0.16
2021-06-16 12:41:01,2473.65,4,81794,76457,2459.87,219152,0.16
2021-06-16 12:41:01,2473.65,4,81795,76374,2459.87,219152,0.16
2021-06-16 12:41:03,2473.65,4,81795,75995,2459.87,219152,0.16
2021-06-16 12:41:04,2473.65,4,81391,76025,2459.87,219152,0.16
2021-06-16 12:41:05,2473.65,4,81825,76002,2459.87,219152,0.16
2021-06-16 12:41:06,2473.65,4,81925,75992,2459.87,219152,0.16
2021-06-16 12:41:07,2473.65,4,81925,76009,2459.87,219152,0.16
2021-06-16 12:41:08,2473.65,4,81926,76009,2459.87,219152,0.16
2021-06-16 12:41:09,2473.65,4,81954,76009,2459.87,219152,0.16
2021-06-16 12:41:10,2473.65,4,82007,75999,2459.87,219152,0.16
2021-06-16 12:41:10,2473.25,3,82168,75914,2459.88,219157,0.14
2021-06-16 12:41:12,2473.25,3,82626,75883,2459.88,219157,0.14
2021-06-16 12:41:12,2473.25,1,82626,75883,2459.88,219157,0.14
2021-06-16 12:41:13,2473.25,1,82720,76367,2459.88,219166,0.14
2021-06-16 12:41:13,2472.15,10,82066,76351,2459.88,219187,0.1
2021-06-16 12:41:15,2472.15,10,82118,76374,2459.88,219187,0.1
2021-06-16 12:41:16,2472.25,25,82232,76306,2459.88,219212,0.1
2021-06-16 12:41:17,2472.25,25,83589,75030,2459.88,219212,0.1
2021-06-16 12:41:18,2472.55,1,83617,75276,2459.88,219217,0.12
2021-06-16 12:41:19,2472.2,10,83617,75276,2459.88,219217,0.1
2021-06-16 12:41:19,2472.15,1,83617,75276,2459.88,219217,0.1
2021-06-16 12:41:20,2472.15,1,82676,75678,2459.88,219326,0.1
2021-06-16 12:41:21,2472.15,1,82096,76093,2459.88,219326,0.1
2021-06-16 12:41:22,2472.15,1,82678,75695,2459.88,219326,0.1
2021-06-16 12:41:23,2472.15,1,82699,75681,2459.88,219326,0.1
2021-06-16 12:41:24,2472.15,1,82699,75684,2459.88,219326,0.1
2021-06-16 12:41:25,2472.15,1,83085,75273,2459.88,219326,0.1
2021-06-16 12:41:25,2472.4,6,82679,75275,2459.89,219332,0.11
2021-06-16 12:41:27,2472.15,16,82624,75271,2459.89,219392,0.1
2021-06-16 12:41:28,2472.15,16,82833,75271,2459.89,219392,0.1
2021-06-16 12:41:28,2472.15,16,82760,75271,2459.89,219392,0.1
2021-06-16 12:41:30,2472.0,32,82184,75730,2459.9,219524,0.09
2021-06-16 12:41:30,2472.4,25,82184,75730,2459.9,219524,0.11
2021-06-16 12:41:31,2472.4,25,82702,75702,2459.9,219549,0.11
2021-06-16 12:41:31,2472.4,25,82210,75839,2459.9,219549,0.11
2021-06-16 12:41:33,2472.4,25,82222,75570,2459.9,219549,0.11
2021-06-16 12:41:34,2472.0,3,83182,76005,2459.9,219549,0.09
2021-06-16 12:41:34,2472.0,5,83073,76003,2459.9,219557,0.09
2021-06-16 12:41:37,2472.0,5,83173,76003,2459.9,219557,0.09
2021-06-16 12:41:37,2472.0,5,83173,75978,2459.9,219557,0.09
2021-06-16 12:41:39,2472.0,5,83173,76006,2459.9,219557,0.09
2021-06-16 12:41:39,2472.4,27,83173,76006,2459.9,219557,0.11
2021-06-16 12:41:40,2472.4,27,83057,75780,2459.91,219770,0.11
2021-06-16 12:41:41,2472.4,27,83030,75783,2459.91,219770,0.11
2021-06-16 12:41:42,2472.75,2,83957,75783,2459.91,219770,0.12
2021-06-16 12:41:43,2472.4,65,84113,75767,2459.91,219843,0.11
2021-06-16 12:41:44,2472.4,5,82953,75794,2459.92,219878,0.11
2021-06-16 12:41:45,2472.4,5,83751,75795,2459.92,219878,0.11
2021-06-16 12:41:46,2472.4,5,83827,75793,2459.92,219878,0.11
2021-06-16 12:41:46,2472.4,5,83901,75793,2459.92,219878,0.11
2021-06-16 12:41:49,2472.4,5,82969,75846,2459.92,219878,0.11
2021-06-16 12:41:50,2473.85,33,82748,75727,2459.93,220092,0.17
2021-06-16 12:41:51,2473.85,33,82592,75624,2459.93,220092,0.17
2021-06-16 12:41:52,2473.85,33,82584,75624,2459.93,220092,0.17
2021-06-16 12:41:53,2473.85,33,82984,75625,2459.93,220092,0.17
2021-06-16 12:41:54,2472.4,91,82917,75532,2459.93,220184,0.11
2021-06-16 12:41:55,2472.4,91,83693,75527,2459.93,220184,0.11
2021-06-16 12:41:56,2472.4,1,83724,75527,2459.93,220184,0.11
2021-06-16 12:41:57,2473.5,1,84124,74452,2459.94,220229,0.15
2021-06-16 12:41:58,2473.5,1,83325,74999,2459.94,220229,0.15
2021-06-16 12:41:59,2473.5,1,83283,74994,2459.94,220229,0.15
2021-06-16 12:42:01,2473.5,1,83290,75095,2459.94,220229,0.15
2021-06-16 12:42:01,2473.5,1,83289,75095,2459.94,220229,0.15
2021-06-16 12:42:03,2473.5,1,83261,75095,2459.94,220229,0.15
2021-06-16 12:42:04,2472.7,1,83252,75137,2459.94,220230,0.12
2021-06-16 12:42:06,2472.7,1,83330,75169,2459.94,220230,0.12
2021-06-16 12:42:07,2472.7,1,84157,75167,2459.94,220230,0.12
2021-06-16 12:42:09,2472.7,1,84157,75171,2459.94,220230,0.12
2021-06-16 12:42:10,2472.7,1,84156,75171,2459.94,220230,0.12
2021-06-16 12:42:10,2473.55,1,83251,75156,2459.94,220232,0.16
2021-06-16 12:42:12,2473.55,1,83641,75156,2459.94,220232,0.16
2021-06-16 12:42:13,2473.55,1,83639,75592,2459.94,220232,0.16
2021-06-16 12:42:14,2473.55,1,83639,75625,2459.94,220232,0.16
2021-06-16 12:42:15,2473.55,1,83688,75583,2459.94,220232,0.16
2021-06-16 12:42:15,2474.25,6,83688,75583,2459.94,220232,0.18
2021-06-16 12:42:16,2474.25,6,84955,73978,2459.94,220238,0.18
2021-06-16 12:42:16,2474.25,6,84955,74522,2459.94,220238,0.18
2021-06-16 12:42:18,2474.25,6,84758,74537,2459.94,220238,0.18
2021-06-16 12:42:18,2475.0,1,84758,74537,2459.94,220238,0.21
2021-06-16 12:42:19,2475.0,1,83888,74532,2459.94,220239,0.21
2021-06-16 12:42:19,2475.0,1,83909,74532,2459.94,220239,0.21
2021-06-16 12:42:20,2474.05,5,83909,74532,2459.94,220239,0.18
2021-06-16 12:42:21,2474.05,5,83841,74536,2459.94,220339,0.18
2021-06-16 12:42:21,2475.6,7,83841,74536,2459.94,220339,0.24
2021-06-16 12:42:22,2475.6,7,84688,74257,2459.95,220439,0.24
2021-06-16 12:42:24,2475.6,7,84689,74257,2459.95,220439,0.24
2021-06-16 12:42:25,2475.6,7,83092,75138,2459.95,220439,0.24
2021-06-16 12:42:25,2475.6,7,83029,75176,2459.95,220439,0.24
2021-06-16 12:42:26,2474.9,29,83029,75176,2459.95,220439,0.21
2021-06-16 12:42:27,2474.9,29,83220,75109,2459.95,220473,0.21
2021-06-16 12:42:28,2474.9,29,83220,75110,2459.95,220473,0.21
2021-06-16 12:42:29,2474.9,29,83220,75063,2459.95,220473,0.21
2021-06-16 12:42:30,2474.9,29,83220,75111,2459.95,220473,0.21
2021-06-16 12:42:31,2474.9,29,83621,75136,2459.95,220473,0.21
2021-06-16 12:42:33,2474.9,29,83721,75136,2459.95,220473,0.21
2021-06-16 12:42:33,2474.9,29,83721,75536,2459.95,220473,0.21
2021-06-16 12:42:34,2474.9,29,83621,75537,2459.95,220473,0.21
2021-06-16 12:42:36,2474.0,1,83621,75537,2459.95,220473,0.17
2021-06-16 12:42:37,2474.9,9,83170,75557,2459.95,220483,0.21
2021-06-16 12:42:37,2474.9,9,83209,75557,2459.95,220483,0.21
2021-06-16 12:42:40,2474.9,9,82956,75585,2459.95,220483,0.21
2021-06-16 12:42:40,2474.9,9,83213,75592,2459.95,220483,0.21
2021-06-16 12:42:42,2474.9,9,83213,75574,2459.95,220483,0.21
2021-06-16 12:42:43,2474.9,9,83213,75578,2459.95,220483,0.21
2021-06-16 12:42:44,2474.9,9,83237,75578,2459.95,220483,0.21
2021-06-16 12:42:45,2474.0,1,83236,75618,2459.95,220484,0.17
2021-06-16 12:42:46,2474.0,1,84683,75623,2459.96,220502,0.17
2021-06-16 12:42:47,2473.5,1,84683,75623,2459.96,220502,0.15
2021-06-16 12:42:48,2473.5,1,83318,75426,2459.96,220504,0.15
2021-06-16 12:42:48,2474.85,97,83318,75426,2459.96,220504,0.21
2021-06-16 12:42:49,2474.85,97,82466,75812,2459.97,220655,0.21
2021-06-16 12:42:49,2474.7,159,82989,75853,2459.98,220948,0.2
2021-06-16 12:42:51,2474.7,159,82927,75858,2459.98,220948,0.2
2021-06-16 12:42:52,2474.7,159,82919,75935,2459.98,220948,0.2
2021-06-16 12:42:52,2474.7,159,82488,75914,2459.98,220948,0.2
2021-06-16 12:42:54,2474.7,159,82492,75914,2459.98,220948,0.2
2021-06-16 12:42:55,2474.7,159,82820,75921,2459.98,220948,0.2
2021-06-16 12:42:57,2474.7,159,82912,75949,2459.98,220948,0.2
2021-06-16 12:42:57,2473.5,1,82912,75949,2459.98,220948,0.15
2021-06-16 12:42:58,2473.5,1,83084,76099,2459.99,220958,0.15
2021-06-16 12:42:58,2473.5,1,83053,76156,2459.99,220958,0.15
2021-06-16 12:43:00,2472.4,3,82939,76578,2459.99,220963,0.11
2021-06-16 12:43:01,2472.4,3,82986,76544,2459.99,220963,0.11
2021-06-16 12:43:03,2472.4,3,82368,76544,2459.99,220963,0.11
2021-06-16 12:43:04,2472.4,3,82368,76598,2459.99,220963,0.11
2021-06-16 12:43:05,2472.4,3,82368,76606,2459.99,220963,0.11
2021-06-16 12:43:07,2472.4,3,82368,76616,2459.99,220963,0.11
2021-06-16 12:43:08,2472.4,3,82294,76616,2459.99,220963,0.11
2021-06-16 12:43:10,2472.4,3,82322,76652,2459.99,220963,0.11
2021-06-16 12:43:10,2472.4,9,82322,76652,2459.99,220963,0.11
2021-06-16 12:43:11,2472.4,9,82343,76639,2459.99,220972,0.11
2021-06-16 12:43:12,2472.4,9,82371,76607,2459.99,220972,0.11
2021-06-16 12:43:13,2472.4,14,82278,76647,2459.99,220986,0.11
2021-06-16 12:43:15,2472.4,14,82358,76647,2459.99,220986,0.11
2021-06-16 12:43:17,2472.4,14,82358,76651,2459.99,220986,0.11
2021-06-16 12:43:18,2473.0,4,82358,76261,2459.99,220986,0.13
2021-06-16 12:43:19,2472.4,10,82427,76153,2459.99,221005,0.11
2021-06-16 12:43:20,2473.0,1,82372,76248,2459.99,221008,0.13
2021-06-16 12:43:21,2473.0,1,82362,76221,2459.99,221008,0.13
2021-06-16 12:43:22,2473.0,1,82362,76248,2459.99,221008,0.13
2021-06-16 12:43:22,2473.0,1,82961,75639,2459.99,221008,0.13
2021-06-16 12:43:24,2473.0,2,82729,75978,2459.99,221026,0.13
2021-06-16 12:43:25,2473.0,2,82733,75979,2459.99,221026,0.13
2021-06-16 12:43:26,2473.0,2,82703,75898,2459.99,221026,0.13
2021-06-16 12:43:27,2473.0,2,82703,75921,2459.99,221026,0.13
2021-06-16 12:43:28,2473.0,2,82705,75921,2459.99,221026,0.13
2021-06-16 12:43:28,2473.0,2,82737,75921,2459.99,221026,0.13
2021-06-16 12:43:30,2473.0,2,82736,75921,2459.99,221026,0.13
2021-06-16 12:43:31,2473.0,2,82741,75848,2459.99,221026,0.13
2021-06-16 12:43:33,2473.0,1,82740,75855,2459.99,221027,0.13
2021-06-16 12:43:33,2473.0,1,82740,75856,2459.99,221027,0.13
2021-06-16 12:43:34,2473.3,1,82740,75856,2459.99,221027,0.15
2021-06-16 12:43:34,2473.3,1,83141,75730,2459.99,221028,0.15
2021-06-16 12:43:36,2473.0,8,82370,75823,2459.99,221067,0.13
2021-06-16 12:43:37,2473.0,8,82194,75823,2459.99,221067,0.13
2021-06-16 12:43:38,2473.0,8,82537,75830,2459.99,221067,0.13
2021-06-16 12:43:39,2473.0,8,82585,75816,2459.99,221067,0.13
2021-06-16 12:43:40,2473.0,8,82985,75816,2459.99,221067,0.13
2021-06-16 12:43:41,2473.0,8,82585,75995,2459.99,221067,0.13
2021-06-16 12:43:42,2473.0,5,82585,76002,2459.99,221072,0.13
2021-06-16 12:43:43,2473.0,5,82576,76002,2459.99,221072,0.13
2021-06-16 12:43:44,2473.0,5,82552,75994,2459.99,221072,0.13
2021-06-16 12:43:45,2473.0,5,82552,76004,2459.99,221072,0.13
2021-06-16 12:43:47,2473.0,5,82572,76044,2459.99,221072,0.13
2021-06-16 12:43:48,2473.0,1,82572,76044,2459.99,221072,0.13
2021-06-16 12:43:48,2473.0,1,82603,76043,2459.99,221073,0.13
2021-06-16 12:43:49,2473.0,1,83036,76048,2459.99,221073,0.13
2021-06-16 12:43:50,2473.0,1,83036,76058,2459.99,221073,0.13
2021-06-16 12:43:53,2472.4,2,83034,76056,2459.99,221075,0.11
2021-06-16 12:43:54,2472.4,2,82634,76056,2459.99,221075,0.11
2021-06-16 12:43:54,2472.4,10,82634,76056,2459.99,221075,0.11
2021-06-16 12:43:55,2472.4,10,82604,76056,2459.99,221085,0.11
2021-06-16 12:43:55,2472.4,10,82631,76056,2459.99,221085,0.11
2021-06-16 12:43:56,2472.85,2,82631,76056,2459.99,221085,0.13
2021-06-16 12:43:57,2472.85,2,81832,76356,2460.02,221625,0.13
2021-06-16 12:43:58,2472.85,2,81517,75936,2460.02,221625,0.13
2021-06-16 12:43:58,2472.4,10,82267,75530,2460.02,221635,0.11
2021-06-16 12:44:00,2472.4,10,81921,75930,2460.02,221635,0.11
2021-06-16 12:44:01,2472.4,10,81885,75930,2460.02,221635,0.11
2021-06-16 12:44:02,2472.4,10,81885,75911,2460.02,221635,0.11
2021-06-16 12:44:03,2472.4,10,81860,75921,2460.02,221635,0.11
2021-06-16 12:44:04,2472.4,10,81915,75962,2460.02,221635,0.11
2021-06-16 12:44:04,2471.6,2,81915,75962,2460.02,221635,0.08
2021-06-16 12:44:05,2471.6,2,81941,76294,2460.02,221645,0.08
2021-06-16 12:44:06,2471.6,2,82109,76310,2460.02,221645,0.08
2021-06-16 12:44:07,2471.6,2,82713,75612,2460.02,221645,0.08
2021-06-16 12:44:08,2471.6,2,82683,75636,2460.02,221645,0.08
2021-06-16 12:44:11,2471.6,2,82713,75636,2460.02,221645,0.08
2021-06-16 12:44:12,2472.6,1,82652,75744,2460.02,221647,0.12
2021-06-16 12:44:13,2472.6,2,82685,75785,2460.02,221649,0.12
2021-06-16 12:44:14,2472.6,2,82685,75795,2460.02,221649,0.12
2021-06-16 12:44:15,2471.4,12,82757,75792,2460.03,221674,0.07
2021-06-16 12:44:16,2471.4,12,82694,75783,2460.03,221674,0.07
2021-06-16 12:44:19,2471.4,12,82695,75783,2460.03,221674,0.07
2021-06-16 12:44:20,2471.4,12,82695,75782,2460.03,221674,0.07
2021-06-16 12:44:21,2472.55,8,82672,75773,2460.03,221683,0.12
2021-06-16 12:44:22,2471.4,78,82692,75760,2460.03,221783,0.07
2021-06-16 12:44:24,2471.4,78,82719,75760,2460.03,221783,0.07
2021-06-16 12:44:24,2471.35,3,82719,75760,2460.03,221783,0.07
2021-06-16 12:44:25,2471.35,3,83551,75767,2460.03,221813,0.07
2021-06-16 12:44:25,2471.35,3,83518,76188,2460.03,221813,0.07
2021-06-16 12:44:27,2472.55,2,83518,76196,2460.03,221815,0.12
2021-06-16 12:44:28,2472.55,2,83523,76196,2460.03,221815,0.12
2021-06-16 12:44:29,2472.55,2,83524,76196,2460.03,221815,0.12
2021-06-16 12:44:30,2472.05,1,83523,76196,2460.03,221816,0.1
2021-06-16 12:44:31,2472.05,1,83523,76205,2460.03,221816,0.1
2021-06-16 12:44:33,2472.05,1,83523,76207,2460.03,221816,0.1
2021-06-16 12:44:34,2472.05,1,83533,76286,2460.03,221816,0.1
2021-06-16 12:44:35,2472.05,1,83533,76326,2460.03,221816,0.1
2021-06-16 12:44:36,2472.05,1,83534,76247,2460.03,221816,0.1
2021-06-16 12:44:37,2472.5,2,83565,76245,2460.03,221826,0.11
2021-06-16 12:44:39,2471.25,7,83420,75682,2460.04,221981,0.06
2021-06-16 12:44:40,2471.25,7,82987,75856,2460.04,221981,0.06
2021-06-16 12:44:41,2471.0,10,83326,75763,2460.04,221981,0.05
2021-06-16 12:44:42,2471.0,10,83668,75777,2460.04,222010,0.05
2021-06-16 12:44:44,2471.0,10,84044,75929,2460.04,222010,0.05
2021-06-16 12:44:45,2471.0,10,84044,75925,2460.04,222010,0.05
2021-06-16 12:44:46,2472.2,1,83509,75793,2460.05,222161,0.1
2021-06-16 12:44:46,2471.45,10,83509,75793,2460.05,222161,0.07
2021-06-16 12:44:47,2471.45,10,83347,75791,2460.05,222171,0.07
2021-06-16 12:44:48,2471.45,10,83407,75791,2460.05,222171,0.07
2021-06-16 12:44:48,2471.45,10,83448,75792,2460.05,222171,0.07
2021-06-16 12:44:49,2471.4,5,83468,75803,2460.05,222181,0.07
2021-06-16 12:44:52,2471.4,5,83421,75812,2460.05,222181,0.07
2021-06-16 12:44:53,2471.3,15,83421,75812,2460.05,222181,0.06
2021-06-16 12:44:54,2471.3,15,83431,75806,2460.05,222206,0.06
2021-06-16 12:44:54,2471.25,1,83431,75806,2460.05,222206,0.06
2021-06-16 12:44:55,2471.25,1,83369,75808,2460.05,222241,0.06
2021-06-16 12:44:55,2471.25,1,83109,75808,2460.05,222241,0.06
2021-06-16 12:44:57,2471.25,1,83106,75809,2460.05,222241,0.06
2021-06-16 12:44:57,2472.35,1,83106,75809,2460.05,222241,0.11
2021-06-16 12:44:58,2472.35,1,83162,75811,2460.05,222242,0.11
2021-06-16 12:44:58,2472.35,1,84359,75899,2460.05,222242,0.11
2021-06-16 12:45:00,2472.35,1,84299,75899,2460.05,222242,0.11
2021-06-16 12:45:01,2471.0,83,84298,75899,2460.05,222242,0.05
2021-06-16 12:45:02,2471.0,83,84533,76305,2460.06,222392,0.05
2021-06-16 12:45:03,2471.0,83,84561,76305,2460.06,222392,0.05
2021-06-16 12:45:04,2471.0,83,84561,76304,2460.06,222392,0.05
2021-06-16 12:45:04,2472.5,21,84561,76304,2460.06,222392,0.11
2021-06-16 12:45:05,2472.5,21,83490,76248,2460.07,222467,0.11
2021-06-16 12:45:06,2472.5,21,83487,76287,2460.07,222467,0.11
2021-06-16 12:45:07,2471.85,5,83482,75775,2460.07,222472,0.09
2021-06-16 12:45:08,2471.85,5,83577,75772,2460.07,222477,0.09
2021-06-16 12:45:09,2471.85,5,83577,75801,2460.07,222477,0.09
2021-06-16 12:45:10,2471.85,5,83642,75802,2460.07,222477,0.09
2021-06-16 12:45:10,2471.85,5,83792,76178,2460.07,222477,0.09
2021-06-16 12:45:12,2471.85,5,83792,75778,2460.07,222477,0.09
2021-06-16 12:45:13,2472.0,50,83792,75777,2460.07,222477,0.09
2021-06-16 12:45:13,2472.0,50,83742,75777,2460.07,222527,0.09
2021-06-16 12:45:14,2472.0,1,83742,75777,2460.07,222527,0.09
2021-06-16 12:45:15,2472.0,1,83696,75732,2460.07,222528,0.09
2021-06-16 12:45:16,2472.0,1,83696,75704,2460.07,222528,0.09
2021-06-16 12:45:16,2472.0,43,83696,75704,2460.07,222528,0.09
2021-06-16 12:45:17,2472.0,43,83626,75704,2460.07,222571,0.09
2021-06-16 12:45:18,2472.0,43,83606,76164,2460.07,222571,0.09
2021-06-16 12:45:19,2472.0,43,83596,76164,2460.07,222571,0.09
2021-06-16 12:45:20,2472.0,43,83597,75764,2460.07,222571,0.09
2021-06-16 12:45:21,2472.0,43,84044,75742,2460.07,222571,0.09
2021-06-16 12:45:22,2472.0,10,84012,75742,2460.07,222581,0.09
2021-06-16 12:45:24,2472.0,10,83985,76243,2460.07,222581,0.09
2021-06-16 12:45:24,2472.5,9,84007,76257,2460.07,222590,0.11
2021-06-16 12:45:25,2472.5,9,84007,76256,2460.07,222590,0.11
2021-06-16 12:45:27,2472.0,2,84005,76256,2460.07,222592,0.09
2021-06-16 12:45:27,2472.0,20,84005,76256,2460.07,222592,0.09
2021-06-16 12:45:28,2472.0,20,83985,76256,2460.07,222612,0.09
2021-06-16 12:45:30,2472.0,21,83940,76256,2460.08,222657,0.09
2021-06-16 12:45:31,2472.0,21,83084,75839,2460.08,222657,0.09
2021-06-16 12:45:32,2472.0,21,82650,75930,2460.08,222657,0.09
2021-06-16 12:45:33,2472.0,21,83065,75947,2460.08,222657,0.09
2021-06-16 12:45:34,2472.0,21,83465,75947,2460.08,222657,0.09
2021-06-16 12:45:36,2472.0,21,83366,75977,2460.08,222657,0.09
2021-06-16 12:45:37,2472.0,21,83345,75981,2460.08,222657,0.09
2021-06-16 12:45:38,2472.0,21,83745,75981,2460.08,222657,0.09
2021-06-16 12:45:39,2471.4,51,83640,75981,2460.08,222708,0.07
2021-06-16 12:45:40,2471.4,51,83718,75981,2460.08,222708,0.07
2021-06-16 12:45:42,2471.4,51,83718,75994,2460.08,222708,0.07
2021-06-16 12:45:43,2471.4,51,83718,76019,2460.08,222708,0.07
2021-06-16 12:45:43,2471.4,51,83719,75976,2460.08,222708,0.07
2021-06-16 12:45:44,2471.45,50,83719,75976,2460.08,222708,0.07
2021-06-16 12:45:45,2471.45,50,84119,76333,2460.08,222758,0.07
2021-06-16 12:45:45,2472.0,2,84119,76333,2460.08,222758,0.09
2021-06-16 12:45:46,2472.0,2,83784,76340,2460.08,222767,0.09
2021-06-16 12:45:47,2472.0,2,82795,76503,2460.08,222767,0.09
2021-06-16 12:45:48,2472.0,2,82762,76525,2460.08,222767,0.09
2021-06-16 12:45:49,2472.0,2,82752,76532,2460.08,222767,0.09
2021-06-16 12:45:51,2472.0,2,82752,76535,2460.08,222767,0.09
2021-06-16 12:45:52,2472.0,2,82752,76561,2460.08,222767,0.09
2021-06-16 12:45:53,2472.0,2,82783,76561,2460.08,222767,0.09
2021-06-16 12:45:54,2472.0,2,83199,76582,2460.09,222831,0.09
2021-06-16 12:45:55,2472.0,2,83107,76561,2460.09,222831,0.09
2021-06-16 12:45:55,2472.0,1,83107,76561,2460.09,222831,0.09
2021-06-16 12:45:57,2472.0,1,83183,76483,2460.09,222832,0.09
2021-06-16 12:45:58,2472.0,1,83159,76482,2460.09,222832,0.09
2021-06-16 12:45:58,2472.0,1,83159,76483,2460.09,222832,0.09
2021-06-16 12:46:00,2472.0,1,83021,76480,2460.09,222832,0.09
2021-06-16 12:46:01,2472.0,1,83114,76480,2460.09,222832,0.09
2021-06-16 12:46:02,2471.15,4,83115,76480,2460.09,222832,0.06
2021-06-16 12:46:03,2471.15,4,82643,75841,2460.11,223232,0.06
2021-06-16 12:46:04,2472.1,30,83287,76089,2460.11,223262,0.1
2021-06-16 12:46:05,2472.1,30,83252,75689,2460.11,223262,0.1
2021-06-16 12:46:06,2472.1,30,83228,76115,2460.11,223262,0.1
2021-06-16 12:46:07,2472.1,30,83267,76110,2460.11,223262,0.1
2021-06-16 12:46:08,2472.1,30,83199,76106,2460.11,223262,0.1
2021-06-16 12:46:09,2472.1,30,83184,75712,2460.11,223262,0.1
2021-06-16 12:46:10,2472.1,30,83176,75703,2460.11,223262,0.1
2021-06-16 12:46:11,2472.1,30,83161,75706,2460.11,223262,0.1
2021-06-16 12:46:12,2472.1,30,83092,75720,2460.11,223262,0.1
2021-06-16 12:46:13,2472.1,30,83191,75720,2460.11,223262,0.1
2021-06-16 12:46:14,2472.1,30,83147,76094,2460.11,223262,0.1
2021-06-16 12:46:15,2472.1,30,83162,76097,2460.11,223262,0.1
2021-06-16 12:46:16,2472.1,30,83162,75697,2460.11,223262,0.1
2021-06-16 12:46:17,2472.1,30,83150,75697,2460.11,223262,0.1
2021-06-16 12:46:18,2472.1,3,83142,76106,2460.11,223266,0.1
2021-06-16 12:46:19,2472.1,3,83142,76095,2460.11,223266,0.1
2021-06-16 12:46:20,2471.0,40,83033,76095,2460.11,223306,0.05
2021-06-16 12:46:21,2473.25,5,82476,75890,2460.11,223374,0.14
2021-06-16 12:46:22,2472.1,1,82476,75890,2460.11,223374,0.1
2021-06-16 12:46:22,2472.1,1,82476,75890,2460.11,223375,0.1
2021-06-16 12:46:24,2473.35,1,82463,75855,2460.11,223376,0.15
2021-06-16 12:46:25,2473.35,1,82463,75879,2460.11,223376,0.15
2021-06-16 12:46:25,2473.35,5,82463,75879,2460.11,223376,0.15
2021-06-16 12:46:26,2473.35,5,82485,75874,2460.11,223388,0.15
2021-06-16 12:46:27,2473.35,1,82618,75523,2460.11,223389,0.15
2021-06-16 12:46:28,2473.35,1,82424,75528,2460.11,223389,0.15
2021-06-16 12:46:28,2473.35,1,82899,75330,2460.11,223389,0.15
2021-06-16 12:46:30,2474.6,27,82794,75479,2460.12,223484,0.2
2021-06-16 12:46:31,2474.6,27,82622,75475,2460.12,223484,0.2
2021-06-16 12:46:32,2474.25,2,82622,75475,2460.12,223484,0.18
2021-06-16 12:46:33,2474.25,2,82571,75466,2460.12,223486,0.18
2021-06-16 12:46:34,2474.25,1,82552,75175,2460.12,223487,0.18
2021-06-16 12:46:35,2472.85,5,82552,75175,2460.12,223487,0.13
2021-06-16 12:46:36,2472.85,5,82516,75382,2460.13,223577,0.13
2021-06-16 12:46:37,2472.85,5,82570,75315,2460.13,223577,0.13
2021-06-16 12:46:39,2472.85,5,82349,75469,2460.13,223577,0.13
2021-06-16 12:46:39,2474.2,9,82780,75554,2460.13,223587,0.18
2021-06-16 12:46:42,2474.2,9,82783,75524,2460.13,223587,0.18
2021-06-16 12:46:42,2474.4,7,82783,75524,2460.13,223587,0.19
2021-06-16 12:46:43,2474.4,7,82749,75516,2460.13,223597,0.19
2021-06-16 12:46:45,2474.4,7,82722,75538,2460.13,223597,0.19
2021-06-16 12:46:46,2474.4,7,82715,75474,2460.13,223597,0.19
2021-06-16 12:46:48,2474.4,7,82856,75452,2460.13,223597,0.19
2021-06-16 12:46:48,2474.4,4,82856,75452,2460.13,223597,0.19
2021-06-16 12:46:49,2473.1,20,82594,75478,2460.13,223651,0.14
2021-06-16 12:46:50,2473.1,20,82618,75452,2460.13,223651,0.14
2021-06-16 12:46:51,2474.9,4,82624,75534,2460.13,223663,0.21
2021-06-16 12:46:52,2474.9,4,82566,75600,2460.13,223663,0.21
2021-06-16 12:46:53,2474.9,4,82564,75601,2460.13,223663,0.21
2021-06-16 12:46:54,2474.8,3,82562,75618,2460.13,223666,0.21
2021-06-16 12:46:55,2473.0,1,82562,75618,2460.13,223666,0.13
2021-06-16 12:46:55,2473.0,1,82556,75618,2460.13,223675,0.13
2021-06-16 12:46:57,2473.0,1,82484,75682,2460.13,223675,0.13
2021-06-16 12:46:58,2473.0,1,82380,75682,2460.13,223675,0.13
2021-06-16 12:47:00,2473.0,1,82429,75682,2460.13,223675,0.13
2021-06-16 12:47:00,2473.0,1,82454,75683,2460.13,223675,0.13
2021-06-16 12:47:01,2473.0,1,82435,75683,2460.13,223675,0.13
2021-06-16 12:47:02,2472.15,112,82595,75711,2460.15,223925,0.1
2021-06-16 12:47:03,2472.15,112,82683,75687,2460.15,223925,0.1
2021-06-16 12:47:06,2474.3,10,83068,75464,2460.15,223945,0.19
2021-06-16 12:47:06,2473.35,1,83068,75464,2460.15,223945,0.15
2021-06-16 12:47:07,2473.35,1,83067,75466,2460.15,223946,0.15
2021-06-16 12:47:07,2473.35,1,83067,75467,2460.15,223946,0.15
2021-06-16 12:47:09,2473.35,1,83067,75867,2460.15,223946,0.15
2021-06-16 12:47:09,2474.3,2,83067,75867,2460.15,223946,0.19
2021-06-16 12:47:10,2474.3,2,82488,75848,2460.15,223948,0.19
2021-06-16 12:47:10,2474.3,2,82874,75875,2460.15,223948,0.19
2021-06-16 12:47:12,2474.3,5,82870,75875,2460.15,223953,0.19
2021-06-16 12:47:13,2474.3,5,82874,75875,2460.15,223953,0.19
2021-06-16 12:47:14,2474.35,1,82874,75728,2460.15,223953,0.19
2021-06-16 12:47:15,2474.35,1,82736,75736,2460.15,223954,0.19
2021-06-16 12:47:17,2474.35,1,82766,75792,2460.15,223954,0.19
2021-06-16 12:47:18,2474.35,1,82791,75792,2460.15,223954,0.19
2021-06-16 12:47:19,2474.65,1,82862,75790,2460.15,223956,0.2
2021-06-16 12:47:19,2474.65,1,82805,76138,2460.15,223957,0.2
2021-06-16 12:47:21,2474.3,44,82298,76176,2460.15,224057,0.19
2021-06-16 12:47:22,2474.3,44,82298,76177,2460.15,224057,0.19
2021-06-16 12:47:23,2474.3,44,82328,76178,2460.15,224057,0.19
2021-06-16 12:47:24,2474.3,44,82328,76187,2460.15,224057,0.19
2021-06-16 12:47:24,2474.35,15,82328,76187,2460.15,224057,0.19
2021-06-16 12:47:25,2474.35,15,82329,76372,2460.15,224072,0.19
2021-06-16 12:47:27,2474.35,15,82649,76266,2460.15,224072,0.19
2021-06-16 12:47:27,2474.35,15,82649,76290,2460.15,224072,0.19
2021-06-16 12:47:28,2474.35,15,82571,76292,2460.15,224072,0.19
2021-06-16 12:47:30,2474.35,15,82591,76292,2460.15,224072,0.19
2021-06-16 12:47:30,2474.35,1,82591,76292,2460.15,224072,0.19
2021-06-16 12:47:32,2474.35,1,82616,76346,2460.16,224081,0.19
2021-06-16 12:47:33,2474.35,1,82598,76346,2460.16,224081,0.19
2021-06-16 12:47:34,2474.35,1,82617,76347,2460.16,224081,0.19
2021-06-16 12:47:35,2474.35,1,82628,76336,2460.16,224081,0.19
2021-06-16 12:47:36,2474.35,1,82527,76340,2460.16,224081,0.19
2021-06-16 12:47:37,2474.35,1,82506,76350,2460.16,224081,0.19
2021-06-16 12:47:39,2473.0,7,82506,76350,2460.16,224081,0.13
2021-06-16 12:47:40,2473.0,7,82469,76398,2460.16,224089,0.13
2021-06-16 12:47:42,2473.0,7,82469,76374,2460.16,224089,0.13
2021-06-16 12:47:43,2473.0,10,82469,76374,2460.16,224089,0.13
2021-06-16 12:47:43,2473.0,10,82459,76374,2460.16,224099,0.13
2021-06-16 12:47:45,2473.0,10,82500,76393,2460.16,224099,0.13
2021-06-16 12:47:46,2473.0,10,82501,76393,2460.16,224099,0.13
2021-06-16 12:47:48,2473.0,10,82532,76393,2460.16,224099,0.13
2021-06-16 12:47:51,2473.0,10,82537,76394,2460.16,224099,0.13
2021-06-16 12:47:51,2474.15,8,82537,76394,2460.16,224099,0.18
2021-06-16 12:47:52,2474.15,8,82536,76385,2460.16,224108,0.18
2021-06-16 12:47:54,2474.15,8,82504,76385,2460.16,224108,0.18
2021-06-16 12:47:55,2474.15,8,82510,76492,2460.16,224108,0.18
2021-06-16 12:47:57,2474.05,2,82583,76534,2460.16,224159,0.18
2021-06-16 12:47:58,2474.05,2,82560,76541,2460.16,224159,0.18
2021-06-16 12:48:00,2474.05,2,82610,76542,2460.16,224159,0.18
2021-06-16 12:48:00,2474.05,2,82571,76555,2460.16,224159,0.18
2021-06-16 12:48:05,2474.05,2,82571,76540,2460.16,224159,0.18
2021-06-16 12:48:06,2474.05,2,82571,76440,2460.16,224159,0.18
2021-06-16 12:48:07,2474.05,2,82572,76440,2460.16,224159,0.18
2021-06-16 12:48:09,2474.05,2,82634,76406,2460.16,224159,0.18
2021-06-16 12:48:09,2472.45,4,82634,76406,2460.16,224159,0.11
2021-06-16 12:48:10,2472.45,4,82626,76376,2460.16,224174,0.11
2021-06-16 12:48:11,2473.95,1,82582,76416,2460.16,224175,0.17
2021-06-16 12:48:12,2473.95,1,82584,76416,2460.16,224175,0.17
2021-06-16 12:48:12,2473.95,9,82584,76416,2460.16,224175,0.17
2021-06-16 12:48:14,2473.95,9,82583,76405,2460.16,224184,0.17
2021-06-16 12:48:15,2473.95,9,82583,76428,2460.16,224184,0.17
2021-06-16 12:48:17,2473.95,9,82530,76405,2460.16,224184,0.17
2021-06-16 12:48:18,2473.95,9,82530,76406,2460.16,224184,0.17
2021-06-16 12:48:19,2473.95,9,82622,76406,2460.16,224184,0.17
2021-06-16 12:48:20,2473.95,9,82612,76416,2460.16,224184,0.17
2021-06-16 12:48:21,2473.95,9,82349,76443,2460.16,224184,0.17
2021-06-16 12:48:22,2473.95,31,82370,76404,2460.16,224215,0.17
2021-06-16 12:48:23,2473.95,1,82390,76413,2460.16,224219,0.17
2021-06-16 12:48:24,2473.95,1,82380,76403,2460.16,224219,0.17
2021-06-16 12:48:25,2473.95,1,82370,76399,2460.16,224219,0.17
2021-06-16 12:48:26,2473.95,1,82289,76410,2460.16,224219,0.17
2021-06-16 12:48:28,2473.95,3,82284,76397,2460.16,224224,0.17
2021-06-16 12:48:29,2473.95,3,82285,76417,2460.16,224224,0.17
2021-06-16 12:48:31,2472.4,13,82285,76417,2460.16,224224,0.11
2021-06-16 12:48:31,2472.4,13,82254,76427,2460.16,224237,0.11
2021-06-16 12:48:32,2473.95,8,82258,76422,2460.17,224277,0.17
2021-06-16 12:48:33,2473.95,1,82268,76422,2460.17,224286,0.17
2021-06-16 12:48:34,2473.95,1,81744,76693,2460.17,224286,0.17
2021-06-16 12:48:35,2473.7,25,81744,76693,2460.17,224286,0.16
2021-06-16 12:48:36,2473.7,25,81999,76738,2460.17,224311,0.16
2021-06-16 12:48:37,2473.7,25,82066,76737,2460.17,224311,0.16
2021-06-16 12:48:37,2473.7,25,82051,76698,2460.17,224311,0.16
2021-06-16 12:48:38,2473.65,20,82218,76575,2460.17,224331,0.16
2021-06-16 12:48:39,2473.65,20,82252,76529,2460.17,224331,0.16
2021-06-16 12:48:41,2472.35,3,82252,76529,2460.17,224331,0.11
2021-06-16 12:48:42,2472.35,3,82118,76593,2460.17,224334,0.11
2021-06-16 12:48:43,2472.25,3,82115,76565,2460.17,224337,0.1
2021-06-16 12:48:45,2472.25,3,82051,76709,2460.17,224337,0.1
2021-06-16 12:48:45,2472.25,3,82051,76710,2460.17,224337,0.1
2021-06-16 12:48:47,2472.25,3,82074,76658,2460.17,224337,0.1
2021-06-16 12:48:48,2472.25,3,83176,76737,2460.17,224337,0.1
2021-06-16 12:48:50,2472.25,3,82777,76740,2460.17,224337,0.1
2021-06-16 12:48:51,2472.25,3,82750,76745,2460.17,224337,0.1
2021-06-16 12:48:52,2472.25,3,82829,76796,2460.17,224337,0.1
2021-06-16 12:48:52,2472.25,10,82829,76796,2460.17,224337,0.1
2021-06-16 12:48:53,2472.25,1,82204,76678,2460.17,224369,0.1
2021-06-16 12:48:54,2472.25,13,82113,76678,2460.17,224384,0.1
2021-06-16 12:48:55,2473.4,2,82121,76252,2460.17,224386,0.15
2021-06-16 12:48:57,2473.4,2,82242,76348,2460.17,224386,0.15
2021-06-16 12:48:58,2473.4,2,82251,76348,2460.17,224386,0.15
2021-06-16 12:48:59,2473.5,49,82334,76348,2460.17,224386,0.15
2021-06-16 12:49:00,2473.5,7,82375,76576,2460.18,224442,0.15
2021-06-16 12:49:02,2473.5,7,82377,76588,2460.18,224442,0.15
2021-06-16 12:49:03,2473.5,7,82377,76665,2460.18,224442,0.15
2021-06-16 12:49:04,2473.5,7,82252,76668,2460.18,224442,0.15
2021-06-16 12:49:05,2473.5,7,82252,76763,2460.18,224442,0.15
2021-06-16 12:49:07,2473.5,7,82251,76761,2460.18,224442,0.15
2021-06-16 12:49:08,2473.5,32,82251,76761,2460.18,224442,0.15
2021-06-16 12:49:10,2473.5,32,82251,76729,2460.18,224474,0.15
2021-06-16 12:49:12,2473.5,32,82282,76693,2460.18,224474,0.15
2021-06-16 12:49:15,2473.5,32,82313,76694,2460.18,224474,0.15
2021-06-16 12:49:15,2473.45,1,82313,76694,2460.18,224474,0.15
2021-06-16 12:49:16,2473.45,3,82313,76694,2460.18,224474,0.15
2021-06-16 12:49:17,2472.3,3,82313,76694,2460.18,224474,0.11
2021-06-16 12:49:18,2472.3,3,82105,76791,2460.18,224486,0.11
2021-06-16 12:49:20,2472.3,3,82156,76806,2460.18,224486,0.11
2021-06-16 12:49:21,2473.35,1,82156,76806,2460.18,224486,0.15
2021-06-16 12:49:22,2473.35,1,82201,76730,2460.18,224489,0.15
2021-06-16 12:49:26,2473.35,1,82186,76839,2460.18,224489,0.15
2021-06-16 12:49:28,2473.35,1,82171,76846,2460.18,224490,0.15
2021-06-16 12:49:31,2473.35,1,82204,76846,2460.18,224490,0.15
2021-06-16 12:49:35,2473.35,1,82613,76962,2460.18,224490,0.15
2021-06-16 12:49:36,2473.3,1,82613,76962,2460.18,224490,0.15
2021-06-16 12:49:39,2473.3,1,82684,76918,2460.18,224499,0.15
2021-06-16 12:49:42,2473.3,1,82621,76939,2460.18,224499,0.15
2021-06-16 12:49:43,2473.35,3,82621,76939,2460.18,224499,0.15
2021-06-16 12:49:47,2473.35,3,82621,76939,2460.18,224502,0.15
2021-06-16 12:49:50,2473.35,3,82632,77350,2460.18,224502,0.15
2021-06-16 12:49:52,2473.35,3,82642,77350,2460.18,224502,0.15
2021-06-16 12:49:55,2473.35,3,82233,77350,2460.18,224502,0.15
2021-06-16 12:49:57,2473.35,2,82233,77350,2460.18,224502,0.15
2021-06-16 12:49:59,2472.35,6,82233,77350,2460.18,224502,0.11
2021-06-16 12:50:00,2473.35,1,82233,77350,2460.18,224502,0.15
2021-06-16 12:50:01,2473.35,1,82236,77331,2460.18,224551,0.15
2021-06-16 12:50:04,2473.35,1,82236,77354,2460.18,224551,0.15
2021-06-16 12:50:06,2473.35,1,82635,77364,2460.18,224551,0.15
2021-06-16 12:50:09,2472.35,1,82635,77364,2460.18,224551,0.11
2021-06-16 12:50:10,2472.35,1,82630,77359,2460.18,224556,0.11
2021-06-16 12:50:12,2472.35,1,82630,77360,2460.18,224556,0.11
2021-06-16 12:50:13,2473.3,2,82630,77360,2460.18,224556,0.15
2021-06-16 12:50:15,2473.3,2,82631,77373,2460.18,224561,0.15
2021-06-16 12:50:17,2473.3,2,82631,77374,2460.18,224561,0.15
2021-06-16 12:50:18,2473.3,1,82631,77374,2460.18,224561,0.15
2021-06-16 12:50:19,2473.5,49,82318,77286,2460.2,224770,0.15
2021-06-16 12:50:22,2473.5,49,82298,77307,2460.2,224770,0.15
2021-06-16 12:50:22,2472.35,10,82298,77307,2460.2,224770,0.11
2021-06-16 12:50:25,2472.35,10,82187,77310,2460.2,224780,0.11
2021-06-16 12:50:27,2472.35,10,82187,77345,2460.2,224780,0.11
2021-06-16 12:50:28,2472.35,12,82187,77345,2460.2,224780,0.11
2021-06-16 12:50:30,2472.35,12,82156,77345,2460.2,224792,0.11
2021-06-16 12:50:31,2472.35,3,82156,77345,2460.2,224792,0.11
2021-06-16 12:50:32,2472.35,3,82186,77324,2460.2,224795,0.11
2021-06-16 12:50:34,2472.35,3,82136,77406,2460.2,224795,0.11
2021-06-16 12:50:37,2472.35,3,82136,77531,2460.2,224795,0.11
2021-06-16 12:50:39,2472.35,3,82140,77555,2460.2,224795,0.11
2021-06-16 12:50:39,2473.35,9,82140,77555,2460.2,224795,0.15
2021-06-16 12:50:41,2473.35,9,82182,77471,2460.2,224804,0.15
2021-06-16 12:50:44,2473.35,9,82182,77492,2460.2,224804,0.15
2021-06-16 12:50:46,2472.35,3,82182,77492,2460.2,224804,0.11
2021-06-16 12:50:47,2472.35,3,82147,77507,2460.2,224808,0.11
2021-06-16 12:50:49,2472.35,3,82137,77508,2460.2,224808,0.11
2021-06-16 12:50:52,2472.35,3,82175,77507,2460.2,224808,0.11
2021-06-16 12:50:55,2472.35,3,82575,77507,2460.2,224808,0.11
2021-06-16 12:51:00,2473.35,1,83156,77375,2460.2,224843,0.15
2021-06-16 12:51:02,2473.35,1,83155,77375,2460.2,224852,0.15
2021-06-16 12:51:04,2473.35,1,82604,77399,2460.2,224852,0.15
2021-06-16 12:51:09,2473.35,1,82648,77401,2460.2,224852,0.15
2021-06-16 12:51:10,2472.35,1,82648,77401,2460.2,224852,0.11
2021-06-16 12:51:14,2472.35,1,82597,77426,2460.2,224853,0.11
2021-06-16 12:51:17,2472.35,1,82582,77402,2460.2,224853,0.11
2021-06-16 12:51:19,2473.3,1,82582,77402,2460.2,224853,0.15
2021-06-16 12:51:20,2472.4,1,82635,77411,2460.2,224864,0.11
2021-06-16 12:51:21,2473.3,1,82635,77411,2460.2,224864,0.15
2021-06-16 12:51:22,2473.3,1,82634,77410,2460.2,224873,0.15
2021-06-16 12:51:27,2473.3,1,82634,77408,2460.2,224873,0.15
2021-06-16 12:51:28,2473.3,1,83025,77395,2460.2,224873,0.15
2021-06-16 12:51:34,2473.3,1,83024,77421,2460.2,224873,0.15
2021-06-16 12:51:37,2473.3,1,83025,77421,2460.2,224873,0.15
2021-06-16 12:51:40,2473.0,8,83025,77413,2460.2,224881,0.13
2021-06-16 12:51:42,2472.95,9,83025,77413,2460.2,224881,0.13
2021-06-16 12:51:46,2472.95,9,83864,77367,2460.2,224890,0.13
2021-06-16 12:51:47,2472.35,11,83864,77367,2460.2,224890,0.11
2021-06-16 12:51:48,2472.35,11,83775,77369,2460.2,224910,0.11
2021-06-16 12:51:49,2472.35,10,83775,77369,2460.2,224910,0.11
2021-06-16 12:51:51,2472.35,10,83765,77380,2460.2,224920,0.11
2021-06-16 12:51:53,2472.35,10,83816,77387,2460.2,224920,0.11
2021-06-16 12:51:54,2472.35,7,83816,77387,2460.2,224920,0.11
2021-06-16 12:51:55,2472.35,6,83801,77387,2460.21,224935,0.11
2021-06-16 12:51:58,2472.45,10,84540,77574,2460.21,224941,0.11
2021-06-16 12:52:00,2472.45,10,83754,77618,2460.21,224951,0.11
2021-06-16 12:52:03,2472.45,1,83753,77617,2460.21,224952,0.11
2021-06-16 12:52:03,2472.95,1,83753,77617,2460.21,224952,0.13
2021-06-16 12:52:05,2472.3,26,83720,77617,2460.21,224992,0.11
2021-06-16 12:52:06,2472.3,1,83720,77617,2460.21,224992,0.11
2021-06-16 12:52:07,2472.3,12,83719,77617,2460.21,224993,0.11
2021-06-16 12:52:09,2472.3,5,83707,77617,2460.21,225005,0.11
2021-06-16 12:52:12,2472.3,5,83702,77617,2460.21,225010,0.11
2021-06-16 12:52:13,2472.1,14,83702,77617,2460.21,225010,0.1
2021-06-16 12:52:14,2472.1,14,83828,77617,2460.21,225060,0.1
2021-06-16 12:52:16,2472.1,14,83858,77617,2460.21,225060,0.1
2021-06-16 12:52:19,2472.45,2,83836,77617,2460.21,225062,0.11
2021-06-16 12:52:20,2472.95,1,83836,77617,2460.21,225062,0.13
2021-06-16 12:52:21,2472.95,1,83851,77614,2460.21,225087,0.13
2021-06-16 12:52:24,2472.95,1,83836,77615,2460.21,225087,0.13
2021-06-16 12:52:26,2472.95,1,83835,77617,2460.21,225096,0.13
2021-06-16 12:52:28,2472.95,1,83835,77615,2460.21,225096,0.13
2021-06-16 12:52:31,2472.95,1,83815,77616,2460.21,225096,0.13
2021-06-16 12:52:33,2472.95,1,83840,77616,2460.21,225096,0.13
2021-06-16 12:52:36,2472.95,1,83880,77218,2460.21,225096,0.13
2021-06-16 12:52:38,2472.95,1,83860,77174,2460.21,225096,0.13
2021-06-16 12:52:41,2472.95,1,83881,77174,2460.21,225096,0.13
2021-06-16 12:52:43,2472.95,1,84685,77190,2460.21,225096,0.13
2021-06-16 12:52:45,2472.5,9,84685,77190,2460.21,225096,0.11
2021-06-16 12:52:46,2472.5,4,84699,77068,2460.21,225109,0.11
2021-06-16 12:52:51,2472.5,4,84699,77067,2460.21,225109,0.11
2021-06-16 12:52:53,2472.45,1,84699,77067,2460.21,225109,0.11
2021-06-16 12:52:58,2472.45,1,84683,77069,2460.21,225110,0.11
2021-06-16 12:53:00,2472.5,1,84683,77069,2460.21,225110,0.11
2021-06-16 12:53:01,2472.5,1,84684,77084,2460.22,225153,0.11
2021-06-16 12:53:03,2472.45,25,84684,77084,2460.22,225153,0.11
2021-06-16 12:53:03,2472.5,2,84684,77084,2460.22,225153,0.11
2021-06-16 12:53:04,2472.45,17,84642,77086,2460.22,225198,0.11
2021-06-16 12:53:06,2472.5,2,84641,77192,2460.22,225206,0.11
2021-06-16 12:53:09,2472.5,2,84636,77154,2460.22,225206,0.11
2021-06-16 12:53:10,2472.45,14,84636,77154,2460.22,225206,0.11
2021-06-16 12:53:11,2472.45,1,84636,77154,2460.22,225206,0.11
2021-06-16 12:53:12,2472.45,1,84598,77100,2460.22,225221,0.11
2021-06-16 12:53:14,2472.45,1,84616,77100,2460.22,225221,0.11
2021-06-16 12:53:16,2472.5,13,84586,77217,2460.22,225241,0.11
2021-06-16 12:53:19,2472.5,13,84614,77202,2460.22,225241,0.11
2021-06-16 12:53:22,2472.5,13,84614,77225,2460.22,225241,0.11
2021-06-16 12:53:24,2472.5,13,84615,77225,2460.22,225241,0.11
2021-06-16 12:53:27,2472.5,13,84588,77230,2460.22,225241,0.11
2021-06-16 12:53:27,2472.5,9,84588,77230,2460.22,225241,0.11
2021-06-16 12:53:30,2472.45,16,84582,77072,2460.22,225266,0.11
2021-06-16 12:53:33,2472.45,16,84552,77074,2460.22,225266,0.11
2021-06-16 12:53:36,2472.45,16,84477,77076,2460.22,225266,0.11
2021-06-16 12:53:39,2472.45,2,84477,77071,2460.22,225268,0.11
2021-06-16 12:53:41,2472.45,2,84477,77069,2460.22,225268,0.11
2021-06-16 12:53:43,2472.45,2,84478,77104,2460.22,225268,0.11
2021-06-16 12:53:46,2472.45,2,84475,77104,2460.22,225268,0.11
2021-06-16 12:53:48,2472.45,9,84354,77095,2460.22,225277,0.11
2021-06-16 12:53:51,2472.45,9,84374,77072,2460.22,225277,0.11
2021-06-16 12:53:55,2472.45,9,84375,77096,2460.22,225277,0.11
2021-06-16 12:53:58,2472.45,9,84355,77096,2460.22,225277,0.11
2021-06-16 12:54:00,2472.45,9,83930,77097,2460.22,225277,0.11
2021-06-16 12:54:03,2472.45,9,83929,77017,2460.22,225277,0.11
2021-06-16 12:54:04,2472.1,1,83929,77017,2460.22,225277,0.1
2021-06-16 12:54:06,2472.1,1,83929,77000,2460.22,225278,0.1
2021-06-16 12:54:09,2472.1,1,84329,77000,2460.22,225278,0.1
2021-06-16 12:54:09,2472.45,9,84329,77000,2460.22,225278,0.11
2021-06-16 12:54:11,2472.45,9,84328,76981,2460.22,225287,0.11
2021-06-16 12:54:12,2472.0,1,84328,76981,2460.22,225287,0.09
2021-06-16 12:54:16,2472.0,1,84346,76982,2460.22,225299,0.09
2021-06-16 12:54:18,2472.0,1,84377,76982,2460.22,225299,0.09
2021-06-16 12:54:21,2472.0,1,84377,76984,2460.22,225299,0.09
2021-06-16 12:54:24,2472.0,1,84486,77039,2460.22,225299,0.09
2021-06-16 12:54:24,2472.0,16,84486,77039,2460.22,225299,0.09
2021-06-16 12:54:27,2472.0,16,84462,77047,2460.23,225324,0.09
2021-06-16 12:54:28,2472.0,16,84432,77059,2460.23,225324,0.09
2021-06-16 12:54:29,2472.45,1,84432,77059,2460.23,225324,0.11
2021-06-16 12:54:30,2472.45,9,84432,77058,2460.23,225325,0.11
2021-06-16 12:54:34,2472.45,9,84431,77041,2460.23,225334,0.11
2021-06-16 12:54:36,2472.0,15,84431,77041,2460.23,225334,0.09
2021-06-16 12:54:37,2472.0,15,84396,77041,2460.23,225349,0.09
2021-06-16 12:54:43,2472.0,15,84416,77041,2460.23,225349,0.09
2021-06-16 12:54:46,2472.0,174,84416,77041,2460.23,225349,0.09
2021-06-16 12:54:48,2472.0,174,84170,77070,2460.24,225599,0.09
2021-06-16 12:54:51,2472.0,174,84164,77197,2460.24,225599,0.09
2021-06-16 12:54:51,2472.45,1,84164,77197,2460.24,225599,0.11
2021-06-16 12:54:59,2472.45,1,84165,77191,2460.24,225608,0.11
2021-06-16 12:55:01,2472.45,1,84175,77191,2460.24,225608,0.11
2021-06-16 12:55:03,2472.0,29,84149,77221,2460.24,225637,0.09
2021-06-16 12:55:05,2472.0,29,84149,77222,2460.24,225637,0.09
2021-06-16 12:55:07,2472.0,29,84155,77222,2460.24,225637,0.09
2021-06-16 12:55:11,2472.0,29,84177,76661,2460.24,225637,0.09
2021-06-16 12:55:12,2472.0,3,84177,76661,2460.24,225637,0.09
2021-06-16 12:55:12,2472.45,3,84177,76661,2460.24,225637,0.11
2021-06-16 12:55:13,2472.45,3,83868,76485,2460.26,225943,0.11
2021-06-16 12:55:17,2472.45,3,84285,76883,2460.26,225943,0.11
2021-06-16 12:55:19,2472.45,3,84280,76615,2460.26,225943,0.11
2021-06-16 12:55:21,2472.45,3,84285,76615,2460.26,225943,0.11
2021-06-16 12:55:23,2472.45,3,84139,76615,2460.26,225943,0.11
2021-06-16 12:55:24,2472.4,1,84139,76615,2460.26,225943,0.11
2021-06-16 12:55:26,2472.4,1,84379,76975,2460.26,225993,0.11
2021-06-16 12:55:27,2472.4,1,84375,76974,2460.26,225994,0.11
2021-06-16 12:55:29,2472.95,1,84375,76974,2460.26,225994,0.13
2021-06-16 12:55:30,2472.95,1,83625,76803,2460.27,226226,0.13
2021-06-16 12:55:31,2472.15,1,83464,76806,2460.27,226227,0.1
2021-06-16 12:55:33,2473.35,3,83464,76806,2460.27,226227,0.15
2021-06-16 12:55:34,2473.35,2,83281,76490,2460.27,226235,0.15
2021-06-16 12:55:36,2473.35,2,83176,76490,2460.27,226235,0.15
2021-06-16 12:55:38,2473.35,2,83174,76502,2460.27,226235,0.15
2021-06-16 12:55:39,2473.35,8,83174,76502,2460.27,226235,0.15
2021-06-16 12:55:40,2473.35,8,82759,76515,2460.27,226243,0.15
2021-06-16 12:55:42,2472.95,5,82759,76515,2460.27,226243,0.13
2021-06-16 12:55:43,2472.95,5,82612,76197,2460.28,226248,0.13
2021-06-16 12:55:45,2472.95,5,83176,76160,2460.28,226248,0.13
2021-06-16 12:55:46,2472.95,5,83191,76561,2460.28,226248,0.13
2021-06-16 12:55:49,2472.95,5,82709,76140,2460.28,226248,0.13
2021-06-16 12:55:51,2472.95,5,83102,76140,2460.28,226248,0.13
2021-06-16 12:55:54,2472.95,5,83148,76274,2460.28,226248,0.13
2021-06-16 12:55:54,2473.15,5,83148,76274,2460.28,226248,0.14
2021-06-16 12:55:56,2473.15,5,83262,76615,2460.28,226253,0.14
2021-06-16 12:55:59,2473.35,3,83266,76459,2460.28,226253,0.15
2021-06-16 12:56:01,2473.35,3,83270,76461,2460.28,226256,0.15
2021-06-16 12:56:04,2473.35,3,83279,76461,2460.28,226256,0.15
2021-06-16 12:56:05,2473.35,50,83279,76461,2460.28,226256,0.15
2021-06-16 12:56:06,2473.35,50,83156,76412,2460.28,226306,0.15
2021-06-16 12:56:07,2473.35,50,83163,76412,2460.28,226306,0.15
2021-06-16 12:56:10,2473.35,50,83164,76433,2460.28,226306,0.15
2021-06-16 12:56:12,2473.35,50,83159,76433,2460.28,226306,0.15
2021-06-16 12:56:14,2473.35,50,83164,76432,2460.28,226306,0.15
2021-06-16 12:56:16,2473.35,2,82672,76465,2460.28,226313,0.15
2021-06-16 12:56:18,2473.35,2,82656,76465,2460.28,226313,0.15
2021-06-16 12:56:20,2473.4,1,82656,76465,2460.28,226313,0.15
2021-06-16 12:56:21,2473.4,1,82251,76468,2460.28,226316,0.15
2021-06-16 12:56:22,2473.0,1,82282,76462,2460.28,226317,0.13
2021-06-16 12:56:25,2473.0,1,82270,76463,2460.28,226317,0.13
2021-06-16 12:56:27,2473.0,1,82655,76496,2460.28,226317,0.13
2021-06-16 12:56:29,2473.0,1,82655,76521,2460.28,226317,0.13
2021-06-16 12:56:31,2473.0,1,82650,76521,2460.28,226317,0.13
2021-06-16 12:56:33,2473.0,1,82256,76562,2460.28,226317,0.13
2021-06-16 12:56:34,2473.0,1,82266,76812,2460.28,226317,0.13
2021-06-16 12:56:35,2473.45,4,82266,76812,2460.28,226317,0.15
2021-06-16 12:56:36,2473.45,4,82294,76803,2460.28,226322,0.15
2021-06-16 12:56:38,2473.45,4,82299,76831,2460.28,226322,0.15
2021-06-16 12:56:40,2473.45,4,82299,76832,2460.28,226322,0.15
2021-06-16 12:56:41,2473.5,1,82299,76832,2460.28,226322,0.15
2021-06-16 12:56:45,2473.5,1,82295,76842,2460.28,226327,0.15
2021-06-16 12:56:46,2473.9,2,82295,76842,2460.28,226327,0.17
2021-06-16 12:56:47,2473.9,2,82308,76831,2460.28,226331,0.17
2021-06-16 12:56:49,2473.9,2,82313,76831,2460.28,226331,0.17
2021-06-16 12:56:51,2473.9,1,82319,76831,2460.28,226331,0.17
2021-06-16 12:56:54,2472.1,5,82320,76831,2460.28,226332,0.1
2021-06-16 12:56:55,2472.1,5,82084,76934,2460.3,226632,0.1
2021-06-16 12:56:58,2472.1,5,82119,77036,2460.3,226632,0.1
2021-06-16 12:57:00,2472.1,5,82156,77027,2460.3,226632,0.1
2021-06-16 12:57:02,2472.1,5,82120,77027,2460.3,226632,0.1
2021-06-16 12:57:07,2472.1,5,82120,77055,2460.3,226632,0.1
2021-06-16 12:57:09,2472.1,5,82181,77192,2460.3,226632,0.1
2021-06-16 12:57:11,2472.1,5,82185,77193,2460.3,226632,0.1
2021-06-16 12:57:13,2472.1,5,82208,77127,2460.3,226632,0.1
2021-06-16 12:57:15,2472.1,5,82209,77127,2460.3,226632,0.1
2021-06-16 12:57:16,2472.1,5,82209,77119,2460.3,226632,0.1
2021-06-16 12:57:18,2473.4,9,82209,77119,2460.3,226632,0.15
2021-06-16 12:57:19,2473.4,9,82222,77121,2460.3,226641,0.15
2021-06-16 12:57:20,2472.1,4,82222,77121,2460.3,226641,0.1
2021-06-16 12:57:21,2475.35,13,83082,74620,2460.38,227991,0.23
2021-06-16 12:57:21,2473.55,9,83082,74620,2460.38,227991,0.16
2021-06-16 12:57:22,2473.55,9,82800,75554,2460.39,228187,0.16
2021-06-16 12:57:24,2473.55,9,82887,75289,2460.39,228187,0.16
2021-06-16 12:57:27,2473.55,9,84130,74996,2460.39,228187,0.16
2021-06-16 12:57:28,2473.55,9,83804,75121,2460.39,228187,0.16
2021-06-16 12:57:30,2473.55,9,84127,75133,2460.39,228187,0.16
2021-06-16 12:57:33,2473.55,9,84136,75133,2460.39,228187,0.16
2021-06-16 12:57:34,2473.55,9,84152,75133,2460.39,228187,0.16
2021-06-16 12:57:37,2473.55,9,84116,75133,2460.39,228187,0.16
2021-06-16 12:57:39,2475.0,4,84108,75129,2460.39,228207,0.21
2021-06-16 12:57:42,2475.0,4,83718,75174,2460.39,228207,0.21
2021-06-16 12:57:49,2475.0,4,84064,75129,2460.39,228207,0.21
2021-06-16 12:57:53,2475.0,4,84063,75130,2460.39,228207,0.21
2021-06-16 12:57:55,2475.0,4,84077,75130,2460.39,228207,0.21
2021-06-16 12:57:57,2475.0,4,84077,75127,2460.39,228207,0.21
2021-06-16 12:57:59,2475.0,4,84077,75132,2460.39,228207,0.21
2021-06-16 12:58:00,2475.85,7,84077,75132,2460.39,228207,0.25
2021-06-16 12:58:01,2475.85,7,84072,75138,2460.39,228215,0.25
2021-06-16 12:58:02,2475.95,80,84072,75138,2460.39,228215,0.25
2021-06-16 12:58:03,2475.95,80,84057,75056,2460.4,228296,0.25
2021-06-16 12:58:06,2475.95,80,84035,75056,2460.4,228296,0.25
2021-06-16 12:58:08,2475.95,80,83496,75099,2460.4,228296,0.25
2021-06-16 12:58:09,2475.1,1,83496,75099,2460.4,228296,0.22
2021-06-16 12:58:11,2475.1,1,84263,75128,2460.4,228297,0.22
2021-06-16 12:58:14,2475.1,1,84229,75118,2460.4,228297,0.22
2021-06-16 12:58:18,2475.1,1,83949,75090,2460.4,228297,0.22
2021-06-16 12:58:21,2475.1,1,83979,75114,2460.4,228297,0.22
2021-06-16 12:58:21,2475.85,1,83979,75114,2460.4,228297,0.25
2021-06-16 12:58:23,2475.85,1,84027,75080,2460.4,228306,0.25
2021-06-16 12:58:24,2474.6,16,84027,75080,2460.4,228306,0.2
2021-06-16 12:58:26,2474.6,16,84373,75137,2460.4,228406,0.2
2021-06-16 12:58:28,2474.6,16,84343,75140,2460.4,228406,0.2
2021-06-16 12:58:31,2475.75,1,84331,75140,2460.4,228406,0.24
2021-06-16 12:58:34,2475.75,1,84344,75124,2460.4,228407,0.24
2021-06-16 12:58:35,2475.75,9,84344,75124,2460.4,228407,0.24
2021-06-16 12:58:36,2473.8,44,82606,75463,2460.41,228557,0.17
2021-06-16 12:58:38,2473.8,44,82926,75607,2460.41,228557,0.17
2021-06-16 12:58:40,2473.8,44,82955,75597,2460.41,228557,0.17
2021-06-16 12:58:42,2475.15,8,82955,75600,2460.41,228557,0.22
2021-06-16 12:58:44,2475.15,8,83176,75357,2460.41,228566,0.22
2021-06-16 12:58:46,2475.15,8,83076,75483,2460.41,228566,0.22
2021-06-16 12:58:49,2475.15,8,83069,75492,2460.41,228566,0.22
2021-06-16 12:58:51,2475.15,8,83069,75493,2460.41,228566,0.22
2021-06-16 12:58:54,2475.15,8,83061,75493,2460.41,228566,0.22
2021-06-16 12:58:55,2475.0,1,83061,75493,2460.41,228566,0.21
2021-06-16 12:58:57,2475.0,4,82950,75355,2460.41,228567,0.21
2021-06-16 12:59:00,2474.0,15,82950,75355,2460.41,228567,0.17
2021-06-16 12:59:00,2474.0,15,83514,75394,2460.42,228671,0.17
2021-06-16 12:59:03,2474.0,2,83514,75394,2460.42,228671,0.17
2021-06-16 12:59:04,2474.0,2,83535,75405,2460.42,228689,0.17
2021-06-16 12:59:05,2475.0,4,83535,75405,2460.42,228689,0.21
2021-06-16 12:59:08,2475.0,3,83535,75405,2460.42,228689,0.21
2021-06-16 12:59:09,2475.0,3,83569,76917,2460.42,228696,0.21
2021-06-16 12:59:10,2475.0,3,83594,76937,2460.42,228696,0.21
2021-06-16 12:59:11,2475.0,3,83590,76915,2460.42,228696,0.21
2021-06-16 12:59:15,2475.0,3,83580,76915,2460.42,228696,0.21
2021-06-16 12:59:16,2475.0,3,83565,76917,2460.42,228696,0.21
2021-06-16 12:59:18,2475.0,3,83490,76911,2460.42,228696,0.21
2021-06-16 12:59:19,2475.0,3,83491,76912,2460.42,228696,0.21
2021-06-16 12:59:21,2475.0,3,82894,76909,2460.42,228696,0.21
2021-06-16 12:59:21,2475.0,3,82906,76917,2460.42,228696,0.21
2021-06-16 12:59:22,2475.0,3,82674,76917,2460.42,228696,0.21
2021-06-16 12:59:25,2474.9,1,82881,76910,2460.42,228706,0.21
2021-06-16 12:59:26,2474.0,1,82881,76910,2460.42,228706,0.17
2021-06-16 12:59:28,2474.0,1,82895,76907,2460.42,228707,0.17
2021-06-16 12:59:28,2474.0,1,82890,76932,2460.42,228708,0.17
2021-06-16 12:59:33,2474.0,1,82864,76931,2460.42,228708,0.17
2021-06-16 12:59:33,2475.2,9,83186,76797,2460.44,228908,0.22
2021-06-16 12:59:34,2475.2,9,83908,76800,2460.44,228908,0.22
2021-06-16 12:59:36,2475.2,9,83933,76800,2460.44,228908,0.22
2021-06-16 12:59:36,2475.2,9,83934,76801,2460.44,228908,0.22
2021-06-16 12:59:37,2475.2,9,83895,76801,2460.44,228908,0.22
2021-06-16 12:59:39,2475.2,9,83907,76801,2460.44,228908,0.22
2021-06-16 12:59:40,2474.25,1,83964,76862,2460.44,228909,0.18
2021-06-16 12:59:42,2474.25,1,84399,76817,2460.44,228909,0.18
2021-06-16 12:59:43,2474.25,1,84375,76817,2460.44,228909,0.18
2021-06-16 12:59:44,2474.25,1,84485,76821,2460.44,228909,0.18
2021-06-16 12:59:45,2474.9,3,84633,76751,2460.44,228933,0.21
2021-06-16 12:59:46,2474.9,3,84610,76751,2460.44,228933,0.21
2021-06-16 12:59:48,2474.9,3,85346,76748,2460.44,228933,0.21
2021-06-16 12:59:49,2474.9,3,85746,76748,2460.44,228933,0.21
2021-06-16 12:59:51,2474.9,3,85745,76749,2460.44,228933,0.21
2021-06-16 12:59:52,2474.9,3,85715,76517,2460.44,228933,0.21
2021-06-16 12:59:53,2474.9,1,83316,76539,2460.44,228934,0.21
2021-06-16 12:59:54,2474.9,1,83326,76539,2460.44,228934,0.21
2021-06-16 12:59:55,2474.9,2,83326,76539,2460.44,228934,0.21
2021-06-16 12:59:55,2474.9,1,83331,76544,2460.44,228938,0.21
2021-06-16 12:59:58,2474.9,1,82654,76659,2460.44,228938,0.21
2021-06-16 12:59:59,2474.9,1,82655,76659,2460.44,228938,0.21
2021-06-16 13:00:00,2474.9,1,82887,76668,2460.44,228938,0.21
2021-06-16 13:00:01,2474.9,1,82862,76664,2460.44,228938,0.21
2021-06-16 13:00:03,2474.9,1,82827,76672,2460.44,228938,0.21
2021-06-16 13:00:03,2474.8,1,82837,76664,2460.44,228940,0.21
2021-06-16 13:00:04,2474.8,1,82848,76668,2460.44,228940,0.21
2021-06-16 13:00:06,2474.8,1,82892,76668,2460.44,228940,0.21
2021-06-16 13:00:07,2474.8,1,82948,76348,2460.44,228941,0.21
2021-06-16 13:00:08,2474.85,1,82948,76348,2460.44,228941,0.21
2021-06-16 13:00:09,2474.85,1,83349,76450,2460.44,228942,0.21
2021-06-16 13:00:13,2474.9,1,84012,76441,2460.44,228946,0.21
2021-06-16 13:00:14,2475.0,1,84012,76441,2460.44,228946,0.21
2021-06-16 13:00:15,2475.0,1,84363,76687,2460.44,228947,0.21
2021-06-16 13:00:18,2475.0,4,84372,76683,2460.44,228951,0.21
2021-06-16 13:00:19,2475.0,4,84372,76658,2460.44,228951,0.21
2021-06-16 13:00:19,2475.0,4,84372,76686,2460.44,228951,0.21
2021-06-16 13:00:21,2475.0,4,85842,76686,2460.44,228951,0.21
2021-06-16 13:00:22,2475.0,4,85843,76666,2460.44,228951,0.21
2021-06-16 13:00:24,2475.0,4,85843,76667,2460.44,228951,0.21
2021-06-16 13:00:24,2475.0,4,85817,76677,2460.44,228951,0.21
2021-06-16 13:00:25,2475.0,4,85967,76677,2460.44,228951,0.21
2021-06-16 13:00:27,2476.5,7,85967,76677,2460.44,228951,0.28
2021-06-16 13:00:28,2476.5,7,83841,76346,2460.47,229416,0.28
2021-06-16 13:00:29,2476.5,7,84154,76372,2460.47,229416,0.28
2021-06-16 13:00:31,2476.5,7,84155,76372,2460.47,229416,0.28
2021-06-16 13:00:31,2476.25,1,84155,76371,2460.47,229417,0.27
2021-06-16 13:00:33,2476.25,1,84155,76373,2460.47,229417,0.27
2021-06-16 13:00:34,2476.25,1,84130,76373,2460.47,229417,0.27
2021-06-16 13:00:34,2476.25,1,84130,76374,2460.47,229417,0.27
2021-06-16 13:00:36,2476.25,1,84154,76374,2460.47,229417,0.27
2021-06-16 13:00:36,2476.25,1,83959,76374,2460.47,229417,0.27
2021-06-16 13:00:37,2476.25,1,83088,76383,2460.47,229417,0.27
2021-06-16 13:00:39,2476.25,1,83088,76361,2460.47,229417,0.27
2021-06-16 13:00:39,2476.2,25,83088,76361,2460.47,229417,0.26
2021-06-16 13:00:40,2476.2,25,83446,76322,2460.47,229442,0.26
2021-06-16 13:00:40,2476.2,25,83636,76325,2460.47,229442,0.26
2021-06-16 13:00:42,2476.25,12,83636,76325,2460.47,229442,0.27
2021-06-16 13:00:42,2476.25,12,83709,76167,2460.48,229492,0.27
2021-06-16 13:00:45,2476.25,12,83710,76167,2460.48,229492,0.27
2021-06-16 13:00:46,2476.25,12,84271,76167,2460.48,229492,0.27
2021-06-16 13:00:47,2476.25,12,84271,76168,2460.48,229492,0.27
2021-06-16 13:00:48,2475.2,3,84271,76168,2460.48,229492,0.22
2021-06-16 13:00:49,2475.2,3,83184,76313,2460.48,229505,0.22
2021-06-16 13:00:51,2475.2,3,83209,76319,2460.48,229505,0.22
2021-06-16 13:00:52,2475.2,3,83209,76330,2460.48,229505,0.22
2021-06-16 13:00:54,2475.2,3,83276,76283,2460.48,229505,0.22
2021-06-16 13:00:55,2476.0,1,83276,76284,2460.48,229505,0.26
2021-06-16 13:00:56,2476.0,1,83541,76239,2460.48,229506,0.26
2021-06-16 13:00:57,2476.0,1,83541,76263,2460.48,229506,0.26
2021-06-16 13:00:58,2476.0,1,83495,76291,2460.48,229506,0.26
2021-06-16 13:01:01,2476.0,1,83495,76300,2460.48,229506,0.26
2021-06-16 13:01:03,2476.0,1,83495,76285,2460.48,229506,0.26
2021-06-16 13:01:04,2476.0,1,83495,76395,2460.48,229506,0.26
2021-06-16 13:01:04,2476.0,1,83128,76533,2460.48,229506,0.26
2021-06-16 13:01:06,2476.0,1,83178,76565,2460.48,229506,0.26
2021-06-16 13:01:06,2475.95,9,83178,76565,2460.48,229506,0.25
2021-06-16 13:01:07,2475.95,9,83501,76324,2460.48,229516,0.25
2021-06-16 13:01:07,2475.95,9,83501,76326,2460.48,229516,0.25
2021-06-16 13:01:09,2475.95,1,83501,76345,2460.48,229526,0.25
2021-06-16 13:01:09,2474.9,10,83501,76345,2460.48,229526,0.21
2021-06-16 13:01:10,2474.9,10,83454,76351,2460.48,229576,0.21
2021-06-16 13:01:10,2474.9,10,83484,76352,2460.48,229576,0.21
2021-06-16 13:01:13,2474.9,10,83484,76392,2460.48,229576,0.21
2021-06-16 13:01:18,2474.9,10,83484,76390,2460.48,229576,0.21
2021-06-16 13:01:19,2474.9,10,83484,76370,2460.48,229576,0.21
2021-06-16 13:01:21,2474.9,10,83590,76337,2460.48,229576,0.21
2021-06-16 13:01:22,2474.9,10,83595,76330,2460.48,229576,0.21
2021-06-16 13:01:24,2474.9,10,83595,76356,2460.48,229576,0.21
2021-06-16 13:01:25,2474.9,10,83530,76328,2460.48,229576,0.21
2021-06-16 13:01:25,2475.9,1,83530,76328,2460.48,229576,0.25
2021-06-16 13:01:27,2475.9,1,83531,76458,2460.48,229577,0.25
2021-06-16 13:01:28,2475.9,1,83536,76458,2460.48,229577,0.25
2021-06-16 13:01:29,2475.9,1,83536,76498,2460.48,229577,0.25
2021-06-16 13:01:30,2475.9,6,83536,76498,2460.48,229577,0.25
2021-06-16 13:01:31,2474.95,1,83556,76503,2460.48,229596,0.21
2021-06-16 13:01:32,2474.95,1,83558,76503,2460.48,229596,0.21
2021-06-16 13:01:35,2474.95,1,83528,76508,2460.48,229596,0.21
2021-06-16 13:01:37,2474.95,1,83528,76479,2460.48,229596,0.21
2021-06-16 13:01:37,2474.95,1,83528,76603,2460.48,229596,0.21
2021-06-16 13:01:39,2474.95,1,83272,76575,2460.48,229596,0.21
2021-06-16 13:01:40,2474.95,1,83336,76593,2460.48,229596,0.21
2021-06-16 13:01:40,2474.95,1,83360,76586,2460.48,229596,0.21
2021-06-16 13:01:42,2474.95,1,82960,76586,2460.48,229596,0.21
2021-06-16 13:01:43,2474.95,1,82960,76563,2460.48,229596,0.21
2021-06-16 13:01:43,2474.95,1,83393,76563,2460.48,229596,0.21
2021-06-16 13:01:45,2474.95,1,83321,76593,2460.48,229596,0.21
2021-06-16 13:01:45,2474.95,1,83371,76701,2460.48,229596,0.21
2021-06-16 13:01:46,2474.95,1,82814,76593,2460.48,229596,0.21
2021-06-16 13:01:48,2474.95,1,83343,76716,2460.48,229596,0.21
2021-06-16 13:01:48,2474.95,1,83338,77122,2460.48,229596,0.21
2021-06-16 13:01:49,2474.95,1,83338,77131,2460.48,229596,0.21
2021-06-16 13:01:51,2474.95,1,83358,77131,2460.48,229596,0.21
2021-06-16 13:01:51,2474.95,1,83652,77090,2460.48,229602,0.21
2021-06-16 13:01:53,2474.95,1,83681,77094,2460.48,229602,0.21
2021-06-16 13:01:54,2474.95,1,83672,77094,2460.48,229602,0.21
2021-06-16 13:01:55,2474.95,1,83807,77094,2460.48,229602,0.21
2021-06-16 13:01:56,2475.9,3,83400,76977,2460.48,229605,0.25
2021-06-16 13:01:57,2475.9,3,83499,77097,2460.48,229605,0.25
2021-06-16 13:01:58,2475.9,3,83537,77093,2460.48,229605,0.25
2021-06-16 13:02:00,2475.9,3,83531,77094,2460.48,229605,0.25
2021-06-16 13:02:01,2475.9,3,83536,77094,2460.48,229605,0.25
2021-06-16 13:02:02,2475.9,3,83537,77094,2460.48,229605,0.25
2021-06-16 13:02:03,2475.9,3,83537,77095,2460.48,229605,0.25
2021-06-16 13:02:04,2475.9,3,83660,77105,2460.48,229605,0.25
2021-06-16 13:02:05,2475.1,2,83659,77082,2460.48,229607,0.22
2021-06-16 13:02:06,2475.1,2,83659,77117,2460.48,229607,0.22
2021-06-16 13:02:08,2475.1,2,83659,77118,2460.48,229607,0.22
2021-06-16 13:02:09,2475.1,2,83659,77139,2460.48,229607,0.22
2021-06-16 13:02:10,2475.1,2,83659,77138,2460.48,229607,0.22
2021-06-16 13:02:11,2475.1,2,83659,77169,2460.48,229607,0.22
2021-06-16 13:02:12,2475.8,1,83627,77158,2460.48,229610,0.25
2021-06-16 13:02:13,2475.8,1,83627,77173,2460.48,229610,0.25
2021-06-16 13:02:15,2475.8,1,83637,77173,2460.48,229610,0.25
2021-06-16 13:02:16,2475.8,1,83672,77173,2460.48,229610,0.25
2021-06-16 13:02:17,2475.85,5,83670,77173,2460.48,229610,0.25
2021-06-16 13:02:18,2475.85,5,83677,77165,2460.48,229615,0.25
2021-06-16 13:02:18,2475.85,5,83677,77166,2460.48,229615,0.25
2021-06-16 13:02:21,2475.85,5,83579,77274,2460.48,229615,0.25
2021-06-16 13:02:22,2475.85,5,83579,77275,2460.48,229615,0.25
2021-06-16 13:02:23,2474.3,65,83579,77275,2460.48,229615,0.19
2021-06-16 13:02:24,2474.3,65,83246,77357,2460.49,229767,0.19
2021-06-16 13:02:24,2474.3,65,83324,77344,2460.49,229767,0.19
2021-06-16 13:02:25,2474.3,65,83390,77288,2460.49,229767,0.19
2021-06-16 13:02:27,2474.3,65,83312,77221,2460.49,229767,0.19
2021-06-16 13:02:28,2474.3,65,83307,77325,2460.49,229767,0.19
2021-06-16 13:02:28,2474.3,65,83263,77321,2460.49,229767,0.19
2021-06-16 13:02:30,2475.0,1,83263,77321,2460.49,229767,0.21
2021-06-16 13:02:31,2475.0,1,83146,77305,2460.49,229768,0.21
2021-06-16 13:02:31,2475.0,1,83141,77307,2460.49,229768,0.21
2021-06-16 13:02:33,2475.0,9,83141,77307,2460.49,229768,0.21
2021-06-16 13:02:34,2475.0,9,83173,77298,2460.49,229777,0.21
2021-06-16 13:02:35,2475.0,9,82907,77479,2460.49,229777,0.21
2021-06-16 13:02:35,2474.0,25,82907,77479,2460.49,229777,0.17
2021-06-16 13:02:36,2474.0,25,82873,77439,2460.5,229842,0.17
2021-06-16 13:02:40,2474.0,25,82909,77439,2460.5,229842,0.17
2021-06-16 13:02:42,2474.0,25,82909,77315,2460.5,229842,0.17
2021-06-16 13:02:43,2474.0,25,82909,77415,2460.5,229842,0.17
2021-06-16 13:02:44,2475.05,1,82909,77415,2460.5,229842,0.22
2021-06-16 13:02:45,2475.05,1,82909,77343,2460.5,229845,0.22
2021-06-16 13:02:46,2475.1,1,82909,77343,2460.5,229845,0.22
2021-06-16 13:02:46,2475.1,1,83015,77436,2460.5,229857,0.22
2021-06-16 13:02:48,2475.1,1,83015,77434,2460.5,229857,0.22
2021-06-16 13:02:49,2475.1,1,82940,77427,2460.5,229857,0.22
2021-06-16 13:02:51,2475.1,1,82941,77000,2460.5,229857,0.22
2021-06-16 13:02:51,2475.1,1,82941,76998,2460.5,229857,0.22
2021-06-16 13:02:54,2475.1,1,82941,77009,2460.5,229857,0.22
2021-06-16 13:02:54,2475.0,9,82939,77000,2460.5,229866,0.21
2021-06-16 13:02:56,2475.0,9,82972,77009,2460.5,229866,0.21
2021-06-16 13:02:57,2475.0,9,82926,77147,2460.5,229866,0.21
2021-06-16 13:02:58,2475.25,1,82926,77147,2460.5,229866,0.22
2021-06-16 13:02:58,2475.25,1,83250,76928,2460.51,230014,0.22
2021-06-16 13:02:59,2475.85,3,83250,76928,2460.51,230014,0.25
2021-06-16 13:03:00,2475.85,3,83539,76827,2460.51,230035,0.25
2021-06-16 13:03:00,2475.85,3,84200,76259,2460.51,230035,0.25
2021-06-16 13:03:01,2475.85,3,84212,76635,2460.51,230035,0.25
2021-06-16 13:03:03,2478.0,14,84368,74922,2460.56,230688,0.34
2021-06-16 13:03:03,2477.05,22,84261,75563,2460.56,230710,0.3
2021-06-16 13:03:04,2477.05,22,84402,75590,2460.56,230710,0.3
2021-06-16 13:03:06,2477.05,22,84347,75590,2460.56,230710,0.3
2021-06-16 13:03:06,2477.05,22,84342,75591,2460.56,230710,0.3
2021-06-16 13:03:07,2478.0,5,84342,75591,2460.56,230710,0.34
2021-06-16 13:03:08,2478.0,5,84559,74609,2460.57,230872,0.34
2021-06-16 13:03:09,2478.0,6,84573,75122,2460.57,230878,0.34
2021-06-16 13:03:10,2478.0,6,84468,75224,2460.57,230878,0.34
2021-06-16 13:03:11,2479.0,24,84464,74993,2460.58,230978,0.38
2021-06-16 13:03:12,2479.0,24,84453,74993,2460.58,230978,0.38
2021-06-16 13:03:13,2479.0,24,84472,74983,2460.58,230978,0.38
2021-06-16 13:03:15,2478.4,50,84410,74971,2460.58,230978,0.35
2021-06-16 13:03:15,2478.95,7,84078,74127,2460.58,231039,0.37
2021-06-16 13:03:16,2478.95,7,84499,74630,2460.58,231039,0.37
2021-06-16 13:03:18,2479.0,10,84508,74625,2460.58,231049,0.38
2021-06-16 13:03:19,2479.5,48,84459,74619,2460.58,231059,0.4
2021-06-16 13:03:21,2478.6,1,84713,74523,2460.59,231141,0.36
2021-06-16 13:03:21,2478.6,1,84695,74639,2460.59,231141,0.36
2021-06-16 13:03:23,2478.6,1,84543,74715,2460.59,231141,0.36
2021-06-16 13:03:24,2478.6,1,84573,74715,2460.59,231141,0.36
2021-06-16 13:03:25,2478.6,1,84583,74715,2460.59,231141,0.36
2021-06-16 13:03:25,2478.6,1,84583,74748,2460.59,231141,0.36
2021-06-16 13:03:26,2478.55,1,84583,74748,2460.59,231141,0.36
2021-06-16 13:03:27,2478.55,1,84582,75138,2460.59,231143,0.36
2021-06-16 13:03:28,2478.55,1,84482,75218,2460.59,231143,0.36
2021-06-16 13:03:28,2478.55,1,84482,75220,2460.59,231143,0.36
2021-06-16 13:03:30,2478.55,1,84582,75220,2460.59,231143,0.36
2021-06-16 13:03:31,2478.55,1,84582,75114,2460.59,231143,0.36
2021-06-16 13:03:31,2478.55,1,84646,75139,2460.59,231143,0.36
2021-06-16 13:03:34,2478.55,1,84656,75297,2460.59,231143,0.36
2021-06-16 13:03:34,2478.55,1,84656,75060,2460.59,231143,0.36
2021-06-16 13:03:36,2479.5,2,84567,75230,2460.59,231143,0.4
2021-06-16 13:03:37,2479.95,2,84769,74934,2460.59,231153,0.42
2021-06-16 13:03:37,2479.85,1,84746,74955,2460.59,231155,0.41
2021-06-16 13:03:39,2479.85,1,84736,75192,2460.59,231155,0.41
2021-06-16 13:03:39,2480.0,13,84736,75192,2460.59,231155,0.42
2021-06-16 13:03:40,2480.0,2,84775,74605,2460.62,231458,0.42
2021-06-16 13:03:41,2480.0,10,84799,74848,2460.62,231462,0.42
2021-06-16 13:03:42,2480.0,3,84703,74117,2460.63,231646,0.42
2021-06-16 13:03:42,2480.0,6,84782,74530,2460.63,231646,0.42
2021-06-16 13:03:43,2480.0,6,84781,74526,2460.63,231652,0.42
2021-06-16 13:03:45,2480.0,6,84902,74630,2460.63,231652,0.42
2021-06-16 13:03:46,2480.0,9,84902,74645,2460.63,231662,0.42
2021-06-16 13:03:47,2480.0,9,84902,74598,2460.63,231662,0.42
2021-06-16 13:03:48,2479.9,8,84707,74692,2460.64,231682,0.41
2021-06-16 13:03:51,2479.9,8,84737,74693,2460.64,231682,0.41
2021-06-16 13:03:52,2479.9,8,84660,74693,2460.64,231682,0.41
2021-06-16 13:03:53,2479.9,8,84660,74683,2460.64,231682,0.41
2021-06-16 13:03:54,2480.0,1,84660,74683,2460.64,231682,0.42
2021-06-16 13:03:54,2480.0,1,84660,74661,2460.64,231683,0.42
2021-06-16 13:03:55,2480.0,1,84636,74631,2460.64,231683,0.42
2021-06-16 13:03:56,2480.0,1,84669,74631,2460.64,231683,0.42
2021-06-16 13:03:57,2479.8,9,84678,74623,2460.64,231692,0.41
2021-06-16 13:03:58,2479.8,9,84662,74630,2460.64,231692,0.41
2021-06-16 13:04:00,2479.8,2,84667,74628,2460.64,231695,0.41
2021-06-16 13:04:00,2479.8,2,84667,74638,2460.64,231695,0.41
2021-06-16 13:04:01,2479.8,2,84767,74640,2460.64,231695,0.41
2021-06-16 13:04:03,2479.8,2,84800,74641,2460.64,231695,0.41
2021-06-16 13:04:03,2479.8,2,84800,74657,2460.64,231695,0.41
2021-06-16 13:04:04,2479.8,2,84800,74678,2460.64,231695,0.41
2021-06-16 13:04:06,2478.85,1,84800,74678,2460.64,231695,0.37
2021-06-16 13:04:06,2478.85,1,84799,74661,2460.64,231696,0.37
2021-06-16 13:04:07,2480.0,39,84757,74561,2460.65,231872,0.42
2021-06-16 13:04:07,2480.0,39,84744,74561,2460.65,231872,0.42
2021-06-16 13:04:09,2480.0,39,84794,74576,2460.65,231872,0.42
2021-06-16 13:04:10,2480.0,39,84794,74578,2460.65,231872,0.42
2021-06-16 13:04:10,2479.05,2,84792,74603,2460.65,231874,0.38
2021-06-16 13:04:12,2480.0,20,84752,74614,2460.65,231874,0.42
2021-06-16 13:04:13,2480.0,20,84762,74594,2460.65,231894,0.42
2021-06-16 13:04:13,2480.0,20,84763,74656,2460.65,231894,0.42
2021-06-16 13:04:15,2480.0,1,84746,74672,2460.65,231894,0.42
2021-06-16 13:04:15,2480.0,1,84717,74673,2460.65,231895,0.42
2021-06-16 13:04:16,2480.0,1,84687,74683,2460.65,231895,0.42
2021-06-16 13:04:17,2480.0,1,85244,74648,2460.65,231895,0.42
2021-06-16 13:04:18,2480.0,2,85244,74648,2460.65,231895,0.42
2021-06-16 13:04:20,2480.0,2,85233,74739,2460.65,231904,0.42
2021-06-16 13:04:21,2480.0,17,85243,74716,2460.66,231929,0.42
2021-06-16 13:04:21,2480.0,17,85243,74717,2460.66,231929,0.42
2021-06-16 13:04:22,2480.0,17,85244,74722,2460.66,231929,0.42
2021-06-16 13:04:23,2480.0,50,85244,74722,2460.66,231929,0.42
2021-06-16 13:04:24,2479.1,3,85244,74672,2460.66,231979,0.38
2021-06-16 13:04:24,2479.1,3,85201,74674,2460.66,231999,0.38
2021-06-16 13:04:25,2479.1,3,85241,74677,2460.66,231999,0.38
2021-06-16 13:04:27,2479.1,3,85231,74677,2460.66,231999,0.38
2021-06-16 13:04:28,2479.1,3,85233,74682,2460.66,231999,0.38
2021-06-16 13:04:29,2479.1,3,85320,74682,2460.66,231999,0.38
2021-06-16 13:04:30,2479.1,3,85320,74685,2460.66,231999,0.38
2021-06-16 13:04:31,2479.1,3,85280,74683,2460.66,231999,0.38
2021-06-16 13:04:33,2479.1,3,85290,74683,2460.66,231999,0.38
2021-06-16 13:04:36,2479.1,3,85291,74684,2460.66,231999,0.38
2021-06-16 13:04:37,2479.1,3,85201,74686,2460.66,231999,0.38
2021-06-16 13:04:39,2479.1,3,85190,74686,2460.66,231999,0.38
2021-06-16 13:04:39,2479.8,1,85174,74722,2460.66,232008,0.41
2021-06-16 13:04:43,2479.8,1,85174,74717,2460.66,232008,0.41
2021-06-16 13:04:44,2479.8,1,85174,74817,2460.66,232008,0.41
2021-06-16 13:04:45,2479.8,1,85174,74818,2460.66,232008,0.41
2021-06-16 13:04:46,2479.8,1,85174,74816,2460.66,232008,0.41
2021-06-16 13:04:49,2479.8,1,85199,74784,2460.66,232008,0.41
2021-06-16 13:04:49,2479.8,1,85199,74792,2460.66,232008,0.41
2021-06-16 13:04:51,2479.05,10,84203,74905,2460.66,232028,0.38
2021-06-16 13:04:52,2479.05,10,84642,74917,2460.66,232028,0.38
2021-06-16 13:04:52,2478.05,3,84642,74917,2460.66,232028,0.34
2021-06-16 13:04:53,2478.05,3,84346,75035,2460.67,232078,0.34
2021-06-16 13:04:54,2478.05,3,84429,74961,2460.67,232078,0.34
2021-06-16 13:04:56,2478.05,3,84348,74992,2460.67,232078,0.34
2021-06-16 13:04:57,2479.2,4,84397,75037,2460.67,232078,0.38
2021-06-16 13:04:58,2479.2,4,84391,74978,2460.67,232093,0.38
2021-06-16 13:05:00,2479.2,4,84396,74985,2460.67,232093,0.38
2021-06-16 13:05:00,2479.2,1,84396,74985,2460.67,232093,0.38
2021-06-16 13:05:01,2479.2,1,84834,74881,2460.67,232095,0.38
2021-06-16 13:05:02,2479.2,1,84854,74881,2460.67,232095,0.38
2021-06-16 13:05:03,2479.65,1,84854,74881,2460.67,232095,0.4
2021-06-16 13:05:03,2479.65,1,84664,74876,2460.67,232115,0.4
2021-06-16 13:05:04,2479.2,1,84371,75102,2460.69,232316,0.38
2021-06-16 13:05:05,2477.45,40,84371,75102,2460.69,232316,0.31
2021-06-16 13:05:06,2478.65,2,84323,74756,2460.7,232469,0.36
2021-06-16 13:05:06,2478.65,2,84002,75423,2460.7,232469,0.36
2021-06-16 13:05:07,2478.6,1,84002,75423,2460.7,232469,0.36
2021-06-16 13:05:09,2478.6,1,84356,74350,2460.7,232470,0.36
2021-06-16 13:05:09,2478.6,1,84056,75433,2460.7,232470,0.36
2021-06-16 13:05:10,2478.6,1,84166,74987,2460.7,232470,0.36
2021-06-16 13:05:12,2478.6,1,84136,74987,2460.7,232470,0.36
2021-06-16 13:05:12,2478.6,1,84162,74992,2460.7,232470,0.36
2021-06-16 13:05:13,2478.6,1,84129,74992,2460.7,232470,0.36
2021-06-16 13:05:15,2478.6,1,84231,74942,2460.7,232470,0.36
2021-06-16 13:05:17,2477.55,4,84267,74541,2460.7,232470,0.32
2021-06-16 13:05:18,2477.55,4,84201,74551,2460.7,232475,0.32
2021-06-16 13:05:19,2477.55,4,84601,74504,2460.7,232475,0.32
2021-06-16 13:05:20,2477.55,4,84216,74903,2460.7,232475,0.32
2021-06-16 13:05:21,2478.55,6,84216,74904,2460.7,232475,0.36
2021-06-16 13:05:22,2478.55,6,84194,74881,2460.7,232481,0.36
2021-06-16 13:05:24,2478.55,6,85331,74765,2460.7,232481,0.36
2021-06-16 13:05:25,2478.55,6,84950,74780,2460.7,232481,0.36
2021-06-16 13:05:26,2478.6,1,84931,74780,2460.7,232481,0.36
2021-06-16 13:05:27,2478.6,1,84808,74763,2460.7,232482,0.36
2021-06-16 13:05:28,2478.6,1,84838,74863,2460.7,232482,0.36
2021-06-16 13:05:28,2478.6,1,84838,74864,2460.7,232482,0.36
2021-06-16 13:05:30,2478.6,1,84871,74871,2460.7,232482,0.36
2021-06-16 13:05:31,2478.6,1,84861,74871,2460.7,232482,0.36
2021-06-16 13:05:31,2478.6,1,84861,74868,2460.7,232482,0.36
2021-06-16 13:05:33,2478.6,4,84889,74862,2460.7,232488,0.36
2021-06-16 13:05:33,2478.6,3,84889,74862,2460.7,232488,0.36
2021-06-16 13:05:34,2478.6,3,84908,74945,2460.7,232555,0.36
2021-06-16 13:05:34,2478.6,3,84863,75045,2460.7,232555,0.36
2021-06-16 13:05:37,2478.6,3,84857,75115,2460.7,232555,0.36
2021-06-16 13:05:37,2478.45,1,84681,74783,2460.72,232698,0.35
2021-06-16 13:05:39,2478.6,50,84731,74786,2460.72,232756,0.36
2021-06-16 13:05:40,2478.6,50,84694,74787,2460.72,232756,0.36
2021-06-16 13:05:42,2478.6,50,84694,74786,2460.72,232756,0.36
2021-06-16 13:05:42,2479.4,5,84694,74786,2460.72,232756,0.39
2021-06-16 13:05:43,2479.4,5,84733,74786,2460.72,232765,0.39
2021-06-16 13:05:45,2479.4,5,84733,74731,2460.72,232765,0.39
2021-06-16 13:05:46,2479.4,5,84703,74748,2460.72,232765,0.39
2021-06-16 13:05:48,2479.6,44,84707,74708,2460.73,232832,0.4
2021-06-16 13:05:49,2479.6,44,84702,74708,2460.73,232832,0.4
2021-06-16 13:05:49,2479.75,7,84702,74708,2460.73,232832,0.41
2021-06-16 13:05:50,2479.75,7,85038,74238,2460.73,232851,0.41
2021-06-16 13:05:51,2479.8,1,85038,74564,2460.73,232852,0.41
2021-06-16 13:05:51,2479.8,1,84962,74573,2460.73,232852,0.41
2021-06-16 13:05:54,2479.8,1,84957,74588,2460.73,232852,0.41
2021-06-16 13:05:54,2479.8,1,84957,74595,2460.73,232852,0.41
2021-06-16 13:05:57,2479.8,1,84982,74591,2460.73,232852,0.41
2021-06-16 13:05:58,2479.8,1,84982,74670,2460.73,232852,0.41
2021-06-16 13:05:58,2479.85,1,84982,74670,2460.73,232852,0.41
2021-06-16 13:05:59,2479.85,1,85342,74534,2460.73,232879,0.41
2021-06-16 13:06:00,2479.7,3,85337,74534,2460.73,232882,0.4
2021-06-16 13:06:01,2480.0,34,85141,74404,2460.74,233025,0.42
2021-06-16 13:06:03,2480.0,1,85433,74062,2460.78,233519,0.42
2021-06-16 13:06:03,2480.0,9,85433,74062,2460.78,233519,0.42
2021-06-16 13:06:06,2480.0,9,85364,74094,2460.78,233528,0.42
2021-06-16 13:06:07,2480.0,9,85389,74094,2460.78,233528,0.42
2021-06-16 13:06:07,2480.0,9,85355,74094,2460.78,233528,0.42
2021-06-16 13:06:09,2480.0,9,84959,74105,2460.78,233528,0.42
2021-06-16 13:06:10,2480.0,9,84959,74128,2460.78,233528,0.42
2021-06-16 13:06:10,2480.0,9,84939,74157,2460.78,233528,0.42
2021-06-16 13:06:12,2480.0,9,85271,74101,2460.78,233528,0.42
2021-06-16 13:06:13,2480.0,9,85284,74103,2460.78,233528,0.42
2021-06-16 13:06:14,2480.0,9,85284,74132,2460.78,233528,0.42
2021-06-16 13:06:15,2480.0,2,85299,74116,2460.78,233528,0.42
2021-06-16 13:06:16,2480.0,2,85299,74179,2460.78,233538,0.42
2021-06-16 13:06:17,2480.0,19,85264,74152,2460.79,233573,0.42
2021-06-16 13:06:18,2480.0,19,84645,74332,2460.79,233573,0.42
2021-06-16 13:06:19,2480.0,19,84767,74316,2460.79,233573,0.42
2021-06-16 13:06:20,2480.0,19,84768,74318,2460.79,233573,0.42
2021-06-16 13:06:21,2480.0,1,85168,74342,2460.79,233574,0.42
2021-06-16 13:06:22,2480.0,1,85178,74371,2460.79,233574,0.42
2021-06-16 13:06:23,2480.0,1,84778,74371,2460.79,233574,0.42
2021-06-16 13:06:24,2480.0,9,84777,74362,2460.79,233583,0.42
2021-06-16 13:06:25,2480.0,9,84870,74417,2460.79,233583,0.42
2021-06-16 13:06:26,2480.0,9,85200,74417,2460.79,233583,0.42
2021-06-16 13:06:27,2480.0,4,85600,74417,2460.79,233583,0.42
2021-06-16 13:06:28,2480.0,4,85600,74413,2460.79,233587,0.42
2021-06-16 13:06:29,2480.0,4,85200,74258,2460.79,233587,0.42
2021-06-16 13:06:30,2480.0,44,85200,74235,2460.79,233637,0.42
2021-06-16 13:06:31,2480.0,44,85200,74245,2460.79,233637,0.42
2021-06-16 13:06:31,2480.0,14,85200,74222,2460.79,233657,0.42
2021-06-16 13:06:33,2480.0,14,85200,74224,2460.79,233657,0.42
2021-06-16 13:06:34,2480.0,14,85200,74201,2460.79,233657,0.42
2021-06-16 13:06:35,2480.0,14,85200,74200,2460.79,233657,0.42
2021-06-16 13:06:36,2480.0,14,85200,74193,2460.79,233657,0.42
2021-06-16 13:06:36,2480.0,1,85200,74193,2460.79,233657,0.42
2021-06-16 13:06:39,2480.1,5,85635,74119,2460.81,233790,0.42
2021-06-16 13:06:40,2480.1,5,85817,74115,2460.81,233790,0.42
2021-06-16 13:06:42,2480.1,5,85817,74085,2460.81,233790,0.42
2021-06-16 13:06:42,2480.1,5,86271,74063,2460.81,233790,0.42
2021-06-16 13:06:45,2480.1,5,86210,74122,2460.81,233790,0.42
2021-06-16 13:06:45,2480.3,1,86210,74122,2460.81,233790,0.43
2021-06-16 13:06:46,2480.3,2,85808,73943,2460.81,233791,0.43
2021-06-16 13:06:47,2480.3,2,85808,73943,2460.81,233793,0.43
2021-06-16 13:06:48,2481.25,6,86312,72875,2460.83,234103,0.47
2021-06-16 13:06:49,2481.9,87,86431,72943,2460.85,234359,0.49
2021-06-16 13:06:50,2481.9,87,86678,72261,2460.85,234359,0.49
2021-06-16 13:06:51,2481.3,1,86678,72261,2460.85,234359,0.47
2021-06-16 13:06:51,2481.3,1,86677,72940,2460.86,234366,0.47
2021-06-16 13:06:52,2481.8,3,86649,72992,2460.86,234366,0.49
2021-06-16 13:06:53,2481.8,3,86560,73132,2460.86,234369,0.49
2021-06-16 13:06:54,2481.9,10,86560,73132,2460.86,234369,0.49
2021-06-16 13:06:54,2481.9,10,86582,73100,2460.86,234379,0.49
2021-06-16 13:06:55,2483.0,2,86582,73101,2460.86,234379,0.54
2021-06-16 13:06:56,2484.0,10,86920,71934,2460.93,235177,0.58
2021-06-16 13:06:57,2484.0,10,86905,72012,2460.93,235187,0.58
2021-06-16 13:06:58,2482.55,37,86988,72076,2460.94,235251,0.52
2021-06-16 13:06:58,2484.4,61,86988,72076,2460.94,235251,0.6
2021-06-16 13:06:59,2482.0,4,86976,72405,2460.96,235524,0.5
2021-06-16 13:07:00,2483.75,9,86976,72405,2460.96,235524,0.57
2021-06-16 13:07:00,2482.2,1,86976,72405,2460.96,235524,0.51
2021-06-16 13:07:01,2483.5,1,86830,72500,2460.97,235540,0.56
2021-06-16 13:07:01,2483.5,4,86830,72500,2460.97,235540,0.56
2021-06-16 13:07:02,2483.5,4,86674,72417,2460.97,235545,0.56
2021-06-16 13:07:03,2483.4,1,86674,72417,2460.97,235545,0.55
2021-06-16 13:07:03,2482.6,4,86864,72360,2460.97,235546,0.52
2021-06-16 13:07:04,2482.6,4,86820,72351,2460.97,235551,0.52
2021-06-16 13:07:04,2483.5,1,86820,72351,2460.97,235551,0.56
2021-06-16 13:07:05,2482.65,26,86390,71678,2460.97,235590,0.52
2021-06-16 13:07:06,2482.55,10,86677,72289,2460.97,235640,0.52
2021-06-16 13:07:06,2484.0,7,86677,72289,2460.97,235640,0.58
2021-06-16 13:07:07,2484.0,7,86976,72313,2460.98,235690,0.58
2021-06-16 13:07:07,2483.95,1,86976,72313,2460.98,235690,0.58
2021-06-16 13:07:08,2483.95,1,87902,71868,2461.02,236117,0.58
2021-06-16 13:07:09,2483.95,1,89467,71992,2461.02,236117,0.58
2021-06-16 13:07:10,2485.0,4,87429,71322,2461.07,236558,0.62
2021-06-16 13:07:10,2483.1,77,87429,71322,2461.07,236558,0.54
2021-06-16 13:07:12,2482.6,92,86262,72063,2461.13,237227,0.52
2021-06-16 13:07:12,2482.6,92,86543,71657,2461.13,237227,0.52
2021-06-16 13:07:13,2485.0,26,86543,71657,2461.13,237227,0.62
2021-06-16 13:07:13,2485.0,26,86904,72139,2461.16,237527,0.62
2021-06-16 13:07:14,2482.6,3,86844,72079,2461.16,237527,0.52
2021-06-16 13:07:15,2483.95,2,86721,71914,2461.17,237651,0.58
2021-06-16 13:07:15,2483.95,4,86721,71914,2461.17,237651,0.58
2021-06-16 13:07:16,2483.95,4,87116,71901,2461.17,237655,0.58
2021-06-16 13:07:16,2483.5,19,87116,71901,2461.17,237655,0.56
2021-06-16 13:07:17,2483.5,19,87081,71896,2461.17,237675,0.56
2021-06-16 13:07:18,2483.5,20,87408,71896,2461.18,237714,0.56
2021-06-16 13:07:18,2483.0,14,87408,71896,2461.18,237714,0.54
2021-06-16 13:07:19,2483.0,14,87103,71898,2461.19,237874,0.54
2021-06-16 13:07:19,2484.0,6,87103,71898,2461.19,237874,0.58
2021-06-16 13:07:21,2484.5,1,87619,71678,2461.19,237904,0.6
2021-06-16 13:07:22,2484.5,1,87767,71678,2461.19,237904,0.6
2021-06-16 13:07:23,2484.5,1,87768,71680,2461.19,237904,0.6
2021-06-16 13:07:24,2484.95,96,87747,71739,2461.2,238004,0.62
2021-06-16 13:07:25,2485.0,6,87967,71791,2461.21,238013,0.62
2021-06-16 13:07:26,2485.0,6,87967,71825,2461.21,238013,0.62
2021-06-16 13:07:27,2485.0,9,87966,71816,2461.21,238022,0.62
2021-06-16 13:07:28,2485.0,9,87984,71800,2461.21,238022,0.62
2021-06-16 13:07:28,2483.95,250,87984,71800,2461.21,238022,0.58
2021-06-16 13:07:29,2483.95,250,87105,72427,2461.26,238546,0.58
2021-06-16 13:07:30,2483.95,250,87109,72507,2461.26,238546,0.58
2021-06-16 13:07:30,2484.3,13,87109,72507,2461.26,238546,0.59
2021-06-16 13:07:31,2484.3,13,87233,72313,2461.26,238606,0.59
2021-06-16 13:07:32,2484.3,13,87259,72491,2461.26,238606,0.59
2021-06-16 13:07:33,2484.3,13,87278,72541,2461.26,238606,0.59
2021-06-16 13:07:33,2484.45,4,87278,72541,2461.26,238606,0.6
2021-06-16 13:07:34,2484.45,4,87252,72465,2461.27,238678,0.6
2021-06-16 13:07:35,2484.45,4,87254,72465,2461.27,238678,0.6
2021-06-16 13:07:36,2484.45,4,87254,72471,2461.27,238678,0.6
2021-06-16 13:07:37,2484.85,9,87254,72471,2461.27,238678,0.61
2021-06-16 13:07:39,2484.85,9,86682,73239,2461.3,238964,0.61
2021-06-16 13:07:39,2483.5,2,86682,73239,2461.3,238964,0.56
2021-06-16 13:07:40,2483.5,2,86685,73323,2461.3,238966,0.56
2021-06-16 13:07:41,2483.5,2,86623,73429,2461.3,238966,0.56
2021-06-16 13:07:42,2482.6,100,86032,73540,2461.36,239651,0.52
2021-06-16 13:07:42,2483.4,3,86032,73540,2461.36,239651,0.55
2021-06-16 13:07:43,2481.85,4,85788,73668,2461.37,239726,0.49
2021-06-16 13:07:43,2481.8,9,84848,74506,2461.37,239744,0.49
2021-06-16 13:07:45,2481.8,9,85462,74628,2461.37,239744,0.49
2021-06-16 13:07:46,2481.8,9,85554,74309,2461.37,239744,0.49
2021-06-16 13:07:46,2482.45,13,85640,73976,2461.37,239809,0.52
2021-06-16 13:07:47,2482.45,1,85640,73976,2461.37,239809,0.52
2021-06-16 13:07:48,2482.45,1,85700,73975,2461.37,239810,0.52
2021-06-16 13:07:49,2482.45,1,85800,74041,2461.37,239810,0.52
2021-06-16 13:07:49,2482.45,1,85800,74040,2461.37,239811,0.52
2021-06-16 13:07:50,2482.5,4,85800,74040,2461.37,239811,0.52
2021-06-16 13:07:51,2482.5,4,85800,73999,2461.38,239821,0.52
2021-06-16 13:07:51,2482.55,1,85800,73999,2461.38,239821,0.52
2021-06-16 13:07:52,2482.55,1,85919,73873,2461.38,239823,0.52
2021-06-16 13:07:52,2482.55,1,85849,74037,2461.38,239823,0.52
2021-06-16 13:07:54,2482.0,15,85756,73957,2461.38,239848,0.5
2021-06-16 13:07:54,2484.45,33,85756,73957,2461.38,239848,0.6
2021-06-16 13:07:55,2484.45,33,86377,73525,2461.47,240848,0.6
2021-06-16 13:07:55,2482.2,27,86377,73525,2461.47,240848,0.51
2021-06-16 13:07:56,2482.2,27,86633,73641,2461.47,240882,0.51
2021-06-16 13:07:57,2482.2,27,86616,73720,2461.47,240882,0.51
2021-06-16 13:07:58,2482.2,27,86390,73924,2461.47,240882,0.51
2021-06-16 13:07:59,2481.75,3,86006,73931,2461.47,240888,0.49
2021-06-16 13:08:00,2482.95,10,86055,73965,2461.47,240888,0.54
2021-06-16 13:08:01,2482.95,10,86214,74236,2461.48,240903,0.54
2021-06-16 13:08:02,2482.95,10,86209,74236,2461.48,240903,0.54
2021-06-16 13:08:03,2482.95,10,86211,74237,2461.48,240903,0.54
2021-06-16 13:08:04,2482.95,10,86210,74237,2461.48,240903,0.54
2021-06-16 13:08:05,2482.95,10,86219,74287,2461.48,240903,0.54
2021-06-16 13:08:06,2482.95,10,86219,74798,2461.48,240903,0.54
2021-06-16 13:08:07,2482.95,10,86627,74433,2461.48,240903,0.54
2021-06-16 13:08:07,2482.95,1,86627,74433,2461.48,240903,0.54
2021-06-16 13:08:08,2482.95,1,86592,74947,2461.48,240918,0.54
2021-06-16 13:08:09,2482.95,1,86271,74947,2461.48,240918,0.54
2021-06-16 13:08:10,2482.95,1,86198,74821,2461.48,240920,0.54
2021-06-16 13:08:10,2483.0,1,86198,74821,2461.48,240920,0.54
2021-06-16 13:08:11,2483.0,10,86235,74744,2461.48,240933,0.54
2021-06-16 13:08:12,2483.0,1,86244,74750,2461.48,240939,0.54
2021-06-16 13:08:13,2483.0,1,86212,74947,2461.48,240962,0.54
2021-06-16 13:08:14,2483.65,10,86291,74903,2461.48,240980,0.56
2021-06-16 13:08:15,2483.8,1,86287,74881,2461.48,240990,0.57
2021-06-16 13:08:16,2483.5,1,86318,74930,2461.48,240996,0.56
2021-06-16 13:08:17,2483.5,1,86282,74999,2461.48,240997,0.56
2021-06-16 13:08:18,2483.5,1,86332,74992,2461.48,241000,0.56
2021-06-16 13:08:19,2483.5,1,86332,75004,2461.48,241001,0.56
2021-06-16 13:08:20,2482.95,25,85918,75038,2461.5,241130,0.54
2021-06-16 13:08:21,2483.6,1,86083,74756,2461.5,241135,0.56
2021-06-16 13:08:22,2483.65,13,86216,74799,2461.5,241185,0.56
2021-06-16 13:08:22,2483.65,13,86145,74793,2461.5,241185,0.56
2021-06-16 13:08:24,2482.2,38,85807,74966,2461.51,241285,0.51
2021-06-16 13:08:25,2482.2,38,85807,75070,2461.51,241285,0.51
2021-06-16 13:08:26,2482.2,38,85808,75071,2461.51,241285,0.51
2021-06-16 13:08:27,2482.2,38,85808,75031,2461.51,241285,0.51
2021-06-16 13:08:28,2482.2,38,85808,75081,2461.51,241285,0.51
2021-06-16 13:08:29,2482.2,1,85802,75102,2461.51,241304,0.51
2021-06-16 13:08:30,2482.2,1,85802,75047,2461.51,241304,0.51
2021-06-16 13:08:30,2483.3,7,85802,75047,2461.51,241304,0.55
2021-06-16 13:08:31,2483.2,20,85792,74961,2461.51,241341,0.55
2021-06-16 13:08:32,2482.0,10,85350,75515,2461.55,241759,0.5
2021-06-16 13:08:33,2482.0,10,85350,75468,2461.55,241759,0.5
2021-06-16 13:08:34,2482.0,10,85350,75714,2461.55,241759,0.5
2021-06-16 13:08:34,2480.1,4,85350,75714,2461.55,241759,0.42
2021-06-16 13:08:35,2480.1,4,84263,76252,2461.6,242405,0.42
2021-06-16 13:08:36,2480.1,4,84326,76149,2461.6,242405,0.42
2021-06-16 13:08:37,2480.1,4,84332,76278,2461.6,242405,0.42
2021-06-16 13:08:38,2480.1,4,84302,76514,2461.6,242405,0.42
2021-06-16 13:08:39,2480.1,4,84302,76384,2461.6,242405,0.42
2021-06-16 13:08:40,2480.1,4,84207,76097,2461.6,242405,0.42
2021-06-16 13:08:41,2480.1,4,84274,76369,2461.6,242405,0.42
2021-06-16 13:08:42,2480.1,4,84304,76379,2461.6,242405,0.42
2021-06-16 13:08:45,2480.05,1,84363,76389,2461.6,242410,0.42
2021-06-16 13:08:46,2479.4,10,84354,76489,2461.6,242410,0.39
2021-06-16 13:08:46,2479.4,10,84185,76245,2461.62,242620,0.39
2021-06-16 13:08:48,2479.4,10,84205,76245,2461.62,242620,0.39
2021-06-16 13:08:49,2479.4,10,84246,76094,2461.62,242620,0.39
2021-06-16 13:08:50,2479.4,10,84242,76263,2461.62,242620,0.39
2021-06-16 13:08:51,2480.9,9,84270,76263,2461.62,242620,0.45
2021-06-16 13:08:52,2480.9,9,84294,76227,2461.62,242629,0.45
2021-06-16 13:08:53,2480.9,9,84086,76270,2461.62,242629,0.45
2021-06-16 13:08:54,2480.9,9,84117,76285,2461.62,242629,0.45
2021-06-16 13:08:55,2480.9,9,84114,76285,2461.62,242629,0.45
2021-06-16 13:08:56,2480.9,9,84518,76263,2461.62,242629,0.45
2021-06-16 13:08:57,2480.9,9,84397,76116,2461.62,242629,0.45
2021-06-16 13:08:58,2480.9,9,84368,76126,2461.62,242629,0.45
2021-06-16 13:08:59,2480.9,9,84064,76168,2461.62,242629,0.45
2021-06-16 13:09:00,2480.9,9,84055,76168,2461.62,242629,0.45
2021-06-16 13:09:01,2480.9,9,84005,76166,2461.62,242629,0.45
2021-06-16 13:09:02,2479.05,7,84005,76166,2461.62,242629,0.38
2021-06-16 13:09:03,2479.05,7,83898,76543,2461.62,242636,0.38
2021-06-16 13:09:03,2479.05,7,83898,76572,2461.62,242636,0.38
2021-06-16 13:09:04,2479.05,7,83932,76574,2461.62,242636,0.38
2021-06-16 13:09:05,2480.0,1,83961,76539,2461.62,242686,0.42
2021-06-16 13:09:06,2479.95,36,83831,76592,2461.63,242747,0.42
2021-06-16 13:09:07,2479.95,36,84285,76241,2461.63,242820,0.42
2021-06-16 13:09:08,2479.15,13,84285,76241,2461.63,242820,0.38
2021-06-16 13:09:09,2480.05,1,84673,75612,2461.64,242872,0.42
2021-06-16 13:09:10,2480.05,1,84225,75618,2461.64,242872,0.42
2021-06-16 13:09:10,2480.05,1,84715,75731,2461.64,242896,0.42
2021-06-16 13:09:12,2480.05,1,84175,75997,2461.64,242896,0.42
2021-06-16 13:09:12,2480.05,2,84713,75549,2461.64,242905,0.42
2021-06-16 13:09:13,2480.05,2,84246,75949,2461.64,242905,0.42
2021-06-16 13:09:15,2480.05,2,84266,75545,2461.64,242905,0.42
2021-06-16 13:09:16,2480.05,2,84321,75951,2461.64,242905,0.42
2021-06-16 13:09:17,2480.05,2,84221,76006,2461.64,242905,0.42
2021-06-16 13:09:18,2480.05,2,84336,75685,2461.64,242905,0.42
2021-06-16 13:09:19,2480.1,1,84336,75685,2461.64,242905,0.42
2021-06-16 13:09:19,2480.1,1,84388,75684,2461.64,242906,0.42
2021-06-16 13:09:20,2480.1,1,83820,76328,2461.64,242906,0.42
2021-06-16 13:09:21,2478.35,5,84458,75801,2461.64,242956,0.35
2021-06-16 13:09:22,2478.35,5,84562,75763,2461.64,242956,0.35
2021-06-16 13:09:24,2478.0,30,84565,76144,2461.64,242956,0.34
2021-06-16 13:09:24,2478.0,30,83091,76424,2461.64,242986,0.34
2021-06-16 13:09:25,2478.0,30,83350,76571,2461.64,242986,0.34
2021-06-16 13:09:27,2478.0,30,83519,76579,2461.64,242986,0.34
2021-06-16 13:09:28,2478.0,30,83448,76028,2461.64,242986,0.34
2021-06-16 13:09:29,2478.0,30,83049,76394,2461.64,242986,0.34
2021-06-16 13:09:30,2478.0,30,83580,76395,2461.64,242986,0.34
2021-06-16 13:09:31,2478.0,30,83849,76584,2461.64,242986,0.34
2021-06-16 13:09:31,2478.0,25,83849,76584,2461.64,242986,0.34
2021-06-16 13:09:32,2478.0,25,83560,76554,2461.65,243011,0.34
2021-06-16 13:09:33,2478.75,1,83604,76613,2461.65,243011,0.37
2021-06-16 13:09:34,2478.75,1,83563,76608,2461.65,243020,0.37
2021-06-16 13:09:35,2478.75,1,83606,76604,2461.65,243020,0.37
2021-06-16 13:09:36,2478.0,20,84043,76620,2461.65,243040,0.34
2021-06-16 13:09:37,2478.0,20,83529,76665,2461.65,243040,0.34
2021-06-16 13:09:38,2478.0,20,83686,76665,2461.65,243040,0.34
2021-06-16 13:09:39,2478.0,20,84154,76153,2461.65,243040,0.34
2021-06-16 13:09:40,2478.0,20,83626,76653,2461.65,243040,0.34
2021-06-16 13:09:41,2478.0,20,84026,76654,2461.65,243040,0.34
2021-06-16 13:09:42,2478.0,20,84141,76650,2461.65,243040,0.34
2021-06-16 13:09:43,2478.0,20,83741,76654,2461.65,243040,0.34
2021-06-16 13:09:44,2478.0,20,84171,76666,2461.65,243040,0.34
2021-06-16 13:09:45,2478.0,20,84421,76666,2461.65,243040,0.34
2021-06-16 13:09:46,2478.0,3,84421,76666,2461.65,243040,0.34
2021-06-16 13:09:46,2478.0,3,83890,76769,2461.65,243043,0.34
2021-06-16 13:09:47,2478.0,196,83890,76769,2461.65,243043,0.34
2021-06-16 13:09:48,2478.0,196,82862,76646,2461.66,243243,0.34
2021-06-16 13:09:48,2478.0,196,83687,76861,2461.66,243243,0.34
2021-06-16 13:09:49,2478.0,196,83791,76819,2461.66,243243,0.34
2021-06-16 13:09:50,2478.0,196,83790,76638,2461.66,243243,0.34
2021-06-16 13:09:51,2478.0,196,83970,76775,2461.66,243243,0.34
2021-06-16 13:09:53,2478.0,30,83970,76775,2461.66,243243,0.34
2021-06-16 13:09:54,2478.0,30,83811,76773,2461.66,243273,0.34
2021-06-16 13:09:54,2478.65,1,83811,76773,2461.66,243273,0.36
2021-06-16 13:09:55,2478.65,1,83839,76687,2461.66,243286,0.36
2021-06-16 13:09:56,2478.65,1,83839,76787,2461.66,243286,0.36
2021-06-16 13:09:57,2478.65,1,83628,76786,2461.66,243286,0.36
2021-06-16 13:09:58,2478.65,1,84428,76786,2461.66,243286,0.36
2021-06-16 13:09:58,2478.7,1,84428,76786,2461.66,243286,0.36
2021-06-16 13:10:00,2478.7,1,84428,76786,2461.66,243287,0.36
2021-06-16 13:10:00,2478.7,1,83753,76774,2461.67,243344,0.36
2021-06-16 13:10:01,2478.7,1,83753,76778,2461.67,243349,0.36
2021-06-16 13:10:03,2478.7,1,83808,76758,2461.67,243355,0.36
2021-06-16 13:10:03,2478.7,1,83773,76783,2461.67,243360,0.36
2021-06-16 13:10:04,2478.7,1,84272,76726,2461.67,243364,0.36
2021-06-16 13:10:06,2478.7,1,84159,76769,2461.67,243384,0.36
2021-06-16 13:10:06,2478.7,1,84595,75650,2461.67,243387,0.36
2021-06-16 13:10:07,2478.7,1,84543,76482,2461.67,243389,0.36
2021-06-16 13:10:09,2478.7,1,84544,76492,2461.67,243389,0.36
2021-06-16 13:10:12,2478.7,1,84543,76492,2461.67,243391,0.36
2021-06-16 13:10:13,2478.7,1,84449,76042,2461.67,243391,0.36
2021-06-16 13:10:14,2478.7,1,84426,75892,2461.67,243391,0.36
2021-06-16 13:10:16,2478.8,1,84458,75482,2461.67,243400,0.37
2021-06-16 13:10:16,2478.8,1,84423,75481,2461.67,243401,0.37
2021-06-16 13:10:17,2478.95,1,84497,75402,2461.67,243404,0.37
2021-06-16 13:10:18,2479.1,1,84497,75402,2461.67,243404,0.38
2021-06-16 13:10:18,2480.05,1,83965,75266,2461.67,243406,0.42
2021-06-16 13:10:19,2480.05,1,83945,75275,2461.67,243406,0.42
2021-06-16 13:10:20,2480.05,1,84149,75418,2461.67,243408,0.42
2021-06-16 13:10:21,2480.45,1,84149,75418,2461.67,243408,0.44
2021-06-16 13:10:21,2480.45,1,84023,75438,2461.67,243414,0.44
2021-06-16 13:10:22,2480.45,1,84023,75427,2461.67,243417,0.44
2021-06-16 13:10:23,2480.45,1,84179,75405,2461.67,243420,0.44
2021-06-16 13:10:24,2480.95,1,84179,75405,2461.67,243420,0.46
2021-06-16 13:10:24,2480.95,1,84216,75438,2461.67,243422,0.46
2021-06-16 13:10:26,2480.95,1,84216,75433,2461.67,243422,0.46
2021-06-16 13:10:27,2480.95,1,84244,75425,2461.67,243422,0.46
2021-06-16 13:10:28,2480.95,1,84244,75416,2461.67,243422,0.46
2021-06-16 13:10:30,2480.95,1,84245,75416,2461.67,243422,0.46
2021-06-16 13:10:31,2479.7,4,84245,75416,2461.67,243422,0.4
2021-06-16 13:10:31,2479.7,4,84314,75362,2461.67,243432,0.4
2021-06-16 13:10:33,2479.7,4,84762,75321,2461.67,243432,0.4
2021-06-16 13:10:34,2479.7,4,84762,75350,2461.67,243432,0.4
2021-06-16 13:10:35,2479.7,4,84762,75357,2461.67,243432,0.4
2021-06-16 13:10:36,2481.0,23,84762,75357,2461.67,243432,0.46
2021-06-16 13:10:37,2481.0,23,84675,75155,2461.68,243457,0.46
2021-06-16 13:10:39,2481.0,23,84719,75155,2461.68,243457,0.46
2021-06-16 13:10:40,2480.0,1,84719,75155,2461.68,243457,0.42
2021-06-16 13:10:40,2480.0,1,84715,75148,2461.68,243482,0.42
2021-06-16 13:10:42,2480.0,1,84715,75155,2461.68,243482,0.42
2021-06-16 13:10:42,2480.0,1,84915,75155,2461.68,243482,0.42
2021-06-16 13:10:43,2480.0,1,84965,75155,2461.68,243482,0.42
2021-06-16 13:10:46,2480.0,1,84965,75183,2461.68,243482,0.42
2021-06-16 13:10:48,2480.0,1,84965,75133,2461.68,243482,0.42
2021-06-16 13:10:51,2480.0,8,84957,75124,2461.68,243499,0.42
2021-06-16 13:10:52,2481.8,2,84589,75243,2461.7,243749,0.49
2021-06-16 13:10:53,2481.8,2,84590,75275,2461.7,243749,0.49
2021-06-16 13:10:55,2481.8,2,84585,75312,2461.7,243749,0.49
2021-06-16 13:10:56,2480.05,1,84568,75349,2461.7,243759,0.42
2021-06-16 13:10:57,2481.8,1,84614,75349,2461.7,243759,0.49
2021-06-16 13:10:58,2481.55,5,84572,75238,2461.73,244159,0.48
2021-06-16 13:11:01,2480.05,19,84553,75240,2461.73,244178,0.42
2021-06-16 13:11:01,2482.0,7,84612,75222,2461.75,244378,0.5
2021-06-16 13:11:03,2482.0,7,84612,75264,2461.75,244378,0.5
2021-06-16 13:11:03,2482.0,7,84712,75269,2461.75,244378,0.5
2021-06-16 13:11:04,2482.0,7,84712,75259,2461.75,244378,0.5
2021-06-16 13:11:05,2482.0,7,84723,75301,2461.75,244378,0.5
2021-06-16 13:11:07,2480.05,6,84776,75274,2461.75,244378,0.42
2021-06-16 13:11:07,2480.05,6,84805,75240,2461.75,244388,0.42
2021-06-16 13:11:09,2480.05,6,84805,75242,2461.75,244388,0.42
2021-06-16 13:11:09,2480.05,6,84730,75243,2461.75,244388,0.42
2021-06-16 13:11:10,2481.5,14,84728,75202,2461.75,244388,0.48
2021-06-16 13:11:11,2481.5,14,84763,75102,2461.76,244456,0.48
2021-06-16 13:11:12,2481.5,14,84718,75146,2461.76,244456,0.48
2021-06-16 13:11:15,2481.5,14,86641,75162,2461.76,244456,0.48
2021-06-16 13:11:16,2480.1,2,86671,75162,2461.76,244456,0.42
2021-06-16 13:11:16,2480.1,2,84742,75114,2461.76,244503,0.42
2021-06-16 13:11:18,2480.1,2,84742,75115,2461.76,244503,0.42
2021-06-16 13:11:22,2481.45,9,84741,75106,2461.76,244512,0.48
2021-06-16 13:11:22,2481.45,9,84751,75106,2461.76,244512,0.48
2021-06-16 13:11:24,2481.45,9,84815,75068,2461.76,244512,0.48
2021-06-16 13:11:25,2481.45,9,84710,75115,2461.76,244512,0.48
2021-06-16 13:11:26,2481.45,9,84765,75185,2461.76,244512,0.48
2021-06-16 13:11:27,2481.45,9,85134,75274,2461.76,244512,0.48
2021-06-16 13:11:28,2481.45,9,85134,75275,2461.76,244512,0.48
2021-06-16 13:11:30,2480.05,12,85104,75259,2461.76,244528,0.42
2021-06-16 13:11:31,2480.05,12,85104,75267,2461.76,244528,0.42
2021-06-16 13:11:32,2480.05,12,85104,75376,2461.76,244528,0.42
2021-06-16 13:11:34,2480.05,12,85084,75374,2461.76,244528,0.42
2021-06-16 13:11:36,2480.05,12,85085,75347,2461.76,244528,0.42
2021-06-16 13:11:37,2480.05,12,85100,75370,2461.76,244528,0.42
2021-06-16 13:11:39,2480.05,12,85150,75471,2461.76,244528,0.42
2021-06-16 13:11:39,2481.0,8,85150,75471,2461.76,244528,0.46
2021-06-16 13:11:40,2480.0,25,85149,75463,2461.76,244536,0.42
2021-06-16 13:11:40,2480.0,25,85124,75438,2461.76,244561,0.42
2021-06-16 13:11:42,2480.0,25,85124,75449,2461.76,244561,0.42
2021-06-16 13:11:43,2480.0,25,85124,75494,2461.76,244561,0.42
2021-06-16 13:11:44,2480.0,25,85124,75496,2461.76,244561,0.42
2021-06-16 13:11:45,2480.0,25,85125,75496,2461.76,244561,0.42
2021-06-16 13:11:46,2481.0,4,85154,75492,2461.76,244565,0.46
2021-06-16 13:11:47,2481.0,4,85154,75517,2461.76,244565,0.46
2021-06-16 13:11:48,2480.0,1,85154,75517,2461.76,244565,0.42
2021-06-16 13:11:49,2480.0,1,85239,75707,2461.76,244566,0.42
2021-06-16 13:11:50,2480.0,7,85232,75707,2461.77,244573,0.42
2021-06-16 13:11:51,2480.0,7,85570,75710,2461.77,244573,0.42
2021-06-16 13:11:51,2480.0,7,85600,75667,2461.77,244573,0.42
2021-06-16 13:11:55,2480.0,7,85570,75789,2461.77,244573,0.42
2021-06-16 13:11:56,2480.0,7,85571,75789,2461.77,244573,0.42
2021-06-16 13:11:57,2480.0,50,85571,75789,2461.77,244573,0.42
2021-06-16 13:11:58,2480.0,7,85516,75887,2461.77,244623,0.42
2021-06-16 13:11:58,2480.0,10,86585,76027,2461.78,244747,0.42
2021-06-16 13:12:00,2479.8,83,85627,76124,2461.8,245030,0.41
2021-06-16 13:12:00,2479.8,83,85627,76134,2461.8,245030,0.41
2021-06-16 13:12:01,2479.85,5,85982,76134,2461.8,245035,0.41
2021-06-16 13:12:02,2479.0,34,84480,76304,2461.8,245035,0.38
2021-06-16 13:12:03,2479.0,14,84480,76304,2461.8,245035,0.38
2021-06-16 13:12:03,2479.7,15,84704,76229,2461.81,245129,0.4
2021-06-16 13:12:04,2479.7,15,84731,76229,2461.81,245129,0.4
2021-06-16 13:12:05,2479.7,15,84731,76227,2461.81,245129,0.4
2021-06-16 13:12:06,2479.7,15,84771,76285,2461.81,245129,0.4
2021-06-16 13:12:07,2479.7,15,84208,76279,2461.81,245129,0.4
2021-06-16 13:12:08,2479.7,15,84227,76279,2461.81,245129,0.4
2021-06-16 13:12:10,2479.7,15,84234,76252,2461.81,245129,0.4
2021-06-16 13:12:11,2479.7,15,84252,76276,2461.81,245129,0.4
2021-06-16 13:12:12,2479.7,15,84251,76220,2461.81,245129,0.4
2021-06-16 13:12:13,2480.5,1,84251,76220,2461.81,245129,0.44
2021-06-16 13:12:13,2480.9,3,85666,75224,2461.82,245332,0.45
2021-06-16 13:12:14,2480.9,3,85374,75608,2461.82,245332,0.45
2021-06-16 13:12:15,2480.9,3,85403,75604,2461.82,245332,0.45
2021-06-16 13:12:16,2480.2,1,85374,75630,2461.82,245339,0.43
2021-06-16 13:12:18,2480.2,1,85374,75661,2461.82,245339,0.43
2021-06-16 13:12:19,2480.0,21,84593,75684,2461.83,245389,0.42
2021-06-16 13:12:21,2480.0,21,84642,75750,2461.83,245389,0.42
2021-06-16 13:12:21,2480.0,21,84683,75717,2461.83,245389,0.42
2021-06-16 13:12:22,2479.7,9,84470,75776,2461.83,245391,0.4
2021-06-16 13:12:24,2479.75,7,84602,75802,2461.83,245431,0.41
2021-06-16 13:12:24,2479.75,7,84605,75804,2461.83,245431,0.41
2021-06-16 13:12:27,2479.75,7,84126,76289,2461.83,245431,0.41
2021-06-16 13:12:27,2479.85,33,85524,75528,2461.85,245668,0.41
2021-06-16 13:12:28,2479.85,33,85923,75525,2461.85,245668,0.41
2021-06-16 13:12:29,2480.0,15,86013,75556,2461.85,245668,0.42
2021-06-16 13:12:30,2480.0,15,86017,75556,2461.85,245727,0.42
2021-06-16 13:12:32,2480.0,15,86007,75558,2461.85,245727,0.42
2021-06-16 13:12:33,2480.0,15,85607,75557,2461.85,245727,0.42
2021-06-16 13:12:34,2480.8,4,85635,75638,2461.85,245737,0.45
2021-06-16 13:12:36,2480.8,4,85327,75635,2461.85,245737,0.45
2021-06-16 13:12:36,2480.0,1,85326,75635,2461.85,245738,0.42
2021-06-16 13:12:38,2480.8,1,85300,75646,2461.85,245739,0.45
2021-06-16 13:12:39,2481.0,1,85212,75532,2461.86,245799,0.46
2021-06-16 13:12:40,2481.0,1,85181,75537,2461.86,245799,0.46
2021-06-16 13:12:41,2481.0,1,84804,75537,2461.86,245799,0.46
2021-06-16 13:12:42,2481.0,9,84836,75532,2461.86,245808,0.46
2021-06-16 13:12:43,2481.0,9,85236,75532,2461.86,245808,0.46
2021-06-16 13:12:43,2481.1,1,85236,75532,2461.86,245808,0.46
2021-06-16 13:12:44,2481.1,1,85360,75379,2461.86,245820,0.46
2021-06-16 13:12:45,2481.2,7,85360,75379,2461.86,245820,0.47
2021-06-16 13:12:46,2481.2,7,85003,75383,2461.86,245827,0.47
2021-06-16 13:12:47,2481.2,7,85003,75372,2461.86,245827,0.47
2021-06-16 13:12:48,2481.2,7,85052,75372,2461.86,245827,0.47
2021-06-16 13:12:49,2481.45,1,85052,75395,2461.86,245828,0.48
2021-06-16 13:12:51,2481.2,3,85049,75395,2461.86,245831,0.47
2021-06-16 13:12:52,2481.45,10,85049,75385,2461.86,245841,0.48
2021-06-16 13:12:54,2481.45,10,85049,75383,2461.86,245841,0.48
2021-06-16 13:12:55,2481.45,10,85050,75383,2461.86,245841,0.48
2021-06-16 13:12:58,2481.45,10,85056,75383,2461.86,245841,0.48
2021-06-16 13:12:59,2481.45,10,85057,75383,2461.86,245841,0.48
2021-06-16 13:13:00,2481.45,10,85136,75383,2461.86,245841,0.48
2021-06-16 13:13:02,2481.45,10,85088,75383,2461.86,245841,0.48
2021-06-16 13:13:03,2481.45,9,85097,75374,2461.86,245850,0.48
2021-06-16 13:13:04,2481.45,50,85097,75374,2461.86,245850,0.48
2021-06-16 13:13:05,2481.45,50,85047,75324,2461.86,245900,0.48
2021-06-16 13:13:06,2481.45,50,85447,75324,2461.86,245900,0.48
2021-06-16 13:13:07,2481.45,50,85025,75324,2461.86,245900,0.48
2021-06-16 13:13:10,2481.45,50,85025,75325,2461.86,245900,0.48
2021-06-16 13:13:11,2481.2,4,85025,75325,2461.86,245900,0.47
2021-06-16 13:13:12,2481.2,19,85002,75329,2461.87,245923,0.47
2021-06-16 13:13:13,2481.2,19,85002,75332,2461.87,245923,0.47
2021-06-16 13:13:13,2482.0,308,85002,75332,2461.87,245923,0.5
2021-06-16 13:13:14,2482.0,308,85482,74221,2461.91,246450,0.5
2021-06-16 13:13:15,2481.5,15,85482,74221,2461.91,246450,0.48
2021-06-16 13:13:15,2481.5,15,85600,74467,2461.91,246465,0.48
2021-06-16 13:13:16,2482.05,7,85600,74467,2461.91,246465,0.5
2021-06-16 13:13:17,2482.05,7,85627,74489,2461.91,246490,0.5
2021-06-16 13:13:17,2482.05,7,85656,74490,2461.91,246490,0.5
2021-06-16 13:13:18,2482.05,7,85678,74490,2461.91,246490,0.5
2021-06-16 13:13:19,2482.05,7,85679,74490,2461.91,246490,0.5
2021-06-16 13:13:21,2482.05,7,85599,74530,2461.91,246490,0.5
2021-06-16 13:13:21,2482.05,7,85551,74526,2461.91,246490,0.5
2021-06-16 13:13:22,2482.05,7,85470,74512,2461.91,246490,0.5
2021-06-16 13:13:24,2482.05,7,85493,74472,2461.91,246490,0.5
2021-06-16 13:13:24,2482.95,4,85493,74472,2461.91,246490,0.54
2021-06-16 13:13:25,2482.95,4,85614,74503,2461.91,246499,0.54
2021-06-16 13:13:27,2482.95,4,85615,74504,2461.91,246499,0.54
2021-06-16 13:13:28,2482.95,4,85615,74514,2461.91,246499,0.54
2021-06-16 13:13:30,2482.95,4,85615,74505,2461.91,246499,0.54
2021-06-16 13:13:31,2482.95,4,85617,74505,2461.91,246499,0.54
2021-06-16 13:13:33,2481.6,5,85617,74506,2461.91,246499,0.48
2021-06-16 13:13:34,2481.6,5,85612,74506,2461.91,246504,0.48
2021-06-16 13:13:34,2481.6,5,85916,74506,2461.91,246504,0.48
2021-06-16 13:13:36,2481.6,5,85833,74506,2461.91,246504,0.48
2021-06-16 13:13:37,2481.6,5,85813,74506,2461.91,246504,0.48
2021-06-16 13:13:39,2481.6,5,85809,74516,2461.91,246504,0.48
2021-06-16 13:13:39,2482.1,1,85809,74516,2461.91,246504,0.5
2021-06-16 13:13:40,2482.1,1,85758,74567,2461.91,246505,0.5
2021-06-16 13:13:41,2482.1,1,85759,74568,2461.91,246505,0.5
2021-06-16 13:13:42,2482.9,2,85759,74529,2461.91,246507,0.53
2021-06-16 13:13:43,2482.9,2,85759,74531,2461.91,246507,0.53
2021-06-16 13:13:44,2482.1,6,85769,74532,2461.91,246507,0.5
2021-06-16 13:13:45,2482.1,6,85765,74533,2461.91,246517,0.5
2021-06-16 13:13:45,2482.9,1,85765,74533,2461.91,246517,0.53
2021-06-16 13:13:46,2482.9,1,85692,74574,2461.91,246520,0.53
2021-06-16 13:13:47,2482.9,1,85698,74634,2461.91,246520,0.53
2021-06-16 13:13:48,2482.9,1,85747,74624,2461.91,246520,0.53
2021-06-16 13:13:49,2482.9,1,85779,74665,2461.91,246520,0.53
2021-06-16 13:13:51,2481.55,1,85776,74724,2461.91,246521,0.48
2021-06-16 13:13:51,2481.55,27,85773,74716,2461.91,246521,0.48
2021-06-16 13:13:52,2481.55,27,85142,75055,2461.92,246548,0.48
2021-06-16 13:13:53,2481.55,27,85142,75045,2461.92,246548,0.48
2021-06-16 13:13:54,2481.55,27,85172,75046,2461.92,246548,0.48
2021-06-16 13:13:55,2481.55,27,85141,75196,2461.92,246548,0.48
2021-06-16 13:13:57,2480.25,7,85141,75300,2461.92,246548,0.43
2021-06-16 13:13:57,2480.25,7,85176,75040,2461.94,246898,0.43
2021-06-16 13:14:00,2480.25,7,85180,75032,2461.94,246898,0.43
2021-06-16 13:14:01,2480.25,7,85179,75043,2461.94,246898,0.43
2021-06-16 13:14:03,2480.25,7,85150,75046,2461.94,246898,0.43
2021-06-16 13:14:04,2482.1,3,85284,75026,2461.94,246898,0.5
2021-06-16 13:14:04,2480.5,4,85290,74941,2461.94,246907,0.44
2021-06-16 13:14:06,2480.5,4,85190,74940,2461.94,246907,0.44
2021-06-16 13:14:06,2481.95,1,85190,74940,2461.94,246907,0.5
2021-06-16 13:14:07,2481.95,1,85325,74932,2461.94,246916,0.5
2021-06-16 13:14:07,2481.95,1,84921,74932,2461.94,246916,0.5
2021-06-16 13:14:09,2481.95,1,85021,74932,2461.94,246916,0.5
2021-06-16 13:14:10,2481.95,1,84926,74932,2461.94,246916,0.5
2021-06-16 13:14:12,2480.55,10,84929,74937,2461.94,246916,0.44
2021-06-16 13:14:12,2480.55,10,85019,74937,2461.94,246926,0.44
2021-06-16 13:14:13,2480.55,10,84919,74937,2461.94,246926,0.44
2021-06-16 13:14:15,2480.55,10,84952,74937,2461.94,246926,0.44
2021-06-16 13:14:16,2480.55,10,85052,74937,2461.94,246926,0.44
2021-06-16 13:14:18,2480.55,10,84853,74733,2461.94,246926,0.44
2021-06-16 13:14:19,2480.55,10,84853,74762,2461.94,246926,0.44
2021-06-16 13:14:20,2480.55,10,84918,74757,2461.94,246926,0.44
2021-06-16 13:14:21,2480.55,10,84822,74777,2461.94,246926,0.44
2021-06-16 13:14:22,2482.0,6,85119,75128,2461.95,246940,0.5
2021-06-16 13:14:22,2481.95,2,85119,75128,2461.95,246940,0.5
2021-06-16 13:14:23,2481.95,2,85108,75128,2461.95,246942,0.5
2021-06-16 13:14:24,2481.95,15,85137,75128,2461.95,246976,0.5
2021-06-16 13:14:25,2481.95,15,85122,75129,2461.95,246976,0.5
2021-06-16 13:14:27,2481.95,15,85121,75130,2461.95,246976,0.5
2021-06-16 13:14:27,2482.15,3,85121,75130,2461.95,246976,0.5
2021-06-16 13:14:28,2482.5,2,85089,74992,2461.95,246989,0.52
2021-06-16 13:14:28,2482.15,5,85089,74992,2461.95,246989,0.5
2021-06-16 13:14:29,2482.15,5,85083,75004,2461.95,246994,0.5
2021-06-16 13:14:30,2481.25,4,85083,75004,2461.95,246994,0.47
2021-06-16 13:14:31,2481.25,2,85200,74994,2461.95,247048,0.47
2021-06-16 13:14:32,2481.25,2,85211,75029,2461.95,247048,0.47
2021-06-16 13:14:33,2481.25,2,85229,75031,2461.95,247048,0.47
2021-06-16 13:14:34,2482.45,5,85229,75031,2461.95,247048,0.52
2021-06-16 13:14:34,2482.45,5,85313,74998,2461.96,247053,0.52
2021-06-16 13:14:37,2481.2,1,84955,75050,2461.96,247153,0.47
2021-06-16 13:14:39,2481.2,1,85075,74651,2461.96,247153,0.47
2021-06-16 13:14:40,2481.2,1,85064,74751,2461.96,247153,0.47
2021-06-16 13:14:41,2481.2,1,85104,74751,2461.96,247153,0.47
2021-06-16 13:14:42,2482.8,57,85321,75094,2461.97,247233,0.53
2021-06-16 13:14:43,2482.8,57,85324,75129,2461.97,247233,0.53
2021-06-16 13:14:44,2482.8,57,85286,75129,2461.97,247233,0.53
2021-06-16 13:14:45,2481.4,5,85286,75129,2461.97,247233,0.47
2021-06-16 13:14:46,2481.4,6,85286,75129,2461.97,247233,0.47
2021-06-16 13:14:46,2481.4,6,85329,75126,2461.97,247245,0.47
2021-06-16 13:14:47,2481.35,8,85319,75180,2461.97,247265,0.47
2021-06-16 13:14:48,2481.35,8,85333,75180,2461.97,247265,0.47
2021-06-16 13:14:52,2481.25,3,85330,75320,2461.97,247268,0.47
2021-06-16 13:14:53,2481.25,3,85330,75321,2461.97,247268,0.47
2021-06-16 13:14:54,2481.4,18,85330,75321,2461.97,247268,0.47
2021-06-16 13:14:54,2481.4,18,84927,75084,2461.98,247386,0.47
2021-06-16 13:14:55,2481.4,18,84952,75095,2461.98,247386,0.47
2021-06-16 13:14:57,2481.4,18,84961,75085,2461.98,247386,0.47
2021-06-16 13:14:58,2480.8,1,84961,75085,2461.98,247386,0.45
2021-06-16 13:15:00,2480.8,1,85154,75033,2461.98,247388,0.45
2021-06-16 13:15:00,2482.4,1,85154,75033,2461.98,247388,0.51
2021-06-16 13:15:01,2482.4,1,85100,75034,2461.98,247389,0.51
2021-06-16 13:15:03,2481.0,2,85075,75424,2461.98,247391,0.46
2021-06-16 13:15:04,2481.0,2,85454,75394,2461.98,247391,0.46
2021-06-16 13:15:05,2481.0,2,85455,75379,2461.98,247391,0.46
2021-06-16 13:15:06,2481.0,2,84807,75407,2461.98,247391,0.46
2021-06-16 13:15:07,2480.9,4,84807,75407,2461.98,247391,0.45
2021-06-16 13:15:08,2480.9,4,84893,75419,2461.98,247404,0.45
2021-06-16 13:15:09,2480.9,4,84850,75387,2461.98,247404,0.45
2021-06-16 13:15:10,2481.0,1,84850,75387,2461.98,247404,0.46
2021-06-16 13:15:10,2481.0,1,84849,75420,2461.98,247405,0.46
2021-06-16 13:15:13,2481.0,1,84849,75418,2461.98,247405,0.46
2021-06-16 13:15:14,2481.0,1,85395,75407,2461.98,247405,0.46
2021-06-16 13:15:15,2481.0,1,85395,75410,2461.98,247405,0.46
2021-06-16 13:15:16,2481.0,2,85350,75410,2461.98,247407,0.46
2021-06-16 13:15:18,2481.0,2,85350,75403,2461.98,247407,0.46
2021-06-16 13:15:19,2481.0,2,85350,75418,2461.98,247407,0.46
2021-06-16 13:15:21,2482.0,2,85350,75418,2461.98,247407,0.5
2021-06-16 13:15:21,2482.0,2,84785,75428,2461.98,247409,0.5
2021-06-16 13:15:24,2482.0,2,84785,75426,2461.98,247409,0.5
2021-06-16 13:15:24,2481.0,3,84785,75426,2461.98,247409,0.46
2021-06-16 13:15:25,2481.0,3,84833,75424,2461.98,247412,0.46
2021-06-16 13:15:27,2481.0,3,84913,75424,2461.98,247412,0.46
2021-06-16 13:15:28,2481.0,3,84921,75435,2461.98,247412,0.46
2021-06-16 13:15:30,2481.0,3,85031,75435,2461.98,247412,0.46
2021-06-16 13:15:30,2482.0,9,85031,75435,2461.98,247412,0.5
2021-06-16 13:15:31,2482.0,9,85030,75416,2461.99,247421,0.5
2021-06-16 13:15:31,2482.0,9,85013,75416,2461.99,247421,0.5
2021-06-16 13:15:33,2482.5,2,85036,75455,2461.99,247521,0.52
2021-06-16 13:15:34,2482.5,2,85025,75245,2462.01,247721,0.52
2021-06-16 13:15:34,2481.05,2,85025,75245,2462.01,247721,0.46
2021-06-16 13:15:35,2481.05,2,85013,75294,2462.01,247741,0.46
2021-06-16 13:15:36,2482.0,2,85013,75294,2462.01,247741,0.5
2021-06-16 13:15:36,2482.0,2,85009,75294,2462.01,247743,0.5
2021-06-16 13:15:37,2482.0,2,85028,75293,2462.01,247743,0.5
2021-06-16 13:15:38,2482.0,2,85557,75252,2462.01,247743,0.5
2021-06-16 13:15:39,2482.0,2,85582,75252,2462.01,247743,0.5
2021-06-16 13:15:39,2482.0,2,85582,75250,2462.01,247743,0.5
2021-06-16 13:15:40,2480.9,18,85582,75250,2462.01,247743,0.45
2021-06-16 13:15:40,2480.9,18,85284,75000,2462.02,247861,0.45
2021-06-16 13:15:42,2480.9,18,85284,74997,2462.02,247861,0.45
2021-06-16 13:15:42,2480.9,18,85284,74998,2462.02,247861,0.45
2021-06-16 13:15:43,2483.55,25,85284,74998,2462.02,247861,0.56
2021-06-16 13:15:43,2483.55,25,85473,75353,2462.06,248361,0.56
2021-06-16 13:15:44,2481.3,3,85473,75353,2462.06,248361,0.47
2021-06-16 13:15:45,2481.3,3,85485,75331,2462.06,248364,0.47
2021-06-16 13:15:46,2481.3,3,85667,75063,2462.06,248364,0.47
2021-06-16 13:15:48,2481.3,3,85668,75063,2462.06,248364,0.47
2021-06-16 13:15:49,2481.3,3,85668,75064,2462.06,248364,0.47
2021-06-16 13:15:50,2481.3,3,85245,75306,2462.06,248364,0.47
2021-06-16 13:15:51,2482.0,25,84835,75677,2462.07,248448,0.5
2021-06-16 13:15:52,2482.5,1,84835,75677,2462.07,248448,0.52
2021-06-16 13:15:52,2481.0,1,84834,75731,2462.07,248450,0.46
2021-06-16 13:15:54,2481.0,1,84856,75643,2462.07,248450,0.46
2021-06-16 13:15:55,2481.0,1,84856,75700,2462.07,248450,0.46
2021-06-16 13:15:55,2482.4,4,84856,75700,2462.07,248450,0.51
2021-06-16 13:15:56,2482.4,4,84866,75632,2462.08,248615,0.51
2021-06-16 13:15:57,2482.4,4,84866,75636,2462.08,248615,0.51
2021-06-16 13:15:58,2482.4,4,84866,75659,2462.08,248615,0.51
2021-06-16 13:15:59,2482.4,4,84911,75659,2462.08,248615,0.51
2021-06-16 13:16:00,2482.4,4,84873,75659,2462.08,248615,0.51
2021-06-16 13:16:01,2482.4,4,85108,75551,2462.08,248615,0.51
2021-06-16 13:16:01,2482.4,4,85128,75549,2462.08,248615,0.51
2021-06-16 13:16:03,2482.4,4,85138,75549,2462.08,248615,0.51
2021-06-16 13:16:04,2482.4,4,85138,75551,2462.08,248615,0.51
2021-06-16 13:16:05,2482.8,2,85301,75429,2462.1,248815,0.53
2021-06-16 13:16:06,2482.8,2,85304,75469,2462.1,248815,0.53
2021-06-16 13:16:07,2482.4,10,85304,75469,2462.1,248815,0.51
2021-06-16 13:16:07,2482.5,13,85463,75249,2462.1,248825,0.52
2021-06-16 13:16:09,2482.5,13,85422,75324,2462.1,248838,0.52
2021-06-16 13:16:10,2482.5,13,85422,75302,2462.1,248838,0.52
2021-06-16 13:16:10,2482.5,2,85423,75304,2462.1,248838,0.52
2021-06-16 13:16:12,2483.35,14,85416,75360,2462.1,248840,0.55
2021-06-16 13:16:13,2482.95,9,85523,75297,2462.11,248949,0.54
2021-06-16 13:16:13,2482.5,1,85523,75312,2462.11,248949,0.52
2021-06-16 13:16:15,2482.5,9,85543,75337,2462.11,248959,0.52
2021-06-16 13:16:16,2482.5,9,85593,75338,2462.11,248959,0.52
2021-06-16 13:16:17,2482.5,9,85593,75365,2462.11,248959,0.52
2021-06-16 13:16:18,2482.5,9,85593,75334,2462.11,248959,0.52
2021-06-16 13:16:20,2482.5,9,85593,75336,2462.11,248959,0.52
2021-06-16 13:16:21,2483.0,24,85593,75336,2462.11,248959,0.54
2021-06-16 13:16:21,2483.0,24,85593,75269,2462.11,248989,0.54
2021-06-16 13:16:22,2483.0,24,85602,75288,2462.11,248989,0.54
2021-06-16 13:16:23,2482.8,1,85440,75255,2462.11,248990,0.53
2021-06-16 13:16:24,2482.8,64,85440,75255,2462.11,248990,0.53
2021-06-16 13:16:24,2482.8,64,85317,75705,2462.12,249054,0.53
2021-06-16 13:16:25,2482.4,3,85317,75705,2462.12,249054,0.51
2021-06-16 13:16:26,2482.4,3,85314,75657,2462.12,249057,0.51
2021-06-16 13:16:27,2482.4,3,85314,75709,2462.12,249057,0.51
2021-06-16 13:16:28,2482.4,3,85314,75710,2462.12,249057,0.51
2021-06-16 13:16:29,2482.4,3,85172,75710,2462.12,249057,0.51
2021-06-16 13:16:30,2482.4,4,85172,75710,2462.12,249057,0.51
2021-06-16 13:16:30,2482.4,4,85168,75710,2462.12,249061,0.51
2021-06-16 13:16:31,2482.4,4,85168,75712,2462.12,249061,0.51
2021-06-16 13:16:32,2482.4,8,85027,75683,2462.13,249163,0.51
2021-06-16 13:16:33,2482.4,8,85099,75683,2462.13,249163,0.51
2021-06-16 13:16:33,2482.4,8,85099,75684,2462.13,249163,0.51
2021-06-16 13:16:35,2482.45,10,85099,75684,2462.13,249163,0.52
2021-06-16 13:16:36,2482.45,10,85114,75798,2462.13,249173,0.52
2021-06-16 13:16:36,2482.45,10,85114,75797,2462.13,249173,0.52
2021-06-16 13:16:37,2482.45,10,85114,75807,2462.13,249173,0.52
2021-06-16 13:16:39,2482.45,10,85114,75821,2462.13,249173,0.52
2021-06-16 13:16:39,2482.45,10,85114,75831,2462.13,249173,0.52
2021-06-16 13:16:40,2482.45,10,85114,75852,2462.13,249173,0.52
2021-06-16 13:16:42,2482.45,10,85114,75887,2462.13,249173,0.52
2021-06-16 13:16:44,2482.45,10,85114,75862,2462.13,249173,0.52
2021-06-16 13:16:45,2482.45,10,85114,75883,2462.13,249173,0.52
2021-06-16 13:16:48,2482.45,10,85114,75888,2462.13,249173,0.52
2021-06-16 13:16:49,2482.45,10,85116,75866,2462.13,249173,0.52
2021-06-16 13:16:51,2482.0,50,85116,75866,2462.13,249173,0.5
2021-06-16 13:16:51,2482.0,50,84894,75892,2462.13,249223,0.5
2021-06-16 13:16:52,2482.0,50,84904,75915,2462.13,249223,0.5
2021-06-16 13:16:54,2482.15,3,84904,75915,2462.13,249223,0.5
2021-06-16 13:16:55,2482.15,1,84921,75934,2462.13,249258,0.5
2021-06-16 13:16:55,2482.15,1,84921,75914,2462.13,249258,0.5
2021-06-16 13:16:56,2481.3,4,84921,75914,2462.13,249258,0.47
2021-06-16 13:16:57,2481.3,4,84917,75911,2462.14,249266,0.47
2021-06-16 13:16:57,2481.3,4,84917,75937,2462.14,249266,0.47
2021-06-16 13:17:00,2481.3,20,84866,75936,2462.14,249286,0.47
2021-06-16 13:17:00,2480.6,20,84866,76037,2462.14,249286,0.44
2021-06-16 13:17:01,2480.6,20,84226,76705,2462.14,249387,0.44
2021-06-16 13:17:03,2482.4,87,84606,75938,2462.18,249787,0.51
2021-06-16 13:17:03,2482.4,87,84757,75852,2462.18,249787,0.51
2021-06-16 13:17:06,2482.4,87,84758,75860,2462.18,249787,0.51
2021-06-16 13:17:07,2482.4,87,84758,75863,2462.18,249787,0.51
2021-06-16 13:17:07,2482.4,87,84757,75895,2462.18,249787,0.51
2021-06-16 13:17:09,2482.4,87,84754,75895,2462.18,249787,0.51
2021-06-16 13:17:10,2482.4,87,84755,75895,2462.18,249787,0.51
2021-06-16 13:17:12,2482.4,87,84723,75939,2462.18,249787,0.51
2021-06-16 13:17:13,2482.25,2,84756,75937,2462.18,249789,0.51
2021-06-16 13:17:14,2482.25,2,84756,75946,2462.18,249789,0.51
2021-06-16 13:17:15,2482.25,9,84756,75946,2462.18,249789,0.51
2021-06-16 13:17:15,2482.25,9,84740,76064,2462.18,249798,0.51
2021-06-16 13:17:16,2482.25,9,84725,76086,2462.18,249798,0.51
2021-06-16 13:17:20,2482.25,9,84725,76121,2462.18,249798,0.51
2021-06-16 13:17:21,2482.25,9,84725,76111,2462.18,249798,0.51
2021-06-16 13:17:22,2482.25,9,84725,76108,2462.18,249798,0.51
2021-06-16 13:17:23,2482.25,9,84721,76098,2462.18,249798,0.51
2021-06-16 13:17:24,2482.25,9,84721,76066,2462.18,249798,0.51
2021-06-16 13:17:25,2482.25,9,84721,76067,2462.18,249798,0.51
2021-06-16 13:17:25,2482.25,9,84637,76009,2462.18,249798,0.51
2021-06-16 13:17:26,2481.85,5,84637,76009,2462.18,249798,0.49
2021-06-16 13:17:27,2481.85,5,84542,76098,2462.18,249811,0.49
2021-06-16 13:17:28,2481.85,5,84542,76079,2462.18,249811,0.49
2021-06-16 13:17:28,2480.0,5,84542,76079,2462.18,249811,0.42
2021-06-16 13:17:30,2480.0,5,84316,76270,2462.19,249931,0.42
2021-06-16 13:17:30,2480.0,5,84316,76272,2462.19,249931,0.42
2021-06-16 13:17:31,2480.0,5,84372,76291,2462.19,249931,0.42
2021-06-16 13:17:33,2480.05,2,84370,76269,2462.19,249933,0.42
2021-06-16 13:17:34,2480.0,14,84311,76244,2462.19,249973,0.42
2021-06-16 13:17:34,2480.0,14,84311,76234,2462.19,249973,0.42
2021-06-16 13:17:36,2480.0,14,84341,76261,2462.19,249973,0.42
2021-06-16 13:17:36,2481.2,3,84341,76261,2462.19,249973,0.47
2021-06-16 13:17:37,2481.2,3,84340,76222,2462.19,249980,0.47
2021-06-16 13:17:37,2481.2,2,84503,76222,2462.19,249980,0.47
2021-06-16 13:17:40,2481.2,2,84533,76273,2462.19,249987,0.47
2021-06-16 13:17:42,2481.2,2,84533,76293,2462.19,249987,0.47
2021-06-16 13:17:42,2481.2,2,84533,76294,2462.19,249987,0.47
2021-06-16 13:17:43,2481.2,2,84533,76284,2462.19,249987,0.47
2021-06-16 13:17:45,2481.2,4,84533,76284,2462.19,249987,0.47
2021-06-16 13:17:46,2481.2,4,84533,76269,2462.19,250012,0.47
2021-06-16 13:17:46,2481.2,4,84583,76232,2462.19,250012,0.47
2021-06-16 13:17:48,2481.2,4,84583,76243,2462.19,250012,0.47
2021-06-16 13:17:49,2481.2,4,84553,76315,2462.19,250012,0.47
2021-06-16 13:17:50,2481.15,8,84553,76315,2462.19,250012,0.46
2021-06-16 13:17:51,2481.15,8,84553,76307,2462.19,250020,0.46
2021-06-16 13:17:51,2481.15,8,84553,76283,2462.19,250020,0.46
2021-06-16 13:17:52,2481.15,8,84554,76290,2462.19,250020,0.46
2021-06-16 13:17:54,2481.15,8,84554,76350,2462.19,250020,0.46
2021-06-16 13:17:54,2481.15,8,84554,76341,2462.19,250020,0.46
2021-06-16 13:17:55,2481.15,8,84554,76376,2462.19,250020,0.46
2021-06-16 13:17:57,2481.15,8,84554,76378,2462.19,250020,0.46
2021-06-16 13:17:57,2481.15,5,84554,76378,2462.19,250020,0.46
2021-06-16 13:17:58,2480.0,1,84552,76433,2462.19,250030,0.42
2021-06-16 13:18:00,2480.0,1,84552,76509,2462.19,250030,0.42
2021-06-16 13:18:01,2480.0,1,84552,76529,2462.19,250030,0.42
2021-06-16 13:18:02,2480.0,1,84552,76544,2462.19,250030,0.42
2021-06-16 13:18:03,2480.0,1,84464,76548,2462.19,250030,0.42
2021-06-16 13:18:04,2480.0,1,84465,76548,2462.19,250030,0.42
2021-06-16 13:18:07,2480.0,1,84469,76544,2462.19,250030,0.42
2021-06-16 13:18:09,2480.0,1,84468,76544,2462.19,250030,0.42
2021-06-16 13:18:10,2480.0,62,84427,76544,2462.2,250130,0.42
2021-06-16 13:18:10,2480.0,62,84427,76555,2462.2,250130,0.42
2021-06-16 13:18:13,2480.0,62,84427,76559,2462.2,250130,0.42
2021-06-16 13:18:15,2480.0,62,84428,76559,2462.2,250130,0.42
2021-06-16 13:18:17,2480.0,62,84428,76639,2462.2,250130,0.42
2021-06-16 13:18:18,2481.1,1,84584,76636,2462.2,250139,0.46
2021-06-16 13:18:19,2481.1,1,84512,76627,2462.2,250155,0.46
2021-06-16 13:18:21,2481.1,1,84512,76637,2462.2,250155,0.46
2021-06-16 13:18:24,2481.1,1,84512,76688,2462.2,250155,0.46
2021-06-16 13:18:24,2481.1,5,84849,76684,2462.21,250195,0.46
2021-06-16 13:18:25,2481.1,5,84749,76710,2462.21,250195,0.46
2021-06-16 13:18:27,2481.1,5,84719,76710,2462.21,250195,0.46
2021-06-16 13:18:28,2481.1,5,84710,76712,2462.21,250195,0.46
2021-06-16 13:18:30,2481.1,5,84710,76762,2462.21,250195,0.46
2021-06-16 13:18:30,2481.0,4,84721,76758,2462.21,250199,0.46
2021-06-16 13:18:31,2481.0,4,84694,76723,2462.21,250199,0.46
2021-06-16 13:18:32,2479.75,1,84832,76326,2462.21,250259,0.41
2021-06-16 13:18:33,2479.75,1,84432,76326,2462.21,250259,0.41
2021-06-16 13:18:34,2479.75,1,84496,76327,2462.21,250259,0.41
2021-06-16 13:18:34,2480.95,1,84496,76327,2462.21,250259,0.46
2021-06-16 13:18:35,2480.95,1,84525,76294,2462.21,250260,0.46
2021-06-16 13:18:39,2479.65,1,84484,76327,2462.21,250320,0.4
2021-06-16 13:18:39,2479.65,1,84261,76299,2462.21,250320,0.4
2021-06-16 13:18:40,2479.65,1,84261,76451,2462.21,250320,0.4
2021-06-16 13:18:41,2479.65,1,84264,76451,2462.21,250320,0.4
2021-06-16 13:18:42,2479.65,1,84234,76452,2462.21,250320,0.4
2021-06-16 13:18:43,2479.65,1,84335,76452,2462.21,250320,0.4
2021-06-16 13:18:45,2480.0,349,84244,76022,2462.24,250669,0.42
2021-06-16 13:18:46,2479.6,10,83816,76093,2462.24,250679,0.4
2021-06-16 13:18:46,2480.9,1,83816,76093,2462.24,250679,0.45
2021-06-16 13:18:47,2480.9,1,84216,76080,2462.24,250680,0.45
2021-06-16 13:18:48,2480.9,1,84112,76121,2462.24,250680,0.45
2021-06-16 13:18:49,2480.9,1,84112,76060,2462.24,250680,0.45
2021-06-16 13:18:50,2480.9,1,84282,76047,2462.24,250680,0.45
2021-06-16 13:18:51,2480.9,1,83968,75946,2462.24,250680,0.45
2021-06-16 13:18:52,2480.9,1,84368,75954,2462.24,250680,0.45
2021-06-16 13:18:55,2480.9,1,84419,75954,2462.24,250680,0.45
2021-06-16 13:18:55,2480.9,1,84499,76033,2462.24,250680,0.45
2021-06-16 13:18:57,2480.9,1,84599,76033,2462.24,250680,0.45
2021-06-16 13:19:00,2480.9,1,84593,76033,2462.24,250680,0.45
2021-06-16 13:19:00,2480.95,1,84593,76033,2462.24,250680,0.46
2021-06-16 13:19:01,2480.95,1,84470,75953,2462.24,250689,0.46
2021-06-16 13:19:01,2480.95,1,84519,76034,2462.24,250689,0.46
2021-06-16 13:19:03,2479.7,1,84362,75986,2462.24,250690,0.4
2021-06-16 13:19:04,2479.7,1,84002,75933,2462.24,250690,0.4
2021-06-16 13:19:05,2479.7,1,84446,75937,2462.24,250690,0.4
2021-06-16 13:19:07,2481.0,8,84730,76370,2462.25,250779,0.46
2021-06-16 13:19:10,2481.0,8,84653,76371,2462.25,250779,0.46
2021-06-16 13:19:11,2481.0,8,84653,76597,2462.25,250779,0.46
2021-06-16 13:19:12,2481.0,12,84691,76130,2462.25,250791,0.46
2021-06-16 13:19:13,2481.0,12,84691,76126,2462.25,250791,0.46
2021-06-16 13:19:13,2481.0,12,84466,76106,2462.25,250791,0.46
2021-06-16 13:19:15,2481.0,12,84555,76185,2462.25,250791,0.46
2021-06-16 13:19:16,2481.0,12,84556,76314,2462.25,250791,0.46
2021-06-16 13:19:17,2481.0,12,84467,76239,2462.25,250791,0.46
2021-06-16 13:19:18,2481.0,4,84467,76239,2462.25,250791,0.46
2021-06-16 13:19:18,2481.0,4,84509,76179,2462.25,250813,0.46
2021-06-16 13:19:19,2481.0,4,84531,76165,2462.25,250813,0.46
2021-06-16 13:19:20,2481.0,4,84531,76166,2462.25,250813,0.46
2021-06-16 13:19:21,2481.0,4,84622,76165,2462.25,250813,0.46
2021-06-16 13:19:21,2481.0,5,84622,76165,2462.25,250813,0.46
2021-06-16 13:19:22,2481.0,5,84526,76610,2462.25,250818,0.46
2021-06-16 13:19:23,2481.0,4,84499,76330,2462.25,250822,0.46
2021-06-16 13:19:24,2481.0,4,84490,76251,2462.25,250822,0.46
2021-06-16 13:19:26,2481.0,4,84394,76254,2462.25,250822,0.46
2021-06-16 13:19:28,2481.0,4,84473,76333,2462.25,250822,0.46
2021-06-16 13:19:29,2481.0,4,84394,76333,2462.25,250822,0.46
2021-06-16 13:19:30,2481.0,4,84404,76333,2462.25,250822,0.46
2021-06-16 13:19:31,2479.6,5,84499,76386,2462.25,250827,0.4
2021-06-16 13:19:31,2479.6,1,84499,76386,2462.25,250827,0.4
2021-06-16 13:19:32,2479.6,1,84576,76466,2462.25,250829,0.4
2021-06-16 13:19:33,2479.6,1,84279,76666,2462.25,250829,0.4
2021-06-16 13:19:34,2479.6,1,83840,76546,2462.25,250829,0.4
2021-06-16 13:19:35,2479.6,1,84282,76543,2462.25,250829,0.4
2021-06-16 13:19:36,2479.6,1,84240,76528,2462.25,250829,0.4
2021-06-16 13:19:37,2479.6,1,85014,76492,2462.25,250829,0.4
2021-06-16 13:19:38,2479.6,1,84726,76567,2462.25,250829,0.4
2021-06-16 13:19:39,2479.6,1,84975,77209,2462.25,250829,0.4
2021-06-16 13:19:40,2479.6,1,84913,76812,2462.25,250829,0.4
2021-06-16 13:19:41,2479.6,1,84890,77239,2462.25,250829,0.4
2021-06-16 13:19:42,2479.55,2,84890,77239,2462.25,250829,0.4
2021-06-16 13:19:43,2479.55,2,84921,76835,2462.25,250838,0.4
2021-06-16 13:19:46,2479.05,3,85178,77767,2462.25,250838,0.38
2021-06-16 13:19:47,2479.05,3,83661,77917,2462.25,250841,0.38
2021-06-16 13:19:48,2479.05,3,84061,77919,2462.25,250841,0.38
2021-06-16 13:19:49,2479.05,3,83691,77925,2462.25,250841,0.38
2021-06-16 13:19:50,2479.0,18,83691,77925,2462.25,250841,0.38
2021-06-16 13:19:51,2480.0,41,84037,75791,2462.31,251714,0.42
2021-06-16 13:19:51,2480.0,41,83997,76205,2462.31,251714,0.42
2021-06-16 13:19:52,2479.3,4,83997,76205,2462.31,251714,0.39
2021-06-16 13:19:52,2479.3,4,83908,76309,2462.32,251767,0.39
2021-06-16 13:19:54,2479.3,4,84106,76696,2462.32,251767,0.39
2021-06-16 13:19:55,2479.3,4,86090,76549,2462.32,251767,0.39
2021-06-16 13:19:57,2479.3,4,86142,76640,2462.32,251767,0.39
2021-06-16 13:19:59,2479.3,4,86222,76719,2462.32,251767,0.39
2021-06-16 13:20:00,2479.3,4,86202,76750,2462.32,251767,0.39
2021-06-16 13:20:01,2479.3,4,86202,76761,2462.32,251767,0.39
2021-06-16 13:20:01,2480.0,8,86202,76761,2462.32,251767,0.42
2021-06-16 13:20:02,2480.0,8,86116,76674,2462.32,251775,0.42
2021-06-16 13:20:03,2480.0,1,86194,76754,2462.32,251776,0.42
2021-06-16 13:20:05,2480.7,9,85682,76753,2462.32,251785,0.45
2021-06-16 13:20:07,2480.7,9,86550,76762,2462.32,251785,0.45
2021-06-16 13:20:10,2480.7,9,86475,76673,2462.32,251785,0.45
2021-06-16 13:20:11,2480.7,9,86554,76757,2462.32,251785,0.45
2021-06-16 13:20:13,2480.7,9,86553,76757,2462.32,251785,0.45
2021-06-16 13:20:14,2480.5,16,84657,76366,2462.32,251811,0.44
2021-06-16 13:20:15,2480.5,16,84605,76624,2462.32,251811,0.44
2021-06-16 13:20:16,2481.0,20,84261,76280,2462.32,251834,0.46
2021-06-16 13:20:17,2481.0,20,84261,76361,2462.32,251834,0.46
2021-06-16 13:20:18,2480.1,4,84261,76361,2462.32,251834,0.42
2021-06-16 13:20:18,2480.1,4,84178,76282,2462.32,251838,0.42
2021-06-16 13:20:19,2480.1,4,84179,76286,2462.32,251838,0.42
2021-06-16 13:20:21,2480.1,4,84209,76286,2462.32,251838,0.42
2021-06-16 13:20:21,2480.1,4,84288,76252,2462.32,251838,0.42
2021-06-16 13:20:22,2480.1,4,84229,76573,2462.32,251838,0.42
2021-06-16 13:20:23,2480.1,4,84229,76574,2462.32,251838,0.42
2021-06-16 13:20:24,2480.1,3,84229,76574,2462.32,251838,0.42
2021-06-16 13:20:24,2480.95,4,84831,76554,2462.32,251892,0.46
2021-06-16 13:20:26,2480.95,4,84883,76557,2462.32,251892,0.46
2021-06-16 13:20:27,2481.0,2,84804,76634,2462.33,251894,0.46
2021-06-16 13:20:28,2481.0,2,84804,76632,2462.33,251894,0.46
2021-06-16 13:20:29,2481.0,4,84804,76632,2462.33,251894,0.46
2021-06-16 13:20:30,2481.0,4,85012,76542,2462.33,251898,0.46
2021-06-16 13:20:30,2480.1,10,84923,76621,2462.33,251908,0.42
2021-06-16 13:20:31,2480.1,10,86480,76639,2462.33,251908,0.42
2021-06-16 13:20:33,2480.1,10,86801,76563,2462.33,251908,0.42
2021-06-16 13:20:34,2480.1,10,86801,76543,2462.33,251908,0.42
2021-06-16 13:20:36,2480.1,10,86832,76543,2462.33,251908,0.42
2021-06-16 13:20:36,2480.35,1,86832,76543,2462.33,251908,0.43
2021-06-16 13:20:37,2480.35,1,86879,76623,2462.33,251909,0.43
2021-06-16 13:20:38,2480.35,1,86743,76548,2462.33,251909,0.43
2021-06-16 13:20:39,2480.35,1,86822,76627,2462.33,251909,0.43
2021-06-16 13:20:42,2480.35,1,86793,76637,2462.33,251909,0.43
2021-06-16 13:20:43,2480.35,1,86769,76637,2462.33,251909,0.43
2021-06-16 13:20:44,2480.35,1,86796,76637,2462.33,251909,0.43
2021-06-16 13:20:45,2481.0,8,86904,76558,2462.33,251909,0.46
2021-06-16 13:20:48,2481.0,2,86614,76282,2462.34,252119,0.46
2021-06-16 13:20:49,2481.0,2,86943,76361,2462.34,252119,0.46
2021-06-16 13:20:50,2481.0,2,86948,76361,2462.34,252119,0.46
2021-06-16 13:20:52,2481.0,2,86871,76591,2462.34,252119,0.46
2021-06-16 13:20:54,2481.0,2,86881,76614,2462.34,252119,0.46
2021-06-16 13:20:55,2481.0,2,86903,76621,2462.34,252119,0.46
2021-06-16 13:20:56,2480.4,23,86880,76604,2462.34,252142,0.43
2021-06-16 13:20:57,2480.4,23,86880,76626,2462.34,252142,0.43
2021-06-16 13:21:00,2480.4,23,86880,76599,2462.34,252142,0.43
2021-06-16 13:21:03,2480.4,23,87310,76621,2462.34,252142,0.43
2021-06-16 13:21:04,2482.0,40,85368,76166,2462.38,252570,0.5
2021-06-16 13:21:05,2481.0,4,85311,76351,2462.38,252582,0.46
2021-06-16 13:21:06,2481.0,4,85338,76355,2462.38,252582,0.46
2021-06-16 13:21:06,2481.9,9,85338,76355,2462.38,252582,0.49
2021-06-16 13:21:07,2481.9,9,85184,76255,2462.38,252591,0.49
2021-06-16 13:21:07,2481.0,23,85184,76255,2462.38,252591,0.46
2021-06-16 13:21:08,2481.0,23,85091,76375,2462.38,252614,0.46
2021-06-16 13:21:09,2481.0,23,85059,76385,2462.38,252614,0.46
2021-06-16 13:21:10,2481.75,2,85080,76203,2462.38,252614,0.49
2021-06-16 13:21:11,2481.75,2,85090,76286,2462.38,252619,0.49
2021-06-16 13:21:12,2481.75,2,85090,76295,2462.38,252619,0.49
2021-06-16 13:21:13,2480.1,46,85124,76305,2462.39,252754,0.42
2021-06-16 13:21:14,2480.1,46,85136,75896,2462.39,252754,0.42
2021-06-16 13:21:15,2480.1,46,85136,75886,2462.39,252754,0.42
2021-06-16 13:21:16,2481.45,15,85136,75876,2462.39,252769,0.48
2021-06-16 13:21:18,2480.1,3,85136,75876,2462.39,252769,0.42
2021-06-16 13:21:18,2480.1,3,85192,76342,2462.39,252789,0.42
2021-06-16 13:21:19,2480.1,3,85202,76372,2462.39,252789,0.42
2021-06-16 13:21:21,2480.1,3,85199,75948,2462.39,252789,0.42
2021-06-16 13:21:21,2480.1,3,85199,75950,2462.39,252789,0.42
2021-06-16 13:21:22,2480.1,3,85200,75950,2462.39,252789,0.42
2021-06-16 13:21:23,2480.1,3,85200,76373,2462.39,252789,0.42
2021-06-16 13:21:24,2480.1,3,85190,76373,2462.39,252789,0.42
2021-06-16 13:21:25,2480.1,3,85223,76420,2462.39,252789,0.42
2021-06-16 13:21:26,2480.1,3,85233,76420,2462.39,252789,0.42
2021-06-16 13:21:27,2481.4,9,85232,76407,2462.39,252798,0.47
2021-06-16 13:21:28,2481.4,9,85232,76385,2462.39,252798,0.47
2021-06-16 13:21:30,2481.4,9,85232,76285,2462.39,252798,0.47
2021-06-16 13:21:31,2481.4,9,85232,76289,2462.39,252798,0.47
2021-06-16 13:21:32,2481.4,9,85232,76290,2462.39,252798,0.47
2021-06-16 13:21:36,2481.4,9,85234,76290,2462.39,252798,0.47
2021-06-16 13:21:37,2481.4,9,85234,76291,2462.39,252798,0.47
2021-06-16 13:21:40,2481.4,5,85234,76283,2462.39,252798,0.47
2021-06-16 13:21:40,2481.4,5,85234,76278,2462.39,252803,0.47
2021-06-16 13:21:43,2481.4,5,85719,75474,2462.39,252803,0.47
2021-06-16 13:21:43,2480.3,22,85720,75886,2462.39,252803,0.43
2021-06-16 13:21:45,2480.3,22,85584,75912,2462.4,252883,0.43
2021-06-16 13:21:45,2480.35,2,85584,75919,2462.4,252883,0.43
2021-06-16 13:21:46,2480.35,2,85547,75919,2462.4,252885,0.43
2021-06-16 13:21:47,2480.35,2,85902,75831,2462.4,252885,0.43
2021-06-16 13:21:48,2480.35,2,85899,75831,2462.4,252885,0.43
2021-06-16 13:21:50,2480.35,2,85899,75827,2462.4,252885,0.43
2021-06-16 13:21:51,2481.0,1,85899,75827,2462.4,252885,0.46
2021-06-16 13:21:51,2481.0,1,85928,75821,2462.4,252886,0.46
2021-06-16 13:21:53,2481.0,1,85928,75823,2462.4,252886,0.46
2021-06-16 13:21:54,2481.0,1,85928,75829,2462.4,252886,0.46
2021-06-16 13:21:55,2481.0,2,85928,75829,2462.4,252886,0.46
2021-06-16 13:21:56,2481.0,2,85481,76396,2462.4,252911,0.46
2021-06-16 13:21:57,2481.0,2,85431,76400,2462.4,252911,0.46
2021-06-16 13:21:58,2481.0,2,83863,76310,2462.4,252911,0.46
2021-06-16 13:21:59,2481.0,2,85218,76377,2462.4,252911,0.46
2021-06-16 13:22:00,2481.0,2,85212,76353,2462.4,252911,0.46
2021-06-16 13:22:02,2481.0,2,84893,76357,2462.4,252911,0.46
2021-06-16 13:22:03,2481.0,2,85325,76381,2462.4,252911,0.46
2021-06-16 13:22:04,2480.95,1,85326,76357,2462.4,252912,0.46
2021-06-16 13:22:05,2480.95,1,84386,76208,2462.4,252912,0.46
2021-06-16 13:22:06,2480.95,1,84786,76204,2462.4,252912,0.46
2021-06-16 13:22:07,2480.95,1,84786,76232,2462.4,252912,0.46
2021-06-16 13:22:08,2480.95,1,84786,76293,2462.4,252912,0.46
2021-06-16 13:22:09,2480.95,3,84786,76293,2462.4,252912,0.46
2021-06-16 13:22:10,2480.95,3,85185,76314,2462.4,252921,0.46
2021-06-16 13:22:11,2480.95,3,84765,75615,2462.4,252921,0.46
2021-06-16 13:22:12,2480.95,3,84761,76028,2462.4,252921,0.46
2021-06-16 13:22:14,2480.95,3,84435,76034,2462.4,252921,0.46
2021-06-16 13:22:15,2480.95,3,84756,76028,2462.4,252921,0.46
2021-06-16 13:22:16,2480.95,3,84414,76050,2462.4,252921,0.46
2021-06-16 13:22:18,2480.95,3,84576,76466,2462.4,252921,0.46
2021-06-16 13:22:19,2480.95,3,84576,76591,2462.4,252921,0.46
2021-06-16 13:22:20,2480.95,3,84572,76601,2462.4,252921,0.46
2021-06-16 13:22:21,2480.95,3,84576,76608,2462.4,252921,0.46
2021-06-16 13:22:23,2480.0,2,84576,76608,2462.4,252921,0.42
2021-06-16 13:22:24,2480.0,2,84570,76614,2462.4,252923,0.42
2021-06-16 13:22:25,2480.0,5,84565,76617,2462.4,252928,0.42
2021-06-16 13:22:25,2480.0,5,84566,76617,2462.4,252928,0.42
2021-06-16 13:22:28,2480.0,5,84592,76617,2462.4,252928,0.42
2021-06-16 13:22:30,2480.0,5,84592,76618,2462.4,252928,0.42
2021-06-16 13:22:30,2480.8,5,84595,76580,2462.4,252937,0.45
2021-06-16 13:22:32,2480.8,5,84595,76560,2462.4,252937,0.45
2021-06-16 13:22:39,2480.8,5,84722,76560,2462.4,252937,0.45
2021-06-16 13:22:43,2480.8,5,84722,76586,2462.4,252937,0.45
2021-06-16 13:22:46,2480.8,5,84722,76588,2462.4,252937,0.45
2021-06-16 13:22:49,2480.8,5,84723,76588,2462.4,252937,0.45
2021-06-16 13:22:50,2480.8,5,84723,76591,2462.4,252937,0.45
2021-06-16 13:22:51,2480.0,25,84077,76966,2462.41,253007,0.42
2021-06-16 13:22:52,2480.0,25,84121,76912,2462.41,253007,0.42
2021-06-16 13:22:53,2480.0,25,84121,76882,2462.41,253007,0.42
2021-06-16 13:22:54,2480.0,25,84175,76905,2462.41,253007,0.42
2021-06-16 13:22:56,2480.0,25,84175,76887,2462.41,253007,0.42
2021-06-16 13:22:57,2480.0,25,84175,76894,2462.41,253007,0.42
2021-06-16 13:22:58,2480.0,25,84178,76896,2462.41,253007,0.42
2021-06-16 13:23:00,2480.0,25,84175,76896,2462.41,253007,0.42
2021-06-16 13:23:01,2479.85,1,84176,76863,2462.41,253008,0.41
2021-06-16 13:23:02,2479.3,8,84000,77205,2462.41,253016,0.39
2021-06-16 13:23:03,2479.3,8,83978,77294,2462.41,253016,0.39
2021-06-16 13:23:04,2479.3,8,84002,77294,2462.41,253016,0.39
2021-06-16 13:23:05,2478.0,2,84002,77294,2462.41,253016,0.34
2021-06-16 13:23:06,2478.0,4,83802,77653,2462.41,253025,0.34
2021-06-16 13:23:06,2478.0,4,83864,77665,2462.41,253025,0.34
2021-06-16 13:23:07,2478.0,4,83166,77643,2462.41,253025,0.34
2021-06-16 13:23:08,2478.0,8,83166,77643,2462.41,253025,0.34
2021-06-16 13:23:09,2478.0,8,83326,78014,2462.42,253179,0.34
2021-06-16 13:23:09,2478.0,8,82935,78189,2462.42,253179,0.34
2021-06-16 13:23:10,2478.0,8,83327,78178,2462.42,253179,0.34
2021-06-16 13:23:11,2478.0,8,83327,78185,2462.42,253179,0.34
2021-06-16 13:23:12,2478.0,8,83327,78165,2462.42,253179,0.34
2021-06-16 13:23:13,2478.0,8,83265,78068,2462.42,253179,0.34
2021-06-16 13:23:14,2478.0,8,83414,77620,2462.42,253179,0.34
2021-06-16 13:23:15,2478.0,8,83613,77977,2462.42,253179,0.34
2021-06-16 13:23:16,2477.0,32,83613,77977,2462.42,253179,0.3
2021-06-16 13:23:16,2477.0,32,83260,78002,2462.42,253216,0.3
2021-06-16 13:23:17,2477.0,32,83230,78031,2462.42,253216,0.3
2021-06-16 13:23:18,2477.0,1,83229,78031,2462.42,253217,0.3
2021-06-16 13:23:20,2477.0,1,83230,78031,2462.42,253217,0.3
2021-06-16 13:23:21,2477.0,1,83171,78213,2462.42,253281,0.3
2021-06-16 13:23:22,2477.0,1,83223,78262,2462.42,253281,0.3
2021-06-16 13:23:23,2477.0,5,83223,78262,2462.42,253281,0.3
2021-06-16 13:23:24,2477.0,5,83283,78336,2462.42,253286,0.3
2021-06-16 13:23:25,2477.0,5,83254,78310,2462.42,253286,0.3
2021-06-16 13:23:27,2477.0,5,83255,78310,2462.42,253286,0.3
2021-06-16 13:23:30,2477.0,5,82856,78314,2462.42,253286,0.3
2021-06-16 13:23:31,2477.0,5,82856,78313,2462.42,253286,0.3
2021-06-16 13:23:32,2477.0,2,82856,78313,2462.42,253286,0.3
2021-06-16 13:23:33,2477.0,2,83103,77187,2462.43,253400,0.3
2021-06-16 13:23:34,2477.0,2,83203,77602,2462.43,253400,0.3
2021-06-16 13:23:35,2477.0,2,82795,77681,2462.43,253400,0.3
2021-06-16 13:23:36,2477.0,2,83174,77671,2462.43,253400,0.3
2021-06-16 13:23:37,2477.0,5,83169,77671,2462.43,253405,0.3
2021-06-16 13:23:39,2477.0,5,83143,77669,2462.43,253405,0.3
2021-06-16 13:23:40,2477.0,25,83143,77669,2462.43,253405,0.3
2021-06-16 13:23:41,2476.4,17,82758,78058,2462.44,253530,0.27
2021-06-16 13:23:42,2476.4,17,82778,78178,2462.44,253530,0.27
2021-06-16 13:23:45,2476.4,17,83280,78161,2462.44,253530,0.27
2021-06-16 13:23:46,2476.0,5,83280,78161,2462.44,253530,0.26
2021-06-16 13:23:46,2476.0,5,83330,78172,2462.44,253540,0.26
2021-06-16 13:23:48,2476.0,5,83380,78174,2462.44,253540,0.26
2021-06-16 13:23:48,2476.0,5,83380,78125,2462.44,253540,0.26
2021-06-16 13:23:49,2477.0,10,83437,78041,2462.44,253540,0.3
2021-06-16 13:23:51,2477.0,10,83168,77829,2462.45,253728,0.3
2021-06-16 13:23:52,2477.0,10,83068,77859,2462.45,253728,0.3
2021-06-16 13:23:52,2477.0,10,83177,77862,2462.45,253728,0.3
2021-06-16 13:23:54,2477.0,10,83131,77850,2462.45,253728,0.3
2021-06-16 13:23:58,2477.0,10,83131,77852,2462.45,253728,0.3
2021-06-16 13:23:58,2477.0,10,83563,76820,2462.45,253728,0.3
2021-06-16 13:23:59,2477.0,10,83991,77129,2462.45,253728,0.3
2021-06-16 13:24:00,2477.0,10,83228,76985,2462.45,253728,0.3
2021-06-16 13:24:01,2476.4,26,83228,76985,2462.45,253728,0.27
2021-06-16 13:24:02,2476.4,26,83119,77183,2462.45,253798,0.27
2021-06-16 13:24:02,2476.4,26,83522,77040,2462.45,253798,0.27
2021-06-16 13:24:03,2476.4,26,83522,77113,2462.45,253798,0.27
2021-06-16 13:24:04,2477.6,8,83504,77112,2462.45,253798,0.32
2021-06-16 13:24:05,2476.5,10,83556,77010,2462.45,253823,0.28
2021-06-16 13:24:07,2476.5,10,83556,77057,2462.45,253823,0.28
2021-06-16 13:24:09,2476.5,10,83586,77057,2462.45,253823,0.28
2021-06-16 13:24:09,2477.0,2,83586,77057,2462.45,253823,0.3
2021-06-16 13:24:10,2477.0,2,83137,77160,2462.46,253863,0.3
2021-06-16 13:24:11,2477.0,2,83190,77066,2462.46,253863,0.3
2021-06-16 13:24:12,2477.0,2,83562,77042,2462.46,253863,0.3
2021-06-16 13:24:13,2477.0,2,83924,77045,2462.46,253863,0.3
2021-06-16 13:24:13,2477.0,2,83956,77045,2462.46,253863,0.3
2021-06-16 13:24:14,2477.0,2,83985,77045,2462.46,253863,0.3
2021-06-16 13:24:15,2477.6,2,83985,77045,2462.46,253863,0.32
2021-06-16 13:24:16,2477.6,2,82611,77220,2462.46,253872,0.32
2021-06-16 13:24:18,2477.6,1,82611,77220,2462.46,253872,0.32
2021-06-16 13:24:19,2477.6,1,84429,77229,2462.46,253875,0.32
2021-06-16 13:24:20,2477.6,1,84429,77236,2462.46,253875,0.32
2021-06-16 13:24:21,2477.6,1,83639,77251,2462.46,253875,0.32
2021-06-16 13:24:22,2477.6,1,84057,77251,2462.46,253875,0.32
2021-06-16 13:24:24,2477.6,1,83737,77251,2462.46,253875,0.32
2021-06-16 13:24:25,2477.6,1,83769,77251,2462.46,253875,0.32
2021-06-16 13:24:25,2477.6,1,83770,77186,2462.46,253875,0.32
2021-06-16 13:24:28,2477.6,1,82988,77290,2462.46,253875,0.32
2021-06-16 13:24:29,2477.6,1,83788,77290,2462.46,253875,0.32
2021-06-16 13:24:30,2477.65,12,83788,77290,2462.46,253875,0.32
2021-06-16 13:24:30,2477.65,12,82891,77373,2462.48,254275,0.32
2021-06-16 13:24:31,2477.65,1,83259,77374,2462.48,254275,0.32
2021-06-16 13:24:32,2477.65,1,83259,77374,2462.48,254277,0.32
2021-06-16 13:24:33,2478.2,12,83458,77077,2462.49,254379,0.34
2021-06-16 13:24:34,2478.2,12,83858,77157,2462.49,254379,0.34
2021-06-16 13:24:36,2478.2,12,83447,77157,2462.49,254379,0.34
2021-06-16 13:24:36,2477.9,8,83501,77166,2462.49,254388,0.33
2021-06-16 13:24:37,2476.8,1,83501,77166,2462.49,254388,0.29
2021-06-16 13:24:37,2476.8,1,83186,77340,2462.49,254389,0.29
2021-06-16 13:24:38,2476.8,1,83285,77348,2462.49,254389,0.29
2021-06-16 13:24:40,2476.8,1,84283,77212,2462.49,254389,0.29
2021-06-16 13:24:42,2477.9,5,85545,77431,2462.49,254392,0.33
2021-06-16 13:24:43,2477.9,5,85523,77001,2462.49,254419,0.33
2021-06-16 13:24:45,2477.9,5,85548,77001,2462.49,254419,0.33
2021-06-16 13:24:49,2477.9,5,85496,77402,2462.49,254419,0.33
2021-06-16 13:24:50,2477.95,50,85496,77402,2462.49,254419,0.33
2021-06-16 13:24:51,2477.95,50,84022,77283,2462.51,254763,0.33
2021-06-16 13:24:52,2477.95,50,84022,77284,2462.51,254763,0.33
2021-06-16 13:24:52,2477.55,30,83155,76872,2462.52,254863,0.32
2021-06-16 13:24:54,2477.55,30,83265,77817,2462.52,254863,0.32
2021-06-16 13:24:55,2477.55,30,83211,77980,2462.52,254863,0.32
2021-06-16 13:24:55,2477.55,30,83223,77992,2462.52,254863,0.32
2021-06-16 13:24:57,2477.55,30,83213,78000,2462.52,254863,0.32
2021-06-16 13:24:58,2477.55,30,83214,78002,2462.52,254863,0.32
2021-06-16 13:25:00,2477.55,30,83214,78001,2462.52,254863,0.32
2021-06-16 13:25:02,2477.55,30,83214,78000,2462.52,254863,0.32
2021-06-16 13:25:03,2477.55,30,83214,78037,2462.52,254863,0.32
2021-06-16 13:25:04,2477.55,30,83214,78013,2462.52,254863,0.32
2021-06-16 13:25:04,2477.6,73,83214,78013,2462.52,254863,0.32
2021-06-16 13:25:05,2477.6,73,83245,78005,2462.52,254936,0.32
2021-06-16 13:25:07,2477.6,73,83243,77862,2462.52,254936,0.32
2021-06-16 13:25:08,2477.0,4,83243,77862,2462.52,254936,0.3
2021-06-16 13:25:09,2477.0,4,83456,78173,2462.52,254942,0.3
2021-06-16 13:25:10,2477.0,4,83456,78171,2462.52,254942,0.3
2021-06-16 13:25:10,2477.0,4,83456,78170,2462.52,254942,0.3
2021-06-16 13:25:12,2477.0,4,83404,78182,2462.52,254942,0.3
2021-06-16 13:25:12,2476.15,400,83404,78182,2462.52,254942,0.26
2021-06-16 13:25:13,2475.5,10,83876,78182,2462.54,255352,0.23
2021-06-16 13:25:13,2475.5,10,83977,78176,2462.54,255352,0.23
2021-06-16 13:25:15,2475.5,10,83977,78169,2462.54,255352,0.23
2021-06-16 13:25:16,2475.5,10,83987,78155,2462.54,255352,0.23
2021-06-16 13:25:17,2475.5,10,84066,77592,2462.54,255352,0.23
2021-06-16 13:25:18,2476.0,9,83945,77623,2462.54,255361,0.26
2021-06-16 13:25:20,2476.0,9,83945,77705,2462.54,255361,0.26
2021-06-16 13:25:21,2476.0,4,83866,77704,2462.55,255411,0.26
2021-06-16 13:25:22,2475.55,134,83860,77644,2462.55,255411,0.24
2021-06-16 13:25:24,2475.55,134,83341,77547,2462.57,255811,0.24
2021-06-16 13:25:24,2475.55,134,83371,77547,2462.57,255811,0.24
2021-06-16 13:25:25,2475.55,134,84154,77638,2462.57,255811,0.24
2021-06-16 13:25:27,2475.55,101,84570,77637,2462.57,255811,0.24
2021-06-16 13:25:27,2475.55,101,84494,77637,2462.57,255912,0.24
2021-06-16 13:25:28,2475.55,101,84494,77657,2462.57,255912,0.24
2021-06-16 13:25:30,2475.95,5,84494,77657,2462.57,255912,0.25
2021-06-16 13:25:33,2475.95,5,84063,78171,2462.57,255962,0.25
2021-06-16 13:25:34,2475.95,5,84063,78174,2462.57,255962,0.25
2021-06-16 13:25:35,2475.95,5,84064,78153,2462.57,255962,0.25
2021-06-16 13:25:38,2475.95,5,84064,78148,2462.57,255962,0.25
2021-06-16 13:25:39,2475.95,5,84492,78148,2462.57,255962,0.25
2021-06-16 13:25:39,2475.95,3,84492,78148,2462.57,255962,0.25
2021-06-16 13:25:40,2475.95,3,84491,78127,2462.57,255971,0.25
2021-06-16 13:25:41,2475.95,3,84476,78122,2462.57,255971,0.25
2021-06-16 13:25:42,2475.65,10,84476,78122,2462.57,255971,0.24
2021-06-16 13:25:43,2475.65,10,84466,78122,2462.57,255981,0.24
2021-06-16 13:25:44,2475.65,10,84474,78137,2462.57,255981,0.24
2021-06-16 13:25:45,2475.65,10,84474,78172,2462.57,255981,0.24
2021-06-16 13:25:46,2475.65,10,84474,78147,2462.57,255981,0.24
2021-06-16 13:25:51,2475.65,10,84459,78173,2462.57,255981,0.24
2021-06-16 13:25:52,2475.65,10,84609,78161,2462.57,255981,0.24
2021-06-16 13:25:53,2475.65,10,84609,78162,2462.57,255981,0.24
2021-06-16 13:25:55,2475.65,10,84609,78197,2462.57,255981,0.24
2021-06-16 13:25:56,2475.65,10,84610,78171,2462.57,255981,0.24
2021-06-16 13:25:57,2475.65,10,84610,78195,2462.57,255981,0.24
2021-06-16 13:25:58,2475.65,10,84613,78195,2462.57,255981,0.24
2021-06-16 13:25:59,2475.9,2,84610,78200,2462.57,255981,0.25
2021-06-16 13:26:00,2475.9,9,84610,78198,2462.58,255996,0.25
2021-06-16 13:26:02,2475.9,9,84609,78189,2462.58,256005,0.25
2021-06-16 13:26:03,2475.9,9,84629,78193,2462.58,256005,0.25
2021-06-16 13:26:04,2475.7,1,84629,78193,2462.58,256005,0.24
2021-06-16 13:26:04,2475.7,1,84628,78192,2462.58,256006,0.24
2021-06-16 13:26:06,2475.7,1,84628,78193,2462.58,256006,0.24
2021-06-16 13:26:09,2475.65,29,84482,78191,2462.59,256234,0.24
2021-06-16 13:26:10,2475.9,1,84482,78191,2462.59,256234,0.25
2021-06-16 13:26:15,2475.9,1,84448,79188,2462.59,256235,0.25
2021-06-16 13:26:16,2475.9,1,84449,79188,2462.59,256235,0.25
2021-06-16 13:26:17,2475.5,30,84449,79189,2462.59,256235,0.23
2021-06-16 13:26:18,2475.5,30,84407,79189,2462.59,256285,0.23
2021-06-16 13:26:19,2475.5,30,84832,79191,2462.59,256285,0.23
2021-06-16 13:26:21,2475.5,30,84832,79190,2462.59,256285,0.23
2021-06-16 13:26:25,2475.5,30,84804,79186,2462.59,256285,0.23
2021-06-16 13:26:26,2475.5,50,84754,79186,2462.59,256335,0.23
2021-06-16 13:26:31,2475.45,95,84645,79186,2462.6,256450,0.23
2021-06-16 13:26:33,2473.6,24,79547,79958,2462.67,258052,0.16
2021-06-16 13:26:33,2473.6,24,81013,78999,2462.69,258538,0.16
2021-06-16 13:26:35,2475.2,1,81480,78948,2462.69,258561,0.22
2021-06-16 13:26:37,2475.2,1,82044,78812,2462.69,258561,0.22
2021-06-16 13:26:39,2475.2,1,82074,78811,2462.69,258561,0.22
2021-06-16 13:26:40,2475.2,1,82074,78812,2462.69,258561,0.22
2021-06-16 13:26:41,2475.2,1,81412,79229,2462.69,258561,0.22
2021-06-16 13:26:42,2475.2,1,81416,78814,2462.69,258561,0.22
2021-06-16 13:26:43,2475.2,1,82213,78796,2462.7,258570,0.22
2021-06-16 13:26:44,2475.2,1,82213,78786,2462.7,258570,0.22
2021-06-16 13:26:45,2475.2,1,82190,78781,2462.7,258570,0.22
2021-06-16 13:26:46,2475.2,1,81591,79420,2462.7,258570,0.22
2021-06-16 13:26:47,2475.2,1,81274,79627,2462.7,258570,0.22
2021-06-16 13:26:48,2475.2,1,81308,79266,2462.7,258570,0.22
2021-06-16 13:26:49,2475.2,1,81308,79283,2462.7,258570,0.22
2021-06-16 13:26:51,2475.2,1,81310,79255,2462.7,258570,0.22
2021-06-16 13:26:53,2475.2,1,81339,79265,2462.7,258570,0.22
2021-06-16 13:26:54,2475.2,1,81365,79385,2462.7,258570,0.22
2021-06-16 13:26:55,2475.2,1,81365,79305,2462.7,258570,0.22
2021-06-16 13:26:56,2475.2,1,81365,79310,2462.7,258570,0.22
2021-06-16 13:26:57,2475.2,1,82144,79468,2462.7,258570,0.22
2021-06-16 13:26:58,2473.85,9,81584,79554,2462.7,258580,0.17
2021-06-16 13:26:59,2473.85,9,81584,79567,2462.7,258580,0.17
2021-06-16 13:27:00,2473.85,9,81574,79560,2462.7,258580,0.17
2021-06-16 13:27:01,2473.85,9,81574,79562,2462.7,258580,0.17
2021-06-16 13:27:02,2473.85,9,82071,78954,2462.7,258580,0.17
2021-06-16 13:27:03,2473.85,9,82071,78931,2462.7,258580,0.17
2021-06-16 13:27:04,2474.9,1,81634,79030,2462.7,258588,0.21
2021-06-16 13:27:05,2474.9,1,81651,79059,2462.7,258588,0.21
2021-06-16 13:27:08,2474.9,1,81751,79051,2462.7,258588,0.21
2021-06-16 13:27:13,2474.9,1,81751,79049,2462.7,258588,0.21
2021-06-16 13:27:14,2474.9,1,81751,79047,2462.7,258588,0.21
2021-06-16 13:27:15,2473.85,20,81751,79084,2462.7,258588,0.17
2021-06-16 13:27:16,2473.85,20,81347,79672,2462.7,258608,0.17
2021-06-16 13:27:17,2473.85,20,81451,79301,2462.7,258608,0.17
2021-06-16 13:27:18,2473.15,1,81451,79301,2462.7,258608,0.14
2021-06-16 13:27:18,2473.15,1,81461,79498,2462.7,258609,0.14
2021-06-16 13:27:19,2473.15,1,81482,79445,2462.7,258609,0.14
2021-06-16 13:27:20,2474.4,3,81482,79423,2462.7,258609,0.19
2021-06-16 13:27:21,2474.4,3,82134,78819,2462.7,258662,0.19
2021-06-16 13:27:21,2474.35,20,82134,78819,2462.7,258662,0.19
2021-06-16 13:27:22,2474.35,20,81520,79671,2462.7,258722,0.19
2021-06-16 13:27:22,2474.35,2,81520,79671,2462.7,258722,0.19
2021-06-16 13:27:23,2474.35,2,81514,79670,2462.7,258724,0.19
2021-06-16 13:27:24,2474.35,1,81563,79692,2462.7,258733,0.19
2021-06-16 13:27:25,2473.15,4,81657,79714,2462.7,258738,0.14
2021-06-16 13:27:27,2473.15,4,81624,79283,2462.7,258738,0.14
2021-06-16 13:27:28,2473.15,4,81624,79273,2462.7,258738,0.14
2021-06-16 13:27:29,2473.15,4,81582,79274,2462.7,258738,0.14
2021-06-16 13:27:30,2473.15,4,81972,79330,2462.7,258738,0.14
2021-06-16 13:27:31,2473.15,4,81972,79280,2462.7,258738,0.14
2021-06-16 13:27:33,2473.15,4,81972,79270,2462.7,258738,0.14
2021-06-16 13:27:36,2473.15,4,81972,79295,2462.7,258738,0.14
2021-06-16 13:27:39,2472.85,25,81956,79307,2462.7,258788,0.13
2021-06-16 13:27:43,2472.85,25,81957,79307,2462.7,258788,0.13
2021-06-16 13:27:45,2472.85,25,81941,79316,2462.7,258788,0.13
2021-06-16 13:27:45,2473.95,4,81926,79318,2462.71,258797,0.17
2021-06-16 13:27:47,2475.4,4,83485,78093,2462.74,259595,0.23
2021-06-16 13:27:48,2475.4,4,83775,78359,2462.74,259595,0.23
2021-06-16 13:27:49,2475.15,5,83203,79030,2462.75,259671,0.22
2021-06-16 13:27:49,2475.15,5,83198,79109,2462.75,259671,0.22
2021-06-16 13:27:51,2475.15,5,83184,79146,2462.75,259671,0.22
2021-06-16 13:27:52,2475.15,5,83165,79146,2462.75,259671,0.22
2021-06-16 13:27:55,2475.15,5,83165,79176,2462.75,259671,0.22
2021-06-16 13:27:56,2475.15,5,83195,79191,2462.75,259671,0.22
2021-06-16 13:27:57,2475.15,5,82395,79191,2462.75,259671,0.22
2021-06-16 13:28:00,2475.15,5,82367,78728,2462.75,259671,0.22
2021-06-16 13:28:01,2475.7,1,82390,78727,2462.75,259672,0.24
2021-06-16 13:28:02,2474.8,7,82418,78729,2462.75,259672,0.21
2021-06-16 13:28:03,2474.8,7,82417,78701,2462.75,259690,0.21
2021-06-16 13:28:04,2474.8,7,82417,78704,2462.75,259690,0.21
2021-06-16 13:28:11,2474.8,7,82448,78705,2462.75,259690,0.21
2021-06-16 13:28:12,2474.85,1,82448,78705,2462.75,259690,0.21
2021-06-16 13:28:12,2474.85,1,82431,78705,2462.75,259691,0.21
2021-06-16 13:28:15,2474.85,1,82844,78707,2462.75,259691,0.21
2021-06-16 13:28:16,2474.85,1,82470,78707,2462.75,259691,0.21
2021-06-16 13:28:17,2474.85,1,82530,78707,2462.75,259691,0.21
2021-06-16 13:28:18,2474.85,1,82530,78708,2462.75,259691,0.21
2021-06-16 13:28:19,2474.85,1,82563,78708,2462.75,259691,0.21
2021-06-16 13:28:21,2474.85,1,82818,79113,2462.75,259691,0.21
2021-06-16 13:28:21,2474.85,1,82808,79113,2462.75,259691,0.21
2021-06-16 13:28:22,2475.9,9,83394,78863,2462.75,259754,0.25
2021-06-16 13:28:25,2475.9,9,83449,78838,2462.75,259754,0.25
2021-06-16 13:28:26,2475.9,9,83707,78838,2462.75,259754,0.25
2021-06-16 13:28:27,2475.15,7,83683,78816,2462.75,259774,0.22
2021-06-16 13:28:28,2475.7,10,83683,78816,2462.75,259774,0.24
2021-06-16 13:28:28,2475.7,10,83203,78821,2462.75,259784,0.24
2021-06-16 13:28:29,2475.15,1,83203,78821,2462.75,259784,0.22
2021-06-16 13:28:30,2475.15,1,83266,78839,2462.75,259789,0.22
2021-06-16 13:28:30,2475.15,1,82866,78840,2462.75,259789,0.22
2021-06-16 13:28:36,2475.15,1,82088,78416,2462.75,259789,0.22
2021-06-16 13:28:37,2474.6,2,82685,78517,2462.75,259791,0.2
2021-06-16 13:28:39,2474.6,2,82685,78520,2462.75,259791,0.2
2021-06-16 13:28:40,2474.6,2,82171,78591,2462.75,259791,0.2
2021-06-16 13:28:41,2475.15,2,82171,78591,2462.75,259791,0.22
2021-06-16 13:28:42,2475.15,2,82308,78834,2462.76,259894,0.22
2021-06-16 13:28:42,2475.15,15,82293,78834,2462.76,259909,0.22
2021-06-16 13:28:45,2475.15,15,82294,78831,2462.76,259909,0.22
2021-06-16 13:28:45,2475.15,15,82303,78831,2462.76,259909,0.22
2021-06-16 13:28:47,2475.15,15,82303,78830,2462.76,259909,0.22
2021-06-16 13:28:47,2475.85,1,82302,78829,2462.76,259910,0.25
2021-06-16 13:28:48,2475.85,9,82303,78829,2462.76,259910,0.25
2021-06-16 13:28:51,2475.85,9,82454,78828,2462.76,259919,0.25
2021-06-16 13:28:51,2475.9,1,82454,78828,2462.76,259919,0.25
2021-06-16 13:28:52,2475.9,1,82454,78825,2462.76,259924,0.25
2021-06-16 13:28:52,2475.9,1,82454,78826,2462.76,259924,0.25
2021-06-16 13:28:55,2475.9,1,82452,78824,2462.76,259924,0.25
2021-06-16 13:29:01,2475.9,1,82452,78825,2462.76,259924,0.25
2021-06-16 13:29:03,2475.9,1,82462,78825,2462.76,259924,0.25
2021-06-16 13:29:04,2475.9,1,82228,78808,2462.76,259924,0.25
2021-06-16 13:29:05,2475.9,1,82229,78808,2462.76,259924,0.25
2021-06-16 13:29:07,2475.9,1,82229,78833,2462.76,259924,0.25
2021-06-16 13:29:09,2475.9,1,82213,78838,2462.76,259924,0.25
2021-06-16 13:29:09,2475.85,4,82213,78838,2462.76,259924,0.25
2021-06-16 13:29:10,2475.85,4,82238,78892,2462.76,259928,0.25
2021-06-16 13:29:12,2475.85,4,82238,78912,2462.76,259928,0.25
2021-06-16 13:29:13,2475.9,2,82467,78730,2462.76,259949,0.25
2021-06-16 13:29:14,2476.0,5,82893,78698,2462.76,259949,0.26
2021-06-16 13:29:15,2476.45,1,83204,76531,2462.76,259961,0.27
2021-06-16 13:29:16,2477.95,1,83248,77410,2462.77,260111,0.33
2021-06-16 13:29:16,2477.95,1,83257,77421,2462.77,260111,0.33
2021-06-16 13:29:18,2477.95,1,83078,77421,2462.77,260111,0.33
2021-06-16 13:29:19,2477.0,67,83128,77443,2462.77,260111,0.3
2021-06-16 13:29:19,2478.4,4,82470,78157,2462.8,260628,0.35
2021-06-16 13:29:22,2478.4,4,82800,78144,2462.8,260628,0.35
2021-06-16 13:29:23,2478.4,4,82800,78134,2462.8,260628,0.35
2021-06-16 13:29:24,2478.4,4,82800,78124,2462.8,260628,0.35
2021-06-16 13:29:25,2476.2,1,82800,78124,2462.8,260628,0.26
2021-06-16 13:29:26,2476.2,1,82801,78108,2462.8,260629,0.26
2021-06-16 13:29:27,2476.2,1,82794,78098,2462.8,260629,0.26
2021-06-16 13:29:27,2477.8,9,82794,78098,2462.8,260629,0.33
2021-06-16 13:29:28,2477.8,9,82917,78027,2462.8,260639,0.33
2021-06-16 13:29:29,2477.8,9,82917,78028,2462.8,260639,0.33
2021-06-16 13:29:30,2477.8,9,82898,78028,2462.8,260639,0.33
2021-06-16 13:29:30,2477.75,8,82898,78028,2462.8,260639,0.33
2021-06-16 13:29:31,2477.75,8,82897,78024,2462.8,260648,0.33
2021-06-16 13:29:32,2477.75,8,82897,78021,2462.8,260648,0.33
2021-06-16 13:29:33,2477.75,8,82917,78389,2462.8,260648,0.33
2021-06-16 13:29:34,2477.75,8,82917,78156,2462.8,260648,0.33
2021-06-16 13:29:35,2476.45,4,82917,78158,2462.8,260648,0.27
2021-06-16 13:29:36,2476.45,4,83299,77724,2462.8,260658,0.27
2021-06-16 13:29:38,2476.45,4,83333,77725,2462.8,260658,0.27
2021-06-16 13:29:39,2476.45,4,83396,77316,2462.8,260658,0.27
2021-06-16 13:29:40,2476.45,4,85286,77462,2462.8,260658,0.27
2021-06-16 13:29:41,2476.45,4,85301,77464,2462.8,260658,0.27
2021-06-16 13:29:42,2476.25,1,85300,77464,2462.8,260659,0.27
2021-06-16 13:29:43,2476.45,5,83102,77890,2462.8,260683,0.27
2021-06-16 13:29:44,2476.45,5,83102,77910,2462.8,260683,0.27
2021-06-16 13:29:45,2476.45,5,83087,77911,2462.8,260683,0.27
2021-06-16 13:29:48,2476.45,5,83125,77911,2462.8,260683,0.27
2021-06-16 13:29:49,2476.45,5,83193,77937,2462.8,260683,0.27
2021-06-16 13:29:50,2477.75,19,83088,77905,2462.8,260703,0.33
2021-06-16 13:29:51,2477.75,1,83088,77910,2462.8,260703,0.33
2021-06-16 13:29:52,2477.75,1,83080,77844,2462.8,260712,0.33
2021-06-16 13:29:54,2477.75,1,83083,77852,2462.8,260712,0.33
2021-06-16 13:29:56,2477.75,1,83083,77994,2462.8,260712,0.33
2021-06-16 13:29:58,2477.75,1,83072,78036,2462.8,260712,0.33
2021-06-16 13:29:59,2477.75,1,83072,78046,2462.8,260712,0.33
2021-06-16 13:30:00,2477.75,10,83072,77981,2462.81,260762,0.33
2021-06-16 13:30:02,2477.75,10,83072,78015,2462.81,260762,0.33
2021-06-16 13:30:04,2476.65,14,83041,77994,2462.81,260762,0.28
2021-06-16 13:30:05,2476.65,14,82996,78017,2462.81,260812,0.28
2021-06-16 13:30:06,2477.8,2,82996,78017,2462.81,260812,0.33
2021-06-16 13:30:07,2477.8,2,83038,78013,2462.81,260817,0.33
2021-06-16 13:30:07,2477.8,2,83039,78013,2462.81,260817,0.33
2021-06-16 13:30:10,2476.45,25,83062,78020,2462.81,260867,0.27
2021-06-16 13:30:14,2476.45,25,83062,78021,2462.81,260867,0.27
2021-06-16 13:30:16,2476.45,25,84764,77176,2462.81,260867,0.27
2021-06-16 13:30:18,2476.45,25,84747,77176,2462.81,260867,0.27
2021-06-16 13:30:18,2476.45,25,84747,77208,2462.81,260867,0.27
2021-06-16 13:30:19,2476.45,25,84748,77176,2462.81,260867,0.27
2021-06-16 13:30:20,2478.1,1,83335,77015,2462.81,260880,0.34
2021-06-16 13:30:21,2478.1,1,83443,77047,2462.81,260880,0.34
2021-06-16 13:30:22,2478.1,1,83291,77047,2462.81,260880,0.34
2021-06-16 13:30:23,2478.1,1,82851,77148,2462.81,260880,0.34
2021-06-16 13:30:24,2478.1,1,83024,77156,2462.81,260880,0.34
2021-06-16 13:30:27,2478.1,1,83117,77106,2462.81,260880,0.34
2021-06-16 13:30:28,2478.1,1,83121,77106,2462.81,260880,0.34
2021-06-16 13:30:29,2478.1,1,83122,77106,2462.81,260880,0.34
2021-06-16 13:30:31,2478.1,1,83122,77138,2462.81,260880,0.34
2021-06-16 13:30:32,2478.1,1,83122,77238,2462.81,260880,0.34
2021-06-16 13:30:33,2479.5,2,83237,77776,2462.81,260880,0.4
2021-06-16 13:30:36,2479.5,2,83236,77772,2462.81,260889,0.4
2021-06-16 13:30:37,2479.5,2,83222,77806,2462.81,260889,0.4
2021-06-16 13:30:39,2479.5,2,83167,77807,2462.81,260889,0.4
2021-06-16 13:30:39,2479.45,9,83167,77807,2462.81,260889,0.39
2021-06-16 13:30:40,2478.1,4,83163,77789,2462.81,260904,0.34
2021-06-16 13:30:41,2479.4,30,83035,77332,2462.82,260939,0.39
2021-06-16 13:30:44,2479.4,30,83005,77332,2462.82,260939,0.39
2021-06-16 13:30:45,2479.4,30,83013,77334,2462.82,260939,0.39
2021-06-16 13:30:46,2479.4,30,82902,77637,2462.82,260939,0.39
2021-06-16 13:30:47,2479.4,30,82957,77638,2462.82,260939,0.39
2021-06-16 13:30:48,2479.4,30,82957,77698,2462.82,260939,0.39
2021-06-16 13:30:49,2479.4,30,82989,77703,2462.82,260939,0.39
2021-06-16 13:30:50,2479.4,30,82825,77570,2462.82,260939,0.39
2021-06-16 13:30:51,2479.4,30,83015,77828,2462.82,260939,0.39
2021-06-16 13:30:52,2479.4,30,83015,77831,2462.82,260939,0.39
2021-06-16 13:30:53,2479.4,30,82509,78281,2462.82,260939,0.39
2021-06-16 13:30:54,2478.45,1,83887,78091,2462.82,260940,0.35
2021-06-16 13:30:55,2478.45,1,83855,78201,2462.82,260940,0.35
2021-06-16 13:30:56,2478.45,1,83855,78185,2462.82,260940,0.35
2021-06-16 13:30:58,2478.45,1,83829,78185,2462.82,260940,0.35
2021-06-16 13:30:59,2478.6,1,83573,77679,2462.82,261042,0.36
2021-06-16 13:31:00,2478.6,1,82900,77560,2462.82,261048,0.36
2021-06-16 13:31:01,2478.6,1,82904,77551,2462.82,261048,0.36
2021-06-16 13:31:02,2479.05,1,82904,77551,2462.82,261048,0.38
2021-06-16 13:31:03,2479.05,1,82848,77711,2462.82,261049,0.38
2021-06-16 13:31:04,2479.05,1,82891,77618,2462.82,261049,0.38
2021-06-16 13:31:06,2479.05,1,83010,77911,2462.82,261049,0.38
2021-06-16 13:31:07,2479.05,1,83010,77944,2462.82,261049,0.38
2021-06-16 13:31:09,2479.05,1,83010,77961,2462.82,261057,0.38
2021-06-16 13:31:09,2479.05,1,83010,77971,2462.82,261057,0.38
2021-06-16 13:31:10,2479.05,1,83010,77921,2462.82,261057,0.38
2021-06-16 13:31:11,2479.05,1,83226,77597,2462.82,261057,0.38
2021-06-16 13:31:12,2478.2,36,83226,77597,2462.82,261057,0.34
2021-06-16 13:31:12,2478.2,36,83323,77860,2462.83,261115,0.34
2021-06-16 13:31:13,2479.2,48,83323,77860,2462.83,261115,0.38
2021-06-16 13:31:13,2479.2,48,83207,77831,2462.83,261193,0.38
2021-06-16 13:31:14,2479.2,48,83207,77856,2462.83,261193,0.38
2021-06-16 13:31:15,2479.3,7,83210,77844,2462.83,261202,0.39
2021-06-16 13:31:17,2479.3,7,83127,77806,2462.83,261202,0.39
2021-06-16 13:31:18,2480.15,8,83127,77806,2462.83,261202,0.42
2021-06-16 13:31:18,2480.15,8,83835,76696,2462.85,261432,0.42
2021-06-16 13:31:19,2480.15,8,83850,76778,2462.85,261432,0.42
2021-06-16 13:31:20,2480.15,8,83850,76760,2462.85,261432,0.42
2021-06-16 13:31:22,2479.4,22,83869,76761,2462.85,261432,0.39
2021-06-16 13:31:22,2479.4,22,83330,76688,2462.86,261692,0.39
2021-06-16 13:31:24,2479.4,22,83268,76881,2462.86,261692,0.39
2021-06-16 13:31:24,2479.4,22,83257,77043,2462.86,261692,0.39
2021-06-16 13:31:25,2479.4,22,83521,76651,2462.86,261692,0.39
2021-06-16 13:31:26,2479.4,22,83770,76803,2462.86,261692,0.39
2021-06-16 13:31:27,2479.4,22,83874,77064,2462.86,261692,0.39
2021-06-16 13:31:27,2480.15,29,83874,77064,2462.86,261692,0.42
2021-06-16 13:31:28,2480.15,29,83765,77038,2462.87,261722,0.42
2021-06-16 13:31:30,2480.15,29,83766,77038,2462.87,261722,0.42
2021-06-16 13:31:31,2480.15,29,83766,77041,2462.87,261722,0.42
2021-06-16 13:31:32,2480.15,29,83900,77041,2462.87,261722,0.42
2021-06-16 13:31:33,2480.15,29,83900,77091,2462.87,261722,0.42
2021-06-16 13:31:36,2480.15,29,83898,77091,2462.87,261722,0.42
2021-06-16 13:31:36,2480.1,1,83842,77047,2462.87,261731,0.42
2021-06-16 13:31:37,2480.1,1,83942,77032,2462.87,261731,0.42
2021-06-16 13:31:39,2480.1,1,84183,77056,2462.87,261731,0.42
2021-06-16 13:31:40,2480.15,10,84078,77041,2462.87,261741,0.42
2021-06-16 13:31:41,2480.15,10,83881,77044,2462.87,261741,0.42
2021-06-16 13:31:42,2479.25,1,83881,77044,2462.87,261741,0.39
2021-06-16 13:31:42,2480.0,50,83880,77096,2462.87,261792,0.42
2021-06-16 13:31:43,2480.0,50,83892,77096,2462.87,261792,0.42
2021-06-16 13:31:44,2480.0,50,83892,77099,2462.87,261792,0.42
2021-06-16 13:31:45,2480.0,50,84334,76971,2462.87,261792,0.42
2021-06-16 13:31:46,2480.0,10,83896,77387,2462.87,261839,0.42
2021-06-16 13:31:46,2479.15,4,83896,77387,2462.87,261839,0.38
2021-06-16 13:31:47,2478.15,6,83343,77507,2462.88,261914,0.34
2021-06-16 13:31:48,2478.15,6,83632,77688,2462.88,261914,0.34
2021-06-16 13:31:49,2478.15,6,83417,77656,2462.88,261914,0.34
2021-06-16 13:31:50,2478.15,6,85141,77609,2462.88,261914,0.34
2021-06-16 13:31:51,2478.15,6,85259,77750,2462.88,261914,0.34
2021-06-16 13:31:52,2478.15,6,84960,77766,2462.88,261914,0.34
2021-06-16 13:31:53,2478.15,6,84959,77752,2462.88,261914,0.34
2021-06-16 13:31:54,2478.15,6,84959,77765,2462.88,261914,0.34
2021-06-16 13:31:56,2478.5,2,83856,77496,2462.88,261942,0.36
2021-06-16 13:31:57,2479.25,4,83817,77499,2462.88,261952,0.39
2021-06-16 13:31:58,2479.25,4,83417,77509,2462.88,261952,0.39
2021-06-16 13:31:59,2479.3,1,83646,77557,2462.88,261953,0.39
2021-06-16 13:32:01,2479.3,1,83746,77567,2462.88,261953,0.39
2021-06-16 13:32:03,2479.3,1,83274,77567,2462.88,261953,0.39
2021-06-16 13:32:05,2479.3,1,83374,77567,2462.88,261953,0.39
2021-06-16 13:32:07,2479.3,1,83304,77572,2462.88,261953,0.39
2021-06-16 13:32:08,2479.3,1,83304,77586,2462.88,261953,0.39
2021-06-16 13:32:09,2479.3,1,83335,77595,2462.88,261953,0.39
2021-06-16 13:32:10,2479.3,1,82971,77678,2462.88,261953,0.39
2021-06-16 13:32:11,2479.7,5,82971,77678,2462.88,261953,0.4
2021-06-16 13:32:13,2479.7,5,83690,77516,2462.88,261963,0.4
2021-06-16 13:32:14,2479.7,5,83651,77516,2462.88,261963,0.4
2021-06-16 13:32:15,2479.7,5,83155,77513,2462.88,261963,0.4
2021-06-16 13:32:16,2479.7,5,83655,77523,2462.88,261963,0.4
2021-06-16 13:32:18,2479.7,5,83137,77923,2462.88,261963,0.4
2021-06-16 13:32:18,2479.7,5,83155,77936,2462.88,261963,0.4
2021-06-16 13:32:19,2479.7,5,83154,77931,2462.88,261972,0.4
2021-06-16 13:32:21,2479.7,5,83154,77889,2462.88,261972,0.4
2021-06-16 13:32:22,2479.7,5,83154,77940,2462.88,261972,0.4
2021-06-16 13:32:24,2479.7,5,83154,77972,2462.88,261972,0.4
2021-06-16 13:32:24,2479.7,1,83154,77972,2462.88,261972,0.4
2021-06-16 13:32:25,2479.7,1,83154,77971,2462.88,261974,0.4
2021-06-16 13:32:26,2479.7,1,83150,77576,2462.88,261974,0.4
2021-06-16 13:32:28,2479.7,1,83149,77904,2462.88,261974,0.4
2021-06-16 13:32:31,2479.7,1,83149,77904,2462.88,261975,0.4
2021-06-16 13:32:31,2479.7,1,83640,77877,2462.88,261975,0.4
2021-06-16 13:32:33,2479.7,1,83635,77877,2462.88,261975,0.4
2021-06-16 13:32:33,2479.7,1,83635,77852,2462.88,261975,0.4
2021-06-16 13:32:34,2479.7,1,83636,77852,2462.88,261975,0.4
2021-06-16 13:32:36,2479.3,2,84298,77844,2462.88,261975,0.39
2021-06-16 13:32:36,2479.3,2,83896,77847,2462.88,261977,0.39
2021-06-16 13:32:37,2479.3,2,83895,77847,2462.88,261977,0.39
2021-06-16 13:32:39,2479.7,9,83894,77838,2462.88,261986,0.4
2021-06-16 13:32:40,2479.7,9,83921,77835,2462.88,261986,0.4
2021-06-16 13:32:40,2479.7,10,83921,77835,2462.88,261986,0.4
2021-06-16 13:32:41,2479.7,10,83921,77825,2462.88,261996,0.4
2021-06-16 13:32:43,2479.7,10,83921,77818,2462.88,261996,0.4
2021-06-16 13:32:44,2479.7,10,83921,77819,2462.88,261996,0.4
2021-06-16 13:32:45,2479.7,10,84199,77242,2462.88,261996,0.4
2021-06-16 13:32:46,2479.7,10,85069,77242,2462.88,261996,0.4
2021-06-16 13:32:48,2479.7,10,84482,77342,2462.88,261996,0.4
2021-06-16 13:32:48,2479.7,5,84482,77258,2462.88,262006,0.4
2021-06-16 13:32:49,2479.7,1,84482,77258,2462.88,262006,0.4
2021-06-16 13:32:50,2479.7,1,84480,77334,2462.88,262011,0.4
2021-06-16 13:32:50,2479.7,1,84880,77334,2462.88,262011,0.4
2021-06-16 13:32:52,2479.7,1,84480,77306,2462.88,262011,0.4
2021-06-16 13:32:53,2479.7,1,84160,77167,2462.88,262011,0.4
2021-06-16 13:32:54,2479.7,1,84480,77793,2462.88,262011,0.4
2021-06-16 13:32:55,2479.7,1,84881,77305,2462.88,262011,0.4
2021-06-16 13:32:57,2479.7,1,84481,77305,2462.88,262011,0.4
2021-06-16 13:32:58,2479.7,1,84910,77312,2462.88,262011,0.4
2021-06-16 13:33:00,2480.3,15,84910,77312,2462.88,262011,0.43
2021-06-16 13:33:00,2480.3,15,84719,77284,2462.89,262108,0.43
2021-06-16 13:33:01,2480.3,15,84333,77286,2462.89,262108,0.43
2021-06-16 13:33:04,2480.3,15,84326,77286,2462.89,262108,0.43
2021-06-16 13:33:05,2481.95,4,84325,77282,2462.89,262116,0.5
2021-06-16 13:33:07,2481.95,4,84325,77296,2462.89,262116,0.5
2021-06-16 13:33:08,2481.95,4,84405,77312,2462.89,262116,0.5
2021-06-16 13:33:09,2481.95,4,84005,77345,2462.89,262116,0.5
2021-06-16 13:33:10,2481.95,4,84784,77314,2462.89,262116,0.5
2021-06-16 13:33:11,2481.95,4,84770,77344,2462.89,262116,0.5
2021-06-16 13:33:12,2481.95,4,84729,77344,2462.89,262116,0.5
2021-06-16 13:33:13,2481.95,4,84329,77344,2462.89,262116,0.5
2021-06-16 13:33:14,2481.95,4,84320,77402,2462.89,262116,0.5
2021-06-16 13:33:15,2481.95,1,84320,77402,2462.89,262116,0.5
2021-06-16 13:33:15,2481.95,1,84331,77401,2462.89,262117,0.5
2021-06-16 13:33:17,2481.95,1,83932,77401,2462.89,262117,0.5
2021-06-16 13:33:18,2481.95,1,84332,77401,2462.89,262117,0.5
2021-06-16 13:33:19,2482.0,7,84325,77383,2462.89,262142,0.5
2021-06-16 13:33:20,2482.0,1,84294,77284,2462.89,262148,0.5
2021-06-16 13:33:21,2482.0,9,84386,77275,2462.89,262157,0.5
2021-06-16 13:33:22,2482.0,9,84396,77275,2462.89,262157,0.5
2021-06-16 13:33:23,2482.0,9,84396,77307,2462.89,262157,0.5
2021-06-16 13:33:24,2480.5,7,84077,77195,2462.9,262257,0.44
2021-06-16 13:33:25,2480.5,7,84098,77242,2462.9,262257,0.44
2021-06-16 13:33:27,2480.5,7,84099,77247,2462.9,262257,0.44
2021-06-16 13:33:28,2481.8,3,84123,77189,2462.9,262267,0.49
2021-06-16 13:33:30,2481.8,3,84154,77189,2462.9,262267,0.49
2021-06-16 13:33:30,2481.8,3,83830,77268,2462.9,262267,0.49
2021-06-16 13:33:31,2481.8,3,84056,77264,2462.9,262267,0.49
2021-06-16 13:33:32,2481.8,3,84056,77254,2462.9,262267,0.49
2021-06-16 13:33:33,2481.8,3,84056,77265,2462.9,262267,0.49
2021-06-16 13:33:34,2481.8,3,83587,76920,2462.9,262267,0.49
2021-06-16 13:33:36,2481.8,3,83861,76881,2462.9,262267,0.49
2021-06-16 13:33:38,2481.8,3,83941,76882,2462.9,262267,0.49
2021-06-16 13:33:40,2481.8,3,83898,77463,2462.9,262267,0.49
2021-06-16 13:33:41,2481.8,3,85007,77333,2462.9,262267,0.49
2021-06-16 13:33:42,2481.8,3,84997,77333,2462.9,262267,0.49
2021-06-16 13:33:42,2481.4,9,84997,77333,2462.9,262267,0.47
2021-06-16 13:33:43,2481.4,9,85037,77333,2462.9,262276,0.47
2021-06-16 13:33:43,2481.4,9,84987,77333,2462.9,262276,0.47
2021-06-16 13:33:45,2481.4,9,85035,77333,2462.9,262276,0.47
2021-06-16 13:33:45,2481.4,9,85035,77338,2462.9,262276,0.47
2021-06-16 13:33:46,2482.0,23,85035,77338,2462.9,262276,0.5
2021-06-16 13:33:46,2482.0,23,84661,77401,2462.91,262424,0.5
2021-06-16 13:33:47,2482.0,23,84651,77389,2462.91,262424,0.5
2021-06-16 13:33:48,2482.0,23,84678,77389,2462.91,262424,0.5
2021-06-16 13:33:49,2482.0,23,84678,77379,2462.91,262424,0.5
2021-06-16 13:33:50,2482.0,23,84688,77379,2462.91,262424,0.5
2021-06-16 13:33:52,2482.0,23,84697,77379,2462.91,262424,0.5
2021-06-16 13:33:53,2482.0,23,84671,77651,2462.91,262424,0.5
2021-06-16 13:33:54,2482.0,23,84647,77651,2462.91,262424,0.5
2021-06-16 13:33:55,2480.4,6,84647,77651,2462.91,262424,0.43
2021-06-16 13:33:56,2480.4,6,84522,77695,2462.91,262449,0.43
2021-06-16 13:33:57,2480.4,6,84530,77720,2462.91,262449,0.43
2021-06-16 13:33:58,2480.4,6,84495,77688,2462.91,262449,0.43
2021-06-16 13:33:59,2480.4,6,84495,77696,2462.91,262449,0.43
2021-06-16 13:34:00,2480.4,6,84707,77302,2462.91,262449,0.43
2021-06-16 13:34:01,2480.4,6,84750,77582,2462.91,262449,0.43
2021-06-16 13:34:03,2480.4,6,84657,77553,2462.91,262449,0.43
2021-06-16 13:34:03,2481.9,8,84716,77528,2462.92,262458,0.49
2021-06-16 13:34:04,2481.9,8,85126,77555,2462.92,262458,0.49
2021-06-16 13:34:06,2481.9,8,84746,77555,2462.92,262458,0.49
2021-06-16 13:34:07,2481.9,8,84737,77556,2462.92,262458,0.49
2021-06-16 13:34:10,2481.9,8,84846,77585,2462.92,262458,0.49
2021-06-16 13:34:13,2481.9,8,84824,77585,2462.92,262458,0.49
2021-06-16 13:34:13,2481.0,5,84824,77585,2462.92,262458,0.46
2021-06-16 13:34:14,2481.0,5,84674,77595,2462.92,262463,0.46
2021-06-16 13:34:15,2481.0,5,84674,77628,2462.92,262463,0.46
2021-06-16 13:34:17,2481.0,5,84701,77638,2462.92,262463,0.46
2021-06-16 13:34:18,2481.0,5,84701,77595,2462.92,262463,0.46
2021-06-16 13:34:20,2481.0,5,84752,77673,2462.92,262463,0.46
2021-06-16 13:34:22,2481.0,5,84782,77673,2462.92,262463,0.46
2021-06-16 13:34:22,2482.0,117,84782,77675,2462.92,262463,0.5
2021-06-16 13:34:23,2481.1,1,84782,77675,2462.92,262463,0.46
2021-06-16 13:34:24,2481.1,1,84812,76960,2462.94,262864,0.46
2021-06-16 13:34:24,2482.0,9,84829,77221,2462.95,262873,0.5
2021-06-16 13:34:25,2482.0,40,84829,77221,2462.95,262873,0.5
2021-06-16 13:34:26,2482.0,40,84753,77306,2462.95,262923,0.5
2021-06-16 13:34:27,2482.0,20,84753,77293,2462.95,262943,0.5
2021-06-16 13:34:28,2482.0,20,84778,77323,2462.95,262943,0.5
2021-06-16 13:34:30,2482.0,20,84775,77364,2462.95,262943,0.5
2021-06-16 13:34:30,2482.0,20,84775,77366,2462.95,262943,0.5
2021-06-16 13:34:33,2482.0,54,84775,77366,2462.95,262943,0.5
2021-06-16 13:34:33,2482.0,54,84806,77266,2462.96,263043,0.5
2021-06-16 13:34:34,2482.0,54,84806,77302,2462.96,263043,0.5
2021-06-16 13:34:36,2482.0,6,84806,77352,2462.96,263043,0.5
2021-06-16 13:34:37,2482.0,6,84922,76807,2462.96,263055,0.5
2021-06-16 13:34:37,2482.0,6,84954,76701,2462.96,263055,0.5
2021-06-16 13:34:39,2482.0,6,84881,76859,2462.96,263055,0.5
2021-06-16 13:34:39,2482.0,6,84891,77207,2462.96,263055,0.5
2021-06-16 13:34:40,2482.55,2,85266,76038,2462.96,263123,0.52
2021-06-16 13:34:41,2482.0,1,85266,76038,2462.96,263123,0.5
2021-06-16 13:34:42,2482.0,1,85199,76530,2462.96,263127,0.5
2021-06-16 13:34:43,2482.0,1,85189,76530,2462.96,263127,0.5
2021-06-16 13:34:43,2482.0,1,85155,76935,2462.96,263127,0.5
2021-06-16 13:34:45,2482.0,5,85155,76935,2462.96,263127,0.5
2021-06-16 13:34:45,2483.0,94,85257,76596,2462.97,263233,0.54
2021-06-16 13:34:46,2483.0,94,84857,76642,2462.97,263233,0.54
2021-06-16 13:34:48,2482.55,1,85257,76694,2462.97,263234,0.52
2021-06-16 13:34:48,2482.05,30,85257,76694,2462.97,263234,0.5
2021-06-16 13:34:49,2482.05,30,84994,75917,2463.0,263637,0.5
2021-06-16 13:34:49,2482.05,30,85794,76307,2463.0,263637,0.5
2021-06-16 13:34:51,2482.05,30,85267,76497,2463.0,263637,0.5
2021-06-16 13:34:51,2483.0,3,85400,76486,2463.0,263640,0.54
2021-06-16 13:34:52,2483.0,3,85400,76497,2463.0,263640,0.54
2021-06-16 13:34:53,2483.0,3,85759,76430,2463.0,263640,0.54
2021-06-16 13:34:55,2483.0,3,85759,76431,2463.0,263640,0.54
2021-06-16 13:34:56,2482.9,25,85762,76410,2463.0,263640,0.53
2021-06-16 13:34:57,2482.9,25,85832,76382,2463.0,263665,0.53
2021-06-16 13:34:58,2482.9,25,85710,76383,2463.0,263665,0.53
2021-06-16 13:35:00,2482.9,25,85715,76344,2463.0,263665,0.53
2021-06-16 13:35:01,2482.9,25,85686,76394,2463.0,263665,0.53
2021-06-16 13:35:03,2482.9,25,85711,76394,2463.0,263665,0.53
2021-06-16 13:35:04,2482.9,25,86134,76395,2463.0,263665,0.53
2021-06-16 13:35:06,2482.9,25,85734,76395,2463.0,263665,0.53
2021-06-16 13:35:06,2482.9,1,85733,76389,2463.01,263674,0.53
2021-06-16 13:35:07,2482.55,5,85671,76412,2463.01,263679,0.52
2021-06-16 13:35:09,2482.35,2,85690,76412,2463.01,263679,0.51
2021-06-16 13:35:09,2482.35,2,85097,76411,2463.01,263681,0.51
2021-06-16 13:35:10,2482.35,2,85108,76415,2463.01,263681,0.51
2021-06-16 13:35:12,2482.35,2,85508,76415,2463.01,263681,0.51
2021-06-16 13:35:12,2482.35,2,85508,76454,2463.01,263681,0.51
2021-06-16 13:35:13,2482.35,2,85508,76459,2463.01,263681,0.51
2021-06-16 13:35:14,2483.0,11,85508,76459,2463.01,263681,0.54
2021-06-16 13:35:15,2483.0,11,85589,76461,2463.01,263700,0.54
2021-06-16 13:35:16,2483.0,11,85589,76441,2463.01,263700,0.54
2021-06-16 13:35:18,2483.0,11,85620,76443,2463.01,263700,0.54
2021-06-16 13:35:18,2483.0,6,85620,76443,2463.01,263700,0.54
2021-06-16 13:35:19,2483.0,10,85660,76428,2463.01,263716,0.54
2021-06-16 13:35:20,2483.0,10,85650,76428,2463.01,263716,0.54
2021-06-16 13:35:21,2483.0,2,85957,75436,2463.01,263742,0.54
2021-06-16 13:35:22,2483.0,2,85963,75604,2463.01,263742,0.54
2021-06-16 13:35:23,2482.55,10,85927,75853,2463.01,263775,0.52
2021-06-16 13:35:24,2482.55,10,85854,75897,2463.01,263775,0.52
2021-06-16 13:35:25,2482.55,10,85882,75897,2463.01,263775,0.52
2021-06-16 13:35:25,2482.55,10,85880,75897,2463.01,263775,0.52
2021-06-16 13:35:26,2482.55,10,85880,75903,2463.01,263775,0.52
2021-06-16 13:35:27,2483.65,1,85653,76311,2463.01,263776,0.56
2021-06-16 13:35:28,2483.65,1,85781,76456,2463.01,263776,0.56
2021-06-16 13:35:29,2483.65,1,85781,76459,2463.01,263776,0.56
2021-06-16 13:35:30,2482.55,10,85781,76459,2463.01,263776,0.52
2021-06-16 13:35:31,2482.55,10,85584,76097,2463.02,263816,0.52
2021-06-16 13:35:33,2482.55,10,85584,76098,2463.02,263816,0.52
2021-06-16 13:35:34,2482.55,5,85585,76098,2463.02,263816,0.52
2021-06-16 13:35:34,2482.55,5,85549,76020,2463.02,263821,0.52
2021-06-16 13:35:36,2482.55,5,85550,76020,2463.02,263821,0.52
2021-06-16 13:35:37,2482.55,5,85632,75987,2463.02,263821,0.52
2021-06-16 13:35:38,2482.55,5,85606,75975,2463.02,263821,0.52
2021-06-16 13:35:39,2482.55,5,85607,75970,2463.02,263821,0.52
2021-06-16 13:35:41,2483.65,4,85621,76328,2463.02,263826,0.56
2021-06-16 13:35:42,2483.65,3,85637,76329,2463.02,263829,0.56
2021-06-16 13:35:43,2483.65,3,85589,76330,2463.02,263829,0.56
2021-06-16 13:35:44,2483.65,10,85579,76330,2463.02,263839,0.56
2021-06-16 13:35:46,2483.65,10,85579,76331,2463.02,263839,0.56
2021-06-16 13:35:46,2483.65,7,85579,76332,2463.02,263839,0.56
2021-06-16 13:35:48,2483.65,7,85576,76332,2463.02,263849,0.56
2021-06-16 13:35:48,2483.8,1,85576,76332,2463.02,263849,0.57
2021-06-16 13:35:50,2483.8,1,85597,76328,2463.02,263850,0.57
2021-06-16 13:35:51,2483.8,1,85096,76252,2463.02,263851,0.57
2021-06-16 13:35:52,2483.8,1,85096,76251,2463.02,263851,0.57
2021-06-16 13:35:52,2483.8,1,85062,76184,2463.02,263851,0.57
2021-06-16 13:35:54,2483.8,1,85092,76176,2463.02,263851,0.57
2021-06-16 13:35:55,2483.8,1,85125,76176,2463.02,263851,0.57
2021-06-16 13:35:55,2483.8,1,85133,76177,2463.02,263851,0.57
2021-06-16 13:35:57,2483.8,1,85083,76188,2463.02,263851,0.57
2021-06-16 13:35:57,2482.6,15,85423,76265,2463.02,263881,0.52
2021-06-16 13:35:59,2482.6,15,85423,76306,2463.02,263881,0.52
2021-06-16 13:36:00,2482.6,15,85423,76308,2463.02,263881,0.52
2021-06-16 13:36:01,2482.6,15,85372,76308,2463.02,263881,0.52
2021-06-16 13:36:02,2483.55,9,85191,76301,2463.04,264071,0.56
2021-06-16 13:36:03,2483.6,1,85220,76312,2463.04,264076,0.56
2021-06-16 13:36:04,2483.6,1,85221,76312,2463.04,264076,0.56
2021-06-16 13:36:06,2483.6,1,85224,76312,2463.04,264076,0.56
2021-06-16 13:36:06,2482.6,1,85220,76313,2463.04,264077,0.52
2021-06-16 13:36:07,2482.6,1,85196,76354,2463.04,264077,0.52
2021-06-16 13:36:09,2482.6,1,85196,76355,2463.04,264077,0.52
2021-06-16 13:36:09,2483.5,8,85196,76355,2463.04,264077,0.56
2021-06-16 13:36:10,2483.5,8,85195,76347,2463.04,264085,0.56
2021-06-16 13:36:10,2483.5,8,85195,76332,2463.04,264085,0.56
2021-06-16 13:36:13,2483.5,8,85195,76333,2463.04,264085,0.56
2021-06-16 13:36:13,2483.5,8,85195,76308,2463.04,264085,0.56
2021-06-16 13:36:14,2483.5,8,85195,76281,2463.04,264085,0.56
2021-06-16 13:36:15,2482.6,30,85195,76281,2463.04,264085,0.52
2021-06-16 13:36:16,2482.6,30,85191,76256,2463.04,264115,0.52
2021-06-16 13:36:16,2482.6,30,85186,76349,2463.04,264115,0.52
2021-06-16 13:36:17,2482.6,30,85186,76373,2463.04,264115,0.52
2021-06-16 13:36:19,2482.6,30,85160,76386,2463.04,264115,0.52
2021-06-16 13:36:19,2482.6,30,85193,76386,2463.04,264115,0.52
2021-06-16 13:36:21,2482.6,30,85219,76387,2463.04,264115,0.52
2021-06-16 13:36:22,2482.6,30,85219,76477,2463.04,264115,0.52
2021-06-16 13:36:23,2482.6,30,85219,76527,2463.04,264115,0.52
2021-06-16 13:36:24,2482.6,30,85237,76527,2463.04,264115,0.52
2021-06-16 13:36:25,2482.6,30,85212,76527,2463.04,264115,0.52
2021-06-16 13:36:26,2482.6,30,85212,76560,2463.04,264115,0.52
2021-06-16 13:36:27,2482.6,30,85212,76529,2463.04,264115,0.52
2021-06-16 13:36:28,2482.6,30,85180,76552,2463.04,264115,0.52
2021-06-16 13:36:28,2482.6,30,85063,76557,2463.04,264115,0.52
2021-06-16 13:36:30,2482.6,30,85063,76558,2463.04,264115,0.52
2021-06-16 13:36:30,2483.45,9,85063,76558,2463.04,264115,0.56
2021-06-16 13:36:31,2483.45,9,85035,76575,2463.04,264124,0.56
2021-06-16 13:36:31,2483.45,9,85035,76587,2463.04,264124,0.56
2021-06-16 13:36:33,2483.45,9,88236,76622,2463.04,264124,0.56
2021-06-16 13:36:34,2483.45,9,88236,76648,2463.04,264124,0.56
2021-06-16 13:36:34,2483.45,9,88236,76639,2463.04,264124,0.56
2021-06-16 13:36:35,2482.0,4,88236,76639,2463.04,264124,0.5
2021-06-16 13:36:36,2482.0,4,89908,76311,2463.05,264244,0.5
2021-06-16 13:36:37,2482.0,4,89968,76326,2463.05,264244,0.5
2021-06-16 13:36:37,2482.0,1,89938,76273,2463.05,264244,0.5
2021-06-16 13:36:38,2482.35,3,89938,76273,2463.05,264244,0.51
2021-06-16 13:36:39,2482.35,3,88313,76436,2463.07,264591,0.51
2021-06-16 13:36:39,2482.35,3,88287,76740,2463.07,264591,0.51
2021-06-16 13:36:40,2482.35,3,88307,76698,2463.07,264591,0.51
2021-06-16 13:36:42,2482.35,3,88307,76680,2463.07,264591,0.51
2021-06-16 13:36:43,2482.35,3,88307,76688,2463.07,264591,0.51
2021-06-16 13:36:44,2482.35,3,88340,76688,2463.07,264591,0.51
2021-06-16 13:36:45,2482.35,3,88369,76689,2463.07,264591,0.51
2021-06-16 13:36:46,2482.35,5,88365,76695,2463.07,264596,0.51
2021-06-16 13:36:49,2482.35,5,88365,76696,2463.07,264596,0.51
2021-06-16 13:36:50,2482.35,5,88350,76699,2463.07,264596,0.51
2021-06-16 13:36:51,2483.4,1,88350,76699,2463.07,264596,0.55
2021-06-16 13:36:52,2483.4,1,88406,76773,2463.08,264610,0.55
2021-06-16 13:36:53,2483.4,1,88408,76801,2463.08,264610,0.55
2021-06-16 13:36:54,2483.4,1,87985,76458,2463.08,264610,0.55
2021-06-16 13:36:56,2483.4,1,87992,76437,2463.08,264610,0.55
2021-06-16 13:36:57,2483.4,1,87992,76475,2463.08,264610,0.55
2021-06-16 13:36:58,2484.0,8,87992,76475,2463.08,264610,0.58
2021-06-16 13:36:58,2484.0,8,88242,76337,2463.12,265200,0.58
2021-06-16 13:37:00,2484.0,8,87723,76233,2463.12,265200,0.58
2021-06-16 13:37:01,2483.4,10,87878,76176,2463.12,265210,0.55
2021-06-16 13:37:01,2483.4,10,88233,76166,2463.12,265210,0.55
2021-06-16 13:37:03,2483.4,10,88243,76166,2463.12,265210,0.55
2021-06-16 13:37:04,2483.4,10,88323,76555,2463.12,265210,0.55
2021-06-16 13:37:04,2483.4,10,88323,76520,2463.12,265210,0.55
2021-06-16 13:37:05,2482.25,200,88323,76520,2463.12,265210,0.51
2021-06-16 13:37:06,2482.25,200,88323,76520,2463.13,265410,0.51
2021-06-16 13:37:07,2482.25,200,88323,76483,2463.13,265410,0.51
2021-06-16 13:37:07,2482.25,200,88294,76498,2463.13,265410,0.51
2021-06-16 13:37:09,2482.25,200,88231,76541,2463.13,265410,0.51
2021-06-16 13:37:10,2482.25,200,88631,76542,2463.13,265410,0.51
2021-06-16 13:37:11,2482.25,200,88631,76612,2463.13,265410,0.51
2021-06-16 13:37:12,2483.35,9,88631,76612,2463.13,265410,0.55
2021-06-16 13:37:13,2483.35,2,88630,76603,2463.14,265419,0.55
2021-06-16 13:37:14,2483.35,2,88670,76557,2463.14,265441,0.55
2021-06-16 13:37:15,2483.35,2,88671,76564,2463.14,265441,0.55
2021-06-16 13:37:16,2483.35,2,88661,76564,2463.14,265441,0.55
2021-06-16 13:37:17,2483.35,2,88671,76566,2463.14,265441,0.55
2021-06-16 13:37:18,2483.35,2,88671,76582,2463.14,265441,0.55
2021-06-16 13:37:19,2482.5,25,89132,76527,2463.14,265466,0.52
2021-06-16 13:37:20,2482.5,25,89142,76528,2463.14,265466,0.52
2021-06-16 13:37:21,2482.5,25,89132,76528,2463.14,265466,0.52
2021-06-16 13:37:21,2482.5,25,89136,76527,2463.14,265466,0.52
2021-06-16 13:37:22,2482.5,25,87466,76739,2463.14,265466,0.52
2021-06-16 13:37:24,2482.5,25,87894,76754,2463.14,265466,0.52
2021-06-16 13:37:25,2483.35,1,88294,76731,2463.14,265468,0.55
2021-06-16 13:37:25,2483.35,1,88378,76731,2463.14,265468,0.55
2021-06-16 13:37:27,2483.35,1,88294,76752,2463.14,265468,0.55
2021-06-16 13:37:28,2483.35,1,88298,76729,2463.14,265478,0.55
2021-06-16 13:37:28,2483.35,1,87899,76752,2463.14,265478,0.55
2021-06-16 13:37:30,2483.35,1,88314,76802,2463.14,265478,0.55
2021-06-16 13:37:31,2483.35,1,87914,76802,2463.14,265478,0.55
2021-06-16 13:37:33,2483.35,1,88314,76808,2463.14,265478,0.55
2021-06-16 13:37:34,2483.35,1,88152,76808,2463.14,265487,0.55
2021-06-16 13:37:36,2483.35,1,88152,76825,2463.14,265487,0.55
2021-06-16 13:37:38,2483.35,1,88152,76823,2463.14,265487,0.55
2021-06-16 13:37:39,2483.35,1,87780,76797,2463.14,265487,0.55
2021-06-16 13:37:40,2483.35,1,87752,76797,2463.14,265487,0.55
2021-06-16 13:37:42,2483.35,1,87752,76829,2463.14,265487,0.55
2021-06-16 13:37:43,2483.35,1,87995,76831,2463.14,265487,0.55
2021-06-16 13:37:44,2483.35,1,87995,76811,2463.14,265487,0.55
2021-06-16 13:37:46,2483.35,1,87995,76812,2463.14,265487,0.55
2021-06-16 13:37:46,2483.35,3,87995,76809,2463.14,265492,0.55
2021-06-16 13:37:48,2483.35,3,88429,76817,2463.14,265492,0.55
2021-06-16 13:37:49,2483.35,3,88429,76890,2463.14,265492,0.55
2021-06-16 13:37:50,2483.35,3,88433,76891,2463.14,265492,0.55
2021-06-16 13:37:51,2483.35,3,88433,76868,2463.14,265492,0.55
2021-06-16 13:37:52,2482.55,5,88028,76892,2463.14,265497,0.52
2021-06-16 13:37:54,2483.35,1,88551,76950,2463.14,265506,0.55
2021-06-16 13:37:55,2483.35,1,88554,76953,2463.14,265506,0.55
2021-06-16 13:37:55,2482.55,2,88554,76953,2463.14,265506,0.52
2021-06-16 13:37:56,2482.55,2,88549,76947,2463.14,265508,0.52
2021-06-16 13:37:57,2482.55,2,88577,76923,2463.14,265508,0.52
2021-06-16 13:37:57,2482.55,2,88549,76923,2463.14,265508,0.52
2021-06-16 13:37:58,2482.55,2,88549,76948,2463.14,265508,0.52
2021-06-16 13:38:00,2482.55,4,88545,76948,2463.14,265512,0.52
2021-06-16 13:38:00,2483.35,3,88545,76948,2463.14,265512,0.55
2021-06-16 13:38:01,2483.35,3,88654,76935,2463.14,265516,0.55
2021-06-16 13:38:02,2483.35,3,88097,76789,2463.14,265516,0.55
2021-06-16 13:38:03,2483.35,3,88125,76789,2463.14,265516,0.55
2021-06-16 13:38:04,2483.35,3,88101,76701,2463.14,265516,0.55
2021-06-16 13:38:04,2483.25,50,88101,76701,2463.14,265516,0.55
2021-06-16 13:38:05,2483.25,50,88953,76747,2463.15,265566,0.55
2021-06-16 13:38:06,2483.25,50,88941,76743,2463.15,265566,0.55
2021-06-16 13:38:07,2483.25,50,88961,76743,2463.15,265566,0.55
2021-06-16 13:38:08,2483.25,50,88954,76743,2463.15,265566,0.55
2021-06-16 13:38:09,2483.25,50,88795,76743,2463.15,265566,0.55
2021-06-16 13:38:11,2483.35,1,88795,76743,2463.15,265566,0.55
2021-06-16 13:38:12,2483.35,1,88395,76742,2463.15,265567,0.55
2021-06-16 13:38:12,2483.35,5,88395,76742,2463.15,265567,0.55
2021-06-16 13:38:14,2483.35,5,88393,76746,2463.15,265573,0.55
2021-06-16 13:38:15,2483.35,5,88392,76746,2463.15,265573,0.55
2021-06-16 13:38:15,2483.35,1,88392,76746,2463.15,265573,0.55
2021-06-16 13:38:16,2483.35,1,88391,76746,2463.15,265582,0.55
2021-06-16 13:38:19,2483.35,1,88421,76746,2463.15,265582,0.55
2021-06-16 13:38:19,2483.35,1,88821,76746,2463.15,265582,0.55
2021-06-16 13:38:21,2483.35,1,88821,76796,2463.15,265582,0.55
2021-06-16 13:38:22,2483.35,1,88820,76796,2463.15,265582,0.55
2021-06-16 13:38:23,2483.25,50,88820,76781,2463.15,265632,0.55
2021-06-16 13:38:24,2483.35,4,89220,76782,2463.15,265636,0.55
2021-06-16 13:38:25,2483.5,5,89224,76610,2463.16,265781,0.56
2021-06-16 13:38:25,2483.5,5,89193,76610,2463.16,265781,0.56
2021-06-16 13:38:30,2483.5,5,88393,76642,2463.16,265781,0.56
2021-06-16 13:38:31,2483.5,5,88391,76652,2463.16,265781,0.56
2021-06-16 13:38:31,2483.25,1,87710,76686,2463.17,265883,0.55
2021-06-16 13:38:34,2483.25,1,88564,76678,2463.17,265883,0.55
2021-06-16 13:38:35,2483.25,1,88564,76675,2463.17,265883,0.55
2021-06-16 13:38:36,2483.25,1,88564,76682,2463.17,265883,0.55
2021-06-16 13:38:36,2483.35,1,88564,76682,2463.17,265883,0.55
2021-06-16 13:38:37,2483.35,1,88563,76702,2463.17,265890,0.55
2021-06-16 13:38:39,2483.35,1,88495,76302,2463.17,265890,0.55
2021-06-16 13:38:39,2483.35,1,88542,76302,2463.17,265890,0.55
2021-06-16 13:38:40,2483.35,1,88542,76317,2463.17,265890,0.55
2021-06-16 13:38:41,2483.35,1,88503,76335,2463.17,265890,0.55
2021-06-16 13:38:42,2483.35,1,88505,76335,2463.17,265890,0.55
2021-06-16 13:38:43,2482.55,50,88503,76335,2463.17,265890,0.52
2021-06-16 13:38:44,2482.55,50,88089,76759,2463.18,265950,0.52
2021-06-16 13:38:46,2482.55,50,88089,76760,2463.18,265950,0.52
2021-06-16 13:38:48,2482.55,50,88090,76760,2463.18,265950,0.52
2021-06-16 13:38:49,2482.55,50,88092,76760,2463.18,265950,0.52
2021-06-16 13:38:50,2484.0,3,88092,76760,2463.18,265950,0.58
2021-06-16 13:38:51,2484.0,3,88029,76326,2463.18,266050,0.58
2021-06-16 13:38:51,2484.0,3,88397,76328,2463.18,266050,0.58
2021-06-16 13:38:52,2484.0,3,88382,76339,2463.18,266050,0.58
2021-06-16 13:38:53,2484.0,3,88383,76339,2463.18,266050,0.58
2021-06-16 13:38:54,2483.25,1,88383,76339,2463.18,266050,0.55
2021-06-16 13:38:55,2483.25,1,88383,76339,2463.18,266051,0.55
2021-06-16 13:38:56,2483.25,1,88369,76590,2463.18,266051,0.55
2021-06-16 13:38:57,2482.25,2,88338,76598,2463.18,266053,0.51
2021-06-16 13:38:57,2483.25,9,88338,76598,2463.18,266053,0.55
2021-06-16 13:38:58,2483.25,9,88306,76595,2463.18,266062,0.55
2021-06-16 13:38:59,2482.2,1,87868,76586,2463.19,266087,0.51
2021-06-16 13:39:00,2482.2,1,87879,76588,2463.19,266087,0.51
2021-06-16 13:39:01,2482.2,1,88379,76589,2463.19,266087,0.51
2021-06-16 13:39:02,2482.2,1,88963,76553,2463.19,266087,0.51
2021-06-16 13:39:03,2482.2,1,88964,76553,2463.19,266087,0.51
2021-06-16 13:39:04,2482.2,1,88965,76553,2463.19,266087,0.51
2021-06-16 13:39:05,2482.2,1,89765,76520,2463.19,266087,0.51
2021-06-16 13:39:07,2482.2,1,88948,76526,2463.19,266087,0.51
2021-06-16 13:39:10,2482.2,1,88779,76535,2463.19,266087,0.51
2021-06-16 13:39:12,2482.2,1,88788,76535,2463.19,266087,0.51
2021-06-16 13:39:15,2482.2,1,88770,76597,2463.19,266087,0.51
2021-06-16 13:39:16,2482.2,1,88770,76660,2463.19,266087,0.51
2021-06-16 13:39:18,2482.15,4,88770,76660,2463.19,266087,0.5
2021-06-16 13:39:18,2483.0,3,88770,76660,2463.19,266087,0.54
2021-06-16 13:39:19,2483.0,1,88770,76660,2463.19,266087,0.54
2021-06-16 13:39:21,2483.0,399,88837,76645,2463.19,266100,0.54
2021-06-16 13:39:22,2483.0,399,88746,77459,2463.22,266500,0.54
2021-06-16 13:39:24,2483.0,399,88746,77462,2463.22,266500,0.54
2021-06-16 13:39:27,2483.0,399,88726,77473,2463.22,266500,0.54
2021-06-16 13:39:28,2483.0,399,88736,77473,2463.22,266500,0.54
2021-06-16 13:39:31,2483.0,399,88536,77541,2463.22,266500,0.54
2021-06-16 13:39:36,2483.0,399,88537,77546,2463.22,266500,0.54
2021-06-16 13:39:37,2483.0,399,88537,77557,2463.22,266500,0.54
2021-06-16 13:39:40,2482.05,11,88537,77557,2463.22,266500,0.5
2021-06-16 13:39:40,2482.05,11,88493,77604,2463.22,266520,0.5
2021-06-16 13:39:44,2482.05,11,88529,77209,2463.22,266520,0.5
2021-06-16 13:39:46,2482.05,1,88529,77209,2463.22,266520,0.5
2021-06-16 13:39:47,2482.05,1,88528,77626,2463.22,266521,0.5
2021-06-16 13:39:48,2483.0,100,88528,77626,2463.22,266521,0.54
2021-06-16 13:39:49,2483.0,100,88558,77526,2463.23,266621,0.54
2021-06-16 13:39:54,2483.0,100,88600,77134,2463.23,266621,0.54
2021-06-16 13:39:56,2483.0,100,88603,77139,2463.23,266621,0.54
2021-06-16 13:39:57,2483.0,100,88570,77539,2463.23,266621,0.54
2021-06-16 13:39:59,2482.1,1,88564,77538,2463.23,266622,0.5
2021-06-16 13:40:00,2483.0,5,88564,77538,2463.23,266622,0.54
2021-06-16 13:40:03,2482.05,250,88564,77538,2463.23,266622,0.5
2021-06-16 13:40:04,2482.05,250,88393,77323,2463.24,266880,0.5
2021-06-16 13:40:10,2482.05,250,88394,77325,2463.24,266880,0.5
2021-06-16 13:40:13,2482.05,250,88399,77269,2463.24,266880,0.5
2021-06-16 13:40:15,2482.05,250,88479,77269,2463.24,266880,0.5
2021-06-16 13:40:17,2482.05,250,89100,77319,2463.24,266880,0.5
2021-06-16 13:40:21,2482.9,9,89100,77319,2463.24,266880,0.53
2021-06-16 13:40:22,2482.9,9,89318,76736,2463.24,266889,0.53
2021-06-16 13:40:22,2482.9,1,89318,76736,2463.24,266889,0.53
2021-06-16 13:40:25,2483.4,43,89342,76798,2463.24,266899,0.55
2021-06-16 13:40:28,2483.4,5,88610,77005,2463.28,267319,0.55
2021-06-16 13:40:29,2483.4,5,88610,76993,2463.28,267324,0.55
2021-06-16 13:40:31,2483.4,5,88710,76993,2463.28,267324,0.55
2021-06-16 13:40:34,2483.4,40,88712,77002,2463.28,267374,0.55
2021-06-16 13:40:34,2483.4,8,88712,77002,2463.28,267374,0.55
2021-06-16 13:40:36,2483.4,8,88762,77032,2463.28,267382,0.55
2021-06-16 13:40:37,2483.4,9,88762,77032,2463.28,267382,0.55
2021-06-16 13:40:38,2483.95,4,88441,76833,2463.28,267396,0.58
2021-06-16 13:40:40,2483.95,4,88471,76858,2463.28,267396,0.58
2021-06-16 13:40:42,2483.95,4,88438,76874,2463.28,267396,0.58
2021-06-16 13:40:42,2484.0,8,88438,76874,2463.28,267396,0.58
2021-06-16 13:40:43,2484.0,8,88838,76915,2463.28,267405,0.58
2021-06-16 13:40:44,2483.4,5,88838,76915,2463.28,267405,0.55
2021-06-16 13:40:45,2483.4,5,88833,76916,2463.28,267410,0.55
2021-06-16 13:40:46,2483.4,1,88833,76916,2463.28,267410,0.55
2021-06-16 13:40:48,2484.95,60,88839,76941,2463.28,267411,0.62
2021-06-16 13:40:49,2484.95,60,88431,75950,2463.36,268336,0.62
2021-06-16 13:40:51,2484.95,60,88348,76021,2463.36,268336,0.62
2021-06-16 13:40:52,2484.95,3,88348,76021,2463.36,268336,0.62
2021-06-16 13:40:52,2484.95,50,88348,76021,2463.36,268336,0.62
2021-06-16 13:40:53,2484.0,9,88348,76021,2463.36,268336,0.58
2021-06-16 13:40:54,2484.0,9,88335,76083,2463.36,268416,0.58
2021-06-16 13:40:54,2484.0,1,88335,76083,2463.36,268416,0.58
2021-06-16 13:40:56,2484.0,1,88335,76168,2463.36,268417,0.58
2021-06-16 13:40:58,2484.0,1,88336,76171,2463.36,268417,0.58
2021-06-16 13:41:00,2484.0,1,88658,76162,2463.36,268417,0.58
2021-06-16 13:41:03,2484.0,1,88628,76154,2463.36,268417,0.58
2021-06-16 13:41:03,2484.3,5,88628,76154,2463.36,268417,0.59
2021-06-16 13:41:04,2484.3,5,88676,76157,2463.36,268426,0.59
2021-06-16 13:41:07,2484.3,5,88594,76154,2463.36,268426,0.59
2021-06-16 13:41:08,2483.45,1,88594,76154,2463.36,268426,0.56
2021-06-16 13:41:10,2483.45,1,88616,76118,2463.36,268427,0.56
2021-06-16 13:41:12,2484.3,2,88616,76118,2463.36,268427,0.59
2021-06-16 13:41:13,2484.3,2,89051,76121,2463.36,268439,0.59
2021-06-16 13:41:14,2483.45,20,89051,76121,2463.36,268439,0.56
2021-06-16 13:41:16,2483.45,20,88620,76121,2463.37,268459,0.56
2021-06-16 13:41:18,2483.55,10,88620,76121,2463.37,268459,0.56
2021-06-16 13:41:19,2483.55,10,89010,76134,2463.37,268469,0.56
2021-06-16 13:41:20,2483.5,10,89010,76134,2463.37,268469,0.56
2021-06-16 13:41:21,2483.5,10,89011,76133,2463.37,268479,0.56
2021-06-16 13:41:24,2483.5,10,88544,76143,2463.37,268479,0.56
2021-06-16 13:41:24,2484.2,2,88544,76143,2463.37,268479,0.59
2021-06-16 13:41:26,2484.2,2,88562,76137,2463.37,268488,0.59
2021-06-16 13:41:30,2484.2,2,88609,76641,2463.37,268488,0.59
2021-06-16 13:41:32,2484.2,2,88633,76663,2463.37,268493,0.59
2021-06-16 13:41:34,2484.2,2,87923,77686,2463.37,268493,0.59
2021-06-16 13:41:36,2484.2,2,87923,77720,2463.37,268493,0.59
2021-06-16 13:41:38,2484.2,44,87923,77678,2463.37,268493,0.59
2021-06-16 13:41:41,2484.2,44,87954,77637,2463.37,268543,0.59
2021-06-16 13:41:43,2484.2,44,87954,77656,2463.37,268543,0.59
2021-06-16 13:41:44,2484.2,1,87954,77656,2463.37,268543,0.59
2021-06-16 13:41:45,2484.2,9,87950,77683,2463.37,268544,0.59
2021-06-16 13:41:47,2484.2,50,87949,77666,2463.38,268603,0.59
2021-06-16 13:41:49,2483.0,40,87949,77667,2463.38,268603,0.54
2021-06-16 13:41:52,2483.5,3,88315,77955,2463.38,268705,0.56
2021-06-16 13:41:52,2484.0,20,88315,77955,2463.38,268705,0.58
2021-06-16 13:41:54,2484.0,20,88755,76539,2463.44,269370,0.58
2021-06-16 13:41:57,2484.0,20,88755,76858,2463.44,269370,0.58
2021-06-16 13:41:57,2484.2,19,88755,76858,2463.44,269370,0.59
2021-06-16 13:41:59,2484.0,8,88727,76968,2463.44,269397,0.58
2021-06-16 13:42:01,2484.0,1,88727,76968,2463.44,269397,0.58
2021-06-16 13:42:01,2484.0,1,88822,77009,2463.44,269400,0.58
2021-06-16 13:42:04,2484.0,1,88822,77010,2463.44,269400,0.58
2021-06-16 13:42:06,2484.2,2,88822,77010,2463.44,269400,0.59
2021-06-16 13:42:06,2484.2,9,88830,76999,2463.44,269411,0.59
2021-06-16 13:42:07,2484.0,5,88830,76999,2463.44,269411,0.58
2021-06-16 13:42:09,2484.0,5,88826,76999,2463.44,269416,0.58
2021-06-16 13:42:11,2484.2,6,88826,76999,2463.44,269416,0.59
2021-06-16 13:42:13,2484.2,6,88826,76993,2463.44,269422,0.59
2021-06-16 13:42:16,2484.2,6,88826,76996,2463.44,269422,0.59
2021-06-16 13:42:20,2484.2,6,88826,77001,2463.44,269422,0.59
2021-06-16 13:42:24,2484.2,6,88807,77100,2463.44,269422,0.59
2021-06-16 13:42:26,2484.2,6,88827,77100,2463.44,269422,0.59
2021-06-16 13:42:27,2484.2,8,88827,77100,2463.44,269422,0.59
2021-06-16 13:42:28,2484.2,44,88827,77092,2463.44,269430,0.59
2021-06-16 13:42:30,2484.2,44,88783,77050,2463.44,269474,0.59
2021-06-16 13:42:31,2484.0,10,88783,77050,2463.44,269474,0.58
2021-06-16 13:42:32,2484.0,66,89203,76965,2463.45,269550,0.58
2021-06-16 13:42:34,2484.0,66,89183,76986,2463.45,269550,0.58
2021-06-16 13:42:36,2484.0,66,89183,76994,2463.45,269550,0.58
2021-06-16 13:42:38,2484.0,66,89216,76987,2463.45,269550,0.58
2021-06-16 13:42:40,2484.0,66,89217,76993,2463.45,269550,0.58
2021-06-16 13:42:41,2484.0,10,89217,76993,2463.45,269550,0.58
2021-06-16 13:42:42,2484.2,30,88777,76932,2463.45,269618,0.59
2021-06-16 13:42:43,2484.0,21,88777,76932,2463.45,269618,0.58
2021-06-16 13:42:44,2484.0,21,88757,76922,2463.46,269669,0.58
2021-06-16 13:42:46,2484.2,3,88757,76931,2463.46,269669,0.59
2021-06-16 13:42:47,2484.2,26,88757,76931,2463.46,269669,0.59
2021-06-16 13:42:48,2484.2,9,88756,76893,2463.46,269707,0.59
2021-06-16 13:42:50,2484.0,11,89119,77008,2463.46,269718,0.58
2021-06-16 13:42:51,2484.0,8,89119,77008,2463.46,269718,0.58
2021-06-16 13:42:52,2484.0,8,89169,77001,2463.46,269726,0.58
2021-06-16 13:42:54,2484.0,8,89141,77052,2463.46,269726,0.58
2021-06-16 13:42:55,2484.0,8,89154,77053,2463.46,269726,0.58
2021-06-16 13:42:57,2484.0,5,89154,77053,2463.46,269726,0.58
2021-06-16 13:42:58,2484.0,5,89076,77148,2463.46,269731,0.58
2021-06-16 13:43:00,2484.0,1,89076,77148,2463.46,269731,0.58
2021-06-16 13:43:01,2484.0,1,89076,77142,2463.46,269732,0.58
2021-06-16 13:43:04,2484.0,1,89985,77591,2463.46,269732,0.58
2021-06-16 13:43:06,2484.0,1,89995,77601,2463.46,269732,0.58
2021-06-16 13:43:07,2483.1,1,89995,77601,2463.46,269732,0.54
2021-06-16 13:43:09,2483.1,1,89994,77601,2463.46,269733,0.54
2021-06-16 13:43:09,2484.0,9,89994,77601,2463.46,269733,0.58
2021-06-16 13:43:12,2484.0,9,89918,77807,2463.46,269742,0.58
2021-06-16 13:43:15,2484.0,9,89920,77807,2463.46,269742,0.58
2021-06-16 13:43:18,2484.0,9,89919,77807,2463.46,269742,0.58
2021-06-16 13:43:21,2483.15,14,89919,77843,2463.46,269742,0.54
2021-06-16 13:43:24,2483.15,2,89895,77873,2463.47,269756,0.54
2021-06-16 13:43:24,2484.0,3,89895,77873,2463.47,269756,0.58
2021-06-16 13:43:25,2484.0,3,88606,77450,2463.49,270071,0.58
2021-06-16 13:43:26,2483.35,20,88606,77450,2463.49,270071,0.55
2021-06-16 13:43:28,2483.35,20,88636,77844,2463.49,270091,0.55
2021-06-16 13:43:30,2484.0,8,89024,77765,2463.49,270100,0.58
2021-06-16 13:43:33,2484.0,8,89035,77793,2463.49,270100,0.58
2021-06-16 13:43:36,2484.0,8,89035,77702,2463.49,270100,0.58
2021-06-16 13:43:38,2484.0,8,89036,77702,2463.49,270100,0.58
2021-06-16 13:43:40,2484.0,8,89023,77730,2463.49,270100,0.58
2021-06-16 13:43:43,2484.0,8,89023,78730,2463.49,270100,0.58
2021-06-16 13:43:45,2484.0,8,89003,78730,2463.49,270100,0.58
2021-06-16 13:43:46,2484.0,80,89003,78730,2463.49,270100,0.58
2021-06-16 13:43:48,2484.0,80,89051,78621,2463.5,270180,0.58
2021-06-16 13:43:48,2483.25,33,89051,78621,2463.5,270180,0.55
2021-06-16 13:43:49,2484.3,1,89051,78621,2463.5,270180,0.59
2021-06-16 13:43:50,2484.3,1,89125,77936,2463.53,270661,0.59
2021-06-16 13:43:51,2484.6,44,89125,77936,2463.53,270661,0.6
2021-06-16 13:43:52,2484.6,44,88577,78109,2463.54,270770,0.6
2021-06-16 13:43:55,2484.6,44,88592,78137,2463.54,270770,0.6
2021-06-16 13:43:57,2484.6,44,88625,78136,2463.54,270770,0.6
2021-06-16 13:44:00,2484.6,44,88577,78137,2463.54,270770,0.6
2021-06-16 13:44:01,2484.95,3,88577,78137,2463.54,270770,0.62
2021-06-16 13:44:02,2485.0,1,88868,77946,2463.54,270790,0.62
2021-06-16 13:44:03,2485.0,4,88868,77946,2463.54,270790,0.62
2021-06-16 13:44:04,2485.0,4,89255,77978,2463.55,270878,0.62
2021-06-16 13:44:07,2485.0,4,89213,77997,2463.55,270878,0.62
2021-06-16 13:44:09,2484.9,3,89213,77997,2463.55,270878,0.62
2021-06-16 13:44:10,2484.9,3,88397,78005,2463.55,270881,0.62
2021-06-16 13:44:10,2484.0,41,88397,78005,2463.55,270881,0.58
2021-06-16 13:44:12,2484.0,41,88348,78040,2463.55,270931,0.58
2021-06-16 13:44:13,2484.8,30,88348,78040,2463.55,270931,0.61
2021-06-16 13:44:13,2484.8,30,88443,77984,2463.56,270961,0.61
2021-06-16 13:44:17,2484.8,30,88452,77979,2463.56,270961,0.61
2021-06-16 13:44:18,2484.8,5,88452,77979,2463.56,270961,0.61
2021-06-16 13:44:19,2484.8,5,88373,78058,2463.56,270966,0.61
2021-06-16 13:44:22,2484.8,5,88445,78055,2463.56,270966,0.61
2021-06-16 13:44:25,2484.8,5,88445,78057,2463.56,270966,0.61
2021-06-16 13:44:29,2484.8,10,88445,78057,2463.56,270966,0.61
2021-06-16 13:44:30,2484.8,10,88441,77963,2463.56,271022,0.61
2021-06-16 13:44:32,2484.8,10,88419,77964,2463.56,271022,0.61
2021-06-16 13:44:33,2484.8,1,88419,77964,2463.56,271022,0.61
2021-06-16 13:44:34,2484.8,1,88389,78074,2463.56,271032,0.61
2021-06-16 13:44:37,2484.0,11,88325,78074,2463.56,271032,0.58
2021-06-16 13:44:38,2484.8,1,88325,78074,2463.56,271032,0.61
2021-06-16 13:44:39,2484.8,1,88384,77976,2463.56,271048,0.61
2021-06-16 13:44:42,2484.8,1,88363,77997,2463.56,271048,0.61
2021-06-16 13:44:43,2484.0,1,88363,77997,2463.56,271048,0.58
2021-06-16 13:44:44,2484.0,50,88363,77997,2463.56,271048,0.58
2021-06-16 13:44:46,2484.8,5,88363,77997,2463.56,271048,0.61
2021-06-16 13:44:47,2484.8,5,88335,78192,2463.57,271104,0.61
2021-06-16 13:44:49,2484.8,5,88170,78202,2463.57,271104,0.61
2021-06-16 13:44:52,2484.8,5,88148,78048,2463.57,271104,0.61
2021-06-16 13:44:54,2484.8,5,88178,78406,2463.57,271104,0.61
2021-06-16 13:44:54,2484.8,9,88178,78406,2463.57,271104,0.61
2021-06-16 13:44:56,2484.0,27,87890,78563,2463.58,271262,0.58
2021-06-16 13:44:58,2484.0,27,87992,78550,2463.58,271262,0.58
2021-06-16 13:45:00,2484.0,27,88025,78585,2463.58,271262,0.58
2021-06-16 13:45:03,2484.0,27,88050,78522,2463.58,271262,0.58
2021-06-16 13:45:09,2484.0,27,88050,78520,2463.58,271262,0.58
2021-06-16 13:45:09,2484.65,4,88050,78520,2463.58,271262,0.61
2021-06-16 13:45:11,2484.65,4,88169,78183,2463.58,271301,0.61
2021-06-16 13:45:14,2484.65,4,88124,78449,2463.58,271301,0.61
2021-06-16 13:45:15,2484.5,9,88124,78449,2463.58,271301,0.6
2021-06-16 13:45:16,2484.1,1,88124,78449,2463.58,271301,0.58
2021-06-16 13:45:17,2484.1,1,89200,78440,2463.58,271311,0.58
2021-06-16 13:45:19,2484.1,1,89215,78442,2463.58,271311,0.58
2021-06-16 13:45:21,2484.1,1,89216,78412,2463.58,271311,0.58
2021-06-16 13:45:25,2484.1,1,89210,78397,2463.58,271311,0.58
2021-06-16 13:45:28,2484.1,1,89209,78321,2463.58,271311,0.58
2021-06-16 13:45:31,2484.1,1,89210,78321,2463.58,271311,0.58
2021-06-16 13:45:36,2484.1,1,89970,78322,2463.58,271311,0.58
2021-06-16 13:45:37,2484.4,1,89558,78310,2463.59,271350,0.6
2021-06-16 13:45:37,2484.1,50,89558,78310,2463.59,271350,0.58
2021-06-16 13:45:38,2484.1,1,89558,78310,2463.59,271350,0.58
2021-06-16 13:45:40,2484.1,1,89482,78331,2463.59,271402,0.58
2021-06-16 13:45:42,2484.1,10,89482,78331,2463.59,271402,0.58
2021-06-16 13:45:42,2484.1,10,89506,78332,2463.59,271412,0.58
2021-06-16 13:45:43,2483.25,1,89506,78332,2463.59,271412,0.55
2021-06-16 13:45:45,2483.25,1,88709,78598,2463.64,272086,0.55
2021-06-16 13:45:46,2484.25,15,88709,78598,2463.64,272086,0.59
2021-06-16 13:45:47,2484.25,15,88651,77971,2463.64,272101,0.59
2021-06-16 13:45:49,2484.1,10,88651,77975,2463.64,272101,0.58
2021-06-16 13:45:52,2484.1,10,88699,78335,2463.64,272111,0.58
2021-06-16 13:45:54,2484.1,10,88730,78335,2463.64,272111,0.58
2021-06-16 13:45:57,2484.4,4,88810,78337,2463.64,272120,0.6
2021-06-16 13:46:01,2484.4,4,89209,78327,2463.64,272120,0.6
2021-06-16 13:46:04,2484.4,4,88809,78328,2463.64,272120,0.6
2021-06-16 13:46:06,2483.35,5,88809,78328,2463.64,272120,0.55
2021-06-16 13:46:06,2484.0,5,88307,78199,2463.67,272459,0.58
2021-06-16 13:46:09,2484.0,5,88334,78272,2463.67,272459,0.58
2021-06-16 13:46:10,2483.95,8,88334,78272,2463.67,272459,0.58
2021-06-16 13:46:12,2483.95,8,88901,78146,2463.67,272467,0.58
2021-06-16 13:46:16,2483.95,8,89230,78570,2463.67,272467,0.58
2021-06-16 13:46:17,2482.95,8,89230,78570,2463.67,272467,0.54
2021-06-16 13:46:18,2483.3,1,89230,78570,2463.67,272467,0.55
2021-06-16 13:46:19,2483.3,1,89390,78200,2463.67,272485,0.55
2021-06-16 13:46:21,2483.3,1,89400,78215,2463.67,272485,0.55
2021-06-16 13:46:24,2483.3,1,89008,78210,2463.67,272485,0.55
2021-06-16 13:46:26,2483.3,1,89018,78240,2463.67,272485,0.55
2021-06-16 13:46:28,2483.3,1,88985,78272,2463.67,272485,0.55
2021-06-16 13:46:31,2483.3,1,89320,78479,2463.67,272485,0.55
2021-06-16 13:46:34,2483.3,1,89375,78488,2463.67,272485,0.55
2021-06-16 13:46:36,2483.2,9,89375,78488,2463.67,272485,0.55
2021-06-16 13:46:37,2483.2,9,89375,78455,2463.67,272495,0.55
2021-06-16 13:46:39,2483.15,9,89375,78455,2463.67,272495,0.54
2021-06-16 13:46:40,2483.15,9,89374,78488,2463.67,272504,0.54
2021-06-16 13:46:42,2483.15,9,89374,78489,2463.67,272504,0.54
2021-06-16 13:46:45,2481.95,49,89358,78517,2463.68,272560,0.5
2021-06-16 13:46:45,2481.8,1,89358,78517,2463.68,272560,0.49
2021-06-16 13:46:46,2481.8,1,89357,78517,2463.68,272561,0.49
2021-06-16 13:46:48,2481.8,5,89384,78512,2463.68,272566,0.49
2021-06-16 13:46:54,2481.8,5,89384,78510,2463.68,272566,0.49
2021-06-16 13:46:56,2481.85,15,89398,78506,2463.68,272581,0.49
2021-06-16 13:46:58,2481.85,15,89443,78275,2463.68,272581,0.49
2021-06-16 13:46:58,2482.0,10,89443,78275,2463.68,272581,0.5
2021-06-16 13:47:00,2482.0,10,89428,78640,2463.68,272591,0.5
2021-06-16 13:47:00,2483.1,1,89428,78640,2463.68,272591,0.54
2021-06-16 13:47:02,2483.1,1,89403,78637,2463.68,272601,0.54
2021-06-16 13:47:03,2483.0,10,89403,78637,2463.68,272601,0.54
2021-06-16 13:47:04,2483.0,10,89299,78625,2463.68,272611,0.54
2021-06-16 13:47:06,2483.0,10,89390,78143,2463.68,272611,0.54
2021-06-16 13:47:09,2483.0,10,89390,78145,2463.68,272611,0.54
2021-06-16 13:47:11,2483.0,10,88603,78210,2463.68,272611,0.54
2021-06-16 13:47:13,2482.75,1,88661,78648,2463.68,272611,0.53
2021-06-16 13:47:15,2482.75,1,88661,78647,2463.68,272613,0.53
2021-06-16 13:47:18,2482.75,1,88741,78647,2463.68,272613,0.53
2021-06-16 13:47:19,2482.75,4,88741,78647,2463.68,272613,0.53
2021-06-16 13:47:20,2482.75,4,88720,78621,2463.68,272671,0.53
2021-06-16 13:47:21,2482.75,3,88720,78621,2463.68,272671,0.53
2021-06-16 13:47:22,2481.9,5,88813,78222,2463.69,272695,0.49
2021-06-16 13:47:25,2481.9,5,88843,78233,2463.69,272695,0.49
2021-06-16 13:47:27,2481.9,5,88804,79352,2463.69,272695,0.49
2021-06-16 13:47:29,2481.65,2,88804,79352,2463.69,272695,0.48
2021-06-16 13:47:30,2481.65,25,88816,79394,2463.69,272722,0.48
2021-06-16 13:47:31,2481.65,25,88862,79363,2463.69,272722,0.48
2021-06-16 13:47:34,2481.65,25,88748,79398,2463.69,272722,0.48
2021-06-16 13:47:36,2481.65,25,88810,79124,2463.69,272722,0.48
2021-06-16 13:47:39,2481.65,25,88811,79124,2463.69,272722,0.48
2021-06-16 13:47:41,2481.65,25,88832,79174,2463.69,272722,0.48
2021-06-16 13:47:42,2482.7,1,88832,79174,2463.69,272722,0.53
2021-06-16 13:47:44,2482.7,2,90573,79276,2463.69,272736,0.53
2021-06-16 13:47:45,2483.0,9,90573,79276,2463.69,272736,0.54
2021-06-16 13:47:47,2483.0,11,88606,79479,2463.69,272769,0.54
2021-06-16 13:47:49,2481.7,2,88606,79479,2463.69,272769,0.49
2021-06-16 13:47:49,2481.7,2,88870,79490,2463.69,272771,0.49
2021-06-16 13:47:52,2481.7,2,88870,79438,2463.69,272771,0.49
2021-06-16 13:47:54,2481.7,2,89390,79528,2463.69,272771,0.49
2021-06-16 13:47:57,2481.7,2,89473,79528,2463.69,272771,0.49
2021-06-16 13:47:57,2482.8,30,89473,79528,2463.69,272771,0.53
2021-06-16 13:47:59,2482.8,30,90165,79503,2463.69,272801,0.53
2021-06-16 13:48:01,2482.8,30,89398,79502,2463.69,272801,0.53
2021-06-16 13:48:03,2482.8,1,89398,79502,2463.69,272801,0.53
2021-06-16 13:48:04,2482.8,1,88897,79501,2463.69,272810,0.53
2021-06-16 13:48:06,2482.8,1,88897,79502,2463.69,272810,0.53
2021-06-16 13:48:10,2482.8,1,88972,79507,2463.69,272810,0.53
2021-06-16 13:48:13,2482.8,1,88271,80230,2463.69,272810,0.53
2021-06-16 13:48:15,2482.8,1,88616,80250,2463.69,272810,0.53
2021-06-16 13:48:17,2481.2,9,88001,80019,2463.72,273165,0.47
2021-06-16 13:48:20,2481.2,9,88226,80083,2463.72,273165,0.47
2021-06-16 13:48:21,2482.35,29,88226,80083,2463.72,273165,0.51
2021-06-16 13:48:22,2482.35,29,88476,79961,2463.72,273214,0.51
2021-06-16 13:48:24,2482.35,9,88478,79908,2463.72,273223,0.51
2021-06-16 13:48:26,2482.35,1,88478,79908,2463.72,273223,0.51
2021-06-16 13:48:27,2482.35,1,89047,79891,2463.72,273283,0.51
2021-06-16 13:48:27,2481.1,8,89047,79891,2463.72,273283,0.46
2021-06-16 13:48:30,2481.1,8,88496,79899,2463.73,273383,0.46
2021-06-16 13:48:33,2481.1,8,88466,79964,2463.73,273383,0.46
2021-06-16 13:48:34,2481.1,8,88861,79996,2463.73,273383,0.46
2021-06-16 13:48:37,2481.1,8,88878,80003,2463.73,273383,0.46
2021-06-16 13:48:39,2481.1,1,88877,80004,2463.73,273384,0.46
2021-06-16 13:48:39,2481.1,5,88877,80004,2463.73,273384,0.46
2021-06-16 13:48:42,2481.1,5,88843,80004,2463.73,273389,0.46
2021-06-16 13:48:43,2482.0,20,88843,79976,2463.73,273409,0.5
2021-06-16 13:48:45,2482.0,6,88843,79976,2463.73,273409,0.5
2021-06-16 13:48:46,2482.0,6,88332,80401,2463.73,273417,0.5
2021-06-16 13:48:48,2482.0,6,88305,80400,2463.73,273417,0.5
2021-06-16 13:48:50,2482.0,6,88304,80450,2463.73,273417,0.5
2021-06-16 13:48:51,2481.95,1,88304,80450,2463.73,273417,0.5
2021-06-16 13:48:52,2481.95,1,88877,80053,2463.73,273425,0.5
2021-06-16 13:48:55,2481.95,1,88877,80063,2463.73,273425,0.5
2021-06-16 13:48:57,2481.95,1,88821,80102,2463.73,273425,0.5
2021-06-16 13:49:00,2481.95,1,88843,80092,2463.73,273425,0.5
2021-06-16 13:49:02,2481.95,1,88844,80092,2463.73,273425,0.5
2021-06-16 13:49:04,2481.95,1,88832,80101,2463.73,273425,0.5
2021-06-16 13:49:06,2481.9,3,88832,80101,2463.73,273425,0.49
2021-06-16 13:49:07,2481.9,3,89256,80086,2463.73,273434,0.49
2021-06-16 13:49:09,2481.0,10,90271,80353,2463.74,273446,0.46
2021-06-16 13:49:11,2481.0,10,89898,80480,2463.74,273446,0.46
2021-06-16 13:49:12,2481.0,19,89898,80480,2463.74,273446,0.46
2021-06-16 13:49:13,2480.95,7,89736,80368,2463.74,273504,0.46
2021-06-16 13:49:13,2481.0,34,89736,80368,2463.74,273504,0.46
2021-06-16 13:49:15,2480.95,19,89731,80322,2463.74,273573,0.46
2021-06-16 13:49:16,2480.95,19,89760,80322,2463.74,273573,0.46
2021-06-16 13:49:18,2480.95,19,89765,80325,2463.74,273573,0.46
2021-06-16 13:49:21,2480.95,19,87538,81113,2463.74,273573,0.46
2021-06-16 13:49:22,2481.0,20,87538,81113,2463.74,273573,0.46
2021-06-16 13:49:25,2481.0,20,87299,80608,2463.77,273973,0.46
2021-06-16 13:49:26,2481.55,1,87299,80608,2463.77,273973,0.48
2021-06-16 13:49:27,2481.55,9,87299,80608,2463.77,273973,0.48
2021-06-16 13:49:28,2481.55,9,87332,80582,2463.77,273983,0.48
2021-06-16 13:49:28,2480.05,15,87332,80582,2463.77,273983,0.42
2021-06-16 13:49:30,2480.05,15,87332,80547,2463.77,273998,0.42
2021-06-16 13:49:33,2480.05,15,87333,80415,2463.77,273998,0.42
2021-06-16 13:49:34,2480.05,15,87733,80411,2463.77,273998,0.42
2021-06-16 13:49:36,2480.05,8,87733,80411,2463.77,273998,0.42
2021-06-16 13:49:37,2480.05,1,87781,80413,2463.77,274017,0.42
2021-06-16 13:49:39,2480.05,2,87784,80443,2463.77,274017,0.42
2021-06-16 13:49:41,2480.95,4,87784,80443,2463.77,274017,0.46
2021-06-16 13:49:42,2481.0,5,87784,80443,2463.77,274017,0.46
2021-06-16 13:49:42,2481.0,5,87795,80819,2463.77,274049,0.46
2021-06-16 13:49:45,2481.0,5,87797,80860,2463.77,274049,0.46
2021-06-16 13:49:47,2481.0,5,87798,80861,2463.77,274049,0.46
2021-06-16 13:49:48,2480.95,1,87798,80861,2463.77,274049,0.46
2021-06-16 13:49:49,2480.95,1,87767,80806,2463.77,274050,0.46
2021-06-16 13:49:51,2480.95,1,88068,80806,2463.77,274050,0.46
2021-06-16 13:49:53,2481.0,8,88068,80806,2463.77,274050,0.46
2021-06-16 13:49:54,2481.0,8,88041,80823,2463.77,274058,0.46
2021-06-16 13:49:54,2481.0,10,88041,80823,2463.77,274058,0.46
2021-06-16 13:49:56,2481.0,10,88033,80814,2463.77,274077,0.46
2021-06-16 13:49:58,2481.0,10,88062,80814,2463.77,274077,0.46
2021-06-16 13:49:59,2480.0,3,88062,80814,2463.77,274077,0.42
2021-06-16 13:50:00,2480.0,3,88260,80817,2463.77,274081,0.42
2021-06-16 13:50:03,2480.0,3,88260,80795,2463.77,274081,0.42
2021-06-16 13:50:05,2481.0,25,88262,80772,2463.78,274106,0.46
2021-06-16 13:50:07,2481.0,25,88262,80765,2463.78,274106,0.46
2021-06-16 13:50:09,2480.95,1,88262,80765,2463.78,274106,0.46
2021-06-16 13:50:10,2480.95,1,88261,80793,2463.78,274115,0.46
2021-06-16 13:50:12,2480.95,1,88261,80795,2463.78,274115,0.46
2021-06-16 13:50:13,2481.0,1,88261,80795,2463.78,274115,0.46
2021-06-16 13:50:13,2481.0,1,88311,80786,2463.78,274140,0.46
2021-06-16 13:50:16,2481.0,1,87987,80965,2463.78,274140,0.46
2021-06-16 13:50:18,2481.0,1,88348,80966,2463.78,274140,0.46
2021-06-16 13:50:20,2480.85,3,88348,80966,2463.78,274140,0.45
2021-06-16 13:50:21,2480.85,3,88485,80963,2463.78,274145,0.45
2021-06-16 13:50:23,2480.85,3,88225,80964,2463.78,274145,0.45
2021-06-16 13:50:24,2480.85,4,88225,80964,2463.78,274145,0.45
2021-06-16 13:50:25,2480.85,4,88006,80946,2463.78,274149,0.45
2021-06-16 13:50:29,2480.85,10,88007,80936,2463.78,274159,0.45
2021-06-16 13:50:30,2480.85,1,88007,80936,2463.78,274159,0.45
2021-06-16 13:50:33,2480.85,1,88006,80928,2463.78,274168,0.45
2021-06-16 13:50:34,2480.85,2,88006,80928,2463.78,274168,0.45
2021-06-16 13:50:35,2480.85,2,88006,80933,2463.78,274179,0.45
2021-06-16 13:50:36,2480.2,10,88006,80933,2463.78,274179,0.43
2021-06-16 13:50:37,2480.2,10,87978,80930,2463.78,274189,0.43
2021-06-16 13:50:40,2480.2,10,87988,80931,2463.78,274189,0.43
2021-06-16 13:50:42,2480.85,1,87988,80931,2463.78,274189,0.45
2021-06-16 13:50:43,2480.0,8,87790,81036,2463.8,274431,0.42
2021-06-16 13:50:43,2480.0,30,87790,81036,2463.8,274431,0.42
2021-06-16 13:50:46,2480.0,30,87347,81331,2463.8,274461,0.42
2021-06-16 13:50:48,2480.0,30,87347,81190,2463.8,274461,0.42
2021-06-16 13:50:51,2480.0,30,87338,81299,2463.8,274461,0.42
2021-06-16 13:50:51,2479.95,1,87338,81299,2463.8,274461,0.42
2021-06-16 13:50:53,2479.95,1,87855,81315,2463.8,274470,0.42
2021-06-16 13:50:57,2479.95,1,87855,81314,2463.8,274470,0.42
2021-06-16 13:50:58,2479.5,29,87855,81314,2463.8,274470,0.4
2021-06-16 13:50:59,2479.5,29,87806,80913,2463.8,274511,0.4
2021-06-16 13:51:03,2479.5,29,87249,81294,2463.8,274511,0.4
2021-06-16 13:51:06,2479.5,5,87249,81294,2463.8,274511,0.4
2021-06-16 13:51:06,2479.5,46,87249,81294,2463.8,274511,0.4
2021-06-16 13:51:07,2479.5,3,87249,81294,2463.8,274511,0.4
2021-06-16 13:51:09,2478.4,3,86948,80766,2463.81,274676,0.35
2021-06-16 13:51:10,2478.4,3,86888,80929,2463.81,274676,0.35
2021-06-16 13:51:12,2478.4,3,86920,80929,2463.81,274676,0.35
2021-06-16 13:51:15,2478.4,3,87400,80896,2463.81,274676,0.35
2021-06-16 13:51:16,2478.4,3,87401,80896,2463.81,274676,0.35
2021-06-16 13:51:19,2479.95,2,87375,80914,2463.81,274706,0.42
2021-06-16 13:51:21,2479.95,2,87375,80939,2463.81,274706,0.42
2021-06-16 13:51:24,2479.95,2,86750,80940,2463.81,274706,0.42
2021-06-16 13:51:26,2479.95,2,86780,80950,2463.81,274706,0.42
2021-06-16 13:51:28,2481.0,40,86781,80957,2463.81,274706,0.46
2021-06-16 13:51:30,2481.0,40,87674,80726,2463.86,275506,0.46
2021-06-16 13:51:31,2478.85,1,87674,80726,2463.86,275506,0.37
2021-06-16 13:51:32,2478.85,1,87365,80889,2463.86,275512,0.37
2021-06-16 13:51:33,2479.9,8,87365,80889,2463.86,275512,0.41
2021-06-16 13:51:34,2479.9,29,87362,80878,2463.86,275520,0.41
2021-06-16 13:51:36,2479.85,3,87362,80878,2463.86,275520,0.41
2021-06-16 13:51:37,2479.85,8,87428,81053,2463.87,275668,0.41
2021-06-16 13:51:37,2479.1,4,87428,81053,2463.87,275668,0.38
2021-06-16 13:51:39,2479.1,4,87421,81066,2463.87,275681,0.38
2021-06-16 13:51:43,2479.1,4,87324,81258,2463.87,275681,0.38
2021-06-16 13:51:46,2479.1,4,87249,81000,2463.87,275681,0.38
2021-06-16 13:51:48,2479.1,5,86637,81077,2463.87,275686,0.38
2021-06-16 13:51:48,2479.85,63,86637,81077,2463.87,275686,0.41
2021-06-16 13:51:50,2479.85,63,86943,80984,2463.88,275843,0.41
2021-06-16 13:51:52,2480.15,19,86943,80984,2463.88,275843,0.42
2021-06-16 13:51:52,2480.15,19,87923,81375,2463.88,275863,0.42
2021-06-16 13:51:57,2480.3,2,87623,81361,2463.88,275866,0.43
2021-06-16 13:51:58,2480.3,2,88190,80910,2463.88,275866,0.43
2021-06-16 13:51:59,2480.7,1,88190,80910,2463.88,275866,0.45
2021-06-16 13:52:01,2480.7,5,88563,80918,2463.88,275872,0.45
2021-06-16 13:52:03,2480.7,5,88763,80918,2463.88,275872,0.45
2021-06-16 13:52:07,2480.7,5,88763,80947,2463.88,275872,0.45
2021-06-16 13:52:07,2480.15,15,88763,80947,2463.88,275872,0.42
2021-06-16 13:52:09,2480.15,15,88748,80947,2463.88,275887,0.42
2021-06-16 13:52:10,2480.3,2,88748,80947,2463.88,275887,0.43
2021-06-16 13:52:11,2480.3,2,88759,80946,2463.88,275889,0.43
2021-06-16 13:52:13,2480.3,2,88791,80947,2463.88,275889,0.43
2021-06-16 13:52:15,2480.15,4,88791,80947,2463.88,275889,0.42
2021-06-16 13:52:16,2480.15,4,87878,80599,2463.9,276221,0.42
2021-06-16 13:52:18,2480.15,4,88153,80953,2463.9,276221,0.42
2021-06-16 13:52:20,2480.15,4,88185,80953,2463.9,276221,0.42
2021-06-16 13:52:22,2480.15,4,88585,80953,2463.9,276221,0.42
2021-06-16 13:52:25,2480.15,4,88586,80918,2463.9,276221,0.42
2021-06-16 13:52:28,2480.15,4,88582,80998,2463.9,276221,0.42
2021-06-16 13:52:31,2480.15,4,88584,80998,2463.9,276221,0.42
2021-06-16 13:52:31,2480.0,10,88584,80998,2463.9,276221,0.42
2021-06-16 13:52:33,2480.15,1,88584,80998,2463.9,276221,0.42
2021-06-16 13:52:33,2480.15,1,88600,80978,2463.9,276262,0.42
2021-06-16 13:52:34,2480.0,1,88600,80978,2463.9,276262,0.42
2021-06-16 13:52:36,2480.0,1,88581,80983,2463.9,276267,0.42
2021-06-16 13:52:36,2480.15,2,88581,80983,2463.9,276267,0.42
2021-06-16 13:52:37,2480.15,2,88580,80981,2463.91,276275,0.42
2021-06-16 13:52:40,2480.15,2,88577,81045,2463.91,276275,0.42
2021-06-16 13:52:40,2480.1,5,88577,81045,2463.91,276275,0.42
2021-06-16 13:52:42,2480.1,5,88592,81033,2463.91,276294,0.42
2021-06-16 13:52:43,2480.0,90,88592,81033,2463.91,276294,0.42
2021-06-16 13:52:44,2480.1,1,89717,81028,2463.91,276403,0.42
2021-06-16 13:52:45,2480.1,14,89717,81028,2463.91,276403,0.42
2021-06-16 13:52:46,2480.1,14,89732,81029,2463.91,276431,0.42
2021-06-16 13:52:49,2480.1,14,89717,81051,2463.91,276431,0.42
2021-06-16 13:52:50,2480.1,1,89717,81051,2463.91,276431,0.42
2021-06-16 13:52:51,2480.1,7,89717,81051,2463.91,276431,0.42
2021-06-16 13:52:51,2480.1,7,89732,81042,2463.91,276444,0.42
2021-06-16 13:52:53,2480.1,7,89718,81042,2463.91,276444,0.42
2021-06-16 13:52:55,2480.1,1,89718,81042,2463.91,276444,0.42
2021-06-16 13:52:58,2480.1,1,88637,81074,2463.92,276466,0.42
2021-06-16 13:53:00,2480.1,1,88637,81075,2463.92,276466,0.42
2021-06-16 13:53:02,2480.9,5,88569,81084,2463.92,276471,0.45
2021-06-16 13:53:04,2480.9,5,88701,81084,2463.92,276471,0.45
2021-06-16 13:53:06,2480.9,5,88686,81055,2463.92,276471,0.45
2021-06-16 13:53:07,2480.95,1,88686,81055,2463.92,276471,0.46
2021-06-16 13:53:09,2480.95,1,88741,81049,2463.92,276472,0.46
2021-06-16 13:53:10,2480.95,1,88741,81051,2463.92,276472,0.46
2021-06-16 13:53:11,2481.0,2,88741,81051,2463.92,276472,0.46
2021-06-16 13:53:12,2481.0,1,88741,81051,2463.92,276472,0.46
2021-06-16 13:53:12,2481.0,3,88741,81051,2463.92,276472,0.46
2021-06-16 13:53:13,2481.0,3,88819,81045,2463.92,276478,0.46
2021-06-16 13:53:15,2481.5,1,88683,81044,2463.92,276498,0.48
2021-06-16 13:53:16,2481.25,1,88683,81044,2463.92,276498,0.47
2021-06-16 13:53:16,2481.1,1,88683,81044,2463.92,276498,0.46
2021-06-16 13:53:18,2482.0,19,88582,80296,2463.92,276581,0.5
2021-06-16 13:53:19,2482.0,19,88562,80329,2463.92,276581,0.5
2021-06-16 13:53:20,2481.15,29,88562,80329,2463.92,276581,0.46
2021-06-16 13:53:22,2481.15,29,88076,80287,2463.93,276611,0.46
2021-06-16 13:53:24,2481.15,29,88076,80348,2463.93,276611,0.46
2021-06-16 13:53:27,2481.15,29,88515,80349,2463.93,276611,0.46
2021-06-16 13:53:27,2481.15,20,88515,80349,2463.93,276611,0.46
2021-06-16 13:53:29,2481.15,20,88495,80333,2463.93,276631,0.46
2021-06-16 13:53:30,2482.0,1,88495,80333,2463.93,276631,0.5
2021-06-16 13:53:31,2482.0,1,88492,80370,2463.93,276632,0.5
2021-06-16 13:53:35,2482.0,1,88457,79902,2463.93,276632,0.5
2021-06-16 13:53:36,2482.0,1,88598,80166,2463.93,276667,0.5
2021-06-16 13:53:39,2482.9,1,88199,80202,2463.93,276670,0.53
2021-06-16 13:53:40,2482.0,30,88112,79486,2463.94,276771,0.5
2021-06-16 13:53:42,2482.0,30,88277,79893,2463.94,276771,0.5
2021-06-16 13:53:43,2482.0,3,88277,79893,2463.94,276771,0.5
2021-06-16 13:53:45,2482.0,3,88274,79923,2463.94,276774,0.5
2021-06-16 13:53:49,2482.0,3,88284,79927,2463.94,276774,0.5
2021-06-16 13:53:51,2482.0,3,88669,79923,2463.94,276774,0.5
2021-06-16 13:53:53,2482.0,30,88669,79923,2463.94,276774,0.5
2021-06-16 13:53:54,2482.0,30,88649,79909,2463.94,276804,0.5
2021-06-16 13:53:55,2482.0,30,88650,79910,2463.94,276804,0.5
2021-06-16 13:53:58,2482.0,20,88612,79910,2463.94,276824,0.5
2021-06-16 13:54:00,2481.3,16,88612,79910,2463.94,276824,0.47
2021-06-16 13:54:00,2481.3,16,88680,79660,2463.94,276874,0.47
2021-06-16 13:54:02,2481.3,16,89280,79682,2463.94,276874,0.47
2021-06-16 13:54:04,2481.3,16,89345,79590,2463.94,276874,0.47
2021-06-16 13:54:06,2481.3,16,89349,79584,2463.94,276874,0.47
2021-06-16 13:54:08,2481.3,16,89449,79584,2463.94,276874,0.47
2021-06-16 13:54:10,2481.3,16,89552,79755,2463.94,276874,0.47
2021-06-16 13:54:13,2482.5,2,89401,79804,2463.94,276891,0.52
2021-06-16 13:54:15,2482.5,2,88716,79781,2463.94,276891,0.52
2021-06-16 13:54:17,2482.5,2,88817,79781,2463.94,276891,0.52
2021-06-16 13:54:19,2482.5,2,89452,79762,2463.94,276891,0.52
2021-06-16 13:54:21,2482.75,9,89452,79762,2463.94,276891,0.53
2021-06-16 13:54:22,2482.75,9,89450,79638,2463.94,276900,0.53
2021-06-16 13:54:25,2482.75,9,90087,79600,2463.94,276900,0.53
2021-06-16 13:54:27,2482.75,9,90047,79369,2463.94,276900,0.53
2021-06-16 13:54:29,2482.75,9,90047,79656,2463.94,276900,0.53
2021-06-16 13:54:31,2482.75,9,90214,79708,2463.94,276900,0.53
2021-06-16 13:54:34,2482.75,9,90243,79723,2463.94,276900,0.53
2021-06-16 13:54:36,2482.75,9,90293,79723,2463.94,276900,0.53
2021-06-16 13:54:37,2482.75,2,90293,79723,2463.94,276900,0.53
2021-06-16 13:54:37,2481.6,1,90293,79723,2463.94,276900,0.48
2021-06-16 13:54:40,2481.6,1,90286,79699,2463.94,276907,0.48
2021-06-16 13:54:40,2481.6,1,90285,79719,2463.94,276908,0.48
2021-06-16 13:54:42,2482.75,8,90285,79719,2463.94,276908,0.53
2021-06-16 13:54:45,2482.75,8,90284,79737,2463.95,276916,0.53
2021-06-16 13:54:45,2482.95,43,90284,79737,2463.95,276916,0.54
2021-06-16 13:54:46,2482.95,43,90195,79660,2463.95,276966,0.54
2021-06-16 13:54:49,2483.25,1,90141,79217,2463.95,277006,0.55
2021-06-16 13:54:49,2482.75,1,90141,79217,2463.95,277006,0.53
2021-06-16 13:54:51,2482.75,1,90110,79304,2463.95,277007,0.53
2021-06-16 13:54:53,2482.75,1,90180,79433,2463.95,277007,0.53
2021-06-16 13:54:54,2482.95,7,90180,79433,2463.95,277007,0.54
2021-06-16 13:54:55,2482.95,7,90021,79356,2463.95,277014,0.54
2021-06-16 13:54:57,2482.95,7,89921,79357,2463.95,277014,0.54
2021-06-16 13:54:59,2483.2,25,91084,79391,2463.95,277039,0.55
2021-06-16 13:55:01,2482.95,1,91084,79391,2463.95,277039,0.54
2021-06-16 13:55:01,2482.95,1,90316,79808,2463.95,277047,0.54
2021-06-16 13:55:02,2483.0,1,90316,79808,2463.95,277047,0.54
2021-06-16 13:55:04,2483.0,1,90784,79723,2463.96,277174,0.54
2021-06-16 13:55:06,2483.0,1,90384,79724,2463.96,277174,0.54
2021-06-16 13:55:08,2483.25,94,90384,79724,2463.96,277174,0.55
2021-06-16 13:55:09,2483.25,94,90376,79276,2463.97,277285,0.55
2021-06-16 13:55:11,2483.25,94,90791,79543,2463.97,277285,0.55
2021-06-16 13:55:13,2484.0,1,90791,79543,2463.97,277285,0.58
2021-06-16 13:55:13,2484.0,1,90636,78577,2463.98,277393,0.58
2021-06-16 13:55:16,2484.0,1,90640,78844,2463.98,277393,0.58
2021-06-16 13:55:18,2484.0,1,91040,78839,2463.98,277393,0.58
2021-06-16 13:55:20,2484.0,1,91011,78864,2463.98,277393,0.58
2021-06-16 13:55:21,2483.3,22,91011,78864,2463.98,277393,0.55
2021-06-16 13:55:22,2483.3,22,90576,78870,2463.98,277417,0.55
2021-06-16 13:55:24,2484.8,15,90576,78870,2463.98,277417,0.61
2021-06-16 13:55:24,2484.8,15,90562,78873,2463.98,277452,0.61
2021-06-16 13:55:26,2484.8,15,90806,78960,2463.98,277452,0.61
2021-06-16 13:55:27,2485.0,731,90806,78960,2463.98,277452,0.62
2021-06-16 13:55:28,2484.35,7,90806,78960,2463.98,277452,0.59
2021-06-16 13:55:28,2484.35,7,90383,78140,2464.06,278459,0.59
2021-06-16 13:55:29,2483.95,27,90383,78140,2464.06,278459,0.58
2021-06-16 13:55:30,2483.95,1,90709,78065,2464.06,278510,0.58
2021-06-16 13:55:33,2483.95,1,90705,78068,2464.06,278510,0.58
2021-06-16 13:55:35,2483.95,1,90675,78120,2464.06,278510,0.58
2021-06-16 13:55:37,2483.95,1,90675,78123,2464.06,278510,0.58
2021-06-16 13:55:39,2483.95,1,90657,78128,2464.06,278510,0.58
2021-06-16 13:55:41,2483.95,5,90657,78128,2464.06,278510,0.58
2021-06-16 13:55:42,2483.95,5,90651,78108,2464.06,278515,0.58
2021-06-16 13:55:43,2484.8,2,90651,78108,2464.06,278515,0.61
2021-06-16 13:55:44,2484.8,2,90730,78148,2464.06,278517,0.61
2021-06-16 13:55:45,2484.8,1,90730,78148,2464.06,278517,0.61
2021-06-16 13:55:46,2484.8,1,90729,78145,2464.06,278521,0.61
2021-06-16 13:55:46,2485.0,31,90729,78145,2464.06,278521,0.62
2021-06-16 13:55:47,2485.0,1,90729,78145,2464.06,278521,0.62
2021-06-16 13:55:48,2485.0,1,91138,77582,2464.19,280181,0.62
2021-06-16 13:55:51,2485.0,1,91138,77572,2464.19,280181,0.62
2021-06-16 13:55:52,2484.0,4,90594,77700,2464.19,280203,0.58
2021-06-16 13:55:54,2483.95,5,90594,77700,2464.19,280203,0.58
2021-06-16 13:55:54,2483.95,5,90963,77291,2464.19,280208,0.58
2021-06-16 13:55:55,2484.8,15,90963,77291,2464.19,280208,0.61
2021-06-16 13:55:57,2484.8,15,90431,77402,2464.19,280223,0.61
2021-06-16 13:55:59,2483.55,5,90409,77419,2464.19,280223,0.56
2021-06-16 13:56:01,2483.55,5,90174,77530,2464.21,280578,0.56
2021-06-16 13:56:03,2483.55,1,90203,77877,2464.21,280578,0.56
2021-06-16 13:56:06,2484.7,1,89687,77550,2464.22,280587,0.61
2021-06-16 13:56:09,2484.7,1,90196,77467,2464.22,280587,0.61
2021-06-16 13:56:12,2484.7,1,90248,77469,2464.22,280587,0.61
2021-06-16 13:56:13,2484.7,1,90412,77119,2464.22,280587,0.61
2021-06-16 13:56:16,2484.7,1,90425,77551,2464.22,280587,0.61
2021-06-16 13:56:18,2484.7,2,90347,77529,2464.22,280587,0.61
2021-06-16 13:56:20,2484.7,2,90627,77898,2464.22,280642,0.61
2021-06-16 13:56:22,2484.7,2,90213,77899,2464.22,280642,0.61
2021-06-16 13:56:23,2484.8,9,90213,77899,2464.22,280642,0.61
2021-06-16 13:56:25,2484.8,9,90198,77888,2464.22,280652,0.61
2021-06-16 13:56:27,2484.7,9,90198,77888,2464.22,280652,0.61
2021-06-16 13:56:28,2484.5,4,90044,77435,2464.23,280726,0.6
2021-06-16 13:56:30,2484.7,2,90044,77435,2464.23,280726,0.61
2021-06-16 13:56:30,2484.7,2,89366,77512,2464.23,280755,0.61
2021-06-16 13:56:31,2484.7,4,89366,77512,2464.23,280755,0.61
2021-06-16 13:56:33,2484.7,4,89490,77661,2464.23,280759,0.61
2021-06-16 13:56:35,2484.7,4,89930,77674,2464.23,280759,0.61
2021-06-16 13:56:38,2484.7,4,90361,77840,2464.23,280759,0.61
2021-06-16 13:56:41,2484.7,4,90355,77998,2464.23,280759,0.61
2021-06-16 13:56:42,2484.5,6,90355,77998,2464.23,280759,0.6
2021-06-16 13:56:43,2484.45,2,89545,78001,2464.24,280886,0.6
2021-06-16 13:56:46,2484.45,2,89767,77918,2464.24,280886,0.6
2021-06-16 13:56:50,2484.35,4,89752,78037,2464.24,280895,0.59
2021-06-16 13:56:51,2484.35,4,89759,78053,2464.24,280911,0.59
2021-06-16 13:56:52,2483.2,25,89759,78053,2464.24,280911,0.55
2021-06-16 13:56:54,2483.2,25,89773,78188,2464.24,280936,0.55
2021-06-16 13:56:55,2483.5,6,89773,78188,2464.24,280936,0.56
2021-06-16 13:57:00,2483.5,6,89669,78535,2464.25,281010,0.56
2021-06-16 13:57:02,2483.5,6,89608,78455,2464.25,281010,0.56
2021-06-16 13:57:04,2483.5,6,89190,78457,2464.25,281010,0.56
2021-06-16 13:57:07,2483.5,6,89589,78485,2464.25,281010,0.56
2021-06-16 13:57:09,2482.35,1,89589,78485,2464.25,281010,0.51
2021-06-16 13:57:10,2483.7,2,89595,78488,2464.25,281043,0.57
2021-06-16 13:57:12,2483.7,2,89570,78575,2464.25,281043,0.57
2021-06-16 13:57:15,2482.1,1,89628,78513,2464.25,281068,0.5
2021-06-16 13:57:17,2482.1,1,89608,78557,2464.25,281068,0.5
2021-06-16 13:57:19,2483.65,1,89608,78557,2464.25,281068,0.56
2021-06-16 13:57:19,2483.65,1,89747,78492,2464.25,281077,0.56
2021-06-16 13:57:21,2483.65,4,89747,78492,2464.25,281077,0.56
2021-06-16 13:57:22,2483.65,4,90147,78468,2464.25,281081,0.56
2021-06-16 13:57:25,2483.65,4,90178,78492,2464.25,281081,0.56
2021-06-16 13:57:28,2483.65,4,90179,78502,2464.25,281081,0.56
2021-06-16 13:57:30,2483.65,9,90210,78491,2464.25,281081,0.56
2021-06-16 13:57:33,2483.65,9,90209,78482,2464.25,281090,0.56
2021-06-16 13:57:34,2483.6,43,90209,78482,2464.25,281090,0.56
2021-06-16 13:57:35,2483.6,43,89828,78383,2464.25,281133,0.56
2021-06-16 13:57:37,2483.7,9,89828,78383,2464.25,281133,0.57
2021-06-16 13:57:38,2483.7,9,89710,78367,2464.26,281233,0.57
2021-06-16 13:57:40,2482.55,2,89710,78367,2464.26,281233,0.52
2021-06-16 13:57:45,2482.55,2,90110,78362,2464.26,281235,0.52
2021-06-16 13:57:46,2483.7,4,90120,78363,2464.26,281235,0.57
2021-06-16 13:57:52,2483.7,4,90162,78351,2464.26,281275,0.57
2021-06-16 13:57:53,2483.7,4,91386,78304,2464.26,281283,0.57
2021-06-16 13:57:55,2483.7,4,90179,78304,2464.26,281283,0.57
2021-06-16 13:57:59,2483.7,4,89945,78418,2464.26,281283,0.57
2021-06-16 13:58:03,2483.7,4,90940,78405,2464.26,281283,0.57
2021-06-16 13:58:07,2483.7,4,91516,78438,2464.26,281283,0.57
2021-06-16 13:58:08,2483.8,5,91516,78438,2464.26,281283,0.57
2021-06-16 13:58:10,2483.8,5,91517,78368,2464.27,281323,0.57
2021-06-16 13:58:12,2483.8,9,90752,78359,2464.27,281332,0.57
2021-06-16 13:58:14,2483.8,10,90752,78359,2464.27,281332,0.57
2021-06-16 13:58:15,2483.8,10,90885,78349,2464.27,281342,0.57
2021-06-16 13:58:18,2483.8,10,90885,78350,2464.27,281342,0.57
2021-06-16 13:58:20,2483.8,10,90342,78529,2464.27,281342,0.57
2021-06-16 13:58:23,2483.8,10,90289,78535,2464.27,281342,0.57
2021-06-16 13:58:26,2482.5,50,90289,78535,2464.27,281342,0.52
2021-06-16 13:58:27,2482.5,50,90293,78536,2464.27,281392,0.52
2021-06-16 13:58:28,2482.5,1,90293,78536,2464.27,281392,0.52
2021-06-16 13:58:30,2483.7,3,90293,78536,2464.27,281392,0.57
2021-06-16 13:58:30,2483.7,3,90281,78536,2464.27,281398,0.57
2021-06-16 13:58:33,2483.7,3,90314,78538,2464.27,281398,0.57
2021-06-16 13:58:33,2483.6,9,90314,78538,2464.27,281398,0.56
2021-06-16 13:58:34,2483.6,9,89601,78550,2464.27,281407,0.56
2021-06-16 13:58:37,2483.6,9,89592,78610,2464.27,281407,0.56
2021-06-16 13:58:40,2483.6,9,89592,78605,2464.27,281407,0.56
2021-06-16 13:58:43,2483.6,9,90014,78605,2464.27,281407,0.56
2021-06-16 13:58:46,2483.6,9,89614,78605,2464.27,281407,0.56
2021-06-16 13:58:49,2483.6,9,89615,78598,2464.27,281407,0.56
2021-06-16 13:58:52,2483.6,9,89615,78587,2464.27,281407,0.56
2021-06-16 13:58:54,2483.55,9,89615,78587,2464.27,281407,0.56
2021-06-16 13:58:55,2483.55,9,90014,78597,2464.27,281416,0.56
2021-06-16 13:58:55,2482.5,6,90014,78597,2464.27,281416,0.52
2021-06-16 13:58:57,2482.5,6,89718,78620,2464.27,281441,0.52
2021-06-16 13:59:00,2482.5,6,89618,78614,2464.27,281441,0.52
2021-06-16 13:59:02,2482.5,6,90118,78614,2464.27,281441,0.52
2021-06-16 13:59:03,2483.5,1,90118,78614,2464.27,281441,0.56
2021-06-16 13:59:05,2483.5,1,89599,78660,2464.27,281442,0.56
2021-06-16 13:59:06,2483.5,1,89999,78656,2464.27,281442,0.56
2021-06-16 13:59:07,2483.5,1,90099,78674,2464.27,281442,0.56
2021-06-16 13:59:08,2483.5,1,90077,78666,2464.27,281442,0.56
2021-06-16 13:59:09,2483.5,1,90103,78695,2464.27,281442,0.56
2021-06-16 13:59:10,2483.5,1,90104,78695,2464.27,281442,0.56
2021-06-16 13:59:12,2483.5,1,90104,78730,2464.27,281442,0.56
2021-06-16 13:59:15,2483.5,1,90131,78729,2464.27,281442,0.56
2021-06-16 13:59:16,2483.5,1,90103,78696,2464.28,281451,0.56
2021-06-16 13:59:18,2483.5,1,89602,78715,2464.28,281451,0.56
2021-06-16 13:59:19,2483.5,1,89602,78490,2464.28,281451,0.56
2021-06-16 13:59:20,2482.5,5,89602,78490,2464.28,281451,0.52
2021-06-16 13:59:22,2482.5,5,89598,78491,2464.28,281456,0.52
2021-06-16 13:59:23,2482.5,5,89607,78544,2464.28,281456,0.52
2021-06-16 13:59:25,2483.4,1,89593,78558,2464.28,281457,0.55
2021-06-16 13:59:25,2483.4,4,89593,78558,2464.28,281457,0.55
2021-06-16 13:59:26,2483.4,4,89992,78568,2464.28,281461,0.55
2021-06-16 13:59:27,2483.4,4,89617,79145,2464.28,281461,0.55
2021-06-16 13:59:28,2483.4,4,89617,79154,2464.28,281461,0.55
2021-06-16 13:59:28,2482.5,1,89617,79154,2464.28,281461,0.52
2021-06-16 13:59:29,2482.5,1,89616,79154,2464.28,281462,0.52
2021-06-16 13:59:30,2482.5,1,89616,79155,2464.28,281462,0.52
2021-06-16 13:59:31,2482.5,1,89617,79155,2464.28,281462,0.52
2021-06-16 13:59:33,2483.35,2,89617,79155,2464.28,281462,0.55
2021-06-16 13:59:33,2483.35,2,90878,79111,2464.28,281487,0.55
2021-06-16 13:59:35,2483.35,2,90878,79103,2464.28,281487,0.55
2021-06-16 13:59:35,2483.35,2,90888,79093,2464.28,281487,0.55
2021-06-16 13:59:36,2482.9,9,90942,79105,2464.28,281496,0.53
2021-06-16 13:59:37,2482.9,9,90942,79109,2464.28,281496,0.53
2021-06-16 13:59:39,2482.9,9,90942,79110,2464.28,281496,0.53
2021-06-16 13:59:42,2482.9,9,90916,79128,2464.28,281496,0.53
2021-06-16 13:59:44,2482.9,9,90939,79237,2464.28,281496,0.53
2021-06-16 13:59:45,2482.9,9,90939,79219,2464.28,281496,0.53
2021-06-16 13:59:46,2482.9,9,90932,79257,2464.28,281496,0.53
2021-06-16 13:59:48,2482.9,9,90909,79357,2464.28,281496,0.53
2021-06-16 13:59:49,2482.5,20,90574,79372,2464.28,281579,0.52
2021-06-16 13:59:50,2482.5,20,90574,79374,2464.28,281579,0.52
2021-06-16 13:59:54,2482.5,20,90587,79374,2464.28,281579,0.52
2021-06-16 13:59:55,2482.5,2,90591,79357,2464.29,281602,0.52
2021-06-16 13:59:55,2482.5,2,90591,79354,2464.29,281602,0.52
2021-06-16 13:59:57,2482.5,2,90592,79354,2464.29,281602,0.52
2021-06-16 13:59:57,2482.9,2,90592,79354,2464.29,281602,0.53
2021-06-16 13:59:58,2482.5,48,87686,79438,2464.29,281658,0.52
2021-06-16 13:59:58,2482.5,48,88361,79496,2464.29,281658,0.52
2021-06-16 14:00:00,2482.5,48,88431,79516,2464.29,281658,0.52
2021-06-16 14:00:01,2482.1,1,88751,79526,2464.29,281658,0.5
2021-06-16 14:00:01,2482.1,1,88751,79381,2464.29,281659,0.5
2021-06-16 14:00:03,2482.1,1,88790,79328,2464.29,281659,0.5
2021-06-16 14:00:05,2482.1,1,88950,79274,2464.29,281659,0.5
2021-06-16 14:00:06,2481.0,6,88950,79274,2464.29,281659,0.46
2021-06-16 14:00:09,2481.0,6,88942,79268,2464.29,281669,0.46
2021-06-16 14:00:10,2482.1,1,88453,79252,2464.29,281688,0.5
2021-06-16 14:00:11,2482.1,1,88483,79252,2464.29,281688,0.5
2021-06-16 14:00:12,2482.1,1,88592,79252,2464.29,281688,0.5
2021-06-16 14:00:13,2482.1,1,89062,79254,2464.29,281688,0.5
2021-06-16 14:00:14,2482.1,1,89063,79194,2464.29,281688,0.5
2021-06-16 14:00:15,2481.05,1,89063,79194,2464.29,281688,0.46
2021-06-16 14:00:15,2481.05,1,89032,79230,2464.29,281689,0.46
2021-06-16 14:00:16,2481.05,1,89032,79201,2464.29,281689,0.46
2021-06-16 14:00:17,2481.05,1,89032,79177,2464.29,281689,0.46
2021-06-16 14:00:18,2482.05,1,88970,79203,2464.29,281698,0.5
2021-06-16 14:00:19,2480.4,8,87758,79121,2464.3,281798,0.43
2021-06-16 14:00:20,2480.4,8,88196,79229,2464.3,281798,0.43
2021-06-16 14:00:22,2480.4,8,88206,79256,2464.3,281798,0.43
2021-06-16 14:00:23,2480.4,8,88237,79377,2464.3,281798,0.43
2021-06-16 14:00:24,2480.4,8,88637,79377,2464.3,281798,0.43
2021-06-16 14:00:25,2482.0,20,88839,79023,2464.3,281898,0.5
2021-06-16 14:00:26,2482.0,20,88854,79090,2464.3,281898,0.5
2021-06-16 14:00:27,2481.9,13,88854,79090,2464.3,281898,0.49
2021-06-16 14:00:28,2481.9,13,89037,79450,2464.3,281911,0.49
2021-06-16 14:00:30,2481.9,13,89419,79515,2464.3,281911,0.49
2021-06-16 14:00:30,2481.9,13,89419,79535,2464.3,281911,0.49
2021-06-16 14:00:31,2481.9,13,89420,79655,2464.3,281911,0.49
2021-06-16 14:00:33,2481.9,13,89820,79662,2464.3,281911,0.49
2021-06-16 14:00:34,2481.9,13,89423,79662,2464.3,281911,0.49
2021-06-16 14:00:37,2481.9,13,89424,79662,2464.3,281911,0.49
2021-06-16 14:00:38,2483.95,8,89778,79143,2464.3,281911,0.58
2021-06-16 14:00:39,2483.9,2,89505,79212,2464.33,282311,0.57
2021-06-16 14:00:40,2483.9,2,89695,79145,2464.33,282320,0.57
2021-06-16 14:00:40,2483.9,2,89676,79145,2464.33,282320,0.57
2021-06-16 14:00:42,2483.9,2,89676,79158,2464.33,282320,0.57
2021-06-16 14:00:43,2483.9,2,89706,79158,2464.33,282320,0.57
2021-06-16 14:00:43,2483.9,2,89737,79159,2464.33,282320,0.57
2021-06-16 14:00:46,2483.9,2,89737,79163,2464.33,282320,0.57
2021-06-16 14:00:47,2483.9,2,89368,79138,2464.33,282320,0.57
2021-06-16 14:00:48,2483.9,2,89337,79144,2464.33,282320,0.57
2021-06-16 14:00:49,2483.9,1,89337,79172,2464.33,282321,0.57
2021-06-16 14:00:51,2483.9,1,89337,79170,2464.33,282321,0.57
2021-06-16 14:00:52,2483.9,1,89297,79227,2464.33,282321,0.57
2021-06-16 14:00:52,2482.35,9,89297,79227,2464.33,282321,0.51
2021-06-16 14:00:53,2482.35,9,88994,79318,2464.34,282381,0.51
2021-06-16 14:00:54,2482.35,9,89104,79318,2464.34,282381,0.51
2021-06-16 14:00:55,2482.35,9,89251,79235,2464.34,282381,0.51
2021-06-16 14:00:57,2482.35,9,89323,79241,2464.34,282381,0.51
2021-06-16 14:00:59,2482.35,9,89323,79242,2464.34,282381,0.51
2021-06-16 14:01:00,2483.4,8,89347,79210,2464.34,282381,0.55
2021-06-16 14:01:01,2483.4,8,89326,79311,2464.34,282389,0.55
2021-06-16 14:01:03,2483.4,8,89551,79311,2464.34,282389,0.55
2021-06-16 14:01:04,2483.4,8,89551,79288,2464.34,282389,0.55
2021-06-16 14:01:09,2483.4,8,89546,79314,2464.34,282389,0.55
2021-06-16 14:01:09,2483.4,8,89546,79207,2464.34,282389,0.55
2021-06-16 14:01:10,2483.4,8,89550,79259,2464.34,282389,0.55
2021-06-16 14:01:11,2483.4,8,89550,79281,2464.34,282389,0.55
2021-06-16 14:01:12,2483.4,8,89944,79281,2464.34,282389,0.55
2021-06-16 14:01:13,2483.4,8,89544,79491,2464.34,282389,0.55
2021-06-16 14:01:14,2483.4,8,89544,79516,2464.34,282389,0.55
2021-06-16 14:01:15,2483.4,8,89520,79516,2464.34,282389,0.55
2021-06-16 14:01:16,2483.4,8,89540,79514,2464.34,282389,0.55
2021-06-16 14:01:17,2483.4,8,89541,79514,2464.34,282389,0.55
2021-06-16 14:01:21,2483.4,8,89941,79489,2464.34,282389,0.55
2021-06-16 14:01:21,2483.35,3,89941,79489,2464.34,282389,0.55
2021-06-16 14:01:24,2483.35,3,89940,79484,2464.34,282398,0.55
2021-06-16 14:01:25,2483.35,3,89946,79486,2464.34,282398,0.55
2021-06-16 14:01:33,2483.35,3,89946,79489,2464.34,282398,0.55
2021-06-16 14:01:34,2483.35,3,89946,79480,2464.34,282398,0.55
2021-06-16 14:01:38,2483.35,3,89547,79480,2464.34,282398,0.55
2021-06-16 14:01:40,2483.35,3,89400,79501,2464.34,282398,0.55
2021-06-16 14:01:41,2483.25,1,89370,79509,2464.34,282398,0.55
2021-06-16 14:01:42,2483.25,1,89362,79553,2464.34,282399,0.55
2021-06-16 14:01:42,2483.25,9,89362,79553,2464.34,282399,0.55
2021-06-16 14:01:43,2483.25,9,89388,79544,2464.34,282408,0.55
2021-06-16 14:01:43,2483.25,2,89388,79544,2464.34,282408,0.55
2021-06-16 14:01:45,2483.25,2,89416,79537,2464.34,282427,0.55
2021-06-16 14:01:46,2483.25,2,89816,79537,2464.34,282427,0.55
2021-06-16 14:01:47,2483.25,2,89816,79516,2464.34,282427,0.55
2021-06-16 14:01:48,2483.25,2,89816,79547,2464.34,282427,0.55
2021-06-16 14:01:49,2483.55,3,89522,79636,2464.35,282627,0.56
2021-06-16 14:01:50,2483.55,3,89522,79646,2464.35,282627,0.56
2021-06-16 14:01:51,2483.55,3,89522,79649,2464.35,282627,0.56
2021-06-16 14:01:52,2483.55,3,89522,79749,2464.35,282627,0.56
2021-06-16 14:01:53,2483.5,20,89931,79729,2464.35,282647,0.56
2021-06-16 14:01:54,2483.5,4,89931,79731,2464.35,282647,0.56
2021-06-16 14:01:55,2481.95,1,91454,79718,2464.36,282702,0.5
2021-06-16 14:01:56,2481.95,1,91427,79710,2464.36,282702,0.5
2021-06-16 14:01:57,2481.9,17,91223,79370,2464.36,282719,0.49
2021-06-16 14:01:58,2481.9,17,91297,79350,2464.36,282719,0.49
2021-06-16 14:02:00,2481.9,17,91297,79358,2464.36,282719,0.49
2021-06-16 14:02:03,2481.9,17,91342,79355,2464.36,282719,0.49
2021-06-16 14:02:03,2481.9,1,91342,79355,2464.36,282719,0.49
2021-06-16 14:02:04,2481.9,1,91302,79535,2464.36,282728,0.49
2021-06-16 14:02:05,2481.9,44,91541,79535,2464.36,282728,0.49
2021-06-16 14:02:06,2481.9,44,91541,79491,2464.36,282778,0.49
2021-06-16 14:02:07,2483.55,15,89516,79528,2464.37,282972,0.56
2021-06-16 14:02:08,2483.55,15,89546,79541,2464.37,282972,0.56
2021-06-16 14:02:09,2483.55,15,89543,79547,2464.37,282972,0.56
2021-06-16 14:02:09,2483.55,2,89543,79547,2464.37,282972,0.56
2021-06-16 14:02:10,2483.55,2,89543,79545,2464.37,282974,0.56
2021-06-16 14:02:12,2483.55,2,89543,79577,2464.37,282974,0.56
2021-06-16 14:02:13,2483.55,2,89543,79601,2464.37,282974,0.56
2021-06-16 14:02:15,2483.55,2,89810,79941,2464.37,282974,0.56
2021-06-16 14:02:16,2483.55,2,89810,79968,2464.37,282974,0.56
2021-06-16 14:02:18,2483.55,2,89810,79978,2464.37,282974,0.56
2021-06-16 14:02:19,2483.55,2,89810,80010,2464.37,282974,0.56
2021-06-16 14:02:24,2483.55,2,89811,80010,2464.37,282974,0.56
2021-06-16 14:02:24,2482.05,3,89811,80010,2464.37,282974,0.5
2021-06-16 14:02:26,2483.5,9,89807,80001,2464.37,282986,0.56
2021-06-16 14:02:27,2483.5,9,90245,80001,2464.37,282986,0.56
2021-06-16 14:02:29,2482.05,1,89844,80001,2464.37,282987,0.5
2021-06-16 14:02:30,2482.05,1,90244,80001,2464.37,282987,0.5
2021-06-16 14:02:33,2482.05,1,90249,80001,2464.37,282987,0.5
2021-06-16 14:02:35,2482.05,1,90249,80101,2464.37,282987,0.5
2021-06-16 14:02:38,2482.05,1,90219,80101,2464.37,282987,0.5
2021-06-16 14:02:40,2482.05,1,92049,79878,2464.37,282987,0.5
2021-06-16 14:02:41,2482.05,1,92050,79878,2464.37,282987,0.5
2021-06-16 14:02:42,2482.05,1,92050,79872,2464.37,282987,0.5
2021-06-16 14:02:43,2482.05,1,90812,78951,2464.37,282987,0.5
2021-06-16 14:02:44,2483.45,3,90828,78925,2464.37,282987,0.56
2021-06-16 14:02:45,2483.45,3,90828,79228,2464.38,282990,0.56
2021-06-16 14:02:45,2483.45,2,90828,79228,2464.38,282990,0.56
2021-06-16 14:02:46,2483.45,2,89503,79314,2464.38,282999,0.56
2021-06-16 14:02:47,2483.45,2,89503,79316,2464.38,282999,0.56
2021-06-16 14:02:48,2482.1,2,89471,79316,2464.38,282999,0.5
2021-06-16 14:02:49,2482.1,3,91297,79463,2464.38,283004,0.5
2021-06-16 14:02:51,2482.1,3,91297,79465,2464.38,283004,0.5
2021-06-16 14:02:51,2482.1,3,91297,79458,2464.38,283004,0.5
2021-06-16 14:02:52,2483.0,33,91297,79458,2464.38,283004,0.54
2021-06-16 14:02:52,2483.0,33,89509,79483,2464.38,283104,0.54
2021-06-16 14:02:54,2483.0,33,89491,79485,2464.38,283104,0.54
2021-06-16 14:02:56,2483.0,33,89491,79518,2464.38,283104,0.54
2021-06-16 14:02:59,2483.0,33,89488,79513,2464.38,283104,0.54
2021-06-16 14:03:03,2483.0,33,89489,79514,2464.38,283104,0.54
2021-06-16 14:03:03,2483.0,33,89489,79513,2464.38,283104,0.54
2021-06-16 14:03:04,2483.0,33,89489,79512,2464.38,283104,0.54
2021-06-16 14:03:06,2483.0,33,89489,79566,2464.38,283104,0.54
2021-06-16 14:03:06,2483.25,9,89348,79603,2464.38,283113,0.55
2021-06-16 14:03:07,2483.25,9,89804,79563,2464.38,283113,0.55
2021-06-16 14:03:08,2483.25,9,89804,79518,2464.38,283113,0.55
2021-06-16 14:03:09,2481.7,21,89882,79516,2464.38,283134,0.49
2021-06-16 14:03:10,2481.7,21,89886,79517,2464.38,283134,0.49
2021-06-16 14:03:11,2481.7,21,89895,79549,2464.38,283134,0.49
2021-06-16 14:03:16,2481.7,21,90292,79550,2464.38,283134,0.49
2021-06-16 14:03:18,2481.75,4,90278,79596,2464.38,283139,0.49
2021-06-16 14:03:18,2481.75,4,90278,79551,2464.38,283139,0.49
2021-06-16 14:03:19,2483.5,6,90278,79551,2464.38,283139,0.56
2021-06-16 14:03:19,2483.5,6,90124,79896,2464.39,283256,0.56
2021-06-16 14:03:21,2483.5,6,90140,79907,2464.39,283256,0.56
2021-06-16 14:03:22,2483.5,6,90150,79907,2464.39,283256,0.56
2021-06-16 14:03:24,2483.5,6,90550,79907,2464.39,283256,0.56
2021-06-16 14:03:24,2483.5,2,91036,79366,2464.39,283260,0.56
2021-06-16 14:03:25,2483.5,2,91036,79369,2464.39,283260,0.56
2021-06-16 14:03:27,2483.5,2,91036,79367,2464.39,283260,0.56
2021-06-16 14:03:27,2483.55,9,91036,79367,2464.39,283260,0.56
2021-06-16 14:03:28,2483.55,9,91035,79438,2464.39,283269,0.56
2021-06-16 14:03:30,2483.55,9,91034,79440,2464.39,283269,0.56
2021-06-16 14:03:31,2483.55,9,91034,79441,2464.39,283269,0.56
2021-06-16 14:03:32,2483.55,9,91062,79441,2464.39,283269,0.56
2021-06-16 14:03:33,2483.55,9,91034,79447,2464.39,283269,0.56
2021-06-16 14:03:34,2483.55,9,91035,79447,2464.39,283269,0.56
2021-06-16 14:03:35,2484.0,6,91035,79406,2464.39,283269,0.58
2021-06-16 14:03:36,2484.15,188,91942,79314,2464.41,283573,0.59
2021-06-16 14:03:37,2484.15,188,91253,78647,2464.43,283761,0.59
2021-06-16 14:03:38,2484.15,188,91281,78647,2464.43,283761,0.59
2021-06-16 14:03:41,2484.15,188,91281,78670,2464.43,283761,0.59
2021-06-16 14:03:43,2484.15,188,91384,79295,2464.43,283761,0.59
2021-06-16 14:03:44,2484.15,188,91417,79295,2464.43,283761,0.59
2021-06-16 14:03:45,2484.15,188,90507,79241,2464.43,283761,0.59
2021-06-16 14:03:48,2484.15,188,90507,79242,2464.43,283761,0.59
2021-06-16 14:03:48,2484.3,9,90507,79242,2464.43,283761,0.59
2021-06-16 14:03:49,2484.3,9,90473,79241,2464.43,283770,0.59
2021-06-16 14:03:51,2484.3,9,90473,79269,2464.43,283770,0.59
2021-06-16 14:03:52,2483.2,3,90470,79270,2464.43,283773,0.55
2021-06-16 14:03:55,2483.2,3,90471,79271,2464.43,283773,0.55
2021-06-16 14:03:56,2484.3,1,90445,79256,2464.43,283774,0.59
2021-06-16 14:03:57,2484.3,1,90445,79266,2464.43,283774,0.59
2021-06-16 14:03:58,2484.3,1,90033,79272,2464.43,283774,0.59
2021-06-16 14:03:59,2484.3,1,89721,79635,2464.43,283774,0.59
2021-06-16 14:04:00,2484.3,1,89722,79646,2464.43,283774,0.59
2021-06-16 14:04:02,2484.3,1,89814,79646,2464.43,283774,0.59
2021-06-16 14:04:03,2484.3,1,89814,79895,2464.43,283774,0.59
2021-06-16 14:04:04,2484.3,1,89815,79895,2464.43,283774,0.59
2021-06-16 14:04:05,2484.3,1,89740,79895,2464.43,283774,0.59
2021-06-16 14:04:06,2484.3,1,89526,80012,2464.43,283774,0.59
2021-06-16 14:04:09,2484.0,4,89602,80024,2464.43,283774,0.58
2021-06-16 14:04:12,2484.0,4,89625,80241,2464.43,283782,0.58
2021-06-16 14:04:13,2483.95,2,89625,80241,2464.43,283782,0.58
2021-06-16 14:04:14,2483.95,1,89629,80237,2464.43,283786,0.58
2021-06-16 14:04:21,2483.95,1,89642,80499,2464.43,283786,0.58
2021-06-16 14:04:24,2483.95,1,89642,80500,2464.43,283786,0.58
2021-06-16 14:04:25,2482.05,26,89642,80500,2464.43,283786,0.5
2021-06-16 14:04:26,2483.75,4,89788,80396,2464.43,283846,0.57
2021-06-16 14:04:27,2483.75,1,89788,80396,2464.43,283846,0.57
2021-06-16 14:04:28,2483.0,9,89788,80396,2464.43,283846,0.54
2021-06-16 14:04:28,2483.0,9,90108,80659,2464.43,283858,0.54
2021-06-16 14:04:31,2483.0,9,89907,80674,2464.43,283858,0.54
2021-06-16 14:04:33,2483.0,9,89907,80654,2464.43,283858,0.54
2021-06-16 14:04:34,2482.0,11,89907,80654,2464.43,283858,0.5
2021-06-16 14:04:35,2482.0,11,89791,80260,2464.44,283896,0.5
2021-06-16 14:04:37,2482.0,11,89848,80206,2464.44,283896,0.5
2021-06-16 14:04:39,2481.8,37,89848,80206,2464.44,283896,0.49
2021-06-16 14:04:39,2481.8,37,90253,80159,2464.44,283934,0.49
2021-06-16 14:04:42,2481.8,37,89808,80263,2464.44,283934,0.49
2021-06-16 14:04:46,2481.8,37,91266,80935,2464.44,283934,0.49
2021-06-16 14:04:49,2481.8,37,91267,81035,2464.44,283934,0.49
2021-06-16 14:04:51,2481.8,37,91288,81093,2464.44,283934,0.49
2021-06-16 14:04:51,2482.0,9,91288,81093,2464.44,283934,0.5
2021-06-16 14:04:54,2482.0,9,91282,81108,2464.44,283943,0.5
2021-06-16 14:04:54,2481.85,1,91282,81108,2464.44,283943,0.49
2021-06-16 14:04:56,2481.85,1,91219,81202,2464.44,283944,0.49
2021-06-16 14:04:57,2482.0,43,91219,81202,2464.44,283944,0.5
2021-06-16 14:04:58,2482.0,43,91243,81038,2464.44,283994,0.5
2021-06-16 14:05:00,2482.0,43,91654,81046,2464.44,283994,0.5
2021-06-16 14:05:03,2482.0,43,91682,81046,2464.44,283994,0.5
2021-06-16 14:05:05,2482.0,43,91731,81068,2464.44,283994,0.5
2021-06-16 14:05:07,2482.0,43,91882,81147,2464.44,283994,0.5
2021-06-16 14:05:08,2482.0,2,91882,81147,2464.44,283994,0.5
2021-06-16 14:05:12,2482.0,2,90449,81147,2464.45,284067,0.5
2021-06-16 14:05:12,2482.8,9,90449,81147,2464.45,284067,0.53
2021-06-16 14:05:13,2481.95,1,90449,81147,2464.45,284067,0.5
2021-06-16 14:05:14,2481.95,1,91188,80573,2464.45,284077,0.5
2021-06-16 14:05:16,2481.95,1,90675,80609,2464.45,284077,0.5
2021-06-16 14:05:17,2482.8,3,90675,80609,2464.45,284077,0.53
2021-06-16 14:05:18,2482.0,1,90370,81013,2464.45,284081,0.5
2021-06-16 14:05:20,2482.0,1,90759,80989,2464.45,284081,0.5
2021-06-16 14:05:22,2482.0,1,90309,81031,2464.45,284081,0.5
2021-06-16 14:05:24,2482.0,1,90359,81031,2464.45,284081,0.5
2021-06-16 14:05:27,2482.0,1,90801,81005,2464.45,284081,0.5
2021-06-16 14:05:31,2482.0,1,90431,81060,2464.45,284081,0.5
2021-06-16 14:05:33,2482.65,9,90431,81060,2464.45,284081,0.52
2021-06-16 14:05:34,2482.65,2,90848,81093,2464.45,284092,0.52
2021-06-16 14:05:36,2482.0,17,90848,81093,2464.45,284092,0.5
2021-06-16 14:05:36,2482.0,17,90792,81094,2464.45,284118,0.5
2021-06-16 14:05:39,2482.0,17,90792,81096,2464.45,284118,0.5
2021-06-16 14:05:39,2482.0,13,90792,81096,2464.45,284118,0.5
2021-06-16 14:05:41,2482.0,13,90779,81094,2464.45,284131,0.5
2021-06-16 14:05:43,2482.0,13,90779,81104,2464.45,284131,0.5
2021-06-16 14:05:46,2482.0,13,90984,81088,2464.45,284131,0.5
2021-06-16 14:05:51,2482.0,13,90969,81088,2464.45,284131,0.5
2021-06-16 14:05:52,2482.0,5,90969,81088,2464.45,284131,0.5
2021-06-16 14:05:53,2482.0,30,90925,81010,2464.45,284166,0.5
2021-06-16 14:05:54,2482.65,4,90925,81010,2464.45,284166,0.52
2021-06-16 14:05:56,2482.0,25,90288,80782,2464.45,284175,0.5
2021-06-16 14:05:57,2482.0,100,90288,80782,2464.45,284175,0.5
2021-06-16 14:05:58,2482.0,100,90163,80782,2464.46,284300,0.5
2021-06-16 14:06:01,2482.0,100,90143,80808,2464.46,284300,0.5
2021-06-16 14:06:07,2482.65,2,90251,80793,2464.46,284310,0.52
2021-06-16 14:06:10,2482.0,49,90251,80793,2464.46,284310,0.5
2021-06-16 14:06:10,2482.0,49,90188,80694,2464.46,284359,0.5
2021-06-16 14:06:14,2482.0,49,89788,80698,2464.46,284359,0.5
2021-06-16 14:06:15,2482.65,6,89788,80698,2464.46,284359,0.52
2021-06-16 14:06:16,2482.0,513,89788,80698,2464.46,284359,0.5
2021-06-16 14:06:17,2482.0,513,88859,80694,2464.52,285242,0.5
2021-06-16 14:06:19,2482.0,513,88859,80541,2464.52,285242,0.5
2021-06-16 14:06:23,2482.0,513,88865,80515,2464.52,285242,0.5
2021-06-16 14:06:26,2482.65,5,88865,80515,2464.52,285242,0.52
2021-06-16 14:06:27,2482.65,5,89265,80531,2464.52,285247,0.52
2021-06-16 14:06:27,2482.65,2,89265,80531,2464.52,285247,0.52
2021-06-16 14:06:29,2482.1,15,89265,80531,2464.52,285247,0.5
2021-06-16 14:06:30,2482.1,15,90340,80505,2464.55,285662,0.5
2021-06-16 14:06:31,2482.7,16,90340,80505,2464.55,285662,0.53
2021-06-16 14:06:33,2482.7,16,90296,80260,2464.57,286062,0.53
2021-06-16 14:06:36,2481.85,3,90469,80303,2464.57,286067,0.49
2021-06-16 14:06:37,2481.3,2,90469,80303,2464.57,286067,0.47
2021-06-16 14:06:39,2481.3,2,90083,80148,2464.57,286109,0.47
2021-06-16 14:06:42,2481.3,2,88936,80203,2464.57,286109,0.47
2021-06-16 14:06:44,2481.3,2,89346,80168,2464.57,286109,0.47
2021-06-16 14:06:45,2481.0,1,89346,80168,2464.57,286109,0.46
2021-06-16 14:06:47,2481.0,1,89230,80169,2464.57,286119,0.46
2021-06-16 14:06:49,2481.0,1,89439,80160,2464.57,286119,0.46
2021-06-16 14:06:52,2481.0,1,88988,80599,2464.57,286119,0.46
2021-06-16 14:06:54,2481.0,1,89564,80574,2464.57,286119,0.46
2021-06-16 14:06:57,2481.0,1,89616,80586,2464.57,286119,0.46
2021-06-16 14:06:57,2482.0,9,89616,80586,2464.57,286119,0.5
2021-06-16 14:06:59,2482.0,9,89148,80738,2464.57,286128,0.5
2021-06-16 14:07:02,2482.0,9,89148,80335,2464.57,286128,0.5
2021-06-16 14:07:05,2482.0,9,88968,80374,2464.57,286128,0.5
2021-06-16 14:07:08,2482.0,9,89597,80741,2464.57,286128,0.5
2021-06-16 14:07:11,2482.0,9,89721,81090,2464.57,286128,0.5
2021-06-16 14:07:13,2482.0,9,89317,81104,2464.57,286128,0.5
2021-06-16 14:07:16,2482.0,7,89317,81104,2464.57,286128,0.5
2021-06-16 14:07:17,2482.0,7,89721,81103,2464.57,286140,0.5
2021-06-16 14:07:18,2482.0,2,89721,81103,2464.57,286140,0.5
2021-06-16 14:07:18,2482.0,3,89721,81103,2464.57,286140,0.5
2021-06-16 14:07:22,2482.0,4,88799,81132,2464.58,286150,0.5
2021-06-16 14:07:25,2482.0,4,89199,81130,2464.58,286165,0.5
2021-06-16 14:07:25,2482.0,2,89199,81130,2464.58,286165,0.5
2021-06-16 14:07:27,2482.0,2,89278,81328,2464.58,286167,0.5
2021-06-16 14:07:30,2482.0,2,89121,81331,2464.58,286167,0.5
2021-06-16 14:07:32,2482.0,2,89001,81333,2464.58,286167,0.5
2021-06-16 14:07:34,2482.0,2,89102,81333,2464.58,286167,0.5
2021-06-16 14:07:37,2482.0,2,88702,81333,2464.58,286167,0.5
2021-06-16 14:07:39,2482.0,1,88770,81339,2464.58,286176,0.5
2021-06-16 14:07:42,2482.0,1,89200,81339,2464.58,286176,0.5
2021-06-16 14:07:44,2482.0,1,89200,81369,2464.58,286176,0.5
2021-06-16 14:07:46,2482.0,1,89200,81396,2464.58,286176,0.5
2021-06-16 14:07:48,2481.35,342,89200,81396,2464.58,286176,0.47
2021-06-16 14:07:49,2481.35,342,87514,81597,2464.62,286983,0.47
2021-06-16 14:07:51,2481.35,342,87758,81658,2464.62,286983,0.47
2021-06-16 14:07:54,2481.35,342,88018,81658,2464.62,286983,0.47
2021-06-16 14:07:57,2481.35,342,87731,81657,2464.62,286983,0.47
2021-06-16 14:07:59,2481.35,342,88131,81658,2464.62,286983,0.47
2021-06-16 14:08:00,2480.95,3,88131,81658,2464.62,286983,0.46
2021-06-16 14:08:01,2480.0,21,88131,81658,2464.62,286983,0.42
2021-06-16 14:08:02,2480.0,21,87374,81809,2464.63,287063,0.42
2021-06-16 14:08:05,2480.0,21,87434,81798,2464.63,287063,0.42
2021-06-16 14:08:08,2480.0,21,87464,81840,2464.63,287063,0.42
2021-06-16 14:08:10,2479.1,20,87464,81840,2464.63,287063,0.38
2021-06-16 14:08:10,2479.1,20,87356,81976,2464.63,287183,0.38
2021-06-16 14:08:13,2480.0,7,87356,81976,2464.63,287183,0.42
2021-06-16 14:08:14,2479.1,50,87306,81969,2464.64,287240,0.38
2021-06-16 14:08:16,2479.1,50,87396,82194,2464.64,287240,0.38
2021-06-16 14:08:18,2479.1,9,87396,82194,2464.64,287240,0.38
2021-06-16 14:08:18,2479.1,9,87155,82390,2464.66,287733,0.38
2021-06-16 14:08:20,2479.1,1,87155,82390,2464.66,287733,0.38
2021-06-16 14:08:21,2479.1,1,87113,82185,2464.66,287734,0.38
2021-06-16 14:08:23,2479.1,1,87192,82161,2464.66,287734,0.38
2021-06-16 14:08:24,2479.1,2,87192,82161,2464.66,287734,0.38
2021-06-16 14:08:25,2479.1,2,87034,82298,2464.66,287736,0.38
2021-06-16 14:08:26,2479.0,10,87034,82298,2464.66,287736,0.38
2021-06-16 14:08:27,2479.0,10,87644,82299,2464.66,287746,0.38
2021-06-16 14:08:30,2479.0,10,87655,82293,2464.66,287746,0.38
2021-06-16 14:08:30,2479.0,20,87655,82293,2464.66,287746,0.38
2021-06-16 14:08:32,2479.0,20,87714,82300,2464.66,287766,0.38
2021-06-16 14:08:34,2479.0,20,87714,82309,2464.66,287766,0.38
2021-06-16 14:08:36,2479.1,5,87714,82309,2464.66,287766,0.38
2021-06-16 14:08:37,2479.1,15,87604,82289,2464.66,287786,0.38
2021-06-16 14:08:39,2479.1,15,87609,82298,2464.66,287786,0.38
2021-06-16 14:08:41,2479.1,15,88080,82297,2464.66,287786,0.38
2021-06-16 14:08:42,2479.1,9,88080,82297,2464.66,287786,0.38
2021-06-16 14:08:43,2479.1,9,88132,82288,2464.67,287795,0.38
2021-06-16 14:08:46,2479.1,9,88211,82296,2464.67,287795,0.38
2021-06-16 14:08:48,2479.1,9,88132,82398,2464.67,287795,0.38
2021-06-16 14:08:50,2479.1,9,88311,82228,2464.67,287795,0.38
2021-06-16 14:08:52,2479.1,9,88390,82217,2464.67,287795,0.38
2021-06-16 14:08:55,2479.1,9,88311,82169,2464.67,287795,0.38
2021-06-16 14:08:57,2479.1,9,88311,82218,2464.67,287795,0.38
2021-06-16 14:08:58,2479.1,25,88311,82218,2464.67,287795,0.38
2021-06-16 14:09:00,2479.1,25,88386,82193,2464.67,287820,0.38
2021-06-16 14:09:03,2479.1,25,88737,82145,2464.67,287820,0.38
2021-06-16 14:09:03,2479.1,9,88737,82145,2464.67,287820,0.38
2021-06-16 14:09:05,2479.1,9,88736,82181,2464.67,287829,0.38
2021-06-16 14:09:08,2479.1,9,88815,82181,2464.67,287829,0.38
2021-06-16 14:09:09,2479.0,25,88815,82181,2464.67,287829,0.38
2021-06-16 14:09:11,2479.0,25,88711,82188,2464.67,287854,0.38
2021-06-16 14:09:15,2479.0,25,88711,82238,2464.67,287854,0.38
2021-06-16 14:09:16,2479.0,25,89190,82212,2464.67,287854,0.38
2021-06-16 14:09:17,2479.0,25,88482,82167,2464.67,287854,0.38
2021-06-16 14:09:18,2479.0,25,88882,82194,2464.67,287854,0.38
2021-06-16 14:09:21,2479.0,25,88903,82194,2464.67,287854,0.38
2021-06-16 14:09:22,2479.0,25,88883,82194,2464.67,287854,0.38
2021-06-16 14:09:24,2479.0,25,88888,82194,2464.67,287854,0.38
2021-06-16 14:09:24,2479.1,9,88888,82194,2464.67,287854,0.38
2021-06-16 14:09:25,2479.0,100,88594,82185,2464.67,287963,0.38
2021-06-16 14:09:27,2479.0,100,88594,82213,2464.67,287963,0.38
2021-06-16 14:09:27,2479.1,5,88614,82165,2464.68,288073,0.38
2021-06-16 14:09:30,2479.1,5,89114,82165,2464.68,288073,0.38
2021-06-16 14:09:32,2479.1,5,89084,82183,2464.68,288073,0.38
2021-06-16 14:09:33,2479.1,5,89064,82189,2464.68,288073,0.38
2021-06-16 14:09:35,2479.1,5,89163,82189,2464.68,288073,0.38
2021-06-16 14:09:36,2479.1,5,89051,82160,2464.68,288073,0.38
2021-06-16 14:09:37,2479.0,1,89129,82160,2464.68,288074,0.38
2021-06-16 14:09:37,2479.1,2,89129,82160,2464.68,288074,0.38
2021-06-16 14:09:39,2479.1,2,89065,82211,2464.68,288076,0.38
2021-06-16 14:09:40,2479.1,2,89066,82211,2464.68,288076,0.38
2021-06-16 14:09:41,2479.1,2,89066,82185,2464.68,288076,0.38
2021-06-16 14:09:42,2479.0,10,89066,82185,2464.68,288076,0.38
2021-06-16 14:09:42,2479.0,10,89059,82061,2464.68,288086,0.38
2021-06-16 14:09:44,2479.0,10,89060,82037,2464.68,288086,0.38
2021-06-16 14:09:45,2479.1,3,89138,82041,2464.68,288095,0.38
2021-06-16 14:09:48,2479.1,3,89059,82087,2464.68,288095,0.38
2021-06-16 14:09:49,2479.1,3,89069,82087,2464.68,288095,0.38
2021-06-16 14:09:51,2479.1,5,89069,82090,2464.68,288095,0.38
2021-06-16 14:09:53,2479.1,5,89133,82068,2464.68,288145,0.38
2021-06-16 14:09:54,2479.1,5,89212,82068,2464.68,288145,0.38
2021-06-16 14:09:57,2479.0,15,89265,82074,2464.68,288160,0.38
2021-06-16 14:09:58,2479.1,4,89265,82074,2464.68,288160,0.38
2021-06-16 14:09:59,2479.1,4,89250,82075,2464.68,288170,0.38
2021-06-16 14:10:01,2479.1,4,89251,82075,2464.68,288170,0.38
2021-06-16 14:10:02,2479.1,4,89172,82075,2464.68,288170,0.38
2021-06-16 14:10:03,2479.1,4,89172,82076,2464.68,288170,0.38
2021-06-16 14:10:04,2479.1,4,89172,82056,2464.68,288170,0.38
2021-06-16 14:10:05,2479.1,4,89172,81956,2464.68,288170,0.38
2021-06-16 14:10:06,2479.1,4,88951,81987,2464.68,288170,0.38
2021-06-16 14:10:06,2479.1,7,88951,81987,2464.68,288170,0.38
2021-06-16 14:10:07,2479.1,7,89029,81984,2464.68,288179,0.38
2021-06-16 14:10:07,2479.05,1,89029,81984,2464.68,288179,0.38
2021-06-16 14:10:08,2479.05,1,89411,81992,2464.68,288180,0.38
2021-06-16 14:10:09,2479.05,1,89411,81997,2464.68,288180,0.38
2021-06-16 14:10:11,2479.05,1,89411,81972,2464.68,288180,0.38
2021-06-16 14:10:17,2479.0,9,89402,81975,2464.68,288189,0.38
2021-06-16 14:10:18,2479.5,6,89402,81975,2464.68,288189,0.4
2021-06-16 14:10:18,2479.5,6,89626,80850,2464.75,289462,0.4
2021-06-16 14:10:19,2479.25,50,89584,80986,2464.75,289512,0.39
2021-06-16 14:10:19,2479.25,50,89584,81012,2464.75,289512,0.39
2021-06-16 14:10:21,2480.6,48,89584,80912,2464.75,289512,0.44
2021-06-16 14:10:21,2480.6,48,89130,78583,2464.81,290668,0.44
2021-06-16 14:10:22,2480.6,48,89171,78606,2464.81,290668,0.44
2021-06-16 14:10:24,2480.6,48,89183,78582,2464.81,290668,0.44
2021-06-16 14:10:25,2482.0,10,89178,78591,2464.81,290668,0.5
2021-06-16 14:10:26,2482.0,10,89199,78573,2464.81,290678,0.5
2021-06-16 14:10:27,2482.0,10,89219,78581,2464.81,290678,0.5
2021-06-16 14:10:27,2482.0,6,89219,78581,2464.81,290678,0.5
2021-06-16 14:10:28,2482.0,6,89217,78573,2464.81,290686,0.5
2021-06-16 14:10:29,2482.0,6,89217,78576,2464.81,290686,0.5
2021-06-16 14:10:30,2482.0,6,89269,78576,2464.81,290686,0.5
2021-06-16 14:10:31,2482.0,6,89240,78578,2464.81,290686,0.5
2021-06-16 14:10:32,2481.05,1,89239,78973,2464.81,290687,0.46
2021-06-16 14:10:33,2482.0,6,89239,78973,2464.81,290687,0.5
2021-06-16 14:10:34,2482.0,6,89239,78923,2464.82,290737,0.5
2021-06-16 14:10:34,2481.05,16,89239,78923,2464.82,290737,0.46
2021-06-16 14:10:35,2481.05,16,89201,78950,2464.82,290753,0.46
2021-06-16 14:10:37,2481.05,16,89201,78926,2464.82,290753,0.46
2021-06-16 14:10:41,2481.05,6,89195,78960,2464.82,290759,0.46
2021-06-16 14:10:42,2481.05,6,89196,78960,2464.82,290759,0.46
2021-06-16 14:10:43,2481.05,6,89187,78983,2464.82,290759,0.46
2021-06-16 14:10:44,2482.0,9,89188,78983,2464.82,290759,0.5
2021-06-16 14:10:45,2482.0,9,89239,79000,2464.82,290809,0.5
2021-06-16 14:10:46,2482.0,9,89260,79000,2464.82,290809,0.5
2021-06-16 14:10:47,2482.0,9,89260,78977,2464.82,290809,0.5
2021-06-16 14:10:48,2482.0,9,89260,78978,2464.82,290809,0.5
2021-06-16 14:10:48,2481.1,1,89260,78978,2464.82,290809,0.46
2021-06-16 14:10:49,2481.1,1,89095,79053,2464.83,290908,0.46
2021-06-16 14:10:49,2481.1,1,89135,79058,2464.83,290908,0.46
2021-06-16 14:10:54,2481.1,1,89310,79058,2464.83,290908,0.46
2021-06-16 14:10:55,2481.1,1,89310,79054,2464.83,290908,0.46
2021-06-16 14:10:56,2481.1,1,89310,79034,2464.83,290908,0.46
2021-06-16 14:10:57,2482.0,1,89695,79038,2464.83,290908,0.5
2021-06-16 14:10:58,2482.0,1,89315,79039,2464.83,290918,0.5
2021-06-16 14:11:00,2480.7,15,89261,78644,2464.83,291018,0.45
2021-06-16 14:11:01,2480.7,15,89281,78645,2464.83,291018,0.45
2021-06-16 14:11:02,2480.7,15,89681,78624,2464.83,291018,0.45
2021-06-16 14:11:03,2480.7,15,89681,78619,2464.83,291018,0.45
2021-06-16 14:11:04,2480.7,15,89651,78619,2464.83,291018,0.45
2021-06-16 14:11:05,2480.7,15,89682,78619,2464.83,291018,0.45
2021-06-16 14:11:06,2480.7,15,89682,78659,2464.83,291018,0.45
2021-06-16 14:11:07,2480.7,15,89672,78659,2464.83,291018,0.45
2021-06-16 14:11:08,2480.7,15,89272,78666,2464.83,291018,0.45
2021-06-16 14:11:09,2480.7,15,89272,78650,2464.83,291018,0.45
2021-06-16 14:11:09,2481.8,2,89272,78650,2464.83,291018,0.49
2021-06-16 14:11:10,2481.8,2,89711,78645,2464.83,291027,0.49
2021-06-16 14:11:10,2481.8,2,89342,78643,2464.83,291027,0.49
2021-06-16 14:11:12,2481.8,2,90002,78639,2464.83,291027,0.49
2021-06-16 14:11:13,2481.8,2,90002,78643,2464.83,291027,0.49
2021-06-16 14:11:13,2481.8,2,90002,78640,2464.83,291027,0.49
2021-06-16 14:11:15,2481.8,2,90032,78641,2464.83,291027,0.49
2021-06-16 14:11:16,2481.8,2,89602,78641,2464.83,291027,0.49
2021-06-16 14:11:17,2481.8,2,89987,78641,2464.83,291027,0.49
2021-06-16 14:11:18,2481.8,2,89584,78662,2464.83,291027,0.49
2021-06-16 14:11:20,2481.8,2,89737,78677,2464.83,291027,0.49
2021-06-16 14:11:21,2480.7,4,89319,78243,2464.83,291027,0.45
2021-06-16 14:11:22,2480.7,4,88205,78736,2464.83,291031,0.45
2021-06-16 14:11:23,2480.7,4,88635,78744,2464.83,291031,0.45
2021-06-16 14:11:24,2480.7,4,88833,78668,2464.83,291031,0.45
2021-06-16 14:11:25,2480.7,4,88773,78668,2464.83,291031,0.45
2021-06-16 14:11:26,2480.7,4,88748,78692,2464.83,291031,0.45
2021-06-16 14:11:28,2480.7,4,88748,78701,2464.83,291031,0.45
2021-06-16 14:11:28,2480.7,4,88748,78702,2464.83,291031,0.45
2021-06-16 14:11:30,2480.7,4,88620,78738,2464.83,291031,0.45
2021-06-16 14:11:30,2480.65,9,88620,78738,2464.83,291031,0.44
2021-06-16 14:11:32,2480.65,9,88713,78746,2464.83,291040,0.44
2021-06-16 14:11:33,2481.1,1,88713,78746,2464.83,291040,0.46
2021-06-16 14:11:33,2481.1,1,88790,78716,2464.84,291125,0.46
2021-06-16 14:11:34,2481.1,1,88883,78757,2464.84,291125,0.46
2021-06-16 14:11:35,2481.1,1,91263,79019,2464.84,291125,0.46
2021-06-16 14:11:36,2480.85,2,91263,79019,2464.84,291125,0.45
2021-06-16 14:11:39,2480.85,2,91311,79020,2464.84,291127,0.45
2021-06-16 14:11:40,2480.85,2,91310,79020,2464.84,291127,0.45
2021-06-16 14:11:42,2480.85,2,91310,78920,2464.84,291127,0.45
2021-06-16 14:11:43,2480.85,2,91310,78918,2464.84,291127,0.45
2021-06-16 14:11:43,2481.0,12,91310,78918,2464.84,291127,0.46
2021-06-16 14:11:44,2481.0,12,89919,78971,2464.84,291144,0.46
2021-06-16 14:11:45,2481.0,12,90597,78917,2464.84,291144,0.46
2021-06-16 14:11:46,2481.0,12,90627,78942,2464.84,291144,0.46
2021-06-16 14:11:48,2481.0,12,90627,78947,2464.84,291144,0.46
2021-06-16 14:11:51,2481.0,12,89872,78947,2464.84,291144,0.46
2021-06-16 14:11:51,2481.0,7,89872,78947,2464.84,291144,0.46
2021-06-16 14:11:52,2480.3,32,89517,78891,2464.84,291201,0.43
2021-06-16 14:11:54,2480.3,32,89520,78892,2464.84,291201,0.43
2021-06-16 14:11:56,2480.3,32,89545,78892,2464.84,291201,0.43
2021-06-16 14:11:57,2480.3,32,89483,78908,2464.84,291201,0.43
2021-06-16 14:11:57,2481.35,1,89483,78908,2464.84,291201,0.47
2021-06-16 14:11:58,2481.35,1,89452,78971,2464.84,291202,0.47
2021-06-16 14:11:59,2481.35,1,89442,78971,2464.84,291202,0.47
2021-06-16 14:12:00,2481.35,1,89447,78971,2464.84,291202,0.47
2021-06-16 14:12:01,2481.35,1,89516,79059,2464.84,291202,0.47
2021-06-16 14:12:02,2481.35,1,89540,79059,2464.84,291202,0.47
2021-06-16 14:12:03,2481.35,1,89570,78964,2464.84,291202,0.47
2021-06-16 14:12:04,2481.35,1,89570,79464,2464.84,291202,0.47
2021-06-16 14:12:04,2481.35,1,89545,79464,2464.84,291202,0.47
2021-06-16 14:12:06,2481.35,1,89545,79485,2464.84,291202,0.47
2021-06-16 14:12:07,2481.35,1,89546,79485,2464.84,291202,0.47
2021-06-16 14:12:08,2481.35,20,89546,79540,2464.84,291222,0.47
2021-06-16 14:12:10,2481.35,20,89546,79544,2464.84,291222,0.47
2021-06-16 14:12:11,2481.35,20,89522,79544,2464.84,291222,0.47
2021-06-16 14:12:12,2481.35,20,89522,79546,2464.84,291222,0.47
2021-06-16 14:12:12,2481.3,9,89522,79546,2464.84,291222,0.47
2021-06-16 14:12:13,2481.3,9,89525,79541,2464.84,291231,0.47
2021-06-16 14:12:13,2481.3,9,89525,79564,2464.84,291231,0.47
2021-06-16 14:12:16,2481.3,9,89525,79565,2464.84,291231,0.47
2021-06-16 14:12:17,2481.3,9,89555,79565,2464.84,291231,0.47
2021-06-16 14:12:21,2481.3,9,89755,79565,2464.84,291231,0.47
2021-06-16 14:12:21,2481.2,1,89755,79565,2464.84,291231,0.47
2021-06-16 14:12:22,2481.2,1,89755,79536,2464.85,291236,0.47
2021-06-16 14:12:22,2481.2,1,89751,79560,2464.85,291236,0.47
2021-06-16 14:12:24,2481.2,1,89751,79582,2464.85,291236,0.47
2021-06-16 14:12:25,2481.2,1,89751,79583,2464.85,291236,0.47
2021-06-16 14:12:27,2481.2,1,89751,79584,2464.85,291236,0.47
2021-06-16 14:12:28,2481.2,1,89752,79584,2464.85,291236,0.47
2021-06-16 14:12:29,2481.2,1,89782,79584,2464.85,291236,0.47
2021-06-16 14:12:30,2481.2,1,89782,79560,2464.85,291236,0.47
2021-06-16 14:12:31,2481.2,1,89782,79559,2464.85,291236,0.47
2021-06-16 14:12:32,2481.2,1,89882,79559,2464.85,291236,0.47
2021-06-16 14:12:34,2481.15,9,89881,79550,2464.85,291245,0.46
2021-06-16 14:12:35,2481.15,9,89931,79550,2464.85,291245,0.46
2021-06-16 14:12:36,2481.15,9,89913,79576,2464.85,291245,0.46
2021-06-16 14:12:37,2481.1,1,89913,79576,2464.85,291245,0.46
2021-06-16 14:12:40,2481.1,1,89913,79576,2464.85,291246,0.46
2021-06-16 14:12:41,2481.1,1,89913,79575,2464.85,291246,0.46
2021-06-16 14:12:43,2481.1,1,89904,79528,2464.85,291246,0.46
2021-06-16 14:12:43,2481.1,1,90492,79552,2464.85,291246,0.46
2021-06-16 14:12:45,2481.1,1,90492,79550,2464.85,291246,0.46
2021-06-16 14:12:47,2481.1,1,90492,79549,2464.85,291246,0.46
2021-06-16 14:12:49,2481.1,1,90470,79549,2464.85,291246,0.46
2021-06-16 14:12:49,2481.1,1,90449,79525,2464.85,291246,0.46
2021-06-16 14:12:50,2481.1,1,90474,79549,2464.85,291246,0.46
2021-06-16 14:12:51,2481.1,1,90474,79544,2464.85,291246,0.46
2021-06-16 14:12:53,2481.15,3,90471,79541,2464.85,291249,0.46
2021-06-16 14:12:54,2481.1,9,89868,79643,2464.85,291258,0.46
2021-06-16 14:12:55,2481.1,9,89889,79696,2464.85,291258,0.46
2021-06-16 14:12:56,2481.1,9,89889,79643,2464.85,291258,0.46
2021-06-16 14:12:57,2481.1,10,89889,79643,2464.85,291258,0.46
2021-06-16 14:12:58,2481.1,10,89889,79633,2464.85,291268,0.46
2021-06-16 14:13:03,2481.1,10,89887,79646,2464.85,291268,0.46
2021-06-16 14:13:04,2481.1,10,89887,79644,2464.85,291268,0.46
2021-06-16 14:13:04,2480.25,7,89887,79644,2464.85,291268,0.43
2021-06-16 14:13:05,2481.1,1,89880,79644,2464.85,291275,0.46
2021-06-16 14:13:06,2481.1,1,90316,79565,2464.85,291285,0.46
2021-06-16 14:13:09,2481.1,1,89880,79610,2464.85,291285,0.46
2021-06-16 14:13:10,2481.1,1,89881,79610,2464.85,291285,0.46
2021-06-16 14:13:12,2481.1,1,89812,79603,2464.85,291285,0.46
2021-06-16 14:13:14,2481.1,1,89812,79602,2464.85,291286,0.46
2021-06-16 14:13:17,2481.1,5,89811,79597,2464.85,291294,0.46
2021-06-16 14:13:18,2481.1,15,89798,79736,2464.85,291344,0.46
2021-06-16 14:13:19,2481.1,30,89798,79736,2464.85,291344,0.46
2021-06-16 14:13:21,2481.1,30,89877,79658,2464.85,291374,0.46
2021-06-16 14:13:24,2481.1,30,89844,79644,2464.85,291374,0.46
2021-06-16 14:13:27,2481.1,30,89833,79709,2464.85,291374,0.46
2021-06-16 14:13:29,2479.6,181,89833,79709,2464.85,291374,0.4
2021-06-16 14:13:30,2479.6,181,89587,79762,2464.87,291624,0.4
2021-06-16 14:13:30,2479.6,181,89671,79762,2464.87,291624,0.4
2021-06-16 14:13:31,2479.6,181,89672,79768,2464.87,291624,0.4
2021-06-16 14:13:32,2479.6,181,89672,79745,2464.87,291624,0.4
2021-06-16 14:13:34,2479.6,181,89539,79886,2464.87,291624,0.4
2021-06-16 14:13:36,2481.0,1,89539,79886,2464.87,291624,0.46
2021-06-16 14:13:37,2481.0,7,89952,79837,2464.87,291763,0.46
2021-06-16 14:13:41,2481.0,7,89952,79817,2464.87,291763,0.46
2021-06-16 14:13:43,2481.0,7,89952,79816,2464.87,291763,0.46
2021-06-16 14:13:48,2481.0,7,89952,79796,2464.87,291763,0.46
2021-06-16 14:13:49,2481.0,7,89952,79716,2464.87,291763,0.46
2021-06-16 14:13:50,2481.0,7,89952,79736,2464.87,291763,0.46
2021-06-16 14:13:51,2481.0,7,89952,79738,2464.87,291763,0.46
2021-06-16 14:13:52,2481.0,7,89953,79738,2464.87,291763,0.46
2021-06-16 14:13:54,2481.0,7,89953,79764,2464.87,291763,0.46
2021-06-16 14:13:57,2481.0,7,89953,79765,2464.87,291763,0.46
2021-06-16 14:13:57,2481.0,9,89952,79756,2464.87,291772,0.46
2021-06-16 14:14:01,2481.0,9,89836,79756,2464.87,291772,0.46
2021-06-16 14:14:03,2481.0,9,89836,79766,2464.87,291772,0.46
2021-06-16 14:14:03,2481.0,9,89836,79746,2464.87,291772,0.46
2021-06-16 14:14:07,2481.0,9,89837,79766,2464.87,291772,0.46
2021-06-16 14:14:08,2481.0,9,89838,79766,2464.87,291772,0.46
2021-06-16 14:14:09,2481.0,1,89838,79766,2464.87,291772,0.46
2021-06-16 14:14:10,2481.0,1,89748,79745,2464.87,291773,0.46
2021-06-16 14:14:12,2481.0,1,89649,79745,2464.87,291773,0.46
2021-06-16 14:14:13,2481.0,1,89684,79745,2464.87,291773,0.46
2021-06-16 14:14:14,2481.0,1,89684,79744,2464.87,291774,0.46
2021-06-16 14:14:15,2481.0,1,89715,79764,2464.87,291774,0.46
2021-06-16 14:14:16,2481.0,1,89955,79769,2464.87,291774,0.46
2021-06-16 14:14:17,2481.0,1,89955,79770,2464.87,291774,0.46
2021-06-16 14:14:20,2481.0,9,90063,80183,2464.87,291783,0.46
2021-06-16 14:14:22,2481.0,9,90063,80188,2464.87,291783,0.46
2021-06-16 14:14:24,2479.6,42,88721,80362,2464.89,291993,0.4
2021-06-16 14:14:24,2479.6,42,89245,80500,2464.89,291993,0.4
2021-06-16 14:14:25,2479.6,42,89272,80489,2464.89,291993,0.4
2021-06-16 14:14:26,2479.6,42,89272,80369,2464.89,291993,0.4
2021-06-16 14:14:27,2479.6,42,89272,80378,2464.89,291993,0.4
2021-06-16 14:14:28,2479.6,42,89272,80373,2464.89,291993,0.4
2021-06-16 14:14:30,2479.6,42,89272,80405,2464.89,291993,0.4
2021-06-16 14:14:30,2479.6,42,89272,80375,2464.89,291993,0.4
2021-06-16 14:14:31,2480.0,3,89272,80375,2464.89,291993,0.42
2021-06-16 14:14:31,2479.0,1,89285,80326,2464.89,291997,0.38
2021-06-16 14:14:34,2479.0,1,89304,80356,2464.89,291997,0.38
2021-06-16 14:14:34,2479.0,1,89286,80345,2464.89,291997,0.38
2021-06-16 14:14:36,2479.0,1,89286,80430,2464.89,291997,0.38
2021-06-16 14:14:37,2479.0,1,89286,80437,2464.89,291997,0.38
2021-06-16 14:14:38,2479.0,1,89286,80452,2464.89,291997,0.38
2021-06-16 14:14:39,2479.0,6,89280,80470,2464.89,292003,0.38
2021-06-16 14:14:39,2480.3,9,89280,80470,2464.89,292003,0.43
2021-06-16 14:14:40,2480.3,9,89279,80465,2464.89,292012,0.43
2021-06-16 14:14:42,2480.3,9,89285,80465,2464.89,292012,0.43
2021-06-16 14:14:42,2480.3,9,89216,80488,2464.89,292012,0.43
2021-06-16 14:14:43,2480.3,9,89218,80488,2464.89,292012,0.43
2021-06-16 14:14:44,2480.3,9,89218,80493,2464.89,292012,0.43
2021-06-16 14:14:45,2480.3,9,89218,80624,2464.89,292012,0.43
2021-06-16 14:14:46,2480.3,9,89218,80614,2464.89,292012,0.43
2021-06-16 14:14:47,2480.3,9,89318,80614,2464.89,292012,0.43
2021-06-16 14:14:48,2480.3,9,89349,80614,2464.89,292012,0.43
2021-06-16 14:14:48,2479.0,1,89349,80614,2464.89,292012,0.38
2021-06-16 14:14:49,2479.0,1,89348,80614,2464.89,292013,0.38
2021-06-16 14:14:50,2479.0,1,89348,80648,2464.89,292013,0.38
2021-06-16 14:14:53,2479.0,1,89348,80654,2464.89,292013,0.38
2021-06-16 14:14:54,2479.0,2,89348,80654,2464.89,292013,0.38
2021-06-16 14:14:54,2479.0,2,89032,80624,2464.89,292114,0.38
2021-06-16 14:14:55,2479.0,2,89074,81029,2464.89,292114,0.38
2021-06-16 14:14:56,2479.0,2,89071,81029,2464.89,292114,0.38
2021-06-16 14:14:58,2479.0,2,89071,81153,2464.89,292114,0.38
2021-06-16 14:14:58,2479.55,5,89071,81153,2464.89,292114,0.4
2021-06-16 14:15:00,2479.55,2,89178,81088,2464.89,292134,0.4
2021-06-16 14:15:00,2479.55,5,89144,81094,2464.89,292143,0.4
2021-06-16 14:15:03,2479.55,5,89108,81104,2464.89,292143,0.4
2021-06-16 14:15:04,2479.55,5,89075,81093,2464.89,292143,0.4
2021-06-16 14:15:05,2479.55,5,89075,81197,2464.89,292143,0.4
2021-06-16 14:15:06,2479.55,5,89098,81077,2464.89,292143,0.4
2021-06-16 14:15:07,2479.55,5,89098,81058,2464.89,292143,0.4
2021-06-16 14:15:09,2478.0,15,89060,81012,2464.9,292294,0.34
2021-06-16 14:15:10,2478.0,15,89060,81022,2464.9,292294,0.34
2021-06-16 14:15:11,2478.0,15,89060,81024,2464.9,292294,0.34
2021-06-16 14:15:12,2478.0,15,89071,81034,2464.9,292294,0.34
2021-06-16 14:15:13,2477.7,149,89071,81034,2464.9,292294,0.32
2021-06-16 14:15:13,2477.7,149,89063,81132,2464.91,292564,0.32
2021-06-16 14:15:14,2477.9,2,89071,81137,2464.91,292566,0.33
2021-06-16 14:15:15,2477.9,2,89071,81032,2464.91,292566,0.33
2021-06-16 14:15:16,2477.85,11,89071,81032,2464.91,292566,0.33
2021-06-16 14:15:18,2477.85,11,89187,81022,2464.91,292603,0.33
2021-06-16 14:15:19,2477.85,11,89187,81043,2464.91,292603,0.33
2021-06-16 14:15:21,2477.85,11,89195,81053,2464.91,292603,0.33
2021-06-16 14:15:21,2479.25,9,89188,81052,2464.91,292612,0.39
2021-06-16 14:15:22,2479.25,9,89165,81083,2464.91,292612,0.39
2021-06-16 14:15:24,2479.25,9,89037,81090,2464.91,292612,0.39
2021-06-16 14:15:24,2479.25,9,90644,81044,2464.91,292612,0.39
2021-06-16 14:15:25,2479.25,9,90644,81034,2464.91,292612,0.39
2021-06-16 14:15:26,2477.8,19,90644,81034,2464.91,292612,0.33
2021-06-16 14:15:27,2477.8,19,90708,81026,2464.91,292631,0.33
2021-06-16 14:15:28,2477.8,19,90707,81016,2464.91,292631,0.33
2021-06-16 14:15:28,2477.8,19,90707,80906,2464.91,292631,0.33
2021-06-16 14:15:30,2477.8,19,91107,80901,2464.91,292631,0.33
2021-06-16 14:15:30,2477.95,2,89485,80568,2464.92,292745,0.33
2021-06-16 14:15:31,2478.1,13,89485,80568,2464.92,292745,0.34
2021-06-16 14:15:32,2478.1,15,89355,80630,2464.92,292773,0.34
2021-06-16 14:15:33,2478.1,15,89337,80632,2464.92,292773,0.34
2021-06-16 14:15:34,2478.1,15,89356,80632,2464.92,292773,0.34
2021-06-16 14:15:35,2478.1,15,89319,80573,2464.92,292773,0.34
2021-06-16 14:15:36,2479.25,10,89319,80573,2464.92,292773,0.39
2021-06-16 14:15:37,2479.25,10,89400,80574,2464.92,292783,0.39
2021-06-16 14:15:38,2479.25,10,89400,80580,2464.92,292783,0.39
2021-06-16 14:15:39,2479.25,10,89410,80580,2464.92,292783,0.39
2021-06-16 14:15:40,2479.25,10,89410,80586,2464.92,292783,0.39
2021-06-16 14:15:41,2479.25,10,89410,80585,2464.92,292783,0.39
2021-06-16 14:15:42,2479.25,1,89410,80585,2464.92,292783,0.39
2021-06-16 14:15:42,2479.25,2,89410,80562,2464.92,292784,0.39
2021-06-16 14:15:43,2479.25,2,89295,80707,2464.92,292793,0.39
2021-06-16 14:15:44,2479.25,2,89295,80732,2464.92,292793,0.39
2021-06-16 14:15:45,2479.25,2,89295,80712,2464.92,292793,0.39
2021-06-16 14:15:48,2479.25,2,89295,80710,2464.92,292793,0.39
2021-06-16 14:15:49,2479.25,2,89295,80742,2464.92,292793,0.39
2021-06-16 14:15:51,2479.25,2,89295,80653,2464.92,292793,0.39
2021-06-16 14:15:52,2479.25,2,89244,80755,2464.92,292793,0.39
2021-06-16 14:15:53,2479.25,2,89196,80793,2464.92,292793,0.39
2021-06-16 14:15:54,2479.25,1,89196,80793,2464.92,292793,0.39
2021-06-16 14:15:54,2479.2,30,89593,80713,2464.93,292873,0.38
2021-06-16 14:15:56,2479.2,30,89603,80713,2464.93,292873,0.38
2021-06-16 14:16:00,2479.2,30,89604,80734,2464.93,292873,0.38
2021-06-16 14:16:00,2479.2,30,89724,80253,2464.93,292873,0.38
2021-06-16 14:16:01,2479.2,30,89714,80254,2464.93,292873,0.38
2021-06-16 14:16:03,2479.2,30,89790,80261,2464.93,292873,0.38
2021-06-16 14:16:03,2479.2,9,89795,80326,2464.93,292882,0.38
2021-06-16 14:16:05,2478.1,16,89752,80324,2464.93,292947,0.34
2021-06-16 14:16:07,2478.1,16,89682,80744,2464.93,292947,0.34
2021-06-16 14:16:07,2478.1,16,89683,80747,2464.93,292947,0.34
2021-06-16 14:16:09,2478.1,16,89683,80749,2464.93,292947,0.34
2021-06-16 14:16:09,2478.1,16,89681,80349,2464.93,292947,0.34
2021-06-16 14:16:10,2478.1,16,89671,80727,2464.93,292947,0.34
2021-06-16 14:16:11,2478.1,25,89671,80727,2464.93,292947,0.34
2021-06-16 14:16:12,2478.1,25,89646,80327,2464.93,292972,0.34
2021-06-16 14:16:12,2478.1,25,89646,80305,2464.93,292972,0.34
2021-06-16 14:16:13,2478.1,50,89593,80654,2464.93,293022,0.34
2021-06-16 14:16:16,2478.15,50,89543,80656,2464.93,293072,0.34
2021-06-16 14:16:18,2478.15,50,89527,80700,2464.93,293072,0.34
2021-06-16 14:16:19,2478.15,50,89494,80700,2464.93,293072,0.34
2021-06-16 14:16:20,2478.15,50,89506,80678,2464.93,293072,0.34
2021-06-16 14:16:21,2478.15,50,90025,80678,2464.93,293072,0.34
2021-06-16 14:16:22,2478.15,50,90025,80679,2464.93,293072,0.34
2021-06-16 14:16:24,2479.2,2,90096,80659,2464.93,293080,0.38
2021-06-16 14:16:25,2479.2,2,90082,80683,2464.93,293080,0.38
2021-06-16 14:16:27,2479.2,3,90112,80591,2464.94,293130,0.38
2021-06-16 14:16:28,2479.2,3,90108,80576,2464.94,293130,0.38
2021-06-16 14:16:29,2479.2,1,90098,80601,2464.94,293130,0.38
2021-06-16 14:16:30,2479.2,1,90113,80527,2464.94,293131,0.38
2021-06-16 14:16:31,2479.2,1,90113,80529,2464.94,293131,0.38
2021-06-16 14:16:32,2478.0,6,90113,80529,2464.94,293131,0.34
2021-06-16 14:16:33,2478.0,6,90162,80905,2464.95,293431,0.34
2021-06-16 14:16:33,2478.0,6,90562,80866,2464.95,293431,0.34
2021-06-16 14:16:36,2478.0,6,90555,80866,2464.95,293431,0.34
2021-06-16 14:16:36,2478.0,6,90654,80865,2464.95,293431,0.34
2021-06-16 14:16:38,2478.0,6,90654,80365,2464.95,293431,0.34
2021-06-16 14:16:39,2478.0,6,90654,80375,2464.95,293431,0.34
2021-06-16 14:16:40,2478.0,6,90792,80375,2464.95,293431,0.34
2021-06-16 14:16:42,2478.0,6,90792,80497,2464.95,293431,0.34
2021-06-16 14:16:43,2478.0,6,90792,80498,2464.95,293431,0.34
2021-06-16 14:16:45,2478.0,6,90871,80498,2464.95,293431,0.34
2021-06-16 14:16:45,2478.3,9,90870,80489,2464.95,293440,0.35
2021-06-16 14:16:46,2478.3,9,90900,80505,2464.95,293440,0.35
2021-06-16 14:16:49,2478.3,9,90870,80510,2464.95,293440,0.35
2021-06-16 14:16:51,2477.7,1,90868,80503,2464.95,293442,0.32
2021-06-16 14:16:52,2477.7,1,90867,80518,2464.95,293442,0.32
2021-06-16 14:16:54,2477.2,27,90867,80518,2464.95,293442,0.3
2021-06-16 14:16:55,2477.2,27,90442,80712,2464.96,293563,0.3
2021-06-16 14:16:55,2477.2,27,91046,80482,2464.96,293563,0.3
2021-06-16 14:16:56,2477.2,27,91048,80429,2464.96,293563,0.3
2021-06-16 14:16:57,2477.15,1,90999,80449,2464.96,293564,0.3
2021-06-16 14:16:58,2477.15,1,90988,80856,2464.96,293564,0.3
2021-06-16 14:17:00,2477.15,1,91018,80856,2464.96,293564,0.3
2021-06-16 14:17:01,2477.15,1,90998,80427,2464.96,293564,0.3
2021-06-16 14:17:02,2477.15,1,91848,80077,2464.96,293584,0.3
2021-06-16 14:17:03,2477.15,20,92198,80077,2464.96,293604,0.3
2021-06-16 14:17:03,2477.15,20,92218,80077,2464.96,293604,0.3
2021-06-16 14:17:04,2477.15,20,92214,80078,2464.96,293604,0.3
2021-06-16 14:17:06,2477.15,20,92183,80479,2464.96,293604,0.3
2021-06-16 14:17:06,2477.7,9,92252,80470,2464.96,293613,0.32
2021-06-16 14:17:07,2477.1,19,92239,80470,2464.96,293648,0.3
2021-06-16 14:17:09,2477.1,19,92796,80419,2464.96,293648,0.3
2021-06-16 14:17:10,2477.15,3,92793,80416,2464.96,293651,0.3
2021-06-16 14:17:12,2477.7,1,92771,80414,2464.96,293651,0.32
2021-06-16 14:17:13,2477.0,17,88503,80679,2464.96,293680,0.3
2021-06-16 14:17:13,2477.0,17,88777,80788,2464.96,293680,0.3
2021-06-16 14:17:15,2477.0,2,88775,80786,2464.96,293682,0.3
2021-06-16 14:17:18,2477.0,10,88765,80785,2464.96,293692,0.3
2021-06-16 14:17:19,2477.0,10,89227,80733,2464.96,293692,0.3
2021-06-16 14:17:20,2477.0,10,89205,80757,2464.96,293692,0.3
2021-06-16 14:17:21,2477.0,10,89212,80863,2464.96,293692,0.3
2021-06-16 14:17:22,2477.0,10,89637,80815,2464.96,293692,0.3
2021-06-16 14:17:24,2477.4,1,89637,80815,2464.96,293692,0.31
2021-06-16 14:17:24,2477.4,1,89637,80822,2464.96,293695,0.31
2021-06-16 14:17:25,2477.4,1,89637,80821,2464.96,293695,0.31
2021-06-16 14:17:27,2477.4,1,89637,80798,2464.96,293695,0.31
2021-06-16 14:17:27,2477.4,1,89382,80823,2464.96,293704,0.31
2021-06-16 14:17:29,2477.4,1,89382,80673,2464.96,293704,0.31
2021-06-16 14:17:30,2477.4,1,89781,80653,2464.96,293704,0.31
2021-06-16 14:17:30,2477.4,1,89781,80673,2464.96,293704,0.31
2021-06-16 14:17:31,2477.4,1,89405,80673,2464.96,293704,0.31
2021-06-16 14:17:33,2477.4,1,89413,80672,2464.96,293704,0.31
2021-06-16 14:17:34,2477.4,1,89819,80672,2464.96,293704,0.31
2021-06-16 14:17:36,2477.4,1,89669,80672,2464.96,293704,0.31
2021-06-16 14:17:39,2477.4,1,89669,80722,2464.96,293704,0.31
2021-06-16 14:17:39,2477.4,1,89693,80690,2464.96,293712,0.31
2021-06-16 14:17:42,2477.4,1,89693,80688,2464.96,293712,0.31
2021-06-16 14:17:42,2477.4,1,89685,80729,2464.96,293712,0.31
2021-06-16 14:17:43,2477.4,1,89686,80729,2464.96,293712,0.31
2021-06-16 14:17:44,2477.15,19,89667,80729,2464.96,293731,0.3
2021-06-16 14:17:47,2477.15,19,89682,80730,2464.96,293731,0.3
2021-06-16 14:17:48,2477.15,19,89682,80745,2464.96,293731,0.3
2021-06-16 14:17:48,2477.4,6,89682,80745,2464.96,293731,0.31
2021-06-16 14:17:49,2477.4,6,89691,80760,2464.96,293740,0.31
2021-06-16 14:17:51,2477.4,6,89691,80777,2464.96,293740,0.31
2021-06-16 14:17:52,2477.15,1,89691,80762,2464.96,293741,0.3
2021-06-16 14:17:53,2477.4,3,89691,80762,2464.96,293741,0.31
2021-06-16 14:17:54,2477.4,3,89769,80781,2464.97,293792,0.31
2021-06-16 14:17:54,2477.4,3,89703,80784,2464.97,293792,0.31
2021-06-16 14:17:55,2477.65,1,89703,80784,2464.97,293792,0.32
2021-06-16 14:17:57,2477.65,1,89703,80784,2464.97,293793,0.32
2021-06-16 14:17:58,2477.65,1,89703,80764,2464.97,293794,0.32
2021-06-16 14:17:58,2477.65,1,89703,80740,2464.97,293794,0.32
2021-06-16 14:18:00,2477.65,1,89285,80803,2464.97,293794,0.32
2021-06-16 14:18:03,2477.65,1,89261,80833,2464.97,293794,0.32
2021-06-16 14:18:04,2477.65,1,89262,80833,2464.97,293794,0.32
2021-06-16 14:18:04,2477.65,1,89263,80833,2464.97,293794,0.32
2021-06-16 14:18:06,2477.65,1,89814,80893,2464.97,293794,0.32
2021-06-16 14:18:07,2477.65,1,89814,80892,2464.97,293794,0.32
2021-06-16 14:18:07,2477.65,1,89811,80932,2464.97,293794,0.32
2021-06-16 14:18:09,2477.65,1,89811,80927,2464.97,293794,0.32
2021-06-16 14:18:09,2477.65,8,89811,80927,2464.97,293794,0.32
2021-06-16 14:18:10,2477.65,8,89383,80673,2464.97,293803,0.32
2021-06-16 14:18:11,2477.65,8,89414,80673,2464.97,293803,0.32
2021-06-16 14:18:12,2477.4,10,89415,80673,2464.97,293843,0.31
2021-06-16 14:18:13,2477.4,10,89468,80540,2464.97,293843,0.31
2021-06-16 14:18:14,2477.4,10,89468,80538,2464.97,293843,0.31
2021-06-16 14:18:16,2477.4,15,89453,80538,2464.97,293858,0.31
2021-06-16 14:18:18,2477.4,204,89510,80540,2464.98,294062,0.31
2021-06-16 14:18:19,2477.4,204,89510,80541,2464.98,294062,0.31
2021-06-16 14:18:20,2477.4,204,89431,80526,2464.98,294062,0.31
2021-06-16 14:18:21,2477.4,204,89409,80519,2464.98,294062,0.31
2021-06-16 14:18:22,2477.4,204,89430,80519,2464.98,294062,0.31
2021-06-16 14:18:23,2477.4,204,89430,80475,2464.98,294062,0.31
2021-06-16 14:18:25,2477.0,271,87927,80529,2465.01,294824,0.3
2021-06-16 14:18:25,2477.0,271,88061,80834,2465.01,294824,0.3
2021-06-16 14:18:27,2477.0,271,88066,80827,2465.01,294824,0.3
2021-06-16 14:18:28,2477.55,4,88085,80812,2465.01,294828,0.32
2021-06-16 14:18:28,2477.55,4,88085,80813,2465.01,294828,0.32
2021-06-16 14:18:30,2476.05,21,88087,80813,2465.01,294828,0.26
2021-06-16 14:18:31,2476.05,21,88119,80622,2465.01,294868,0.26
2021-06-16 14:18:33,2476.05,21,88137,80631,2465.01,294868,0.26
2021-06-16 14:18:35,2476.05,21,88137,80658,2465.01,294868,0.26
2021-06-16 14:18:36,2476.05,21,88138,80668,2465.01,294868,0.26
2021-06-16 14:18:37,2476.05,21,88138,80670,2465.01,294868,0.26
2021-06-16 14:18:39,2476.05,21,88175,80650,2465.01,294868,0.26
2021-06-16 14:18:39,2476.05,21,88175,80649,2465.01,294868,0.26
2021-06-16 14:18:41,2476.05,21,88145,80647,2465.01,294868,0.26
2021-06-16 14:18:42,2476.05,21,88122,80647,2465.01,294868,0.26
2021-06-16 14:18:42,2476.05,21,88186,81142,2465.01,294868,0.26
2021-06-16 14:18:43,2476.05,21,87918,81305,2465.01,294868,0.26
2021-06-16 14:18:45,2476.05,21,88106,81238,2465.01,294868,0.26
2021-06-16 14:18:45,2476.05,5,88106,81238,2465.01,294868,0.26
2021-06-16 14:18:46,2476.7,44,87654,81110,2465.02,295100,0.28
2021-06-16 14:18:46,2476.7,44,87789,81342,2465.02,295100,0.28
2021-06-16 14:18:48,2476.7,44,88101,81133,2465.02,295100,0.28
2021-06-16 14:18:48,2476.05,16,88101,81133,2465.02,295100,0.26
2021-06-16 14:18:49,2476.05,16,88142,81103,2465.02,295150,0.26
2021-06-16 14:18:50,2476.05,16,88142,81104,2465.02,295150,0.26
2021-06-16 14:18:51,2476.05,16,88237,80938,2465.02,295150,0.26
2021-06-16 14:18:51,2476.95,1,88237,80938,2465.02,295150,0.29
2021-06-16 14:18:52,2476.95,1,88279,80936,2465.02,295158,0.29
2021-06-16 14:18:54,2476.95,1,88320,80936,2465.02,295158,0.29
2021-06-16 14:18:55,2476.95,1,88315,80943,2465.02,295158,0.29
2021-06-16 14:18:55,2476.95,1,88715,80943,2465.02,295158,0.29
2021-06-16 14:18:57,2476.95,1,88315,80942,2465.02,295158,0.29
2021-06-16 14:18:57,2476.95,1,88696,80542,2465.02,295158,0.29
2021-06-16 14:18:58,2476.15,15,88696,80542,2465.02,295158,0.26
2021-06-16 14:18:58,2476.15,15,88645,80942,2465.02,295173,0.26
2021-06-16 14:19:00,2476.15,5,88645,80942,2465.02,295173,0.26
2021-06-16 14:19:00,2476.15,5,88583,80942,2465.02,295178,0.26
2021-06-16 14:19:01,2476.15,5,88561,80942,2465.02,295178,0.26
2021-06-16 14:19:03,2476.15,5,88563,80942,2465.02,295178,0.26
2021-06-16 14:19:04,2476.15,5,88496,80973,2465.02,295178,0.26
2021-06-16 14:19:06,2476.15,5,88515,80973,2465.02,295178,0.26
2021-06-16 14:19:06,2476.95,4,88515,80973,2465.02,295178,0.29
2021-06-16 14:19:08,2476.95,4,88079,80933,2465.02,295215,0.29
2021-06-16 14:19:11,2476.95,4,88070,80933,2465.02,295215,0.29
2021-06-16 14:19:13,2476.95,2,88048,80533,2465.02,295239,0.29
2021-06-16 14:19:15,2476.0,11,88048,80533,2465.02,295239,0.26
2021-06-16 14:19:16,2476.0,11,88428,81055,2465.03,295284,0.26
2021-06-16 14:19:18,2476.0,11,88403,81055,2465.03,295284,0.26
2021-06-16 14:19:20,2476.0,50,88403,81055,2465.03,295284,0.26
2021-06-16 14:19:21,2476.0,20,87945,81029,2465.03,295334,0.26
2021-06-16 14:19:23,2476.0,20,87903,81035,2465.03,295354,0.26
2021-06-16 14:19:25,2476.0,20,87895,81035,2465.03,295354,0.26
2021-06-16 14:19:28,2477.0,1,87953,81041,2465.03,295399,0.3
2021-06-16 14:19:29,2476.0,5,87953,81041,2465.03,295399,0.26
2021-06-16 14:19:31,2476.0,5,88061,80635,2465.03,295414,0.26
2021-06-16 14:19:33,2476.0,5,88063,80628,2465.03,295414,0.26
2021-06-16 14:19:34,2477.65,12,88063,80628,2465.03,295414,0.32
2021-06-16 14:19:36,2477.65,12,89992,79795,2465.04,295580,0.32
2021-06-16 14:19:39,2477.65,12,89642,79759,2465.04,295580,0.32
2021-06-16 14:19:40,2477.85,5,89642,79759,2465.04,295580,0.33
2021-06-16 14:19:42,2477.85,5,90077,79749,2465.04,295585,0.33
2021-06-16 14:19:44,2477.85,5,91784,79770,2465.04,295585,0.33
2021-06-16 14:19:45,2478.15,3,91784,79770,2465.04,295585,0.34
2021-06-16 14:19:47,2478.15,3,91780,79770,2465.04,295593,0.34
2021-06-16 14:19:49,2478.1,5,90912,79723,2465.04,295593,0.34
2021-06-16 14:19:52,2478.1,5,90425,79658,2465.04,295663,0.34
2021-06-16 14:19:55,2478.1,5,90466,79628,2465.04,295663,0.34
2021-06-16 14:19:57,2479.0,1,90466,79628,2465.04,295663,0.38
2021-06-16 14:19:58,2479.0,1,90911,79666,2465.04,295664,0.38
2021-06-16 14:20:06,2478.05,10,90328,79648,2465.04,295674,0.34
2021-06-16 14:20:09,2477.75,20,90328,79648,2465.04,295674,0.33
2021-06-16 14:20:09,2477.75,20,89905,79840,2465.04,295724,0.33
2021-06-16 14:20:12,2477.75,20,90306,79841,2465.04,295724,0.33
2021-06-16 14:20:15,2478.65,9,90306,79841,2465.04,295724,0.36
2021-06-16 14:20:16,2478.65,9,89983,80296,2465.04,295733,0.36
2021-06-16 14:20:19,2478.65,9,90033,80297,2465.04,295733,0.36
2021-06-16 14:20:21,2478.65,9,90869,79828,2465.04,295733,0.36
2021-06-16 14:20:27,2478.65,9,91279,79728,2465.04,295733,0.36
2021-06-16 14:20:29,2478.65,9,90449,79728,2465.04,295733,0.36
2021-06-16 14:20:31,2478.65,1,90449,79728,2465.04,295733,0.36
2021-06-16 14:20:32,2478.65,1,90508,79754,2465.04,295735,0.36
2021-06-16 14:20:34,2478.65,1,90534,79712,2465.04,295735,0.36
2021-06-16 14:20:36,2479.0,19,90534,79712,2465.04,295735,0.38
2021-06-16 14:20:37,2479.0,19,89855,80228,2465.05,295765,0.38
2021-06-16 14:20:40,2479.0,19,89819,80158,2465.05,295765,0.38
2021-06-16 14:20:41,2479.25,4,89819,80158,2465.05,295765,0.39
2021-06-16 14:20:42,2479.3,4,89819,80158,2465.05,295765,0.39
2021-06-16 14:20:43,2479.3,4,90258,80065,2465.05,295775,0.39
2021-06-16 14:20:46,2479.3,4,90259,80193,2465.05,295775,0.39
2021-06-16 14:20:46,2479.55,2,90259,80193,2465.05,295775,0.4
2021-06-16 14:20:48,2479.55,2,90045,80258,2465.05,295777,0.4
2021-06-16 14:20:51,2479.55,2,90473,80258,2465.05,295777,0.4
2021-06-16 14:20:54,2479.55,2,90474,80260,2465.05,295777,0.4
2021-06-16 14:20:55,2479.5,4,90474,80260,2465.05,295777,0.4
2021-06-16 14:20:56,2479.5,4,90576,80199,2465.05,295781,0.4
2021-06-16 14:20:57,2479.5,1,90576,80199,2465.05,295781,0.4
2021-06-16 14:20:59,2479.5,1,90071,80200,2465.05,295786,0.4
2021-06-16 14:21:01,2480.05,1,90071,80200,2465.05,295786,0.42
2021-06-16 14:21:01,2483.0,1,91498,77479,2465.14,297456,0.54
2021-06-16 14:21:02,2482.0,19,91498,77479,2465.14,297456,0.5
2021-06-16 14:21:04,2481.95,3,91498,77479,2465.14,297456,0.5
2021-06-16 14:21:05,2481.95,3,91702,77341,2465.14,297518,0.5
2021-06-16 14:21:09,2481.95,3,91154,77701,2465.14,297518,0.5
2021-06-16 14:21:12,2481.95,3,91158,77731,2465.14,297518,0.5
2021-06-16 14:21:12,2483.0,11,91158,77731,2465.14,297518,0.54
2021-06-16 14:21:15,2483.0,11,91660,77690,2465.14,297553,0.54
2021-06-16 14:21:17,2483.0,114,91660,77690,2465.14,297553,0.54
2021-06-16 14:21:18,2483.0,114,91120,77669,2465.15,297709,0.54
2021-06-16 14:21:18,2483.6,9,91120,77669,2465.15,297709,0.56
2021-06-16 14:21:19,2483.55,15,91120,77669,2465.15,297709,0.56
2021-06-16 14:21:20,2482.15,1,91192,77589,2465.16,297784,0.5
2021-06-16 14:21:23,2482.15,1,91170,77672,2465.16,297784,0.5
2021-06-16 14:21:25,2482.15,1,91353,77264,2465.16,297784,0.5
2021-06-16 14:21:27,2482.15,1,91126,77665,2465.16,297784,0.5
2021-06-16 14:21:30,2482.15,1,91210,77646,2465.16,297784,0.5
2021-06-16 14:21:30,2481.9,2,91210,77646,2465.16,297784,0.49
2021-06-16 14:21:33,2481.9,2,91332,78152,2465.16,297786,0.49
2021-06-16 14:21:35,2481.9,2,90965,78163,2465.16,297786,0.49
2021-06-16 14:21:37,2481.9,2,91289,78151,2465.16,297786,0.49
2021-06-16 14:21:39,2483.0,5,91289,78151,2465.16,297786,0.54
2021-06-16 14:21:39,2483.0,9,91289,78151,2465.16,297786,0.54
2021-06-16 14:21:40,2483.0,1,91399,77689,2465.16,297801,0.54
2021-06-16 14:21:42,2483.0,1,91760,77685,2465.16,297801,0.54
2021-06-16 14:21:45,2483.0,5,91818,77733,2465.16,297806,0.54
2021-06-16 14:21:46,2481.25,7,91818,77733,2465.16,297806,0.47
2021-06-16 14:21:47,2481.25,7,91191,78892,2465.16,297846,0.47
2021-06-16 14:21:51,2481.25,7,91064,79200,2465.16,297846,0.47
2021-06-16 14:21:52,2481.25,7,91309,79209,2465.16,297846,0.47
2021-06-16 14:21:54,2482.9,1,91309,79209,2465.16,297846,0.53
2021-06-16 14:21:55,2482.9,1,91298,79218,2465.16,297847,0.53
2021-06-16 14:21:56,2481.4,4,91298,79218,2465.16,297847,0.47
2021-06-16 14:21:58,2481.4,4,91298,78686,2465.16,297902,0.47
2021-06-16 14:22:00,2482.85,1,91298,78686,2465.16,297902,0.53
2021-06-16 14:22:00,2482.85,1,91318,78679,2465.16,297903,0.53
2021-06-16 14:22:02,2482.9,9,91318,78679,2465.16,297903,0.53
2021-06-16 14:22:03,2482.9,9,91241,79074,2465.17,297959,0.53
2021-06-16 14:22:06,2482.9,9,91417,79089,2465.17,297959,0.53
2021-06-16 14:22:08,2482.9,9,91503,79101,2465.17,297959,0.53
2021-06-16 14:22:11,2482.9,9,91295,79247,2465.17,297959,0.53
2021-06-16 14:22:13,2482.9,9,91269,79233,2465.17,297959,0.53
2021-06-16 14:22:16,2482.9,9,91083,79132,2465.17,297959,0.53
2021-06-16 14:22:19,2482.9,9,91223,79117,2465.17,297959,0.53
2021-06-16 14:22:19,2481.35,6,91223,79117,2465.17,297959,0.47
2021-06-16 14:22:21,2482.8,2,91249,79080,2465.17,297991,0.53
2021-06-16 14:22:24,2482.8,2,91135,79171,2465.17,297991,0.53
2021-06-16 14:22:27,2482.8,2,91085,79174,2465.17,297991,0.53
2021-06-16 14:22:29,2482.75,1,90970,79187,2465.17,297991,0.53
2021-06-16 14:22:30,2481.35,30,90970,79187,2465.17,297991,0.47
2021-06-16 14:22:31,2481.35,30,91382,79209,2465.17,298042,0.47
2021-06-16 14:22:34,2481.35,30,91431,79057,2465.17,298042,0.47
2021-06-16 14:22:37,2481.35,30,91514,79079,2465.17,298042,0.47
2021-06-16 14:22:40,2481.35,30,91714,79079,2465.17,298042,0.47
2021-06-16 14:22:42,2482.55,1,91714,79079,2465.17,298042,0.52
2021-06-16 14:22:43,2481.5,5,91808,79113,2465.17,298055,0.48
2021-06-16 14:22:45,2481.5,5,91819,79108,2465.17,298055,0.48
2021-06-16 14:22:46,2481.5,1,91819,79108,2465.17,298055,0.48
2021-06-16 14:22:48,2481.5,1,91392,79134,2465.17,298056,0.48
2021-06-16 14:22:49,2481.5,1,91292,79134,2465.17,298056,0.48
2021-06-16 14:22:52,2481.4,2,91790,79184,2465.17,298058,0.47
2021-06-16 14:22:53,2482.55,4,91790,79184,2465.17,298058,0.52
2021-06-16 14:22:54,2482.55,4,91790,79185,2465.17,298062,0.52
2021-06-16 14:22:56,2482.8,150,91790,79185,2465.17,298062,0.53
2021-06-16 14:22:57,2482.9,17,92777,78383,2465.21,298633,0.53
2021-06-16 14:23:00,2482.9,17,92758,78365,2465.21,298633,0.53
2021-06-16 14:23:01,2483.0,8,92758,78365,2465.21,298633,0.54
2021-06-16 14:23:03,2483.0,8,92568,77697,2465.23,299085,0.54
2021-06-16 14:23:03,2483.5,1,92568,77697,2465.23,299085,0.56
2021-06-16 14:23:05,2483.0,20,91990,78118,2465.24,299164,0.54
2021-06-16 14:23:07,2483.0,20,91940,78095,2465.24,299184,0.54
2021-06-16 14:23:10,2484.1,1,93402,77638,2465.25,299367,0.58
2021-06-16 14:23:13,2483.95,1,93402,77638,2465.25,299367,0.58
2021-06-16 14:23:15,2483.0,4,93402,77638,2465.25,299367,0.54
2021-06-16 14:23:16,2483.0,4,91588,77722,2465.25,299372,0.54
2021-06-16 14:23:19,2483.0,4,91921,77307,2465.25,299372,0.54
2021-06-16 14:23:22,2483.0,4,92128,77333,2465.25,299372,0.54
2021-06-16 14:23:24,2483.95,9,92128,77333,2465.25,299372,0.58
2021-06-16 14:23:25,2483.95,9,92149,77324,2465.25,299381,0.58
2021-06-16 14:23:27,2483.95,9,92149,77303,2465.25,299381,0.58
2021-06-16 14:23:30,2483.95,10,92149,77303,2465.25,299381,0.58
2021-06-16 14:23:30,2483.95,10,92149,77318,2465.25,299391,0.58
2021-06-16 14:23:36,2483.95,10,92149,77332,2465.25,299391,0.58
2021-06-16 14:23:38,2483.95,10,91905,78189,2465.25,299391,0.58
2021-06-16 14:23:41,2483.95,10,92469,78262,2465.25,299391,0.58
2021-06-16 14:23:43,2483.0,10,92489,78289,2465.25,299401,0.54
2021-06-16 14:23:45,2483.95,6,92489,78289,2465.25,299401,0.58
2021-06-16 14:23:46,2483.95,1,91888,78306,2465.26,299507,0.58
2021-06-16 14:23:49,2483.95,1,91888,78439,2465.26,299507,0.58
2021-06-16 14:23:49,2483.95,5,91888,78439,2465.26,299507,0.58
2021-06-16 14:23:51,2483.95,5,91949,78307,2465.26,299512,0.58
2021-06-16 14:23:54,2483.95,5,91936,78333,2465.26,299512,0.58
2021-06-16 14:23:55,2483.95,5,91928,78238,2465.26,299512,0.58
2021-06-16 14:23:58,2483.95,5,91947,78366,2465.26,299512,0.58
2021-06-16 14:24:00,2482.45,3,91947,78366,2465.26,299512,0.52
2021-06-16 14:24:00,2483.85,1,91944,78536,2465.26,299516,0.57
2021-06-16 14:24:03,2482.35,35,91944,78363,2465.26,299516,0.51
2021-06-16 14:24:05,2482.35,35,91754,78333,2465.26,299565,0.51
2021-06-16 14:24:06,2482.35,35,91754,78334,2465.26,299565,0.51
2021-06-16 14:24:07,2482.35,35,91763,78317,2465.26,299565,0.51
2021-06-16 14:24:08,2482.35,5,91763,78317,2465.26,299565,0.51
2021-06-16 14:24:09,2482.35,5,91611,78315,2465.26,299570,0.51
2021-06-16 14:24:09,2482.35,5,91611,78305,2465.26,299570,0.51
2021-06-16 14:24:10,2482.35,5,91603,78304,2465.26,299570,0.51
2021-06-16 14:24:11,2482.35,5,92053,78289,2465.26,299570,0.51
2021-06-16 14:24:12,2482.35,5,92053,78275,2465.26,299570,0.51
2021-06-16 14:24:13,2482.35,5,92053,78255,2465.26,299570,0.51
2021-06-16 14:24:14,2482.35,5,92024,78255,2465.26,299570,0.51
2021-06-16 14:24:17,2482.35,5,91915,78255,2465.26,299570,0.51
2021-06-16 14:24:18,2483.0,5,91915,78255,2465.26,299570,0.54
2021-06-16 14:24:21,2483.0,5,92091,78251,2465.26,299575,0.54
2021-06-16 14:24:21,2483.0,5,91991,78251,2465.26,299575,0.54
2021-06-16 14:24:24,2483.0,5,92112,78221,2465.26,299575,0.54
2021-06-16 14:24:25,2483.0,5,92040,78284,2465.26,299575,0.54
2021-06-16 14:24:26,2483.0,5,92140,78283,2465.26,299575,0.54
2021-06-16 14:24:27,2483.0,5,91640,78283,2465.26,299575,0.54
2021-06-16 14:24:27,2483.0,2,91640,78283,2465.26,299575,0.54
2021-06-16 14:24:28,2483.0,2,91770,78387,2465.26,299584,0.54
2021-06-16 14:24:29,2483.0,2,91882,78387,2465.26,299584,0.54
2021-06-16 14:24:30,2483.0,2,92313,78383,2465.26,299584,0.54
2021-06-16 14:24:30,2482.1,3,92313,78383,2465.26,299584,0.5
2021-06-16 14:24:32,2482.1,3,91347,78673,2465.26,299596,0.5
2021-06-16 14:24:33,2482.1,3,91347,78678,2465.26,299596,0.5
2021-06-16 14:24:34,2482.1,3,91317,79080,2465.26,299596,0.5
2021-06-16 14:24:35,2482.1,3,91317,79148,2465.26,299596,0.5
2021-06-16 14:24:38,2482.1,3,91349,79152,2465.26,299596,0.5
2021-06-16 14:24:39,2482.1,3,91349,79151,2465.26,299596,0.5
2021-06-16 14:24:39,2482.95,1,91349,79151,2465.26,299596,0.54
2021-06-16 14:24:40,2482.95,1,91334,79180,2465.26,299597,0.54
2021-06-16 14:24:41,2482.95,1,91334,79179,2465.26,299597,0.54
2021-06-16 14:24:42,2482.95,1,91357,79029,2465.26,299597,0.54
2021-06-16 14:24:43,2482.95,1,91408,79036,2465.26,299597,0.54
2021-06-16 14:24:44,2482.95,1,91409,79086,2465.26,299597,0.54
2021-06-16 14:24:45,2482.95,1,91396,79160,2465.26,299597,0.54
2021-06-16 14:24:46,2482.95,1,91418,79157,2465.26,299597,0.54
2021-06-16 14:24:47,2482.95,1,91418,79152,2465.26,299597,0.54
2021-06-16 14:24:49,2482.9,1,91464,79151,2465.26,299606,0.53
2021-06-16 14:24:50,2482.9,1,91465,79151,2465.26,299606,0.53
2021-06-16 14:24:51,2482.9,1,91465,79154,2465.26,299606,0.53
2021-06-16 14:24:52,2482.9,1,91465,79157,2465.26,299606,0.53
2021-06-16 14:24:53,2482.05,6,91459,78941,2465.26,299612,0.5
2021-06-16 14:24:54,2482.95,8,91459,78993,2465.26,299622,0.54
2021-06-16 14:24:55,2482.95,8,91459,78998,2465.26,299622,0.54
2021-06-16 14:24:57,2482.95,8,91484,78998,2465.26,299622,0.54
2021-06-16 14:24:57,2482.95,8,91484,79098,2465.26,299622,0.54
2021-06-16 14:24:58,2482.95,8,91484,79102,2465.26,299622,0.54
2021-06-16 14:25:00,2482.95,8,91692,79068,2465.26,299622,0.54
2021-06-16 14:25:01,2482.95,8,91739,79068,2465.26,299622,0.54
2021-06-16 14:25:04,2482.95,8,91636,79068,2465.26,299622,0.54
2021-06-16 14:25:05,2482.95,8,91637,79068,2465.26,299622,0.54
2021-06-16 14:25:06,2482.95,4,91637,79068,2465.26,299622,0.54
2021-06-16 14:25:07,2482.95,4,91709,79064,2465.27,299631,0.54
2021-06-16 14:25:07,2482.95,4,91661,79064,2465.27,299631,0.54
2021-06-16 14:25:08,2482.35,35,91626,79064,2465.27,299666,0.51
2021-06-16 14:25:09,2482.95,9,91626,79064,2465.27,299666,0.54
2021-06-16 14:25:10,2482.95,9,91625,79055,2465.27,299675,0.54
2021-06-16 14:25:12,2482.95,1,91657,79055,2465.27,299675,0.54
2021-06-16 14:25:13,2482.95,1,91625,79054,2465.27,299676,0.54
2021-06-16 14:25:14,2482.95,5,91625,79054,2465.27,299676,0.54
2021-06-16 14:25:15,2482.95,5,91625,79049,2465.27,299681,0.54
2021-06-16 14:25:18,2482.95,5,91625,79068,2465.27,299681,0.54
2021-06-16 14:25:18,2482.95,5,91625,79124,2465.27,299681,0.54
2021-06-16 14:25:21,2482.95,5,91625,79119,2465.27,299681,0.54
2021-06-16 14:25:21,2482.35,100,91625,79119,2465.27,299681,0.51
2021-06-16 14:25:22,2482.35,100,91525,79034,2465.27,299781,0.51
2021-06-16 14:25:24,2482.35,100,91534,79210,2465.27,299781,0.51
2021-06-16 14:25:25,2482.35,100,91461,79210,2465.27,299781,0.51
2021-06-16 14:25:26,2482.35,100,91461,79178,2465.27,299781,0.51
2021-06-16 14:25:27,2482.35,100,91061,79204,2465.27,299781,0.51
2021-06-16 14:25:28,2482.35,100,91062,79180,2465.27,299781,0.51
2021-06-16 14:25:29,2482.35,100,91259,78908,2465.27,299781,0.51
2021-06-16 14:25:30,2482.35,14,91277,78876,2465.27,299790,0.51
2021-06-16 14:25:31,2482.35,14,91031,79004,2465.28,299805,0.51
2021-06-16 14:25:32,2482.35,14,91110,79005,2465.28,299805,0.51
2021-06-16 14:25:33,2482.35,14,91081,79006,2465.28,299805,0.51
2021-06-16 14:25:34,2482.35,14,91160,79006,2465.28,299805,0.51
2021-06-16 14:25:35,2482.35,14,91239,79076,2465.28,299805,0.51
2021-06-16 14:25:36,2482.9,18,90959,79057,2465.28,299958,0.53
2021-06-16 14:25:37,2482.9,18,90957,79073,2465.28,299958,0.53
2021-06-16 14:25:40,2482.9,18,90957,79053,2465.28,299958,0.53
2021-06-16 14:25:42,2482.9,18,90957,79052,2465.28,299958,0.53
2021-06-16 14:25:43,2482.9,18,90957,79025,2465.28,299958,0.53
2021-06-16 14:25:47,2482.9,18,90958,79048,2465.28,299958,0.53
2021-06-16 14:25:48,2482.9,18,90984,78810,2465.28,299958,0.53
2021-06-16 14:25:49,2482.9,18,90984,78800,2465.28,299958,0.53
2021-06-16 14:25:50,2482.0,8,90984,78800,2465.28,299958,0.5
2021-06-16 14:25:51,2482.0,8,90809,79148,2465.29,300048,0.5
2021-06-16 14:25:52,2482.0,8,90809,79286,2465.29,300048,0.5
2021-06-16 14:25:55,2482.0,8,90809,79293,2465.29,300048,0.5
2021-06-16 14:25:56,2481.0,1,90517,79475,2465.29,300053,0.46
2021-06-16 14:25:57,2481.0,1,90528,79610,2465.29,300053,0.46
2021-06-16 14:25:58,2481.0,1,90528,79640,2465.29,300053,0.46
2021-06-16 14:26:00,2481.0,1,90528,79659,2465.29,300053,0.46
2021-06-16 14:26:00,2481.0,1,90528,79670,2465.29,300053,0.46
2021-06-16 14:26:01,2481.0,1,90561,79670,2465.29,300053,0.46
2021-06-16 14:26:02,2481.0,1,90561,79689,2465.29,300053,0.46
2021-06-16 14:26:03,2481.0,1,90734,79671,2465.29,300053,0.46
2021-06-16 14:26:04,2481.95,5,90734,79671,2465.29,300053,0.5
2021-06-16 14:26:04,2481.95,5,90749,79663,2465.29,300058,0.5
2021-06-16 14:26:05,2481.0,37,90679,79670,2465.29,300132,0.46
2021-06-16 14:26:06,2481.0,37,90697,79658,2465.29,300132,0.46
2021-06-16 14:26:07,2481.0,37,90731,79658,2465.29,300132,0.46
2021-06-16 14:26:08,2481.0,10,90731,79658,2465.29,300132,0.46
2021-06-16 14:26:09,2481.0,10,90703,79662,2465.29,300142,0.46
2021-06-16 14:26:09,2481.0,10,90691,79662,2465.29,300142,0.46
2021-06-16 14:26:10,2481.0,10,90691,79661,2465.29,300142,0.46
2021-06-16 14:26:11,2481.95,1,90691,79661,2465.29,300142,0.5
2021-06-16 14:26:12,2481.95,1,90669,79660,2465.29,300147,0.5
2021-06-16 14:26:12,2481.95,9,90694,79656,2465.29,300156,0.5
2021-06-16 14:26:13,2481.95,9,90726,79656,2465.29,300156,0.5
2021-06-16 14:26:14,2481.95,9,90726,79682,2465.29,300156,0.5
2021-06-16 14:26:16,2481.95,9,90726,79683,2465.29,300156,0.5
2021-06-16 14:26:16,2481.95,2,90726,79683,2465.29,300156,0.5
2021-06-16 14:26:17,2481.95,2,90726,79689,2465.3,300161,0.5
2021-06-16 14:26:19,2481.95,2,90726,79688,2465.3,300161,0.5
2021-06-16 14:26:20,2481.95,2,90732,79665,2465.3,300161,0.5
2021-06-16 14:26:21,2481.95,3,90732,79660,2465.3,300161,0.5
2021-06-16 14:26:22,2481.95,3,90732,79659,2465.3,300166,0.5
2021-06-16 14:26:23,2481.95,3,90732,79681,2465.3,300166,0.5
2021-06-16 14:26:24,2481.95,3,90727,79681,2465.3,300171,0.5
2021-06-16 14:26:25,2481.95,5,90779,79653,2465.3,300258,0.5
2021-06-16 14:26:26,2481.95,5,90707,79658,2465.3,300258,0.5
2021-06-16 14:26:27,2481.95,5,90698,79709,2465.3,300258,0.5
2021-06-16 14:26:30,2481.95,5,90739,79667,2465.3,300258,0.5
2021-06-16 14:26:33,2481.95,5,90743,79659,2465.3,300258,0.5
2021-06-16 14:26:33,2481.95,2,90743,79659,2465.3,300258,0.5
2021-06-16 14:26:34,2481.95,2,90742,79115,2465.3,300267,0.5
2021-06-16 14:26:34,2481.95,2,90742,79222,2465.3,300267,0.5
2021-06-16 14:26:36,2481.95,2,90742,79250,2465.3,300267,0.5
2021-06-16 14:26:37,2481.95,2,91242,79242,2465.3,300267,0.5
2021-06-16 14:26:38,2481.95,2,90342,79245,2465.3,300267,0.5
2021-06-16 14:26:39,2481.0,25,90717,79295,2465.3,300292,0.46
2021-06-16 14:26:40,2481.0,25,90717,79296,2465.3,300292,0.46
2021-06-16 14:26:41,2481.0,25,91217,79292,2465.3,300292,0.46
2021-06-16 14:26:43,2481.0,25,90533,79296,2465.3,300292,0.46
2021-06-16 14:26:43,2481.0,25,90533,79292,2465.3,300292,0.46
2021-06-16 14:26:45,2481.0,25,90535,79292,2465.3,300292,0.46
2021-06-16 14:26:46,2481.0,25,90535,79301,2465.3,300292,0.46
2021-06-16 14:26:48,2481.0,25,90659,79301,2465.3,300292,0.46
2021-06-16 14:26:49,2481.0,25,91190,79271,2465.3,300292,0.46
2021-06-16 14:26:51,2481.0,25,91607,79221,2465.3,300292,0.46
2021-06-16 14:26:52,2482.0,6,93785,79550,2465.31,300372,0.5
2021-06-16 14:26:52,2482.0,6,93755,79550,2465.31,300372,0.5
2021-06-16 14:26:54,2482.35,8,93812,79562,2465.31,300393,0.51
2021-06-16 14:26:54,2482.35,9,93812,79562,2465.31,300393,0.51
2021-06-16 14:26:55,2482.35,9,93811,79539,2465.31,300402,0.51
2021-06-16 14:26:56,2482.35,9,91279,79179,2465.31,300402,0.51
2021-06-16 14:26:57,2482.35,9,91033,79179,2465.31,300402,0.51
2021-06-16 14:26:58,2482.35,9,91333,79178,2465.31,300402,0.51
2021-06-16 14:26:59,2482.35,9,91433,79174,2465.31,300402,0.51
2021-06-16 14:27:00,2482.35,9,91433,79179,2465.31,300402,0.51
2021-06-16 14:27:04,2482.35,9,91433,79212,2465.31,300402,0.51
2021-06-16 14:27:05,2482.35,9,91766,79258,2465.31,300402,0.51
2021-06-16 14:27:06,2482.35,9,91215,79291,2465.31,300402,0.51
2021-06-16 14:27:07,2482.35,9,91112,79342,2465.31,300402,0.51
2021-06-16 14:27:08,2482.35,9,90850,79322,2465.31,300402,0.51
2021-06-16 14:27:09,2481.0,14,90850,79322,2465.31,300402,0.46
2021-06-16 14:27:09,2481.0,14,91145,79345,2465.31,300452,0.46
2021-06-16 14:27:10,2481.0,14,91149,79341,2465.31,300452,0.46
2021-06-16 14:27:10,2481.95,2,91149,79341,2465.31,300452,0.5
2021-06-16 14:27:11,2481.95,2,91168,79338,2465.31,300454,0.5
2021-06-16 14:27:12,2481.95,2,91220,79338,2465.31,300454,0.5
2021-06-16 14:27:14,2481.95,2,91230,79340,2465.31,300454,0.5
2021-06-16 14:27:15,2481.9,8,91293,79731,2465.31,300462,0.49
2021-06-16 14:27:16,2481.9,1,91278,79325,2465.31,300463,0.49
2021-06-16 14:27:17,2481.9,1,91278,79321,2465.31,300463,0.49
2021-06-16 14:27:18,2481.9,1,91278,79341,2465.31,300463,0.49
2021-06-16 14:27:19,2481.9,1,91278,79342,2465.31,300463,0.49
2021-06-16 14:27:20,2481.9,1,91311,79343,2465.31,300463,0.49
2021-06-16 14:27:21,2481.9,1,91311,79319,2465.31,300463,0.49
2021-06-16 14:27:22,2481.9,1,91311,79316,2465.31,300471,0.49
2021-06-16 14:27:24,2481.9,1,91296,79741,2465.31,300471,0.49
2021-06-16 14:27:25,2481.9,1,91266,79741,2465.31,300471,0.49
2021-06-16 14:27:25,2481.1,4,91223,79741,2465.31,300475,0.46
2021-06-16 14:27:26,2481.1,7,91223,79741,2465.31,300475,0.46
2021-06-16 14:27:27,2481.1,7,91216,79742,2465.31,300482,0.46
2021-06-16 14:27:27,2481.9,7,91216,79742,2465.31,300482,0.49
2021-06-16 14:27:29,2481.9,7,91016,79735,2465.31,300490,0.49
2021-06-16 14:27:30,2481.9,7,91216,79735,2465.31,300490,0.49
2021-06-16 14:27:31,2481.9,7,91247,79736,2465.31,300490,0.49
2021-06-16 14:27:32,2481.9,7,91247,79746,2465.31,300490,0.49
2021-06-16 14:27:33,2481.9,7,91257,79746,2465.31,300490,0.49
2021-06-16 14:27:34,2481.9,7,91257,79766,2465.31,300490,0.49
2021-06-16 14:27:37,2481.9,4,91288,79751,2465.31,300509,0.49
2021-06-16 14:27:40,2481.9,4,91288,79752,2465.31,300509,0.49
2021-06-16 14:27:43,2481.9,4,91288,79773,2465.31,300509,0.49
2021-06-16 14:27:44,2481.05,97,91285,79775,2465.32,300609,0.46
2021-06-16 14:27:46,2481.05,97,92121,79411,2465.32,300609,0.46
2021-06-16 14:27:47,2481.05,97,91683,79394,2465.32,300609,0.46
2021-06-16 14:27:48,2481.05,97,91292,79398,2465.32,300609,0.46
2021-06-16 14:27:51,2481.05,97,91650,79398,2465.32,300609,0.46
2021-06-16 14:27:52,2481.05,97,91651,79398,2465.32,300609,0.46
2021-06-16 14:27:53,2481.05,97,91259,79401,2465.32,300609,0.46
2021-06-16 14:27:54,2481.05,97,91659,79398,2465.32,300609,0.46
2021-06-16 14:27:56,2481.05,97,91687,79398,2465.32,300609,0.46
2021-06-16 14:27:57,2481.05,5,91687,79398,2465.32,300614,0.46
2021-06-16 14:27:57,2481.9,6,91640,79376,2465.32,300623,0.49
2021-06-16 14:28:00,2481.9,6,91609,79376,2465.32,300623,0.49
2021-06-16 14:28:01,2481.9,6,91630,79369,2465.32,300623,0.49
2021-06-16 14:28:02,2481.9,6,91630,79371,2465.32,300623,0.49
2021-06-16 14:28:03,2481.9,1,91630,79371,2465.32,300623,0.49
2021-06-16 14:28:06,2481.9,1,92057,79366,2465.32,300673,0.49
2021-06-16 14:28:07,2481.05,1,92057,79366,2465.32,300673,0.46
2021-06-16 14:28:08,2481.05,1,92056,79366,2465.32,300674,0.46
2021-06-16 14:28:09,2481.05,1,91941,79361,2465.32,300674,0.46
2021-06-16 14:28:10,2481.05,1,91941,79362,2465.32,300674,0.46
2021-06-16 14:28:12,2481.05,1,91528,79382,2465.32,300674,0.46
2021-06-16 14:28:13,2481.05,1,91538,79382,2465.32,300674,0.46
2021-06-16 14:28:13,2481.05,1,91539,79382,2465.32,300674,0.46
2021-06-16 14:28:15,2481.05,1,91973,79390,2465.32,300674,0.46
2021-06-16 14:28:16,2481.05,1,92373,79370,2465.32,300674,0.46
2021-06-16 14:28:16,2481.05,1,91573,79472,2465.32,300674,0.46
2021-06-16 14:28:17,2481.05,1,91573,79471,2465.32,300674,0.46
2021-06-16 14:28:18,2481.9,4,91633,79875,2465.32,300678,0.49
2021-06-16 14:28:20,2481.9,4,91738,79903,2465.32,300678,0.49
2021-06-16 14:28:21,2481.9,5,91346,79499,2465.32,300683,0.49
2021-06-16 14:28:22,2481.9,5,89881,80048,2465.32,300683,0.49
2021-06-16 14:28:24,2481.9,5,90305,80119,2465.32,300683,0.49
2021-06-16 14:28:25,2481.9,5,90330,80119,2465.32,300683,0.49
2021-06-16 14:28:27,2481.9,5,90360,80118,2465.32,300683,0.49
2021-06-16 14:28:27,2481.9,5,90360,80147,2465.32,300683,0.49
2021-06-16 14:28:30,2481.9,5,90304,80225,2465.32,300683,0.49
2021-06-16 14:28:30,2481.9,5,90304,80226,2465.32,300683,0.49
2021-06-16 14:28:31,2481.9,5,91135,80125,2465.32,300683,0.49
2021-06-16 14:28:33,2481.9,5,91064,80108,2465.32,300683,0.49
2021-06-16 14:28:34,2481.9,5,91070,80108,2465.32,300683,0.49
2021-06-16 14:28:36,2481.9,5,91071,80108,2465.32,300683,0.49
2021-06-16 14:28:37,2481.9,5,91151,80108,2465.32,300683,0.49
2021-06-16 14:28:37,2481.9,5,91655,79680,2465.32,300683,0.49
2021-06-16 14:28:39,2481.55,4,91826,79528,2465.32,300687,0.48
2021-06-16 14:28:41,2481.55,4,91826,79928,2465.32,300687,0.48
2021-06-16 14:28:42,2481.55,4,91827,79931,2465.32,300687,0.48
2021-06-16 14:28:43,2481.55,4,92745,79945,2465.32,300687,0.48
2021-06-16 14:28:43,2481.55,4,91405,80078,2465.32,300687,0.48
2021-06-16 14:28:44,2481.6,5,91405,80078,2465.32,300687,0.48
2021-06-16 14:28:45,2481.6,5,91563,80132,2465.32,300692,0.48
2021-06-16 14:28:48,2481.65,1,91063,80131,2465.32,300693,0.48
2021-06-16 14:28:49,2481.65,1,91463,80131,2465.32,300693,0.48
2021-06-16 14:28:49,2481.65,1,91563,80133,2465.32,300693,0.48
2021-06-16 14:28:51,2481.65,1,90976,80033,2465.32,300693,0.48
2021-06-16 14:28:52,2481.65,1,91006,80133,2465.32,300693,0.48
2021-06-16 14:28:54,2481.65,1,91036,80140,2465.32,300693,0.48
2021-06-16 14:28:55,2481.65,1,91037,80140,2465.32,300693,0.48
2021-06-16 14:28:56,2481.65,1,91033,80140,2465.32,300693,0.48
2021-06-16 14:28:57,2481.65,1,91043,80117,2465.32,300693,0.48
2021-06-16 14:28:59,2481.65,1,91600,79710,2465.32,300693,0.48
2021-06-16 14:29:00,2481.55,2,91365,79697,2465.32,300705,0.48
2021-06-16 14:29:02,2481.55,2,91865,79793,2465.32,300705,0.48
2021-06-16 14:29:03,2481.55,2,91465,79699,2465.32,300705,0.48
2021-06-16 14:29:04,2481.55,2,91465,79695,2465.32,300705,0.48
2021-06-16 14:29:06,2481.55,2,91408,79695,2465.32,300705,0.48
2021-06-16 14:29:10,2481.55,2,91808,79699,2465.32,300705,0.48
2021-06-16 14:29:10,2481.55,2,91808,79649,2465.32,300705,0.48
2021-06-16 14:29:11,2481.05,5,91803,79649,2465.32,300710,0.46
2021-06-16 14:29:13,2481.05,5,92203,79650,2465.32,300710,0.46
2021-06-16 14:29:15,2481.05,5,92203,79686,2465.32,300710,0.46
2021-06-16 14:29:15,2481.05,5,91286,80113,2465.32,300710,0.46
2021-06-16 14:29:16,2481.05,5,91287,79696,2465.32,300710,0.46
2021-06-16 14:29:18,2481.05,5,91387,79696,2465.32,300710,0.46
2021-06-16 14:29:19,2481.05,1,91391,79723,2465.32,300710,0.46
2021-06-16 14:29:19,2481.05,1,91390,79696,2465.33,300711,0.46
2021-06-16 14:29:21,2481.05,1,91286,79696,2465.33,300711,0.46
2021-06-16 14:29:22,2481.05,1,91226,80121,2465.33,300711,0.46
2021-06-16 14:29:24,2481.05,1,91656,80152,2465.33,300711,0.46
2021-06-16 14:29:26,2481.05,1,92190,80157,2465.33,300711,0.46
2021-06-16 14:29:27,2481.05,1,92188,80157,2465.33,300711,0.46
2021-06-16 14:29:29,2481.05,1,92186,80157,2465.33,300711,0.46
2021-06-16 14:29:30,2481.65,1,92186,80147,2465.33,300713,0.48
2021-06-16 14:29:31,2481.65,2,91394,79744,2465.33,300722,0.48
2021-06-16 14:29:33,2481.65,2,91497,79744,2465.33,300722,0.48
2021-06-16 14:29:34,2481.65,2,91919,79669,2465.33,300722,0.48
2021-06-16 14:29:35,2481.65,2,92319,79394,2465.33,300722,0.48
2021-06-16 14:29:37,2481.65,2,92319,79398,2465.33,300722,0.48
2021-06-16 14:29:38,2481.65,2,92320,79398,2465.33,300722,0.48
2021-06-16 14:29:39,2481.05,1,92320,79398,2465.33,300722,0.46
2021-06-16 14:29:40,2481.05,1,92319,79398,2465.33,300723,0.46
2021-06-16 14:29:41,2481.05,1,92323,79398,2465.33,300723,0.46
2021-06-16 14:29:42,2481.05,1,91961,79397,2465.33,300723,0.46
2021-06-16 14:29:42,2481.7,1,91960,79397,2465.33,300732,0.49
2021-06-16 14:29:43,2481.7,1,91992,79397,2465.33,300732,0.49
2021-06-16 14:29:45,2481.7,1,91992,79380,2465.33,300732,0.49
2021-06-16 14:29:46,2481.7,1,91412,79442,2465.33,300732,0.49
2021-06-16 14:29:47,2481.7,1,91386,79436,2465.33,300732,0.49
2021-06-16 14:29:48,2482.95,43,91386,79436,2465.33,300732,0.54
2021-06-16 14:29:48,2482.95,43,92219,78824,2465.35,301150,0.54
2021-06-16 14:29:49,2482.95,43,92212,78829,2465.35,301150,0.54
2021-06-16 14:29:50,2482.95,43,91416,78865,2465.35,301150,0.54
2021-06-16 14:29:51,2482.95,43,91815,78838,2465.35,301150,0.54
2021-06-16 14:29:52,2482.95,43,91815,78862,2465.35,301150,0.54
2021-06-16 14:29:53,2483.0,70,91416,78385,2465.38,301620,0.54
2021-06-16 14:29:54,2482.95,12,91416,78385,2465.38,301620,0.54
2021-06-16 14:29:54,2482.95,12,91967,78439,2465.38,301632,0.54
2021-06-16 14:29:55,2482.95,12,91967,78454,2465.38,301632,0.54
2021-06-16 14:29:57,2482.95,12,91566,78454,2465.38,301632,0.54
2021-06-16 14:30:00,2482.95,12,91567,78525,2465.38,301632,0.54
2021-06-16 14:30:00,2482.95,12,91567,78504,2465.38,301632,0.54
2021-06-16 14:30:01,2482.95,12,91567,78515,2465.38,301632,0.54
2021-06-16 14:30:03,2483.95,29,91216,78235,2465.41,302132,0.58
2021-06-16 14:30:03,2483.95,29,91156,77956,2465.41,302132,0.58
2021-06-16 14:30:05,2483.95,29,91306,77675,2465.41,302132,0.58
2021-06-16 14:30:06,2483.95,29,91491,78006,2465.41,302132,0.58
2021-06-16 14:30:07,2483.95,29,91687,77489,2465.41,302132,0.58
2021-06-16 14:30:08,2484.0,2,91635,78032,2465.41,302156,0.58
2021-06-16 14:30:10,2484.0,2,91635,77913,2465.41,302156,0.58
2021-06-16 14:30:13,2484.0,2,91635,77983,2465.41,302156,0.58
2021-06-16 14:30:14,2484.0,2,91644,77983,2465.41,302156,0.58
2021-06-16 14:30:16,2484.0,2,91669,77984,2465.41,302156,0.58
2021-06-16 14:30:17,2484.0,2,91651,78033,2465.41,302156,0.58
2021-06-16 14:30:18,2484.0,2,91651,78054,2465.41,302156,0.58
2021-06-16 14:30:19,2484.0,2,91652,78064,2465.41,302156,0.58
2021-06-16 14:30:20,2484.0,2,91652,78091,2465.41,302156,0.58
2021-06-16 14:30:21,2484.0,2,91643,78135,2465.41,302156,0.58
2021-06-16 14:30:23,2484.0,2,91643,78093,2465.41,302156,0.58
2021-06-16 14:30:24,2483.95,9,91361,78207,2465.41,302165,0.58
2021-06-16 14:30:25,2483.95,9,91381,78223,2465.41,302165,0.58
2021-06-16 14:30:27,2483.95,9,91409,78227,2465.41,302165,0.58
2021-06-16 14:30:28,2483.75,8,91309,78439,2465.41,302173,0.57
2021-06-16 14:30:28,2483.75,8,90761,78415,2465.41,302173,0.57
2021-06-16 14:30:30,2483.75,8,91180,78414,2465.41,302173,0.57
2021-06-16 14:30:30,2483.75,8,91757,77753,2465.41,302173,0.57
2021-06-16 14:30:32,2483.75,8,91361,77357,2465.41,302173,0.57
2021-06-16 14:30:33,2483.95,5,91361,77385,2465.41,302173,0.58
2021-06-16 14:30:33,2482.65,15,91361,77385,2465.41,302173,0.52
2021-06-16 14:30:34,2482.65,15,90941,77339,2465.42,302298,0.52
2021-06-16 14:30:34,2482.65,15,91341,77375,2465.42,302298,0.52
2021-06-16 14:30:36,2482.65,15,91341,77325,2465.42,302298,0.52
2021-06-16 14:30:36,2483.95,25,91341,77325,2465.42,302298,0.58
2021-06-16 14:30:37,2483.95,25,91351,77263,2465.42,302323,0.58
2021-06-16 14:30:37,2483.95,25,91351,77245,2465.42,302323,0.58
2021-06-16 14:30:39,2483.95,25,91733,77394,2465.42,302323,0.58
2021-06-16 14:30:39,2483.95,25,91761,77395,2465.42,302323,0.58
2021-06-16 14:30:40,2483.7,1,91761,77395,2465.42,302323,0.57
2021-06-16 14:30:40,2483.7,1,91762,77394,2465.42,302324,0.57
2021-06-16 14:30:41,2483.7,10,91762,77394,2465.42,302324,0.57
2021-06-16 14:30:42,2483.7,10,91782,77389,2465.42,302334,0.57
2021-06-16 14:30:43,2483.7,10,91782,77157,2465.42,302334,0.57
2021-06-16 14:30:43,2483.7,10,91370,77182,2465.42,302334,0.57
2021-06-16 14:30:45,2483.7,10,91866,77207,2465.42,302334,0.57
2021-06-16 14:30:45,2483.65,4,91866,77207,2465.42,302334,0.56
2021-06-16 14:30:46,2483.65,4,91846,77188,2465.42,302343,0.56
2021-06-16 14:30:48,2483.65,4,91846,77186,2465.42,302343,0.56
2021-06-16 14:30:49,2483.65,4,91846,77190,2465.42,302343,0.56
2021-06-16 14:30:49,2482.35,30,91816,77186,2465.42,302373,0.51
2021-06-16 14:30:51,2482.15,7,90732,77560,2465.42,302398,0.5
2021-06-16 14:30:51,2482.15,7,91594,77554,2465.42,302398,0.5
2021-06-16 14:30:53,2482.15,7,91203,77557,2465.42,302398,0.5
2021-06-16 14:30:54,2482.15,7,91770,77407,2465.42,302398,0.5
2021-06-16 14:30:54,2482.15,7,91770,77411,2465.42,302398,0.5
2021-06-16 14:30:56,2482.15,7,91403,77426,2465.42,302398,0.5
2021-06-16 14:30:56,2483.6,10,91403,77426,2465.42,302398,0.56
2021-06-16 14:30:57,2483.6,10,91800,77396,2465.42,302408,0.56
2021-06-16 14:30:58,2483.6,10,91125,77542,2465.42,302408,0.56
2021-06-16 14:30:59,2483.6,10,91695,77702,2465.42,302408,0.56
2021-06-16 14:31:01,2483.6,10,91695,77703,2465.42,302408,0.56
2021-06-16 14:31:04,2483.6,10,91701,77707,2465.42,302408,0.56
2021-06-16 14:31:06,2483.55,1,91701,77721,2465.42,302409,0.56
2021-06-16 14:31:07,2483.55,1,91695,77818,2465.42,302418,0.56
2021-06-16 14:31:07,2482.05,4,91293,77561,2465.42,302423,0.5
2021-06-16 14:31:09,2482.05,4,91693,77597,2465.42,302423,0.5
2021-06-16 14:31:10,2482.05,4,91322,77597,2465.42,302423,0.5
2021-06-16 14:31:11,2482.05,4,91386,77568,2465.42,302423,0.5
2021-06-16 14:31:12,2483.0,100,91386,77568,2465.42,302423,0.54
2021-06-16 14:31:12,2483.0,100,91653,77640,2465.43,302523,0.54
2021-06-16 14:31:13,2483.0,100,91367,77632,2465.43,302523,0.54
2021-06-16 14:31:14,2483.0,100,91364,78037,2465.43,302523,0.54
2021-06-16 14:31:15,2483.0,100,91364,77637,2465.43,302523,0.54
2021-06-16 14:31:16,2483.0,100,91364,77633,2465.43,302523,0.54
2021-06-16 14:31:17,2483.0,100,91341,77552,2465.43,302523,0.54
2021-06-16 14:31:18,2483.0,100,91341,77556,2465.43,302523,0.54
2021-06-16 14:31:18,2483.0,100,91341,77555,2465.43,302523,0.54
2021-06-16 14:31:20,2483.0,100,91015,77499,2465.43,302523,0.54
2021-06-16 14:31:21,2483.0,100,91415,77499,2465.43,302523,0.54
2021-06-16 14:31:22,2483.0,100,91435,77495,2465.43,302523,0.54
2021-06-16 14:31:22,2483.15,1,91435,77495,2465.43,302523,0.54
2021-06-16 14:31:23,2483.15,1,91443,77468,2465.43,302538,0.54
2021-06-16 14:31:25,2483.15,1,91444,77464,2465.43,302538,0.54
2021-06-16 14:31:25,2483.15,1,91444,77461,2465.43,302538,0.54
2021-06-16 14:31:27,2483.15,1,91442,77473,2465.43,302538,0.54
2021-06-16 14:31:28,2483.15,1,91435,77539,2465.43,302547,0.54
2021-06-16 14:31:29,2483.15,1,91433,77572,2465.43,302547,0.54
2021-06-16 14:31:31,2483.15,1,91437,77573,2465.43,302547,0.54
2021-06-16 14:31:32,2483.15,10,91458,77574,2465.43,302547,0.54
2021-06-16 14:31:33,2483.15,10,91088,77499,2465.43,302557,0.54
2021-06-16 14:31:34,2483.15,10,91488,77499,2465.43,302557,0.54
2021-06-16 14:31:35,2483.15,10,91205,77496,2465.43,302557,0.54
2021-06-16 14:31:37,2483.15,10,91605,77472,2465.43,302557,0.54
2021-06-16 14:31:38,2482.15,3,91605,77472,2465.43,302557,0.5
2021-06-16 14:31:39,2482.15,3,91567,77469,2465.43,302560,0.5
2021-06-16 14:31:40,2482.15,3,91497,77474,2465.43,302560,0.5
2021-06-16 14:31:40,2482.15,3,91508,77474,2465.43,302560,0.5
2021-06-16 14:31:43,2482.15,3,91610,77474,2465.43,302560,0.5
2021-06-16 14:31:43,2482.15,3,91611,77474,2465.43,302560,0.5
2021-06-16 14:31:45,2482.15,3,91511,77476,2465.43,302560,0.5
2021-06-16 14:31:46,2482.15,3,91613,77476,2465.43,302560,0.5
2021-06-16 14:31:47,2482.15,3,91087,77476,2465.43,302560,0.5
2021-06-16 14:31:48,2483.15,6,91087,77476,2465.43,302560,0.54
2021-06-16 14:31:50,2483.15,6,91486,77468,2465.43,302568,0.54
2021-06-16 14:31:51,2483.15,6,91576,77468,2465.43,302568,0.54
2021-06-16 14:31:52,2483.15,6,91576,77469,2465.43,302568,0.54
2021-06-16 14:31:55,2483.15,6,91576,77472,2465.43,302568,0.54
2021-06-16 14:31:57,2483.0,50,91446,77869,2465.43,302568,0.54
2021-06-16 14:31:57,2483.0,50,91576,77455,2465.44,302618,0.54
2021-06-16 14:31:59,2483.0,50,91577,77456,2465.44,302618,0.54
2021-06-16 14:32:01,2483.15,3,91623,77411,2465.44,302621,0.54
2021-06-16 14:32:02,2483.15,3,91577,77411,2465.44,302621,0.54
2021-06-16 14:32:03,2483.15,3,91582,77411,2465.44,302621,0.54
2021-06-16 14:32:04,2483.15,3,91554,77404,2465.44,302621,0.54
2021-06-16 14:32:05,2483.15,3,91155,77404,2465.44,302621,0.54
2021-06-16 14:32:06,2483.15,3,91555,77404,2465.44,302621,0.54
2021-06-16 14:32:07,2483.15,3,91581,77400,2465.44,302621,0.54
2021-06-16 14:32:07,2482.15,10,91581,77400,2465.44,302621,0.5
2021-06-16 14:32:08,2482.15,10,91575,77400,2465.44,302631,0.5
2021-06-16 14:32:09,2482.15,10,91576,77401,2465.44,302631,0.5
2021-06-16 14:32:09,2483.15,1,91576,77401,2465.44,302631,0.54
2021-06-16 14:32:12,2483.15,1,91605,77400,2465.44,302640,0.54
2021-06-16 14:32:13,2483.15,1,91605,77353,2465.44,302640,0.54
2021-06-16 14:32:13,2483.15,1,91709,77350,2465.44,302642,0.54
2021-06-16 14:32:15,2483.15,1,91710,77350,2465.44,302642,0.54
2021-06-16 14:32:16,2483.15,1,91666,77350,2465.44,302642,0.54
2021-06-16 14:32:18,2483.15,1,91687,77353,2465.44,302642,0.54
2021-06-16 14:32:20,2483.15,1,91711,77353,2465.44,302642,0.54
2021-06-16 14:32:21,2483.15,1,91712,77353,2465.44,302642,0.54
2021-06-16 14:32:22,2483.15,1,91712,77431,2465.44,302642,0.54
2021-06-16 14:32:23,2483.15,1,91712,77432,2465.44,302642,0.54
2021-06-16 14:32:24,2483.2,5,91687,77457,2465.44,302642,0.55
2021-06-16 14:32:25,2483.2,5,91731,77508,2465.44,302670,0.55
2021-06-16 14:32:26,2482.15,39,91624,77459,2465.44,302737,0.5
2021-06-16 14:32:27,2482.15,1,91624,77459,2465.44,302737,0.5
2021-06-16 14:32:27,2482.15,1,91484,77552,2465.44,302738,0.5
2021-06-16 14:32:28,2482.15,1,91684,77619,2465.44,302738,0.5
2021-06-16 14:32:29,2482.15,1,92484,77576,2465.44,302738,0.5
2021-06-16 14:32:30,2482.2,9,91684,77561,2465.44,302738,0.51
2021-06-16 14:32:31,2482.2,9,91280,77740,2465.44,302747,0.51
2021-06-16 14:32:31,2482.2,5,91280,77740,2465.44,302747,0.51
2021-06-16 14:32:32,2482.2,5,91681,77735,2465.44,302752,0.51
2021-06-16 14:32:33,2482.2,5,91685,77708,2465.44,302752,0.51
2021-06-16 14:32:34,2482.2,5,92483,77735,2465.44,302752,0.51
2021-06-16 14:32:35,2482.2,5,92083,77739,2465.44,302752,0.51
2021-06-16 14:32:36,2482.2,5,92083,77741,2465.44,302752,0.51
2021-06-16 14:32:38,2482.2,5,92485,77853,2465.44,302752,0.51
2021-06-16 14:32:39,2482.2,5,92089,77853,2465.44,302752,0.51
2021-06-16 14:32:40,2482.2,5,92500,77853,2465.44,302752,0.51
2021-06-16 14:32:40,2482.15,10,92500,77853,2465.44,302752,0.5
2021-06-16 14:32:41,2482.15,10,92490,77853,2465.44,302762,0.5
2021-06-16 14:32:42,2482.15,10,92090,77853,2465.44,302762,0.5
2021-06-16 14:32:43,2482.15,10,91690,77855,2465.44,302762,0.5
2021-06-16 14:32:44,2482.15,10,92860,77880,2465.44,302762,0.5
2021-06-16 14:32:45,2482.2,19,92860,77880,2465.44,302762,0.51
2021-06-16 14:32:45,2482.2,19,92459,77951,2465.45,302781,0.51
2021-06-16 14:32:46,2482.2,19,92060,77982,2465.45,302781,0.51
2021-06-16 14:32:47,2482.2,19,92076,78005,2465.45,302781,0.51
2021-06-16 14:32:48,2482.2,19,92876,78005,2465.45,302781,0.51
2021-06-16 14:32:49,2482.2,19,92074,78009,2465.45,302781,0.51
2021-06-16 14:32:50,2482.2,19,91669,78030,2465.45,302781,0.51
2021-06-16 14:32:51,2482.2,9,93009,78009,2465.45,302781,0.51
2021-06-16 14:32:52,2482.2,9,93008,78000,2465.45,302790,0.51
2021-06-16 14:32:54,2482.15,4,91984,78042,2465.45,302831,0.5
2021-06-16 14:32:55,2482.15,4,92361,78042,2465.45,302831,0.5
2021-06-16 14:32:56,2481.7,34,92450,77974,2465.45,302841,0.49
2021-06-16 14:32:57,2481.7,34,92606,77964,2465.45,302876,0.49
2021-06-16 14:32:58,2481.7,34,92310,78108,2465.45,302876,0.49
2021-06-16 14:32:59,2481.7,34,92876,78108,2465.45,302876,0.49
2021-06-16 14:33:00,2481.7,34,92047,78108,2465.45,302876,0.49
2021-06-16 14:33:01,2481.7,34,92302,78108,2465.45,302876,0.49
2021-06-16 14:33:01,2481.7,34,91510,78108,2465.45,302876,0.49
2021-06-16 14:33:03,2481.7,34,91503,78139,2465.45,302876,0.49
2021-06-16 14:33:04,2481.7,34,92300,78139,2465.45,302876,0.49
2021-06-16 14:33:05,2481.7,34,92902,78140,2465.45,302876,0.49
2021-06-16 14:33:06,2481.7,34,92502,78139,2465.45,302876,0.49
2021-06-16 14:33:07,2481.7,34,92097,78144,2465.45,302876,0.49
2021-06-16 14:33:08,2481.7,1,90492,78669,2465.46,303097,0.49
2021-06-16 14:33:09,2481.7,1,91288,78679,2465.46,303097,0.49
2021-06-16 14:33:10,2481.7,1,91257,78696,2465.46,303097,0.49
2021-06-16 14:33:11,2481.7,1,91288,78696,2465.46,303097,0.49
2021-06-16 14:33:12,2482.1,18,91360,78169,2465.47,303297,0.5
2021-06-16 14:33:13,2482.1,18,90544,78494,2465.47,303297,0.5
2021-06-16 14:33:13,2482.1,18,90943,78514,2465.47,303297,0.5
2021-06-16 14:33:15,2481.6,2,90943,78514,2465.47,303297,0.48
2021-06-16 14:33:16,2481.6,2,90945,78112,2465.47,303299,0.48
2021-06-16 14:33:18,2481.0,4,89632,79368,2465.5,303722,0.46
2021-06-16 14:33:19,2481.0,4,90200,79405,2465.5,303722,0.46
2021-06-16 14:33:20,2481.0,4,90236,79005,2465.5,303722,0.46
2021-06-16 14:33:22,2481.0,4,90284,79005,2465.5,303722,0.46
2021-06-16 14:33:24,2481.0,4,90315,79005,2465.5,303722,0.46
2021-06-16 14:33:25,2481.0,4,90315,79014,2465.5,303722,0.46
2021-06-16 14:33:26,2481.0,12,90315,79014,2465.5,303722,0.46
2021-06-16 14:33:27,2481.0,12,90315,79002,2465.5,303734,0.46
2021-06-16 14:33:28,2481.0,12,90315,78995,2465.5,303734,0.46
2021-06-16 14:33:29,2481.0,12,90316,78995,2465.5,303734,0.46
2021-06-16 14:33:30,2481.0,12,90290,78997,2465.5,303734,0.46
2021-06-16 14:33:32,2481.0,12,90290,78996,2465.5,303734,0.46
2021-06-16 14:33:33,2481.0,12,90427,78996,2465.5,303734,0.46
2021-06-16 14:33:33,2481.0,1,90427,78996,2465.5,303734,0.46
2021-06-16 14:33:34,2481.0,1,90456,78930,2465.5,303793,0.46
2021-06-16 14:33:34,2480.5,5,88030,79705,2465.53,304428,0.44
2021-06-16 14:33:36,2480.5,5,88428,79667,2465.53,304428,0.44
2021-06-16 14:33:37,2480.5,5,88427,79680,2465.53,304428,0.44
2021-06-16 14:33:37,2480.5,5,88431,79711,2465.53,304428,0.44
2021-06-16 14:33:40,2480.5,5,88431,79722,2465.53,304428,0.44
2021-06-16 14:33:42,2480.5,5,88431,79672,2465.53,304428,0.44
2021-06-16 14:33:42,2479.0,109,88431,79672,2465.53,304428,0.38
2021-06-16 14:33:48,2479.0,109,88275,79678,2465.54,304578,0.38
2021-06-16 14:33:49,2479.0,109,88275,79668,2465.54,304578,0.38
2021-06-16 14:33:51,2479.0,109,88276,79701,2465.54,304578,0.38
2021-06-16 14:33:52,2479.0,40,88236,79701,2465.54,304618,0.38
2021-06-16 14:33:54,2479.0,40,88236,79874,2465.54,304618,0.38
2021-06-16 14:33:54,2480.3,3,88361,79780,2465.54,304627,0.43
2021-06-16 14:33:55,2478.15,32,88361,79780,2465.54,304627,0.34
2021-06-16 14:33:56,2478.15,32,88323,80212,2465.55,304877,0.34
2021-06-16 14:33:57,2478.15,32,88453,80219,2465.55,304877,0.34
2021-06-16 14:33:58,2478.15,32,88443,80219,2465.55,304877,0.34
2021-06-16 14:33:59,2478.15,32,88396,80495,2465.55,304877,0.34
2021-06-16 14:34:00,2478.15,32,88540,80087,2465.55,304877,0.34
2021-06-16 14:34:01,2478.15,32,88530,80487,2465.55,304877,0.34
2021-06-16 14:34:02,2478.15,32,88562,80095,2465.55,304877,0.34
2021-06-16 14:34:04,2480.05,1,88562,80095,2465.55,304877,0.42
2021-06-16 14:34:05,2480.05,1,88579,80097,2465.55,304878,0.42
2021-06-16 14:34:06,2480.05,1,88579,80497,2465.55,304878,0.42
2021-06-16 14:34:07,2480.05,1,88569,79825,2465.55,304878,0.42
2021-06-16 14:34:08,2480.05,1,88472,79825,2465.55,304878,0.42
2021-06-16 14:34:10,2480.05,1,88473,79825,2465.55,304878,0.42
2021-06-16 14:34:12,2480.05,1,88497,79825,2465.55,304878,0.42
2021-06-16 14:34:13,2480.05,1,88473,79817,2465.55,304878,0.42
2021-06-16 14:34:15,2480.05,1,88536,80217,2465.55,304878,0.42
2021-06-16 14:34:15,2480.0,1,88591,80176,2465.55,304887,0.42
2021-06-16 14:34:16,2480.0,1,88681,80176,2465.55,304887,0.42
2021-06-16 14:34:19,2480.0,1,88672,80176,2465.55,304887,0.42
2021-06-16 14:34:20,2480.0,1,88691,80175,2465.55,304887,0.42
2021-06-16 14:34:22,2480.0,1,88672,80175,2465.55,304887,0.42
2021-06-16 14:34:23,2478.5,1,88672,80175,2465.55,304887,0.36
2021-06-16 14:34:24,2478.5,1,88674,80175,2465.55,304888,0.36
2021-06-16 14:34:25,2478.5,1,88724,80175,2465.55,304888,0.36
2021-06-16 14:34:26,2478.5,5,88726,80169,2465.55,304893,0.36
2021-06-16 14:34:27,2478.5,5,88725,80141,2465.55,304893,0.36
2021-06-16 14:34:28,2478.5,5,88726,80140,2465.55,304893,0.36
2021-06-16 14:34:30,2478.5,5,88757,80140,2465.55,304893,0.36
2021-06-16 14:34:32,2478.5,5,88812,80158,2465.55,304893,0.36
2021-06-16 14:34:33,2479.95,4,88836,80152,2465.55,304903,0.42
2021-06-16 14:34:34,2479.95,4,88676,80180,2465.55,304903,0.42
2021-06-16 14:34:36,2479.95,4,88695,80178,2465.55,304903,0.42
2021-06-16 14:34:36,2479.95,9,88695,80178,2465.55,304903,0.42
2021-06-16 14:34:37,2479.95,9,88731,80188,2465.55,304912,0.42
2021-06-16 14:34:42,2479.95,9,88732,80188,2465.55,304912,0.42
2021-06-16 14:34:42,2479.95,8,88732,80188,2465.55,304912,0.42
2021-06-16 14:34:45,2479.95,8,88731,80213,2465.55,304921,0.42
2021-06-16 14:34:46,2479.95,2,88731,80211,2465.55,304925,0.42
2021-06-16 14:34:49,2479.95,2,88707,80221,2465.55,304925,0.42
2021-06-16 14:34:50,2479.95,2,88707,80296,2465.55,304925,0.42
2021-06-16 14:34:52,2479.95,2,88683,80296,2465.55,304925,0.42
2021-06-16 14:34:52,2479.95,2,88684,80296,2465.55,304925,0.42
2021-06-16 14:34:54,2479.95,2,88734,80296,2465.55,304925,0.42
2021-06-16 14:34:55,2479.95,2,88734,80303,2465.55,304925,0.42
2021-06-16 14:34:56,2478.5,11,88670,80334,2465.55,304936,0.36
2021-06-16 14:34:57,2479.8,9,88670,80334,2465.55,304936,0.41
2021-06-16 14:34:58,2479.8,9,88649,80325,2465.55,304945,0.41
2021-06-16 14:34:58,2479.8,9,88676,80375,2465.55,304945,0.41
2021-06-16 14:35:01,2479.8,9,88673,80326,2465.55,304945,0.41
2021-06-16 14:35:03,2479.8,9,88673,80327,2465.55,304945,0.41
2021-06-16 14:35:06,2479.8,9,88123,80694,2465.55,304945,0.41
2021-06-16 14:35:06,2479.8,9,88203,80530,2465.55,304945,0.41
2021-06-16 14:35:09,2479.8,9,88171,80531,2465.55,304945,0.41
2021-06-16 14:35:10,2479.8,9,88184,80420,2465.55,304945,0.41
2021-06-16 14:35:11,2479.8,9,88374,80093,2465.55,304945,0.41
2021-06-16 14:35:13,2479.8,9,88320,80322,2465.55,304945,0.41
2021-06-16 14:35:13,2478.2,1,88320,80322,2465.55,304945,0.34
2021-06-16 14:35:15,2478.2,1,88316,80329,2465.55,304946,0.34
2021-06-16 14:35:16,2478.2,1,88311,80501,2465.55,304946,0.34
2021-06-16 14:35:17,2478.2,1,88302,80501,2465.55,304946,0.34
2021-06-16 14:35:18,2479.4,4,88307,80527,2465.55,304956,0.39
2021-06-16 14:35:19,2479.4,4,88307,80517,2465.55,304956,0.39
2021-06-16 14:35:20,2479.4,3,88307,80517,2465.55,304956,0.39
2021-06-16 14:35:21,2479.4,3,88300,80507,2465.55,304982,0.39
2021-06-16 14:35:24,2479.4,3,88300,80530,2465.55,304982,0.39
2021-06-16 14:35:25,2479.4,1,88295,80458,2465.55,305002,0.39
2021-06-16 14:35:26,2479.4,1,88305,80458,2465.55,305002,0.39
2021-06-16 14:35:27,2479.4,1,88367,80445,2465.55,305002,0.39
2021-06-16 14:35:30,2479.4,1,88364,80470,2465.55,305003,0.39
2021-06-16 14:35:31,2479.4,16,88710,80399,2465.56,305023,0.39
2021-06-16 14:35:32,2479.4,16,88678,80399,2465.56,305023,0.39
2021-06-16 14:35:33,2479.4,16,88678,80509,2465.56,305023,0.39
2021-06-16 14:35:34,2479.4,16,88679,80529,2465.56,305023,0.39
2021-06-16 14:35:35,2479.4,1,88679,80529,2465.56,305023,0.39
2021-06-16 14:35:36,2479.4,1,88679,80565,2465.56,305043,0.39
2021-06-16 14:35:37,2479.4,1,88706,80329,2465.56,305043,0.39
2021-06-16 14:35:38,2479.4,1,88649,80290,2465.56,305043,0.39
2021-06-16 14:35:39,2479.4,4,88723,80286,2465.56,305052,0.39
2021-06-16 14:35:40,2479.4,5,88854,80223,2465.56,305071,0.39
2021-06-16 14:35:41,2479.4,5,88445,79986,2465.56,305071,0.39
2021-06-16 14:35:43,2479.4,5,88845,80128,2465.56,305071,0.39
2021-06-16 14:35:44,2479.4,4,88845,80128,2465.56,305071,0.39
2021-06-16 14:35:45,2479.4,1,88710,80188,2465.56,305125,0.39
2021-06-16 14:35:47,2479.4,2,88708,80269,2465.56,305150,0.39
2021-06-16 14:35:48,2479.4,2,88708,80303,2465.56,305150,0.39
2021-06-16 14:35:49,2479.4,2,88708,80053,2465.56,305150,0.39
2021-06-16 14:35:50,2479.45,2,88705,79978,2465.56,305169,0.39
2021-06-16 14:35:51,2479.45,2,88705,79985,2465.56,305169,0.39
2021-06-16 14:35:52,2479.45,2,88705,79996,2465.56,305169,0.39
2021-06-16 14:35:54,2479.45,2,88705,79990,2465.56,305169,0.39
2021-06-16 14:35:55,2479.45,4,88705,79990,2465.56,305169,0.39
2021-06-16 14:35:56,2479.0,1,88710,79962,2465.56,305189,0.38
2021-06-16 14:35:57,2479.0,1,88674,80206,2465.56,305215,0.38
2021-06-16 14:35:58,2479.0,1,88647,80208,2465.56,305215,0.38
2021-06-16 14:35:58,2479.0,6,88647,80208,2465.56,305215,0.38
2021-06-16 14:35:59,2479.0,6,88638,80208,2465.56,305221,0.38
2021-06-16 14:36:00,2479.45,2,88605,80087,2465.57,305243,0.39
2021-06-16 14:36:01,2479.45,2,88611,80080,2465.57,305243,0.39
2021-06-16 14:36:03,2479.45,2,88644,80056,2465.57,305243,0.39
2021-06-16 14:36:03,2479.45,2,88638,80067,2465.57,305243,0.39
2021-06-16 14:36:04,2479.45,2,88638,80068,2465.57,305243,0.39
2021-06-16 14:36:05,2479.4,2,88656,80060,2465.57,305263,0.39
2021-06-16 14:36:06,2479.4,2,88726,80060,2465.57,305263,0.39
2021-06-16 14:36:07,2479.5,1,88857,79599,2465.57,305296,0.4
2021-06-16 14:36:09,2478.7,25,88817,80007,2465.57,305321,0.36
2021-06-16 14:36:10,2479.75,10,88817,80007,2465.57,305321,0.41
2021-06-16 14:36:10,2479.75,10,88796,79889,2465.57,305340,0.41
2021-06-16 14:36:11,2479.75,10,88804,79889,2465.57,305340,0.41
2021-06-16 14:36:12,2479.75,10,88804,79887,2465.57,305340,0.41
2021-06-16 14:36:13,2479.75,10,88804,79891,2465.57,305340,0.41
2021-06-16 14:36:15,2479.75,10,88804,79865,2465.57,305340,0.41
2021-06-16 14:36:15,2479.8,21,88804,79929,2465.57,305361,0.41
2021-06-16 14:36:17,2479.8,21,88805,79926,2465.57,305361,0.41
2021-06-16 14:36:18,2479.8,21,88772,79886,2465.57,305361,0.41
2021-06-16 14:36:20,2479.8,21,88772,79877,2465.57,305361,0.41
2021-06-16 14:36:21,2479.75,10,88771,79883,2465.57,305371,0.41
2021-06-16 14:36:22,2479.75,10,88745,79883,2465.57,305371,0.41
2021-06-16 14:36:24,2479.75,10,88770,79867,2465.57,305371,0.41
2021-06-16 14:36:25,2479.75,10,88788,79859,2465.57,305371,0.41
2021-06-16 14:36:26,2479.75,10,88788,79838,2465.57,305371,0.41
2021-06-16 14:36:27,2479.75,10,88789,79843,2465.57,305371,0.41
2021-06-16 14:36:28,2479.75,10,88789,79845,2465.57,305371,0.41
2021-06-16 14:36:31,2479.75,10,88764,79845,2465.57,305371,0.41
2021-06-16 14:36:32,2479.75,10,88888,79845,2465.57,305371,0.41
2021-06-16 14:36:33,2479.75,10,88947,79858,2465.57,305371,0.41
2021-06-16 14:36:34,2479.75,10,88944,79858,2465.57,305371,0.41
2021-06-16 14:36:35,2479.75,10,88957,79858,2465.57,305371,0.41
2021-06-16 14:36:36,2479.75,2,88957,79858,2465.57,305371,0.41
2021-06-16 14:36:38,2479.75,2,89397,79909,2465.57,305380,0.41
2021-06-16 14:36:40,2479.75,2,88997,79908,2465.57,305380,0.41
2021-06-16 14:36:42,2479.8,4,88947,79851,2465.57,305387,0.41
2021-06-16 14:36:44,2479.8,4,88947,79850,2465.57,305387,0.41
2021-06-16 14:36:45,2479.8,4,88927,79850,2465.57,305387,0.41
2021-06-16 14:36:47,2479.95,2,89115,79863,2465.57,305389,0.42
2021-06-16 14:36:48,2479.95,2,88815,79853,2465.57,305389,0.42
2021-06-16 14:36:50,2479.05,10,88807,79852,2465.57,305404,0.38
2021-06-16 14:36:51,2479.05,10,88808,79906,2465.57,305404,0.38
2021-06-16 14:36:51,2479.0,6,88837,79906,2465.57,305404,0.38
2021-06-16 14:36:52,2479.0,6,88831,79906,2465.57,305424,0.38
2021-06-16 14:36:54,2479.0,6,88831,79907,2465.57,305424,0.38
2021-06-16 14:36:54,2479.0,6,88800,79908,2465.57,305424,0.38
2021-06-16 14:36:55,2479.0,6,88800,79909,2465.57,305424,0.38
2021-06-16 14:36:56,2479.0,20,88800,79909,2465.57,305424,0.38
2021-06-16 14:36:57,2479.0,20,88638,79924,2465.57,305444,0.38
2021-06-16 14:36:57,2479.0,20,88738,79924,2465.57,305444,0.38
2021-06-16 14:36:58,2479.0,20,88767,79924,2465.57,305444,0.38
2021-06-16 14:36:59,2479.0,20,88768,79924,2465.57,305444,0.38
2021-06-16 14:37:00,2479.0,20,88768,79915,2465.57,305444,0.38
2021-06-16 14:37:01,2478.65,2,88768,79935,2465.58,305466,0.36
2021-06-16 14:37:02,2479.75,8,88768,79935,2465.58,305466,0.41
2021-06-16 14:37:03,2479.75,8,88893,79913,2465.58,305496,0.41
2021-06-16 14:37:03,2479.75,2,88793,79938,2465.58,305498,0.41
2021-06-16 14:37:04,2479.75,2,88810,79939,2465.58,305498,0.41
2021-06-16 14:37:05,2480.0,1,88810,79939,2465.58,305498,0.42
2021-06-16 14:37:06,2480.0,1,88842,79853,2465.58,305548,0.42
2021-06-16 14:37:06,2478.8,9,88842,79853,2465.58,305548,0.37
2021-06-16 14:37:09,2478.8,9,88876,79864,2465.58,305568,0.37
2021-06-16 14:37:10,2478.8,9,88905,79864,2465.58,305568,0.37
2021-06-16 14:37:11,2479.0,13,88905,79864,2465.58,305568,0.38
2021-06-16 14:37:12,2479.0,13,88880,79864,2465.58,305588,0.38
2021-06-16 14:37:14,2479.0,50,88880,79864,2465.58,305588,0.38
2021-06-16 14:37:15,2479.0,50,88936,79864,2465.58,305638,0.38
2021-06-16 14:37:15,2479.0,50,88985,79893,2465.58,305638,0.38
2021-06-16 14:37:16,2479.0,50,88985,79884,2465.58,305638,0.38
2021-06-16 14:37:17,2478.8,10,88985,79884,2465.58,305638,0.37
2021-06-16 14:37:18,2478.8,10,88984,79907,2465.58,305650,0.37
2021-06-16 14:37:19,2478.8,10,88969,79898,2465.58,305650,0.37
2021-06-16 14:37:19,2478.8,10,88970,79898,2465.58,305650,0.37
2021-06-16 14:37:21,2478.8,10,88998,79892,2465.58,305650,0.37
2021-06-16 14:37:22,2478.8,10,88949,79892,2465.58,305650,0.37
2021-06-16 14:37:24,2480.0,1,88649,79892,2465.58,305650,0.42
2021-06-16 14:37:25,2480.0,1,88513,79929,2465.58,305651,0.42
2021-06-16 14:37:27,2480.05,4,88520,79929,2465.58,305651,0.42
2021-06-16 14:37:27,2480.05,4,88441,79918,2465.58,305656,0.42
2021-06-16 14:37:29,2480.05,5,88441,79918,2465.58,305656,0.42
2021-06-16 14:37:31,2480.05,5,88479,79789,2465.58,305661,0.42
2021-06-16 14:37:34,2480.05,5,88479,79779,2465.58,305661,0.42
2021-06-16 14:37:34,2480.65,2,88479,79792,2465.58,305664,0.44
2021-06-16 14:37:37,2478.85,35,88479,79793,2465.58,305664,0.37
2021-06-16 14:37:37,2478.85,35,88442,79984,2465.59,305714,0.37
2021-06-16 14:37:40,2478.85,35,88471,79986,2465.59,305714,0.37
2021-06-16 14:37:41,2480.4,2,88472,80005,2465.59,305714,0.43
2021-06-16 14:37:42,2480.4,2,88496,80054,2465.59,305717,0.43
2021-06-16 14:37:44,2480.4,2,88496,80063,2465.59,305717,0.43
2021-06-16 14:37:48,2480.35,9,88495,80057,2465.59,305726,0.43
2021-06-16 14:37:49,2480.35,9,88495,80067,2465.59,305726,0.43
2021-06-16 14:37:49,2480.35,9,88495,80087,2465.59,305726,0.43
2021-06-16 14:37:51,2480.35,9,88510,80085,2465.59,305726,0.43
2021-06-16 14:37:52,2480.35,9,88539,80085,2465.59,305726,0.43
2021-06-16 14:37:54,2480.35,2,88544,80083,2465.59,305728,0.43
2021-06-16 14:37:54,2480.35,2,88545,80083,2465.59,305728,0.43
2021-06-16 14:37:57,2480.35,2,88569,80057,2465.59,305728,0.43
2021-06-16 14:38:01,2480.35,2,88569,80080,2465.59,305728,0.43
2021-06-16 14:38:01,2480.35,2,88570,80080,2465.59,305728,0.43
2021-06-16 14:38:03,2480.35,2,88547,80105,2465.59,305728,0.43
2021-06-16 14:38:04,2480.35,17,88585,79965,2465.59,305828,0.43
2021-06-16 14:38:06,2480.35,17,88592,79986,2465.59,305828,0.43
2021-06-16 14:38:06,2480.4,9,88591,79978,2465.59,305838,0.43
2021-06-16 14:38:07,2480.4,9,88614,79997,2465.59,305838,0.43
2021-06-16 14:38:08,2480.4,9,88620,79987,2465.59,305838,0.43
2021-06-16 14:38:09,2480.4,9,88620,79827,2465.59,305838,0.43
2021-06-16 14:38:10,2480.4,9,88620,79828,2465.59,305838,0.43
2021-06-16 14:38:12,2480.4,9,88569,79798,2465.59,305838,0.43
2021-06-16 14:38:13,2480.4,9,88591,79798,2465.59,305838,0.43
2021-06-16 14:38:14,2480.4,9,88586,79788,2465.59,305838,0.43
2021-06-16 14:38:16,2480.4,9,88586,79818,2465.59,305838,0.43
2021-06-16 14:38:17,2480.4,9,88586,79790,2465.59,305838,0.43
2021-06-16 14:38:18,2480.4,9,88526,79836,2465.59,305838,0.43
2021-06-16 14:38:25,2480.4,9,88527,79866,2465.59,305838,0.43
2021-06-16 14:38:26,2479.0,7,88539,79896,2465.6,305938,0.38
2021-06-16 14:38:27,2479.0,3,88582,79898,2465.6,305943,0.38
2021-06-16 14:38:27,2479.0,3,88626,79898,2465.6,305943,0.38
2021-06-16 14:38:28,2479.0,3,88826,79898,2465.6,305943,0.38
2021-06-16 14:38:30,2479.0,3,88825,79898,2465.6,305943,0.38
2021-06-16 14:38:31,2479.0,3,88824,79891,2465.6,305943,0.38
2021-06-16 14:38:31,2479.0,3,88780,79893,2465.6,305943,0.38
2021-06-16 14:38:33,2479.0,3,88824,79894,2465.6,305943,0.38
2021-06-16 14:38:34,2480.3,1,88780,79894,2465.6,305943,0.43
2021-06-16 14:38:34,2480.3,1,88780,79923,2465.6,305944,0.43
2021-06-16 14:38:36,2480.3,1,88780,79893,2465.6,305944,0.43
2021-06-16 14:38:37,2480.3,1,88758,79910,2465.6,305944,0.43
2021-06-16 14:38:38,2480.3,1,88828,79958,2465.6,305944,0.43
2021-06-16 14:38:39,2480.3,1,88828,79939,2465.6,305944,0.43
2021-06-16 14:38:40,2480.3,1,88807,79939,2465.6,305944,0.43
2021-06-16 14:38:42,2480.0,1,88807,79937,2465.6,305944,0.42
2021-06-16 14:38:42,2480.0,1,88831,79934,2465.6,305945,0.42
2021-06-16 14:38:43,2480.0,1,88832,79934,2465.6,305945,0.42
2021-06-16 14:38:44,2480.0,1,88860,79924,2465.6,305945,0.42
2021-06-16 14:38:45,2480.0,1,88827,79899,2465.6,305945,0.42
2021-06-16 14:38:47,2480.0,1,88913,79908,2465.6,305945,0.42
2021-06-16 14:38:48,2480.0,6,88977,79862,2465.6,305955,0.42
2021-06-16 14:38:51,2480.0,6,88947,79914,2465.6,305955,0.42
2021-06-16 14:38:54,2480.3,12,88964,79826,2465.6,306006,0.43
2021-06-16 14:38:55,2480.3,12,88964,79829,2465.6,306006,0.43
2021-06-16 14:38:57,2480.3,12,88964,79854,2465.6,306006,0.43
2021-06-16 14:39:01,2480.3,12,88994,79854,2465.6,306006,0.43
2021-06-16 14:39:04,2480.3,12,88994,79855,2465.6,306006,0.43
2021-06-16 14:39:06,2480.3,12,88995,79854,2465.6,306006,0.43
2021-06-16 14:39:09,2480.3,9,88995,79854,2465.6,306006,0.43
2021-06-16 14:39:10,2480.3,9,88924,79860,2465.6,306015,0.43
2021-06-16 14:39:16,2480.3,9,88911,79855,2465.6,306015,0.43
2021-06-16 14:39:19,2480.3,9,88931,80111,2465.6,306015,0.43
2021-06-16 14:39:19,2479.95,1,88931,80111,2465.6,306015,0.42
2021-06-16 14:39:21,2479.0,20,88931,80111,2465.6,306015,0.38
2021-06-16 14:39:22,2479.1,1,88901,80103,2465.6,306037,0.38
2021-06-16 14:39:25,2479.1,1,88901,80104,2465.6,306037,0.38
2021-06-16 14:39:27,2479.1,1,88776,80104,2465.6,306038,0.38
2021-06-16 14:39:29,2479.1,1,88776,80105,2465.6,306038,0.38
2021-06-16 14:39:30,2479.95,1,88776,80105,2465.6,306038,0.42
2021-06-16 14:39:32,2479.95,1,88757,80155,2465.6,306047,0.42
2021-06-16 14:39:34,2478.0,26,88757,80155,2465.6,306047,0.34
2021-06-16 14:39:34,2478.0,26,87518,80513,2465.62,306573,0.34
2021-06-16 14:39:36,2477.35,15,87518,80513,2465.62,306573,0.31
2021-06-16 14:39:37,2477.35,15,88131,80558,2465.62,306588,0.31
2021-06-16 14:39:40,2477.35,15,88107,80527,2465.62,306588,0.31
2021-06-16 14:39:43,2477.35,15,88159,80532,2465.62,306588,0.31
2021-06-16 14:39:45,2477.95,3,88159,80532,2465.62,306588,0.33
2021-06-16 14:39:46,2477.95,3,88671,80493,2465.63,306608,0.33
2021-06-16 14:39:48,2477.95,3,88272,80494,2465.63,306608,0.33
2021-06-16 14:39:51,2477.95,1,88365,80478,2465.63,306608,0.33
2021-06-16 14:39:56,2477.95,1,88380,80429,2465.63,306618,0.33
2021-06-16 14:39:57,2477.95,1,88379,80427,2465.63,306619,0.33
2021-06-16 14:39:58,2477.95,15,88379,80427,2465.63,306619,0.33
2021-06-16 14:39:59,2477.05,19,88379,80427,2465.63,306619,0.3
2021-06-16 14:40:00,2477.05,19,88350,80436,2465.63,306677,0.3
2021-06-16 14:40:02,2477.95,13,88350,80436,2465.63,306677,0.33
2021-06-16 14:40:03,2477.05,2,88350,80436,2465.63,306677,0.3
2021-06-16 14:40:03,2477.05,2,88383,80427,2465.63,306760,0.3
2021-06-16 14:40:09,2477.05,2,88495,80168,2465.63,306760,0.3
2021-06-16 14:40:10,2477.05,10,88495,80168,2465.63,306760,0.3
2021-06-16 14:40:12,2477.95,5,88456,80576,2465.63,306779,0.33
2021-06-16 14:40:15,2477.95,5,88456,80170,2465.63,306779,0.33
2021-06-16 14:40:18,2477.95,5,88453,80548,2465.63,306779,0.33
2021-06-16 14:40:23,2477.95,5,88453,80568,2465.63,306779,0.33
2021-06-16 14:40:26,2477.95,5,88826,80523,2465.63,306779,0.33
2021-06-16 14:40:28,2477.95,5,88826,80530,2465.63,306779,0.33
2021-06-16 14:40:30,2477.95,5,88831,80530,2465.63,306779,0.33
2021-06-16 14:40:31,2477.05,1,88831,80530,2465.63,306779,0.3
2021-06-16 14:40:33,2477.8,1,88583,80254,2465.63,306789,0.33
2021-06-16 14:40:38,2477.8,1,88583,80255,2465.63,306789,0.33
2021-06-16 14:40:41,2477.8,1,88567,80255,2465.63,306789,0.33
2021-06-16 14:40:48,2477.8,3,88567,80255,2465.63,306789,0.33
2021-06-16 14:40:48,2477.8,3,88578,80284,2465.63,306844,0.33
2021-06-16 14:40:51,2477.8,3,87213,80316,2465.63,306844,0.33
2021-06-16 14:40:54,2477.8,3,87292,80319,2465.63,306844,0.33
2021-06-16 14:40:55,2477.8,3,87509,80182,2465.63,306854,0.33
2021-06-16 14:40:56,2477.05,15,87509,80182,2465.63,306854,0.3
2021-06-16 14:40:58,2477.05,15,87608,80283,2465.64,306869,0.3
2021-06-16 14:41:01,2477.05,15,87618,80183,2465.64,306869,0.3
2021-06-16 14:41:04,2477.05,15,87357,80083,2465.64,306869,0.3
2021-06-16 14:41:06,2477.15,1,87357,80083,2465.64,306869,0.3
2021-06-16 14:41:07,2477.15,1,87352,80221,2465.64,306870,0.3
2021-06-16 14:41:08,2477.05,14,87352,80221,2465.64,306870,0.3
2021-06-16 14:41:09,2478.0,5,87352,80221,2465.64,306870,0.34
2021-06-16 14:41:10,2478.0,5,87389,80010,2465.64,306945,0.34
2021-06-16 14:41:15,2478.0,9,87389,80010,2465.64,306945,0.34
2021-06-16 14:41:16,2478.0,1,87374,80182,2465.64,306959,0.34
2021-06-16 14:41:18,2478.0,3,87374,80182,2465.64,306959,0.34
2021-06-16 14:41:19,2478.0,3,87376,80181,2465.64,306964,0.34
2021-06-16 14:41:21,2478.0,3,87372,80180,2465.64,306964,0.34
2021-06-16 14:41:24,2478.0,2,87373,80250,2465.64,306966,0.34
2021-06-16 14:41:25,2477.8,5,87373,80250,2465.64,306966,0.33
2021-06-16 14:41:25,2477.05,1,87373,80250,2465.64,306966,0.3
2021-06-16 14:41:26,2477.05,1,87297,80256,2465.64,306972,0.3
2021-06-16 14:41:32,2477.05,1,87817,80255,2465.64,306972,0.3
2021-06-16 14:41:33,2477.05,5,87817,80255,2465.64,306972,0.3
2021-06-16 14:41:35,2477.05,5,90367,80253,2465.64,306977,0.3
2021-06-16 14:41:36,2477.8,1,90367,80253,2465.64,306977,0.33
2021-06-16 14:41:37,2477.8,7,90367,80253,2465.64,306977,0.33
2021-06-16 14:41:39,2477.8,1,90391,80228,2465.64,306988,0.33
2021-06-16 14:41:43,2477.8,1,90391,80236,2465.64,306988,0.33
2021-06-16 14:41:46,2477.8,1,90413,80236,2465.64,306988,0.33
2021-06-16 14:41:47,2477.8,8,90413,80236,2465.64,306988,0.33
2021-06-16 14:41:48,2477.8,3,90413,80236,2465.64,306988,0.33
2021-06-16 14:41:51,2477.8,3,89995,80283,2465.64,306999,0.33
2021-06-16 14:41:52,2478.35,10,89995,80283,2465.64,306999,0.35
2021-06-16 14:41:54,2478.35,10,90397,80248,2465.64,307024,0.35
2021-06-16 14:41:57,2478.35,10,90389,80205,2465.64,307024,0.35
2021-06-16 14:41:57,2478.45,9,90389,80205,2465.64,307024,0.35
2021-06-16 14:42:00,2478.45,9,90388,80196,2465.64,307033,0.35
2021-06-16 14:42:06,2478.45,9,90388,80198,2465.64,307033,0.35
2021-06-16 14:42:10,2478.45,9,90389,80198,2465.64,307033,0.35
2021-06-16 14:42:13,2478.45,9,90374,80148,2465.64,307033,0.35
2021-06-16 14:42:15,2477.2,1,90374,80148,2465.64,307033,0.3
2021-06-16 14:42:16,2477.2,1,90561,80148,2465.64,307034,0.3
2021-06-16 14:42:18,2478.45,9,90561,80148,2465.64,307034,0.35
2021-06-16 14:42:19,2478.45,9,90453,80243,2465.64,307043,0.35
2021-06-16 14:42:25,2478.45,9,90446,80244,2465.64,307043,0.35
2021-06-16 14:42:28,2478.45,9,90438,80241,2465.64,307043,0.35
2021-06-16 14:42:28,2477.25,15,90438,80241,2465.64,307043,0.31
2021-06-16 14:42:31,2477.25,15,90411,80241,2465.64,307058,0.31
2021-06-16 14:42:31,2478.45,1,90411,80241,2465.64,307058,0.35
2021-06-16 14:42:33,2478.45,1,90411,80242,2465.64,307059,0.35
2021-06-16 14:42:36,2478.45,1,90412,80242,2465.64,307059,0.35
2021-06-16 14:42:39,2478.45,3,89819,80203,2465.64,307069,0.35
2021-06-16 14:42:42,2478.45,3,90219,80239,2465.64,307069,0.35
2021-06-16 14:42:45,2478.45,3,90219,80236,2465.64,307069,0.35
2021-06-16 14:42:48,2478.45,3,90330,80237,2465.64,307069,0.35
2021-06-16 14:42:50,2478.45,3,87825,80242,2465.64,307069,0.35
2021-06-16 14:42:52,2478.45,3,87835,80231,2465.64,307069,0.35
2021-06-16 14:42:53,2478.4,5,87835,80231,2465.64,307069,0.35
2021-06-16 14:42:55,2478.4,5,87906,80113,2465.65,307119,0.35
2021-06-16 14:42:58,2478.4,5,87936,80139,2465.65,307119,0.35
2021-06-16 14:43:00,2478.35,2,87936,80139,2465.65,307119,0.35
2021-06-16 14:43:01,2478.35,2,87995,80146,2465.65,307128,0.35
2021-06-16 14:43:05,2477.2,2,87995,80146,2465.65,307128,0.3
2021-06-16 14:43:07,2477.2,2,87965,80225,2465.65,307130,0.3
2021-06-16 14:43:09,2477.2,23,87965,80225,2465.65,307130,0.3
2021-06-16 14:43:10,2478.1,33,87761,80561,2465.65,307155,0.34
2021-06-16 14:43:13,2476.9,110,87761,80561,2465.65,307155,0.29
2021-06-16 14:43:13,2476.9,110,86970,80320,2465.68,308012,0.29
2021-06-16 14:43:16,2476.9,110,86967,80692,2465.68,308012,0.29
2021-06-16 14:43:19,2476.9,110,86999,80702,2465.68,308012,0.29
2021-06-16 14:43:21,2477.75,4,86999,80702,2465.68,308012,0.33
2021-06-16 14:43:22,2477.75,4,86998,80702,2465.68,308022,0.33
2021-06-16 14:43:24,2477.75,4,87059,80681,2465.68,308022,0.33
2021-06-16 14:43:31,2476.25,4,87059,80681,2465.68,308022,0.27
2021-06-16 14:43:34,2476.25,4,87204,80445,2465.68,308043,0.27
2021-06-16 14:43:37,2477.75,3,87182,80450,2465.68,308057,0.33
2021-06-16 14:43:40,2476.4,1,87182,80450,2465.68,308057,0.27
2021-06-16 14:43:40,2476.4,1,87165,80424,2465.68,308072,0.27
2021-06-16 14:43:42,2476.4,5,87165,80424,2465.68,308072,0.27
2021-06-16 14:43:43,2477.7,7,87181,80491,2465.68,308085,0.32
2021-06-16 14:43:48,2477.7,7,87134,80687,2465.68,308085,0.32
2021-06-16 14:43:51,2477.7,7,87209,80717,2465.68,308085,0.32
2021-06-16 14:43:54,2477.7,7,87186,80738,2465.68,308085,0.32
2021-06-16 14:43:56,2477.7,7,87238,80763,2465.68,308085,0.32
2021-06-16 14:43:58,2477.7,7,87257,80744,2465.68,308085,0.32
2021-06-16 14:44:00,2476.2,2,87257,80744,2465.68,308085,0.26
2021-06-16 14:44:01,2476.2,2,87167,80780,2465.68,308185,0.26
2021-06-16 14:44:04,2476.2,2,87167,80785,2465.68,308185,0.26
2021-06-16 14:44:06,2476.2,2,87136,80822,2465.68,308185,0.26
2021-06-16 14:44:09,2476.2,4,87646,80640,2465.68,308189,0.26
2021-06-16 14:44:12,2477.0,2,87646,80640,2465.68,308189,0.3
2021-06-16 14:44:13,2477.0,1,87674,80610,2465.69,308217,0.3
2021-06-16 14:44:15,2477.0,1,87674,80609,2465.69,308217,0.3
2021-06-16 14:44:18,2477.0,1,87698,80609,2465.69,308217,0.3
2021-06-16 14:44:21,2477.0,1,87699,80609,2465.69,308217,0.3
2021-06-16 14:44:23,2477.0,2,87699,80609,2465.69,308217,0.3
2021-06-16 14:44:24,2477.0,8,87683,80784,2465.69,308233,0.3
2021-06-16 14:44:30,2477.0,8,87567,80733,2465.69,308233,0.3
2021-06-16 14:44:33,2477.0,60,87567,80733,2465.69,308233,0.3
2021-06-16 14:44:34,2476.15,10,87567,80733,2465.69,308233,0.26
2021-06-16 14:44:35,2476.15,10,87479,80670,2465.69,308322,0.26
2021-06-16 14:44:38,2476.15,10,87295,80178,2465.69,308322,0.26
2021-06-16 14:44:41,2476.15,10,87297,80178,2465.69,308322,0.26
2021-06-16 14:44:42,2476.95,1,87297,80178,2465.69,308322,0.29
2021-06-16 14:44:43,2476.95,1,87422,80432,2465.69,308332,0.29
2021-06-16 14:44:45,2476.95,8,87422,80432,2465.69,308332,0.29
2021-06-16 14:44:49,2476.95,8,87549,80444,2465.69,308341,0.29
2021-06-16 14:44:51,2476.95,6,87549,80444,2465.69,308341,0.29
2021-06-16 14:44:51,2476.2,3,87549,80444,2465.69,308341,0.26
2021-06-16 14:44:52,2476.2,3,87516,80437,2465.69,308350,0.26
2021-06-16 14:44:55,2476.2,3,87516,80321,2465.69,308350,0.26
2021-06-16 14:45:01,2476.2,3,87518,80322,2465.69,308350,0.26
2021-06-16 14:45:03,2476.15,5,87518,80322,2465.69,308350,0.26
2021-06-16 14:45:03,2476.15,5,87255,80502,2465.69,308365,0.26
2021-06-16 14:45:07,2476.15,5,87481,80483,2465.69,308365,0.26
2021-06-16 14:45:10,2476.15,5,87481,80484,2465.69,308365,0.26
2021-06-16 14:45:13,2476.15,5,87481,80589,2465.69,308365,0.26
2021-06-16 14:45:16,2476.15,5,87547,80522,2465.69,308365,0.26
2021-06-16 14:45:19,2476.15,5,87485,80574,2465.69,308365,0.26
2021-06-16 14:45:20,2476.95,1,87485,80574,2465.69,308365,0.29
2021-06-16 14:45:22,2477.0,12,87576,79943,2465.69,308427,0.3
2021-06-16 14:45:24,2476.0,16,87576,79943,2465.69,308427,0.26
2021-06-16 14:45:25,2476.0,16,87456,80442,2465.7,308527,0.26
2021-06-16 14:45:29,2477.0,8,87441,80011,2465.7,308590,0.3
2021-06-16 14:45:31,2477.0,8,87641,80011,2465.7,308590,0.3
2021-06-16 14:45:34,2477.0,8,87555,79948,2465.7,308590,0.3
2021-06-16 14:45:38,2477.0,8,87555,79972,2465.7,308590,0.3
2021-06-16 14:45:41,2476.9,20,87555,79972,2465.7,308590,0.29
2021-06-16 14:45:43,2476.9,20,87500,80315,2465.7,308610,0.29
2021-06-16 14:45:46,2476.9,20,87500,80301,2465.7,308610,0.29
2021-06-16 14:45:48,2476.85,9,87500,80301,2465.7,308610,0.29
2021-06-16 14:45:49,2476.85,9,87495,80327,2465.7,308619,0.29
2021-06-16 14:45:52,2476.85,9,87495,80328,2465.7,308619,0.29
2021-06-16 14:45:56,2476.85,15,87485,80314,2465.7,308634,0.29
2021-06-16 14:45:58,2476.85,15,87485,80321,2465.7,308634,0.29
2021-06-16 14:46:00,2476.85,15,87485,80347,2465.7,308634,0.29
2021-06-16 14:46:01,2476.85,1,87485,80347,2465.7,308634,0.29
2021-06-16 14:46:03,2476.85,1,87486,80246,2465.7,308635,0.29
2021-06-16 14:46:04,2476.85,2,87486,80246,2465.7,308635,0.29
2021-06-16 14:46:06,2476.85,2,87488,80202,2465.7,308641,0.29
2021-06-16 14:46:09,2476.85,2,87488,80220,2465.7,308641,0.29
2021-06-16 14:46:09,2476.85,1,87488,80220,2465.7,308641,0.29
2021-06-16 14:46:11,2476.85,1,87467,80221,2465.7,308651,0.29
2021-06-16 14:46:13,2476.2,5,87467,80221,2465.7,308651,0.26
2021-06-16 14:46:14,2476.85,2,87469,80336,2465.7,308659,0.29
2021-06-16 14:46:16,2476.85,2,87860,80329,2465.7,308659,0.29
2021-06-16 14:46:19,2476.85,2,88116,80364,2465.7,308659,0.29
2021-06-16 14:46:20,2476.6,1,88116,80364,2465.7,308659,0.28
2021-06-16 14:46:21,2476.6,1,88116,80364,2465.7,308660,0.28
2021-06-16 14:46:24,2476.2,5,88116,80364,2465.7,308660,0.26
2021-06-16 14:46:26,2476.2,5,88112,80366,2465.7,308665,0.26
2021-06-16 14:46:28,2476.6,3,88112,80366,2465.7,308665,0.28
2021-06-16 14:46:29,2476.6,3,88113,80387,2465.7,308668,0.28
2021-06-16 14:46:30,2476.6,9,88113,80387,2465.7,308668,0.28
2021-06-16 14:46:32,2476.0,114,87913,80379,2465.71,308877,0.26
2021-06-16 14:46:33,2476.0,50,87913,80379,2465.71,308877,0.26
2021-06-16 14:46:37,2476.0,50,87858,80390,2465.71,308927,0.26
2021-06-16 14:46:39,2476.6,1,87858,80390,2465.71,308927,0.28
2021-06-16 14:46:40,2476.6,1,88254,80701,2465.71,308928,0.28
2021-06-16 14:46:41,2476.25,5,88254,80701,2465.71,308928,0.27
2021-06-16 14:46:43,2476.25,5,88255,80704,2465.71,308933,0.27
2021-06-16 14:46:44,2476.3,1,88255,80704,2465.71,308933,0.27
2021-06-16 14:46:45,2476.3,1,88254,80704,2465.71,308934,0.27
2021-06-16 14:46:48,2476.3,1,88265,80713,2465.71,308934,0.27
2021-06-16 14:46:51,2476.5,4,88320,80712,2465.71,308934,0.28
2021-06-16 14:46:54,2476.5,4,88364,80707,2465.71,308943,0.28
2021-06-16 14:46:56,2476.5,4,88364,80706,2465.71,308943,0.28
2021-06-16 14:46:58,2477.0,19,88364,80706,2465.71,308943,0.3
2021-06-16 14:46:59,2477.0,19,87593,79542,2465.72,309079,0.3
2021-06-16 14:47:01,2477.0,19,87583,79592,2465.72,309079,0.3
2021-06-16 14:47:03,2476.15,1,87583,79592,2465.72,309079,0.26
2021-06-16 14:47:04,2476.15,1,87582,79832,2465.72,309080,0.26
2021-06-16 14:47:06,2476.15,10,87582,79832,2465.72,309080,0.26
2021-06-16 14:47:07,2476.15,10,87572,79832,2465.72,309090,0.26
2021-06-16 14:47:09,2477.0,3,87572,79832,2465.72,309090,0.3
2021-06-16 14:47:10,2477.6,17,87216,79652,2465.72,309178,0.32
2021-06-16 14:47:12,2477.5,2,87216,79652,2465.72,309178,0.32
2021-06-16 14:47:13,2477.5,2,88427,79970,2465.72,309180,0.32
2021-06-16 14:47:17,2478.0,8,88892,79848,2465.72,309188,0.34
2021-06-16 14:47:20,2478.0,8,88995,79829,2465.72,309188,0.34
2021-06-16 14:47:24,2478.0,8,88995,79836,2465.72,309188,0.34
2021-06-16 14:47:27,2478.0,8,88994,79837,2465.72,309188,0.34
2021-06-16 14:47:30,2478.0,8,89010,79737,2465.72,309188,0.34
2021-06-16 14:47:33,2478.0,8,89010,79734,2465.72,309188,0.34
2021-06-16 14:47:33,2478.0,9,89010,79734,2465.72,309188,0.34
2021-06-16 14:47:36,2479.05,30,88719,78241,2465.74,309563,0.38
2021-06-16 14:47:37,2478.5,3,88719,78241,2465.74,309563,0.36
2021-06-16 14:47:39,2478.5,3,88546,79225,2465.74,309648,0.36
2021-06-16 14:47:41,2479.85,1,88546,79225,2465.74,309648,0.41
2021-06-16 14:47:42,2479.85,1,88525,79295,2465.74,309649,0.41
2021-06-16 14:47:44,2479.85,1,88525,79268,2465.74,309649,0.41
2021-06-16 14:47:49,2479.85,1,88512,78963,2465.74,309649,0.41
2021-06-16 14:47:50,2479.85,2,88512,78963,2465.74,309649,0.41
2021-06-16 14:47:51,2480.0,69,88512,78963,2465.74,309649,0.42
2021-06-16 14:47:52,2480.0,24,88262,79000,2465.75,309907,0.42
2021-06-16 14:47:53,2478.15,15,88262,79000,2465.75,309907,0.34
2021-06-16 14:47:55,2478.15,15,88250,78677,2465.75,309938,0.34
2021-06-16 14:47:58,2478.15,15,88271,78696,2465.75,309938,0.34
2021-06-16 14:48:01,2479.75,1,88282,79050,2465.75,309942,0.41
2021-06-16 14:48:04,2479.75,1,88326,79050,2465.75,309942,0.41
2021-06-16 14:48:07,2479.75,1,88336,79023,2465.75,309942,0.41
2021-06-16 14:48:10,2479.0,15,88336,79023,2465.75,309942,0.38
2021-06-16 14:48:10,2479.0,15,88258,79036,2465.75,309957,0.38
2021-06-16 14:48:12,2479.0,2,88258,79036,2465.75,309957,0.38
2021-06-16 14:48:13,2479.7,1,88256,79042,2465.75,309964,0.4
2021-06-16 14:48:15,2479.7,2,88256,79042,2465.75,309964,0.4
2021-06-16 14:48:16,2479.7,2,88255,79048,2465.75,309973,0.4
2021-06-16 14:48:16,2479.0,5,88255,79048,2465.75,309973,0.38
2021-06-16 14:48:18,2479.0,178,88255,79048,2465.75,309973,0.38
2021-06-16 14:48:19,2479.0,178,87999,79069,2465.76,310156,0.38
2021-06-16 14:48:20,2479.65,10,87999,79069,2465.76,310156,0.4
2021-06-16 14:48:23,2479.65,10,87971,78813,2465.76,310166,0.4
2021-06-16 14:48:26,2479.65,10,87999,78796,2465.76,310166,0.4
2021-06-16 14:48:29,2478.25,1,87999,78796,2465.76,310166,0.35
2021-06-16 14:48:30,2478.25,1,87970,78876,2465.76,310167,0.35
2021-06-16 14:48:31,2478.15,36,87970,78876,2465.76,310167,0.34
2021-06-16 14:48:33,2478.15,36,88120,78972,2465.76,310217,0.34
2021-06-16 14:48:35,2478.15,36,88040,78947,2465.76,310217,0.34
2021-06-16 14:48:36,2479.45,3,88040,78947,2465.76,310217,0.39
2021-06-16 14:48:41,2479.45,3,88101,78973,2465.76,310226,0.39
2021-06-16 14:48:43,2479.45,3,88101,78969,2465.76,310226,0.39
2021-06-16 14:48:46,2479.45,3,88101,78865,2465.76,310226,0.39
2021-06-16 14:48:49,2479.45,3,88174,79437,2465.76,310226,0.39
2021-06-16 14:48:52,2477.3,1,88174,79437,2465.76,310226,0.31
2021-06-16 14:48:54,2477.3,1,88246,79442,2465.77,310259,0.31
2021-06-16 14:48:57,2477.3,1,88245,79493,2465.77,310259,0.31
2021-06-16 14:48:57,2479.05,8,88245,79493,2465.77,310259,0.38
2021-06-16 14:48:58,2477.3,2,88245,79493,2465.77,310259,0.31
2021-06-16 14:49:00,2477.3,1,88147,79053,2465.77,310274,0.31
2021-06-16 14:49:03,2477.3,1,88147,79060,2465.77,310274,0.31
2021-06-16 14:49:06,2477.3,19,88147,79060,2465.77,310274,0.31
2021-06-16 14:49:06,2477.3,19,88536,79113,2465.77,310314,0.31
2021-06-16 14:49:09,2479.2,22,88536,79113,2465.77,310314,0.38
2021-06-16 14:49:09,2479.2,22,88463,78982,2465.78,310714,0.38
2021-06-16 14:49:10,2478.85,24,88463,78982,2465.78,310714,0.37
2021-06-16 14:49:12,2478.85,24,88462,78973,2465.79,310739,0.37
2021-06-16 14:49:13,2478.85,10,88462,78973,2465.79,310739,0.37
2021-06-16 14:49:15,2478.85,10,88491,78963,2465.79,310749,0.37
2021-06-16 14:49:18,2478.85,3,88500,78997,2465.79,310758,0.37
2021-06-16 14:49:21,2478.85,3,88435,78997,2465.79,310758,0.37
2021-06-16 14:49:23,2478.85,3,88435,78999,2465.79,310758,0.37
2021-06-16 14:49:24,2478.85,4,88435,78999,2465.79,310758,0.37
2021-06-16 14:49:26,2478.85,4,88465,79001,2465.79,310808,0.37
2021-06-16 14:49:29,2478.9,7,88451,78994,2465.79,310808,0.37
2021-06-16 14:49:32,2477.6,1,88489,78903,2465.79,310929,0.32
2021-06-16 14:49:34,2479.05,3,88915,78911,2465.79,310939,0.38
2021-06-16 14:49:37,2479.05,3,88886,78936,2465.79,310939,0.38
2021-06-16 14:49:39,2478.85,1,88886,78936,2465.79,310939,0.37
2021-06-16 14:49:43,2479.5,11,88027,78959,2465.8,310998,0.4
2021-06-16 14:49:45,2479.45,1,88027,78959,2465.8,310998,0.39
2021-06-16 14:49:46,2479.45,1,88022,79383,2465.8,310999,0.39
2021-06-16 14:49:49,2479.45,1,87986,79473,2465.8,310999,0.39
2021-06-16 14:49:52,2479.45,1,88014,79476,2465.8,310999,0.39
2021-06-16 14:49:54,2477.7,11,88014,79476,2465.8,310999,0.32
2021-06-16 14:49:55,2477.7,11,88261,79607,2465.8,311049,0.32
2021-06-16 14:49:57,2479.2,14,88261,79607,2465.8,311049,0.38
2021-06-16 14:49:58,2479.3,4,88345,79119,2465.8,311089,0.39
2021-06-16 14:50:00,2479.2,1,88345,79119,2465.8,311089,0.38
2021-06-16 14:50:03,2479.2,1,87827,79571,2465.8,311147,0.38
2021-06-16 14:50:04,2479.2,1,87822,78991,2465.8,311150,0.38
2021-06-16 14:50:07,2479.2,1,87822,78954,2465.8,311150,0.38
2021-06-16 14:50:09,2479.4,5,87822,78954,2465.8,311150,0.39
2021-06-16 14:50:10,2479.4,5,87844,78937,2465.8,311155,0.39
2021-06-16 14:50:12,2479.55,1,87844,78937,2465.8,311155,0.4
2021-06-16 14:50:13,2479.55,1,87850,78826,2465.8,311175,0.4
2021-06-16 14:50:17,2479.55,1,87927,78882,2465.8,311175,0.4
2021-06-16 14:50:18,2480.0,12,87927,78882,2465.8,311175,0.42
2021-06-16 14:50:20,2478.3,27,87930,78927,2465.81,311234,0.35
2021-06-16 14:50:21,2479.9,7,87930,78927,2465.81,311234,0.41
2021-06-16 14:50:24,2479.9,7,87991,79379,2465.81,311243,0.41
2021-06-16 14:50:25,2479.9,1,87991,79379,2465.81,311243,0.41
2021-06-16 14:50:30,2479.9,1,87991,79397,2465.81,311244,0.41
2021-06-16 14:50:33,2479.9,1,87991,79434,2465.81,311244,0.41
2021-06-16 14:50:36,2479.9,1,87991,79459,2465.81,311244,0.41
2021-06-16 14:50:39,2479.9,1,87992,79461,2465.81,311244,0.41
2021-06-16 14:50:42,2479.9,9,87991,79518,2465.81,311254,0.41
2021-06-16 14:50:45,2479.9,9,88205,79480,2465.81,311254,0.41
2021-06-16 14:50:48,2479.9,9,88205,79518,2465.81,311254,0.41
2021-06-16 14:50:51,2479.9,9,88210,79420,2465.81,311254,0.41
2021-06-16 14:50:55,2479.9,9,88101,79611,2465.81,311254,0.41
2021-06-16 14:50:58,2479.9,9,88102,79579,2465.81,311254,0.41
2021-06-16 14:51:03,2479.9,9,88102,79637,2465.81,311254,0.41
2021-06-16 14:51:03,2479.85,9,88102,79637,2465.81,311254,0.41
2021-06-16 14:51:06,2479.85,45,88102,79637,2465.81,311254,0.41
2021-06-16 14:51:06,2479.85,45,87701,79603,2465.81,311308,0.41
2021-06-16 14:51:07,2479.85,10,87701,79603,2465.81,311308,0.41
2021-06-16 14:51:09,2479.85,10,88032,79486,2465.81,311318,0.41
2021-06-16 14:51:12,2479.85,10,88063,79486,2465.81,311318,0.41
2021-06-16 14:51:15,2479.85,10,88067,79491,2465.81,311318,0.41
2021-06-16 14:51:16,2478.45,2,88067,79491,2465.81,311318,0.35
2021-06-16 14:51:21,2478.45,2,88333,79331,2465.81,311320,0.35
2021-06-16 14:51:24,2479.85,9,88333,79331,2465.81,311320,0.41
2021-06-16 14:51:25,2479.85,9,88332,79369,2465.81,311329,0.41
2021-06-16 14:51:28,2479.85,9,88332,79381,2465.81,311329,0.41
2021-06-16 14:51:30,2479.85,9,88332,79818,2465.81,311329,0.41
2021-06-16 14:51:33,2479.85,2,88332,79818,2465.81,311329,0.41
2021-06-16 14:51:34,2479.85,3,88332,79818,2465.81,311329,0.41
2021-06-16 14:51:35,2479.85,6,88332,79818,2465.81,311329,0.41
2021-06-16 14:51:36,2479.85,6,88196,79855,2465.82,311463,0.41
2021-06-16 14:51:40,2479.85,6,87891,80257,2465.82,311463,0.41
2021-06-16 14:51:43,2479.85,6,87884,79876,2465.82,311463,0.41
2021-06-16 14:51:45,2479.85,3,87884,79876,2465.82,311463,0.41
2021-06-16 14:51:46,2479.85,3,87883,79829,2465.82,311473,0.41
2021-06-16 14:51:49,2479.85,2,87883,79827,2465.82,311475,0.41
2021-06-16 14:51:52,2479.85,2,87883,79835,2465.82,311475,0.41
2021-06-16 14:51:55,2479.85,2,87880,79835,2465.82,311475,0.41
2021-06-16 14:51:58,2479.85,6,87880,79835,2465.82,311475,0.41
2021-06-16 14:51:58,2479.85,6,87880,79730,2465.82,311483,0.41
2021-06-16 14:52:01,2479.85,6,87886,79730,2465.82,311483,0.41
2021-06-16 14:52:04,2479.85,6,87890,79730,2465.82,311483,0.41
2021-06-16 14:52:05,2478.5,2,87890,79730,2465.82,311483,0.36
2021-06-16 14:52:07,2478.5,2,87918,79739,2465.82,311497,0.36
2021-06-16 14:52:11,2478.5,2,87917,79739,2465.82,311497,0.36
2021-06-16 14:52:14,2478.5,2,87917,79724,2465.82,311497,0.36
2021-06-16 14:52:17,2479.8,1,87881,79723,2465.82,311498,0.41
2021-06-16 14:52:18,2479.8,2,87881,79723,2465.82,311498,0.41
2021-06-16 14:52:20,2479.8,2,87881,79720,2465.82,311500,0.41
2021-06-16 14:52:24,2479.8,2,87854,79774,2465.82,311500,0.41
2021-06-16 14:52:25,2479.8,2,87855,79772,2465.82,311502,0.41
2021-06-16 14:52:26,2478.5,50,87855,79772,2465.82,311502,0.36
2021-06-16 14:52:27,2479.75,10,87855,79772,2465.82,311502,0.41
2021-06-16 14:52:28,2479.75,12,87855,79772,2465.82,311502,0.41
2021-06-16 14:52:28,2479.75,12,87801,79822,2465.82,311581,0.41
2021-06-16 14:52:31,2479.75,12,87801,79802,2465.82,311581,0.41
2021-06-16 14:52:32,2478.5,20,87801,79802,2465.82,311581,0.36
2021-06-16 14:52:35,2478.5,20,88195,79818,2465.82,311601,0.36
2021-06-16 14:52:38,2478.5,20,88195,79856,2465.82,311601,0.36
2021-06-16 14:52:40,2479.65,2,88195,79856,2465.82,311601,0.4
2021-06-16 14:52:41,2479.65,2,88161,79839,2465.82,311603,0.4
2021-06-16 14:52:45,2479.65,2,88182,79839,2465.82,311603,0.4
2021-06-16 14:52:48,2479.6,9,88567,79744,2465.82,311612,0.4
2021-06-16 14:52:51,2479.6,9,87940,79717,2465.82,311612,0.4
2021-06-16 14:52:52,2479.6,19,87940,79717,2465.82,311612,0.4
2021-06-16 14:52:54,2479.6,19,88431,79776,2465.83,311712,0.4
2021-06-16 14:52:54,2479.0,43,88431,79776,2465.83,311712,0.38
2021-06-16 14:52:57,2479.0,43,87985,79705,2465.83,311755,0.38
2021-06-16 14:53:00,2479.0,43,87985,79696,2465.83,311755,0.38
2021-06-16 14:53:03,2479.0,43,88015,79696,2465.83,311755,0.38
2021-06-16 14:53:06,2479.0,43,88016,79729,2465.83,311755,0.38
2021-06-16 14:53:09,2479.45,2,88016,79686,2465.83,311755,0.39
2021-06-16 14:53:12,2479.45,2,88015,79651,2465.83,311764,0.39
2021-06-16 14:53:15,2479.45,2,88015,79650,2465.83,311764,0.39
2021-06-16 14:53:18,2478.5,9,88015,79650,2465.83,311764,0.36
2021-06-16 14:53:18,2478.5,9,88004,79652,2465.83,311777,0.36
2021-06-16 14:53:21,2479.45,4,88004,79652,2465.83,311777,0.39
2021-06-16 14:53:21,2479.45,4,88004,79649,2465.83,311827,0.39
2021-06-16 14:53:24,2479.45,1,88004,79649,2465.83,311827,0.39
2021-06-16 14:53:25,2479.45,1,88003,79649,2465.83,311881,0.39
2021-06-16 14:53:30,2479.45,1,87993,79696,2465.83,311886,0.39
2021-06-16 14:53:31,2479.45,1,88012,79699,2465.84,311896,0.39
2021-06-16 14:53:34,2479.45,1,88010,79678,2465.84,311896,0.39
2021-06-16 14:53:35,2478.5,1,88010,79678,2465.84,311896,0.36
2021-06-16 14:53:37,2478.5,1,88364,79714,2465.84,311897,0.36
2021-06-16 14:53:37,2479.0,1,88364,79714,2465.84,311897,0.38
2021-06-16 14:53:40,2479.0,1,88335,79713,2465.84,311898,0.38
2021-06-16 14:53:43,2479.0,1,88337,79715,2465.84,311898,0.38
2021-06-16 14:53:43,2478.0,29,88337,79715,2465.84,311898,0.34
2021-06-16 14:53:46,2478.0,29,88297,79797,2465.84,311963,0.34
2021-06-16 14:53:49,2478.0,29,88360,79806,2465.84,311963,0.34
2021-06-16 14:53:51,2478.95,1,88360,79806,2465.84,311963,0.37
2021-06-16 14:53:52,2478.95,1,88342,79777,2465.84,311972,0.37
2021-06-16 14:53:54,2478.0,20,88342,79777,2465.84,311972,0.34
2021-06-16 14:53:55,2478.0,20,87468,79795,2465.84,311992,0.34
2021-06-16 14:54:01,2478.0,20,88122,79782,2465.84,311992,0.34
2021-06-16 14:54:07,2478.0,20,88132,79791,2465.84,311992,0.34
2021-06-16 14:54:10,2478.0,12,88132,79791,2465.84,311992,0.34
2021-06-16 14:54:10,2478.0,12,88089,79841,2465.84,312017,0.34
2021-06-16 14:54:17,2478.0,12,88119,79879,2465.84,312017,0.34
2021-06-16 14:54:19,2478.0,5,88119,79879,2465.84,312017,0.34
2021-06-16 14:54:20,2478.0,5,88114,79853,2465.84,312022,0.34
2021-06-16 14:54:26,2478.0,5,88204,79857,2465.84,312022,0.34
2021-06-16 14:54:28,2478.0,6,88204,79857,2465.84,312022,0.34
2021-06-16 14:54:29,2478.0,6,88199,79862,2465.84,312028,0.34
2021-06-16 14:54:31,2478.0,25,88199,79862,2465.84,312028,0.34
2021-06-16 14:54:31,2478.0,25,88174,79837,2465.84,312053,0.34
2021-06-16 14:54:33,2478.85,7,88174,79837,2465.84,312053,0.37
2021-06-16 14:54:34,2478.0,2,88174,79837,2465.84,312053,0.34
2021-06-16 14:54:34,2478.0,2,88158,79830,2465.84,312066,0.34
2021-06-16 14:54:37,2478.0,25,88133,79866,2465.84,312091,0.34
2021-06-16 14:54:40,2478.0,25,88136,79847,2465.84,312091,0.34
2021-06-16 14:54:42,2478.0,49,88136,79847,2465.84,312091,0.34
2021-06-16 14:54:42,2478.8,3,88136,79847,2465.84,312091,0.37
2021-06-16 14:54:43,2478.8,3,88087,79763,2465.85,312241,0.37
2021-06-16 14:54:46,2478.8,3,88092,79769,2465.85,312241,0.37
2021-06-16 14:54:49,2478.8,3,88093,79768,2465.85,312241,0.37
2021-06-16 14:54:50,2478.8,2,88093,79768,2465.85,312241,0.37
2021-06-16 14:54:52,2478.8,2,88093,79767,2465.85,312243,0.37
2021-06-16 14:54:54,2478.8,7,88093,79767,2465.85,312243,0.37
2021-06-16 14:54:55,2478.8,7,88061,79765,2465.85,312252,0.37
2021-06-16 14:54:58,2478.8,7,88041,79765,2465.85,312252,0.37
2021-06-16 14:55:04,2478.0,10,88041,79765,2465.85,312252,0.34
2021-06-16 14:55:05,2478.0,10,88047,79786,2465.85,312262,0.34
2021-06-16 14:55:06,2478.8,1,88047,79786,2465.85,312262,0.37
2021-06-16 14:55:08,2478.8,1,88032,79388,2465.85,312263,0.37
2021-06-16 14:55:12,2478.8,1,88033,79388,2465.85,312263,0.37
2021-06-16 14:55:12,2478.0,2,88033,79388,2465.85,312263,0.34
2021-06-16 14:55:13,2477.4,75,88033,79388,2465.85,312263,0.31
2021-06-16 14:55:15,2477.4,75,86206,80753,2465.87,312684,0.31
2021-06-16 14:55:18,2477.75,18,86215,80607,2465.87,312784,0.33
2021-06-16 14:55:21,2477.75,18,86289,80535,2465.87,312784,0.33
2021-06-16 14:55:24,2476.35,19,86220,80462,2465.87,312834,0.27
2021-06-16 14:55:24,2477.75,4,86220,80462,2465.87,312834,0.33
2021-06-16 14:55:27,2477.75,4,86242,80464,2465.87,312894,0.33
2021-06-16 14:55:30,2477.75,4,86381,80513,2465.87,312894,0.33
2021-06-16 14:55:33,2477.75,4,86382,80511,2465.87,312894,0.33
2021-06-16 14:55:36,2477.75,4,86302,80511,2465.87,312894,0.33
2021-06-16 14:55:36,2477.7,9,86302,80511,2465.87,312894,0.32
2021-06-16 14:55:37,2477.7,1,86302,80511,2465.87,312894,0.32
2021-06-16 14:55:38,2478.95,135,86302,80511,2465.87,312894,0.37
2021-06-16 14:55:39,2478.95,135,86424,80668,2465.9,313618,0.37
2021-06-16 14:55:42,2478.95,135,86375,80732,2465.9,313618,0.37
2021-06-16 14:55:43,2476.9,17,86375,80732,2465.9,313618,0.29
2021-06-16 14:55:45,2476.9,17,86335,80810,2465.9,313643,0.29
2021-06-16 14:55:48,2476.9,17,86355,80833,2465.9,313643,0.29
2021-06-16 14:55:49,2478.65,31,86355,80833,2465.9,313643,0.36
2021-06-16 14:55:51,2478.65,31,86255,80795,2465.91,313758,0.36
2021-06-16 14:55:54,2478.65,1,86255,80795,2465.91,313758,0.36
2021-06-16 14:55:55,2478.65,1,86271,80772,2465.91,313768,0.36
2021-06-16 14:55:56,2476.9,6,86271,80772,2465.91,313768,0.29
2021-06-16 14:55:57,2476.9,3,86271,80772,2465.91,313768,0.29
2021-06-16 14:55:58,2478.7,20,86271,80772,2465.91,313768,0.36
2021-06-16 14:55:58,2478.7,20,86328,80664,2465.92,313998,0.36
2021-06-16 14:56:01,2477.9,33,86328,80664,2465.92,313998,0.33
2021-06-16 14:56:01,2477.9,33,86238,79808,2465.92,314031,0.33
2021-06-16 14:56:05,2477.9,33,86648,79816,2465.92,314031,0.33
2021-06-16 14:56:08,2477.9,33,86648,79792,2465.92,314031,0.33
2021-06-16 14:56:12,2477.9,33,86649,79778,2465.92,314031,0.33
2021-06-16 14:56:15,2477.9,33,86982,79887,2465.92,314031,0.33
2021-06-16 14:56:17,2477.15,6,86982,79887,2465.92,314031,0.3
2021-06-16 14:56:18,2477.15,6,86352,79999,2465.92,314051,0.3
2021-06-16 14:56:21,2477.15,6,86370,80034,2465.92,314051,0.3
2021-06-16 14:56:22,2477.05,5,86370,80034,2465.92,314051,0.3
2021-06-16 14:56:24,2477.05,5,86365,80036,2465.92,314056,0.3
2021-06-16 14:56:27,2477.05,5,86361,80053,2465.92,314056,0.3
2021-06-16 14:56:29,2477.05,5,86236,80043,2465.92,314056,0.3
2021-06-16 14:56:32,2477.05,5,86159,80257,2465.92,314056,0.3
2021-06-16 14:56:36,2477.05,5,86198,80257,2465.92,314056,0.3
2021-06-16 14:56:36,2476.9,20,86198,80257,2465.92,314056,0.29
2021-06-16 14:56:39,2476.9,20,86448,79838,2465.92,314097,0.29
2021-06-16 14:56:41,2477.0,15,86448,79838,2465.92,314097,0.3
2021-06-16 14:56:42,2477.0,15,86447,80211,2465.92,314112,0.3
2021-06-16 14:56:44,2476.1,29,86447,80211,2465.92,314112,0.26
2021-06-16 14:56:45,2476.1,29,87689,79693,2465.93,314312,0.26
2021-06-16 14:56:47,2476.1,29,86092,79261,2465.93,314312,0.26
2021-06-16 14:56:49,2476.1,29,86381,79733,2465.93,314312,0.26
2021-06-16 14:56:52,2476.1,29,86381,79775,2465.93,314312,0.26
2021-06-16 14:56:55,2476.1,29,86776,79771,2465.93,314312,0.26
2021-06-16 14:56:58,2476.1,29,87667,79763,2465.93,314312,0.26
2021-06-16 14:57:00,2478.7,23,87667,79763,2465.93,314312,0.36
2021-06-16 14:57:02,2478.65,3,86374,80544,2465.94,314612,0.36
2021-06-16 14:57:05,2478.6,4,86397,79755,2465.94,314683,0.36
2021-06-16 14:57:09,2478.6,4,86441,79766,2465.94,314683,0.36
2021-06-16 14:57:12,2478.5,4,86441,79766,2465.94,314683,0.36
2021-06-16 14:57:15,2478.5,4,86449,79870,2465.94,314687,0.36
2021-06-16 14:57:18,2478.5,4,86293,79943,2465.94,314687,0.36
2021-06-16 14:57:19,2478.45,25,86293,79943,2465.94,314687,0.35
2021-06-16 14:57:21,2478.45,9,86264,79936,2465.94,314721,0.35
2021-06-16 14:57:24,2478.45,9,86216,79994,2465.94,314721,0.35
2021-06-16 14:57:27,2478.45,9,86216,80004,2465.94,314721,0.35
2021-06-16 14:57:30,2478.45,9,86330,80413,2465.94,314721,0.35
2021-06-16 14:57:33,2478.0,15,86350,80384,2465.94,314721,0.34
2021-06-16 14:57:36,2478.0,15,86083,80375,2465.94,314736,0.34
2021-06-16 14:57:38,2478.0,15,86345,80144,2465.94,314736,0.34
2021-06-16 14:57:41,2478.0,15,86345,80591,2465.94,314736,0.34
2021-06-16 14:57:42,2478.0,9,86345,80591,2465.94,314736,0.34
2021-06-16 14:57:43,2477.0,1,86345,80591,2465.94,314736,0.3
2021-06-16 14:57:44,2477.0,1,86319,80659,2465.94,314746,0.3
2021-06-16 14:57:46,2477.0,1,86319,80739,2465.94,314746,0.3
2021-06-16 14:57:49,2477.0,1,86480,80335,2465.94,314746,0.3
2021-06-16 14:57:52,2477.0,1,86448,80334,2465.94,314746,0.3
2021-06-16 14:57:59,2477.0,1,86559,80242,2465.94,314746,0.3
2021-06-16 14:58:00,2477.0,1,86571,80242,2465.94,314746,0.3
2021-06-16 14:58:03,2477.0,1,86579,80259,2465.94,314746,0.3
2021-06-16 14:58:03,2478.0,1,86579,80259,2465.94,314746,0.34
2021-06-16 14:58:06,2478.0,1,86578,80214,2465.95,314756,0.34
2021-06-16 14:58:07,2477.05,9,86578,80214,2465.95,314756,0.3
2021-06-16 14:58:09,2477.05,9,86536,80199,2465.95,314786,0.3
2021-06-16 14:58:10,2477.1,2,86536,80199,2465.95,314786,0.3
2021-06-16 14:58:10,2477.1,4,86536,80199,2465.95,314786,0.3
2021-06-16 14:58:12,2477.1,4,87322,80231,2465.95,314792,0.3
2021-06-16 14:58:13,2477.05,17,87322,80231,2465.95,314792,0.3
2021-06-16 14:58:14,2477.05,1,87322,80231,2465.95,314792,0.3
2021-06-16 14:58:16,2477.05,1,87304,80319,2465.95,314810,0.3
2021-06-16 14:58:18,2477.05,1,87271,80304,2465.95,314810,0.3
2021-06-16 14:58:22,2477.05,1,87267,80745,2465.95,314810,0.3
2021-06-16 14:58:24,2477.1,9,87266,80772,2465.95,314819,0.3
2021-06-16 14:58:27,2477.05,17,87266,80772,2465.95,314819,0.3
2021-06-16 14:58:30,2477.05,17,87252,80764,2465.95,314836,0.3
2021-06-16 14:58:33,2477.0,142,87053,80742,2465.96,315035,0.3
2021-06-16 14:58:34,2477.0,37,87053,80742,2465.96,315035,0.3
2021-06-16 14:58:35,2477.1,11,87053,80742,2465.96,315035,0.3
2021-06-16 14:58:36,2476.4,64,87061,80533,2465.96,315222,0.27
2021-06-16 14:58:38,2477.1,5,87061,80533,2465.96,315222,0.3
2021-06-16 14:58:40,2477.1,5,87029,80164,2465.96,315227,0.3
2021-06-16 14:58:43,2477.1,5,87030,80173,2465.96,315227,0.3
2021-06-16 14:58:45,2477.1,4,87030,80173,2465.96,315227,0.3
2021-06-16 14:58:46,2477.1,1,87033,80161,2465.96,315237,0.3
2021-06-16 14:58:49,2476.4,1,87033,80161,2465.96,315237,0.27
2021-06-16 14:58:50,2476.4,1,87029,80161,2465.96,315242,0.27
2021-06-16 14:58:53,2476.4,1,87029,80179,2465.96,315242,0.27
2021-06-16 14:58:56,2476.4,1,87030,80179,2465.96,315242,0.27
2021-06-16 14:59:00,2476.4,1,87022,80610,2465.96,315242,0.27
2021-06-16 14:59:01,2476.4,4,87022,80610,2465.96,315242,0.27
2021-06-16 14:59:03,2476.4,4,87019,80215,2465.96,315246,0.27
2021-06-16 14:59:07,2476.15,13,87008,80528,2465.97,315326,0.26
2021-06-16 14:59:10,2476.15,13,86998,80572,2465.97,315326,0.26
2021-06-16 14:59:13,2476.15,13,86786,80224,2465.97,315326,0.26
2021-06-16 14:59:16,2476.15,13,87614,80224,2465.97,315326,0.26
2021-06-16 14:59:19,2476.15,13,87614,80248,2465.97,315326,0.26
2021-06-16 14:59:22,2476.15,13,87643,80248,2465.97,315326,0.26
2021-06-16 14:59:25,2477.1,6,87643,80248,2465.97,315326,0.3
2021-06-16 14:59:25,2477.1,6,87652,80288,2465.97,315366,0.3
2021-06-16 14:59:27,2476.15,17,87652,80288,2465.97,315366,0.26
2021-06-16 14:59:28,2476.05,24,87616,79845,2465.97,315418,0.26
2021-06-16 14:59:29,2476.15,10,87616,79845,2465.97,315418,0.26
2021-06-16 14:59:31,2476.15,10,87434,79848,2465.97,315518,0.26
2021-06-16 14:59:35,2476.1,1,87017,79848,2465.97,315518,0.26
2021-06-16 14:59:36,2476.1,4,87017,79848,2465.97,315518,0.26
2021-06-16 14:59:38,2476.1,4,87412,79848,2465.97,315523,0.26
2021-06-16 14:59:41,2476.1,4,87394,79849,2465.97,315523,0.26
2021-06-16 14:59:45,2476.0,93,87133,79884,2465.98,315798,0.26
2021-06-16 14:59:48,2476.0,93,86742,79968,2465.98,315798,0.26
2021-06-16 14:59:52,2476.0,93,85632,80377,2465.98,315798,0.26
2021-06-16 14:59:56,2477.1,1,85622,80513,2465.98,315798,0.3
2021-06-16 14:59:57,2477.15,15,85622,80513,2465.98,315798,0.3
2021-06-16 14:59:59,2477.15,15,85290,80043,2465.99,315999,0.3
2021-06-16 15:00:01,2477.0,9,85290,80043,2465.99,315999,0.3
2021-06-16 15:00:02,2477.0,1,85290,80043,2465.99,315999,0.3
2021-06-16 15:00:03,2477.0,1,85336,80065,2465.99,316059,0.3
2021-06-16 15:00:04,2477.15,4,85336,80065,2465.99,316059,0.3
2021-06-16 15:00:06,2477.15,4,84995,79972,2466.0,316499,0.3
2021-06-16 15:00:08,2477.4,3,84995,79972,2466.0,316499,0.31
2021-06-16 15:00:09,2477.25,9,84995,79972,2466.0,316499,0.31
2021-06-16 15:00:10,2477.25,9,84992,80395,2466.01,316541,0.31
2021-06-16 15:00:11,2477.5,1,84992,80395,2466.01,316541,0.32
2021-06-16 15:00:13,2477.5,1,85163,80393,2466.01,316607,0.32
2021-06-16 15:00:16,2477.95,5,85163,80393,2466.01,316607,0.33
2021-06-16 15:00:17,2477.95,5,84922,80813,2466.01,316657,0.33
2021-06-16 15:00:18,2476.7,5,84922,80813,2466.01,316657,0.28
2021-06-16 15:00:19,2477.55,7,84922,80813,2466.01,316657,0.32
2021-06-16 15:00:21,2477.55,7,84952,80687,2466.01,316669,0.32
2021-06-16 15:00:25,2476.85,6,84996,80161,2466.01,316689,0.29
2021-06-16 15:00:26,2478.35,4,84996,80161,2466.01,316689,0.35
2021-06-16 15:00:28,2478.35,4,86927,80502,2466.01,316712,0.35
2021-06-16 15:00:29,2476.85,1,86927,80502,2466.01,316712,0.29
2021-06-16 15:00:30,2478.35,8,86927,80502,2466.01,316712,0.35
2021-06-16 15:00:31,2477.1,3,86927,80502,2466.01,316712,0.3
2021-06-16 15:00:32,2478.45,4,86968,80502,2466.01,316741,0.35
2021-06-16 15:00:36,2478.45,4,87006,79913,2466.01,316741,0.35
2021-06-16 15:00:37,2477.65,26,87006,79913,2466.01,316741,0.32
2021-06-16 15:00:39,2477.05,5,87006,79913,2466.01,316741,0.3
2021-06-16 15:00:39,2477.05,5,86882,80427,2466.01,316772,0.3
2021-06-16 15:00:43,2477.05,5,86939,80390,2466.01,316772,0.3
2021-06-16 15:00:47,2477.0,1,86939,80390,2466.01,316772,0.3
2021-06-16 15:00:50,2477.0,1,86915,80390,2466.01,316774,0.3
2021-06-16 15:00:51,2477.9,7,86901,80348,2466.02,316844,0.33
2021-06-16 15:00:52,2478.05,1,86901,80348,2466.02,316844,0.34
2021-06-16 15:00:55,2478.0,2,86816,80202,2466.02,316866,0.34
2021-06-16 15:00:59,2478.0,2,86798,80180,2466.02,316896,0.34
2021-06-16 15:01:00,2477.0,4,86798,80180,2466.02,316896,0.3
2021-06-16 15:01:01,2477.9,6,86798,80180,2466.02,316896,0.33
2021-06-16 15:01:02,2477.9,6,86803,80192,2466.02,316921,0.33
2021-06-16 15:01:06,2474.2,1,86803,80192,2466.02,316921,0.18
2021-06-16 15:01:06,2474.2,1,84532,81366,2466.05,318037,0.18
2021-06-16 15:01:10,2473.05,1,84667,81656,2466.05,318047,0.14
2021-06-16 15:01:12,2472.9,11,84667,81656,2466.05,318047,0.13
2021-06-16 15:01:13,2472.9,11,84834,82124,2466.05,318066,0.13
2021-06-16 15:01:15,2472.7,19,84834,82124,2466.05,318066,0.12
2021-06-16 15:01:16,2472.7,25,84834,82124,2466.05,318066,0.12
2021-06-16 15:01:17,2472.7,4,84834,82124,2466.05,318066,0.12
2021-06-16 15:01:18,2472.7,4,84479,81554,2466.06,318114,0.12
2021-06-16 15:01:18,2472.7,2,84479,81554,2466.06,318114,0.12
2021-06-16 15:01:21,2472.7,2,85187,81581,2466.06,318116,0.12
2021-06-16 15:01:24,2472.7,54,85187,81581,2466.06,318116,0.12
2021-06-16 15:01:25,2472.7,54,84780,81626,2466.06,318383,0.12
2021-06-16 15:01:26,2473.55,29,84780,81626,2466.06,318383,0.16
2021-06-16 15:01:27,2472.7,16,84780,81626,2466.06,318383,0.12
2021-06-16 15:01:29,2472.7,16,84548,81730,2466.06,318540,0.12
2021-06-16 15:01:30,2472.7,8,84548,81730,2466.06,318540,0.12
2021-06-16 15:01:32,2472.6,6,84548,81730,2466.06,318540,0.12
2021-06-16 15:01:33,2473.8,1,84377,81515,2466.07,318669,0.17
2021-06-16 15:01:37,2471.95,29,84283,81838,2466.07,318731,0.09
2021-06-16 15:01:40,2471.95,29,84271,81753,2466.07,318731,0.09
2021-06-16 15:01:43,2472.7,15,84271,81753,2466.07,318731,0.12
2021-06-16 15:01:43,2472.7,15,84275,81750,2466.07,318756,0.12
2021-06-16 15:01:44,2473.0,1,84275,81750,2466.07,318756,0.13
2021-06-16 15:01:46,2473.05,4,84275,81750,2466.07,318756,0.14
2021-06-16 15:01:46,2473.05,4,84253,81790,2466.07,318792,0.14
2021-06-16 15:01:49,2471.95,5,84253,81790,2466.07,318792,0.09
2021-06-16 15:01:50,2471.95,5,84083,81845,2466.07,318797,0.09
2021-06-16 15:01:52,2472.0,7,84083,81845,2466.07,318797,0.09
2021-06-16 15:01:53,2472.0,1,84083,81845,2466.07,318797,0.09
2021-06-16 15:01:54,2472.45,3,84488,81468,2466.07,318820,0.11
2021-06-16 15:01:54,2472.0,5,84488,81468,2466.07,318820,0.09
2021-06-16 15:01:56,2472.8,2,84488,81468,2466.07,318820,0.13
2021-06-16 15:01:57,2472.8,2,84088,81517,2466.07,318830,0.13
2021-06-16 15:01:58,2472.65,1,84088,81517,2466.07,318830,0.12
2021-06-16 15:01:59,2472.7,5,84088,81517,2466.07,318830,0.12
2021-06-16 15:02:01,2472.7,5,84142,81550,2466.07,318836,0.12
2021-06-16 15:02:03,2472.7,1,84142,81550,2466.07,318836,0.12
2021-06-16 15:02:04,2472.0,3,84142,81550,2466.07,318836,0.09
2021-06-16 15:02:05,2472.0,3,84138,81671,2466.07,318927,0.09
2021-06-16 15:02:08,2472.0,3,84138,81374,2466.07,318927,0.09
2021-06-16 15:02:09,2472.7,1,84138,81374,2466.07,318927,0.12
2021-06-16 15:02:10,2471.95,6,84138,81374,2466.07,318927,0.09
2021-06-16 15:02:12,2471.95,6,83798,81887,2466.07,318971,0.09
2021-06-16 15:02:15,2471.05,50,84327,81870,2466.07,318971,0.05
2021-06-16 15:02:16,2472.2,3,84327,81870,2466.07,318971,0.1
2021-06-16 15:02:18,2472.2,3,83827,81556,2466.08,319648,0.1
2021-06-16 15:02:21,2472.2,3,83856,81653,2466.08,319648,0.1
2021-06-16 15:02:25,2472.2,3,83852,81655,2466.08,319648,0.1
2021-06-16 15:02:25,2471.95,1,83852,81655,2466.08,319648,0.09
2021-06-16 15:02:26,2471.9,20,83852,81655,2466.08,319648,0.09
2021-06-16 15:02:27,2471.05,10,83852,81655,2466.08,319648,0.05
2021-06-16 15:02:28,2471.9,5,83852,81655,2466.08,319648,0.09
2021-06-16 15:02:29,2471.9,51,83852,81647,2466.09,319759,0.09
2021-06-16 15:02:32,2471.9,51,83863,81670,2466.09,319759,0.09
2021-06-16 15:02:34,2471.2,33,83863,81670,2466.09,319759,0.06
2021-06-16 15:02:36,2471.2,33,84065,81467,2466.09,320192,0.06
2021-06-16 15:02:36,2471.95,10,84065,81467,2466.09,320192,0.09
2021-06-16 15:02:39,2471.95,10,84137,81548,2466.1,320282,0.09
2021-06-16 15:02:43,2471.95,10,84187,81513,2466.1,320282,0.09
2021-06-16 15:02:47,2471.95,10,83887,81888,2466.1,320282,0.09
2021-06-16 15:02:48,2470.35,8,83887,81888,2466.1,320282,0.03
2021-06-16 15:02:51,2470.35,8,83815,81944,2466.1,320495,0.03
2021-06-16 15:02:54,2471.8,1,83815,81944,2466.1,320495,0.09
2021-06-16 15:02:55,2471.8,1,83856,81923,2466.1,320498,0.09
2021-06-16 15:02:57,2471.7,7,83856,81923,2466.1,320498,0.08
2021-06-16 15:03:00,2471.7,7,83764,81947,2466.1,320507,0.08
2021-06-16 15:03:03,2471.7,7,83776,81943,2466.1,320507,0.08
2021-06-16 15:03:06,2471.7,1,83776,81943,2466.1,320507,0.08
2021-06-16 15:03:07,2471.7,1,83851,81948,2466.1,320508,0.08
2021-06-16 15:03:10,2471.7,1,83884,81949,2466.1,320508,0.08
2021-06-16 15:03:12,2470.65,16,83884,81949,2466.1,320508,0.04
2021-06-16 15:03:13,2470.65,16,83783,81918,2466.1,320524,0.04
2021-06-16 15:03:14,2470.35,16,83783,81918,2466.1,320524,0.03
2021-06-16 15:03:16,2470.3,9,83783,81918,2466.1,320524,0.02
2021-06-16 15:03:18,2470.45,1,84202,81755,2466.1,320661,0.03
2021-06-16 15:03:19,2471.2,1,84202,81755,2466.1,320661,0.06
2021-06-16 15:03:20,2470.5,25,84202,81755,2466.1,320661,0.03
2021-06-16 15:03:21,2470.5,25,83722,81972,2466.1,320747,0.03
2021-06-16 15:03:22,2470.8,2,83722,81972,2466.1,320747,0.04
2021-06-16 15:03:24,2470.95,20,83722,81972,2466.1,320747,0.05
2021-06-16 15:03:24,2470.95,20,84236,81906,2466.1,320769,0.05
2021-06-16 15:03:27,2470.75,1,84236,81906,2466.1,320769,0.04
2021-06-16 15:03:28,2470.75,1,83936,81878,2466.1,320770,0.04
2021-06-16 15:03:29,2470.05,7,83936,81878,2466.1,320770,0.01
2021-06-16 15:03:31,2470.05,7,84048,82134,2466.11,320891,0.01
2021-06-16 15:03:35,2470.0,80,83610,81419,2466.11,321355,0.01
2021-06-16 15:03:37,2470.75,53,83610,81419,2466.11,321355,0.04
2021-06-16 15:03:39,2470.0,7,83610,81419,2466.11,321355,0.01
2021-06-16 15:03:39,2470.0,7,83970,81831,2466.12,321697,0.01
2021-06-16 15:03:42,2470.05,1,83970,81831,2466.12,321697,0.01
2021-06-16 15:03:43,2470.05,1,83196,81696,2466.12,321698,0.01
2021-06-16 15:03:45,2471.15,4,83196,81696,2466.12,321698,0.06
2021-06-16 15:03:46,2471.15,4,83463,80735,2466.12,321921,0.06
2021-06-16 15:03:49,2470.75,4,83463,80735,2466.12,321921,0.04
2021-06-16 15:03:51,2470.75,4,83568,80735,2466.12,321931,0.04
2021-06-16 15:03:51,2470.6,39,83568,80735,2466.12,321931,0.04
2021-06-16 15:03:52,2471.7,5,83568,80735,2466.12,321931,0.08
2021-06-16 15:03:55,2471.7,5,83808,80711,2466.12,322095,0.08
2021-06-16 15:03:57,2471.9,25,83808,80711,2466.12,322095,0.09
2021-06-16 15:03:58,2471.9,25,83819,80457,2466.12,322120,0.09
2021-06-16 15:04:00,2471.9,9,83819,80457,2466.12,322120,0.09
2021-06-16 15:04:01,2471.9,9,84230,80602,2466.12,322129,0.09
2021-06-16 15:04:02,2470.9,4,84230,80602,2466.12,322129,0.05
2021-06-16 15:04:03,2471.9,1,84230,80602,2466.12,322129,0.09
2021-06-16 15:04:06,2471.9,1,82690,81107,2466.12,322149,0.09
2021-06-16 15:04:09,2471.9,1,83330,81122,2466.12,322149,0.09
2021-06-16 15:04:10,2471.6,2,83330,81122,2466.12,322149,0.08
2021-06-16 15:04:10,2471.65,1,83330,81122,2466.12,322149,0.08
2021-06-16 15:04:11,2471.8,2,83330,81122,2466.12,322149,0.09
2021-06-16 15:04:13,2471.8,2,83463,81027,2466.12,322242,0.09
2021-06-16 15:04:18,2470.95,5,83463,81027,2466.12,322242,0.05
2021-06-16 15:04:18,2470.95,5,83482,81033,2466.12,322247,0.05
2021-06-16 15:04:21,2470.55,3,83482,81033,2466.12,322247,0.03
2021-06-16 15:04:22,2470.55,3,84286,80856,2466.13,322347,0.03
2021-06-16 15:04:26,2470.55,3,84367,80854,2466.13,322347,0.03
2021-06-16 15:04:30,2470.55,3,84264,80654,2466.13,322347,0.03
2021-06-16 15:04:31,2471.55,4,84264,80654,2466.13,322347,0.07
2021-06-16 15:04:34,2471.55,4,84269,80610,2466.13,322355,0.07
2021-06-16 15:04:38,2471.55,1,83375,80742,2466.13,322388,0.07
2021-06-16 15:04:42,2471.0,9,84061,80722,2466.13,322388,0.05
2021-06-16 15:04:43,2471.0,17,84061,80722,2466.13,322388,0.05
2021-06-16 15:04:46,2471.0,17,84077,80757,2466.13,322414,0.05
2021-06-16 15:04:46,2470.45,7,84077,80757,2466.13,322414,0.03
2021-06-16 15:04:49,2471.55,1,84418,81160,2466.13,322465,0.07
2021-06-16 15:04:54,2472.0,10,84347,80655,2466.14,323128,0.09
2021-06-16 15:04:56,2473.1,8,84347,80655,2466.14,323128,0.14
2021-06-16 15:04:58,2473.1,8,85188,79020,2466.15,323480,0.14
2021-06-16 15:04:59,2474.0,18,85188,79020,2466.15,323480,0.17
2021-06-16 15:05:00,2474.8,45,85188,79020,2466.15,323480,0.21
2021-06-16 15:05:03,2474.8,45,85384,78642,2466.15,323662,0.21
2021-06-16 15:05:07,2474.8,45,85424,78643,2466.15,323662,0.21
2021-06-16 15:05:08,2474.8,4,85424,78643,2466.15,323662,0.21
2021-06-16 15:05:10,2473.7,2,85424,78643,2466.15,323662,0.16
2021-06-16 15:05:12,2474.0,5,85329,78808,2466.15,323746,0.17
2021-06-16 15:05:14,2474.0,2,85329,78808,2466.15,323746,0.17
2021-06-16 15:05:16,2474.0,2,84213,78779,2466.15,323748,0.17
2021-06-16 15:05:16,2472.45,15,84213,78779,2466.15,323748,0.11
2021-06-16 15:05:20,2472.45,15,84927,78807,2466.15,323773,0.11
2021-06-16 15:05:24,2473.65,1,84927,78807,2466.15,323773,0.16
2021-06-16 15:05:25,2473.65,1,84874,78854,2466.15,323783,0.16
2021-06-16 15:05:26,2472.3,1,84874,78854,2466.15,323783,0.11
2021-06-16 15:05:28,2472.25,2,84874,78854,2466.15,323783,0.1
2021-06-16 15:05:29,2472.25,2,84740,78806,2466.15,323835,0.1
2021-06-16 15:05:33,2473.95,1,84095,78721,2466.16,323900,0.17
2021-06-16 15:05:37,2473.95,1,84895,78764,2466.16,323900,0.17
2021-06-16 15:05:42,2473.95,1,84738,78752,2466.16,323900,0.17
2021-06-16 15:05:43,2473.75,6,84738,78752,2466.16,323900,0.16
2021-06-16 15:05:46,2473.75,6,84559,79068,2466.16,323928,0.16
2021-06-16 15:05:46,2473.95,6,84559,79068,2466.16,323928,0.17
2021-06-16 15:05:48,2473.4,2,84559,79068,2466.16,323928,0.15
2021-06-16 15:05:49,2473.4,1,84559,79068,2466.16,323928,0.15
2021-06-16 15:05:50,2473.95,2,84559,79068,2466.16,323928,0.17
2021-06-16 15:05:51,2473.95,2,84156,78978,2466.16,324021,0.17
2021-06-16 15:05:51,2474.35,20,84156,78978,2466.16,324021,0.19
2021-06-16 15:05:52,2474.5,9,84156,78978,2466.16,324021,0.19
2021-06-16 15:05:54,2474.5,15,84156,78978,2466.16,324021,0.19
2021-06-16 15:05:54,2474.5,15,83746,79098,2466.16,324150,0.19
2021-06-16 15:05:57,2474.45,31,83746,79098,2466.16,324150,0.19
2021-06-16 15:05:58,2473.85,3,83340,79069,2466.16,324221,0.17
2021-06-16 15:06:02,2473.4,3,83340,79069,2466.16,324221,0.15
2021-06-16 15:06:03,2473.4,3,83747,79085,2466.16,324228,0.15
2021-06-16 15:06:03,2473.4,1,83747,79085,2466.16,324228,0.15
2021-06-16 15:06:04,2474.4,5,83747,79085,2466.16,324228,0.19
2021-06-16 15:06:06,2474.35,6,83747,79085,2466.16,324228,0.19
2021-06-16 15:06:07,2474.35,6,83421,79227,2466.17,324446,0.19
2021-06-16 15:06:11,2474.35,6,83800,79308,2466.17,324446,0.19
2021-06-16 15:06:14,2473.95,7,83800,79308,2466.17,324446,0.17
2021-06-16 15:06:15,2473.95,7,83784,79161,2466.17,324480,0.17
2021-06-16 15:06:18,2473.95,7,84292,78642,2466.17,324480,0.17
2021-06-16 15:06:19,2473.4,30,84292,78642,2466.17,324480,0.15
2021-06-16 15:06:22,2473.4,30,84195,79157,2466.17,324510,0.15
2021-06-16 15:06:25,2473.4,30,83979,79361,2466.17,324510,0.15
2021-06-16 15:06:27,2473.8,9,83979,79361,2466.17,324510,0.17
2021-06-16 15:06:28,2472.25,5,83979,79361,2466.17,324510,0.1
2021-06-16 15:06:29,2473.55,3,83520,78672,2466.17,324720,0.16
2021-06-16 15:06:30,2473.6,1,83520,78672,2466.17,324720,0.16
2021-06-16 15:06:33,2473.6,1,84117,78726,2466.18,324731,0.16
2021-06-16 15:06:36,2473.6,1,84086,78820,2466.18,324736,0.16
2021-06-16 15:06:38,2473.5,1,84086,78820,2466.18,324736,0.15
2021-06-16 15:06:40,2473.5,1,82903,78892,2466.18,324836,0.15
2021-06-16 15:06:42,2473.5,3,82903,78892,2466.18,324836,0.15
2021-06-16 15:06:44,2473.5,3,82997,78888,2466.18,324846,0.15
2021-06-16 15:06:45,2473.5,1,82997,78888,2466.18,324846,0.15
2021-06-16 15:06:48,2473.0,9,82938,78772,2466.18,324870,0.13
2021-06-16 15:06:50,2472.2,4,82938,78772,2466.18,324870,0.1
2021-06-16 15:06:51,2472.0,35,82938,78772,2466.18,324870,0.09
2021-06-16 15:06:55,2472.0,2,82938,78772,2466.18,324870,0.09
2021-06-16 15:06:55,2472.0,2,82800,78782,2466.18,324965,0.09
2021-06-16 15:06:56,2472.9,1,82800,78782,2466.18,324965,0.13
2021-06-16 15:07:01,2472.9,1,82817,79241,2466.18,325017,0.13
2021-06-16 15:07:03,2472.9,2,82818,78870,2466.18,325046,0.13
2021-06-16 15:07:06,2472.9,1,82818,78870,2466.18,325046,0.13
2021-06-16 15:07:09,2472.5,10,82818,78870,2466.18,325046,0.11
2021-06-16 15:07:10,2472.0,21,83216,78890,2466.18,325132,0.09
2021-06-16 15:07:13,2471.2,1,83216,78890,2466.18,325132,0.06
2021-06-16 15:07:14,2471.2,1,82636,79538,2466.18,325187,0.06
2021-06-16 15:07:15,2471.0,50,82636,79538,2466.18,325187,0.05
2021-06-16 15:07:16,2470.15,1,82636,79538,2466.18,325187,0.02
2021-06-16 15:07:17,2472.3,19,82636,79538,2466.18,325187,0.11
2021-06-16 15:07:18,2472.3,19,82312,79740,2466.19,325320,0.11
2021-06-16 15:07:19,2470.3,7,82312,79740,2466.19,325320,0.02
2021-06-16 15:07:21,2470.25,31,82350,79822,2466.19,325384,0.02
2021-06-16 15:07:22,2470.15,1,82350,79822,2466.19,325384,0.02
2021-06-16 15:07:24,2471.4,1,82350,79822,2466.19,325384,0.07
2021-06-16 15:07:25,2471.4,1,82355,79761,2466.19,325478,0.07
2021-06-16 15:07:25,2470.0,100,82355,79761,2466.19,325478,0.01
2021-06-16 15:07:26,2469.9,10,82355,79761,2466.19,325478,0.01
2021-06-16 15:07:28,2470.15,2,82355,79761,2466.19,325478,0.02
2021-06-16 15:07:29,2470.15,2,81678,79893,2466.19,325861,0.02
2021-06-16 15:07:30,2470.15,17,81678,79893,2466.19,325861,0.02
2021-06-16 15:07:30,2470.15,4,81678,79893,2466.19,325861,0.02
2021-06-16 15:07:32,2469.5,25,81678,79893,2466.19,325861,-0.01
2021-06-16 15:07:33,2469.5,25,81796,79938,2466.2,326234,-0.01
2021-06-16 15:07:36,2469.5,25,81815,79975,2466.2,326234,-0.01
2021-06-16 15:07:40,2469.5,25,81784,79529,2466.2,326234,-0.01
2021-06-16 15:07:44,2469.2,10,81763,79646,2466.2,326352,-0.02
2021-06-16 15:07:48,2469.2,10,81719,79742,2466.2,326352,-0.02
2021-06-16 15:07:51,2469.0,8,81719,79742,2466.2,326352,-0.03
2021-06-16 15:07:51,2470.05,7,82100,79772,2466.2,326371,0.01
2021-06-16 15:07:53,2469.25,12,82100,79772,2466.2,326371,-0.02
2021-06-16 15:07:55,2469.25,12,82124,79699,2466.2,326814,-0.02
2021-06-16 15:07:55,2468.15,30,82124,79699,2466.2,326814,-0.06
2021-06-16 15:07:56,2469.2,1,82124,79699,2466.2,326814,-0.02
2021-06-16 15:08:01,2469.2,1,82229,79682,2466.2,326908,-0.02
2021-06-16 15:08:02,2469.85,10,82230,79710,2466.2,326909,0.01
2021-06-16 15:08:03,2468.3,1,82230,79710,2466.2,326909,-0.06
2021-06-16 15:08:04,2468.25,9,82230,79710,2466.2,326909,-0.06
2021-06-16 15:08:06,2468.25,7,81828,79877,2466.21,327140,-0.06
2021-06-16 15:08:09,2469.45,2,81828,79877,2466.21,327140,-0.01
2021-06-16 15:08:10,2469.45,2,81242,76671,2466.21,327142,-0.01
2021-06-16 15:08:12,2469.4,6,81242,76671,2466.21,327142,-0.01
2021-06-16 15:08:13,2469.4,6,81651,76577,2466.21,327152,-0.01
2021-06-16 15:08:14,2469.4,1,81651,76577,2466.21,327152,-0.01
2021-06-16 15:08:17,2469.4,1,81250,76624,2466.21,327185,-0.01
2021-06-16 15:08:20,2469.9,185,81250,76624,2466.21,327185,0.01
2021-06-16 15:08:21,2469.9,185,81349,76416,2466.21,328017,0.01
2021-06-16 15:08:24,2468.2,16,81349,76416,2466.21,328017,-0.06
2021-06-16 15:08:25,2468.2,16,81259,76294,2466.21,328067,-0.06
2021-06-16 15:08:28,2468.25,13,81259,76294,2466.21,328067,-0.06
2021-06-16 15:08:29,2468.25,13,81251,76295,2466.21,328080,-0.06
2021-06-16 15:08:30,2469.35,10,81251,76295,2466.21,328080,-0.01
2021-06-16 15:08:33,2469.35,10,82089,76294,2466.21,328090,-0.01
2021-06-16 15:08:33,2469.35,6,82089,76294,2466.21,328090,-0.01
2021-06-16 15:08:34,2468.8,26,82089,76294,2466.21,328090,-0.04
2021-06-16 15:08:36,2469.35,1,82089,76294,2466.21,328090,-0.01
2021-06-16 15:08:37,2469.35,1,81733,76314,2466.22,328160,-0.01
2021-06-16 15:08:38,2469.6,2,81733,76314,2466.22,328160,-0.0
2021-06-16 15:08:40,2469.6,2,81304,74058,2466.22,328178,-0.0
2021-06-16 15:08:44,2469.6,2,81758,74474,2466.22,328178,-0.0
2021-06-16 15:08:48,2469.6,2,81758,74453,2466.22,328178,-0.0
2021-06-16 15:08:51,2469.6,1,81758,74453,2466.22,328178,-0.0
2021-06-16 15:08:51,2469.6,1,82167,74475,2466.22,328180,-0.0
2021-06-16 15:08:54,2469.55,5,82167,74475,2466.22,328180,-0.01
2021-06-16 15:08:57,2469.5,5,82167,74475,2466.22,328180,-0.01
2021-06-16 15:08:58,2468.45,6,82167,74475,2466.22,328180,-0.05
2021-06-16 15:09:00,2468.25,5,82167,74475,2466.22,328180,-0.06
2021-06-16 15:09:03,2468.25,5,81363,74525,2466.22,328303,-0.06
2021-06-16 15:09:07,2469.55,1,81363,73964,2466.22,328305,-0.01
2021-06-16 15:09:11,2469.55,1,81350,73864,2466.22,328305,-0.01
2021-06-16 15:09:12,2468.3,9,81350,73864,2466.22,328305,-0.06
2021-06-16 15:09:15,2468.3,3,81350,73864,2466.22,328305,-0.06
2021-06-16 15:09:15,2469.55,3,81276,73860,2466.22,328358,-0.01
2021-06-16 15:09:19,2469.55,3,81865,73940,2466.22,328366,-0.01
2021-06-16 15:09:20,2469.5,2,81865,73940,2466.22,328366,-0.01
2021-06-16 15:09:23,2469.5,2,81586,73914,2466.22,328396,-0.01
2021-06-16 15:09:24,2469.45,2,81586,73914,2466.22,328396,-0.01
2021-06-16 15:09:27,2469.45,2,81811,73921,2466.22,328398,-0.01
2021-06-16 15:09:28,2468.4,1,81811,73921,2466.22,328398,-0.05
2021-06-16 15:09:30,2468.4,1,81829,73918,2466.22,328399,-0.05
2021-06-16 15:09:32,2469.2,3,81829,73918,2466.22,328399,-0.02
2021-06-16 15:09:34,2469.2,3,81161,73881,2466.22,328454,-0.02
2021-06-16 15:09:36,2469.25,9,81161,73881,2466.22,328454,-0.02
2021-06-16 15:09:37,2469.25,9,81084,73890,2466.22,328463,-0.02
2021-06-16 15:09:38,2467.35,20,81084,73890,2466.22,328463,-0.1
2021-06-16 15:09:39,2467.65,2,81084,73890,2466.22,328463,-0.08
2021-06-16 15:09:42,2467.65,2,81717,73859,2466.22,328565,-0.08
2021-06-16 15:09:45,2468.95,1,81717,73859,2466.22,328565,-0.03
2021-06-16 15:09:46,2467.4,5,81684,73981,2466.22,328594,-0.09
2021-06-16 15:09:48,2469.15,7,81684,73981,2466.22,328594,-0.02
2021-06-16 15:09:49,2469.15,7,80376,71971,2466.22,328794,-0.02
2021-06-16 15:09:51,2469.9,19,80376,71971,2466.22,328794,0.01
2021-06-16 15:09:52,2469.75,15,80376,71971,2466.22,328794,0.0
2021-06-16 15:09:54,2469.75,15,80074,71825,2466.22,328960,0.0
2021-06-16 15:09:57,2469.75,10,80067,71936,2466.22,328970,0.0
2021-06-16 15:09:58,2469.95,4,80067,71936,2466.22,328970,0.01
2021-06-16 15:09:59,2469.0,1,80067,71936,2466.22,328970,-0.03
2021-06-16 15:10:03,2469.0,1,79850,71929,2466.22,329004,-0.03
2021-06-16 15:10:05,2469.45,14,79850,71929,2466.22,329004,-0.01
2021-06-16 15:10:06,2469.45,14,79843,71965,2466.22,329044,-0.01
2021-06-16 15:10:09,2468.05,6,79843,71965,2466.22,329044,-0.07
2021-06-16 15:10:09,2468.05,6,80337,71984,2466.22,329058,-0.07
2021-06-16 15:10:12,2469.0,1,80337,71984,2466.22,329058,-0.03
2021-06-16 15:10:13,2468.1,25,80389,71879,2466.22,329110,-0.06
2021-06-16 15:10:15,2470.4,3,80389,71879,2466.22,329110,0.03
2021-06-16 15:10:17,2470.4,3,80317,71669,2466.23,329490,0.03
2021-06-16 15:10:18,2470.45,9,80317,71669,2466.23,329490,0.03
2021-06-16 15:10:21,2470.45,9,80211,71591,2466.23,329499,0.03
2021-06-16 15:10:25,2470.45,31,80231,71730,2466.23,329549,0.03
2021-06-16 15:10:28,2470.45,2,80231,71730,2466.23,329549,0.03
2021-06-16 15:10:29,2470.45,1,80291,71724,2466.23,329552,0.03
2021-06-16 15:10:30,2468.75,4,80291,71724,2466.23,329552,-0.04
2021-06-16 15:10:30,2470.35,20,80291,71724,2466.23,329552,0.03
2021-06-16 15:10:33,2468.75,10,80291,71724,2466.23,329552,-0.04
2021-06-16 15:10:34,2469.45,3,80291,71724,2466.23,329552,-0.01
2021-06-16 15:10:37,2469.45,3,79878,71539,2466.23,329646,-0.01
2021-06-16 15:10:37,2468.75,1,79878,71539,2466.23,329646,-0.04
2021-06-16 15:10:39,2469.85,9,79878,71539,2466.23,329646,0.01
2021-06-16 15:10:41,2469.85,9,79735,71651,2466.23,329769,0.01
2021-06-16 15:10:45,2469.45,2,79784,71674,2466.23,329769,-0.01
2021-06-16 15:10:49,2468.1,33,79788,71751,2466.23,329842,-0.06
2021-06-16 15:10:49,2468.05,29,79788,71751,2466.23,329842,-0.07
2021-06-16 15:10:52,2467.0,48,79788,71751,2466.23,329842,-0.11
2021-06-16 15:10:53,2467.0,48,79060,71690,2466.23,330334,-0.11
2021-06-16 15:10:56,2467.0,18,79060,71690,2466.23,330334,-0.11
2021-06-16 15:10:57,2467.0,5,78769,71820,2466.23,330513,-0.11
2021-06-16 15:11:01,2467.8,1,78769,71820,2466.23,330513,-0.08
2021-06-16 15:11:01,2467.8,1,79085,71532,2466.23,330563,-0.08
2021-06-16 15:11:02,2465.2,1,79085,71532,2466.23,330563,-0.18
2021-06-16 15:11:04,2466.6,4,79085,71532,2466.23,330563,-0.13
2021-06-16 15:11:06,2466.6,4,77702,72086,2466.23,330998,-0.13
2021-06-16 15:11:08,2466.55,10,77702,72086,2466.23,330998,-0.13
2021-06-16 15:11:09,2466.55,10,77613,72050,2466.23,331034,-0.13
2021-06-16 15:11:10,2466.5,8,77613,72050,2466.23,331034,-0.13
2021-06-16 15:11:11,2466.15,1,77613,72050,2466.23,331034,-0.14
2021-06-16 15:11:12,2466.45,22,77613,72050,2466.23,331034,-0.13
2021-06-16 15:11:13,2466.5,10,77613,72050,2466.23,331034,-0.13
2021-06-16 15:11:13,2466.5,10,77860,72578,2466.23,331135,-0.13
2021-06-16 15:11:14,2466.5,33,77860,72578,2466.23,331135,-0.13
2021-06-16 15:11:18,2466.5,33,77833,72583,2466.23,331168,-0.13
2021-06-16 15:11:20,2466.45,1,77833,72583,2466.23,331168,-0.13
2021-06-16 15:11:21,2466.45,5,77833,72583,2466.23,331168,-0.13
2021-06-16 15:11:21,2466.45,9,77833,72583,2466.23,331168,-0.13
2021-06-16 15:11:22,2466.45,9,77415,72720,2466.23,331184,-0.13
2021-06-16 15:11:24,2465.25,8,77415,72720,2466.23,331184,-0.18
2021-06-16 15:11:25,2465.1,10,77415,72720,2466.23,331184,-0.19
2021-06-16 15:11:26,2463.2,2,76808,72724,2466.23,332179,-0.26
2021-06-16 15:11:28,2464.9,2,76808,72724,2466.23,332179,-0.19
2021-06-16 15:11:29,2463.65,1,76808,72724,2466.23,332179,-0.24
2021-06-16 15:11:30,2464.45,6,77173,70451,2466.23,332240,-0.21
2021-06-16 15:11:31,2464.4,1,77173,70451,2466.23,332240,-0.21
2021-06-16 15:11:33,2464.4,2,77173,70451,2466.23,332240,-0.21
2021-06-16 15:11:33,2464.8,5,77173,70451,2466.23,332240,-0.2
2021-06-16 15:11:34,2464.8,5,76768,70407,2466.23,332415,-0.2
2021-06-16 15:11:39,2464.8,5,76811,70436,2466.23,332415,-0.2
2021-06-16 15:11:42,2464.45,9,76790,70487,2466.23,332425,-0.21
2021-06-16 15:11:43,2463.25,34,76790,70487,2466.23,332425,-0.26
2021-06-16 15:11:44,2463.25,15,76790,70487,2466.23,332425,-0.26
2021-06-16 15:11:46,2463.05,13,76800,70465,2466.22,332559,-0.27
2021-06-16 15:11:49,2464.95,5,76800,70465,2466.22,332559,-0.19
2021-06-16 15:11:50,2464.95,5,76945,70287,2466.22,332959,-0.19
2021-06-16 15:11:54,2464.95,5,77036,70341,2466.22,332959,-0.19
2021-06-16 15:11:56,2464.9,18,77036,70341,2466.22,332959,-0.19
2021-06-16 15:11:57,2464.0,20,77036,70341,2466.22,332959,-0.23
2021-06-16 15:11:57,2464.0,20,77379,70459,2466.22,333013,-0.23
2021-06-16 15:12:00,2464.0,8,77379,70459,2466.22,333013,-0.23
2021-06-16 15:12:01,2464.15,4,77379,70459,2466.22,333013,-0.22
2021-06-16 15:12:01,2464.15,4,76978,69811,2466.22,333161,-0.22
2021-06-16 15:12:03,2464.25,5,76978,69811,2466.22,333161,-0.22
2021-06-16 15:12:04,2464.95,10,76978,69811,2466.22,333161,-0.19
2021-06-16 15:12:06,2464.15,25,76974,69798,2466.22,333235,-0.22
2021-06-16 15:12:09,2464.15,3,76974,69798,2466.22,333235,-0.22
2021-06-16 15:12:10,2464.15,3,76991,69795,2466.22,333242,-0.22
2021-06-16 15:12:11,2465.6,16,76991,69795,2466.22,333242,-0.17
2021-06-16 15:12:13,2465.6,16,77172,70239,2466.22,333392,-0.17
2021-06-16 15:12:16,2465.95,5,77172,70239,2466.22,333392,-0.15
2021-06-16 15:12:18,2465.95,5,76958,70251,2466.22,333472,-0.15
2021-06-16 15:12:19,2465.95,4,76958,70251,2466.22,333472,-0.15
2021-06-16 15:12:19,2464.7,10,76958,70251,2466.22,333472,-0.2
2021-06-16 15:12:21,2465.0,18,77310,70176,2466.22,333510,-0.19
2021-06-16 15:12:22,2465.45,37,77310,70176,2466.22,333510,-0.17
2021-06-16 15:12:22,2465.45,1,77310,70176,2466.22,333510,-0.17
2021-06-16 15:12:24,2465.95,3,77310,70176,2466.22,333510,-0.15
2021-06-16 15:12:25,2467.0,100,77221,68839,2466.22,333749,-0.11
2021-06-16 15:12:27,2466.8,2,77221,68839,2466.22,333749,-0.12
2021-06-16 15:12:27,2466.1,23,77221,68839,2466.22,333749,-0.15
2021-06-16 15:12:29,2467.95,9,77221,68839,2466.22,333749,-0.07
2021-06-16 15:12:30,2467.95,9,77181,69807,2466.22,333815,-0.07
2021-06-16 15:12:38,2467.95,9,77295,69584,2466.22,333815,-0.07
2021-06-16 15:12:39,2466.65,7,77295,69584,2466.22,333815,-0.12
2021-06-16 15:12:40,2466.35,14,77295,69584,2466.22,333815,-0.14
2021-06-16 15:12:42,2467.75,3,76993,69336,2466.22,333908,-0.08
2021-06-16 15:12:43,2466.8,10,76993,69336,2466.22,333908,-0.12
2021-06-16 15:12:46,2465.7,10,77397,68960,2466.22,333918,-0.16
2021-06-16 15:12:48,2466.8,9,77397,68960,2466.22,333918,-0.12
2021-06-16 15:12:50,2466.35,21,76913,69406,2466.22,333986,-0.14
2021-06-16 15:12:54,2466.6,2,76912,69484,2466.22,334019,-0.13
2021-06-16 15:12:55,2466.6,5,76912,69484,2466.22,334019,-0.13
2021-06-16 15:12:58,2466.6,2,76931,69420,2466.22,334036,-0.13
2021-06-16 15:13:03,2466.6,2,77928,69449,2466.22,334036,-0.13
2021-06-16 15:13:06,2466.6,2,77958,69453,2466.22,334036,-0.13
2021-06-16 15:13:06,2466.0,12,77958,69453,2466.22,334036,-0.15
2021-06-16 15:13:09,2466.0,12,75459,69455,2466.22,334077,-0.15
2021-06-16 15:13:11,2466.55,4,75459,69455,2466.22,334077,-0.13
2021-06-16 15:13:13,2466.55,4,75474,69475,2466.22,334081,-0.13
2021-06-16 15:13:17,2466.0,1,75471,69875,2466.22,334082,-0.15
2021-06-16 15:13:18,2466.55,8,75471,69875,2466.22,334082,-0.13
2021-06-16 15:13:19,2466.0,12,75471,69875,2466.22,334082,-0.15
2021-06-16 15:13:21,2466.0,12,75453,69899,2466.22,334154,-0.15
2021-06-16 15:13:25,2466.0,12,75491,69925,2466.22,334154,-0.15
2021-06-16 15:13:27,2466.45,2,75491,69925,2466.22,334154,-0.13
2021-06-16 15:13:27,2466.45,10,75491,69925,2466.22,334154,-0.13
2021-06-16 15:13:28,2466.45,10,75462,69944,2466.22,334166,-0.13
2021-06-16 15:13:30,2466.45,18,75462,69944,2466.22,334166,-0.13
2021-06-16 15:13:32,2464.95,10,75462,69944,2466.22,334166,-0.19
2021-06-16 15:13:33,2464.95,10,74951,70175,2466.22,334209,-0.19
2021-06-16 15:13:34,2465.75,1,74951,70175,2466.22,334209,-0.16
2021-06-16 15:13:37,2465.75,1,75331,70348,2466.22,334210,-0.16
2021-06-16 15:13:41,2465.75,1,75359,70311,2466.22,334210,-0.16
2021-06-16 15:13:48,2465.55,8,75359,70311,2466.22,334210,-0.17
2021-06-16 15:13:49,2465.55,8,75267,70325,2466.22,334219,-0.17
2021-06-16 15:13:50,2465.1,2,75267,70325,2466.22,334219,-0.19
2021-06-16 15:13:51,2465.6,10,75267,70325,2466.22,334219,-0.17
2021-06-16 15:13:51,2465.55,2,75267,70325,2466.22,334219,-0.17
2021-06-16 15:13:53,2465.1,10,75306,70258,2466.22,334289,-0.19
2021-06-16 15:13:55,2463.45,9,75306,70258,2466.22,334289,-0.25
2021-06-16 15:13:57,2463.9,28,75236,70409,2466.22,334531,-0.23
2021-06-16 15:13:59,2465.0,84,75236,70409,2466.22,334531,-0.19
2021-06-16 15:14:00,2465.0,16,75236,70409,2466.22,334531,-0.19
2021-06-16 15:14:01,2463.95,1,75280,70399,2466.22,334641,-0.23
2021-06-16 15:14:02,2463.95,10,75280,70399,2466.22,334641,-0.23
2021-06-16 15:14:03,2465.35,4,75280,70399,2466.22,334641,-0.18
2021-06-16 15:14:05,2464.15,5,75274,70131,2466.22,334856,-0.22
2021-06-16 15:14:06,2464.2,9,75274,70131,2466.22,334856,-0.22
2021-06-16 15:14:07,2464.2,9,75026,70129,2466.22,334865,-0.22
2021-06-16 15:14:08,2464.2,9,75244,70130,2466.22,334865,-0.22
2021-06-16 15:14:09,2464.2,9,75251,70185,2466.22,334865,-0.22
2021-06-16 15:14:09,2465.15,9,75251,70185,2466.22,334865,-0.18
2021-06-16 15:14:10,2465.15,9,75304,70046,2466.22,334874,-0.18
2021-06-16 15:14:10,2465.15,20,75098,70027,2466.22,334894,-0.18
2021-06-16 15:14:12,2465.15,20,75304,70071,2466.22,334894,-0.18
2021-06-16 15:14:13,2465.15,6,75293,70147,2466.22,334927,-0.18
2021-06-16 15:14:13,2465.15,6,75269,70142,2466.22,334927,-0.18
2021-06-16 15:14:14,2464.15,2,75269,70142,2466.22,334927,-0.22
2021-06-16 15:14:15,2464.15,2,75262,70140,2466.22,334929,-0.22
2021-06-16 15:14:16,2464.15,2,75286,70013,2466.22,334929,-0.22
2021-06-16 15:14:17,2464.15,2,75051,70021,2466.22,334929,-0.22
2021-06-16 15:14:18,2464.15,2,75257,70111,2466.22,334929,-0.22
2021-06-16 15:14:19,2465.2,2,75273,70110,2466.22,334979,-0.18
2021-06-16 15:14:20,2465.2,2,75044,69633,2466.22,334979,-0.18
2021-06-16 15:14:21,2465.2,3,75282,69523,2466.22,334982,-0.18
2021-06-16 15:14:22,2465.2,3,75283,69520,2466.22,334982,-0.18
2021-06-16 15:14:22,2464.15,9,75048,69667,2466.22,335012,-0.22
2021-06-16 15:14:24,2464.15,9,75082,69578,2466.22,335012,-0.22
2021-06-16 15:14:25,2464.15,9,75240,69578,2466.22,335012,-0.22
2021-06-16 15:14:25,2464.15,7,75223,69519,2466.22,335019,-0.22
2021-06-16 15:14:27,2465.3,2,75185,69533,2466.22,335019,-0.18
2021-06-16 15:14:28,2465.3,2,75273,69514,2466.22,335199,-0.18
2021-06-16 15:14:28,2465.3,2,75086,69512,2466.22,335199,-0.18
2021-06-16 15:14:29,2465.35,135,75086,69512,2466.22,335199,-0.18
2021-06-16 15:14:30,2465.35,135,75267,69265,2466.22,335499,-0.18
2021-06-16 15:14:31,2465.3,10,75306,69325,2466.22,335499,-0.18
2021-06-16 15:14:31,2465.35,5,75250,69215,2466.22,335514,-0.18
2021-06-16 15:14:33,2465.35,5,75026,69218,2466.22,335514,-0.18
2021-06-16 15:14:34,2465.35,5,75222,69213,2466.22,335514,-0.18
2021-06-16 15:14:35,2465.35,5,75206,69215,2466.22,335514,-0.18
2021-06-16 15:14:36,2465.35,5,75225,69215,2466.22,335514,-0.18
2021-06-16 15:14:36,2464.9,197,75225,69215,2466.22,335514,-0.19
2021-06-16 15:14:37,2464.9,197,75058,69312,2466.22,335713,-0.19
2021-06-16 15:14:39,2464.9,197,75058,69305,2466.22,335713,-0.19
2021-06-16 15:14:40,2464.9,197,75058,69354,2466.22,335713,-0.19
2021-06-16 15:14:40,2464.9,197,75058,69246,2466.22,335713,-0.19
2021-06-16 15:14:42,2464.9,197,75058,69218,2466.22,335713,-0.19
2021-06-16 15:14:42,2465.3,3,75056,69243,2466.21,335746,-0.18
2021-06-16 15:14:44,2465.25,5,75056,69243,2466.21,335746,-0.18
2021-06-16 15:14:45,2465.25,5,75031,69276,2466.21,335751,-0.18
2021-06-16 15:14:46,2465.25,5,75033,69286,2466.21,335751,-0.18
2021-06-16 15:14:46,2465.0,5,75033,69285,2466.21,335756,-0.19
2021-06-16 15:14:48,2465.0,5,75033,69286,2466.21,335756,-0.19
2021-06-16 15:14:48,2464.2,1,75033,69286,2466.21,335756,-0.22
2021-06-16 15:14:49,2464.2,1,74882,68978,2466.21,335757,-0.22
2021-06-16 15:14:49,2464.2,1,74883,69265,2466.21,335757,-0.22
2021-06-16 15:14:50,2464.2,4,74883,69265,2466.21,335757,-0.22
2021-06-16 15:14:51,2464.2,4,74874,69373,2466.21,335761,-0.22
2021-06-16 15:14:51,2465.1,9,74874,69373,2466.21,335761,-0.19
2021-06-16 15:14:52,2465.1,9,74873,69374,2466.21,335770,-0.19
2021-06-16 15:14:52,2464.65,3,74864,69375,2466.21,335773,-0.2
2021-06-16 15:14:54,2464.65,3,74864,69303,2466.21,335773,-0.2
2021-06-16 15:14:54,2464.2,1,74864,69303,2466.21,335773,-0.22
2021-06-16 15:14:55,2464.2,1,74848,69361,2466.21,335808,-0.22
2021-06-16 15:14:57,2464.2,1,74843,69305,2466.21,335808,-0.22
2021-06-16 15:15:00,2464.2,1,74861,69245,2466.21,335808,-0.22
2021-06-16 15:15:01,2464.0,1,74858,69218,2466.21,335811,-0.23
2021-06-16 15:15:03,2464.0,1,74858,69214,2466.21,335811,-0.23
2021-06-16 15:15:04,2464.0,1,74858,69217,2466.21,335811,-0.23
2021-06-16 15:15:04,2464.0,1,74878,69334,2466.21,335811,-0.23
2021-06-16 15:15:06,2464.0,1,74858,69529,2466.21,335811,-0.23
2021-06-16 15:15:07,2464.0,1,74874,69627,2466.21,335811,-0.23
2021-06-16 15:15:08,2464.0,1,74875,69776,2466.21,335811,-0.23
2021-06-16 15:15:09,2465.15,1,74875,69776,2466.21,335811,-0.18
2021-06-16 15:15:09,2464.95,6,74875,69776,2466.21,335811,-0.19
2021-06-16 15:15:10,2464.95,6,74519,68317,2466.21,336542,-0.19
2021-06-16 15:15:11,2464.95,6,74900,68318,2466.21,336542,-0.19
2021-06-16 15:15:12,2464.45,20,74900,68443,2466.21,336572,-0.21
2021-06-16 15:15:12,2464.95,4,74900,68443,2466.21,336572,-0.19
2021-06-16 15:15:13,2464.95,4,74890,68438,2466.21,336582,-0.19
2021-06-16 15:15:14,2464.95,4,74890,68460,2466.21,336582,-0.19
2021-06-16 15:15:15,2464.95,4,74891,68508,2466.21,336582,-0.19
2021-06-16 15:15:16,2464.95,4,74900,68324,2466.21,336582,-0.19
2021-06-16 15:15:16,2464.95,4,74894,68446,2466.21,336582,-0.19
2021-06-16 15:15:18,2464.95,4,74894,68321,2466.21,336582,-0.19
2021-06-16 15:15:19,2464.95,4,74895,68321,2466.21,336582,-0.19
2021-06-16 15:15:19,2465.0,1,74487,68316,2466.21,336584,-0.19
2021-06-16 15:15:21,2465.0,1,74887,68448,2466.21,336584,-0.19
2021-06-16 15:15:22,2464.45,1,74877,68443,2466.21,336585,-0.21
2021-06-16 15:15:22,2465.0,4,74869,68132,2466.21,336593,-0.19
2021-06-16 15:15:24,2465.0,4,74444,68485,2466.21,336593,-0.19
2021-06-16 15:15:25,2465.0,4,73244,68489,2466.21,336593,-0.19
2021-06-16 15:15:25,2465.0,4,73244,68439,2466.21,336593,-0.19
2021-06-16 15:15:26,2464.45,1,73244,68439,2466.21,336593,-0.21
2021-06-16 15:15:27,2464.45,1,73243,68442,2466.21,336594,-0.21
2021-06-16 15:15:28,2464.95,4,73288,68333,2466.21,336594,-0.19
2021-06-16 15:15:28,2464.95,4,73299,68330,2466.21,336644,-0.19
2021-06-16 15:15:30,2464.95,4,73317,68453,2466.21,336644,-0.19
2021-06-16 15:15:31,2464.95,4,73325,68282,2466.21,336644,-0.19
2021-06-16 15:15:31,2464.95,4,73325,68240,2466.21,336644,-0.19
2021-06-16 15:15:33,2464.45,3,73315,68388,2466.21,336644,-0.21
2021-06-16 15:15:33,2464.5,8,73315,68388,2466.21,336644,-0.21
2021-06-16 15:15:34,2464.5,8,73229,68184,2466.21,336780,-0.21
2021-06-16 15:15:35,2465.8,20,73258,68200,2466.21,337235,-0.16
2021-06-16 15:15:36,2465.0,16,73258,68200,2466.21,337235,-0.19
2021-06-16 15:15:36,2465.0,16,73266,68260,2466.21,337251,-0.19
2021-06-16 15:15:37,2465.0,16,73338,68399,2466.21,337251,-0.19
2021-06-16 15:15:38,2465.0,16,73374,68252,2466.21,337251,-0.19
2021-06-16 15:15:39,2465.0,16,73374,68254,2466.21,337251,-0.19
2021-06-16 15:15:41,2465.0,16,73340,68254,2466.21,337251,-0.19
2021-06-16 15:15:42,2465.0,16,73341,68259,2466.21,337251,-0.19
2021-06-16 15:15:43,2465.0,16,73387,68245,2466.21,337251,-0.19
2021-06-16 15:15:43,2465.0,3,73387,68245,2466.21,337251,-0.19
2021-06-16 15:15:44,2465.0,3,73318,68151,2466.21,337334,-0.19
2021-06-16 15:15:45,2465.0,3,73664,68230,2466.21,337334,-0.19
2021-06-16 15:15:46,2465.0,3,73689,68230,2466.21,337334,-0.19
2021-06-16 15:15:47,2465.0,3,73657,68175,2466.21,337334,-0.19
2021-06-16 15:15:48,2465.0,3,73651,68175,2466.21,337334,-0.19
2021-06-16 15:15:49,2465.0,3,73684,67975,2466.21,337334,-0.19
2021-06-16 15:15:50,2465.0,1,73685,68025,2466.21,337334,-0.19
2021-06-16 15:15:51,2465.0,1,73670,68107,2466.21,337367,-0.19
2021-06-16 15:15:52,2464.85,19,73284,67795,2466.21,337367,-0.2
2021-06-16 15:15:53,2464.85,19,73266,68197,2466.21,337389,-0.2
2021-06-16 15:15:54,2465.0,3,73266,68197,2466.21,337389,-0.19
2021-06-16 15:15:54,2465.0,3,73247,67786,2466.21,337398,-0.19
2021-06-16 15:15:55,2465.0,3,73245,68265,2466.21,337398,-0.19
2021-06-16 15:15:57,2464.85,19,73245,68260,2466.21,337398,-0.2
2021-06-16 15:15:57,2464.85,19,73258,68232,2466.21,337517,-0.2
2021-06-16 15:15:58,2464.85,19,73258,68213,2466.21,337517,-0.2
2021-06-16 15:16:00,2464.45,3,73227,68199,2466.21,337603,-0.21
2021-06-16 15:16:00,2464.45,1,73227,68199,2466.21,337603,-0.21
2021-06-16 15:16:01,2464.45,1,73095,68174,2466.21,337604,-0.21
2021-06-16 15:16:01,2464.0,5,73095,68174,2466.21,337604,-0.23
2021-06-16 15:16:02,2464.0,5,73141,68206,2466.21,337629,-0.23
2021-06-16 15:16:03,2464.85,1,73045,68322,2466.21,337636,-0.2
2021-06-16 15:16:04,2464.85,1,73063,68219,2466.21,337637,-0.2
2021-06-16 15:16:04,2464.0,10,73063,68219,2466.21,337637,-0.23
2021-06-16 15:16:05,2464.0,10,73162,68519,2466.21,337647,-0.23
2021-06-16 15:16:06,2464.0,12,73550,68529,2466.21,337659,-0.23
2021-06-16 15:16:06,2464.0,1,73550,68529,2466.21,337659,-0.23
2021-06-16 15:16:07,2464.0,1,73215,68511,2466.21,337851,-0.23
2021-06-16 15:16:08,2464.8,1,72009,68511,2466.21,337851,-0.2
2021-06-16 15:16:09,2464.8,1,72013,68501,2466.21,337852,-0.2
2021-06-16 15:16:10,2463.45,1,72013,68501,2466.21,337852,-0.25
2021-06-16 15:16:10,2463.45,1,72024,68500,2466.21,337861,-0.25
2021-06-16 15:16:11,2463.45,1,72059,68496,2466.21,337861,-0.25
2021-06-16 15:16:12,2463.45,8,72055,68496,2466.21,337961,-0.25
2021-06-16 15:16:13,2463.45,1,72055,68496,2466.21,337961,-0.25
2021-06-16 15:16:13,2464.85,7,72094,68403,2466.2,338112,-0.2
2021-06-16 15:16:15,2464.85,7,72100,68398,2466.2,338112,-0.2
2021-06-16 15:16:15,2464.8,4,71368,68446,2466.2,338116,-0.2
2021-06-16 15:16:18,2464.8,4,71661,68440,2466.2,338116,-0.2
2021-06-16 15:16:18,2464.5,9,71661,68440,2466.2,338116,-0.21
2021-06-16 15:16:19,2464.5,9,71680,68539,2466.2,338130,-0.21
2021-06-16 15:16:19,2463.6,20,71675,68579,2466.2,338150,-0.25
2021-06-16 15:16:21,2464.5,5,71675,68528,2466.2,338155,-0.21
2021-06-16 15:16:22,2464.5,5,71675,68442,2466.2,338155,-0.21
2021-06-16 15:16:24,2464.5,5,71675,68443,2466.2,338155,-0.21
2021-06-16 15:16:24,2464.5,5,71675,68143,2466.2,338155,-0.21
2021-06-16 15:16:27,2464.5,5,71688,68139,2466.2,338155,-0.21
2021-06-16 15:16:27,2464.5,5,72498,68142,2466.2,338155,-0.21
2021-06-16 15:16:28,2464.5,4,72498,68142,2466.2,338155,-0.21
2021-06-16 15:16:28,2464.5,5,71684,68127,2466.2,338195,-0.21
2021-06-16 15:16:30,2464.5,5,71720,68228,2466.2,338195,-0.21
2021-06-16 15:16:30,2464.5,5,72521,68120,2466.2,338195,-0.21
2021-06-16 15:16:31,2464.5,5,72619,67386,2466.2,338195,-0.21
2021-06-16 15:16:32,2464.5,33,72973,67816,2466.2,338195,-0.21
2021-06-16 15:16:33,2464.5,33,71521,68121,2466.2,338228,-0.21
2021-06-16 15:16:34,2464.5,33,71518,67721,2466.2,338228,-0.21
2021-06-16 15:16:35,2464.5,33,71795,68010,2466.2,338228,-0.21
2021-06-16 15:16:36,2464.5,2,71646,67605,2466.2,338237,-0.21
2021-06-16 15:16:37,2464.5,2,71643,68129,2466.2,338237,-0.21
2021-06-16 15:16:37,2464.5,1,71643,68129,2466.2,338237,-0.21
2021-06-16 15:16:38,2464.5,2,71638,68129,2466.2,338253,-0.21
2021-06-16 15:16:40,2464.5,2,71640,68127,2466.2,338253,-0.21
2021-06-16 15:16:40,2464.6,48,71640,68127,2466.2,338253,-0.21
2021-06-16 15:16:41,2464.6,48,71639,68091,2466.2,338349,-0.21
2021-06-16 15:16:43,2464.6,48,71639,68094,2466.2,338349,-0.21
2021-06-16 15:16:44,2464.0,3,71639,68099,2466.2,338349,-0.23
2021-06-16 15:16:45,2464.0,3,71643,68084,2466.2,338352,-0.23
2021-06-16 15:16:46,2464.0,3,71640,68090,2466.2,338352,-0.23
2021-06-16 15:16:47,2464.0,3,71643,68082,2466.2,338352,-0.23
2021-06-16 15:16:48,2464.0,3,71618,68082,2466.2,338352,-0.23
2021-06-16 15:16:49,2464.0,5,71627,68097,2466.2,338402,-0.23
2021-06-16 15:16:50,2463.0,3,71165,68291,2466.2,338798,-0.27
2021-06-16 15:16:51,2463.0,3,71385,68268,2466.2,338798,-0.27
2021-06-16 15:16:52,2464.0,5,71936,68215,2466.2,339057,-0.23
2021-06-16 15:16:53,2464.0,50,71936,68215,2466.2,339057,-0.23
2021-06-16 15:16:54,2462.7,2,71947,68236,2466.2,339127,-0.28
2021-06-16 15:16:54,2462.7,2,71939,68236,2466.2,339127,-0.28
2021-06-16 15:16:55,2462.7,2,71939,68240,2466.2,339127,-0.28
2021-06-16 15:16:56,2462.4,20,71866,68259,2466.19,339407,-0.3
2021-06-16 15:16:57,2462.4,20,71847,68296,2466.19,339407,-0.3
2021-06-16 15:16:58,2462.4,20,71836,68599,2466.19,339407,-0.3
2021-06-16 15:16:59,2462.6,10,71822,68643,2466.19,339417,-0.29
2021-06-16 15:17:00,2462.6,10,71822,68660,2466.19,339417,-0.29
2021-06-16 15:17:01,2462.6,10,71819,68660,2466.19,339417,-0.29
2021-06-16 15:17:02,2462.6,9,71810,68664,2466.19,339426,-0.29
2021-06-16 15:17:03,2463.9,2,71842,68607,2466.19,339522,-0.23
2021-06-16 15:17:05,2463.9,2,71842,68629,2466.19,339522,-0.23
2021-06-16 15:17:06,2463.0,300,71874,68330,2466.19,339822,-0.27
2021-06-16 15:17:07,2463.0,300,71874,68339,2466.19,339822,-0.27
2021-06-16 15:17:08,2464.1,11,71874,68339,2466.19,339822,-0.23
2021-06-16 15:17:09,2464.1,11,72336,67862,2466.19,340030,-0.23
2021-06-16 15:17:09,2463.3,20,73468,67780,2466.19,340146,-0.26
2021-06-16 15:17:10,2463.3,20,72361,67879,2466.19,340146,-0.26
2021-06-16 15:17:11,2463.65,10,72361,67879,2466.19,340146,-0.24
2021-06-16 15:17:12,2465.2,18,72393,67693,2466.19,340366,-0.18
2021-06-16 15:17:13,2465.2,18,72402,67683,2466.19,340366,-0.18
2021-06-16 15:17:15,2465.2,18,71950,68115,2466.19,340366,-0.18
2021-06-16 15:17:16,2465.2,18,71950,68119,2466.19,340366,-0.18
2021-06-16 15:17:17,2463.95,20,73495,68266,2466.19,340388,-0.23
2021-06-16 15:17:18,2463.95,20,73450,68293,2466.19,340388,-0.23
2021-06-16 15:17:18,2464.1,10,73450,68293,2466.19,340388,-0.23
2021-06-16 15:17:19,2464.1,10,73568,68165,2466.19,340398,-0.23
2021-06-16 15:17:20,2464.1,19,73568,68165,2466.19,340398,-0.23
2021-06-16 15:17:21,2464.1,19,73637,68305,2466.19,340417,-0.23
2021-06-16 15:17:21,2464.8,13,72411,68286,2466.19,340454,-0.2
2021-06-16 15:17:22,2464.8,13,71495,68217,2466.19,340454,-0.2
2021-06-16 15:17:23,2464.8,13,71869,68313,2466.19,340454,-0.2
2021-06-16 15:17:24,2464.8,13,71869,68314,2466.19,340454,-0.2
2021-06-16 15:17:25,2464.8,13,71869,68206,2466.19,340454,-0.2
2021-06-16 15:17:25,2463.35,5,71869,68206,2466.19,340454,-0.26
2021-06-16 15:17:26,2463.35,5,71880,67987,2466.19,340459,-0.26
2021-06-16 15:17:27,2463.35,10,71869,68270,2466.19,340469,-0.26
2021-06-16 15:17:27,2464.55,9,71869,68270,2466.19,340469,-0.21
2021-06-16 15:17:28,2464.55,9,71932,67897,2466.19,340498,-0.21
2021-06-16 15:17:29,2464.55,9,71947,68213,2466.19,340498,-0.21
2021-06-16 15:17:30,2463.35,2,71947,68213,2466.19,340498,-0.26
2021-06-16 15:17:31,2463.35,2,71945,68217,2466.19,340500,-0.26
2021-06-16 15:17:32,2463.35,2,71587,68226,2466.19,340500,-0.26
2021-06-16 15:17:33,2463.35,2,71853,68226,2466.19,340500,-0.26
2021-06-16 15:17:36,2463.35,2,71854,68226,2466.19,340500,-0.26
2021-06-16 15:17:36,2463.35,2,71854,68228,2466.19,340500,-0.26
2021-06-16 15:17:37,2463.35,5,71848,68223,2466.19,340505,-0.26
2021-06-16 15:17:37,2464.3,5,71848,68223,2466.19,340505,-0.22
2021-06-16 15:17:38,2464.3,5,71867,68229,2466.19,340510,-0.22
2021-06-16 15:17:39,2464.3,1,71957,67720,2466.19,340547,-0.22
2021-06-16 15:17:39,2464.3,9,71957,67720,2466.19,340547,-0.22
2021-06-16 15:17:40,2464.3,2,72019,67719,2466.19,340565,-0.22
2021-06-16 15:17:42,2463.8,1,72025,67714,2466.19,340573,-0.24
2021-06-16 15:17:43,2463.8,1,71996,67615,2466.19,340573,-0.24
2021-06-16 15:17:43,2463.8,1,72025,67615,2466.19,340573,-0.24
2021-06-16 15:17:45,2464.3,1,71560,67616,2466.19,340574,-0.22
2021-06-16 15:17:46,2464.3,1,71521,67616,2466.19,340574,-0.22
2021-06-16 15:17:47,2464.3,1,71920,67626,2466.19,340574,-0.22
2021-06-16 15:17:48,2464.35,14,71920,67626,2466.19,340574,-0.22
2021-06-16 15:17:48,2464.35,14,71518,68043,2466.19,340599,-0.22
2021-06-16 15:17:49,2464.35,14,71523,68051,2466.19,340599,-0.22
2021-06-16 15:17:51,2464.35,14,71540,68007,2466.19,340599,-0.22
2021-06-16 15:17:51,2463.85,10,71503,68107,2466.19,340599,-0.24
2021-06-16 15:17:52,2463.85,10,71491,68107,2466.19,340610,-0.24
2021-06-16 15:17:52,2464.8,9,71491,68107,2466.19,340610,-0.2
2021-06-16 15:17:53,2464.8,9,71481,68132,2466.19,340623,-0.2
2021-06-16 15:17:54,2464.8,9,71481,68140,2466.19,340623,-0.2
2021-06-16 15:17:55,2464.8,9,71492,68113,2466.19,340623,-0.2
2021-06-16 15:17:56,2464.8,9,71500,68090,2466.19,340623,-0.2
2021-06-16 15:17:57,2464.3,1,71500,68090,2466.19,340623,-0.22
2021-06-16 15:17:58,2464.3,1,71499,68085,2466.19,340624,-0.22
2021-06-16 15:17:59,2464.3,1,71498,68087,2466.19,340624,-0.22
2021-06-16 15:18:00,2464.85,9,71497,68106,2466.19,340634,-0.2
2021-06-16 15:18:01,2464.85,9,71497,68206,2466.19,340634,-0.2
2021-06-16 15:18:02,2464.8,23,71497,68165,2466.19,340634,-0.2
2021-06-16 15:18:03,2463.45,39,71546,67683,2466.18,340747,-0.25
2021-06-16 15:18:04,2463.45,39,71536,68090,2466.18,340747,-0.25
2021-06-16 15:18:04,2464.75,1,71536,68090,2466.18,340747,-0.2
2021-06-16 15:18:05,2464.75,1,71580,68182,2466.18,340750,-0.2
2021-06-16 15:18:06,2464.75,1,71415,68253,2466.18,340750,-0.2
2021-06-16 15:18:07,2464.75,1,71707,68195,2466.18,340750,-0.2
2021-06-16 15:18:08,2464.75,1,71716,68195,2466.18,340750,-0.2
2021-06-16 15:18:10,2464.75,1,71720,68190,2466.18,340750,-0.2
2021-06-16 15:18:11,2464.75,1,71720,68184,2466.18,340752,-0.2
2021-06-16 15:18:12,2464.75,1,71736,68184,2466.18,340752,-0.2
2021-06-16 15:18:13,2464.75,1,71736,68187,2466.18,340752,-0.2
2021-06-16 15:18:14,2464.75,1,71746,68283,2466.18,340752,-0.2
2021-06-16 15:18:15,2464.8,27,71775,68266,2466.18,340812,-0.2
2021-06-16 15:18:16,2464.8,27,71797,67867,2466.18,340812,-0.2
2021-06-16 15:18:17,2464.8,27,71799,67870,2466.18,340812,-0.2
2021-06-16 15:18:18,2464.8,27,71793,67871,2466.18,340812,-0.2
2021-06-16 15:18:19,2464.8,27,71418,68274,2466.18,340812,-0.2
2021-06-16 15:18:20,2464.8,3,71408,68268,2466.18,340845,-0.2
2021-06-16 15:18:21,2463.45,23,71773,68276,2466.18,340854,-0.25
2021-06-16 15:18:22,2463.45,23,71381,68167,2466.18,340879,-0.25
2021-06-16 15:18:23,2463.45,23,71373,68257,2466.18,340879,-0.25
2021-06-16 15:18:24,2463.45,23,71344,68175,2466.18,340879,-0.25
2021-06-16 15:18:25,2463.45,23,71345,68146,2466.18,340879,-0.25
2021-06-16 15:18:26,2463.45,23,71345,68168,2466.18,340879,-0.25
2021-06-16 15:18:27,2463.45,6,71330,68192,2466.18,340885,-0.25
2021-06-16 15:18:28,2464.8,6,71330,68192,2466.18,340885,-0.2
2021-06-16 15:18:28,2464.8,6,71742,68160,2466.18,340946,-0.2
2021-06-16 15:18:29,2464.8,6,71342,68160,2466.18,340946,-0.2
2021-06-16 15:18:30,2464.8,7,71342,68160,2466.18,340946,-0.2
2021-06-16 15:18:30,2464.8,10,71338,68145,2466.18,340991,-0.2
2021-06-16 15:18:32,2464.8,10,71338,68144,2466.18,340991,-0.2
2021-06-16 15:18:33,2464.8,10,71738,68148,2466.18,341001,-0.2
2021-06-16 15:18:34,2464.8,10,71730,68167,2466.18,341001,-0.2
2021-06-16 15:18:34,2464.8,10,71738,68167,2466.18,341001,-0.2
2021-06-16 15:18:35,2464.8,10,71738,68227,2466.18,341001,-0.2
2021-06-16 15:18:36,2464.8,10,71730,68230,2466.18,341001,-0.2
2021-06-16 15:18:38,2464.8,10,71731,68230,2466.18,341001,-0.2
2021-06-16 15:18:38,2464.7,1,71731,68207,2466.18,341002,-0.2
2021-06-16 15:18:39,2464.7,1,71331,68194,2466.18,341002,-0.2
2021-06-16 15:18:40,2464.7,1,71338,68170,2466.18,341002,-0.2
2021-06-16 15:18:41,2464.7,1,71338,68120,2466.18,341002,-0.2
2021-06-16 15:18:42,2464.7,5,71321,68128,2466.18,341035,-0.2
2021-06-16 15:18:45,2464.7,5,71320,68149,2466.18,341044,-0.2
2021-06-16 15:18:46,2463.0,78,71320,68154,2466.18,341044,-0.27
2021-06-16 15:18:47,2463.0,78,71196,68182,2466.18,341238,-0.27
2021-06-16 15:18:48,2463.0,78,71200,68185,2466.18,341238,-0.27
2021-06-16 15:18:49,2463.0,78,71206,68308,2466.18,341238,-0.27
2021-06-16 15:18:50,2463.55,2,71204,68308,2466.18,341288,-0.25
2021-06-16 15:18:51,2464.6,25,71203,68306,2466.18,341288,-0.21
2021-06-16 15:18:52,2464.6,25,71259,68284,2466.18,341313,-0.21
2021-06-16 15:18:53,2464.6,25,71259,68291,2466.18,341313,-0.21
2021-06-16 15:18:57,2464.6,25,71266,68292,2466.18,341313,-0.21
2021-06-16 15:18:58,2464.6,3,71266,68292,2466.18,341313,-0.21
2021-06-16 15:18:58,2464.6,3,71263,68289,2466.18,341327,-0.21
2021-06-16 15:18:59,2464.6,3,71269,68284,2466.18,341327,-0.21
2021-06-16 15:19:00,2463.0,20,71040,67907,2466.18,341590,-0.27
2021-06-16 15:19:01,2462.5,78,71040,67907,2466.18,341590,-0.29
2021-06-16 15:19:01,2462.5,78,70937,68256,2466.18,341690,-0.29
2021-06-16 15:19:02,2463.85,3,70937,68256,2466.18,341690,-0.24
2021-06-16 15:19:03,2463.9,1,70937,68307,2466.18,341696,-0.23
2021-06-16 15:19:04,2463.9,1,70937,68288,2466.18,341696,-0.23
2021-06-16 15:19:05,2463.9,3,70942,68285,2466.18,341699,-0.23
2021-06-16 15:19:06,2463.9,6,70973,68283,2466.18,341709,-0.23
2021-06-16 15:19:06,2462.5,2,70973,68283,2466.18,341709,-0.29
2021-06-16 15:19:07,2462.5,2,70891,68272,2466.18,341734,-0.29
2021-06-16 15:19:09,2462.5,2,70895,68271,2466.18,341734,-0.29
2021-06-16 15:19:11,2462.5,2,71008,67933,2466.18,341734,-0.29
2021-06-16 15:19:12,2462.5,2,70927,68140,2466.18,341734,-0.29
2021-06-16 15:19:13,2462.5,25,71328,68141,2466.18,341736,-0.29
2021-06-16 15:19:14,2462.5,25,71264,68081,2466.18,341796,-0.29
2021-06-16 15:19:15,2462.5,25,71285,68102,2466.18,341796,-0.29
2021-06-16 15:19:16,2463.65,4,71285,68102,2466.18,341796,-0.24
2021-06-16 15:19:16,2463.65,4,71246,68101,2466.18,341800,-0.24
2021-06-16 15:19:19,2463.65,4,71247,68101,2466.18,341800,-0.24
2021-06-16 15:19:21,2462.1,4,71242,68086,2466.18,341804,-0.31
2021-06-16 15:19:22,2462.1,4,71242,68081,2466.18,341804,-0.31
2021-06-16 15:19:23,2462.1,4,71242,68082,2466.18,341804,-0.31
2021-06-16 15:19:24,2463.25,19,71219,67647,2466.18,341882,-0.26
2021-06-16 15:19:25,2463.25,19,71246,68045,2466.18,341882,-0.26
2021-06-16 15:19:26,2463.25,19,71198,68044,2466.18,341882,-0.26
2021-06-16 15:19:28,2463.25,19,71202,68044,2466.18,341882,-0.26
2021-06-16 15:19:30,2462.4,12,71131,68095,2466.17,341959,-0.3
2021-06-16 15:19:31,2462.65,10,71131,68095,2466.17,341959,-0.29
2021-06-16 15:19:31,2462.65,10,71092,68054,2466.17,341969,-0.29
2021-06-16 15:19:32,2462.65,10,71098,68051,2466.17,341969,-0.29
2021-06-16 15:19:33,2462.65,10,71108,68068,2466.17,341969,-0.29
2021-06-16 15:19:34,2462.65,10,71108,68076,2466.17,341969,-0.29
2021-06-16 15:19:35,2462.1,5,70700,68072,2466.17,341974,-0.31
2021-06-16 15:19:36,2462.0,1,70700,68072,2466.17,341974,-0.31
2021-06-16 15:19:36,2462.0,1,70701,68072,2466.17,341976,-0.31
2021-06-16 15:19:37,2462.0,1,70701,68097,2466.17,341976,-0.31
2021-06-16 15:19:38,2462.0,1,70432,68100,2466.17,341976,-0.31
2021-06-16 15:19:39,2462.0,1,70756,68100,2466.17,341976,-0.31
2021-06-16 15:19:40,2462.0,1,70757,68100,2466.17,341976,-0.31
2021-06-16 15:19:41,2462.0,5,71136,68055,2466.17,342054,-0.31
2021-06-16 15:19:42,2462.0,5,71118,68087,2466.17,342054,-0.31
2021-06-16 15:19:46,2462.0,5,71136,68087,2466.17,342054,-0.31
2021-06-16 15:19:46,2461.9,10,71124,68090,2466.17,342064,-0.32
2021-06-16 15:19:47,2461.0,50,70591,68287,2466.17,342148,-0.35
2021-06-16 15:19:48,2461.65,4,70582,68348,2466.17,342152,-0.33
2021-06-16 15:19:49,2460.5,2,70446,67890,2466.17,342239,-0.37
2021-06-16 15:19:51,2460.5,2,70450,67832,2466.17,342239,-0.37
2021-06-16 15:19:51,2460.2,14,70450,67832,2466.17,342239,-0.38
2021-06-16 15:19:52,2460.2,14,70431,67820,2466.17,342265,-0.38
2021-06-16 15:19:52,2460.05,2,70431,67820,2466.17,342265,-0.39
2021-06-16 15:19:53,2460.05,2,70429,67793,2466.17,342321,-0.39
2021-06-16 15:19:54,2459.35,5,70429,67793,2466.17,342321,-0.42
2021-06-16 15:19:55,2460.0,16,70322,68208,2466.17,342439,-0.39
2021-06-16 15:19:56,2460.0,16,70703,67800,2466.17,342455,-0.39
2021-06-16 15:19:57,2459.3,1,70703,67800,2466.17,342455,-0.42
2021-06-16 15:19:57,2459.3,1,70702,67785,2466.17,342457,-0.42
2021-06-16 15:19:58,2459.3,1,70701,67787,2466.17,342458,-0.42
2021-06-16 15:19:59,2460.05,3,70421,67678,2466.17,342458,-0.39
2021-06-16 15:20:00,2460.8,16,70484,68022,2466.17,342513,-0.36
2021-06-16 15:20:01,2460.8,16,70537,67713,2466.17,342513,-0.36
2021-06-16 15:20:03,2461.15,153,70845,67561,2466.17,342514,-0.35
2021-06-16 15:20:03,2461.15,153,70534,67287,2466.16,342801,-0.35
2021-06-16 15:20:04,2461.15,153,70553,67287,2466.16,342801,-0.35
2021-06-16 15:20:05,2461.3,4,70553,67287,2466.16,342801,-0.34
2021-06-16 15:20:06,2461.3,4,70906,67454,2466.16,342813,-0.34
2021-06-16 15:20:06,2461.95,9,71222,67265,2466.16,342822,-0.31
2021-06-16 15:20:07,2461.95,3,70533,67234,2466.16,342822,-0.31
2021-06-16 15:20:09,2461.9,6,70786,67234,2466.16,342831,-0.32
2021-06-16 15:20:10,2462.8,41,71142,67584,2466.16,342831,-0.28
2021-06-16 15:20:10,2461.9,6,70538,67546,2466.16,343049,-0.32
2021-06-16 15:20:12,2461.9,6,70603,67164,2466.16,343049,-0.32
2021-06-16 15:20:12,2461.9,6,70579,67455,2466.16,343049,-0.32
2021-06-16 15:20:13,2463.4,7,70579,67455,2466.16,343049,-0.26
2021-06-16 15:20:13,2461.95,2,70608,67443,2466.16,343066,-0.31
2021-06-16 15:20:14,2461.95,2,70605,67443,2466.16,343066,-0.31
2021-06-16 15:20:15,2461.95,2,70834,67382,2466.16,343066,-0.31
2021-06-16 15:20:16,2461.95,2,70699,67419,2466.16,343066,-0.31
2021-06-16 15:20:17,2463.7,1,70853,67410,2466.16,343069,-0.24
2021-06-16 15:20:18,2463.85,18,71066,67410,2466.16,343107,-0.24
2021-06-16 15:20:19,2463.35,4,71066,67410,2466.16,343107,-0.26
2021-06-16 15:20:19,2462.15,2,70339,67516,2466.16,343136,-0.31
2021-06-16 15:20:21,2461.75,5,70339,67532,2466.16,343136,-0.32
2021-06-16 15:20:21,2461.75,5,70398,67371,2466.16,343173,-0.32
2021-06-16 15:20:22,2461.75,5,70396,67371,2466.16,343173,-0.32
2021-06-16 15:20:24,2461.75,5,70596,67371,2466.16,343173,-0.32
2021-06-16 15:20:24,2461.75,5,70146,67367,2466.16,343173,-0.32
2021-06-16 15:20:25,2461.75,5,70438,67367,2466.16,343173,-0.32
2021-06-16 15:20:26,2463.45,1,70413,67267,2466.16,343173,-0.25
2021-06-16 15:20:27,2463.45,9,70427,67248,2466.16,343187,-0.25
2021-06-16 15:20:28,2463.45,9,70234,66943,2466.16,343187,-0.25
2021-06-16 15:20:30,2463.45,9,70254,67229,2466.16,343187,-0.25
2021-06-16 15:20:31,2463.45,9,70654,67353,2466.16,343187,-0.25
2021-06-16 15:20:32,2462.05,4,71250,67371,2466.16,343239,-0.31
2021-06-16 15:20:33,2462.05,1,70731,67342,2466.16,343244,-0.31
2021-06-16 15:20:34,2462.05,1,70732,67420,2466.16,343244,-0.31
2021-06-16 15:20:36,2462.05,1,70751,67218,2466.16,343244,-0.31
2021-06-16 15:20:36,2462.05,1,71154,67219,2466.16,343244,-0.31
2021-06-16 15:20:37,2462.0,3,70850,67285,2466.16,343261,-0.31
2021-06-16 15:20:39,2462.0,3,70850,66708,2466.16,343261,-0.31
2021-06-16 15:20:39,2461.4,18,70519,67206,2466.16,343311,-0.34
2021-06-16 15:20:40,2462.0,4,70795,67235,2466.16,343315,-0.31
2021-06-16 15:20:42,2462.0,4,71195,67235,2466.16,343315,-0.31
2021-06-16 15:20:43,2462.0,4,71201,67235,2466.16,343315,-0.31
2021-06-16 15:20:44,2462.0,6,71151,67229,2466.15,343381,-0.31
2021-06-16 15:20:45,2462.15,12,71238,67721,2466.15,343401,-0.31
2021-06-16 15:20:46,2462.15,12,71219,67749,2466.15,343401,-0.31
2021-06-16 15:20:48,2462.15,12,71165,67714,2466.15,343401,-0.31
2021-06-16 15:20:49,2461.1,2,71165,67714,2466.15,343401,-0.35
2021-06-16 15:20:49,2461.1,1,71445,67679,2466.15,343406,-0.35
2021-06-16 15:20:51,2461.55,1,71443,67656,2466.15,343407,-0.33
2021-06-16 15:20:51,2461.55,1,71444,67456,2466.15,343407,-0.33
2021-06-16 15:20:52,2461.55,5,71446,67451,2466.15,343412,-0.33
2021-06-16 15:20:54,2461.55,5,71446,67500,2466.15,343412,-0.33
2021-06-16 15:20:55,2461.55,5,71444,67500,2466.15,343412,-0.33
2021-06-16 15:20:56,2461.55,4,71441,67461,2466.15,343442,-0.33
2021-06-16 15:20:57,2461.05,3,71441,67461,2466.15,343442,-0.35
2021-06-16 15:20:58,2461.05,100,70940,67352,2466.15,343658,-0.35
2021-06-16 15:20:59,2461.05,100,71305,67317,2466.15,343658,-0.35
2021-06-16 15:21:01,2461.05,100,71305,67302,2466.15,343658,-0.35
2021-06-16 15:21:02,2461.65,1,71305,67302,2466.15,343658,-0.33
2021-06-16 15:21:03,2461.65,1,71316,67301,2466.15,343659,-0.33
2021-06-16 15:21:03,2462.0,78,71316,67301,2466.15,343659,-0.31
2021-06-16 15:21:04,2462.0,78,70545,67143,2466.15,343759,-0.31
2021-06-16 15:21:05,2462.0,78,70510,67143,2466.15,343759,-0.31
2021-06-16 15:21:06,2462.3,5,70510,67143,2466.15,343759,-0.3
2021-06-16 15:21:06,2462.3,5,70143,67138,2466.15,343764,-0.3
2021-06-16 15:21:07,2462.3,5,70110,67138,2466.15,343764,-0.3
2021-06-16 15:21:08,2462.3,44,70114,67138,2466.15,343764,-0.3
2021-06-16 15:21:09,2462.3,44,70630,65566,2466.15,343808,-0.3
2021-06-16 15:21:10,2462.3,44,70287,65566,2466.15,343808,-0.3
2021-06-16 15:21:11,2462.95,1,70287,65566,2466.15,343809,-0.27
2021-06-16 15:21:12,2462.95,1,70277,65566,2466.15,343809,-0.27
2021-06-16 15:21:13,2463.0,13,70282,65553,2466.15,343834,-0.27
2021-06-16 15:21:14,2463.0,29,70282,65553,2466.15,343834,-0.27
2021-06-16 15:21:15,2463.0,23,70560,65492,2466.15,343890,-0.27
2021-06-16 15:21:16,2462.0,33,70930,65688,2466.15,343932,-0.31
2021-06-16 15:21:16,2462.0,33,70980,65641,2466.15,343932,-0.31
2021-06-16 15:21:17,2462.95,94,70980,65641,2466.15,343932,-0.27
2021-06-16 15:21:18,2462.95,2,70526,65291,2466.14,344315,-0.27
2021-06-16 15:21:19,2462.95,2,70526,65579,2466.14,344315,-0.27
2021-06-16 15:21:19,2462.95,2,70425,65480,2466.14,344315,-0.27
2021-06-16 15:21:21,2461.85,169,70177,65470,2466.14,344528,-0.32
2021-06-16 15:21:22,2461.85,169,69777,65470,2466.14,344528,-0.32
2021-06-16 15:21:22,2461.85,100,69677,65464,2466.14,344634,-0.32
2021-06-16 15:21:24,2462.95,2,70070,65473,2466.14,344636,-0.27
2021-06-16 15:21:25,2461.0,20,70026,65566,2466.14,344688,-0.35
2021-06-16 15:21:25,2462.95,23,69559,65486,2466.14,344788,-0.27
2021-06-16 15:21:27,2462.95,8,69647,65241,2466.14,344800,-0.27
2021-06-16 15:21:28,2462.95,8,69602,65479,2466.14,344800,-0.27
2021-06-16 15:21:29,2462.95,8,69581,65479,2466.14,344800,-0.27
2021-06-16 15:21:30,2462.9,1,69581,65078,2466.14,344801,-0.28
2021-06-16 15:21:31,2462.9,1,69574,65475,2466.14,344801,-0.28
2021-06-16 15:21:32,2461.8,24,69939,65626,2466.14,344925,-0.32
2021-06-16 15:21:33,2461.8,24,69520,65596,2466.14,344925,-0.32
2021-06-16 15:21:34,2461.8,24,69939,65479,2466.14,344925,-0.32
2021-06-16 15:21:34,2461.2,4,69939,65479,2466.14,344925,-0.34
2021-06-16 15:21:35,2461.2,4,69931,65524,2466.14,344933,-0.34
2021-06-16 15:21:36,2461.0,32,69494,65637,2466.14,345033,-0.35
2021-06-16 15:21:37,2461.0,32,69895,65655,2466.14,345033,-0.35
2021-06-16 15:21:37,2462.5,1,69922,65579,2466.13,345088,-0.29
2021-06-16 15:21:38,2461.15,4,69922,65507,2466.13,345092,-0.35
2021-06-16 15:21:40,2461.15,4,69927,65526,2466.13,345092,-0.35
2021-06-16 15:21:41,2461.15,1,69927,65526,2466.13,345092,-0.35
2021-06-16 15:21:42,2461.15,1,69925,65578,2466.13,345093,-0.35
2021-06-16 15:21:42,2461.15,1,69920,65551,2466.13,345093,-0.35
2021-06-16 15:21:43,2461.15,1,69920,65572,2466.13,345093,-0.35
2021-06-16 15:21:44,2461.1,7,69910,65576,2466.13,345103,-0.35
2021-06-16 15:21:45,2461.1,7,69910,65574,2466.13,345103,-0.35
2021-06-16 15:21:46,2461.1,7,69911,65619,2466.13,345103,-0.35
2021-06-16 15:21:47,2461.1,7,69911,65150,2466.13,345103,-0.35
2021-06-16 15:21:48,2461.1,7,69915,65578,2466.13,345103,-0.35
2021-06-16 15:21:49,2461.1,7,70340,64773,2466.13,345103,-0.35
2021-06-16 15:21:50,2462.25,3,69974,65159,2466.13,345137,-0.3
2021-06-16 15:21:51,2462.2,6,69573,65060,2466.13,345147,-0.3
2021-06-16 15:21:52,2462.2,6,69978,65060,2466.13,345147,-0.3
2021-06-16 15:21:54,2462.2,6,70378,65058,2466.13,345147,-0.3
2021-06-16 15:21:55,2462.2,6,69978,65058,2466.13,345147,-0.3
2021-06-16 15:21:55,2462.2,6,69981,65058,2466.13,345147,-0.3
2021-06-16 15:21:57,2462.2,6,69981,65121,2466.13,345147,-0.3
2021-06-16 15:21:58,2462.2,6,70781,65121,2466.13,345147,-0.3
2021-06-16 15:21:59,2462.2,6,69976,65121,2466.13,345147,-0.3
2021-06-16 15:22:00,2462.25,2,69976,65121,2466.13,345147,-0.3
2021-06-16 15:22:00,2462.25,2,69971,65121,2466.13,345150,-0.3
2021-06-16 15:22:01,2462.6,1,70817,64512,2466.13,345234,-0.29
2021-06-16 15:22:01,2461.9,1,70817,64512,2466.13,345234,-0.32
2021-06-16 15:22:02,2461.9,1,69517,64827,2466.13,345391,-0.32
2021-06-16 15:22:03,2461.9,1,69914,64850,2466.13,345391,-0.32
2021-06-16 15:22:04,2462.95,9,69902,64841,2466.13,345400,-0.27
2021-06-16 15:22:06,2462.95,9,69902,64835,2466.13,345400,-0.27
2021-06-16 15:22:06,2462.95,9,69526,64835,2466.13,345400,-0.27
2021-06-16 15:22:07,2462.95,9,69527,64835,2466.13,345400,-0.27
2021-06-16 15:22:08,2462.9,5,69527,64835,2466.13,345400,-0.28
2021-06-16 15:22:09,2462.9,5,70331,64860,2466.13,345405,-0.28
2021-06-16 15:22:10,2462.9,5,69931,64983,2466.13,345405,-0.28
2021-06-16 15:22:10,2462.0,15,70331,64983,2466.13,345405,-0.31
2021-06-16 15:22:12,2462.0,15,70316,64983,2466.13,345420,-0.31
2021-06-16 15:22:12,2462.85,5,70316,64983,2466.13,345420,-0.28
2021-06-16 15:22:13,2462.85,5,70272,64975,2466.13,345464,-0.28
2021-06-16 15:22:13,2462.85,5,70272,65000,2466.13,345464,-0.28
2021-06-16 15:22:15,2462.85,5,69863,65018,2466.13,345464,-0.28
2021-06-16 15:22:16,2462.85,5,70263,65010,2466.13,345464,-0.28
2021-06-16 15:22:18,2462.85,5,69463,65010,2466.13,345464,-0.28
2021-06-16 15:22:21,2462.85,5,69863,65011,2466.13,345464,-0.28
2021-06-16 15:22:22,2462.8,9,69863,65011,2466.13,345464,-0.28
2021-06-16 15:22:22,2462.8,9,69859,64743,2466.13,345497,-0.28
2021-06-16 15:22:24,2462.8,1,70259,64969,2466.13,345497,-0.28
2021-06-16 15:22:24,2462.8,1,70234,64969,2466.13,345498,-0.28
2021-06-16 15:22:25,2462.8,10,70234,64969,2466.13,345498,-0.28
2021-06-16 15:22:25,2462.75,1,70633,64970,2466.13,345509,-0.28
2021-06-16 15:22:28,2462.9,14,70233,64915,2466.13,345589,-0.28
2021-06-16 15:22:28,2462.9,14,70234,64915,2466.13,345589,-0.28
2021-06-16 15:22:30,2462.9,14,70238,64885,2466.13,345589,-0.28
2021-06-16 15:22:34,2462.85,10,70238,64885,2466.13,345599,-0.28
2021-06-16 15:22:35,2462.85,10,70271,64885,2466.13,345609,-0.28
2021-06-16 15:22:36,2462.85,10,70421,64879,2466.13,345609,-0.28
2021-06-16 15:22:37,2462.85,32,70413,64879,2466.13,345609,-0.28
2021-06-16 15:22:39,2462.85,32,70398,64980,2466.13,345641,-0.28
2021-06-16 15:22:40,2462.85,33,70398,64980,2466.13,345641,-0.28
2021-06-16 15:22:40,2462.85,7,70394,64980,2466.13,345674,-0.28
2021-06-16 15:22:41,2462.85,7,70394,64980,2466.13,345876,-0.28
2021-06-16 15:22:42,2462.85,1,70376,64871,2466.13,345877,-0.28
2021-06-16 15:22:46,2462.85,1,70406,64970,2466.13,345877,-0.28
2021-06-16 15:22:48,2462.85,18,70411,64971,2466.13,345895,-0.28
2021-06-16 15:22:51,2462.85,18,70415,64971,2466.13,345895,-0.28
2021-06-16 15:22:52,2462.85,18,70418,64971,2466.13,345895,-0.28
2021-06-16 15:22:53,2462.85,1,70418,64970,2466.13,345896,-0.28
2021-06-16 15:22:54,2462.85,9,70417,64971,2466.13,345905,-0.28
2021-06-16 15:22:55,2462.9,1,70417,64969,2466.13,345925,-0.28
2021-06-16 15:23:00,2462.8,33,70410,64994,2466.13,345961,-0.28
2021-06-16 15:23:01,2462.75,1,70397,64990,2466.13,345974,-0.28
2021-06-16 15:23:01,2462.8,22,70417,64990,2466.13,345974,-0.28
2021-06-16 15:23:02,2462.8,22,70355,64964,2466.13,346009,-0.28
2021-06-16 15:23:06,2462.75,3,70355,64964,2466.13,346009,-0.28
2021-06-16 15:23:06,2462.75,3,70355,64964,2466.13,346012,-0.28
2021-06-16 15:23:07,2462.75,3,70365,64964,2466.13,346012,-0.28
2021-06-16 15:23:09,2462.75,3,70369,64964,2466.13,346012,-0.28
2021-06-16 15:23:09,2462.75,5,70369,64964,2466.13,346012,-0.28
2021-06-16 15:23:10,2462.85,15,70369,64964,2466.13,346017,-0.28
2021-06-16 15:23:10,2462.85,15,70366,64945,2466.13,346051,-0.28
2021-06-16 15:23:12,2462.85,15,70354,64945,2466.13,346051,-0.28
2021-06-16 15:23:13,2462.8,10,70344,64953,2466.13,346061,-0.28
2021-06-16 15:23:13,2462.8,10,70349,64953,2466.13,346061,-0.28
2021-06-16 15:23:15,2462.85,7,70349,64972,2466.13,346061,-0.28
2021-06-16 15:23:16,2462.85,7,69929,64965,2466.12,346068,-0.28
2021-06-16 15:23:18,2462.85,7,70349,64965,2466.12,346068,-0.28
2021-06-16 15:23:18,2462.85,7,69944,64965,2466.12,346068,-0.28
2021-06-16 15:23:19,2462.85,1,69939,64959,2466.12,346074,-0.28
2021-06-16 15:23:21,2462.85,1,70338,64970,2466.12,346083,-0.28
2021-06-16 15:23:22,2462.85,4,70338,64966,2466.12,346087,-0.28
2021-06-16 15:23:24,2462.85,4,70338,64964,2466.12,346087,-0.28
2021-06-16 15:23:24,2462.85,4,70338,64894,2466.12,346087,-0.28
2021-06-16 15:23:25,2462.9,135,70338,64894,2466.12,346087,-0.28
2021-06-16 15:23:27,2462.8,18,69920,64645,2466.12,346505,-0.28
2021-06-16 15:23:27,2462.8,18,69920,64545,2466.12,346505,-0.28
2021-06-16 15:23:28,2462.8,18,69907,64546,2466.12,346505,-0.28
2021-06-16 15:23:30,2462.85,10,69898,64537,2466.12,346540,-0.28
2021-06-16 15:23:30,2462.8,50,69947,64537,2466.12,346590,-0.28
2021-06-16 15:23:31,2462.8,50,69948,64537,2466.12,346590,-0.28
2021-06-16 15:23:33,2464.45,13,70014,64457,2466.12,346990,-0.21
2021-06-16 15:23:34,2464.3,13,69989,64558,2466.12,346990,-0.22
2021-06-16 15:23:35,2464.3,13,69913,64676,2466.12,347023,-0.22
2021-06-16 15:23:36,2464.3,13,69909,64699,2466.12,347023,-0.22
2021-06-16 15:23:36,2464.2,10,69909,64699,2466.12,347023,-0.22
2021-06-16 15:23:37,2464.2,10,69913,64777,2466.12,347033,-0.22
2021-06-16 15:23:39,2464.2,10,69990,64685,2466.12,347033,-0.22
2021-06-16 15:23:39,2464.2,10,69990,64871,2466.12,347033,-0.22
2021-06-16 15:23:42,2464.2,10,69990,64872,2466.12,347033,-0.22
2021-06-16 15:23:45,2464.2,10,69990,64867,2466.12,347033,-0.22
2021-06-16 15:23:47,2464.2,10,69997,64866,2466.12,347033,-0.22
2021-06-16 15:23:48,2463.5,1,70244,65109,2466.12,347048,-0.25
2021-06-16 15:23:49,2463.5,1,70241,65109,2466.12,347048,-0.25
2021-06-16 15:23:52,2463.5,5,70234,65094,2466.12,347067,-0.25
2021-06-16 15:23:52,2464.05,11,70254,65095,2466.12,347092,-0.23
2021-06-16 15:23:54,2464.05,7,70239,65100,2466.12,347092,-0.23
2021-06-16 15:23:55,2462.8,51,70226,65208,2466.12,347099,-0.28
2021-06-16 15:23:55,2462.8,51,70165,65132,2466.12,347163,-0.28
2021-06-16 15:23:57,2463.8,31,70050,65143,2466.12,347194,-0.24
2021-06-16 15:23:58,2463.8,31,70050,65138,2466.12,347194,-0.24
2021-06-16 15:24:00,2463.8,31,70054,65121,2466.12,347194,-0.24
2021-06-16 15:24:01,2463.8,31,70009,64864,2466.12,347194,-0.24
2021-06-16 15:24:03,2463.8,31,70010,64864,2466.12,347194,-0.24
2021-06-16 15:24:04,2463.8,31,70000,64827,2466.12,347194,-0.24
2021-06-16 15:24:04,2463.8,31,70342,64827,2466.12,347194,-0.24
2021-06-16 15:24:06,2463.8,31,70353,64827,2466.12,347194,-0.24
2021-06-16 15:24:06,2463.95,3,70353,64827,2466.12,347194,-0.23
2021-06-16 15:24:10,2463.95,3,70310,64698,2466.12,347197,-0.23
2021-06-16 15:24:14,2464.0,25,70310,64698,2466.12,347197,-0.23
2021-06-16 15:24:15,2464.0,25,70329,64938,2466.12,347247,-0.23
2021-06-16 15:24:16,2463.6,20,70329,64938,2466.12,347247,-0.25
2021-06-16 15:24:18,2464.05,104,70329,64938,2466.12,347247,-0.23
2021-06-16 15:24:20,2463.8,3,69882,64766,2466.11,347438,-0.24
2021-06-16 15:24:22,2463.8,33,69882,64766,2466.11,347438,-0.24
2021-06-16 15:24:25,2463.8,33,69553,63870,2466.11,347536,-0.24
2021-06-16 15:24:25,2463.75,8,69553,63870,2466.11,347536,-0.24
2021-06-16 15:24:30,2463.75,8,69073,63870,2466.11,347544,-0.24
2021-06-16 15:24:34,2462.85,17,69073,63870,2466.11,347544,-0.28
2021-06-16 15:24:34,2463.6,1,69073,63870,2466.11,347544,-0.25
2021-06-16 15:24:35,2463.6,1,69149,63951,2466.11,347570,-0.25
2021-06-16 15:24:36,2463.25,16,69149,63951,2466.11,347570,-0.26
2021-06-16 15:24:39,2462.8,100,69149,63951,2466.11,347570,-0.28
2021-06-16 15:24:40,2462.95,100,69149,63951,2466.11,347570,-0.27
2021-06-16 15:24:40,2462.95,100,69035,64116,2466.11,347803,-0.27
2021-06-16 15:24:42,2462.8,2,69035,64116,2466.11,347803,-0.28
2021-06-16 15:24:45,2462.8,2,69473,64116,2466.11,347805,-0.28
2021-06-16 15:24:47,2462.95,2,69473,64116,2466.11,347805,-0.27
2021-06-16 15:24:50,2462.95,2,69528,64215,2466.11,347807,-0.27
2021-06-16 15:24:52,2462.8,1,69528,64215,2466.11,347807,-0.28
2021-06-16 15:24:55,2462.8,1,69531,64248,2466.11,347875,-0.28
2021-06-16 15:24:56,2462.9,28,69531,64248,2466.11,347875,-0.28
2021-06-16 15:25:00,2462.85,115,69531,64248,2466.11,347875,-0.28
2021-06-16 15:25:01,2462.0,11,69531,64248,2466.11,347875,-0.31
2021-06-16 15:25:02,2462.85,78,69531,64248,2466.11,347875,-0.28
2021-06-16 15:25:04,2462.05,25,69531,64248,2466.11,347875,-0.31
2021-06-16 15:25:06,2462.05,25,69937,63253,2466.11,348172,-0.31
2021-06-16 15:25:11,2462.05,25,69182,56048,2466.11,348172,-0.31
2021-06-16 15:25:13,2462.45,1,69182,56048,2466.11,348172,-0.29
2021-06-16 15:25:16,2462.4,3,69130,56047,2466.11,348173,-0.3
2021-06-16 15:25:20,2462.4,33,69130,56047,2466.11,348173,-0.3
2021-06-16 15:25:21,2462.4,25,69130,56047,2466.11,348173,-0.3
2021-06-16 15:25:21,2462.4,25,68885,54882,2466.11,348234,-0.3
2021-06-16 15:25:23,2460.2,24,68885,54882,2466.11,348234,-0.38
2021-06-16 15:25:24,2461.65,1,68885,54882,2466.11,348234,-0.33
2021-06-16 15:25:26,2461.7,3,68180,54728,2466.1,348738,-0.32
2021-06-16 15:25:31,2461.7,3,68612,54693,2466.1,348738,-0.32
2021-06-16 15:25:33,2461.45,1,68612,54693,2466.1,348738,-0.33
2021-06-16 15:25:34,2461.55,3,68612,54693,2466.1,348738,-0.33
2021-06-16 15:25:36,2461.55,3,68429,54742,2466.1,348747,-0.33
2021-06-16 15:25:42,2461.55,3,68459,54756,2466.1,348747,-0.33
2021-06-16 15:25:42,2461.65,7,68459,54756,2466.1,348747,-0.33
2021-06-16 15:25:44,2461.65,24,68459,54756,2466.1,348747,-0.33
2021-06-16 15:25:46,2461.9,1,68459,54756,2466.1,348747,-0.32
2021-06-16 15:25:46,2461.9,1,68443,54668,2466.1,348885,-0.32
2021-06-16 15:25:48,2461.3,30,68443,54668,2466.1,348885,-0.34
2021-06-16 15:25:52,2461.3,30,68411,54668,2466.1,348931,-0.34
2021-06-16 15:25:53,2461.9,2,68411,54668,2466.1,348931,-0.32
2021-06-16 15:25:54,2461.9,9,68411,54668,2466.1,348931,-0.32
2021-06-16 15:25:56,2461.9,24,68411,54668,2466.1,348931,-0.32
2021-06-16 15:25:57,2461.9,24,68294,54626,2466.1,349022,-0.32
2021-06-16 15:26:01,2461.45,5,68294,54626,2466.1,349022,-0.33
2021-06-16 15:26:01,2461.45,5,68361,54639,2466.1,349027,-0.33
2021-06-16 15:26:02,2461.45,2,68361,54639,2466.1,349027,-0.33
2021-06-16 15:26:07,2461.45,2,68288,54488,2466.1,349031,-0.33
2021-06-16 15:26:10,2462.0,1,68288,54488,2466.1,349031,-0.31
2021-06-16 15:26:12,2461.55,83,68228,54477,2466.09,349212,-0.33
2021-06-16 15:26:13,2462.0,33,68228,54477,2466.09,349212,-0.31
2021-06-16 15:26:18,2462.0,1,68314,54442,2466.09,349245,-0.31
2021-06-16 15:26:22,2462.0,1,68347,54450,2466.09,349246,-0.31
2021-06-16 15:26:27,2462.0,1,67806,54561,2466.09,349246,-0.31
2021-06-16 15:26:34,2462.0,1,67810,54641,2466.09,349246,-0.31
2021-06-16 15:26:34,2461.9,38,67810,54641,2466.09,349246,-0.32
2021-06-16 15:26:36,2461.95,20,67810,54641,2466.09,349246,-0.31
2021-06-16 15:26:37,2461.95,20,67719,54651,2466.09,349398,-0.31
2021-06-16 15:26:42,2461.95,20,67711,54631,2466.09,349398,-0.31
2021-06-16 15:26:45,2461.95,1,67711,54631,2466.09,349398,-0.31
2021-06-16 15:26:47,2461.95,1,67720,54653,2466.09,349499,-0.31
2021-06-16 15:26:48,2462.0,15,67720,54653,2466.09,349499,-0.31
2021-06-16 15:26:51,2461.95,11,67720,54653,2466.09,349499,-0.31
2021-06-16 15:26:52,2461.95,11,67680,54633,2466.09,349562,-0.31
2021-06-16 15:26:54,2462.0,18,67680,54633,2466.09,349562,-0.31
2021-06-16 15:26:55,2462.0,4,67680,54633,2466.09,349562,-0.31
2021-06-16 15:26:57,2462.0,4,67670,54621,2466.09,349584,-0.31
2021-06-16 15:27:00,2462.0,1,67670,54621,2466.09,349584,-0.31
2021-06-16 15:27:01,2461.9,17,67670,54621,2466.09,349584,-0.32
2021-06-16 15:27:02,2461.9,17,66285,53212,2466.09,349604,-0.32
2021-06-16 15:27:03,2461.95,10,66285,53212,2466.09,349604,-0.31
2021-06-16 15:27:08,2460.9,39,66007,53081,2466.09,349686,-0.36
2021-06-16 15:27:09,2461.85,2,66007,53081,2466.09,349686,-0.32
2021-06-16 15:27:10,2461.8,10,66007,53081,2466.09,349686,-0.32
2021-06-16 15:27:10,2460.95,5,66007,53081,2466.09,349686,-0.35
2021-06-16 15:27:12,2461.9,2,66007,53081,2466.09,349686,-0.32
2021-06-16 15:27:12,2461.9,2,66320,52313,2466.08,350152,-0.32
2021-06-16 15:27:13,2461.9,7,66320,52313,2466.08,350152,-0.32
2021-06-16 15:27:15,2461.0,8,66320,52313,2466.08,350152,-0.35
2021-06-16 15:27:16,2461.95,17,66320,52313,2466.08,350152,-0.31
2021-06-16 15:27:17,2461.95,5,67111,52185,2466.08,350253,-0.31
2021-06-16 15:27:21,2461.0,1,67111,52185,2466.08,350253,-0.35
2021-06-16 15:27:22,2461.0,1,66696,52551,2466.08,350303,-0.35
2021-06-16 15:27:24,2461.95,1,66696,52551,2466.08,350303,-0.31
2021-06-16 15:27:25,2462.0,30,66696,52551,2466.08,350303,-0.31
2021-06-16 15:27:27,2462.0,30,66697,52521,2466.08,350334,-0.31
2021-06-16 15:27:32,2462.0,1,66697,52521,2466.08,350334,-0.31
2021-06-16 15:27:33,2462.0,1,66706,52388,2466.08,350367,-0.31
2021-06-16 15:27:34,2461.95,1,66706,52388,2466.08,350367,-0.31
2021-06-16 15:27:38,2462.0,2,66696,52320,2466.08,350432,-0.31
2021-06-16 15:27:42,2461.9,17,66696,52320,2466.08,350432,-0.32
2021-06-16 15:27:43,2463.0,25,65855,52306,2466.08,350502,-0.27
2021-06-16 15:27:44,2461.9,429,65855,52306,2466.08,350502,-0.32
2021-06-16 15:27:48,2461.9,429,65984,52342,2466.07,351202,-0.32
2021-06-16 15:27:49,2466.7,139,65984,52342,2466.07,351202,-0.12
2021-06-16 15:27:52,2466.7,139,65688,52384,2466.07,351602,-0.12
2021-06-16 15:27:58,2466.35,2,65688,52384,2466.07,351602,-0.14
2021-06-16 15:28:01,2462.95,21,65628,52487,2466.07,351803,-0.27
2021-06-16 15:28:07,2465.0,1,64567,51889,2466.07,351807,-0.19
2021-06-16 15:28:08,2465.0,19,64567,51889,2466.07,351807,-0.19
2021-06-16 15:28:11,2465.0,19,65340,51471,2466.07,351826,-0.19
2021-06-16 15:28:13,2463.95,44,65340,51471,2466.07,351826,-0.23
2021-06-16 15:28:13,2464.0,40,65340,51471,2466.07,351826,-0.23
2021-06-16 15:28:15,2474.45,27,65340,51471,2466.07,351826,0.19
2021-06-16 15:28:16,2474.45,27,63949,51490,2466.07,352520,0.19
2021-06-16 15:28:18,2466.0,80,63949,51490,2466.07,352520,-0.15
2021-06-16 15:28:20,2466.0,80,63468,51518,2466.07,352605,-0.15
2021-06-16 15:28:21,2465.65,27,63468,51518,2466.07,352605,-0.16
2021-06-16 15:28:23,2466.0,4,63468,51518,2466.07,352605,-0.15
2021-06-16 15:28:25,2466.0,4,63513,51537,2466.07,352639,-0.15
2021-06-16 15:28:25,2466.0,25,63513,51537,2466.07,352639,-0.15
2021-06-16 15:28:26,2466.0,20,63513,51537,2466.07,352639,-0.15
2021-06-16 15:28:29,2466.0,20,63189,51631,2466.07,352714,-0.15
2021-06-16 15:28:31,2464.45,6,63189,51631,2466.07,352714,-0.21
2021-06-16 15:28:33,2464.45,6,62984,51639,2466.07,352720,-0.21
2021-06-16 15:28:38,2464.45,6,50888,51637,2466.07,352720,-0.21
2021-06-16 15:28:42,2467.5,14,50888,51637,2466.07,352720,-0.09
2021-06-16 15:28:43,2467.45,1,50888,51637,2466.07,352720,-0.09
2021-06-16 15:28:46,2467.45,10,50888,51637,2466.07,352720,-0.09
2021-06-16 15:28:47,2467.45,10,49392,50806,2466.07,352753,-0.09
2021-06-16 15:28:48,2463.4,4,49392,50806,2466.07,352753,-0.26
2021-06-16 15:28:49,2463.4,31,49392,50806,2466.07,352753,-0.26
2021-06-16 15:28:51,2463.4,31,49244,50188,2466.06,353547,-0.26
2021-06-16 15:28:52,2466.9,1,49244,50188,2466.06,353547,-0.11
2021-06-16 15:28:53,2466.75,2,49244,50188,2466.06,353547,-0.12
2021-06-16 15:28:55,2464.25,1,49244,50188,2466.06,353547,-0.22
2021-06-16 15:28:55,2464.25,1,51247,49966,2466.06,353682,-0.22
2021-06-16 15:29:00,2462.4,1,50786,49856,2466.06,353746,-0.3
2021-06-16 15:29:03,2464.2,2,50786,49856,2466.06,353746,-0.22
2021-06-16 15:29:03,2463.15,3,50786,49856,2466.06,353746,-0.27
2021-06-16 15:29:04,2464.2,3,50786,49856,2466.06,353746,-0.22
2021-06-16 15:29:06,2464.25,34,42133,38522,2466.06,353756,-0.22
2021-06-16 15:29:07,2463.25,5,42133,38522,2466.06,353756,-0.26
2021-06-16 15:29:08,2467.5,3,42133,38522,2466.06,353756,-0.09
2021-06-16 15:29:10,2467.5,3,34069,32022,2466.06,353841,-0.09
2021-06-16 15:29:12,2463.15,84,34069,32022,2466.06,353841,-0.27
2021-06-16 15:29:15,2463.15,84,34046,32022,2466.06,353928,-0.27
2021-06-16 15:29:19,2463.15,84,33466,31853,2466.06,353928,-0.27
2021-06-16 15:29:24,2463.15,84,33499,31853,2466.06,353928,-0.27
2021-06-16 15:29:25,2463.6,100,33499,31853,2466.06,353928,-0.25
2021-06-16 15:29:27,2466.2,29,33499,31853,2466.06,353928,-0.14
2021-06-16 15:29:29,2466.2,29,33544,31818,2466.06,354123,-0.14
2021-06-16 15:29:30,2463.6,10,33544,31818,2466.06,354123,-0.25
2021-06-16 15:29:33,2467.4,8,33544,31818,2466.06,354123,-0.09
2021-06-16 15:29:34,2467.4,8,33236,31554,2466.06,354162,-0.09
2021-06-16 15:29:35,2467.35,6,33236,31554,2466.06,354162,-0.1
2021-06-16 15:29:39,2467.35,6,33290,31535,2466.06,354187,-0.1
2021-06-16 15:29:39,2467.3,25,33290,31535,2466.06,354187,-0.1
2021-06-16 15:29:42,2468.0,2,33290,31535,2466.06,354187,-0.07
2021-06-16 15:29:43,2468.0,2,33345,31523,2466.06,354224,-0.07
2021-06-16 15:29:46,2468.0,8,33345,31523,2466.06,354224,-0.07
2021-06-16 15:29:48,2468.0,8,33313,31550,2466.06,354232,-0.07
2021-06-16 15:29:50,2467.35,4,33313,31550,2466.06,354232,-0.1
2021-06-16 15:29:53,2467.35,4,33257,31545,2466.06,354236,-0.1
2021-06-16 15:31:07,2467.35,4,32871,31545,2466.06,354236,-0.1
2021-06-16 15:37:09,2466.65,4,0,0,2466.06,354236,-0.12
2021-06-17 09:00:15,2466.65,3,2231,1818,0.0,46,0.0
2021-06-17 09:00:14,2466.65,3,2229,1680,0.0,46,0.0
2021-06-17 09:00:15,2466.65,3,2266,1835,0.0,46,0.0
2021-06-17 09:00:16,2466.65,3,2277,1842,0.0,46,0.0
2021-06-17 09:00:17,2466.65,3,2277,1889,0.0,46,0.0
2021-06-17 09:00:18,2466.65,3,2305,1889,0.0,46,0.0
2021-06-17 09:00:19,2466.65,3,2306,1889,0.0,46,0.0
2021-06-17 09:00:21,2466.65,3,2306,1984,0.0,46,0.0
2021-06-17 09:00:21,2466.65,3,2316,1999,0.0,46,0.0
2021-06-17 09:00:22,2466.65,3,2345,2023,0.0,46,0.0
2021-06-17 09:00:23,2466.65,3,2366,2025,0.0,46,0.0
2021-06-17 09:00:24,2466.65,3,2436,2025,0.0,84,0.0
2021-06-17 09:00:25,2466.65,3,2436,2028,0.0,84,0.0
