2021-06-15 06:40:36,1161.55,9,326,0,1163.57,69508,-0.49
2021-06-15 07:54:24,1161.55,9,0,0,0.0,0,0.0
2021-06-15 09:00:01,1161.55,9,1,226,0.0,0,0.0
2021-06-15 09:00:06,1161.55,9,971,939,0.0,286,0.0
2021-06-15 09:00:11,1161.55,9,1564,1168,0.0,530,0.0
2021-06-15 09:00:15,1161.55,9,2314,1506,0.0,878,0.0
2021-06-15 09:00:19,1161.55,9,2690,2836,0.0,1310,0.0
2021-06-15 09:00:24,1161.55,9,2840,3224,0.0,1389,0.0
2021-06-15 09:00:28,1161.55,9,2946,3314,0.0,1389,0.0
2021-06-15 09:00:33,1161.55,9,2950,3345,0.0,1394,0.0
2021-06-15 09:00:36,1161.55,9,2952,6046,0.0,1394,0.0
2021-06-15 09:00:39,1161.55,9,2952,6355,0.0,1394,0.0
2021-06-15 09:00:42,1161.55,9,2952,7370,0.0,1784,0.0
2021-06-15 09:00:45,1161.55,9,2954,7410,0.0,1784,0.0
2021-06-15 09:00:48,1161.55,9,2980,8010,0.0,1785,0.0
2021-06-15 09:00:51,1161.55,9,3033,8110,0.0,1786,0.0
2021-06-15 09:00:54,1161.55,9,3033,8200,0.0,1786,0.0
2021-06-15 09:00:57,1161.55,9,3033,8225,0.0,1786,0.0
2021-06-15 09:01:00,1161.55,9,3039,8225,0.0,1786,0.0
2021-06-15 09:01:03,1161.55,9,2939,8225,0.0,1686,0.0
2021-06-15 09:01:05,1161.55,9,2964,8403,0.0,1686,0.0
2021-06-15 09:01:08,1161.55,9,2966,8553,0.0,1686,0.0
2021-06-15 09:01:11,1161.55,9,3041,8553,0.0,1686,0.0
2021-06-15 09:01:17,1161.55,9,3041,8556,0.0,1686,0.0
2021-06-15 09:01:20,1161.55,9,3041,8598,0.0,1686,0.0
2021-06-15 09:01:25,1161.55,9,3043,8598,0.0,1688,0.0
2021-06-15 09:01:31,1161.55,9,3043,8614,0.0,1688,0.0
2021-06-15 09:01:34,1161.55,9,3068,8616,0.0,1688,0.0
2021-06-15 09:01:37,1161.55,9,3068,8643,0.0,1688,0.0
2021-06-15 09:01:40,1161.55,9,3122,8658,0.0,1688,0.0
2021-06-15 09:01:43,1161.55,9,3127,8668,0.0,1688,0.0
2021-06-15 09:01:46,1161.55,9,3127,8683,0.0,1688,0.0
2021-06-15 09:01:49,1161.55,9,3127,8754,0.0,1688,0.0
2021-06-15 09:01:52,1161.55,9,3727,8774,0.0,2288,0.0
2021-06-15 09:01:55,1161.55,9,3728,9574,0.0,2288,0.0
2021-06-15 09:01:58,1161.55,9,3851,9582,0.0,2288,0.0
2021-06-15 09:02:04,1161.55,9,3851,9607,0.0,2288,0.0
2021-06-15 09:02:06,1161.55,9,3905,9628,0.0,2288,0.0
2021-06-15 09:02:09,1161.55,9,3910,9636,0.0,2293,0.0
2021-06-15 09:02:12,1161.55,9,3935,9917,0.0,2314,0.0
2021-06-15 09:02:15,1161.55,9,3971,9937,0.0,2315,0.0
2021-06-15 09:02:19,1161.55,9,3971,9978,0.0,2315,0.0
2021-06-15 09:02:22,1161.55,9,3971,10107,0.0,2315,0.0
2021-06-15 09:02:25,1161.55,9,3986,10136,0.0,2315,0.0
2021-06-15 09:02:27,1161.55,9,4011,10436,0.0,2315,0.0
2021-06-15 09:02:30,1161.55,9,4016,10436,0.0,2320,0.0
2021-06-15 09:02:33,1161.55,9,4016,10456,0.0,2327,0.0
2021-06-15 09:02:36,1161.55,9,4017,10456,0.0,2327,0.0
2021-06-15 09:02:42,1161.55,9,4017,10516,0.0,2327,0.0
2021-06-15 09:02:45,1161.55,9,4517,10522,0.0,2327,0.0
2021-06-15 09:02:48,1161.55,9,4517,10539,0.0,2327,0.0
2021-06-15 09:02:51,1161.55,9,4517,10759,0.0,2327,0.0
2021-06-15 09:02:53,1161.55,9,4567,10769,0.0,2327,0.0
2021-06-15 09:02:56,1161.55,9,4567,10799,0.0,2327,0.0
2021-06-15 09:02:59,1161.55,9,4567,10999,0.0,2327,0.0
2021-06-15 09:03:04,1161.55,9,4567,11073,0.0,2327,0.0
2021-06-15 09:03:07,1161.55,9,4570,11073,0.0,2330,0.0
2021-06-15 09:03:10,1161.55,9,5093,11173,0.0,2803,0.0
2021-06-15 09:03:13,1161.55,9,5093,11190,0.0,2803,0.0
2021-06-15 09:03:15,1161.55,9,5195,11222,0.0,2803,0.0
2021-06-15 09:03:18,1161.55,9,5195,11272,0.0,2803,0.0
2021-06-15 09:03:21,1161.55,9,5195,11352,0.0,2803,0.0
2021-06-15 09:03:26,1161.55,9,5195,11358,0.0,2803,0.0
2021-06-15 09:03:32,1161.55,9,5295,11459,0.0,2903,0.0
2021-06-15 09:03:34,1161.55,9,5295,11464,0.0,2903,0.0
2021-06-15 09:03:40,1161.55,9,5325,11514,0.0,2903,0.0
2021-06-15 09:03:42,1161.55,9,5325,11854,0.0,2903,0.0
2021-06-15 09:03:45,1161.55,9,5325,11858,0.0,2903,0.0
2021-06-15 09:03:50,1161.55,9,4836,11895,0.0,2431,0.0
2021-06-15 09:03:52,1161.55,9,4836,11900,0.0,2431,0.0
2021-06-15 09:03:55,1161.55,9,4836,12023,0.0,2431,0.0
2021-06-15 09:03:58,1161.55,9,4856,12023,0.0,2431,0.0
2021-06-15 09:04:03,1161.55,9,4856,12033,0.0,2431,0.0
2021-06-15 09:04:05,1161.55,9,4856,12123,0.0,2431,0.0
2021-06-15 09:04:10,1161.55,9,4876,12126,0.0,2451,0.0
2021-06-15 09:04:13,1161.55,9,4876,12178,0.0,2451,0.0
2021-06-15 09:04:15,1161.55,9,4926,12378,0.0,2451,0.0
2021-06-15 09:04:18,1161.55,9,4926,12879,0.0,2451,0.0
2021-06-15 09:04:21,1161.55,9,4926,12904,0.0,2451,0.0
2021-06-15 09:04:22,1161.55,9,4927,12989,0.0,2452,0.0
2021-06-15 09:04:25,1161.55,9,4957,13014,0.0,2482,0.0
2021-06-15 09:04:28,1161.55,9,5005,13014,0.0,2530,0.0
2021-06-15 09:04:30,1161.55,9,5005,13314,0.0,2530,0.0
2021-06-15 09:04:33,1161.55,9,5005,14315,0.0,2530,0.0
2021-06-15 09:04:35,1161.55,9,5015,14315,0.0,2530,0.0
2021-06-15 09:04:42,1161.55,9,5015,14387,0.0,2530,0.0
2021-06-15 09:04:45,1161.55,9,5045,14412,0.0,2560,0.0
2021-06-15 09:04:48,1161.55,9,5095,14412,0.0,2560,0.0
2021-06-15 09:04:50,1161.55,9,5095,14422,0.0,2560,0.0
2021-06-15 09:04:52,1161.55,9,5164,14472,0.0,2560,0.0
2021-06-15 09:04:54,1161.55,9,5164,14522,0.0,2560,0.0
2021-06-15 09:04:57,1161.55,9,5164,14022,0.0,2560,0.0
2021-06-15 09:05:00,1161.55,9,5194,14022,0.0,2565,0.0
2021-06-15 09:05:01,1161.55,9,5344,14022,0.0,2665,0.0
2021-06-15 09:05:09,1161.55,9,5344,14042,0.0,2665,0.0
2021-06-15 09:05:21,1161.55,9,5344,14224,0.0,2665,0.0
2021-06-15 09:05:24,1161.55,9,5344,14274,0.0,2665,0.0
2021-06-15 09:05:26,1161.55,9,5344,14324,0.0,2665,0.0
2021-06-15 09:05:28,1161.55,9,5344,14326,0.0,2665,0.0
2021-06-15 09:05:31,1161.55,9,5353,14326,0.0,2674,0.0
2021-06-15 09:05:39,1161.55,9,5362,14326,0.0,2683,0.0
2021-06-15 09:05:41,1161.55,9,5363,14326,0.0,2684,0.0
2021-06-15 09:05:43,1161.55,9,5413,14326,0.0,2684,0.0
2021-06-15 09:05:46,1161.55,9,5414,14326,0.0,2734,0.0
2021-06-15 09:05:48,1161.55,9,5414,14327,0.0,2734,0.0
2021-06-15 09:05:51,1161.55,9,5505,14323,0.0,2734,0.0
2021-06-15 09:05:53,1161.55,9,5510,14348,0.0,2739,0.0
2021-06-15 09:05:55,1161.55,9,5509,14348,0.0,2738,0.0
2021-06-15 09:05:58,1161.55,9,5505,14379,0.0,2734,0.0
2021-06-15 09:06:00,1161.55,9,5505,14810,0.0,2734,0.0
2021-06-15 09:06:02,1161.55,9,5545,14835,0.0,2774,0.0
2021-06-15 09:06:09,1161.55,9,5545,14902,0.0,2774,0.0
2021-06-15 09:06:10,1161.55,9,5550,14921,0.0,2774,0.0
2021-06-15 09:06:17,1161.55,9,5550,15029,0.0,2774,0.0
2021-06-15 09:06:21,1161.55,9,5550,15231,0.0,2774,0.0
2021-06-15 09:06:23,1161.55,9,5549,15231,0.0,2774,0.0
2021-06-15 09:06:28,1161.55,9,5569,15246,0.0,2774,0.0
2021-06-15 09:06:30,1161.55,9,5569,15246,0.0,2794,0.0
2021-06-15 09:06:34,1161.55,9,5594,15261,0.0,2819,0.0
2021-06-15 09:06:37,1161.55,9,5614,15435,0.0,2839,0.0
2021-06-15 09:06:39,1161.55,9,5614,15460,0.0,2839,0.0
2021-06-15 09:06:43,1161.55,9,5714,15460,0.0,2839,0.0
2021-06-15 09:06:46,1161.55,9,5743,15460,0.0,2838,0.0
2021-06-15 09:06:54,1161.55,9,5661,15547,0.0,2833,0.0
2021-06-15 09:07:00,1161.55,9,5671,15547,0.0,2933,0.0
2021-06-15 09:07:01,1161.55,9,5671,15577,0.0,2933,0.0
2021-06-15 09:07:03,1161.55,9,5671,15577,0.0,2863,0.0
2021-06-15 09:07:07,1150.0,172,5671,15577,0.0,2863,-0.99
2021-06-15 09:07:09,1150.0,172,2808,12714,1150.0,2863,-0.99
2021-06-15 09:15:01,1149.9,23,2808,12714,1150.0,2863,-1.0
2021-06-15 09:15:02,1128.0,15,2808,12714,1150.0,2863,-2.89
2021-06-15 09:15:03,1129.9,2,2808,12714,1150.0,2863,-2.72
2021-06-15 09:15:06,1129.75,8,2102,13512,1146.17,4701,-2.74
2021-06-15 09:15:06,1121.8,12,2102,13512,1146.17,4701,-3.42
2021-06-15 09:15:07,1128.35,13,2102,13512,1146.17,4701,-2.86
2021-06-15 09:15:08,1128.0,10,2102,13512,1146.17,4701,-2.89
2021-06-15 09:15:09,1129.65,2,2102,13512,1146.17,4701,-2.75
2021-06-15 09:15:10,1130.0,313,2102,13512,1146.17,4701,-2.72
2021-06-15 09:15:12,1129.85,5,2219,16347,1143.17,5625,-2.73
2021-06-15 09:15:12,1130.0,128,2219,16347,1143.17,5625,-2.72
2021-06-15 09:15:13,1129.05,16,2219,16347,1143.17,5625,-2.8
2021-06-15 09:15:14,1130.0,5,2219,16347,1143.17,5625,-2.72
2021-06-15 09:15:15,1133.95,14,2219,16347,1143.17,5625,-2.38
2021-06-15 09:15:15,1133.9,3,2219,16347,1143.17,5625,-2.38
2021-06-15 09:15:16,1134.0,2,2219,16347,1143.17,5625,-2.37
2021-06-15 09:15:18,1128.45,2,2219,16347,1143.17,5625,-2.85
2021-06-15 09:15:18,1127.15,25,2851,16266,1141.19,6613,-2.96
2021-06-15 09:15:19,1130.0,25,2851,16266,1141.19,6613,-2.72
2021-06-15 09:15:19,1126.5,11,2851,16266,1141.19,6613,-3.02
2021-06-15 09:15:21,1130.0,46,2851,16266,1141.19,6613,-2.72
2021-06-15 09:15:21,1130.0,5,2851,16266,1141.19,6613,-2.72
2021-06-15 09:15:22,1126.85,5,2851,16266,1141.19,6613,-2.99
2021-06-15 09:15:24,1128.6,7,2851,16266,1141.19,6613,-2.84
2021-06-15 09:15:24,1128.6,7,3143,16326,1140.39,7083,-2.84
2021-06-15 09:15:25,1130.0,16,3143,16326,1140.39,7083,-2.72
2021-06-15 09:15:27,1127.05,5,3143,16326,1140.39,7083,-2.97
2021-06-15 09:15:28,1129.95,5,3143,16326,1140.39,7083,-2.72
2021-06-15 09:15:29,1130.0,55,3143,16326,1140.39,7083,-2.72
2021-06-15 09:15:30,1130.0,55,3477,16305,1140.25,7178,-2.72
2021-06-15 09:15:31,1129.3,13,3477,16305,1140.25,7178,-2.78
2021-06-15 09:15:33,1101.05,33,3477,16305,1140.25,7178,-5.21
2021-06-15 09:15:34,1122.75,3,3477,16305,1140.25,7178,-3.34
2021-06-15 09:15:35,1123.6,5,3477,16305,1140.25,7178,-3.27
2021-06-15 09:15:35,1123.6,5,2922,16672,1136.36,8979,-3.27
2021-06-15 09:15:36,1121.25,25,2922,16672,1136.36,8979,-3.47
2021-06-15 09:15:37,1123.3,1,2922,16672,1136.36,8979,-3.29
2021-06-15 09:15:38,1117.3,18,2922,16672,1136.36,8979,-3.81
2021-06-15 09:15:39,1122.05,26,2922,16672,1136.36,8979,-3.4
2021-06-15 09:15:40,1122.05,26,2941,16915,1134.72,9748,-3.4
2021-06-15 09:15:41,1118.85,5,2941,16915,1134.72,9748,-3.68
2021-06-15 09:15:42,1119.75,4,2941,16915,1134.72,9748,-3.6
2021-06-15 09:15:42,1119.75,26,2941,16915,1134.72,9748,-3.6
2021-06-15 09:15:43,1114.55,4,2941,16915,1134.72,9748,-4.05
2021-06-15 09:15:45,1113.75,28,2941,16915,1134.72,9748,-4.12
2021-06-15 09:15:46,1113.75,28,3687,17298,1132.8,10615,-4.12
2021-06-15 09:15:47,1113.05,20,3687,17298,1132.8,10615,-4.18
2021-06-15 09:15:48,1112.1,2,3687,17298,1132.8,10615,-4.26
2021-06-15 09:15:48,1112.0,10,3687,17298,1132.8,10615,-4.27
2021-06-15 09:15:49,1104.95,5,3687,17298,1132.8,10615,-4.87
2021-06-15 09:15:51,1103.95,1,3747,17249,1131.76,11040,-4.96
2021-06-15 09:15:52,1105.0,50,3747,17249,1131.76,11040,-4.87
2021-06-15 09:15:52,1105.0,16,3747,17249,1131.76,11040,-4.87
2021-06-15 09:15:54,1105.0,1,3747,17249,1131.76,11040,-4.87
2021-06-15 09:15:56,1105.0,10,4992,17399,1129.84,11890,-4.87
2021-06-15 09:15:57,1111.95,10,4992,17399,1129.84,11890,-4.27
2021-06-15 09:15:58,1108.5,2,4992,17399,1129.84,11890,-4.57
2021-06-15 09:15:58,1111.95,1,4992,17399,1129.84,11890,-4.27
2021-06-15 09:16:00,1114.2,8,4992,17399,1129.84,11890,-4.08
2021-06-15 09:16:00,1108.6,25,5337,17321,1127.95,12984,-4.56
2021-06-15 09:16:02,1114.3,5,5337,17321,1127.95,12984,-4.07
2021-06-15 09:16:03,1114.6,5,5337,17321,1127.95,12984,-4.04
2021-06-15 09:16:03,1109.1,33,5337,17321,1127.95,12984,-4.52
2021-06-15 09:16:04,1114.6,5,5862,17231,1127.42,13449,-4.04
2021-06-15 09:16:06,1114.3,5,5862,17231,1127.42,13449,-4.07
2021-06-15 09:16:07,1114.7,22,5862,17231,1127.42,13449,-4.03
2021-06-15 09:16:08,1114.7,1,5862,17231,1127.42,13449,-4.03
2021-06-15 09:16:09,1115.1,50,5862,17231,1127.42,13449,-4.0
2021-06-15 09:16:09,1115.75,5,6327,17139,1126.65,14233,-3.94
2021-06-15 09:16:11,1116.6,13,6327,17139,1126.65,14233,-3.87
2021-06-15 09:16:14,1116.6,13,6409,17721,1126.64,14246,-3.87
2021-06-15 09:16:15,1118.85,5,6409,17721,1126.64,14246,-3.68
2021-06-15 09:16:16,1117.7,8,6409,17721,1126.64,14246,-3.78
2021-06-15 09:16:18,1116.75,11,6355,17691,1126.49,14632,-3.86
2021-06-15 09:16:19,1123.65,2,6355,17691,1126.49,14632,-3.26
2021-06-15 09:16:22,1119.6,4,6355,17691,1126.49,14632,-3.61
2021-06-15 09:16:23,1123.65,1,6355,17691,1126.49,14632,-3.26
2021-06-15 09:16:23,1123.65,1,6846,17381,1126.39,14956,-3.26
2021-06-15 09:16:24,1123.7,1,6846,17381,1126.39,14956,-3.26
2021-06-15 09:16:26,1125.0,54,6846,17381,1126.39,14956,-3.15
2021-06-15 09:16:27,1126.6,1,6846,17381,1126.39,14956,-3.01
2021-06-15 09:16:28,1123.3,4,7024,17456,1126.37,15108,-3.29
2021-06-15 09:16:28,1127.15,3,7024,17456,1126.37,15108,-2.96
2021-06-15 09:16:30,1129.5,3,7024,17456,1126.37,15108,-2.76
2021-06-15 09:16:31,1127.95,1,7024,17456,1126.37,15108,-2.89
2021-06-15 09:16:33,1127.35,1,7644,17630,1126.38,15252,-2.94
2021-06-15 09:16:33,1127.35,3,7644,17630,1126.38,15252,-2.94
2021-06-15 09:16:36,1125.05,5,7644,17630,1126.38,15252,-3.14
2021-06-15 09:16:36,1125.15,13,7644,17630,1126.38,15252,-3.13
2021-06-15 09:16:37,1125.15,13,7714,18132,1126.38,15288,-3.13
2021-06-15 09:16:37,1125.4,10,7714,18132,1126.38,15288,-3.11
2021-06-15 09:16:39,1128.65,2,7714,18132,1126.38,15288,-2.83
2021-06-15 09:16:39,1130.0,54,7714,18132,1126.38,15288,-2.72
2021-06-15 09:16:41,1129.9,5,8242,18068,1126.41,15737,-2.72
2021-06-15 09:16:42,1127.35,13,8242,18068,1126.41,15737,-2.94
2021-06-15 09:16:42,1126.75,236,8242,18068,1126.41,15737,-3.0
2021-06-15 09:16:44,1127.35,1,8242,18068,1126.41,15737,-2.94
2021-06-15 09:16:45,1130.0,7,8242,18068,1126.41,15737,-2.72
2021-06-15 09:16:45,1127.0,30,8242,18068,1126.41,15737,-2.97
2021-06-15 09:16:46,1127.45,5,7955,19085,1126.47,16762,-2.94
2021-06-15 09:16:47,1126.55,10,7955,19085,1126.47,16762,-3.01
2021-06-15 09:16:49,1128.8,3,7955,19085,1126.47,16762,-2.82
2021-06-15 09:16:49,1129.0,20,7955,19085,1126.47,16762,-2.8
2021-06-15 09:16:50,1129.0,20,8058,19055,1126.47,16814,-2.8
2021-06-15 09:16:52,1126.0,100,8058,19055,1126.47,16814,-3.06
2021-06-15 09:16:53,1125.1,13,8058,19055,1126.47,16814,-3.14
2021-06-15 09:16:54,1121.7,34,8058,19055,1126.47,16814,-3.43
2021-06-15 09:16:54,1120.2,2,8058,19055,1126.47,16814,-3.56
2021-06-15 09:16:55,1124.6,2,7929,19086,1126.25,17949,-3.18
2021-06-15 09:16:55,1124.4,10,7929,19086,1126.25,17949,-3.2
2021-06-15 09:16:57,1122.6,3,7929,19086,1126.25,17949,-3.35
2021-06-15 09:16:59,1119.3,34,7963,17396,1126.24,17982,-3.64
2021-06-15 09:17:00,1119.3,6,7963,17396,1126.24,17982,-3.64
2021-06-15 09:17:00,1122.3,5,7963,17396,1126.24,17982,-3.38
2021-06-15 09:17:01,1121.9,2,7963,17396,1126.24,17982,-3.41
2021-06-15 09:17:03,1121.9,2,7932,17554,1126.17,18179,-3.41
2021-06-15 09:17:06,1119.85,6,7932,17554,1126.17,18179,-3.59
2021-06-15 09:17:07,1119.95,5,7932,17554,1126.17,18179,-3.58
2021-06-15 09:17:07,1120.0,50,7890,17626,1126.11,18355,-3.58
2021-06-15 09:17:09,1117.0,5,7890,17626,1126.11,18355,-3.84
2021-06-15 09:17:12,1117.0,5,7868,17747,1126.07,18455,-3.84
2021-06-15 09:17:14,1122.75,6,7868,17747,1126.07,18455,-3.34
2021-06-15 09:17:16,1116.8,2,7868,17747,1126.07,18455,-3.85
2021-06-15 09:17:17,1116.8,2,7835,18179,1125.9,18787,-3.85
2021-06-15 09:17:18,1121.15,10,7835,18179,1125.9,18787,-3.48
2021-06-15 09:17:20,1120.95,12,7835,18179,1125.9,18787,-3.5
2021-06-15 09:17:21,1120.7,1,8196,18167,1125.85,18959,-3.52
2021-06-15 09:17:22,1120.7,8,8196,18167,1125.85,18959,-3.52
2021-06-15 09:17:23,1120.5,10,8196,18167,1125.85,18959,-3.53
2021-06-15 09:17:24,1120.45,3,8196,18167,1125.85,18959,-3.54
2021-06-15 09:17:25,1120.35,3,8196,18167,1125.85,18959,-3.55
2021-06-15 09:17:25,1120.35,3,8275,18315,1125.83,19060,-3.55
2021-06-15 09:17:27,1120.25,2,8275,18315,1125.83,19060,-3.56
2021-06-15 09:17:28,1120.25,5,8275,18315,1125.83,19060,-3.56
2021-06-15 09:17:29,1117.55,1,8275,18315,1125.83,19060,-3.79
2021-06-15 09:17:30,1117.55,1,8211,18536,1125.81,19120,-3.79
2021-06-15 09:17:32,1119.9,9,8211,18536,1125.81,19120,-3.59
2021-06-15 09:17:33,1119.95,2,8211,18536,1125.81,19120,-3.58
2021-06-15 09:17:34,1117.55,25,8306,18597,1125.79,19157,-3.79
2021-06-15 09:17:36,1120.0,25,8306,18597,1125.79,19157,-3.58
2021-06-15 09:17:37,1120.0,100,8306,18597,1125.79,19157,-3.58
2021-06-15 09:17:38,1118.15,3,8306,18597,1125.79,19157,-3.74
2021-06-15 09:17:39,1118.0,23,8699,18467,1125.7,19463,-3.75
2021-06-15 09:17:43,1120.0,10,8726,18574,1125.69,19484,-3.58
2021-06-15 09:17:47,1126.15,22,8726,18574,1125.69,19484,-3.05
2021-06-15 09:17:48,1128.65,5,8726,18574,1125.69,19484,-2.83
2021-06-15 09:17:49,1124.4,11,8726,18574,1125.69,19484,-3.2
2021-06-15 09:17:51,1128.6,1,9025,18105,1125.61,20445,-2.84
2021-06-15 09:17:52,1129.2,69,9025,18105,1125.61,20445,-2.79
2021-06-15 09:17:54,1129.65,3,9025,18105,1125.61,20445,-2.75
2021-06-15 09:17:55,1129.65,2,9025,18105,1125.61,20445,-2.75
2021-06-15 09:17:57,1122.0,14,9182,18142,1125.65,20934,-3.4
2021-06-15 09:17:58,1127.85,4,9182,18142,1125.65,20934,-2.9
2021-06-15 09:18:00,1126.3,1,9040,18265,1125.65,20983,-3.03
2021-06-15 09:18:00,1127.55,5,9040,18265,1125.65,20983,-2.93
2021-06-15 09:18:02,1127.7,31,9040,18265,1125.65,20983,-2.91
2021-06-15 09:18:04,1127.7,31,9041,18347,1125.66,21088,-2.91
2021-06-15 09:18:08,1126.5,16,9041,18347,1125.66,21088,-3.02
2021-06-15 09:18:09,1126.5,16,9160,18327,1125.66,21113,-3.02
2021-06-15 09:18:12,1125.0,5,9160,18327,1125.66,21113,-3.15
2021-06-15 09:18:12,1127.0,47,9236,18244,1125.68,21688,-2.97
2021-06-15 09:18:13,1129.2,2,9236,18244,1125.68,21688,-2.79
2021-06-15 09:18:15,1126.7,3,9236,18244,1125.68,21688,-3.0
2021-06-15 09:18:17,1129.15,20,9236,18244,1125.68,21688,-2.79
2021-06-15 09:18:18,1127.05,4,9376,18321,1125.69,21787,-2.97
2021-06-15 09:18:18,1129.95,1,9376,18321,1125.69,21787,-2.72
2021-06-15 09:18:19,1130.0,14,9376,18321,1125.69,21787,-2.72
2021-06-15 09:18:21,1129.2,10,9376,18321,1125.69,21787,-2.79
2021-06-15 09:18:21,1129.2,10,9948,18578,1125.72,22008,-2.79
2021-06-15 09:18:23,1129.6,3,9948,18578,1125.72,22008,-2.75
2021-06-15 09:18:24,1129.6,25,9948,18578,1125.72,22008,-2.75
2021-06-15 09:18:25,1127.05,118,10216,18722,1125.73,22167,-2.97
2021-06-15 09:18:26,1126.5,10,10216,18722,1125.73,22167,-3.02
2021-06-15 09:18:27,1127.05,2,10216,18722,1125.73,22167,-2.97
2021-06-15 09:18:27,1127.05,1,10216,18722,1125.73,22167,-2.97
2021-06-15 09:18:29,1126.0,10,10248,18818,1125.73,22270,-3.06
2021-06-15 09:18:30,1127.05,5,10248,18818,1125.73,22270,-2.97
2021-06-15 09:18:30,1127.05,6,10248,18818,1125.73,22270,-2.97
2021-06-15 09:18:32,1127.05,20,10248,18818,1125.73,22270,-2.97
2021-06-15 09:18:33,1126.5,1,10248,18818,1125.73,22270,-3.02
2021-06-15 09:18:33,1126.5,1,10336,18695,1125.74,22398,-3.02
2021-06-15 09:18:35,1126.5,2,10336,18695,1125.74,22398,-3.02
2021-06-15 09:18:36,1126.05,18,10336,18695,1125.74,22398,-3.06
2021-06-15 09:18:36,1127.05,50,10336,18695,1125.74,22398,-2.97
2021-06-15 09:18:38,1127.65,5,10449,18698,1125.75,22551,-2.92
2021-06-15 09:18:39,1128.55,10,10449,18698,1125.75,22551,-2.84
2021-06-15 09:18:40,1126.5,50,10449,18698,1125.75,22551,-3.02
2021-06-15 09:18:42,1126.5,50,12205,18779,1125.75,22662,-3.02
2021-06-15 09:18:45,1126.5,3,12205,18779,1125.75,22662,-3.02
2021-06-15 09:18:45,1126.5,3,12153,18761,1125.75,22730,-3.02
2021-06-15 09:18:47,1126.05,1,12153,18761,1125.75,22730,-3.06
2021-06-15 09:18:48,1127.0,3,12153,18761,1125.75,22730,-2.97
2021-06-15 09:18:50,1127.05,8,12146,18833,1125.76,22753,-2.97
2021-06-15 09:18:52,1127.95,10,12146,18833,1125.76,22753,-2.89
2021-06-15 09:18:53,1128.75,1,12146,18833,1125.76,22753,-2.82
2021-06-15 09:18:54,1126.9,15,12231,18968,1125.77,22904,-2.98
2021-06-15 09:18:55,1128.75,2,12231,18968,1125.77,22904,-2.82
2021-06-15 09:18:57,1127.05,1,12254,18987,1125.77,22907,-2.97
2021-06-15 09:19:00,1128.55,18,12254,18987,1125.77,22907,-2.84
2021-06-15 09:19:02,1126.15,3,12153,19085,1125.76,23431,-3.05
2021-06-15 09:19:05,1123.8,5,12153,19085,1125.76,23431,-3.25
2021-06-15 09:19:06,1123.8,5,12169,19481,1125.76,23440,-3.25
2021-06-15 09:19:08,1126.8,17,12169,19481,1125.76,23440,-2.99
2021-06-15 09:19:09,1127.05,1,12169,19481,1125.76,23440,-2.97
2021-06-15 09:19:10,1127.05,1,12362,19534,1125.76,23507,-2.97
2021-06-15 09:19:11,1128.0,134,12362,19534,1125.76,23507,-2.89
2021-06-15 09:19:12,1128.65,11,12362,19534,1125.76,23507,-2.83
2021-06-15 09:19:13,1128.3,8,12267,19406,1125.78,23712,-2.86
2021-06-15 09:19:17,1128.7,1,12267,19406,1125.78,23712,-2.83
2021-06-15 09:19:18,1128.7,1,12379,19472,1125.78,23722,-2.83
2021-06-15 09:19:20,1125.5,10,12379,19472,1125.78,23722,-3.1
2021-06-15 09:19:21,1129.0,11,12379,19472,1125.78,23722,-2.8
2021-06-15 09:19:22,1129.0,11,12450,19397,1125.79,23835,-2.8
2021-06-15 09:19:24,1126.15,5,12450,19397,1125.79,23835,-3.05
2021-06-15 09:19:26,1126.15,5,13028,19619,1125.79,23874,-3.05
2021-06-15 09:19:27,1127.0,5,13028,19619,1125.79,23874,-2.97
2021-06-15 09:19:28,1127.0,4,13028,19619,1125.79,23874,-2.97
2021-06-15 09:19:30,1127.0,4,13233,19738,1125.8,23934,-2.97
2021-06-15 09:19:32,1126.05,5,13233,19738,1125.8,23934,-3.06
2021-06-15 09:19:33,1127.0,40,13233,19738,1125.8,23934,-2.97
2021-06-15 09:19:34,1127.0,40,13274,19762,1125.8,24029,-2.97
2021-06-15 09:19:36,1127.0,10,13274,19762,1125.8,24029,-2.97
2021-06-15 09:19:38,1127.0,10,13569,19821,1125.8,24041,-2.97
2021-06-15 09:19:40,1127.0,3,13569,19821,1125.8,24041,-2.97
2021-06-15 09:19:40,1127.0,1,13569,19821,1125.8,24041,-2.97
2021-06-15 09:19:42,1126.0,8,13569,19821,1125.8,24041,-3.06
2021-06-15 09:19:42,1126.0,8,13517,19816,1125.8,24142,-3.06
2021-06-15 09:19:43,1127.0,50,13517,19816,1125.8,24142,-2.97
2021-06-15 09:19:44,1126.0,3,13517,19816,1125.8,24142,-3.06
2021-06-15 09:19:45,1127.0,90,13517,19816,1125.8,24142,-2.97
2021-06-15 09:19:46,1127.0,90,13787,19832,1125.81,24285,-2.97
2021-06-15 09:19:47,1127.0,100,13787,19832,1125.81,24285,-2.97
2021-06-15 09:19:48,1127.0,5,13787,19832,1125.81,24285,-2.97
2021-06-15 09:19:49,1127.0,1,13787,19832,1125.81,24285,-2.97
2021-06-15 09:19:50,1127.0,72,13787,19832,1125.81,24285,-2.97
2021-06-15 09:19:51,1127.0,72,13828,19833,1125.82,24485,-2.97
2021-06-15 09:19:53,1127.0,113,13828,19833,1125.82,24485,-2.97
2021-06-15 09:19:54,1127.0,2,13828,19833,1125.82,24485,-2.97
2021-06-15 09:19:55,1127.0,10,13990,19874,1125.83,24810,-2.97
2021-06-15 09:19:56,1126.2,1,13990,19874,1125.83,24810,-3.04
2021-06-15 09:19:57,1126.05,5,13990,19874,1125.83,24810,-3.06
2021-06-15 09:19:58,1126.05,1,13990,19874,1125.83,24810,-3.06
2021-06-15 09:19:58,1127.0,2,14191,19876,1125.84,25032,-2.97
2021-06-15 09:20:00,1127.0,5,14191,19876,1125.84,25032,-2.97
2021-06-15 09:20:02,1127.0,50,14191,19876,1125.84,25032,-2.97
2021-06-15 09:20:02,1126.0,38,14191,19876,1125.84,25032,-3.06
2021-06-15 09:20:03,1126.0,38,14303,19838,1125.84,25173,-3.06
2021-06-15 09:20:03,1126.05,25,14303,19838,1125.84,25173,-3.06
2021-06-15 09:20:05,1126.4,5,14303,19838,1125.84,25173,-3.03
2021-06-15 09:20:07,1126.4,5,14336,19792,1125.85,25263,-3.03
2021-06-15 09:20:08,1126.0,22,14336,19792,1125.85,25263,-3.06
2021-06-15 09:20:11,1126.0,25,14336,19792,1125.85,25263,-3.06
2021-06-15 09:20:11,1125.05,4,14283,19782,1125.85,25413,-3.14
2021-06-15 09:20:12,1127.0,34,14283,19782,1125.85,25413,-2.97
2021-06-15 09:20:14,1125.05,7,14283,19782,1125.85,25413,-3.14
2021-06-15 09:20:16,1125.0,4,14268,20038,1125.85,25514,-3.15
2021-06-15 09:20:19,1125.0,4,13587,19987,1125.85,25543,-3.15
2021-06-15 09:20:20,1127.2,10,13587,19987,1125.85,25543,-2.96
2021-06-15 09:20:22,1127.1,1,13587,19987,1125.85,25543,-2.97
2021-06-15 09:20:23,1130.0,1,13587,19987,1125.85,25543,-2.72
2021-06-15 09:20:24,1126.4,2,13587,19987,1125.85,25543,-3.03
2021-06-15 09:20:26,1127.2,5,13587,19987,1125.85,25543,-2.96
2021-06-15 09:20:27,1127.2,5,14148,19888,1125.89,26059,-2.96
2021-06-15 09:20:30,1127.0,22,14148,19888,1125.89,26059,-2.97
2021-06-15 09:20:32,1126.1,13,14164,19969,1125.9,26127,-3.05
2021-06-15 09:20:33,1126.15,1,14164,19969,1125.9,26127,-3.05
2021-06-15 09:20:35,1126.2,1,14164,19969,1125.9,26127,-3.04
2021-06-15 09:20:38,1126.05,1,14164,19969,1125.9,26127,-3.06
2021-06-15 09:20:39,1127.0,20,14159,20245,1125.9,26153,-2.97
2021-06-15 09:20:41,1127.0,11,14159,20245,1125.9,26153,-2.97
2021-06-15 09:20:42,1127.0,50,14159,20245,1125.9,26153,-2.97
2021-06-15 09:20:44,1127.0,50,14291,20291,1125.9,26214,-2.97
2021-06-15 09:20:44,1127.0,19,14291,20291,1125.9,26214,-2.97
2021-06-15 09:20:46,1128.0,45,14291,20291,1125.9,26214,-2.89
2021-06-15 09:20:48,1128.0,45,14427,20259,1125.9,26278,-2.89
2021-06-15 09:20:49,1128.0,3,14427,20259,1125.9,26278,-2.89
2021-06-15 09:20:49,1128.35,29,14427,20259,1125.9,26278,-2.86
2021-06-15 09:20:51,1128.3,6,14427,20259,1125.9,26278,-2.86
2021-06-15 09:20:52,1128.25,8,14427,20259,1125.9,26278,-2.87
2021-06-15 09:20:54,1127.05,68,14427,20259,1125.9,26278,-2.97
2021-06-15 09:20:55,1128.65,10,14427,20259,1125.9,26278,-2.83
2021-06-15 09:20:56,1127.0,20,31185,37154,1125.92,26544,-2.97
2021-06-15 09:20:57,1127.3,2,31185,37154,1125.92,26544,-2.95
2021-06-15 09:20:58,1127.3,10,31185,37154,1125.92,26544,-2.95
2021-06-15 09:20:59,1127.3,10,31089,37287,1125.92,26576,-2.95
2021-06-15 09:21:00,1129.5,10,31089,37287,1125.92,26576,-2.76
2021-06-15 09:21:03,1125.0,331,31089,37287,1125.92,26576,-3.15
2021-06-15 09:21:04,1127.3,1,30633,37462,1125.93,27699,-2.95
2021-06-15 09:21:06,1126.95,5,30633,37462,1125.93,27699,-2.98
2021-06-15 09:21:07,1127.0,92,30633,37462,1125.93,27699,-2.97
2021-06-15 09:21:07,1126.95,20,30649,37605,1125.93,27865,-2.98
2021-06-15 09:21:09,1125.5,22,30649,37605,1125.93,27865,-3.1
2021-06-15 09:21:10,1127.0,2,30649,37605,1125.93,27865,-2.97
2021-06-15 09:21:12,1127.0,100,30622,37554,1125.94,28063,-2.97
2021-06-15 09:21:15,1126.95,1,30665,37542,1125.94,28064,-2.98
2021-06-15 09:21:16,1127.0,5,30665,37542,1125.94,28064,-2.97
2021-06-15 09:21:16,1125.55,5,30665,37542,1125.94,28064,-3.1
2021-06-15 09:21:18,1125.45,22,30665,37542,1125.94,28064,-3.11
2021-06-15 09:21:20,1125.45,22,30670,37622,1125.94,28154,-3.11
2021-06-15 09:21:20,1127.0,169,30670,37622,1125.94,28154,-2.97
2021-06-15 09:21:23,1128.5,5,30694,37498,1125.96,28659,-2.85
2021-06-15 09:21:27,1128.5,5,30945,37498,1125.96,28659,-2.85
2021-06-15 09:21:31,1128.5,5,31129,37495,1125.96,28659,-2.85
2021-06-15 09:21:33,1128.0,3,31129,37495,1125.96,28659,-2.89
2021-06-15 09:21:34,1125.6,20,31129,37495,1125.96,28659,-3.1
2021-06-15 09:21:35,1127.8,1,31003,37591,1125.96,28703,-2.91
2021-06-15 09:21:38,1127.0,10,31003,37591,1125.96,28703,-2.97
2021-06-15 09:21:39,1125.0,118,30478,37686,1125.94,29389,-3.15
2021-06-15 09:21:40,1125.0,2,30478,37686,1125.94,29389,-3.15
2021-06-15 09:21:41,1125.65,6,30478,37686,1125.94,29389,-3.09
2021-06-15 09:21:43,1125.65,6,30439,37736,1125.94,29454,-3.09
2021-06-15 09:21:44,1125.0,45,30439,37736,1125.94,29454,-3.15
2021-06-15 09:21:45,1125.0,13,30439,37736,1125.94,29454,-3.15
2021-06-15 09:21:46,1125.05,5,30439,37736,1125.94,29454,-3.14
2021-06-15 09:21:47,1125.05,5,30897,37764,1125.94,29522,-3.14
2021-06-15 09:21:48,1126.6,11,30897,37764,1125.94,29522,-3.01
2021-06-15 09:21:51,1126.6,11,30940,37740,1125.94,29542,-3.01
2021-06-15 09:21:54,1125.0,78,30940,37740,1125.94,29542,-3.15
2021-06-15 09:21:55,1125.0,78,30915,37804,1125.94,29632,-3.15
2021-06-15 09:21:57,1127.1,2,30915,37804,1125.94,29632,-2.97
2021-06-15 09:21:59,1127.1,2,31036,37862,1125.94,29732,-2.97
2021-06-15 09:22:03,1126.0,8,31047,38138,1125.94,29740,-3.06
2021-06-15 09:22:07,1126.0,8,31207,38200,1125.94,29740,-3.06
2021-06-15 09:22:08,1124.2,1,31207,38200,1125.94,29740,-3.22
2021-06-15 09:22:10,1123.2,6,31207,38200,1125.94,29740,-3.3
2021-06-15 09:22:11,1123.2,6,30915,38193,1125.93,30046,-3.3
2021-06-15 09:22:12,1125.2,50,30915,38193,1125.93,30046,-3.13
2021-06-15 09:22:15,1125.2,50,30991,38286,1125.93,30096,-3.13
2021-06-15 09:22:16,1123.2,15,30991,38286,1125.93,30096,-3.3
2021-06-15 09:22:17,1124.9,4,30991,38286,1125.93,30096,-3.16
2021-06-15 09:22:22,1124.9,4,30951,38336,1125.92,30200,-3.16
2021-06-15 09:22:27,1124.9,4,30978,38320,1125.92,30200,-3.16
2021-06-15 09:22:30,1124.9,4,31019,38321,1125.92,30200,-3.16
2021-06-15 09:22:32,1123.0,20,31019,38321,1125.92,30200,-3.32
2021-06-15 09:22:34,1123.0,20,31031,38420,1125.91,30267,-3.32
2021-06-15 09:22:36,1124.4,1,31031,38420,1125.91,30267,-3.2
2021-06-15 09:22:38,1124.7,10,31031,38420,1125.91,30267,-3.17
2021-06-15 09:22:38,1124.7,10,31071,38464,1125.91,30278,-3.17
2021-06-15 09:22:39,1122.8,178,31071,38464,1125.91,30278,-3.34
2021-06-15 09:22:40,1124.4,3,31071,38464,1125.91,30278,-3.2
2021-06-15 09:22:41,1124.1,10,31071,38464,1125.91,30278,-3.22
2021-06-15 09:22:42,1122.1,5,30900,38473,1125.88,30586,-3.4
2021-06-15 09:22:43,1122.8,3,30900,38473,1125.88,30586,-3.34
2021-06-15 09:22:44,1121.35,9,30900,38473,1125.88,30586,-3.46
2021-06-15 09:22:45,1122.0,20,30900,38473,1125.88,30586,-3.4
2021-06-15 09:22:46,1122.0,20,30860,38553,1125.86,30773,-3.4
2021-06-15 09:22:49,1122.0,1,30889,38548,1125.86,30774,-3.4
2021-06-15 09:22:53,1120.1,16,30889,38548,1125.86,30774,-3.57
2021-06-15 09:22:54,1120.0,48,30766,38654,1125.83,30947,-3.58
2021-06-15 09:22:55,1119.75,10,30766,38654,1125.83,30947,-3.6
2021-06-15 09:22:56,1120.0,1,30766,38654,1125.83,30947,-3.58
2021-06-15 09:22:57,1120.95,9,30766,38654,1125.83,30947,-3.5
2021-06-15 09:22:58,1121.7,1,30331,38664,1125.7,31657,-3.43
2021-06-15 09:22:59,1121.65,5,30331,38664,1125.7,31657,-3.44
2021-06-15 09:23:00,1121.95,3,30331,38664,1125.7,31657,-3.41
2021-06-15 09:23:01,1121.95,40,30331,38664,1125.7,31657,-3.41
2021-06-15 09:23:02,1120.25,6,30331,38664,1125.7,31657,-3.56
2021-06-15 09:23:02,1120.25,6,31265,39902,1125.68,31813,-3.56
2021-06-15 09:23:03,1120.3,13,31265,39902,1125.68,31813,-3.55
2021-06-15 09:23:04,1121.6,1,31265,39902,1125.68,31813,-3.44
2021-06-15 09:23:05,1121.2,5,31265,39902,1125.68,31813,-3.47
2021-06-15 09:23:06,1121.2,5,31474,39895,1125.67,31863,-3.47
2021-06-15 09:23:08,1121.6,5,31474,39895,1125.67,31863,-3.44
2021-06-15 09:23:09,1121.6,15,31474,39895,1125.67,31863,-3.44
2021-06-15 09:23:10,1121.6,29,31583,39799,1125.67,31883,-3.44
2021-06-15 09:23:12,1123.05,5,31583,39799,1125.67,31883,-3.31
2021-06-15 09:23:12,1123.7,5,31583,39799,1125.67,31883,-3.26
2021-06-15 09:23:14,1123.7,5,31874,39663,1125.66,31922,-3.26
2021-06-15 09:23:15,1122.0,10,31874,39663,1125.66,31922,-3.4
2021-06-15 09:23:18,1122.0,10,32074,39663,1125.66,31932,-3.4
2021-06-15 09:23:19,1124.0,5,32074,39663,1125.66,31932,-3.23
2021-06-15 09:23:20,1123.5,1,32074,39663,1125.66,31932,-3.28
2021-06-15 09:23:21,1120.8,1,32074,39663,1125.66,31932,-3.51
2021-06-15 09:23:21,1121.0,26,31675,40147,1125.59,32498,-3.49
2021-06-15 09:23:22,1120.8,1,31675,40147,1125.59,32498,-3.51
2021-06-15 09:23:25,1121.0,50,31675,40147,1125.59,32498,-3.49
2021-06-15 09:23:25,1121.0,10,31685,40100,1125.57,32599,-3.49
2021-06-15 09:23:27,1121.0,1,31685,40100,1125.57,32599,-3.49
2021-06-15 09:23:30,1121.0,6,31685,40002,1125.56,32703,-3.49
2021-06-15 09:23:32,1121.0,25,31685,40002,1125.56,32703,-3.49
2021-06-15 09:23:33,1121.0,20,31685,40002,1125.56,32703,-3.49
2021-06-15 09:23:33,1121.0,20,31739,39925,1125.53,32873,-3.49
2021-06-15 09:23:35,1121.0,1,31739,39925,1125.53,32873,-3.49
2021-06-15 09:23:37,1121.0,1,31741,40295,1125.53,32874,-3.49
2021-06-15 09:23:38,1121.0,15,31741,40295,1125.53,32874,-3.49
2021-06-15 09:23:39,1121.0,7,31741,40295,1125.53,32874,-3.49
2021-06-15 09:23:40,1121.5,1,31741,40295,1125.53,32874,-3.45
2021-06-15 09:23:41,1121.5,1,31884,40895,1125.5,33126,-3.45
2021-06-15 09:23:42,1122.3,1,31884,40895,1125.5,33126,-3.38
2021-06-15 09:23:43,1120.6,25,31884,40895,1125.5,33126,-3.53
2021-06-15 09:23:43,1120.4,10,31884,40895,1125.5,33126,-3.54
2021-06-15 09:23:45,1120.4,10,32000,40860,1125.49,33162,-3.54
2021-06-15 09:23:48,1122.2,45,32000,40860,1125.49,33162,-3.39
2021-06-15 09:23:49,1120.1,11,31558,40850,1125.47,33308,-3.57
2021-06-15 09:23:49,1122.55,5,31558,40850,1125.47,33308,-3.36
2021-06-15 09:23:52,1122.3,7,31558,40850,1125.47,33308,-3.38
2021-06-15 09:23:53,1122.3,7,31608,40996,1125.47,33326,-3.38
2021-06-15 09:23:57,1122.3,7,32007,40962,1125.47,33326,-3.38
2021-06-15 09:24:00,1124.05,10,32007,40962,1125.47,33326,-3.23
2021-06-15 09:24:01,1122.4,18,32007,40962,1125.47,33326,-3.37
2021-06-15 09:24:01,1124.3,2,32061,40678,1125.46,33523,-3.21
2021-06-15 09:24:05,1124.3,2,32190,40812,1125.46,33523,-3.21
2021-06-15 09:24:09,1124.3,2,32764,40774,1125.46,33523,-3.21
2021-06-15 09:24:11,1124.6,5,32764,40774,1125.46,33523,-3.18
2021-06-15 09:24:12,1123.5,6,32764,40774,1125.46,33523,-3.28
2021-06-15 09:24:14,1123.5,6,32753,40774,1125.46,33534,-3.28
2021-06-15 09:24:16,1124.55,5,32753,40774,1125.46,33534,-3.19
2021-06-15 09:24:17,1124.55,6,32855,40794,1125.46,33545,-3.19
2021-06-15 09:24:18,1125.0,11,32855,40794,1125.46,33545,-3.15
2021-06-15 09:24:21,1125.0,20,32855,40794,1125.46,33545,-3.15
2021-06-15 09:24:21,1125.0,1,32937,40609,1125.45,33956,-3.15
2021-06-15 09:24:24,1125.0,5,32937,40609,1125.45,33956,-3.15
2021-06-15 09:24:25,1125.0,5,33066,40695,1125.45,33961,-3.15
2021-06-15 09:24:29,1125.0,25,33076,40685,1125.45,33961,-3.15
2021-06-15 09:24:33,1125.0,25,33082,40719,1125.45,33986,-3.15
2021-06-15 09:24:34,1123.75,68,33082,40719,1125.45,33986,-3.25
2021-06-15 09:24:37,1125.8,9,33285,40527,1125.44,34462,-3.08
2021-06-15 09:24:37,1127.75,13,33285,40527,1125.44,34462,-2.91
2021-06-15 09:24:39,1127.35,68,33285,40527,1125.44,34462,-2.94
2021-06-15 09:24:40,1128.1,1,33285,40527,1125.44,34462,-2.88
2021-06-15 09:24:40,1126.35,1,33583,40668,1125.45,34567,-3.03
2021-06-15 09:24:42,1125.0,91,33583,40668,1125.45,34567,-3.15
2021-06-15 09:24:43,1127.45,2,33583,40668,1125.45,34567,-2.94
2021-06-15 09:24:44,1127.95,5,33583,40668,1125.45,34567,-2.89
2021-06-15 09:24:45,1127.95,5,33450,40386,1125.46,34937,-2.89
2021-06-15 09:24:45,1128.1,1,33450,40386,1125.46,34937,-2.88
2021-06-15 09:24:47,1128.95,1,33450,40386,1125.46,34937,-2.81
2021-06-15 09:24:47,1127.15,22,33450,40386,1125.46,34937,-2.96
2021-06-15 09:24:48,1127.15,22,33477,40424,1125.46,34965,-2.96
2021-06-15 09:24:49,1126.35,6,33477,40424,1125.46,34965,-3.03
2021-06-15 09:24:50,1126.65,4,33477,40424,1125.46,34965,-3.0
2021-06-15 09:24:53,1126.65,4,33496,40461,1125.46,35019,-3.0
2021-06-15 09:24:55,1127.0,14,33496,40461,1125.46,35019,-2.97
2021-06-15 09:24:56,1127.0,14,33645,40542,1125.46,35039,-2.97
2021-06-15 09:24:57,1127.15,5,33645,40542,1125.46,35039,-2.96
2021-06-15 09:24:58,1126.4,1,33645,40542,1125.46,35039,-3.03
2021-06-15 09:24:58,1126.45,50,33645,40542,1125.46,35039,-3.02
2021-06-15 09:25:00,1126.45,50,33680,40758,1125.46,35095,-3.02
2021-06-15 09:25:02,1127.9,15,33680,40758,1125.46,35095,-2.9
2021-06-15 09:25:04,1127.95,10,33775,41017,1125.46,35110,-2.89
2021-06-15 09:25:07,1127.95,10,33856,41015,1125.47,35120,-2.89
2021-06-15 09:25:09,1129.3,7,33856,41015,1125.47,35120,-2.78
2021-06-15 09:25:12,1129.3,7,33674,40659,1125.53,35764,-2.78
2021-06-15 09:25:14,1127.5,5,33674,40659,1125.53,35764,-2.93
2021-06-15 09:25:15,1129.4,10,33674,40659,1125.53,35764,-2.77
2021-06-15 09:25:15,1129.4,10,33803,40784,1125.54,35905,-2.77
2021-06-15 09:25:19,1128.95,1,33803,40784,1125.54,35905,-2.81
2021-06-15 09:25:20,1128.95,1,33768,41053,1125.54,35940,-2.81
2021-06-15 09:25:23,1128.65,3,33732,41099,1125.55,35993,-2.83
2021-06-15 09:25:24,1126.4,11,33732,41099,1125.55,35993,-3.03
2021-06-15 09:25:25,1127.7,10,33732,41099,1125.55,35993,-2.91
2021-06-15 09:25:27,1127.75,1,33732,41099,1125.55,35993,-2.91
2021-06-15 09:25:27,1127.75,1,33655,41169,1125.55,36113,-2.91
2021-06-15 09:25:31,1127.75,1,33561,41220,1125.55,36113,-2.91
2021-06-15 09:25:32,1129.0,7,33561,41220,1125.55,36113,-2.8
2021-06-15 09:25:33,1130.0,18,33561,41220,1125.55,36113,-2.72
2021-06-15 09:25:35,1129.0,57,33524,40836,1125.6,36612,-2.8
2021-06-15 09:25:36,1130.0,5,33524,40836,1125.6,36612,-2.72
2021-06-15 09:25:38,1130.0,18,33524,40836,1125.6,36612,-2.72
2021-06-15 09:25:39,1130.0,18,33739,40894,1125.74,37820,-2.72
2021-06-15 09:25:42,1130.0,18,33798,40902,1125.74,37820,-2.72
2021-06-15 09:25:44,1127.7,5,33798,40902,1125.74,37820,-2.91
2021-06-15 09:25:45,1129.0,175,33798,40902,1125.74,37820,-2.8
2021-06-15 09:25:46,1129.35,1,33798,40902,1125.74,37820,-2.77
2021-06-15 09:25:47,1129.35,1,33448,40941,1125.76,38036,-2.77
2021-06-15 09:25:48,1129.0,1,33448,40941,1125.76,38036,-2.8
2021-06-15 09:25:50,1129.0,1,33474,40977,1125.76,38037,-2.8
2021-06-15 09:25:51,1129.0,3,33474,40977,1125.76,38037,-2.8
2021-06-15 09:25:53,1128.9,1,33474,40977,1125.76,38037,-2.81
2021-06-15 09:25:55,1129.0,31,33491,41022,1125.77,38251,-2.8
2021-06-15 09:25:56,1129.4,5,33491,41022,1125.77,38251,-2.77
2021-06-15 09:25:58,1129.4,5,33532,40980,1125.77,38256,-2.77
2021-06-15 09:25:59,1129.4,1,33532,40980,1125.77,38256,-2.77
2021-06-15 09:26:00,1129.0,2,33532,40980,1125.77,38256,-2.8
2021-06-15 09:26:02,1129.8,2,33579,40968,1125.77,38269,-2.73
2021-06-15 09:26:03,1129.0,8,33579,40968,1125.77,38269,-2.8
2021-06-15 09:26:06,1129.95,1,33680,41036,1125.77,38278,-2.72
2021-06-15 09:26:09,1129.4,50,33664,41169,1125.79,38419,-2.77
2021-06-15 09:26:10,1128.3,5,33664,41169,1125.79,38419,-2.86
2021-06-15 09:26:11,1129.0,1,33664,41169,1125.79,38419,-2.8
2021-06-15 09:26:13,1129.5,12,33861,41205,1125.79,38442,-2.76
2021-06-15 09:26:14,1129.7,1,33861,41205,1125.79,38442,-2.74
2021-06-15 09:26:16,1129.8,5,33861,41205,1125.79,38442,-2.73
2021-06-15 09:26:17,1129.8,5,33871,41197,1125.79,38457,-2.73
2021-06-15 09:26:18,1129.8,1,33871,41197,1125.79,38457,-2.73
2021-06-15 09:26:21,1129.8,1,34271,41196,1125.79,38458,-2.73
2021-06-15 09:26:24,1130.0,97,34532,41054,1125.81,38658,-2.72
2021-06-15 09:26:26,1129.0,1,34532,41054,1125.81,38658,-2.8
2021-06-15 09:26:27,1129.8,1,34532,41054,1125.81,38658,-2.73
2021-06-15 09:26:28,1129.8,10,34861,41743,1125.81,38660,-2.73
2021-06-15 09:26:30,1130.0,32,34861,41743,1125.81,38660,-2.72
2021-06-15 09:26:32,1130.0,32,34855,41716,1125.82,38705,-2.72
2021-06-15 09:26:34,1130.0,10,34855,41716,1125.82,38705,-2.72
2021-06-15 09:26:35,1130.0,45,34855,41716,1125.82,38705,-2.72
2021-06-15 09:26:36,1130.0,7,34855,41716,1125.82,38705,-2.72
2021-06-15 09:26:36,1130.0,7,34802,41553,1125.83,38831,-2.72
2021-06-15 09:26:39,1131.0,35,34802,41553,1125.83,38831,-2.63
2021-06-15 09:26:41,1130.85,2,34802,41553,1125.83,38831,-2.64
2021-06-15 09:26:43,1130.85,2,34750,41455,1125.84,38912,-2.64
2021-06-15 09:26:44,1131.0,15,34750,41455,1125.84,38912,-2.63
2021-06-15 09:26:46,1129.8,20,34750,41455,1125.84,38912,-2.73
2021-06-15 09:26:47,1129.8,20,34838,41518,1125.85,38957,-2.73
2021-06-15 09:26:51,1129.8,20,34821,41521,1125.85,38957,-2.73
2021-06-15 09:26:53,1128.75,3,34821,41521,1125.85,38957,-2.82
2021-06-15 09:26:55,1128.75,3,34831,41566,1125.86,39043,-2.82
2021-06-15 09:26:56,1130.4,10,34831,41566,1125.86,39043,-2.68
2021-06-15 09:26:56,1130.4,4,34831,41566,1125.86,39043,-2.68
2021-06-15 09:26:59,1130.4,4,34870,41522,1125.86,39093,-2.68
2021-06-15 09:27:01,1131.0,2,34870,41522,1125.86,39093,-2.63
2021-06-15 09:27:03,1131.0,2,34874,41547,1125.86,39095,-2.63
2021-06-15 09:27:06,1131.0,5,34874,41547,1125.86,39095,-2.63
2021-06-15 09:27:06,1131.0,5,34872,41588,1125.86,39100,-2.63
2021-06-15 09:27:10,1131.0,5,34873,41589,1125.86,39100,-2.63
2021-06-15 09:27:10,1131.0,12,34873,41589,1125.86,39100,-2.63
2021-06-15 09:27:11,1131.0,2,34873,41589,1125.86,39100,-2.63
2021-06-15 09:27:14,1131.35,7,34873,41589,1125.86,39100,-2.6
2021-06-15 09:27:14,1131.35,7,35144,41547,1125.87,39150,-2.6
2021-06-15 09:27:16,1132.3,20,35144,41547,1125.87,39150,-2.52
2021-06-15 09:27:18,1132.3,20,35268,41571,1125.87,39170,-2.52
2021-06-15 09:27:20,1132.95,1,35268,41571,1125.87,39170,-2.46
2021-06-15 09:27:22,1132.95,1,35257,41589,1125.87,39171,-2.46
2021-06-15 09:27:23,1133.0,86,35257,41589,1125.87,39171,-2.46
2021-06-15 09:27:25,1133.0,86,35207,41562,1125.89,39271,-2.46
2021-06-15 09:27:27,1133.1,2,35207,41562,1125.89,39271,-2.45
2021-06-15 09:27:28,1133.0,10,35207,41562,1125.89,39271,-2.46
2021-06-15 09:27:28,1133.8,91,35207,41562,1125.89,39271,-2.39
2021-06-15 09:27:30,1133.8,91,35382,41423,1125.93,39479,-2.39
2021-06-15 09:27:33,1133.8,18,35382,41423,1125.93,39479,-2.39
2021-06-15 09:27:33,1133.8,18,35454,41395,1125.94,39499,-2.39
2021-06-15 09:27:35,1133.8,60,35453,41340,1125.95,39559,-2.39
2021-06-15 09:27:36,1133.8,60,35453,41403,1125.95,39559,-2.39
2021-06-15 09:27:37,1133.8,60,35442,41406,1125.95,39559,-2.39
2021-06-15 09:27:38,1133.8,60,35454,41405,1125.95,39559,-2.39
2021-06-15 09:27:39,1133.8,60,35457,41410,1125.95,39559,-2.39
2021-06-15 09:27:41,1133.8,60,35466,41433,1125.95,39559,-2.39
2021-06-15 09:27:41,1133.8,60,35466,41443,1125.95,39559,-2.39
2021-06-15 09:27:44,1133.8,60,35590,41491,1125.95,39559,-2.39
2021-06-15 09:27:44,1133.8,60,35547,41491,1125.95,39559,-2.39
2021-06-15 09:27:45,1133.8,60,35537,41491,1125.95,39559,-2.39
2021-06-15 09:27:47,1133.8,10,35544,41398,1125.97,39659,-2.39
2021-06-15 09:27:47,1133.8,10,35544,41392,1125.97,39669,-2.39
2021-06-15 09:27:49,1133.8,2,35535,41375,1125.97,39669,-2.39
2021-06-15 09:27:50,1133.8,2,35542,41406,1125.97,39671,-2.39
2021-06-15 09:27:51,1133.8,2,35541,41406,1125.97,39671,-2.39
2021-06-15 09:27:52,1133.75,5,35541,41406,1125.97,39671,-2.39
2021-06-15 09:27:52,1133.75,5,35541,41401,1125.97,39676,-2.39
2021-06-15 09:27:54,1133.75,9,35541,41401,1125.97,39676,-2.39
2021-06-15 09:27:54,1133.75,9,35541,41417,1125.97,39685,-2.39
2021-06-15 09:27:55,1133.75,9,35541,41432,1125.97,39685,-2.39
2021-06-15 09:27:56,1133.75,9,35548,41471,1125.97,39685,-2.39
2021-06-15 09:27:57,1133.5,10,35542,41479,1125.97,39695,-2.41
2021-06-15 09:27:58,1133.5,10,35541,41476,1125.97,39695,-2.41
2021-06-15 09:28:00,1133.5,10,35541,41486,1125.97,39695,-2.41
2021-06-15 09:28:02,1133.5,10,35532,41491,1125.97,39695,-2.41
2021-06-15 09:28:03,1131.3,3,35532,41491,1125.97,39695,-2.6
2021-06-15 09:28:03,1131.75,3,35403,41736,1126.01,39905,-2.57
2021-06-15 09:28:05,1131.85,4,35402,41732,1126.01,39915,-2.56
2021-06-15 09:28:06,1133.5,106,35406,41439,1126.09,40415,-2.41
2021-06-15 09:28:07,1133.5,106,35412,41431,1126.09,40415,-2.41
2021-06-15 09:28:07,1134.3,92,35500,41243,1126.13,40615,-2.35
2021-06-15 09:28:09,1134.3,92,35504,41237,1126.13,40615,-2.35
2021-06-15 09:28:10,1134.3,92,35512,41246,1126.13,40615,-2.35
2021-06-15 09:28:11,1134.3,92,35514,41246,1126.13,40615,-2.35
2021-06-15 09:28:13,1138.0,5,35910,40401,1126.34,41435,-2.03
2021-06-15 09:28:14,1135.95,1,35888,40727,1126.34,41436,-2.2
2021-06-15 09:28:15,1136.05,25,35997,40743,1126.35,41461,-2.2
2021-06-15 09:28:16,1136.05,25,35984,40739,1126.35,41461,-2.2
2021-06-15 09:28:17,1136.05,25,35982,40785,1126.35,41461,-2.2
2021-06-15 09:28:18,1137.6,1,35982,40785,1126.35,41461,-2.06
2021-06-15 09:28:18,1137.6,1,36018,40781,1126.35,41463,-2.06
2021-06-15 09:28:19,1137.6,1,36218,40791,1126.35,41463,-2.06
2021-06-15 09:28:19,1138.0,11,36218,40791,1126.35,41463,-2.03
2021-06-15 09:28:22,1138.0,11,36559,40884,1126.36,41513,-2.03
2021-06-15 09:28:23,1138.0,50,36569,40884,1126.36,41513,-2.03
2021-06-15 09:28:23,1138.0,50,36573,40835,1126.37,41563,-2.03
2021-06-15 09:28:24,1138.0,50,36773,40828,1126.37,41563,-2.03
2021-06-15 09:28:25,1137.0,25,36774,40802,1126.38,41588,-2.11
2021-06-15 09:28:26,1137.0,25,36772,40852,1126.38,41588,-2.11
2021-06-15 09:28:27,1136.55,90,36772,40852,1126.38,41588,-2.15
2021-06-15 09:28:27,1136.55,90,36777,40860,1126.41,41688,-2.15
2021-06-15 09:28:29,1138.0,15,36777,40960,1126.41,41703,-2.03
2021-06-15 09:28:30,1136.55,10,36777,40960,1126.41,41703,-2.15
2021-06-15 09:28:30,1136.1,50,36831,40970,1126.42,41763,-2.19
2021-06-15 09:28:31,1136.1,50,36606,40963,1126.42,41763,-2.19
2021-06-15 09:28:32,1136.1,50,36607,40967,1126.42,41763,-2.19
2021-06-15 09:28:33,1138.0,10,36607,40967,1126.42,41763,-2.03
2021-06-15 09:28:33,1138.0,10,36597,40945,1126.43,41779,-2.03
2021-06-15 09:28:34,1138.0,2,37470,40873,1126.44,41831,-2.03
2021-06-15 09:28:35,1138.0,2,37489,40865,1126.44,41831,-2.03
2021-06-15 09:28:36,1138.0,20,37489,40865,1126.44,41831,-2.03
2021-06-15 09:28:36,1138.0,20,37408,40845,1126.45,41851,-2.03
2021-06-15 09:28:37,1138.0,5,37609,40853,1126.45,41856,-2.03
2021-06-15 09:28:37,1138.0,20,37609,40853,1126.45,41856,-2.03
2021-06-15 09:28:38,1136.85,1,37502,41031,1126.49,41995,-2.13
2021-06-15 09:28:39,1136.05,1,37502,41031,1126.49,41995,-2.2
2021-06-15 09:28:40,1138.0,98,37521,40895,1126.51,42096,-2.03
2021-06-15 09:28:40,1138.0,98,37723,40892,1126.51,42096,-2.03
2021-06-15 09:28:41,1138.0,98,37723,40897,1126.51,42096,-2.03
2021-06-15 09:28:42,1137.85,100,37724,40912,1126.51,42096,-2.04
2021-06-15 09:28:43,1137.85,100,37738,41039,1126.56,42284,-2.04
2021-06-15 09:28:44,1137.85,100,37742,41047,1126.56,42284,-2.04
2021-06-15 09:28:45,1137.85,100,37744,41073,1126.56,42284,-2.04
2021-06-15 09:28:46,1137.9,2,37744,41071,1126.56,42286,-2.04
2021-06-15 09:28:47,1137.9,2,37746,41074,1126.56,42286,-2.04
2021-06-15 09:28:50,1137.9,2,37766,41074,1126.56,42286,-2.04
2021-06-15 09:28:51,1137.8,1,37766,41074,1126.56,42286,-2.04
2021-06-15 09:28:52,1137.8,1,37758,41074,1126.56,42287,-2.04
2021-06-15 09:28:52,1137.9,11,37737,41068,1126.57,42307,-2.04
2021-06-15 09:28:54,1137.9,9,37731,41088,1126.57,42307,-2.04
2021-06-15 09:28:55,1137.9,9,37731,41179,1126.57,42316,-2.04
2021-06-15 09:28:57,1137.9,9,37731,41229,1126.57,42316,-2.04
2021-06-15 09:28:58,1137.9,97,37793,41273,1126.57,42316,-2.04
2021-06-15 09:29:00,1137.9,97,37815,41282,1126.6,42416,-2.04
2021-06-15 09:29:00,1137.9,97,37813,41282,1126.6,42416,-2.04
2021-06-15 09:29:01,1137.9,97,38013,41282,1126.6,42416,-2.04
2021-06-15 09:29:02,1136.6,28,38013,41282,1126.6,42416,-2.15
2021-06-15 09:29:03,1136.2,18,38000,41346,1126.61,42463,-2.18
2021-06-15 09:29:03,1136.2,18,38001,41353,1126.62,42487,-2.18
2021-06-15 09:29:05,1136.2,18,37944,41352,1126.62,42487,-2.18
2021-06-15 09:29:05,1136.1,3,37944,41352,1126.62,42487,-2.19
2021-06-15 09:29:06,1136.1,3,37937,41352,1126.62,42512,-2.19
2021-06-15 09:29:08,1136.15,2,37671,41304,1126.68,42778,-2.19
2021-06-15 09:29:09,1136.15,2,37668,41302,1126.68,42778,-2.19
2021-06-15 09:29:09,1136.0,50,37617,41301,1126.69,42828,-2.2
2021-06-15 09:29:11,1136.0,50,37625,41308,1126.69,42828,-2.2
2021-06-15 09:29:12,1136.0,50,37625,41258,1126.69,42828,-2.2
2021-06-15 09:29:12,1135.0,60,37548,41260,1126.71,42928,-2.29
2021-06-15 09:29:14,1134.5,2,37511,41246,1126.73,43040,-2.33
2021-06-15 09:29:15,1134.5,2,37498,41292,1126.73,43040,-2.33
2021-06-15 09:29:15,1134.5,2,37506,41286,1126.73,43040,-2.33
2021-06-15 09:29:17,1135.0,14,37511,41262,1126.74,43085,-2.29
2021-06-15 09:29:18,1135.0,14,37520,41264,1126.74,43085,-2.29
2021-06-15 09:29:19,1137.5,2,37520,41264,1126.74,43085,-2.07
2021-06-15 09:29:19,1137.5,2,37595,41256,1126.74,43087,-2.07
2021-06-15 09:29:20,1137.5,2,37594,41259,1126.74,43087,-2.07
2021-06-15 09:29:21,1135.35,2,37594,41259,1126.74,43087,-2.26
2021-06-15 09:29:21,1135.35,2,37832,41295,1126.74,43089,-2.26
2021-06-15 09:29:22,1136.6,10,37832,41295,1126.74,43089,-2.15
2021-06-15 09:29:23,1136.6,10,37836,41294,1126.74,43099,-2.15
2021-06-15 09:29:23,1136.6,10,37851,41299,1126.74,43099,-2.15
2021-06-15 09:29:24,1136.6,10,38051,41276,1126.74,43099,-2.15
2021-06-15 09:29:25,1135.0,5,38051,41276,1126.74,43099,-2.29
2021-06-15 09:29:25,1135.0,5,38061,41332,1126.75,43147,-2.29
2021-06-15 09:29:26,1135.25,1,38067,41298,1126.76,43173,-2.26
2021-06-15 09:29:27,1136.85,10,38067,41298,1126.76,43173,-2.13
2021-06-15 09:29:27,1136.85,10,38049,41278,1126.76,43183,-2.13
2021-06-15 09:29:29,1136.6,10,38243,41288,1126.76,43193,-2.15
2021-06-15 09:29:30,1136.6,10,38240,41281,1126.76,43193,-2.15
2021-06-15 09:29:30,1136.6,10,38240,41283,1126.76,43193,-2.15
2021-06-15 09:29:31,1136.65,10,38240,41283,1126.76,43193,-2.14
2021-06-15 09:29:32,1136.65,10,38456,41278,1126.77,43203,-2.14
2021-06-15 09:29:33,1135.75,7,38458,41278,1126.77,43203,-2.22
2021-06-15 09:29:33,1135.75,7,38619,41306,1126.77,43210,-2.22
2021-06-15 09:29:34,1135.7,43,38619,41296,1126.77,43210,-2.23
2021-06-15 09:29:36,1135.7,43,38618,41290,1126.78,43260,-2.23
2021-06-15 09:29:36,1135.7,43,38627,41292,1126.78,43260,-2.23
2021-06-15 09:29:37,1136.0,5,38627,41292,1126.78,43260,-2.2
2021-06-15 09:29:38,1136.0,5,38601,41314,1126.78,43265,-2.2
2021-06-15 09:29:39,1136.0,5,38594,41299,1126.78,43265,-2.2
2021-06-15 09:29:39,1136.0,5,38663,41277,1126.78,43265,-2.2
2021-06-15 09:29:41,1136.0,5,38671,41251,1126.78,43265,-2.2
2021-06-15 09:29:42,1136.0,5,38663,41289,1126.78,43265,-2.2
2021-06-15 09:29:44,1136.0,5,38699,41294,1126.78,43265,-2.2
2021-06-15 09:29:45,1136.0,5,38704,41294,1126.78,43265,-2.2
2021-06-15 09:29:46,1136.2,1,38716,41294,1126.78,43266,-2.18
2021-06-15 09:29:47,1136.2,1,38711,41294,1126.78,43266,-2.18
2021-06-15 09:29:50,1136.2,1,38702,41294,1126.78,43266,-2.18
2021-06-15 09:29:50,1136.2,1,38756,41299,1126.78,43266,-2.18
2021-06-15 09:29:53,1136.2,1,38766,41299,1126.78,43266,-2.18
2021-06-15 09:29:54,1136.0,10,38745,41277,1126.78,43286,-2.2
2021-06-15 09:29:55,1137.35,5,38745,41277,1126.78,43286,-2.08
2021-06-15 09:29:55,1137.35,5,38745,41280,1126.79,43291,-2.08
2021-06-15 09:29:57,1137.35,5,38745,41250,1126.79,43291,-2.08
2021-06-15 09:29:58,1137.35,5,38241,41255,1126.79,43291,-2.08
2021-06-15 09:29:59,1137.35,5,38241,41285,1126.79,43291,-2.08
2021-06-15 09:30:01,1137.35,5,38238,41293,1126.79,43291,-2.08
2021-06-15 09:30:02,1137.35,5,38223,41303,1126.79,43291,-2.08
2021-06-15 09:30:03,1136.2,10,38223,41303,1126.79,43291,-2.18
2021-06-15 09:30:04,1136.0,50,38024,41393,1126.83,43509,-2.2
2021-06-15 09:30:04,1136.0,50,38017,41423,1126.83,43509,-2.2
2021-06-15 09:30:05,1136.0,50,38010,41423,1126.83,43509,-2.2
2021-06-15 09:30:06,1136.0,50,38010,41432,1126.83,43509,-2.2
2021-06-15 09:30:08,1136.0,50,38019,41456,1126.83,43509,-2.2
2021-06-15 09:30:09,1136.25,2,38019,41446,1126.83,43519,-2.18
2021-06-15 09:30:10,1136.25,2,38010,41453,1126.83,43519,-2.18
2021-06-15 09:30:11,1136.0,5,37921,41452,1126.84,43524,-2.2
2021-06-15 09:30:12,1136.0,5,37921,41502,1126.84,43524,-2.2
2021-06-15 09:30:13,1136.0,5,37910,41504,1126.84,43524,-2.2
2021-06-15 09:30:14,1136.0,5,37810,41530,1126.84,43524,-2.2
2021-06-15 09:30:15,1133.7,4,36916,41656,1126.98,44380,-2.4
2021-06-15 09:30:16,1133.7,4,36880,41646,1126.98,44380,-2.4
2021-06-15 09:30:17,1133.0,10,36890,41671,1126.98,44380,-2.46
2021-06-15 09:30:18,1133.0,2,36879,41771,1126.98,44390,-2.46
2021-06-15 09:30:19,1133.0,2,36897,41734,1126.98,44392,-2.46
2021-06-15 09:30:20,1133.0,2,36902,41726,1126.98,44392,-2.46
2021-06-15 09:30:21,1133.0,2,36902,41714,1126.98,44392,-2.46
2021-06-15 09:30:23,1133.0,2,37003,41715,1126.98,44392,-2.46
2021-06-15 09:30:24,1134.7,10,37003,41715,1126.98,44392,-2.31
2021-06-15 09:30:24,1134.7,10,36991,41715,1126.99,44422,-2.31
2021-06-15 09:30:25,1133.0,63,36896,41639,1127.0,44523,-2.46
2021-06-15 09:30:26,1133.0,63,36891,41649,1127.0,44523,-2.46
2021-06-15 09:30:27,1133.0,63,36884,41669,1127.0,44523,-2.46
2021-06-15 09:30:28,1133.0,63,36908,41695,1127.0,44523,-2.46
2021-06-15 09:30:28,1133.0,5,36908,41695,1127.0,44523,-2.46
2021-06-15 09:30:29,1133.0,5,36968,41725,1127.0,44528,-2.46
2021-06-15 09:30:30,1133.0,5,36968,41704,1127.0,44528,-2.46
2021-06-15 09:30:31,1133.0,5,36969,41704,1127.0,44528,-2.46
2021-06-15 09:30:35,1133.0,5,36894,41704,1127.0,44528,-2.46
2021-06-15 09:30:36,1133.0,5,36894,41697,1127.0,44528,-2.46
2021-06-15 09:30:37,1133.0,5,36894,41691,1127.0,44528,-2.46
2021-06-15 09:30:38,1133.0,5,36894,41698,1127.0,44528,-2.46
2021-06-15 09:30:39,1133.0,5,36897,41722,1127.0,44528,-2.46
2021-06-15 09:30:40,1133.0,5,36917,41722,1127.0,44528,-2.46
2021-06-15 09:30:42,1133.0,5,36926,41723,1127.0,44528,-2.46
2021-06-15 09:30:43,1133.0,5,36924,41721,1127.0,44528,-2.46
2021-06-15 09:30:44,1133.0,5,36924,41719,1127.0,44528,-2.46
2021-06-15 09:30:45,1133.0,5,36925,41919,1127.0,44528,-2.46
2021-06-15 09:30:47,1133.0,5,36925,41918,1127.0,44528,-2.46
2021-06-15 09:30:48,1133.0,5,36960,41912,1127.0,44528,-2.46
2021-06-15 09:30:48,1133.0,5,36960,41911,1127.0,44528,-2.46
2021-06-15 09:30:49,1134.5,6,36960,41911,1127.0,44528,-2.33
2021-06-15 09:30:50,1134.5,6,36945,41905,1127.0,44534,-2.33
2021-06-15 09:30:51,1134.3,1,36953,42075,1127.0,44535,-2.35
2021-06-15 09:30:54,1134.3,1,36953,42085,1127.0,44535,-2.35
2021-06-15 09:30:59,1134.3,1,37053,42085,1127.0,44535,-2.35
2021-06-15 09:31:03,1134.5,94,37113,42090,1127.0,44535,-2.33
2021-06-15 09:31:04,1134.45,8,37204,41944,1127.02,44637,-2.33
2021-06-15 09:31:05,1134.45,8,37203,41937,1127.02,44637,-2.33
2021-06-15 09:31:06,1136.0,10,37203,41945,1127.02,44637,-2.2
2021-06-15 09:31:06,1136.0,10,37213,41950,1127.02,44647,-2.2
2021-06-15 09:31:07,1136.0,10,37223,41958,1127.02,44647,-2.2
2021-06-15 09:31:09,1136.0,10,37252,41958,1127.02,44647,-2.2
2021-06-15 09:31:11,1136.0,92,37181,41935,1127.04,44739,-2.2
2021-06-15 09:31:12,1136.0,92,37183,41936,1127.04,44739,-2.2
2021-06-15 09:31:12,1136.0,92,37183,41942,1127.04,44739,-2.2
2021-06-15 09:31:14,1135.95,10,37183,41942,1127.04,44739,-2.2
2021-06-15 09:31:15,1135.95,10,37196,41945,1127.04,44749,-2.2
2021-06-15 09:31:16,1135.85,10,37080,41836,1127.05,44759,-2.21
2021-06-15 09:31:18,1135.85,4,37115,41835,1127.05,44763,-2.21
2021-06-15 09:31:18,1135.85,4,37134,41836,1127.05,44763,-2.21
2021-06-15 09:31:19,1135.85,10,37140,41890,1127.05,44773,-2.21
2021-06-15 09:31:21,1135.85,10,37129,41892,1127.05,44773,-2.21
2021-06-15 09:31:21,1135.85,10,37129,41879,1127.05,44773,-2.21
2021-06-15 09:31:23,1135.85,10,37229,41969,1127.05,44773,-2.21
2021-06-15 09:31:24,1135.85,10,37231,41964,1127.05,44773,-2.21
2021-06-15 09:31:24,1131.5,1,36808,41991,1127.11,45273,-2.59
2021-06-15 09:31:25,1131.5,1,36817,42077,1127.11,45273,-2.59
2021-06-15 09:31:27,1131.5,1,36813,42069,1127.11,45273,-2.59
2021-06-15 09:31:28,1131.5,1,36822,42132,1127.11,45273,-2.59
2021-06-15 09:31:30,1131.5,1,36821,42138,1127.11,45273,-2.59
2021-06-15 09:31:31,1131.5,1,36821,42145,1127.11,45273,-2.59
2021-06-15 09:31:33,1131.5,1,36821,42161,1127.11,45273,-2.59
2021-06-15 09:31:34,1131.5,1,36820,42185,1127.11,45273,-2.59
2021-06-15 09:31:34,1131.5,1,36871,42184,1127.11,45273,-2.59
2021-06-15 09:31:36,1131.5,1,36871,42185,1127.11,45273,-2.59
2021-06-15 09:31:37,1134.15,1,36871,42211,1127.11,45273,-2.36
2021-06-15 09:31:39,1134.7,1,36889,42162,1127.12,45325,-2.31
2021-06-15 09:31:40,1134.6,4,36889,42162,1127.12,45325,-2.32
2021-06-15 09:31:41,1134.6,4,36898,42168,1127.12,45329,-2.32
2021-06-15 09:31:42,1134.6,4,36793,42066,1127.12,45329,-2.32
2021-06-15 09:31:42,1131.5,3,36793,42066,1127.12,45329,-2.59
2021-06-15 09:31:43,1131.5,3,36734,42065,1127.13,45429,-2.59
2021-06-15 09:31:44,1131.5,3,36750,42101,1127.13,45429,-2.59
2021-06-15 09:31:46,1131.5,3,36754,42095,1127.13,45429,-2.59
2021-06-15 09:31:47,1131.5,3,36726,42070,1127.13,45429,-2.59
2021-06-15 09:31:48,1131.5,3,36771,42095,1127.13,45429,-2.59
2021-06-15 09:31:49,1131.5,3,36766,42080,1127.13,45429,-2.59
2021-06-15 09:31:50,1131.5,3,36766,42036,1127.13,45429,-2.59
2021-06-15 09:31:51,1132.0,5,36772,42052,1127.13,45434,-2.54
2021-06-15 09:31:52,1133.3,2,36780,42046,1127.13,45435,-2.43
2021-06-15 09:31:53,1133.3,2,36765,42057,1127.14,45445,-2.43
2021-06-15 09:31:54,1133.3,2,36870,42066,1127.14,45445,-2.43
2021-06-15 09:31:55,1133.65,2,36886,42069,1127.14,45447,-2.4
2021-06-15 09:31:56,1133.4,10,36893,42076,1127.14,45447,-2.42
2021-06-15 09:31:57,1133.4,10,36883,42025,1127.14,45457,-2.42
2021-06-15 09:31:58,1133.4,10,36859,42038,1127.14,45457,-2.42
2021-06-15 09:32:00,1133.4,10,36859,42088,1127.14,45457,-2.42
2021-06-15 09:32:00,1134.0,9,36895,42003,1127.15,45531,-2.37
2021-06-15 09:32:01,1134.0,6,36895,42003,1127.15,45531,-2.37
2021-06-15 09:32:01,1134.0,6,36880,41996,1127.15,45557,-2.37
2021-06-15 09:32:02,1136.05,7,36880,41996,1127.15,45557,-2.2
2021-06-15 09:32:03,1136.05,7,36898,41992,1127.17,45657,-2.2
2021-06-15 09:32:03,1136.05,7,36893,41993,1127.17,45657,-2.2
2021-06-15 09:32:04,1136.05,7,36916,41988,1127.17,45657,-2.2
2021-06-15 09:32:06,1136.05,7,36909,42039,1127.17,45657,-2.2
2021-06-15 09:32:07,1136.05,7,36909,42064,1127.17,45657,-2.2
2021-06-15 09:32:09,1136.05,7,36927,42064,1127.17,45657,-2.2
2021-06-15 09:32:10,1136.05,7,36918,42064,1127.17,45657,-2.2
2021-06-15 09:32:10,1135.0,2,36925,42073,1127.17,45667,-2.29
2021-06-15 09:32:12,1135.0,2,36920,42073,1127.17,45667,-2.29
2021-06-15 09:32:13,1135.0,1,36931,42074,1127.17,45668,-2.29
2021-06-15 09:32:14,1135.55,1,36952,42069,1127.17,45678,-2.24
2021-06-15 09:32:15,1135.55,1,36950,42069,1127.17,45678,-2.24
2021-06-15 09:32:15,1133.35,1,36950,42069,1127.17,45678,-2.43
2021-06-15 09:32:16,1135.45,3,36939,42085,1127.18,45707,-2.25
2021-06-15 09:32:17,1134.2,5,36922,42073,1127.18,45712,-2.35
2021-06-15 09:32:18,1134.2,5,36922,42074,1127.18,45712,-2.35
2021-06-15 09:32:19,1135.0,89,37030,42040,1127.19,45812,-2.29
2021-06-15 09:32:21,1135.0,89,37048,42030,1127.19,45812,-2.29
2021-06-15 09:32:22,1136.2,10,37083,42016,1127.21,45912,-2.18
2021-06-15 09:32:22,1136.2,10,37073,42027,1127.21,45912,-2.18
2021-06-15 09:32:24,1136.2,10,37107,42023,1127.21,45912,-2.18
2021-06-15 09:32:24,1135.0,1,37109,42031,1127.21,45913,-2.29
2021-06-15 09:32:25,1135.0,2,37109,42031,1127.21,45913,-2.29
2021-06-15 09:32:26,1135.0,2,37104,42029,1127.21,45917,-2.29
2021-06-15 09:32:26,1136.0,2,37104,42029,1127.21,45917,-2.2
2021-06-15 09:32:31,1136.0,2,37291,42015,1127.22,45922,-2.2
2021-06-15 09:32:33,1136.0,2,37294,42014,1127.22,45922,-2.2
2021-06-15 09:32:37,1135.05,2,37258,42102,1127.23,45974,-2.28
2021-06-15 09:32:38,1135.95,8,37258,42102,1127.23,45974,-2.2
2021-06-15 09:32:41,1135.95,8,37259,42096,1127.23,45984,-2.2
2021-06-15 09:32:45,1135.95,8,37259,42194,1127.23,45984,-2.2
2021-06-15 09:32:48,1135.95,8,37266,42190,1127.23,45984,-2.2
2021-06-15 09:32:52,1135.95,8,37256,42242,1127.23,45984,-2.2
2021-06-15 09:32:56,1135.95,8,37265,42252,1127.23,45984,-2.2
2021-06-15 09:32:58,1135.0,2,37265,42252,1127.23,45984,-2.29
2021-06-15 09:33:00,1135.0,2,37272,42282,1127.23,45986,-2.29
2021-06-15 09:33:03,1135.0,2,37279,42341,1127.23,45986,-2.29
2021-06-15 09:33:04,1133.05,1,37279,42341,1127.23,45986,-2.45
2021-06-15 09:33:07,1133.05,1,37292,42481,1127.23,46006,-2.45
2021-06-15 09:33:10,1133.05,1,37271,42495,1127.23,46006,-2.45
2021-06-15 09:33:11,1132.1,1,37271,42495,1127.23,46006,-2.54
2021-06-15 09:33:15,1132.1,1,37156,42452,1127.23,46026,-2.54
2021-06-15 09:33:15,1134.0,20,37156,42452,1127.23,46026,-2.37
2021-06-15 09:33:18,1134.0,20,37166,42438,1127.24,46046,-2.37
2021-06-15 09:33:19,1131.5,4,37166,42438,1127.24,46046,-2.59
2021-06-15 09:33:22,1131.5,4,37145,42415,1127.24,46126,-2.59
2021-06-15 09:33:25,1131.5,4,37142,42508,1127.24,46126,-2.59
2021-06-15 09:33:29,1133.7,1,37142,42508,1127.24,46126,-2.4
2021-06-15 09:33:29,1133.7,1,37155,42523,1127.24,46127,-2.4
2021-06-15 09:33:30,1133.85,2,37155,42523,1127.24,46127,-2.38
2021-06-15 09:33:33,1133.85,2,37160,42519,1127.25,46137,-2.38
2021-06-15 09:33:35,1132.35,2,37160,42519,1127.25,46137,-2.51
2021-06-15 09:33:36,1132.35,2,37167,42520,1127.25,46157,-2.51
2021-06-15 09:33:38,1132.2,6,37167,42520,1127.25,46157,-2.53
2021-06-15 09:33:40,1132.2,6,37172,42605,1127.25,46167,-2.53
2021-06-15 09:33:42,1132.35,5,37172,42605,1127.25,46167,-2.51
2021-06-15 09:33:43,1132.35,5,37258,42661,1127.25,46172,-2.51
2021-06-15 09:33:44,1132.35,10,37258,42661,1127.25,46172,-2.51
2021-06-15 09:33:47,1132.35,10,37235,42693,1127.25,46187,-2.51
2021-06-15 09:33:49,1133.45,5,37235,42693,1127.25,46187,-2.42
2021-06-15 09:33:51,1133.45,5,37241,42714,1127.25,46192,-2.42
2021-06-15 09:33:52,1133.9,22,37241,42714,1127.25,46192,-2.38
2021-06-15 09:33:54,1133.9,22,37365,42657,1127.26,46262,-2.38
2021-06-15 09:33:55,1133.85,1,37365,42657,1127.26,46262,-2.38
2021-06-15 09:33:56,1131.0,45,37365,42657,1127.26,46262,-2.63
2021-06-15 09:33:57,1134.4,7,37365,42657,1127.26,46262,-2.34
2021-06-15 09:33:58,1134.4,7,37178,42645,1127.29,46563,-2.34
2021-06-15 09:34:01,1134.4,7,37177,42638,1127.29,46563,-2.34
2021-06-15 09:34:08,1134.4,7,37287,42655,1127.29,46563,-2.34
2021-06-15 09:34:10,1134.3,1,37287,42655,1127.29,46563,-2.35
2021-06-15 09:34:12,1134.3,1,37320,42663,1127.29,46566,-2.35
2021-06-15 09:34:15,1133.0,25,37316,42707,1127.3,46591,-2.46
2021-06-15 09:34:19,1133.0,25,37329,42706,1127.3,46591,-2.46
2021-06-15 09:34:26,1133.0,25,37310,42707,1127.3,46591,-2.46
2021-06-15 09:34:30,1133.0,25,37319,42707,1127.3,46591,-2.46
2021-06-15 09:34:33,1133.0,25,37344,42750,1127.3,46591,-2.46
2021-06-15 09:34:35,1134.0,1,37344,42750,1127.3,46591,-2.37
2021-06-15 09:34:36,1134.0,4,37344,42750,1127.3,46591,-2.37
2021-06-15 09:34:37,1134.0,4,37350,42753,1127.3,46596,-2.37
2021-06-15 09:34:43,1134.0,4,37342,42747,1127.3,46596,-2.37
2021-06-15 09:34:45,1133.25,4,37342,42747,1127.3,46596,-2.44
2021-06-15 09:34:47,1133.25,4,37543,42754,1127.3,46606,-2.44
2021-06-15 09:34:51,1134.3,2,37536,42741,1127.3,46631,-2.35
2021-06-15 09:34:54,1134.3,2,36702,42761,1127.3,46631,-2.35
2021-06-15 09:34:55,1134.45,4,36702,42761,1127.3,46631,-2.33
2021-06-15 09:34:57,1134.45,4,36715,43161,1127.3,46635,-2.33
2021-06-15 09:35:01,1134.45,4,36736,43161,1127.3,46635,-2.33
2021-06-15 09:35:04,1134.45,4,36828,43189,1127.3,46635,-2.33
2021-06-15 09:35:05,1134.0,25,36828,43189,1127.3,46635,-2.37
2021-06-15 09:35:06,1134.4,3,36828,43189,1127.3,46635,-2.34
2021-06-15 09:35:07,1134.5,2,36828,43189,1127.3,46635,-2.33
2021-06-15 09:35:08,1134.5,2,36862,43144,1127.31,46710,-2.33
2021-06-15 09:35:12,1134.5,2,36863,43184,1127.31,46710,-2.33
2021-06-15 09:35:13,1134.5,5,36863,43184,1127.31,46710,-2.33
2021-06-15 09:35:15,1134.5,5,36868,43189,1127.31,46715,-2.33
2021-06-15 09:35:18,1134.5,5,36868,43182,1127.31,46715,-2.33
2021-06-15 09:35:22,1134.5,18,36929,43123,1127.32,46733,-2.33
2021-06-15 09:35:25,1134.5,18,36950,43129,1127.32,46733,-2.33
2021-06-15 09:35:29,1134.5,18,36956,43129,1127.32,46733,-2.33
2021-06-15 09:35:33,1132.55,14,36835,43138,1127.34,46883,-2.5
2021-06-15 09:35:36,1132.55,14,36840,43155,1127.34,46883,-2.5
2021-06-15 09:35:37,1134.5,2,36840,43155,1127.34,46883,-2.33
2021-06-15 09:35:39,1134.5,2,36840,43136,1127.34,46885,-2.33
2021-06-15 09:35:41,1134.8,1,36840,43136,1127.34,46885,-2.3
2021-06-15 09:35:42,1132.35,32,36840,43136,1127.34,46885,-2.51
2021-06-15 09:35:43,1132.35,32,37122,43178,1127.35,47000,-2.51
2021-06-15 09:35:43,1135.95,36,37122,43178,1127.35,47000,-2.2
2021-06-15 09:35:45,1136.0,5,37122,43178,1127.35,47000,-2.2
2021-06-15 09:35:46,1136.0,5,37198,42990,1127.43,47438,-2.2
2021-06-15 09:35:49,1136.0,5,37196,42993,1127.43,47438,-2.2
2021-06-15 09:35:56,1136.0,5,37223,43156,1127.43,47438,-2.2
2021-06-15 09:35:58,1134.3,7,37223,43156,1127.43,47438,-2.35
2021-06-15 09:36:00,1133.95,10,37153,43243,1127.45,47685,-2.38
2021-06-15 09:36:01,1135.0,1,37153,43243,1127.45,47685,-2.29
2021-06-15 09:36:03,1135.0,1,37123,43222,1127.47,47785,-2.29
2021-06-15 09:36:06,1132.9,10,37141,43433,1127.47,47795,-2.47
2021-06-15 09:36:09,1134.3,1,37141,43433,1127.47,47795,-2.35
2021-06-15 09:36:10,1134.3,1,37143,43457,1127.47,47796,-2.35
2021-06-15 09:36:11,1135.15,8,37143,43457,1127.47,47796,-2.27
2021-06-15 09:36:14,1135.15,8,37166,43402,1127.47,47846,-2.27
2021-06-15 09:36:16,1135.15,8,37296,43412,1127.47,47846,-2.27
2021-06-15 09:36:20,1135.15,8,37318,43404,1127.47,47846,-2.27
2021-06-15 09:36:22,1135.4,6,37318,43404,1127.47,47846,-2.25
2021-06-15 09:36:24,1135.4,6,37335,43404,1127.48,47856,-2.25
2021-06-15 09:36:31,1135.4,6,37326,43409,1127.48,47856,-2.25
2021-06-15 09:36:37,1133.05,20,37326,43409,1127.48,47856,-2.45
2021-06-15 09:36:38,1133.05,20,37265,43416,1127.49,47956,-2.45
2021-06-15 09:36:40,1134.65,6,37265,43416,1127.49,47956,-2.32
2021-06-15 09:36:42,1134.65,6,37285,43480,1127.49,47962,-2.32
2021-06-15 09:36:43,1134.35,6,37285,43480,1127.49,47962,-2.34
2021-06-15 09:36:44,1136.0,22,37285,43480,1127.49,47962,-2.2
2021-06-15 09:36:45,1136.0,1,37285,43480,1127.49,47962,-2.2
2021-06-15 09:36:46,1136.0,1,37312,43051,1127.54,48269,-2.2
2021-06-15 09:36:49,1136.0,1,37355,43051,1127.54,48269,-2.2
2021-06-15 09:36:51,1134.75,1,37355,43051,1127.54,48269,-2.31
2021-06-15 09:36:53,1133.05,39,37256,43090,1127.56,48466,-2.45
2021-06-15 09:36:55,1133.05,39,37306,43207,1127.56,48466,-2.45
2021-06-15 09:36:59,1134.15,9,37264,43218,1127.56,48476,-2.36
2021-06-15 09:37:02,1135.2,2,37264,43218,1127.56,48476,-2.27
2021-06-15 09:37:02,1135.2,2,37274,43259,1127.57,48486,-2.27
2021-06-15 09:37:05,1135.2,2,37281,43262,1127.57,48486,-2.27
2021-06-15 09:37:06,1135.4,12,37281,43262,1127.57,48486,-2.25
2021-06-15 09:37:09,1135.4,12,37420,43216,1127.57,48506,-2.25
2021-06-15 09:37:10,1135.85,22,37420,43216,1127.57,48506,-2.21
2021-06-15 09:37:12,1135.85,22,37418,43202,1127.58,48556,-2.21
2021-06-15 09:37:15,1135.85,22,37518,43202,1127.58,48556,-2.21
2021-06-15 09:37:19,1135.85,22,37562,43331,1127.58,48556,-2.21
2021-06-15 09:37:20,1134.3,6,37562,43331,1127.58,48556,-2.35
2021-06-15 09:37:22,1134.3,6,37565,43341,1127.58,48562,-2.35
2021-06-15 09:37:24,1134.2,12,37565,43341,1127.58,48562,-2.35
2021-06-15 09:37:26,1134.2,12,37561,43354,1127.58,48582,-2.35
2021-06-15 09:37:30,1135.8,81,37561,43354,1127.58,48582,-2.22
2021-06-15 09:37:33,1136.0,44,37561,43354,1127.58,48582,-2.2
2021-06-15 09:37:33,1136.0,44,37560,43138,1127.62,48782,-2.2
2021-06-15 09:37:37,1136.0,44,37573,43127,1127.62,48782,-2.2
2021-06-15 09:37:41,1136.0,44,37597,43136,1127.62,48782,-2.2
2021-06-15 09:37:42,1136.0,5,37597,43136,1127.62,48782,-2.2
2021-06-15 09:37:44,1136.0,5,37699,43122,1127.62,48787,-2.2
2021-06-15 09:37:45,1136.0,1,37699,43122,1127.62,48787,-2.2
2021-06-15 09:37:48,1136.0,1,37721,43013,1127.63,48854,-2.2
2021-06-15 09:37:49,1135.25,3,37721,43013,1127.63,48854,-2.26
2021-06-15 09:37:51,1135.25,3,37633,42962,1127.65,48957,-2.26
2021-06-15 09:37:55,1135.25,3,37631,42957,1127.65,48957,-2.26
2021-06-15 09:37:59,1135.25,3,37623,43002,1127.65,48957,-2.26
2021-06-15 09:38:01,1135.95,5,37623,43002,1127.65,48957,-2.2
2021-06-15 09:38:02,1135.4,5,37623,43002,1127.65,48957,-2.25
2021-06-15 09:38:03,1135.4,5,37889,43140,1127.65,48967,-2.25
2021-06-15 09:38:04,1135.95,20,37889,43140,1127.65,48967,-2.2
2021-06-15 09:38:06,1135.95,20,38042,43117,1127.65,48987,-2.2
2021-06-15 09:38:07,1138.0,450,38042,43117,1127.65,48987,-2.03
2021-06-15 09:38:09,1137.0,28,38074,42906,1127.93,50371,-2.11
2021-06-15 09:38:10,1138.0,1,38074,42906,1127.93,50371,-2.03
2021-06-15 09:38:13,1138.0,1,38149,42906,1127.93,50372,-2.03
2021-06-15 09:38:15,1138.0,20,38149,42906,1127.93,50372,-2.03
2021-06-15 09:38:16,1138.0,20,38174,42929,1127.94,50392,-2.03
2021-06-15 09:38:20,1138.0,20,38202,42930,1127.94,50392,-2.03
2021-06-15 09:38:24,1138.0,20,38202,43055,1127.94,50392,-2.03
2021-06-15 09:38:25,1138.0,5,38202,43055,1127.94,50392,-2.03
2021-06-15 09:38:26,1137.95,1,38202,43055,1127.94,50392,-2.03
2021-06-15 09:38:27,1137.95,1,38205,43063,1127.94,50398,-2.03
2021-06-15 09:38:30,1137.95,1,38197,43119,1127.94,50398,-2.03
2021-06-15 09:38:33,1137.95,1,38204,43184,1127.94,50398,-2.03
2021-06-15 09:38:37,1137.95,1,38206,43212,1127.94,50398,-2.03
2021-06-15 09:38:40,1137.95,1,38306,43221,1127.94,50398,-2.03
2021-06-15 09:38:43,1138.0,50,38307,43168,1127.95,50448,-2.03
2021-06-15 09:38:44,1137.75,1,38307,43168,1127.95,50448,-2.05
2021-06-15 09:38:46,1137.75,1,38312,43182,1127.95,50449,-2.05
2021-06-15 09:38:49,1137.75,9,38312,43182,1127.95,50449,-2.05
2021-06-15 09:38:49,1137.75,9,38322,43171,1127.95,50458,-2.05
2021-06-15 09:38:52,1138.0,34,38322,43171,1127.95,50458,-2.03
2021-06-15 09:38:53,1138.0,34,38358,43165,1127.96,50508,-2.03
2021-06-15 09:38:56,1138.0,34,38381,43132,1127.96,50508,-2.03
2021-06-15 09:38:58,1137.75,200,38381,43132,1127.96,50508,-2.05
2021-06-15 09:39:00,1137.75,200,38456,43263,1128.02,50798,-2.05
2021-06-15 09:39:00,1137.0,40,38456,43263,1128.02,50798,-2.11
2021-06-15 09:39:03,1137.0,40,38377,43266,1128.02,50838,-2.11
2021-06-15 09:39:03,1138.0,150,38377,43266,1128.02,50838,-2.03
2021-06-15 09:39:06,1138.0,150,38370,43082,1128.05,50988,-2.03
2021-06-15 09:39:09,1138.0,150,38370,43182,1128.05,50988,-2.03
2021-06-15 09:39:13,1138.0,2,38370,43293,1128.05,50990,-2.03
2021-06-15 09:39:17,1138.0,2,38378,43345,1128.05,50990,-2.03
2021-06-15 09:39:18,1138.0,42,38378,43345,1128.05,50990,-2.03
2021-06-15 09:39:19,1138.0,42,38375,43300,1128.07,51080,-2.03
2021-06-15 09:39:20,1138.0,6,38375,43300,1128.07,51080,-2.03
2021-06-15 09:39:21,1137.0,160,38375,43300,1128.07,51080,-2.11
2021-06-15 09:39:23,1138.0,17,38232,43308,1128.1,51246,-2.03
2021-06-15 09:39:24,1138.0,2,38232,43308,1128.1,51246,-2.03
2021-06-15 09:39:25,1138.0,2,38237,43123,1128.13,51398,-2.03
2021-06-15 09:39:27,1137.0,2,38237,43123,1128.13,51398,-2.11
2021-06-15 09:39:28,1138.2,20,38237,43123,1128.13,51398,-2.01
2021-06-15 09:39:28,1138.2,20,39268,43134,1128.13,51420,-2.01
2021-06-15 09:39:30,1138.35,1,39268,43134,1128.13,51420,-2.0
2021-06-15 09:39:32,1138.35,1,39366,43140,1128.13,51421,-2.0
2021-06-15 09:39:33,1136.8,4,39366,43140,1128.13,51421,-2.13
2021-06-15 09:39:34,1136.65,1,39366,43140,1128.13,51421,-2.14
2021-06-15 09:39:35,1136.65,1,37818,43167,1128.43,53310,-2.14
2021-06-15 09:39:40,1136.8,9,37818,43167,1128.43,53310,-2.13
2021-06-15 09:39:41,1136.8,9,37868,43179,1128.44,53340,-2.13
2021-06-15 09:39:44,1134.15,2,37868,43179,1128.44,53340,-2.36
2021-06-15 09:39:45,1134.15,2,37798,43258,1128.45,53426,-2.36
2021-06-15 09:39:49,1136.0,1,37805,43210,1128.45,53435,-2.2
2021-06-15 09:39:52,1136.0,1,37818,43205,1128.45,53435,-2.2
2021-06-15 09:39:55,1134.45,12,37915,43183,1128.45,53486,-2.33
2021-06-15 09:39:58,1136.9,2,37915,43183,1128.45,53486,-2.12
2021-06-15 09:39:59,1136.9,2,37931,43219,1128.45,53488,-2.12
2021-06-15 09:40:00,1136.1,1,37931,43219,1128.45,53488,-2.19
2021-06-15 09:40:03,1136.1,1,37932,43332,1128.45,53489,-2.19
2021-06-15 09:40:06,1136.1,1,37864,43329,1128.45,53489,-2.19
2021-06-15 09:40:10,1136.1,1,37873,43308,1128.45,53489,-2.19
2021-06-15 09:40:13,1136.1,1,37903,43316,1128.45,53489,-2.19
2021-06-15 09:40:16,1136.1,1,37948,43307,1128.45,53489,-2.19
2021-06-15 09:40:17,1136.1,50,37948,43307,1128.45,53489,-2.19
2021-06-15 09:40:19,1136.1,50,37893,43328,1128.46,53542,-2.19
2021-06-15 09:40:23,1134.25,6,37887,43371,1128.46,53542,-2.35
2021-06-15 09:40:25,1135.35,10,37887,43371,1128.46,53542,-2.26
2021-06-15 09:40:26,1135.35,29,37887,43371,1128.46,53542,-2.26
2021-06-15 09:40:27,1135.35,29,37891,43394,1128.47,53616,-2.26
2021-06-15 09:40:28,1136.0,1,37891,43394,1128.47,53616,-2.2
2021-06-15 09:40:30,1136.0,1,37886,43569,1128.47,53640,-2.2
2021-06-15 09:40:30,1134.15,36,37886,43569,1128.47,53640,-2.36
2021-06-15 09:40:33,1134.15,36,37818,43579,1128.48,53741,-2.36
2021-06-15 09:40:37,1134.15,36,37845,43579,1128.48,53741,-2.36
2021-06-15 09:40:40,1134.15,36,37854,43593,1128.48,53741,-2.36
2021-06-15 09:40:44,1134.15,36,37855,43597,1128.48,53741,-2.36
2021-06-15 09:40:45,1133.9,2,37855,43597,1128.48,53741,-2.38
2021-06-15 09:40:46,1133.9,2,37600,44214,1128.51,53973,-2.38
2021-06-15 09:40:52,1134.0,1,37600,44214,1128.51,53973,-2.37
2021-06-15 09:40:54,1134.0,1,37607,44319,1128.51,53985,-2.37
2021-06-15 09:40:57,1134.0,1,37607,44219,1128.51,53985,-2.37
2021-06-15 09:41:00,1134.0,1,37599,44221,1128.51,53985,-2.37
2021-06-15 09:41:04,1134.0,1,37623,44231,1128.51,53985,-2.37
2021-06-15 09:41:04,1133.95,3,37623,44231,1128.51,53985,-2.38
2021-06-15 09:41:05,1134.9,15,37623,44231,1128.51,53985,-2.29
2021-06-15 09:41:07,1134.15,35,37621,44184,1128.52,54057,-2.36
2021-06-15 09:41:09,1135.0,16,37621,44184,1128.52,54057,-2.29
2021-06-15 09:41:10,1131.0,50,37621,44184,1128.52,54057,-2.63
2021-06-15 09:41:11,1130.85,9,37329,45321,1128.53,54304,-2.64
2021-06-15 09:41:14,1130.85,9,37326,45312,1128.53,54304,-2.64
2021-06-15 09:41:16,1131.05,28,37326,45312,1128.53,54304,-2.63
2021-06-15 09:41:17,1131.05,28,37331,45371,1128.54,54339,-2.63
2021-06-15 09:41:21,1131.05,28,38218,45407,1128.54,54339,-2.63
2021-06-15 09:41:21,1131.1,5,38218,45407,1128.54,54339,-2.62
2021-06-15 09:41:22,1132.3,3,38218,45407,1128.54,54339,-2.52
2021-06-15 09:41:24,1131.3,6,38230,45386,1128.54,54400,-2.6
2021-06-15 09:41:27,1131.3,6,38733,45395,1128.54,54400,-2.6
2021-06-15 09:41:29,1131.35,5,38733,45395,1128.54,54400,-2.6
2021-06-15 09:41:30,1131.35,5,38733,45373,1128.54,54405,-2.6
2021-06-15 09:41:33,1131.35,2,38733,45373,1128.54,54405,-2.6
2021-06-15 09:41:33,1129.4,3,38733,45373,1128.54,54405,-2.77
2021-06-15 09:41:34,1129.0,1,37212,45402,1128.58,55832,-2.8
2021-06-15 09:41:35,1128.0,1,37212,45402,1128.58,55832,-2.89
2021-06-15 09:41:37,1125.05,13,37144,45472,1128.58,55919,-3.14
2021-06-15 09:41:39,1125.25,9,37144,45472,1128.58,55919,-3.13
2021-06-15 09:41:39,1129.3,12,37144,45472,1128.58,55919,-2.78
2021-06-15 09:41:40,1129.3,23,36948,45457,1128.55,56528,-2.78
2021-06-15 09:41:42,1125.85,8,36948,45457,1128.55,56528,-3.07
2021-06-15 09:41:43,1128.75,12,36948,45457,1128.55,56528,-2.82
2021-06-15 09:41:43,1128.75,12,37011,45493,1128.55,56677,-2.82
2021-06-15 09:41:46,1128.75,12,37012,45494,1128.55,56677,-2.82
2021-06-15 09:41:49,1128.15,16,37012,45494,1128.55,56677,-2.88
2021-06-15 09:41:50,1128.15,16,37042,45535,1128.55,56719,-2.88
2021-06-15 09:41:51,1129.9,33,37042,45535,1128.55,56719,-2.72
2021-06-15 09:41:53,1129.9,33,37079,45514,1128.55,56769,-2.72
2021-06-15 09:41:54,1131.2,9,37079,45514,1128.55,56769,-2.61
2021-06-15 09:41:57,1131.2,9,37183,45497,1128.55,56799,-2.61
2021-06-15 09:42:00,1131.2,9,37334,45517,1128.55,56799,-2.61
2021-06-15 09:42:03,1131.2,9,37327,45515,1128.55,56799,-2.61
2021-06-15 09:42:04,1129.45,4,37327,45515,1128.55,56799,-2.76
2021-06-15 09:42:06,1131.35,2,37327,45515,1128.55,56799,-2.6
2021-06-15 09:42:06,1131.35,2,37457,45478,1128.55,56821,-2.6
2021-06-15 09:42:09,1131.35,2,37560,45491,1128.55,56821,-2.6
2021-06-15 09:42:11,1131.85,1,37560,45491,1128.55,56821,-2.56
2021-06-15 09:42:12,1131.85,1,37557,45448,1128.55,56849,-2.56
2021-06-15 09:42:16,1131.85,1,37593,44462,1128.55,56849,-2.56
2021-06-15 09:42:17,1131.95,1,37593,44462,1128.55,56849,-2.55
2021-06-15 09:42:19,1131.95,1,37643,44467,1128.56,56862,-2.55
2021-06-15 09:42:22,1132.7,1,37641,44517,1128.56,56863,-2.48
2021-06-15 09:42:22,1131.95,1,37641,44517,1128.56,56863,-2.55
2021-06-15 09:42:25,1131.95,1,37941,44516,1128.56,56864,-2.55
2021-06-15 09:42:26,1132.65,1,37941,44516,1128.56,56864,-2.49
2021-06-15 09:42:28,1132.65,1,37941,44520,1128.56,56865,-2.49
2021-06-15 09:42:31,1132.65,1,37971,44493,1128.56,56865,-2.49
2021-06-15 09:42:35,1132.75,7,38060,44411,1128.56,56883,-2.48
2021-06-15 09:42:37,1132.75,7,38060,44419,1128.56,56883,-2.48
2021-06-15 09:42:39,1134.1,1,38060,44419,1128.56,56883,-2.36
2021-06-15 09:42:41,1129.0,12,38054,44420,1128.56,56914,-2.8
2021-06-15 09:42:44,1129.0,12,37924,44450,1128.57,57214,-2.8
2021-06-15 09:42:47,1129.0,12,37963,44444,1128.57,57214,-2.8
2021-06-15 09:42:50,1131.4,15,37963,44444,1128.57,57214,-2.6
2021-06-15 09:42:51,1131.4,15,37946,44471,1128.57,57229,-2.6
2021-06-15 09:42:52,1132.6,2,37946,44471,1128.57,57229,-2.49
2021-06-15 09:42:52,1133.35,10,37946,44471,1128.57,57229,-2.43
2021-06-15 09:42:54,1133.35,10,37997,44455,1128.57,57256,-2.43
2021-06-15 09:42:55,1132.7,1,37997,44455,1128.57,57256,-2.48
2021-06-15 09:42:57,1132.7,1,37996,44463,1128.57,57257,-2.48
2021-06-15 09:43:00,1132.7,1,38011,44463,1128.57,57257,-2.48
2021-06-15 09:43:01,1133.45,1,38011,44463,1128.57,57257,-2.42
2021-06-15 09:43:04,1133.45,1,38052,44462,1128.57,57258,-2.42
2021-06-15 09:43:07,1133.45,1,38356,44462,1128.57,57258,-2.42
2021-06-15 09:43:10,1133.45,1,38355,44479,1128.57,57258,-2.42
2021-06-15 09:43:13,1133.45,1,38347,44479,1128.57,57258,-2.42
2021-06-15 09:43:16,1133.45,1,38347,44490,1128.57,57258,-2.42
2021-06-15 09:43:18,1133.35,1,38347,44490,1128.57,57258,-2.43
2021-06-15 09:43:19,1133.35,1,38388,44490,1128.57,57259,-2.43
2021-06-15 09:43:22,1133.35,1,38388,44486,1128.57,57259,-2.43
2021-06-15 09:43:30,1132.7,4,38388,44486,1128.57,57259,-2.48
2021-06-15 09:43:32,1132.7,4,38368,44502,1128.58,57263,-2.48
2021-06-15 09:43:34,1131.5,23,38368,44502,1128.58,57263,-2.59
2021-06-15 09:43:36,1131.5,23,38325,44542,1128.58,57313,-2.59
2021-06-15 09:43:39,1131.5,23,38357,44557,1128.58,57313,-2.59
2021-06-15 09:43:42,1131.5,23,38355,44567,1128.58,57313,-2.59
2021-06-15 09:43:49,1131.5,23,38357,44568,1128.58,57313,-2.59
2021-06-15 09:43:52,1131.5,23,38328,44576,1128.58,57313,-2.59
2021-06-15 09:43:55,1131.5,23,38337,44576,1128.58,57313,-2.59
2021-06-15 09:44:02,1131.5,23,38338,44606,1128.58,57313,-2.59
2021-06-15 09:44:04,1129.0,69,38338,44606,1128.58,57313,-2.8
2021-06-15 09:44:05,1132.5,1,38338,44606,1128.58,57313,-2.5
2021-06-15 09:44:06,1132.5,1,38239,44585,1128.58,57633,-2.5
2021-06-15 09:44:08,1132.5,1,38250,44618,1128.58,57633,-2.5
2021-06-15 09:44:11,1132.5,1,38311,44607,1128.58,57633,-2.5
2021-06-15 09:44:15,1132.5,1,38313,44629,1128.58,57633,-2.5
2021-06-15 09:44:18,1132.5,1,38300,44646,1128.58,57633,-2.5
2021-06-15 09:44:20,1132.5,45,38300,44646,1128.58,57633,-2.5
2021-06-15 09:44:21,1132.5,45,38300,44726,1128.59,57724,-2.5
2021-06-15 09:44:22,1132.25,1,38300,44726,1128.59,57724,-2.52
2021-06-15 09:44:24,1132.25,1,38324,44705,1128.59,57725,-2.52
2021-06-15 09:44:25,1132.3,10,38324,44705,1128.59,57725,-2.52
2021-06-15 09:44:27,1132.3,10,38291,44705,1128.59,57735,-2.52
2021-06-15 09:44:28,1132.25,17,38291,44705,1128.59,57735,-2.52
2021-06-15 09:44:30,1132.25,17,38294,44692,1128.59,57752,-2.52
2021-06-15 09:44:36,1132.25,17,38315,44676,1128.59,57752,-2.52
2021-06-15 09:44:39,1132.25,17,38315,44696,1128.59,57752,-2.52
2021-06-15 09:44:42,1132.25,17,38405,44768,1128.59,57752,-2.52
2021-06-15 09:44:45,1132.25,17,38409,44793,1128.59,57752,-2.52
2021-06-15 09:44:48,1132.25,17,38409,44792,1128.59,57752,-2.52
2021-06-15 09:44:51,1130.55,1,38275,44849,1128.59,57802,-2.67
2021-06-15 09:44:52,1132.25,20,38275,44849,1128.59,57802,-2.52
2021-06-15 09:44:54,1130.1,18,38295,44833,1128.6,57888,-2.71
2021-06-15 09:44:55,1132.65,9,38295,44833,1128.6,57888,-2.49
2021-06-15 09:44:57,1132.65,9,38317,44815,1128.6,57913,-2.49
2021-06-15 09:45:00,1132.65,9,38337,44815,1128.6,57913,-2.49
2021-06-15 09:45:12,1132.65,9,38343,44823,1128.6,57913,-2.49
2021-06-15 09:45:13,1133.15,3,38343,44823,1128.6,57913,-2.45
2021-06-15 09:45:14,1132.0,5,38343,44823,1128.6,57913,-2.54
2021-06-15 09:45:15,1132.0,5,38355,44854,1128.6,57924,-2.54
2021-06-15 09:45:18,1132.0,5,38365,44855,1128.6,57924,-2.54
2021-06-15 09:45:20,1134.15,1,38365,44855,1128.6,57924,-2.36
2021-06-15 09:45:21,1134.15,1,38369,44814,1128.6,57974,-2.36
2021-06-15 09:45:24,1134.15,1,38357,44836,1128.6,57974,-2.36
2021-06-15 09:45:25,1133.35,1,38357,44836,1128.6,57974,-2.43
2021-06-15 09:45:38,1133.0,2,38364,44857,1128.6,57977,-2.46
2021-06-15 09:45:39,1132.5,7,38364,44857,1128.6,57977,-2.5
2021-06-15 09:45:41,1132.5,7,38372,44876,1128.61,57984,-2.5
2021-06-15 09:45:42,1132.75,3,38372,44876,1128.61,57984,-2.48
2021-06-15 09:45:44,1132.75,3,38372,44855,1128.61,57989,-2.48
2021-06-15 09:45:54,1132.75,3,38371,45054,1128.61,57989,-2.48
2021-06-15 09:45:57,1130.6,7,38367,45108,1128.61,58001,-2.66
2021-06-15 09:46:00,1130.6,7,38366,45108,1128.61,58001,-2.66
2021-06-15 09:46:06,1130.6,7,38668,45133,1128.61,58001,-2.66
2021-06-15 09:46:12,1130.6,7,38374,45133,1128.61,58001,-2.66
2021-06-15 09:46:15,1130.6,7,38414,45133,1128.61,58001,-2.66
2021-06-15 09:46:18,1130.6,7,38385,44919,1128.61,58001,-2.66
2021-06-15 09:46:21,1130.6,7,38400,45019,1128.61,58001,-2.66
2021-06-15 09:46:24,1131.95,2,38400,45009,1128.61,58011,-2.55
2021-06-15 09:46:25,1131.95,5,38400,45009,1128.61,58011,-2.55
2021-06-15 09:46:27,1131.95,5,38429,45213,1128.61,58016,-2.55
2021-06-15 09:46:28,1131.95,1,38429,45213,1128.61,58016,-2.55
2021-06-15 09:46:31,1131.95,1,38447,45189,1128.61,58079,-2.55
2021-06-15 09:46:34,1131.95,1,38346,45177,1128.61,58080,-2.55
2021-06-15 09:46:37,1131.95,1,38346,45180,1128.61,58080,-2.55
2021-06-15 09:46:43,1131.95,1,38357,45180,1128.61,58080,-2.55
2021-06-15 09:46:52,1131.95,1,38373,45187,1128.61,58080,-2.55
2021-06-15 09:47:03,1131.05,2,38367,45187,1128.61,58082,-2.63
2021-06-15 09:47:05,1131.05,2,38392,45187,1128.61,58084,-2.63
2021-06-15 09:47:07,1131.05,2,38421,45186,1128.61,58086,-2.63
2021-06-15 09:47:10,1131.05,5,38413,45203,1128.61,58095,-2.63
2021-06-15 09:47:12,1130.65,16,38413,45203,1128.61,58095,-2.66
2021-06-15 09:47:12,1130.3,7,38413,45203,1128.61,58095,-2.69
2021-06-15 09:47:13,1130.3,7,38417,45235,1128.61,58144,-2.69
2021-06-15 09:47:14,1130.2,1,38417,45235,1128.61,58144,-2.7
2021-06-15 09:47:16,1131.0,3,38423,45238,1128.61,58145,-2.63
2021-06-15 09:47:19,1131.0,3,38385,45261,1128.65,59148,-2.63
2021-06-15 09:47:22,1131.0,8,38385,45261,1128.65,59148,-2.63
2021-06-15 09:47:23,1131.0,8,38385,45245,1128.65,59156,-2.63
2021-06-15 09:47:25,1130.0,25,38385,45245,1128.65,59156,-2.72
2021-06-15 09:47:26,1128.85,15,37857,45337,1128.66,59608,-2.82
2021-06-15 09:47:27,1129.75,2,37857,45337,1128.66,59608,-2.74
2021-06-15 09:47:29,1129.75,2,37891,45334,1128.66,59618,-2.74
2021-06-15 09:47:30,1127.9,1,37891,45334,1128.66,59618,-2.9
2021-06-15 09:47:32,1127.9,1,37699,46310,1128.66,59710,-2.9
2021-06-15 09:47:35,1127.9,1,37680,46527,1128.66,59710,-2.9
2021-06-15 09:47:37,1127.95,2,37680,46527,1128.66,59710,-2.89
2021-06-15 09:47:39,1127.0,6,37787,46516,1128.65,59750,-2.97
2021-06-15 09:47:40,1127.0,5,37787,46516,1128.65,59750,-2.97
2021-06-15 09:47:42,1127.0,5,37764,46555,1128.65,59755,-2.97
2021-06-15 09:47:44,1128.0,69,37764,46555,1128.65,59755,-2.89
2021-06-15 09:47:45,1127.95,20,37768,46468,1128.65,59855,-2.89
2021-06-15 09:47:48,1127.95,20,37797,46468,1128.65,59875,-2.89
2021-06-15 09:47:51,1127.95,20,37803,46468,1128.65,59875,-2.89
2021-06-15 09:47:55,1127.95,20,37810,46269,1128.65,59875,-2.89
2021-06-15 09:47:56,1128.0,1,37810,46269,1128.65,59875,-2.89
2021-06-15 09:47:58,1128.0,1,37811,46268,1128.65,59876,-2.89
2021-06-15 09:48:03,1128.0,2,37811,46268,1128.65,59876,-2.89
2021-06-15 09:48:03,1128.0,2,37806,46265,1128.65,59879,-2.89
2021-06-15 09:48:04,1128.0,11,37806,46265,1128.65,59879,-2.89
2021-06-15 09:48:07,1128.0,11,37806,46254,1128.65,59890,-2.89
2021-06-15 09:48:10,1128.0,10,37806,46254,1128.65,59890,-2.89
2021-06-15 09:48:13,1128.0,10,37815,46177,1128.65,59950,-2.89
2021-06-15 09:48:14,1125.85,5,37815,46177,1128.65,59950,-3.07
2021-06-15 09:48:16,1125.85,5,37677,46134,1128.65,60075,-3.07
2021-06-15 09:48:19,1127.0,200,37677,46134,1128.65,60075,-2.97
2021-06-15 09:48:22,1127.0,200,37688,46204,1128.64,60275,-2.97
2021-06-15 09:48:28,1125.7,3,37681,46240,1128.64,60280,-3.09
2021-06-15 09:48:31,1125.7,3,37680,46231,1128.64,60280,-3.09
2021-06-15 09:48:35,1125.7,3,37690,46284,1128.64,60280,-3.09
2021-06-15 09:48:36,1126.95,1,37690,46284,1128.64,60280,-2.98
2021-06-15 09:48:38,1126.95,1,37690,46343,1128.64,60281,-2.98
2021-06-15 09:48:40,1125.35,1,37746,46378,1128.64,60291,-3.12
2021-06-15 09:48:41,1127.0,49,37746,46378,1128.64,60291,-2.97
2021-06-15 09:48:44,1127.0,49,37744,46311,1128.64,60341,-2.97
2021-06-15 09:48:47,1127.0,49,37800,46311,1128.64,60341,-2.97
2021-06-15 09:48:49,1126.0,2,37800,46311,1128.64,60341,-3.06
2021-06-15 09:48:51,1126.0,2,37803,46281,1128.64,60343,-3.06
2021-06-15 09:48:53,1126.0,2,37792,46279,1128.64,60343,-3.06
2021-06-15 09:48:54,1125.45,17,37792,46279,1128.64,60343,-3.11
2021-06-15 09:48:55,1126.95,1,37792,46279,1128.64,60343,-2.98
2021-06-15 09:48:56,1126.95,1,37805,46319,1128.64,60361,-2.98
2021-06-15 09:48:58,1125.45,22,37805,46319,1128.64,60361,-3.11
2021-06-15 09:49:00,1125.45,22,37824,46343,1128.64,60383,-3.11
2021-06-15 09:49:00,1126.95,8,37824,46343,1128.64,60383,-2.98
2021-06-15 09:49:02,1126.95,8,37863,46344,1128.64,60391,-2.98
2021-06-15 09:49:04,1126.95,25,37863,46344,1128.64,60391,-2.98
2021-06-15 09:49:05,1126.95,25,37923,46305,1128.64,60416,-2.98
2021-06-15 09:49:08,1126.95,25,38129,46390,1128.64,60416,-2.98
2021-06-15 09:49:10,1126.0,10,38129,46390,1128.64,60416,-3.06
2021-06-15 09:49:11,1126.0,10,38168,46419,1128.64,60426,-3.06
2021-06-15 09:49:14,1126.95,1,38168,46419,1128.64,60426,-2.98
2021-06-15 09:49:15,1126.95,1,38320,46431,1128.64,60427,-2.98
2021-06-15 09:49:21,1126.95,1,38320,46439,1128.64,60427,-2.98
2021-06-15 09:49:21,1126.9,5,38320,46439,1128.64,60427,-2.98
2021-06-15 09:49:24,1127.0,7,38320,46439,1128.64,60427,-2.97
2021-06-15 09:49:24,1126.95,5,38311,46320,1128.63,60548,-2.98
2021-06-15 09:49:27,1126.0,5,38317,46423,1128.63,60553,-3.06
2021-06-15 09:49:28,1126.95,10,38317,46423,1128.63,60553,-2.98
2021-06-15 09:49:30,1126.95,10,38317,46413,1128.63,60563,-2.98
2021-06-15 09:49:36,1126.95,10,38318,46384,1128.63,60563,-2.98
2021-06-15 09:49:39,1126.95,10,38313,46384,1128.63,60563,-2.98
2021-06-15 09:49:45,1126.95,10,38313,46394,1128.63,60563,-2.98
2021-06-15 09:49:48,1126.95,10,38324,46394,1128.63,60563,-2.98
2021-06-15 09:49:51,1126.95,10,38374,46436,1128.63,60563,-2.98
2021-06-15 09:49:52,1125.9,5,38374,46436,1128.63,60563,-3.07
2021-06-15 09:49:55,1125.9,5,38377,46436,1128.63,60578,-3.07
2021-06-15 09:49:57,1126.95,47,38377,46436,1128.63,60578,-2.98
2021-06-15 09:49:57,1126.95,47,38397,46402,1128.63,60625,-2.98
2021-06-15 09:50:04,1126.95,4,38397,46402,1128.63,60625,-2.98
2021-06-15 09:50:06,1125.9,6,38382,46381,1128.63,60629,-3.07
2021-06-15 09:50:09,1125.9,6,38377,46376,1128.63,60635,-3.07
2021-06-15 09:50:12,1126.95,10,38377,46376,1128.63,60635,-2.98
2021-06-15 09:50:12,1126.95,10,38380,46366,1128.63,60645,-2.98
2021-06-15 09:50:15,1125.45,8,38382,46366,1128.63,60645,-3.11
2021-06-15 09:50:18,1126.75,1,38382,46366,1128.63,60645,-3.0
2021-06-15 09:50:18,1126.75,1,38336,46390,1128.62,60765,-3.0
2021-06-15 09:50:21,1126.75,3,38336,46390,1128.62,60765,-3.0
2021-06-15 09:50:21,1126.75,3,38311,46387,1128.62,60768,-3.0
2021-06-15 09:50:27,1125.25,3,38311,46387,1128.62,60768,-3.13
2021-06-15 09:50:27,1125.25,3,38287,46419,1128.62,60818,-3.13
2021-06-15 09:50:28,1126.65,10,38287,46419,1128.62,60818,-3.0
2021-06-15 09:50:30,1126.65,10,38302,46445,1128.62,60828,-3.0
2021-06-15 09:50:33,1126.65,10,38312,46437,1128.62,60828,-3.0
2021-06-15 09:50:36,1126.65,10,38362,46436,1128.62,60828,-3.0
2021-06-15 09:50:39,1125.4,4,38362,46436,1128.62,60828,-3.11
2021-06-15 09:50:39,1125.4,4,38369,46437,1128.62,60832,-3.11
2021-06-15 09:50:41,1125.35,5,38369,46437,1128.62,60832,-3.12
2021-06-15 09:50:42,1125.35,5,38370,46473,1128.62,60842,-3.12
2021-06-15 09:50:43,1126.05,6,38370,46473,1128.62,60842,-3.06
2021-06-15 09:50:45,1126.05,6,38384,46455,1128.62,60910,-3.06
2021-06-15 09:50:48,1126.05,6,38382,46455,1128.62,60910,-3.06
2021-06-15 09:50:49,1125.55,1,38382,46455,1128.62,60910,-3.1
2021-06-15 09:50:51,1126.0,7,38398,46400,1128.62,60993,-3.06
2021-06-15 09:50:53,1126.0,7,38486,46399,1128.62,60993,-3.06
2021-06-15 09:50:57,1125.6,16,38486,46399,1128.62,60993,-3.1
2021-06-15 09:50:59,1125.6,16,38481,46392,1128.61,61009,-3.1
2021-06-15 09:51:01,1125.6,16,38475,46400,1128.61,61009,-3.1
2021-06-15 09:51:05,1125.6,16,38476,46400,1128.61,61009,-3.1
2021-06-15 09:51:06,1126.9,2,38476,46400,1128.61,61009,-2.98
2021-06-15 09:51:10,1126.9,2,38471,46392,1128.61,61018,-2.98
2021-06-15 09:51:13,1126.95,3,38564,46380,1128.61,61021,-2.98
2021-06-15 09:51:14,1126.95,4,38564,46380,1128.61,61021,-2.98
2021-06-15 09:51:15,1126.0,10,38564,46380,1128.61,61021,-3.06
2021-06-15 09:51:16,1125.7,11,38560,46364,1128.61,61076,-3.09
2021-06-15 09:51:25,1127.0,7,38560,46364,1128.61,61076,-2.97
2021-06-15 09:51:26,1127.0,39,38560,46364,1128.61,61076,-2.97
2021-06-15 09:51:27,1127.0,39,38558,45652,1128.61,61205,-2.97
2021-06-15 09:51:31,1127.0,1,38670,45639,1128.61,61206,-2.97
2021-06-15 09:51:33,1127.0,1,38745,45638,1128.61,61207,-2.97
2021-06-15 09:51:36,1127.0,1,38741,45668,1128.61,61207,-2.97
2021-06-15 09:51:39,1127.0,1,38745,45698,1128.61,61207,-2.97
2021-06-15 09:51:42,1125.95,3,38745,45706,1128.61,61207,-3.06
2021-06-15 09:51:44,1127.0,5,38745,45706,1128.61,61207,-2.97
2021-06-15 09:51:51,1127.0,5,38811,45705,1128.61,61215,-2.97
2021-06-15 09:51:54,1127.0,5,38811,45709,1128.61,61215,-2.97
2021-06-15 09:52:03,1127.0,1,38726,45708,1128.61,61216,-2.97
2021-06-15 09:52:05,1127.0,1,38701,45658,1128.61,61216,-2.97
2021-06-15 09:52:07,1127.0,1,38726,45658,1128.61,61216,-2.97
2021-06-15 09:52:11,1127.0,1,38726,45608,1128.61,61216,-2.97
2021-06-15 09:52:12,1127.0,2,38726,45608,1128.61,61216,-2.97
2021-06-15 09:52:14,1127.0,2,38726,45607,1128.61,61219,-2.97
2021-06-15 09:52:16,1127.0,2,38726,45590,1128.61,61219,-2.97
2021-06-15 09:52:18,1125.95,2,38726,45590,1128.61,61219,-3.06
2021-06-15 09:52:19,1125.95,2,38724,45598,1128.61,61221,-3.06
2021-06-15 09:52:21,1127.0,1,38724,45598,1128.61,61221,-2.97
2021-06-15 09:52:22,1127.0,1,38721,45623,1128.61,61222,-2.97
2021-06-15 09:52:25,1127.0,1,38723,45623,1128.61,61222,-2.97
2021-06-15 09:52:29,1127.0,1,38722,45640,1128.61,61222,-2.97
2021-06-15 09:52:31,1127.0,1,38741,45657,1128.61,61222,-2.97
2021-06-15 09:52:33,1126.9,5,38741,45657,1128.61,61222,-2.98
2021-06-15 09:52:34,1126.9,5,38749,45630,1128.61,61247,-2.98
2021-06-15 09:52:37,1126.9,5,38749,45629,1128.61,61247,-2.98
2021-06-15 09:52:39,1126.9,30,38749,45629,1128.61,61247,-2.98
2021-06-15 09:52:40,1126.9,30,38729,45603,1128.61,61277,-2.98
2021-06-15 09:52:42,1126.9,30,38747,45603,1128.61,61277,-2.98
2021-06-15 09:52:45,1126.9,30,38647,45634,1128.61,61277,-2.98
2021-06-15 09:52:50,1126.9,5,38647,45634,1128.61,61277,-2.98
2021-06-15 09:52:51,1126.9,5,38626,45693,1128.61,61282,-2.98
2021-06-15 09:52:51,1127.0,50,38626,45693,1128.61,61282,-2.97
2021-06-15 09:52:52,1126.9,15,38626,45693,1128.61,61282,-2.98
2021-06-15 09:52:53,1127.0,156,38626,45693,1128.61,61282,-2.97
2021-06-15 09:52:54,1127.0,156,39968,45505,1128.6,61634,-2.97
2021-06-15 09:52:57,1127.0,156,39980,45505,1128.6,61634,-2.97
2021-06-15 09:52:59,1127.0,156,40046,45502,1128.6,61634,-2.97
2021-06-15 09:53:02,1127.0,156,40040,45502,1128.6,61634,-2.97
2021-06-15 09:53:04,1128.0,43,40040,45502,1128.6,61634,-2.89
2021-06-15 09:53:07,1128.0,43,39971,45473,1128.6,61684,-2.89
2021-06-15 09:53:11,1128.0,43,39770,45467,1128.6,61684,-2.89
2021-06-15 09:53:13,1128.0,15,39770,45458,1128.6,61699,-2.89
2021-06-15 09:53:16,1127.05,4,39773,45453,1128.6,61703,-2.97
2021-06-15 09:53:18,1128.0,13,39773,45453,1128.6,61703,-2.89
2021-06-15 09:53:19,1128.0,10,39773,45453,1128.6,61703,-2.89
2021-06-15 09:53:19,1128.0,10,39772,45417,1128.6,61726,-2.89
2021-06-15 09:53:27,1128.0,50,39763,45344,1128.6,61779,-2.89
2021-06-15 09:53:29,1129.75,19,39763,45344,1128.6,61779,-2.74
2021-06-15 09:53:30,1128.6,5,39911,45180,1128.6,61945,-2.84
2021-06-15 09:53:33,1129.95,1,39912,45180,1128.6,61950,-2.72
2021-06-15 09:53:36,1129.95,1,39916,45176,1128.6,61960,-2.72
2021-06-15 09:53:37,1130.0,4,39916,45176,1128.6,61960,-2.72
2021-06-15 09:53:39,1130.0,4,39919,45175,1128.6,61970,-2.72
2021-06-15 09:53:45,1130.0,5,39919,45175,1128.6,61970,-2.72
2021-06-15 09:53:46,1130.0,5,39919,45170,1128.6,61975,-2.72
2021-06-15 09:53:49,1130.0,5,39930,45160,1128.6,61975,-2.72
2021-06-15 09:53:52,1130.45,25,39937,45210,1128.6,61975,-2.68
2021-06-15 09:53:55,1130.45,25,39915,45162,1128.6,62025,-2.68
2021-06-15 09:53:55,1129.3,4,39915,45162,1128.6,62025,-2.78
2021-06-15 09:53:57,1129.3,4,39925,45187,1128.6,62029,-2.78
2021-06-15 09:54:03,1129.85,25,39925,45187,1128.6,62029,-2.73
2021-06-15 09:54:03,1129.85,25,39909,45225,1128.6,62171,-2.73
2021-06-15 09:54:07,1129.85,25,40053,45213,1128.6,62171,-2.73
2021-06-15 09:54:12,1129.85,25,40045,45223,1128.6,62171,-2.73
2021-06-15 09:54:14,1129.95,5,40045,45223,1128.6,62171,-2.72
2021-06-15 09:54:15,1129.95,5,40045,45217,1128.6,62176,-2.72
2021-06-15 09:54:21,1129.15,7,40045,45217,1128.6,62176,-2.79
2021-06-15 09:54:21,1129.15,7,40045,45216,1128.6,62183,-2.79
2021-06-15 09:54:24,1129.95,10,40045,45216,1128.6,62183,-2.72
2021-06-15 09:54:27,1129.95,10,40445,45209,1128.6,62193,-2.72
2021-06-15 09:54:30,1129.95,10,40445,45212,1128.6,62193,-2.72
2021-06-15 09:54:33,1131.05,17,40432,45029,1128.6,62303,-2.63
2021-06-15 09:54:37,1131.05,17,40479,45061,1128.6,62303,-2.63
2021-06-15 09:54:40,1131.05,17,40490,45056,1128.6,62303,-2.63
2021-06-15 09:54:43,1131.05,17,40484,45090,1128.6,62303,-2.63
2021-06-15 09:54:46,1131.05,17,40401,45099,1128.6,62303,-2.63
2021-06-15 09:54:52,1131.05,17,40400,45099,1128.6,62303,-2.63
2021-06-15 09:54:55,1131.05,17,40424,45165,1128.6,62303,-2.63
2021-06-15 09:54:58,1130.0,25,40424,45165,1128.6,62303,-2.72
2021-06-15 09:54:59,1130.0,25,40404,45187,1128.6,62328,-2.72
2021-06-15 09:55:02,1130.0,25,40412,45187,1128.6,62328,-2.72
2021-06-15 09:55:07,1130.0,25,40416,45179,1128.6,62328,-2.72
2021-06-15 09:55:10,1130.0,25,40417,45254,1128.6,62328,-2.72
2021-06-15 09:55:13,1130.0,25,40417,45262,1128.6,62328,-2.72
2021-06-15 09:55:16,1130.0,25,40414,45153,1128.6,62328,-2.72
2021-06-15 09:55:19,1130.0,25,40417,45153,1128.6,62328,-2.72
2021-06-15 09:55:21,1130.0,25,40417,45154,1128.6,62328,-2.72
2021-06-15 09:55:24,1130.0,25,40417,45136,1128.6,62328,-2.72
2021-06-15 09:55:27,1130.0,25,40468,45137,1128.6,62328,-2.72
2021-06-15 09:55:30,1130.05,5,40468,45137,1128.6,62328,-2.71
2021-06-15 09:55:33,1130.05,5,40525,45094,1128.6,62333,-2.71
2021-06-15 09:55:35,1130.05,5,40555,45094,1128.6,62333,-2.71
2021-06-15 09:55:47,1130.05,5,40535,45094,1128.6,62333,-2.71
2021-06-15 09:55:50,1130.05,5,40555,45085,1128.6,62333,-2.71
2021-06-15 09:55:52,1130.05,27,40555,45085,1128.6,62333,-2.71
2021-06-15 09:55:54,1130.05,27,40568,45120,1128.61,62373,-2.71
2021-06-15 09:55:56,1130.05,1,40547,45110,1128.61,62374,-2.71
2021-06-15 09:55:58,1131.35,15,40547,45110,1128.61,62374,-2.6
2021-06-15 09:55:59,1131.35,15,40564,45037,1128.61,62456,-2.6
2021-06-15 09:56:02,1131.35,15,40561,45046,1128.61,62456,-2.6
2021-06-15 09:56:05,1131.35,15,40569,45045,1128.61,62456,-2.6
2021-06-15 09:56:13,1131.35,15,40669,45045,1128.61,62456,-2.6
2021-06-15 09:56:30,1131.4,25,40669,45045,1128.61,62456,-2.6
2021-06-15 09:56:31,1131.4,25,40669,45052,1128.61,62481,-2.6
2021-06-15 09:56:39,1131.4,25,40679,45048,1128.61,62481,-2.6
2021-06-15 09:56:53,1130.35,10,40669,45044,1128.61,62496,-2.69
2021-06-15 09:56:56,1130.35,10,40677,45047,1128.61,62496,-2.69
2021-06-15 09:56:59,1130.35,10,40667,45047,1128.61,62496,-2.69
2021-06-15 09:57:02,1130.3,4,40667,45047,1128.61,62496,-2.69
2021-06-15 09:57:03,1130.3,4,40669,45050,1128.61,62500,-2.69
2021-06-15 09:57:05,1131.7,3,40669,45050,1128.61,62500,-2.57
2021-06-15 09:57:06,1131.7,3,40669,45047,1128.61,62503,-2.57
2021-06-15 09:57:11,1131.7,5,40663,45041,1128.61,62509,-2.57
2021-06-15 09:57:13,1131.7,1,40663,45041,1128.61,62509,-2.57
2021-06-15 09:57:13,1131.7,1,40663,45017,1128.61,62510,-2.57
2021-06-15 09:57:15,1131.5,4,40663,45017,1128.61,62510,-2.59
2021-06-15 09:57:17,1131.5,4,40660,45002,1128.61,62514,-2.59
2021-06-15 09:57:22,1131.5,4,40663,45008,1128.61,62514,-2.59
2021-06-15 09:57:24,1131.5,4,40686,45008,1128.61,62514,-2.59
2021-06-15 09:57:30,1131.5,4,40689,45018,1128.61,62514,-2.59
2021-06-15 09:57:31,1130.4,29,40689,45018,1128.61,62514,-2.68
2021-06-15 09:57:31,1131.75,1,40689,45018,1128.61,62514,-2.57
2021-06-15 09:57:32,1131.75,1,40682,45035,1128.61,62556,-2.57
2021-06-15 09:57:35,1131.75,1,40684,45034,1128.61,62556,-2.57
2021-06-15 09:57:38,1131.75,1,40699,45034,1128.61,62556,-2.57
2021-06-15 09:57:40,1131.55,2,40699,45034,1128.61,62556,-2.58
2021-06-15 09:57:40,1131.55,2,40701,45145,1128.61,62561,-2.58
2021-06-15 09:57:44,1130.25,50,40712,45138,1128.61,62611,-2.69
2021-06-15 09:57:46,1130.25,50,40698,45152,1128.61,62611,-2.69
2021-06-15 09:57:49,1130.25,50,40722,45178,1128.61,62611,-2.69
2021-06-15 09:57:49,1131.0,1,40722,45178,1128.61,62611,-2.63
2021-06-15 09:57:52,1131.0,1,40721,45170,1128.61,62612,-2.63
2021-06-15 09:57:55,1131.0,1,40719,45170,1128.61,62612,-2.63
2021-06-15 09:57:59,1131.75,9,40719,45170,1128.61,62612,-2.57
2021-06-15 09:58:01,1131.75,9,40719,45172,1128.61,62622,-2.57
2021-06-15 09:58:03,1131.75,9,40839,45172,1128.61,62622,-2.57
2021-06-15 09:58:06,1131.75,9,40842,45172,1128.61,62622,-2.57
2021-06-15 09:58:09,1131.75,9,40846,45172,1128.61,62622,-2.57
2021-06-15 09:58:11,1131.75,9,40868,45197,1128.61,62622,-2.57
2021-06-15 09:58:15,1131.75,4,40868,45197,1128.61,62622,-2.57
2021-06-15 09:58:17,1131.65,4,40890,45207,1128.61,62626,-2.57
2021-06-15 09:58:20,1131.65,4,40948,45167,1128.61,62630,-2.57
2021-06-15 09:58:20,1130.55,1,40948,45167,1128.61,62630,-2.67
2021-06-15 09:58:22,1130.55,1,40842,45201,1128.62,62730,-2.67
2021-06-15 09:58:25,1130.55,1,40842,45200,1128.62,62730,-2.67
2021-06-15 09:58:31,1130.55,1,40811,45200,1128.62,62730,-2.67
2021-06-15 09:58:34,1130.55,1,41311,45200,1128.62,62730,-2.67
2021-06-15 09:58:45,1131.9,14,41311,45200,1128.62,62730,-2.55
2021-06-15 09:58:48,1131.9,14,41384,45160,1128.62,62830,-2.55
2021-06-15 09:58:57,1131.9,14,41410,45160,1128.62,62830,-2.55
2021-06-15 09:59:00,1131.9,14,41410,45135,1128.62,62830,-2.55
2021-06-15 09:59:02,1131.9,1,41410,45135,1128.62,62830,-2.55
2021-06-15 09:59:03,1131.9,1,41404,45145,1128.62,62842,-2.55
2021-06-15 09:59:05,1131.9,1,41404,45137,1128.62,62842,-2.55
2021-06-15 09:59:11,1131.9,1,41424,45139,1128.62,62842,-2.55
2021-06-15 09:59:13,1132.0,1,41424,45139,1128.62,62842,-2.54
2021-06-15 09:59:13,1132.0,1,41424,45139,1128.62,62843,-2.54
2021-06-15 09:59:19,1132.0,1,41428,45134,1128.62,62843,-2.54
2021-06-15 09:59:21,1132.0,15,41428,45134,1128.62,62843,-2.54
2021-06-15 09:59:22,1132.0,15,41413,45129,1128.62,62858,-2.54
2021-06-15 09:59:24,1130.65,4,41413,45129,1128.62,62858,-2.66
2021-06-15 09:59:25,1130.65,4,41367,45153,1128.63,62908,-2.66
2021-06-15 09:59:27,1130.65,4,41377,45154,1128.63,62908,-2.66
2021-06-15 09:59:31,1130.65,1,41377,45154,1128.63,62908,-2.66
2021-06-15 09:59:33,1130.65,1,41426,45155,1128.63,62909,-2.66
2021-06-15 09:59:35,1131.8,5,41426,45155,1128.63,62909,-2.56
2021-06-15 09:59:36,1131.8,5,41377,45159,1128.63,62914,-2.56
2021-06-15 09:59:43,1132.2,18,41377,45159,1128.63,62914,-2.53
2021-06-15 09:59:44,1132.2,18,41598,45089,1128.63,62939,-2.53
2021-06-15 09:59:47,1132.2,18,41503,45090,1128.63,62939,-2.53
2021-06-15 09:59:49,1132.35,1,41503,45090,1128.63,62939,-2.51
2021-06-15 09:59:50,1132.35,1,41504,45090,1128.63,62940,-2.51
2021-06-15 09:59:52,1132.35,1,41557,45091,1128.63,62940,-2.51
2021-06-15 09:59:57,1132.0,3,41557,45091,1128.63,62940,-2.54
2021-06-15 10:00:03,1132.0,3,41563,45098,1128.63,62943,-2.54
2021-06-15 10:00:06,1132.0,3,41563,45099,1128.63,62943,-2.54
2021-06-15 10:00:09,1132.0,3,41563,45299,1128.63,62943,-2.54
2021-06-15 10:00:12,1132.0,3,41613,45299,1128.63,62943,-2.54
2021-06-15 10:00:19,1132.0,9,41613,45299,1128.63,62943,-2.54
2021-06-15 10:00:20,1132.0,9,41605,45305,1128.63,62953,-2.54
2021-06-15 10:00:23,1132.0,9,41606,45307,1128.63,62953,-2.54
2021-06-15 10:00:28,1132.0,9,41606,45302,1128.63,62953,-2.54
2021-06-15 10:00:37,1132.4,10,41606,45302,1128.63,62953,-2.51
2021-06-15 10:00:37,1132.4,10,41616,45297,1128.63,62983,-2.51
2021-06-15 10:00:38,1132.65,8,41616,45297,1128.63,62983,-2.49
2021-06-15 10:00:40,1132.65,8,41628,45302,1128.63,62992,-2.49
2021-06-15 10:00:43,1132.65,8,41619,45295,1128.63,62992,-2.49
2021-06-15 10:00:55,1132.65,8,41630,45302,1128.63,62992,-2.49
2021-06-15 10:00:58,1132.65,8,41622,45391,1128.63,62992,-2.49
2021-06-15 10:01:00,1133.0,24,41622,45391,1128.63,62992,-2.46
2021-06-15 10:01:01,1133.0,24,41622,45310,1128.63,63042,-2.46
2021-06-15 10:01:05,1133.0,1,41637,45318,1128.63,63045,-2.46
2021-06-15 10:01:06,1134.0,1,41637,45318,1128.63,63045,-2.37
2021-06-15 10:01:07,1134.0,1,41701,45264,1128.64,63050,-2.37
2021-06-15 10:01:11,1134.0,1,41701,45256,1128.64,63050,-2.37
2021-06-15 10:01:12,1131.5,12,41701,45256,1128.64,63050,-2.59
2021-06-15 10:01:14,1131.5,12,41657,45358,1128.64,63150,-2.59
2021-06-15 10:01:16,1132.5,30,41657,45358,1128.64,63150,-2.5
2021-06-15 10:01:17,1132.5,30,41677,45317,1128.64,63180,-2.5
2021-06-15 10:01:20,1132.5,30,41713,45341,1128.64,63180,-2.5
2021-06-15 10:01:22,1134.0,9,41704,45292,1128.65,63230,-2.37
2021-06-15 10:01:27,1134.05,3,41704,45292,1128.65,63230,-2.37
2021-06-15 10:01:27,1130.55,14,41704,45292,1128.65,63230,-2.67
2021-06-15 10:01:28,1130.55,14,41614,45367,1128.66,63393,-2.67
2021-06-15 10:01:34,1130.55,14,41632,45524,1128.66,63393,-2.67
2021-06-15 10:01:35,1131.55,1,41632,45524,1128.66,63393,-2.58
2021-06-15 10:01:36,1131.55,1,41660,45623,1128.66,63394,-2.58
2021-06-15 10:01:39,1129.15,1,41660,45623,1128.66,63394,-2.79
2021-06-15 10:01:42,1129.15,1,41391,45651,1128.66,63643,-2.79
2021-06-15 10:01:43,1129.15,5,41391,45651,1128.66,63643,-2.79
2021-06-15 10:01:45,1129.7,17,41391,45651,1128.66,63643,-2.74
2021-06-15 10:01:45,1129.7,17,41398,45677,1128.66,63673,-2.74
2021-06-15 10:01:48,1130.0,27,41398,45677,1128.66,63673,-2.72
2021-06-15 10:01:48,1130.0,27,41542,45636,1128.66,63745,-2.72
2021-06-15 10:01:51,1130.0,27,41548,45636,1128.66,63745,-2.72
2021-06-15 10:01:54,1130.0,27,41608,45651,1128.66,63745,-2.72
2021-06-15 10:01:56,1130.7,6,41608,45651,1128.66,63745,-2.66
2021-06-15 10:01:57,1131.8,3,41608,45651,1128.66,63745,-2.56
2021-06-15 10:01:57,1131.8,3,41667,45478,1128.67,63925,-2.56
2021-06-15 10:01:59,1129.7,4,41667,45478,1128.67,63925,-2.74
2021-06-15 10:02:01,1129.2,4,41592,45583,1128.67,64025,-2.79
2021-06-15 10:02:04,1129.2,4,41592,45550,1128.67,64025,-2.79
2021-06-15 10:02:05,1131.85,12,41592,45550,1128.67,64025,-2.56
2021-06-15 10:02:10,1131.85,12,41686,45423,1128.67,64100,-2.56
2021-06-15 10:02:11,1131.85,5,41686,45423,1128.67,64100,-2.56
2021-06-15 10:02:13,1131.85,5,41688,45460,1128.67,64105,-2.56
2021-06-15 10:02:16,1130.2,5,41683,45460,1128.67,64110,-2.7
2021-06-15 10:02:22,1130.2,5,41678,45458,1128.67,64110,-2.7
2021-06-15 10:02:24,1131.5,1,41678,45458,1128.67,64110,-2.59
2021-06-15 10:02:25,1131.5,1,42310,46089,1128.67,64111,-2.59
2021-06-15 10:02:31,1131.5,1,42310,46091,1128.67,64111,-2.59
2021-06-15 10:02:33,1130.2,5,42310,46091,1128.67,64111,-2.7
2021-06-15 10:02:34,1130.2,5,42306,46109,1128.67,64116,-2.7
2021-06-15 10:02:40,1131.6,25,42282,46060,1128.67,64141,-2.58
2021-06-15 10:02:40,1134.0,42,42282,46060,1128.67,64141,-2.37
2021-06-15 10:02:46,1134.0,42,42337,45907,1128.69,64399,-2.37
2021-06-15 10:02:47,1131.5,3,42337,45907,1128.69,64399,-2.59
2021-06-15 10:02:49,1131.5,3,42353,45966,1128.69,64402,-2.59
2021-06-15 10:02:51,1131.5,3,42353,45947,1128.69,64402,-2.59
2021-06-15 10:03:06,1131.5,3,42353,45955,1128.69,64402,-2.59
2021-06-15 10:03:08,1131.95,3,42353,45955,1128.69,64402,-2.55
2021-06-15 10:03:09,1131.95,3,42503,45964,1128.69,64408,-2.55
2021-06-15 10:03:12,1131.95,3,42531,45993,1128.69,64408,-2.55
2021-06-15 10:03:15,1131.95,3,42541,45993,1128.69,64408,-2.55
2021-06-15 10:03:27,1131.95,3,42534,45979,1128.69,64408,-2.55
2021-06-15 10:03:31,1130.8,2,42534,45979,1128.69,64408,-2.65
2021-06-15 10:03:33,1130.8,2,42552,46020,1128.69,64458,-2.65
2021-06-15 10:03:36,1130.8,2,42540,46058,1128.69,64458,-2.65
2021-06-15 10:03:39,1130.8,2,42548,46057,1128.69,64458,-2.65
2021-06-15 10:03:41,1130.8,2,42513,46085,1128.69,64458,-2.65
2021-06-15 10:03:44,1130.8,2,42534,46085,1128.69,64458,-2.65
2021-06-15 10:03:50,1130.0,10,42449,46082,1128.7,64573,-2.72
2021-06-15 10:03:53,1130.0,10,42449,46083,1128.7,64573,-2.72
2021-06-15 10:03:57,1131.4,3,42449,46083,1128.7,64573,-2.6
2021-06-15 10:03:58,1131.4,3,42471,46035,1128.7,64576,-2.6
2021-06-15 10:04:02,1131.45,1,42471,46048,1128.7,64577,-2.59
2021-06-15 10:04:04,1131.45,1,42471,46054,1128.7,64577,-2.59
2021-06-15 10:04:07,1131.45,1,42318,46065,1128.7,64577,-2.59
2021-06-15 10:04:12,1131.45,1,42318,46073,1128.7,64577,-2.59
2021-06-15 10:04:23,1131.45,1,42238,46073,1128.7,64577,-2.59
2021-06-15 10:04:25,1131.45,1,42238,46067,1128.7,64577,-2.59
2021-06-15 10:04:30,1131.45,1,42238,46066,1128.7,64577,-2.59
2021-06-15 10:04:33,1131.45,5,42243,46063,1128.7,64577,-2.59
2021-06-15 10:04:36,1131.45,5,42236,46067,1128.7,64582,-2.59
2021-06-15 10:04:38,1131.75,1,42236,46067,1128.7,64582,-2.57
2021-06-15 10:04:40,1131.75,1,42237,46049,1128.7,64583,-2.57
2021-06-15 10:04:43,1129.85,4,42237,46049,1128.7,64583,-2.73
2021-06-15 10:04:46,1129.85,4,42261,46031,1128.7,64606,-2.73
2021-06-15 10:04:48,1129.85,4,42268,46059,1128.7,64606,-2.73
2021-06-15 10:04:51,1129.85,4,42276,46059,1128.7,64606,-2.73
2021-06-15 10:04:53,1129.85,4,42268,46045,1128.7,64606,-2.73
2021-06-15 10:04:56,1129.85,4,42276,46045,1128.7,64606,-2.73
2021-06-15 10:05:01,1129.85,4,42281,46045,1128.7,64606,-2.73
2021-06-15 10:05:04,1129.85,4,42291,46045,1128.7,64606,-2.73
2021-06-15 10:05:06,1129.85,4,42291,46095,1128.7,64606,-2.73
2021-06-15 10:05:09,1130.1,15,42283,46089,1128.7,64606,-2.71
2021-06-15 10:05:15,1130.1,15,42291,46105,1128.7,64621,-2.71
2021-06-15 10:05:21,1130.1,15,42391,46105,1128.7,64621,-2.71
2021-06-15 10:05:24,1130.1,15,42400,46105,1128.7,64621,-2.71
2021-06-15 10:05:26,1130.1,15,42441,46098,1128.7,64621,-2.71
2021-06-15 10:05:29,1130.1,15,42341,46098,1128.7,64621,-2.71
2021-06-15 10:05:35,1130.1,15,42349,46090,1128.7,64621,-2.71
2021-06-15 10:05:41,1131.75,10,42362,46103,1128.7,64631,-2.57
2021-06-15 10:05:43,1131.75,10,42362,46134,1128.7,64631,-2.57
2021-06-15 10:05:48,1131.8,15,42362,46134,1128.7,64631,-2.56
2021-06-15 10:05:50,1131.8,15,42369,46139,1128.7,64646,-2.56
2021-06-15 10:05:50,1129.6,18,42369,46139,1128.7,64646,-2.75
2021-06-15 10:05:53,1129.6,18,42236,46126,1128.7,64796,-2.75
2021-06-15 10:05:55,1129.6,18,42246,46133,1128.7,64796,-2.75
2021-06-15 10:05:59,1130.95,13,42246,46133,1128.7,64796,-2.63
2021-06-15 10:06:00,1130.95,13,42246,46130,1128.7,64809,-2.63
2021-06-15 10:06:03,1130.95,13,42247,46136,1128.7,64809,-2.63
2021-06-15 10:06:06,1130.95,13,42312,46136,1128.7,64809,-2.63
2021-06-15 10:06:08,1130.95,13,42112,46137,1128.7,64809,-2.63
2021-06-15 10:06:11,1130.95,13,42113,46137,1128.7,64809,-2.63
2021-06-15 10:06:16,1129.7,5,42113,46137,1128.7,64809,-2.74
2021-06-15 10:06:16,1129.7,5,42133,46125,1128.7,64839,-2.74
2021-06-15 10:06:19,1129.7,5,42132,46144,1128.7,64839,-2.74
2021-06-15 10:06:21,1131.35,4,42132,46144,1128.7,64839,-2.6
2021-06-15 10:06:21,1131.35,4,42131,46147,1128.7,64843,-2.6
2021-06-15 10:06:27,1131.35,4,42130,46147,1128.7,64843,-2.6
2021-06-15 10:06:28,1131.35,15,42130,46147,1128.7,64843,-2.6
2021-06-15 10:06:30,1131.35,15,42144,46148,1128.7,64858,-2.6
2021-06-15 10:06:33,1131.35,15,42145,46148,1128.7,64858,-2.6
2021-06-15 10:06:38,1131.35,15,42149,46149,1128.7,64858,-2.6
2021-06-15 10:06:44,1131.35,15,41644,46149,1128.7,64858,-2.6
2021-06-15 10:06:54,1131.35,15,41634,46149,1128.7,64858,-2.6
2021-06-15 10:07:00,1131.35,15,41734,46149,1128.7,64858,-2.6
2021-06-15 10:07:00,1132.35,8,41734,46149,1128.7,64858,-2.51
2021-06-15 10:07:03,1132.35,8,43183,46064,1128.71,64978,-2.51
2021-06-15 10:07:06,1132.35,8,43177,46064,1128.71,64978,-2.51
2021-06-15 10:07:07,1133.05,5,43177,46064,1128.71,64978,-2.45
2021-06-15 10:07:08,1133.05,5,43214,46000,1128.71,65003,-2.45
2021-06-15 10:07:10,1133.05,5,43214,46008,1128.71,65003,-2.45
2021-06-15 10:07:18,1133.05,5,43164,46000,1128.71,65003,-2.45
2021-06-15 10:07:20,1134.0,35,43164,46000,1128.71,65003,-2.37
2021-06-15 10:07:21,1134.0,35,43114,45939,1128.72,65053,-2.37
2021-06-15 10:07:22,1135.0,8,43114,45939,1128.72,65053,-2.29
2021-06-15 10:07:24,1135.0,8,43171,45849,1128.72,65127,-2.29
2021-06-15 10:07:25,1135.4,11,43171,45849,1128.72,65127,-2.25
2021-06-15 10:07:26,1133.95,4,43206,45641,1128.74,65318,-2.38
2021-06-15 10:07:28,1133.95,4,43206,45665,1128.74,65318,-2.38
2021-06-15 10:07:32,1136.0,13,43206,45665,1128.74,65318,-2.2
2021-06-15 10:07:33,1135.85,5,43206,45665,1128.74,65318,-2.21
2021-06-15 10:07:34,1135.85,5,43207,45581,1128.75,65423,-2.21
2021-06-15 10:07:36,1135.85,5,43213,45566,1128.75,65423,-2.21
2021-06-15 10:07:39,1135.85,5,43207,45574,1128.75,65423,-2.21
2021-06-15 10:07:43,1134.65,15,43207,45574,1128.75,65423,-2.32
2021-06-15 10:07:44,1134.65,15,43201,45622,1128.75,65438,-2.32
2021-06-15 10:07:46,1135.6,3,43201,45622,1128.75,65438,-2.23
2021-06-15 10:07:47,1135.6,3,43204,45659,1128.75,65441,-2.23
2021-06-15 10:07:50,1135.6,3,43208,45683,1128.75,65441,-2.23
2021-06-15 10:07:53,1135.6,3,43213,45682,1128.75,65441,-2.23
2021-06-15 10:07:59,1135.6,3,43212,45688,1128.75,65441,-2.23
2021-06-15 10:08:02,1135.6,3,43228,45697,1128.75,65441,-2.23
2021-06-15 10:08:03,1135.4,3,43228,45697,1128.75,65441,-2.25
2021-06-15 10:08:05,1135.4,3,43238,45704,1128.75,65444,-2.25
2021-06-15 10:08:08,1135.4,3,43239,45704,1128.75,65444,-2.25
2021-06-15 10:08:08,1134.25,1,43239,45704,1128.75,65444,-2.35
2021-06-15 10:08:10,1134.25,1,43246,45798,1128.75,65445,-2.35
2021-06-15 10:08:14,1134.25,1,43257,45798,1128.75,65445,-2.35
2021-06-15 10:08:15,1134.95,3,43257,45798,1128.75,65445,-2.29
2021-06-15 10:08:16,1134.95,3,43248,45795,1128.75,65448,-2.29
2021-06-15 10:08:19,1134.95,3,43238,45796,1128.75,65448,-2.29
2021-06-15 10:08:21,1134.95,3,43237,45801,1128.75,65448,-2.29
2021-06-15 10:08:24,1134.95,3,43253,45801,1128.75,65448,-2.29
2021-06-15 10:08:27,1134.95,73,43254,45777,1128.76,65528,-2.29
2021-06-15 10:08:30,1134.95,73,43257,45783,1128.76,65528,-2.29
2021-06-15 10:08:31,1133.4,25,43257,45783,1128.76,65528,-2.42
2021-06-15 10:08:32,1133.4,25,43238,45809,1128.77,65603,-2.42
2021-06-15 10:08:36,1133.25,2,43238,45809,1128.77,65603,-2.44
2021-06-15 10:08:40,1133.25,2,43229,45811,1128.77,65648,-2.44
2021-06-15 10:08:41,1134.0,5,43229,45811,1128.77,65648,-2.37
2021-06-15 10:08:43,1134.0,5,43230,45811,1128.77,65653,-2.37
2021-06-15 10:08:46,1134.55,20,43230,45811,1128.77,65653,-2.32
2021-06-15 10:08:46,1134.55,4,43230,45811,1128.77,65653,-2.32
2021-06-15 10:08:48,1134.55,4,43240,45801,1128.78,65709,-2.32
2021-06-15 10:08:50,1134.95,3,43240,45801,1128.78,65709,-2.29
2021-06-15 10:08:51,1134.95,3,43201,45781,1128.78,65724,-2.29
2021-06-15 10:08:53,1134.95,3,43200,45789,1128.78,65724,-2.29
2021-06-15 10:08:54,1135.0,5,43200,45789,1128.78,65724,-2.29
2021-06-15 10:08:56,1135.0,5,43205,45622,1128.79,65839,-2.29
2021-06-15 10:08:57,1135.0,10,43205,45622,1128.79,65839,-2.29
2021-06-15 10:08:59,1135.0,10,43218,45606,1128.79,65858,-2.29
2021-06-15 10:08:59,1134.95,15,43218,45606,1128.79,65858,-2.29
2021-06-15 10:09:00,1134.95,5,43218,45606,1128.79,65858,-2.29
2021-06-15 10:09:01,1134.95,5,43188,45590,1128.79,65878,-2.29
2021-06-15 10:09:03,1134.95,1,43188,45590,1128.79,65878,-2.29
2021-06-15 10:09:04,1134.95,4,43220,45647,1128.79,65883,-2.29
2021-06-15 10:09:05,1135.4,18,43220,45647,1128.79,65883,-2.25
2021-06-15 10:09:06,1135.4,19,43220,45647,1128.79,65883,-2.25
2021-06-15 10:09:07,1135.4,19,43215,45618,1128.79,65921,-2.25
2021-06-15 10:09:08,1133.4,4,43215,45618,1128.79,65921,-2.42
2021-06-15 10:09:09,1134.85,14,43168,45674,1128.81,66087,-2.3
2021-06-15 10:09:10,1135.2,1,43168,45674,1128.81,66087,-2.27
2021-06-15 10:09:12,1135.2,1,43179,45693,1128.81,66088,-2.27
2021-06-15 10:09:13,1135.2,4,43179,45693,1128.81,66088,-2.27
2021-06-15 10:09:15,1135.2,4,43238,45678,1128.81,66124,-2.27
2021-06-15 10:09:16,1135.45,1,43238,45678,1128.81,66124,-2.25
2021-06-15 10:09:17,1135.45,1,43238,45676,1128.81,66125,-2.25
2021-06-15 10:09:18,1135.25,3,43238,45676,1128.81,66125,-2.26
2021-06-15 10:09:20,1135.25,2,43238,45630,1128.81,66144,-2.26
2021-06-15 10:09:21,1135.25,19,43238,45630,1128.81,66144,-2.26
2021-06-15 10:09:22,1135.25,19,43233,45651,1128.82,66165,-2.26
2021-06-15 10:09:26,1134.0,6,43233,45647,1128.82,66168,-2.37
2021-06-15 10:09:27,1135.2,13,43233,45647,1128.82,66168,-2.27
2021-06-15 10:09:28,1136.2,8,43254,45658,1128.82,66193,-2.18
2021-06-15 10:09:31,1136.2,8,43243,45592,1128.83,66348,-2.18
2021-06-15 10:09:33,1136.2,8,43221,45574,1128.83,66348,-2.18
2021-06-15 10:09:34,1136.5,20,43221,45574,1128.83,66348,-2.16
2021-06-15 10:09:36,1136.5,20,43225,45598,1128.84,66373,-2.16
2021-06-15 10:09:37,1136.5,12,43225,45598,1128.84,66373,-2.16
2021-06-15 10:09:39,1136.5,12,43226,45563,1128.84,66398,-2.16
2021-06-15 10:09:40,1136.5,24,43226,45563,1128.84,66398,-2.16
2021-06-15 10:09:41,1136.5,24,43224,45683,1128.84,66423,-2.16
2021-06-15 10:09:42,1136.5,9,43224,45683,1128.84,66423,-2.16
2021-06-15 10:09:43,1136.5,9,43234,45905,1128.85,66448,-2.16
2021-06-15 10:09:45,1136.5,21,43234,45905,1128.85,66448,-2.16
2021-06-15 10:09:46,1135.8,1,43239,45907,1128.85,66506,-2.22
2021-06-15 10:09:48,1135.2,9,43239,45907,1128.85,66506,-2.27
2021-06-15 10:09:49,1135.8,1,43204,45914,1128.85,66516,-2.22
2021-06-15 10:09:49,1135.85,5,43204,45914,1128.85,66516,-2.21
2021-06-15 10:09:52,1135.85,5,43245,45854,1128.86,66552,-2.21
2021-06-15 10:09:54,1135.9,5,43245,45854,1128.86,66552,-2.21
2021-06-15 10:09:55,1135.9,5,43245,45880,1128.86,66557,-2.21
2021-06-15 10:09:57,1136.6,19,43245,45880,1128.86,66557,-2.15
2021-06-15 10:09:57,1136.6,19,43267,45756,1128.88,66708,-2.15
2021-06-15 10:10:00,1136.6,19,43567,45763,1128.88,66708,-2.15
2021-06-15 10:10:03,1136.6,19,43579,46003,1128.88,66708,-2.15
2021-06-15 10:10:06,1136.6,19,43589,46033,1128.88,66708,-2.15
2021-06-15 10:10:08,1136.6,19,43625,46051,1128.88,66708,-2.15
2021-06-15 10:10:11,1136.95,9,43626,46035,1128.88,66718,-2.12
2021-06-15 10:10:13,1136.95,9,44150,46563,1128.88,66718,-2.12
2021-06-15 10:10:16,1136.95,9,44150,46586,1128.88,66718,-2.12
2021-06-15 10:10:17,1136.45,10,44150,46586,1128.88,66718,-2.16
2021-06-15 10:10:19,1136.45,10,44144,46568,1128.88,66728,-2.16
2021-06-15 10:10:25,1136.45,10,44122,46618,1128.88,66728,-2.16
2021-06-15 10:10:27,1137.6,1,44122,46618,1128.88,66728,-2.06
2021-06-15 10:10:28,1137.6,1,44126,46502,1128.92,67135,-2.06
2021-06-15 10:10:31,1137.0,4,44113,46541,1128.92,67140,-2.11
2021-06-15 10:10:32,1135.7,25,44113,46541,1128.92,67140,-2.23
2021-06-15 10:10:34,1135.7,25,44110,46554,1128.93,67165,-2.23
2021-06-15 10:10:36,1135.7,25,44102,46557,1128.93,67165,-2.23
2021-06-15 10:10:39,1135.7,25,44110,46557,1128.93,67165,-2.23
2021-06-15 10:10:40,1137.5,17,44110,46557,1128.93,67165,-2.07
2021-06-15 10:10:40,1136.9,5,44110,46557,1128.93,67165,-2.12
2021-06-15 10:10:42,1136.9,5,44111,46562,1128.93,67190,-2.12
2021-06-15 10:10:43,1136.05,1,44111,46562,1128.93,67190,-2.2
2021-06-15 10:10:44,1137.05,26,44110,46824,1128.94,67249,-2.11
2021-06-15 10:10:46,1137.05,26,44138,46810,1128.94,67249,-2.11
2021-06-15 10:10:51,1137.05,26,44156,46849,1128.94,67249,-2.11
2021-06-15 10:10:54,1137.05,26,44160,47176,1128.94,67249,-2.11
2021-06-15 10:10:54,1136.95,5,44160,47176,1128.94,67249,-2.12
2021-06-15 10:10:57,1136.95,5,44145,47127,1128.94,67285,-2.12
2021-06-15 10:11:00,1136.95,5,44156,47096,1128.94,67285,-2.12
2021-06-15 10:11:01,1137.0,100,44156,47096,1128.94,67285,-2.11
2021-06-15 10:11:02,1137.0,100,44149,47108,1128.95,67385,-2.11
2021-06-15 10:11:05,1137.0,100,44169,47140,1128.95,67385,-2.11
2021-06-15 10:11:07,1137.0,100,44157,47147,1128.95,67385,-2.11
2021-06-15 10:11:10,1136.95,1,44157,47147,1128.95,67385,-2.12
2021-06-15 10:11:10,1136.95,1,44173,47138,1128.95,67394,-2.12
2021-06-15 10:11:13,1136.95,1,44179,47174,1128.95,67394,-2.12
2021-06-15 10:11:15,1136.95,1,44178,47174,1128.95,67394,-2.12
2021-06-15 10:11:18,1136.95,1,44165,47184,1128.95,67394,-2.12
2021-06-15 10:11:20,1136.95,1,44165,47194,1128.95,67394,-2.12
2021-06-15 10:11:22,1135.25,5,44165,47194,1128.95,67394,-2.26
2021-06-15 10:11:23,1135.25,5,44114,47219,1128.95,67414,-2.26
2021-06-15 10:11:25,1136.8,1,44114,47219,1128.95,67414,-2.13
2021-06-15 10:11:26,1136.8,1,44212,47218,1128.95,67415,-2.13
2021-06-15 10:11:28,1136.85,6,44212,47218,1128.95,67415,-2.13
2021-06-15 10:11:28,1136.85,6,44211,47198,1128.96,67435,-2.13
2021-06-15 10:11:31,1136.85,6,44216,47198,1128.96,67435,-2.13
2021-06-15 10:11:32,1134.45,4,44216,47198,1128.96,67435,-2.33
2021-06-15 10:11:34,1134.7,3,44185,47254,1128.97,67538,-2.31
2021-06-15 10:11:37,1134.7,3,44784,47214,1128.97,67538,-2.31
2021-06-15 10:11:39,1134.7,3,44776,47228,1128.97,67538,-2.31
2021-06-15 10:11:45,1135.9,13,44782,47311,1128.97,67564,-2.21
2021-06-15 10:11:48,1135.9,13,44782,47308,1128.97,67564,-2.21
2021-06-15 10:11:51,1133.95,5,44782,47308,1128.97,67564,-2.38
2021-06-15 10:11:53,1133.95,5,44169,47366,1129.03,68198,-2.38
2021-06-15 10:11:55,1133.95,5,44169,47367,1129.03,68198,-2.38
2021-06-15 10:11:58,1133.95,5,44187,47385,1129.03,68198,-2.38
2021-06-15 10:12:01,1133.75,33,44187,47385,1129.03,68198,-2.39
2021-06-15 10:12:02,1133.75,33,44146,47387,1129.03,68253,-2.39
2021-06-15 10:12:03,1133.9,8,44146,47387,1129.03,68253,-2.38
2021-06-15 10:12:05,1133.9,8,43157,46483,1129.03,68263,-2.38
2021-06-15 10:12:08,1133.9,8,43201,46483,1129.03,68263,-2.38
2021-06-15 10:12:11,1133.0,7,43171,46477,1129.03,68287,-2.46
2021-06-15 10:12:12,1133.0,100,43171,46477,1129.03,68287,-2.46
2021-06-15 10:12:13,1133.95,4,43171,46477,1129.03,68287,-2.38
2021-06-15 10:12:13,1133.95,4,43118,46499,1129.04,68459,-2.38
2021-06-15 10:12:17,1133.95,4,43117,46166,1129.04,68459,-2.38
2021-06-15 10:12:19,1133.95,4,43154,46166,1129.04,68459,-2.38
2021-06-15 10:12:21,1133.95,4,43154,46196,1129.04,68459,-2.38
2021-06-15 10:12:22,1134.95,2,43154,46196,1129.04,68459,-2.29
2021-06-15 10:12:24,1134.0,8,43164,46186,1129.05,68475,-2.37
2021-06-15 10:12:26,1134.95,3,43164,46186,1129.05,68475,-2.29
2021-06-15 10:12:27,1134.95,3,44156,47189,1129.05,68552,-2.29
2021-06-15 10:12:28,1135.55,3,44156,47189,1129.05,68552,-2.24
2021-06-15 10:12:29,1135.55,3,44161,47195,1129.05,68555,-2.24
2021-06-15 10:12:31,1135.55,3,44151,47191,1129.05,68555,-2.24
2021-06-15 10:12:34,1135.55,3,44348,47165,1129.05,68555,-2.24
2021-06-15 10:12:35,1135.55,3,44148,47165,1129.05,68555,-2.24
2021-06-15 10:12:36,1135.55,3,44143,47244,1129.05,68555,-2.24
2021-06-15 10:12:37,1135.55,3,44161,47226,1129.05,68555,-2.24
2021-06-15 10:12:38,1135.3,1,44161,47226,1129.05,68555,-2.26
2021-06-15 10:12:39,1135.3,1,44168,47249,1129.05,68556,-2.26
2021-06-15 10:12:40,1135.3,1,44157,47254,1129.05,68556,-2.26
2021-06-15 10:12:40,1135.3,1,44190,47220,1129.05,68556,-2.26
2021-06-15 10:12:42,1135.3,1,44185,47234,1129.05,68556,-2.26
2021-06-15 10:12:43,1135.3,1,44186,47234,1129.05,68556,-2.26
2021-06-15 10:12:44,1135.3,1,44186,47232,1129.05,68556,-2.26
2021-06-15 10:12:45,1135.3,1,44185,47232,1129.05,68556,-2.26
2021-06-15 10:12:46,1135.8,1,44164,47236,1129.05,68557,-2.22
2021-06-15 10:12:46,1135.7,6,44169,47256,1129.05,68563,-2.23
2021-06-15 10:12:48,1135.7,6,44169,47259,1129.05,68563,-2.23
2021-06-15 10:12:49,1135.85,1,44169,47259,1129.05,68563,-2.21
2021-06-15 10:12:50,1135.85,1,44171,47257,1129.05,68564,-2.21
2021-06-15 10:12:51,1135.85,1,44175,47249,1129.05,68564,-2.21
2021-06-15 10:12:55,1135.85,1,44210,47256,1129.05,68564,-2.21
2021-06-15 10:12:57,1135.9,2,44208,47262,1129.05,68566,-2.21
2021-06-15 10:12:58,1135.9,2,44208,47261,1129.05,68566,-2.21
2021-06-15 10:13:03,1135.9,2,44208,47280,1129.05,68566,-2.21
2021-06-15 10:13:05,1135.9,2,44210,47280,1129.05,68566,-2.21
2021-06-15 10:13:06,1134.9,7,44210,47280,1129.05,68566,-2.29
2021-06-15 10:13:06,1134.9,7,44195,47280,1129.05,68573,-2.29
2021-06-15 10:13:07,1134.9,7,44203,47309,1129.05,68573,-2.29
2021-06-15 10:13:09,1134.6,20,44203,47309,1129.05,68573,-2.32
2021-06-15 10:13:10,1134.6,20,44174,47295,1129.06,68593,-2.32
2021-06-15 10:13:12,1134.6,20,44181,47303,1129.06,68593,-2.32
2021-06-15 10:13:12,1134.95,2,44184,47254,1129.06,68618,-2.29
2021-06-15 10:13:13,1134.95,2,44191,47254,1129.06,68618,-2.29
2021-06-15 10:13:15,1134.95,2,44192,47228,1129.06,68618,-2.29
2021-06-15 10:13:15,1134.95,2,44199,47236,1129.06,68618,-2.29
2021-06-15 10:13:18,1134.95,2,44198,47244,1129.06,68618,-2.29
2021-06-15 10:13:20,1134.95,2,44745,47297,1129.06,68618,-2.29
2021-06-15 10:13:22,1134.95,2,44876,47297,1129.06,68618,-2.29
2021-06-15 10:13:24,1134.95,2,44875,47270,1129.06,68618,-2.29
2021-06-15 10:13:25,1136.4,1,44876,47269,1129.06,68619,-2.17
2021-06-15 10:13:27,1136.4,1,44875,47279,1129.06,68619,-2.17
2021-06-15 10:13:27,1135.2,15,44875,47279,1129.06,68619,-2.27
2021-06-15 10:13:28,1135.2,15,44867,47248,1129.06,68634,-2.27
2021-06-15 10:13:30,1135.95,1,44877,47259,1129.06,68650,-2.2
2021-06-15 10:13:33,1136.0,2,44877,47259,1129.06,68650,-2.2
2021-06-15 10:13:33,1136.0,2,44879,47257,1129.06,68652,-2.2
2021-06-15 10:13:34,1136.0,2,44869,47277,1129.06,68652,-2.2
2021-06-15 10:13:37,1135.0,5,44869,47277,1129.06,68652,-2.29
2021-06-15 10:13:37,1135.0,5,44873,47298,1129.06,68657,-2.29
2021-06-15 10:13:38,1135.0,5,44886,47298,1129.06,68657,-2.29
2021-06-15 10:13:39,1135.0,5,44888,47298,1129.06,68657,-2.29
2021-06-15 10:13:41,1135.65,1,44888,47298,1129.06,68657,-2.23
2021-06-15 10:13:42,1135.65,1,44898,47290,1129.06,68658,-2.23
2021-06-15 10:13:43,1135.65,1,44905,47298,1129.06,68658,-2.23
2021-06-15 10:13:44,1135.65,1,44905,47288,1129.06,68661,-2.23
2021-06-15 10:13:45,1135.65,1,44905,47296,1129.06,68661,-2.23
2021-06-15 10:13:46,1135.65,1,44899,47288,1129.06,68662,-2.23
2021-06-15 10:13:48,1135.95,43,44901,47311,1129.07,68705,-2.2
2021-06-15 10:13:49,1135.95,43,44919,47311,1129.07,68705,-2.2
2021-06-15 10:13:50,1135.95,43,44922,47311,1129.07,68705,-2.2
2021-06-15 10:13:51,1135.95,43,45867,48392,1129.07,68705,-2.2
2021-06-15 10:13:52,1135.95,43,45866,48392,1129.07,68705,-2.2
2021-06-15 10:13:54,1135.0,5,45857,48392,1129.07,68711,-2.29
2021-06-15 10:14:00,1135.0,5,45873,48392,1129.07,68711,-2.29
2021-06-15 10:14:01,1134.85,2,45872,48394,1129.07,68713,-2.3
2021-06-15 10:14:03,1134.85,2,45872,48994,1129.07,68713,-2.3
2021-06-15 10:14:03,1134.8,1,45832,49017,1129.07,68761,-2.3
2021-06-15 10:14:04,1134.8,1,45840,49017,1129.07,68761,-2.3
2021-06-15 10:14:07,1134.8,1,45474,49027,1129.07,68761,-2.3
2021-06-15 10:14:09,1134.8,1,45367,49019,1129.07,68761,-2.3
2021-06-15 10:14:10,1134.8,1,45366,49019,1129.07,68761,-2.3
2021-06-15 10:14:11,1134.8,1,45376,49019,1129.07,68761,-2.3
2021-06-15 10:14:12,1134.8,1,45376,49027,1129.07,68761,-2.3
2021-06-15 10:14:13,1134.8,1,45375,49020,1129.07,68761,-2.3
2021-06-15 10:14:14,1134.8,1,45375,49028,1129.07,68761,-2.3
2021-06-15 10:14:15,1134.4,11,45358,48993,1129.07,68772,-2.34
2021-06-15 10:14:16,1134.4,11,45367,49006,1129.07,68772,-2.34
2021-06-15 10:14:18,1134.4,11,45356,49014,1129.07,68772,-2.34
2021-06-15 10:14:19,1134.3,3,45356,49014,1129.07,68772,-2.35
2021-06-15 10:14:19,1134.5,150,45525,49061,1129.07,68791,-2.33
2021-06-15 10:14:21,1134.5,150,45216,49033,1129.09,68991,-2.33
2021-06-15 10:14:23,1134.7,2,45218,49023,1129.09,68993,-2.31
2021-06-15 10:14:27,1134.7,2,45242,49036,1129.09,68993,-2.31
2021-06-15 10:14:28,1134.7,2,45266,49036,1129.09,68993,-2.31
2021-06-15 10:14:29,1134.7,2,45256,49036,1129.09,68993,-2.31
2021-06-15 10:14:32,1134.8,20,45255,49029,1129.09,69013,-2.3
2021-06-15 10:14:33,1134.8,20,45254,49029,1129.09,69013,-2.3
2021-06-15 10:14:34,1134.8,20,45263,49029,1129.09,69013,-2.3
2021-06-15 10:14:35,1134.8,20,45263,49030,1129.09,69013,-2.3
2021-06-15 10:14:36,1134.8,20,45263,49040,1129.09,69013,-2.3
2021-06-15 10:14:40,1134.1,4,45234,49033,1129.09,69067,-2.36
2021-06-15 10:14:41,1134.1,4,45266,49033,1129.09,69067,-2.36
2021-06-15 10:14:42,1134.0,5,45259,49033,1129.1,69077,-2.37
2021-06-15 10:14:43,1134.0,5,45228,49026,1129.1,69077,-2.37
2021-06-15 10:14:45,1134.0,5,45252,49026,1129.1,69077,-2.37
2021-06-15 10:14:47,1134.0,5,45300,49056,1129.1,69077,-2.37
2021-06-15 10:14:48,1134.0,9,45290,49047,1129.1,69087,-2.37
2021-06-15 10:14:49,1134.0,9,45291,49047,1129.1,69087,-2.37
2021-06-15 10:14:51,1134.0,9,45292,49010,1129.1,69087,-2.37
2021-06-15 10:14:52,1134.0,9,45291,49010,1129.1,69087,-2.37
2021-06-15 10:14:54,1134.0,9,45290,49036,1129.1,69087,-2.37
2021-06-15 10:14:56,1134.0,9,45292,48979,1129.1,69087,-2.37
2021-06-15 10:14:57,1134.0,9,45292,48978,1129.1,69087,-2.37
2021-06-15 10:14:57,1135.4,9,45292,48978,1129.1,69087,-2.25
2021-06-15 10:14:58,1135.4,9,45294,48975,1129.1,69096,-2.25
2021-06-15 10:15:00,1135.4,9,45294,48985,1129.1,69096,-2.25
2021-06-15 10:15:02,1134.0,11,45294,48985,1129.1,69096,-2.37
2021-06-15 10:15:02,1134.0,11,45262,49277,1129.1,69116,-2.37
2021-06-15 10:15:03,1134.35,1,45295,49325,1129.1,69129,-2.34
2021-06-15 10:15:04,1134.35,32,45316,49306,1129.1,69161,-2.34
2021-06-15 10:15:04,1134.35,13,45316,49306,1129.1,69161,-2.34
2021-06-15 10:15:05,1134.35,13,45317,49296,1129.1,69193,-2.34
2021-06-15 10:15:06,1134.35,13,45339,48983,1129.1,69193,-2.34
2021-06-15 10:15:07,1134.35,13,45347,48983,1129.1,69193,-2.34
2021-06-15 10:15:10,1134.35,13,45379,48983,1129.1,69193,-2.34
2021-06-15 10:15:10,1134.6,8,45379,48983,1129.1,69193,-2.32
2021-06-15 10:15:11,1134.6,8,45379,48971,1129.1,69201,-2.32
2021-06-15 10:15:14,1134.6,8,45378,48971,1129.1,69201,-2.32
2021-06-15 10:15:16,1134.6,8,45388,48971,1129.1,69201,-2.32
2021-06-15 10:15:16,1134.6,8,45389,48987,1129.1,69201,-2.32
2021-06-15 10:15:18,1134.6,8,45389,49007,1129.1,69201,-2.32
2021-06-15 10:15:18,1135.45,1,45389,49007,1129.1,69201,-2.25
2021-06-15 10:15:19,1135.45,1,45388,48990,1129.11,69210,-2.25
2021-06-15 10:15:22,1135.45,1,45404,48953,1129.11,69210,-2.25
2021-06-15 10:15:25,1135.45,1,45404,48961,1129.11,69210,-2.25
2021-06-15 10:15:27,1135.45,1,45405,48961,1129.11,69210,-2.25
2021-06-15 10:15:29,1135.45,1,45406,48961,1129.11,69210,-2.25
2021-06-15 10:15:30,1135.45,22,45406,48961,1129.11,69210,-2.25
2021-06-15 10:15:31,1135.45,22,45406,49054,1129.11,69232,-2.25
2021-06-15 10:15:31,1135.45,22,45406,49062,1129.11,69232,-2.25
2021-06-15 10:15:33,1135.45,22,45407,49066,1129.11,69232,-2.25
2021-06-15 10:15:37,1135.45,22,45409,49066,1129.11,69232,-2.25
2021-06-15 10:15:41,1135.45,22,45409,49116,1129.11,69232,-2.25
2021-06-15 10:15:43,1135.5,20,45407,49096,1129.11,69252,-2.24
2021-06-15 10:15:44,1135.5,20,45407,49075,1129.11,69252,-2.24
2021-06-15 10:15:45,1135.5,20,45408,49079,1129.11,69252,-2.24
2021-06-15 10:15:49,1135.5,1,45399,49111,1129.11,69253,-2.24
2021-06-15 10:15:51,1135.5,1,45407,49111,1129.11,69253,-2.24
2021-06-15 10:15:52,1135.5,1,45408,49103,1129.11,69253,-2.24
2021-06-15 10:15:54,1135.5,1,45400,49103,1129.11,69253,-2.24
2021-06-15 10:15:55,1135.5,1,45407,49101,1129.11,69254,-2.24
2021-06-15 10:15:55,1134.85,4,45338,49092,1129.11,69308,-2.3
2021-06-15 10:15:56,1135.5,10,45338,49092,1129.11,69308,-2.24
2021-06-15 10:15:57,1135.5,10,45340,49121,1129.12,69318,-2.24
2021-06-15 10:15:59,1135.5,10,45340,49130,1129.12,69318,-2.24
2021-06-15 10:16:00,1135.5,10,45348,49138,1129.12,69318,-2.24
2021-06-15 10:16:01,1135.5,29,45348,49146,1129.12,69318,-2.24
2021-06-15 10:16:02,1135.5,29,45357,49023,1129.13,69468,-2.24
2021-06-15 10:16:03,1135.5,29,45357,49054,1129.13,69468,-2.24
2021-06-15 10:16:04,1135.5,29,45365,49079,1129.13,69468,-2.24
2021-06-15 10:16:06,1135.5,29,45364,49082,1129.13,69468,-2.24
2021-06-15 10:16:16,1135.5,29,45364,49081,1129.13,69468,-2.24
2021-06-15 10:16:18,1134.85,28,45364,49081,1129.13,69468,-2.3
2021-06-15 10:16:19,1134.85,28,45344,49106,1129.13,69496,-2.3
2021-06-15 10:16:20,1134.85,28,45352,49095,1129.13,69496,-2.3
2021-06-15 10:16:20,1134.85,28,45415,49054,1129.13,69496,-2.3
2021-06-15 10:16:21,1134.85,28,45420,49062,1129.13,69496,-2.3
2021-06-15 10:16:24,1134.85,28,45413,49062,1129.13,69496,-2.3
2021-06-15 10:16:25,1134.85,28,45414,49062,1129.13,69496,-2.3
2021-06-15 10:16:26,1134.85,28,45414,49085,1129.13,69496,-2.3
2021-06-15 10:16:27,1134.85,28,45384,49085,1129.13,69496,-2.3
2021-06-15 10:16:29,1134.85,28,45334,49085,1129.13,69496,-2.3
2021-06-15 10:16:34,1134.85,28,45331,49085,1129.13,69496,-2.3
2021-06-15 10:16:35,1135.5,20,45331,49085,1129.13,69496,-2.24
2021-06-15 10:16:36,1135.5,20,45296,49266,1129.13,69516,-2.24
2021-06-15 10:16:36,1135.5,20,45262,49080,1129.13,69516,-2.24
2021-06-15 10:16:40,1135.5,20,45264,49080,1129.13,69516,-2.24
2021-06-15 10:16:44,1134.85,16,45266,49585,1129.13,69532,-2.3
2021-06-15 10:16:45,1134.8,4,45263,49554,1129.14,69566,-2.3
2021-06-15 10:16:46,1134.7,32,45239,49072,1129.14,69598,-2.31
2021-06-15 10:16:48,1134.7,32,45238,49068,1129.14,69598,-2.31
2021-06-15 10:16:48,1135.35,1,45238,49068,1129.14,69598,-2.26
2021-06-15 10:16:49,1135.35,1,45240,49074,1129.14,69599,-2.26
2021-06-15 10:16:52,1135.35,1,45250,49074,1129.14,69599,-2.26
2021-06-15 10:16:53,1135.35,1,45249,49114,1129.14,69599,-2.26
2021-06-15 10:16:54,1135.35,1,45260,49659,1129.14,69599,-2.26
2021-06-15 10:16:55,1134.95,1,45267,49650,1129.14,69618,-2.29
2021-06-15 10:16:57,1134.95,15,45267,49650,1129.14,69618,-2.29
2021-06-15 10:16:58,1134.95,15,45278,49642,1129.14,69633,-2.29
2021-06-15 10:16:59,1134.95,15,45262,49126,1129.14,69633,-2.29
2021-06-15 10:17:00,1134.95,15,45261,49135,1129.14,69633,-2.29
2021-06-15 10:17:04,1134.95,15,45262,49134,1129.14,69633,-2.29
2021-06-15 10:17:05,1134.95,15,45262,49110,1129.14,69633,-2.29
2021-06-15 10:17:06,1135.95,10,45262,49045,1129.15,69683,-2.2
2021-06-15 10:17:07,1135.0,1,45261,49046,1129.15,69684,-2.29
2021-06-15 10:17:08,1135.0,1,45264,49046,1129.15,69684,-2.29
2021-06-15 10:17:10,1135.0,1,45264,49073,1129.15,69684,-2.29
2021-06-15 10:17:13,1135.85,1,45256,49069,1129.15,69693,-2.21
2021-06-15 10:17:14,1135.85,1,45256,49071,1129.15,69693,-2.21
2021-06-15 10:17:16,1135.85,1,45186,49071,1129.15,69693,-2.21
2021-06-15 10:17:18,1135.85,1,45199,49073,1129.15,69693,-2.21
2021-06-15 10:17:18,1134.4,8,45199,49073,1129.15,69693,-2.34
2021-06-15 10:17:19,1134.4,8,45181,49082,1129.15,69746,-2.34
2021-06-15 10:17:19,1134.4,8,45181,49071,1129.15,69746,-2.34
2021-06-15 10:17:20,1134.4,8,45183,49092,1129.15,69746,-2.34
2021-06-15 10:17:22,1134.4,8,45192,49100,1129.15,69746,-2.34
2021-06-15 10:17:22,1134.4,8,45192,49091,1129.15,69746,-2.34
2021-06-15 10:17:25,1134.4,8,45192,49084,1129.15,69746,-2.34
2021-06-15 10:17:27,1134.4,8,45097,49104,1129.15,69746,-2.34
2021-06-15 10:17:28,1134.95,1,45097,49104,1129.15,69746,-2.29
2021-06-15 10:17:28,1134.95,1,45098,49091,1129.15,69747,-2.29
2021-06-15 10:17:30,1133.9,16,45059,49598,1129.15,69763,-2.38
2021-06-15 10:17:31,1133.95,3,45067,49598,1129.15,69763,-2.38
2021-06-15 10:17:31,1133.95,3,45074,49590,1129.15,69782,-2.38
2021-06-15 10:17:32,1133.95,15,45074,49590,1129.15,69782,-2.38
2021-06-15 10:17:33,1134.0,5,45067,49570,1129.16,69802,-2.37
2021-06-15 10:17:34,1134.0,5,45065,49048,1129.16,69802,-2.37
2021-06-15 10:17:37,1134.0,5,45065,49071,1129.16,69802,-2.37
2021-06-15 10:17:41,1134.0,5,45056,49070,1129.16,69802,-2.37
2021-06-15 10:17:43,1134.0,5,45057,49045,1129.16,69802,-2.37
2021-06-15 10:17:46,1134.0,5,45083,49072,1129.16,69802,-2.37
2021-06-15 10:17:48,1134.0,5,45111,49080,1129.16,69802,-2.37
2021-06-15 10:17:53,1134.0,5,45129,49091,1129.16,69802,-2.37
2021-06-15 10:17:56,1134.0,5,45214,49091,1129.16,69802,-2.37
2021-06-15 10:17:58,1134.0,5,45214,49036,1129.16,69802,-2.37
2021-06-15 10:18:00,1134.0,5,45231,49067,1129.16,69802,-2.37
2021-06-15 10:18:03,1134.0,5,45230,49088,1129.16,69802,-2.37
2021-06-15 10:18:08,1134.0,5,45246,49088,1129.16,69802,-2.37
2021-06-15 10:18:11,1134.0,5,45198,49090,1129.16,69802,-2.37
2021-06-15 10:18:13,1134.0,5,45196,49089,1129.16,69802,-2.37
2021-06-15 10:18:18,1134.0,5,45197,49097,1129.16,69802,-2.37
2021-06-15 10:18:21,1134.0,5,45202,49097,1129.16,69802,-2.37
2021-06-15 10:18:29,1134.0,5,45202,49123,1129.16,69802,-2.37
2021-06-15 10:18:40,1134.0,5,45203,49123,1129.16,69802,-2.37
2021-06-15 10:18:46,1135.8,2,45203,49091,1129.16,69806,-2.22
2021-06-15 10:18:47,1134.45,3,45203,49091,1129.16,69806,-2.33
2021-06-15 10:18:49,1134.45,3,45214,49140,1129.16,69856,-2.33
2021-06-15 10:18:54,1134.45,3,45198,49090,1129.16,69856,-2.33
2021-06-15 10:18:54,1133.95,4,45198,49090,1129.16,69856,-2.38
2021-06-15 10:18:56,1133.95,4,45168,49561,1129.16,69908,-2.38
2021-06-15 10:18:58,1133.0,500,45168,49561,1129.16,69908,-2.46
2021-06-15 10:18:59,1133.0,500,44668,49561,1129.19,70408,-2.46
2021-06-15 10:19:01,1133.0,500,44668,49587,1129.19,70408,-2.46
2021-06-15 10:19:11,1133.0,500,44659,49586,1129.19,70408,-2.46
2021-06-15 10:19:13,1133.0,500,44669,49592,1129.19,70408,-2.46
2021-06-15 10:19:15,1133.0,500,44661,49592,1129.19,70408,-2.46
2021-06-15 10:19:18,1133.0,500,44661,49587,1129.19,70408,-2.46
2021-06-15 10:19:21,1133.0,500,44766,49112,1129.19,70408,-2.46
2021-06-15 10:19:23,1134.95,5,44766,49112,1129.19,70408,-2.29
2021-06-15 10:19:24,1134.95,5,44766,49065,1129.19,70413,-2.29
2021-06-15 10:19:25,1135.0,2,44766,49065,1129.19,70413,-2.29
2021-06-15 10:19:26,1133.95,8,44767,49590,1129.19,70439,-2.38
2021-06-15 10:19:28,1133.5,5,44759,49594,1129.19,70444,-2.41
2021-06-15 10:19:31,1133.5,5,44709,49584,1129.19,70444,-2.41
2021-06-15 10:19:34,1133.5,5,44727,49027,1129.19,70444,-2.41
2021-06-15 10:19:36,1133.5,5,44727,49035,1129.19,70444,-2.41
2021-06-15 10:19:39,1133.5,5,44716,49603,1129.19,70444,-2.41
2021-06-15 10:19:43,1133.95,8,44741,49612,1129.19,70452,-2.38
2021-06-15 10:19:46,1133.95,8,44733,49612,1129.19,70452,-2.38
2021-06-15 10:19:47,1133.95,7,44733,49612,1129.19,70452,-2.38
2021-06-15 10:19:49,1133.95,7,44743,49331,1129.2,70459,-2.38
2021-06-15 10:19:51,1133.95,7,44741,48766,1129.2,70459,-2.38
2021-06-15 10:19:52,1134.0,5,44741,48766,1129.2,70459,-2.37
2021-06-15 10:19:54,1134.0,5,44734,48797,1129.2,70464,-2.37
2021-06-15 10:19:54,1132.45,12,44734,48797,1129.2,70464,-2.51
2021-06-15 10:19:58,1132.45,12,43729,48912,1129.25,71464,-2.51
2021-06-15 10:20:00,1133.55,2,43729,48912,1129.25,71464,-2.41
2021-06-15 10:20:01,1133.55,2,43758,48897,1129.25,71466,-2.41
2021-06-15 10:20:04,1133.55,2,43758,48913,1129.25,71466,-2.41
2021-06-15 10:20:06,1133.55,2,43758,48938,1129.25,71466,-2.41
2021-06-15 10:20:09,1133.55,2,43757,48938,1129.25,71466,-2.41
2021-06-15 10:20:10,1131.35,4,43757,48938,1129.25,71466,-2.6
2021-06-15 10:20:14,1131.35,4,43687,49427,1129.25,71485,-2.6
2021-06-15 10:20:17,1131.1,4,43687,49427,1129.25,71485,-2.62
2021-06-15 10:20:20,1131.1,4,43700,49954,1129.25,71489,-2.62
2021-06-15 10:20:22,1131.1,4,43672,49954,1129.25,71489,-2.62
2021-06-15 10:20:22,1131.0,6,43672,49954,1129.25,71489,-2.63
2021-06-15 10:20:25,1131.45,2,43077,49976,1129.25,71595,-2.59
2021-06-15 10:20:27,1131.45,2,43078,49979,1129.25,71595,-2.59
2021-06-15 10:20:30,1131.45,2,43175,48916,1129.25,71595,-2.59
2021-06-15 10:20:30,1133.55,3,43175,48916,1129.25,71595,-2.41
2021-06-15 10:20:32,1133.55,3,43200,48922,1129.25,71598,-2.41
2021-06-15 10:20:33,1131.9,10,43200,48922,1129.25,71598,-2.55
2021-06-15 10:20:34,1131.9,10,43205,48905,1129.25,71631,-2.55
2021-06-15 10:20:36,1131.9,10,43202,48909,1129.25,71631,-2.55
2021-06-15 10:20:39,1131.9,10,43202,48901,1129.25,71631,-2.55
2021-06-15 10:20:42,1131.9,10,43214,48937,1129.25,71631,-2.55
2021-06-15 10:20:45,1131.9,10,43231,48972,1129.25,71631,-2.55
2021-06-15 10:20:49,1132.8,1,43231,48972,1129.25,71631,-2.48
2021-06-15 10:20:49,1132.8,1,43321,48967,1129.25,71636,-2.48
2021-06-15 10:20:52,1132.8,1,43331,48975,1129.25,71636,-2.48
2021-06-15 10:21:04,1132.8,1,43336,48975,1129.25,71636,-2.48
2021-06-15 10:21:09,1132.9,25,43336,48975,1129.25,71636,-2.47
2021-06-15 10:21:12,1132.9,10,43305,48983,1129.26,71661,-2.47
2021-06-15 10:21:19,1132.9,10,43299,48965,1129.26,71671,-2.47
2021-06-15 10:21:21,1132.9,10,43299,48975,1129.26,71681,-2.47
2021-06-15 10:21:31,1132.9,10,43317,48975,1129.26,71681,-2.47
2021-06-15 10:21:33,1131.9,1,43317,48975,1129.26,71681,-2.55
2021-06-15 10:21:34,1131.9,1,43430,48935,1129.26,71682,-2.55
2021-06-15 10:21:36,1132.9,50,43430,48935,1129.26,71682,-2.47
2021-06-15 10:21:37,1132.9,50,43444,48934,1129.26,71732,-2.47
2021-06-15 10:21:39,1132.9,50,43444,48949,1129.26,71732,-2.47
2021-06-15 10:21:42,1132.9,50,43416,48948,1129.26,71732,-2.47
2021-06-15 10:21:44,1132.9,50,43426,48945,1129.26,71732,-2.47
2021-06-15 10:21:46,1132.9,50,43275,48947,1129.26,71732,-2.47
2021-06-15 10:21:49,1132.9,50,43330,48947,1129.26,71732,-2.47
2021-06-15 10:21:54,1132.9,3,43377,48919,1129.26,71735,-2.47
2021-06-15 10:22:00,1132.9,3,43425,48939,1129.26,71735,-2.47
2021-06-15 10:22:02,1132.9,3,43428,48938,1129.26,71735,-2.47
2021-06-15 10:22:07,1132.9,3,43428,48948,1129.26,71735,-2.47
2021-06-15 10:22:10,1132.9,3,43426,48963,1129.26,71735,-2.47
2021-06-15 10:22:15,1132.9,3,43436,48979,1129.26,71735,-2.47
2021-06-15 10:22:16,1132.9,2,43436,48979,1129.26,71735,-2.47
2021-06-15 10:22:18,1132.9,2,43508,48978,1129.26,71737,-2.47
2021-06-15 10:22:22,1132.9,2,43508,48983,1129.26,71737,-2.47
2021-06-15 10:22:25,1132.9,2,43500,49033,1129.26,71737,-2.47
2021-06-15 10:22:28,1132.9,2,43500,49047,1129.26,71737,-2.47
2021-06-15 10:22:30,1132.9,2,43501,49035,1129.26,71737,-2.47
2021-06-15 10:22:33,1132.0,1,43455,49142,1129.26,71764,-2.54
2021-06-15 10:22:35,1131.9,100,43442,49142,1129.26,71764,-2.55
2021-06-15 10:22:39,1131.5,60,43442,49142,1129.26,71764,-2.59
2021-06-15 10:22:40,1131.5,60,43259,49176,1129.27,71924,-2.59
2021-06-15 10:22:41,1131.1,50,43259,49176,1129.27,71924,-2.62
2021-06-15 10:22:43,1131.1,50,43217,49128,1129.27,71974,-2.62
2021-06-15 10:22:45,1131.5,1,43216,49127,1129.27,71975,-2.59
2021-06-15 10:22:48,1131.5,1,43217,49095,1129.27,71975,-2.59
2021-06-15 10:22:50,1131.5,1,43187,49323,1129.27,71975,-2.59
2021-06-15 10:22:52,1131.5,1,43186,49125,1129.27,71975,-2.59
2021-06-15 10:22:55,1131.5,1,43185,49002,1129.27,71975,-2.59
2021-06-15 10:22:57,1130.75,1,43185,49002,1129.27,71975,-2.65
2021-06-15 10:22:58,1130.75,1,43191,48989,1129.27,71985,-2.65
2021-06-15 10:23:01,1130.75,1,43192,48981,1129.27,71985,-2.65
2021-06-15 10:23:10,1130.75,1,43198,48984,1129.27,71985,-2.65
2021-06-15 10:23:20,1130.75,1,43213,49029,1129.27,71985,-2.65
2021-06-15 10:23:22,1131.05,5,43213,49029,1129.27,71985,-2.63
2021-06-15 10:23:22,1131.05,5,43220,49014,1129.27,71995,-2.63
2021-06-15 10:23:23,1132.0,1,43220,49014,1129.27,71995,-2.54
2021-06-15 10:23:25,1132.0,1,43219,49014,1129.27,71996,-2.54
2021-06-15 10:23:28,1131.05,10,43219,49014,1129.27,71996,-2.63
2021-06-15 10:23:30,1131.05,10,43213,49014,1129.27,72006,-2.63
2021-06-15 10:23:32,1131.05,7,43227,49015,1129.27,72013,-2.63
2021-06-15 10:23:34,1131.05,7,43227,49030,1129.27,72013,-2.63
2021-06-15 10:23:45,1131.05,7,43216,49021,1129.27,72013,-2.63
2021-06-15 10:23:48,1132.5,5,43216,49021,1129.27,72013,-2.5
2021-06-15 10:23:49,1132.5,5,43425,49000,1129.27,72023,-2.5
2021-06-15 10:23:51,1132.5,5,43434,49000,1129.27,72023,-2.5
2021-06-15 10:23:54,1132.5,5,43334,49150,1129.27,72023,-2.5
2021-06-15 10:23:55,1133.8,2,43334,49150,1129.27,72023,-2.39
2021-06-15 10:23:57,1133.8,2,43393,49150,1129.27,72025,-2.39
2021-06-15 10:23:59,1133.8,8,43397,49150,1129.27,72025,-2.39
2021-06-15 10:24:01,1133.8,8,43379,49077,1129.27,72035,-2.39
2021-06-15 10:24:02,1134.0,2,43379,49077,1129.27,72035,-2.37
2021-06-15 10:24:04,1134.0,2,43379,49079,1129.27,72042,-2.37
2021-06-15 10:24:09,1133.8,50,41989,49088,1129.27,72092,-2.39
2021-06-15 10:24:12,1133.8,50,42095,49088,1129.27,72092,-2.39
2021-06-15 10:24:15,1134.0,2,42095,49088,1129.27,72092,-2.37
2021-06-15 10:24:18,1134.0,2,42095,49091,1129.27,72094,-2.37
2021-06-15 10:24:18,1134.0,5,42095,49091,1129.27,72094,-2.37
2021-06-15 10:24:20,1134.0,5,42095,49203,1129.27,72099,-2.37
2021-06-15 10:24:24,1133.8,70,42095,49203,1129.27,72099,-2.39
2021-06-15 10:24:25,1133.8,70,42473,49191,1129.28,72239,-2.39
2021-06-15 10:24:27,1133.8,70,42484,49214,1129.28,72239,-2.39
2021-06-15 10:24:30,1133.8,70,42485,49215,1129.28,72239,-2.39
2021-06-15 10:24:35,1133.8,70,42484,49150,1129.28,72239,-2.39
2021-06-15 10:24:42,1133.8,70,42484,49350,1129.28,72239,-2.39
2021-06-15 10:24:47,1133.8,70,42484,49352,1129.28,72239,-2.39
2021-06-15 10:24:49,1133.8,70,42484,49353,1129.28,72239,-2.39
2021-06-15 10:25:03,1133.8,70,42483,49353,1129.28,72239,-2.39
2021-06-15 10:25:29,1133.8,70,42483,49453,1129.28,72239,-2.39
2021-06-15 10:25:31,1133.8,70,42528,49466,1129.28,72239,-2.39
2021-06-15 10:25:36,1133.8,70,42524,49466,1129.28,72239,-2.39
2021-06-15 10:25:38,1133.8,70,42525,49466,1129.28,72239,-2.39
2021-06-15 10:25:41,1133.75,1,42525,49466,1129.28,72239,-2.39
2021-06-15 10:25:43,1133.75,1,42525,49467,1129.28,72240,-2.39
2021-06-15 10:25:45,1133.75,1,42533,49454,1129.28,72249,-2.39
2021-06-15 10:25:51,1133.9,4,42533,49454,1129.28,72249,-2.38
2021-06-15 10:25:52,1133.9,4,42552,49416,1129.28,72264,-2.38
2021-06-15 10:25:54,1133.9,4,42560,49416,1129.28,72264,-2.38
2021-06-15 10:26:00,1133.9,4,42560,49421,1129.28,72264,-2.38
2021-06-15 10:26:05,1133.75,1,42560,49433,1129.28,72272,-2.39
2021-06-15 10:26:07,1133.75,1,42574,49433,1129.28,72272,-2.39
2021-06-15 10:26:08,1133.95,54,42574,49433,1129.28,72272,-2.38
2021-06-15 10:26:10,1133.95,54,42624,49320,1129.29,72372,-2.38
2021-06-15 10:26:14,1133.95,54,42624,49328,1129.29,72372,-2.38
2021-06-15 10:26:23,1132.55,42,42624,49328,1129.29,72372,-2.5
2021-06-15 10:26:25,1132.55,42,42592,49357,1129.29,72422,-2.5
2021-06-15 10:26:27,1132.55,42,42615,49357,1129.29,72422,-2.5
2021-06-15 10:26:31,1132.55,42,42604,49357,1129.29,72422,-2.5
2021-06-15 10:26:33,1132.55,42,42611,49357,1129.29,72422,-2.5
2021-06-15 10:26:42,1132.55,42,42616,49357,1129.29,72422,-2.5
2021-06-15 10:26:51,1133.9,11,42616,49357,1129.29,72422,-2.38
2021-06-15 10:26:51,1133.9,11,42642,49334,1129.29,72449,-2.38
2021-06-15 10:26:54,1133.9,11,42642,49326,1129.29,72449,-2.38
2021-06-15 10:26:57,1133.9,11,42637,49326,1129.29,72449,-2.38
2021-06-15 10:27:00,1133.9,11,42635,49335,1129.29,72449,-2.38
2021-06-15 10:27:02,1133.9,11,42646,49335,1129.29,72449,-2.38
2021-06-15 10:27:05,1133.9,11,42649,49335,1129.29,72449,-2.38
2021-06-15 10:27:10,1133.9,2,42649,49335,1129.29,72449,-2.38
2021-06-15 10:27:11,1132.0,9,42649,49335,1129.29,72449,-2.54
2021-06-15 10:27:11,1132.0,9,42597,49340,1129.3,72554,-2.54
2021-06-15 10:27:16,1132.05,1,42603,49322,1129.3,72555,-2.54
2021-06-15 10:27:16,1132.0,8,42603,49322,1129.3,72555,-2.54
2021-06-15 10:27:18,1132.0,8,42604,49335,1129.3,72564,-2.54
2021-06-15 10:27:22,1133.55,6,42637,49310,1129.3,72574,-2.41
2021-06-15 10:27:24,1133.85,1,42637,49310,1129.3,72574,-2.38
2021-06-15 10:27:25,1133.85,1,42644,49321,1129.3,72584,-2.38
2021-06-15 10:27:27,1133.85,1,42644,49401,1129.3,72584,-2.38
2021-06-15 10:27:46,1133.85,1,42744,49401,1129.3,72584,-2.38
2021-06-15 10:27:48,1133.85,1,42735,49410,1129.3,72585,-2.38
2021-06-15 10:27:52,1133.85,1,42838,49399,1129.3,72585,-2.38
2021-06-15 10:28:01,1133.85,1,42838,49413,1129.3,72585,-2.38
2021-06-15 10:28:06,1133.85,1,42836,49413,1129.3,72585,-2.38
2021-06-15 10:28:13,1133.85,1,42846,49413,1129.3,72585,-2.38
2021-06-15 10:28:26,1133.85,1,42851,49414,1129.3,72585,-2.38
2021-06-15 10:28:35,1133.85,1,43048,49404,1129.3,72585,-2.38
2021-06-15 10:28:37,1133.85,1,43068,49404,1129.3,72585,-2.38
2021-06-15 10:28:39,1133.8,1,43068,49404,1129.3,72585,-2.39
2021-06-15 10:28:40,1133.8,1,43068,49403,1129.3,72586,-2.39
2021-06-15 10:28:42,1133.8,1,43078,49402,1129.3,72586,-2.39
2021-06-15 10:28:45,1133.8,1,43378,49373,1129.3,72586,-2.39
2021-06-15 10:28:48,1133.8,1,43378,49376,1129.3,72586,-2.39
2021-06-15 10:28:50,1133.8,1,43368,49377,1129.3,72586,-2.39
2021-06-15 10:28:55,1133.8,1,43368,49402,1129.3,72586,-2.39
2021-06-15 10:29:01,1133.8,1,43376,49400,1129.3,72586,-2.39
2021-06-15 10:29:01,1133.8,3,43376,49400,1129.3,72586,-2.39
2021-06-15 10:29:03,1133.8,3,43376,49410,1129.3,72589,-2.39
2021-06-15 10:29:06,1133.8,3,43384,49410,1129.3,72589,-2.39
2021-06-15 10:29:08,1133.8,3,43384,49710,1129.3,72589,-2.39
2021-06-15 10:29:11,1133.8,3,43282,49710,1129.3,72589,-2.39
2021-06-15 10:29:12,1134.25,24,43282,49710,1129.3,72589,-2.35
2021-06-15 10:29:14,1134.25,24,43554,49485,1129.31,72764,-2.35
2021-06-15 10:29:16,1134.25,24,43545,49480,1129.31,72764,-2.35
2021-06-15 10:29:19,1134.25,24,43288,49511,1129.31,72764,-2.35
2021-06-15 10:29:22,1134.25,24,43284,49516,1129.31,72764,-2.35
2021-06-15 10:29:25,1134.25,24,43272,49830,1129.31,72764,-2.35
2021-06-15 10:29:27,1134.25,24,43272,49528,1129.31,72764,-2.35
2021-06-15 10:29:30,1134.25,24,43290,49512,1129.31,72764,-2.35
2021-06-15 10:29:37,1134.25,24,43297,49700,1129.31,72764,-2.35
2021-06-15 10:29:39,1134.25,25,43297,49700,1129.31,72764,-2.35
2021-06-15 10:29:39,1134.25,50,43297,49700,1129.31,72764,-2.35
2021-06-15 10:29:40,1134.25,50,43326,49613,1129.32,72839,-2.35
2021-06-15 10:29:40,1133.55,10,43326,49613,1129.32,72839,-2.41
2021-06-15 10:29:43,1134.25,30,43316,49621,1129.32,72849,-2.35
2021-06-15 10:29:48,1134.25,30,43216,49591,1129.32,72879,-2.35
2021-06-15 10:29:52,1134.25,30,43116,49591,1129.32,72879,-2.35
2021-06-15 10:29:53,1133.2,23,43116,49591,1129.32,72879,-2.44
2021-06-15 10:29:55,1133.2,23,43096,49517,1129.32,72924,-2.44
2021-06-15 10:30:03,1133.2,23,43098,49517,1129.32,72924,-2.44
2021-06-15 10:30:07,1134.35,2,43098,49517,1129.32,72924,-2.34
2021-06-15 10:30:08,1134.35,2,43089,49515,1129.32,72926,-2.34
2021-06-15 10:30:19,1134.35,2,43088,49506,1129.32,72926,-2.34
2021-06-15 10:30:20,1134.4,2,43088,49506,1129.32,72926,-2.34
2021-06-15 10:30:22,1134.4,2,43049,49508,1129.32,72936,-2.34
2021-06-15 10:30:25,1134.4,2,43049,49506,1129.32,72936,-2.34
2021-06-15 10:30:31,1134.4,90,43049,49506,1129.32,72936,-2.34
2021-06-15 10:30:32,1134.4,90,43050,49504,1129.33,73028,-2.34
2021-06-15 10:30:44,1134.4,90,43042,49504,1129.33,73028,-2.34
2021-06-15 10:30:46,1134.55,18,43042,49504,1129.33,73028,-2.32
2021-06-15 10:30:46,1134.6,4,43042,49504,1129.33,73028,-2.32
2021-06-15 10:30:47,1134.6,4,43050,49507,1129.33,73057,-2.32
2021-06-15 10:30:53,1132.75,5,43050,49507,1129.33,73057,-2.48
2021-06-15 10:30:55,1132.75,5,43054,49550,1129.33,73066,-2.48
2021-06-15 10:31:02,1132.75,5,43054,49552,1129.33,73066,-2.48
2021-06-15 10:31:04,1132.75,5,43054,49557,1129.33,73066,-2.48
2021-06-15 10:31:07,1132.75,5,43054,49561,1129.33,73066,-2.48
2021-06-15 10:31:21,1132.75,5,43154,49562,1129.33,73066,-2.48
2021-06-15 10:31:24,1132.75,5,43154,49561,1129.33,73066,-2.48
2021-06-15 10:31:26,1132.75,5,43267,49528,1129.33,73066,-2.48
2021-06-15 10:31:32,1134.65,2,43267,49528,1129.33,73066,-2.32
2021-06-15 10:31:33,1134.65,2,43300,49525,1129.33,73075,-2.32
2021-06-15 10:31:36,1135.0,3,43300,49525,1129.33,73075,-2.29
2021-06-15 10:31:37,1135.0,3,43299,49506,1129.34,73125,-2.29
2021-06-15 10:31:38,1133.15,2,43299,49506,1129.34,73125,-2.45
2021-06-15 10:31:40,1133.15,2,43292,49499,1129.34,73130,-2.45
2021-06-15 10:31:42,1133.15,2,43292,49509,1129.34,73130,-2.45
2021-06-15 10:31:45,1133.15,2,43299,49503,1129.34,73130,-2.45
2021-06-15 10:31:49,1133.15,2,43306,49501,1129.34,73130,-2.45
2021-06-15 10:31:52,1133.15,2,43301,49501,1129.34,73130,-2.45
2021-06-15 10:32:06,1133.15,2,43302,49501,1129.34,73130,-2.45
2021-06-15 10:32:10,1133.15,2,43297,49491,1129.34,73130,-2.45
2021-06-15 10:32:18,1133.15,2,43297,49492,1129.34,73130,-2.45
2021-06-15 10:32:26,1133.15,2,43297,49542,1129.34,73130,-2.45
2021-06-15 10:32:31,1133.15,2,43187,49542,1129.34,73130,-2.45
2021-06-15 10:32:36,1133.35,1,43186,49541,1129.34,73131,-2.43
2021-06-15 10:32:39,1133.35,1,43186,49540,1129.34,73131,-2.43
2021-06-15 10:32:40,1133.4,4,43186,49540,1129.34,73131,-2.42
2021-06-15 10:32:42,1133.4,4,43192,49540,1129.34,73135,-2.42
2021-06-15 10:32:48,1135.0,5,43192,49540,1129.34,73135,-2.29
2021-06-15 10:32:49,1135.0,5,43091,49537,1129.34,73160,-2.29
2021-06-15 10:32:54,1135.0,6,43091,49537,1129.34,73160,-2.29
2021-06-15 10:32:54,1135.0,6,43091,49529,1129.34,73167,-2.29
2021-06-15 10:32:57,1134.95,1,43091,49529,1129.34,73167,-2.29
2021-06-15 10:33:00,1134.95,1,43091,49528,1129.34,73168,-2.29
2021-06-15 10:33:02,1134.95,1,43096,49528,1129.34,73168,-2.29
2021-06-15 10:33:04,1134.95,1,43094,49529,1129.34,73168,-2.29
2021-06-15 10:33:07,1134.95,1,43094,49504,1129.34,73168,-2.29
2021-06-15 10:33:16,1134.95,1,43094,49507,1129.34,73168,-2.29
2021-06-15 10:33:19,1134.95,1,43094,49510,1129.34,73168,-2.29
2021-06-15 10:33:22,1134.95,1,43094,49509,1129.34,73169,-2.29
2021-06-15 10:33:24,1134.95,1,43105,49479,1129.34,73169,-2.29
2021-06-15 10:33:27,1134.95,4,43105,49478,1129.34,73169,-2.29
2021-06-15 10:33:28,1134.95,1,43105,49478,1129.34,73169,-2.29
2021-06-15 10:33:29,1134.95,1,43105,49516,1129.34,73183,-2.29
2021-06-15 10:33:31,1134.95,1,43120,49493,1129.34,73183,-2.29
2021-06-15 10:33:33,1134.95,1,43120,49500,1129.34,73183,-2.29
2021-06-15 10:33:36,1134.95,1,43110,49500,1129.34,73183,-2.29
2021-06-15 10:33:37,1134.95,5,43110,49500,1129.34,73183,-2.29
2021-06-15 10:33:38,1134.95,5,43114,49497,1129.34,73198,-2.29
2021-06-15 10:33:40,1134.95,5,43164,49498,1129.34,73198,-2.29
2021-06-15 10:33:45,1135.0,66,43168,49435,1129.35,73264,-2.29
2021-06-15 10:33:49,1135.0,66,43196,49418,1129.35,73264,-2.29
2021-06-15 10:33:52,1135.0,66,43196,49394,1129.35,73264,-2.29
2021-06-15 10:34:06,1134.0,102,43196,49394,1129.35,73264,-2.37
2021-06-15 10:34:06,1134.0,102,43111,49483,1129.36,73464,-2.37
2021-06-15 10:34:09,1134.0,102,43111,49470,1129.36,73464,-2.37
2021-06-15 10:34:14,1134.0,102,43110,49514,1129.36,73464,-2.37
2021-06-15 10:34:17,1134.0,102,43119,49504,1129.36,73464,-2.37
2021-06-15 10:34:18,1134.0,102,43119,49506,1129.36,73464,-2.37
2021-06-15 10:34:25,1134.0,102,43119,49507,1129.36,73464,-2.37
2021-06-15 10:34:28,1134.0,102,43119,49798,1129.36,73464,-2.37
2021-06-15 10:34:30,1134.0,102,43133,49798,1129.36,73464,-2.37
2021-06-15 10:34:33,1134.0,102,43134,49795,1129.36,73464,-2.37
2021-06-15 10:34:43,1134.0,102,43129,49794,1129.36,73464,-2.37
2021-06-15 10:34:48,1134.0,102,43130,49794,1129.36,73464,-2.37
2021-06-15 10:35:06,1134.0,102,43130,49803,1129.36,73464,-2.37
2021-06-15 10:35:23,1134.0,102,43124,49807,1129.36,73464,-2.37
2021-06-15 10:35:25,1134.0,102,43124,49812,1129.36,73464,-2.37
2021-06-15 10:35:28,1134.4,10,43124,49812,1129.36,73464,-2.34
2021-06-15 10:35:29,1135.05,6,43124,49812,1129.36,73464,-2.28
2021-06-15 10:35:30,1135.05,6,43131,49780,1129.36,73509,-2.28
2021-06-15 10:35:32,1135.05,6,43118,49816,1129.36,73509,-2.28
2021-06-15 10:35:39,1135.05,6,43093,49816,1129.36,73509,-2.28
2021-06-15 10:35:40,1135.05,6,43093,49811,1129.36,73509,-2.28
2021-06-15 10:35:47,1134.8,7,43093,49823,1129.36,73518,-2.3
2021-06-15 10:35:48,1135.05,6,43093,49823,1129.36,73518,-2.28
2021-06-15 10:36:00,1135.05,6,43093,49842,1129.36,73525,-2.28
2021-06-15 10:36:01,1135.05,6,43093,49824,1129.37,73531,-2.28
2021-06-15 10:36:03,1135.0,4,43093,49824,1129.37,73531,-2.29
2021-06-15 10:36:04,1135.0,4,43098,49829,1129.37,73535,-2.29
2021-06-15 10:36:09,1135.0,4,43069,49821,1129.37,73535,-2.29
2021-06-15 10:36:11,1134.9,4,43069,49821,1129.37,73535,-2.29
2021-06-15 10:36:13,1134.9,4,43069,49841,1129.37,73539,-2.29
2021-06-15 10:36:16,1134.9,2,43069,49841,1129.37,73539,-2.29
2021-06-15 10:36:18,1134.9,2,43069,49842,1129.37,73541,-2.29
2021-06-15 10:36:21,1134.9,2,43043,49829,1129.37,73541,-2.29
2021-06-15 10:36:26,1134.9,2,43043,49828,1129.37,73541,-2.29
2021-06-15 10:36:31,1135.2,2,43043,49828,1129.37,73541,-2.27
2021-06-15 10:36:33,1135.2,2,43041,49826,1129.37,73543,-2.27
2021-06-15 10:36:35,1135.2,2,43047,49827,1129.37,73543,-2.27
2021-06-15 10:36:39,1135.2,2,43064,49827,1129.37,73543,-2.27
2021-06-15 10:36:42,1135.2,2,43059,49827,1129.37,73543,-2.27
2021-06-15 10:36:44,1135.2,2,43059,49826,1129.37,73543,-2.27
2021-06-15 10:36:46,1135.2,2,43052,49824,1129.37,73543,-2.27
2021-06-15 10:36:48,1135.2,2,43060,49833,1129.37,73543,-2.27
2021-06-15 10:36:51,1135.2,2,43052,49828,1129.37,73543,-2.27
2021-06-15 10:36:53,1135.2,2,43060,49832,1129.37,73543,-2.27
2021-06-15 10:37:00,1135.2,2,43063,49832,1129.37,73543,-2.27
2021-06-15 10:37:07,1135.2,2,43063,49836,1129.37,73543,-2.27
2021-06-15 10:37:16,1135.2,2,43068,49835,1129.37,73543,-2.27
2021-06-15 10:37:18,1135.5,2,43068,49821,1129.37,73558,-2.24
2021-06-15 10:37:20,1135.5,2,43068,49830,1129.37,73558,-2.24
2021-06-15 10:37:27,1135.5,2,43068,49804,1129.37,73558,-2.24
2021-06-15 10:37:30,1135.5,6,43087,49810,1129.37,73558,-2.24
2021-06-15 10:37:33,1135.5,6,43089,49811,1129.37,73573,-2.24
2021-06-15 10:37:34,1135.5,6,43089,49808,1129.37,73573,-2.24
2021-06-15 10:37:36,1135.5,6,43089,49817,1129.37,73573,-2.24
2021-06-15 10:37:39,1135.5,6,43089,49807,1129.37,73573,-2.24
2021-06-15 10:37:42,1133.0,5,43066,49821,1129.37,73673,-2.46
2021-06-15 10:37:43,1133.0,7,43066,49821,1129.37,73673,-2.46
2021-06-15 10:37:44,1133.0,7,43047,49820,1129.37,73691,-2.46
2021-06-15 10:37:46,1133.0,7,43048,49846,1129.37,73691,-2.46
2021-06-15 10:37:57,1133.0,7,43048,49839,1129.37,73691,-2.46
2021-06-15 10:37:58,1133.0,7,43048,49869,1129.37,73691,-2.46
2021-06-15 10:38:00,1134.5,1,43048,49868,1129.37,73692,-2.33
2021-06-15 10:38:11,1134.5,1,43048,49867,1129.37,73692,-2.33
2021-06-15 10:38:19,1134.5,1,43051,49857,1129.37,73692,-2.33
2021-06-15 10:38:21,1134.5,5,43049,49852,1129.38,73697,-2.33
2021-06-15 10:38:23,1134.5,5,43049,49841,1129.38,73697,-2.33
2021-06-15 10:38:25,1134.5,5,43050,49849,1129.38,73697,-2.33
2021-06-15 10:38:34,1134.5,5,43050,49869,1129.38,73697,-2.33
2021-06-15 10:38:37,1133.0,4,43050,49869,1129.38,73697,-2.46
2021-06-15 10:38:39,1133.0,4,43042,49869,1129.38,73717,-2.46
2021-06-15 10:38:41,1133.0,4,43065,49869,1129.38,73717,-2.46
2021-06-15 10:38:45,1133.0,4,43065,49870,1129.38,73717,-2.46
2021-06-15 10:38:52,1133.0,4,43075,49869,1129.38,73717,-2.46
2021-06-15 10:38:57,1134.65,3,43060,49877,1129.38,73720,-2.32
2021-06-15 10:39:09,1134.65,3,43060,49878,1129.38,73720,-2.32
2021-06-15 10:39:14,1134.65,3,43061,49878,1129.38,73720,-2.32
2021-06-15 10:39:16,1134.65,3,43097,49894,1129.38,73720,-2.32
2021-06-15 10:39:16,1134.5,1,43097,49894,1129.38,73720,-2.33
2021-06-15 10:39:28,1134.5,1,43101,49894,1129.38,73725,-2.33
2021-06-15 10:39:49,1134.5,1,43092,50066,1129.38,73725,-2.33
2021-06-15 10:40:03,1133.0,20,43075,50060,1129.38,73746,-2.46
2021-06-15 10:40:10,1133.0,20,43071,50091,1129.38,73746,-2.46
2021-06-15 10:40:10,1134.0,34,43071,50091,1129.38,73746,-2.37
2021-06-15 10:40:12,1134.0,34,43071,50057,1129.38,73780,-2.37
2021-06-15 10:40:20,1134.0,34,43051,50058,1129.38,73780,-2.37
2021-06-15 10:40:29,1134.0,34,43061,50058,1129.38,73780,-2.37
2021-06-15 10:40:31,1134.0,34,43066,50058,1129.38,73780,-2.37
2021-06-15 10:40:42,1133.0,9,43066,50058,1129.38,73780,-2.46
2021-06-15 10:40:44,1133.0,9,43055,50058,1129.38,73796,-2.46
2021-06-15 10:40:48,1133.0,9,43060,50058,1129.38,73796,-2.46
2021-06-15 10:40:56,1133.0,9,43060,50118,1129.38,73796,-2.46
2021-06-15 10:41:04,1133.0,9,43059,50111,1129.38,73796,-2.46
2021-06-15 10:41:06,1133.0,9,43014,50120,1129.38,73796,-2.46
2021-06-15 10:41:09,1133.0,9,43016,50120,1129.38,73796,-2.46
2021-06-15 10:41:09,1133.0,1,43016,50120,1129.38,73796,-2.46
2021-06-15 10:41:10,1133.0,1,43014,50120,1129.38,73798,-2.46
2021-06-15 10:41:19,1133.0,1,42964,50120,1129.38,73798,-2.46
2021-06-15 10:41:21,1133.0,1,42964,50220,1129.38,73798,-2.46
2021-06-15 10:41:29,1134.5,161,42964,50220,1129.38,73798,-2.33
2021-06-15 10:41:30,1134.5,161,42997,49924,1129.4,74098,-2.33
2021-06-15 10:41:33,1134.5,161,42997,50024,1129.4,74098,-2.33
2021-06-15 10:41:45,1134.5,161,43002,50024,1129.4,74098,-2.33
2021-06-15 10:41:45,1135.15,5,43002,50024,1129.4,74098,-2.27
2021-06-15 10:41:46,1135.15,5,43014,49971,1129.4,74148,-2.27
2021-06-15 10:41:49,1135.15,5,43008,49958,1129.4,74148,-2.27
2021-06-15 10:41:51,1133.65,2,43016,49968,1129.4,74150,-2.4
2021-06-15 10:41:52,1135.45,69,43016,49968,1129.4,74150,-2.25
2021-06-15 10:41:55,1135.45,69,43004,49892,1129.41,74250,-2.25
2021-06-15 10:41:57,1135.45,69,43105,49891,1129.41,74250,-2.25
2021-06-15 10:41:59,1135.45,69,43105,49922,1129.41,74250,-2.25
2021-06-15 10:42:01,1135.45,69,43104,49922,1129.41,74250,-2.25
2021-06-15 10:42:04,1135.45,69,43194,49910,1129.41,74250,-2.25
2021-06-15 10:42:06,1135.45,69,43185,49911,1129.41,74250,-2.25
2021-06-15 10:42:08,1135.15,85,43297,49883,1129.42,74343,-2.27
2021-06-15 10:42:10,1135.15,85,43293,49875,1129.42,74343,-2.27
2021-06-15 10:42:17,1135.15,85,43319,49875,1129.42,74343,-2.27
2021-06-15 10:42:27,1135.15,3,43319,49875,1129.42,74343,-2.27
2021-06-15 10:42:34,1135.15,3,43348,49876,1129.42,74346,-2.27
2021-06-15 10:42:36,1135.15,3,43348,49879,1129.42,74346,-2.27
2021-06-15 10:42:40,1135.15,3,43337,49879,1129.42,74346,-2.27
2021-06-15 10:42:49,1135.15,3,43388,49879,1129.42,74346,-2.27
2021-06-15 10:42:58,1135.15,3,43377,49879,1129.42,74346,-2.27
2021-06-15 10:43:00,1135.15,104,43377,49879,1129.42,74346,-2.27
2021-06-15 10:43:01,1135.15,104,43287,49939,1129.43,74450,-2.27
2021-06-15 10:43:03,1135.15,104,43285,49941,1129.43,74450,-2.27
2021-06-15 10:43:12,1135.0,1,43285,49941,1129.43,74450,-2.29
2021-06-15 10:43:13,1135.0,1,43280,49971,1129.43,74451,-2.29
2021-06-15 10:43:14,1135.0,30,43280,49971,1129.43,74451,-2.29
2021-06-15 10:43:15,1135.0,1,43274,49929,1129.43,74481,-2.29
2021-06-15 10:43:17,1135.0,1,43189,49937,1129.43,74482,-2.29
2021-06-15 10:43:19,1135.0,1,43188,49926,1129.43,74482,-2.29
2021-06-15 10:43:25,1135.0,8,43188,49926,1129.43,74482,-2.29
2021-06-15 10:43:26,1135.0,8,43143,49957,1129.43,74512,-2.29
2021-06-15 10:43:27,1135.0,8,43118,49953,1129.43,74512,-2.29
2021-06-15 10:43:28,1133.6,5,43118,49953,1129.43,74512,-2.41
2021-06-15 10:43:30,1133.6,5,43126,49937,1129.43,74521,-2.41
2021-06-15 10:43:40,1133.6,5,43125,49937,1129.43,74521,-2.41
2021-06-15 10:43:42,1133.4,1,43125,49937,1129.43,74521,-2.42
2021-06-15 10:43:43,1133.4,1,43126,49975,1129.43,74527,-2.42
2021-06-15 10:43:48,1135.0,8,43126,49975,1129.43,74527,-2.29
2021-06-15 10:43:49,1135.0,8,43131,49963,1129.43,74547,-2.29
2021-06-15 10:43:53,1135.0,8,43128,49964,1129.43,74547,-2.29
2021-06-15 10:43:55,1135.0,8,43131,49968,1129.43,74547,-2.29
2021-06-15 10:43:57,1135.0,8,43131,49970,1129.43,74547,-2.29
2021-06-15 10:44:04,1133.15,7,43131,49970,1129.43,74547,-2.45
2021-06-15 10:44:06,1133.15,7,43102,49978,1129.44,74567,-2.45
2021-06-15 10:44:08,1133.15,7,43110,49976,1129.44,74567,-2.45
2021-06-15 10:44:10,1133.1,2,43110,49976,1129.44,74567,-2.45
2021-06-15 10:44:10,1133.1,2,43085,49972,1129.44,74574,-2.45
2021-06-15 10:44:13,1133.1,2,43077,49977,1129.44,74574,-2.45
2021-06-15 10:44:17,1133.1,2,43077,49975,1129.44,74574,-2.45
2021-06-15 10:44:19,1133.0,50,43027,49986,1129.44,74635,-2.46
2021-06-15 10:44:24,1133.0,50,43075,50008,1129.44,74635,-2.46
2021-06-15 10:44:30,1133.0,50,43075,49984,1129.44,74635,-2.46
2021-06-15 10:44:32,1133.0,50,43075,50015,1129.44,74635,-2.46
2021-06-15 10:44:33,1134.25,7,43075,50015,1129.44,74635,-2.35
2021-06-15 10:44:39,1134.25,7,43073,49991,1129.44,74655,-2.35
2021-06-15 10:44:40,1134.25,7,43053,49991,1129.44,74655,-2.35
2021-06-15 10:44:46,1134.25,7,43103,49992,1129.44,74655,-2.35
2021-06-15 10:44:49,1134.25,7,43097,50032,1129.44,74655,-2.35
2021-06-15 10:45:00,1134.25,7,43097,50040,1129.44,74655,-2.35
2021-06-15 10:45:02,1134.25,7,43096,50032,1129.44,74655,-2.35
2021-06-15 10:45:10,1134.25,7,43096,50041,1129.44,74655,-2.35
2021-06-15 10:45:15,1134.25,7,43096,50042,1129.44,74655,-2.35
2021-06-15 10:45:18,1134.45,1,43096,50042,1129.44,74655,-2.33
2021-06-15 10:45:19,1134.45,1,43096,50041,1129.44,74656,-2.33
2021-06-15 10:45:21,1134.45,1,43096,50033,1129.44,74656,-2.33
2021-06-15 10:45:22,1134.25,17,43096,50033,1129.44,74656,-2.35
2021-06-15 10:45:25,1134.25,17,43096,50053,1129.44,74673,-2.35
2021-06-15 10:45:27,1134.25,17,43110,50051,1129.44,74673,-2.35
2021-06-15 10:45:28,1134.25,17,43135,50051,1129.44,74673,-2.35
2021-06-15 10:45:29,1134.5,1,43135,50051,1129.44,74673,-2.33
2021-06-15 10:45:31,1134.5,1,43135,50050,1129.44,74674,-2.33
2021-06-15 10:45:57,1134.5,1,43133,50052,1129.44,74674,-2.33
2021-06-15 10:45:58,1134.5,6,43133,50052,1129.44,74674,-2.33
2021-06-15 10:45:59,1134.5,6,43132,50048,1129.44,74689,-2.33
2021-06-15 10:46:08,1134.5,6,43132,50066,1129.44,74689,-2.33
2021-06-15 10:46:14,1134.5,6,43162,50066,1129.44,74689,-2.33
2021-06-15 10:46:15,1135.0,33,43162,50066,1129.44,74689,-2.29
2021-06-15 10:46:16,1135.0,33,43161,50001,1129.45,74789,-2.29
2021-06-15 10:46:18,1135.0,33,43168,50004,1129.45,74789,-2.29
2021-06-15 10:46:23,1135.0,33,43169,50004,1129.45,74789,-2.29
2021-06-15 10:46:27,1135.0,33,43181,50004,1129.45,74789,-2.29
2021-06-15 10:46:30,1134.95,3,43181,50004,1129.45,74789,-2.29
2021-06-15 10:46:35,1134.95,3,43182,49998,1129.45,74792,-2.29
2021-06-15 10:46:38,1134.95,3,43182,50001,1129.45,74792,-2.29
2021-06-15 10:46:42,1134.95,3,43182,50006,1129.45,74792,-2.29
2021-06-15 10:46:45,1134.95,3,43198,50006,1129.45,74792,-2.29
2021-06-15 10:46:46,1134.95,3,43198,50005,1129.45,74792,-2.29
2021-06-15 10:46:51,1135.0,1,43198,50005,1129.45,74792,-2.29
2021-06-15 10:46:53,1135.0,1,43198,50048,1129.45,74802,-2.29
2021-06-15 10:46:58,1134.95,2,43198,50048,1129.45,74802,-2.29
2021-06-15 10:47:00,1134.95,13,43198,50048,1129.45,74802,-2.29
2021-06-15 10:47:00,1134.95,13,43196,50063,1129.45,74819,-2.29
2021-06-15 10:47:03,1134.95,13,43196,50159,1129.45,74819,-2.29
2021-06-15 10:47:03,1134.95,1,43196,50159,1129.45,74819,-2.29
2021-06-15 10:47:05,1134.95,1,43203,50170,1129.45,74820,-2.29
2021-06-15 10:47:07,1134.95,1,43204,50170,1129.45,74820,-2.29
2021-06-15 10:47:08,1134.95,2,43204,50170,1129.45,74820,-2.29
2021-06-15 10:47:09,1134.95,2,43204,50172,1129.45,74830,-2.29
2021-06-15 10:47:16,1134.9,17,43185,50176,1129.45,74830,-2.29
2021-06-15 10:47:18,1134.9,17,43171,50166,1129.45,74855,-2.29
2021-06-15 10:47:22,1134.9,17,43179,50166,1129.45,74855,-2.29
2021-06-15 10:47:24,1134.9,17,43183,50178,1129.45,74855,-2.29
2021-06-15 10:47:33,1134.9,17,43233,50177,1129.45,74855,-2.29
2021-06-15 10:47:39,1134.9,17,43319,50177,1129.45,74855,-2.29
2021-06-15 10:47:41,1134.9,17,43315,50176,1129.45,74855,-2.29
2021-06-15 10:47:43,1134.9,17,43320,50186,1129.45,74855,-2.29
2021-06-15 10:47:45,1133.65,2,43320,50186,1129.45,74855,-2.4
2021-06-15 10:47:45,1133.65,2,43325,50187,1129.45,74857,-2.4
2021-06-15 10:47:50,1133.65,2,43321,50283,1129.45,74857,-2.4
2021-06-15 10:47:52,1133.65,2,43328,50290,1129.45,74857,-2.4
2021-06-15 10:47:54,1133.65,2,43329,50258,1129.45,74857,-2.4
2021-06-15 10:47:59,1133.65,2,43329,50259,1129.45,74857,-2.4
2021-06-15 10:48:00,1133.5,1,43329,50259,1129.45,74857,-2.41
2021-06-15 10:48:07,1133.5,1,43328,50258,1129.45,74858,-2.41
2021-06-15 10:48:17,1133.5,1,43308,50258,1129.45,74858,-2.41
2021-06-15 10:48:19,1133.5,1,43289,50268,1129.45,74858,-2.41
2021-06-15 10:48:30,1133.5,1,43289,50318,1129.45,74858,-2.41
2021-06-15 10:48:37,1133.5,1,43277,50342,1129.45,74858,-2.41
2021-06-15 10:48:39,1133.5,1,43280,50344,1129.45,74858,-2.41
2021-06-15 10:48:41,1133.5,1,43281,50344,1129.45,74858,-2.41
2021-06-15 10:48:52,1134.0,1,43281,50344,1129.45,74858,-2.37
2021-06-15 10:48:54,1134.0,1,43281,50348,1129.45,74859,-2.37
2021-06-15 10:48:56,1134.0,1,43281,50368,1129.45,74859,-2.37
2021-06-15 10:49:14,1134.0,1,43281,50342,1129.45,74859,-2.37
2021-06-15 10:49:18,1134.0,1,43281,50350,1129.45,74859,-2.37
2021-06-15 10:49:22,1134.0,1,43284,50350,1129.45,74859,-2.37
2021-06-15 10:49:25,1134.0,1,43334,50342,1129.45,74859,-2.37
2021-06-15 10:49:27,1134.0,1,43331,50350,1129.45,74859,-2.37
2021-06-15 10:49:29,1134.0,1,43331,50355,1129.45,74859,-2.37
2021-06-15 10:49:34,1133.05,11,43315,50384,1129.46,74889,-2.45
2021-06-15 10:49:35,1133.0,8,43315,50384,1129.46,74889,-2.46
2021-06-15 10:49:36,1133.0,8,43316,50377,1129.46,74900,-2.46
2021-06-15 10:49:42,1133.0,1,43316,50377,1129.46,74900,-2.46
2021-06-15 10:49:42,1133.0,1,43315,50377,1129.46,74901,-2.46
2021-06-15 10:49:45,1133.0,1,43313,50380,1129.46,74901,-2.46
2021-06-15 10:49:46,1134.0,1,43313,50380,1129.46,74901,-2.37
2021-06-15 10:49:47,1134.0,1,43313,50377,1129.46,74902,-2.37
2021-06-15 10:49:49,1134.0,1,43313,50392,1129.46,74902,-2.37
2021-06-15 10:49:54,1134.0,1,43288,50393,1129.46,74902,-2.37
2021-06-15 10:49:56,1134.0,1,43288,50391,1129.46,74902,-2.37
2021-06-15 10:49:59,1132.6,4,43288,50391,1129.46,74902,-2.49
2021-06-15 10:50:01,1132.6,4,42733,50431,1129.48,75406,-2.49
2021-06-15 10:50:03,1132.6,4,43233,50422,1129.48,75406,-2.49
2021-06-15 10:50:04,1133.15,4,43233,50422,1129.48,75406,-2.45
2021-06-15 10:50:05,1133.15,4,43240,50430,1129.48,75416,-2.45
2021-06-15 10:50:15,1131.95,3,43240,50430,1129.48,75416,-2.55
2021-06-15 10:50:15,1131.95,3,43260,50419,1129.48,75424,-2.55
2021-06-15 10:50:26,1131.95,3,43255,50422,1129.48,75424,-2.55
2021-06-15 10:50:39,1131.95,3,43251,51016,1129.48,75424,-2.55
2021-06-15 10:50:39,1133.15,6,43251,51016,1129.48,75424,-2.45
2021-06-15 10:50:40,1133.15,6,43257,51012,1129.48,75444,-2.45
2021-06-15 10:50:43,1133.15,6,43251,51002,1129.48,75444,-2.45
2021-06-15 10:50:45,1133.15,6,43267,51007,1129.48,75444,-2.45
2021-06-15 10:50:47,1133.15,6,43265,51018,1129.48,75444,-2.45
2021-06-15 10:50:53,1133.15,6,43314,51022,1129.48,75444,-2.45
2021-06-15 10:50:55,1133.15,6,43314,51042,1129.48,75444,-2.45
2021-06-15 10:51:01,1133.15,6,43313,51025,1129.48,75444,-2.45
2021-06-15 10:51:05,1133.15,6,43313,51034,1129.48,75444,-2.45
2021-06-15 10:51:24,1132.0,5,43315,51028,1129.48,75444,-2.54
2021-06-15 10:51:26,1132.0,5,43344,51056,1129.48,75449,-2.54
2021-06-15 10:51:33,1132.0,5,43344,51047,1129.48,75449,-2.54
2021-06-15 10:51:36,1132.0,5,43305,51034,1129.48,75449,-2.54
2021-06-15 10:51:39,1132.0,5,43302,51058,1129.48,75449,-2.54
2021-06-15 10:51:41,1132.0,5,43302,51008,1129.48,75449,-2.54
2021-06-15 10:51:48,1132.0,5,43302,51007,1129.48,75449,-2.54
2021-06-15 10:51:48,1132.0,17,43302,51007,1129.48,75449,-2.54
2021-06-15 10:51:49,1132.0,17,43302,50983,1129.48,75479,-2.54
2021-06-15 10:51:54,1132.0,17,43302,51148,1129.48,75479,-2.54
2021-06-15 10:52:01,1132.0,17,43302,51149,1129.48,75479,-2.54
2021-06-15 10:52:01,1132.0,1,43302,51149,1129.48,75479,-2.54
2021-06-15 10:52:06,1132.0,1,43307,51148,1129.48,75480,-2.54
2021-06-15 10:52:07,1132.0,285,43307,51148,1129.48,75480,-2.54
2021-06-15 10:52:08,1132.0,285,43307,50834,1129.49,75791,-2.54
2021-06-15 10:52:12,1132.0,1,43307,50834,1129.49,75791,-2.54
2021-06-15 10:52:13,1132.0,1,43307,50837,1129.49,75792,-2.54
2021-06-15 10:52:15,1132.0,1,43310,50889,1129.49,75792,-2.54
2021-06-15 10:52:22,1132.0,50,43300,50839,1129.49,75842,-2.54
2021-06-15 10:52:22,1130.0,81,43300,50839,1129.49,75842,-2.72
2021-06-15 10:52:24,1132.0,43,43043,50499,1129.5,76219,-2.54
2021-06-15 10:52:26,1132.0,43,43043,50507,1129.5,76219,-2.54
2021-06-15 10:52:30,1132.0,43,43043,50506,1129.5,76219,-2.54
2021-06-15 10:52:34,1132.0,50,43063,50229,1129.5,76449,-2.54
2021-06-15 10:52:37,1132.0,50,43062,50221,1129.5,76449,-2.54
2021-06-15 10:52:39,1132.9,8,43062,50221,1129.5,76449,-2.47
2021-06-15 10:52:39,1132.9,8,43064,50251,1129.51,76474,-2.47
2021-06-15 10:52:42,1132.9,8,43068,50240,1129.51,76474,-2.47
2021-06-15 10:52:48,1132.9,8,43073,50240,1129.51,76474,-2.47
2021-06-15 10:53:12,1132.9,8,43098,50238,1129.51,76474,-2.47
2021-06-15 10:53:15,1132.9,8,43110,50214,1129.51,76474,-2.47
2021-06-15 10:53:25,1132.9,8,43110,50216,1129.51,76474,-2.47
2021-06-15 10:53:26,1132.1,4,43110,50216,1129.51,76474,-2.54
2021-06-15 10:53:28,1132.1,4,43106,50221,1129.51,76482,-2.54
2021-06-15 10:53:30,1132.1,4,43156,50221,1129.51,76482,-2.54
2021-06-15 10:53:34,1132.1,4,43155,50221,1129.51,76482,-2.54
2021-06-15 10:53:35,1132.95,1,43155,50221,1129.51,76482,-2.46
2021-06-15 10:53:36,1132.95,4,43155,50216,1129.51,76487,-2.46
2021-06-15 10:53:38,1132.95,4,43455,50216,1129.51,76487,-2.46
2021-06-15 10:53:45,1132.95,4,43455,50321,1129.51,76487,-2.46
2021-06-15 10:53:47,1132.0,4,43427,50389,1129.51,76516,-2.54
2021-06-15 10:53:50,1132.0,4,43447,50424,1129.51,76516,-2.54
2021-06-15 10:53:52,1132.0,4,43445,50432,1129.51,76516,-2.54
2021-06-15 10:53:57,1132.0,4,43446,50432,1129.51,76516,-2.54
2021-06-15 10:53:58,1132.0,4,43451,50432,1129.51,76516,-2.54
2021-06-15 10:54:00,1130.9,5,43451,50432,1129.51,76516,-2.64
2021-06-15 10:54:04,1130.9,5,43458,50432,1129.51,76521,-2.64
2021-06-15 10:54:04,1132.0,11,43458,50432,1129.51,76521,-2.54
2021-06-15 10:54:06,1132.0,11,43457,50412,1129.51,76532,-2.54
2021-06-15 10:54:08,1132.0,11,42907,50412,1129.51,76532,-2.54
2021-06-15 10:54:10,1131.05,6,42907,50412,1129.51,76532,-2.63
2021-06-15 10:54:12,1131.05,6,43101,50412,1129.51,76538,-2.63
2021-06-15 10:54:13,1130.0,27,43101,50412,1129.51,76538,-2.72
2021-06-15 10:54:13,1130.0,27,42983,50475,1129.51,76738,-2.72
2021-06-15 10:54:16,1130.0,27,43007,50482,1129.51,76738,-2.72
2021-06-15 10:54:18,1130.0,27,43014,50585,1129.51,76738,-2.72
2021-06-15 10:54:19,1130.2,20,43014,50585,1129.51,76738,-2.7
2021-06-15 10:54:20,1130.2,20,42990,50578,1129.51,76768,-2.7
2021-06-15 10:54:21,1131.05,5,42990,50578,1129.51,76768,-2.63
2021-06-15 10:54:22,1131.05,5,42983,50556,1129.51,76773,-2.63
2021-06-15 10:54:22,1131.05,1,42983,50556,1129.51,76773,-2.63
2021-06-15 10:54:24,1131.05,1,42884,50579,1129.51,76774,-2.63
2021-06-15 10:54:34,1131.05,1,42910,50576,1129.51,76774,-2.63
2021-06-15 10:54:36,1131.05,1,42910,50562,1129.51,76775,-2.63
2021-06-15 10:54:45,1131.05,1,42936,50558,1129.51,76775,-2.63
2021-06-15 10:54:50,1130.0,18,42936,50558,1129.51,76775,-2.72
2021-06-15 10:54:51,1130.0,18,42767,50590,1129.51,76925,-2.72
2021-06-15 10:54:57,1130.0,18,42775,50594,1129.51,76925,-2.72
2021-06-15 10:55:00,1131.7,1,42791,50523,1129.51,77000,-2.57
2021-06-15 10:55:01,1131.7,1,42810,50530,1129.51,77000,-2.57
2021-06-15 10:55:03,1131.7,1,42830,50531,1129.51,77000,-2.57
2021-06-15 10:55:05,1131.7,1,42830,50581,1129.51,77000,-2.57
2021-06-15 10:55:08,1131.7,1,42830,50589,1129.51,77000,-2.57
2021-06-15 10:55:09,1131.7,1,42915,50591,1129.51,77000,-2.57
2021-06-15 10:55:17,1131.7,1,42915,50602,1129.51,77000,-2.57
2021-06-15 10:55:29,1130.75,10,42915,50602,1129.51,77000,-2.65
2021-06-15 10:55:30,1130.75,10,42899,50607,1129.51,77010,-2.65
2021-06-15 10:55:32,1130.75,10,42814,50607,1129.51,77010,-2.65
2021-06-15 10:55:37,1131.05,1,42814,50607,1129.51,77010,-2.63
2021-06-15 10:55:38,1131.05,1,42814,50611,1129.51,77011,-2.63
2021-06-15 10:55:54,1131.05,1,42864,50614,1129.51,77011,-2.63
2021-06-15 10:56:11,1131.05,1,42874,50639,1129.51,77011,-2.63
2021-06-15 10:56:13,1131.05,1,42877,50628,1129.51,77011,-2.63
2021-06-15 10:56:17,1131.05,1,42875,50628,1129.51,77011,-2.63
2021-06-15 10:56:21,1131.05,1,42876,50628,1129.51,77011,-2.63
2021-06-15 10:56:28,1131.05,1,42910,50632,1129.51,77011,-2.63
2021-06-15 10:56:33,1131.05,1,42909,50632,1129.51,77011,-2.63
2021-06-15 10:56:35,1131.05,15,42909,50632,1129.51,77011,-2.63
2021-06-15 10:56:37,1131.05,15,42894,50624,1129.51,77026,-2.63
2021-06-15 10:56:42,1131.05,15,41393,50624,1129.51,77026,-2.63
2021-06-15 10:56:46,1131.05,15,41413,50634,1129.51,77026,-2.63
2021-06-15 10:56:46,1131.85,2,41413,50634,1129.51,77026,-2.56
2021-06-15 10:57:04,1131.85,2,41402,50632,1129.51,77031,-2.56
2021-06-15 10:57:06,1131.85,2,41416,50625,1129.51,77031,-2.56
2021-06-15 10:57:13,1131.85,2,41416,50633,1129.51,77031,-2.56
2021-06-15 10:57:19,1131.85,2,41436,50633,1129.51,77031,-2.56
2021-06-15 10:57:25,1131.9,7,41436,50624,1129.51,77061,-2.55
2021-06-15 10:57:27,1131.9,7,41437,50624,1129.51,77061,-2.55
2021-06-15 10:57:34,1131.9,7,41448,50614,1129.51,77061,-2.55
2021-06-15 10:57:36,1131.9,7,41453,50614,1129.51,77061,-2.55
2021-06-15 10:57:45,1131.9,7,41455,50764,1129.51,77061,-2.55
2021-06-15 10:57:47,1131.9,7,41455,50741,1129.51,77061,-2.55
2021-06-15 10:58:04,1131.9,20,41455,50741,1129.51,77061,-2.55
2021-06-15 10:58:06,1131.9,20,41462,50729,1129.52,77131,-2.55
2021-06-15 10:58:19,1131.9,20,41463,50729,1129.52,77131,-2.55
2021-06-15 10:58:30,1131.9,20,41473,50729,1129.52,77131,-2.55
2021-06-15 10:58:32,1131.9,20,41479,50761,1129.52,77131,-2.55
2021-06-15 10:58:36,1131.9,20,41480,50761,1129.52,77131,-2.55
2021-06-15 10:58:46,1131.05,6,41461,50760,1129.52,77151,-2.63
2021-06-15 10:58:46,1131.0,6,41461,50760,1129.52,77151,-2.63
2021-06-15 10:58:48,1131.0,6,41409,50778,1129.52,77202,-2.63
2021-06-15 10:58:58,1131.0,9,41397,50761,1129.52,77211,-2.63
2021-06-15 10:59:00,1131.0,9,41391,50761,1129.52,77211,-2.63
2021-06-15 10:59:03,1131.0,9,41390,50769,1129.52,77211,-2.63
2021-06-15 10:59:12,1131.0,9,42891,51769,1129.52,77211,-2.63
2021-06-15 10:59:18,1131.0,1,42891,51769,1129.52,77211,-2.63
2021-06-15 10:59:20,1131.0,1,42898,51765,1129.52,77212,-2.63
2021-06-15 10:59:22,1131.0,1,42898,51764,1129.52,77213,-2.63
2021-06-15 10:59:32,1130.05,3,42893,51761,1129.52,77218,-2.71
2021-06-15 10:59:34,1130.05,3,42913,51761,1129.52,77218,-2.71
2021-06-15 10:59:36,1130.05,3,42920,51761,1129.52,77218,-2.71
2021-06-15 10:59:42,1130.05,3,42924,51761,1129.52,77218,-2.71
2021-06-15 10:59:55,1130.05,3,42925,51761,1129.52,77218,-2.71
2021-06-15 11:00:09,1130.05,3,42925,51771,1129.52,77218,-2.71
2021-06-15 11:00:12,1130.05,3,42932,51770,1129.52,77218,-2.71
2021-06-15 11:00:15,1131.0,5,42932,51770,1129.52,77218,-2.63
2021-06-15 11:00:16,1131.0,5,42932,51765,1129.52,77223,-2.63
2021-06-15 11:00:20,1131.0,5,42931,51765,1129.52,77223,-2.63
2021-06-15 11:00:23,1130.0,21,42931,51765,1129.52,77223,-2.72
2021-06-15 11:00:24,1131.0,10,42931,51765,1129.52,77223,-2.63
2021-06-15 11:00:24,1131.0,10,42885,51747,1129.52,77267,-2.63
2021-06-15 11:00:26,1131.0,10,42892,51751,1129.52,77267,-2.63
2021-06-15 11:00:30,1131.0,10,42884,51741,1129.52,77267,-2.63
2021-06-15 11:00:33,1131.0,10,42892,51749,1129.52,77267,-2.63
2021-06-15 11:00:36,1131.0,10,42922,51749,1129.52,77267,-2.63
2021-06-15 11:00:41,1130.0,99,42922,51749,1129.52,77267,-2.72
2021-06-15 11:00:42,1130.0,99,42839,51774,1129.52,77366,-2.72
2021-06-15 11:00:51,1130.0,99,42865,51750,1129.52,77366,-2.72
2021-06-15 11:00:53,1130.0,99,42915,51751,1129.52,77366,-2.72
2021-06-15 11:01:00,1130.0,99,42916,51775,1129.52,77366,-2.72
2021-06-15 11:01:05,1132.15,2,42916,51775,1129.52,77366,-2.53
2021-06-15 11:01:06,1132.15,2,42929,51663,1129.52,77477,-2.53
2021-06-15 11:01:08,1132.15,2,42934,51671,1129.52,77477,-2.53
2021-06-15 11:01:10,1132.15,2,42949,51671,1129.52,77477,-2.53
2021-06-15 11:01:12,1132.15,2,42947,51685,1129.52,77477,-2.53
2021-06-15 11:01:14,1130.0,24,42947,51685,1129.52,77477,-2.72
2021-06-15 11:01:15,1130.0,24,42541,51719,1129.53,77977,-2.72
2021-06-15 11:01:16,1130.0,24,42527,51771,1129.53,77977,-2.72
2021-06-15 11:01:35,1130.0,24,43127,51768,1129.53,77977,-2.72
2021-06-15 11:01:39,1130.0,24,43142,51768,1129.53,77977,-2.72
2021-06-15 11:01:44,1130.0,24,43148,51756,1129.53,77977,-2.72
2021-06-15 11:01:51,1130.0,24,43174,51692,1129.53,77977,-2.72
2021-06-15 11:01:53,1130.0,24,43225,51692,1129.53,77977,-2.72
2021-06-15 11:02:07,1130.0,19,43225,51692,1129.53,77977,-2.72
2021-06-15 11:02:08,1130.0,19,43135,51706,1129.53,78077,-2.72
2021-06-15 11:02:10,1130.0,19,43135,51695,1129.53,78077,-2.72
2021-06-15 11:02:15,1130.0,4,43135,51695,1129.53,78077,-2.72
2021-06-15 11:02:16,1130.0,4,43076,51742,1129.53,78106,-2.72
2021-06-15 11:02:17,1129.45,5,43076,51742,1129.53,78106,-2.76
2021-06-15 11:02:18,1129.45,5,43052,51799,1129.53,78141,-2.76
2021-06-15 11:02:23,1129.45,5,43052,51802,1129.53,78141,-2.76
2021-06-15 11:02:26,1129.45,5,43054,51802,1129.53,78141,-2.76
2021-06-15 11:02:30,1129.45,5,43054,51810,1129.53,78141,-2.76
2021-06-15 11:02:33,1129.45,1,43054,51810,1129.53,78141,-2.76
2021-06-15 11:02:33,1129.45,1,43054,51810,1129.53,78142,-2.76
2021-06-15 11:02:37,1130.0,25,43025,51814,1129.53,78167,-2.72
2021-06-15 11:02:39,1130.0,25,43019,51823,1129.53,78167,-2.72
2021-06-15 11:02:45,1128.0,20,42700,51851,1129.52,78387,-2.89
2021-06-15 11:02:46,1128.0,20,42733,51855,1129.52,78387,-2.89
2021-06-15 11:02:48,1127.25,3,42723,51848,1129.52,78437,-2.95
2021-06-15 11:02:49,1128.95,1,42723,51848,1129.52,78437,-2.81
2021-06-15 11:02:51,1128.95,1,42735,51834,1129.52,78438,-2.81
2021-06-15 11:02:52,1128.95,1,42743,51835,1129.52,78438,-2.81
2021-06-15 11:02:53,1127.75,1,42743,51835,1129.52,78438,-2.91
2021-06-15 11:02:54,1127.75,1,42748,51854,1129.52,78447,-2.91
2021-06-15 11:02:55,1127.75,1,42747,51870,1129.52,78447,-2.91
2021-06-15 11:02:56,1127.15,11,42747,51870,1129.52,78447,-2.96
2021-06-15 11:02:57,1127.15,11,42755,51870,1129.52,78467,-2.96
2021-06-15 11:02:59,1127.15,11,42769,51869,1129.52,78467,-2.96
2021-06-15 11:03:04,1127.15,11,42816,51891,1129.52,78467,-2.96
2021-06-15 11:03:06,1127.15,11,42805,51900,1129.52,78467,-2.96
2021-06-15 11:03:08,1127.15,11,42813,51895,1129.52,78467,-2.96
2021-06-15 11:03:10,1127.15,11,42818,51904,1129.52,78467,-2.96
2021-06-15 11:03:12,1127.15,11,42818,51914,1129.52,78467,-2.96
2021-06-15 11:03:16,1127.15,11,42848,51914,1129.52,78467,-2.96
2021-06-15 11:03:24,1127.15,11,42848,51913,1129.52,78467,-2.96
2021-06-15 11:03:25,1127.15,11,43098,51913,1129.52,78467,-2.96
2021-06-15 11:03:28,1127.75,47,43199,51912,1129.52,78467,-2.91
2021-06-15 11:03:30,1127.75,47,43140,51964,1129.52,78522,-2.91
2021-06-15 11:03:31,1127.75,47,43145,51964,1129.52,78522,-2.91
2021-06-15 11:03:33,1127.75,47,43149,51967,1129.52,78522,-2.91
2021-06-15 11:03:34,1129.5,19,43149,51967,1129.52,78522,-2.76
2021-06-15 11:03:35,1129.5,19,43153,51938,1129.52,78572,-2.76
2021-06-15 11:03:36,1129.2,5,43153,51938,1129.52,78572,-2.79
2021-06-15 11:03:37,1129.2,5,43165,51973,1129.52,78577,-2.79
2021-06-15 11:03:38,1129.15,3,43165,51973,1129.52,78577,-2.79
2021-06-15 11:03:39,1129.15,3,43165,51970,1129.52,78580,-2.79
2021-06-15 11:03:40,1129.15,3,43175,51970,1129.52,78580,-2.79
2021-06-15 11:03:44,1129.15,3,43176,51970,1129.52,78580,-2.79
2021-06-15 11:03:46,1129.15,3,43189,51970,1129.52,78580,-2.79
2021-06-15 11:03:51,1127.75,97,43189,51970,1129.52,78580,-2.91
2021-06-15 11:03:52,1127.75,97,43178,51958,1129.52,78680,-2.91
2021-06-15 11:03:52,1130.0,7,43178,51958,1129.52,78680,-2.72
2021-06-15 11:03:54,1130.0,7,43180,51935,1129.52,78730,-2.72
2021-06-15 11:03:54,1129.9,1,43180,51935,1129.52,78730,-2.72
2021-06-15 11:03:55,1129.9,1,43180,51944,1129.52,78731,-2.72
2021-06-15 11:03:57,1129.9,1,42929,51932,1129.52,78731,-2.72
2021-06-15 11:03:58,1129.9,1,42929,51947,1129.52,78731,-2.72
2021-06-15 11:03:59,1129.35,1,42929,51947,1129.52,78731,-2.77
2021-06-15 11:04:00,1129.35,1,42943,51960,1129.52,78732,-2.77
2021-06-15 11:04:05,1128.3,5,42943,51960,1129.52,78732,-2.86
2021-06-15 11:04:06,1128.3,5,42947,52031,1129.52,78737,-2.86
2021-06-15 11:04:07,1128.25,6,42947,52031,1129.52,78737,-2.87
2021-06-15 11:04:07,1128.25,6,42941,52052,1129.52,78743,-2.87
2021-06-15 11:04:08,1128.2,7,42941,52052,1129.52,78743,-2.87
2021-06-15 11:04:10,1128.15,2,42936,52062,1129.52,78752,-2.88
2021-06-15 11:04:15,1128.15,2,42973,52062,1129.52,78752,-2.88
2021-06-15 11:04:17,1128.15,2,42994,52064,1129.52,78752,-2.88
2021-06-15 11:04:19,1128.15,2,43004,52115,1129.52,78752,-2.88
2021-06-15 11:04:21,1128.15,2,43004,52145,1129.52,78752,-2.88
2021-06-15 11:04:22,1127.75,18,43004,52145,1129.52,78752,-2.91
2021-06-15 11:04:29,1127.75,18,43003,52127,1129.52,78770,-2.91
2021-06-15 11:04:31,1128.55,29,43003,52127,1129.52,78770,-2.84
2021-06-15 11:04:31,1128.55,29,43060,51978,1129.52,78931,-2.84
2021-06-15 11:04:34,1128.55,29,43049,51991,1129.52,78931,-2.84
2021-06-15 11:04:40,1127.9,1,43049,51991,1129.52,78931,-2.9
2021-06-15 11:04:42,1127.9,1,43061,51992,1129.51,78936,-2.9
2021-06-15 11:04:44,1127.9,1,43111,51942,1129.51,78936,-2.9
2021-06-15 11:04:48,1127.9,1,43113,51950,1129.51,78936,-2.9
2021-06-15 11:04:52,1127.9,1,43113,51945,1129.51,78936,-2.9
2021-06-15 11:04:54,1127.9,1,43113,51938,1129.51,78936,-2.9
2021-06-15 11:04:58,1127.9,1,43083,51934,1129.51,78936,-2.9
2021-06-15 11:05:00,1127.9,1,43084,51934,1129.51,78936,-2.9
2021-06-15 11:05:02,1127.9,1,43169,51934,1129.51,78936,-2.9
2021-06-15 11:05:04,1127.9,1,43174,51934,1129.51,78936,-2.9
2021-06-15 11:05:08,1127.9,1,43274,51934,1129.51,78936,-2.9
2021-06-15 11:05:15,1127.9,1,43274,51946,1129.51,78936,-2.9
2021-06-15 11:05:16,1127.9,1,43277,51963,1129.51,78936,-2.9
2021-06-15 11:05:19,1127.9,1,43277,51970,1129.51,78936,-2.9
2021-06-15 11:05:21,1127.9,1,43278,51970,1129.51,78936,-2.9
2021-06-15 11:05:24,1127.9,1,43282,51974,1129.51,78936,-2.9
2021-06-15 11:05:33,1129.25,5,43282,51974,1129.51,78936,-2.78
2021-06-15 11:05:34,1129.25,5,42682,51960,1129.51,78949,-2.78
2021-06-15 11:05:43,1129.25,5,42712,51957,1129.51,78949,-2.78
2021-06-15 11:05:50,1129.25,5,42711,51957,1129.51,78949,-2.78
2021-06-15 11:05:52,1129.25,5,42716,51957,1129.51,78949,-2.78
2021-06-15 11:05:53,1129.25,9,42716,51957,1129.51,78949,-2.78
2021-06-15 11:05:54,1129.25,9,42720,51916,1129.51,78958,-2.78
2021-06-15 11:05:55,1129.25,10,42720,51916,1129.51,78958,-2.78
2021-06-15 11:06:07,1129.25,10,42709,51889,1129.51,78968,-2.78
2021-06-15 11:06:08,1128.0,64,42709,51889,1129.51,78968,-2.89
2021-06-15 11:06:09,1128.0,64,42598,51950,1129.51,79078,-2.89
2021-06-15 11:06:13,1128.0,64,42607,51888,1129.51,79078,-2.89
2021-06-15 11:06:16,1128.0,64,42467,51888,1129.51,79078,-2.89
2021-06-15 11:06:17,1127.0,1,42467,51888,1129.51,79078,-2.97
2021-06-15 11:06:18,1127.0,1,42178,51907,1129.51,79380,-2.97
2021-06-15 11:06:20,1127.0,1,42185,51898,1129.51,79380,-2.97
2021-06-15 11:06:22,1127.0,1,42185,51922,1129.51,79380,-2.97
2021-06-15 11:06:27,1127.0,1,42289,51982,1129.51,79380,-2.97
2021-06-15 11:06:39,1127.0,1,42289,52082,1129.51,79380,-2.97
2021-06-15 11:06:46,1129.25,27,42318,52070,1129.51,79430,-2.78
2021-06-15 11:06:49,1129.25,27,42318,52062,1129.51,79430,-2.78
2021-06-15 11:06:55,1129.2,2,42318,52062,1129.51,79430,-2.79
2021-06-15 11:06:56,1128.1,3,42318,52062,1129.51,79430,-2.88
2021-06-15 11:06:57,1128.1,3,42327,52069,1129.51,79435,-2.88
2021-06-15 11:07:00,1127.0,16,42327,52069,1129.51,79435,-2.97
2021-06-15 11:07:00,1127.0,16,42159,52078,1129.5,79635,-2.97
2021-06-15 11:07:03,1127.0,16,42131,52091,1129.5,79635,-2.97
2021-06-15 11:07:12,1127.0,16,42081,52091,1129.5,79635,-2.97
2021-06-15 11:07:13,1127.0,16,42091,52091,1129.5,79635,-2.97
2021-06-15 11:07:18,1127.0,16,42099,52081,1129.5,79635,-2.97
2021-06-15 11:07:21,1127.0,16,42109,52131,1129.5,79635,-2.97
2021-06-15 11:07:24,1127.0,16,42139,52098,1129.5,79635,-2.97
2021-06-15 11:07:25,1127.0,6,42139,52098,1129.5,79635,-2.97
2021-06-15 11:07:26,1127.0,6,41951,52249,1129.49,79835,-2.97
2021-06-15 11:07:28,1127.0,6,41966,52253,1129.49,79835,-2.97
2021-06-15 11:07:32,1127.0,6,41972,52245,1129.49,79835,-2.97
2021-06-15 11:07:42,1127.0,6,42022,52229,1129.49,79835,-2.97
2021-06-15 11:07:44,1127.0,6,41995,52235,1129.49,79835,-2.97
2021-06-15 11:07:49,1127.0,6,42005,52235,1129.49,79835,-2.97
2021-06-15 11:07:53,1128.5,3,42005,52235,1129.49,79835,-2.85
2021-06-15 11:07:54,1128.5,3,42005,52239,1129.49,79838,-2.85
2021-06-15 11:07:55,1128.5,3,42030,52232,1129.49,79838,-2.85
2021-06-15 11:08:03,1128.5,3,42080,52232,1129.49,79838,-2.85
2021-06-15 11:08:10,1128.5,3,42116,52237,1129.49,79838,-2.85
2021-06-15 11:08:21,1128.5,3,42116,52267,1129.49,79838,-2.85
2021-06-15 11:08:27,1128.5,3,42136,52267,1129.49,79838,-2.85
2021-06-15 11:08:28,1128.5,3,42146,52267,1129.49,79838,-2.85
2021-06-15 11:08:41,1128.5,3,42148,52267,1129.49,79838,-2.85
2021-06-15 11:08:52,1129.25,4,42148,52267,1129.49,79838,-2.78
2021-06-15 11:08:53,1129.25,4,42418,52086,1129.49,80036,-2.78
2021-06-15 11:09:01,1129.25,4,42421,52082,1129.49,80036,-2.78
2021-06-15 11:09:04,1129.25,4,42420,52083,1129.49,80036,-2.78
2021-06-15 11:09:07,1129.25,4,42424,52091,1129.49,80036,-2.78
2021-06-15 11:09:12,1129.25,4,42423,52091,1129.49,80036,-2.78
2021-06-15 11:09:21,1129.25,4,42438,52091,1129.49,80036,-2.78
2021-06-15 11:09:41,1129.25,4,42437,52089,1129.49,80036,-2.78
2021-06-15 11:09:46,1129.25,4,42441,52089,1129.49,80036,-2.78
2021-06-15 11:09:49,1130.0,2,42441,52089,1129.49,80036,-2.72
2021-06-15 11:09:51,1130.0,2,42435,52060,1129.49,80056,-2.72
2021-06-15 11:09:54,1130.0,2,42443,52060,1129.49,80056,-2.72
2021-06-15 11:10:09,1130.0,2,42441,52165,1129.49,80056,-2.72
2021-06-15 11:10:14,1130.0,2,42449,52130,1129.49,80056,-2.72
2021-06-15 11:10:16,1130.0,2,42444,52130,1129.49,80056,-2.72
2021-06-15 11:10:26,1130.0,2,42444,52133,1129.49,80056,-2.72
2021-06-15 11:10:30,1130.0,2,42344,52158,1129.49,80056,-2.72
2021-06-15 11:10:37,1130.0,2,42359,52158,1129.49,80056,-2.72
2021-06-15 11:10:41,1130.0,1,42359,52158,1129.49,80056,-2.72
2021-06-15 11:10:42,1130.0,47,42359,52166,1129.49,80057,-2.72
2021-06-15 11:10:44,1130.0,47,42490,51880,1129.49,80254,-2.72
2021-06-15 11:10:46,1130.0,47,42475,51880,1129.49,80254,-2.72
2021-06-15 11:10:48,1130.0,47,42480,51880,1129.49,80254,-2.72
2021-06-15 11:10:49,1130.0,47,42570,51880,1129.49,80254,-2.72
2021-06-15 11:10:56,1130.0,47,42572,51880,1129.49,80254,-2.72
2021-06-15 11:11:05,1130.0,47,42572,51890,1129.49,80254,-2.72
2021-06-15 11:11:18,1130.0,47,42628,51975,1129.49,80254,-2.72
2021-06-15 11:11:21,1131.6,5,42628,51975,1129.49,80254,-2.58
2021-06-15 11:11:24,1131.6,5,42633,51957,1129.49,80259,-2.58
2021-06-15 11:11:49,1131.6,5,42613,51957,1129.49,80259,-2.58
2021-06-15 11:11:51,1131.6,5,42613,51956,1129.49,80259,-2.58
2021-06-15 11:12:00,1131.6,5,42613,51958,1129.49,80259,-2.58
2021-06-15 11:12:09,1131.6,5,42528,51958,1129.49,80259,-2.58
2021-06-15 11:12:11,1131.6,5,42528,51957,1129.49,80259,-2.58
2021-06-15 11:12:13,1131.6,5,42518,51957,1129.49,80259,-2.58
2021-06-15 11:12:16,1131.6,5,42467,51957,1129.49,80259,-2.58
2021-06-15 11:12:20,1131.6,5,42467,51958,1129.49,80259,-2.58
2021-06-15 11:12:38,1131.6,5,42494,51989,1129.49,80259,-2.58
2021-06-15 11:12:40,1131.6,5,42493,51989,1129.49,80259,-2.58
2021-06-15 11:12:46,1129.6,6,42493,51989,1129.49,80259,-2.75
2021-06-15 11:12:47,1131.45,1,42463,52025,1129.49,80309,-2.59
2021-06-15 11:12:49,1131.45,1,42538,52005,1129.49,80354,-2.59
2021-06-15 11:12:49,1131.55,8,42538,52005,1129.49,80354,-2.58
2021-06-15 11:12:53,1131.55,8,42550,52004,1129.5,80374,-2.58
2021-06-15 11:12:55,1131.55,15,42571,51982,1129.5,80389,-2.58
2021-06-15 11:12:57,1131.55,15,42571,51983,1129.5,80389,-2.58
2021-06-15 11:12:59,1131.55,15,42571,51989,1129.5,80389,-2.58
2021-06-15 11:13:12,1131.55,15,42581,51989,1129.5,80389,-2.58
2021-06-15 11:13:13,1132.65,41,42581,51989,1129.5,80389,-2.49
2021-06-15 11:13:13,1132.65,41,42383,51971,1129.5,80632,-2.49
2021-06-15 11:13:15,1132.65,41,42383,51962,1129.5,80632,-2.49
2021-06-15 11:13:21,1132.65,41,42393,51968,1129.5,80632,-2.49
2021-06-15 11:13:23,1132.65,41,42389,51968,1129.5,80632,-2.49
2021-06-15 11:13:30,1131.9,1,42389,51968,1129.5,80632,-2.55
2021-06-15 11:13:32,1131.9,1,42389,51967,1129.5,80633,-2.55
2021-06-15 11:13:42,1132.4,9,42389,51967,1129.5,80633,-2.51
2021-06-15 11:13:42,1132.4,9,42380,51957,1129.5,80653,-2.51
2021-06-15 11:13:48,1132.4,9,42385,51961,1129.5,80653,-2.51
2021-06-15 11:13:58,1132.4,9,42385,51911,1129.5,80653,-2.51
2021-06-15 11:14:16,1132.4,9,42385,52061,1129.5,80653,-2.51
2021-06-15 11:14:18,1132.0,5,42385,52061,1129.5,80653,-2.54
2021-06-15 11:14:20,1132.0,5,42941,52081,1129.5,80665,-2.54
2021-06-15 11:14:22,1132.0,5,42887,52081,1129.5,80665,-2.54
2021-06-15 11:14:35,1132.0,5,42897,52090,1129.5,80665,-2.54
2021-06-15 11:14:39,1132.0,10,42883,52095,1129.5,80675,-2.54
2021-06-15 11:14:41,1132.0,10,42875,52115,1129.5,80675,-2.54
2021-06-15 11:14:45,1132.0,5,42883,52110,1129.5,80680,-2.54
2021-06-15 11:14:47,1132.0,10,42883,52110,1129.5,80680,-2.54
2021-06-15 11:14:48,1132.0,10,42883,52100,1129.51,80690,-2.54
2021-06-15 11:15:00,1131.0,4,42883,52100,1129.51,80690,-2.63
2021-06-15 11:15:18,1131.0,4,42872,52123,1129.51,80699,-2.63
2021-06-15 11:15:20,1131.0,4,42862,52123,1129.51,80699,-2.63
2021-06-15 11:15:28,1131.0,4,42968,52112,1129.51,80699,-2.63
2021-06-15 11:15:31,1131.0,4,42967,52120,1129.51,80699,-2.63
2021-06-15 11:15:33,1131.0,4,42967,52084,1129.51,80699,-2.63
2021-06-15 11:15:35,1131.0,4,42967,52092,1129.51,80699,-2.63
2021-06-15 11:15:40,1131.0,4,42967,52087,1129.51,80699,-2.63
2021-06-15 11:15:57,1132.0,14,42967,52073,1129.51,80713,-2.54
2021-06-15 11:16:12,1132.0,14,42967,52088,1129.51,80713,-2.54
2021-06-15 11:16:25,1132.0,14,43118,52088,1129.51,80713,-2.54
2021-06-15 11:16:48,1132.0,14,43092,52015,1129.51,80713,-2.54
2021-06-15 11:17:07,1132.0,14,43092,52023,1129.51,80713,-2.54
2021-06-15 11:17:31,1132.0,14,43092,52039,1129.51,80713,-2.54
2021-06-15 11:17:33,1132.0,14,43093,52039,1129.51,80713,-2.54
2021-06-15 11:17:37,1132.0,14,43193,52039,1129.51,80713,-2.54
2021-06-15 11:17:40,1132.0,14,43211,52039,1129.51,80713,-2.54
2021-06-15 11:17:46,1132.0,14,43196,52039,1129.51,80713,-2.54
2021-06-15 11:17:48,1132.0,14,43195,52039,1129.51,80713,-2.54
2021-06-15 11:17:51,1132.0,14,43195,52028,1129.51,80713,-2.54
2021-06-15 11:17:55,1132.0,1,43195,52027,1129.51,80714,-2.54
2021-06-15 11:17:58,1131.05,5,43190,52027,1129.51,80719,-2.63
2021-06-15 11:18:13,1131.05,5,43196,52027,1129.51,80719,-2.63
2021-06-15 11:18:26,1131.05,5,43246,52037,1129.51,80719,-2.63
2021-06-15 11:18:40,1131.05,5,43241,52037,1129.51,80719,-2.63
2021-06-15 11:18:57,1132.05,1,43241,52037,1129.51,80719,-2.54
2021-06-15 11:18:58,1132.05,1,43242,52015,1129.51,80740,-2.54
2021-06-15 11:19:12,1132.05,1,43243,52005,1129.51,80740,-2.54
2021-06-15 11:19:20,1132.05,1,43242,52005,1129.51,80740,-2.54
2021-06-15 11:19:30,1132.05,1,43290,51949,1129.51,80740,-2.54
2021-06-15 11:19:34,1132.05,1,43390,51949,1129.51,80740,-2.54
2021-06-15 11:19:36,1132.0,1,43390,51949,1129.51,80740,-2.54
2021-06-15 11:19:39,1132.0,1,43394,51950,1129.51,80741,-2.54
2021-06-15 11:19:40,1132.0,1,43393,51950,1129.51,80742,-2.54
2021-06-15 11:19:44,1132.0,1,43393,51980,1129.51,80742,-2.54
2021-06-15 11:19:49,1132.0,1,43394,51980,1129.51,80742,-2.54
2021-06-15 11:20:03,1132.0,1,43394,52003,1129.51,80742,-2.54
2021-06-15 11:20:21,1132.0,1,43399,52004,1129.51,80742,-2.54
2021-06-15 11:20:31,1132.0,1,43400,52003,1129.51,80742,-2.54
2021-06-15 11:20:33,1132.0,1,43470,52003,1129.51,80742,-2.54
2021-06-15 11:20:39,1132.0,1,43455,52014,1129.51,80742,-2.54
2021-06-15 11:20:40,1132.95,5,43440,52003,1129.51,80752,-2.46
2021-06-15 11:20:48,1132.95,5,43439,52003,1129.51,80752,-2.46
2021-06-15 11:20:51,1132.95,5,43438,52175,1129.51,80752,-2.46
2021-06-15 11:21:14,1133.45,16,43437,52164,1129.51,80802,-2.42
2021-06-15 11:21:16,1133.45,16,43436,52164,1129.51,80802,-2.42
2021-06-15 11:21:27,1133.4,9,43436,52208,1129.51,80811,-2.42
2021-06-15 11:21:31,1133.4,9,43436,52209,1129.51,80811,-2.42
2021-06-15 11:21:45,1133.4,9,43436,52201,1129.51,80811,-2.42
2021-06-15 11:21:48,1133.65,1,43436,52201,1129.51,80811,-2.4
2021-06-15 11:21:49,1133.65,1,43437,52196,1129.51,80831,-2.4
2021-06-15 11:21:51,1133.65,1,43437,52194,1129.51,80831,-2.4
2021-06-15 11:21:52,1133.65,1,43442,52193,1129.51,80831,-2.4
2021-06-15 11:21:54,1133.65,1,43465,52193,1129.51,80831,-2.4
2021-06-15 11:21:55,1134.25,9,43465,52193,1129.51,80831,-2.35
2021-06-15 11:21:56,1134.25,9,43461,52101,1129.52,80981,-2.35
2021-06-15 11:21:58,1134.25,9,43458,52109,1129.52,80981,-2.35
2021-06-15 11:22:03,1134.25,9,43579,52110,1129.52,80981,-2.35
2021-06-15 11:22:06,1134.25,9,43574,52110,1129.52,80981,-2.35
2021-06-15 11:22:10,1134.25,9,43674,52111,1129.52,80981,-2.35
2021-06-15 11:22:22,1134.25,9,43695,52110,1129.52,80981,-2.35
2021-06-15 11:22:24,1134.25,1,43693,52094,1129.52,80982,-2.35
2021-06-15 11:22:26,1134.25,1,43701,52094,1129.52,80982,-2.35
2021-06-15 11:22:28,1134.25,1,44701,52094,1129.52,80982,-2.35
2021-06-15 11:22:29,1134.25,1,44701,52144,1129.52,80982,-2.35
2021-06-15 11:22:30,1134.6,1,44701,52144,1129.52,80982,-2.32
2021-06-15 11:22:31,1134.6,1,44701,52135,1129.52,80983,-2.32
2021-06-15 11:22:41,1134.7,2,44701,52135,1129.52,80983,-2.31
2021-06-15 11:22:42,1134.7,2,44708,52126,1129.52,80985,-2.31
2021-06-15 11:22:43,1134.85,10,44708,52126,1129.52,80985,-2.3
2021-06-15 11:22:45,1134.85,10,44708,52148,1129.52,81015,-2.3
2021-06-15 11:22:49,1134.85,10,44708,52142,1129.52,81015,-2.3
2021-06-15 11:22:49,1134.9,105,44708,52142,1129.52,81015,-2.29
2021-06-15 11:22:51,1134.9,105,44661,52027,1129.53,81120,-2.29
2021-06-15 11:22:56,1134.9,105,44661,52003,1129.53,81120,-2.29
2021-06-15 11:22:57,1134.9,20,44661,52003,1129.53,81120,-2.29
2021-06-15 11:22:58,1134.85,9,44614,51981,1129.53,81179,-2.3
2021-06-15 11:23:00,1134.85,9,44613,52000,1129.53,81179,-2.3
2021-06-15 11:23:18,1134.85,9,44611,51971,1129.53,81179,-2.3
2021-06-15 11:23:21,1134.85,9,44603,51969,1129.53,81179,-2.3
2021-06-15 11:23:23,1134.85,9,44611,51969,1129.53,81179,-2.3
2021-06-15 11:23:30,1134.85,9,44611,51944,1129.53,81179,-2.3
2021-06-15 11:23:35,1134.85,9,44611,51946,1129.53,81179,-2.3
2021-06-15 11:23:37,1134.85,9,44617,51964,1129.53,81179,-2.3
2021-06-15 11:23:39,1134.85,9,44610,51975,1129.53,81179,-2.3
2021-06-15 11:23:40,1134.85,9,44617,51976,1129.53,81179,-2.3
2021-06-15 11:23:42,1134.85,9,44617,51977,1129.53,81179,-2.3
2021-06-15 11:23:45,1134.85,9,44617,51953,1129.53,81179,-2.3
2021-06-15 11:23:58,1134.85,9,44618,51953,1129.53,81179,-2.3
2021-06-15 11:24:04,1135.5,40,44618,51953,1129.53,81179,-2.24
2021-06-15 11:24:06,1135.5,40,44622,51604,1129.56,81629,-2.24
2021-06-15 11:24:07,1135.5,40,44609,51612,1129.56,81629,-2.24
2021-06-15 11:24:16,1135.5,40,44617,51612,1129.56,81629,-2.24
2021-06-15 11:24:18,1135.5,40,44617,51584,1129.56,81629,-2.24
2021-06-15 11:24:21,1135.5,40,44622,51585,1129.56,81629,-2.24
2021-06-15 11:24:27,1135.5,40,44620,51595,1129.56,81629,-2.24
2021-06-15 11:24:28,1134.85,1,44620,51595,1129.56,81629,-2.3
2021-06-15 11:24:28,1134.85,1,44613,51595,1129.56,81630,-2.3
2021-06-15 11:24:30,1134.85,1,44613,51593,1129.56,81630,-2.3
2021-06-15 11:24:44,1134.85,1,44621,51592,1129.56,81630,-2.3
2021-06-15 11:24:45,1134.85,1,44624,51592,1129.56,81631,-2.3
2021-06-15 11:24:48,1134.85,8,44624,51592,1129.56,81631,-2.3
2021-06-15 11:24:49,1134.85,8,44621,51570,1129.56,81639,-2.3
2021-06-15 11:24:50,1134.85,8,44679,51569,1129.56,81639,-2.3
2021-06-15 11:24:56,1134.85,8,44729,51569,1129.56,81639,-2.3
2021-06-15 11:24:58,1134.85,8,44729,51559,1129.56,81639,-2.3
2021-06-15 11:25:25,1134.85,200,44711,51756,1129.58,81929,-2.3
2021-06-15 11:25:27,1134.85,200,44719,51756,1129.58,81929,-2.3
2021-06-15 11:25:28,1134.85,200,44687,51756,1129.58,81929,-2.3
2021-06-15 11:25:50,1134.85,200,44695,51756,1129.58,81929,-2.3
2021-06-15 11:26:01,1134.85,90,44695,51756,1129.58,81929,-2.3
2021-06-15 11:26:01,1134.85,90,44700,51674,1129.59,82029,-2.3
2021-06-15 11:26:04,1134.85,90,44695,51626,1129.59,82029,-2.3
2021-06-15 11:26:06,1134.85,2,44695,51665,1129.59,82029,-2.3
2021-06-15 11:26:07,1134.85,2,44695,51659,1129.59,82039,-2.3
2021-06-15 11:26:12,1134.85,2,44795,51658,1129.59,82039,-2.3
2021-06-15 11:26:13,1134.85,2,44795,51660,1129.59,82041,-2.3
2021-06-15 11:26:16,1134.85,2,44795,51622,1129.59,82041,-2.3
2021-06-15 11:26:18,1134.85,2,44796,51657,1129.59,82041,-2.3
2021-06-15 11:26:24,1134.85,2,44804,51656,1129.59,82041,-2.3
2021-06-15 11:26:33,1134.85,2,44804,51642,1129.59,82041,-2.3
2021-06-15 11:26:34,1134.85,2,44764,51649,1129.59,82041,-2.3
2021-06-15 11:26:37,1134.85,2,44764,51650,1129.59,82041,-2.3
2021-06-15 11:26:39,1134.85,1,44764,51649,1129.59,82042,-2.3
2021-06-15 11:26:42,1134.85,1,44774,51649,1129.59,82042,-2.3
2021-06-15 11:26:43,1134.85,1,44774,51677,1129.59,82043,-2.3
2021-06-15 11:26:47,1134.85,1,44778,51686,1129.59,82043,-2.3
2021-06-15 11:26:51,1134.85,1,44778,51685,1129.59,82043,-2.3
2021-06-15 11:26:53,1134.85,1,44778,51676,1129.59,82043,-2.3
2021-06-15 11:27:03,1134.85,1,44768,51676,1129.59,82043,-2.3
2021-06-15 11:27:10,1134.85,1,44818,51676,1129.59,82043,-2.3
2021-06-15 11:27:13,1134.85,8,44818,51676,1129.59,82043,-2.3
2021-06-15 11:27:13,1134.85,8,44811,51667,1129.59,82051,-2.3
2021-06-15 11:27:24,1131.6,12,44811,51667,1129.59,82051,-2.58
2021-06-15 11:27:24,1131.6,12,44770,51688,1129.6,82222,-2.58
2021-06-15 11:27:27,1131.6,12,44778,51701,1129.6,82222,-2.58
2021-06-15 11:27:30,1131.6,12,44778,51725,1129.6,82222,-2.58
2021-06-15 11:27:33,1131.6,12,44788,51725,1129.6,82222,-2.58
2021-06-15 11:27:34,1133.6,1,44788,51725,1129.6,82222,-2.41
2021-06-15 11:27:35,1133.6,1,44791,51707,1129.6,82223,-2.41
2021-06-15 11:27:39,1133.6,1,44790,51699,1129.6,82223,-2.41
2021-06-15 11:27:42,1133.6,1,44816,51678,1129.6,82223,-2.41
2021-06-15 11:28:01,1133.6,1,44826,51735,1129.6,82223,-2.41
2021-06-15 11:28:18,1133.6,1,44835,51735,1129.6,82223,-2.41
2021-06-15 11:28:34,1133.6,1,44799,51841,1129.6,82223,-2.41
2021-06-15 11:28:37,1133.6,1,44808,51841,1129.6,82223,-2.41
2021-06-15 11:28:43,1133.6,1,44808,51734,1129.6,82223,-2.41
2021-06-15 11:29:25,1133.6,1,44807,51735,1129.6,82223,-2.41
2021-06-15 11:29:36,1133.6,1,44843,51742,1129.6,82223,-2.41
2021-06-15 11:29:43,1133.6,1,44853,51742,1129.6,82223,-2.41
2021-06-15 11:29:48,1133.6,1,44892,51742,1129.6,82223,-2.41
2021-06-15 11:29:54,1133.6,1,44936,51744,1129.6,82223,-2.41
2021-06-15 11:29:57,1133.6,1,44937,51744,1129.6,82223,-2.41
2021-06-15 11:30:03,1133.6,1,44936,51750,1129.6,82223,-2.41
2021-06-15 11:30:05,1133.6,1,44937,51751,1129.6,82223,-2.41
2021-06-15 11:30:43,1133.6,1,44937,51750,1129.6,82223,-2.41
2021-06-15 11:30:57,1133.6,1,44927,51790,1129.6,82223,-2.41
2021-06-15 11:31:00,1133.6,1,44927,51791,1129.6,82223,-2.41
2021-06-15 11:31:02,1133.6,1,44938,51791,1129.6,82223,-2.41
2021-06-15 11:31:04,1133.6,1,44638,51791,1129.6,82223,-2.41
2021-06-15 11:31:10,1133.6,1,44638,51747,1129.6,82223,-2.41
2021-06-15 11:31:18,1133.0,29,44638,51747,1129.6,82223,-2.46
2021-06-15 11:31:19,1133.0,29,44609,51747,1129.6,82252,-2.46
2021-06-15 11:31:25,1133.0,29,44608,51746,1129.6,82252,-2.46
2021-06-15 11:31:35,1131.5,9,44608,51746,1129.6,82252,-2.59
2021-06-15 11:31:37,1131.5,9,44523,51744,1129.6,82352,-2.59
2021-06-15 11:31:46,1131.5,9,44525,51744,1129.6,82352,-2.59
2021-06-15 11:31:54,1132.95,2,44525,51744,1129.6,82352,-2.46
2021-06-15 11:31:54,1132.95,2,44531,51727,1129.6,82362,-2.46
2021-06-15 11:32:04,1132.95,2,44529,51738,1129.6,82362,-2.46
2021-06-15 11:32:08,1132.95,2,44529,51808,1129.6,82362,-2.46
2021-06-15 11:32:10,1132.95,2,44527,51808,1129.6,82362,-2.46
2021-06-15 11:32:18,1132.95,2,44527,51794,1129.6,82362,-2.46
2021-06-15 11:32:19,1132.95,2,44527,51811,1129.6,82362,-2.46
2021-06-15 11:32:28,1132.95,2,44527,51822,1129.6,82362,-2.46
2021-06-15 11:32:40,1133.05,5,44527,51822,1129.6,82362,-2.45
2021-06-15 11:32:41,1133.05,5,44528,51816,1129.6,82367,-2.45
2021-06-15 11:33:12,1133.05,5,44537,51808,1129.6,82367,-2.45
2021-06-15 11:33:13,1133.05,5,44537,51816,1129.6,82367,-2.45
2021-06-15 11:33:22,1133.05,5,44536,51820,1129.6,82367,-2.45
2021-06-15 11:33:35,1131.6,2,44536,51820,1129.6,82367,-2.58
2021-06-15 11:33:36,1131.6,2,44553,51892,1129.6,82376,-2.58
2021-06-15 11:33:37,1131.6,2,44547,51880,1129.6,82376,-2.58
2021-06-15 11:33:48,1133.05,2,44547,51880,1129.6,82376,-2.45
2021-06-15 11:33:49,1133.05,2,44544,51864,1129.6,82386,-2.45
2021-06-15 11:33:54,1133.05,2,44544,51838,1129.6,82386,-2.45
2021-06-15 11:33:58,1133.05,2,44562,51879,1129.6,82386,-2.45
2021-06-15 11:33:59,1133.05,2,44588,51869,1129.6,82386,-2.45
2021-06-15 11:34:01,1133.05,2,44588,51839,1129.6,82386,-2.45
2021-06-15 11:34:04,1133.6,18,44588,51839,1129.6,82386,-2.41
2021-06-15 11:34:04,1133.6,18,44564,51823,1129.6,82411,-2.41
2021-06-15 11:34:06,1133.6,15,44564,51823,1129.6,82411,-2.41
2021-06-15 11:34:15,1133.5,6,44564,51823,1129.6,82411,-2.41
2021-06-15 11:34:16,1133.5,6,44551,51810,1129.6,82436,-2.41
2021-06-15 11:34:18,1133.5,6,44493,51795,1129.6,82436,-2.41
2021-06-15 11:34:19,1133.5,6,44502,51793,1129.6,82436,-2.41
2021-06-15 11:34:23,1133.5,6,44511,51798,1129.6,82436,-2.41
2021-06-15 11:34:25,1133.5,6,44514,51799,1129.6,82436,-2.41
2021-06-15 11:34:27,1133.5,6,44523,51768,1129.6,82436,-2.41
2021-06-15 11:34:28,1133.05,1,44523,51768,1129.6,82436,-2.45
2021-06-15 11:34:30,1133.05,1,44522,51767,1129.6,82437,-2.45
2021-06-15 11:34:35,1133.6,62,44522,51767,1129.6,82437,-2.41
2021-06-15 11:34:39,1133.6,62,44523,51715,1129.61,82537,-2.41
2021-06-15 11:34:45,1133.6,62,44518,51724,1129.61,82537,-2.41
2021-06-15 11:34:52,1133.6,62,44408,51717,1129.61,82537,-2.41
2021-06-15 11:34:53,1133.6,62,44416,51721,1129.61,82537,-2.41
2021-06-15 11:34:55,1133.6,62,44425,51721,1129.61,82537,-2.41
2021-06-15 11:35:07,1133.6,62,44425,51719,1129.61,82537,-2.41
2021-06-15 11:35:22,1134.0,1,44425,51719,1129.61,82537,-2.37
2021-06-15 11:35:24,1134.0,1,44427,51737,1129.61,82587,-2.37
2021-06-15 11:35:30,1134.0,1,44427,51745,1129.61,82587,-2.37
2021-06-15 11:35:34,1134.0,1,44427,51723,1129.61,82587,-2.37
2021-06-15 11:35:36,1134.0,1,44424,51723,1129.61,82587,-2.37
2021-06-15 11:35:58,1134.0,1,44291,51638,1129.61,82587,-2.37
2021-06-15 11:36:00,1134.0,1,44241,51638,1129.61,82587,-2.37
2021-06-15 11:36:10,1134.0,1,44211,51638,1129.61,82587,-2.37
2021-06-15 11:36:17,1134.0,1,44209,51638,1129.61,82587,-2.37
2021-06-15 11:36:31,1134.0,1,44159,51637,1129.61,82587,-2.37
2021-06-15 11:36:53,1134.05,16,44159,51637,1129.61,82587,-2.37
2021-06-15 11:36:54,1134.05,16,44161,51631,1129.61,82627,-2.37
2021-06-15 11:36:55,1134.05,16,44159,51643,1129.61,82627,-2.37
2021-06-15 11:36:57,1134.05,16,44158,51667,1129.61,82627,-2.37
2021-06-15 11:36:58,1133.9,5,44158,51667,1129.61,82627,-2.38
2021-06-15 11:37:01,1133.9,5,44158,51625,1129.61,82632,-2.38
2021-06-15 11:37:03,1133.9,5,44166,51649,1129.61,82632,-2.38
2021-06-15 11:37:05,1133.9,5,44166,51661,1129.61,82632,-2.38
2021-06-15 11:37:07,1133.9,5,44158,51658,1129.61,82632,-2.38
2021-06-15 11:37:09,1133.9,5,44159,51659,1129.61,82632,-2.38
2021-06-15 11:37:11,1133.9,5,44167,51662,1129.61,82632,-2.38
2021-06-15 11:37:24,1132.3,39,44176,51663,1129.62,82732,-2.52
2021-06-15 11:37:25,1132.3,39,44157,51640,1129.62,82732,-2.52
2021-06-15 11:37:27,1132.3,39,44165,51646,1129.62,82732,-2.52
2021-06-15 11:37:40,1132.3,39,44158,51639,1129.62,82732,-2.52
2021-06-15 11:37:49,1131.55,1,44107,51619,1129.62,82792,-2.58
2021-06-15 11:37:51,1131.55,1,44111,51631,1129.62,82792,-2.58
2021-06-15 11:37:52,1131.55,1,44112,51643,1129.62,82792,-2.58
2021-06-15 11:37:59,1131.55,1,44114,51643,1129.62,82792,-2.58
2021-06-15 11:38:06,1131.55,1,44294,51643,1129.62,82792,-2.58
2021-06-15 11:38:17,1131.85,1,44294,51643,1129.62,82792,-2.56
2021-06-15 11:38:18,1131.85,1,44293,51644,1129.62,82793,-2.56
2021-06-15 11:38:34,1131.85,1,44300,51631,1129.62,82793,-2.56
2021-06-15 11:38:36,1131.85,1,44480,51631,1129.62,82793,-2.56
2021-06-15 11:38:40,1131.85,1,44480,51638,1129.62,82793,-2.56
2021-06-15 11:38:54,1131.85,1,44490,51638,1129.62,82793,-2.56
2021-06-15 11:39:05,1131.85,1,44516,51640,1129.62,82793,-2.56
2021-06-15 11:39:32,1131.85,1,44516,51685,1129.62,82793,-2.56
2021-06-15 11:39:40,1131.85,1,44518,51685,1129.62,82793,-2.56
2021-06-15 11:39:59,1134.2,1,44518,51685,1129.62,82793,-2.35
2021-06-15 11:40:00,1134.2,1,44513,51684,1129.62,82800,-2.35
2021-06-15 11:40:04,1134.2,1,44515,51684,1129.62,82800,-2.35
2021-06-15 11:40:06,1132.0,34,44524,51699,1129.62,82850,-2.54
2021-06-15 11:40:21,1132.0,34,44512,51683,1129.62,82850,-2.54
2021-06-15 11:40:30,1133.6,1,44512,51683,1129.62,82850,-2.41
2021-06-15 11:40:32,1133.6,1,44520,51682,1129.62,82851,-2.41
2021-06-15 11:40:44,1133.6,1,44521,51695,1129.62,82851,-2.41
2021-06-15 11:40:52,1131.9,10,44477,51727,1129.62,82902,-2.55
2021-06-15 11:40:54,1131.9,10,44471,51836,1129.62,82902,-2.55
2021-06-15 11:41:02,1131.9,10,44479,51843,1129.62,82902,-2.55
2021-06-15 11:41:06,1131.9,10,44485,51840,1129.62,82902,-2.55
2021-06-15 11:41:16,1131.9,10,44475,51840,1129.62,82902,-2.55
2021-06-15 11:41:19,1131.9,10,44475,51844,1129.62,82902,-2.55
2021-06-15 11:41:25,1131.9,10,44465,51844,1129.62,82902,-2.55
2021-06-15 11:41:37,1131.9,10,44513,51828,1129.62,82902,-2.55
2021-06-15 11:41:50,1131.9,10,44472,51828,1129.62,82902,-2.55
2021-06-15 11:41:52,1131.9,10,44472,51844,1129.62,82902,-2.55
2021-06-15 11:41:54,1131.9,10,44482,51841,1129.62,82902,-2.55
2021-06-15 11:42:14,1131.9,10,44478,51841,1129.62,82902,-2.55
2021-06-15 11:42:21,1132.0,1,44487,51841,1129.62,82903,-2.54
2021-06-15 11:42:22,1132.0,1,44587,51825,1129.62,82903,-2.54
2021-06-15 11:42:23,1131.9,10,44587,51825,1129.62,82903,-2.55
2021-06-15 11:42:24,1131.9,10,44551,51839,1129.62,82986,-2.55
2021-06-15 11:42:30,1131.85,2,44551,51839,1129.62,82986,-2.56
2021-06-15 11:42:31,1131.85,2,44520,51855,1129.63,83088,-2.56
2021-06-15 11:42:33,1131.85,2,44520,51863,1129.63,83088,-2.56
2021-06-15 11:42:43,1131.85,2,44530,51899,1129.63,83088,-2.56
2021-06-15 11:42:45,1131.85,2,44530,52154,1129.63,83088,-2.56
2021-06-15 11:42:51,1131.8,7,44530,52154,1129.63,83088,-2.56
2021-06-15 11:42:52,1131.8,7,44537,52154,1129.63,83095,-2.56
2021-06-15 11:42:59,1131.9,1,44537,52153,1129.63,83096,-2.55
2021-06-15 11:43:07,1131.9,1,44539,52153,1129.63,83096,-2.55
2021-06-15 11:43:16,1131.9,1,44495,52143,1129.63,83096,-2.55
2021-06-15 11:43:21,1131.9,1,44492,52144,1129.63,83096,-2.55
2021-06-15 11:43:30,1131.9,1,44542,52152,1129.63,83096,-2.55
2021-06-15 11:43:35,1131.9,1,44492,52152,1129.63,83096,-2.55
2021-06-15 11:43:52,1131.9,1,44481,52152,1129.63,83096,-2.55
2021-06-15 11:43:55,1131.9,1,44513,52163,1129.63,83096,-2.55
2021-06-15 11:43:55,1131.9,2,44513,52163,1129.63,83096,-2.55
2021-06-15 11:43:56,1131.9,2,44513,52161,1129.63,83098,-2.55
2021-06-15 11:44:04,1131.9,2,44482,52161,1129.63,83098,-2.55
2021-06-15 11:44:24,1131.9,2,44482,52146,1129.63,83098,-2.55
2021-06-15 11:44:32,1131.0,5,44482,52146,1129.63,83098,-2.63
2021-06-15 11:44:33,1131.0,5,44450,52580,1129.63,83147,-2.63
2021-06-15 11:44:34,1131.0,5,44458,52580,1129.63,83147,-2.63
2021-06-15 11:44:35,1131.0,5,44422,52580,1129.63,83147,-2.63
2021-06-15 11:44:39,1131.6,1,44422,52580,1129.63,83147,-2.58
2021-06-15 11:44:40,1131.6,1,44426,52579,1129.63,83148,-2.58
2021-06-15 11:44:51,1131.0,5,44426,52579,1129.63,83148,-2.63
2021-06-15 11:44:52,1131.0,5,44427,52579,1129.63,83153,-2.63
2021-06-15 11:45:01,1129.95,1,44427,52579,1129.63,83153,-2.72
2021-06-15 11:45:02,1129.95,1,44233,52639,1129.63,83502,-2.72
2021-06-15 11:45:04,1129.95,1,44243,52617,1129.63,83502,-2.72
2021-06-15 11:45:06,1129.95,1,44242,52645,1129.63,83502,-2.72
2021-06-15 11:45:08,1129.95,1,44272,52607,1129.63,83502,-2.72
2021-06-15 11:45:10,1129.9,6,44272,52600,1129.63,83502,-2.72
2021-06-15 11:45:12,1129.9,6,44270,52592,1129.63,83512,-2.72
2021-06-15 11:45:17,1129.9,6,44270,52590,1129.63,83512,-2.72
2021-06-15 11:45:20,1130.6,1,44276,52602,1129.63,83517,-2.66
2021-06-15 11:45:22,1130.6,1,44275,52589,1129.63,83517,-2.66
2021-06-15 11:45:22,1130.65,1,44275,52589,1129.63,83517,-2.66
2021-06-15 11:45:23,1130.65,1,44275,52615,1129.63,83522,-2.66
2021-06-15 11:45:31,1130.65,1,44280,52615,1129.63,83522,-2.66
2021-06-15 11:45:32,1130.55,10,44280,52615,1129.63,83522,-2.67
2021-06-15 11:45:33,1130.55,10,44274,52629,1129.63,83532,-2.67
2021-06-15 11:45:34,1130.55,10,44282,52618,1129.63,83532,-2.67
2021-06-15 11:45:36,1130.55,10,44283,52618,1129.63,83532,-2.67
2021-06-15 11:45:49,1130.55,10,44284,52584,1129.63,83532,-2.67
2021-06-15 11:45:51,1130.55,10,44284,52600,1129.63,83532,-2.67
2021-06-15 11:45:57,1129.1,9,44274,52624,1129.63,83582,-2.79
2021-06-15 11:45:59,1129.1,9,44279,52585,1129.63,83582,-2.79
2021-06-15 11:46:01,1129.1,9,43779,52585,1129.63,83582,-2.79
2021-06-15 11:46:06,1131.0,1,43775,52584,1129.63,83583,-2.63
2021-06-15 11:46:07,1131.0,1,43775,52583,1129.63,83583,-2.63
2021-06-15 11:46:23,1131.0,1,43778,52583,1129.63,83583,-2.63
2021-06-15 11:46:33,1129.55,4,43799,52711,1129.63,83603,-2.75
2021-06-15 11:46:46,1129.55,4,43794,52727,1129.63,83603,-2.75
2021-06-15 11:46:58,1129.55,4,43805,52727,1129.63,83603,-2.75
2021-06-15 11:47:15,1129.55,4,43810,52727,1129.63,83603,-2.75
2021-06-15 11:47:17,1129.55,4,43810,52759,1129.63,83603,-2.75
2021-06-15 11:47:21,1129.55,4,43802,52754,1129.63,83603,-2.75
2021-06-15 11:47:24,1129.55,4,43783,52784,1129.63,83603,-2.75
2021-06-15 11:47:27,1129.55,4,44407,52835,1129.63,83603,-2.75
2021-06-15 11:47:30,1129.55,4,44417,52797,1129.63,83603,-2.75
2021-06-15 11:47:34,1129.55,4,44417,52798,1129.63,83603,-2.75
2021-06-15 11:47:37,1129.1,1,44417,52798,1129.63,83603,-2.79
2021-06-15 11:47:37,1129.1,1,44389,52799,1129.63,83623,-2.79
2021-06-15 11:47:39,1129.1,1,44389,52802,1129.63,83623,-2.79
2021-06-15 11:47:47,1127.0,84,44053,52822,1129.62,84073,-2.97
2021-06-15 11:47:49,1127.0,84,44051,52816,1129.62,84073,-2.97
2021-06-15 11:47:51,1127.0,84,44058,52816,1129.62,84073,-2.97
2021-06-15 11:48:01,1127.0,84,43592,52816,1129.62,84073,-2.97
2021-06-15 11:48:03,1127.0,84,43592,52810,1129.62,84073,-2.97
2021-06-15 11:48:05,1127.0,84,43593,52827,1129.62,84073,-2.97
2021-06-15 11:48:07,1127.0,21,43566,52824,1129.62,84118,-2.97
2021-06-15 11:48:09,1127.0,21,43572,52808,1129.62,84118,-2.97
2021-06-15 11:48:11,1127.0,21,43587,52808,1129.62,84118,-2.97
2021-06-15 11:48:18,1127.0,22,43587,52808,1129.62,84118,-2.97
2021-06-15 11:48:19,1127.0,22,43554,52799,1129.62,84178,-2.97
2021-06-15 11:48:30,1127.0,22,42976,52852,1129.62,84178,-2.97
2021-06-15 11:48:32,1127.0,22,42976,52867,1129.62,84178,-2.97
2021-06-15 11:48:33,1127.0,22,42986,52873,1129.62,84178,-2.97
2021-06-15 11:48:34,1127.0,22,42996,52856,1129.62,84178,-2.97
2021-06-15 11:48:37,1128.5,4,42996,52856,1129.62,84178,-2.85
2021-06-15 11:48:38,1130.05,10,43019,52799,1129.62,84416,-2.71
2021-06-15 11:48:43,1130.05,10,43026,52802,1129.62,84416,-2.71
2021-06-15 11:48:45,1130.05,10,42992,52827,1129.62,84416,-2.71
2021-06-15 11:48:45,1129.1,1,42992,52827,1129.62,84416,-2.79
2021-06-15 11:48:46,1129.1,1,43002,52814,1129.62,84417,-2.79
2021-06-15 11:48:49,1129.1,1,43001,52814,1129.62,84417,-2.79
2021-06-15 11:48:51,1129.1,1,43000,52814,1129.62,84417,-2.79
2021-06-15 11:48:56,1129.1,1,43010,52811,1129.62,84417,-2.79
2021-06-15 11:49:00,1129.1,1,43505,52800,1129.62,84417,-2.79
2021-06-15 11:49:01,1129.1,1,43515,52834,1129.62,84417,-2.79
2021-06-15 11:49:06,1129.1,1,43516,52834,1129.62,84417,-2.79
2021-06-15 11:49:08,1129.1,1,43519,52834,1129.62,84417,-2.79
2021-06-15 11:49:12,1129.1,1,43539,52834,1129.62,84417,-2.79
2021-06-15 11:49:21,1129.1,1,43544,52834,1129.62,84417,-2.79
2021-06-15 11:49:28,1129.1,1,44144,52834,1129.62,84417,-2.79
2021-06-15 11:49:30,1129.1,1,44200,52831,1129.62,84417,-2.79
2021-06-15 11:49:32,1129.1,1,44219,52834,1129.62,84417,-2.79
2021-06-15 11:49:33,1129.35,7,44219,52834,1129.62,84417,-2.77
2021-06-15 11:49:34,1129.35,7,44189,52825,1129.62,84427,-2.77
2021-06-15 11:49:36,1129.35,7,44188,52833,1129.62,84427,-2.77
2021-06-15 11:51:56,1129.0,5,43671,53019,1129.62,84517,-2.8
2021-06-15 11:52:00,1127.9,4,43631,52996,1129.62,84532,-2.9
2021-06-15 11:52:01,1127.9,4,43637,52998,1129.62,84532,-2.9
2021-06-15 11:52:03,1128.95,1,43637,52998,1129.62,84532,-2.81
2021-06-15 11:52:04,1128.95,1,43641,53000,1129.62,84536,-2.81
2021-06-15 11:52:13,1128.95,1,43648,52985,1129.62,84536,-2.81
2021-06-15 11:52:44,1128.0,1,43857,52974,1129.61,84897,-2.89
2021-06-15 11:52:35,1127.0,230,43803,52980,1129.61,84896,-2.97
2021-06-15 11:53:05,1127.0,1,43065,53281,1129.57,85808,-2.97
2021-06-15 11:52:42,1128.0,1,43860,52963,1129.61,84897,-2.89
2021-06-15 11:52:29,1127.0,230,43649,53045,1129.62,84536,-2.97
2021-06-15 11:52:34,1127.0,230,43688,52974,1129.61,84896,-2.97
2021-06-15 11:53:03,1127.0,1,43071,53249,1129.57,85798,-2.97
2021-06-15 11:52:51,1126.0,45,43071,53249,1129.57,85798,-3.06
2021-06-15 11:52:49,1126.0,45,43857,52974,1129.61,84897,-3.06
2021-06-15 11:52:49,1126.0,45,43098,53249,1129.57,85798,-3.06
2021-06-15 11:52:32,1127.0,230,43689,52964,1129.61,84896,-2.97
2021-06-15 11:53:10,1127.0,1,43064,53281,1129.57,85809,-2.97
2021-06-15 11:53:09,1127.0,1,43065,53282,1129.57,85808,-2.97
2021-06-15 11:53:14,1127.05,196,43572,53271,1129.57,86009,-2.97
2021-06-15 11:52:56,1126.0,9,43071,53249,1129.57,85798,-3.06
2021-06-15 11:53:16,1127.05,196,43572,53287,1129.57,86009,-2.97
2021-06-15 11:58:47,1125.0,50,41568,53969,1129.43,89027,-3.15
2021-06-15 11:58:48,1125.0,50,41568,53894,1129.43,89077,-3.15
2021-06-15 11:58:50,1125.0,50,41570,53934,1129.43,89077,-3.15
2021-06-15 11:58:57,1125.0,3,41563,53938,1129.43,89080,-3.15
2021-06-15 11:59:24,1125.0,10,41563,53935,1129.43,89090,-3.15
2021-06-15 12:03:34,1126.8,5,42082,53559,1129.42,89528,-2.99
2021-06-15 12:03:38,1126.8,5,42077,53559,1129.42,89533,-2.99
2021-06-15 12:06:24,1126.65,3,42089,53694,1129.4,89873,-3.0
2021-06-15 12:06:25,1126.65,3,42089,53707,1129.4,89873,-3.0
2021-06-15 12:07:42,1126.8,7,42079,53693,1129.39,90222,-2.99
2021-06-15 12:07:45,1126.8,7,42077,53646,1129.39,90222,-2.99
2021-06-15 12:07:48,1126.8,7,42027,53646,1129.39,90222,-2.99
2021-06-15 12:07:58,1126.8,7,42028,53661,1129.39,90222,-2.99
2021-06-15 12:08:04,1126.9,1,42028,53661,1129.39,90222,-2.98
2021-06-15 12:08:05,1126.9,1,42028,53660,1129.39,90223,-2.98
2021-06-15 12:08:07,1126.9,1,42042,53712,1129.39,90223,-2.98
2021-06-15 12:08:08,1126.9,1,42042,53715,1129.39,90223,-2.98
2021-06-15 12:08:14,1126.9,1,42052,53715,1129.39,90223,-2.98
2021-06-15 12:49:42,1129.0,5,42921,53688,1129.32,93358,-2.8
2021-06-15 12:49:47,1130.0,24,42921,53688,1129.32,93358,-2.72
2021-06-15 12:49:48,1130.0,24,42712,53530,1129.32,93563,-2.72
2021-06-15 12:49:56,1129.05,4,42712,53530,1129.32,93563,-2.8
2021-06-15 12:49:56,1129.05,4,42708,53531,1129.32,93567,-2.8
2021-06-15 12:50:05,1129.95,1,42708,53530,1129.32,93568,-2.72
2021-06-15 12:50:10,1129.95,1,42735,53526,1129.32,93568,-2.72
2021-06-15 12:50:12,1129.95,1,42731,53526,1129.32,93568,-2.72
2021-06-15 12:50:14,1129.95,1,42739,53525,1129.32,93568,-2.72
2021-06-15 12:50:15,1129.95,2,42739,53525,1129.32,93568,-2.72
2021-06-15 12:50:16,1129.95,2,42739,53535,1129.32,93578,-2.72
2021-06-15 12:50:18,1130.0,27,42739,53535,1129.32,93578,-2.72
2021-06-15 12:51:21,1127.75,1,42607,53449,1129.32,93832,-2.91
2021-06-15 12:51:21,1127.75,1,42615,53471,1129.32,93832,-2.91
2021-06-15 12:51:22,1127.75,1,42615,53482,1129.32,93832,-2.91
2021-06-15 12:51:25,1127.75,1,42626,53478,1129.32,93832,-2.91
2021-06-15 12:51:28,1129.45,13,42627,53470,1129.32,93862,-2.76
2021-06-15 12:51:33,1129.45,13,42632,53474,1129.32,93862,-2.76
2021-06-15 12:51:51,1128.3,8,42632,53474,1129.32,93862,-2.86
2021-06-15 12:51:52,1128.3,8,42666,53465,1129.32,93872,-2.86
2021-06-15 13:58:45,1122.0,20,42259,53927,1128.93,103586,-3.4
2021-06-15 13:58:48,1122.0,20,42258,53927,1128.93,103586,-3.4
2021-06-15 13:58:49,1121.3,2,42256,53939,1128.93,103588,-3.47
2021-06-15 13:58:54,1121.3,2,42255,53933,1128.93,103588,-3.47
2021-06-15 13:59:01,1122.25,1,42255,53933,1128.93,103588,-3.38
2021-06-15 13:59:01,1122.25,1,42258,53932,1128.93,103589,-3.38
2021-06-15 13:59:09,1122.25,1,42268,53932,1128.93,103589,-3.38
2021-06-15 13:59:15,1122.25,1,42318,53932,1128.93,103589,-3.38
2021-06-15 13:59:16,1122.25,1,42318,53958,1128.93,103589,-3.38
2021-06-15 13:59:18,1122.25,1,42310,53958,1128.93,103589,-3.38
2021-06-15 13:59:21,1122.25,1,42318,53968,1128.93,103589,-3.38
2021-06-15 13:59:24,1122.25,1,42319,53968,1128.93,103589,-3.38
2021-06-15 13:59:26,1122.0,10,42291,54013,1128.92,103599,-3.4
2021-06-15 13:59:31,1122.0,10,42299,53987,1128.92,103599,-3.4
2021-06-15 13:59:33,1122.0,10,42308,53987,1128.92,103599,-3.4
2021-06-15 13:59:44,1122.0,10,42308,53984,1128.92,103599,-3.4
2021-06-15 13:59:45,1122.0,1,42308,53984,1128.92,103599,-3.4
2021-06-15 13:59:46,1122.0,1,42308,53986,1128.92,103600,-3.4
2021-06-15 13:59:54,1122.0,1,42303,53987,1128.92,103600,-3.4
2021-06-15 13:59:55,1122.0,10,42303,53977,1128.92,103610,-3.4
2021-06-15 13:59:57,1122.0,10,42303,53967,1128.92,103610,-3.4
2021-06-15 13:59:58,1122.0,100,42303,53967,1128.92,103610,-3.4
2021-06-15 14:00:00,1122.0,100,42198,53984,1128.92,103710,-3.4
2021-06-15 14:00:16,1122.0,1,42198,53984,1128.92,103710,-3.4
2021-06-15 14:00:17,1122.0,15,42192,53972,1128.92,103726,-3.4
2021-06-15 14:00:24,1122.0,15,42194,53959,1128.92,103726,-3.4
2021-06-15 14:00:27,1122.0,5,42188,53954,1128.92,103731,-3.4
2021-06-15 14:00:29,1122.0,5,42178,53954,1128.92,103731,-3.4
2021-06-15 14:00:32,1122.5,5,42178,53954,1128.92,103731,-3.36
2021-06-15 14:00:39,1122.5,5,41681,53944,1128.92,103736,-3.36
2021-06-15 14:00:42,1122.6,13,41692,53938,1128.91,103766,-3.35
2021-06-15 14:00:43,1122.6,13,41885,53932,1128.91,103766,-3.35
2021-06-15 14:00:44,1122.0,22,41885,53932,1128.91,103766,-3.4
2021-06-15 14:00:45,1122.0,22,41681,53974,1128.9,103988,-3.4
2021-06-15 14:00:47,1122.0,22,41687,53957,1128.9,103988,-3.4
2021-06-15 14:00:51,1122.0,22,41700,53947,1128.9,103988,-3.4
2021-06-15 14:00:51,1123.0,90,41700,53947,1128.9,103988,-3.32
2021-06-15 14:00:52,1123.0,90,41707,53832,1128.89,104188,-3.32
2021-06-15 14:00:57,1123.0,90,41712,53851,1128.89,104188,-3.32
2021-06-15 14:00:58,1120.1,7,41712,53851,1128.89,104188,-3.57
2021-06-15 14:00:59,1120.1,7,41598,53872,1128.87,104358,-3.57
2021-06-15 14:01:01,1120.1,7,41599,53872,1128.87,104358,-3.57
2021-06-15 14:01:09,1120.1,7,41600,53872,1128.87,104358,-3.57
2021-06-15 14:01:16,1120.1,7,41600,53877,1128.87,104358,-3.57
2021-06-15 14:01:21,1120.1,7,41608,53881,1128.87,104358,-3.57
2021-06-15 14:01:22,1120.1,7,41608,53880,1128.87,104358,-3.57
2021-06-15 14:01:26,1120.1,7,41589,53880,1128.87,104358,-3.57
2021-06-15 14:01:38,1120.1,7,41596,53880,1128.87,104358,-3.57
2021-06-15 14:01:45,1120.1,7,41596,53900,1128.87,104358,-3.57
2021-06-15 14:01:47,1120.1,7,41597,53900,1128.87,104358,-3.57
2021-06-15 14:01:48,1120.15,1,41597,53900,1128.87,104358,-3.56
2021-06-15 14:01:49,1120.15,1,41650,53920,1128.87,104458,-3.56
2021-06-15 14:01:55,1120.15,1,41655,53920,1128.87,104458,-3.56
2021-06-15 14:01:58,1120.3,4,41655,53920,1128.87,104458,-3.55
2021-06-15 14:02:00,1120.3,4,41650,53897,1128.87,104462,-3.55
2021-06-15 14:02:02,1120.3,4,41650,53905,1128.87,104462,-3.55
2021-06-15 14:02:10,1120.3,4,41651,53905,1128.87,104462,-3.55
2021-06-15 14:02:12,1120.3,4,41652,53905,1128.87,104462,-3.55
2021-06-15 14:02:13,1120.75,8,41652,53905,1128.87,104462,-3.51
2021-06-15 14:02:14,1120.75,8,41634,53905,1128.87,104470,-3.51
2021-06-15 14:02:15,1121.95,13,41634,53905,1128.87,104470,-3.41
2021-06-15 14:02:16,1121.95,13,41654,53904,1128.86,104502,-3.41
2021-06-15 14:02:21,1121.95,13,41593,53899,1128.86,104502,-3.41
2021-06-15 14:02:22,1121.95,13,41781,53863,1128.86,104502,-3.41
2021-06-15 14:02:28,1121.95,13,41809,53871,1128.86,104502,-3.41
2021-06-15 14:02:39,1121.95,13,41857,53872,1128.86,104502,-3.41
2021-06-15 14:02:43,1121.95,13,41859,53854,1128.86,104502,-3.41
2021-06-15 14:02:46,1121.95,13,41865,53886,1128.86,104502,-3.41
2021-06-15 14:02:46,1121.95,49,41865,53886,1128.86,104502,-3.41
2021-06-15 14:02:48,1121.95,49,41814,53886,1128.86,104552,-3.41
2021-06-15 14:02:56,1121.95,49,41833,53887,1128.86,104552,-3.41
2021-06-15 14:02:59,1121.95,49,41843,53887,1128.86,104552,-3.41
2021-06-15 14:03:04,1121.95,49,41851,53887,1128.86,104552,-3.41
2021-06-15 14:03:06,1121.95,49,41851,53837,1128.86,104552,-3.41
2021-06-15 14:03:12,1121.95,49,41851,53829,1128.86,104552,-3.41
2021-06-15 14:03:14,1121.95,49,41850,53838,1128.86,104552,-3.41
2021-06-15 14:03:15,1122.85,19,41850,53838,1128.86,104552,-3.33
2021-06-15 14:03:16,1122.85,19,41803,53835,1128.86,104600,-3.33
2021-06-15 14:03:18,1122.85,19,41802,53834,1128.86,104600,-3.33
2021-06-15 14:03:21,1122.85,14,41802,53834,1128.86,104600,-3.33
2021-06-15 14:03:22,1122.85,14,41801,53820,1128.86,104614,-3.33
2021-06-15 14:03:27,1122.85,14,41816,53820,1128.86,104614,-3.33
2021-06-15 14:03:34,1122.85,14,41866,53821,1128.86,104614,-3.33
2021-06-15 14:03:44,1122.85,8,41865,53814,1128.86,104624,-3.33
2021-06-15 14:03:46,1122.85,8,41865,53815,1128.86,104624,-3.33
2021-06-15 14:03:48,1122.85,8,41864,53813,1128.86,104624,-3.33
2021-06-15 14:03:49,1122.85,8,41864,53822,1128.86,104624,-3.33
2021-06-15 14:03:51,1122.85,8,41889,53822,1128.86,104624,-3.33
2021-06-15 14:04:19,1122.85,8,41894,53877,1128.86,104624,-3.33
2021-06-15 14:04:24,1122.85,1,41894,53877,1128.86,104624,-3.33
2021-06-15 14:04:24,1122.85,1,41893,53868,1128.86,104625,-3.33
2021-06-15 14:04:31,1122.85,1,41893,53859,1128.86,104625,-3.33
2021-06-15 14:04:36,1122.85,1,41890,53857,1128.86,104625,-3.33
2021-06-15 14:04:39,1122.85,1,41890,53859,1128.86,104625,-3.33
2021-06-15 14:04:42,1122.85,1,41910,53859,1128.86,104625,-3.33
2021-06-15 14:04:55,1122.85,1,41921,53856,1128.86,104625,-3.33
2021-06-15 14:05:00,1122.85,1,41951,53857,1128.86,104625,-3.33
2021-06-15 14:05:01,1123.0,30,41951,53825,1128.85,104655,-3.32
2021-06-15 14:05:21,1123.0,30,41946,53824,1128.85,104655,-3.32
2021-06-15 14:05:46,1122.7,20,42246,53823,1128.85,104655,-3.34
2021-06-15 14:05:48,1122.7,20,42244,53857,1128.85,104675,-3.34
2021-06-15 14:05:58,1122.7,20,42293,53858,1128.85,104675,-3.34
2021-06-15 14:06:02,1122.7,20,42293,53818,1128.85,104675,-3.34
2021-06-15 14:06:07,1121.95,2,42293,53818,1128.85,104675,-3.41
2021-06-15 14:06:09,1121.95,2,42280,53857,1128.85,104705,-3.41
2021-06-15 14:06:13,1121.95,2,41981,53807,1128.85,104705,-3.41
2021-06-15 14:06:16,1121.95,2,41981,53815,1128.85,104705,-3.41
2021-06-15 14:06:19,1121.95,2,41982,53815,1128.85,104705,-3.41
2021-06-15 14:06:21,1121.95,2,41988,53825,1128.85,104705,-3.41
2021-06-15 14:06:29,1122.7,100,41988,53825,1128.85,104705,-3.34
2021-06-15 14:06:30,1122.7,100,41993,53797,1128.85,104805,-3.34
2021-06-15 14:06:36,1121.95,22,41993,53797,1128.85,104805,-3.41
2021-06-15 14:06:38,1121.95,22,41948,53828,1128.84,104845,-3.41
2021-06-15 14:06:40,1121.95,22,41949,53835,1128.84,104845,-3.41
2021-06-15 14:06:45,1121.95,22,41959,53827,1128.84,104845,-3.41
2021-06-15 14:06:47,1121.95,22,41959,53835,1128.84,104845,-3.41
2021-06-15 14:07:00,1122.0,10,41959,53835,1128.84,104845,-3.4
2021-06-15 14:07:04,1122.0,10,41946,53865,1128.84,104858,-3.4
2021-06-15 14:07:06,1122.0,10,41946,53855,1128.84,104858,-3.4
2021-06-15 14:07:12,1122.0,17,41946,53855,1128.84,104858,-3.4
2021-06-15 14:07:12,1122.0,17,41971,53816,1128.84,104895,-3.4
2021-06-15 14:07:25,1122.0,17,41965,53814,1128.84,104895,-3.4
2021-06-15 14:07:31,1122.0,17,42005,53837,1128.84,104895,-3.4
2021-06-15 14:07:39,1122.0,17,42005,53781,1128.84,104895,-3.4
2021-06-15 14:07:42,1123.0,88,42005,53781,1128.84,104895,-3.32
2021-06-15 14:07:43,1123.0,88,42025,53671,1128.83,105030,-3.32
2021-06-15 14:07:45,1123.0,88,42014,53674,1128.83,105030,-3.32
2021-06-15 14:07:53,1123.0,88,42013,53668,1128.83,105030,-3.32
2021-06-15 14:07:55,1123.0,88,42013,53666,1128.83,105030,-3.32
2021-06-15 14:08:00,1122.0,34,42013,53666,1128.83,105030,-3.4
2021-06-15 14:08:01,1122.0,34,41973,53681,1128.83,105080,-3.4
2021-06-15 14:08:03,1122.0,34,41980,53689,1128.83,105080,-3.4
2021-06-15 14:08:06,1122.8,4,41981,53689,1128.83,105080,-3.34
2021-06-15 14:08:07,1122.8,4,41998,53676,1128.83,105100,-3.34
2021-06-15 14:08:13,1122.8,4,41998,53640,1128.83,105100,-3.34
2021-06-15 14:08:16,1122.8,4,41896,53670,1128.83,105100,-3.34
2021-06-15 14:08:19,1122.8,4,41896,53690,1128.83,105100,-3.34
2021-06-15 14:08:21,1122.8,4,41946,53690,1128.83,105100,-3.34
2021-06-15 14:08:23,1122.8,4,41946,53692,1128.83,105100,-3.34
2021-06-15 14:08:25,1122.8,4,41896,53692,1128.83,105100,-3.34
2021-06-15 14:08:41,1122.8,4,41906,53692,1128.83,105100,-3.34
2021-06-15 14:08:50,1122.8,12,41906,53692,1128.83,105100,-3.34
2021-06-15 14:08:52,1122.0,14,41906,53692,1128.83,105100,-3.4
2021-06-15 14:08:53,1122.0,14,41887,53609,1128.82,105175,-3.4
2021-06-15 14:09:10,1122.0,14,41890,53609,1128.82,105175,-3.4
2021-06-15 14:09:13,1122.0,14,41888,53609,1128.82,105175,-3.4
2021-06-15 14:09:14,1123.0,3,41888,53609,1128.82,105175,-3.32
2021-06-15 14:09:15,1123.0,3,41887,53604,1128.82,105180,-3.32
2021-06-15 14:09:21,1123.0,3,41919,53631,1128.82,105180,-3.32
2021-06-15 14:09:23,1122.0,11,41919,53631,1128.82,105180,-3.4
2021-06-15 14:09:24,1122.0,11,41908,53631,1128.82,105191,-3.4
2021-06-15 14:09:25,1123.0,10,41908,53631,1128.82,105191,-3.32
2021-06-15 14:09:26,1123.0,10,41908,53615,1128.82,105201,-3.32
2021-06-15 14:09:39,1123.0,10,41903,53615,1128.82,105201,-3.32
2021-06-15 14:09:41,1123.0,1,41903,53615,1128.82,105201,-3.32
2021-06-15 14:09:42,1123.0,1,41910,53614,1128.82,105202,-3.32
2021-06-15 14:09:47,1123.0,5,41910,53614,1128.82,105202,-3.32
2021-06-15 14:09:48,1123.0,5,41909,53609,1128.82,105207,-3.32
2021-06-15 14:09:48,1123.0,3,41909,53609,1128.82,105207,-3.32
2021-06-15 14:09:49,1123.0,3,41909,53618,1128.82,105210,-3.32
2021-06-15 14:09:52,1123.0,3,41910,53606,1128.82,105210,-3.32
2021-06-15 14:09:56,1123.0,3,41915,53606,1128.82,105210,-3.32
2021-06-15 14:09:58,1123.0,3,41914,53606,1128.82,105210,-3.32
2021-06-15 14:10:08,1122.0,2,41914,53606,1128.82,105210,-3.4
2021-06-15 14:10:09,1122.0,2,41913,53606,1128.82,105212,-3.4
2021-06-15 14:10:14,1122.0,2,41914,53606,1128.82,105212,-3.4
2021-06-15 14:10:16,1123.0,1,41914,53606,1128.82,105212,-3.32
2021-06-15 14:10:30,1123.0,1,41914,53605,1128.82,105213,-3.32
2021-06-15 14:10:35,1122.0,3,41914,53605,1128.82,105213,-3.4
2021-06-15 14:10:36,1122.0,3,41911,53605,1128.82,105216,-3.4
2021-06-15 14:10:46,1123.0,10,41911,53605,1128.82,105216,-3.32
2021-06-15 14:10:46,1123.0,10,41911,53595,1128.82,105226,-3.32
2021-06-15 14:10:53,1122.0,5,41845,53621,1128.82,105285,-3.4
2021-06-15 14:10:55,1122.0,5,41854,53621,1128.82,105285,-3.4
2021-06-15 14:10:58,1122.0,5,41754,53621,1128.82,105285,-3.4
2021-06-15 14:11:11,1122.85,2,41754,53621,1128.82,105285,-3.33
2021-06-15 14:11:16,1122.85,2,41760,53582,1128.81,105325,-3.33
2021-06-15 14:11:17,1122.85,2,41760,53602,1128.81,105325,-3.33
2021-06-15 14:11:18,1121.95,10,41760,53602,1128.81,105325,-3.41
2021-06-15 14:11:22,1121.95,10,41750,53629,1128.81,105335,-3.41
2021-06-15 14:11:22,1121.95,10,41748,53629,1128.81,105335,-3.41
2021-06-15 14:11:26,1121.95,10,41749,53629,1128.81,105335,-3.41
2021-06-15 14:11:27,1121.95,10,41719,53629,1128.81,105335,-3.41
2021-06-15 14:11:33,1121.95,10,41718,53629,1128.81,105335,-3.41
2021-06-15 14:11:35,1121.6,2,41718,53629,1128.81,105335,-3.44
2021-06-15 14:11:36,1121.6,2,41606,53547,1128.8,105488,-3.44
2021-06-15 14:11:37,1121.6,2,41611,53547,1128.8,105488,-3.44
2021-06-15 14:11:41,1121.6,2,41612,53547,1128.8,105488,-3.44
2021-06-15 14:11:46,1121.6,2,41622,53547,1128.8,105488,-3.44
2021-06-15 14:11:53,1121.6,2,41623,53547,1128.8,105488,-3.44
2021-06-15 14:11:54,1122.55,1,41623,53547,1128.8,105488,-3.36
2021-06-15 14:11:55,1122.55,1,41623,53546,1128.8,105489,-3.36
2021-06-15 14:11:58,1122.55,1,41623,53496,1128.8,105489,-3.36
2021-06-15 14:12:09,1122.55,1,41633,53496,1128.8,105489,-3.36
2021-06-15 14:12:13,1122.55,1,41629,53496,1128.8,105489,-3.36
2021-06-15 14:12:15,1122.85,11,41629,53496,1128.8,105489,-3.33
2021-06-15 14:12:16,1122.85,11,41622,53445,1128.8,105579,-3.33
2021-06-15 14:12:21,1122.85,11,41622,53447,1128.8,105579,-3.33
2021-06-15 14:12:31,1122.85,11,41620,53475,1128.8,105579,-3.33
2021-06-15 14:12:38,1122.85,1,41620,53475,1128.8,105579,-3.33
2021-06-15 14:12:39,1122.85,1,41604,53448,1128.8,105582,-3.33
2021-06-15 14:12:41,1122.85,1,41604,53443,1128.8,105582,-3.33
2021-06-15 14:12:59,1121.3,8,41604,53443,1128.8,105582,-3.47
2021-06-15 14:13:00,1121.3,8,41594,53446,1128.8,105590,-3.47
2021-06-15 14:13:03,1121.3,8,41587,53446,1128.8,105590,-3.47
2021-06-15 14:13:05,1121.3,8,40649,52366,1128.8,105590,-3.47
2021-06-15 14:13:07,1122.6,2,40649,52366,1128.8,105590,-3.35
2021-06-15 14:13:07,1122.6,2,40649,52363,1128.8,105592,-3.35
2021-06-15 14:13:18,1122.85,5,40649,52363,1128.8,105592,-3.33
2021-06-15 14:13:18,1122.85,5,40649,52367,1128.8,105617,-3.33
2021-06-15 14:13:22,1122.85,5,40651,52365,1128.8,105617,-3.33
2021-06-15 14:13:27,1122.85,5,40651,52438,1128.8,105617,-3.33
2021-06-15 14:13:31,1122.85,5,40615,52439,1128.8,105617,-3.33
2021-06-15 14:13:33,1122.85,5,40619,52439,1128.8,105617,-3.33
2021-06-15 14:13:34,1122.85,12,40619,52422,1128.79,105637,-3.33
2021-06-15 14:13:36,1122.85,12,40627,52423,1128.79,105637,-3.33
2021-06-15 14:13:37,1122.85,12,40627,52444,1128.79,105637,-3.33
2021-06-15 14:13:39,1122.85,12,40627,52443,1128.79,105637,-3.33
2021-06-15 14:13:46,1122.85,12,40629,52447,1128.79,105637,-3.33
2021-06-15 14:13:52,1122.85,12,40729,52447,1128.79,105637,-3.33
2021-06-15 14:13:54,1122.85,12,40729,52446,1128.79,105637,-3.33
2021-06-15 14:13:55,1122.7,6,40729,52446,1128.79,105637,-3.34
2021-06-15 14:13:55,1122.7,6,40707,52430,1128.79,105715,-3.34
2021-06-15 14:13:56,1122.75,3,40707,52430,1128.79,105715,-3.34
2021-06-15 14:13:57,1122.75,3,40710,52900,1128.79,105725,-3.34
2021-06-15 14:13:58,1122.75,3,40718,52900,1128.79,105725,-3.34
2021-06-15 14:14:10,1122.75,3,41118,52900,1128.79,105725,-3.34
2021-06-15 14:14:18,1121.1,2,41132,52954,1128.79,105745,-3.48
2021-06-15 14:14:19,1121.1,2,41132,52850,1128.79,105745,-3.48
2021-06-15 14:14:21,1121.05,4,41132,52850,1128.79,105745,-3.49
2021-06-15 14:14:21,1121.05,4,41128,52850,1128.79,105749,-3.49
2021-06-15 14:14:22,1121.05,4,41123,52850,1128.79,105749,-3.49
2021-06-15 14:14:25,1121.05,4,41123,52844,1128.79,105749,-3.49
2021-06-15 14:14:28,1121.05,4,41143,52844,1128.79,105749,-3.49
2021-06-15 14:14:32,1121.05,4,41142,52844,1128.79,105749,-3.49
2021-06-15 14:14:34,1121.0,3,41132,52847,1128.79,105756,-3.49
2021-06-15 14:14:35,1121.0,3,41133,52847,1128.79,105756,-3.49
2021-06-15 14:14:39,1120.75,19,41133,52847,1128.79,105756,-3.51
2021-06-15 14:14:39,1121.6,8,41973,54339,1128.78,105860,-3.44
2021-06-15 14:14:41,1121.6,8,41979,54263,1128.78,105860,-3.44
2021-06-15 14:14:43,1121.6,8,41987,54262,1128.78,105860,-3.44
2021-06-15 14:14:44,1120.6,10,41958,54320,1128.78,105910,-3.53
2021-06-15 14:14:46,1120.6,10,41973,54320,1128.78,105910,-3.53
2021-06-15 14:14:47,1120.6,10,41970,54312,1128.78,105910,-3.53
2021-06-15 14:14:50,1120.6,10,42070,54312,1128.78,105910,-3.53
2021-06-15 14:14:54,1120.6,20,42070,54312,1128.78,105910,-3.53
2021-06-15 14:14:55,1120.6,20,42093,54284,1128.77,105930,-3.53
2021-06-15 14:14:56,1120.35,21,42093,54284,1128.77,105930,-3.55
2021-06-15 14:14:57,1120.35,21,42052,54290,1128.77,105980,-3.55
2021-06-15 14:14:58,1120.35,21,42053,54297,1128.77,105980,-3.55
2021-06-15 14:15:00,1120.35,21,42053,54268,1128.77,105980,-3.55
2021-06-15 14:15:04,1120.35,21,42043,54266,1128.77,105980,-3.55
2021-06-15 14:15:07,1120.35,21,42044,54266,1128.77,105980,-3.55
2021-06-15 14:15:07,1120.0,2,42044,54266,1128.77,105980,-3.58
2021-06-15 14:15:10,1121.0,15,41484,54308,1128.73,106483,-3.49
2021-06-15 14:15:10,1121.0,15,41480,54292,1128.73,106498,-3.49
2021-06-15 14:15:12,1120.0,3,41480,54292,1128.73,106498,-3.58
2021-06-15 14:15:14,1120.0,3,41472,54304,1128.73,106501,-3.58
2021-06-15 14:15:15,1120.0,3,41467,54307,1128.73,106501,-3.58
2021-06-15 14:15:22,1120.0,3,41472,54306,1128.73,106501,-3.58
2021-06-15 14:15:23,1121.05,5,41472,54306,1128.73,106501,-3.49
2021-06-15 14:15:24,1121.05,5,41467,54232,1128.72,106596,-3.49
2021-06-15 14:15:27,1121.05,5,41451,54232,1128.72,106596,-3.49
2021-06-15 14:15:28,1120.35,1,41402,54232,1128.72,106597,-3.55
2021-06-15 14:15:29,1120.0,21,41402,54232,1128.72,106597,-3.58
2021-06-15 14:15:30,1120.0,21,41390,54248,1128.72,106622,-3.58
2021-06-15 14:15:32,1120.0,21,41440,54246,1128.72,106622,-3.58
2021-06-15 14:15:37,1120.0,21,41451,54245,1128.72,106622,-3.58
2021-06-15 14:15:39,1120.0,21,41452,54245,1128.72,106622,-3.58
2021-06-15 14:15:39,1121.35,5,41452,54245,1128.72,106622,-3.46
2021-06-15 14:15:40,1121.35,5,41436,54229,1128.72,106637,-3.46
2021-06-15 14:15:42,1121.35,5,41468,54230,1128.72,106637,-3.46
2021-06-15 14:15:43,1121.35,5,41468,54220,1128.72,106637,-3.46
2021-06-15 14:15:45,1121.35,5,41448,54219,1128.72,106637,-3.46
2021-06-15 14:15:46,1121.35,1,41451,54215,1128.72,106638,-3.46
2021-06-15 14:15:49,1121.35,1,41452,54218,1128.72,106638,-3.46
2021-06-15 14:15:53,1121.35,1,41454,54215,1128.72,106638,-3.46
2021-06-15 14:15:56,1121.4,4,41455,54204,1128.72,106665,-3.46
2021-06-15 14:15:57,1120.0,11,41455,54204,1128.72,106665,-3.58
2021-06-15 14:15:58,1120.0,11,41376,54263,1128.71,106775,-3.58
2021-06-15 14:15:58,1121.5,1,41376,54263,1128.71,106775,-3.45
2021-06-15 14:15:59,1121.5,1,41403,54130,1128.7,106845,-3.45
2021-06-15 14:16:00,1121.7,20,41403,54130,1128.7,106845,-3.43
2021-06-15 14:16:01,1121.7,20,41393,54153,1128.7,106865,-3.43
2021-06-15 14:16:03,1121.7,20,41399,54154,1128.7,106865,-3.43
2021-06-15 14:16:09,1120.0,35,41399,54154,1128.7,106865,-3.58
2021-06-15 14:16:10,1120.0,35,41353,54174,1128.69,106940,-3.58
2021-06-15 14:16:12,1120.0,35,41367,54174,1128.69,106940,-3.58
2021-06-15 14:16:13,1120.0,35,41368,54175,1128.69,106940,-3.58
2021-06-15 14:16:15,1120.0,35,41373,54175,1128.69,106940,-3.58
2021-06-15 14:16:19,1120.0,35,41378,54175,1128.69,106940,-3.58
2021-06-15 14:16:34,1121.55,5,41366,54154,1128.69,106990,-3.44
2021-06-15 14:16:35,1120.2,2,41366,54154,1128.69,106990,-3.56
2021-06-15 14:16:36,1120.2,2,41379,54147,1128.69,106996,-3.56
2021-06-15 14:16:46,1120.25,25,41371,54138,1128.69,107021,-3.56
2021-06-15 14:16:46,1120.1,5,41371,54138,1128.69,107021,-3.57
2021-06-15 14:16:48,1120.1,5,41372,54143,1128.69,107026,-3.57
2021-06-15 14:16:49,1120.1,5,41366,54151,1128.69,107026,-3.57
2021-06-15 14:16:51,1120.1,5,41366,54176,1128.69,107026,-3.57
2021-06-15 14:16:54,1120.1,5,41361,54176,1128.69,107026,-3.57
2021-06-15 14:17:03,1120.1,5,41362,54176,1128.69,107026,-3.57
2021-06-15 14:17:07,1120.15,1,41362,54176,1128.69,107026,-3.56
2021-06-15 14:17:09,1120.15,1,41354,54177,1128.69,107027,-3.56
2021-06-15 14:17:10,1120.15,5,41354,54177,1128.69,107027,-3.56
2021-06-15 14:17:12,1120.15,5,41353,54182,1128.69,107032,-3.56
2021-06-15 14:17:13,1120.15,20,41353,54182,1128.69,107032,-3.56
2021-06-15 14:17:14,1120.15,20,41345,54189,1128.69,107052,-3.56
2021-06-15 14:17:19,1120.15,20,41360,53717,1128.69,107052,-3.56
2021-06-15 14:17:22,1120.15,20,41366,53245,1128.69,107052,-3.56
2021-06-15 14:17:22,1120.2,7,41366,53245,1128.69,107052,-3.56
2021-06-15 14:17:23,1120.2,7,41376,53251,1128.69,107059,-3.56
2021-06-15 14:17:27,1120.2,7,41671,53223,1128.69,107059,-3.56
2021-06-15 14:17:28,1120.2,7,41670,53231,1128.69,107059,-3.56
2021-06-15 14:17:37,1120.2,7,41663,53231,1128.69,107059,-3.56
2021-06-15 14:17:39,1120.2,7,42091,53202,1128.69,107059,-3.56
2021-06-15 14:17:40,1120.2,7,42090,53210,1128.69,107059,-3.56
2021-06-15 14:17:43,1120.2,7,42088,53205,1128.69,107059,-3.56
2021-06-15 14:17:44,1121.8,14,42088,53205,1128.69,107059,-3.42
2021-06-15 14:17:45,1121.8,14,42053,53189,1128.68,107109,-3.42
2021-06-15 14:18:00,1121.7,10,42138,53175,1128.68,107119,-3.43
2021-06-15 14:18:06,1120.1,40,42138,53175,1128.68,107119,-3.57
2021-06-15 14:18:07,1120.1,40,42339,53198,1128.67,107209,-3.57
2021-06-15 14:18:09,1120.1,40,42345,53200,1128.67,107209,-3.57
2021-06-15 14:18:12,1121.6,1,42345,53200,1128.67,107209,-3.44
2021-06-15 14:18:13,1121.6,1,42357,53200,1128.67,107210,-3.44
2021-06-15 14:18:15,1121.6,1,42351,53170,1128.67,107210,-3.44
2021-06-15 14:18:21,1121.6,1,42363,53170,1128.67,107210,-3.44
2021-06-15 14:18:24,1121.6,1,42364,53170,1128.67,107210,-3.44
2021-06-15 14:18:25,1121.6,1,42404,53170,1128.67,107210,-3.44
2021-06-15 14:18:40,1121.6,1,42405,53170,1128.67,107210,-3.44
2021-06-15 14:18:44,1121.6,1,42395,53170,1128.67,107210,-3.44
2021-06-15 14:18:46,1121.6,1,42355,53170,1128.67,107210,-3.44
2021-06-15 14:18:49,1121.6,1,42355,53195,1128.67,107210,-3.44
2021-06-15 14:18:55,1121.6,1,42351,53695,1128.67,107210,-3.44
2021-06-15 14:19:00,1121.35,10,42351,53695,1128.67,107210,-3.46
2021-06-15 14:19:01,1121.35,10,42361,53681,1128.67,107220,-3.46
2021-06-15 14:19:04,1121.25,4,42361,53681,1128.67,107220,-3.47
2021-06-15 14:19:05,1121.25,4,42361,53677,1128.67,107224,-3.47
2021-06-15 14:19:08,1120.35,18,42361,53677,1128.67,107224,-3.55
2021-06-15 14:19:30,1120.35,18,42358,53695,1128.67,107249,-3.55
2021-06-15 14:19:40,1120.35,18,42408,53695,1128.67,107249,-3.55
2021-06-15 14:19:42,1121.25,12,42408,53695,1128.67,107249,-3.47
2021-06-15 14:19:50,1121.25,12,42414,53689,1128.67,107261,-3.47
2021-06-15 14:19:51,1120.4,3,42414,53689,1128.67,107261,-3.54
2021-06-15 14:19:52,1120.4,3,42414,53692,1128.67,107264,-3.54
2021-06-15 14:19:57,1121.25,5,42414,53692,1128.67,107264,-3.47
2021-06-15 14:19:57,1121.25,5,42414,53687,1128.67,107269,-3.47
2021-06-15 14:20:07,1121.25,5,42365,53687,1128.67,107269,-3.47
2021-06-15 14:20:28,1121.5,2,42372,53657,1128.67,107319,-3.45
2021-06-15 14:20:31,1121.5,2,42383,53657,1128.67,107319,-3.45
2021-06-15 14:20:42,1121.5,2,42384,53657,1128.67,107319,-3.45
2021-06-15 14:20:49,1121.5,2,42385,53657,1128.67,107319,-3.45
2021-06-15 14:20:53,1121.5,2,42386,53657,1128.67,107319,-3.45
2021-06-15 14:20:55,1121.5,2,42386,53658,1128.67,107319,-3.45
2021-06-15 14:20:57,1121.5,2,42387,53658,1128.67,107319,-3.45
2021-06-15 14:20:58,1121.5,2,42363,53658,1128.67,107319,-3.45
2021-06-15 14:21:07,1121.5,2,42363,53628,1128.67,107319,-3.45
2021-06-15 14:21:10,1121.5,2,42375,53628,1128.67,107319,-3.45
2021-06-15 14:21:14,1121.55,44,42392,53601,1128.66,107369,-3.44
2021-06-15 14:21:21,1121.55,44,42390,53574,1128.66,107369,-3.44
2021-06-15 14:21:22,1121.55,44,42390,53582,1128.66,107369,-3.44
2021-06-15 14:21:28,1121.55,2,42390,53582,1128.66,107369,-3.44
2021-06-15 14:21:28,1121.55,2,42389,53609,1128.66,107371,-3.44
2021-06-15 14:21:30,1120.2,5,42389,53609,1128.66,107371,-3.56
2021-06-15 14:21:30,1120.2,5,42356,53647,1128.66,107451,-3.56
2021-06-15 14:21:40,1120.2,5,42356,53622,1128.66,107451,-3.56
2021-06-15 14:21:42,1120.1,6,42356,53622,1128.66,107451,-3.57
2021-06-15 14:21:44,1120.1,6,42337,53622,1128.65,107501,-3.57
2021-06-15 14:21:45,1121.45,4,42337,53622,1128.65,107501,-3.45
2021-06-15 14:21:46,1121.45,4,42316,53618,1128.65,107505,-3.45
2021-06-15 14:21:49,1121.45,4,42317,53618,1128.65,107505,-3.45
2021-06-15 14:22:09,1121.45,4,42313,53618,1128.65,107505,-3.45
2021-06-15 14:22:10,1121.45,15,42313,53618,1128.65,107505,-3.45
2021-06-15 14:22:11,1121.45,15,42352,53621,1128.65,107539,-3.45
2021-06-15 14:22:18,1120.1,44,42285,53621,1128.64,107639,-3.57
2021-06-15 14:22:20,1120.1,44,42302,53629,1128.64,107639,-3.57
2021-06-15 14:22:23,1120.1,44,42300,53625,1128.64,107639,-3.57
2021-06-15 14:22:25,1120.1,44,42299,53625,1128.64,107639,-3.57
2021-06-15 14:22:42,1120.1,44,42246,53540,1128.64,107639,-3.57
2021-06-15 14:22:46,1120.1,44,42247,53540,1128.64,107639,-3.57
2021-06-15 14:22:48,1121.4,20,42267,53541,1128.64,107659,-3.46
2021-06-15 14:22:49,1120.1,3,42267,53541,1128.64,107659,-3.57
2021-06-15 14:22:50,1120.1,3,42239,53541,1128.64,107686,-3.57
2021-06-15 14:22:54,1120.1,3,42241,53541,1128.64,107686,-3.57
2021-06-15 14:23:01,1120.1,3,42241,53540,1128.64,107686,-3.57
2021-06-15 14:23:03,1120.1,3,42291,53540,1128.64,107686,-3.57
2021-06-15 14:23:05,1120.1,3,42300,53539,1128.64,107686,-3.57
2021-06-15 14:23:08,1120.1,3,42296,53539,1128.64,107686,-3.57
2021-06-15 14:23:10,1120.1,3,42301,53529,1128.64,107686,-3.57
2021-06-15 14:23:12,1120.1,3,42301,53538,1128.64,107686,-3.57
2021-06-15 14:23:14,1120.1,3,42323,53551,1128.64,107686,-3.57
2021-06-15 14:23:16,1121.45,1,42324,53551,1128.64,107687,-3.45
2021-06-15 14:23:19,1121.45,1,42326,53651,1128.64,107687,-3.45
2021-06-15 14:23:21,1121.45,1,42321,53651,1128.64,107687,-3.45
2021-06-15 14:23:25,1121.45,1,42334,53643,1128.64,107687,-3.45
2021-06-15 14:23:26,1120.15,1,42334,53643,1128.64,107687,-3.56
2021-06-15 14:23:27,1120.15,1,42329,53645,1128.64,107692,-3.56
2021-06-15 14:23:28,1120.15,1,42323,54079,1128.64,107692,-3.56
2021-06-15 14:23:31,1120.15,1,42323,54064,1128.64,107692,-3.56
2021-06-15 14:23:40,1121.25,7,42330,54064,1128.64,107699,-3.47
2021-06-15 14:23:43,1121.25,7,42330,53636,1128.64,107699,-3.47
2021-06-15 14:23:48,1121.25,7,42179,53636,1128.64,107699,-3.47
2021-06-15 14:23:54,1121.4,32,42179,53636,1128.64,107699,-3.46
2021-06-15 14:23:54,1121.4,32,42195,53624,1128.64,107736,-3.46
2021-06-15 14:23:57,1120.2,1,42195,53624,1128.64,107736,-3.56
2021-06-15 14:23:58,1120.2,1,42195,53628,1128.64,107737,-3.56
2021-06-15 14:23:59,1121.65,3,42195,53628,1128.64,107737,-3.44
2021-06-15 14:24:00,1121.65,3,42668,53167,1128.59,108406,-3.44
2021-06-15 14:24:02,1121.65,3,42664,53180,1128.59,108406,-3.44
2021-06-15 14:24:05,1123.0,100,42664,53180,1128.59,108406,-3.32
2021-06-15 14:24:06,1123.0,100,42209,53022,1128.56,108969,-3.32
2021-06-15 14:24:07,1123.0,100,42207,53044,1128.56,108969,-3.32
2021-06-15 14:24:16,1123.0,100,42227,53045,1128.56,108969,-3.32
2021-06-15 14:24:18,1123.0,100,42196,53040,1128.56,108969,-3.32
2021-06-15 14:24:25,1122.95,1,42196,53040,1128.56,108969,-3.32
2021-06-15 14:24:26,1122.95,1,42186,53040,1128.56,108970,-3.32
2021-06-15 14:24:29,1123.0,1,42186,53040,1128.56,108970,-3.32
2021-06-15 14:24:30,1123.0,1,42186,53039,1128.56,108971,-3.32
2021-06-15 14:24:42,1121.65,11,42186,53039,1128.56,108971,-3.44
2021-06-15 14:24:49,1121.65,11,42183,53063,1128.56,108982,-3.44
2021-06-15 14:25:00,1121.65,11,42210,53063,1128.56,108982,-3.44
2021-06-15 14:25:07,1121.65,11,42209,53156,1128.56,108982,-3.44
2021-06-15 14:25:09,1123.0,2,42209,53156,1128.56,108982,-3.32
2021-06-15 14:25:09,1123.0,2,42213,53131,1128.56,109032,-3.32
2021-06-15 14:25:11,1123.0,2,42253,53117,1128.56,109032,-3.32
2021-06-15 14:25:13,1123.0,2,42334,53131,1128.56,109032,-3.32
2021-06-15 14:25:15,1123.0,2,42342,53130,1128.56,109032,-3.32
2021-06-15 14:25:27,1123.0,2,42342,53129,1128.56,109032,-3.32
2021-06-15 14:25:27,1123.0,2,42477,53129,1128.56,109032,-3.32
2021-06-15 14:25:42,1123.0,2,42477,53138,1128.56,109032,-3.32
2021-06-15 14:25:46,1123.0,17,42477,53138,1128.56,109032,-3.32
2021-06-15 14:25:47,1123.0,17,42452,53129,1128.56,109057,-3.32
2021-06-15 14:25:58,1123.0,17,42370,53124,1128.56,109057,-3.32
2021-06-15 14:26:13,1121.0,29,42377,53196,1128.55,109157,-3.49
2021-06-15 14:26:15,1121.0,29,42406,53205,1128.55,109157,-3.49
2021-06-15 14:26:16,1122.15,1,42412,53185,1128.55,109158,-3.39
2021-06-15 14:26:24,1122.15,1,42412,53178,1128.55,109158,-3.39
2021-06-15 14:26:26,1122.15,5,42402,53198,1128.55,109163,-3.39
2021-06-15 14:26:42,1122.15,5,42408,53198,1128.55,109163,-3.39
2021-06-15 14:26:48,1122.25,5,42408,53198,1128.55,109163,-3.38
2021-06-15 14:26:49,1122.25,5,42407,53173,1128.55,109168,-3.38
2021-06-15 14:27:04,1122.25,5,42382,53173,1128.55,109168,-3.38
2021-06-15 14:27:15,1120.6,6,42382,53173,1128.55,109168,-3.53
2021-06-15 14:27:16,1120.6,6,42367,53174,1128.54,109218,-3.53
2021-06-15 14:27:18,1120.6,6,42369,53171,1128.54,109218,-3.53
2021-06-15 14:27:19,1120.6,6,42369,53179,1128.54,109218,-3.53
2021-06-15 14:27:35,1120.6,6,42379,53179,1128.54,109218,-3.53
2021-06-15 14:27:39,1120.6,6,42319,53179,1128.54,109218,-3.53
2021-06-15 14:27:46,1120.35,12,42319,53179,1128.54,109218,-3.55
2021-06-15 14:27:48,1120.35,12,42299,53178,1128.54,109263,-3.55
2021-06-15 14:27:49,1120.35,12,42319,53180,1128.54,109263,-3.55
2021-06-15 14:27:55,1121.75,1,42319,53180,1128.54,109263,-3.43
2021-06-15 14:28:00,1121.75,1,42315,53192,1128.54,109264,-3.43
2021-06-15 14:28:01,1121.75,1,42316,53192,1128.54,109265,-3.43
2021-06-15 14:28:03,1121.75,1,42334,53191,1128.54,109265,-3.43
2021-06-15 14:28:24,1121.75,1,42339,53192,1128.54,109265,-3.43
2021-06-15 14:28:24,1121.75,1,42332,53194,1128.54,109266,-3.43
2021-06-15 14:28:33,1121.75,1,42340,53192,1128.54,109266,-3.43
2021-06-15 14:28:39,1121.75,1,42039,53192,1128.54,109266,-3.43
2021-06-15 14:28:45,1120.15,3,42020,53201,1128.54,109302,-3.56
2021-06-15 14:28:51,1120.15,3,42014,53194,1128.54,109302,-3.56
2021-06-15 14:28:53,1121.65,1,42014,53194,1128.54,109302,-3.44
2021-06-15 14:28:54,1121.65,1,42016,53194,1128.54,109303,-3.44
2021-06-15 14:28:56,1121.65,1,42026,53192,1128.54,109303,-3.44
2021-06-15 14:29:03,1121.65,1,41626,53192,1128.54,109303,-3.44
2021-06-15 14:29:04,1120.1,1,41626,53192,1128.54,109303,-3.57
2021-06-15 14:29:06,1120.1,1,41571,53192,1128.53,109363,-3.57
2021-06-15 14:29:16,1121.7,8,41571,53192,1128.53,109363,-3.43
2021-06-15 14:29:18,1121.7,8,41613,53193,1128.53,109403,-3.43
2021-06-15 14:29:26,1121.65,20,41613,53193,1128.53,109403,-3.44
2021-06-15 14:29:27,1121.65,20,41610,53198,1128.53,109423,-3.44
2021-06-15 14:29:32,1121.65,20,41614,53208,1128.53,109423,-3.44
2021-06-15 14:29:33,1122.0,5,41614,53208,1128.53,109423,-3.4
2021-06-15 14:29:34,1122.0,5,41595,53196,1128.53,109428,-3.4
2021-06-15 14:29:37,1122.0,5,41596,53196,1128.53,109428,-3.4
2021-06-15 14:29:41,1122.0,5,41596,53236,1128.53,109428,-3.4
2021-06-15 14:29:44,1122.0,5,41596,53226,1128.53,109428,-3.4
2021-06-15 14:29:49,1122.05,1,41596,53225,1128.53,109429,-3.4
2021-06-15 14:29:55,1120.75,4,41596,53229,1128.53,109433,-3.51
2021-06-15 14:30:01,1120.75,4,41747,53229,1128.53,109433,-3.51
2021-06-15 14:30:02,1120.75,4,41737,53229,1128.53,109433,-3.51
2021-06-15 14:30:06,1120.75,4,41737,53236,1128.53,109433,-3.51
2021-06-15 14:30:07,1120.75,4,41747,53236,1128.53,109433,-3.51
2021-06-15 14:30:09,1120.7,8,41947,53236,1128.53,109433,-3.52
2021-06-15 14:30:11,1120.7,8,41928,53262,1128.53,109483,-3.52
2021-06-15 14:30:13,1120.7,8,41958,53260,1128.53,109483,-3.52
2021-06-15 14:30:17,1120.7,8,41959,53251,1128.53,109483,-3.52
2021-06-15 14:30:18,1121.85,25,41959,53251,1128.53,109483,-3.42
2021-06-15 14:30:20,1121.85,25,41961,53241,1128.52,109508,-3.42
2021-06-15 14:30:28,1121.85,25,41970,53241,1128.52,109508,-3.42
2021-06-15 14:30:31,1121.95,1,41970,53241,1128.52,109508,-3.41
2021-06-15 14:30:33,1121.95,1,41970,53240,1128.52,109509,-3.41
2021-06-15 14:30:35,1120.5,7,41970,53240,1128.52,109509,-3.53
2021-06-15 14:30:39,1120.5,7,41956,53271,1128.52,109516,-3.53
2021-06-15 14:30:48,1120.5,7,41964,53271,1128.52,109516,-3.53
2021-06-15 14:30:50,1121.55,6,41964,53263,1128.52,109522,-3.44
2021-06-15 14:30:52,1121.55,6,41984,53271,1128.52,109522,-3.44
2021-06-15 14:30:58,1121.55,6,41964,53271,1128.52,109522,-3.44
2021-06-15 14:31:00,1121.55,6,42015,53271,1128.52,109522,-3.44
2021-06-15 14:31:09,1120.5,1,42015,53264,1128.52,109523,-3.53
2021-06-15 14:31:10,1120.5,1,42014,53264,1128.52,109523,-3.53
2021-06-15 14:31:18,1121.7,5,42014,53264,1128.52,109523,-3.43
2021-06-15 14:31:18,1121.7,5,42011,53259,1128.52,109528,-3.43
2021-06-15 14:31:22,1121.7,5,42021,53259,1128.52,109528,-3.43
2021-06-15 14:31:36,1121.7,5,42021,53279,1128.52,109528,-3.43
2021-06-15 14:31:39,1121.7,5,42025,53279,1128.52,109528,-3.43
2021-06-15 14:31:40,1121.7,5,42025,53294,1128.52,109528,-3.43
2021-06-15 14:31:45,1121.7,5,42026,53294,1128.52,109528,-3.43
2021-06-15 14:31:46,1121.7,5,42016,53294,1128.52,109528,-3.43
2021-06-15 14:31:51,1121.8,15,42016,53294,1128.52,109528,-3.42
2021-06-15 14:31:52,1121.8,15,42016,53279,1128.52,109543,-3.42
2021-06-15 14:31:54,1121.8,15,42016,53244,1128.52,109543,-3.42
2021-06-15 14:32:01,1121.9,16,42016,53252,1128.52,109563,-3.41
2021-06-15 14:32:02,1120.45,18,41978,53305,1128.51,109713,-3.54
2021-06-15 14:32:04,1120.45,18,41979,53298,1128.51,109713,-3.54
2021-06-15 14:32:07,1120.45,18,41986,53306,1128.51,109713,-3.54
2021-06-15 14:32:09,1120.45,18,41994,53306,1128.51,109713,-3.54
2021-06-15 14:32:10,1120.45,18,41995,53306,1128.51,109713,-3.54
2021-06-15 14:32:23,1120.45,18,41995,53304,1128.51,109713,-3.54
2021-06-15 14:32:31,1121.55,5,42016,53245,1128.51,109718,-3.44
2021-06-15 14:32:33,1121.55,5,42015,53280,1128.51,109718,-3.44
2021-06-15 14:32:36,1121.55,5,42017,53280,1128.51,109718,-3.44
2021-06-15 14:32:40,1121.55,5,42117,53280,1128.51,109718,-3.44
2021-06-15 14:32:45,1121.55,5,42115,53255,1128.51,109718,-3.44
2021-06-15 14:32:55,1121.55,5,42086,53255,1128.51,109718,-3.44
2021-06-15 14:32:58,1121.55,5,42085,53255,1128.51,109718,-3.44
2021-06-15 14:33:00,1121.55,5,41985,53255,1128.51,109718,-3.44
2021-06-15 14:33:02,1121.55,5,41985,53256,1128.51,109718,-3.44
2021-06-15 14:33:04,1121.8,34,41985,53256,1128.51,109718,-3.42
2021-06-15 14:33:08,1121.8,34,41983,53191,1128.5,109790,-3.42
2021-06-15 14:33:10,1121.8,34,41985,53191,1128.5,109790,-3.42
2021-06-15 14:33:17,1121.8,34,41985,53183,1128.5,109790,-3.42
2021-06-15 14:33:19,1122.4,10,41985,53183,1128.5,109790,-3.37
2021-06-15 14:33:19,1122.4,10,41973,53146,1128.5,109840,-3.37
2021-06-15 14:33:22,1122.4,10,41973,53155,1128.5,109840,-3.37
2021-06-15 14:33:27,1121.6,20,41973,53155,1128.5,109840,-3.44
2021-06-15 14:33:28,1121.6,20,41960,53194,1128.5,109860,-3.44
2021-06-15 14:33:30,1121.6,20,41935,53202,1128.5,109860,-3.44
2021-06-15 14:33:39,1121.6,20,41935,53204,1128.5,109860,-3.44
2021-06-15 14:33:48,1121.6,20,41935,53195,1128.5,109860,-3.44
2021-06-15 14:33:49,1121.6,20,41935,53201,1128.5,109860,-3.44
2021-06-15 14:34:10,1121.6,20,42186,53216,1128.5,109860,-3.44
2021-06-15 14:34:32,1121.6,20,42222,53208,1128.5,109860,-3.44
2021-06-15 14:34:37,1122.8,8,42223,53208,1128.5,109868,-3.34
2021-06-15 14:34:39,1122.8,8,42213,53208,1128.5,109868,-3.34
2021-06-15 14:34:45,1122.8,8,42509,53200,1128.5,109868,-3.34
2021-06-15 14:34:49,1122.8,8,42533,53127,1128.5,109868,-3.34
2021-06-15 14:34:56,1122.8,8,42533,53105,1128.5,109868,-3.34
2021-06-15 14:35:02,1122.8,8,42549,53117,1128.5,109868,-3.34
2021-06-15 14:35:07,1122.8,8,42571,53115,1128.5,109868,-3.34
2021-06-15 14:35:08,1122.8,8,42571,53117,1128.5,109868,-3.34
2021-06-15 14:35:19,1122.8,8,42551,53111,1128.5,109868,-3.34
2021-06-15 14:35:21,1122.8,8,42551,53117,1128.5,109868,-3.34
2021-06-15 14:35:23,1122.8,8,42547,53111,1128.5,109868,-3.34
2021-06-15 14:35:25,1122.8,8,42613,53117,1128.5,109868,-3.34
2021-06-15 14:35:28,1122.8,8,42610,53117,1128.5,109868,-3.34
2021-06-15 14:35:32,1122.8,8,42620,53117,1128.5,109868,-3.34
2021-06-15 14:35:41,1122.8,8,42620,53045,1128.5,109868,-3.34
2021-06-15 14:35:47,1122.95,12,42620,53022,1128.5,109895,-3.32
2021-06-15 14:35:52,1123.0,1,42620,53022,1128.5,109895,-3.32
2021-06-15 14:35:52,1123.0,1,42633,53019,1128.5,109905,-3.32
2021-06-15 14:35:57,1122.95,5,42633,53019,1128.5,109905,-3.32
2021-06-15 14:35:58,1122.95,5,42603,53002,1128.5,109910,-3.32
2021-06-15 14:36:10,1122.95,5,42583,53002,1128.5,109910,-3.32
2021-06-15 14:36:18,1123.0,1,42583,53002,1128.5,109910,-3.32
2021-06-15 14:36:18,1123.0,1,42583,53007,1128.5,109915,-3.32
2021-06-15 14:36:22,1123.0,1,42618,53007,1128.5,109915,-3.32
2021-06-15 14:36:23,1122.95,1,42618,53007,1128.5,109915,-3.32
2021-06-15 14:36:27,1122.95,1,42618,53006,1128.5,109916,-3.32
2021-06-15 14:36:28,1122.95,1,42618,53005,1128.5,109917,-3.32
2021-06-15 14:36:33,1122.95,1,42618,52976,1128.5,109917,-3.32
2021-06-15 14:36:36,1123.0,6,42618,52976,1128.5,109917,-3.32
2021-06-15 14:36:36,1123.0,6,42605,52977,1128.5,109930,-3.32
2021-06-15 14:36:38,1123.0,6,42605,52959,1128.5,109930,-3.32
2021-06-15 14:36:47,1123.0,6,42655,52969,1128.5,109930,-3.32
2021-06-15 14:36:49,1123.0,6,42655,53019,1128.5,109930,-3.32
2021-06-15 14:36:52,1123.0,11,42655,52990,1128.5,109950,-3.32
2021-06-15 14:36:55,1123.0,3,42655,52991,1128.5,109953,-3.32
2021-06-15 14:37:00,1123.0,3,42555,52987,1128.5,109953,-3.32
2021-06-15 14:37:22,1123.0,131,42555,52987,1128.5,109953,-3.32
2021-06-15 14:37:24,1123.0,131,42570,52848,1128.49,110084,-3.32
2021-06-15 14:37:26,1123.0,131,42620,52860,1128.49,110084,-3.32
2021-06-15 14:37:33,1123.0,131,42724,52880,1128.49,110084,-3.32
2021-06-15 14:37:36,1123.0,131,42724,52888,1128.49,110084,-3.32
2021-06-15 14:37:42,1123.0,9,42644,52879,1128.49,110093,-3.32
2021-06-15 14:37:51,1123.0,5,42644,52879,1128.49,110093,-3.32
2021-06-15 14:37:52,1123.0,5,42644,52866,1128.49,110098,-3.32
2021-06-15 14:37:54,1123.0,1,42644,52865,1128.49,110099,-3.32
2021-06-15 14:37:58,1123.0,1,42644,52883,1128.49,110099,-3.32
2021-06-15 14:37:58,1123.0,5,42644,52883,1128.49,110099,-3.32
2021-06-15 14:38:00,1123.0,5,42639,52878,1128.49,110104,-3.32
2021-06-15 14:38:01,1122.9,5,42639,52878,1128.49,110104,-3.33
2021-06-15 14:38:01,1122.9,5,42634,52878,1128.49,110109,-3.33
2021-06-15 14:38:13,1122.9,5,42637,52878,1128.49,110109,-3.33
2021-06-15 14:38:21,1122.9,10,42625,52855,1128.49,110119,-3.33
2021-06-15 14:38:23,1122.9,10,42443,52852,1128.49,110119,-3.33
2021-06-15 14:38:40,1122.9,10,42453,52852,1128.49,110119,-3.33
2021-06-15 14:38:40,1123.0,1,42453,52852,1128.49,110119,-3.32
2021-06-15 14:38:42,1123.0,1,42449,52858,1128.49,110130,-3.32
2021-06-15 14:38:47,1123.0,1,42449,52908,1128.49,110130,-3.32
2021-06-15 14:39:04,1123.0,5,42449,52908,1128.49,110130,-3.32
2021-06-15 14:39:04,1123.0,5,42450,52903,1128.49,110135,-3.32
2021-06-15 14:39:08,1123.0,5,42449,53003,1128.49,110135,-3.32
2021-06-15 14:39:17,1122.8,7,42417,52977,1128.48,110195,-3.34
2021-06-15 14:39:23,1122.95,6,42417,52977,1128.48,110195,-3.32
2021-06-15 14:39:24,1122.95,6,42416,52968,1128.48,110210,-3.32
2021-06-15 14:39:26,1122.95,6,42416,52944,1128.48,110210,-3.32
2021-06-15 14:39:34,1122.95,1,42416,52943,1128.48,110211,-3.32
2021-06-15 14:39:40,1122.95,1,42415,52943,1128.48,110211,-3.32
2021-06-15 14:39:51,1122.95,1,42415,52843,1128.48,110211,-3.32
2021-06-15 14:39:53,1122.95,1,42414,52851,1128.48,110211,-3.32
2021-06-15 14:40:02,1122.95,1,42414,52877,1128.48,110211,-3.32
2021-06-15 14:40:06,1122.95,1,42412,52902,1128.48,110211,-3.32
2021-06-15 14:40:16,1122.95,1,42415,52865,1128.48,110211,-3.32
2021-06-15 14:40:18,1122.95,1,42407,52922,1128.48,110211,-3.32
2021-06-15 14:40:20,1122.95,1,42382,52868,1128.48,110211,-3.32
2021-06-15 14:40:22,1122.95,1,42390,52893,1128.48,110211,-3.32
2021-06-15 14:40:27,1122.95,1,42390,52896,1128.48,110211,-3.32
2021-06-15 14:40:27,1121.55,2,42390,52896,1128.48,110211,-3.44
2021-06-15 14:40:28,1121.55,2,41769,52922,1128.44,110868,-3.44
2021-06-15 14:40:39,1121.55,2,41793,52912,1128.44,110868,-3.44
2021-06-15 14:41:00,1121.55,2,41793,52911,1128.44,110868,-3.44
2021-06-15 14:41:04,1122.1,2,41795,52927,1128.44,110870,-3.4
2021-06-15 14:41:06,1122.1,2,41788,52930,1128.44,110870,-3.4
2021-06-15 14:41:13,1120.45,4,41769,52933,1128.44,110910,-3.54
2021-06-15 14:41:15,1120.45,4,41814,52925,1128.44,110910,-3.54
2021-06-15 14:41:15,1121.8,1,41814,52925,1128.44,110910,-3.42
2021-06-15 14:41:16,1121.8,1,41796,52910,1128.44,110911,-3.42
2021-06-15 14:41:20,1121.8,1,41804,52910,1128.44,110911,-3.42
2021-06-15 14:41:22,1121.8,1,41809,52913,1128.44,110911,-3.42
2021-06-15 14:41:27,1121.95,5,41809,52913,1128.44,110911,-3.41
2021-06-15 14:41:28,1121.95,5,41914,52913,1128.44,110916,-3.41
2021-06-15 14:41:36,1121.95,15,41914,52913,1128.44,110916,-3.41
2021-06-15 14:41:37,1121.95,15,41929,52910,1128.44,110931,-3.41
2021-06-15 14:41:51,1121.95,15,41929,52909,1128.44,110931,-3.41
2021-06-15 14:41:54,1121.95,15,41944,52909,1128.44,110931,-3.41
2021-06-15 14:41:55,1121.95,18,41944,52909,1128.44,110931,-3.41
2021-06-15 14:41:56,1121.95,18,41954,52890,1128.44,110981,-3.41
2021-06-15 14:42:01,1122.0,84,41956,52787,1128.43,111076,-3.4
2021-06-15 14:42:07,1121.05,8,41956,52787,1128.43,111076,-3.49
2021-06-15 14:42:11,1121.85,8,41956,52787,1128.43,111076,-3.42
2021-06-15 14:42:22,1121.85,8,41973,52951,1128.43,111092,-3.42
2021-06-15 14:42:37,1121.85,8,41944,52926,1128.43,111092,-3.42
2021-06-15 14:42:40,1121.85,8,41945,52927,1128.43,111092,-3.42
2021-06-15 14:42:46,1121.85,8,41946,52927,1128.43,111092,-3.42
2021-06-15 14:42:48,1121.85,8,41942,52927,1128.43,111092,-3.42
2021-06-15 14:42:55,1121.85,8,41936,52927,1128.43,111092,-3.42
2021-06-15 14:42:58,1121.85,8,41945,52926,1128.43,111092,-3.42
2021-06-15 14:43:09,1122.0,16,42227,52956,1128.43,111108,-3.4
2021-06-15 14:43:10,1122.0,16,42222,53005,1128.43,111108,-3.4
2021-06-15 14:43:18,1122.0,16,42221,53006,1128.43,111108,-3.4
2021-06-15 14:43:23,1122.0,16,42271,52975,1128.43,111108,-3.4
2021-06-15 14:43:29,1122.0,16,42271,52995,1128.43,111108,-3.4
2021-06-15 14:43:42,1122.0,16,42297,52995,1128.43,111108,-3.4
2021-06-15 14:43:55,1122.05,1,42297,52995,1128.43,111108,-3.4
2021-06-15 14:43:57,1122.05,1,42302,52961,1128.43,111109,-3.4
2021-06-15 14:44:00,1122.05,1,42303,52918,1128.43,111109,-3.4
2021-06-15 14:44:01,1122.05,1,42312,52962,1128.43,111109,-3.4
2021-06-15 14:44:03,1122.05,1,42305,52961,1128.43,111109,-3.4
2021-06-15 14:44:15,1122.05,1,42310,52961,1128.43,111109,-3.4
2021-06-15 14:44:17,1122.05,1,42318,52961,1128.43,111109,-3.4
2021-06-15 14:44:19,1122.05,18,42304,53004,1128.43,111128,-3.4
2021-06-15 14:44:21,1122.05,18,42294,53022,1128.43,111128,-3.4
2021-06-15 14:44:22,1122.05,18,42300,53024,1128.43,111128,-3.4
2021-06-15 14:44:25,1122.05,18,42273,53024,1128.43,111128,-3.4
2021-06-15 14:44:27,1122.05,18,42301,52996,1128.43,111128,-3.4
2021-06-15 14:44:29,1122.0,14,42301,52996,1128.43,111128,-3.4
2021-06-15 14:44:30,1122.0,14,42252,53020,1128.43,111178,-3.4
2021-06-15 14:44:40,1122.0,14,42275,53020,1128.43,111178,-3.4
2021-06-15 14:44:48,1122.0,14,42275,53019,1128.43,111178,-3.4
2021-06-15 14:44:49,1122.85,25,42275,53019,1128.43,111178,-3.33
2021-06-15 14:44:51,1122.85,25,42275,52996,1128.42,111203,-3.33
2021-06-15 14:44:53,1122.85,25,42279,52996,1128.42,111203,-3.33
2021-06-15 14:44:55,1122.85,25,42277,53054,1128.42,111203,-3.33
2021-06-15 14:44:58,1122.85,25,42255,53032,1128.42,111203,-3.33
2021-06-15 14:45:02,1122.85,25,42255,53029,1128.42,111203,-3.33
2021-06-15 14:45:04,1122.85,25,42265,53029,1128.42,111203,-3.33
2021-06-15 14:45:06,1122.85,25,42247,53035,1128.42,111203,-3.33
2021-06-15 14:45:08,1122.85,25,42255,53038,1128.42,111203,-3.33
2021-06-15 14:45:10,1122.85,25,42255,53025,1128.42,111203,-3.33
2021-06-15 14:45:13,1122.85,25,42355,53019,1128.42,111203,-3.33
2021-06-15 14:45:15,1122.85,25,42355,53007,1128.42,111203,-3.33
2021-06-15 14:45:18,1122.85,25,42355,53026,1128.42,111203,-3.33
2021-06-15 14:45:20,1122.85,25,42355,52995,1128.42,111203,-3.33
2021-06-15 14:45:22,1122.85,25,42355,53023,1128.42,111203,-3.33
2021-06-15 14:45:24,1122.85,25,42355,53022,1128.42,111203,-3.33
2021-06-15 14:45:24,1122.8,2,42355,53022,1128.42,111203,-3.34
2021-06-15 14:45:27,1122.8,2,42359,53067,1128.42,111205,-3.34
2021-06-15 14:45:30,1122.8,2,42355,53083,1128.42,111205,-3.34
2021-06-15 14:45:32,1122.8,2,42355,53054,1128.42,111205,-3.34
2021-06-15 14:45:37,1122.8,2,42355,53079,1128.42,111205,-3.34
2021-06-15 14:45:48,1122.8,2,42355,53117,1128.42,111205,-3.34
2021-06-15 14:45:48,1122.8,2,42385,53077,1128.42,111207,-3.34
2021-06-15 14:45:50,1122.8,2,42391,53128,1128.42,111207,-3.34
2021-06-15 14:45:52,1122.8,2,42392,53102,1128.42,111207,-3.34
2021-06-15 14:45:56,1122.8,10,42392,53102,1128.42,111207,-3.34
2021-06-15 14:45:58,1122.8,10,42386,53079,1128.42,111217,-3.34
2021-06-15 14:46:03,1122.8,10,42378,53072,1128.42,111217,-3.34
2021-06-15 14:46:05,1122.8,10,42386,53062,1128.42,111217,-3.34
2021-06-15 14:46:12,1122.8,10,42386,53052,1128.42,111217,-3.34
2021-06-15 14:46:14,1122.8,10,42393,53166,1128.42,111217,-3.34
2021-06-15 14:46:17,1122.8,8,42393,53166,1128.42,111217,-3.34
2021-06-15 14:46:18,1122.8,8,42387,53117,1128.42,111225,-3.34
2021-06-15 14:46:24,1122.0,99,41388,53120,1128.42,111225,-3.4
2021-06-15 14:46:25,1122.0,99,41273,53222,1128.41,111547,-3.4
2021-06-15 14:46:30,1122.0,99,41268,53222,1128.41,111547,-3.4
2021-06-15 14:46:33,1122.0,171,41268,53222,1128.41,111547,-3.4
2021-06-15 14:46:34,1122.0,171,40078,53043,1128.4,111718,-3.4
2021-06-15 14:46:36,1122.0,171,41078,53043,1128.4,111718,-3.4
2021-06-15 14:46:40,1122.0,171,41079,53043,1128.4,111718,-3.4
2021-06-15 14:46:42,1122.0,171,42078,53043,1128.4,111718,-3.4
2021-06-15 14:46:43,1122.0,171,42078,52993,1128.4,111718,-3.4
2021-06-15 14:46:48,1121.0,39,42078,52993,1128.4,111718,-3.49
2021-06-15 14:46:50,1121.0,39,42002,52950,1128.39,111824,-3.49
2021-06-15 14:46:52,1121.0,39,41995,52950,1128.39,111824,-3.49
2021-06-15 14:46:54,1121.0,39,41995,52985,1128.39,111824,-3.49
2021-06-15 14:47:09,1122.35,5,41995,52985,1128.39,111824,-3.37
2021-06-15 14:47:10,1122.35,5,41967,52961,1128.39,111829,-3.37
2021-06-15 14:47:14,1122.35,5,41962,52961,1128.39,111829,-3.37
2021-06-15 14:47:22,1122.35,5,41961,52959,1128.39,111829,-3.37
2021-06-15 14:47:28,1122.35,5,41966,52959,1128.39,111829,-3.37
2021-06-15 14:47:31,1121.3,5,41966,52959,1128.39,111829,-3.47
2021-06-15 14:47:33,1121.3,5,41966,52928,1128.39,111834,-3.47
2021-06-15 14:47:35,1121.3,5,41966,52952,1128.39,111834,-3.47
2021-06-15 14:47:37,1121.3,5,41967,52952,1128.39,111834,-3.47
2021-06-15 14:47:43,1121.3,5,41942,52952,1128.39,111834,-3.47
2021-06-15 14:47:51,1121.3,5,41942,52954,1128.39,111834,-3.47
2021-06-15 14:48:00,1121.0,137,41942,52954,1128.39,111834,-3.49
2021-06-15 14:48:01,1121.0,137,41712,52990,1128.37,112064,-3.49
2021-06-15 14:48:03,1121.0,137,41716,52991,1128.37,112064,-3.49
2021-06-15 14:48:06,1121.0,137,41714,52991,1128.37,112064,-3.49
2021-06-15 14:48:11,1121.05,19,41714,52991,1128.37,112064,-3.49
2021-06-15 14:48:12,1121.85,5,41714,52991,1128.37,112064,-3.42
2021-06-15 14:48:13,1121.85,5,42019,52974,1128.37,112158,-3.42
2021-06-15 14:48:17,1121.9,7,42019,52974,1128.37,112158,-3.41
2021-06-15 14:48:25,1122.6,5,42019,52974,1128.37,112158,-3.35
2021-06-15 14:48:27,1122.6,5,42049,52952,1128.37,112174,-3.35
2021-06-15 14:48:28,1122.6,5,42041,52938,1128.37,112174,-3.35
2021-06-15 14:48:33,1122.6,5,42040,52945,1128.37,112174,-3.35
2021-06-15 14:48:35,1122.6,5,42039,52926,1128.37,112174,-3.35
2021-06-15 14:48:38,1122.6,5,42030,52918,1128.37,112174,-3.35
2021-06-15 14:48:40,1122.6,5,42038,52918,1128.37,112174,-3.35
2021-06-15 14:48:43,1122.0,15,42023,52926,1128.37,112189,-3.4
2021-06-15 14:48:45,1123.0,64,42023,52926,1128.37,112189,-3.32
2021-06-15 14:48:46,1123.0,64,42068,52597,1128.31,113253,-3.32
2021-06-15 14:48:48,1123.0,64,42051,52582,1128.31,113253,-3.32
2021-06-15 14:48:49,1123.0,64,42061,52582,1128.31,113253,-3.32
2021-06-15 14:48:51,1123.0,64,42060,52582,1128.31,113253,-3.32
2021-06-15 14:48:54,1123.0,64,42061,52581,1128.31,113253,-3.32
2021-06-15 14:48:57,1123.0,64,42067,52582,1128.31,113253,-3.32
2021-06-15 14:48:59,1123.0,64,42069,52582,1128.31,113253,-3.32
2021-06-15 14:49:00,1122.25,15,42069,52582,1128.31,113253,-3.38
2021-06-15 14:49:01,1122.25,15,41986,52632,1128.31,113323,-3.38
2021-06-15 14:49:02,1123.0,81,41986,52632,1128.31,113323,-3.32
2021-06-15 14:49:03,1123.0,81,42018,52605,1128.26,114404,-3.32
2021-06-15 14:49:06,1123.0,10,42018,52605,1128.26,114404,-3.32
2021-06-15 14:49:07,1123.0,10,42008,52595,1128.26,114414,-3.32
2021-06-15 14:49:10,1125.0,4,42607,51919,1128.2,115736,-3.15
2021-06-15 14:49:12,1125.0,4,42672,51943,1128.2,115736,-3.15
2021-06-15 14:49:12,1125.0,46,42672,51943,1128.2,115736,-3.15
2021-06-15 14:49:14,1125.0,46,42668,51996,1128.2,115782,-3.15
2021-06-15 14:49:18,1125.0,22,42633,51995,1128.2,115882,-3.15
2021-06-15 14:49:21,1125.0,22,42664,52012,1128.2,115882,-3.15
2021-06-15 14:49:22,1125.0,22,42687,52009,1128.2,115882,-3.15
2021-06-15 14:49:25,1125.0,22,42683,52019,1128.2,115882,-3.15
2021-06-15 14:49:28,1125.95,5,42683,52019,1128.2,115882,-3.06
2021-06-15 14:49:29,1125.95,5,42690,52012,1128.2,115887,-3.06
2021-06-15 14:49:33,1125.95,5,42723,51965,1128.2,115887,-3.06
2021-06-15 14:49:35,1125.95,5,42731,51965,1128.2,115887,-3.06
2021-06-15 14:49:37,1125.95,5,42730,51978,1128.2,115887,-3.06
2021-06-15 14:49:37,1125.0,11,42730,51978,1128.2,115887,-3.15
2021-06-15 14:49:39,1125.0,11,42670,52006,1128.2,115937,-3.15
2021-06-15 14:49:41,1125.0,11,42680,52006,1128.2,115937,-3.15
2021-06-15 14:49:43,1125.0,11,42671,52037,1128.2,115937,-3.15
2021-06-15 14:49:45,1125.0,11,42647,52066,1128.2,115937,-3.15
2021-06-15 14:49:49,1125.0,11,42643,52065,1128.2,115937,-3.15
2021-06-15 14:49:52,1123.9,2,42643,52065,1128.2,115937,-3.24
2021-06-15 14:49:53,1123.9,2,42648,52102,1128.2,116037,-3.24
2021-06-15 14:49:55,1123.9,2,42658,52110,1128.2,116037,-3.24
2021-06-15 14:49:58,1123.9,2,42658,52111,1128.2,116037,-3.24
2021-06-15 14:50:02,1123.9,2,42662,52110,1128.2,116037,-3.24
2021-06-15 14:50:06,1123.9,2,42668,52110,1128.2,116037,-3.24
2021-06-15 14:50:21,1123.9,2,42668,52106,1128.2,116037,-3.24
2021-06-15 14:50:23,1123.9,2,42668,52107,1128.2,116037,-3.24
2021-06-15 14:50:36,1124.05,8,42668,52107,1128.2,116037,-3.23
2021-06-15 14:50:37,1124.05,8,42655,52101,1128.2,116047,-3.23
2021-06-15 14:50:39,1124.05,8,42665,52076,1128.2,116047,-3.23
2021-06-15 14:50:40,1124.05,8,42672,52102,1128.2,116047,-3.23
2021-06-15 14:50:42,1124.05,8,42672,52111,1128.2,116047,-3.23
2021-06-15 14:50:49,1124.0,18,42697,52100,1128.2,116047,-3.23
2021-06-15 14:50:51,1124.0,18,42677,52107,1128.19,116067,-3.23
2021-06-15 14:50:54,1124.0,18,42677,52079,1128.19,116067,-3.23
2021-06-15 14:50:57,1124.05,39,42762,52106,1128.19,116106,-3.23
2021-06-15 14:50:59,1124.05,39,42801,52106,1128.19,116106,-3.23
2021-06-15 14:51:01,1124.05,39,42801,52098,1128.19,116106,-3.23
2021-06-15 14:51:04,1124.05,39,42750,52125,1128.19,116106,-3.23
2021-06-15 14:51:06,1124.05,39,42742,52123,1128.19,116106,-3.23
2021-06-15 14:51:07,1124.05,39,42782,52121,1128.19,116106,-3.23
2021-06-15 14:51:09,1124.05,39,42792,52129,1128.19,116106,-3.23
2021-06-15 14:51:13,1124.05,39,42742,52125,1128.19,116106,-3.23
2021-06-15 14:51:16,1124.05,39,42742,52150,1128.19,116106,-3.23
2021-06-15 14:51:18,1124.05,39,42792,52122,1128.19,116106,-3.23
2021-06-15 14:51:22,1124.05,39,42784,52153,1128.19,116106,-3.23
2021-06-15 14:51:25,1124.05,39,42789,52150,1128.19,116106,-3.23
2021-06-15 14:51:27,1124.05,39,42775,52153,1128.19,116106,-3.23
2021-06-15 14:51:28,1124.05,39,42777,52117,1128.19,116106,-3.23
2021-06-15 14:51:34,1124.05,39,42776,52125,1128.19,116106,-3.23
2021-06-15 14:51:39,1124.05,39,42776,52143,1128.19,116106,-3.23
2021-06-15 14:51:40,1125.85,2,42776,52143,1128.19,116106,-3.07
2021-06-15 14:51:40,1125.85,2,42698,52099,1128.19,116212,-3.07
2021-06-15 14:51:43,1125.85,2,42699,52097,1128.19,116212,-3.07
2021-06-15 14:51:46,1124.65,15,42684,52119,1128.19,116227,-3.18
2021-06-15 14:51:49,1124.65,15,42684,52111,1128.19,116227,-3.18
2021-06-15 14:51:51,1124.65,15,42684,52129,1128.19,116227,-3.18
2021-06-15 14:51:53,1125.0,4,42676,52121,1128.19,116227,-3.15
2021-06-15 14:51:55,1125.0,4,42672,52121,1128.19,116232,-3.15
2021-06-15 14:52:01,1126.0,19,42779,51984,1128.19,116364,-3.06
2021-06-15 14:52:03,1126.0,19,42719,51988,1128.19,116364,-3.06
2021-06-15 14:52:06,1126.0,19,42729,51988,1128.19,116364,-3.06
2021-06-15 14:52:12,1126.0,19,42722,51978,1128.19,116364,-3.06
2021-06-15 14:52:16,1126.0,19,42325,51981,1128.19,116364,-3.06
2021-06-15 14:52:18,1126.0,19,42325,51973,1128.19,116364,-3.06
2021-06-15 14:52:19,1126.7,1,42325,51973,1128.19,116364,-3.0
2021-06-15 14:52:21,1126.7,1,42313,51993,1128.19,116366,-3.0
2021-06-15 14:52:22,1126.7,1,42437,51974,1128.19,116366,-3.0
2021-06-15 14:52:25,1130.25,1,42244,50903,1128.19,117597,-2.69
2021-06-15 14:52:27,1130.25,1,42274,50511,1128.19,117893,-2.69
2021-06-15 14:52:29,1130.25,1,42142,50519,1128.19,117893,-2.69
2021-06-15 14:52:33,1130.25,1,42173,50492,1128.19,117893,-2.69
2021-06-15 14:52:35,1130.25,1,42195,50573,1128.19,117893,-2.69
2021-06-15 14:52:37,1129.25,10,42198,50571,1128.19,117903,-2.78
2021-06-15 14:52:39,1129.3,8,42198,50571,1128.19,117903,-2.78
2021-06-15 14:52:39,1129.3,8,42197,50573,1128.19,117911,-2.78
2021-06-15 14:52:40,1130.0,1,42197,50573,1128.19,117911,-2.72
2021-06-15 14:52:42,1130.0,1,42203,50628,1128.19,117912,-2.72
2021-06-15 14:52:45,1128.9,10,42195,50653,1128.19,117922,-2.81
2021-06-15 14:52:46,1130.0,1,42195,50653,1128.19,117922,-2.72
2021-06-15 14:52:47,1130.0,15,42194,50651,1128.19,117947,-2.72
2021-06-15 14:52:49,1128.85,19,42194,50651,1128.19,117947,-2.82
2021-06-15 14:52:51,1128.85,19,42192,50658,1128.19,117978,-2.82
2021-06-15 14:52:53,1128.85,19,42217,50664,1128.19,117978,-2.82
2021-06-15 14:52:55,1128.85,19,42217,51555,1128.19,117978,-2.82
2021-06-15 14:53:01,1128.85,19,42217,51556,1128.19,117978,-2.82
2021-06-15 14:53:03,1128.85,19,42217,51567,1128.19,117978,-2.82
2021-06-15 14:53:03,1129.65,8,42217,51567,1128.19,117978,-2.75
2021-06-15 14:53:07,1129.65,8,42219,51606,1128.19,117991,-2.75
2021-06-15 14:53:07,1128.65,6,42219,51606,1128.19,117991,-2.83
2021-06-15 14:53:09,1128.65,6,42230,51595,1128.19,118041,-2.83
2021-06-15 14:53:11,1128.65,6,42200,51583,1128.19,118041,-2.83
2021-06-15 14:53:13,1128.65,6,42208,51601,1128.19,118041,-2.83
2021-06-15 14:53:18,1128.5,3,42286,51602,1128.19,118062,-2.85
2021-06-15 14:53:19,1129.6,4,42319,51597,1128.19,118082,-2.75
2021-06-15 14:53:21,1129.6,4,42348,51598,1128.19,118082,-2.75
2021-06-15 14:53:23,1129.6,4,42335,51595,1128.19,118082,-2.75
2021-06-15 14:53:25,1128.5,12,42300,51611,1128.19,118102,-2.85
2021-06-15 14:53:27,1128.5,12,42305,51650,1128.19,118102,-2.85
2021-06-15 14:53:29,1128.5,12,42307,51639,1128.19,118102,-2.85
2021-06-15 14:53:31,1128.5,25,42283,51638,1128.19,118127,-2.85
2021-06-15 14:53:35,1128.5,55,42283,51638,1128.19,118127,-2.85
2021-06-15 14:53:37,1128.5,55,42251,51631,1128.19,118227,-2.85
2021-06-15 14:53:37,1128.5,36,42251,51631,1128.19,118227,-2.85
2021-06-15 14:53:39,1128.5,36,42248,51570,1128.19,118263,-2.85
2021-06-15 14:53:40,1128.5,36,42258,51586,1128.19,118263,-2.85
2021-06-15 14:53:50,1128.5,36,42253,51610,1128.19,118263,-2.85
2021-06-15 14:53:51,1128.45,10,42253,51610,1128.19,118263,-2.85
2021-06-15 14:53:52,1128.45,10,42253,51600,1128.19,118273,-2.85
2021-06-15 14:53:54,1128.45,10,42204,51615,1128.19,118273,-2.85
2021-06-15 14:53:56,1128.45,10,42200,51620,1128.19,118273,-2.85
2021-06-15 14:54:00,1128.45,10,42201,51615,1128.19,118273,-2.85
2021-06-15 14:54:04,1128.45,10,42251,51615,1128.19,118273,-2.85
2021-06-15 14:54:07,1128.0,10,42242,51629,1128.19,118283,-2.89
2021-06-15 14:54:09,1128.0,10,42241,51651,1128.19,118283,-2.89
2021-06-15 14:54:17,1128.0,10,42268,51651,1128.19,118283,-2.89
2021-06-15 14:54:21,1128.0,10,42268,51681,1128.19,118283,-2.89
2021-06-15 14:54:28,1128.0,10,42217,51681,1128.19,118283,-2.89
2021-06-15 14:54:28,1128.3,14,42208,51638,1128.19,118343,-2.86
2021-06-15 14:54:37,1129.0,5,42208,51638,1128.19,118343,-2.8
2021-06-15 14:54:37,1129.0,5,42166,51612,1128.19,118443,-2.8
2021-06-15 14:54:43,1128.0,16,42166,51612,1128.19,118443,-2.89
2021-06-15 14:54:43,1128.0,16,42138,51597,1128.19,118467,-2.89
2021-06-15 14:54:47,1128.85,8,42138,51597,1128.19,118467,-2.82
2021-06-15 14:54:48,1128.85,8,42144,51613,1128.19,118482,-2.82
2021-06-15 14:54:49,1128.9,3,42144,51613,1128.19,118482,-2.81
2021-06-15 14:54:50,1128.9,3,42138,51803,1128.19,118492,-2.81
2021-06-15 14:54:54,1128.1,40,42138,51803,1128.19,118492,-2.88
2021-06-15 14:54:55,1128.1,40,42148,51809,1128.19,118532,-2.88
2021-06-15 14:54:59,1128.1,40,42167,51808,1128.19,118532,-2.88
2021-06-15 14:55:01,1128.1,40,42195,51808,1128.19,118532,-2.88
2021-06-15 14:55:04,1128.95,5,42195,51808,1128.19,118532,-2.81
2021-06-15 14:55:05,1128.95,5,42171,51829,1128.19,118543,-2.81
2021-06-15 14:55:07,1128.95,5,42178,51804,1128.19,118543,-2.81
2021-06-15 14:55:09,1128.9,5,42178,51804,1128.19,118543,-2.81
2021-06-15 14:55:09,1128.9,5,42178,51799,1128.19,118548,-2.81
2021-06-15 14:55:11,1128.9,5,42176,51799,1128.19,118548,-2.81
2021-06-15 14:55:13,1128.9,5,42176,51804,1128.19,118548,-2.81
2021-06-15 14:55:15,1128.9,5,42175,51798,1128.19,118548,-2.81
2021-06-15 14:55:23,1128.9,5,42181,51885,1128.19,118548,-2.81
2021-06-15 14:55:25,1128.9,5,42181,51891,1128.19,118548,-2.81
2021-06-15 14:55:27,1128.9,5,42176,51891,1128.19,118548,-2.81
2021-06-15 14:55:30,1128.9,5,42168,51891,1128.19,118548,-2.81
2021-06-15 14:55:31,1130.15,1,42168,51891,1128.19,118548,-2.7
2021-06-15 14:55:32,1130.15,1,42150,50893,1128.21,119561,-2.7
2021-06-15 14:55:33,1130.0,49,42150,50893,1128.21,119561,-2.72
2021-06-15 14:55:34,1130.0,49,42132,50893,1128.21,119610,-2.72
2021-06-15 14:55:38,1130.0,200,42302,50698,1128.21,119810,-2.72
2021-06-15 14:55:42,1130.0,200,42286,50678,1128.21,119810,-2.72
2021-06-15 14:55:43,1130.0,2,42286,50678,1128.21,119810,-2.72
2021-06-15 14:55:44,1130.0,5,42286,50678,1128.21,119810,-2.72
2021-06-15 14:55:45,1130.0,5,42284,50678,1128.21,119819,-2.72
2021-06-15 14:55:48,1130.0,5,42274,50678,1128.21,119819,-2.72
2021-06-15 14:55:49,1130.0,50,42274,50678,1128.21,119819,-2.72
2021-06-15 14:55:50,1130.0,50,42232,50628,1128.21,119869,-2.72
2021-06-15 14:55:52,1130.2,5,42218,49725,1128.21,119880,-2.7
2021-06-15 14:55:53,1130.25,10,42218,49725,1128.21,119880,-2.69
2021-06-15 14:55:54,1130.25,10,42213,49693,1128.21,119890,-2.69
2021-06-15 14:55:54,1130.15,1,42213,49693,1128.21,119890,-2.7
2021-06-15 14:55:55,1130.15,1,42201,49703,1128.21,119909,-2.7
2021-06-15 14:55:56,1130.05,4,42201,49703,1128.21,119909,-2.71
2021-06-15 14:55:58,1130.05,4,42197,49703,1128.21,119913,-2.71
2021-06-15 14:56:02,1130.05,4,42199,49705,1128.21,119913,-2.71
2021-06-15 14:56:03,1130.0,46,42199,49705,1128.21,119913,-2.72
2021-06-15 14:56:04,1130.0,46,42209,49688,1128.21,119963,-2.72
2021-06-15 14:56:06,1130.0,46,42209,49742,1128.21,119963,-2.72
2021-06-15 14:56:08,1130.0,46,42206,49765,1128.21,119963,-2.72
2021-06-15 14:56:09,1131.0,17,42206,49765,1128.21,119963,-2.63
2021-06-15 14:56:10,1131.0,17,42257,49717,1128.21,120070,-2.63
2021-06-15 14:56:12,1131.0,17,42201,49717,1128.21,120070,-2.63
2021-06-15 14:56:21,1131.15,5,42229,49660,1128.22,120115,-2.62
2021-06-15 14:56:24,1131.05,2,42229,49660,1128.22,120115,-2.63
2021-06-15 14:56:27,1131.05,2,42228,49659,1128.22,120117,-2.63
2021-06-15 14:56:28,1131.05,2,42228,49667,1128.22,120117,-2.63
2021-06-15 14:56:31,1131.05,2,42228,49670,1128.22,120117,-2.63
2021-06-15 14:56:33,1131.05,2,42255,49670,1128.22,120117,-2.63
2021-06-15 14:56:34,1131.9,8,42255,49670,1128.22,120117,-2.55
2021-06-15 14:56:35,1131.9,8,42255,49633,1128.22,120137,-2.55
2021-06-15 14:56:36,1131.0,43,42255,49633,1128.22,120137,-2.63
2021-06-15 14:56:37,1131.0,43,42211,49645,1128.22,120189,-2.63
2021-06-15 14:56:39,1131.0,43,42195,49675,1128.22,120189,-2.63
2021-06-15 14:56:40,1130.95,5,42195,49675,1128.22,120189,-2.63
2021-06-15 14:56:42,1130.95,5,42196,49642,1128.22,120194,-2.63
2021-06-15 14:56:48,1130.0,100,42196,49672,1128.22,120194,-2.72
2021-06-15 14:56:49,1130.0,100,42310,49669,1128.22,120394,-2.72
2021-06-15 14:56:51,1130.0,100,42308,49669,1128.22,120394,-2.72
2021-06-15 14:56:53,1130.0,100,42307,49699,1128.22,120394,-2.72
2021-06-15 14:56:57,1130.05,2,42307,49699,1128.22,120394,-2.71
2021-06-15 14:56:59,1130.05,2,42295,49709,1128.22,120396,-2.71
2021-06-15 14:57:01,1130.05,2,42300,49718,1128.22,120396,-2.71
2021-06-15 14:57:04,1130.8,5,42300,49718,1128.22,120396,-2.65
2021-06-15 14:57:05,1130.8,5,42300,49713,1128.22,120401,-2.65
2021-06-15 14:57:07,1130.8,5,42300,49708,1128.22,120401,-2.65
2021-06-15 14:57:12,1130.8,3,42300,49708,1128.22,120401,-2.65
2021-06-15 14:57:13,1130.8,3,42300,49755,1128.22,120404,-2.65
2021-06-15 14:57:15,1130.0,8,42300,49755,1128.22,120404,-2.72
2021-06-15 14:57:16,1130.0,8,42281,49755,1128.22,120414,-2.72
2021-06-15 14:57:21,1130.0,8,42289,49755,1128.22,120414,-2.72
2021-06-15 14:57:22,1130.0,8,42284,49755,1128.22,120414,-2.72
2021-06-15 14:57:25,1130.0,8,42285,49755,1128.22,120414,-2.72
2021-06-15 14:57:30,1130.0,50,42249,49784,1128.22,120464,-2.72
2021-06-15 14:57:31,1130.0,50,42242,49785,1128.22,120464,-2.72
2021-06-15 14:57:36,1130.0,50,42232,49785,1128.22,120464,-2.72
2021-06-15 14:57:36,1130.0,4,42232,49785,1128.22,120464,-2.72
2021-06-15 14:57:38,1131.0,3,42211,49771,1128.22,120488,-2.63
2021-06-15 14:57:39,1131.0,3,42208,49782,1128.22,120488,-2.63
2021-06-15 14:57:42,1131.0,3,42199,49782,1128.22,120488,-2.63
2021-06-15 14:57:45,1130.0,12,42199,49782,1128.22,120488,-2.72
2021-06-15 14:57:45,1130.0,12,42188,49782,1128.22,120508,-2.72
2021-06-15 14:57:50,1130.95,2,42188,49782,1128.22,120508,-2.63
2021-06-15 14:57:50,1130.95,2,42202,49782,1128.22,120518,-2.63
2021-06-15 14:57:52,1130.95,2,42201,49782,1128.22,120518,-2.63
2021-06-15 14:57:54,1130.95,2,42191,49782,1128.22,120518,-2.63
2021-06-15 14:57:57,1130.95,2,42199,49782,1128.22,120518,-2.63
2021-06-15 14:57:58,1130.95,2,42199,49767,1128.22,120518,-2.63
2021-06-15 14:57:59,1130.05,5,42199,49767,1128.22,120518,-2.71
2021-06-15 14:58:01,1130.05,5,42194,49767,1128.22,120523,-2.71
2021-06-15 14:58:03,1130.05,5,42185,50769,1128.22,120523,-2.71
2021-06-15 14:58:04,1130.05,5,42193,50770,1128.22,120523,-2.71
2021-06-15 14:58:09,1130.05,5,42183,50770,1128.22,120523,-2.71
2021-06-15 14:58:15,1130.05,5,42183,50775,1128.22,120523,-2.71
2021-06-15 14:58:22,1130.05,5,42213,50774,1128.22,120523,-2.71
2021-06-15 14:58:24,1130.05,5,42213,50770,1128.22,120523,-2.71
2021-06-15 14:58:27,1130.0,17,42213,50770,1128.22,120523,-2.72
2021-06-15 14:58:28,1130.0,17,42189,50762,1128.22,120543,-2.72
2021-06-15 14:58:34,1130.0,17,42193,50762,1128.22,120543,-2.72
2021-06-15 14:58:42,1130.0,15,42193,50762,1128.22,120543,-2.72
2021-06-15 14:58:43,1130.0,3,42179,50762,1128.22,120558,-2.72
2021-06-15 14:58:45,1130.0,3,42201,50780,1128.22,120561,-2.72
2021-06-15 14:59:03,1130.5,2,42201,50780,1128.22,120561,-2.67
2021-06-15 14:59:04,1130.5,2,42200,50778,1128.22,120563,-2.67
2021-06-15 14:59:10,1130.5,2,42194,50778,1128.22,120563,-2.67
2021-06-15 14:59:12,1130.5,2,42193,50788,1128.22,120563,-2.67
2021-06-15 14:59:18,1130.0,26,42193,50788,1128.22,120563,-2.72
2021-06-15 14:59:18,1130.0,26,42284,50788,1128.23,120777,-2.72
2021-06-15 14:59:19,1130.0,15,42284,50788,1128.23,120777,-2.72
2021-06-15 14:59:20,1130.0,15,42267,51088,1128.23,120792,-2.72
2021-06-15 14:59:24,1130.0,5,42267,51088,1128.23,120792,-2.72
2021-06-15 14:59:24,1130.0,5,42262,51089,1128.23,120797,-2.72
2021-06-15 14:59:28,1130.0,5,42265,51090,1128.23,120797,-2.72
2021-06-15 14:59:29,1130.0,2,42265,51090,1128.23,120797,-2.72
2021-06-15 14:59:30,1130.0,2,42264,51095,1128.23,120799,-2.72
2021-06-15 14:59:33,1130.0,2,42260,51110,1128.23,120799,-2.72
2021-06-15 14:59:35,1130.0,2,42259,52140,1128.23,120799,-2.72
2021-06-15 14:59:36,1130.0,20,42259,52140,1128.23,120799,-2.72
2021-06-15 14:59:36,1130.0,40,42259,52140,1128.23,120799,-2.72
2021-06-15 14:59:37,1130.0,40,42204,52090,1128.23,120859,-2.72
2021-06-15 14:59:45,1130.0,40,42203,52100,1128.23,120859,-2.72
2021-06-15 14:59:46,1130.0,5,42203,52100,1128.23,120859,-2.72
2021-06-15 14:59:47,1130.0,160,42096,52100,1128.23,121234,-2.72
2021-06-15 14:59:49,1130.0,160,42072,52129,1128.23,121234,-2.72
2021-06-15 14:59:52,1130.0,160,42071,52129,1128.23,121234,-2.72
2021-06-15 14:59:55,1130.0,160,42079,52249,1128.23,121234,-2.72
2021-06-15 14:59:58,1130.45,5,42079,52249,1128.23,121234,-2.68
2021-06-15 14:59:59,1130.45,5,42081,52244,1128.23,121239,-2.68
2021-06-15 15:00:01,1130.45,5,42073,52240,1128.23,121239,-2.68
2021-06-15 15:00:04,1130.45,5,42079,52236,1128.23,121239,-2.68
2021-06-15 15:00:06,1130.0,25,42079,52236,1128.23,121239,-2.72
2021-06-15 15:00:08,1130.0,25,42177,52207,1128.23,121264,-2.72
2021-06-15 15:00:09,1130.45,2,42177,52207,1128.23,121264,-2.68
2021-06-15 15:00:09,1130.0,5,42177,52207,1128.23,121264,-2.72
2021-06-15 15:00:11,1130.0,5,42172,52205,1128.23,121271,-2.72
2021-06-15 15:00:14,1130.0,100,42038,51846,1128.24,121830,-2.72
2021-06-15 15:00:19,1130.0,100,42042,51836,1128.24,121830,-2.72
2021-06-15 15:00:22,1130.0,100,42040,51861,1128.24,121830,-2.72
2021-06-15 15:00:24,1130.0,100,42065,51870,1128.24,121830,-2.72
2021-06-15 15:00:25,1130.0,50,42065,51870,1128.24,121830,-2.72
2021-06-15 15:00:26,1130.0,50,42015,51770,1128.24,121880,-2.72
2021-06-15 15:00:29,1130.0,50,42104,51770,1128.24,121880,-2.72
2021-06-15 15:00:30,1130.0,46,42104,51770,1128.24,121880,-2.72
2021-06-15 15:00:31,1130.0,46,42114,51770,1128.25,121986,-2.72
2021-06-15 15:00:33,1130.0,30,42114,51770,1128.25,121986,-2.72
2021-06-15 15:00:34,1130.0,30,42093,51740,1128.25,122016,-2.72
2021-06-15 15:00:36,1130.0,30,42086,51726,1128.25,122016,-2.72
2021-06-15 15:00:40,1130.0,30,42078,51737,1128.25,122016,-2.72
2021-06-15 15:00:42,1130.0,30,42078,51746,1128.25,122016,-2.72
2021-06-15 15:00:55,1130.0,132,42078,51746,1128.25,122016,-2.72
2021-06-15 15:00:57,1130.0,132,42058,51746,1128.25,122198,-2.72
2021-06-15 15:01:03,1130.2,25,42053,51721,1128.25,122223,-2.7
2021-06-15 15:01:07,1130.2,3,42053,51718,1128.25,122226,-2.7
2021-06-15 15:01:12,1130.0,8,42053,51718,1128.25,122226,-2.72
2021-06-15 15:01:12,1130.0,8,42045,51758,1128.25,122234,-2.72
2021-06-15 15:01:14,1130.2,6,42211,51734,1128.25,122262,-2.7
2021-06-15 15:01:17,1130.2,20,42211,51734,1128.25,122262,-2.7
2021-06-15 15:01:18,1130.2,20,42191,51734,1128.25,122282,-2.7
2021-06-15 15:01:21,1130.2,50,42191,51734,1128.25,122282,-2.7
2021-06-15 15:01:30,1130.5,644,42131,51734,1128.25,122332,-2.67
2021-06-15 15:01:31,1130.5,20,42131,51734,1128.25,122332,-2.67
2021-06-15 15:01:32,1130.5,20,42253,51052,1128.26,123036,-2.67
2021-06-15 15:01:34,1130.5,20,42254,51053,1128.26,123036,-2.67
2021-06-15 15:01:36,1130.95,1,42254,51053,1128.26,123036,-2.63
2021-06-15 15:01:36,1130.95,1,42154,51052,1128.26,123037,-2.63
2021-06-15 15:01:37,1130.5,1,42154,51052,1128.26,123037,-2.67
2021-06-15 15:01:38,1130.5,50,42154,51052,1128.26,123037,-2.67
2021-06-15 15:01:39,1130.5,50,42104,51051,1128.26,123088,-2.67
2021-06-15 15:01:41,1130.5,50,41822,51053,1128.26,123088,-2.67
2021-06-15 15:01:42,1130.2,1,41822,51053,1128.26,123088,-2.7
2021-06-15 15:01:43,1130.2,1,41821,51153,1128.26,123089,-2.7
2021-06-15 15:01:48,1130.2,1,41821,51403,1128.26,123089,-2.7
2021-06-15 15:01:49,1130.2,2,41821,51403,1128.26,123089,-2.7
2021-06-15 15:01:50,1130.95,11,41821,51391,1128.26,123110,-2.63
2021-06-15 15:01:52,1130.95,11,41812,51391,1128.26,123110,-2.63
2021-06-15 15:02:01,1130.95,11,41884,51390,1128.26,123110,-2.63
2021-06-15 15:02:07,1130.95,2,41884,51390,1128.26,123110,-2.63
2021-06-15 15:02:08,1130.2,7,41884,51390,1128.26,123110,-2.7
2021-06-15 15:02:09,1130.2,7,41675,51383,1128.27,123319,-2.7
2021-06-15 15:02:11,1130.2,7,41685,51389,1128.27,123319,-2.7
2021-06-15 15:02:18,1130.2,7,41680,51415,1128.27,123319,-2.7
2021-06-15 15:02:27,1130.2,7,41693,51428,1128.27,123319,-2.7
2021-06-15 15:02:31,1130.0,63,41693,51428,1128.27,123319,-2.72
2021-06-15 15:02:31,1130.0,63,41620,51689,1128.27,123382,-2.72
2021-06-15 15:02:34,1130.0,63,41618,51689,1128.27,123382,-2.72
2021-06-15 15:02:40,1130.0,63,41608,51690,1128.27,123382,-2.72
2021-06-15 15:02:49,1130.0,63,41607,51693,1128.27,123382,-2.72
2021-06-15 15:02:52,1128.35,9,41607,51693,1128.27,123382,-2.86
2021-06-15 15:02:53,1128.35,9,41589,51811,1128.27,123403,-2.86
2021-06-15 15:02:55,1128.35,9,41583,51811,1128.27,123403,-2.86
2021-06-15 15:02:58,1128.35,9,41589,51821,1128.27,123403,-2.86
2021-06-15 15:03:01,1128.35,9,41602,51819,1128.27,123403,-2.86
2021-06-15 15:03:02,1127.0,10,41602,51819,1128.27,123403,-2.97
2021-06-15 15:03:03,1127.0,10,41455,51828,1128.27,123453,-2.97
2021-06-15 15:03:06,1127.0,10,41407,51851,1128.27,123453,-2.97
2021-06-15 15:03:06,1126.35,2,41407,51851,1128.27,123453,-3.03
2021-06-15 15:03:09,1126.35,2,41409,51850,1128.27,123455,-3.03
2021-06-15 15:03:11,1126.35,2,41417,51846,1128.27,123455,-3.03
2021-06-15 15:03:13,1126.35,2,41417,52146,1128.27,123455,-3.03
2021-06-15 15:03:14,1125.05,3,41417,52146,1128.27,123455,-3.14
2021-06-15 15:03:16,1125.05,3,41381,51895,1128.27,123465,-3.14
2021-06-15 15:03:18,1125.05,3,41382,51898,1128.27,123465,-3.14
2021-06-15 15:03:20,1125.05,3,41390,51908,1128.27,123465,-3.14
2021-06-15 15:03:25,1125.05,3,41390,51898,1128.27,123465,-3.14
2021-06-15 15:03:29,1125.05,3,41516,51908,1128.27,123465,-3.14
2021-06-15 15:03:30,1126.25,2,41516,51908,1128.27,123465,-3.04
2021-06-15 15:03:31,1126.25,2,41624,51900,1128.27,123475,-3.04
2021-06-15 15:03:33,1126.25,2,41673,51889,1128.27,123475,-3.04
2021-06-15 15:03:36,1126.25,2,41673,51896,1128.27,123475,-3.04
2021-06-15 15:03:40,1126.25,2,41682,51897,1128.27,123475,-3.04
2021-06-15 15:03:42,1126.25,2,41783,51897,1128.27,123475,-3.04
2021-06-15 15:03:43,1128.0,8,41783,51897,1128.27,123475,-2.89
2021-06-15 15:03:45,1128.0,8,41906,51877,1128.27,123514,-2.89
2021-06-15 15:03:46,1128.0,32,41906,51877,1128.27,123514,-2.89
2021-06-15 15:03:47,1128.0,32,41938,51890,1128.27,123554,-2.89
2021-06-15 15:03:54,1128.0,32,41938,51891,1128.27,123554,-2.89
2021-06-16 10:28:16,1107.45,1,36622,39610,1121.99,17537,-1.3759016831418687
2021-06-16 10:28:17,1107.45,1,36622,39633,1121.99,17537,-1.3759016831418687
2021-06-16 10:28:20,1107.45,1,36640,39631,1121.99,17537,-1.3759016831418687
2021-06-16 10:28:23,1106.55,1,36419,39619,1121.99,17537,-1.4560512957520826
2021-06-16 10:28:26,1106.55,1,36330,39622,1121.98,17538,-1.4560512957520826
2021-06-16 10:28:29,1106.55,1,36443,39622,1121.98,17540,-1.4560512957520826
2021-06-16 10:28:30,1106.3,1,36443,39622,1121.98,17540,-1.4783150770326952
2021-06-16 10:28:31,1106.3,1,36445,39622,1121.98,17541,-1.4783150770326952
2021-06-16 10:28:32,1106.3,5,36445,39622,1121.98,17541,-1.4783150770326952
2021-06-16 10:28:34,1106.3,5,36440,39622,1121.98,17546,-1.4783150770326952
2021-06-16 10:28:36,1106.3,1,36440,39622,1121.98,17546,-1.4783150770326952
2021-06-16 10:28:37,1106.3,1,36439,39622,1121.98,17547,-1.4783150770326952
2021-06-16 10:28:40,1106.3,1,36499,39622,1121.98,17547,-1.4783150770326952
2021-06-16 10:28:42,1106.3,1,36599,39622,1121.98,17547,-1.4783150770326952
2021-06-16 10:28:47,1106.3,1,37601,39599,1121.98,17547,-1.4783150770326952
2021-06-16 10:28:52,1106.3,1,37601,39591,1121.98,17547,-1.4783150770326952
2021-06-16 10:29:07,1106.3,1,37601,39611,1121.98,17547,-1.4783150770326952
2021-06-16 10:29:10,1106.3,1,37601,39626,1121.98,17547,-1.4783150770326952
2021-06-16 10:29:13,1106.3,1,37612,39626,1121.98,17547,-1.4783150770326952
2021-06-16 10:29:19,1106.3,1,37613,39626,1121.98,17547,-1.4783150770326952
