2021-06-16 10:32:16,2030.0,10,85234,85845,2039.96,55011,-0.63
2021-06-16 10:32:16,2031.0,50,85234,85845,2039.96,55011,-0.58
2021-06-16 10:32:19,2031.0,50,85356,85634,2039.92,55260,-0.58
2021-06-16 10:32:21,2031.4,30,85356,85634,2039.92,55260,-0.57
2021-06-16 10:32:23,2031.4,30,85089,85732,2039.92,55290,-0.57
2021-06-16 10:32:26,2031.4,30,85303,85585,2039.92,55290,-0.57
2021-06-16 10:32:28,2030.25,5,85303,85585,2039.92,55290,-0.62
2021-06-16 10:32:30,2030.25,5,85241,85591,2039.91,55295,-0.62
2021-06-16 10:32:33,2030.25,5,85335,85579,2039.91,55295,-0.62
2021-06-16 10:32:36,2030.25,5,85399,85611,2039.91,55295,-0.62
2021-06-16 10:32:39,2030.25,5,85573,85572,2039.91,55295,-0.62
2021-06-16 10:32:43,2030.25,5,85368,85291,2039.91,55295,-0.62
2021-06-16 10:32:46,2030.25,5,85342,85111,2039.91,55295,-0.62
2021-06-16 10:32:51,2030.25,5,85180,84915,2039.91,55295,-0.62
2021-06-16 10:32:52,2030.25,5,85164,85102,2039.91,55295,-0.62
2021-06-16 10:32:56,2030.25,5,85606,85107,2039.91,55295,-0.62
2021-06-16 10:32:59,2030.25,5,85639,85064,2039.91,55295,-0.62
2021-06-16 10:33:03,2030.25,5,85249,85056,2039.91,55295,-0.62
2021-06-16 10:33:04,2031.7,210,85249,85056,2039.91,55295,-0.55
2021-06-16 10:33:06,2031.7,210,86073,84594,2039.88,55518,-0.55
2021-06-16 10:33:09,2031.7,210,85932,84377,2039.88,55518,-0.55
2021-06-16 10:33:12,2031.7,210,86335,84556,2039.88,55518,-0.55
2021-06-16 10:33:15,2031.7,210,86667,84579,2039.88,55518,-0.55
2021-06-16 10:33:16,2032.4,50,86667,84579,2039.88,55518,-0.52
2021-06-16 10:33:22,2032.4,50,86599,84599,2039.87,55592,-0.52
2021-06-16 10:33:25,2032.4,50,85999,84598,2039.87,55592,-0.52
2021-06-16 10:33:28,2032.35,25,85203,84600,2039.87,55617,-0.52
2021-06-16 10:33:29,2032.8,7,85203,84600,2039.87,55617,-0.5
2021-06-16 10:33:36,2032.8,7,86268,83841,2039.84,55812,-0.5
2021-06-16 10:33:39,2034.55,14,86268,83841,2039.84,55812,-0.41
2021-06-16 10:33:39,2034.55,14,86576,83922,2039.83,55954,-0.41
2021-06-16 10:33:42,2034.55,14,86427,84117,2039.83,55954,-0.41
2021-06-16 10:33:45,2034.55,14,86407,84217,2039.83,55954,-0.41
2021-06-16 10:33:48,2034.55,14,86253,84567,2039.83,55954,-0.41
2021-06-16 10:33:52,2034.55,14,86289,84809,2039.83,55954,-0.41
2021-06-16 10:33:55,2034.55,14,86138,84495,2039.83,55954,-0.41
2021-06-16 10:33:58,2034.55,14,86305,84075,2039.83,55954,-0.41
2021-06-16 10:33:59,2033.35,40,86305,84075,2039.83,55954,-0.47
2021-06-16 10:34:05,2033.35,40,86457,84170,2039.82,56004,-0.47
2021-06-16 10:34:09,2033.35,40,86399,84170,2039.82,56004,-0.47
2021-06-16 10:34:12,2033.35,40,86347,84043,2039.82,56004,-0.47
2021-06-16 10:34:15,2033.35,40,86332,84075,2039.82,56004,-0.47
2021-06-16 10:34:18,2033.35,40,86292,84127,2039.82,56004,-0.47
2021-06-16 10:34:21,2033.35,40,86242,84127,2039.82,56004,-0.47
2021-06-16 10:34:24,2033.35,40,86042,84105,2039.82,56004,-0.47
2021-06-16 10:34:26,2034.1,1,86042,84105,2039.82,56004,-0.43
2021-06-16 10:34:27,2034.1,1,86017,84159,2039.82,56005,-0.43
2021-06-16 10:34:30,2034.1,1,86517,84456,2039.82,56005,-0.43
2021-06-16 10:34:33,2034.1,1,86493,84456,2039.82,56005,-0.43
2021-06-16 10:34:34,2033.65,9,86493,84456,2039.82,56005,-0.46
2021-06-16 10:34:36,2033.65,9,86499,84457,2039.82,56014,-0.46
2021-06-16 10:34:39,2033.65,9,86097,84305,2039.82,56014,-0.46
2021-06-16 10:34:40,2033.6,5,86097,84305,2039.82,56014,-0.46
2021-06-16 10:34:42,2033.6,5,86172,84242,2039.82,56019,-0.46
2021-06-16 10:34:45,2033.6,5,86172,84275,2039.82,56019,-0.46
2021-06-16 10:34:49,2033.6,5,86636,84272,2039.82,56019,-0.46
2021-06-16 10:34:52,2033.6,5,86671,84201,2039.82,56019,-0.46
2021-06-16 10:34:55,2033.0,1,86671,84201,2039.82,56019,-0.49
2021-06-16 10:34:56,2033.0,1,86616,84173,2039.82,56020,-0.49
2021-06-16 10:34:59,2033.0,1,86672,84141,2039.82,56020,-0.49
2021-06-16 10:35:03,2033.0,1,86649,84122,2039.82,56020,-0.49
2021-06-16 10:35:06,2033.0,1,86649,84097,2039.82,56020,-0.49
2021-06-16 10:35:07,2033.0,5,86649,84097,2039.82,56020,-0.49
2021-06-16 10:35:09,2033.0,5,86644,84097,2039.82,56025,-0.49
2021-06-16 10:35:12,2033.0,5,86709,83944,2039.82,56025,-0.49
2021-06-16 10:35:15,2033.0,5,86767,83925,2039.82,56025,-0.49
2021-06-16 10:35:21,2033.0,5,86791,83955,2039.82,56025,-0.49
2021-06-16 10:35:24,2033.0,5,86723,83979,2039.82,56025,-0.49
2021-06-16 10:35:25,2033.0,6,86723,83979,2039.82,56025,-0.49
2021-06-16 10:35:28,2033.0,6,86739,83967,2039.82,56031,-0.49
2021-06-16 10:35:31,2033.0,6,86728,84010,2039.82,56031,-0.49
2021-06-16 10:35:34,2033.0,6,86214,84178,2039.82,56031,-0.49
2021-06-16 10:35:43,2033.0,6,86215,84178,2039.82,56037,-0.49
2021-06-16 10:35:46,2033.0,6,86219,84330,2039.82,56037,-0.49
2021-06-16 10:35:52,2033.0,6,86219,84293,2039.82,56037,-0.49
2021-06-16 10:35:52,2033.0,50,86699,84293,2039.82,56037,-0.49
2021-06-16 10:35:55,2033.0,50,85954,84564,2039.81,56094,-0.49
2021-06-16 10:35:58,2033.0,50,86434,84259,2039.81,56094,-0.49
2021-06-16 10:36:02,2033.0,50,86148,84259,2039.81,56094,-0.49
2021-06-16 10:36:06,2033.0,50,86278,84342,2039.81,56094,-0.49
2021-06-16 10:36:08,2033.0,50,86373,84262,2039.81,56094,-0.49
2021-06-16 10:36:11,2033.0,50,85732,84876,2039.81,56094,-0.49
2021-06-16 10:36:15,2033.0,50,86455,84548,2039.81,56094,-0.49
2021-06-16 10:36:16,2031.75,100,86455,84548,2039.81,56094,-0.55
2021-06-16 10:36:18,2031.75,100,85956,84675,2039.8,56194,-0.55
2021-06-16 10:36:21,2031.75,100,85811,84731,2039.8,56194,-0.55
2021-06-16 10:36:24,2031.75,100,85097,85225,2039.8,56194,-0.55
2021-06-16 10:36:27,2031.75,100,85222,85080,2039.8,56194,-0.55
2021-06-16 10:36:30,2031.75,100,85341,84986,2039.8,56194,-0.55
2021-06-16 10:36:33,2031.75,100,85294,84986,2039.8,56194,-0.55
2021-06-16 10:36:36,2031.75,100,85271,84986,2039.8,56194,-0.55
2021-06-16 10:36:39,2031.75,100,85439,84946,2039.8,56194,-0.55
2021-06-16 10:36:42,2031.75,100,85034,84566,2039.8,56194,-0.55
2021-06-16 10:36:45,2031.75,100,85410,84946,2039.8,56194,-0.55
2021-06-16 10:36:48,2032.0,20,85433,84946,2039.8,56194,-0.54
2021-06-16 10:36:51,2032.0,20,85586,84986,2039.79,56214,-0.54
2021-06-16 10:36:54,2032.0,20,85586,85058,2039.79,56214,-0.54
2021-06-16 10:36:54,2032.0,30,85586,85058,2039.79,56214,-0.54
2021-06-16 10:36:57,2032.0,30,86165,85056,2039.79,56244,-0.54
2021-06-16 10:37:00,2032.0,30,85627,85132,2039.79,56244,-0.54
2021-06-16 10:37:03,2032.0,30,85714,85021,2039.79,56244,-0.54
2021-06-16 10:37:06,2032.0,30,85717,85069,2039.79,56244,-0.54
2021-06-16 10:37:10,2032.0,30,85702,85046,2039.79,56244,-0.54
2021-06-16 10:37:13,2031.2,17,85705,85096,2039.79,56244,-0.58
2021-06-16 10:37:15,2031.7,10,85705,85096,2039.79,56244,-0.55
2021-06-16 10:37:16,2031.7,10,85970,85371,2039.79,56271,-0.55
2021-06-16 10:37:19,2031.7,10,85354,85331,2039.79,56271,-0.55
2021-06-16 10:37:22,2031.7,10,85388,85373,2039.79,56271,-0.55
2021-06-16 10:37:25,2031.7,10,85235,84625,2039.79,56271,-0.55
2021-06-16 10:37:28,2031.7,10,85259,84664,2039.79,56271,-0.55
2021-06-16 10:37:30,2031.7,10,85167,85423,2039.79,56271,-0.55
2021-06-16 10:37:33,2031.7,10,85162,85428,2039.79,56271,-0.55
2021-06-16 10:37:37,2031.7,10,85421,85393,2039.79,56271,-0.55
2021-06-16 10:37:41,2031.7,10,85328,85183,2039.79,56271,-0.55
2021-06-16 10:37:41,2031.2,3,85328,85183,2039.79,56271,-0.58
2021-06-16 10:37:43,2031.2,3,85316,85155,2039.79,56274,-0.58
2021-06-16 10:37:45,2031.2,9,85316,85155,2039.79,56274,-0.58
2021-06-16 10:37:46,2031.2,9,85162,84763,2039.78,56283,-0.58
2021-06-16 10:37:49,2031.2,9,85205,85456,2039.78,56283,-0.58
2021-06-16 10:37:52,2031.2,9,85205,85445,2039.78,56283,-0.58
2021-06-16 10:38:00,2031.2,9,85391,85390,2039.78,56283,-0.58
2021-06-16 10:38:03,2031.2,9,85391,85393,2039.78,56283,-0.58
2021-06-16 10:38:06,2031.2,9,85336,85423,2039.78,56283,-0.58
2021-06-16 10:38:08,2031.2,9,85280,84713,2039.78,56283,-0.58
2021-06-16 10:38:11,2031.2,9,85277,85412,2039.78,56283,-0.58
2021-06-16 10:38:13,2031.2,9,85287,85189,2039.78,56283,-0.58
2021-06-16 10:38:16,2031.2,9,85358,85423,2039.78,56283,-0.58
2021-06-16 10:38:21,2031.2,9,85223,85422,2039.78,56283,-0.58
2021-06-16 10:38:21,2031.15,11,85223,85422,2039.78,56283,-0.58
2021-06-16 10:38:24,2031.15,11,85851,84967,2039.78,56294,-0.58
2021-06-16 10:38:26,2032.0,1,85851,84967,2039.78,56294,-0.54
2021-06-16 10:38:27,2032.0,1,85755,85319,2039.78,56295,-0.54
2021-06-16 10:38:30,2032.0,1,85862,85319,2039.78,56295,-0.54
2021-06-16 10:38:33,2032.0,1,85838,85319,2039.78,56295,-0.54
2021-06-16 10:38:35,2032.0,1,85859,84976,2039.78,56295,-0.54
2021-06-16 10:38:38,2032.0,1,85763,85314,2039.78,56295,-0.54
2021-06-16 10:38:40,2031.9,41,85763,85314,2039.78,56295,-0.54
2021-06-16 10:38:41,2031.9,41,85724,85292,2039.76,56445,-0.54
2021-06-16 10:38:42,2031.15,1,85724,85292,2039.76,56445,-0.58
2021-06-16 10:38:43,2031.9,6,85724,85292,2039.76,56445,-0.54
2021-06-16 10:38:47,2031.9,6,85723,85283,2039.76,56452,-0.54
2021-06-16 10:38:52,2031.9,6,85787,85304,2039.76,56452,-0.54
2021-06-16 10:38:55,2031.9,6,85981,85165,2039.76,56452,-0.54
2021-06-16 10:38:58,2031.9,6,85932,85274,2039.76,56452,-0.54
2021-06-16 10:39:01,2031.9,6,85967,84866,2039.76,56452,-0.54
2021-06-16 10:39:04,2031.9,6,85946,85092,2039.76,56452,-0.54
2021-06-16 10:39:06,2031.9,6,85946,85077,2039.76,56452,-0.54
2021-06-16 10:39:08,2031.9,6,85946,85099,2039.76,56452,-0.54
2021-06-16 10:39:09,2031.9,6,86004,84888,2039.76,56452,-0.54
2021-06-16 10:39:13,2031.9,6,86004,85080,2039.76,56452,-0.54
2021-06-16 10:39:16,2031.9,6,86004,85176,2039.76,56452,-0.54
2021-06-16 10:39:16,2031.9,6,86004,85140,2039.76,56452,-0.54
2021-06-16 10:39:19,2031.85,5,86004,85163,2039.76,56452,-0.54
2021-06-16 10:39:19,2031.85,5,86034,85183,2039.76,56457,-0.54
2021-06-16 10:39:21,2031.85,5,85962,85216,2039.76,56457,-0.54
2021-06-16 10:39:21,2031.85,5,85962,85227,2039.76,56457,-0.54
2021-06-16 10:39:22,2031.85,5,85711,85588,2039.76,56457,-0.54
2021-06-16 10:39:23,2031.85,5,85675,85588,2039.76,56457,-0.54
2021-06-16 10:39:24,2031.85,5,85175,85588,2039.76,56457,-0.54
2021-06-16 10:39:25,2031.85,5,85103,85624,2039.76,56457,-0.54
2021-06-16 10:39:27,2031.85,5,85175,85624,2039.76,56457,-0.54
2021-06-16 10:39:33,2031.85,5,85224,84917,2039.76,56457,-0.54
2021-06-16 10:39:33,2031.85,5,85388,85072,2039.76,56457,-0.54
2021-06-16 10:39:34,2031.85,5,85449,85228,2039.76,56457,-0.54
2021-06-16 10:39:35,2031.85,5,85449,85249,2039.76,56457,-0.54
2021-06-16 10:39:36,2031.85,5,85449,85260,2039.76,56457,-0.54
2021-06-16 10:39:38,2031.85,5,85443,85274,2039.76,56457,-0.54
2021-06-16 10:39:39,2031.85,5,85397,85285,2039.76,56457,-0.54
2021-06-16 10:39:40,2031.85,10,85276,85747,2039.76,56467,-0.54
2021-06-16 10:39:41,2031.85,10,85276,85638,2039.76,56467,-0.54
2021-06-16 10:39:42,2031.85,10,85276,85733,2039.76,56467,-0.54
2021-06-16 10:39:43,2031.85,10,85302,85684,2039.76,56467,-0.54
2021-06-16 10:39:45,2031.85,10,85314,85670,2039.76,56467,-0.54
2021-06-16 10:39:45,2031.85,10,85314,85758,2039.76,56467,-0.54
2021-06-16 10:39:46,2031.85,10,85314,85778,2039.76,56467,-0.54
2021-06-16 10:39:49,2031.85,10,85315,85669,2039.76,56467,-0.54
2021-06-16 10:39:51,2031.15,12,85315,85669,2039.76,56467,-0.58
2021-06-16 10:39:52,2031.15,12,84781,85648,2039.75,56495,-0.58
2021-06-16 10:39:52,2031.15,12,84785,85907,2039.75,56495,-0.58
2021-06-16 10:39:53,2030.65,5,84779,85818,2039.75,56500,-0.6
2021-06-16 10:39:54,2030.65,5,84688,86072,2039.75,56500,-0.6
2021-06-16 10:39:56,2030.65,5,84070,85867,2039.75,56500,-0.6
2021-06-16 10:39:57,2030.65,5,84728,86204,2039.75,56500,-0.6
2021-06-16 10:39:58,2030.65,5,84753,86132,2039.75,56500,-0.6
2021-06-16 10:39:59,2030.65,5,84769,85874,2039.75,56500,-0.6
2021-06-16 10:40:00,2030.65,5,84963,85672,2039.75,56500,-0.6
2021-06-16 10:40:01,2031.05,10,84963,85672,2039.75,56500,-0.58
2021-06-16 10:40:01,2031.05,10,85069,85744,2039.75,56510,-0.58
2021-06-16 10:40:02,2031.05,10,85105,85744,2039.75,56510,-0.58
2021-06-16 10:40:03,2031.05,10,85205,85775,2039.75,56510,-0.58
2021-06-16 10:40:04,2031.05,10,85116,85830,2039.75,56510,-0.58
2021-06-16 10:40:05,2031.05,10,85461,86001,2039.75,56510,-0.58
2021-06-16 10:40:07,2031.05,10,85551,85925,2039.75,56510,-0.58
2021-06-16 10:40:09,2031.05,10,85587,85925,2039.75,56510,-0.58
2021-06-16 10:40:09,2031.05,10,85585,85776,2039.75,56510,-0.58
2021-06-16 10:40:10,2030.1,2,85585,85776,2039.75,56510,-0.63
2021-06-16 10:40:10,2030.1,2,84856,85899,2039.75,56535,-0.63
2021-06-16 10:40:12,2030.1,2,84983,85834,2039.75,56535,-0.63
2021-06-16 10:40:12,2030.1,2,84832,85948,2039.75,56535,-0.63
2021-06-16 10:40:13,2030.1,2,84993,85712,2039.75,56535,-0.63
2021-06-16 10:40:15,2030.1,2,84864,85794,2039.75,56535,-0.63
2021-06-16 10:40:16,2030.1,2,84842,85117,2039.75,56535,-0.63
2021-06-16 10:40:16,2030.1,2,84811,85954,2039.75,56535,-0.63
2021-06-16 10:40:19,2030.1,2,84881,86109,2039.75,56535,-0.63
2021-06-16 10:40:19,2030.1,2,84981,86000,2039.75,56535,-0.63
2021-06-16 10:40:20,2030.0,5,84981,86000,2039.75,56535,-0.63
2021-06-16 10:40:21,2030.0,5,85064,86009,2039.74,56550,-0.63
2021-06-16 10:40:22,2030.0,5,85114,86009,2039.74,56550,-0.63
2021-06-16 10:40:25,2031.35,2,85278,86027,2039.74,56576,-0.57
2021-06-16 10:40:26,2031.35,2,85423,86036,2039.74,56576,-0.57
2021-06-16 10:40:29,2031.35,2,85388,86041,2039.74,56576,-0.57
2021-06-16 10:40:30,2031.35,2,85442,85968,2039.74,56576,-0.57
2021-06-16 10:40:30,2031.35,2,85542,85968,2039.74,56576,-0.57
2021-06-16 10:40:31,2031.35,2,85555,85959,2039.74,56576,-0.57
2021-06-16 10:40:33,2031.35,2,85565,85959,2039.74,56576,-0.57
2021-06-16 10:40:39,2031.35,2,85259,86092,2039.74,56576,-0.57
2021-06-16 10:40:39,2031.35,2,85042,86218,2039.74,56576,-0.57
2021-06-16 10:40:40,2031.35,2,85559,86096,2039.74,56576,-0.57
2021-06-16 10:40:41,2031.35,2,85621,86096,2039.74,56576,-0.57
2021-06-16 10:40:42,2029.8,5,85621,86096,2039.74,56576,-0.64
2021-06-16 10:40:42,2029.8,5,85598,86021,2039.74,56581,-0.64
2021-06-16 10:40:43,2029.8,5,85609,86021,2039.74,56581,-0.64
2021-06-16 10:40:44,2029.8,5,85720,85891,2039.74,56581,-0.64
2021-06-16 10:40:45,2029.8,5,84573,86233,2039.74,56581,-0.64
2021-06-16 10:40:48,2029.8,5,84721,86224,2039.74,56581,-0.64
2021-06-16 10:40:51,2029.8,5,84735,86224,2039.74,56581,-0.64
2021-06-16 10:40:51,2029.8,5,85256,86224,2039.74,56581,-0.64
2021-06-16 10:40:52,2029.8,5,85191,86235,2039.74,56581,-0.64
2021-06-16 10:40:57,2029.8,5,85212,86235,2039.74,56581,-0.64
2021-06-16 10:40:58,2029.8,5,85238,86265,2039.74,56581,-0.64
2021-06-16 10:41:00,2029.8,5,85238,86225,2039.74,56581,-0.64
2021-06-16 10:41:01,2029.8,5,85298,86200,2039.74,56581,-0.64
2021-06-16 10:41:02,2029.8,5,85413,86105,2039.74,56581,-0.64
2021-06-16 10:41:05,2029.8,5,85369,86105,2039.74,56581,-0.64
2021-06-16 10:41:06,2029.8,5,85869,86105,2039.74,56581,-0.64
2021-06-16 10:41:07,2029.8,5,85689,86105,2039.74,56581,-0.64
2021-06-16 10:41:07,2029.8,5,85690,86105,2039.74,56581,-0.64
2021-06-16 10:41:09,2029.8,5,85685,86105,2039.74,56581,-0.64
2021-06-16 10:41:10,2029.8,5,85576,86181,2039.74,56581,-0.64
2021-06-16 10:41:11,2029.8,5,85539,86195,2039.74,56581,-0.64
2021-06-16 10:41:13,2029.8,5,85539,86150,2039.74,56581,-0.64
2021-06-16 10:41:14,2029.8,5,85539,86171,2039.74,56581,-0.64
2021-06-16 10:41:15,2029.8,5,85763,85347,2039.74,56581,-0.64
2021-06-16 10:41:16,2029.8,5,85742,85661,2039.74,56581,-0.64
2021-06-16 10:41:18,2029.8,5,85970,85661,2039.74,56581,-0.64
2021-06-16 10:41:20,2029.8,5,86006,85664,2039.74,56581,-0.64
2021-06-16 10:41:21,2029.8,5,85885,85634,2039.74,56581,-0.64
2021-06-16 10:41:25,2029.8,5,85987,85762,2039.74,56581,-0.64
2021-06-16 10:41:25,2029.8,5,85991,85628,2039.74,56581,-0.64
2021-06-16 10:41:31,2029.8,5,85991,85640,2039.74,56581,-0.64
2021-06-16 10:41:31,2029.8,5,85971,85640,2039.74,56581,-0.64
2021-06-16 10:41:32,2029.8,5,85992,85641,2039.74,56581,-0.64
2021-06-16 10:41:34,2029.8,5,85492,85641,2039.74,56581,-0.64
2021-06-16 10:41:39,2029.8,5,85592,85641,2039.74,56581,-0.64
2021-06-16 10:41:41,2029.8,5,85419,85676,2039.74,56581,-0.64
2021-06-16 10:41:42,2029.8,5,85919,85676,2039.74,56581,-0.64
2021-06-16 10:41:43,2029.8,5,85876,85698,2039.74,56581,-0.64
2021-06-16 10:41:44,2029.8,5,85876,85598,2039.74,56581,-0.64
2021-06-16 10:41:46,2029.8,5,85236,85729,2039.74,56581,-0.64
2021-06-16 10:41:48,2029.8,5,85761,85729,2039.74,56581,-0.64
2021-06-16 10:41:49,2029.8,94,85761,85729,2039.74,56581,-0.64
2021-06-16 10:41:49,2029.8,94,85749,85361,2039.71,56781,-0.64
2021-06-16 10:41:51,2029.8,94,85807,85857,2039.71,56781,-0.64
2021-06-16 10:41:51,2029.8,94,85783,85871,2039.71,56781,-0.64
2021-06-16 10:41:53,2031.35,5,85551,85817,2039.7,56796,-0.57
2021-06-16 10:41:55,2031.35,5,85548,85826,2039.7,56796,-0.57
2021-06-16 10:41:55,2031.45,15,85676,85812,2039.7,56811,-0.56
2021-06-16 10:41:57,2031.45,15,85656,85119,2039.7,56811,-0.56
2021-06-16 10:41:58,2031.45,15,85722,85756,2039.7,56811,-0.56
2021-06-16 10:41:59,2031.45,15,85791,85776,2039.7,56811,-0.56
2021-06-16 10:42:00,2031.45,15,85122,85970,2039.7,56811,-0.56
2021-06-16 10:42:01,2031.45,15,85466,86025,2039.7,56811,-0.56
2021-06-16 10:42:03,2031.45,15,85502,86028,2039.7,56811,-0.56
2021-06-16 10:42:04,2031.45,15,85471,86146,2039.7,56811,-0.56
2021-06-16 10:42:04,2031.45,15,85500,86023,2039.7,56811,-0.56
2021-06-16 10:42:06,2031.45,15,85543,86020,2039.7,56811,-0.56
2021-06-16 10:42:06,2031.2,2,85543,86020,2039.7,56811,-0.58
2021-06-16 10:42:07,2031.2,2,85948,85137,2039.7,56813,-0.58
2021-06-16 10:42:09,2031.2,2,85938,85289,2039.7,56813,-0.58
2021-06-16 10:42:10,2031.2,2,85936,85292,2039.7,56813,-0.58
2021-06-16 10:42:12,2031.2,2,86000,85308,2039.7,56813,-0.58
2021-06-16 10:42:13,2031.2,2,85948,85262,2039.7,56813,-0.58
2021-06-16 10:42:13,2031.3,5,85759,85514,2039.7,56818,-0.57
2021-06-16 10:42:15,2031.3,5,85703,85711,2039.7,56818,-0.57
2021-06-16 10:42:16,2031.3,5,85870,85689,2039.7,56818,-0.57
2021-06-16 10:42:16,2031.3,5,85923,85583,2039.7,56818,-0.57
2021-06-16 10:42:18,2031.3,5,85893,85605,2039.7,56818,-0.57
2021-06-16 10:42:18,2031.3,5,85621,85767,2039.7,56818,-0.57
2021-06-16 10:42:19,2031.3,5,85621,85971,2039.7,56818,-0.57
2021-06-16 10:42:21,2031.3,5,85633,85971,2039.7,56818,-0.57
2021-06-16 10:42:21,2031.3,5,85670,85825,2039.7,56818,-0.57
2021-06-16 10:42:22,2031.3,5,85662,86021,2039.7,56818,-0.57
2021-06-16 10:42:24,2031.3,5,85733,85909,2039.7,56818,-0.57
2021-06-16 10:42:25,2031.3,5,85733,85930,2039.7,56818,-0.57
2021-06-16 10:42:25,2031.3,5,85660,85941,2039.7,56818,-0.57
2021-06-16 10:42:27,2031.3,5,85660,85894,2039.7,56818,-0.57
2021-06-16 10:42:28,2031.3,5,85660,85919,2039.7,56818,-0.57
2021-06-16 10:42:28,2031.3,5,85660,85979,2039.7,56818,-0.57
2021-06-16 10:42:30,2031.3,5,85660,85980,2039.7,56818,-0.57
2021-06-16 10:42:31,2031.3,5,85665,85980,2039.7,56818,-0.57
2021-06-16 10:42:33,2031.3,5,85665,85991,2039.7,56818,-0.57
2021-06-16 10:42:34,2029.9,11,85667,85991,2039.69,56865,-0.64
2021-06-16 10:42:39,2029.8,86,84306,86709,2039.68,56951,-0.64
2021-06-16 10:42:40,2029.8,86,85001,86504,2039.68,56951,-0.64
2021-06-16 10:42:41,2029.8,86,85047,86306,2039.68,56951,-0.64
2021-06-16 10:42:43,2029.8,86,85156,86429,2039.68,56951,-0.64
2021-06-16 10:42:44,2029.8,86,85156,86452,2039.68,56951,-0.64
2021-06-16 10:42:45,2029.8,86,85156,86477,2039.68,56951,-0.64
2021-06-16 10:42:49,2029.8,86,85133,86477,2039.68,56951,-0.64
2021-06-16 10:42:50,2029.8,86,85133,86462,2039.68,56951,-0.64
2021-06-16 10:42:51,2029.8,86,85134,86463,2039.68,56951,-0.64
2021-06-16 10:42:51,2029.8,86,85134,86553,2039.68,56951,-0.64
2021-06-16 10:42:52,2029.8,86,85134,86554,2039.68,56951,-0.64
2021-06-16 10:42:53,2029.8,86,84209,86038,2039.68,56951,-0.64
2021-06-16 10:42:54,2029.8,86,84042,86594,2039.68,56951,-0.64
2021-06-16 10:42:55,2029.8,86,84679,86731,2039.68,56951,-0.64
2021-06-16 10:42:57,2029.8,86,84176,86946,2039.68,56951,-0.64
2021-06-16 10:42:58,2029.8,86,84129,87091,2039.68,56951,-0.64
2021-06-16 10:43:01,2029.8,86,84129,87103,2039.68,56951,-0.64
2021-06-16 10:43:04,2029.8,86,84144,87083,2039.68,56951,-0.64
2021-06-16 10:43:05,2029.8,86,84130,87083,2039.68,56951,-0.64
2021-06-16 10:43:07,2029.8,86,84090,87083,2039.68,56951,-0.64
2021-06-16 10:43:08,2029.8,86,84094,86439,2039.68,56951,-0.64
2021-06-16 10:43:10,2029.8,86,84136,87049,2039.68,56951,-0.64
2021-06-16 10:43:10,2029.0,61,84136,87049,2039.68,56951,-0.68
2021-06-16 10:43:11,2029.0,61,84573,87366,2039.66,57027,-0.68
2021-06-16 10:43:12,2029.0,61,84310,87694,2039.66,57027,-0.68
2021-06-16 10:43:13,2029.0,61,84310,87684,2039.66,57027,-0.68
2021-06-16 10:43:15,2029.0,61,84335,87638,2039.66,57027,-0.68
2021-06-16 10:43:15,2029.0,61,84347,87662,2039.66,57027,-0.68
2021-06-16 10:43:17,2029.0,61,84694,87350,2039.66,57027,-0.68
2021-06-16 10:43:18,2029.0,61,84692,87447,2039.66,57027,-0.68
2021-06-16 10:43:19,2029.0,61,84692,87426,2039.66,57027,-0.68
2021-06-16 10:43:23,2029.0,61,84705,87370,2039.66,57027,-0.68
2021-06-16 10:43:24,2029.0,61,84720,87424,2039.66,57027,-0.68
2021-06-16 10:43:25,2029.0,61,84720,87394,2039.66,57027,-0.68
2021-06-16 10:43:30,2029.9,21,84720,87394,2039.66,57027,-0.64
2021-06-16 10:43:30,2029.9,21,84647,87120,2039.62,57278,-0.64
2021-06-16 10:43:31,2029.9,21,84647,87172,2039.62,57278,-0.64
2021-06-16 10:43:32,2029.9,21,84518,87359,2039.62,57278,-0.64
2021-06-16 10:43:36,2029.9,21,84520,87359,2039.62,57278,-0.64
2021-06-16 10:43:39,2029.9,21,84538,87342,2039.62,57278,-0.64
2021-06-16 10:43:40,2029.9,21,84910,85907,2039.62,57278,-0.64
2021-06-16 10:43:42,2029.9,21,84808,86593,2039.62,57278,-0.64
2021-06-16 10:43:43,2029.9,21,84797,86629,2039.62,57278,-0.64
2021-06-16 10:43:45,2029.3,4,84797,86629,2039.62,57278,-0.67
2021-06-16 10:43:46,2029.3,4,84732,86751,2039.62,57286,-0.67
2021-06-16 10:43:47,2029.3,4,84685,87114,2039.62,57286,-0.67
2021-06-16 10:43:48,2029.3,4,85257,87114,2039.62,57286,-0.67
2021-06-16 10:43:51,2029.3,4,85293,87114,2039.62,57286,-0.67
2021-06-16 10:43:52,2029.8,8,85632,86871,2039.6,57386,-0.64
2021-06-16 10:43:53,2029.8,8,85644,86894,2039.6,57386,-0.64
2021-06-16 10:43:55,2029.8,8,85644,86895,2039.6,57386,-0.64
2021-06-16 10:43:58,2029.8,8,84992,86899,2039.6,57386,-0.64
2021-06-16 10:43:59,2029.8,8,85140,86907,2039.6,57386,-0.64
2021-06-16 10:44:00,2029.8,8,85140,86895,2039.6,57386,-0.64
2021-06-16 10:44:01,2029.8,8,85584,86935,2039.6,57386,-0.64
2021-06-16 10:44:03,2029.8,8,85584,86920,2039.6,57386,-0.64
2021-06-16 10:44:05,2029.8,8,85584,86919,2039.6,57386,-0.64
2021-06-16 10:44:09,2029.8,8,85584,86549,2039.6,57386,-0.64
2021-06-16 10:44:11,2030.1,1,85471,86635,2039.6,57388,-0.63
2021-06-16 10:44:14,2030.1,1,85471,86647,2039.6,57388,-0.63
2021-06-16 10:44:16,2030.1,1,85623,86535,2039.6,57388,-0.63
2021-06-16 10:44:19,2030.1,1,85570,86536,2039.6,57388,-0.63
2021-06-16 10:44:22,2030.1,1,85388,86625,2039.6,57388,-0.63
2021-06-16 10:44:27,2030.1,1,85352,86704,2039.6,57388,-0.63
2021-06-16 10:44:30,2030.1,1,85472,85936,2039.6,57388,-0.63
2021-06-16 10:44:33,2030.1,1,85467,86919,2039.6,57388,-0.63
2021-06-16 10:44:35,2029.7,1,85467,86919,2039.6,57388,-0.65
2021-06-16 10:44:36,2029.7,1,85097,86921,2039.6,57389,-0.65
2021-06-16 10:44:41,2029.7,1,85130,86280,2039.6,57389,-0.65
2021-06-16 10:44:43,2029.7,5,85130,86280,2039.6,57389,-0.65
2021-06-16 10:44:44,2029.7,5,85131,86760,2039.6,57394,-0.65
2021-06-16 10:44:46,2029.7,5,85132,86760,2039.6,57394,-0.65
2021-06-16 10:44:54,2029.7,5,84840,86951,2039.6,57394,-0.65
2021-06-16 10:44:55,2029.7,5,85025,86908,2039.6,57394,-0.65
2021-06-16 10:44:58,2029.7,5,85336,86967,2039.6,57394,-0.65
2021-06-16 10:45:01,2029.7,5,85267,87031,2039.6,57394,-0.65
2021-06-16 10:45:04,2029.55,10,85267,87031,2039.6,57394,-0.66
2021-06-16 10:45:10,2029.55,10,85257,87031,2039.6,57404,-0.66
2021-06-16 10:45:16,2029.55,10,85431,87031,2039.6,57404,-0.66
2021-06-16 10:45:17,2028.25,5,85431,87031,2039.6,57404,-0.72
2021-06-16 10:45:19,2028.25,5,85458,87064,2039.58,57504,-0.72
2021-06-16 10:45:24,2028.25,5,85577,87128,2039.58,57504,-0.72
2021-06-16 10:45:27,2028.25,5,85558,87161,2039.58,57504,-0.72
2021-06-16 10:45:28,2029.7,1,85558,87161,2039.58,57504,-0.65
2021-06-16 10:45:30,2029.7,1,85807,86887,2039.58,57505,-0.65
2021-06-16 10:45:30,2030.0,9,85807,86887,2039.58,57505,-0.63
2021-06-16 10:45:31,2028.95,5,85807,86887,2039.58,57505,-0.69
2021-06-16 10:45:32,2028.95,5,85815,86872,2039.58,57520,-0.69
2021-06-16 10:45:37,2028.95,5,85787,86946,2039.58,57520,-0.69
2021-06-16 10:45:40,2028.95,5,85785,86906,2039.58,57520,-0.69
2021-06-16 10:45:43,2028.95,5,85595,86905,2039.58,57520,-0.69
2021-06-16 10:45:46,2028.95,5,85845,86772,2039.58,57520,-0.69
2021-06-16 10:45:49,2030.0,1,85812,86810,2039.58,57521,-0.63
2021-06-16 10:45:52,2030.0,1,85762,86820,2039.58,57521,-0.63
2021-06-16 10:45:55,2030.0,1,85782,86820,2039.58,57521,-0.63
2021-06-16 10:45:58,2030.0,1,85782,86856,2039.58,57521,-0.63
2021-06-16 10:46:04,2030.0,1,85802,86856,2039.58,57521,-0.63
2021-06-16 10:46:06,2029.1,8,85262,86856,2039.58,57521,-0.68
2021-06-16 10:46:07,2029.1,1,85262,86856,2039.58,57521,-0.68
2021-06-16 10:46:09,2029.1,1,85259,86853,2039.57,57530,-0.68
2021-06-16 10:46:12,2029.1,1,85210,86854,2039.57,57530,-0.68
2021-06-16 10:46:16,2029.1,1,85263,86916,2039.57,57530,-0.68
2021-06-16 10:46:19,2028.5,1,85263,86916,2039.57,57530,-0.71
2021-06-16 10:46:24,2029.4,30,85263,86916,2039.57,57530,-0.66
2021-06-16 10:46:25,2029.4,30,84904,87283,2039.55,57651,-0.66
2021-06-16 10:46:28,2029.4,30,84894,87283,2039.55,57651,-0.66
2021-06-16 10:46:31,2029.4,30,85472,87278,2039.55,57651,-0.66
2021-06-16 10:46:38,2029.35,10,84938,87261,2039.55,57661,-0.67
2021-06-16 10:46:41,2029.35,10,85458,87263,2039.55,57661,-0.67
2021-06-16 10:46:42,2029.4,21,85458,87263,2039.55,57661,-0.66
2021-06-16 10:46:42,2029.35,1,85458,87263,2039.55,57661,-0.67
2021-06-16 10:46:45,2029.35,1,85704,87210,2039.54,57712,-0.67
2021-06-16 10:46:47,2029.35,1,85816,87133,2039.54,57712,-0.67
2021-06-16 10:46:50,2029.35,1,85815,87133,2039.54,57712,-0.67
2021-06-16 10:46:52,2029.35,1,85815,87114,2039.54,57712,-0.67
2021-06-16 10:46:55,2029.35,1,85818,87137,2039.54,57712,-0.67
2021-06-16 10:46:56,2030.0,5,85818,87137,2039.54,57712,-0.63
2021-06-16 10:46:57,2029.85,20,85818,87137,2039.54,57712,-0.64
2021-06-16 10:46:58,2029.85,20,85735,87327,2039.54,57749,-0.64
2021-06-16 10:47:00,2028.5,10,85735,87327,2039.54,57749,-0.71
2021-06-16 10:47:03,2028.5,10,85610,87239,2039.53,57759,-0.71
2021-06-16 10:47:04,2029.35,4,85610,87239,2039.53,57759,-0.67
2021-06-16 10:47:05,2029.35,4,85615,87233,2039.53,57763,-0.67
2021-06-16 10:47:07,2029.35,4,85610,87200,2039.53,57763,-0.67
2021-06-16 10:47:10,2029.0,1,85638,87165,2039.53,57764,-0.68
2021-06-16 10:47:13,2029.0,1,85660,87161,2039.53,57764,-0.68
2021-06-16 10:47:15,2029.0,1,85685,87107,2039.53,57764,-0.68
2021-06-16 10:47:17,2029.35,1,85685,87107,2039.53,57764,-0.67
2021-06-16 10:47:18,2029.35,1,85669,87231,2039.53,57765,-0.67
2021-06-16 10:47:21,2029.0,8,85669,87231,2039.53,57765,-0.68
2021-06-16 10:47:21,2029.0,8,85571,87250,2039.53,57773,-0.68
2021-06-16 10:47:24,2029.0,8,85722,87250,2039.53,57773,-0.68
2021-06-16 10:47:27,2029.0,8,85786,87262,2039.53,57773,-0.68
2021-06-16 10:47:29,2028.6,5,85786,87262,2039.53,57773,-0.7
2021-06-16 10:47:34,2028.6,5,85612,87305,2039.53,57778,-0.7
2021-06-16 10:47:34,2028.6,5,85624,87009,2039.53,57788,-0.7
2021-06-16 10:47:37,2028.6,5,85682,87009,2039.53,57788,-0.7
2021-06-16 10:47:43,2028.6,5,84966,87071,2039.53,57788,-0.7
2021-06-16 10:47:48,2029.0,1,84966,87066,2039.53,57789,-0.68
2021-06-16 10:47:48,2027.65,1,84966,87066,2039.53,57789,-0.75
2021-06-16 10:47:51,2027.65,1,85462,87040,2039.4,58442,-0.75
2021-06-16 10:47:55,2027.65,1,85390,87041,2039.4,58442,-0.75
2021-06-16 10:47:56,2029.0,10,85390,87041,2039.4,58442,-0.68
2021-06-16 10:47:57,2029.0,10,85588,86879,2039.39,58452,-0.68
2021-06-16 10:47:59,2029.0,10,83748,87379,2039.39,58452,-0.68
2021-06-16 10:48:01,2029.0,10,85271,87135,2039.39,58452,-0.68
2021-06-16 10:48:04,2029.0,10,85100,87109,2039.39,58452,-0.68
2021-06-16 10:48:06,2028.1,59,85100,87109,2039.39,58452,-0.73
2021-06-16 10:48:07,2028.1,59,84134,87312,2039.35,58670,-0.73
2021-06-16 10:48:10,2028.1,59,84230,87370,2039.35,58670,-0.73
2021-06-16 10:48:11,2028.4,4,84230,87370,2039.35,58670,-0.71
2021-06-16 10:48:12,2028.4,4,84156,87086,2039.35,58678,-0.71
2021-06-16 10:48:15,2028.4,4,84195,87112,2039.35,58678,-0.71
2021-06-16 10:48:16,2027.25,3,84195,87112,2039.35,58678,-0.77
2021-06-16 10:48:18,2027.25,3,84364,87867,2039.35,58683,-0.77
2021-06-16 10:48:21,2027.25,3,84388,87823,2039.35,58683,-0.77
2021-06-16 10:48:24,2027.25,3,84708,87406,2039.35,58683,-0.77
2021-06-16 10:48:25,2028.5,100,84708,87406,2039.35,58683,-0.71
2021-06-16 10:48:27,2027.15,1,84394,87777,2039.33,58784,-0.77
2021-06-16 10:48:30,2027.15,1,84399,87977,2039.33,58784,-0.77
2021-06-16 10:48:35,2027.15,1,84399,87898,2039.33,58784,-0.77
2021-06-16 10:48:37,2027.15,1,84412,87543,2039.33,58784,-0.77
2021-06-16 10:48:40,2027.15,1,84415,87615,2039.33,58784,-0.77
2021-06-16 10:48:42,2027.15,1,84413,87763,2039.33,58784,-0.77
2021-06-16 10:48:45,2027.15,1,84495,87599,2039.33,58784,-0.77
2021-06-16 10:48:46,2027.25,5,84502,87572,2039.33,58789,-0.77
2021-06-16 10:48:48,2027.15,7,84502,87572,2039.33,58789,-0.77
2021-06-16 10:48:49,2027.15,7,84415,87549,2039.32,58841,-0.77
2021-06-16 10:48:52,2027.15,7,84487,87611,2039.32,58841,-0.77
2021-06-16 10:48:52,2028.05,1,84487,87611,2039.32,58841,-0.73
2021-06-16 10:48:54,2028.05,1,84487,87586,2039.32,58842,-0.73
2021-06-16 10:48:57,2028.05,1,84487,87529,2039.32,58842,-0.73
2021-06-16 10:49:00,2028.05,1,84489,87529,2039.32,58842,-0.73
2021-06-16 10:49:01,2027.15,2,84489,87529,2039.32,58842,-0.77
2021-06-16 10:49:02,2027.15,2,84502,87552,2039.32,58844,-0.77
2021-06-16 10:49:04,2027.15,2,84502,87502,2039.32,58844,-0.77
2021-06-16 10:49:07,2027.15,2,84621,87663,2039.32,58844,-0.77
2021-06-16 10:49:08,2027.15,1,84621,87663,2039.32,58844,-0.77
2021-06-16 10:49:10,2027.15,1,84482,87774,2039.32,58845,-0.77
2021-06-16 10:49:11,2027.15,100,84482,87774,2039.32,58845,-0.77
2021-06-16 10:49:13,2027.15,100,84488,87778,2039.3,58945,-0.77
2021-06-16 10:49:15,2027.15,100,84510,87582,2039.3,58945,-0.77
2021-06-16 10:49:19,2027.15,100,84571,87582,2039.3,58945,-0.77
2021-06-16 10:49:21,2028.0,4,84571,87582,2039.3,58945,-0.73
2021-06-16 10:49:22,2028.0,4,84580,87589,2039.29,58995,-0.73
2021-06-16 10:49:24,2027.95,22,84580,87589,2039.29,58995,-0.73
2021-06-16 10:49:25,2027.95,22,84601,87567,2039.28,59017,-0.73
2021-06-16 10:49:28,2027.95,22,84601,87572,2039.28,59017,-0.73
2021-06-16 10:49:30,2027.95,22,84601,87552,2039.28,59017,-0.73
2021-06-16 10:49:33,2027.95,3,84599,87570,2039.28,59020,-0.73
2021-06-16 10:49:34,2028.0,2,84599,87570,2039.28,59020,-0.73
2021-06-16 10:49:36,2027.95,25,84555,87583,2039.28,59055,-0.73
2021-06-16 10:49:38,2027.15,2,84555,87583,2039.28,59055,-0.77
2021-06-16 10:49:39,2027.15,2,84566,87639,2039.27,59082,-0.77
2021-06-16 10:49:42,2027.15,2,84566,87547,2039.27,59082,-0.77
2021-06-16 10:49:44,2027.15,2,84566,87507,2039.27,59082,-0.77
2021-06-16 10:49:49,2027.15,2,84598,87515,2039.27,59082,-0.77
2021-06-16 10:49:51,2027.15,1,84598,87515,2039.27,59082,-0.77
2021-06-16 10:49:52,2027.15,1,84565,87525,2039.27,59083,-0.77
2021-06-16 10:49:55,2027.15,1,84512,87519,2039.27,59084,-0.77
2021-06-16 10:49:58,2027.15,1,84548,87513,2039.27,59084,-0.77
2021-06-16 10:50:00,2027.15,1,84766,87478,2039.27,59084,-0.77
2021-06-16 10:50:03,2027.15,1,84522,87525,2039.27,59084,-0.77
2021-06-16 10:50:05,2027.05,21,84522,87525,2039.27,59084,-0.78
2021-06-16 10:50:06,2027.05,21,84434,88039,2039.27,59105,-0.78
2021-06-16 10:50:09,2027.05,21,84396,88078,2039.27,59105,-0.78
2021-06-16 10:50:15,2027.05,21,84396,88054,2039.27,59105,-0.78
2021-06-16 10:50:15,2027.15,1,84396,88054,2039.27,59105,-0.77
2021-06-16 10:50:17,2027.15,1,84319,88062,2039.27,59106,-0.77
2021-06-16 10:50:19,2027.15,1,84333,88062,2039.27,59106,-0.77
2021-06-16 10:50:22,2027.05,1,84363,88085,2039.27,59106,-0.78
2021-06-16 10:50:24,2026.6,1,84363,88085,2039.27,59106,-0.8
2021-06-16 10:50:25,2026.75,1,84182,88222,2039.24,59215,-0.79
2021-06-16 10:50:27,2026.2,2,84182,88222,2039.24,59215,-0.82
2021-06-16 10:50:27,2026.2,2,84399,88193,2039.24,59227,-0.82
2021-06-16 10:50:28,2026.1,13,84399,88193,2039.24,59227,-0.82
2021-06-16 10:50:36,2026.1,13,84484,88173,2039.24,59240,-0.82
2021-06-16 10:50:38,2026.1,5,84457,88162,2039.24,59245,-0.82
2021-06-16 10:50:41,2026.1,5,84487,88177,2039.24,59245,-0.82
2021-06-16 10:50:42,2026.2,10,84487,88177,2039.24,59245,-0.82
2021-06-16 10:50:43,2026.95,20,84487,88177,2039.24,59245,-0.78
2021-06-16 10:50:44,2026.95,20,84435,88067,2039.2,59406,-0.78
2021-06-16 10:50:45,2026.0,3,84435,88067,2039.2,59406,-0.83
2021-06-16 10:50:46,2025.3,4,84435,88067,2039.2,59406,-0.86
2021-06-16 10:50:46,2025.3,4,84727,88034,2039.17,59537,-0.86
2021-06-16 10:50:49,2025.3,4,84737,88034,2039.17,59537,-0.86
2021-06-16 10:50:52,2025.6,5,84729,88034,2039.17,59542,-0.85
2021-06-16 10:50:56,2025.6,5,84754,87468,2039.17,59542,-0.85
2021-06-16 10:50:57,2026.7,22,84754,87468,2039.17,59542,-0.8
2021-06-16 10:50:58,2025.6,7,84819,87419,2039.17,59571,-0.85
2021-06-16 10:50:59,2025.6,15,84819,87419,2039.17,59571,-0.85
2021-06-16 10:51:00,2025.6,25,84819,87419,2039.17,59571,-0.85
2021-06-16 10:51:01,2025.6,25,84785,87471,2039.16,59611,-0.85
2021-06-16 10:51:04,2025.6,25,84918,87471,2039.16,59611,-0.85
2021-06-16 10:51:05,2025.65,100,84918,87471,2039.16,59611,-0.85
2021-06-16 10:51:07,2025.65,100,84541,87464,2039.13,59711,-0.85
2021-06-16 10:51:12,2025.65,100,84019,87464,2039.13,59711,-0.85
2021-06-16 10:51:15,2025.65,100,84605,87521,2039.13,59711,-0.85
2021-06-16 10:51:18,2025.65,100,85105,87403,2039.13,59711,-0.85
2021-06-16 10:51:20,2025.65,100,85102,87403,2039.13,59711,-0.85
2021-06-16 10:51:22,2025.55,10,85102,87403,2039.13,59711,-0.85
2021-06-16 10:51:23,2025.55,10,84512,87393,2039.13,59721,-0.85
2021-06-16 10:51:24,2025.55,20,84512,87393,2039.13,59721,-0.85
2021-06-16 10:51:27,2025.55,20,84605,87392,2039.13,59744,-0.85
2021-06-16 10:51:27,2026.0,15,84605,87392,2039.13,59744,-0.83
2021-06-16 10:51:34,2026.0,15,85244,87340,2039.12,59759,-0.83
2021-06-16 10:51:37,2026.0,15,85244,87240,2039.12,59759,-0.83
2021-06-16 10:51:47,2026.0,15,85255,87240,2039.12,59759,-0.83
2021-06-16 10:51:53,2026.0,15,85260,87240,2039.12,59759,-0.83
2021-06-16 10:51:55,2026.0,15,85265,87250,2039.12,59759,-0.83
2021-06-16 10:51:56,2026.75,18,85265,87250,2039.12,59759,-0.79
2021-06-16 10:51:57,2026.0,1,85265,87250,2039.12,59759,-0.83
2021-06-16 10:51:58,2026.0,1,85207,87270,2039.11,59808,-0.83
2021-06-16 10:52:04,2026.0,1,85196,87170,2039.11,59808,-0.83
2021-06-16 10:52:09,2025.9,11,85196,87170,2039.11,59808,-0.83
2021-06-16 10:52:10,2025.9,11,85117,87253,2039.1,59848,-0.83
2021-06-16 10:52:12,2026.75,1,85118,87244,2039.1,59873,-0.79
2021-06-16 10:52:15,2025.9,15,85118,87244,2039.1,59873,-0.83
2021-06-16 10:52:15,2025.9,15,85103,87244,2039.1,59888,-0.83
2021-06-16 10:52:16,2025.9,25,85103,87244,2039.1,59888,-0.83
2021-06-16 10:52:18,2025.9,25,85078,87239,2039.09,59913,-0.83
2021-06-16 10:52:21,2025.9,25,85069,87239,2039.09,59913,-0.83
2021-06-16 10:52:23,2025.9,25,84825,87359,2039.09,59913,-0.83
2021-06-16 10:52:26,2025.9,25,84355,87359,2039.09,59913,-0.83
2021-06-16 10:52:28,2025.9,25,84336,87532,2039.09,59913,-0.83
2021-06-16 10:52:34,2025.9,25,84360,87532,2039.09,59913,-0.83
2021-06-16 10:52:37,2026.0,1,84643,87319,2039.09,59914,-0.83
2021-06-16 10:52:40,2026.0,1,84644,87338,2039.09,59914,-0.83
2021-06-16 10:52:45,2026.0,9,85128,87283,2039.09,59923,-0.83
2021-06-16 10:52:49,2026.0,9,85150,87262,2039.09,59923,-0.83
2021-06-16 10:52:51,2026.0,9,85114,87372,2039.09,59923,-0.83
2021-06-16 10:52:57,2026.0,9,85114,87312,2039.09,59923,-0.83
2021-06-16 10:52:59,2026.0,9,85114,87362,2039.09,59923,-0.83
2021-06-16 10:53:01,2026.0,30,85114,87362,2039.09,59923,-0.83
2021-06-16 10:53:01,2025.9,149,85114,87362,2039.09,59923,-0.83
2021-06-16 10:53:02,2025.9,149,84105,87438,2039.04,60163,-0.83
2021-06-16 10:53:06,2025.6,43,84544,87450,2039.03,60206,-0.85
2021-06-16 10:53:09,2025.6,43,84541,87450,2039.03,60206,-0.85
2021-06-16 10:53:10,2025.5,100,84541,87450,2039.03,60206,-0.85
2021-06-16 10:53:12,2025.5,100,84414,87593,2039.0,60339,-0.85
2021-06-16 10:53:14,2025.2,13,84414,87593,2039.0,60339,-0.87
2021-06-16 10:53:15,2025.2,13,84475,87557,2038.99,60352,-0.87
2021-06-16 10:53:18,2025.2,13,84654,87497,2038.99,60352,-0.87
2021-06-16 10:53:19,2025.6,5,84654,87497,2038.99,60352,-0.85
2021-06-16 10:53:21,2025.6,5,84782,87500,2038.99,60357,-0.85
2021-06-16 10:53:24,2025.6,5,84242,87549,2038.99,60357,-0.85
2021-06-16 10:53:28,2025.6,5,84350,87499,2038.99,60357,-0.85
2021-06-16 10:53:30,2025.2,2,84350,87499,2038.99,60357,-0.87
2021-06-16 10:53:30,2025.2,2,84568,87553,2038.99,60359,-0.87
2021-06-16 10:53:33,2025.2,2,84765,87511,2038.99,60359,-0.87
2021-06-16 10:53:36,2025.2,2,84669,87471,2038.99,60359,-0.87
2021-06-16 10:53:39,2025.2,2,84767,86798,2038.99,60359,-0.87
2021-06-16 10:53:42,2025.2,2,84380,87462,2038.99,60359,-0.87
2021-06-16 10:53:45,2025.0,1,82831,87318,2038.95,60562,-0.88
2021-06-16 10:53:45,2025.5,9,82831,87318,2038.95,60562,-0.85
2021-06-16 10:53:46,2025.0,57,82831,87318,2038.95,60562,-0.88
2021-06-16 10:53:47,2025.0,57,83249,87330,2038.93,60628,-0.88
2021-06-16 10:53:48,2025.0,38,83249,87330,2038.93,60628,-0.88
2021-06-16 10:53:49,2025.0,1,83249,87330,2038.93,60628,-0.88
2021-06-16 10:53:50,2025.0,1,82546,87328,2038.92,60667,-0.88
2021-06-16 10:53:52,2025.0,3,82546,87328,2038.92,60667,-0.88
2021-06-16 10:53:52,2025.0,3,81437,87503,2038.65,61881,-0.88
2021-06-16 10:53:54,2024.0,149,81437,87503,2038.65,61881,-0.93
2021-06-16 10:53:55,2024.0,141,81437,87503,2038.65,61881,-0.93
2021-06-16 10:53:57,2024.0,17,81432,87594,2038.54,62347,-0.93
2021-06-16 10:53:58,2024.2,6,81432,87594,2038.54,62347,-0.92
2021-06-16 10:53:58,2024.2,6,81528,89102,2038.52,62424,-0.92
2021-06-16 10:54:01,2024.2,6,81756,89432,2038.52,62424,-0.92
2021-06-16 10:54:03,2024.2,6,81734,89441,2038.52,62424,-0.92
2021-06-16 10:54:06,2024.0,10,81777,89420,2038.52,62424,-0.93
2021-06-16 10:54:07,2024.0,1,81777,89420,2038.52,62424,-0.93
2021-06-16 10:54:08,2024.0,1,81568,89452,2038.52,62435,-0.93
2021-06-16 10:54:09,2024.2,2,81568,89452,2038.52,62435,-0.92
2021-06-16 10:54:10,2024.2,6,81568,89452,2038.52,62435,-0.92
2021-06-16 10:54:11,2024.2,6,81726,89392,2038.52,62446,-0.92
2021-06-16 10:54:12,2024.95,19,81726,89392,2038.52,62446,-0.88
2021-06-16 10:54:14,2024.95,19,81711,89424,2038.51,62481,-0.88
2021-06-16 10:54:15,2024.15,15,81711,89424,2038.51,62481,-0.92
2021-06-16 10:54:16,2024.05,3,81850,89056,2038.5,62506,-0.93
2021-06-16 10:54:19,2024.05,3,81654,89076,2038.5,62506,-0.93
2021-06-16 10:54:22,2024.05,3,81584,88262,2038.5,62506,-0.93
2021-06-16 10:54:24,2024.05,10,81584,88262,2038.5,62506,-0.93
2021-06-16 10:54:25,2024.05,10,81608,88840,2038.5,62516,-0.93
2021-06-16 10:54:27,2024.0,33,81543,88873,2038.5,62516,-0.93
2021-06-16 10:54:30,2024.0,33,82152,88778,2038.49,62549,-0.93
2021-06-16 10:54:31,2024.05,5,82152,88778,2038.49,62549,-0.93
2021-06-16 10:54:32,2024.05,5,82293,88695,2038.49,62554,-0.93
2021-06-16 10:54:35,2024.05,5,82284,88695,2038.49,62554,-0.93
2021-06-16 10:54:36,2024.1,8,82284,88695,2038.49,62554,-0.92
2021-06-16 10:54:38,2024.1,8,82080,88662,2038.48,62604,-0.92
2021-06-16 10:54:40,2024.75,5,82080,88662,2038.48,62604,-0.89
2021-06-16 10:54:41,2024.75,5,82145,88703,2038.48,62609,-0.89
2021-06-16 10:54:42,2024.15,5,82145,88703,2038.48,62609,-0.92
2021-06-16 10:54:44,2024.15,5,82140,88703,2038.48,62614,-0.92
2021-06-16 10:54:46,2024.15,5,82364,88678,2038.48,62614,-0.92
2021-06-16 10:54:48,2024.75,2,82364,88678,2038.48,62614,-0.89
2021-06-16 10:54:49,2024.75,10,82364,88678,2038.48,62614,-0.89
2021-06-16 10:54:49,2024.75,10,82321,88682,2038.48,62626,-0.89
2021-06-16 10:54:52,2024.75,10,82253,88682,2038.48,62626,-0.89
2021-06-16 10:54:55,2024.8,3,82253,88682,2038.48,62626,-0.89
2021-06-16 10:54:55,2024.8,3,82010,88720,2038.47,62636,-0.89
2021-06-16 10:54:59,2024.8,3,82115,88697,2038.47,62636,-0.89
2021-06-16 10:55:02,2024.8,3,82174,88697,2038.47,62636,-0.89
2021-06-16 10:55:03,2024.75,4,82174,88697,2038.47,62636,-0.89
2021-06-16 10:55:05,2024.75,4,82739,88685,2038.47,62640,-0.89
2021-06-16 10:55:08,2024.75,4,82756,88675,2038.47,62640,-0.89
2021-06-16 10:55:12,2025.4,16,82757,88675,2038.47,62640,-0.86
2021-06-16 10:55:15,2025.4,16,83160,88461,2038.44,62789,-0.86
2021-06-16 10:55:19,2025.4,16,82642,88528,2038.44,62789,-0.86
2021-06-16 10:55:22,2025.4,16,82642,88526,2038.44,62789,-0.86
2021-06-16 10:55:24,2025.5,6,82642,88526,2038.44,62789,-0.85
2021-06-16 10:55:25,2025.5,6,82596,88520,2038.44,62795,-0.85
2021-06-16 10:55:28,2025.5,6,83041,88535,2038.44,62795,-0.85
2021-06-16 10:55:31,2025.4,10,83066,88560,2038.44,62795,-0.86
2021-06-16 10:55:34,2025.4,10,83046,88539,2038.44,62805,-0.86
2021-06-16 10:55:37,2025.4,10,82522,88564,2038.44,62805,-0.86
2021-06-16 10:55:43,2025.65,5,82522,88564,2038.44,62805,-0.85
2021-06-16 10:55:43,2025.4,2,82522,88564,2038.44,62805,-0.86
2021-06-16 10:55:44,2025.4,2,82510,88185,2038.43,62817,-0.86
2021-06-16 10:55:48,2025.4,2,82471,88695,2038.43,62817,-0.86
2021-06-16 10:55:54,2025.4,2,82472,88695,2038.43,62817,-0.86
2021-06-16 10:55:54,2025.6,10,82472,88695,2038.43,62817,-0.85
2021-06-16 10:55:57,2025.6,10,82468,88685,2038.43,62827,-0.85
2021-06-16 10:55:58,2025.6,1,82468,88685,2038.43,62827,-0.85
2021-06-16 10:56:00,2025.6,2,82468,88685,2038.43,62827,-0.85
2021-06-16 10:56:01,2025.0,1,82365,88929,2038.43,62854,-0.88
2021-06-16 10:56:03,2025.0,1,82442,88924,2038.43,62854,-0.88
2021-06-16 10:56:05,2024.75,2,82442,88924,2038.43,62854,-0.89
2021-06-16 10:56:06,2024.75,2,81893,88919,2038.43,62856,-0.89
2021-06-16 10:56:09,2024.75,2,82421,88929,2038.43,62856,-0.89
2021-06-16 10:56:12,2024.75,2,82495,88918,2038.43,62856,-0.89
2021-06-16 10:56:15,2024.75,2,82486,88841,2038.43,62856,-0.89
2021-06-16 10:56:18,2025.0,5,82486,88841,2038.43,62856,-0.88
2021-06-16 10:56:19,2025.0,5,82590,88836,2038.43,62861,-0.88
2021-06-16 10:56:22,2025.0,5,82592,88831,2038.43,62861,-0.88
2021-06-16 10:56:25,2025.0,5,82592,88820,2038.43,62861,-0.88
2021-06-16 10:56:25,2024.05,34,82592,88820,2038.43,62861,-0.93
2021-06-16 10:56:26,2025.25,8,82592,88820,2038.43,62861,-0.87
2021-06-16 10:56:31,2025.25,8,82619,88902,2038.37,63126,-0.87
2021-06-16 10:56:33,2025.25,8,82619,88909,2038.37,63126,-0.87
2021-06-16 10:56:36,2025.25,8,82426,88852,2038.37,63126,-0.87
2021-06-16 10:56:40,2025.25,8,82651,88819,2038.37,63126,-0.87
2021-06-16 10:56:43,2025.25,8,82720,88762,2038.37,63126,-0.87
2021-06-16 10:56:46,2025.25,8,82721,88722,2038.37,63126,-0.87
2021-06-16 10:56:49,2025.25,8,82785,88747,2038.37,63126,-0.87
2021-06-16 10:56:52,2025.25,8,82799,88799,2038.37,63126,-0.87
2021-06-16 10:56:55,2026.05,33,82799,88799,2038.37,63126,-0.83
2021-06-16 10:56:58,2026.05,33,82671,88770,2038.33,63326,-0.83
2021-06-16 10:56:58,2026.05,33,82671,88846,2038.33,63326,-0.83
2021-06-16 10:57:01,2026.05,33,82671,88871,2038.33,63326,-0.83
2021-06-16 10:57:05,2026.05,33,82671,88870,2038.33,63326,-0.83
2021-06-16 10:57:12,2026.05,33,82671,88830,2038.33,63326,-0.83
2021-06-16 10:57:14,2025.95,11,82671,88830,2038.33,63326,-0.83
2021-06-16 10:57:15,2025.95,11,82671,88803,2038.32,63356,-0.83
2021-06-16 10:57:17,2025.95,11,82671,88823,2038.32,63356,-0.83
2021-06-16 10:57:20,2024.65,20,81734,89003,2038.32,63378,-0.9
2021-06-16 10:57:23,2024.65,20,81780,88978,2038.32,63378,-0.9
2021-06-16 10:57:26,2024.65,20,81738,89013,2038.32,63378,-0.9
2021-06-16 10:57:30,2024.65,20,82032,88977,2038.32,63378,-0.9
2021-06-16 10:57:33,2024.65,20,81947,89037,2038.32,63378,-0.9
2021-06-16 10:57:35,2024.65,15,81947,89037,2038.32,63378,-0.9
2021-06-16 10:57:37,2025.0,2,81947,89037,2038.32,63378,-0.88
2021-06-16 10:57:39,2025.0,2,81933,89106,2038.31,63395,-0.88
2021-06-16 10:57:42,2025.0,2,81893,89035,2038.31,63395,-0.88
2021-06-16 10:57:46,2025.0,2,81906,89078,2038.31,63395,-0.88
2021-06-16 10:57:52,2025.0,2,81906,89601,2038.31,63395,-0.88
2021-06-16 10:57:56,2025.0,2,82011,89056,2038.31,63395,-0.88
2021-06-16 10:57:57,2025.0,8,82011,89056,2038.31,63395,-0.88
2021-06-16 10:57:58,2025.0,8,82016,89077,2038.31,63405,-0.88
2021-06-16 10:58:02,2025.0,1,82016,89077,2038.31,63405,-0.88
2021-06-16 10:58:05,2025.0,1,82516,89076,2038.31,63406,-0.88
2021-06-16 10:58:07,2025.0,6,82516,89076,2038.31,63406,-0.88
2021-06-16 10:58:08,2025.0,6,82526,89076,2038.29,63498,-0.88
2021-06-16 10:58:09,2025.1,18,82526,89076,2038.29,63498,-0.87
2021-06-16 10:58:12,2025.1,18,83219,87962,2038.25,63698,-0.87
2021-06-16 10:58:15,2025.1,18,83197,88044,2038.25,63698,-0.87
2021-06-16 10:58:18,2025.1,18,83256,88116,2038.25,63698,-0.87
2021-06-16 10:58:19,2026.35,25,83256,88116,2038.25,63698,-0.81
2021-06-16 10:58:21,2026.35,25,83266,88089,2038.24,63723,-0.81
2021-06-16 10:58:23,2026.35,2,83266,88089,2038.24,63723,-0.81
2021-06-16 10:58:25,2026.35,2,83172,88209,2038.24,63725,-0.81
2021-06-16 10:58:28,2026.35,2,83132,88232,2038.24,63725,-0.81
2021-06-16 10:58:30,2026.8,8,83132,88232,2038.24,63725,-0.79
2021-06-16 10:58:31,2026.8,8,83113,88169,2038.23,63825,-0.79
2021-06-16 10:58:33,2025.45,10,83113,88169,2038.23,63825,-0.86
2021-06-16 10:58:34,2026.35,25,83113,88169,2038.23,63825,-0.81
2021-06-16 10:58:34,2026.35,25,83104,88232,2038.22,63860,-0.81
2021-06-16 10:58:40,2026.35,25,83106,88237,2038.22,63860,-0.81
2021-06-16 10:58:43,2026.35,25,82606,88237,2038.22,63860,-0.81
2021-06-16 10:58:46,2026.35,25,82580,88378,2038.22,63860,-0.81
2021-06-16 10:58:49,2026.45,20,82585,88407,2038.22,63880,-0.81
2021-06-16 10:58:52,2026.45,20,83223,88379,2038.22,63880,-0.81
2021-06-16 10:58:55,2026.45,20,82745,88308,2038.22,63880,-0.81
2021-06-16 10:58:57,2026.5,3,82745,88308,2038.22,63880,-0.81
2021-06-16 10:59:01,2026.5,3,82761,88816,2038.22,63883,-0.81
2021-06-16 10:59:05,2026.5,3,82761,88820,2038.22,63883,-0.81
2021-06-16 10:59:11,2026.0,5,81998,88417,2038.21,63888,-0.83
2021-06-16 10:59:14,2026.0,5,81941,88414,2038.21,63888,-0.83
2021-06-16 10:59:17,2026.0,5,82061,88404,2038.21,63888,-0.83
2021-06-16 10:59:20,2026.5,1,82113,88404,2038.21,63888,-0.81
2021-06-16 10:59:23,2026.5,1,82127,88403,2038.21,63893,-0.81
2021-06-16 10:59:25,2026.5,1,82095,88403,2038.21,63893,-0.81
2021-06-16 10:59:28,2026.5,1,82099,88503,2038.21,63893,-0.81
2021-06-16 10:59:37,2026.5,1,82942,88503,2038.21,63893,-0.81
2021-06-16 10:59:40,2026.5,1,83081,88335,2038.21,63893,-0.81
2021-06-16 10:59:43,2026.5,1,83497,88237,2038.21,63893,-0.81
2021-06-16 10:59:46,2026.5,1,82677,88471,2038.21,63893,-0.81
2021-06-16 10:59:49,2026.5,1,83624,88386,2038.21,63893,-0.81
2021-06-16 10:59:52,2026.5,28,83525,88390,2038.21,63893,-0.81
2021-06-16 10:59:55,2026.5,28,83684,88363,2038.21,63923,-0.81
2021-06-16 10:59:58,2026.5,28,83785,88220,2038.21,63923,-0.81
2021-06-16 10:59:58,2026.55,1,83785,88220,2038.21,63923,-0.8
2021-06-16 11:00:01,2026.55,1,83859,87281,2038.19,64016,-0.8
2021-06-16 11:00:05,2026.55,1,84096,87873,2038.19,64016,-0.8
2021-06-16 11:00:09,2026.55,1,83754,87873,2038.19,64016,-0.8
2021-06-16 11:00:12,2026.55,1,83926,87849,2038.19,64016,-0.8
2021-06-16 11:00:13,2026.15,52,83926,87849,2038.19,64016,-0.82
2021-06-16 11:00:15,2026.15,52,83603,87973,2038.18,64081,-0.82
2021-06-16 11:00:22,2026.95,1,83835,87904,2038.18,64081,-0.78
2021-06-16 11:00:25,2026.95,1,83844,87924,2038.18,64082,-0.78
2021-06-16 11:00:28,2026.95,1,84162,87830,2038.18,64082,-0.78
2021-06-16 11:00:35,2026.95,1,84123,87880,2038.18,64082,-0.78
2021-06-16 11:00:38,2026.95,3,84302,87805,2038.17,64121,-0.78
2021-06-16 11:00:41,2026.95,3,84282,87805,2038.17,64121,-0.78
2021-06-16 11:00:45,2026.95,3,84258,87803,2038.17,64121,-0.78
2021-06-16 11:00:45,2026.95,13,84258,87803,2038.17,64121,-0.78
2021-06-16 11:00:48,2026.95,13,84117,88454,2038.17,64134,-0.78
2021-06-16 11:00:50,2027.15,8,84117,88454,2038.17,64134,-0.77
2021-06-16 11:00:51,2027.15,15,84664,87233,2038.17,64157,-0.77
2021-06-16 11:00:54,2027.15,15,84499,87370,2038.17,64157,-0.77
2021-06-16 11:00:57,2027.15,15,84499,87420,2038.17,64157,-0.77
2021-06-16 11:00:58,2027.9,10,84499,87420,2038.17,64157,-0.74
2021-06-16 11:01:00,2027.9,10,84483,87486,2038.16,64167,-0.74
2021-06-16 11:01:03,2027.9,10,84096,87376,2038.16,64167,-0.74
2021-06-16 11:01:10,2027.9,10,84132,87376,2038.16,64167,-0.74
2021-06-16 11:01:12,2027.9,10,84132,87400,2038.16,64167,-0.74
2021-06-16 11:01:14,2027.9,1,84132,87400,2038.16,64167,-0.74
2021-06-16 11:01:16,2027.9,1,84141,86671,2038.16,64168,-0.74
2021-06-16 11:01:19,2027.9,1,84167,86671,2038.16,64168,-0.74
2021-06-16 11:01:24,2027.9,7,84167,86671,2038.16,64168,-0.74
2021-06-16 11:01:25,2027.9,7,84220,86581,2038.16,64175,-0.74
2021-06-16 11:01:26,2027.9,1,84220,86581,2038.16,64175,-0.74
2021-06-16 11:01:28,2027.9,6,84220,86581,2038.16,64175,-0.74
2021-06-16 11:01:28,2027.9,6,84230,86508,2038.16,64182,-0.74
2021-06-16 11:01:31,2027.9,6,84220,86573,2038.16,64182,-0.74
2021-06-16 11:01:39,2027.9,7,84220,86573,2038.16,64182,-0.74
2021-06-16 11:01:42,2027.9,7,84190,86576,2038.16,64189,-0.74
2021-06-16 11:01:43,2027.9,7,84256,86526,2038.16,64203,-0.74
2021-06-16 11:01:43,2027.9,1,84256,86526,2038.16,64203,-0.74
2021-06-16 11:01:46,2028.55,5,84211,86628,2038.15,64229,-0.7
2021-06-16 11:01:48,2028.55,7,84211,86628,2038.15,64229,-0.7
2021-06-16 11:01:49,2028.55,7,84181,86713,2038.15,64236,-0.7
2021-06-16 11:01:50,2027.75,7,84181,86713,2038.15,64236,-0.74
2021-06-16 11:01:51,2028.55,3,84216,87235,2038.15,64250,-0.7
2021-06-16 11:01:53,2027.5,72,84216,87235,2038.15,64250,-0.76
2021-06-16 11:01:54,2027.5,72,84046,86709,2038.13,64357,-0.76
2021-06-16 11:01:55,2028.5,12,84046,86709,2038.13,64357,-0.71
2021-06-16 11:01:58,2028.5,12,84046,87094,2038.13,64407,-0.71
2021-06-16 11:02:00,2028.5,1,84041,87093,2038.13,64411,-0.71
2021-06-16 11:02:06,2028.5,1,84030,87117,2038.13,64411,-0.71
2021-06-16 11:02:09,2028.5,1,83994,87114,2038.13,64411,-0.71
2021-06-16 11:02:11,2028.5,1,84013,87114,2038.13,64411,-0.71
2021-06-16 11:02:18,2028.5,1,84015,87031,2038.13,64411,-0.71
2021-06-16 11:02:21,2028.5,1,84026,87031,2038.13,64411,-0.71
2021-06-16 11:02:21,2027.5,7,84026,87031,2038.13,64411,-0.76
2021-06-16 11:02:22,2027.8,30,84026,87031,2038.13,64411,-0.74
2021-06-16 11:02:24,2027.5,1,84048,87031,2038.12,64449,-0.76
2021-06-16 11:02:27,2027.5,1,84028,87041,2038.12,64449,-0.76
2021-06-16 11:02:30,2027.5,1,84107,87013,2038.12,64449,-0.76
2021-06-16 11:02:33,2027.5,1,80635,86943,2038.12,64449,-0.76
2021-06-16 11:02:36,2027.5,1,80622,87086,2038.12,64449,-0.76
2021-06-16 11:02:39,2027.5,1,84633,86987,2038.12,64449,-0.76
2021-06-16 11:02:42,2027.5,1,84633,86917,2038.12,64449,-0.76
2021-06-16 11:02:46,2027.5,1,84643,86917,2038.12,64449,-0.76
2021-06-16 11:02:48,2027.6,2,84643,86917,2038.12,64449,-0.75
2021-06-16 11:02:49,2027.6,2,84646,86954,2038.12,64451,-0.75
2021-06-16 11:02:52,2027.6,2,84646,87317,2038.12,64451,-0.75
2021-06-16 11:02:56,2027.6,2,84769,86714,2038.12,64451,-0.75
2021-06-16 11:02:59,2027.6,2,84666,87395,2038.12,64451,-0.75
2021-06-16 11:03:01,2027.6,2,84669,87478,2038.12,64451,-0.75
2021-06-16 11:03:04,2027.6,2,84669,87551,2038.12,64451,-0.75
2021-06-16 11:03:07,2028.45,1,84669,87551,2038.12,64451,-0.71
2021-06-16 11:03:12,2028.45,1,84661,87572,2038.12,64454,-0.71
2021-06-16 11:03:15,2028.45,1,84661,87549,2038.12,64454,-0.71
2021-06-16 11:03:18,2028.45,1,84661,87624,2038.12,64454,-0.71
2021-06-16 11:03:21,2028.45,1,84757,87624,2038.12,64454,-0.71
2021-06-16 11:03:24,2028.45,1,84734,87647,2038.12,64454,-0.71
2021-06-16 11:03:24,2027.65,2,84734,87647,2038.12,64454,-0.75
2021-06-16 11:03:27,2027.65,2,84814,87634,2038.12,64456,-0.75
2021-06-16 11:03:28,2027.65,3,84814,87634,2038.12,64456,-0.75
2021-06-16 11:03:35,2027.65,3,84776,87619,2038.11,64507,-0.75
2021-06-16 11:03:40,2028.4,6,83736,87586,2038.11,64513,-0.71
2021-06-16 11:03:43,2028.35,3,84262,87570,2038.11,64513,-0.71
2021-06-16 11:03:45,2028.3,1,84262,87570,2038.11,64513,-0.72
2021-06-16 11:03:45,2028.3,1,84264,87559,2038.11,64521,-0.72
2021-06-16 11:03:48,2028.3,1,84283,87510,2038.11,64521,-0.72
2021-06-16 11:03:51,2028.3,1,84505,87552,2038.11,64521,-0.72
2021-06-16 11:03:53,2028.3,1,84520,87487,2038.11,64521,-0.72
2021-06-16 11:03:55,2028.3,1,84480,87501,2038.11,64521,-0.72
2021-06-16 11:03:58,2028.3,1,84480,87479,2038.11,64521,-0.72
2021-06-16 11:04:04,2028.3,1,84481,87470,2038.11,64521,-0.72
2021-06-16 11:04:06,2028.3,1,84481,87451,2038.11,64521,-0.72
2021-06-16 11:04:09,2027.5,15,84491,87482,2038.1,64551,-0.76
2021-06-16 11:04:10,2028.4,1,84491,87482,2038.1,64551,-0.71
2021-06-16 11:04:11,2028.4,1,85084,86623,2038.1,64594,-0.71
2021-06-16 11:04:12,2028.35,5,85084,86623,2038.1,64594,-0.71
2021-06-16 11:04:13,2027.75,5,85121,87126,2038.09,64609,-0.74
2021-06-16 11:04:21,2027.75,5,85058,87130,2038.09,64609,-0.74
2021-06-16 11:04:24,2027.75,5,84969,87142,2038.09,64609,-0.74
2021-06-16 11:04:27,2027.75,5,84970,87133,2038.09,64609,-0.74
2021-06-16 11:04:29,2027.75,5,84896,87132,2038.09,64609,-0.74
2021-06-16 11:04:30,2028.3,4,84896,87132,2038.09,64609,-0.72
2021-06-16 11:04:32,2028.3,4,84825,87044,2038.08,64704,-0.72
2021-06-16 11:04:35,2028.3,4,84724,87122,2038.08,64704,-0.72
2021-06-16 11:04:38,2028.3,4,84795,87125,2038.08,64704,-0.72
2021-06-16 11:04:41,2028.3,5,84672,87143,2038.08,64709,-0.72
2021-06-16 11:04:43,2028.3,5,84714,87143,2038.08,64709,-0.72
2021-06-16 11:04:47,2028.3,5,84714,87119,2038.08,64709,-0.72
2021-06-16 11:04:48,2027.85,1,84714,87119,2038.08,64709,-0.74
2021-06-16 11:04:49,2027.85,1,84675,87143,2038.08,64710,-0.74
2021-06-16 11:04:51,2027.85,1,84697,87143,2038.08,64710,-0.74
2021-06-16 11:04:52,2028.3,4,84697,87143,2038.08,64710,-0.72
2021-06-16 11:04:54,2028.3,21,84697,87143,2038.08,64710,-0.72
2021-06-16 11:04:54,2028.3,21,85081,87019,2038.07,64735,-0.72
2021-06-16 11:04:59,2028.3,21,85067,87499,2038.07,64735,-0.72
2021-06-16 11:05:03,2027.85,99,85067,87499,2038.07,64735,-0.74
2021-06-16 11:05:04,2028.4,42,84349,87624,2038.0,65218,-0.71
2021-06-16 11:05:07,2028.4,42,84461,87527,2038.0,65270,-0.71
2021-06-16 11:05:10,2028.35,46,84577,87423,2037.99,65320,-0.71
2021-06-16 11:05:12,2028.55,100,84577,87423,2037.99,65320,-0.7
2021-06-16 11:05:12,2028.55,100,84509,87046,2037.95,65620,-0.7
2021-06-16 11:05:15,2028.55,100,84526,87100,2037.95,65620,-0.7
2021-06-16 11:05:18,2028.55,100,84489,87317,2037.95,65620,-0.7
2021-06-16 11:05:19,2027.85,2,84489,87317,2037.95,65620,-0.74
2021-06-16 11:05:20,2028.0,50,84489,87317,2037.95,65620,-0.73
2021-06-16 11:05:21,2028.0,50,84310,87329,2037.93,65722,-0.73
2021-06-16 11:05:24,2028.0,50,84307,87302,2037.93,65722,-0.73
2021-06-16 11:05:26,2027.5,2,84307,87302,2037.93,65722,-0.76
2021-06-16 11:05:27,2027.5,2,84262,87308,2037.93,65724,-0.76
2021-06-16 11:05:30,2027.5,2,84262,87303,2037.93,65724,-0.76
2021-06-16 11:05:33,2027.5,2,84365,87288,2037.93,65724,-0.76
2021-06-16 11:05:36,2027.5,2,84447,87232,2037.93,65724,-0.76
2021-06-16 11:05:39,2029.1,200,84447,87232,2037.93,65724,-0.68
2021-06-16 11:05:39,2029.1,200,84726,86729,2037.88,66064,-0.68
2021-06-16 11:05:42,2029.1,200,84624,86817,2037.88,66064,-0.68
2021-06-16 11:05:43,2029.3,1,84624,86817,2037.88,66064,-0.67
2021-06-16 11:05:46,2029.3,1,84624,86855,2037.88,66065,-0.67
2021-06-16 11:05:52,2029.3,1,84626,86862,2037.88,66065,-0.67
2021-06-16 11:05:55,2029.3,1,84626,86859,2037.88,66065,-0.67
2021-06-16 11:06:00,2028.1,19,84626,86859,2037.88,66065,-0.73
2021-06-16 11:06:01,2028.1,19,84498,86877,2037.87,66165,-0.73
2021-06-16 11:06:03,2028.1,19,84499,86885,2037.87,66165,-0.73
2021-06-16 11:06:05,2029.25,72,84499,86885,2037.87,66165,-0.67
2021-06-16 11:06:06,2029.25,9,84499,86885,2037.87,66165,-0.67
2021-06-16 11:06:06,2029.25,9,84499,86969,2037.86,66276,-0.67
2021-06-16 11:06:08,2029.25,9,84499,86966,2037.86,66276,-0.67
2021-06-16 11:06:09,2029.25,2,84499,86966,2037.86,66276,-0.67
2021-06-16 11:06:10,2029.25,2,84508,86954,2037.86,66278,-0.67
2021-06-16 11:06:13,2029.25,2,84508,87054,2037.86,66278,-0.67
2021-06-16 11:06:16,2029.25,2,84514,87030,2037.86,66278,-0.67
2021-06-16 11:06:18,2029.25,2,84475,86958,2037.86,66278,-0.67
2021-06-16 11:06:21,2029.25,2,84475,87025,2037.86,66278,-0.67
2021-06-16 11:06:22,2029.35,12,84475,87025,2037.86,66278,-0.67
2021-06-16 11:06:25,2029.35,11,84475,87025,2037.86,66278,-0.67
2021-06-16 11:06:27,2029.35,11,84652,86998,2037.85,66319,-0.67
2021-06-16 11:06:30,2029.35,11,84540,87277,2037.85,66319,-0.67
2021-06-16 11:06:33,2029.35,11,84402,87402,2037.85,66319,-0.67
2021-06-16 11:06:36,2029.35,11,84445,87429,2037.85,66319,-0.67
2021-06-16 11:06:39,2029.35,11,84507,87409,2037.85,66319,-0.67
2021-06-16 11:06:45,2029.35,11,84568,87447,2037.85,66319,-0.67
2021-06-16 11:06:48,2029.35,11,84575,87447,2037.85,66319,-0.67
2021-06-16 11:06:51,2029.35,11,84688,87447,2037.85,66319,-0.67
2021-06-16 11:06:54,2029.35,11,84622,87412,2037.85,66319,-0.67
2021-06-16 11:06:56,2029.35,11,84622,87377,2037.85,66319,-0.67
2021-06-16 11:06:59,2029.35,11,84660,87402,2037.85,66319,-0.67
2021-06-16 11:07:01,2029.35,11,84724,87375,2037.85,66319,-0.67
2021-06-16 11:07:03,2029.15,12,84724,87375,2037.85,66319,-0.68
2021-06-16 11:07:04,2029.15,12,84671,87326,2037.84,66399,-0.68
2021-06-16 11:07:04,2028.0,7,84671,87326,2037.84,66399,-0.73
2021-06-16 11:07:07,2028.0,7,84704,87326,2037.84,66406,-0.73
2021-06-16 11:07:15,2028.0,7,84595,87387,2037.84,66406,-0.73
2021-06-16 11:07:18,2028.0,7,84672,87414,2037.84,66406,-0.73
2021-06-16 11:07:21,2028.0,7,84709,87417,2037.84,66406,-0.73
2021-06-16 11:07:24,2028.0,7,84672,87417,2037.84,66406,-0.73
2021-06-16 11:07:33,2028.0,7,84749,87438,2037.84,66406,-0.73
2021-06-16 11:07:36,2028.0,7,84774,87437,2037.84,66406,-0.73
2021-06-16 11:07:41,2029.0,55,84747,87458,2037.82,66556,-0.68
2021-06-16 11:07:43,2029.0,55,84766,87458,2037.82,66556,-0.68
2021-06-16 11:07:45,2029.05,4,84766,87458,2037.82,66556,-0.68
2021-06-16 11:07:46,2029.05,4,84898,87327,2037.8,66659,-0.68
2021-06-16 11:07:49,2029.05,4,84879,87327,2037.8,66659,-0.68
2021-06-16 11:07:52,2029.05,4,84888,87331,2037.8,66659,-0.68
2021-06-16 11:07:54,2029.05,4,84898,87331,2037.8,66659,-0.68
2021-06-16 11:07:57,2029.05,1,84898,87331,2037.8,66659,-0.68
2021-06-16 11:07:57,2029.05,1,84858,87330,2037.8,66660,-0.68
2021-06-16 11:08:00,2029.05,1,84871,87195,2037.8,66660,-0.68
2021-06-16 11:08:04,2029.05,1,84825,87689,2037.8,66660,-0.68
2021-06-16 11:08:06,2029.05,1,84925,87641,2037.8,66660,-0.68
2021-06-16 11:08:09,2029.05,1,84925,87662,2037.8,66660,-0.68
2021-06-16 11:08:10,2029.0,12,84925,87662,2037.8,66660,-0.68
2021-06-16 11:08:12,2029.0,12,84856,87221,2037.8,66672,-0.68
2021-06-16 11:08:13,2028.05,3,84856,87221,2037.8,66672,-0.73
2021-06-16 11:08:14,2028.05,3,84840,87434,2037.8,66675,-0.73
2021-06-16 11:08:16,2029.05,4,84840,87434,2037.8,66675,-0.68
2021-06-16 11:08:17,2029.05,4,85419,86986,2037.8,66682,-0.68
2021-06-16 11:08:22,2029.05,4,85202,87120,2037.8,66682,-0.68
2021-06-16 11:08:25,2029.05,4,85224,87120,2037.8,66682,-0.68
2021-06-16 11:08:27,2029.05,4,85202,87133,2037.8,66682,-0.68
2021-06-16 11:08:30,2029.05,4,85325,87216,2037.8,66682,-0.68
2021-06-16 11:08:32,2029.0,5,85325,87216,2037.8,66682,-0.68
2021-06-16 11:08:33,2029.0,5,85394,87221,2037.8,66687,-0.68
2021-06-16 11:08:34,2028.2,4,85394,87221,2037.8,66687,-0.72
2021-06-16 11:08:36,2029.0,1,85426,87219,2037.8,66692,-0.68
2021-06-16 11:08:38,2029.0,10,85426,87219,2037.8,66692,-0.68
2021-06-16 11:08:39,2029.0,10,85352,87220,2037.8,66702,-0.68
2021-06-16 11:08:44,2029.0,10,85480,87197,2037.8,66702,-0.68
2021-06-16 11:08:46,2029.0,10,85339,87197,2037.8,66702,-0.68
2021-06-16 11:08:49,2029.0,10,85292,87197,2037.8,66702,-0.68
2021-06-16 11:08:49,2029.0,12,85292,87197,2037.8,66702,-0.68
2021-06-16 11:09:00,2029.0,12,85253,87841,2037.8,66714,-0.68
2021-06-16 11:09:01,2029.0,12,85249,87883,2037.8,66714,-0.68
2021-06-16 11:09:04,2029.0,12,85248,87831,2037.8,66714,-0.68
2021-06-16 11:09:07,2029.0,12,85227,87843,2037.8,66714,-0.68
2021-06-16 11:09:10,2029.0,12,85227,87899,2037.8,66714,-0.68
2021-06-16 11:09:18,2029.15,1,85226,87898,2037.8,66715,-0.68
2021-06-16 11:09:20,2029.15,1,85248,87898,2037.8,66715,-0.68
2021-06-16 11:09:25,2029.15,1,85325,87660,2037.8,66715,-0.68
2021-06-16 11:09:30,2029.15,1,85325,87620,2037.8,66715,-0.68
2021-06-16 11:09:32,2029.15,1,85333,87620,2037.8,66715,-0.68
2021-06-16 11:09:34,2029.15,1,85341,87620,2037.8,66715,-0.68
2021-06-16 11:09:37,2029.15,1,85341,87624,2037.8,66715,-0.68
2021-06-16 11:09:42,2029.15,1,85277,87663,2037.8,66715,-0.68
2021-06-16 11:09:44,2029.15,1,85279,87668,2037.8,66715,-0.68
2021-06-16 11:09:52,2029.15,1,85343,87665,2037.8,66715,-0.68
2021-06-16 11:09:57,2029.15,1,85243,87718,2037.8,66715,-0.68
2021-06-16 11:09:57,2029.5,899,85243,87718,2037.8,66715,-0.66
2021-06-16 11:09:59,2029.5,899,85107,87686,2037.67,67715,-0.66
2021-06-16 11:10:01,2029.5,899,85171,87758,2037.67,67715,-0.66
2021-06-16 11:10:04,2029.5,899,85149,87736,2037.67,67715,-0.66
2021-06-16 11:10:05,2028.0,40,85149,87736,2037.67,67715,-0.73
2021-06-16 11:10:06,2028.0,1,83126,88232,2037.64,67946,-0.73
2021-06-16 11:10:09,2028.0,1,83328,88306,2037.64,67946,-0.73
2021-06-16 11:10:10,2028.0,1,83328,88319,2037.64,67946,-0.73
2021-06-16 11:10:13,2028.0,1,83367,88310,2037.64,67946,-0.73
2021-06-16 11:10:15,2028.0,1,83367,88285,2037.64,67946,-0.73
2021-06-16 11:10:19,2028.0,1,83467,88299,2037.64,67946,-0.73
2021-06-16 11:10:22,2028.0,1,83742,88211,2037.64,67946,-0.73
2021-06-16 11:10:25,2028.0,1,83855,88157,2037.64,67946,-0.73
2021-06-16 11:10:27,2028.0,1,83847,88164,2037.64,67946,-0.73
2021-06-16 11:10:28,2028.05,17,83847,88164,2037.64,67946,-0.73
2021-06-16 11:10:30,2028.05,17,83781,88367,2037.63,67997,-0.73
2021-06-16 11:10:34,2028.05,17,83751,88380,2037.63,67997,-0.73
2021-06-16 11:10:36,2028.05,17,83745,88044,2037.63,67997,-0.73
2021-06-16 11:10:39,2028.05,17,83745,88056,2037.63,67997,-0.73
2021-06-16 11:10:40,2027.8,10,83745,88056,2037.63,67997,-0.74
2021-06-16 11:10:41,2027.8,10,83326,87793,2037.63,68019,-0.74
2021-06-16 11:10:43,2027.8,10,83292,87793,2037.63,68019,-0.74
2021-06-16 11:10:43,2027.1,4,83292,87793,2037.63,68019,-0.78
2021-06-16 11:10:45,2027.1,4,83706,88234,2037.62,68096,-0.78
2021-06-16 11:10:50,2027.1,4,83770,88128,2037.62,68096,-0.78
2021-06-16 11:10:51,2027.0,1,83770,88128,2037.62,68096,-0.78
2021-06-16 11:10:53,2027.0,1,83769,88128,2037.62,68097,-0.78
2021-06-16 11:10:56,2027.5,43,83769,88128,2037.62,68097,-0.76
2021-06-16 11:10:58,2027.5,43,83788,88039,2037.61,68140,-0.76
2021-06-16 11:11:01,2027.5,43,83748,88063,2037.61,68140,-0.76
2021-06-16 11:11:03,2027.5,43,83798,88039,2037.61,68140,-0.76
2021-06-16 11:11:08,2027.5,10,83798,88039,2037.61,68140,-0.76
2021-06-16 11:11:09,2027.5,10,83789,88029,2037.61,68150,-0.76
2021-06-16 11:11:12,2027.5,5,83745,88025,2037.61,68150,-0.76
2021-06-16 11:11:14,2027.5,4,83745,88025,2037.61,68150,-0.76
2021-06-16 11:11:15,2027.5,2,84174,87864,2037.57,68445,-0.76
2021-06-16 11:11:18,2027.5,2,84122,88076,2037.57,68445,-0.76
2021-06-16 11:11:20,2027.5,2,82838,88403,2037.57,68445,-0.76
2021-06-16 11:11:22,2027.5,2,83114,88428,2037.57,68445,-0.76
2021-06-16 11:11:25,2027.5,2,83353,88135,2037.57,68445,-0.76
2021-06-16 11:11:27,2027.5,2,83361,88877,2037.57,68445,-0.76
2021-06-16 11:11:30,2027.5,2,83340,88881,2037.57,68445,-0.76
2021-06-16 11:11:31,2027.8,25,83340,88881,2037.57,68445,-0.74
2021-06-16 11:11:37,2027.8,25,83316,88856,2037.56,68470,-0.74
2021-06-16 11:11:39,2027.8,25,83329,88891,2037.56,68470,-0.74
2021-06-16 11:11:41,2027.75,7,83329,88891,2037.56,68470,-0.74
2021-06-16 11:11:43,2027.75,7,83351,88884,2037.56,68477,-0.74
2021-06-16 11:11:45,2027.75,7,83329,88839,2037.56,68484,-0.74
2021-06-16 11:11:46,2027.65,3,83329,88839,2037.56,68484,-0.75
2021-06-16 11:11:47,2027.85,31,83329,88839,2037.56,68484,-0.74
2021-06-16 11:11:48,2027.85,31,82807,88824,2037.55,68591,-0.74
2021-06-16 11:11:49,2027.8,3,82807,88824,2037.55,68591,-0.74
2021-06-16 11:11:50,2027.8,6,82807,88824,2037.55,68591,-0.74
2021-06-16 11:11:51,2027.8,6,82807,88820,2037.55,68605,-0.74
2021-06-16 11:11:53,2027.8,6,82806,88820,2037.55,68605,-0.74
2021-06-16 11:11:55,2027.8,6,82836,88820,2037.55,68605,-0.74
2021-06-16 11:11:58,2027.8,6,83391,88817,2037.55,68605,-0.74
2021-06-16 11:12:01,2027.8,6,83336,88332,2037.55,68605,-0.74
2021-06-16 11:12:03,2027.8,6,83555,88326,2037.55,68605,-0.74
2021-06-16 11:12:05,2027.8,6,83555,88315,2037.55,68605,-0.74
2021-06-16 11:12:07,2027.8,6,83587,88243,2037.55,68605,-0.74
2021-06-16 11:12:08,2027.8,70,83587,88243,2037.55,68605,-0.74
2021-06-16 11:12:15,2027.8,70,83925,88642,2037.53,68690,-0.74
2021-06-16 11:12:25,2027.8,70,83934,88642,2037.53,68690,-0.74
2021-06-16 11:12:29,2027.8,70,83934,88605,2037.53,68690,-0.74
2021-06-16 11:12:36,2027.8,70,83934,88611,2037.53,68690,-0.74
2021-06-16 11:12:43,2027.8,70,83934,88615,2037.53,68690,-0.74
2021-06-16 11:12:45,2027.8,70,84178,87787,2037.53,68690,-0.74
2021-06-16 11:12:48,2027.8,70,83728,87830,2037.53,68690,-0.74
2021-06-16 11:12:51,2027.8,70,83729,87830,2037.53,68690,-0.74
2021-06-16 11:12:52,2027.8,70,84229,87330,2037.53,68690,-0.74
2021-06-16 11:12:55,2027.8,70,84237,87330,2037.53,68690,-0.74
2021-06-16 11:12:57,2027.8,70,84188,87403,2037.53,68690,-0.74
2021-06-16 11:13:00,2027.8,70,83862,87079,2037.53,68690,-0.74
2021-06-16 11:13:02,2027.8,70,83854,87072,2037.53,68690,-0.74
2021-06-16 11:13:04,2027.8,70,84421,87072,2037.53,68690,-0.74
2021-06-16 11:13:07,2027.8,70,84457,87108,2037.53,68690,-0.74
2021-06-16 11:13:10,2027.8,70,84463,87108,2037.53,68690,-0.74
2021-06-16 11:13:12,2028.0,50,84634,87069,2037.53,68740,-0.73
2021-06-16 11:13:19,2028.0,50,84642,87092,2037.53,68740,-0.73
2021-06-16 11:13:22,2028.0,50,84647,87092,2037.53,68740,-0.73
2021-06-16 11:13:24,2028.0,50,84651,87092,2037.53,68740,-0.73
2021-06-16 11:13:33,2028.0,50,84392,87512,2037.53,68740,-0.73
2021-06-16 11:13:34,2027.8,2,84392,87512,2037.53,68740,-0.74
2021-06-16 11:13:35,2027.9,51,84392,87512,2037.53,68740,-0.74
2021-06-16 11:13:36,2027.9,51,84542,87372,2037.52,68801,-0.74
2021-06-16 11:13:38,2027.9,51,84681,87376,2037.52,68801,-0.74
2021-06-16 11:13:40,2027.9,51,84691,87378,2037.52,68801,-0.74
2021-06-16 11:13:42,2028.5,280,84691,87378,2037.52,68801,-0.71
2021-06-16 11:13:42,2028.5,280,84261,87351,2037.48,69081,-0.71
2021-06-16 11:13:50,2028.5,280,84251,87351,2037.48,69081,-0.71
2021-06-16 11:13:55,2028.5,280,84155,87110,2037.48,69081,-0.71
2021-06-16 11:13:58,2028.5,280,83506,88293,2037.48,69081,-0.71
2021-06-16 11:14:01,2028.5,280,83508,88294,2037.48,69081,-0.71
2021-06-16 11:14:04,2028.5,280,83128,88295,2037.48,69081,-0.71
2021-06-16 11:14:06,2028.5,280,83027,87751,2037.48,69081,-0.71
2021-06-16 11:14:07,2028.5,280,82997,87750,2037.48,69081,-0.71
2021-06-16 11:14:09,2028.5,280,83063,87657,2037.48,69081,-0.71
2021-06-16 11:14:09,2028.5,280,83063,87656,2037.48,69081,-0.71
2021-06-16 11:14:12,2028.5,280,83064,87656,2037.48,69081,-0.71
2021-06-16 11:14:13,2028.5,280,83065,87656,2037.48,69081,-0.71
2021-06-16 11:14:14,2028.5,280,83065,87781,2037.48,69081,-0.71
2021-06-16 11:14:17,2028.5,280,83065,87831,2037.48,69081,-0.71
2021-06-16 11:14:18,2028.5,280,83065,87331,2037.48,69081,-0.71
2021-06-16 11:14:19,2028.5,280,83165,87831,2037.48,69081,-0.71
2021-06-16 11:14:21,2028.5,280,83169,87831,2037.48,69081,-0.71
2021-06-16 11:14:22,2028.5,280,83221,87831,2037.48,69081,-0.71
2021-06-16 11:14:22,2028.5,280,83217,87831,2037.48,69081,-0.71
2021-06-16 11:14:23,2028.8,5,83217,87831,2037.48,69081,-0.69
2021-06-16 11:14:24,2028.8,5,83147,88366,2037.48,69086,-0.69
2021-06-16 11:14:24,2026.2,1,83147,88366,2037.48,69086,-0.82
2021-06-16 11:14:25,2026.2,1,82208,88852,2037.48,69105,-0.82
2021-06-16 11:14:25,2026.15,10,82208,89349,2037.48,69105,-0.82
2021-06-16 11:14:27,2026.15,10,81544,89987,2037.47,69130,-0.82
2021-06-16 11:14:28,2026.15,10,81534,90109,2037.47,69130,-0.82
2021-06-16 11:14:30,2026.15,10,81534,89739,2037.47,69130,-0.82
2021-06-16 11:14:31,2026.15,10,81560,89588,2037.47,69130,-0.82
2021-06-16 11:14:34,2026.15,10,81592,89588,2037.47,69130,-0.82
2021-06-16 11:14:36,2026.15,10,81596,88963,2037.47,69130,-0.82
2021-06-16 11:14:37,2026.15,10,81592,89095,2037.47,69130,-0.82
2021-06-16 11:14:39,2026.15,10,81568,89595,2037.47,69130,-0.82
2021-06-16 11:14:39,2026.15,10,81563,89596,2037.47,69130,-0.82
2021-06-16 11:14:42,2026.15,10,81619,88980,2037.47,69130,-0.82
2021-06-16 11:14:44,2026.15,10,81619,89744,2037.47,69130,-0.82
2021-06-16 11:14:46,2025.7,1,81633,89042,2037.47,69135,-0.84
2021-06-16 11:14:47,2025.7,1,81633,89020,2037.47,69135,-0.84
2021-06-16 11:14:49,2025.7,1,81633,89024,2037.47,69135,-0.84
2021-06-16 11:14:51,2025.05,4,81673,89024,2037.47,69139,-0.88
2021-06-16 11:14:51,2025.05,1,81673,89024,2037.47,69139,-0.88
2021-06-16 11:14:52,2025.05,1,81672,89064,2037.47,69140,-0.88
2021-06-16 11:14:52,2025.05,1,81668,89038,2037.47,69140,-0.88
2021-06-16 11:14:55,2025.05,1,81668,89325,2037.47,69140,-0.88
2021-06-16 11:14:57,2025.05,1,81668,89365,2037.47,69140,-0.88
2021-06-16 11:14:58,2025.05,1,81726,89339,2037.47,69140,-0.88
2021-06-16 11:14:59,2025.05,1,81726,89318,2037.47,69140,-0.88
2021-06-16 11:15:00,2025.05,1,81726,89342,2037.47,69140,-0.88
2021-06-16 11:15:01,2025.05,1,81726,89317,2037.47,69140,-0.88
2021-06-16 11:15:02,2025.05,1,81790,89344,2037.47,69140,-0.88
2021-06-16 11:15:04,2025.05,1,81790,89382,2037.47,69140,-0.88
2021-06-16 11:15:04,2025.05,1,81802,89400,2037.47,69140,-0.88
2021-06-16 11:15:06,2025.05,1,81802,89360,2037.47,69140,-0.88
2021-06-16 11:15:09,2025.05,1,81802,89304,2037.47,69140,-0.88
2021-06-16 11:15:09,2025.75,7,81802,89304,2037.47,69140,-0.84
2021-06-16 11:15:10,2025.75,7,82135,89021,2037.47,69152,-0.84
2021-06-16 11:15:11,2025.75,7,82061,89153,2037.47,69152,-0.84
2021-06-16 11:15:13,2025.75,7,82003,89145,2037.47,69152,-0.84
2021-06-16 11:15:14,2025.75,7,82503,89145,2037.47,69152,-0.84
2021-06-16 11:15:15,2025.75,1,82478,89145,2037.47,69152,-0.84
2021-06-16 11:15:16,2025.15,20,82627,89144,2037.47,69153,-0.87
2021-06-16 11:15:16,2025.15,20,82522,89144,2037.47,69173,-0.87
2021-06-16 11:15:17,2025.1,1,82522,89144,2037.47,69173,-0.87
2021-06-16 11:15:18,2025.1,1,82477,89142,2037.47,69174,-0.87
2021-06-16 11:15:19,2025.1,1,82551,89178,2037.47,69174,-0.87
2021-06-16 11:15:21,2025.1,1,82519,89364,2037.47,69174,-0.87
2021-06-16 11:15:22,2025.1,1,82593,89379,2037.47,69174,-0.87
2021-06-16 11:15:24,2025.1,39,82598,89347,2037.46,69213,-0.87
2021-06-16 11:15:25,2025.1,39,82703,89254,2037.46,69213,-0.87
2021-06-16 11:15:27,2025.1,39,82744,89233,2037.46,69213,-0.87
2021-06-16 11:15:27,2025.1,39,82721,89233,2037.46,69213,-0.87
2021-06-16 11:15:29,2025.1,39,82741,89233,2037.46,69213,-0.87
2021-06-16 11:15:30,2025.1,39,82493,88526,2037.46,69213,-0.87
2021-06-16 11:15:31,2025.05,2,82493,88526,2037.46,69213,-0.88
2021-06-16 11:15:33,2025.05,2,82472,89118,2037.45,69253,-0.88
2021-06-16 11:15:36,2025.05,2,82503,89393,2037.45,69253,-0.88
2021-06-16 11:15:39,2025.05,2,82419,89393,2037.45,69253,-0.88
2021-06-16 11:15:41,2025.05,2,82442,89393,2037.45,69253,-0.88
2021-06-16 11:15:42,2025.05,2,82442,89392,2037.45,69253,-0.88
2021-06-16 11:15:51,2025.05,2,82506,89392,2037.45,69253,-0.88
2021-06-16 11:15:53,2025.05,2,82497,89392,2037.45,69253,-0.88
2021-06-16 11:15:54,2025.05,2,82517,89392,2037.45,69253,-0.88
2021-06-16 11:15:55,2025.75,1,82517,89431,2037.45,69254,-0.84
2021-06-16 11:15:56,2024.8,1,82517,89431,2037.45,69254,-0.89
2021-06-16 11:15:57,2024.8,1,82580,89486,2037.45,69269,-0.89
2021-06-16 11:15:57,2024.8,1,82569,89486,2037.45,69269,-0.89
2021-06-16 11:15:58,2025.0,25,82569,89486,2037.45,69269,-0.88
2021-06-16 11:15:59,2025.0,9,81788,89491,2037.44,69321,-0.88
2021-06-16 11:16:01,2025.0,9,82329,89491,2037.44,69321,-0.88
2021-06-16 11:16:04,2025.0,9,82393,89641,2037.44,69321,-0.88
2021-06-16 11:16:04,2025.0,9,82409,89644,2037.44,69321,-0.88
2021-06-16 11:16:06,2025.0,9,82431,89804,2037.44,69321,-0.88
2021-06-16 11:16:08,2025.0,9,82428,89804,2037.44,69321,-0.88
2021-06-16 11:16:09,2025.0,9,82378,89804,2037.44,69321,-0.88
2021-06-16 11:16:10,2025.0,9,82378,89818,2037.44,69321,-0.88
2021-06-16 11:16:14,2025.0,92,82378,89725,2037.42,69421,-0.88
2021-06-16 11:16:17,2025.0,92,82389,89705,2037.42,69421,-0.88
2021-06-16 11:16:18,2025.0,92,82387,89606,2037.42,69421,-0.88
2021-06-16 11:16:19,2025.0,92,82387,89609,2037.42,69421,-0.88
2021-06-16 11:16:20,2025.0,5,82414,89609,2037.42,69421,-0.88
2021-06-16 11:16:21,2025.0,5,82428,89604,2037.42,69426,-0.88
2021-06-16 11:16:22,2025.0,5,82428,89504,2037.42,69426,-0.88
2021-06-16 11:16:24,2025.0,5,82427,89506,2037.42,69426,-0.88
2021-06-16 11:16:26,2025.0,5,82427,89528,2037.42,69426,-0.88
2021-06-16 11:16:29,2025.0,5,82428,89528,2037.42,69426,-0.88
2021-06-16 11:16:40,2025.0,5,82428,89503,2037.42,69426,-0.88
2021-06-16 11:16:48,2025.0,1,82360,89229,2037.4,69526,-0.88
2021-06-16 11:16:56,2025.0,1,82340,89233,2037.4,69526,-0.88
2021-06-16 11:16:57,2025.0,1,82360,89233,2037.4,69526,-0.88
2021-06-16 11:16:58,2025.0,8,82360,89234,2037.4,69534,-0.88
2021-06-16 11:17:01,2025.0,8,82282,90023,2037.4,69534,-0.88
2021-06-16 11:17:09,2025.0,8,82282,90058,2037.4,69534,-0.88
2021-06-16 11:17:10,2025.0,8,82282,90041,2037.4,69534,-0.88
2021-06-16 11:17:13,2025.55,4,83249,87865,2037.4,69550,-0.85
2021-06-16 11:17:14,2025.55,4,82828,88686,2037.4,69550,-0.85
2021-06-16 11:17:15,2025.55,4,82828,88701,2037.4,69550,-0.85
2021-06-16 11:17:16,2025.55,4,82820,88711,2037.4,69550,-0.85
2021-06-16 11:17:17,2025.55,4,82810,88711,2037.4,69550,-0.85
2021-06-16 11:17:18,2025.55,4,82346,88671,2037.4,69550,-0.85
2021-06-16 11:17:19,2025.55,4,82846,88671,2037.4,69550,-0.85
2021-06-16 11:17:20,2025.55,4,82861,88691,2037.4,69550,-0.85
2021-06-16 11:17:21,2025.55,4,81600,88714,2037.4,69550,-0.85
2021-06-16 11:17:22,2025.55,4,82260,88714,2037.4,69550,-0.85
2021-06-16 11:17:23,2025.55,4,82834,88480,2037.4,69550,-0.85
2021-06-16 11:17:24,2025.55,4,82340,88745,2037.4,69550,-0.85
2021-06-16 11:17:25,2025.55,4,81683,88758,2037.4,69550,-0.85
2021-06-16 11:17:26,2025.55,4,82389,88806,2037.4,69550,-0.85
2021-06-16 11:17:27,2025.55,4,81894,89220,2037.4,69550,-0.85
2021-06-16 11:17:33,2025.55,4,82508,89418,2037.4,69550,-0.85
2021-06-16 11:17:33,2025.55,4,82508,89506,2037.4,69550,-0.85
2021-06-16 11:17:36,2025.55,4,82750,89120,2037.4,69550,-0.85
2021-06-16 11:17:37,2025.55,4,82525,89196,2037.4,69550,-0.85
2021-06-16 11:17:38,2025.55,4,82641,89195,2037.4,69550,-0.85
2021-06-16 11:17:39,2025.55,4,82623,89178,2037.4,69550,-0.85
2021-06-16 11:17:40,2025.55,4,82809,89200,2037.4,69550,-0.85
2021-06-16 11:17:42,2025.55,39,82799,89200,2037.4,69550,-0.85
2021-06-16 11:17:42,2025.55,39,82436,88503,2037.39,69589,-0.85
2021-06-16 11:17:43,2025.85,10,82492,89028,2037.39,69599,-0.84
2021-06-16 11:17:45,2025.85,10,82817,89120,2037.39,69599,-0.84
2021-06-16 11:17:46,2025.85,10,82827,89120,2037.39,69599,-0.84
2021-06-16 11:17:46,2025.85,10,82156,89655,2037.39,69599,-0.84
2021-06-16 11:17:48,2025.85,10,82293,89655,2037.39,69599,-0.84
2021-06-16 11:17:49,2025.8,200,82277,89797,2037.39,69599,-0.84
2021-06-16 11:17:51,2025.8,200,82433,89273,2037.36,69799,-0.84
2021-06-16 11:17:52,2025.8,200,82433,89281,2037.36,69799,-0.84
2021-06-16 11:17:52,2025.8,200,82393,89154,2037.36,69799,-0.84
2021-06-16 11:17:55,2025.8,200,82593,89279,2037.36,69799,-0.84
2021-06-16 11:17:57,2025.8,200,82593,89166,2037.36,69799,-0.84
2021-06-16 11:17:59,2025.8,200,82596,89231,2037.36,69799,-0.84
2021-06-16 11:18:03,2025.8,200,82596,89221,2037.36,69799,-0.84
2021-06-16 11:18:06,2025.8,200,82416,89221,2037.36,69799,-0.84
2021-06-16 11:18:09,2025.1,1,82396,89221,2037.36,69799,-0.87
2021-06-16 11:18:09,2025.1,1,82342,89495,2037.36,69800,-0.87
2021-06-16 11:18:12,2025.1,1,82343,89522,2037.36,69800,-0.87
2021-06-16 11:18:13,2025.1,1,82343,89530,2037.36,69800,-0.87
2021-06-16 11:18:18,2025.1,1,82424,89530,2037.36,69800,-0.87
2021-06-16 11:18:18,2025.1,1,82423,89530,2037.36,69800,-0.87
2021-06-16 11:18:24,2025.1,1,82418,89530,2037.36,69800,-0.87
2021-06-16 11:18:29,2025.0,50,82502,89480,2037.35,69850,-0.88
2021-06-16 11:18:35,2025.0,50,81129,89711,2037.35,69850,-0.88
2021-06-16 11:18:36,2025.0,50,81785,89711,2037.35,69850,-0.88
2021-06-16 11:18:37,2025.0,10,81835,89711,2037.35,69850,-0.88
2021-06-16 11:18:38,2025.0,10,81841,89661,2037.26,70360,-0.88
2021-06-16 11:18:40,2025.0,10,81841,89661,2037.26,70370,-0.88
2021-06-16 11:18:41,2025.0,10,81842,89661,2037.26,70370,-0.88
2021-06-16 11:18:45,2025.0,10,81822,89661,2037.26,70370,-0.88
2021-06-16 11:18:46,2025.0,10,81775,89661,2037.26,70370,-0.88
2021-06-16 11:18:49,2025.0,10,81692,89675,2037.26,70370,-0.88
2021-06-16 11:18:51,2025.0,10,81727,89675,2037.26,70370,-0.88
2021-06-16 11:18:55,2025.0,10,81807,89520,2037.26,70370,-0.88
2021-06-16 11:18:56,2025.0,10,81795,89520,2037.26,70370,-0.88
2021-06-16 11:18:58,2025.0,10,81749,89461,2037.26,70370,-0.88
2021-06-16 11:19:00,2025.0,10,81770,89480,2037.26,70370,-0.88
2021-06-16 11:19:01,2024.8,2,82106,89585,2037.26,70372,-0.89
2021-06-16 11:19:02,2024.8,2,82142,89585,2037.26,70372,-0.89
2021-06-16 11:19:03,2024.8,2,82193,89576,2037.26,70372,-0.89
2021-06-16 11:19:04,2024.8,2,82193,89585,2037.26,70372,-0.89
2021-06-16 11:19:09,2024.8,2,82275,89631,2037.26,70372,-0.89
2021-06-16 11:19:12,2024.8,2,82283,89638,2037.26,70372,-0.89
2021-06-16 11:19:14,2024.8,2,82244,89638,2037.26,70372,-0.89
2021-06-16 11:19:15,2025.0,1,82244,89638,2037.26,70372,-0.88
2021-06-16 11:19:16,2025.0,1,82436,89258,2037.25,70388,-0.88
2021-06-16 11:19:16,2024.8,1,82436,89258,2037.25,70388,-0.89
2021-06-16 11:19:17,2024.8,88,82436,89258,2037.25,70388,-0.89
2021-06-16 11:19:18,2025.1,99,82841,88738,2037.21,70610,-0.87
2021-06-16 11:19:20,2025.1,99,82761,88770,2037.21,70610,-0.87
2021-06-16 11:19:22,2025.1,99,83095,88797,2037.21,70610,-0.87
2021-06-16 11:19:25,2025.1,99,83095,88827,2037.21,70610,-0.87
2021-06-16 11:19:27,2025.1,99,83105,88859,2037.21,70610,-0.87
2021-06-16 11:19:29,2025.1,99,82825,89351,2037.21,70610,-0.87
2021-06-16 11:19:31,2025.1,99,82815,89509,2037.21,70610,-0.87
2021-06-16 11:19:33,2025.1,99,82815,89519,2037.21,70610,-0.87
2021-06-16 11:19:35,2025.1,99,82875,89396,2037.21,70610,-0.87
2021-06-16 11:19:37,2025.1,60,82199,89852,2037.2,70670,-0.87
2021-06-16 11:19:39,2025.1,60,82234,89705,2037.2,70670,-0.87
2021-06-16 11:19:40,2024.0,50,82234,89705,2037.2,70670,-0.93
2021-06-16 11:19:41,2024.0,50,82285,89705,2037.18,70820,-0.93
2021-06-16 11:19:43,2024.0,50,82285,89709,2037.18,70820,-0.93
2021-06-16 11:19:45,2024.0,50,82403,89709,2037.18,70820,-0.93
2021-06-16 11:19:48,2024.0,50,82266,89803,2037.18,70820,-0.93
2021-06-16 11:19:49,2024.0,50,82266,89802,2037.18,70820,-0.93
2021-06-16 11:19:51,2025.1,40,82536,89555,2037.17,70860,-0.87
2021-06-16 11:19:54,2025.1,40,82416,89559,2037.17,70860,-0.87
2021-06-16 11:19:56,2025.1,40,82356,89567,2037.17,70860,-0.87
2021-06-16 11:19:57,2024.25,1,82356,89567,2037.17,70860,-0.92
2021-06-16 11:19:58,2024.25,1,82469,89564,2037.17,70870,-0.92
2021-06-16 11:20:01,2024.25,1,82478,89564,2037.17,70870,-0.92
2021-06-16 11:20:03,2024.25,1,82487,89564,2037.17,70870,-0.92
2021-06-16 11:20:05,2024.25,1,82430,89624,2037.17,70870,-0.92
2021-06-16 11:20:07,2025.1,6,82467,89624,2037.17,70870,-0.87
2021-06-16 11:20:09,2025.1,6,82557,89277,2037.15,70991,-0.87
2021-06-16 11:20:10,2025.1,3,82557,89277,2037.15,70991,-0.87
2021-06-16 11:20:11,2025.1,3,82587,89280,2037.15,70994,-0.87
2021-06-16 11:20:13,2024.5,4,82547,89276,2037.14,71054,-0.9
2021-06-16 11:20:16,2024.5,4,82500,89460,2037.14,71054,-0.9
2021-06-16 11:20:16,2025.1,2,82500,89460,2037.14,71054,-0.87
2021-06-16 11:20:18,2026.5,40,82500,89460,2037.14,71054,-0.81
2021-06-16 11:20:19,2026.5,40,83028,88987,2037.12,71144,-0.81
2021-06-16 11:20:22,2026.5,40,83018,89013,2037.12,71144,-0.81
2021-06-16 11:20:25,2026.5,40,82441,88240,2037.12,71144,-0.81
2021-06-16 11:20:26,2025.2,55,82441,88240,2037.12,71144,-0.87
2021-06-16 11:20:27,2025.2,55,83086,89008,2037.11,71209,-0.87
2021-06-16 11:20:32,2025.2,55,83086,88997,2037.11,71209,-0.87
2021-06-16 11:20:34,2025.2,55,83076,89265,2037.11,71209,-0.87
2021-06-16 11:20:37,2025.25,4,83076,89265,2037.11,71209,-0.87
2021-06-16 11:20:41,2025.25,4,83174,89068,2037.11,71213,-0.87
2021-06-16 11:20:43,2025.25,4,83164,89068,2037.11,71213,-0.87
2021-06-16 11:20:46,2025.25,4,83176,89091,2037.11,71213,-0.87
2021-06-16 11:20:48,2025.25,4,82905,89103,2037.11,71213,-0.87
2021-06-16 11:20:50,2025.25,4,83050,89350,2037.11,71213,-0.87
2021-06-16 11:20:52,2025.25,4,83009,89346,2037.11,71213,-0.87
2021-06-16 11:20:54,2025.25,4,82998,89471,2037.11,71213,-0.87
2021-06-16 11:20:57,2025.25,4,82902,89608,2037.11,71213,-0.87
2021-06-16 11:21:00,2025.25,4,82954,89603,2037.11,71213,-0.87
2021-06-16 11:21:01,2025.5,10,82954,89603,2037.11,71213,-0.85
2021-06-16 11:21:01,2025.5,10,82954,89593,2037.11,71223,-0.85
2021-06-16 11:21:04,2025.5,10,82969,89593,2037.11,71223,-0.85
2021-06-16 11:21:06,2025.5,10,82979,89593,2037.11,71223,-0.85
2021-06-16 11:21:08,2025.5,10,82663,89840,2037.11,71223,-0.85
2021-06-16 11:21:10,2025.5,10,82640,89882,2037.11,71223,-0.85
2021-06-16 11:21:12,2025.5,10,82663,89851,2037.11,71223,-0.85
2021-06-16 11:21:15,2025.5,10,82664,89851,2037.11,71223,-0.85
2021-06-16 11:21:18,2025.5,10,82023,89851,2037.11,71223,-0.85
2021-06-16 11:21:21,2025.5,10,82130,89864,2037.11,71223,-0.85
2021-06-16 11:21:23,2025.5,10,82139,89783,2037.11,71223,-0.85
2021-06-16 11:21:26,2025.5,10,82105,89782,2037.11,71223,-0.85
2021-06-16 11:21:29,2025.5,20,82263,89699,2037.11,71223,-0.85
2021-06-16 11:21:31,2025.5,20,82247,89679,2037.11,71243,-0.85
2021-06-16 11:21:34,2025.5,20,82210,89657,2037.11,71243,-0.85
2021-06-16 11:21:36,2025.5,20,82200,89657,2037.11,71243,-0.85
2021-06-16 11:21:38,2025.5,20,82178,89657,2037.11,71243,-0.85
2021-06-16 11:21:39,2025.5,2,82178,89657,2037.11,71243,-0.85
2021-06-16 11:21:40,2025.5,2,82411,89520,2037.09,71315,-0.85
2021-06-16 11:21:43,2025.5,2,82300,89539,2037.09,71315,-0.85
2021-06-16 11:21:45,2026.0,46,82300,89539,2037.09,71315,-0.83
2021-06-16 11:21:46,2026.0,46,82239,89555,2037.08,71415,-0.83
2021-06-16 11:21:48,2026.0,46,82239,89558,2037.08,71415,-0.83
2021-06-16 11:21:51,2026.0,46,82233,89558,2037.08,71415,-0.83
2021-06-16 11:21:51,2025.5,10,82233,89558,2037.08,71415,-0.85
2021-06-16 11:21:52,2025.5,10,82247,89478,2037.08,71425,-0.85
2021-06-16 11:22:00,2025.5,10,82247,89476,2037.08,71425,-0.85
2021-06-16 11:22:02,2025.5,10,82187,89476,2037.08,71425,-0.85
2021-06-16 11:22:04,2025.5,10,82227,89476,2037.08,71425,-0.85
2021-06-16 11:22:07,2025.5,4,82227,89476,2037.08,71425,-0.85
2021-06-16 11:22:08,2025.5,4,82227,89475,2037.08,71429,-0.85
2021-06-16 11:22:08,2025.0,180,82227,89475,2037.08,71429,-0.88
2021-06-16 11:22:09,2025.0,180,82115,89623,2037.04,71649,-0.88
2021-06-16 11:22:10,2025.5,2,82115,89623,2037.04,71649,-0.85
2021-06-16 11:22:11,2024.65,4,82115,89623,2037.04,71649,-0.9
2021-06-16 11:22:12,2024.65,4,81524,89680,2037.04,71666,-0.9
2021-06-16 11:22:15,2025.45,4,81634,88642,2037.03,71734,-0.86
2021-06-16 11:22:18,2025.45,4,82410,89305,2037.03,71734,-0.86
2021-06-16 11:22:20,2025.45,4,82246,89312,2037.03,71734,-0.86
2021-06-16 11:22:23,2025.45,4,82130,89371,2037.03,71734,-0.86
2021-06-16 11:22:25,2025.45,4,82276,89384,2037.03,71734,-0.86
2021-06-16 11:22:27,2025.0,12,82300,89384,2037.02,71746,-0.88
2021-06-16 11:22:30,2025.0,12,82330,89365,2037.02,71746,-0.88
2021-06-16 11:22:36,2025.0,12,82538,89369,2037.02,71746,-0.88
2021-06-16 11:22:38,2025.0,12,82548,89369,2037.02,71746,-0.88
2021-06-16 11:22:40,2025.0,12,82548,89355,2037.02,71746,-0.88
2021-06-16 11:22:45,2025.0,12,82549,89355,2037.02,71746,-0.88
2021-06-16 11:22:47,2025.0,12,82652,89355,2037.02,71746,-0.88
2021-06-16 11:22:54,2025.0,12,83373,89355,2037.02,71746,-0.88
2021-06-16 11:23:00,2025.0,12,83354,89355,2037.02,71746,-0.88
2021-06-16 11:23:03,2025.0,12,83183,90191,2037.02,71746,-0.88
2021-06-16 11:23:06,2025.0,12,83175,90227,2037.02,71746,-0.88
2021-06-16 11:23:07,2025.5,1,83175,90227,2037.02,71746,-0.85
2021-06-16 11:23:07,2025.0,49,83175,90227,2037.02,71746,-0.88
2021-06-16 11:23:08,2025.0,49,83126,90269,2037.01,71802,-0.88
2021-06-16 11:23:13,2025.0,49,83129,90269,2037.01,71802,-0.88
2021-06-16 11:23:16,2025.0,49,83128,90269,2037.01,71802,-0.88
2021-06-16 11:23:21,2025.0,49,83145,90195,2037.01,71802,-0.88
2021-06-16 11:23:23,2025.0,49,83045,90195,2037.01,71802,-0.88
2021-06-16 11:23:25,2025.0,49,83045,90196,2037.01,71802,-0.88
2021-06-16 11:23:30,2025.0,49,83020,90208,2037.01,71802,-0.88
2021-06-16 11:23:33,2025.0,49,81889,90219,2037.01,71802,-0.88
2021-06-16 11:23:36,2025.0,49,81901,90219,2037.01,71802,-0.88
2021-06-16 11:23:37,2025.5,4,81901,90219,2037.01,71802,-0.85
2021-06-16 11:23:40,2025.5,4,82021,89289,2037.01,71806,-0.85
2021-06-16 11:23:43,2025.5,4,82160,89655,2037.01,71806,-0.85
2021-06-16 11:23:45,2025.5,4,82224,89665,2037.01,71806,-0.85
2021-06-16 11:23:51,2026.0,10,82224,89665,2037.01,71806,-0.83
2021-06-16 11:23:52,2026.65,8,82224,89665,2037.01,71806,-0.8
2021-06-16 11:23:54,2026.65,8,82736,88628,2036.98,72012,-0.8
2021-06-16 11:23:57,2026.65,8,82607,88717,2036.98,72012,-0.8
2021-06-16 11:23:59,2026.65,8,82607,88719,2036.98,72012,-0.8
2021-06-16 11:24:01,2026.65,8,82190,88860,2036.98,72012,-0.8
2021-06-16 11:24:04,2025.95,48,82196,88763,2036.98,72012,-0.83
2021-06-16 11:24:06,2025.95,48,82103,88686,2036.97,72071,-0.83
2021-06-16 11:24:08,2025.95,48,82327,88734,2036.97,72071,-0.83
2021-06-16 11:24:10,2025.95,48,82350,88723,2036.97,72071,-0.83
2021-06-16 11:24:12,2026.25,5,82350,88723,2036.97,72071,-0.82
2021-06-16 11:24:13,2026.25,5,82580,88850,2036.97,72076,-0.82
2021-06-16 11:24:15,2026.25,5,82576,88850,2036.97,72076,-0.82
2021-06-16 11:24:18,2026.25,5,83010,87936,2036.97,72076,-0.82
2021-06-16 11:24:19,2027.35,25,83010,87936,2036.97,72076,-0.76
2021-06-16 11:24:20,2027.35,25,82815,88482,2036.97,72101,-0.76
2021-06-16 11:24:22,2027.35,25,82805,88507,2036.97,72101,-0.76
2021-06-16 11:24:24,2027.35,25,82760,89160,2036.97,72101,-0.76
2021-06-16 11:24:27,2027.35,25,82760,89171,2036.97,72101,-0.76
2021-06-16 11:24:31,2027.35,25,82721,88756,2036.97,72101,-0.76
2021-06-16 11:24:32,2027.2,24,82721,88756,2036.97,72101,-0.77
2021-06-16 11:24:33,2027.2,24,82794,88723,2036.96,72176,-0.77
2021-06-16 11:24:35,2027.2,24,82578,88715,2036.96,72176,-0.77
2021-06-16 11:24:37,2027.2,24,82712,88763,2036.96,72176,-0.77
2021-06-16 11:24:40,2027.2,24,83166,87771,2036.96,72176,-0.77
2021-06-16 11:24:42,2027.2,24,82996,88310,2036.96,72176,-0.77
2021-06-16 11:24:44,2027.2,24,83177,88196,2036.96,72176,-0.77
2021-06-16 11:24:49,2027.2,24,83177,88226,2036.96,72176,-0.77
2021-06-16 11:24:51,2027.2,24,83068,88238,2036.96,72176,-0.77
2021-06-16 11:24:53,2027.2,24,83067,88248,2036.96,72176,-0.77
2021-06-16 11:24:56,2027.2,24,82997,88282,2036.96,72176,-0.77
2021-06-16 11:24:58,2027.2,24,82997,88256,2036.96,72176,-0.77
2021-06-16 11:25:01,2027.2,24,82968,88234,2036.96,72176,-0.77
2021-06-16 11:25:03,2027.2,24,82928,88234,2036.96,72176,-0.77
2021-06-16 11:25:06,2026.6,20,82898,88258,2036.96,72196,-0.8
2021-06-16 11:25:10,2025.1,6,82898,88258,2036.96,72196,-0.87
2021-06-16 11:25:10,2025.1,6,81431,89004,2036.94,72280,-0.87
2021-06-16 11:25:11,2025.0,47,81431,89004,2036.94,72280,-0.88
2021-06-16 11:25:13,2025.0,47,81395,89000,2036.93,72366,-0.88
2021-06-16 11:25:13,2026.0,2,81395,89000,2036.93,72366,-0.83
2021-06-16 11:25:15,2026.0,2,81465,89050,2036.93,72368,-0.83
2021-06-16 11:25:17,2026.0,2,81453,88937,2036.93,72368,-0.83
2021-06-16 11:25:19,2025.9,1,81464,88934,2036.93,72373,-0.83
2021-06-16 11:25:22,2025.9,1,81651,89146,2036.93,72373,-0.83
2021-06-16 11:25:24,2025.9,1,81651,89182,2036.93,72373,-0.83
2021-06-16 11:25:27,2025.0,50,81686,89588,2036.89,72577,-0.88
2021-06-16 11:25:29,2025.0,50,81877,89445,2036.89,72577,-0.88
2021-06-16 11:25:31,2025.0,50,81877,89420,2036.89,72577,-0.88
2021-06-16 11:25:34,2025.0,50,81877,89450,2036.89,72577,-0.88
2021-06-16 11:25:38,2025.0,50,83031,89450,2036.89,72577,-0.88
2021-06-16 11:25:40,2025.0,50,83046,89426,2036.89,72577,-0.88
2021-06-16 11:25:43,2025.0,50,83046,89422,2036.89,72577,-0.88
2021-06-16 11:25:45,2025.0,100,82995,89550,2036.88,72677,-0.88
2021-06-16 11:25:47,2025.0,100,83062,89420,2036.88,72677,-0.88
2021-06-16 11:25:50,2026.25,6,83062,89420,2036.88,72677,-0.82
2021-06-16 11:25:51,2026.25,6,82615,88391,2036.86,72817,-0.82
2021-06-16 11:25:56,2026.25,6,83119,88841,2036.86,72817,-0.82
2021-06-16 11:25:58,2026.25,6,83369,88821,2036.86,72817,-0.82
2021-06-16 11:26:01,2026.25,6,83369,88806,2036.86,72817,-0.82
2021-06-16 11:26:03,2026.25,6,83342,88953,2036.86,72817,-0.82
2021-06-16 11:26:08,2026.25,6,83341,88958,2036.86,72817,-0.82
2021-06-16 11:26:10,2026.25,6,83341,88982,2036.86,72817,-0.82
2021-06-16 11:26:12,2026.25,6,83351,88958,2036.86,72817,-0.82
2021-06-16 11:26:15,2026.25,6,83140,88476,2036.86,72817,-0.82
2021-06-16 11:26:17,2026.25,6,83570,88417,2036.86,72817,-0.82
2021-06-16 11:26:19,2026.25,6,83395,88417,2036.86,72817,-0.82
2021-06-16 11:26:20,2025.5,47,83395,88417,2036.86,72817,-0.85
2021-06-16 11:26:21,2025.5,47,83078,88550,2036.85,72867,-0.85
2021-06-16 11:26:23,2025.5,47,82546,88913,2036.85,72867,-0.85
2021-06-16 11:26:26,2025.5,47,82599,88951,2036.85,72867,-0.85
2021-06-16 11:26:30,2025.5,47,82599,88948,2036.85,72867,-0.85
2021-06-16 11:26:32,2025.5,47,82599,88928,2036.85,72867,-0.85
2021-06-16 11:26:39,2025.5,47,82599,88929,2036.85,72867,-0.85
2021-06-16 11:26:42,2025.5,47,82586,88889,2036.85,72867,-0.85
2021-06-16 11:26:43,2025.5,47,82540,88913,2036.85,72867,-0.85
2021-06-16 11:26:46,2025.5,47,82667,88752,2036.85,72867,-0.85
2021-06-16 11:26:48,2025.95,2,82667,88752,2036.85,72867,-0.83
2021-06-16 11:26:53,2025.95,2,82644,88835,2036.85,72869,-0.83
2021-06-16 11:26:55,2025.95,2,82868,88926,2036.85,72869,-0.83
2021-06-16 11:26:58,2025.95,2,83106,88890,2036.85,72869,-0.83
2021-06-16 11:27:00,2025.95,2,83044,89104,2036.85,72869,-0.83
2021-06-16 11:27:03,2025.95,2,83043,89120,2036.85,72869,-0.83
2021-06-16 11:27:05,2025.9,1,82816,89041,2036.85,72870,-0.83
2021-06-16 11:27:09,2025.9,1,82891,89044,2036.85,72870,-0.83
2021-06-16 11:27:12,2025.9,1,83097,88891,2036.85,72870,-0.83
2021-06-16 11:27:14,2025.9,1,83117,88863,2036.85,72870,-0.83
2021-06-16 11:27:16,2025.9,1,83155,88817,2036.85,72870,-0.83
2021-06-16 11:27:19,2025.9,1,83027,88817,2036.85,72870,-0.83
2021-06-16 11:27:21,2025.9,1,83029,88817,2036.85,72870,-0.83
2021-06-16 11:27:25,2025.9,1,83008,88817,2036.85,72870,-0.83
2021-06-16 11:27:33,2025.9,1,83029,88814,2036.85,72870,-0.83
2021-06-16 11:27:34,2025.9,5,83029,88814,2036.85,72870,-0.83
2021-06-16 11:27:35,2025.9,5,83029,88814,2036.85,72875,-0.83
2021-06-16 11:27:37,2025.9,5,82514,88996,2036.85,72875,-0.83
2021-06-16 11:27:40,2025.9,5,82620,88870,2036.85,72875,-0.83
2021-06-16 11:27:46,2025.9,5,82527,89007,2036.85,72875,-0.83
2021-06-16 11:27:49,2025.9,4,82527,89007,2036.85,72875,-0.83
2021-06-16 11:27:50,2025.9,4,82659,89010,2036.85,72885,-0.83
2021-06-16 11:27:52,2025.9,4,82659,89015,2036.85,72885,-0.83
2021-06-16 11:27:55,2025.9,4,82492,88986,2036.85,72885,-0.83
2021-06-16 11:27:57,2025.9,4,82550,88983,2036.85,72885,-0.83
2021-06-16 11:27:59,2025.9,4,82675,88958,2036.85,72885,-0.83
2021-06-16 11:28:01,2025.9,1,82675,88958,2036.85,72885,-0.83
2021-06-16 11:28:07,2025.9,1,83025,88801,2036.85,72886,-0.83
2021-06-16 11:28:09,2026.25,4,83025,88801,2036.85,72886,-0.82
2021-06-16 11:28:09,2026.25,4,82917,88864,2036.84,72891,-0.82
2021-06-16 11:28:11,2026.25,4,82957,88855,2036.84,72891,-0.82
2021-06-16 11:28:15,2026.25,4,82908,88971,2036.84,72891,-0.82
2021-06-16 11:28:17,2026.25,4,82908,88976,2036.84,72891,-0.82
2021-06-16 11:28:20,2026.25,4,82991,88807,2036.84,72891,-0.82
2021-06-16 11:28:22,2026.25,4,83000,88807,2036.84,72891,-0.82
2021-06-16 11:28:24,2026.65,1,83039,88447,2036.84,72911,-0.8
2021-06-16 11:28:25,2026.9,7,83039,88447,2036.84,72911,-0.79
2021-06-16 11:28:25,2026.9,7,83179,88551,2036.84,72918,-0.79
2021-06-16 11:28:26,2026.95,7,83179,88551,2036.84,72918,-0.78
2021-06-16 11:28:27,2026.7,1,83179,88551,2036.84,72918,-0.8
2021-06-16 11:28:28,2026.7,1,82904,88697,2036.84,72926,-0.8
2021-06-16 11:28:30,2025.5,2,82567,89329,2036.84,72928,-0.85
2021-06-16 11:28:36,2025.5,2,82631,89351,2036.84,72928,-0.85
2021-06-16 11:28:41,2025.5,2,82757,89351,2036.84,72928,-0.85
2021-06-16 11:28:43,2025.5,2,82632,89351,2036.84,72928,-0.85
2021-06-16 11:28:48,2025.5,2,82706,89213,2036.84,72928,-0.85
2021-06-16 11:28:53,2025.5,2,82666,89213,2036.84,72928,-0.85
2021-06-16 11:28:55,2025.5,2,82620,89213,2036.84,72928,-0.85
2021-06-16 11:28:57,2025.0,19,82620,89213,2036.84,72928,-0.88
2021-06-16 11:28:57,2025.0,19,82765,89193,2036.84,72948,-0.88
2021-06-16 11:28:59,2025.0,19,82523,89201,2036.84,72948,-0.88
2021-06-16 11:29:01,2025.0,19,82720,89201,2036.84,72948,-0.88
2021-06-16 11:29:03,2025.0,19,82577,89201,2036.84,72948,-0.88
2021-06-16 11:29:05,2025.5,1,82683,89201,2036.84,72948,-0.85
2021-06-16 11:29:06,2025.5,1,82683,89200,2036.84,72949,-0.85
2021-06-16 11:29:07,2025.5,1,82558,89268,2036.84,72949,-0.85
2021-06-16 11:29:13,2025.5,1,82577,89275,2036.84,72949,-0.85
2021-06-16 11:29:14,2025.5,3,82577,89275,2036.84,72949,-0.85
2021-06-16 11:29:15,2025.5,3,82702,89274,2036.84,72953,-0.85
2021-06-16 11:29:15,2025.5,3,82702,89221,2036.84,72953,-0.85
2021-06-16 11:29:18,2025.5,3,82577,89198,2036.84,72953,-0.85
2021-06-16 11:29:19,2025.5,3,82609,89198,2036.84,72953,-0.85
2021-06-16 11:29:21,2025.5,3,82609,89262,2036.84,72953,-0.85
2021-06-16 11:29:22,2025.5,3,82609,89288,2036.84,72953,-0.85
2021-06-16 11:29:25,2025.5,3,82609,89312,2036.84,72953,-0.85
2021-06-16 11:29:30,2025.5,3,82619,89312,2036.84,72953,-0.85
2021-06-16 11:29:31,2025.5,1,82619,89312,2036.84,72953,-0.85
2021-06-16 11:29:31,2025.5,1,82619,89312,2036.83,72954,-0.85
2021-06-16 11:29:34,2025.5,1,82806,88538,2036.83,72954,-0.85
2021-06-16 11:29:36,2025.5,1,82806,89018,2036.83,72954,-0.85
2021-06-16 11:29:37,2025.5,1,82814,89018,2036.83,72954,-0.85
2021-06-16 11:29:39,2025.5,1,82074,89093,2036.83,72954,-0.85
2021-06-16 11:29:40,2025.5,1,82199,89093,2036.83,72954,-0.85
2021-06-16 11:29:42,2025.5,1,82199,89099,2036.83,72954,-0.85
2021-06-16 11:29:45,2026.25,69,82199,89099,2036.83,72954,-0.82
2021-06-16 11:29:45,2026.25,69,82758,88757,2036.8,73204,-0.82
2021-06-16 11:29:47,2026.25,69,82667,88687,2036.8,73204,-0.82
2021-06-16 11:29:47,2026.25,69,82005,88730,2036.8,73204,-0.82
2021-06-16 11:29:48,2026.25,69,82130,88730,2036.8,73204,-0.82
2021-06-16 11:29:49,2026.25,69,82639,88730,2036.8,73204,-0.82
2021-06-16 11:29:50,2026.25,69,82689,88730,2036.8,73204,-0.82
2021-06-16 11:29:51,2026.25,5,82689,88730,2036.8,73204,-0.82
2021-06-16 11:29:51,2026.25,5,82498,88720,2036.8,73212,-0.82
2021-06-16 11:29:52,2026.25,5,82171,88850,2036.8,73212,-0.82
2021-06-16 11:29:53,2026.25,5,82516,88851,2036.8,73212,-0.82
2021-06-16 11:29:54,2026.25,5,82556,88799,2036.8,73212,-0.82
2021-06-16 11:29:55,2026.25,5,82563,88655,2036.8,73212,-0.82
2021-06-16 11:29:57,2026.25,5,82657,88619,2036.8,73212,-0.82
2021-06-16 11:29:57,2026.25,5,82519,88657,2036.8,73212,-0.82
2021-06-16 11:29:58,2026.25,5,82375,88761,2036.8,73212,-0.82
2021-06-16 11:30:00,2026.25,5,82361,88799,2036.8,73212,-0.82
2021-06-16 11:30:00,2026.25,5,82545,88799,2036.8,73212,-0.82
2021-06-16 11:30:01,2025.35,1,82521,88799,2036.8,73213,-0.86
2021-06-16 11:30:02,2025.35,1,82635,88756,2036.8,73213,-0.86
2021-06-16 11:30:03,2025.35,1,82707,88756,2036.8,73213,-0.86
2021-06-16 11:30:06,2025.35,1,82737,88749,2036.8,73213,-0.86
2021-06-16 11:30:07,2025.35,1,82869,87944,2036.8,73213,-0.86
2021-06-16 11:30:07,2025.35,1,82744,87944,2036.8,73213,-0.86
2021-06-16 11:30:09,2026.5,2,83485,87680,2036.79,73263,-0.81
2021-06-16 11:30:09,2026.5,2,83321,87703,2036.79,73263,-0.81
2021-06-16 11:30:10,2026.5,2,83260,87703,2036.79,73263,-0.81
2021-06-16 11:30:11,2026.5,2,83247,87703,2036.79,73263,-0.81
2021-06-16 11:30:12,2026.5,2,83270,87703,2036.79,73263,-0.81
2021-06-16 11:30:14,2026.5,2,83296,87651,2036.79,73263,-0.81
2021-06-16 11:30:15,2026.5,2,83354,87652,2036.79,73263,-0.81
2021-06-16 11:30:16,2026.5,2,83207,87658,2036.79,73263,-0.81
2021-06-16 11:30:18,2026.5,2,82869,87235,2036.79,73263,-0.81
2021-06-16 11:30:19,2026.5,2,82871,87235,2036.79,73263,-0.81
2021-06-16 11:30:21,2026.5,2,82907,87186,2036.79,73263,-0.81
2021-06-16 11:30:21,2026.9,5,83323,87542,2036.79,73268,-0.79
2021-06-16 11:30:25,2026.9,5,83573,87566,2036.79,73268,-0.79
2021-06-16 11:30:27,2026.9,5,83573,87570,2036.79,73268,-0.79
2021-06-16 11:30:30,2026.9,5,83573,87622,2036.79,73268,-0.79
2021-06-16 11:30:32,2026.9,5,83537,87934,2036.79,73268,-0.79
2021-06-16 11:30:35,2026.9,5,83497,87934,2036.79,73268,-0.79
2021-06-16 11:30:36,2026.9,5,83493,87977,2036.79,73268,-0.79
2021-06-16 11:30:37,2026.9,5,83362,88258,2036.79,73268,-0.79
2021-06-16 11:30:39,2026.9,5,83337,88252,2036.79,73268,-0.79
2021-06-16 11:30:40,2026.9,5,83338,88287,2036.79,73268,-0.79
2021-06-16 11:30:41,2026.9,5,83379,88270,2036.79,73268,-0.79
2021-06-16 11:30:42,2026.9,5,83380,88270,2036.79,73268,-0.79
2021-06-16 11:30:43,2026.9,5,83389,88270,2036.79,73268,-0.79
2021-06-16 11:30:46,2026.9,5,83390,88269,2036.79,73268,-0.79
2021-06-16 11:30:49,2026.9,5,83377,88292,2036.79,73268,-0.79
2021-06-16 11:30:49,2026.9,5,83257,88292,2036.79,73268,-0.79
2021-06-16 11:30:51,2026.9,5,83261,88292,2036.79,73268,-0.79
2021-06-16 11:30:52,2026.9,5,83269,88292,2036.79,73268,-0.79
2021-06-16 11:30:54,2026.9,5,83321,88292,2036.79,73268,-0.79
2021-06-16 11:30:54,2026.9,5,82945,87311,2036.79,73268,-0.79
2021-06-16 11:30:55,2027.15,11,82945,87311,2036.79,73268,-0.77
2021-06-16 11:30:55,2027.15,11,83636,87832,2036.79,73279,-0.77
2021-06-16 11:30:59,2025.9,8,83636,87832,2036.79,73279,-0.83
2021-06-16 11:31:00,2027.0,20,83686,88227,2036.78,73309,-0.78
2021-06-16 11:31:00,2027.0,20,83959,88260,2036.78,73309,-0.78
2021-06-16 11:31:01,2027.0,20,83935,88260,2036.78,73309,-0.78
2021-06-16 11:31:03,2027.0,20,83935,88261,2036.78,73309,-0.78
2021-06-16 11:31:04,2027.0,20,83959,88261,2036.78,73309,-0.78
2021-06-16 11:31:04,2027.0,20,83968,88241,2036.78,73309,-0.78
2021-06-16 11:31:05,2027.0,20,83985,88229,2036.78,73309,-0.78
2021-06-16 11:31:06,2027.0,20,83915,88330,2036.78,73309,-0.78
2021-06-16 11:31:07,2027.0,20,83915,88333,2036.78,73309,-0.78
2021-06-16 11:31:08,2027.0,20,83915,88334,2036.78,73309,-0.78
2021-06-16 11:31:10,2027.0,20,83915,88347,2036.78,73309,-0.78
2021-06-16 11:31:11,2027.0,20,83915,88299,2036.78,73309,-0.78
2021-06-16 11:31:13,2027.0,20,85968,88320,2036.78,73309,-0.78
2021-06-16 11:31:13,2027.0,20,86045,88164,2036.78,73309,-0.78
2021-06-16 11:31:14,2027.0,20,86045,88168,2036.78,73309,-0.78
2021-06-16 11:31:15,2027.0,20,86064,88178,2036.78,73309,-0.78
2021-06-16 11:31:16,2027.0,20,86077,88220,2036.78,73309,-0.78
2021-06-16 11:31:19,2027.0,20,86077,88541,2036.78,73309,-0.78
2021-06-16 11:31:20,2027.0,20,85962,88701,2036.78,73309,-0.78
2021-06-16 11:31:21,2027.0,20,85962,88702,2036.78,73309,-0.78
2021-06-16 11:31:22,2027.0,20,85943,88702,2036.78,73309,-0.78
2021-06-16 11:31:24,2027.0,20,85968,88705,2036.78,73309,-0.78
2021-06-16 11:31:25,2027.0,20,85943,88705,2036.78,73309,-0.78
2021-06-16 11:31:27,2027.0,20,85964,88705,2036.78,73309,-0.78
2021-06-16 11:31:29,2027.15,5,85964,88698,2036.78,73314,-0.77
2021-06-16 11:31:31,2027.15,5,85969,88698,2036.78,73314,-0.77
2021-06-16 11:31:33,2027.15,5,86069,88698,2036.78,73314,-0.77
2021-06-16 11:31:36,2027.15,1,86069,88697,2036.78,73315,-0.77
2021-06-16 11:31:39,2027.15,1,86029,88697,2036.78,73315,-0.77
2021-06-16 11:31:40,2027.15,1,86129,88697,2036.78,73315,-0.77
2021-06-16 11:31:45,2027.15,1,86132,88696,2036.78,73315,-0.77
2021-06-16 11:31:46,2027.15,1,86132,88706,2036.78,73315,-0.77
2021-06-16 11:31:47,2027.15,1,86269,88555,2036.78,73315,-0.77
2021-06-16 11:31:49,2027.15,1,86279,88555,2036.78,73315,-0.77
2021-06-16 11:31:51,2027.15,1,86212,88555,2036.78,73315,-0.77
2021-06-16 11:31:52,2027.15,1,86223,88549,2036.78,73315,-0.77
2021-06-16 11:31:54,2027.15,1,85843,88169,2036.78,73315,-0.77
2021-06-16 11:31:58,2027.15,1,86222,88549,2036.78,73315,-0.77
2021-06-16 11:31:58,2027.15,1,86222,88547,2036.78,73315,-0.77
2021-06-16 11:32:00,2027.15,3,86184,88592,2036.78,73318,-0.77
2021-06-16 11:32:01,2027.15,3,86184,88581,2036.78,73318,-0.77
2021-06-16 11:32:10,2027.15,3,86231,88581,2036.78,73318,-0.77
2021-06-16 11:32:10,2027.15,3,86222,88581,2036.78,73318,-0.77
2021-06-16 11:32:13,2027.15,3,86172,88581,2036.78,73318,-0.77
2021-06-16 11:32:15,2027.15,3,86172,88593,2036.78,73318,-0.77
2021-06-16 11:32:17,2027.15,3,84172,88593,2036.78,73318,-0.77
2021-06-16 11:32:19,2027.15,3,84172,88572,2036.78,73318,-0.77
2021-06-16 11:32:19,2027.15,3,84172,88591,2036.78,73318,-0.77
2021-06-16 11:32:25,2027.15,3,84172,88559,2036.78,73318,-0.77
2021-06-16 11:32:25,2027.15,3,84172,88583,2036.78,73318,-0.77
2021-06-16 11:32:33,2026.5,5,83548,88719,2036.78,73323,-0.81
2021-06-16 11:32:34,2026.5,5,83641,88709,2036.78,73323,-0.81
2021-06-16 11:32:36,2026.5,5,83641,88699,2036.78,73323,-0.81
2021-06-16 11:32:37,2026.5,5,83633,88699,2036.78,73323,-0.81
2021-06-16 11:32:37,2026.5,5,83897,88464,2036.78,73323,-0.81
2021-06-16 11:32:39,2026.5,5,83904,88473,2036.78,73323,-0.81
2021-06-16 11:32:40,2026.5,5,83954,88473,2036.78,73323,-0.81
2021-06-16 11:32:41,2026.5,5,83964,88473,2036.78,73323,-0.81
2021-06-16 11:32:44,2026.5,5,83664,88751,2036.78,73323,-0.81
2021-06-16 11:32:46,2026.5,5,83664,88761,2036.78,73323,-0.81
2021-06-16 11:32:47,2026.5,5,83683,88739,2036.78,73323,-0.81
2021-06-16 11:32:49,2026.5,5,83683,88729,2036.78,73323,-0.81
2021-06-16 11:32:51,2026.5,5,84058,88508,2036.78,73323,-0.81
2021-06-16 11:32:54,2026.5,5,84042,88530,2036.78,73323,-0.81
2021-06-16 11:32:57,2026.5,5,84042,88529,2036.78,73323,-0.81
2021-06-16 11:32:58,2026.5,5,84033,88529,2036.78,73323,-0.81
2021-06-16 11:33:00,2026.5,5,84025,88529,2036.78,73323,-0.81
2021-06-16 11:33:01,2026.5,5,84022,88718,2036.78,73323,-0.81
2021-06-16 11:33:04,2026.1,1,83991,88780,2036.78,73324,-0.82
2021-06-16 11:33:06,2026.1,1,83991,88530,2036.78,73324,-0.82
2021-06-16 11:33:07,2026.1,1,83991,88575,2036.78,73324,-0.82
2021-06-16 11:33:09,2026.1,1,83992,88575,2036.78,73324,-0.82
2021-06-16 11:33:10,2026.1,1,83992,88539,2036.78,73324,-0.82
2021-06-16 11:33:14,2026.1,1,83967,88539,2036.78,73324,-0.82
2021-06-16 11:33:15,2027.2,1,83980,88575,2036.78,73334,-0.77
2021-06-16 11:33:19,2027.2,1,83980,88579,2036.78,73334,-0.77
2021-06-16 11:33:21,2027.2,1,83979,88578,2036.78,73335,-0.77
2021-06-16 11:33:22,2027.2,1,83979,88601,2036.78,73335,-0.77
2021-06-16 11:33:24,2026.5,52,83939,88601,2036.78,73335,-0.81
2021-06-16 11:33:25,2026.5,52,84030,88605,2036.77,73387,-0.81
2021-06-16 11:33:25,2026.5,52,84030,88645,2036.77,73387,-0.81
2021-06-16 11:33:30,2026.5,52,84031,88653,2036.77,73387,-0.81
2021-06-16 11:33:31,2026.5,52,84131,88653,2036.77,73387,-0.81
2021-06-16 11:33:33,2026.5,52,84131,88646,2036.77,73387,-0.81
2021-06-16 11:33:34,2026.5,52,84131,88656,2036.77,73387,-0.81
2021-06-16 11:33:35,2026.5,52,84132,88656,2036.77,73387,-0.81
2021-06-16 11:33:37,2026.5,50,84082,88711,2036.77,73437,-0.81
2021-06-16 11:33:38,2026.5,50,84082,88724,2036.77,73437,-0.81
2021-06-16 11:33:39,2026.5,50,84112,88679,2036.77,73437,-0.81
2021-06-16 11:33:40,2027.3,3,84132,88676,2036.77,73440,-0.77
2021-06-16 11:33:41,2027.3,3,84132,88598,2036.77,73440,-0.77
2021-06-16 11:33:45,2027.3,3,84146,88598,2036.77,73440,-0.77
2021-06-16 11:33:46,2027.3,3,84146,88575,2036.77,73440,-0.77
2021-06-16 11:33:46,2027.3,3,84147,88576,2036.77,73440,-0.77
2021-06-16 11:33:49,2027.3,3,84107,88576,2036.77,73440,-0.77
2021-06-16 11:33:49,2027.3,3,84107,88588,2036.77,73440,-0.77
2021-06-16 11:33:55,2027.3,3,84105,88608,2036.77,73440,-0.77
2021-06-16 11:33:55,2027.3,3,84091,88582,2036.77,73440,-0.77
2021-06-16 11:33:58,2027.3,3,84091,88632,2036.77,73440,-0.77
2021-06-16 11:33:59,2027.3,3,84091,88628,2036.77,73440,-0.77
2021-06-16 11:34:05,2026.6,23,84091,88664,2036.77,73440,-0.8
2021-06-16 11:34:07,2026.6,23,84101,88664,2036.76,73463,-0.8
2021-06-16 11:34:13,2027.0,1,84101,88664,2036.76,73463,-0.78
2021-06-16 11:34:13,2027.0,1,84101,88663,2036.76,73464,-0.78
2021-06-16 11:34:29,2027.0,1,84101,88668,2036.76,73464,-0.78
2021-06-16 11:34:35,2027.0,1,84101,88669,2036.76,73464,-0.78
2021-06-16 11:34:40,2027.0,5,84101,88669,2036.76,73464,-0.78
2021-06-16 11:34:40,2027.0,5,84309,88664,2036.76,73469,-0.78
2021-06-16 11:34:41,2027.0,1,84309,88664,2036.76,73469,-0.78
2021-06-16 11:34:42,2027.0,1,84309,88713,2036.76,73470,-0.78
2021-06-16 11:34:47,2027.0,1,84309,88718,2036.76,73470,-0.78
2021-06-16 11:34:51,2027.0,1,84409,88718,2036.76,73470,-0.78
2021-06-16 11:34:53,2027.0,1,84417,88718,2036.76,73470,-0.78
2021-06-16 11:34:55,2027.0,1,84417,88668,2036.76,73470,-0.78
2021-06-16 11:34:58,2027.0,1,84422,88668,2036.76,73470,-0.78
2021-06-16 11:35:00,2027.0,1,84422,88537,2036.76,73470,-0.78
2021-06-16 11:35:01,2027.0,1,84422,88553,2036.76,73470,-0.78
2021-06-16 11:35:06,2027.0,1,84422,88574,2036.76,73470,-0.78
2021-06-16 11:35:08,2027.2,3,84422,88574,2036.76,73470,-0.77
2021-06-16 11:35:10,2027.2,3,85377,87713,2036.76,73509,-0.77
2021-06-16 11:35:12,2027.2,3,85415,87757,2036.76,73509,-0.77
2021-06-16 11:35:13,2027.2,3,85405,87757,2036.76,73509,-0.77
2021-06-16 11:35:16,2027.2,3,85415,87803,2036.76,73509,-0.77
2021-06-16 11:35:21,2027.2,3,85433,87829,2036.76,73509,-0.77
2021-06-16 11:35:25,2027.2,3,85317,87843,2036.76,73509,-0.77
2021-06-16 11:35:29,2029.0,9,85756,86937,2036.75,73585,-0.68
2021-06-16 11:35:31,2029.0,10,85527,87676,2036.75,73595,-0.68
2021-06-16 11:35:34,2029.0,10,85509,87676,2036.75,73595,-0.68
2021-06-16 11:35:36,2029.0,10,85475,88203,2036.75,73595,-0.68
2021-06-16 11:35:37,2029.0,5,85475,88203,2036.75,73595,-0.68
2021-06-16 11:35:38,2029.0,5,85852,86950,2036.74,73631,-0.68
2021-06-16 11:35:40,2029.0,5,85860,87727,2036.74,73631,-0.68
2021-06-16 11:35:48,2029.0,5,86210,87687,2036.74,73631,-0.68
2021-06-16 11:35:53,2029.0,5,86110,87687,2036.74,73631,-0.68
2021-06-16 11:35:57,2029.0,5,86130,87687,2036.74,73631,-0.68
2021-06-16 11:35:58,2029.75,4,86130,87687,2036.74,73638,-0.65
2021-06-16 11:36:01,2029.75,4,86347,86404,2036.74,73638,-0.65
2021-06-16 11:36:03,2029.75,4,86356,86576,2036.74,73638,-0.65
2021-06-16 11:36:04,2029.0,5,86356,86576,2036.74,73638,-0.68
2021-06-16 11:36:05,2029.0,5,86342,87137,2036.74,73663,-0.68
2021-06-16 11:36:09,2029.0,5,86342,87156,2036.74,73663,-0.68
2021-06-16 11:36:12,2029.0,5,86318,87157,2036.74,73663,-0.68
2021-06-16 11:36:15,2029.0,5,86254,87240,2036.74,73663,-0.68
2021-06-16 11:36:17,2029.0,5,86203,87777,2036.74,73663,-0.68
2021-06-16 11:36:19,2029.0,5,86208,87777,2036.74,73663,-0.68
2021-06-16 11:36:25,2029.0,1,86208,87777,2036.74,73663,-0.68
2021-06-16 11:36:26,2029.0,1,86182,87777,2036.74,73664,-0.68
2021-06-16 11:36:28,2029.0,1,86203,87823,2036.74,73664,-0.68
2021-06-16 11:36:29,2029.0,1,86253,87857,2036.74,73664,-0.68
2021-06-16 11:36:30,2028.0,7,86253,87857,2036.74,73664,-0.73
2021-06-16 11:36:31,2028.0,7,85139,88025,2036.72,73817,-0.73
2021-06-16 11:36:33,2028.0,7,85151,88004,2036.72,73817,-0.73
2021-06-16 11:36:34,2028.0,7,85151,87984,2036.72,73817,-0.73
2021-06-16 11:36:38,2028.0,7,84647,88025,2036.72,73817,-0.73
2021-06-16 11:36:40,2028.0,7,84647,88003,2036.72,73817,-0.73
2021-06-16 11:36:42,2028.0,7,84609,88162,2036.72,73817,-0.73
2021-06-16 11:36:46,2028.0,7,84681,88287,2036.72,73817,-0.73
2021-06-16 11:36:48,2028.45,4,84681,88287,2036.72,73817,-0.71
2021-06-16 11:36:48,2028.45,4,84626,88191,2036.71,73917,-0.71
2021-06-16 11:36:50,2028.45,4,84586,88191,2036.71,73917,-0.71
2021-06-16 11:36:52,2028.45,4,85268,86848,2036.71,73917,-0.71
2021-06-16 11:36:54,2028.45,4,85209,87755,2036.71,73917,-0.71
2021-06-16 11:36:57,2028.45,4,85159,87720,2036.71,73917,-0.71
2021-06-16 11:36:59,2028.45,4,85157,87784,2036.71,73917,-0.71
2021-06-16 11:37:03,2028.45,4,84565,87529,2036.71,73917,-0.71
2021-06-16 11:37:06,2028.45,4,84989,87912,2036.71,73917,-0.71
2021-06-16 11:37:09,2028.45,4,85078,87928,2036.71,73917,-0.71
2021-06-16 11:37:11,2028.45,4,84370,87928,2036.71,73917,-0.71
2021-06-16 11:37:12,2028.45,1,84370,87928,2036.71,73917,-0.71
2021-06-16 11:37:21,2028.45,1,85383,87873,2036.71,73918,-0.71
2021-06-16 11:37:21,2028.45,2,85383,87873,2036.71,73918,-0.71
2021-06-16 11:37:23,2028.45,2,85393,87871,2036.71,73920,-0.71
2021-06-16 11:37:25,2028.45,2,85285,87871,2036.71,73920,-0.71
2021-06-16 11:37:29,2028.45,2,85282,87871,2036.71,73920,-0.71
2021-06-16 11:37:31,2028.45,2,85262,87874,2036.71,73920,-0.71
2021-06-16 11:37:35,2028.45,2,85231,87956,2036.71,73920,-0.71
2021-06-16 11:37:37,2028.45,2,85235,87956,2036.71,73920,-0.71
2021-06-16 11:37:39,2027.75,1,85235,87956,2036.71,73920,-0.74
2021-06-16 11:37:39,2027.75,1,85369,87973,2036.71,73940,-0.74
2021-06-16 11:37:42,2027.75,1,85369,88069,2036.71,73940,-0.74
2021-06-16 11:37:43,2027.75,1,85512,87885,2036.71,73940,-0.74
2021-06-16 11:37:45,2029.0,27,85512,87885,2036.71,73940,-0.68
2021-06-16 11:37:46,2029.0,27,85719,88178,2036.69,74074,-0.68
2021-06-16 11:37:49,2029.45,6,85719,88178,2036.69,74074,-0.66
2021-06-16 11:37:49,2029.45,6,85747,88200,2036.69,74104,-0.66
2021-06-16 11:37:56,2029.45,6,85747,88143,2036.69,74104,-0.66
2021-06-16 11:37:58,2029.45,6,85757,88143,2036.69,74104,-0.66
2021-06-16 11:38:04,2029.45,6,85720,88101,2036.69,74104,-0.66
2021-06-16 11:38:06,2029.45,6,85720,88143,2036.69,74104,-0.66
2021-06-16 11:38:06,2029.0,25,85720,88143,2036.69,74104,-0.68
2021-06-16 11:38:07,2029.0,25,85735,88157,2036.69,74129,-0.68
2021-06-16 11:38:09,2029.0,25,85735,88140,2036.69,74129,-0.68
2021-06-16 11:38:10,2029.0,25,85735,88153,2036.69,74129,-0.68
2021-06-16 11:38:12,2029.0,25,85735,88203,2036.69,74129,-0.68
2021-06-16 11:38:14,2029.0,25,85741,88203,2036.69,74129,-0.68
2021-06-16 11:38:16,2029.0,25,85726,88217,2036.69,74129,-0.68
2021-06-16 11:38:18,2029.0,25,85742,88217,2036.69,74129,-0.68
2021-06-16 11:38:19,2029.0,51,85742,88217,2036.69,74129,-0.68
2021-06-16 11:38:20,2029.0,51,85622,87901,2036.68,74220,-0.68
2021-06-16 11:38:22,2029.0,51,85622,87926,2036.68,74220,-0.68
2021-06-16 11:38:22,2029.95,45,85622,87926,2036.68,74220,-0.64
2021-06-16 11:38:24,2029.95,45,85967,87069,2036.59,75169,-0.64
2021-06-16 11:38:25,2029.95,45,85967,87207,2036.59,75169,-0.64
2021-06-16 11:38:30,2029.95,45,85967,87206,2036.59,75169,-0.64
2021-06-16 11:38:33,2029.95,45,85899,87391,2036.59,75169,-0.64
2021-06-16 11:38:34,2029.95,45,85598,87404,2036.59,75169,-0.64
2021-06-16 11:38:36,2029.95,45,85434,87613,2036.59,75169,-0.64
2021-06-16 11:38:40,2029.95,45,85444,87613,2036.59,75169,-0.64
2021-06-16 11:38:43,2029.95,45,85445,87613,2036.59,75169,-0.64
2021-06-16 11:38:47,2029.95,45,85410,87613,2036.59,75169,-0.64
2021-06-16 11:38:49,2029.95,45,85370,87613,2036.59,75169,-0.64
2021-06-16 11:38:54,2029.4,6,85370,87613,2036.59,75169,-0.66
2021-06-16 11:38:55,2029.4,6,85370,87574,2036.59,75175,-0.66
2021-06-16 11:38:55,2029.4,11,85370,87574,2036.59,75175,-0.66
2021-06-16 11:38:57,2029.4,11,85370,87563,2036.59,75186,-0.66
2021-06-16 11:38:59,2029.4,7,85360,87556,2036.59,75193,-0.66
2021-06-16 11:39:01,2029.4,7,85538,87577,2036.59,75193,-0.66
2021-06-16 11:39:02,2029.4,10,85538,87577,2036.59,75193,-0.66
2021-06-16 11:39:03,2029.4,10,85548,87566,2036.59,75203,-0.66
2021-06-16 11:39:07,2029.4,10,85546,87546,2036.59,75203,-0.66
2021-06-16 11:39:09,2029.5,13,85740,87171,2036.5,76103,-0.66
2021-06-16 11:39:10,2029.5,13,85740,87336,2036.5,76103,-0.66
2021-06-16 11:39:12,2029.5,13,85740,87342,2036.5,76103,-0.66
2021-06-16 11:39:14,2029.5,13,85733,87363,2036.5,76103,-0.66
2021-06-16 11:39:16,2029.5,13,85758,87898,2036.5,76103,-0.66
2021-06-16 11:39:18,2029.5,13,85824,87531,2036.5,76103,-0.66
2021-06-16 11:39:21,2029.5,13,85814,88057,2036.5,76103,-0.66
2021-06-16 11:39:22,2029.5,13,85784,88057,2036.5,76103,-0.66
2021-06-16 11:39:25,2029.5,13,85779,88093,2036.5,76103,-0.66
2021-06-16 11:39:27,2029.5,13,85782,87994,2036.5,76103,-0.66
2021-06-16 11:39:28,2029.5,13,85772,87994,2036.5,76103,-0.66
2021-06-16 11:39:29,2028.5,5,85772,87994,2036.5,76103,-0.71
2021-06-16 11:39:31,2028.5,5,85817,87958,2036.5,76108,-0.71
2021-06-16 11:39:44,2029.25,5,85804,87984,2036.5,76113,-0.67
2021-06-16 11:39:48,2029.25,5,85761,87994,2036.5,76113,-0.67
2021-06-16 11:39:51,2029.25,5,85787,87979,2036.5,76113,-0.67
2021-06-16 11:39:54,2029.25,5,85792,87979,2036.5,76113,-0.67
2021-06-16 11:39:56,2029.25,5,85792,88074,2036.5,76113,-0.67
2021-06-16 11:39:57,2029.25,29,85792,88074,2036.5,76113,-0.67
2021-06-16 11:39:58,2029.25,29,85792,88045,2036.5,76142,-0.67
2021-06-16 11:40:00,2029.25,29,85787,88045,2036.5,76142,-0.67
2021-06-16 11:40:02,2029.25,29,85794,88045,2036.5,76142,-0.67
2021-06-16 11:40:03,2029.25,3,85794,88045,2036.5,76142,-0.67
2021-06-16 11:40:04,2029.25,3,85794,88042,2036.5,76145,-0.67
2021-06-16 11:40:06,2029.25,10,85794,88042,2036.5,76145,-0.67
2021-06-16 11:40:07,2029.25,10,85794,88030,2036.5,76155,-0.67
2021-06-16 11:40:13,2029.25,10,85714,88030,2036.5,76155,-0.67
2021-06-16 11:40:15,2029.25,5,85714,88030,2036.5,76155,-0.67
2021-06-16 11:40:16,2029.25,5,85722,88025,2036.5,76160,-0.67
2021-06-16 11:40:17,2028.5,3,85722,88025,2036.5,76160,-0.71
2021-06-16 11:40:18,2028.5,3,84333,88082,2036.5,76175,-0.71
2021-06-16 11:40:19,2028.1,1,84333,88082,2036.5,76175,-0.73
2021-06-16 11:40:20,2028.1,1,84423,87614,2036.47,76387,-0.73
2021-06-16 11:40:21,2027.55,4,84423,87614,2036.47,76387,-0.75
2021-06-16 11:40:22,2027.55,4,83568,87845,2036.47,76391,-0.75
2021-06-16 11:40:26,2027.55,4,83714,87845,2036.47,76391,-0.75
2021-06-16 11:40:27,2028.65,22,83714,87845,2036.47,76391,-0.7
2021-06-16 11:40:28,2028.65,22,84364,87784,2036.47,76441,-0.7
2021-06-16 11:40:31,2028.65,22,84365,87713,2036.47,76441,-0.7
2021-06-16 11:40:33,2028.65,22,84365,87838,2036.47,76441,-0.7
2021-06-16 11:40:37,2028.65,22,84325,87838,2036.47,76441,-0.7
2021-06-16 11:40:42,2028.65,22,84345,87855,2036.47,76441,-0.7
2021-06-16 11:40:46,2028.65,22,84329,87855,2036.47,76441,-0.7
2021-06-16 11:40:49,2028.65,22,84329,88052,2036.47,76441,-0.7
2021-06-16 11:40:51,2028.65,22,84727,88602,2036.47,76441,-0.7
2021-06-16 11:40:57,2028.65,22,84727,88604,2036.47,76441,-0.7
2021-06-16 11:40:59,2028.65,22,84727,88104,2036.47,76441,-0.7
2021-06-16 11:41:01,2028.95,8,84964,87828,2036.43,76841,-0.69
2021-06-16 11:41:03,2028.95,8,84963,87851,2036.43,76841,-0.69
2021-06-16 11:41:06,2028.95,8,84963,88351,2036.43,76841,-0.69
2021-06-16 11:41:07,2028.95,8,84963,88358,2036.43,76841,-0.69
2021-06-16 11:41:10,2028.95,8,84811,88536,2036.43,76841,-0.69
2021-06-16 11:41:12,2028.95,8,84815,88536,2036.43,76841,-0.69
2021-06-16 11:41:14,2028.95,8,84820,88536,2036.43,76841,-0.69
2021-06-16 11:41:21,2028.75,3,84820,88536,2036.43,76841,-0.7
2021-06-16 11:41:22,2027.5,2,84818,88633,2036.43,76844,-0.76
2021-06-16 11:41:24,2027.5,2,84856,88633,2036.43,76846,-0.76
2021-06-16 11:41:26,2027.5,2,84576,88906,2036.43,76846,-0.76
2021-06-16 11:41:28,2027.5,2,84576,88914,2036.43,76846,-0.76
2021-06-16 11:41:30,2027.5,2,84600,88927,2036.43,76846,-0.76
2021-06-16 11:41:31,2028.55,2,84610,88813,2036.43,76848,-0.7
2021-06-16 11:41:33,2028.55,2,84563,88778,2036.43,76848,-0.7
2021-06-16 11:41:36,2028.55,2,84548,88736,2036.43,76848,-0.7
2021-06-16 11:41:39,2028.55,2,84611,88710,2036.43,76848,-0.7
2021-06-16 11:41:41,2028.55,2,84704,87819,2036.43,76848,-0.7
2021-06-16 11:41:43,2028.55,2,84704,88492,2036.43,76848,-0.7
2021-06-16 11:41:45,2028.55,2,84811,88492,2036.43,76848,-0.7
2021-06-16 11:41:47,2028.55,2,84801,88503,2036.43,76848,-0.7
2021-06-16 11:41:51,2027.75,8,84801,88503,2036.43,76848,-0.74
2021-06-16 11:41:55,2027.75,8,84615,88781,2036.43,76856,-0.74
2021-06-16 11:42:03,2027.75,8,84840,88551,2036.43,76856,-0.74
2021-06-16 11:42:07,2027.75,8,84840,88087,2036.43,76856,-0.74
2021-06-16 11:42:09,2027.75,8,84557,88628,2036.43,76856,-0.74
2021-06-16 11:42:13,2027.75,8,84577,88628,2036.43,76856,-0.74
2021-06-16 11:42:15,2027.75,8,84591,88612,2036.43,76856,-0.74
2021-06-16 11:42:19,2027.75,8,84591,88645,2036.43,76856,-0.74
2021-06-16 11:42:21,2027.75,8,84740,88176,2036.43,76856,-0.74
2021-06-16 11:42:24,2027.75,8,84808,88181,2036.43,76856,-0.74
2021-06-16 11:42:32,2027.75,8,84820,88181,2036.43,76856,-0.74
2021-06-16 11:42:34,2027.75,8,84780,88170,2036.43,76856,-0.74
2021-06-16 11:42:36,2027.75,8,84810,88170,2036.43,76856,-0.74
2021-06-16 11:42:45,2027.75,8,84942,87929,2036.43,76856,-0.74
2021-06-16 11:42:48,2027.75,8,84975,87929,2036.43,76856,-0.74
2021-06-16 11:42:50,2027.75,8,84976,88020,2036.43,76856,-0.74
2021-06-16 11:42:52,2027.75,8,84914,88056,2036.43,76856,-0.74
2021-06-16 11:42:52,2028.6,8,84914,88056,2036.43,76856,-0.7
2021-06-16 11:42:54,2028.6,8,84924,88088,2036.42,76864,-0.7
2021-06-16 11:42:59,2027.65,20,84924,88088,2036.42,76864,-0.75
2021-06-16 11:43:00,2027.65,20,84903,88066,2036.42,76884,-0.75
2021-06-16 11:43:03,2027.65,20,84977,88068,2036.42,76884,-0.75
2021-06-16 11:43:04,2027.65,20,84977,88087,2036.42,76884,-0.75
2021-06-16 11:43:11,2027.65,20,84964,88087,2036.42,76884,-0.75
2021-06-16 11:43:13,2027.65,20,84954,88087,2036.42,76884,-0.75
2021-06-16 11:43:14,2028.6,7,84954,88087,2036.42,76884,-0.7
2021-06-16 11:43:16,2028.6,7,84944,88080,2036.42,76891,-0.7
2021-06-16 11:43:19,2028.6,33,84944,88080,2036.42,76891,-0.7
2021-06-16 11:43:19,2028.6,33,85199,88220,2036.42,76924,-0.7
2021-06-16 11:43:21,2028.6,33,85185,87601,2036.42,76924,-0.7
2021-06-16 11:43:24,2028.6,33,85185,87756,2036.42,76924,-0.7
2021-06-16 11:43:25,2028.6,33,85185,87856,2036.42,76924,-0.7
2021-06-16 11:43:30,2028.6,33,85185,88353,2036.42,76924,-0.7
2021-06-16 11:43:34,2028.6,33,85205,88353,2036.42,76924,-0.7
2021-06-16 11:43:41,2028.6,33,85205,88313,2036.42,76924,-0.7
2021-06-16 11:43:43,2028.6,33,85205,88513,2036.42,76924,-0.7
2021-06-16 11:43:45,2028.6,33,85205,88481,2036.42,76924,-0.7
2021-06-16 11:43:51,2028.6,33,85205,88365,2036.42,76924,-0.7
2021-06-16 11:44:00,2028.6,33,85192,88381,2036.42,76924,-0.7
2021-06-16 11:44:03,2028.6,33,84820,88431,2036.42,76924,-0.7
2021-06-16 11:44:08,2028.6,33,84832,88467,2036.42,76924,-0.7
2021-06-16 11:44:10,2028.6,33,84833,88467,2036.42,76924,-0.7
2021-06-16 11:44:12,2028.6,58,84833,88467,2036.42,76924,-0.7
2021-06-16 11:44:13,2028.6,58,84824,88500,2036.41,76982,-0.7
2021-06-16 11:44:16,2028.6,58,84825,88485,2036.41,76982,-0.7
2021-06-16 11:44:19,2028.6,58,84825,88466,2036.41,76982,-0.7
2021-06-16 11:44:22,2028.6,39,84825,88466,2036.41,76982,-0.7
2021-06-16 11:44:23,2028.6,86,84817,88543,2036.4,77107,-0.7
2021-06-16 11:44:25,2028.6,90,84873,88533,2036.4,77107,-0.7
2021-06-16 11:44:27,2028.6,90,85187,88537,2036.39,77197,-0.7
2021-06-16 11:44:30,2028.8,1,85187,88537,2036.39,77197,-0.69
2021-06-16 11:44:37,2028.8,1,85187,88167,2036.39,77198,-0.69
2021-06-16 11:44:42,2028.8,1,85187,88152,2036.39,77198,-0.69
2021-06-16 11:44:44,2028.8,1,85187,88154,2036.39,77198,-0.69
2021-06-16 11:44:46,2028.6,20,85167,88154,2036.39,77218,-0.7
2021-06-16 11:44:48,2028.6,20,85167,88158,2036.39,77218,-0.7
2021-06-16 11:44:48,2029.0,10,85167,88158,2036.39,77218,-0.68
2021-06-16 11:44:50,2029.0,10,85162,88092,2036.39,77231,-0.68
2021-06-16 11:44:52,2029.0,10,85162,88144,2036.39,77231,-0.68
2021-06-16 11:44:53,2028.6,1,85162,88144,2036.39,77231,-0.7
2021-06-16 11:44:56,2028.6,1,85161,88455,2036.39,77232,-0.7
2021-06-16 11:44:58,2029.0,25,85161,88455,2036.39,77232,-0.68
2021-06-16 11:44:58,2029.0,25,85159,88430,2036.38,77257,-0.68
2021-06-16 11:45:00,2029.0,25,85171,88429,2036.38,77257,-0.68
2021-06-16 11:45:10,2029.0,25,85177,88429,2036.38,77257,-0.68
2021-06-16 11:45:12,2029.0,25,85404,88431,2036.38,77257,-0.68
2021-06-16 11:45:13,2029.0,25,85400,88431,2036.38,77257,-0.68
2021-06-16 11:45:22,2029.0,25,85400,88437,2036.38,77257,-0.68
2021-06-16 11:45:27,2029.0,25,85394,88437,2036.38,77257,-0.68
2021-06-16 11:45:28,2029.0,25,85394,88363,2036.38,77257,-0.68
2021-06-16 11:45:31,2029.0,25,85409,88363,2036.38,77257,-0.68
2021-06-16 11:45:35,2029.0,25,85294,88371,2036.38,77257,-0.68
2021-06-16 11:45:39,2029.0,25,85358,88326,2036.38,77257,-0.68
2021-06-16 11:45:42,2029.0,25,85294,88284,2036.38,77257,-0.68
2021-06-16 11:45:43,2029.3,69,85294,88284,2036.38,77257,-0.67
2021-06-16 11:45:43,2029.45,2,85294,88284,2036.38,77257,-0.66
2021-06-16 11:45:44,2029.45,2,85445,88208,2036.38,77359,-0.66
2021-06-16 11:45:49,2029.45,2,85448,88208,2036.38,77359,-0.66
2021-06-16 11:45:51,2029.45,2,85456,88206,2036.38,77359,-0.66
2021-06-16 11:45:55,2029.45,2,85424,88206,2036.38,77359,-0.66
2021-06-16 11:45:57,2029.45,2,85440,88206,2036.38,77359,-0.66
2021-06-16 11:46:03,2029.45,2,85440,88203,2036.38,77359,-0.66
2021-06-16 11:46:04,2029.45,2,85440,88315,2036.38,77359,-0.66
2021-06-16 11:46:08,2029.45,2,85396,88315,2036.38,77359,-0.66
2021-06-16 11:46:10,2029.45,88,85396,88315,2036.38,77359,-0.66
2021-06-16 11:46:12,2028.65,9,85396,88315,2036.38,77359,-0.7
2021-06-16 11:46:13,2028.65,9,85406,88320,2036.37,77456,-0.7
2021-06-16 11:46:16,2028.65,9,85419,88320,2036.37,77456,-0.7
2021-06-16 11:46:20,2028.65,9,85398,88368,2036.37,77456,-0.7
2021-06-16 11:46:24,2028.65,9,85408,88328,2036.37,77456,-0.7
2021-06-16 11:46:27,2029.0,1,85408,88328,2036.37,77456,-0.68
2021-06-16 11:46:32,2029.0,1,85407,88328,2036.37,77457,-0.68
2021-06-16 11:46:36,2029.0,9,85346,88382,2036.37,77466,-0.68
2021-06-16 11:46:37,2029.0,9,85353,88382,2036.37,77466,-0.68
2021-06-16 11:46:39,2029.0,9,85353,88383,2036.37,77466,-0.68
2021-06-16 11:46:42,2029.0,9,85353,88247,2036.37,77466,-0.68
2021-06-16 11:46:43,2029.0,9,85398,88222,2036.37,77466,-0.68
2021-06-16 11:46:46,2029.0,9,85531,87598,2036.37,77466,-0.68
2021-06-16 11:46:48,2029.0,9,85536,87596,2036.37,77466,-0.68
2021-06-16 11:46:48,2027.85,6,85536,87596,2036.37,77466,-0.74
2021-06-16 11:46:49,2027.85,6,85591,88230,2036.35,77602,-0.74
2021-06-16 11:46:52,2027.85,6,85598,88230,2036.35,77602,-0.74
2021-06-16 11:46:54,2029.0,1,85592,88244,2036.35,77603,-0.68
2021-06-16 11:46:55,2029.0,1,85592,88254,2036.35,77603,-0.68
2021-06-16 11:46:57,2029.0,1,85617,88254,2036.35,77603,-0.68
2021-06-16 11:47:00,2029.0,1,85617,88204,2036.35,77603,-0.68
2021-06-16 11:47:03,2029.0,1,85617,88205,2036.35,77603,-0.68
2021-06-16 11:47:05,2029.0,1,85577,88205,2036.35,77603,-0.68
2021-06-16 11:47:07,2029.0,1,85577,88165,2036.35,77603,-0.68
2021-06-16 11:47:15,2029.55,33,85530,88189,2036.35,77603,-0.66
2021-06-16 11:47:16,2029.55,33,85530,88206,2036.35,77636,-0.66
2021-06-16 11:47:20,2029.55,33,85530,88196,2036.35,77636,-0.66
2021-06-16 11:47:22,2029.55,33,85530,88180,2036.35,77636,-0.66
2021-06-16 11:47:24,2029.55,33,85464,88209,2036.35,77636,-0.66
2021-06-16 11:47:27,2029.55,33,85393,88209,2036.35,77636,-0.66
2021-06-16 11:47:30,2029.55,1,85393,88209,2036.35,77636,-0.66
2021-06-16 11:47:31,2029.55,1,85613,87463,2036.35,77637,-0.66
2021-06-16 11:47:35,2029.55,1,85555,88158,2036.35,77637,-0.66
2021-06-16 11:47:37,2029.55,1,85545,88173,2036.35,77637,-0.66
2021-06-16 11:47:45,2029.55,1,85555,88154,2036.35,77637,-0.66
2021-06-16 11:47:48,2029.55,1,85555,88173,2036.35,77637,-0.66
2021-06-16 11:47:50,2029.55,1,85555,88184,2036.35,77637,-0.66
2021-06-16 11:47:52,2029.55,1,85555,88182,2036.35,77637,-0.66
2021-06-16 11:47:54,2029.55,1,85555,88183,2036.35,77637,-0.66
2021-06-16 11:47:55,2028.7,3,85592,88219,2036.35,77640,-0.7
2021-06-16 11:47:57,2028.7,3,85719,87211,2036.35,77640,-0.7
2021-06-16 11:47:59,2028.7,3,85731,87363,2036.35,77640,-0.7
2021-06-16 11:48:03,2028.7,3,85731,87827,2036.35,77640,-0.7
2021-06-16 11:48:06,2028.7,3,85731,87850,2036.35,77640,-0.7
2021-06-16 11:48:07,2028.7,3,85756,87850,2036.35,77640,-0.7
2021-06-16 11:48:11,2028.7,3,85756,87857,2036.35,77640,-0.7
2021-06-16 11:48:14,2028.7,3,85756,87893,2036.35,77640,-0.7
2021-06-16 11:48:15,2029.6,1,85756,87893,2036.35,77640,-0.65
2021-06-16 11:48:16,2030.0,10,85908,86586,2036.33,77878,-0.63
2021-06-16 11:48:16,2030.7,1,85908,86586,2036.33,77878,-0.6
2021-06-16 11:48:17,2030.7,20,85908,86586,2036.33,77878,-0.6
2021-06-16 11:48:18,2030.75,20,85908,86586,2036.33,77878,-0.6
2021-06-16 11:48:18,2030.75,20,85919,86781,2036.32,78021,-0.6
2021-06-16 11:48:20,2030.75,20,86238,85954,2036.32,78021,-0.6
2021-06-16 11:48:24,2030.75,20,86271,86704,2036.32,78021,-0.6
2021-06-16 11:48:25,2029.85,10,86271,86704,2036.32,78021,-0.64
2021-06-16 11:48:27,2031.0,8,86251,86754,2036.32,78031,-0.58
2021-06-16 11:48:30,2031.0,8,86232,86751,2036.31,78070,-0.58
2021-06-16 11:48:34,2031.0,8,86301,86751,2036.31,78070,-0.58
2021-06-16 11:48:37,2031.0,8,86291,86751,2036.31,78070,-0.58
2021-06-16 11:48:39,2031.0,55,86291,86751,2036.31,78070,-0.58
2021-06-16 11:48:39,2031.0,55,86321,86686,2036.31,78125,-0.58
2021-06-16 11:48:42,2031.0,5,86321,86645,2036.31,78130,-0.58
2021-06-16 11:48:43,2031.0,5,86336,86559,2036.31,78130,-0.58
2021-06-16 11:48:45,2031.3,100,86336,86559,2036.31,78130,-0.57
2021-06-16 11:48:45,2031.0,3,86336,86559,2036.31,78130,-0.58
2021-06-16 11:48:46,2031.0,3,86254,87271,2036.3,78238,-0.58
2021-06-16 11:48:48,2031.0,3,86244,87271,2036.3,78238,-0.58
2021-06-16 11:48:50,2031.0,597,86244,87271,2036.3,78238,-0.58
2021-06-16 11:48:51,2031.0,597,86562,85865,2036.26,78835,-0.58
2021-06-16 11:48:54,2031.0,597,86532,85865,2036.26,78835,-0.58
2021-06-16 11:48:56,2031.0,597,86512,85901,2036.26,78835,-0.58
2021-06-16 11:48:58,2031.0,597,86717,85647,2036.26,78835,-0.58
2021-06-16 11:49:00,2031.0,23,86717,85647,2036.26,78835,-0.58
2021-06-16 11:49:00,2031.0,23,86814,86137,2036.26,78870,-0.58
2021-06-16 11:49:07,2031.0,23,86714,86127,2036.26,78870,-0.58
2021-06-16 11:49:09,2031.0,23,86722,86127,2036.26,78870,-0.58
2021-06-16 11:49:12,2030.4,6,86722,86127,2036.26,78870,-0.61
2021-06-16 11:49:12,2030.4,6,86462,86215,2036.24,79120,-0.61
2021-06-16 11:49:15,2030.4,6,86436,86519,2036.24,79120,-0.61
2021-06-16 11:49:17,2030.4,6,86436,86131,2036.24,79120,-0.61
2021-06-16 11:49:19,2030.4,6,86449,86131,2036.24,79120,-0.61
2021-06-16 11:49:22,2030.4,6,86449,86135,2036.24,79120,-0.61
2021-06-16 11:49:27,2030.4,6,86489,86135,2036.24,79120,-0.61
2021-06-16 11:49:28,2031.0,5,86554,86531,2036.24,79125,-0.58
2021-06-16 11:49:30,2031.0,5,86534,86531,2036.24,79125,-0.58
2021-06-16 11:49:32,2031.0,5,86545,86531,2036.24,79125,-0.58
2021-06-16 11:49:34,2031.0,5,86396,86531,2036.24,79125,-0.58
2021-06-16 11:49:37,2031.0,10,86396,86531,2036.24,79125,-0.58
2021-06-16 11:49:39,2031.0,10,86305,86116,2036.24,79140,-0.58
2021-06-16 11:49:41,2031.0,5,86430,86116,2036.24,79140,-0.58
2021-06-16 11:49:43,2031.0,5,86343,86509,2036.24,79145,-0.58
2021-06-16 11:49:48,2031.0,5,86327,86513,2036.24,79145,-0.58
2021-06-16 11:49:49,2031.0,3,86327,86513,2036.24,79145,-0.58
2021-06-16 11:49:50,2031.0,3,86302,86477,2036.24,79148,-0.58
2021-06-16 11:49:52,2031.0,3,86333,86477,2036.24,79148,-0.58
2021-06-16 11:49:56,2031.0,3,86333,86405,2036.24,79148,-0.58
2021-06-16 11:49:58,2031.0,3,86333,86365,2036.24,79148,-0.58
2021-06-16 11:50:02,2031.0,12,86333,86365,2036.24,79148,-0.58
2021-06-16 11:50:03,2031.0,12,85901,85991,2036.24,79210,-0.58
2021-06-16 11:50:04,2031.0,12,86684,86229,2036.24,79210,-0.58
2021-06-16 11:50:07,2031.0,12,86573,86260,2036.24,79210,-0.58
2021-06-16 11:50:07,2030.9,29,86573,86260,2036.24,79210,-0.59
2021-06-16 11:50:09,2030.9,29,86547,86344,2036.23,79260,-0.59
2021-06-16 11:50:10,2030.9,29,86521,86245,2036.23,79260,-0.59
2021-06-16 11:50:12,2030.9,29,86493,85885,2036.23,79260,-0.59
2021-06-16 11:50:16,2030.9,29,86634,85893,2036.23,79260,-0.59
2021-06-16 11:50:22,2030.9,29,86407,85896,2036.23,79260,-0.59
2021-06-16 11:50:24,2032.05,25,86397,85896,2036.23,79260,-0.53
2021-06-16 11:50:25,2031.0,35,86397,85896,2036.23,79260,-0.58
2021-06-16 11:50:29,2031.0,35,86464,86304,2036.21,79633,-0.58
2021-06-16 11:50:36,2031.0,35,86464,86392,2036.21,79633,-0.58
2021-06-16 11:50:39,2031.0,35,86462,85902,2036.21,79633,-0.58
2021-06-16 11:50:43,2031.0,35,86462,85862,2036.21,79633,-0.58
2021-06-16 11:50:45,2031.0,35,86526,85895,2036.21,79633,-0.58
2021-06-16 11:50:46,2031.5,1,86526,85895,2036.21,79633,-0.56
2021-06-16 11:50:48,2031.5,1,86526,85934,2036.21,79634,-0.56
2021-06-16 11:50:51,2031.5,1,86511,85934,2036.21,79634,-0.56
2021-06-16 11:50:54,2031.5,1,86639,85888,2036.21,79634,-0.56
2021-06-16 11:50:56,2031.5,1,86606,85888,2036.21,79634,-0.56
2021-06-16 11:50:58,2031.5,1,86215,86183,2036.21,79634,-0.56
2021-06-16 11:51:00,2031.5,1,86234,86147,2036.21,79634,-0.56
2021-06-16 11:51:02,2031.5,1,86244,86147,2036.21,79634,-0.56
2021-06-16 11:51:03,2031.5,1,85824,86502,2036.21,79634,-0.56
2021-06-16 11:51:05,2031.5,1,85869,86559,2036.21,79634,-0.56
2021-06-16 11:51:06,2029.85,1,85869,86559,2036.21,79634,-0.64
2021-06-16 11:51:07,2029.85,1,85908,86548,2036.21,79637,-0.64
2021-06-16 11:51:12,2029.85,1,86017,86312,2036.21,79637,-0.64
2021-06-16 11:51:13,2029.85,1,85974,86557,2036.21,79637,-0.64
2021-06-16 11:51:15,2029.85,1,85995,86585,2036.21,79637,-0.64
2021-06-16 11:51:17,2030.1,15,86067,86196,2036.21,79657,-0.63
2021-06-16 11:51:19,2030.1,15,85856,86297,2036.21,79657,-0.63
2021-06-16 11:51:21,2030.1,15,85930,86331,2036.21,79657,-0.63
2021-06-16 11:51:25,2030.1,15,85980,86307,2036.21,79657,-0.63
2021-06-16 11:51:30,2030.1,15,86162,86200,2036.21,79657,-0.63
2021-06-16 11:51:32,2030.1,15,86165,86200,2036.21,79657,-0.63
2021-06-16 11:51:34,2030.25,4,84841,86596,2036.21,79661,-0.62
2021-06-16 11:51:37,2030.25,4,84841,86696,2036.21,79661,-0.62
2021-06-16 11:51:39,2030.7,2,84831,86913,2036.21,79671,-0.6
2021-06-16 11:51:42,2030.7,2,84831,87282,2036.21,79671,-0.6
2021-06-16 11:51:43,2030.7,2,84831,87310,2036.21,79671,-0.6
2021-06-16 11:51:48,2029.4,7,84831,87310,2036.21,79671,-0.66
2021-06-16 11:51:49,2029.4,7,85557,86881,2036.21,79682,-0.66
2021-06-16 11:51:52,2029.4,7,85557,86892,2036.21,79682,-0.66
2021-06-16 11:51:54,2029.4,7,85528,86476,2036.21,79682,-0.66
2021-06-16 11:51:55,2029.4,7,85552,86337,2036.21,79682,-0.66
2021-06-16 11:51:58,2029.4,7,85776,86337,2036.21,79682,-0.66
2021-06-16 11:52:00,2029.4,7,85784,86227,2036.21,79682,-0.66
2021-06-16 11:52:02,2029.4,7,86775,85635,2036.21,79682,-0.66
2021-06-16 11:52:05,2029.4,7,86812,86402,2036.21,79682,-0.66
2021-06-16 11:52:07,2029.4,7,85325,86732,2036.21,79682,-0.66
2021-06-16 11:52:09,2029.4,7,85325,86742,2036.21,79682,-0.66
2021-06-16 11:52:11,2029.4,7,85325,86762,2036.21,79682,-0.66
2021-06-16 11:52:12,2031.5,10,85325,86762,2036.21,79682,-0.56
2021-06-16 11:52:13,2031.5,10,85310,86772,2036.21,79692,-0.56
2021-06-16 11:52:15,2031.5,10,85907,86256,2036.21,79692,-0.56
2021-06-16 11:52:17,2031.5,10,85813,87170,2036.21,79692,-0.56
2021-06-16 11:52:19,2031.5,10,85813,87195,2036.21,79692,-0.56
2021-06-16 11:52:23,2031.5,10,85790,87195,2036.21,79692,-0.56
2021-06-16 11:52:25,2031.5,10,85943,85404,2036.21,79692,-0.56
2021-06-16 11:52:27,2031.5,10,85963,85730,2036.21,79692,-0.56
2021-06-16 11:52:30,2031.5,10,85963,86088,2036.21,79692,-0.56
2021-06-16 11:52:31,2031.5,10,85963,86213,2036.21,79692,-0.56
2021-06-16 11:52:34,2031.45,6,85963,86222,2036.21,79702,-0.56
2021-06-16 11:52:36,2031.45,6,85860,86487,2036.21,79702,-0.56
2021-06-16 11:52:38,2031.45,6,84755,86912,2036.21,79702,-0.56
2021-06-16 11:52:40,2031.45,6,85285,86752,2036.21,79702,-0.56
2021-06-16 11:52:44,2031.45,6,85285,86882,2036.21,79702,-0.56
2021-06-16 11:52:46,2031.45,6,85407,86394,2036.21,79702,-0.56
2021-06-16 11:52:51,2031.45,6,85417,86430,2036.21,79702,-0.56
2021-06-16 11:52:52,2031.45,6,85417,86478,2036.21,79702,-0.56
2021-06-16 11:52:55,2031.45,6,85413,86537,2036.21,79702,-0.56
2021-06-16 11:52:57,2031.45,6,85318,86786,2036.21,79702,-0.56
2021-06-16 11:53:00,2031.45,6,85382,86604,2036.21,79702,-0.56
2021-06-16 11:53:01,2031.45,6,85392,86614,2036.21,79702,-0.56
2021-06-16 11:53:03,2031.45,6,85397,86626,2036.21,79702,-0.56
2021-06-16 11:53:05,2031.45,6,85397,86751,2036.21,79702,-0.56
2021-06-16 11:53:09,2028.1,18,85048,87202,2036.12,80602,-0.73
2021-06-16 11:53:10,2028.1,18,85229,87214,2036.12,80602,-0.73
2021-06-16 11:53:13,2030.35,15,85229,87214,2036.12,80602,-0.62
2021-06-16 11:53:21,2030.35,15,85239,87200,2036.12,80617,-0.62
2021-06-16 11:53:27,2030.35,15,85239,87209,2036.12,80617,-0.62
2021-06-16 11:53:39,2030.35,15,85199,87209,2036.12,80617,-0.62
2021-06-16 11:53:46,2030.35,7,85202,87199,2036.12,80627,-0.62
2021-06-16 11:53:48,2030.35,7,85214,87193,2036.12,80627,-0.62
2021-06-16 11:53:50,2030.35,7,85222,87195,2036.12,80627,-0.62
2021-06-16 11:53:52,2030.35,7,85222,87194,2036.12,80627,-0.62
2021-06-16 11:53:54,2030.35,7,85222,87196,2036.12,80627,-0.62
2021-06-16 11:53:57,2030.1,1,85222,87196,2036.12,80627,-0.63
2021-06-16 11:54:00,2030.1,1,85220,87167,2036.12,80633,-0.63
2021-06-16 11:54:02,2030.1,1,85320,87167,2036.12,80633,-0.63
2021-06-16 11:54:04,2030.1,1,85270,87412,2036.12,80633,-0.63
2021-06-16 11:54:06,2030.1,1,85270,87388,2036.12,80633,-0.63
2021-06-16 11:54:07,2030.1,1,85435,87330,2036.12,80633,-0.63
2021-06-16 11:54:09,2030.1,1,84996,87437,2036.12,80633,-0.63
2021-06-16 11:54:11,2030.1,1,84996,87455,2036.12,80633,-0.63
2021-06-16 11:54:15,2030.1,1,84996,87548,2036.12,80633,-0.63
2021-06-16 11:54:20,2030.1,1,85006,87483,2036.12,80633,-0.63
2021-06-16 11:54:24,2030.1,1,85006,87484,2036.12,80633,-0.63
2021-06-16 11:54:24,2028.55,1,85006,87484,2036.12,80633,-0.7
2021-06-16 11:54:28,2028.55,1,85045,87484,2036.12,80634,-0.7
2021-06-16 11:54:31,2028.55,7,85045,87484,2036.12,80634,-0.7
2021-06-16 11:54:31,2028.55,7,85213,87519,2036.12,80689,-0.7
2021-06-16 11:54:33,2028.55,7,85225,87484,2036.12,80689,-0.7
2021-06-16 11:54:33,2028.4,1,85225,87484,2036.12,80689,-0.71
2021-06-16 11:54:34,2028.4,1,85058,87484,2036.12,80690,-0.71
2021-06-16 11:54:39,2028.4,1,84885,87574,2036.12,80690,-0.71
2021-06-16 11:54:40,2028.4,1,84785,87564,2036.12,80690,-0.71
2021-06-16 11:54:42,2028.4,1,84788,87524,2036.12,80690,-0.71
2021-06-16 11:54:45,2028.4,1,84844,87565,2036.12,80690,-0.71
2021-06-16 11:54:47,2028.4,1,84843,87568,2036.12,80690,-0.71
2021-06-16 11:54:49,2028.4,1,84843,87576,2036.12,80690,-0.71
2021-06-16 11:54:51,2028.4,1,84541,87522,2036.12,80690,-0.71
2021-06-16 11:54:53,2028.4,1,84583,87364,2036.12,80690,-0.71
2021-06-16 11:54:55,2028.0,35,84583,87364,2036.12,80690,-0.73
2021-06-16 11:54:55,2028.0,35,82989,87620,2036.11,80745,-0.73
2021-06-16 11:54:57,2028.0,100,82989,87620,2036.11,80745,-0.73
2021-06-16 11:54:57,2028.0,100,84146,87707,2036.1,80845,-0.73
2021-06-16 11:55:00,2028.0,100,84246,87723,2036.1,80845,-0.73
2021-06-16 11:55:03,2028.0,100,84246,88223,2036.1,80845,-0.73
2021-06-16 11:55:04,2028.0,100,84258,87713,2036.1,80845,-0.73
2021-06-16 11:55:06,2028.0,100,84258,87688,2036.1,80845,-0.73
2021-06-16 11:55:12,2028.0,100,84386,87622,2036.1,80845,-0.73
2021-06-16 11:55:15,2028.0,100,84269,87710,2036.1,80845,-0.73
2021-06-16 11:55:16,2029.1,2,84267,87748,2036.1,80847,-0.68
2021-06-16 11:55:18,2029.1,2,84356,87728,2036.1,80847,-0.68
2021-06-16 11:55:22,2029.1,2,84377,87692,2036.1,80847,-0.68
2021-06-16 11:55:24,2029.1,2,84441,87692,2036.1,80847,-0.68
2021-06-16 11:55:27,2029.1,2,84744,87556,2036.1,80847,-0.68
2021-06-16 11:55:29,2029.1,2,84767,87566,2036.1,80847,-0.68
2021-06-16 11:55:31,2029.1,2,84754,87763,2036.1,80847,-0.68
2021-06-16 11:55:34,2029.1,2,84734,87829,2036.1,80847,-0.68
2021-06-16 11:55:40,2029.1,2,84952,87601,2036.1,80847,-0.68
2021-06-16 11:55:42,2029.1,2,84952,87611,2036.1,80847,-0.68
2021-06-16 11:55:43,2029.1,2,84952,87607,2036.1,80847,-0.68
2021-06-16 11:55:45,2029.1,2,85080,87607,2036.1,80847,-0.68
2021-06-16 11:55:54,2029.1,2,85144,87617,2036.1,80847,-0.68
2021-06-16 11:56:00,2029.85,7,85174,87556,2036.1,80857,-0.64
2021-06-16 11:56:02,2029.85,7,85174,87582,2036.1,80857,-0.64
2021-06-16 11:56:06,2029.85,7,85174,87596,2036.1,80857,-0.64
2021-06-16 11:56:07,2029.85,7,85182,87596,2036.1,80857,-0.64
2021-06-16 11:56:16,2029.85,7,85182,87606,2036.1,80857,-0.64
2021-06-16 11:56:24,2029.1,1,85182,87606,2036.1,80857,-0.68
2021-06-16 11:56:25,2028.0,7,85182,87606,2036.1,80857,-0.73
2021-06-16 11:56:26,2028.0,7,84883,87808,2036.1,80865,-0.73
2021-06-16 11:56:28,2028.0,7,84905,87807,2036.1,80865,-0.73
2021-06-16 11:56:36,2028.0,7,84895,87817,2036.1,80865,-0.73
2021-06-16 11:56:47,2028.0,7,84788,87869,2036.1,80865,-0.73
2021-06-16 11:56:49,2028.0,7,84798,87869,2036.1,80865,-0.73
2021-06-16 11:57:07,2028.0,5,84798,87869,2036.1,80865,-0.73
2021-06-16 11:57:13,2028.0,5,84793,87793,2036.1,80870,-0.73
2021-06-16 11:57:22,2029.05,1,84793,87793,2036.1,80870,-0.68
2021-06-16 11:57:24,2029.05,1,84623,87621,2036.1,80910,-0.68
2021-06-16 11:57:26,2029.05,1,84571,87834,2036.1,80910,-0.68
2021-06-16 11:57:34,2029.05,1,84613,87834,2036.1,80910,-0.68
2021-06-16 11:57:41,2029.05,1,84614,87834,2036.1,80910,-0.68
2021-06-16 11:57:42,2029.05,10,84614,87834,2036.1,80910,-0.68
2021-06-16 11:57:52,2029.05,10,84723,87682,2036.09,80920,-0.68
2021-06-16 11:57:57,2029.05,1,84681,87681,2036.09,80921,-0.68
2021-06-16 11:57:59,2029.05,1,84723,87681,2036.09,80921,-0.68
2021-06-16 11:58:03,2029.05,1,84748,87681,2036.09,80921,-0.68
2021-06-16 11:58:10,2029.05,1,84950,87803,2036.09,80921,-0.68
2021-06-16 11:58:12,2029.05,1,84950,87793,2036.09,80921,-0.68
2021-06-16 11:58:15,2029.05,1,84950,87794,2036.09,80921,-0.68
2021-06-16 11:58:16,2029.05,1,84960,87570,2036.09,80921,-0.68
2021-06-16 11:58:18,2029.05,1,84920,87570,2036.09,80921,-0.68
2021-06-16 11:58:21,2029.05,1,84861,87569,2036.09,80921,-0.68
2021-06-16 11:58:22,2029.05,1,84794,87629,2036.09,80921,-0.68
2021-06-16 11:58:25,2029.05,1,84727,87572,2036.09,80921,-0.68
2021-06-16 11:58:28,2029.05,1,84619,87583,2036.09,80921,-0.68
2021-06-16 11:58:33,2029.05,1,84620,87584,2036.09,80921,-0.68
2021-06-16 11:58:46,2029.05,1,84624,87606,2036.09,80921,-0.68
2021-06-16 11:58:48,2029.05,1,84624,87620,2036.09,80921,-0.68
2021-06-16 11:58:49,2029.0,2,84624,87620,2036.09,80921,-0.68
2021-06-16 11:58:50,2029.0,2,84634,87840,2036.09,80923,-0.68
2021-06-16 11:58:54,2029.0,2,84618,87840,2036.09,80923,-0.68
2021-06-16 11:58:56,2029.0,2,84618,87839,2036.09,80923,-0.68
2021-06-16 11:59:00,2029.0,2,84618,87730,2036.09,80923,-0.68
2021-06-16 11:59:01,2029.0,2,84618,87739,2036.09,80923,-0.68
2021-06-16 11:59:05,2029.0,2,84610,86998,2036.09,80923,-0.68
2021-06-16 11:59:06,2028.0,8,84610,86998,2036.09,80923,-0.73
2021-06-16 11:59:13,2028.0,2,84653,87011,2036.09,80943,-0.73
2021-06-16 11:59:15,2028.0,2,84663,87018,2036.09,80943,-0.73
2021-06-16 11:59:16,2028.0,2,84653,87055,2036.09,80943,-0.73
2021-06-16 11:59:18,2028.0,2,84653,87056,2036.09,80943,-0.73
2021-06-16 11:59:20,2028.0,2,84598,87147,2036.09,80943,-0.73
2021-06-16 11:59:22,2028.0,2,84598,87148,2036.09,80943,-0.73
2021-06-16 11:59:26,2028.0,2,84603,87124,2036.09,80943,-0.73
2021-06-16 11:59:28,2028.0,2,84603,87150,2036.09,80943,-0.73
2021-06-16 11:59:30,2028.0,2,84603,87148,2036.09,80943,-0.73
2021-06-16 11:59:31,2028.0,2,84603,87202,2036.09,80943,-0.73
2021-06-16 11:59:33,2028.0,2,84611,87513,2036.09,80943,-0.73
2021-06-16 11:59:35,2028.0,2,84511,87513,2036.09,80943,-0.73
2021-06-16 11:59:40,2028.0,2,83770,87506,2036.09,80943,-0.73
2021-06-16 11:59:43,2028.0,2,83771,87506,2036.09,80943,-0.73
2021-06-16 11:59:46,2028.0,2,83772,87484,2036.09,80943,-0.73
2021-06-16 11:59:48,2028.0,2,83772,87508,2036.09,80943,-0.73
2021-06-16 11:59:49,2028.0,2,83796,87145,2036.09,80943,-0.73
2021-06-16 11:59:52,2028.0,2,83810,87145,2036.09,80943,-0.73
2021-06-16 11:59:56,2028.0,1,83813,87145,2036.09,80944,-0.73
2021-06-16 11:59:58,2029.65,58,83955,86889,2036.07,81191,-0.65
2021-06-16 12:00:00,2029.65,58,80274,86970,2036.07,81191,-0.65
2021-06-16 12:00:03,2029.65,8,80246,86976,2036.07,81241,-0.65
2021-06-16 12:00:05,2029.65,8,80513,86379,2036.07,81241,-0.65
2021-06-16 12:00:07,2029.65,8,84416,86915,2036.07,81241,-0.65
2021-06-16 12:00:09,2029.65,8,84242,87006,2036.07,81241,-0.65
2021-06-16 12:00:11,2029.65,8,84192,87018,2036.07,81241,-0.65
2021-06-16 12:00:13,2029.65,8,84203,87018,2036.07,81241,-0.65
2021-06-16 12:00:15,2029.65,8,84292,86997,2036.07,81241,-0.65
2021-06-16 12:00:19,2029.65,8,84303,87009,2036.07,81241,-0.65
2021-06-16 12:00:24,2029.65,8,84317,87009,2036.07,81241,-0.65
2021-06-16 12:00:30,2029.65,8,84623,87030,2036.07,81241,-0.65
2021-06-16 12:00:31,2028.2,7,84623,87030,2036.07,81241,-0.72
2021-06-16 12:00:31,2028.2,7,84694,87119,2036.07,81248,-0.72
2021-06-16 12:00:33,2028.2,7,84704,87120,2036.07,81248,-0.72
2021-06-16 12:00:35,2028.2,7,84704,87121,2036.07,81248,-0.72
2021-06-16 12:00:39,2028.2,7,84639,87154,2036.07,81248,-0.72
2021-06-16 12:00:41,2028.2,7,84629,87191,2036.07,81248,-0.72
2021-06-16 12:00:42,2028.2,7,84629,87361,2036.07,81248,-0.72
2021-06-16 12:00:45,2028.2,7,84629,87365,2036.07,81248,-0.72
2021-06-16 12:00:46,2028.2,7,84629,87417,2036.07,81248,-0.72
2021-06-16 12:00:50,2028.2,7,84629,87688,2036.07,81248,-0.72
2021-06-16 12:00:52,2028.2,7,84639,87666,2036.07,81248,-0.72
2021-06-16 12:01:02,2028.2,7,84626,87810,2036.07,81248,-0.72
2021-06-16 12:01:06,2028.2,7,84626,87809,2036.07,81248,-0.72
2021-06-16 12:01:08,2028.2,7,84926,87809,2036.07,81248,-0.72
2021-06-16 12:01:09,2028.2,6,84926,87809,2036.07,81248,-0.72
2021-06-16 12:01:12,2028.2,6,84926,87803,2036.07,81254,-0.72
2021-06-16 12:01:14,2028.2,6,84990,87803,2036.07,81254,-0.72
2021-06-16 12:01:16,2028.2,6,84990,87783,2036.07,81254,-0.72
2021-06-16 12:01:17,2028.0,17,84990,87783,2036.07,81254,-0.73
2021-06-16 12:01:18,2028.0,17,85037,87783,2036.07,81271,-0.73
2021-06-16 12:01:20,2028.0,17,85037,87819,2036.07,81271,-0.73
2021-06-16 12:01:25,2028.0,22,85037,87819,2036.07,81271,-0.73
2021-06-16 12:01:26,2028.0,22,85015,87831,2036.06,81293,-0.73
2021-06-16 12:01:27,2028.0,25,85015,87831,2036.06,81293,-0.73
2021-06-16 12:01:28,2028.0,25,84990,87831,2036.06,81318,-0.73
2021-06-16 12:01:30,2028.0,25,84977,87831,2036.06,81318,-0.73
2021-06-16 12:01:42,2028.0,25,84959,87831,2036.06,81318,-0.73
2021-06-16 12:01:45,2028.0,25,84960,87831,2036.06,81318,-0.73
2021-06-16 12:01:48,2028.0,25,84957,87832,2036.06,81318,-0.73
2021-06-16 12:01:55,2028.0,25,84977,87809,2036.06,81318,-0.73
2021-06-16 12:01:57,2028.0,25,84977,87830,2036.06,81318,-0.73
2021-06-16 12:02:08,2028.0,25,84977,87790,2036.06,81318,-0.73
2021-06-16 12:02:12,2028.0,25,84977,87740,2036.06,81318,-0.73
2021-06-16 12:02:14,2028.0,25,84849,87760,2036.06,81318,-0.73
2021-06-16 12:02:18,2028.0,25,84850,87760,2036.06,81318,-0.73
2021-06-16 12:02:21,2028.0,25,84850,87800,2036.06,81318,-0.73
2021-06-16 12:02:26,2028.0,13,84850,87800,2036.06,81318,-0.73
2021-06-16 12:02:27,2028.0,13,84801,87421,2036.05,81387,-0.73
2021-06-16 12:02:28,2028.0,13,84813,87260,2036.05,81387,-0.73
2021-06-16 12:02:37,2028.0,13,84814,87260,2036.05,81387,-0.73
2021-06-16 12:02:39,2028.0,13,84889,87253,2036.05,81387,-0.73
2021-06-16 12:02:41,2028.0,13,84874,87283,2036.05,81387,-0.73
2021-06-16 12:02:43,2028.0,13,84825,87282,2036.05,81387,-0.73
2021-06-16 12:02:45,2028.0,13,84825,87303,2036.05,81387,-0.73
2021-06-16 12:02:46,2028.0,13,84863,87325,2036.05,81387,-0.73
2021-06-16 12:02:55,2029.55,1,84863,87375,2036.05,81388,-0.66
2021-06-16 12:02:57,2029.55,1,84866,87375,2036.05,81388,-0.66
2021-06-16 12:02:59,2029.55,5,84866,87375,2036.05,81388,-0.66
2021-06-16 12:03:00,2029.55,5,84874,87327,2036.05,81397,-0.66
2021-06-16 12:03:02,2029.55,5,84874,87291,2036.05,81397,-0.66
2021-06-16 12:03:10,2029.55,5,84883,87315,2036.05,81397,-0.66
2021-06-16 12:03:14,2029.55,5,84883,87291,2036.05,81397,-0.66
2021-06-16 12:03:15,2029.55,5,84883,87316,2036.05,81397,-0.66
2021-06-16 12:03:15,2029.55,2,84883,87316,2036.05,81397,-0.66
2021-06-16 12:03:21,2029.55,2,84883,87324,2036.05,81399,-0.66
2021-06-16 12:03:22,2029.55,2,85066,87314,2036.05,81399,-0.66
2021-06-16 12:03:27,2029.55,2,85093,87308,2036.05,81399,-0.66
2021-06-16 12:03:34,2029.55,2,85093,87283,2036.05,81399,-0.66
2021-06-16 12:03:37,2029.55,2,85094,87462,2036.05,81399,-0.66
2021-06-16 12:03:43,2029.55,2,85095,87461,2036.05,81399,-0.66
2021-06-16 12:03:45,2029.55,2,85095,87492,2036.05,81399,-0.66
2021-06-16 12:03:46,2029.55,2,85096,87492,2036.05,81399,-0.66
2021-06-16 12:03:50,2029.55,2,85110,87492,2036.05,81399,-0.66
2021-06-16 12:03:52,2029.55,2,85080,87499,2036.05,81399,-0.66
2021-06-16 12:03:54,2029.55,2,85080,87465,2036.05,81399,-0.66
2021-06-16 12:03:58,2029.55,2,85081,87465,2036.05,81399,-0.66
2021-06-16 12:04:01,2029.55,2,85081,87425,2036.05,81399,-0.66
2021-06-16 12:04:04,2030.0,4,85081,87425,2036.05,81399,-0.63
2021-06-16 12:04:07,2030.0,4,85087,87429,2036.05,81445,-0.63
2021-06-16 12:04:10,2030.0,4,85087,87443,2036.05,81445,-0.63
2021-06-16 12:04:11,2030.05,8,85087,87443,2036.05,81445,-0.63
2021-06-16 12:04:12,2030.05,8,85087,87446,2036.05,81505,-0.63
2021-06-16 12:04:14,2029.55,1,85087,87446,2036.05,81505,-0.66
2021-06-16 12:04:15,2029.55,1,85045,87199,2036.04,81507,-0.66
2021-06-16 12:04:17,2029.55,1,85033,87212,2036.04,81507,-0.66
2021-06-16 12:04:24,2029.55,1,85033,87197,2036.04,81507,-0.66
2021-06-16 12:04:25,2029.55,1,84993,87197,2036.04,81507,-0.66
2021-06-16 12:04:29,2029.55,1,84993,87022,2036.04,81507,-0.66
2021-06-16 12:04:33,2029.55,1,84993,87024,2036.04,81507,-0.66
2021-06-16 12:04:34,2029.55,1,84993,87224,2036.04,81507,-0.66
2021-06-16 12:04:38,2029.55,1,85007,87224,2036.04,81507,-0.66
2021-06-16 12:04:40,2029.55,1,85011,87214,2036.04,81507,-0.66
2021-06-16 12:04:42,2029.55,1,85009,87214,2036.04,81507,-0.66
2021-06-16 12:04:46,2029.55,1,85022,87224,2036.04,81507,-0.66
2021-06-16 12:04:48,2029.55,1,85086,87174,2036.04,81507,-0.66
2021-06-16 12:04:50,2029.9,5,85023,87094,2036.04,81607,-0.64
2021-06-16 12:04:54,2029.9,5,85024,87167,2036.04,81607,-0.64
2021-06-16 12:04:57,2029.9,5,85016,87646,2036.04,81607,-0.64
2021-06-16 12:04:59,2029.9,5,85016,87146,2036.04,81607,-0.64
2021-06-16 12:05:04,2029.9,5,85021,87146,2036.04,81607,-0.64
2021-06-16 12:05:11,2029.9,5,85021,87108,2036.04,81607,-0.64
2021-06-16 12:05:16,2029.9,5,85033,87105,2036.04,81607,-0.64
2021-06-16 12:05:18,2029.9,5,85033,87141,2036.04,81607,-0.64
2021-06-16 12:05:18,2029.9,18,85033,87141,2036.04,81607,-0.64
2021-06-16 12:05:20,2029.9,18,85096,87049,2036.04,81634,-0.64
2021-06-16 12:05:22,2029.9,18,85097,87048,2036.04,81634,-0.64
2021-06-16 12:05:28,2029.9,18,85147,87048,2036.04,81634,-0.64
2021-06-16 12:05:30,2029.85,5,85117,86191,2036.03,81639,-0.64
2021-06-16 12:05:33,2029.9,7,85117,86191,2036.03,81639,-0.64
2021-06-16 12:05:36,2029.9,7,85117,86595,2036.03,81653,-0.64
2021-06-16 12:05:37,2029.9,7,85159,86618,2036.03,81667,-0.64
2021-06-16 12:05:39,2030.45,60,85159,86618,2036.03,81667,-0.61
2021-06-16 12:05:40,2030.45,60,85265,86321,2035.99,82273,-0.61
2021-06-16 12:05:43,2030.45,60,85149,86550,2035.99,82273,-0.61
2021-06-16 12:05:47,2030.45,60,84852,86918,2035.99,82273,-0.61
2021-06-16 12:05:50,2030.45,60,84840,86920,2035.99,82273,-0.61
2021-06-16 12:05:53,2030.45,60,84890,86764,2035.99,82273,-0.61
2021-06-16 12:05:56,2030.45,60,84934,86770,2035.99,82273,-0.61
2021-06-16 12:05:59,2030.45,60,84895,86777,2035.99,82273,-0.61
2021-06-16 12:06:02,2030.35,1,84859,86777,2035.99,82273,-0.62
2021-06-16 12:06:04,2030.35,1,84787,86960,2035.99,82274,-0.62
2021-06-16 12:06:06,2030.2,5,84787,86960,2035.99,82274,-0.62
2021-06-16 12:06:06,2030.2,5,84782,87007,2035.98,82354,-0.62
2021-06-16 12:06:09,2030.2,5,84773,87025,2035.98,82354,-0.62
2021-06-16 12:06:12,2030.2,5,84798,87025,2035.98,82354,-0.62
2021-06-16 12:06:15,2030.2,5,84818,87057,2035.98,82354,-0.62
2021-06-16 12:06:16,2030.2,5,84882,87057,2035.98,82354,-0.62
2021-06-16 12:06:18,2030.2,5,84883,87057,2035.98,82354,-0.62
2021-06-16 12:06:20,2030.2,5,84873,87057,2035.98,82354,-0.62
2021-06-16 12:06:22,2030.2,5,84819,87058,2035.98,82354,-0.62
2021-06-16 12:06:24,2030.15,2,84819,87058,2035.98,82354,-0.63
2021-06-16 12:06:24,2030.15,2,84971,86835,2035.98,82405,-0.63
2021-06-16 12:06:27,2030.15,2,85318,87009,2035.98,82405,-0.63
2021-06-16 12:06:31,2030.15,2,85307,87032,2035.98,82405,-0.63
2021-06-16 12:06:35,2030.15,2,85295,87043,2035.98,82405,-0.63
2021-06-16 12:06:39,2030.15,2,85235,86665,2035.98,82405,-0.63
2021-06-16 12:06:40,2030.5,8,85235,86665,2035.98,82405,-0.61
2021-06-16 12:06:43,2030.5,8,85235,86659,2035.98,82413,-0.61
2021-06-16 12:06:46,2030.5,8,85435,86659,2035.98,82413,-0.61
2021-06-16 12:06:48,2030.5,8,85395,86659,2035.98,82413,-0.61
2021-06-16 12:06:52,2030.5,8,85086,86680,2035.98,82413,-0.61
2021-06-16 12:06:54,2030.5,8,85086,86679,2035.98,82413,-0.61
2021-06-16 12:06:55,2030.15,5,85086,86679,2035.98,82413,-0.63
2021-06-16 12:06:57,2030.15,5,84987,86688,2035.98,82418,-0.63
2021-06-16 12:07:01,2030.15,5,84837,87158,2035.98,82418,-0.63
2021-06-16 12:07:03,2030.15,5,85070,87116,2035.98,82418,-0.63
2021-06-16 12:07:05,2030.15,5,85070,87106,2035.98,82418,-0.63
2021-06-16 12:07:07,2030.15,5,85070,87111,2035.98,82418,-0.63
2021-06-16 12:07:08,2030.0,1,85070,87111,2035.98,82418,-0.63
2021-06-16 12:07:10,2030.0,1,84487,87147,2035.98,82419,-0.63
2021-06-16 12:07:12,2029.75,2,84487,87147,2035.98,82419,-0.65
2021-06-16 12:07:13,2029.75,2,84538,87127,2035.98,82421,-0.65
2021-06-16 12:07:18,2029.75,2,84597,87174,2035.98,82421,-0.65
2021-06-16 12:07:20,2029.75,2,84557,87073,2035.98,82423,-0.65
2021-06-16 12:07:24,2029.75,2,84581,87056,2035.98,82423,-0.65
2021-06-16 12:07:28,2029.75,2,85581,87115,2035.98,82423,-0.65
2021-06-16 12:07:31,2029.75,2,85580,87186,2035.98,82423,-0.65
2021-06-16 12:07:34,2029.75,2,85591,87081,2035.98,82423,-0.65
2021-06-16 12:07:37,2029.75,2,85591,87125,2035.98,82423,-0.65
2021-06-16 12:07:39,2029.75,2,85591,87137,2035.98,82423,-0.65
2021-06-16 12:07:45,2028.45,1,85633,87191,2035.98,82425,-0.71
2021-06-16 12:07:48,2028.45,1,85643,87191,2035.98,82425,-0.71
2021-06-16 12:07:52,2028.45,1,85645,87111,2035.98,82425,-0.71
2021-06-16 12:07:56,2028.45,1,85655,87111,2035.98,82425,-0.71
2021-06-16 12:07:58,2028.45,1,85645,87171,2035.98,82425,-0.71
2021-06-16 12:08:03,2028.45,1,85563,87263,2035.98,82425,-0.71
2021-06-16 12:08:05,2028.45,1,85564,87263,2035.98,82425,-0.71
2021-06-16 12:08:07,2028.45,1,85564,87262,2035.98,82425,-0.71
2021-06-16 12:08:10,2028.45,1,85581,87262,2035.98,82425,-0.71
2021-06-16 12:08:12,2028.45,1,85641,87260,2035.98,82425,-0.71
2021-06-16 12:08:15,2028.45,1,85655,87260,2035.98,82425,-0.71
2021-06-16 12:08:16,2028.45,1,85563,87260,2035.98,82425,-0.71
2021-06-16 12:08:18,2027.0,10,85563,87260,2035.98,82425,-0.78
2021-06-16 12:08:18,2027.0,10,83188,88355,2035.86,83681,-0.78
2021-06-16 12:08:20,2027.0,10,83767,88883,2035.86,83681,-0.78
2021-06-16 12:08:22,2027.0,15,83767,88883,2035.86,83681,-0.78
2021-06-16 12:08:22,2027.0,15,83637,88653,2035.85,83711,-0.78
2021-06-16 12:08:25,2027.0,15,83637,88534,2035.85,83711,-0.78
2021-06-16 12:08:27,2027.0,15,83637,89014,2035.85,83711,-0.78
2021-06-16 12:08:29,2027.0,15,83704,88517,2035.85,83711,-0.78
2021-06-16 12:08:30,2026.5,10,83704,88517,2035.85,83711,-0.81
2021-06-16 12:08:34,2026.5,10,83447,88746,2035.85,83731,-0.81
2021-06-16 12:08:39,2026.5,10,83444,88776,2035.85,83731,-0.81
2021-06-16 12:08:40,2026.5,10,83444,88771,2035.85,83731,-0.81
2021-06-16 12:08:43,2026.5,10,83431,88807,2035.85,83731,-0.81
2021-06-16 12:08:46,2026.5,10,83391,88807,2035.85,83731,-0.81
2021-06-16 12:08:49,2026.5,5,83394,88808,2035.85,83731,-0.81
2021-06-16 12:08:51,2026.5,10,83394,88808,2035.85,83731,-0.81
2021-06-16 12:09:02,2026.5,10,83406,88717,2035.85,83766,-0.81
2021-06-16 12:09:04,2026.5,10,83414,88717,2035.85,83766,-0.81
2021-06-16 12:09:06,2026.5,10,83427,88717,2035.85,83766,-0.81
2021-06-16 12:09:07,2026.5,25,83427,88717,2035.85,83766,-0.81
2021-06-16 12:09:08,2026.5,25,83575,88530,2035.84,83806,-0.81
2021-06-16 12:09:10,2026.05,10,83522,88530,2035.84,83826,-0.83
2021-06-16 12:09:15,2026.05,10,83532,88530,2035.84,83826,-0.83
2021-06-16 12:09:17,2026.05,10,83532,88529,2035.84,83826,-0.83
2021-06-16 12:09:19,2026.05,10,83518,88560,2035.84,83826,-0.83
2021-06-16 12:09:21,2026.05,10,83518,88566,2035.84,83826,-0.83
2021-06-16 12:09:24,2026.05,10,83515,88562,2035.84,83826,-0.83
2021-06-16 12:09:25,2026.05,10,82930,88666,2035.84,83826,-0.83
2021-06-16 12:09:28,2026.05,10,83247,88666,2035.84,83826,-0.83
2021-06-16 12:09:30,2026.05,10,83197,88666,2035.84,83826,-0.83
2021-06-16 12:09:33,2027.1,6,83197,88666,2035.84,83826,-0.78
2021-06-16 12:09:34,2027.1,6,83736,88786,2035.84,83832,-0.78
2021-06-16 12:09:39,2027.1,6,83785,88786,2035.84,83832,-0.78
2021-06-16 12:09:40,2027.1,1,83785,88786,2035.84,83832,-0.78
2021-06-16 12:09:42,2027.1,1,83784,88786,2035.84,83833,-0.78
2021-06-16 12:09:48,2027.1,1,83783,88550,2035.84,83833,-0.78
2021-06-16 12:09:54,2027.75,9,83783,88510,2035.84,83833,-0.74
2021-06-16 12:09:55,2027.75,9,83800,88542,2035.84,83883,-0.74
2021-06-16 12:09:58,2027.75,9,83800,88582,2035.84,83883,-0.74
2021-06-16 12:10:00,2027.75,9,83820,88582,2035.84,83883,-0.74
2021-06-16 12:10:02,2027.75,9,83820,88551,2035.84,83883,-0.74
2021-06-16 12:10:04,2027.75,9,84032,88551,2035.84,83883,-0.74
2021-06-16 12:10:09,2027.75,9,84039,88527,2035.84,83883,-0.74
2021-06-16 12:10:10,2027.75,9,84116,88101,2035.84,83883,-0.74
2021-06-16 12:10:13,2027.75,9,84116,88318,2035.84,83883,-0.74
2021-06-16 12:10:15,2027.9,50,84116,88318,2035.84,83883,-0.74
2021-06-16 12:10:18,2027.9,50,84066,88291,2035.83,83933,-0.74
2021-06-16 12:10:20,2027.9,50,84068,88310,2035.83,83933,-0.74
2021-06-16 12:10:22,2027.9,50,84057,88504,2035.83,83933,-0.74
2021-06-16 12:10:25,2027.9,50,84057,88550,2035.83,83933,-0.74
2021-06-16 12:10:27,2027.9,50,84057,88588,2035.83,83933,-0.74
2021-06-16 12:10:30,2027.9,50,84045,88620,2035.83,83933,-0.74
2021-06-16 12:10:32,2027.9,50,83845,88620,2035.83,83933,-0.74
2021-06-16 12:10:33,2027.1,20,83845,88620,2035.83,83933,-0.78
2021-06-16 12:10:34,2027.1,20,83834,88620,2035.83,83953,-0.78
2021-06-16 12:10:34,2026.1,23,83834,88620,2035.83,83953,-0.82
2021-06-16 12:10:35,2026.1,23,83388,89110,2035.81,84084,-0.82
2021-06-16 12:10:36,2025.5,10,83388,89110,2035.81,84084,-0.85
2021-06-16 12:10:37,2025.5,10,78746,89103,2035.81,84119,-0.85
2021-06-16 12:10:39,2025.5,10,78752,88107,2035.81,84119,-0.85
2021-06-16 12:10:45,2025.5,10,82752,88107,2035.81,84119,-0.85
2021-06-16 12:10:47,2025.5,10,82753,88107,2035.81,84119,-0.85
2021-06-16 12:10:54,2025.5,10,82754,88107,2035.81,84119,-0.85
2021-06-16 12:11:00,2025.5,10,82756,88120,2035.81,84119,-0.85
2021-06-16 12:11:03,2025.5,10,83056,88120,2035.81,84119,-0.85
2021-06-16 12:11:06,2025.3,1,83056,88120,2035.81,84119,-0.86
2021-06-16 12:11:06,2025.3,1,82983,88150,2035.81,84120,-0.86
2021-06-16 12:11:07,2025.0,9,82983,88150,2035.81,84120,-0.88
2021-06-16 12:11:09,2025.0,9,83010,88107,2035.8,84170,-0.88
2021-06-16 12:11:09,2025.7,100,83010,88107,2035.8,84170,-0.84
2021-06-16 12:11:10,2025.7,100,83020,88051,2035.79,84270,-0.84
2021-06-16 12:11:14,2025.7,100,83033,88051,2035.79,84270,-0.84
2021-06-16 12:11:16,2025.7,100,83023,88051,2035.79,84270,-0.84
2021-06-16 12:11:18,2025.7,100,82942,88051,2035.79,84270,-0.84
2021-06-16 12:11:19,2025.7,100,83255,88051,2035.79,84270,-0.84
2021-06-16 12:11:24,2025.7,100,83264,88051,2035.79,84270,-0.84
2021-06-16 12:11:25,2025.7,100,83249,88051,2035.79,84270,-0.84
2021-06-16 12:11:28,2025.7,100,83221,88033,2035.79,84270,-0.84
2021-06-16 12:11:30,2025.7,100,83231,88128,2035.79,84270,-0.84
2021-06-16 12:11:32,2025.7,100,83231,88152,2035.79,84270,-0.84
2021-06-16 12:11:35,2025.75,16,83231,88152,2035.79,84270,-0.84
2021-06-16 12:11:36,2025.75,16,83350,88061,2035.78,84325,-0.84
2021-06-16 12:11:39,2025.75,16,83347,88061,2035.78,84325,-0.84
2021-06-16 12:11:40,2025.75,80,83347,88061,2035.78,84325,-0.84
2021-06-16 12:11:43,2025.75,80,83238,88054,2035.78,84405,-0.84
2021-06-16 12:11:45,2025.75,80,83347,88054,2035.78,84405,-0.84
2021-06-16 12:11:46,2025.75,80,83347,88026,2035.78,84405,-0.84
2021-06-16 12:11:53,2026.05,27,83347,88026,2035.78,84405,-0.83
2021-06-16 12:11:55,2026.05,27,83496,88955,2035.77,84465,-0.83
2021-06-16 12:11:55,2026.0,50,83496,88955,2035.77,84465,-0.83
2021-06-16 12:11:57,2026.0,50,83567,89061,2035.76,84515,-0.83
2021-06-16 12:11:59,2026.0,50,83703,89051,2035.76,84515,-0.83
2021-06-16 12:12:03,2026.0,50,83803,89051,2035.76,84515,-0.83
2021-06-16 12:12:13,2026.0,50,83744,89530,2035.76,84515,-0.83
2021-06-16 12:12:16,2026.0,50,83788,89469,2035.76,84515,-0.83
2021-06-16 12:12:17,2026.0,50,83768,89469,2035.76,84515,-0.83
2021-06-16 12:12:21,2026.0,9,83768,89469,2035.76,84515,-0.83
2021-06-16 12:12:25,2026.0,9,83759,89469,2035.76,84524,-0.83
2021-06-16 12:12:28,2026.75,35,83759,89469,2035.76,84524,-0.79
2021-06-16 12:12:30,2026.75,35,83805,89447,2035.75,84624,-0.79
2021-06-16 12:12:35,2026.75,35,83818,89447,2035.75,84624,-0.79
2021-06-16 12:12:37,2026.75,35,83818,89411,2035.75,84624,-0.79
2021-06-16 12:12:40,2026.75,35,83818,89410,2035.75,84624,-0.79
2021-06-16 12:12:45,2026.75,35,84314,89388,2035.75,84624,-0.79
2021-06-16 12:12:47,2026.0,10,84314,89388,2035.75,84624,-0.83
2021-06-16 12:12:48,2026.0,10,84304,89438,2035.75,84634,-0.83
2021-06-16 12:12:50,2026.0,10,84290,89474,2035.75,84634,-0.83
2021-06-16 12:12:57,2026.0,10,84290,89434,2035.75,84634,-0.83
2021-06-16 12:13:06,2026.85,10,84290,89434,2035.75,84634,-0.79
2021-06-16 12:13:07,2026.85,10,84608,89116,2035.75,84652,-0.79
2021-06-16 12:13:09,2026.85,10,84596,89111,2035.75,84652,-0.79
2021-06-16 12:13:11,2026.85,10,84578,89122,2035.75,84652,-0.79
2021-06-16 12:13:12,2027.45,1,84578,89122,2035.75,84652,-0.76
2021-06-16 12:13:15,2027.45,1,84602,89125,2035.75,84653,-0.76
2021-06-16 12:13:17,2027.45,1,84562,89135,2035.75,84653,-0.76
2021-06-16 12:13:21,2027.45,1,84574,89189,2035.75,84653,-0.76
2021-06-16 12:13:24,2027.45,1,84524,89312,2035.75,84653,-0.76
2021-06-16 12:13:26,2026.0,31,84524,89312,2035.75,84653,-0.83
2021-06-16 12:13:30,2026.0,31,84550,89314,2035.74,84723,-0.83
2021-06-16 12:13:36,2026.0,31,84555,89314,2035.74,84723,-0.83
2021-06-16 12:13:37,2026.0,10,84555,89314,2035.74,84723,-0.83
2021-06-16 12:13:41,2026.0,10,84545,89314,2035.74,84733,-0.83
2021-06-16 12:13:47,2026.0,10,84560,89314,2035.74,84733,-0.83
2021-06-16 12:13:52,2026.0,1,84560,89314,2035.74,84733,-0.83
2021-06-16 12:13:58,2026.0,1,84559,89309,2035.74,84734,-0.83
2021-06-16 12:14:00,2026.0,1,84559,89290,2035.74,84734,-0.83
2021-06-16 12:14:09,2026.0,1,84574,89290,2035.74,84734,-0.83
2021-06-16 12:14:14,2026.15,10,84574,89290,2035.74,84734,-0.82
2021-06-16 12:14:15,2026.15,10,84188,89201,2035.74,84744,-0.82
2021-06-16 12:14:17,2026.15,10,84252,89190,2035.74,84744,-0.82
2021-06-16 12:14:21,2026.15,10,84303,89190,2035.74,84744,-0.82
2021-06-16 12:14:23,2026.15,10,84304,89190,2035.74,84744,-0.82
2021-06-16 12:14:25,2026.15,10,84305,89226,2035.74,84744,-0.82
2021-06-16 12:14:27,2026.15,10,84241,89226,2035.74,84744,-0.82
2021-06-16 12:14:30,2026.15,10,84232,89226,2035.74,84744,-0.82
2021-06-16 12:14:31,2026.15,10,84235,89202,2035.74,84744,-0.82
2021-06-16 12:14:33,2026.15,10,84239,89224,2035.74,84744,-0.82
2021-06-16 12:14:35,2026.15,10,84291,89184,2035.74,84744,-0.82
2021-06-16 12:14:43,2026.15,10,84602,89184,2035.74,84744,-0.82
2021-06-16 12:14:45,2026.15,10,84602,88824,2035.74,84744,-0.82
2021-06-16 12:14:47,2026.15,10,84595,88842,2035.74,84744,-0.82
2021-06-16 12:14:51,2026.15,10,84595,88843,2035.74,84744,-0.82
2021-06-16 12:14:53,2026.15,10,84583,88822,2035.74,84744,-0.82
2021-06-16 12:14:55,2026.15,10,85094,88840,2035.74,84744,-0.82
2021-06-16 12:15:01,2026.85,30,85106,88840,2035.74,84744,-0.79
2021-06-16 12:15:03,2026.85,30,85106,88850,2035.73,84774,-0.79
2021-06-16 12:15:05,2026.85,30,85323,87196,2035.73,84774,-0.79
2021-06-16 12:15:06,2026.85,100,85323,87196,2035.73,84774,-0.79
2021-06-16 12:15:07,2026.85,100,85238,88893,2035.72,84874,-0.79
2021-06-16 12:15:12,2026.85,100,84888,88893,2035.72,84874,-0.79
2021-06-16 12:15:14,2027.3,22,84888,88893,2035.72,84874,-0.77
2021-06-16 12:15:17,2027.3,22,84894,88837,2035.72,84899,-0.77
2021-06-16 12:15:18,2027.3,22,84907,88712,2035.72,84899,-0.77
2021-06-16 12:15:19,2027.35,5,84907,88712,2035.72,84899,-0.76
2021-06-16 12:15:21,2027.35,5,84902,88837,2035.72,84904,-0.76
2021-06-16 12:15:24,2027.35,5,84902,88813,2035.72,84904,-0.76
2021-06-16 12:15:26,2027.35,5,84862,88813,2035.72,84904,-0.76
2021-06-16 12:15:28,2027.35,3,84862,88813,2035.72,84904,-0.76
2021-06-16 12:15:33,2027.35,3,84862,88810,2035.72,84907,-0.76
2021-06-16 12:15:35,2027.35,3,84876,88810,2035.72,84907,-0.76
2021-06-16 12:15:44,2027.35,3,84876,88808,2035.72,84907,-0.76
2021-06-16 12:15:51,2027.35,3,84874,88808,2035.72,84907,-0.76
2021-06-16 12:15:52,2027.35,3,84874,88826,2035.72,84907,-0.76
2021-06-16 12:15:57,2027.35,3,84796,88894,2035.72,84907,-0.76
2021-06-16 12:16:04,2027.35,3,84799,88894,2035.72,84907,-0.76
2021-06-16 12:16:07,2027.35,3,84799,89894,2035.72,84907,-0.76
2021-06-16 12:16:09,2027.35,3,84787,90061,2035.72,84907,-0.76
2021-06-16 12:16:13,2027.35,3,84799,90061,2035.72,84907,-0.76
2021-06-16 12:16:15,2027.0,10,84799,90061,2035.72,84907,-0.78
2021-06-16 12:16:16,2027.0,10,84882,89963,2035.72,84917,-0.78
2021-06-16 12:16:25,2027.0,10,84870,90011,2035.72,84917,-0.78
2021-06-16 12:16:27,2027.0,10,84882,90011,2035.72,84917,-0.78
2021-06-16 12:16:29,2027.0,10,84932,90010,2035.72,84917,-0.78
2021-06-16 12:16:31,2027.0,10,84920,90048,2035.72,84917,-0.78
2021-06-16 12:16:39,2027.0,10,84932,90008,2035.72,84917,-0.78
2021-06-16 12:16:46,2027.0,10,84932,90029,2035.72,84917,-0.78
2021-06-16 12:16:59,2027.0,10,84932,90019,2035.72,84917,-0.78
2021-06-16 12:17:01,2027.0,10,84931,90019,2035.72,84917,-0.78
2021-06-16 12:17:02,2026.05,13,84931,90019,2035.72,84917,-0.83
2021-06-16 12:17:04,2026.05,13,84934,90089,2035.71,84967,-0.83
2021-06-16 12:17:10,2026.05,13,84934,90093,2035.71,84967,-0.83
2021-06-16 12:17:15,2026.05,13,84944,90103,2035.71,84967,-0.83
2021-06-16 12:17:18,2026.05,13,85081,89914,2035.71,84967,-0.83
2021-06-16 12:17:20,2026.05,13,85101,89904,2035.71,84967,-0.83
2021-06-16 12:17:27,2026.05,13,85091,89977,2035.71,84967,-0.83
2021-06-16 12:17:30,2026.05,13,84963,89953,2035.71,84967,-0.83
2021-06-16 12:17:31,2027.25,3,84963,89953,2035.71,84967,-0.77
2021-06-16 12:17:32,2027.25,3,84974,90012,2035.71,84970,-0.77
2021-06-16 12:17:44,2027.25,3,84846,89962,2035.71,84970,-0.77
2021-06-16 12:17:46,2027.25,3,84867,89962,2035.71,84970,-0.77
2021-06-16 12:17:54,2027.25,3,84863,89962,2035.71,84970,-0.77
2021-06-16 12:18:00,2027.25,10,84884,89919,2035.71,84980,-0.77
2021-06-16 12:18:03,2027.25,10,84914,89905,2035.71,84980,-0.77
2021-06-16 12:18:05,2027.25,10,84914,89888,2035.71,84980,-0.77
2021-06-16 12:18:07,2027.25,10,84914,89890,2035.71,84980,-0.77
2021-06-16 12:18:10,2027.25,10,84922,89957,2035.71,84980,-0.77
2021-06-16 12:18:12,2027.25,10,84959,89969,2035.71,84980,-0.77
2021-06-16 12:18:15,2027.25,1,84959,89969,2035.71,84980,-0.77
2021-06-16 12:18:18,2027.25,1,84969,89968,2035.71,84981,-0.77
2021-06-16 12:18:22,2027.25,1,84929,89968,2035.71,84981,-0.77
2021-06-16 12:18:25,2026.25,5,84929,89968,2035.71,84981,-0.82
2021-06-16 12:18:26,2026.25,5,84964,89969,2035.71,84986,-0.82
2021-06-16 12:18:28,2026.25,5,84928,89969,2035.71,84986,-0.82
2021-06-16 12:18:37,2026.25,5,84918,89980,2035.71,84986,-0.82
2021-06-16 12:18:39,2026.25,5,84972,89980,2035.71,84986,-0.82
2021-06-16 12:18:41,2026.25,5,85022,89980,2035.71,84986,-0.82
2021-06-16 12:18:43,2026.25,5,84964,90016,2035.71,84986,-0.82
2021-06-16 12:18:47,2026.25,5,84976,90016,2035.71,84986,-0.82
2021-06-16 12:18:49,2026.25,5,84966,90044,2035.71,84986,-0.82
2021-06-16 12:18:51,2026.25,5,84953,90057,2035.71,84986,-0.82
2021-06-16 12:18:54,2026.25,5,84453,90057,2035.71,84986,-0.82
2021-06-16 12:18:56,2026.25,5,84953,90035,2035.71,84986,-0.82
2021-06-16 12:19:05,2026.25,5,84883,90098,2035.71,84986,-0.82
2021-06-16 12:19:07,2026.25,5,84866,90098,2035.71,84986,-0.82
2021-06-16 12:19:15,2026.25,5,84854,90122,2035.71,84986,-0.82
2021-06-16 12:19:17,2026.25,5,84863,90182,2035.71,84986,-0.82
2021-06-16 12:19:27,2026.25,5,84872,90182,2035.71,84986,-0.82
2021-06-16 12:19:28,2026.25,5,84872,90172,2035.71,84986,-0.82
2021-06-16 12:19:30,2026.25,5,84872,90148,2035.71,84986,-0.82
2021-06-16 12:19:31,2026.25,1,84872,90148,2035.71,84986,-0.82
2021-06-16 12:19:37,2026.25,20,84872,90148,2035.71,84986,-0.82
2021-06-16 12:19:39,2026.25,6,84928,90087,2035.71,85017,-0.82
2021-06-16 12:19:42,2026.25,6,84923,90087,2035.71,85017,-0.82
2021-06-16 12:19:45,2026.25,6,84923,90097,2035.71,85017,-0.82
2021-06-16 12:19:49,2026.25,6,84923,90083,2035.71,85017,-0.82
2021-06-16 12:19:54,2027.25,2,84873,90115,2035.71,85019,-0.77
2021-06-16 12:20:01,2027.25,2,84873,90124,2035.71,85019,-0.77
2021-06-16 12:20:04,2027.25,2,84882,90124,2035.71,85019,-0.77
2021-06-16 12:20:08,2027.25,2,84932,90124,2035.71,85019,-0.77
2021-06-16 12:20:27,2027.25,2,85008,90090,2035.71,85019,-0.77
2021-06-16 12:20:34,2027.25,2,85008,90052,2035.71,85019,-0.77
2021-06-16 12:20:41,2027.25,2,85050,90041,2035.71,85019,-0.77
2021-06-16 12:20:49,2027.25,1,85060,90044,2035.71,85020,-0.77
2021-06-16 12:20:53,2027.25,1,85050,90091,2035.71,85020,-0.77
2021-06-16 12:20:58,2027.25,1,85050,90591,2035.71,85020,-0.77
2021-06-16 12:21:02,2027.25,1,85003,90630,2035.71,85020,-0.77
2021-06-16 12:21:04,2027.25,1,84926,90735,2035.71,85020,-0.77
2021-06-16 12:21:09,2027.15,1,84926,90735,2035.71,85020,-0.77
2021-06-16 12:21:09,2027.15,1,84990,90674,2035.71,85021,-0.77
2021-06-16 12:21:12,2027.15,1,84990,90695,2035.71,85021,-0.77
2021-06-16 12:21:15,2027.15,1,84978,90709,2035.71,85021,-0.77
2021-06-16 12:21:19,2026.3,1,84978,90709,2035.71,85021,-0.81
2021-06-16 12:21:25,2026.3,1,84977,90709,2035.71,85042,-0.81
2021-06-16 12:21:27,2026.3,1,84989,90709,2035.71,85042,-0.81
2021-06-16 12:21:33,2027.15,2,84935,90665,2035.71,85044,-0.77
2021-06-16 12:21:41,2027.15,2,84948,90689,2035.71,85044,-0.77
2021-06-16 12:21:42,2027.15,2,84948,90687,2035.7,85046,-0.77
2021-06-16 12:21:46,2027.15,2,84748,90687,2035.7,85046,-0.77
2021-06-16 12:21:54,2027.15,2,84968,89435,2035.7,85046,-0.77
2021-06-16 12:21:56,2027.15,2,84934,90141,2035.7,85046,-0.77
2021-06-16 12:21:58,2027.15,2,85091,90130,2035.7,85046,-0.77
2021-06-16 12:22:00,2027.15,2,84872,90208,2035.7,85046,-0.77
2021-06-16 12:22:03,2027.15,2,84910,90243,2035.7,85046,-0.77
2021-06-16 12:22:04,2027.15,2,84877,90368,2035.7,85046,-0.77
2021-06-16 12:22:08,2027.15,2,84919,90368,2035.7,85046,-0.77
2021-06-16 12:22:09,2027.55,69,84919,90368,2035.7,85046,-0.75
2021-06-16 12:22:09,2027.55,69,84957,90430,2035.7,85146,-0.75
2021-06-16 12:22:13,2027.55,69,84916,90452,2035.7,85146,-0.75
2021-06-16 12:22:15,2027.55,69,84941,90452,2035.7,85146,-0.75
2021-06-16 12:22:16,2027.55,69,84941,90462,2035.7,85146,-0.75
2021-06-16 12:22:18,2027.55,69,84838,90479,2035.7,85146,-0.75
2021-06-16 12:22:20,2027.55,69,84887,90479,2035.7,85146,-0.75
2021-06-16 12:22:25,2027.55,69,84880,90064,2035.7,85146,-0.75
2021-06-16 12:22:30,2027.55,69,84890,90032,2035.7,85146,-0.75
2021-06-16 12:22:34,2027.55,69,84880,90032,2035.7,85146,-0.75
2021-06-16 12:22:35,2026.3,2,84880,90032,2035.7,85146,-0.81
2021-06-16 12:22:39,2026.3,2,84877,89993,2035.7,85148,-0.81
2021-06-16 12:22:47,2026.3,2,84888,89993,2035.7,85148,-0.81
2021-06-16 12:22:52,2026.3,2,84863,89993,2035.7,85148,-0.81
2021-06-16 12:23:04,2026.3,2,84927,89993,2035.7,85148,-0.81
2021-06-16 12:23:06,2026.3,2,84928,89990,2035.7,85148,-0.81
2021-06-16 12:23:13,2026.3,2,84928,90973,2035.7,85148,-0.81
2021-06-16 12:23:24,2026.3,2,84938,90962,2035.7,85148,-0.81
2021-06-16 12:23:32,2026.3,2,85098,91335,2035.7,85148,-0.81
2021-06-16 12:23:36,2026.3,2,84936,91499,2035.7,85148,-0.81
2021-06-16 12:23:39,2026.3,2,84866,91497,2035.7,85148,-0.81
2021-06-16 12:23:40,2025.6,2,84871,91569,2035.69,85168,-0.85
2021-06-16 12:23:42,2025.6,2,85190,91616,2035.67,85368,-0.85
2021-06-16 12:23:44,2025.75,17,85190,91616,2035.67,85368,-0.84
2021-06-16 12:23:47,2025.75,17,85134,91655,2035.66,85498,-0.84
2021-06-16 12:23:51,2025.75,17,85152,91680,2035.66,85498,-0.84
2021-06-16 12:23:54,2025.75,17,84712,91180,2035.66,85498,-0.84
2021-06-16 12:23:56,2025.75,17,84714,91180,2035.66,85498,-0.84
2021-06-16 12:24:01,2025.75,17,84714,91159,2035.66,85498,-0.84
2021-06-16 12:24:06,2025.75,17,85220,91159,2035.66,85498,-0.84
2021-06-16 12:24:12,2025.75,17,85220,91140,2035.66,85498,-0.84
2021-06-16 12:24:21,2025.75,17,85220,91150,2035.66,85498,-0.84
2021-06-16 12:24:22,2025.75,17,85220,91083,2035.66,85498,-0.84
2021-06-16 12:24:27,2025.75,17,85160,91083,2035.66,85498,-0.84
2021-06-16 12:24:29,2025.75,17,85159,91083,2035.66,85498,-0.84
2021-06-16 12:24:33,2027.0,2,85159,91121,2035.66,85500,-0.78
2021-06-16 12:24:34,2027.0,2,85161,90952,2035.66,85500,-0.78
2021-06-16 12:24:36,2027.0,2,85173,90952,2035.66,85500,-0.78
2021-06-16 12:24:39,2027.0,10,85173,90952,2035.66,85500,-0.78
2021-06-16 12:24:40,2027.0,10,85173,90942,2035.65,85510,-0.78
2021-06-16 12:24:46,2027.0,10,85173,91145,2035.65,85510,-0.78
2021-06-16 12:24:48,2027.0,10,85173,91165,2035.65,85510,-0.78
2021-06-16 12:24:50,2027.0,3,85181,91162,2035.65,85513,-0.78
2021-06-16 12:24:54,2027.0,3,85191,91162,2035.65,85513,-0.78
2021-06-16 12:25:00,2027.0,3,85194,91174,2035.65,85513,-0.78
2021-06-16 12:25:02,2027.0,3,85194,91162,2035.65,85513,-0.78
2021-06-16 12:25:06,2027.0,3,85005,91361,2035.65,85513,-0.78
2021-06-16 12:25:09,2026.95,100,85005,91361,2035.65,85513,-0.78
2021-06-16 12:25:10,2026.95,100,85015,91272,2035.64,85613,-0.78
2021-06-16 12:25:12,2027.0,7,85015,91272,2035.64,85613,-0.78
2021-06-16 12:25:14,2027.0,7,84956,91175,2035.64,85663,-0.78
2021-06-16 12:25:15,2026.95,9,84956,91175,2035.64,85663,-0.78
2021-06-16 12:25:18,2025.85,8,84956,91175,2035.64,85663,-0.84
2021-06-16 12:25:19,2025.85,8,84928,91320,2035.64,85680,-0.84
2021-06-16 12:25:21,2025.85,8,84964,91242,2035.64,85680,-0.84
2021-06-16 12:25:24,2025.85,8,84964,91257,2035.64,85680,-0.84
2021-06-16 12:25:28,2025.85,8,84964,91227,2035.64,85680,-0.84
2021-06-16 12:25:36,2025.85,8,84594,90857,2035.64,85680,-0.84
2021-06-16 12:25:39,2025.85,8,84594,90808,2035.64,85680,-0.84
2021-06-16 12:25:46,2025.85,8,84594,90780,2035.64,85680,-0.84
2021-06-16 12:25:48,2025.85,8,84584,90780,2035.64,85680,-0.84
2021-06-16 12:25:51,2025.85,8,84584,90808,2035.64,85680,-0.84
2021-06-16 12:25:53,2025.85,8,84584,90789,2035.64,85680,-0.84
2021-06-16 12:25:59,2025.85,8,84606,90789,2035.64,85680,-0.84
2021-06-16 12:26:01,2025.85,1904,84506,88564,2035.41,87673,-0.84
2021-06-16 12:26:06,2025.85,1904,84376,89141,2035.41,87673,-0.84
2021-06-16 12:26:07,2025.85,1904,84366,89141,2035.41,87673,-0.84
2021-06-16 12:26:11,2026.0,23,84468,88666,2035.41,87673,-0.83
2021-06-16 12:26:14,2026.0,23,84445,88666,2035.41,87696,-0.83
2021-06-16 12:26:16,2026.0,23,84455,88666,2035.41,87696,-0.83
2021-06-16 12:26:21,2026.0,23,84511,88728,2035.41,87696,-0.83
2021-06-16 12:26:25,2026.0,23,84359,88754,2035.41,87696,-0.83
2021-06-16 12:26:26,2025.95,2,84359,88754,2035.41,87696,-0.83
2021-06-16 12:26:27,2025.95,2,84468,88743,2035.41,87698,-0.83
2021-06-16 12:26:28,2025.95,2,84355,88691,2035.41,87698,-0.83
2021-06-16 12:26:29,2025.95,2,84355,88703,2035.41,87698,-0.83
2021-06-16 12:26:31,2025.95,2,84464,89204,2035.41,87698,-0.83
2021-06-16 12:26:33,2025.95,2,84378,88716,2035.41,87698,-0.83
2021-06-16 12:26:35,2025.95,2,84368,88716,2035.41,87698,-0.83
2021-06-16 12:26:41,2025.95,2,84386,88716,2035.41,87698,-0.83
2021-06-16 12:26:46,2025.95,2,84376,88716,2035.41,87698,-0.83
2021-06-16 12:26:51,2025.95,2,84076,88716,2035.41,87698,-0.83
2021-06-16 12:26:57,2025.95,2,84086,88684,2035.41,87698,-0.83
2021-06-16 12:27:01,2025.95,2,84106,88705,2035.41,87698,-0.83
2021-06-16 12:27:02,2025.9,6,84106,88705,2035.41,87698,-0.83
2021-06-16 12:27:03,2025.05,11,83715,88805,2035.34,88363,-0.88
2021-06-16 12:27:04,2027.0,1,83715,88805,2035.34,88363,-0.78
2021-06-16 12:27:06,2027.0,1,84162,88756,2035.33,88463,-0.78
2021-06-16 12:27:08,2027.0,1,84152,88756,2035.33,88463,-0.78
2021-06-16 12:27:10,2027.0,1,84152,88760,2035.33,88463,-0.78
2021-06-16 12:27:13,2027.0,1,84152,88755,2035.33,88463,-0.78
2021-06-16 12:27:20,2027.0,1,84162,88755,2035.33,88463,-0.78
2021-06-16 12:27:22,2027.0,1,84122,88755,2035.33,88463,-0.78
2021-06-16 12:27:25,2027.0,1,84147,88755,2035.33,88463,-0.78
2021-06-16 12:27:28,2027.05,1,84146,88753,2035.33,88465,-0.78
2021-06-16 12:27:31,2027.05,1,84138,88753,2035.33,88465,-0.78
2021-06-16 12:27:35,2025.85,10,84138,88753,2035.33,88465,-0.84
2021-06-16 12:27:36,2025.85,10,84168,88753,2035.33,88475,-0.84
2021-06-16 12:27:43,2025.85,10,84166,88853,2035.33,88475,-0.84
2021-06-16 12:27:45,2025.85,10,84167,88853,2035.33,88475,-0.84
2021-06-16 12:27:49,2025.85,10,84273,88839,2035.33,88475,-0.84
2021-06-16 12:27:53,2025.85,10,84175,88989,2035.33,88475,-0.84
2021-06-16 12:27:58,2025.85,10,84162,88947,2035.33,88475,-0.84
2021-06-16 12:28:01,2025.85,10,84176,88931,2035.33,88475,-0.84
2021-06-16 12:28:03,2025.85,10,84186,88879,2035.33,88475,-0.84
2021-06-16 12:28:05,2025.85,10,84206,88837,2035.33,88475,-0.84
2021-06-16 12:28:09,2025.85,10,84196,88854,2035.33,88475,-0.84
2021-06-16 12:28:10,2027.05,19,84206,88854,2035.33,88475,-0.78
2021-06-16 12:28:12,2027.05,19,84520,88504,2035.32,88530,-0.78
2021-06-16 12:28:13,2027.05,19,84550,88514,2035.32,88530,-0.78
2021-06-16 12:28:15,2026.45,17,84483,88575,2035.32,88580,-0.81
2021-06-16 12:28:17,2026.45,17,84554,88574,2035.32,88580,-0.81
2021-06-16 12:28:21,2026.45,17,84438,88562,2035.32,88580,-0.81
2021-06-16 12:28:22,2026.45,17,84438,88586,2035.32,88580,-0.81
2021-06-16 12:28:24,2026.45,17,84435,88586,2035.32,88580,-0.81
2021-06-16 12:28:28,2026.45,17,84666,88586,2035.32,88580,-0.81
2021-06-16 12:28:30,2026.45,17,84666,88622,2035.32,88580,-0.81
2021-06-16 12:28:32,2026.45,17,84676,88622,2035.32,88580,-0.81
2021-06-16 12:28:34,2026.45,17,84742,88588,2035.32,88580,-0.81
2021-06-16 12:28:40,2026.45,17,84707,88588,2035.32,88580,-0.81
2021-06-16 12:28:42,2026.45,17,84717,88598,2035.32,88580,-0.81
2021-06-16 12:28:45,2026.45,17,84719,88598,2035.32,88580,-0.81
2021-06-16 12:28:54,2026.45,17,84719,88588,2035.32,88580,-0.81
2021-06-16 12:28:59,2026.3,9,84719,88588,2035.32,88580,-0.81
2021-06-16 12:29:10,2026.3,9,84681,88638,2035.31,88605,-0.81
2021-06-16 12:29:20,2026.3,9,84723,88638,2035.31,88605,-0.81
2021-06-16 12:29:26,2027.0,6,84723,88672,2035.31,88611,-0.78
2021-06-16 12:29:27,2027.0,44,84972,87081,2035.31,88655,-0.78
2021-06-16 12:29:29,2027.0,44,84984,87330,2035.31,88655,-0.78
2021-06-16 12:29:33,2027.0,44,85055,87805,2035.31,88655,-0.78
2021-06-16 12:29:39,2027.0,44,84856,87987,2035.31,88655,-0.78
2021-06-16 12:29:40,2026.9,4,84856,87987,2035.31,88655,-0.79
2021-06-16 12:29:41,2026.9,4,84850,88041,2035.31,88659,-0.79
2021-06-16 12:29:45,2026.9,4,85069,87987,2035.31,88659,-0.79
2021-06-16 12:29:46,2026.9,4,85079,87955,2035.31,88659,-0.79
2021-06-16 12:29:48,2026.9,4,85079,87997,2035.31,88659,-0.79
2021-06-16 12:29:50,2028.05,10,85131,87989,2035.31,88659,-0.73
2021-06-16 12:29:52,2028.05,10,85058,88016,2035.31,88669,-0.73
2021-06-16 12:29:54,2028.05,10,85058,88053,2035.31,88669,-0.73
2021-06-16 12:29:55,2028.05,10,85007,88080,2035.31,88669,-0.73
2021-06-16 12:29:57,2028.05,10,84950,88166,2035.31,88669,-0.73
2021-06-16 12:29:59,2028.05,10,84950,88156,2035.31,88669,-0.73
2021-06-16 12:30:03,2028.05,10,84950,88158,2035.31,88669,-0.73
2021-06-16 12:30:10,2028.05,10,84910,88160,2035.31,88669,-0.73
2021-06-16 12:30:12,2028.05,10,84907,88160,2035.31,88669,-0.73
2021-06-16 12:30:16,2028.05,6,84907,88160,2035.31,88669,-0.73
2021-06-16 12:30:17,2028.05,2,84907,88160,2035.31,88669,-0.73
2021-06-16 12:30:21,2028.05,2,84930,88056,2035.31,88677,-0.73
2021-06-16 12:30:23,2028.05,2,84918,88070,2035.31,88677,-0.73
2021-06-16 12:30:24,2028.05,10,84918,88070,2035.31,88677,-0.73
2021-06-16 12:30:25,2028.05,10,84918,88060,2035.31,88687,-0.73
2021-06-16 12:30:28,2028.05,10,84998,88098,2035.31,88687,-0.73
2021-06-16 12:30:31,2028.05,10,85008,88098,2035.31,88687,-0.73
2021-06-16 12:30:37,2028.05,10,84268,88098,2035.31,88687,-0.73
2021-06-16 12:30:40,2028.05,10,84268,88055,2035.31,88687,-0.73
2021-06-16 12:30:43,2028.05,10,84269,88055,2035.31,88687,-0.73
2021-06-16 12:30:45,2028.05,10,84272,88055,2035.31,88687,-0.73
2021-06-16 12:30:46,2028.05,10,84347,88020,2035.31,88687,-0.73
2021-06-16 12:30:48,2028.05,10,84348,88020,2035.31,88687,-0.73
2021-06-16 12:30:54,2028.05,10,84352,88020,2035.31,88687,-0.73
2021-06-16 12:30:56,2028.05,10,84404,88020,2035.31,88687,-0.73
2021-06-16 12:30:58,2028.05,10,84715,88020,2035.31,88687,-0.73
2021-06-16 12:31:02,2028.05,10,84734,88020,2035.31,88687,-0.73
2021-06-16 12:31:04,2028.05,10,84734,87253,2035.31,88687,-0.73
2021-06-16 12:31:06,2028.05,10,84734,87274,2035.31,88687,-0.73
2021-06-16 12:31:07,2027.05,3,84734,87274,2035.31,88687,-0.78
2021-06-16 12:31:07,2027.05,3,84769,87244,2035.3,88692,-0.78
2021-06-16 12:31:12,2027.05,3,84779,87316,2035.3,88692,-0.78
2021-06-16 12:31:13,2027.05,3,84655,87586,2035.3,88692,-0.78
2021-06-16 12:31:15,2027.05,3,84655,87587,2035.3,88692,-0.78
2021-06-16 12:31:18,2027.05,3,84655,87588,2035.3,88692,-0.78
2021-06-16 12:31:19,2027.05,3,84699,87495,2035.3,88692,-0.78
2021-06-16 12:31:22,2027.05,3,84699,87446,2035.3,88692,-0.78
2021-06-16 12:31:24,2027.05,3,84699,87450,2035.3,88692,-0.78
2021-06-16 12:31:26,2027.05,3,84699,87502,2035.3,88692,-0.78
2021-06-16 12:31:28,2027.05,3,84728,87791,2035.3,88692,-0.78
2021-06-16 12:31:30,2027.05,3,84727,87779,2035.3,88692,-0.78
2021-06-16 12:31:36,2027.05,3,84728,87755,2035.3,88692,-0.78
2021-06-16 12:31:39,2027.05,3,84729,87755,2035.3,88692,-0.78
2021-06-16 12:31:42,2026.7,7,84729,87755,2035.3,88692,-0.8
2021-06-16 12:31:43,2026.7,7,84723,87755,2035.3,88707,-0.8
2021-06-16 12:31:48,2026.7,7,85073,87553,2035.3,88707,-0.8
2021-06-16 12:31:50,2026.7,7,85077,87553,2035.3,88707,-0.8
2021-06-16 12:31:52,2026.7,7,85148,87553,2035.3,88707,-0.8
2021-06-16 12:31:53,2028.05,1,85148,87553,2035.3,88707,-0.73
2021-06-16 12:31:54,2028.05,1,85459,87505,2035.3,88708,-0.73
2021-06-16 12:31:57,2028.05,1,85419,87505,2035.3,88708,-0.73
2021-06-16 12:32:01,2028.05,1,85419,87506,2035.3,88708,-0.73
2021-06-16 12:32:03,2028.05,1,85419,87507,2035.3,88708,-0.73
2021-06-16 12:32:10,2028.05,1,85442,87485,2035.3,88708,-0.73
2021-06-16 12:32:10,2028.05,1,85442,87484,2035.3,88709,-0.73
2021-06-16 12:32:12,2028.05,1,85442,87488,2035.3,88709,-0.73
2021-06-16 12:32:13,2028.05,1,85442,87540,2035.3,88709,-0.73
2021-06-16 12:32:15,2028.05,1,85442,87851,2035.3,88709,-0.73
2021-06-16 12:32:26,2027.15,2,85480,87851,2035.3,88715,-0.77
2021-06-16 12:32:28,2027.15,10,85470,87851,2035.3,88725,-0.77
2021-06-16 12:32:31,2027.15,10,85216,87723,2035.3,88725,-0.77
2021-06-16 12:32:41,2027.15,10,85216,87701,2035.3,88725,-0.77
2021-06-16 12:32:42,2028.05,30,85216,87701,2035.3,88725,-0.73
2021-06-16 12:32:43,2028.05,30,85439,87565,2035.3,88755,-0.73
2021-06-16 12:32:46,2028.05,30,85505,87586,2035.3,88755,-0.73
2021-06-16 12:32:48,2028.05,30,85495,87586,2035.3,88755,-0.73
2021-06-16 12:32:50,2028.05,30,85480,87586,2035.3,88755,-0.73
2021-06-16 12:32:54,2028.05,30,85480,87609,2035.3,88755,-0.73
2021-06-16 12:32:59,2028.05,30,85488,87609,2035.3,88755,-0.73
2021-06-16 12:33:01,2028.05,30,85498,87647,2035.3,88755,-0.73
2021-06-16 12:33:09,2028.05,30,85498,87607,2035.3,88755,-0.73
2021-06-16 12:33:11,2028.05,30,85499,87607,2035.3,88755,-0.73
2021-06-16 12:33:15,2028.05,30,85465,87631,2035.3,88755,-0.73
2021-06-16 12:33:22,2028.05,30,85465,87641,2035.3,88755,-0.73
2021-06-16 12:33:25,2028.05,30,85587,87868,2035.3,88755,-0.73
2021-06-16 12:33:27,2028.05,30,85595,87868,2035.3,88755,-0.73
2021-06-16 12:33:28,2028.0,30,85595,87868,2035.3,88755,-0.73
2021-06-16 12:33:39,2028.0,30,85325,88481,2035.3,88800,-0.73
2021-06-16 12:33:41,2028.0,30,85329,88531,2035.3,88800,-0.73
2021-06-16 12:33:45,2028.0,1,85329,88530,2035.3,88801,-0.73
2021-06-16 12:33:51,2028.0,1,85269,89032,2035.3,88801,-0.73
2021-06-16 12:33:55,2028.0,1,85269,88532,2035.3,88801,-0.73
2021-06-16 12:33:58,2028.0,1,85269,89221,2035.3,88801,-0.73
2021-06-16 12:34:02,2028.0,1,85294,88663,2035.3,88801,-0.73
2021-06-16 12:34:06,2028.0,1,85294,89183,2035.3,88801,-0.73
2021-06-16 12:34:07,2028.0,1,85294,89213,2035.3,88801,-0.73
2021-06-16 12:34:12,2028.0,1,85440,88308,2035.3,88801,-0.73
2021-06-16 12:34:14,2028.0,1,85455,88831,2035.3,88801,-0.73
2021-06-16 12:34:16,2028.0,1,85455,88794,2035.3,88801,-0.73
2021-06-16 12:34:18,2028.0,1,85524,88766,2035.3,88802,-0.73
2021-06-16 12:34:21,2028.0,1,85605,88182,2035.3,88802,-0.73
2021-06-16 12:34:22,2028.0,1,85444,88778,2035.3,88802,-0.73
2021-06-16 12:34:25,2028.0,1,85523,88187,2035.3,88802,-0.73
2021-06-16 12:34:28,2028.0,1,85443,88782,2035.3,88802,-0.73
2021-06-16 12:34:30,2028.0,1,85443,88795,2035.3,88802,-0.73
2021-06-16 12:34:31,2028.0,1,85421,88219,2035.3,88802,-0.73
2021-06-16 12:34:33,2028.0,1,85445,88326,2035.3,88802,-0.73
2021-06-16 12:34:34,2028.0,1,85545,88326,2035.3,88802,-0.73
2021-06-16 12:34:39,2028.0,1,85533,88358,2035.3,88802,-0.73
2021-06-16 12:34:40,2028.0,1,85533,88363,2035.3,88802,-0.73
2021-06-16 12:34:42,2028.0,1,85809,88850,2035.3,88802,-0.73
2021-06-16 12:34:44,2028.0,1,85826,88361,2035.3,88802,-0.73
2021-06-16 12:34:46,2028.0,1,85818,88310,2035.3,88802,-0.73
2021-06-16 12:34:48,2028.0,1,85818,88314,2035.3,88802,-0.73
2021-06-16 12:34:49,2028.0,1,85810,88355,2035.3,88802,-0.73
2021-06-16 12:34:52,2028.0,1,85810,88360,2035.3,88802,-0.73
2021-06-16 12:34:53,2028.0,1,85835,88446,2035.3,88802,-0.73
2021-06-16 12:34:55,2028.0,1,85815,88446,2035.3,88802,-0.73
2021-06-16 12:34:57,2028.0,1,85802,88166,2035.3,88802,-0.73
2021-06-16 12:34:59,2028.0,1,85824,88173,2035.3,88802,-0.73
2021-06-16 12:35:01,2028.0,1,85813,88201,2035.3,88802,-0.73
2021-06-16 12:35:02,2027.5,1,85813,88201,2035.3,88802,-0.76
2021-06-16 12:35:03,2027.5,1,85717,88350,2035.3,88803,-0.76
2021-06-16 12:35:05,2027.5,1,85717,88359,2035.3,88803,-0.76
2021-06-16 12:35:07,2027.5,1,85538,88397,2035.3,88803,-0.76
2021-06-16 12:35:08,2027.5,1,85558,88397,2035.3,88803,-0.76
2021-06-16 12:35:09,2027.5,1,85558,88387,2035.3,88803,-0.76
2021-06-16 12:35:12,2027.5,1,85558,88599,2035.3,88803,-0.76
2021-06-16 12:35:13,2027.5,1,85558,88557,2035.3,88803,-0.76
2021-06-16 12:35:14,2027.5,99,85558,88557,2035.3,88803,-0.76
2021-06-16 12:35:16,2027.5,99,85509,88475,2035.29,88902,-0.76
2021-06-16 12:35:18,2027.5,99,85522,88441,2035.29,88902,-0.76
2021-06-16 12:35:29,2027.5,99,85522,88461,2035.29,88902,-0.76
2021-06-16 12:35:32,2027.5,99,85522,88421,2035.29,88902,-0.76
2021-06-16 12:35:38,2027.5,1,85522,88421,2035.29,88902,-0.76
2021-06-16 12:35:39,2027.5,1,85531,88476,2035.29,88903,-0.76
2021-06-16 12:35:43,2027.5,1,85541,88489,2035.29,88903,-0.76
2021-06-16 12:35:45,2027.5,1,85541,88589,2035.29,88903,-0.76
2021-06-16 12:35:46,2027.5,1,85527,88589,2035.29,88903,-0.76
2021-06-16 12:35:48,2027.5,1,85692,88538,2035.29,88903,-0.76
2021-06-16 12:35:50,2027.5,1,85700,88498,2035.29,88903,-0.76
2021-06-16 12:35:52,2027.5,1,85700,88488,2035.29,88903,-0.76
2021-06-16 12:35:53,2027.5,1,85660,88488,2035.29,88903,-0.76
2021-06-16 12:35:58,2027.5,1,85494,88655,2035.29,88903,-0.76
2021-06-16 12:36:02,2027.5,1,84979,88027,2035.29,88903,-0.76
2021-06-16 12:36:04,2027.5,1,84396,88701,2035.29,88903,-0.76
2021-06-16 12:36:06,2027.5,1,84396,88737,2035.29,88903,-0.76
2021-06-16 12:36:07,2027.5,1,84510,88737,2035.29,88903,-0.76
2021-06-16 12:36:09,2027.5,40,84510,88695,2035.29,88903,-0.76
2021-06-16 12:36:10,2027.5,40,84993,88655,2035.28,88943,-0.76
2021-06-16 12:36:22,2027.5,40,84997,88655,2035.28,88943,-0.76
2021-06-16 12:36:24,2027.5,40,84989,88655,2035.28,88943,-0.76
2021-06-16 12:36:30,2028.0,24,84989,88655,2035.28,88943,-0.73
2021-06-16 12:36:33,2028.0,24,85008,88590,2035.27,89143,-0.73
2021-06-16 12:36:33,2027.0,20,85008,88590,2035.27,89143,-0.78
2021-06-16 12:36:34,2027.0,20,85028,88600,2035.26,89163,-0.78
2021-06-16 12:36:36,2027.9,2,85028,88566,2035.26,89165,-0.74
2021-06-16 12:36:40,2027.9,2,84951,88673,2035.26,89165,-0.74
2021-06-16 12:36:42,2027.9,2,84951,88618,2035.26,89165,-0.74
2021-06-16 12:36:44,2027.9,2,84951,88646,2035.26,89165,-0.74
2021-06-16 12:36:49,2027.9,2,84949,88592,2035.26,89165,-0.74
2021-06-16 12:36:51,2027.9,2,84949,88594,2035.26,89165,-0.74
2021-06-16 12:36:52,2027.9,2,84949,88619,2035.26,89165,-0.74
2021-06-16 12:36:53,2027.75,2,84949,88619,2035.26,89165,-0.74
2021-06-16 12:36:54,2027.75,2,84962,88616,2035.26,89169,-0.74
2021-06-16 12:37:00,2027.75,2,84962,88641,2035.26,89169,-0.74
2021-06-16 12:37:03,2027.75,2,84988,88598,2035.26,89169,-0.74
2021-06-16 12:37:04,2027.75,2,84988,88593,2035.26,89169,-0.74
2021-06-16 12:37:06,2027.75,2,84975,89223,2035.26,89169,-0.74
2021-06-16 12:37:08,2028.15,6,85025,88622,2035.26,89271,-0.72
2021-06-16 12:37:10,2028.15,6,85025,88644,2035.26,89271,-0.72
2021-06-16 12:37:12,2028.15,6,85037,88410,2035.26,89271,-0.72
2021-06-16 12:37:13,2028.15,6,85025,88832,2035.26,89271,-0.72
2021-06-16 12:37:15,2028.15,6,85025,88957,2035.26,89271,-0.72
2021-06-16 12:37:17,2028.15,6,85025,88967,2035.26,89271,-0.72
2021-06-16 12:37:21,2028.15,6,85145,88957,2035.26,89271,-0.72
2021-06-16 12:37:22,2028.15,6,85145,88967,2035.26,89271,-0.72
2021-06-16 12:37:24,2028.15,6,85294,88331,2035.26,89271,-0.72
2021-06-16 12:37:30,2028.15,6,85170,89123,2035.26,89271,-0.72
2021-06-16 12:37:37,2028.15,6,85166,89159,2035.26,89271,-0.72
2021-06-16 12:37:45,2028.15,6,85118,89159,2035.26,89271,-0.72
2021-06-16 12:37:47,2028.15,6,85112,89168,2035.26,89271,-0.72
2021-06-16 12:38:00,2028.15,6,85137,89168,2035.26,89271,-0.72
2021-06-16 12:38:01,2027.05,20,85137,89168,2035.26,89271,-0.78
2021-06-16 12:38:03,2027.05,20,85022,89339,2035.25,89291,-0.78
2021-06-16 12:38:07,2027.05,20,84942,89375,2035.25,89291,-0.78
2021-06-16 12:38:12,2027.05,20,84942,89319,2035.25,89291,-0.78
2021-06-16 12:38:13,2027.05,20,84942,89297,2035.25,89291,-0.78
2021-06-16 12:38:16,2027.05,20,84942,89320,2035.25,89291,-0.78
2021-06-16 12:38:18,2027.85,3,84942,89320,2035.25,89291,-0.74
2021-06-16 12:38:18,2027.85,3,84963,89315,2035.25,89294,-0.74
2021-06-16 12:38:21,2027.85,3,84953,89274,2035.25,89294,-0.74
2021-06-16 12:38:23,2027.85,3,84965,89240,2035.25,89294,-0.74
2021-06-16 12:38:25,2027.85,3,84965,89285,2035.25,89294,-0.74
2021-06-16 12:38:27,2027.85,3,84965,89261,2035.25,89294,-0.74
2021-06-16 12:38:30,2027.85,3,84965,89143,2035.25,89294,-0.74
2021-06-16 12:38:34,2027.85,3,84991,89135,2035.25,89294,-0.74
2021-06-16 12:38:39,2027.85,3,84991,89092,2035.25,89294,-0.74
2021-06-16 12:38:42,2027.85,3,84762,89035,2035.25,89294,-0.74
2021-06-16 12:38:45,2027.0,50,85202,89132,2035.25,89344,-0.78
2021-06-16 12:38:49,2027.0,50,85186,89191,2035.25,89344,-0.78
2021-06-16 12:38:52,2027.0,50,85186,89228,2035.25,89344,-0.78
2021-06-16 12:38:54,2027.0,300,85186,89228,2035.25,89344,-0.78
2021-06-16 12:38:56,2027.0,300,84996,88813,2035.22,89644,-0.78
2021-06-16 12:39:04,2026.3,1,84997,88737,2035.22,89644,-0.81
2021-06-16 12:39:06,2026.3,1,85073,88723,2035.22,89645,-0.81
2021-06-16 12:39:09,2026.3,1,85073,88747,2035.22,89645,-0.81
2021-06-16 12:39:10,2026.3,1,85198,88747,2035.22,89645,-0.81
2021-06-16 12:39:24,2026.3,1,85216,88958,2035.22,89645,-0.81
2021-06-16 12:39:24,2026.3,1,85226,88958,2035.22,89645,-0.81
2021-06-16 12:39:27,2026.3,1,85228,88984,2035.22,89645,-0.81
2021-06-16 12:39:30,2026.3,1,85228,89018,2035.22,89645,-0.81
2021-06-16 12:39:32,2026.3,1,85133,89067,2035.22,89645,-0.81
2021-06-16 12:39:36,2026.3,1,85389,89111,2035.22,89645,-0.81
2021-06-16 12:39:40,2026.3,1,85399,89111,2035.22,89645,-0.81
2021-06-16 12:39:44,2026.3,1,85403,89085,2035.22,89645,-0.81
2021-06-16 12:39:49,2026.3,1,85493,89013,2035.22,89645,-0.81
2021-06-16 12:39:51,2026.3,1,85493,89023,2035.22,89645,-0.81
2021-06-16 12:39:51,2027.5,22,85493,89023,2035.22,89645,-0.76
2021-06-16 12:39:53,2027.5,22,85550,88917,2035.22,89675,-0.76
2021-06-16 12:39:55,2027.5,22,85462,89040,2035.22,89675,-0.76
2021-06-16 12:39:58,2027.5,22,84690,89666,2035.22,89675,-0.76
2021-06-16 12:40:02,2027.5,22,85195,89676,2035.22,89675,-0.76
2021-06-16 12:40:06,2027.5,22,85320,89663,2035.22,89675,-0.76
2021-06-16 12:40:09,2027.5,22,85320,89719,2035.22,89675,-0.76
2021-06-16 12:40:10,2026.0,20,85320,89719,2035.22,89675,-0.83
2021-06-16 12:40:12,2026.0,20,84584,89508,2035.21,89779,-0.83
2021-06-16 12:40:15,2026.0,20,84606,89533,2035.21,89779,-0.83
2021-06-16 12:40:18,2026.0,20,84654,89601,2035.21,89779,-0.83
2021-06-16 12:40:21,2024.9,15,84654,89601,2035.21,89779,-0.88
2021-06-16 12:40:21,2025.45,18,84654,89601,2035.21,89779,-0.86
2021-06-16 12:40:22,2025.45,18,83119,90387,2035.15,90315,-0.86
2021-06-16 12:40:24,2024.5,25,83119,90387,2035.15,90315,-0.9
2021-06-16 12:40:25,2024.5,25,82637,90805,2035.13,90440,-0.9
2021-06-16 12:40:26,2024.1,2,82637,90805,2035.13,90440,-0.92
2021-06-16 12:40:27,2024.1,20,82637,90805,2035.13,90440,-0.92
2021-06-16 12:40:28,2024.1,10,82522,90889,2035.13,90492,-0.92
2021-06-16 12:40:29,2023.2,4,82522,90889,2035.13,90492,-0.97
2021-06-16 12:40:32,2023.4,23,80665,90575,2034.75,93472,-0.96
2021-06-16 12:40:34,2022.4,29,80665,90575,2034.75,93472,-1.01
2021-06-16 12:40:35,2022.4,29,80674,91024,2034.74,93534,-1.01
2021-06-16 12:40:36,2022.8,50,80674,91024,2034.74,93534,-0.99
2021-06-16 12:40:37,2022.25,94,80674,91024,2034.74,93534,-1.01
2021-06-16 12:40:38,2022.25,94,80945,91063,2034.72,93683,-1.01
2021-06-16 12:40:39,2023.05,83,80945,91063,2034.72,93683,-0.97
2021-06-16 12:40:40,2021.95,26,80945,91063,2034.72,93683,-1.03
2021-06-16 12:40:40,2021.95,26,80565,91089,2034.69,93892,-1.03
2021-06-16 12:40:43,2021.95,26,80540,91100,2034.69,93892,-1.03
2021-06-16 12:40:46,2021.95,26,80969,91422,2034.69,93892,-1.03
2021-06-16 12:40:48,2020.95,25,80969,91422,2034.69,93892,-1.08
2021-06-16 12:40:49,2020.15,2,79593,90968,2034.4,95912,-1.12
2021-06-16 12:40:50,2020.65,35,79593,90968,2034.4,95912,-1.09
2021-06-16 12:40:52,2020.65,35,80080,91700,2034.39,95947,-1.09
2021-06-16 12:40:53,2022.0,5,80080,91700,2034.39,95947,-1.03
2021-06-16 12:40:54,2021.05,1,80080,91700,2034.39,95947,-1.07
2021-06-16 12:40:55,2021.6,33,79360,90369,2034.38,96036,-1.05
2021-06-16 12:40:57,2020.35,40,79360,90369,2034.38,96036,-1.11
2021-06-16 12:40:58,2020.4,28,79506,90539,2034.37,96076,-1.1
2021-06-16 12:40:59,2021.55,7,79506,90539,2034.37,96076,-1.05
2021-06-16 12:41:01,2021.55,7,80220,90472,2034.37,96111,-1.05
2021-06-16 12:41:04,2021.55,7,80220,90659,2034.37,96111,-1.05
2021-06-16 12:41:04,2020.35,32,80220,90659,2034.37,96111,-1.11
2021-06-16 12:41:05,2020.35,1,80220,90659,2034.37,96111,-1.11
2021-06-16 12:41:06,2020.0,6,80220,90659,2034.37,96111,-1.12
2021-06-16 12:41:07,2020.3,50,80220,90659,2034.37,96111,-1.11
2021-06-16 12:41:09,2020.3,50,80201,90614,2034.31,96534,-1.11
2021-06-16 12:41:12,2020.3,50,79634,90626,2034.31,96534,-1.11
2021-06-16 12:41:15,2021.3,1,79881,90502,2034.3,96578,-1.06
2021-06-16 12:41:17,2020.5,7,79881,90502,2034.3,96578,-1.1
2021-06-16 12:41:19,2020.5,7,80063,90633,2034.3,96618,-1.1
2021-06-16 12:41:22,2021.25,10,80136,90713,2034.29,96628,-1.06
2021-06-16 12:41:25,2021.25,10,80136,90738,2034.29,96628,-1.06
2021-06-16 12:41:28,2021.25,10,80126,90776,2034.29,96628,-1.06
2021-06-16 12:41:30,2020.4,4,80126,90776,2034.29,96628,-1.1
2021-06-16 12:41:31,2020.4,4,80122,90776,2034.29,96632,-1.1
2021-06-16 12:41:34,2021.8,23,80135,90644,2034.27,96772,-1.04
2021-06-16 12:41:37,2021.8,23,80276,90609,2034.27,96772,-1.04
2021-06-16 12:41:37,2022.25,4,80276,90609,2034.27,96772,-1.01
2021-06-16 12:41:40,2020.3,5,80209,90797,2034.26,96908,-1.11
2021-06-16 12:41:41,2021.5,6,80209,90797,2034.26,96908,-1.05
2021-06-16 12:41:43,2021.5,6,80484,90717,2034.26,96923,-1.05
2021-06-16 12:41:45,2021.5,6,80460,90716,2034.26,96923,-1.05
2021-06-16 12:41:46,2021.65,17,80460,90716,2034.26,96923,-1.04
2021-06-16 12:41:48,2021.65,17,80555,90667,2034.25,96993,-1.04
2021-06-16 12:41:49,2020.5,5,80555,90667,2034.25,96993,-1.1
2021-06-16 12:41:51,2020.5,5,80566,90713,2034.25,96998,-1.1
2021-06-16 12:41:54,2020.5,5,81075,90637,2034.25,96998,-1.1
2021-06-16 12:41:57,2020.5,5,81189,90789,2034.25,96998,-1.1
2021-06-16 12:41:59,2020.5,5,80668,91016,2034.25,96998,-1.1
2021-06-16 12:42:02,2020.5,5,79990,91120,2034.25,96998,-1.1
2021-06-16 12:42:07,2020.5,5,80652,91143,2034.25,96998,-1.1
2021-06-16 12:42:08,2021.5,20,80652,91143,2034.25,96998,-1.05
2021-06-16 12:42:10,2021.5,20,81145,91144,2034.24,97018,-1.05
2021-06-16 12:42:12,2021.5,80,81145,91144,2034.24,97018,-1.05
2021-06-16 12:42:12,2021.5,80,81480,90077,2034.23,97098,-1.05
2021-06-16 12:42:15,2021.5,80,81491,90571,2034.23,97098,-1.05
2021-06-16 12:42:18,2021.5,80,81491,90583,2034.23,97098,-1.05
2021-06-16 12:42:20,2022.25,1,81491,90583,2034.23,97098,-1.01
2021-06-16 12:42:21,2022.25,1,81471,90650,2034.23,97099,-1.01
2021-06-16 12:42:23,2022.25,1,81418,90652,2034.23,97099,-1.01
2021-06-16 12:42:25,2022.25,15,81418,90652,2034.23,97099,-1.01
2021-06-16 12:42:25,2022.25,15,81428,90637,2034.23,97114,-1.01
2021-06-16 12:42:28,2022.25,15,80950,90616,2034.23,97114,-1.01
2021-06-16 12:42:29,2021.25,2,80950,90616,2034.23,97114,-1.06
2021-06-16 12:42:30,2022.5,9,80773,90590,2034.22,97216,-1.0
2021-06-16 12:42:33,2022.5,9,80788,90515,2034.22,97216,-1.0
2021-06-16 12:42:35,2022.5,9,80807,90515,2034.22,97216,-1.0
2021-06-16 12:42:36,2022.5,2,80807,90515,2034.22,97216,-1.0
2021-06-16 12:42:37,2022.5,2,80807,90523,2034.22,97218,-1.0
2021-06-16 12:42:39,2022.45,1,80807,90523,2034.22,97218,-1.0
2021-06-16 12:42:40,2022.45,1,80835,90507,2034.22,97219,-1.0
2021-06-16 12:42:42,2022.45,1,80718,91120,2034.22,97219,-1.0
2021-06-16 12:42:44,2022.45,1,80788,91078,2034.22,97219,-1.0
2021-06-16 12:42:46,2022.45,1,80788,91286,2034.22,97219,-1.0
2021-06-16 12:42:48,2022.45,1,80788,91372,2034.22,97219,-1.0
2021-06-16 12:42:50,2022.45,1,80930,91262,2034.22,97219,-1.0
2021-06-16 12:42:52,2022.45,1,80929,91375,2034.22,97219,-1.0
2021-06-16 12:42:54,2022.45,1,80909,91385,2034.22,97219,-1.0
2021-06-16 12:42:55,2022.4,75,80909,91385,2034.22,97219,-1.01
2021-06-16 12:42:56,2022.4,75,80929,91355,2034.21,97294,-1.01
2021-06-16 12:42:58,2022.4,75,80871,91355,2034.21,97294,-1.01
2021-06-16 12:43:00,2022.4,75,80862,91355,2034.21,97294,-1.01
2021-06-16 12:43:04,2022.4,75,80872,91355,2034.21,97294,-1.01
2021-06-16 12:43:09,2022.4,75,81136,91347,2034.21,97294,-1.01
2021-06-16 12:43:16,2022.4,75,81660,91312,2034.21,97294,-1.01
2021-06-16 12:43:18,2022.35,1,81660,91321,2034.21,97295,-1.01
2021-06-16 12:43:19,2022.85,13,81660,91321,2034.21,97295,-0.98
2021-06-16 12:43:20,2022.85,13,81684,91576,2034.2,97350,-0.98
2021-06-16 12:43:22,2022.85,13,81684,91566,2034.2,97350,-0.98
2021-06-16 12:43:27,2022.1,10,81684,91566,2034.2,97350,-1.02
2021-06-16 12:43:30,2022.1,10,82008,90667,2034.2,97400,-1.02
2021-06-16 12:43:32,2022.1,10,82026,90719,2034.2,97400,-1.02
2021-06-16 12:43:37,2022.1,10,81953,90685,2034.2,97400,-1.02
2021-06-16 12:43:39,2022.1,10,81953,90645,2034.2,97400,-1.02
2021-06-16 12:43:41,2022.1,10,81953,90845,2034.2,97400,-1.02
2021-06-16 12:43:43,2022.1,10,82001,90954,2034.2,97400,-1.02
2021-06-16 12:43:46,2022.1,10,82041,90964,2034.2,97400,-1.02
2021-06-16 12:43:47,2022.9,1,82041,90964,2034.2,97400,-0.98
2021-06-16 12:43:48,2022.9,1,82041,90997,2034.2,97401,-0.98
2021-06-16 12:43:51,2022.9,1,82015,90762,2034.2,97401,-0.98
2021-06-16 12:43:54,2022.9,1,82015,90763,2034.2,97401,-0.98
2021-06-16 12:43:55,2021.1,22,82015,90763,2034.2,97401,-1.07
2021-06-16 12:43:56,2021.1,22,82008,91057,2034.16,97651,-1.07
2021-06-16 12:43:58,2021.1,22,81303,91167,2034.16,97651,-1.07
2021-06-16 12:44:01,2021.1,22,81739,91303,2034.16,97651,-1.07
2021-06-16 12:44:03,2021.1,22,81741,91207,2034.16,97651,-1.07
2021-06-16 12:44:06,2021.1,22,81794,91215,2034.16,97651,-1.07
2021-06-16 12:44:07,2021.35,2,81794,91215,2034.16,97651,-1.06
2021-06-16 12:44:08,2021.35,2,81793,91192,2034.16,97653,-1.06
2021-06-16 12:44:10,2021.35,2,81813,91192,2034.16,97653,-1.06
2021-06-16 12:44:15,2021.35,2,81689,91192,2034.16,97653,-1.06
2021-06-16 12:44:18,2021.35,2,81775,91018,2034.16,97653,-1.06
2021-06-16 12:44:19,2021.35,2,81775,90983,2034.16,97653,-1.06
2021-06-16 12:44:22,2021.35,2,81633,91294,2034.16,97653,-1.06
2021-06-16 12:44:25,2021.35,2,81624,91343,2034.16,97653,-1.06
2021-06-16 12:44:29,2021.35,2,81634,91358,2034.16,97653,-1.06
2021-06-16 12:44:31,2022.15,7,81716,91218,2034.16,97665,-1.02
2021-06-16 12:44:34,2022.15,7,81691,91303,2034.16,97665,-1.02
2021-06-16 12:44:36,2022.15,7,81691,91322,2034.16,97665,-1.02
2021-06-16 12:44:38,2022.15,7,81714,91203,2034.16,97665,-1.02
2021-06-16 12:44:40,2022.15,7,81691,91325,2034.16,97665,-1.02
2021-06-16 12:44:42,2022.15,7,81911,91325,2034.16,97665,-1.02
2021-06-16 12:44:45,2022.2,1,81829,91459,2034.16,97665,-1.02
2021-06-16 12:44:46,2022.2,1,81850,91458,2034.16,97666,-1.02
2021-06-16 12:44:49,2022.2,1,81863,91315,2034.16,97666,-1.02
2021-06-16 12:44:51,2022.2,1,81863,91336,2034.16,97666,-1.02
2021-06-16 12:44:53,2022.2,1,83032,91691,2034.16,97666,-1.02
2021-06-16 12:44:55,2022.2,1,83046,91712,2034.16,97666,-1.02
2021-06-16 12:44:58,2022.2,1,83146,91712,2034.16,97666,-1.02
2021-06-16 12:45:00,2022.2,1,83146,91655,2034.16,97666,-1.02
2021-06-16 12:45:02,2022.05,1,83146,91655,2034.16,97666,-1.02
2021-06-16 12:45:03,2022.65,15,83186,91146,2034.16,97682,-0.99
2021-06-16 12:45:04,2022.65,15,83121,91146,2034.16,97682,-0.99
2021-06-16 12:45:07,2022.65,15,83097,91115,2034.16,97682,-0.99
2021-06-16 12:45:09,2022.65,15,83121,91130,2034.16,97682,-0.99
2021-06-16 12:45:10,2022.65,10,83121,91130,2034.16,97682,-0.99
2021-06-16 12:45:11,2022.65,10,83121,91120,2034.16,97692,-0.99
2021-06-16 12:45:15,2022.65,10,83143,90891,2034.16,97692,-0.99
2021-06-16 12:45:18,2022.65,10,83106,90955,2034.16,97692,-0.99
2021-06-16 12:45:21,2022.65,10,83130,90954,2034.16,97692,-0.99
2021-06-16 12:45:22,2022.65,1,83130,90954,2034.16,97692,-0.99
2021-06-16 12:45:23,2022.65,1,83103,91025,2034.16,97693,-0.99
2021-06-16 12:45:25,2022.65,2,83103,91025,2034.16,97693,-0.99
2021-06-16 12:45:27,2022.65,2,83129,91061,2034.16,97695,-0.99
2021-06-16 12:45:30,2022.0,239,83129,91061,2034.16,97695,-1.03
2021-06-16 12:45:32,2022.0,239,81608,91301,2034.02,98857,-1.03
2021-06-16 12:45:35,2022.0,239,81679,92080,2034.02,98857,-1.03
2021-06-16 12:45:37,2022.0,239,81663,91534,2034.02,98857,-1.03
2021-06-16 12:45:39,2022.0,239,81663,91592,2034.02,98857,-1.03
2021-06-16 12:45:40,2021.8,11,81663,91592,2034.02,98857,-1.04
2021-06-16 12:45:41,2021.8,11,81678,91542,2034.01,98872,-1.04
2021-06-16 12:45:46,2021.0,90,81678,91542,2034.01,98872,-1.07
2021-06-16 12:45:46,2021.0,90,81831,91442,2034.0,98972,-1.07
2021-06-16 12:45:50,2021.0,90,81942,90971,2034.0,98972,-1.07
2021-06-16 12:45:52,2021.0,90,81931,91729,2034.0,98972,-1.07
2021-06-16 12:45:54,2021.8,1,81931,91729,2034.0,98972,-1.04
2021-06-16 12:45:55,2021.8,1,81931,91768,2034.0,98973,-1.04
2021-06-16 12:45:57,2021.8,1,81931,91748,2034.0,98973,-1.04
2021-06-16 12:46:00,2021.8,1,81891,91767,2034.0,98973,-1.04
2021-06-16 12:46:01,2021.0,1,81891,91767,2034.0,98973,-1.07
2021-06-16 12:46:03,2021.0,1,81810,91885,2034.0,98984,-1.07
2021-06-16 12:46:11,2021.0,1,81846,91885,2034.0,98984,-1.07
2021-06-16 12:46:12,2021.0,4,81846,91885,2034.0,98984,-1.07
2021-06-16 12:46:13,2021.0,2,81846,91885,2034.0,98984,-1.07
2021-06-16 12:46:13,2021.0,100,81910,91756,2033.98,99102,-1.07
2021-06-16 12:46:16,2021.0,2,81910,91756,2033.98,99102,-1.07
2021-06-16 12:46:17,2021.0,2,81767,91720,2033.98,99110,-1.07
2021-06-16 12:46:19,2021.0,2,81926,91660,2033.98,99114,-1.07
2021-06-16 12:46:20,2022.4,2,81926,91660,2033.98,99114,-1.01
2021-06-16 12:46:25,2022.4,2,81892,91857,2033.98,99123,-1.01
2021-06-16 12:46:30,2020.75,20,81892,91857,2033.98,99123,-1.09
2021-06-16 12:46:32,2020.75,20,82378,91691,2033.98,99148,-1.09
2021-06-16 12:46:35,2020.75,20,82372,91563,2033.98,99148,-1.09
2021-06-16 12:46:38,2020.75,20,82362,91599,2033.98,99148,-1.09
2021-06-16 12:46:40,2020.75,20,82438,91563,2033.98,99148,-1.09
2021-06-16 12:46:43,2020.75,20,82452,91566,2033.98,99148,-1.09
2021-06-16 12:46:45,2020.75,20,82395,91483,2033.98,99148,-1.09
2021-06-16 12:46:48,2020.75,20,82367,91582,2033.98,99148,-1.09
2021-06-16 12:46:49,2021.25,43,82367,91582,2033.98,99148,-1.06
2021-06-16 12:46:51,2021.25,43,82309,91682,2033.97,99198,-1.06
2021-06-16 12:46:53,2021.25,43,82228,91907,2033.97,99198,-1.06
2021-06-16 12:46:55,2021.25,43,82210,91907,2033.97,99198,-1.06
2021-06-16 12:46:58,2021.25,43,82223,91884,2033.97,99198,-1.06
2021-06-16 12:47:03,2021.25,43,82273,91599,2033.97,99198,-1.06
2021-06-16 12:47:05,2021.25,43,82787,91345,2033.97,99198,-1.06
2021-06-16 12:47:06,2022.1,7,82787,91345,2033.97,99198,-1.02
2021-06-16 12:47:07,2022.1,7,82755,91529,2033.97,99205,-1.02
2021-06-16 12:47:09,2022.2,2,82755,91529,2033.97,99205,-1.02
2021-06-16 12:47:10,2022.2,2,83269,91048,2033.97,99208,-1.02
2021-06-16 12:47:12,2022.2,2,83259,91074,2033.97,99208,-1.02
2021-06-16 12:47:15,2022.2,2,83304,91074,2033.97,99208,-1.02
2021-06-16 12:47:16,2022.5,1,83304,91074,2033.97,99208,-1.0
2021-06-16 12:47:16,2022.5,1,83005,91573,2033.97,99209,-1.0
2021-06-16 12:47:19,2022.5,1,83070,91070,2033.97,99209,-1.0
2021-06-16 12:47:19,2022.5,2,83070,91070,2033.97,99209,-1.0
2021-06-16 12:47:21,2022.5,2,83046,91079,2033.97,99211,-1.0
2021-06-16 12:47:24,2022.5,2,82997,91115,2033.97,99211,-1.0
2021-06-16 12:47:27,2022.5,2,83043,91115,2033.97,99211,-1.0
2021-06-16 12:47:28,2022.5,15,83043,91115,2033.97,99211,-1.0
2021-06-16 12:47:30,2022.5,15,83028,91600,2033.97,99226,-1.0
2021-06-16 12:47:31,2022.5,15,83016,91097,2033.97,99226,-1.0
2021-06-16 12:47:34,2022.5,15,83016,91075,2033.97,99226,-1.0
2021-06-16 12:47:36,2022.5,15,83016,91094,2033.97,99226,-1.0
2021-06-16 12:47:37,2022.65,72,83016,91094,2033.97,99226,-0.99
2021-06-16 12:47:39,2022.05,2,83016,91094,2033.97,99226,-1.02
2021-06-16 12:47:39,2022.05,2,82882,90862,2033.95,99366,-1.02
2021-06-16 12:47:44,2022.95,2,82882,90862,2033.95,99366,-0.98
2021-06-16 12:47:46,2022.95,2,82926,90870,2033.95,99368,-0.98
2021-06-16 12:47:46,2021.8,19,82926,90870,2033.95,99368,-1.04
2021-06-16 12:47:48,2021.8,19,82926,91160,2033.95,99387,-1.04
2021-06-16 12:47:50,2021.8,19,82957,91160,2033.95,99387,-1.04
2021-06-16 12:47:52,2021.8,19,83408,90615,2033.95,99387,-1.04
2021-06-16 12:47:55,2021.8,19,82987,90713,2033.95,99387,-1.04
2021-06-16 12:47:57,2021.8,19,83001,90625,2033.95,99387,-1.04
2021-06-16 12:47:59,2021.8,19,83138,90706,2033.95,99387,-1.04
2021-06-16 12:48:01,2022.85,50,83138,90706,2033.95,99387,-0.98
2021-06-16 12:48:01,2022.8,7,82951,90544,2033.94,99444,-0.99
2021-06-16 12:48:04,2022.8,7,82811,91098,2033.94,99444,-0.99
2021-06-16 12:48:08,2022.8,7,82831,90676,2033.94,99444,-0.99
2021-06-16 12:48:10,2023.0,100,83429,90464,2033.93,99544,-0.98
2021-06-16 12:48:13,2023.0,100,83196,90761,2033.93,99544,-0.98
2021-06-16 12:48:15,2023.0,100,83171,90761,2033.93,99544,-0.98
2021-06-16 12:48:15,2022.3,6,83171,90761,2033.93,99544,-1.01
2021-06-16 12:48:17,2022.3,6,83174,90603,2033.93,99554,-1.01
2021-06-16 12:48:19,2022.3,6,83190,90506,2033.93,99554,-1.01
2021-06-16 12:48:21,2022.3,6,83167,90519,2033.93,99554,-1.01
2021-06-16 12:48:24,2022.3,6,83190,90519,2033.93,99554,-1.01
2021-06-16 12:48:24,2021.6,10,83190,90519,2033.93,99554,-1.05
2021-06-16 12:48:25,2021.6,10,82797,91003,2033.93,99564,-1.05
2021-06-16 12:48:26,2023.15,15,82797,91003,2033.93,99564,-0.97
2021-06-16 12:48:28,2023.15,15,82709,91048,2033.93,99579,-0.97
2021-06-16 12:48:30,2023.15,15,82606,91037,2033.93,99579,-0.97
2021-06-16 12:48:33,2023.15,15,82565,91009,2033.93,99579,-0.97
2021-06-16 12:48:37,2023.15,15,82649,91144,2033.93,99579,-0.97
2021-06-16 12:48:40,2023.15,15,82828,90797,2033.93,99579,-0.97
2021-06-16 12:48:42,2023.15,15,82840,90797,2033.93,99579,-0.97
2021-06-16 12:48:43,2022.8,1,82840,90797,2033.93,99579,-0.99
2021-06-16 12:48:44,2023.1,1,83183,90366,2033.93,99595,-0.97
2021-06-16 12:48:46,2023.1,1,83117,90616,2033.93,99595,-0.97
2021-06-16 12:48:48,2023.1,1,83117,90615,2033.93,99595,-0.97
2021-06-16 12:48:50,2023.1,1,83278,90432,2033.93,99595,-0.97
2021-06-16 12:48:55,2023.1,1,83326,90447,2033.93,99595,-0.97
2021-06-16 12:48:57,2023.1,1,83339,90447,2033.93,99595,-0.97
2021-06-16 12:48:59,2023.1,1,83308,90595,2033.93,99595,-0.97
2021-06-16 12:49:00,2023.55,20,83308,90595,2033.93,99595,-0.95
2021-06-16 12:49:01,2023.55,20,83308,90575,2033.92,99615,-0.95
2021-06-16 12:49:09,2023.55,20,83284,90675,2033.92,99615,-0.95
2021-06-16 12:49:13,2023.55,20,83306,90467,2033.92,99615,-0.95
2021-06-16 12:49:13,2023.45,100,83306,90467,2033.92,99615,-0.95
2021-06-16 12:49:15,2023.45,100,83445,90211,2033.91,99715,-0.95
2021-06-16 12:49:17,2023.45,100,83455,90295,2033.91,99715,-0.95
2021-06-16 12:49:19,2023.7,15,83455,90295,2033.91,99715,-0.94
2021-06-16 12:49:19,2023.7,15,83421,90316,2033.91,99730,-0.94
2021-06-16 12:49:21,2022.5,4,83421,90316,2033.91,99730,-1.0
2021-06-16 12:49:22,2022.5,4,83236,90077,2033.91,99734,-1.0
2021-06-16 12:49:24,2022.5,4,83393,90113,2033.91,99734,-1.0
2021-06-16 12:49:25,2023.6,30,83393,90113,2033.91,99734,-0.95
2021-06-16 12:49:26,2023.6,30,83433,90081,2033.91,99764,-0.95
2021-06-16 12:49:28,2023.6,30,82421,90392,2033.91,99764,-0.95
2021-06-16 12:49:30,2023.6,30,82635,90921,2033.91,99764,-0.95
2021-06-16 12:49:33,2023.6,30,82433,90924,2033.91,99764,-0.95
2021-06-16 12:49:36,2023.6,30,82367,90964,2033.91,99764,-0.95
2021-06-16 12:49:39,2023.6,30,82416,90650,2033.91,99764,-0.95
2021-06-16 12:49:41,2023.6,30,82636,90539,2033.91,99764,-0.95
2021-06-16 12:49:43,2023.6,30,82605,90596,2033.91,99764,-0.95
2021-06-16 12:49:48,2023.6,30,82605,90593,2033.91,99764,-0.95
2021-06-16 12:49:50,2021.85,5,82552,90625,2033.91,99774,-1.03
2021-06-16 12:49:52,2023.15,4,81958,90738,2033.91,99774,-0.97
2021-06-16 12:49:54,2023.15,4,82168,90963,2033.9,99794,-0.97
2021-06-16 12:49:55,2023.15,4,82168,90962,2033.9,99794,-0.97
2021-06-16 12:49:57,2023.15,4,82085,90336,2033.9,99794,-0.97
2021-06-16 12:50:00,2023.15,4,82963,90284,2033.9,99794,-0.97
2021-06-16 12:50:02,2023.15,4,82961,90285,2033.9,99794,-0.97
2021-06-16 12:50:04,2023.5,30,82973,90270,2033.9,99844,-0.95
2021-06-16 12:50:06,2023.5,30,82805,89965,2033.9,99844,-0.95
2021-06-16 12:50:07,2022.75,1,82805,89965,2033.9,99844,-0.99
2021-06-16 12:50:09,2022.75,1,82742,89992,2033.9,99853,-0.99
2021-06-16 12:50:10,2022.85,2,82742,89992,2033.9,99853,-0.98
2021-06-16 12:50:13,2022.85,2,83094,89945,2033.9,99865,-0.98
2021-06-16 12:50:15,2022.85,2,83125,89999,2033.9,99865,-0.98
2021-06-16 12:50:17,2022.85,2,83086,89999,2033.9,99865,-0.98
2021-06-16 12:50:18,2024.2,25,83086,89999,2033.9,99865,-0.92
2021-06-16 12:50:19,2023.0,1,83152,90101,2033.89,99925,-0.98
2021-06-16 12:50:21,2023.55,49,83152,90101,2033.89,99925,-0.95
2021-06-16 12:50:21,2023.55,49,82853,90360,2033.89,99975,-0.95
2021-06-16 12:50:24,2023.55,49,83134,90073,2033.89,99975,-0.95
2021-06-16 12:50:26,2023.55,49,83141,89995,2033.89,99975,-0.95
2021-06-16 12:50:28,2023.8,10,83170,89985,2033.88,99985,-0.94
2021-06-16 12:50:31,2023.8,10,83175,89949,2033.88,99985,-0.94
2021-06-16 12:50:36,2023.8,10,83164,89949,2033.88,99985,-0.94
2021-06-16 12:50:37,2023.0,39,83164,89949,2033.88,99985,-0.98
2021-06-16 12:50:38,2023.0,39,83083,89906,2033.88,100024,-0.98
2021-06-16 12:50:40,2023.0,39,83125,89842,2033.88,100024,-0.98
2021-06-16 12:50:42,2023.0,39,83138,89805,2033.88,100024,-0.98
2021-06-16 12:50:44,2023.0,39,83138,89830,2033.88,100024,-0.98
2021-06-16 12:50:48,2023.0,39,83049,89740,2033.88,100024,-0.98
2021-06-16 12:50:52,2023.0,39,83066,89818,2033.88,100024,-0.98
2021-06-16 12:50:54,2023.0,39,83066,89838,2033.88,100024,-0.98
2021-06-16 12:50:57,2023.0,39,83068,89838,2033.88,100024,-0.98
2021-06-16 12:50:59,2023.0,39,83079,89693,2033.88,100024,-0.98
2021-06-16 12:51:00,2024.0,1,83079,89693,2033.88,100024,-0.93
2021-06-16 12:51:01,2024.0,1,83079,89692,2033.88,100025,-0.93
2021-06-16 12:51:03,2024.2,1,83025,89840,2033.88,100025,-0.92
2021-06-16 12:51:06,2024.2,1,83209,89873,2033.87,100136,-0.92
2021-06-16 12:51:11,2024.2,1,83220,89684,2033.87,100136,-0.92
2021-06-16 12:51:13,2024.2,1,83246,89684,2033.87,100136,-0.92
2021-06-16 12:51:15,2023.0,2,83087,90135,2033.87,100136,-0.98
2021-06-16 12:51:18,2023.0,2,83071,90117,2033.87,100174,-0.98
2021-06-16 12:51:24,2023.0,2,83294,89938,2033.87,100174,-0.98
2021-06-16 12:51:27,2023.9,5,83304,89877,2033.86,100179,-0.93
2021-06-16 12:51:29,2023.9,1,83304,89877,2033.86,100179,-0.93
2021-06-16 12:51:30,2023.9,1,83294,89848,2033.86,100180,-0.93
2021-06-16 12:51:32,2023.9,1,83307,89883,2033.86,100180,-0.93
2021-06-16 12:51:34,2023.9,1,83282,89893,2033.86,100180,-0.93
2021-06-16 12:51:36,2023.9,2,83282,89893,2033.86,100180,-0.93
2021-06-16 12:51:37,2023.9,2,83307,89881,2033.86,100182,-0.93
2021-06-16 12:51:39,2023.9,2,83266,89921,2033.86,100182,-0.93
2021-06-16 12:51:41,2023.9,2,83276,90121,2033.86,100182,-0.93
2021-06-16 12:51:45,2023.9,2,83276,90136,2033.86,100182,-0.93
2021-06-16 12:51:48,2023.0,200,83276,90136,2033.86,100182,-0.98
2021-06-16 12:51:49,2023.0,200,82718,91072,2033.82,100582,-0.98
2021-06-16 12:51:51,2023.0,200,82718,91082,2033.82,100582,-0.98
2021-06-16 12:51:53,2023.0,200,82718,91096,2033.82,100582,-0.98
2021-06-16 12:51:55,2023.0,200,82718,91032,2033.82,100582,-0.98
2021-06-16 12:51:57,2023.0,200,82721,91032,2033.82,100582,-0.98
2021-06-16 12:51:59,2023.0,200,81942,90844,2033.82,100582,-0.98
2021-06-16 12:52:01,2023.0,200,82463,90773,2033.82,100582,-0.98
2021-06-16 12:52:04,2023.0,200,82596,90542,2033.82,100582,-0.98
2021-06-16 12:52:07,2023.65,8,82778,90534,2033.82,100590,-0.94
2021-06-16 12:52:12,2022.2,1,82642,90603,2033.82,100600,-1.02
2021-06-16 12:52:13,2022.2,1,82688,90662,2033.82,100600,-1.02
2021-06-16 12:52:15,2022.2,1,82628,90672,2033.82,100600,-1.02
2021-06-16 12:52:16,2022.2,1,82861,90319,2033.82,100600,-1.02
2021-06-16 12:52:18,2022.2,1,82258,90485,2033.82,100600,-1.02
2021-06-16 12:52:20,2022.2,1,82665,90562,2033.82,100600,-1.02
2021-06-16 12:52:22,2022.2,1,82665,90773,2033.82,100600,-1.02
2021-06-16 12:52:23,2022.25,10,82665,90773,2033.82,100600,-1.01
2021-06-16 12:52:24,2022.25,10,82699,90773,2033.82,100610,-1.01
2021-06-16 12:52:25,2022.25,10,81842,90785,2033.82,100610,-1.01
2021-06-16 12:52:30,2022.25,10,82497,90749,2033.82,100610,-1.01
2021-06-16 12:52:31,2022.25,10,82543,90749,2033.82,100610,-1.01
2021-06-16 12:52:33,2022.25,10,82643,90749,2033.82,100610,-1.01
2021-06-16 12:52:37,2022.25,10,82620,90673,2033.82,100610,-1.01
2021-06-16 12:52:39,2022.25,10,82620,90633,2033.82,100610,-1.01
2021-06-16 12:52:40,2022.25,10,82453,90681,2033.82,100610,-1.01
2021-06-16 12:52:42,2022.25,10,82520,90681,2033.82,100610,-1.01
2021-06-16 12:52:45,2022.25,10,82674,90698,2033.82,100610,-1.01
2021-06-16 12:52:46,2022.25,10,82684,90697,2033.82,100610,-1.01
2021-06-16 12:52:47,2022.3,7,82684,90697,2033.82,100610,-1.01
2021-06-16 12:52:49,2022.3,7,82682,90697,2033.82,100617,-1.01
2021-06-16 12:52:49,2023.15,2,82682,90697,2033.82,100617,-0.97
2021-06-16 12:52:51,2023.15,2,82580,90661,2033.82,100619,-0.97
2021-06-16 12:52:52,2023.15,2,82593,90661,2033.82,100619,-0.97
2021-06-16 12:52:56,2023.15,2,82625,90616,2033.82,100619,-0.97
2021-06-16 12:53:00,2023.15,2,82464,90082,2033.82,100619,-0.97
2021-06-16 12:53:01,2023.15,2,82983,90582,2033.82,100621,-0.97
2021-06-16 12:53:02,2023.15,6,82983,90582,2033.82,100621,-0.97
2021-06-16 12:53:03,2023.15,6,82983,90581,2033.82,100627,-0.97
2021-06-16 12:53:09,2023.15,6,83019,90055,2033.82,100627,-0.97
2021-06-16 12:53:13,2023.15,6,83033,90035,2033.82,100627,-0.97
2021-06-16 12:53:16,2023.15,2,83033,90035,2033.82,100627,-0.97
2021-06-16 12:53:17,2023.15,2,83173,90375,2033.82,100629,-0.97
2021-06-16 12:53:19,2023.15,2,84023,90180,2033.82,100629,-0.97
2021-06-16 12:53:21,2023.15,2,84101,89428,2033.82,100629,-0.97
2021-06-16 12:53:25,2023.15,2,84066,89428,2033.82,100629,-0.97
2021-06-16 12:53:27,2023.15,2,84010,89428,2033.82,100629,-0.97
2021-06-16 12:53:30,2023.15,2,83932,89429,2033.82,100629,-0.97
2021-06-16 12:53:33,2023.9,8,83932,89429,2033.82,100629,-0.93
2021-06-16 12:53:36,2023.9,8,83954,89421,2033.82,100637,-0.93
2021-06-16 12:53:38,2024.6,29,83954,89421,2033.82,100637,-0.9
2021-06-16 12:53:39,2024.6,29,84130,90116,2033.81,100737,-0.9
2021-06-16 12:53:40,2023.4,35,84130,90116,2033.81,100737,-0.96
2021-06-16 12:53:41,2023.4,35,84033,90152,2033.8,100772,-0.96
2021-06-16 12:53:46,2023.4,35,84026,90252,2033.8,100772,-0.96
2021-06-16 12:53:49,2023.4,35,83996,90156,2033.8,100772,-0.96
2021-06-16 12:53:51,2023.4,35,84003,90031,2033.8,100772,-0.96
2021-06-16 12:53:54,2023.4,35,84039,90031,2033.8,100772,-0.96
2021-06-16 12:53:55,2023.4,35,84013,90135,2033.8,100772,-0.96
2021-06-16 12:53:57,2024.8,5,84013,90130,2033.8,100777,-0.89
2021-06-16 12:54:00,2024.8,5,83993,90012,2033.8,100777,-0.89
2021-06-16 12:54:07,2024.8,5,83893,90012,2033.8,100777,-0.89
2021-06-16 12:54:09,2024.8,5,83842,90265,2033.8,100777,-0.89
2021-06-16 12:54:11,2024.8,5,84129,88613,2033.8,100777,-0.89
2021-06-16 12:54:12,2024.8,5,84064,88881,2033.8,100777,-0.89
2021-06-16 12:54:16,2024.8,5,84054,88881,2033.8,100777,-0.89
2021-06-16 12:54:18,2025.0,15,84054,88901,2033.8,100777,-0.88
2021-06-16 12:54:19,2025.0,7,83998,88841,2033.8,100804,-0.88
2021-06-16 12:54:21,2025.0,3,83998,88841,2033.8,100804,-0.88
2021-06-16 12:54:21,2025.0,3,84028,88835,2033.8,100811,-0.88
2021-06-16 12:54:22,2025.0,7,84028,88835,2033.8,100811,-0.88
2021-06-16 12:54:22,2025.0,7,84019,88821,2033.8,100825,-0.88
2021-06-16 12:54:24,2025.45,3,84019,88821,2033.8,100825,-0.86
2021-06-16 12:54:24,2025.45,3,84025,89178,2033.8,100832,-0.86
2021-06-16 12:54:25,2025.5,7,84025,89178,2033.8,100832,-0.85
2021-06-16 12:54:25,2025.5,7,84261,89440,2033.8,100846,-0.85
2021-06-16 12:54:27,2025.5,7,84237,90444,2033.8,100846,-0.85
2021-06-16 12:54:28,2025.4,7,84237,90444,2033.8,100846,-0.86
2021-06-16 12:54:28,2025.4,10,84177,90427,2033.8,100863,-0.86
2021-06-16 12:54:30,2025.4,10,84177,90438,2033.8,100863,-0.86
2021-06-16 12:54:32,2025.4,10,84177,90441,2033.8,100863,-0.86
2021-06-16 12:54:35,2025.4,10,84185,90441,2033.8,100863,-0.86
2021-06-16 12:54:36,2025.4,10,84185,90401,2033.8,100863,-0.86
2021-06-16 12:54:37,2025.4,20,84185,90401,2033.8,100863,-0.86
2021-06-16 12:54:38,2025.4,20,84185,90388,2033.79,100883,-0.86
2021-06-16 12:54:39,2025.4,20,84210,90351,2033.79,100883,-0.86
2021-06-16 12:54:41,2025.4,20,84210,90392,2033.79,100883,-0.86
2021-06-16 12:54:43,2025.4,20,84210,90382,2033.79,100883,-0.86
2021-06-16 12:54:43,2023.8,11,84210,90382,2033.79,100883,-0.94
2021-06-16 12:54:46,2023.8,11,84343,89871,2033.79,100913,-0.94
2021-06-16 12:54:48,2023.8,11,84019,90286,2033.79,100913,-0.94
2021-06-16 12:54:57,2023.8,11,83991,90294,2033.79,100913,-0.94
2021-06-16 12:54:58,2023.8,11,84049,90168,2033.79,100913,-0.94
2021-06-16 12:55:03,2024.05,16,83807,90522,2033.79,100933,-0.93
2021-06-16 12:55:05,2024.05,16,83821,90522,2033.79,100933,-0.93
2021-06-16 12:55:09,2024.05,16,83821,90500,2033.79,100933,-0.93
2021-06-16 12:55:10,2024.05,16,83834,90416,2033.79,100933,-0.93
2021-06-16 12:55:13,2024.05,16,83824,90416,2033.79,100933,-0.93
2021-06-16 12:55:16,2024.05,16,83900,90387,2033.79,100933,-0.93
2021-06-16 12:55:18,2024.05,16,83904,90361,2033.79,100933,-0.93
2021-06-16 12:55:21,2024.05,16,83913,90313,2033.79,100933,-0.93
2021-06-16 12:55:23,2024.05,16,83913,90304,2033.79,100933,-0.93
2021-06-16 12:55:25,2024.05,16,84009,90425,2033.79,100933,-0.93
2021-06-16 12:55:27,2024.0,2,84009,90425,2033.79,100933,-0.93
2021-06-16 12:55:31,2024.0,2,83862,90345,2033.79,100935,-0.93
2021-06-16 12:55:33,2024.0,2,83862,90322,2033.79,100935,-0.93
2021-06-16 12:55:35,2024.0,2,83845,90454,2033.79,100935,-0.93
2021-06-16 12:55:39,2024.0,2,83849,90382,2033.79,100935,-0.93
2021-06-16 12:55:43,2024.0,2,83866,90404,2033.79,100935,-0.93
2021-06-16 12:55:47,2024.5,3,83866,90404,2033.79,100935,-0.9
2021-06-16 12:55:49,2024.5,3,83866,90405,2033.79,100938,-0.9
2021-06-16 12:55:51,2024.5,3,83829,90405,2033.79,100938,-0.9
2021-06-16 12:55:52,2024.5,3,83871,90404,2033.79,100938,-0.9
2021-06-16 12:55:55,2024.5,3,83871,90326,2033.79,100938,-0.9
2021-06-16 12:55:57,2024.5,3,83871,90369,2033.79,100938,-0.9
2021-06-16 12:55:59,2024.5,3,83871,90355,2033.79,100938,-0.9
2021-06-16 12:56:07,2024.5,3,83746,90355,2033.79,100938,-0.9
2021-06-16 12:56:10,2024.5,3,83684,90144,2033.79,100938,-0.9
2021-06-16 12:56:12,2024.5,3,83489,90144,2033.79,100938,-0.9
2021-06-16 12:56:13,2024.5,3,83721,90144,2033.79,100938,-0.9
2021-06-16 12:56:15,2024.5,3,83695,90144,2033.79,100938,-0.9
2021-06-16 12:56:17,2024.5,3,83726,90144,2033.79,100938,-0.9
2021-06-16 12:56:19,2024.5,3,83750,90144,2033.79,100938,-0.9
2021-06-16 12:56:24,2024.5,3,83782,90144,2033.79,100938,-0.9
2021-06-16 12:56:28,2024.5,3,83855,90153,2033.79,100938,-0.9
2021-06-16 12:56:30,2024.5,3,83453,90277,2033.79,100938,-0.9
2021-06-16 12:56:32,2024.5,3,83660,90276,2033.79,100938,-0.9
2021-06-16 12:56:33,2024.45,3,83660,90276,2033.79,100938,-0.91
2021-06-16 12:56:33,2024.45,3,83681,90481,2033.79,100941,-0.91
2021-06-16 12:56:35,2024.45,3,83681,90445,2033.79,100941,-0.91
2021-06-16 12:56:37,2024.45,3,83740,90444,2033.79,100941,-0.91
2021-06-16 12:56:38,2024.45,3,83747,90403,2033.79,100941,-0.91
2021-06-16 12:56:42,2024.45,3,83825,90263,2033.79,100941,-0.91
2021-06-16 12:56:46,2024.45,3,83826,90263,2033.79,100941,-0.91
2021-06-16 12:56:50,2024.45,3,83804,90263,2033.79,100941,-0.91
2021-06-16 12:56:52,2024.45,3,83827,90263,2033.79,100941,-0.91
2021-06-16 12:56:52,2024.0,1,83827,90263,2033.79,100941,-0.93
2021-06-16 12:56:54,2024.0,1,83896,90223,2033.79,100942,-0.93
2021-06-16 12:56:55,2024.0,1,83896,90221,2033.79,100942,-0.93
2021-06-16 12:57:03,2024.0,1,83875,90286,2033.79,100942,-0.93
2021-06-16 12:57:07,2024.0,1,83875,90311,2033.79,100942,-0.93
2021-06-16 12:57:08,2024.0,1,83790,90311,2033.79,100942,-0.93
2021-06-16 12:57:15,2024.0,1,84032,90311,2033.79,100942,-0.93
2021-06-16 12:57:18,2024.0,1,83930,90247,2033.79,100942,-0.93
2021-06-16 12:57:18,2024.5,5,83930,90247,2033.79,100942,-0.9
2021-06-16 12:57:28,2024.5,5,84109,90250,2033.79,100947,-0.9
2021-06-16 12:57:29,2024.5,5,83991,90233,2033.79,100947,-0.9
2021-06-16 12:57:32,2023.85,1,83991,90233,2033.79,100947,-0.93
2021-06-16 12:57:33,2023.85,1,84014,90233,2033.79,100959,-0.93
2021-06-16 12:57:34,2023.85,1,84019,90233,2033.79,100959,-0.93
2021-06-16 12:57:36,2023.85,1,84452,90166,2033.79,100959,-0.93
2021-06-16 12:57:38,2023.9,12,84498,90165,2033.79,100971,-0.93
2021-06-16 12:57:39,2024.5,3,84498,90165,2033.79,100971,-0.9
2021-06-16 12:57:40,2024.5,3,84479,90162,2033.79,100974,-0.9
2021-06-16 12:57:45,2024.5,3,84513,90162,2033.79,100974,-0.9
2021-06-16 12:57:47,2024.5,3,84488,90162,2033.79,100974,-0.9
2021-06-16 12:57:52,2024.5,3,84004,89791,2033.79,100974,-0.9
2021-06-16 12:57:55,2024.5,3,83911,90321,2033.79,100974,-0.9
2021-06-16 12:57:57,2023.95,1,83983,90324,2033.79,100974,-0.93
2021-06-16 12:57:58,2023.95,1,83984,90324,2033.79,100978,-0.93
2021-06-16 12:58:02,2023.95,1,84224,90303,2033.79,100978,-0.93
2021-06-16 12:58:06,2023.95,1,84178,90303,2033.79,100978,-0.93
2021-06-16 12:58:08,2023.95,1,84173,90303,2033.79,100978,-0.93
2021-06-16 12:58:10,2023.95,1,84136,90303,2033.79,100978,-0.93
2021-06-16 12:58:12,2023.95,1,84198,90278,2033.79,100978,-0.93
2021-06-16 12:58:20,2023.95,1,84069,90909,2033.79,100978,-0.93
2021-06-16 12:58:22,2023.95,1,84252,90604,2033.79,100978,-0.93
2021-06-16 12:58:24,2023.2,28,84252,90604,2033.79,100978,-0.97
2021-06-16 12:58:27,2023.2,14,84210,90602,2033.78,101020,-0.97
2021-06-16 12:58:28,2023.2,14,84196,90602,2033.78,101034,-0.97
2021-06-16 12:58:30,2023.2,14,83354,90849,2033.78,101034,-0.97
2021-06-16 12:58:32,2023.2,14,83376,90921,2033.78,101034,-0.97
2021-06-16 12:58:33,2023.15,10,83376,90921,2033.78,101034,-0.97
2021-06-16 12:58:34,2023.15,10,83408,90831,2033.78,101044,-0.97
2021-06-16 12:58:35,2023.15,10,83349,90939,2033.78,101044,-0.97
2021-06-16 12:58:37,2023.15,10,83366,90913,2033.78,101044,-0.97
2021-06-16 12:58:39,2023.15,10,83366,90909,2033.78,101044,-0.97
2021-06-16 12:58:40,2023.15,10,83368,90831,2033.78,101044,-0.97
2021-06-16 12:58:42,2023.15,10,83436,90762,2033.78,101044,-0.97
2021-06-16 12:58:44,2023.15,10,83445,90692,2033.78,101044,-0.97
2021-06-16 12:58:46,2023.15,10,83481,90722,2033.78,101044,-0.97
2021-06-16 12:58:48,2023.15,10,83506,90630,2033.78,101044,-0.97
2021-06-16 12:58:49,2023.15,10,83488,90662,2033.78,101044,-0.97
2021-06-16 12:58:51,2023.15,10,83471,90706,2033.78,101044,-0.97
2021-06-16 12:58:54,2023.15,10,83271,90747,2033.78,101044,-0.97
2021-06-16 12:58:57,2023.15,10,83336,90767,2033.78,101044,-0.97
2021-06-16 12:58:59,2023.15,10,83347,90666,2033.78,101044,-0.97
2021-06-16 12:59:00,2023.0,163,83347,90666,2033.78,101044,-0.98
2021-06-16 12:59:01,2023.0,22,83187,90648,2033.76,101260,-0.98
2021-06-16 12:59:04,2023.0,22,83266,90740,2033.75,101282,-0.98
2021-06-16 12:59:06,2023.0,22,83291,90716,2033.75,101282,-0.98
2021-06-16 12:59:07,2023.0,22,83263,90737,2033.75,101282,-0.98
2021-06-16 12:59:09,2023.0,22,83197,90574,2033.75,101282,-0.98
2021-06-16 12:59:10,2023.0,22,83331,90544,2033.75,101282,-0.98
2021-06-16 12:59:12,2023.0,22,83218,90588,2033.75,101282,-0.98
2021-06-16 12:59:13,2023.0,22,83115,90596,2033.75,101282,-0.98
2021-06-16 12:59:13,2023.0,22,83211,90592,2033.75,101282,-0.98
2021-06-16 12:59:15,2023.0,22,83132,90609,2033.75,101282,-0.98
2021-06-16 12:59:16,2023.0,22,83133,90879,2033.75,101282,-0.98
2021-06-16 12:59:17,2023.0,22,83141,90887,2033.75,101282,-0.98
2021-06-16 12:59:18,2023.0,22,83039,90604,2033.75,101282,-0.98
2021-06-16 12:59:19,2023.0,22,83019,90840,2033.75,101282,-0.98
2021-06-16 12:59:20,2023.0,22,83046,90802,2033.75,101282,-0.98
2021-06-16 12:59:21,2023.0,22,83073,90844,2033.75,101282,-0.98
2021-06-16 12:59:22,2023.0,22,83055,90845,2033.75,101282,-0.98
2021-06-16 12:59:24,2023.0,22,82333,90847,2033.75,101282,-0.98
2021-06-16 12:59:27,2023.0,22,82172,90915,2033.75,101282,-0.98
2021-06-16 12:59:29,2023.0,22,82151,90729,2033.75,101282,-0.98
2021-06-16 12:59:30,2023.0,22,82332,90705,2033.75,101282,-0.98
2021-06-16 12:59:32,2023.0,22,82317,90893,2033.75,101282,-0.98
2021-06-16 12:59:33,2023.0,22,82321,90893,2033.75,101282,-0.98
2021-06-16 12:59:34,2023.0,22,82368,90677,2033.75,101282,-0.98
2021-06-16 12:59:34,2023.0,22,82383,90677,2033.75,101282,-0.98
2021-06-16 12:59:35,2023.0,22,82583,90664,2033.75,101282,-0.98
2021-06-16 12:59:36,2023.0,22,82583,90686,2033.75,101282,-0.98
2021-06-16 12:59:37,2023.0,22,82583,90690,2033.75,101282,-0.98
2021-06-16 12:59:39,2023.0,22,82590,90688,2033.75,101282,-0.98
2021-06-16 12:59:40,2023.0,22,82591,90613,2033.75,101282,-0.98
2021-06-16 12:59:42,2023.0,22,83506,90504,2033.75,101282,-0.98
2021-06-16 12:59:43,2023.0,22,83576,90504,2033.75,101282,-0.98
2021-06-16 12:59:45,2023.0,22,83577,90504,2033.75,101282,-0.98
2021-06-16 12:59:45,2023.0,22,83889,90504,2033.75,101282,-0.98
2021-06-16 12:59:46,2023.0,22,83877,90504,2033.75,101282,-0.98
2021-06-16 12:59:48,2023.25,40,83887,90504,2033.75,101282,-0.96
2021-06-16 12:59:49,2023.25,40,83847,90504,2033.75,101322,-0.96
2021-06-16 12:59:51,2023.25,40,83847,90534,2033.75,101322,-0.96
2021-06-16 12:59:52,2023.25,40,83848,90534,2033.75,101322,-0.96
2021-06-16 12:59:52,2023.25,40,83848,89794,2033.75,101322,-0.96
2021-06-16 12:59:53,2023.25,3,83848,89794,2033.75,101322,-0.96
2021-06-16 12:59:54,2023.25,3,83015,90156,2033.74,101398,-0.96
2021-06-16 12:59:55,2023.25,3,83063,90024,2033.74,101398,-0.96
2021-06-16 12:59:55,2023.25,3,83063,90028,2033.74,101398,-0.96
2021-06-16 12:59:57,2023.25,3,83066,90028,2033.74,101398,-0.96
2021-06-16 12:59:58,2023.25,3,83066,89992,2033.74,101398,-0.96
2021-06-16 12:59:59,2023.25,3,83063,90001,2033.74,101398,-0.96
2021-06-16 13:00:00,2023.25,3,83082,89933,2033.74,101398,-0.96
2021-06-16 13:00:01,2023.25,3,83082,89924,2033.74,101398,-0.96
2021-06-16 13:00:02,2023.25,3,83047,89916,2033.74,101398,-0.96
2021-06-16 13:00:03,2023.25,3,83047,89958,2033.74,101398,-0.96
2021-06-16 13:00:04,2023.25,3,83047,89959,2033.74,101398,-0.96
2021-06-16 13:00:05,2023.25,3,83096,90048,2033.74,101398,-0.96
2021-06-16 13:00:06,2023.25,3,83107,90031,2033.74,101398,-0.96
2021-06-16 13:00:07,2023.25,3,83132,90020,2033.74,101398,-0.96
2021-06-16 13:00:09,2023.25,3,83132,90041,2033.74,101398,-0.96
2021-06-16 13:00:10,2023.25,3,83104,90032,2033.74,101398,-0.96
2021-06-16 13:00:10,2023.25,3,83073,89482,2033.74,101398,-0.96
2021-06-16 13:00:12,2023.25,3,83052,89487,2033.74,101398,-0.96
2021-06-16 13:00:15,2023.25,3,83081,90129,2033.74,101398,-0.96
2021-06-16 13:00:17,2023.25,3,83052,90441,2033.74,101398,-0.96
2021-06-16 13:00:18,2023.25,3,83052,89941,2033.74,101398,-0.96
2021-06-16 13:00:19,2023.25,3,83052,90450,2033.74,101398,-0.96
2021-06-16 13:00:19,2023.25,3,83055,90450,2033.74,101398,-0.96
2021-06-16 13:00:21,2023.25,3,83055,90441,2033.74,101398,-0.96
2021-06-16 13:00:22,2023.25,3,83055,89937,2033.74,101398,-0.96
2021-06-16 13:00:24,2023.25,3,83055,90446,2033.74,101398,-0.96
2021-06-16 13:00:25,2023.0,54,83055,90446,2033.74,101398,-0.98
2021-06-16 13:00:27,2023.0,54,82839,90462,2033.73,101498,-0.98
2021-06-16 13:00:27,2023.0,146,82839,90462,2033.73,101498,-0.98
2021-06-16 13:00:28,2023.0,146,82361,90577,2033.72,101644,-0.98
2021-06-16 13:00:30,2023.0,146,82411,90589,2033.72,101644,-0.98
2021-06-16 13:00:31,2023.0,146,82412,90589,2033.72,101644,-0.98
2021-06-16 13:00:33,2023.0,146,82389,90589,2033.72,101644,-0.98
2021-06-16 13:00:36,2023.0,146,82410,90589,2033.72,101644,-0.98
2021-06-16 13:00:38,2023.0,146,82382,90575,2033.72,101644,-0.98
2021-06-16 13:00:39,2023.0,146,82407,90575,2033.72,101644,-0.98
2021-06-16 13:00:40,2023.0,146,82494,90068,2033.72,101644,-0.98
2021-06-16 13:00:40,2023.0,146,82281,90093,2033.72,101644,-0.98
2021-06-16 13:00:42,2022.2,1,82270,90111,2033.72,101645,-1.02
2021-06-16 13:00:43,2022.2,1,82582,90111,2033.72,101645,-1.02
2021-06-16 13:00:44,2022.2,1,82582,90102,2033.72,101645,-1.02
2021-06-16 13:00:45,2022.2,1,82582,90071,2033.72,101645,-1.02
2021-06-16 13:00:46,2022.2,1,82607,90053,2033.72,101645,-1.02
2021-06-16 13:00:47,2022.2,1,82607,90061,2033.72,101645,-1.02
2021-06-16 13:00:48,2022.2,1,82607,90070,2033.72,101645,-1.02
2021-06-16 13:00:49,2022.2,1,82607,90071,2033.72,101645,-1.02
2021-06-16 13:00:51,2022.2,1,82607,90072,2033.72,101645,-1.02
2021-06-16 13:00:53,2022.2,1,82607,90073,2033.72,101645,-1.02
2021-06-16 13:00:54,2022.2,9,82607,90073,2033.72,101645,-1.02
2021-06-16 13:00:54,2022.2,9,82513,90043,2033.71,101654,-1.02
2021-06-16 13:00:56,2022.2,9,82549,90043,2033.71,101654,-1.02
2021-06-16 13:00:59,2022.2,9,82462,90055,2033.71,101654,-1.02
2021-06-16 13:01:00,2022.2,9,82461,90059,2033.71,101654,-1.02
2021-06-16 13:01:02,2022.2,9,82481,90059,2033.71,101654,-1.02
2021-06-16 13:01:04,2022.2,9,82481,90111,2033.71,101654,-1.02
2021-06-16 13:01:04,2022.2,9,82506,90407,2033.71,101654,-1.02
2021-06-16 13:01:06,2022.2,9,82123,90027,2033.71,101654,-1.02
2021-06-16 13:01:06,2022.1,1,82123,90027,2033.71,101654,-1.02
2021-06-16 13:01:07,2022.1,1,82260,90026,2033.71,101681,-1.02
2021-06-16 13:01:09,2022.1,1,82135,90026,2033.71,101681,-1.02
2021-06-16 13:01:10,2022.1,1,82306,90017,2033.71,101681,-1.02
2021-06-16 13:01:10,2022.1,1,82513,90400,2033.71,101694,-1.02
2021-06-16 13:01:12,2022.1,1,82396,90409,2033.71,101694,-1.02
2021-06-16 13:01:13,2022.1,1,82396,90417,2033.71,101694,-1.02
2021-06-16 13:01:16,2022.1,1,82400,90417,2033.71,101694,-1.02
2021-06-16 13:01:18,2022.1,2,82504,90417,2033.71,101694,-1.02
2021-06-16 13:01:19,2022.05,6,82399,90414,2033.71,101696,-1.02
2021-06-16 13:01:19,2022.05,6,82485,90412,2033.71,101702,-1.02
2021-06-16 13:01:21,2022.05,6,82360,90403,2033.71,101702,-1.02
2021-06-16 13:01:22,2022.05,6,82360,90412,2033.71,101702,-1.02
2021-06-16 13:01:22,2022.0,5,82360,90412,2033.71,101702,-1.03
2021-06-16 13:01:24,2022.0,5,82091,90205,2033.71,101709,-1.03
2021-06-16 13:01:25,2022.0,5,82471,90585,2033.71,101709,-1.03
2021-06-16 13:01:25,2022.0,5,82090,90229,2033.71,101709,-1.03
2021-06-16 13:01:27,2022.0,5,82026,90229,2033.71,101709,-1.03
2021-06-16 13:01:29,2022.0,5,82036,90229,2033.71,101709,-1.03
2021-06-16 13:01:30,2022.0,5,82041,90229,2033.71,101709,-1.03
2021-06-16 13:01:32,2022.05,38,82053,90225,2033.7,101809,-1.02
2021-06-16 13:01:34,2022.05,38,82053,90223,2033.7,101809,-1.02
2021-06-16 13:01:35,2022.05,38,82561,90587,2033.7,101809,-1.02
2021-06-16 13:01:36,2022.0,2,82561,90587,2033.7,101809,-1.03
2021-06-16 13:01:36,2022.0,2,82534,90584,2033.7,101811,-1.03
2021-06-16 13:01:37,2022.0,1,82534,90584,2033.7,101811,-1.03
2021-06-16 13:01:38,2022.0,1,82549,90592,2033.7,101812,-1.03
2021-06-16 13:01:39,2022.0,1,82496,90599,2033.7,101812,-1.03
2021-06-16 13:01:42,2022.0,1,82490,90599,2033.7,101812,-1.03
2021-06-16 13:01:43,2022.0,1,82110,90221,2033.7,101813,-1.03
2021-06-16 13:01:44,2022.0,9,82110,90221,2033.7,101813,-1.03
2021-06-16 13:01:45,2022.0,9,82173,90814,2033.69,101822,-1.03
2021-06-16 13:01:47,2022.0,9,82185,90814,2033.69,101822,-1.03
2021-06-16 13:01:48,2023.15,33,82345,90356,2033.67,102022,-0.97
2021-06-16 13:01:52,2023.15,33,82345,90360,2033.67,102022,-0.97
2021-06-16 13:01:54,2023.15,33,82373,90360,2033.67,102022,-0.97
2021-06-16 13:01:55,2023.15,33,82373,90326,2033.67,102022,-0.97
2021-06-16 13:01:55,2023.15,33,82596,90308,2033.67,102022,-0.97
2021-06-16 13:01:57,2023.15,33,82604,90308,2033.67,102022,-0.97
2021-06-16 13:02:03,2023.15,33,82573,90308,2033.67,102022,-0.97
2021-06-16 13:02:04,2023.15,33,82668,90699,2033.67,102022,-0.97
2021-06-16 13:02:07,2022.4,10,82698,90699,2033.67,102022,-1.01
2021-06-16 13:02:09,2022.4,10,82728,90709,2033.67,102032,-1.01
2021-06-16 13:02:10,2022.4,10,82718,90709,2033.67,102032,-1.01
2021-06-16 13:02:13,2022.4,10,82728,90699,2033.67,102032,-1.01
2021-06-16 13:02:14,2022.4,10,82728,93199,2033.67,102032,-1.01
2021-06-16 13:02:16,2022.4,10,82682,93199,2033.67,102032,-1.01
2021-06-16 13:02:17,2022.4,10,82846,92806,2033.67,102032,-1.01
2021-06-16 13:02:18,2022.4,10,82856,92779,2033.67,102032,-1.01
2021-06-16 13:02:19,2022.4,10,83075,92742,2033.67,102032,-1.01
2021-06-16 13:02:20,2022.4,10,83080,92211,2033.67,102032,-1.01
2021-06-16 13:02:22,2022.4,10,83089,92171,2033.67,102032,-1.01
2021-06-16 13:02:24,2022.4,10,83125,92171,2033.67,102032,-1.01
2021-06-16 13:02:25,2022.4,10,83159,92143,2033.67,102032,-1.01
2021-06-16 13:02:26,2022.4,10,83196,92649,2033.67,102032,-1.01
2021-06-16 13:02:28,2022.4,10,83151,92741,2033.67,102032,-1.01
2021-06-16 13:02:31,2022.4,10,83199,92677,2033.67,102032,-1.01
2021-06-16 13:02:32,2022.4,10,83199,92687,2033.67,102032,-1.01
2021-06-16 13:02:37,2022.4,10,83199,92684,2033.67,102032,-1.01
2021-06-16 13:02:38,2022.4,10,83252,92684,2033.67,102032,-1.01
2021-06-16 13:02:43,2022.4,10,83227,92684,2033.67,102032,-1.01
2021-06-16 13:02:44,2022.4,10,83243,92644,2033.67,102032,-1.01
2021-06-16 13:02:45,2022.4,10,83243,92621,2033.67,102032,-1.01
2021-06-16 13:02:46,2022.4,10,83744,92609,2033.67,102032,-1.01
2021-06-16 13:02:46,2022.4,10,83744,92611,2033.67,102032,-1.01
2021-06-16 13:02:48,2022.4,10,83743,92633,2033.67,102032,-1.01
2021-06-16 13:02:51,2022.4,10,83243,92633,2033.67,102032,-1.01
2021-06-16 13:02:53,2022.35,1,83009,92833,2033.67,102033,-1.01
2021-06-16 13:02:55,2022.35,1,83012,92852,2033.67,102033,-1.01
2021-06-16 13:02:55,2022.35,1,82925,92878,2033.67,102033,-1.01
2021-06-16 13:02:57,2022.35,1,82933,92856,2033.67,102033,-1.01
2021-06-16 13:02:58,2022.35,1,83397,92878,2033.67,102033,-1.01
2021-06-16 13:03:01,2022.35,1,83397,92886,2033.67,102033,-1.01
2021-06-16 13:03:02,2022.35,6,83558,92250,2033.67,102043,-1.01
2021-06-16 13:03:03,2022.35,6,83563,92754,2033.67,102043,-1.01
2021-06-16 13:03:04,2022.35,6,83599,92254,2033.67,102043,-1.01
2021-06-16 13:03:04,2022.35,6,83609,92754,2033.67,102043,-1.01
2021-06-16 13:03:06,2022.35,6,83645,92710,2033.67,102043,-1.01
2021-06-16 13:03:08,2022.35,6,83705,92622,2033.67,102043,-1.01
2021-06-16 13:03:09,2022.35,6,83699,92742,2033.67,102043,-1.01
2021-06-16 13:03:10,2022.35,6,83616,92107,2033.67,102043,-1.01
2021-06-16 13:03:12,2022.35,6,83460,92708,2033.67,102043,-1.01
2021-06-16 13:03:13,2022.35,6,83554,92663,2033.67,102043,-1.01
2021-06-16 13:03:14,2022.35,6,83480,92752,2033.67,102043,-1.01
2021-06-16 13:03:15,2022.35,6,83480,92753,2033.67,102043,-1.01
2021-06-16 13:03:16,2022.35,6,83480,92765,2033.67,102043,-1.01
2021-06-16 13:03:16,2024.0,1,83480,92765,2033.67,102043,-0.93
2021-06-16 13:03:19,2024.0,1,83490,92784,2033.67,102044,-0.93
2021-06-16 13:03:20,2024.0,1,83490,92803,2033.67,102044,-0.93
2021-06-16 13:03:21,2024.0,1,83527,92793,2033.67,102044,-0.93
2021-06-16 13:03:22,2024.0,1,83550,92793,2033.67,102044,-0.93
2021-06-16 13:03:23,2024.0,1,83520,92729,2033.67,102044,-0.93
2021-06-16 13:03:25,2024.0,1,83525,92729,2033.67,102044,-0.93
2021-06-16 13:03:26,2024.0,1,83634,92781,2033.67,102044,-0.93
2021-06-16 13:03:27,2024.0,1,83134,92781,2033.67,102044,-0.93
2021-06-16 13:03:27,2024.0,5,83134,92781,2033.67,102044,-0.93
2021-06-16 13:03:28,2024.0,5,83134,92851,2033.67,102049,-0.93
2021-06-16 13:03:30,2024.0,5,83187,92180,2033.67,102049,-0.93
2021-06-16 13:03:32,2024.0,5,83197,92180,2033.67,102049,-0.93
2021-06-16 13:03:35,2024.0,5,83199,92180,2033.67,102049,-0.93
2021-06-16 13:03:36,2024.0,5,83128,92210,2033.67,102049,-0.93
2021-06-16 13:03:37,2024.0,5,83027,92724,2033.67,102049,-0.93
2021-06-16 13:03:38,2024.0,5,83092,92895,2033.67,102049,-0.93
2021-06-16 13:03:39,2024.0,5,83099,92868,2033.67,102049,-0.93
2021-06-16 13:03:40,2024.0,5,83163,92360,2033.67,102049,-0.93
2021-06-16 13:03:41,2024.0,5,83161,92860,2033.67,102049,-0.93
2021-06-16 13:03:42,2024.0,5,83164,92341,2033.67,102049,-0.93
2021-06-16 13:03:44,2024.0,5,83164,92827,2033.67,102049,-0.93
2021-06-16 13:03:45,2024.0,5,83186,92349,2033.67,102049,-0.93
2021-06-16 13:03:46,2024.0,5,83164,92349,2033.67,102049,-0.93
2021-06-16 13:03:47,2024.0,5,83189,92763,2033.67,102049,-0.93
2021-06-16 13:03:48,2024.0,5,83187,92262,2033.67,102049,-0.93
2021-06-16 13:03:49,2024.0,5,83187,92762,2033.67,102049,-0.93
2021-06-16 13:03:50,2024.0,5,83187,92822,2033.67,102049,-0.93
2021-06-16 13:03:52,2024.0,5,83093,92822,2033.67,102049,-0.93
2021-06-16 13:03:57,2024.0,5,83083,92822,2033.67,102049,-0.93
2021-06-16 13:04:03,2024.0,5,83083,92800,2033.67,102049,-0.93
2021-06-16 13:04:04,2022.75,5,83083,92800,2033.67,102049,-0.99
2021-06-16 13:04:04,2022.75,5,83118,92795,2033.67,102054,-0.99
2021-06-16 13:04:06,2022.75,5,83181,92191,2033.67,102054,-0.99
2021-06-16 13:04:07,2022.75,5,83204,92191,2033.67,102054,-0.99
2021-06-16 13:04:11,2022.75,5,83214,92212,2033.67,102054,-0.99
2021-06-16 13:04:14,2022.75,5,83214,92204,2033.67,102054,-0.99
2021-06-16 13:04:16,2022.75,5,83214,92217,2033.67,102054,-0.99
2021-06-16 13:04:22,2022.75,5,83217,92217,2033.67,102054,-0.99
2021-06-16 13:04:24,2022.75,5,83216,92217,2033.67,102054,-0.99
2021-06-16 13:04:28,2022.75,5,83310,92217,2033.67,102054,-0.99
2021-06-16 13:04:30,2024.0,4,84343,92200,2033.67,102058,-0.93
2021-06-16 13:04:34,2024.0,4,84390,92189,2033.67,102058,-0.93
2021-06-16 13:04:36,2024.0,4,84390,92168,2033.67,102058,-0.93
2021-06-16 13:04:38,2024.0,4,84354,92167,2033.67,102058,-0.93
2021-06-16 13:04:40,2024.0,4,84333,92167,2033.67,102058,-0.93
2021-06-16 13:04:41,2024.0,1,84354,92166,2033.67,102059,-0.93
2021-06-16 13:04:43,2024.0,1,84354,92191,2033.67,102059,-0.93
2021-06-16 13:04:45,2024.0,1,84314,92191,2033.67,102059,-0.93
2021-06-16 13:04:46,2024.0,1,84314,92141,2033.67,102059,-0.93
2021-06-16 13:04:48,2024.0,1,84314,92143,2033.67,102059,-0.93
2021-06-16 13:04:51,2024.0,1,84324,92143,2033.67,102059,-0.93
2021-06-16 13:04:55,2024.0,1,84303,92165,2033.67,102059,-0.93
2021-06-16 13:04:59,2024.0,2,84326,92163,2033.67,102061,-0.93
2021-06-16 13:05:00,2024.55,9,84288,92760,2033.66,102161,-0.9
2021-06-16 13:05:01,2024.55,9,84277,92736,2033.66,102161,-0.9
2021-06-16 13:05:02,2024.55,9,84267,92733,2033.66,102161,-0.9
2021-06-16 13:05:03,2024.55,9,84257,92733,2033.66,102161,-0.9
2021-06-16 13:05:04,2024.55,9,84044,92638,2033.66,102161,-0.9
2021-06-16 13:05:05,2024.55,9,84012,92638,2033.66,102161,-0.9
2021-06-16 13:05:07,2024.55,9,84312,92638,2033.66,102161,-0.9
2021-06-16 13:05:09,2024.55,9,84648,92641,2033.66,102161,-0.9
2021-06-16 13:05:17,2024.55,9,84648,92601,2033.66,102161,-0.9
2021-06-16 13:05:18,2024.55,9,84645,92601,2033.66,102161,-0.9
2021-06-16 13:05:20,2024.55,9,84573,92665,2033.66,102161,-0.9
2021-06-16 13:05:26,2023.7,9,84739,92672,2033.65,102228,-0.94
2021-06-16 13:05:27,2023.7,9,84747,92683,2033.65,102228,-0.94
2021-06-16 13:05:28,2023.7,9,83636,92797,2033.65,102228,-0.94
2021-06-16 13:05:29,2023.7,9,83835,92787,2033.65,102228,-0.94
2021-06-16 13:05:30,2023.7,9,83935,92599,2033.65,102228,-0.94
2021-06-16 13:05:31,2023.7,9,83945,92620,2033.65,102228,-0.94
2021-06-16 13:05:32,2023.7,9,83969,92620,2033.65,102228,-0.94
2021-06-16 13:05:33,2023.7,9,83904,92627,2033.65,102228,-0.94
2021-06-16 13:05:35,2023.7,9,83894,92714,2033.65,102228,-0.94
2021-06-16 13:05:36,2023.7,9,84394,92706,2033.65,102228,-0.94
2021-06-16 13:05:38,2023.7,9,84394,92700,2033.65,102228,-0.94
2021-06-16 13:05:45,2023.7,9,84404,92700,2033.65,102228,-0.94
2021-06-16 13:05:45,2023.7,9,84394,92758,2033.65,102228,-0.94
2021-06-16 13:05:46,2023.7,9,84354,92758,2033.65,102228,-0.94
2021-06-16 13:05:47,2023.7,9,84393,92758,2033.65,102228,-0.94
2021-06-16 13:05:54,2023.7,9,84057,92758,2033.65,102228,-0.94
2021-06-16 13:05:54,2023.7,1,84057,92757,2033.65,102229,-0.94
2021-06-16 13:05:55,2023.7,1,84067,92757,2033.65,102229,-0.94
2021-06-16 13:06:04,2023.7,1,84050,92757,2033.65,102229,-0.94
2021-06-16 13:06:10,2023.7,1,84083,92802,2033.65,102229,-0.94
2021-06-16 13:06:13,2023.7,1,84073,92802,2033.65,102229,-0.94
2021-06-16 13:06:15,2023.7,1,84073,92814,2033.65,102229,-0.94
2021-06-16 13:06:16,2023.7,1,84083,92814,2033.65,102229,-0.94
2021-06-16 13:06:31,2023.7,1,84075,92814,2033.65,102229,-0.94
2021-06-16 13:06:36,2023.7,1,84075,92793,2033.65,102229,-0.94
2021-06-16 13:06:37,2024.9,9,84075,92793,2033.65,102229,-0.88
2021-06-16 13:06:37,2024.9,9,84482,92351,2033.65,102239,-0.88
2021-06-16 13:06:39,2024.9,9,84402,92371,2033.65,102239,-0.88
2021-06-16 13:06:39,2024.9,9,84442,92422,2033.65,102239,-0.88
2021-06-16 13:06:40,2024.9,9,84446,92422,2033.65,102239,-0.88
2021-06-16 13:06:41,2024.9,9,84436,92422,2033.65,102239,-0.88
2021-06-16 13:06:45,2024.9,9,84377,92463,2033.65,102239,-0.88
2021-06-16 13:06:45,2024.9,9,84402,92476,2033.65,102239,-0.88
2021-06-16 13:06:46,2024.9,9,84402,92440,2033.65,102239,-0.88
2021-06-16 13:06:48,2024.9,9,84431,92363,2033.65,102239,-0.88
2021-06-16 13:06:49,2024.9,9,84504,92352,2033.65,102239,-0.88
2021-06-16 13:06:51,2024.9,9,84495,92374,2033.65,102239,-0.88
2021-06-16 13:06:52,2024.9,9,84495,92397,2033.65,102239,-0.88
2021-06-16 13:06:53,2024.9,9,84496,92433,2033.65,102239,-0.88
2021-06-16 13:06:55,2024.9,9,84487,92411,2033.65,102239,-0.88
2021-06-16 13:06:55,2024.9,9,84508,92411,2033.65,102239,-0.88
2021-06-16 13:06:56,2024.9,9,84454,92388,2033.65,102239,-0.88
2021-06-16 13:07:04,2025.0,41,84454,92388,2033.65,102239,-0.88
2021-06-16 13:07:05,2025.0,9,84770,91620,2033.65,102307,-0.88
2021-06-16 13:07:06,2025.0,9,84824,92067,2033.65,102307,-0.88
2021-06-16 13:07:07,2025.0,9,84760,92078,2033.65,102307,-0.88
2021-06-16 13:07:09,2025.0,9,84670,92112,2033.65,102307,-0.88
2021-06-16 13:07:09,2025.0,9,84689,92112,2033.65,102307,-0.88
2021-06-16 13:07:10,2025.0,9,84651,92112,2033.65,102307,-0.88
2021-06-16 13:07:13,2025.0,9,84640,92124,2033.65,102307,-0.88
2021-06-16 13:07:15,2025.0,9,84731,91555,2033.65,102307,-0.88
2021-06-16 13:07:15,2025.45,10,84600,91663,2033.65,102317,-0.86
2021-06-16 13:07:18,2025.45,10,84590,91663,2033.65,102317,-0.86
2021-06-16 13:07:19,2025.55,30,84590,91663,2033.65,102317,-0.85
2021-06-16 13:07:19,2025.55,30,84889,91351,2033.64,102347,-0.85
2021-06-16 13:07:21,2025.55,30,84944,91494,2033.64,102347,-0.85
2021-06-16 13:07:21,2025.55,30,84953,91492,2033.64,102347,-0.85
2021-06-16 13:07:22,2025.8,10,84894,91482,2033.64,102357,-0.84
2021-06-16 13:07:24,2025.8,10,84862,91979,2033.64,102357,-0.84
2021-06-16 13:07:25,2025.8,10,84695,92029,2033.64,102357,-0.84
2021-06-16 13:07:28,2025.8,10,84717,92029,2033.64,102357,-0.84
2021-06-16 13:07:28,2025.8,10,84724,91979,2033.64,102357,-0.84
2021-06-16 13:07:29,2025.8,10,84528,92088,2033.64,102357,-0.84
2021-06-16 13:07:30,2025.8,10,84528,92108,2033.64,102357,-0.84
2021-06-16 13:07:33,2025.8,10,84526,92174,2033.64,102357,-0.84
2021-06-16 13:07:36,2025.8,10,84484,92174,2033.64,102357,-0.84
2021-06-16 13:07:37,2025.8,10,84526,92172,2033.64,102357,-0.84
2021-06-16 13:07:40,2025.8,10,84526,92222,2033.64,102357,-0.84
2021-06-16 13:07:42,2024.4,5,84526,92222,2033.64,102357,-0.91
2021-06-16 13:07:43,2024.4,5,83716,92686,2033.64,102390,-0.91
2021-06-16 13:07:44,2024.4,5,83638,92676,2033.64,102390,-0.91
2021-06-16 13:07:45,2024.4,5,83687,92672,2033.64,102390,-0.91
2021-06-16 13:07:46,2024.4,5,83787,92651,2033.64,102390,-0.91
2021-06-16 13:07:48,2024.4,5,83733,92615,2033.64,102390,-0.91
2021-06-16 13:07:49,2024.4,5,83846,92628,2033.64,102390,-0.91
2021-06-16 13:07:49,2024.4,5,83870,92541,2033.64,102390,-0.91
2021-06-16 13:07:51,2024.4,5,83880,92599,2033.64,102390,-0.91
2021-06-16 13:07:52,2024.4,5,84234,92051,2033.64,102390,-0.91
2021-06-16 13:07:53,2024.4,5,83746,92777,2033.64,102390,-0.91
2021-06-16 13:07:54,2024.4,5,83789,92777,2033.64,102390,-0.91
2021-06-16 13:07:55,2024.4,5,83777,92777,2033.64,102390,-0.91
2021-06-16 13:07:56,2024.4,5,83769,92776,2033.64,102390,-0.91
2021-06-16 13:07:57,2024.4,5,83769,92780,2033.64,102390,-0.91
2021-06-16 13:07:59,2024.4,5,83774,92805,2033.64,102390,-0.91
2021-06-16 13:08:01,2024.4,5,83840,92805,2033.64,102390,-0.91
2021-06-16 13:08:03,2024.4,5,83840,93005,2033.64,102390,-0.91
2021-06-16 13:08:06,2024.4,5,83876,92980,2033.64,102390,-0.91
2021-06-16 13:08:07,2024.4,5,83747,92992,2033.64,102390,-0.91
2021-06-16 13:08:08,2024.4,5,83747,92977,2033.64,102390,-0.91
2021-06-16 13:08:09,2024.4,5,83747,92985,2033.64,102390,-0.91
2021-06-16 13:08:10,2024.4,5,83783,92985,2033.64,102390,-0.91
2021-06-16 13:08:10,2024.4,5,83908,92985,2033.64,102390,-0.91
2021-06-16 13:08:16,2024.4,5,83774,92985,2033.64,102390,-0.91
2021-06-16 13:08:18,2024.4,5,83907,92985,2033.64,102390,-0.91
2021-06-16 13:08:22,2024.4,5,83850,92985,2033.64,102390,-0.91
2021-06-16 13:08:22,2024.4,5,83818,92910,2033.64,102390,-0.91
2021-06-16 13:08:24,2023.7,4,83644,92926,2033.64,102394,-0.94
2021-06-16 13:08:24,2023.7,4,83625,92926,2033.64,102394,-0.94
2021-06-16 13:08:26,2023.7,4,83683,92926,2033.64,102394,-0.94
2021-06-16 13:08:27,2023.7,4,83709,92801,2033.64,102394,-0.94
2021-06-16 13:08:28,2023.7,4,83745,92801,2033.64,102394,-0.94
2021-06-16 13:08:28,2023.7,4,83857,92764,2033.64,102394,-0.94
2021-06-16 13:08:30,2023.7,4,83965,92746,2033.64,102394,-0.94
2021-06-16 13:08:33,2024.85,2,83968,92764,2033.64,102396,-0.89
2021-06-16 13:08:35,2024.85,2,84224,92757,2033.64,102396,-0.89
2021-06-16 13:08:36,2024.85,2,84224,92776,2033.64,102396,-0.89
2021-06-16 13:08:37,2024.85,2,84196,92776,2033.64,102396,-0.89
2021-06-16 13:08:37,2024.85,2,84194,92762,2033.64,102396,-0.89
2021-06-16 13:08:39,2024.85,2,84194,92782,2033.64,102396,-0.89
2021-06-16 13:08:40,2024.85,2,84243,92762,2033.64,102396,-0.89
2021-06-16 13:08:40,2024.85,2,84115,92539,2033.64,102396,-0.89
2021-06-16 13:08:42,2024.85,2,84118,92561,2033.64,102396,-0.89
2021-06-16 13:08:43,2024.85,2,84043,92561,2033.64,102396,-0.89
2021-06-16 13:08:44,2024.85,2,84064,92561,2033.64,102396,-0.89
2021-06-16 13:08:46,2025.15,3,84119,92677,2033.64,102401,-0.87
2021-06-16 13:08:47,2025.15,3,84119,92655,2033.64,102401,-0.87
2021-06-16 13:08:49,2025.15,3,84119,92665,2033.64,102401,-0.87
2021-06-16 13:08:51,2025.15,3,84125,92665,2033.64,102401,-0.87
2021-06-16 13:08:52,2025.15,3,84125,92687,2033.64,102401,-0.87
2021-06-16 13:08:53,2025.15,3,83904,93060,2033.64,102401,-0.87
2021-06-16 13:08:54,2025.15,3,83904,93061,2033.64,102401,-0.87
2021-06-16 13:08:55,2025.15,3,83904,93133,2033.64,102401,-0.87
2021-06-16 13:08:56,2025.15,3,83600,93132,2033.64,102401,-0.87
2021-06-16 13:08:57,2025.15,3,83600,93134,2033.64,102401,-0.87
2021-06-16 13:08:58,2025.15,3,83600,93096,2033.64,102401,-0.87
2021-06-16 13:09:01,2025.15,3,83590,93196,2033.64,102401,-0.87
2021-06-16 13:09:01,2025.15,3,83569,93228,2033.64,102401,-0.87
2021-06-16 13:09:05,2025.15,3,83569,93264,2033.64,102401,-0.87
2021-06-16 13:09:06,2025.05,1,83569,93264,2033.64,102401,-0.88
2021-06-16 13:09:07,2025.05,1,83723,93161,2033.64,102451,-0.88
2021-06-16 13:09:09,2025.05,1,83755,93109,2033.64,102451,-0.88
2021-06-16 13:09:12,2024.4,1,83645,93173,2033.64,102452,-0.91
2021-06-16 13:09:13,2024.4,3,83645,93173,2033.64,102452,-0.91
2021-06-16 13:09:13,2023.7,1,83704,93181,2033.64,102456,-0.94
2021-06-16 13:09:15,2023.7,1,83685,93222,2033.64,102456,-0.94
2021-06-16 13:09:18,2023.7,1,83824,93191,2033.64,102456,-0.94
2021-06-16 13:09:19,2023.7,1,83829,93191,2033.64,102456,-0.94
2021-06-16 13:09:21,2023.7,1,83801,93191,2033.64,102456,-0.94
2021-06-16 13:09:23,2023.7,1,83824,93151,2033.64,102456,-0.94
2021-06-16 13:09:25,2024.75,8,83673,93344,2033.63,102474,-0.89
2021-06-16 13:09:27,2024.8,83,83724,93217,2033.62,102574,-0.89
2021-06-16 13:09:27,2025.05,7,83724,93217,2033.62,102574,-0.88
2021-06-16 13:09:29,2025.05,7,83791,93172,2033.62,102593,-0.88
2021-06-16 13:09:32,2025.05,7,83806,93200,2033.62,102593,-0.88
2021-06-16 13:09:33,2025.05,7,83801,93200,2033.62,102593,-0.88
2021-06-16 13:09:35,2025.05,7,83801,93221,2033.62,102593,-0.88
2021-06-16 13:09:37,2025.05,7,83837,93200,2033.62,102593,-0.88
2021-06-16 13:09:40,2025.05,7,83847,93236,2033.62,102593,-0.88
2021-06-16 13:09:42,2025.05,7,83847,93215,2033.62,102593,-0.88
2021-06-16 13:09:44,2025.05,7,83993,93215,2033.62,102593,-0.88
2021-06-16 13:09:46,2025.05,7,83972,93215,2033.62,102593,-0.88
2021-06-16 13:09:48,2025.05,7,83993,93289,2033.62,102593,-0.88
2021-06-16 13:09:50,2025.05,7,83983,93311,2033.62,102593,-0.88
2021-06-16 13:09:51,2025.05,100,83983,93311,2033.62,102593,-0.88
2021-06-16 13:09:52,2025.05,100,83983,93425,2033.61,102693,-0.88
2021-06-16 13:09:57,2025.05,100,83744,93527,2033.61,102693,-0.88
2021-06-16 13:09:58,2025.05,100,83745,93493,2033.61,102693,-0.88
2021-06-16 13:10:01,2025.05,100,83749,93545,2033.61,102693,-0.88
2021-06-16 13:10:03,2025.05,100,84034,92168,2033.61,102693,-0.88
2021-06-16 13:10:05,2024.25,4,84073,92166,2033.61,102697,-0.92
2021-06-16 13:10:06,2025.15,10,84073,92166,2033.61,102697,-0.87
2021-06-16 13:10:09,2025.15,10,84136,92168,2033.61,102707,-0.87
2021-06-16 13:10:10,2024.25,4,84136,92168,2033.61,102707,-0.92
2021-06-16 13:10:14,2024.2,10,84119,92144,2033.61,102730,-0.92
2021-06-16 13:10:16,2024.2,10,84127,92144,2033.61,102730,-0.92
2021-06-16 13:10:18,2024.2,10,84127,92133,2033.61,102730,-0.92
2021-06-16 13:10:20,2024.2,10,84081,92133,2033.61,102730,-0.92
2021-06-16 13:10:22,2024.2,10,83586,92114,2033.61,102730,-0.92
2021-06-16 13:10:22,2025.15,1,83586,92114,2033.61,102730,-0.87
2021-06-16 13:10:26,2025.15,1,83940,92200,2033.61,102731,-0.87
2021-06-16 13:10:30,2025.15,1,83972,92206,2033.61,102731,-0.87
2021-06-16 13:10:37,2025.15,1,83972,92181,2033.61,102731,-0.87
2021-06-16 13:10:39,2025.15,1,83733,92214,2033.61,102731,-0.87
2021-06-16 13:10:40,2025.15,1,83733,92250,2033.61,102731,-0.87
2021-06-16 13:10:42,2025.15,1,83733,92241,2033.61,102731,-0.87
2021-06-16 13:10:45,2025.15,1,83733,92245,2033.61,102731,-0.87
2021-06-16 13:10:47,2025.15,1,84026,92211,2033.61,102731,-0.87
2021-06-16 13:10:51,2025.15,1,83769,92248,2033.61,102731,-0.87
2021-06-16 13:10:55,2025.15,1,83750,92355,2033.61,102731,-0.87
2021-06-16 13:10:57,2025.15,1,83750,92345,2033.61,102731,-0.87
2021-06-16 13:10:59,2025.15,1,83706,92345,2033.61,102731,-0.87
2021-06-16 13:11:00,2024.75,10,83706,92345,2033.61,102731,-0.89
2021-06-16 13:11:01,2024.75,10,83657,92389,2033.61,102741,-0.89
2021-06-16 13:11:02,2024.75,10,83657,92574,2033.61,102741,-0.89
2021-06-16 13:11:04,2023.2,4,83840,92577,2033.6,102881,-0.97
2021-06-16 13:11:05,2023.2,4,83921,92567,2033.6,102881,-0.97
2021-06-16 13:11:07,2023.2,4,84037,92443,2033.6,102881,-0.97
2021-06-16 13:11:10,2023.2,4,84051,92433,2033.6,102881,-0.97
2021-06-16 13:11:12,2023.2,4,84061,92433,2033.6,102881,-0.97
2021-06-16 13:11:16,2023.2,4,84059,92436,2033.6,102881,-0.97
2021-06-16 13:11:16,2023.6,13,84059,92436,2033.6,102881,-0.95
2021-06-16 13:11:19,2024.75,20,83941,92476,2033.58,103041,-0.89
2021-06-16 13:11:21,2024.75,20,84066,92476,2033.58,103041,-0.89
2021-06-16 13:11:22,2024.75,20,83986,92476,2033.58,103041,-0.89
2021-06-16 13:11:24,2024.75,20,83793,92532,2033.58,103041,-0.89
2021-06-16 13:11:26,2024.75,20,83861,92455,2033.58,103041,-0.89
2021-06-16 13:11:27,2024.75,20,83815,92455,2033.58,103041,-0.89
2021-06-16 13:11:29,2024.75,20,83830,92455,2033.58,103041,-0.89
2021-06-16 13:11:30,2024.75,5,83830,92455,2033.58,103041,-0.89
2021-06-16 13:11:31,2024.75,5,84782,92502,2033.58,103046,-0.89
2021-06-16 13:11:33,2024.75,5,84737,92514,2033.58,103046,-0.89
2021-06-16 13:11:35,2024.75,5,84799,92421,2033.58,103046,-0.89
2021-06-16 13:11:37,2024.75,5,84799,92441,2033.58,103046,-0.89
2021-06-16 13:11:43,2024.75,5,84817,92450,2033.58,103046,-0.89
2021-06-16 13:11:45,2023.7,23,84817,92450,2033.58,103046,-0.94
2021-06-16 13:11:46,2023.7,23,85154,92479,2033.58,103109,-0.94
2021-06-16 13:11:48,2023.7,23,84866,92518,2033.58,103109,-0.94
2021-06-16 13:11:49,2023.7,23,85023,92538,2033.58,103109,-0.94
2021-06-16 13:11:51,2023.7,23,84776,92643,2033.58,103109,-0.94
2021-06-16 13:11:52,2023.7,23,84964,92478,2033.58,103109,-0.94
2021-06-16 13:11:54,2023.7,23,84574,92543,2033.58,103109,-0.94
2021-06-16 13:11:56,2023.7,23,85120,92431,2033.58,103109,-0.94
2021-06-16 13:11:58,2023.7,23,85070,92434,2033.58,103109,-0.94
2021-06-16 13:11:59,2023.7,23,85196,92434,2033.58,103109,-0.94
2021-06-16 13:12:01,2023.7,23,85120,92434,2033.58,103109,-0.94
2021-06-16 13:12:04,2023.7,23,84914,92534,2033.58,103109,-0.94
2021-06-16 13:12:06,2023.7,23,84910,92560,2033.58,103109,-0.94
2021-06-16 13:12:10,2023.7,23,84910,92499,2033.58,103109,-0.94
2021-06-16 13:12:11,2023.7,23,85145,92522,2033.58,103109,-0.94
2021-06-16 13:12:15,2023.7,23,85149,92499,2033.58,103109,-0.94
2021-06-16 13:12:18,2023.7,23,85115,92520,2033.58,103109,-0.94
2021-06-16 13:12:24,2023.7,23,84911,92390,2033.58,103109,-0.94
2021-06-16 13:12:27,2023.7,23,84920,92390,2033.58,103109,-0.94
2021-06-16 13:12:33,2023.7,23,84920,92499,2033.58,103109,-0.94
2021-06-16 13:12:34,2023.7,23,84916,92499,2033.58,103109,-0.94
2021-06-16 13:12:43,2023.7,23,85143,92499,2033.58,103109,-0.94
2021-06-16 13:12:45,2023.7,23,85121,92532,2033.58,103109,-0.94
2021-06-16 13:12:51,2024.1,27,85121,92532,2033.58,103109,-0.92
2021-06-16 13:12:52,2024.1,27,85047,92396,2033.57,103147,-0.92
2021-06-16 13:12:54,2024.1,27,85157,92521,2033.57,103147,-0.92
2021-06-16 13:12:56,2024.1,27,85239,92412,2033.57,103147,-0.92
2021-06-16 13:12:58,2024.1,27,85190,92412,2033.57,103147,-0.92
2021-06-16 13:13:00,2024.1,27,85209,92412,2033.57,103147,-0.92
2021-06-16 13:13:02,2024.1,27,85209,92389,2033.57,103147,-0.92
2021-06-16 13:13:04,2024.1,27,85340,92389,2033.57,103147,-0.92
2021-06-16 13:13:06,2024.1,27,85317,92389,2033.57,103147,-0.92
2021-06-16 13:13:08,2024.1,27,85271,92408,2033.57,103147,-0.92
2021-06-16 13:13:10,2024.1,27,85271,92391,2033.57,103147,-0.92
2021-06-16 13:13:15,2024.1,27,85271,92415,2033.57,103147,-0.92
2021-06-16 13:13:19,2024.1,27,85326,92415,2033.57,103147,-0.92
2021-06-16 13:13:26,2024.1,27,85336,92415,2033.57,103147,-0.92
2021-06-16 13:13:29,2024.1,27,85120,92577,2033.57,103147,-0.92
2021-06-16 13:13:33,2024.1,27,85199,92391,2033.57,103147,-0.92
2021-06-16 13:13:34,2024.1,27,85235,92391,2033.57,103147,-0.92
2021-06-16 13:13:38,2024.1,27,85235,92412,2033.57,103147,-0.92
2021-06-16 13:13:40,2024.1,27,85182,92412,2033.57,103147,-0.92
2021-06-16 13:13:42,2024.1,27,84817,92560,2033.57,103147,-0.92
2021-06-16 13:13:44,2024.1,27,84817,92466,2033.57,103147,-0.92
2021-06-16 13:13:46,2024.1,27,84817,92476,2033.57,103147,-0.92
2021-06-16 13:13:48,2024.1,27,84817,92457,2033.57,103147,-0.92
2021-06-16 13:13:49,2024.1,27,84807,92478,2033.57,103147,-0.92
2021-06-16 13:13:55,2024.1,27,84894,92478,2033.57,103147,-0.92
2021-06-16 13:13:57,2024.1,27,84944,92478,2033.57,103147,-0.92
2021-06-16 13:14:02,2024.1,27,84954,92478,2033.57,103147,-0.92
2021-06-16 13:14:09,2024.1,27,85166,92466,2033.57,103147,-0.92
2021-06-16 13:14:17,2024.1,27,85196,92481,2033.57,103147,-0.92
2021-06-16 13:14:22,2024.1,27,85205,92460,2033.57,103147,-0.92
2021-06-16 13:14:24,2024.1,27,85207,92407,2033.57,103147,-0.92
2021-06-16 13:14:32,2024.1,27,85232,92516,2033.57,103147,-0.92
2021-06-16 13:14:32,2025.05,21,85232,92516,2033.57,103147,-0.88
2021-06-16 13:14:33,2025.05,21,85238,92447,2033.57,103177,-0.88
2021-06-16 13:14:38,2023.25,23,85395,92683,2033.56,103277,-0.96
2021-06-16 13:14:40,2023.25,23,85474,92446,2033.56,103277,-0.96
2021-06-16 13:14:42,2023.25,23,85497,92446,2033.56,103277,-0.96
2021-06-16 13:14:43,2023.25,23,85497,92406,2033.56,103277,-0.96
2021-06-16 13:14:45,2024.95,2,84895,92515,2033.56,103277,-0.88
2021-06-16 13:14:45,2023.65,15,84895,92515,2033.56,103277,-0.94
2021-06-16 13:14:46,2023.75,19,85255,92468,2033.55,103403,-0.94
2021-06-16 13:14:48,2023.75,19,85277,92468,2033.55,103403,-0.94
2021-06-16 13:14:49,2023.75,19,85326,92457,2033.55,103403,-0.94
2021-06-16 13:14:51,2023.75,19,85380,92457,2033.55,103403,-0.94
2021-06-16 13:14:54,2023.75,19,85348,92457,2033.55,103403,-0.94
2021-06-16 13:14:55,2025.0,5,85348,92457,2033.55,103403,-0.88
2021-06-16 13:14:58,2025.0,5,85247,92528,2033.55,103413,-0.88
2021-06-16 13:15:00,2025.0,5,85225,92528,2033.55,103413,-0.88
2021-06-16 13:15:01,2025.0,5,85433,92468,2033.55,103413,-0.88
2021-06-16 13:15:03,2025.0,5,85263,92468,2033.55,103413,-0.88
2021-06-16 13:15:04,2025.0,5,85278,92468,2033.55,103413,-0.88
2021-06-16 13:15:09,2025.0,5,85278,92478,2033.55,103413,-0.88
2021-06-16 13:15:12,2025.15,11,85278,92478,2033.55,103413,-0.87
2021-06-16 13:15:13,2025.15,11,85278,92455,2033.54,103438,-0.87
2021-06-16 13:15:14,2024.0,1,85278,92455,2033.54,103438,-0.93
2021-06-16 13:15:15,2024.0,1,85282,92455,2033.54,103439,-0.93
2021-06-16 13:15:23,2024.0,1,85292,92465,2033.54,103439,-0.93
2021-06-16 13:15:25,2024.0,1,85292,92455,2033.54,103439,-0.93
2021-06-16 13:15:28,2024.0,1,85533,92417,2033.54,103439,-0.93
2021-06-16 13:15:30,2024.0,1,85523,92417,2033.54,103439,-0.93
2021-06-16 13:15:33,2024.0,1,85504,92417,2033.54,103439,-0.93
2021-06-16 13:15:34,2024.0,1,84955,92417,2033.54,103439,-0.93
2021-06-16 13:15:36,2024.0,1,85455,92417,2033.54,103439,-0.93
2021-06-16 13:15:38,2024.0,1,85526,92387,2033.54,103439,-0.93
2021-06-16 13:15:40,2024.2,2,85526,92387,2033.54,103439,-0.92
2021-06-16 13:15:41,2024.2,2,85501,92410,2033.54,103441,-0.92
2021-06-16 13:15:43,2024.2,2,85511,92410,2033.54,103441,-0.92
2021-06-16 13:15:48,2024.2,2,85460,92420,2033.54,103441,-0.92
2021-06-16 13:15:49,2024.2,2,85479,92422,2033.54,103441,-0.92
2021-06-16 13:15:53,2024.2,3,85475,92432,2033.54,103445,-0.92
2021-06-16 13:15:55,2024.2,3,85475,92422,2033.54,103445,-0.92
2021-06-16 13:16:01,2024.2,3,85465,92422,2033.54,103445,-0.92
2021-06-16 13:16:12,2024.2,3,85501,92439,2033.54,103445,-0.92
2021-06-16 13:16:13,2024.2,3,85392,92442,2033.54,103445,-0.92
2021-06-16 13:16:15,2024.2,3,85402,92512,2033.54,103445,-0.92
2021-06-16 13:16:17,2024.2,3,85380,92491,2033.54,103445,-0.92
2021-06-16 13:16:18,2024.2,3,85621,92410,2033.54,103445,-0.92
2021-06-16 13:16:24,2024.2,3,85631,92410,2033.54,103445,-0.92
2021-06-16 13:16:25,2024.2,3,85536,92474,2033.54,103445,-0.92
2021-06-16 13:16:27,2024.2,3,85345,92504,2033.54,103445,-0.92
2021-06-16 13:16:28,2025.1,20,85345,92504,2033.54,103445,-0.87
2021-06-16 13:16:35,2025.1,20,85327,92544,2033.54,103470,-0.87
2021-06-16 13:16:37,2025.15,59,85327,92544,2033.54,103470,-0.87
2021-06-16 13:16:37,2025.15,59,85220,91819,2033.54,103553,-0.87
2021-06-16 13:16:39,2025.15,59,85615,92444,2033.54,103553,-0.87
2021-06-16 13:16:42,2025.15,59,85396,92444,2033.54,103553,-0.87
2021-06-16 13:16:43,2025.15,59,84896,92444,2033.54,103553,-0.87
2021-06-16 13:16:45,2025.15,59,85397,92444,2033.54,103553,-0.87
2021-06-16 13:16:49,2025.15,59,85417,92444,2033.54,103553,-0.87
2021-06-16 13:16:53,2025.15,59,85501,92346,2033.54,103553,-0.87
2021-06-16 13:16:57,2025.15,59,85470,92367,2033.54,103553,-0.87
2021-06-16 13:17:09,2025.15,59,85408,92379,2033.54,103553,-0.87
2021-06-16 13:17:10,2025.15,59,85360,92443,2033.54,103553,-0.87
2021-06-16 13:17:12,2025.15,59,85320,92443,2033.54,103553,-0.87
2021-06-16 13:17:14,2025.15,3,85320,92443,2033.54,103553,-0.87
2021-06-16 13:17:34,2025.15,3,85345,92450,2033.54,103556,-0.87
2021-06-16 13:17:39,2025.15,3,85643,92081,2033.54,103556,-0.87
2021-06-16 13:17:41,2025.15,3,85397,92207,2033.54,103556,-0.87
2021-06-16 13:17:44,2025.15,3,85506,92197,2033.54,103556,-0.87
2021-06-16 13:17:49,2025.15,3,85516,92197,2033.54,103556,-0.87
2021-06-16 13:17:58,2025.15,3,85437,92080,2033.54,103556,-0.87
2021-06-16 13:18:00,2025.15,3,85567,92045,2033.54,103556,-0.87
2021-06-16 13:18:04,2025.15,3,85641,92109,2033.54,103556,-0.87
2021-06-16 13:18:11,2025.15,3,85472,92067,2033.54,103556,-0.87
2021-06-16 13:18:13,2025.15,3,85472,92051,2033.54,103556,-0.87
2021-06-16 13:18:15,2025.15,3,85472,92079,2033.54,103556,-0.87
2021-06-16 13:18:18,2025.15,16,86047,92014,2033.53,103572,-0.87
2021-06-16 13:18:19,2025.15,16,86049,92014,2033.53,103572,-0.87
2021-06-16 13:18:21,2025.15,16,85999,92014,2033.53,103572,-0.87
2021-06-16 13:18:22,2025.15,4,85999,92014,2033.53,103572,-0.87
2021-06-16 13:18:23,2025.15,4,85690,91767,2033.53,103576,-0.87
2021-06-16 13:18:25,2025.15,4,85697,91784,2033.53,103576,-0.87
2021-06-16 13:18:25,2025.15,1,85697,91784,2033.53,103576,-0.87
2021-06-16 13:18:27,2025.15,1,85865,91752,2033.53,103577,-0.87
2021-06-16 13:18:28,2025.15,1,85728,91751,2033.53,103577,-0.87
2021-06-16 13:18:30,2025.15,1,85708,91762,2033.53,103577,-0.87
2021-06-16 13:18:33,2025.15,1,85918,91762,2033.53,103577,-0.87
2021-06-16 13:18:34,2025.8,10,85918,91762,2033.53,103577,-0.84
2021-06-16 13:18:35,2025.8,10,85908,91748,2033.53,103587,-0.84
2021-06-16 13:18:39,2025.8,10,85908,91541,2033.53,103587,-0.84
2021-06-16 13:18:40,2025.8,10,85927,91541,2033.53,103587,-0.84
2021-06-16 13:18:42,2025.8,10,85917,91541,2033.53,103587,-0.84
2021-06-16 13:18:43,2025.9,2,85882,91542,2033.53,103594,-0.83
2021-06-16 13:18:45,2025.9,2,85822,91542,2033.53,103594,-0.83
2021-06-16 13:18:47,2025.9,2,85832,91542,2033.53,103594,-0.83
2021-06-16 13:18:49,2025.9,2,85722,91519,2033.53,103594,-0.83
2021-06-16 13:18:50,2026.5,2,85722,91519,2033.53,103594,-0.81
2021-06-16 13:18:51,2026.5,2,86219,90286,2033.49,104126,-0.81
2021-06-16 13:18:52,2026.5,2,86446,90286,2033.49,104126,-0.81
2021-06-16 13:18:54,2026.5,2,86506,90312,2033.49,104126,-0.81
2021-06-16 13:18:56,2026.5,2,86516,90312,2033.49,104126,-0.81
2021-06-16 13:18:57,2026.5,2,86558,90323,2033.49,104126,-0.81
2021-06-16 13:18:59,2026.5,2,86397,90321,2033.49,104126,-0.81
2021-06-16 13:19:00,2026.5,2,86522,90321,2033.49,104126,-0.81
2021-06-16 13:19:03,2027.0,50,86522,90321,2033.49,104126,-0.78
2021-06-16 13:19:04,2027.0,50,86533,90225,2033.49,104176,-0.78
2021-06-16 13:19:06,2027.0,50,86464,90265,2033.49,104176,-0.78
2021-06-16 13:19:08,2027.0,50,86453,90265,2033.49,104176,-0.78
2021-06-16 13:19:11,2027.0,50,86404,90265,2033.49,104176,-0.78
2021-06-16 13:19:19,2027.0,50,86429,90265,2033.49,104176,-0.78
2021-06-16 13:19:22,2027.0,50,86440,90265,2033.49,104176,-0.78
2021-06-16 13:19:23,2027.0,3,86440,90265,2033.49,104176,-0.78
2021-06-16 13:19:24,2027.0,3,86399,90274,2033.49,104179,-0.78
2021-06-16 13:19:25,2027.0,3,86408,90274,2033.49,104179,-0.78
2021-06-16 13:19:27,2027.0,3,86408,90276,2033.49,104179,-0.78
2021-06-16 13:19:29,2027.0,3,86358,90276,2033.49,104179,-0.78
2021-06-16 13:19:31,2027.0,3,86358,90281,2033.49,104179,-0.78
2021-06-16 13:19:32,2026.0,14,86358,90281,2033.49,104179,-0.83
2021-06-16 13:19:39,2026.0,14,86347,90279,2033.49,104198,-0.83
2021-06-16 13:19:40,2026.95,5,86347,90279,2033.49,104198,-0.78
2021-06-16 13:19:40,2026.95,5,86238,90312,2033.49,104203,-0.78
2021-06-16 13:19:43,2026.95,5,86228,90312,2033.49,104203,-0.78
2021-06-16 13:19:45,2026.95,5,86249,90312,2033.49,104203,-0.78
2021-06-16 13:19:49,2026.95,5,86249,90300,2033.49,104203,-0.78
2021-06-16 13:19:50,2026.95,15,86249,90300,2033.49,104203,-0.78
2021-06-16 13:19:51,2026.95,15,86173,90326,2033.49,104218,-0.78
2021-06-16 13:19:52,2026.95,15,86173,90336,2033.49,104218,-0.78
2021-06-16 13:19:54,2026.95,15,86173,90334,2033.49,104218,-0.78
2021-06-16 13:19:57,2026.95,15,85451,90582,2033.49,104218,-0.78
2021-06-16 13:19:58,2026.55,7,85951,90601,2033.49,104218,-0.8
2021-06-16 13:20:03,2026.55,7,85964,90601,2033.49,104233,-0.8
2021-06-16 13:20:04,2026.55,7,85964,90557,2033.49,104233,-0.8
2021-06-16 13:20:06,2026.55,7,86022,90594,2033.49,104233,-0.8
2021-06-16 13:20:07,2026.55,7,86012,90594,2033.49,104233,-0.8
2021-06-16 13:20:09,2026.75,100,86012,90594,2033.49,104233,-0.79
2021-06-16 13:20:09,2026.75,100,85958,90658,2033.48,104333,-0.79
2021-06-16 13:20:11,2026.75,100,85991,90636,2033.48,104333,-0.79
2021-06-16 13:20:15,2026.75,100,85652,90712,2033.48,104333,-0.79
2021-06-16 13:20:21,2026.75,100,85645,90698,2033.48,104333,-0.79
2021-06-16 13:20:22,2026.75,100,85781,90698,2033.48,104333,-0.79
2021-06-16 13:20:23,2025.9,2,85781,90698,2033.48,104333,-0.83
2021-06-16 13:20:24,2025.9,2,85819,90698,2033.48,104335,-0.83
2021-06-16 13:20:25,2025.9,2,85855,90658,2033.48,104335,-0.83
2021-06-16 13:20:27,2025.9,2,85847,90658,2033.48,104335,-0.83
2021-06-16 13:20:30,2025.9,2,85883,90658,2033.48,104335,-0.83
2021-06-16 13:20:41,2026.65,2,85886,90652,2033.48,104385,-0.8
2021-06-16 13:20:43,2026.65,2,85890,90652,2033.48,104385,-0.8
2021-06-16 13:20:45,2026.4,36,85890,90652,2033.48,104385,-0.81
2021-06-16 13:20:45,2026.4,36,85792,90667,2033.47,104465,-0.81
2021-06-16 13:20:49,2026.4,36,85792,90671,2033.47,104465,-0.81
2021-06-16 13:20:51,2026.4,36,85288,90684,2033.47,104465,-0.81
2021-06-16 13:20:53,2026.4,36,85796,90684,2033.47,104465,-0.81
2021-06-16 13:21:00,2026.4,36,85804,90675,2033.47,104465,-0.81
2021-06-16 13:21:03,2026.4,36,85804,90671,2033.47,104465,-0.81
2021-06-16 13:21:05,2026.4,36,85804,91471,2033.47,104465,-0.81
2021-06-16 13:21:10,2026.4,36,85819,91471,2033.47,104465,-0.81
2021-06-16 13:21:15,2026.4,36,85783,91471,2033.47,104465,-0.81
2021-06-16 13:21:17,2026.4,36,85783,91486,2033.47,104465,-0.81
2021-06-16 13:21:29,2026.4,36,85787,91486,2033.47,104465,-0.81
2021-06-16 13:21:36,2026.4,36,85787,90766,2033.47,104465,-0.81
2021-06-16 13:21:51,2026.4,36,85787,90646,2033.47,104465,-0.81
2021-06-16 13:21:51,2026.35,3,85787,90646,2033.47,104465,-0.81
2021-06-16 13:21:52,2026.35,3,85787,90633,2033.47,104468,-0.81
2021-06-16 13:21:55,2026.35,3,85787,90620,2033.47,104468,-0.81
2021-06-16 13:22:00,2026.35,3,85796,90620,2033.47,104468,-0.81
2021-06-16 13:22:02,2026.35,7,85796,90620,2033.47,104468,-0.81
2021-06-16 13:22:03,2026.35,7,85821,90613,2033.47,104475,-0.81
2021-06-16 13:22:06,2026.3,5,86023,90444,2033.47,104485,-0.81
2021-06-16 13:22:09,2026.3,5,86023,90464,2033.47,104485,-0.81
2021-06-16 13:22:12,2026.3,5,86023,90548,2033.47,104485,-0.81
2021-06-16 13:22:13,2026.3,5,86025,90548,2033.47,104485,-0.81
2021-06-16 13:22:19,2026.3,5,85989,90561,2033.47,104485,-0.81
2021-06-16 13:22:20,2026.3,5,85913,90518,2033.47,104490,-0.81
2021-06-16 13:22:24,2026.3,5,85790,90841,2033.47,104490,-0.81
2021-06-16 13:22:31,2026.3,5,85810,90841,2033.47,104490,-0.81
2021-06-16 13:22:38,2026.3,5,85810,91280,2033.47,104490,-0.81
2021-06-16 13:22:40,2026.3,5,85810,90876,2033.47,104490,-0.81
2021-06-16 13:22:42,2026.3,5,85810,90865,2033.47,104490,-0.81
2021-06-16 13:22:44,2025.9,1,85810,90865,2033.47,104490,-0.83
2021-06-16 13:22:49,2025.9,1,85807,90963,2033.47,104491,-0.83
2021-06-16 13:22:51,2025.9,1,85748,91045,2033.47,104491,-0.83
2021-06-16 13:22:56,2025.9,1,85748,91021,2033.47,104491,-0.83
2021-06-16 13:22:58,2025.9,1,85748,91046,2033.47,104491,-0.83
2021-06-16 13:23:01,2025.9,5,85748,91046,2033.47,104491,-0.83
2021-06-16 13:23:02,2025.9,5,85743,90980,2033.47,104496,-0.83
2021-06-16 13:23:06,2025.9,5,85742,90980,2033.47,104496,-0.83
2021-06-16 13:23:07,2025.9,5,85759,90980,2033.47,104496,-0.83
2021-06-16 13:23:13,2025.9,5,85761,90984,2033.47,104496,-0.83
2021-06-16 13:23:15,2025.9,5,85761,90959,2033.47,104496,-0.83
2021-06-16 13:23:21,2025.9,1,85884,90985,2033.47,104499,-0.83
2021-06-16 13:23:23,2025.9,1,85920,90982,2033.47,104502,-0.83
2021-06-16 13:23:27,2025.9,1,85880,90987,2033.47,104502,-0.83
2021-06-16 13:23:30,2025.9,1,85890,91011,2033.47,104502,-0.83
2021-06-16 13:23:39,2025.9,1,85880,91011,2033.47,104502,-0.83
2021-06-16 13:23:40,2025.9,1,86060,91086,2033.47,104502,-0.83
2021-06-16 13:23:45,2025.9,1,85941,90986,2033.47,104502,-0.83
2021-06-16 13:23:52,2025.9,1,85949,91005,2033.47,104502,-0.83
2021-06-16 13:23:56,2025.9,1,85949,91000,2033.47,104502,-0.83
2021-06-16 13:24:06,2025.9,1,85940,91000,2033.47,104502,-0.83
2021-06-16 13:24:09,2025.9,81,85940,91000,2033.47,104502,-0.83
2021-06-16 13:24:10,2025.9,81,85888,90901,2033.46,104603,-0.83
2021-06-16 13:24:11,2025.9,2,85888,90901,2033.46,104603,-0.83
2021-06-16 13:24:12,2025.9,2,85939,90880,2033.46,104619,-0.83
2021-06-16 13:24:13,2025.9,2,85939,90868,2033.46,104619,-0.83
2021-06-16 13:24:16,2026.05,100,85939,90868,2033.46,104619,-0.83
2021-06-16 13:24:18,2026.05,100,86185,90745,2033.45,104719,-0.83
2021-06-16 13:24:20,2026.05,100,86038,91353,2033.45,104719,-0.83
2021-06-16 13:24:21,2026.85,15,86038,91353,2033.45,104719,-0.79
2021-06-16 13:24:28,2026.85,15,86028,91338,2033.45,104734,-0.79
2021-06-16 13:24:30,2026.85,15,86038,91338,2033.45,104734,-0.79
2021-06-16 13:24:31,2026.85,15,85969,91340,2033.45,104734,-0.79
2021-06-16 13:24:36,2026.85,15,85995,91315,2033.45,104734,-0.79
2021-06-16 13:24:37,2026.85,15,86031,91315,2033.45,104734,-0.79
2021-06-16 13:24:39,2026.85,15,86031,91343,2033.45,104734,-0.79
2021-06-16 13:24:42,2026.85,15,85465,91320,2033.45,104734,-0.79
2021-06-16 13:24:44,2026.85,15,85583,91342,2033.45,104734,-0.79
2021-06-16 13:24:46,2026.85,15,85921,91578,2033.45,104734,-0.79
2021-06-16 13:24:49,2026.75,8,85921,91578,2033.45,104734,-0.79
2021-06-16 13:24:49,2026.75,8,85756,91570,2033.45,104742,-0.79
2021-06-16 13:24:54,2026.75,4,85836,91400,2033.45,104746,-0.79
2021-06-16 13:24:55,2026.75,4,85852,91300,2033.45,104746,-0.79
2021-06-16 13:24:58,2026.75,4,85851,91300,2033.45,104746,-0.79
2021-06-16 13:25:00,2026.75,4,85851,91290,2033.45,104746,-0.79
2021-06-16 13:25:01,2026.75,4,85839,91303,2033.45,104746,-0.79
2021-06-16 13:25:04,2026.75,4,85841,91278,2033.45,104746,-0.79
2021-06-16 13:25:07,2026.75,4,85843,91441,2033.45,104746,-0.79
2021-06-16 13:25:08,2026.85,10,85843,91441,2033.45,104746,-0.79
2021-06-16 13:25:09,2026.85,10,85843,91465,2033.45,104756,-0.79
2021-06-16 13:25:13,2026.85,10,85835,91465,2033.45,104756,-0.79
2021-06-16 13:25:15,2026.85,10,85838,91292,2033.45,104756,-0.79
2021-06-16 13:25:17,2026.85,10,85862,91292,2033.45,104756,-0.79
2021-06-16 13:25:19,2026.85,10,85862,91294,2033.45,104756,-0.79
2021-06-16 13:25:21,2026.85,10,85867,91290,2033.45,104756,-0.79
2021-06-16 13:25:23,2026.85,10,85931,91292,2033.45,104756,-0.79
2021-06-16 13:25:25,2026.85,10,85962,91417,2033.45,104756,-0.79
2021-06-16 13:25:26,2026.9,3,85962,91417,2033.45,104756,-0.79
2021-06-16 13:25:28,2026.9,3,85962,91436,2033.45,104759,-0.79
2021-06-16 13:25:32,2026.9,3,85962,91414,2033.45,104759,-0.79
2021-06-16 13:25:36,2026.9,3,85962,91454,2033.45,104759,-0.79
2021-06-16 13:25:38,2026.9,3,85964,91475,2033.45,104759,-0.79
2021-06-16 13:25:39,2026.9,3,86274,91475,2033.45,104759,-0.79
2021-06-16 13:25:42,2026.9,3,86238,91464,2033.45,104759,-0.79
2021-06-16 13:25:43,2026.7,9,86238,91464,2033.45,104759,-0.8
2021-06-16 13:25:44,2026.7,9,86238,91445,2033.45,104768,-0.8
2021-06-16 13:25:48,2026.7,9,86238,91424,2033.45,104768,-0.8
2021-06-16 13:25:49,2026.05,1,86238,91349,2033.45,104769,-0.83
2021-06-16 13:25:51,2026.05,1,86238,91413,2033.45,104769,-0.83
2021-06-16 13:25:53,2026.05,3,86238,91413,2033.45,104769,-0.83
2021-06-16 13:25:54,2026.05,3,86433,89851,2033.45,104772,-0.83
2021-06-16 13:25:54,2026.85,147,86433,89851,2033.45,104772,-0.79
2021-06-16 13:25:55,2026.85,147,86516,90432,2033.44,104929,-0.79
2021-06-16 13:25:57,2026.85,147,86516,90462,2033.44,104929,-0.79
2021-06-16 13:25:59,2026.85,147,86417,91081,2033.44,104929,-0.79
2021-06-16 13:26:03,2026.85,147,86418,91078,2033.44,104929,-0.79
2021-06-16 13:26:06,2026.85,147,86421,91078,2033.44,104929,-0.79
2021-06-16 13:26:14,2026.85,147,86455,90497,2033.44,104929,-0.79
2021-06-16 13:26:18,2026.85,147,86421,90462,2033.44,104929,-0.79
2021-06-16 13:26:23,2026.85,147,86357,90499,2033.44,104929,-0.79
2021-06-16 13:26:25,2026.85,147,86333,90499,2033.44,104929,-0.79
2021-06-16 13:26:27,2026.85,147,86333,90507,2033.44,104929,-0.79
2021-06-16 13:26:34,2026.85,147,86336,90655,2033.44,104929,-0.79
2021-06-16 13:26:36,2026.85,147,86236,90655,2033.44,104929,-0.79
2021-06-16 13:26:42,2026.85,147,86272,90655,2033.44,104929,-0.79
2021-06-16 13:26:44,2026.85,147,86468,90478,2033.44,104929,-0.79
2021-06-16 13:26:47,2026.85,147,86491,90488,2033.44,104929,-0.79
2021-06-16 13:26:54,2026.85,147,86453,90520,2033.44,104929,-0.79
2021-06-16 13:26:57,2026.85,147,86426,90499,2033.44,104929,-0.79
2021-06-16 13:27:00,2026.85,147,86433,90453,2033.44,104929,-0.79
2021-06-16 13:27:02,2026.85,147,86470,90453,2033.44,104929,-0.79
2021-06-16 13:27:04,2026.85,147,86488,90354,2033.44,104929,-0.79
2021-06-16 13:27:06,2026.85,147,86488,90388,2033.44,104929,-0.79
2021-06-16 13:27:10,2026.85,147,86488,90378,2033.44,104929,-0.79
2021-06-16 13:27:15,2026.85,147,86486,90378,2033.44,104929,-0.79
2021-06-16 13:27:21,2026.85,147,86490,90378,2033.44,104929,-0.79
2021-06-16 13:27:36,2027.0,6,86526,90488,2033.44,104949,-0.78
2021-06-16 13:27:39,2027.0,6,86536,90488,2033.44,104949,-0.78
2021-06-16 13:27:45,2027.0,6,86527,90488,2033.44,104949,-0.78
2021-06-16 13:27:48,2026.95,1,86527,90488,2033.44,104949,-0.78
2021-06-16 13:27:49,2026.95,1,86571,90487,2033.44,104950,-0.78
2021-06-16 13:27:51,2026.95,1,86582,90487,2033.44,104950,-0.78
2021-06-16 13:27:53,2026.95,1,86572,90487,2033.44,104950,-0.78
2021-06-16 13:27:55,2026.95,1,86570,90487,2033.44,104950,-0.78
2021-06-16 13:28:00,2026.95,1,86569,90487,2033.44,104950,-0.78
2021-06-16 13:28:11,2026.95,1,86553,90487,2033.44,104950,-0.78
2021-06-16 13:28:18,2026.95,1,86459,90488,2033.44,104950,-0.78
2021-06-16 13:28:20,2026.95,1,86469,90498,2033.44,104950,-0.78
2021-06-16 13:28:24,2026.95,1,86419,90488,2033.44,104950,-0.78
2021-06-16 13:28:27,2026.95,1,86969,90329,2033.44,104950,-0.78
2021-06-16 13:28:27,2027.0,5,86969,90329,2033.44,104950,-0.78
2021-06-16 13:28:30,2027.0,5,86933,90324,2033.44,104955,-0.78
2021-06-16 13:28:31,2027.0,5,86969,90324,2033.44,104955,-0.78
2021-06-16 13:28:34,2027.0,5,86969,90328,2033.44,104955,-0.78
2021-06-16 13:28:36,2027.0,5,86929,90328,2033.44,104955,-0.78
2021-06-16 13:28:42,2027.0,5,86919,90328,2033.44,104955,-0.78
2021-06-16 13:28:43,2027.0,5,85809,90427,2033.44,104955,-0.78
2021-06-16 13:28:45,2027.0,5,86465,90554,2033.44,104955,-0.78
2021-06-16 13:28:47,2027.0,5,86508,90447,2033.44,104955,-0.78
2021-06-16 13:28:48,2027.0,5,86544,90414,2033.44,104955,-0.78
2021-06-16 13:28:52,2027.0,5,86551,90352,2033.44,104955,-0.78
2021-06-16 13:28:54,2027.0,5,86551,90348,2033.44,104955,-0.78
2021-06-16 13:28:55,2027.0,5,86776,90310,2033.44,104955,-0.78
2021-06-16 13:29:02,2027.0,5,86776,90313,2033.44,104955,-0.78
2021-06-16 13:29:04,2027.0,5,86075,91157,2033.44,104955,-0.78
2021-06-16 13:29:08,2027.0,5,86113,91179,2033.44,104955,-0.78
2021-06-16 13:29:13,2027.0,5,86114,91179,2033.44,104955,-0.78
2021-06-16 13:29:15,2027.0,5,86115,91179,2033.44,104955,-0.78
2021-06-16 13:29:17,2026.1,8,86115,91179,2033.44,104955,-0.82
2021-06-16 13:29:18,2026.1,8,86148,91213,2033.44,104963,-0.82
2021-06-16 13:29:19,2026.1,8,86307,91213,2033.44,104963,-0.82
2021-06-16 13:29:22,2026.75,1,86307,91213,2033.44,104963,-0.79
2021-06-16 13:29:23,2026.75,1,86307,91212,2033.44,104964,-0.79
2021-06-16 13:29:25,2026.75,1,86275,91250,2033.44,104964,-0.79
2021-06-16 13:29:27,2026.75,1,86327,91250,2033.44,104964,-0.79
2021-06-16 13:29:30,2026.75,1,86638,91250,2033.44,104964,-0.79
2021-06-16 13:29:33,2026.75,1,86648,91250,2033.44,104964,-0.79
2021-06-16 13:29:34,2026.75,1,86648,90508,2033.44,104964,-0.79
2021-06-16 13:29:40,2026.65,59,86648,90508,2033.44,104964,-0.8
2021-06-16 13:29:40,2026.65,59,84922,89710,2033.43,105044,-0.8
2021-06-16 13:29:42,2026.65,59,86246,89783,2033.43,105044,-0.8
2021-06-16 13:29:43,2026.65,59,86246,89786,2033.43,105044,-0.8
2021-06-16 13:29:45,2026.65,59,86146,89809,2033.43,105044,-0.8
2021-06-16 13:29:47,2026.65,59,86146,89764,2033.43,105044,-0.8
2021-06-16 13:29:48,2026.65,59,86114,90866,2033.43,105044,-0.8
2021-06-16 13:29:52,2026.65,59,86130,90862,2033.43,105044,-0.8
2021-06-16 13:29:54,2026.65,59,86130,90866,2033.43,105044,-0.8
2021-06-16 13:29:57,2026.65,59,86130,90918,2033.43,105044,-0.8
2021-06-16 13:29:58,2026.65,59,86130,91193,2033.43,105044,-0.8
2021-06-16 13:30:00,2026.65,59,86130,91171,2033.43,105044,-0.8
2021-06-16 13:30:02,2026.65,59,86130,91930,2033.43,105044,-0.8
2021-06-16 13:30:04,2026.65,59,86130,91796,2033.43,105044,-0.8
2021-06-16 13:30:04,2026.15,1,86130,91796,2033.43,105044,-0.82
2021-06-16 13:30:06,2026.15,1,86041,91956,2033.43,105045,-0.82
2021-06-16 13:30:12,2026.15,1,86041,91958,2033.43,105045,-0.82
2021-06-16 13:30:14,2026.15,1,86064,91935,2033.43,105045,-0.82
2021-06-16 13:30:17,2026.15,1,86100,91935,2033.43,105045,-0.82
2021-06-16 13:30:19,2026.15,1,86152,91940,2033.43,105045,-0.82
2021-06-16 13:30:20,2026.15,1,86153,91940,2033.43,105045,-0.82
2021-06-16 13:30:21,2026.15,5,86153,91940,2033.43,105045,-0.82
2021-06-16 13:30:22,2026.15,5,86316,90716,2033.43,105149,-0.82
2021-06-16 13:30:24,2026.15,5,86317,90716,2033.43,105149,-0.82
2021-06-16 13:30:25,2026.15,5,86538,90719,2033.43,105149,-0.82
2021-06-16 13:30:29,2026.15,5,86550,89960,2033.43,105149,-0.82
2021-06-16 13:30:30,2026.15,5,86554,89960,2033.43,105149,-0.82
2021-06-16 13:30:32,2026.15,5,86606,89960,2033.43,105149,-0.82
2021-06-16 13:30:34,2026.15,5,86607,89980,2033.43,105149,-0.82
2021-06-16 13:30:37,2026.15,5,86924,89940,2033.43,105149,-0.82
2021-06-16 13:30:38,2026.15,5,86939,89940,2033.43,105149,-0.82
2021-06-16 13:30:42,2026.15,5,86914,89941,2033.43,105149,-0.82
2021-06-16 13:30:45,2026.15,5,86914,89943,2033.43,105149,-0.82
2021-06-16 13:30:49,2026.15,5,86914,89967,2033.43,105149,-0.82
2021-06-16 13:30:52,2026.15,5,86914,89971,2033.43,105149,-0.82
2021-06-16 13:30:54,2026.15,5,86914,90023,2033.43,105149,-0.82
2021-06-16 13:30:56,2026.15,5,86776,89799,2033.43,105149,-0.82
2021-06-16 13:30:58,2026.15,5,86848,90130,2033.43,105149,-0.82
2021-06-16 13:31:01,2026.15,5,86848,90248,2033.43,105149,-0.82
2021-06-16 13:31:04,2026.15,5,87041,90255,2033.43,105149,-0.82
2021-06-16 13:31:07,2026.15,5,87041,90279,2033.43,105149,-0.82
2021-06-16 13:31:10,2026.15,5,87021,91091,2033.43,105149,-0.82
2021-06-16 13:31:12,2026.15,5,86680,91168,2033.43,105149,-0.82
2021-06-16 13:31:13,2026.15,5,86688,91164,2033.43,105149,-0.82
2021-06-16 13:31:15,2026.15,5,86688,91144,2033.43,105149,-0.82
2021-06-16 13:31:16,2026.15,5,86596,91171,2033.43,105149,-0.82
2021-06-16 13:31:20,2026.15,5,86576,91193,2033.43,105149,-0.82
2021-06-16 13:31:22,2026.15,5,86585,91191,2033.43,105149,-0.82
2021-06-16 13:31:22,2026.15,1,86585,91191,2033.43,105149,-0.82
2021-06-16 13:31:28,2026.15,1,86590,91378,2033.43,105150,-0.82
2021-06-16 13:31:30,2026.15,2,86590,91330,2033.43,105152,-0.82
2021-06-16 13:31:31,2026.15,2,86590,91354,2033.43,105152,-0.82
2021-06-16 13:31:33,2026.1,97,86590,91354,2033.43,105152,-0.82
2021-06-16 13:31:46,2026.1,97,86431,91297,2033.42,105249,-0.82
2021-06-16 13:31:46,2026.1,395,86431,91297,2033.42,105249,-0.82
2021-06-16 13:31:48,2026.1,395,86038,91313,2033.39,105644,-0.82
2021-06-16 13:31:52,2026.1,395,86000,91337,2033.39,105644,-0.82
2021-06-16 13:31:57,2026.4,1,86000,91337,2033.39,105644,-0.81
2021-06-16 13:32:03,2026.4,1,86000,91336,2033.39,105645,-0.81
2021-06-16 13:32:04,2026.4,1,86015,91336,2033.39,105645,-0.81
2021-06-16 13:32:08,2026.4,1,86005,91336,2033.39,105645,-0.81
2021-06-16 13:32:13,2026.4,1,86003,91337,2033.39,105645,-0.81
2021-06-16 13:32:18,2026.4,1,85983,91337,2033.39,105645,-0.81
2021-06-16 13:32:21,2026.4,1,86126,91390,2033.39,105645,-0.81
2021-06-16 13:32:24,2026.4,1,86126,91411,2033.39,105645,-0.81
2021-06-16 13:32:25,2026.4,1,86126,91361,2033.39,105645,-0.81
2021-06-16 13:32:27,2026.4,1,86126,91394,2033.39,105645,-0.81
2021-06-16 13:32:30,2026.4,1,86082,91254,2033.39,105645,-0.81
2021-06-16 13:32:33,2026.4,1,86094,91253,2033.39,105645,-0.81
2021-06-16 13:32:37,2026.4,1,86094,91221,2033.39,105645,-0.81
2021-06-16 13:32:38,2026.4,1,86094,91241,2033.39,105645,-0.81
2021-06-16 13:32:40,2026.4,1,86108,90462,2033.39,105645,-0.81
2021-06-16 13:32:42,2026.4,1,86116,90414,2033.39,105645,-0.81
2021-06-16 13:32:43,2026.4,1,86116,90434,2033.39,105645,-0.81
2021-06-16 13:32:53,2026.4,1,86116,90462,2033.39,105645,-0.81
2021-06-16 13:32:56,2026.4,1,86378,90451,2033.39,105645,-0.81
2021-06-16 13:32:57,2026.05,41,86378,90451,2033.39,105645,-0.83
2021-06-16 13:32:58,2026.05,41,86314,90647,2033.39,105695,-0.83
2021-06-16 13:33:10,2026.05,41,86634,90363,2033.39,105695,-0.83
2021-06-16 13:33:15,2026.05,41,86684,90382,2033.39,105695,-0.83
2021-06-16 13:33:17,2026.05,41,86686,90382,2033.39,105695,-0.83
2021-06-16 13:33:19,2026.05,41,86709,90382,2033.39,105695,-0.83
2021-06-16 13:33:24,2026.05,41,86210,90382,2033.39,105695,-0.83
2021-06-16 13:33:27,2026.05,41,86235,90395,2033.39,105695,-0.83
2021-06-16 13:33:34,2026.05,41,86193,90330,2033.39,105695,-0.83
2021-06-16 13:33:57,2026.05,41,86235,90330,2033.39,105695,-0.83
2021-06-16 13:34:02,2026.05,41,86190,90363,2033.39,105695,-0.83
2021-06-16 13:34:05,2026.05,41,86033,90362,2033.39,105695,-0.83
2021-06-16 13:34:08,2026.05,41,86033,90364,2033.39,105695,-0.83
2021-06-16 13:34:10,2026.05,41,86003,90364,2033.39,105695,-0.83
2021-06-16 13:34:13,2026.05,41,85961,90364,2033.39,105695,-0.83
2021-06-16 13:34:16,2026.95,25,85900,90364,2033.39,105695,-0.78
2021-06-16 13:34:19,2026.95,25,86064,90646,2033.39,105720,-0.78
2021-06-16 13:34:22,2026.95,25,86141,90479,2033.39,105720,-0.78
2021-06-16 13:34:25,2026.95,25,86286,90442,2033.39,105720,-0.78
2021-06-16 13:34:28,2026.95,25,86074,90601,2033.39,105720,-0.78
2021-06-16 13:34:31,2026.95,25,86119,90611,2033.39,105720,-0.78
2021-06-16 13:34:34,2026.95,25,86119,90580,2033.39,105720,-0.78
2021-06-16 13:34:36,2026.95,25,86119,90590,2033.39,105720,-0.78
2021-06-16 13:34:38,2026.95,25,86102,90576,2033.39,105720,-0.78
2021-06-16 13:34:40,2026.95,25,86057,90576,2033.39,105720,-0.78
2021-06-16 13:34:46,2026.95,25,86057,90662,2033.39,105720,-0.78
2021-06-16 13:34:57,2026.95,25,86056,90652,2033.39,105720,-0.78
2021-06-16 13:35:04,2026.95,25,86020,90702,2033.39,105720,-0.78
2021-06-16 13:35:04,2025.6,1,86020,90702,2033.39,105720,-0.85
2021-06-16 13:35:06,2025.6,1,85050,91131,2033.39,105745,-0.85
2021-06-16 13:35:08,2025.6,1,85086,91139,2033.39,105745,-0.85
2021-06-16 13:35:09,2025.6,1,85086,91110,2033.39,105745,-0.85
2021-06-16 13:35:12,2025.85,1,85086,91110,2033.39,105745,-0.84
2021-06-16 13:35:13,2025.85,1,85122,91109,2033.38,105746,-0.84
2021-06-16 13:35:15,2025.85,1,85162,90990,2033.38,105746,-0.84
2021-06-16 13:35:19,2025.85,1,85190,90991,2033.38,105746,-0.84
2021-06-16 13:35:21,2025.85,1,84658,90882,2033.38,105746,-0.84
2021-06-16 13:35:23,2025.85,1,85190,90858,2033.38,105746,-0.84
2021-06-16 13:35:25,2025.85,1,85078,91002,2033.38,105746,-0.84
2021-06-16 13:35:28,2025.85,1,85080,91012,2033.38,105746,-0.84
2021-06-16 13:35:30,2025.85,1,85080,91002,2033.38,105746,-0.84
2021-06-16 13:35:31,2025.85,1,85081,91002,2033.38,105746,-0.84
2021-06-16 13:35:33,2025.85,1,85069,90848,2033.38,105746,-0.84
2021-06-16 13:35:36,2025.85,1,85105,90848,2033.38,105746,-0.84
2021-06-16 13:35:38,2025.85,1,85135,90848,2033.38,105746,-0.84
2021-06-16 13:35:40,2025.85,1,85220,90803,2033.38,105746,-0.84
2021-06-16 13:35:42,2025.85,1,85221,90803,2033.38,105746,-0.84
2021-06-16 13:35:42,2025.15,4,85221,90803,2033.38,105746,-0.87
2021-06-16 13:35:43,2025.15,4,85349,90803,2033.38,105752,-0.87
2021-06-16 13:35:45,2025.15,4,85348,90803,2033.38,105752,-0.87
2021-06-16 13:35:46,2025.15,4,85296,90803,2033.38,105752,-0.87
2021-06-16 13:35:49,2025.15,4,85224,90815,2033.38,105752,-0.87
2021-06-16 13:35:52,2025.15,4,85075,91136,2033.38,105752,-0.87
2021-06-16 13:35:54,2025.15,4,85161,91035,2033.38,105752,-0.87
2021-06-16 13:35:57,2025.15,4,85174,91032,2033.38,105752,-0.87
2021-06-16 13:36:00,2025.15,4,85174,91141,2033.38,105752,-0.87
2021-06-16 13:36:02,2025.15,4,85174,90992,2033.38,105752,-0.87
2021-06-16 13:36:06,2025.15,4,85189,90972,2033.38,105752,-0.87
2021-06-16 13:36:09,2025.15,4,85132,91105,2033.38,105752,-0.87
2021-06-16 13:36:10,2025.15,4,85132,90996,2033.38,105752,-0.87
2021-06-16 13:36:14,2025.15,4,85155,90996,2033.38,105752,-0.87
2021-06-16 13:36:15,2025.15,4,85155,90972,2033.38,105752,-0.87
2021-06-16 13:36:17,2025.15,4,85191,90961,2033.38,105752,-0.87
2021-06-16 13:36:21,2025.15,4,85191,90982,2033.38,105752,-0.87
2021-06-16 13:36:27,2025.65,1,85191,90982,2033.38,105752,-0.85
2021-06-16 13:36:31,2025.65,1,85145,91021,2033.38,105753,-0.85
2021-06-16 13:36:33,2025.65,1,89145,91021,2033.38,105753,-0.85
2021-06-16 13:36:35,2025.65,1,89153,90997,2033.38,105753,-0.85
2021-06-16 13:36:36,2024.3,19,89153,90997,2033.38,105753,-0.91
2021-06-16 13:36:39,2024.3,19,89137,91280,2033.38,105803,-0.91
2021-06-16 13:36:40,2024.3,19,89139,91280,2033.38,105803,-0.91
2021-06-16 13:36:42,2024.3,19,89140,91280,2033.38,105803,-0.91
2021-06-16 13:36:45,2024.4,37,89249,91256,2033.38,105803,-0.91
2021-06-16 13:36:46,2024.4,37,88973,91242,2033.37,105953,-0.91
2021-06-16 13:36:52,2024.4,37,88972,91242,2033.37,105953,-0.91
2021-06-16 13:36:54,2024.4,37,88972,91256,2033.37,105953,-0.91
2021-06-16 13:36:58,2024.4,37,88972,91216,2033.37,105953,-0.91
2021-06-16 13:37:01,2024.4,37,89008,91181,2033.37,105953,-0.91
2021-06-16 13:37:04,2025.4,4,88935,91186,2033.37,105957,-0.86
2021-06-16 13:37:07,2025.4,4,88941,91209,2033.37,105957,-0.86
2021-06-16 13:37:15,2025.4,4,88925,91209,2033.37,105957,-0.86
2021-06-16 13:37:16,2025.4,4,88885,91209,2033.37,105957,-0.86
2021-06-16 13:37:23,2025.4,4,88864,91221,2033.37,105957,-0.86
2021-06-16 13:37:25,2025.4,4,88882,91221,2033.37,105957,-0.86
2021-06-16 13:37:27,2025.4,4,88890,91221,2033.37,105957,-0.86
2021-06-16 13:37:31,2025.4,4,89244,90984,2033.37,105957,-0.86
2021-06-16 13:37:33,2025.4,4,89236,90961,2033.37,105957,-0.86
2021-06-16 13:37:35,2025.4,4,89201,90961,2033.37,105957,-0.86
2021-06-16 13:37:37,2025.4,4,89194,90961,2033.37,105957,-0.86
2021-06-16 13:37:39,2025.4,4,89195,90961,2033.37,105957,-0.86
2021-06-16 13:37:40,2024.4,2,89195,90961,2033.37,105957,-0.91
2021-06-16 13:37:41,2024.4,2,89189,90985,2033.36,106007,-0.91
2021-06-16 13:37:44,2024.4,2,89689,91485,2033.36,106007,-0.91
2021-06-16 13:37:46,2024.4,2,89753,91485,2033.36,106007,-0.91
2021-06-16 13:37:48,2024.4,2,90011,91489,2033.36,106007,-0.91
2021-06-16 13:37:49,2024.4,2,89988,91489,2033.36,106007,-0.91
2021-06-16 13:37:53,2024.4,2,89897,91553,2033.36,106007,-0.91
2021-06-16 13:37:55,2024.4,2,89905,91553,2033.36,106007,-0.91
2021-06-16 13:38:00,2024.4,2,89178,91869,2033.36,106007,-0.91
2021-06-16 13:38:06,2024.4,2,89280,91880,2033.36,106007,-0.91
2021-06-16 13:38:10,2024.4,2,89318,91880,2033.36,106007,-0.91
2021-06-16 13:38:12,2024.4,2,89193,91880,2033.36,106007,-0.91
2021-06-16 13:38:20,2024.4,2,89193,91840,2033.36,106007,-0.91
2021-06-16 13:38:40,2024.4,2,89193,91798,2033.36,106007,-0.91
2021-06-16 13:38:42,2024.4,2,89227,91879,2033.36,106007,-0.91
2021-06-16 13:38:47,2024.4,2,89227,91857,2033.36,106007,-0.91
2021-06-16 13:38:49,2024.4,2,89227,91882,2033.36,106007,-0.91
2021-06-16 13:38:59,2024.4,2,89277,91857,2033.36,106007,-0.91
2021-06-16 13:39:03,2024.4,2,89277,91846,2033.36,106007,-0.91
2021-06-16 13:39:10,2025.05,1,89277,91846,2033.36,106007,-0.88
2021-06-16 13:39:11,2025.05,1,89543,91673,2033.35,106153,-0.88
2021-06-16 13:39:13,2025.05,1,89525,91673,2033.35,106153,-0.88
2021-06-16 13:39:13,2024.6,5,89525,91673,2033.35,106153,-0.9
2021-06-16 13:39:15,2024.6,5,89426,91677,2033.35,106158,-0.9
2021-06-16 13:39:18,2024.6,5,89436,91709,2033.35,106158,-0.9
2021-06-16 13:39:21,2024.6,5,89436,91699,2033.35,106158,-0.9
2021-06-16 13:39:24,2026.55,36,89436,91699,2033.35,106158,-0.8
2021-06-16 13:39:24,2026.55,36,89698,91495,2033.33,106433,-0.8
2021-06-16 13:39:29,2026.55,36,89698,91554,2033.33,106433,-0.8
2021-06-16 13:39:31,2026.55,36,89700,91554,2033.33,106433,-0.8
2021-06-16 13:39:33,2026.55,36,89616,91554,2033.33,106433,-0.8
2021-06-16 13:39:34,2026.55,36,89616,91599,2033.33,106433,-0.8
2021-06-16 13:39:40,2026.55,36,89398,91763,2033.33,106433,-0.8
2021-06-16 13:39:43,2026.55,36,89470,91743,2033.33,106433,-0.8
2021-06-16 13:39:46,2026.55,36,89688,91504,2033.33,106433,-0.8
2021-06-16 13:39:48,2026.55,36,89587,91733,2033.33,106433,-0.8
2021-06-16 13:39:49,2026.55,36,89664,91568,2033.33,106433,-0.8
2021-06-16 13:39:51,2026.55,36,89643,91581,2033.33,106433,-0.8
2021-06-16 13:40:00,2026.55,36,89603,91581,2033.33,106433,-0.8
2021-06-16 13:40:06,2025.85,1,89601,91601,2033.33,106434,-0.84
2021-06-16 13:40:14,2025.85,1,89601,91605,2033.33,106434,-0.84
2021-06-16 13:40:15,2025.85,1,89706,91508,2033.33,106434,-0.84
2021-06-16 13:40:17,2025.85,1,89715,91575,2033.33,106434,-0.84
2021-06-16 13:40:21,2025.85,1,89673,91575,2033.33,106434,-0.84
2021-06-16 13:40:22,2025.85,1,89650,91561,2033.33,106434,-0.84
2021-06-16 13:40:30,2025.85,1,89660,91561,2033.33,106434,-0.84
2021-06-16 13:40:34,2025.85,1,89624,91561,2033.33,106434,-0.84
2021-06-16 13:40:39,2025.85,1,89635,91522,2033.33,106434,-0.84
2021-06-16 13:40:41,2025.85,1,89635,91542,2033.33,106434,-0.84
2021-06-16 13:40:44,2025.85,1,89644,91542,2033.33,106434,-0.84
2021-06-16 13:40:47,2025.85,1,89932,91535,2033.33,106434,-0.84
2021-06-16 13:40:48,2025.85,1,89922,91535,2033.33,106434,-0.84
2021-06-16 13:40:55,2025.85,2,89922,91535,2033.33,106434,-0.84
2021-06-16 13:40:57,2025.85,2,89988,91477,2033.33,106486,-0.84
2021-06-16 13:41:07,2025.85,2,89987,91476,2033.33,106486,-0.84
2021-06-16 13:41:10,2025.85,2,90303,92061,2033.33,106486,-0.84
2021-06-16 13:41:12,2025.85,2,90316,92051,2033.33,106486,-0.84
2021-06-16 13:41:13,2025.85,2,90316,92104,2033.33,106486,-0.84
2021-06-16 13:41:15,2025.85,2,90128,92104,2033.33,106486,-0.84
2021-06-16 13:41:16,2025.85,2,90268,92275,2033.33,106486,-0.84
2021-06-16 13:41:18,2025.85,2,90159,92279,2033.33,106486,-0.84
2021-06-16 13:41:20,2025.85,2,90102,92269,2033.33,106486,-0.84
2021-06-16 13:41:25,2025.85,2,90288,92096,2033.33,106486,-0.84
2021-06-16 13:41:27,2025.85,2,90220,92172,2033.33,106486,-0.84
2021-06-16 13:41:30,2025.85,2,90261,92168,2033.33,106486,-0.84
2021-06-16 13:41:32,2025.85,2,90348,92106,2033.33,106486,-0.84
2021-06-16 13:41:34,2025.85,2,90150,92218,2033.33,106486,-0.84
2021-06-16 13:41:35,2025.85,2,90150,92228,2033.33,106486,-0.84
2021-06-16 13:41:39,2025.85,2,90150,92208,2033.33,106486,-0.84
2021-06-16 13:41:41,2025.85,2,90150,91227,2033.33,106486,-0.84
2021-06-16 13:41:44,2025.85,2,90150,90727,2033.33,106486,-0.84
2021-06-16 13:41:46,2025.85,2,90150,92387,2033.33,106486,-0.84
2021-06-16 13:41:48,2025.85,2,90356,92371,2033.33,106486,-0.84
2021-06-16 13:41:49,2025.85,2,90366,92353,2033.33,106486,-0.84
2021-06-16 13:41:51,2025.85,2,90471,92988,2033.33,106486,-0.84
2021-06-16 13:41:54,2025.85,2,90451,92988,2033.33,106486,-0.84
2021-06-16 13:41:56,2025.85,2,90451,93007,2033.33,106486,-0.84
2021-06-16 13:41:59,2025.85,2,90450,93007,2033.33,106486,-0.84
2021-06-16 13:42:00,2025.7,1,90450,93007,2033.33,106486,-0.84
2021-06-16 13:42:01,2025.7,1,90342,92998,2033.33,106496,-0.84
2021-06-16 13:42:06,2025.7,1,90342,92997,2033.33,106496,-0.84
2021-06-16 13:42:10,2025.7,1,90391,92856,2033.33,106496,-0.84
2021-06-16 13:42:12,2025.7,1,90381,92856,2033.33,106496,-0.84
2021-06-16 13:42:13,2025.7,1,90381,92848,2033.33,106496,-0.84
2021-06-16 13:42:15,2025.7,1,90381,92838,2033.33,106496,-0.84
2021-06-16 13:42:16,2025.7,1,90389,92830,2033.33,106496,-0.84
2021-06-16 13:42:18,2025.7,1,90400,92830,2033.33,106496,-0.84
2021-06-16 13:42:19,2025.7,1,90402,92176,2033.33,106496,-0.84
2021-06-16 13:42:21,2025.7,1,90402,92186,2033.33,106496,-0.84
2021-06-16 13:42:24,2025.7,1,90402,92159,2033.33,106496,-0.84
2021-06-16 13:42:28,2025.7,1,90325,92212,2033.33,106496,-0.84
2021-06-16 13:42:32,2025.7,1,90325,92211,2033.33,106496,-0.84
2021-06-16 13:42:34,2025.7,1,90279,92240,2033.33,106496,-0.84
2021-06-16 13:42:35,2025.7,150,90402,92168,2033.32,106646,-0.84
2021-06-16 13:42:40,2025.7,150,90390,92195,2033.32,106646,-0.84
2021-06-16 13:42:42,2025.7,5,90390,92195,2033.32,106646,-0.84
2021-06-16 13:42:43,2025.7,5,90365,92231,2033.32,106665,-0.84
2021-06-16 13:42:44,2025.7,5,90365,92221,2033.32,106665,-0.84
2021-06-16 13:42:46,2025.65,3,90363,92231,2033.32,106668,-0.85
2021-06-16 13:42:47,2025.45,1,90363,92231,2033.32,106668,-0.86
2021-06-16 13:42:48,2025.45,1,90376,92303,2033.32,106676,-0.86
2021-06-16 13:42:49,2025.45,1,90399,92303,2033.32,106676,-0.86
2021-06-16 13:42:51,2025.45,1,90399,92283,2033.32,106676,-0.86
2021-06-16 13:42:59,2025.45,14,90521,92221,2033.31,106690,-0.86
2021-06-16 13:43:01,2025.45,14,90521,92225,2033.31,106690,-0.86
2021-06-16 13:43:03,2025.5,4,90553,92225,2033.31,106694,-0.85
2021-06-16 13:43:04,2025.5,4,90459,92159,2033.31,106694,-0.85
2021-06-16 13:43:09,2025.5,4,90459,92180,2033.31,106694,-0.85
2021-06-16 13:43:10,2025.5,4,90459,92290,2033.31,106694,-0.85
2021-06-16 13:43:13,2025.5,4,90366,92479,2033.31,106694,-0.85
2021-06-16 13:43:15,2025.5,4,89366,92492,2033.31,106694,-0.85
2021-06-16 13:43:17,2025.5,4,89312,92492,2033.31,106694,-0.85
2021-06-16 13:43:19,2025.5,4,89312,92506,2033.31,106694,-0.85
2021-06-16 13:43:21,2025.5,11,89312,92506,2033.31,106694,-0.85
2021-06-16 13:43:22,2025.5,11,89311,92533,2033.31,106705,-0.85
2021-06-16 13:43:24,2025.5,11,89314,92533,2033.31,106705,-0.85
2021-06-16 13:43:25,2025.5,11,89291,92533,2033.31,106705,-0.85
2021-06-16 13:43:27,2025.5,11,89304,92533,2033.31,106705,-0.85
2021-06-16 13:43:32,2025.3,4,89288,92533,2033.31,106719,-0.86
2021-06-16 13:43:34,2025.3,4,89298,92533,2033.31,106719,-0.86
2021-06-16 13:43:36,2025.3,14,89298,92533,2033.31,106719,-0.86
2021-06-16 13:43:39,2025.3,14,89284,92533,2033.31,106733,-0.86
2021-06-16 13:43:48,2025.3,14,89248,92533,2033.31,106747,-0.86
2021-06-16 13:43:49,2025.3,14,89273,92533,2033.31,106747,-0.86
2021-06-16 13:43:51,2025.3,14,89343,91899,2033.31,106747,-0.86
2021-06-16 13:43:53,2025.3,14,89333,91899,2033.31,106747,-0.86
2021-06-16 13:43:54,2025.3,14,89383,92017,2033.31,106747,-0.86
2021-06-16 13:43:58,2025.35,14,89383,92017,2033.31,106747,-0.86
2021-06-16 13:44:00,2025.35,14,89369,92017,2033.31,106761,-0.86
2021-06-16 13:44:01,2025.35,14,89350,92017,2033.31,106761,-0.86
2021-06-16 13:44:02,2026.0,2,89350,92017,2033.31,106761,-0.83
2021-06-16 13:44:04,2026.0,2,89302,92375,2033.31,106763,-0.83
2021-06-16 13:44:06,2026.0,2,89292,92375,2033.31,106763,-0.83
2021-06-16 13:44:08,2026.0,2,89299,92373,2033.31,106765,-0.83
2021-06-16 13:44:09,2026.0,1,89299,92373,2033.31,106765,-0.83
2021-06-16 13:44:13,2026.0,1,89299,92372,2033.31,106766,-0.83
2021-06-16 13:44:15,2026.0,1,89246,92436,2033.31,106766,-0.83
2021-06-16 13:44:20,2026.0,1,89244,92435,2033.31,106766,-0.83
2021-06-16 13:44:22,2026.0,1,89184,92435,2033.31,106766,-0.83
2021-06-16 13:44:25,2026.0,1,89219,92371,2033.31,106766,-0.83
2021-06-16 13:44:30,2026.0,87,89530,92194,2033.3,106961,-0.83
2021-06-16 13:44:32,2026.0,87,89449,92222,2033.3,106961,-0.83
2021-06-16 13:44:36,2026.0,87,89495,92236,2033.3,106961,-0.83
2021-06-16 13:44:37,2026.0,87,89515,92211,2033.3,106961,-0.83
2021-06-16 13:44:39,2026.0,87,89579,92208,2033.3,106961,-0.83
2021-06-16 13:44:41,2026.0,87,89579,92231,2033.3,106961,-0.83
2021-06-16 13:44:45,2026.0,87,89599,92231,2033.3,106961,-0.83
2021-06-16 13:44:48,2026.0,87,89601,92231,2033.3,106961,-0.83
2021-06-16 13:44:49,2026.0,87,89537,92242,2033.3,106961,-0.83
2021-06-16 13:44:51,2026.0,87,89537,92202,2033.3,106961,-0.83
2021-06-16 13:44:53,2026.0,87,88978,92304,2033.3,106961,-0.83
2021-06-16 13:44:54,2026.0,87,88933,92316,2033.3,106961,-0.83
2021-06-16 13:44:56,2026.0,87,88996,92319,2033.3,106961,-0.83
2021-06-16 13:44:57,2026.0,87,89291,92285,2033.3,106961,-0.83
2021-06-16 13:44:59,2026.0,87,89312,92284,2033.3,106961,-0.83
2021-06-16 13:45:00,2026.0,87,88920,92285,2033.3,106961,-0.83
2021-06-16 13:45:03,2026.0,87,89356,92192,2033.3,106961,-0.83
2021-06-16 13:45:03,2026.5,9,89356,92192,2033.3,106961,-0.81
2021-06-16 13:45:04,2026.5,9,89324,92247,2033.29,106979,-0.81
2021-06-16 13:45:07,2026.5,9,89324,92297,2033.29,106979,-0.81
2021-06-16 13:45:09,2026.5,9,89332,92297,2033.29,106979,-0.81
2021-06-16 13:45:15,2026.5,9,89332,92287,2033.29,106979,-0.81
2021-06-16 13:45:16,2026.5,9,89292,92287,2033.29,106979,-0.81
2021-06-16 13:45:18,2026.5,9,89257,92251,2033.29,106979,-0.81
2021-06-16 13:45:20,2026.5,9,89247,92251,2033.29,106979,-0.81
2021-06-16 13:45:21,2026.5,9,89256,92238,2033.29,106979,-0.81
2021-06-16 13:45:22,2027.1,2,89256,92238,2033.29,106979,-0.78
2021-06-16 13:45:24,2027.1,2,89871,91614,2033.27,107311,-0.78
2021-06-16 13:45:27,2027.1,2,89170,91662,2033.27,107311,-0.78
2021-06-16 13:45:30,2027.1,2,89670,91700,2033.27,107311,-0.78
2021-06-16 13:45:31,2027.1,2,89840,91680,2033.27,107311,-0.78
2021-06-16 13:45:34,2027.1,2,89848,91664,2033.27,107311,-0.78
2021-06-16 13:45:38,2027.1,2,89874,91664,2033.27,107311,-0.78
2021-06-16 13:45:40,2027.1,2,89849,91632,2033.27,107311,-0.78
2021-06-16 13:45:42,2027.2,5,89849,91632,2033.27,107311,-0.77
2021-06-16 13:45:49,2027.2,5,89965,91637,2033.27,107321,-0.77
2021-06-16 13:45:51,2027.2,5,89973,91637,2033.27,107321,-0.77
2021-06-16 13:45:51,2027.15,12,89973,91637,2033.27,107321,-0.77
2021-06-16 13:45:52,2027.15,12,90292,91632,2033.27,107342,-0.77
2021-06-16 13:45:54,2027.15,12,90318,91628,2033.27,107342,-0.77
2021-06-16 13:45:54,2028.5,40,90318,91628,2033.27,107342,-0.71
2021-06-16 13:45:57,2028.5,45,90318,91628,2033.27,107342,-0.71
2021-06-16 13:45:59,2028.5,45,90605,91220,2033.27,107459,-0.71
2021-06-16 13:46:01,2028.5,45,90606,91220,2033.27,107459,-0.71
2021-06-16 13:46:02,2028.8,4,90606,91220,2033.27,107459,-0.69
2021-06-16 13:46:03,2028.8,4,90667,91079,2033.27,107483,-0.69
2021-06-16 13:46:05,2028.8,4,90644,90322,2033.27,107483,-0.69
2021-06-16 13:46:07,2028.8,4,90676,90862,2033.27,107483,-0.69
2021-06-16 13:46:09,2028.8,4,90686,90894,2033.27,107483,-0.69
2021-06-16 13:46:10,2028.8,4,90898,90850,2033.27,107483,-0.69
2021-06-16 13:46:13,2028.8,4,90687,90832,2033.27,107483,-0.69
2021-06-16 13:46:16,2028.8,4,90893,90842,2033.27,107483,-0.69
2021-06-16 13:46:18,2028.8,4,90993,90862,2033.27,107483,-0.69
2021-06-16 13:46:20,2029.0,26,90899,90842,2033.27,107509,-0.68
2021-06-16 13:46:22,2029.0,26,90899,90824,2033.27,107509,-0.68
2021-06-16 13:46:25,2029.0,26,90954,90835,2033.27,107509,-0.68
2021-06-16 13:46:27,2029.0,26,90954,90834,2033.27,107509,-0.68
2021-06-16 13:46:28,2028.8,5,90826,90896,2033.27,107514,-0.69
2021-06-16 13:46:36,2028.8,5,90823,90898,2033.27,107514,-0.69
2021-06-16 13:46:37,2028.8,5,90797,90898,2033.27,107514,-0.69
2021-06-16 13:46:38,2028.8,15,90797,90898,2033.27,107514,-0.69
2021-06-16 13:46:39,2028.8,15,90782,90898,2033.26,107529,-0.69
2021-06-16 13:46:46,2029.0,4,90791,90882,2033.26,107533,-0.68
2021-06-16 13:46:54,2029.0,4,90789,90882,2033.26,107533,-0.68
2021-06-16 13:46:59,2029.0,4,90785,90882,2033.26,107533,-0.68
2021-06-16 13:47:04,2028.8,64,90785,90882,2033.26,107533,-0.69
2021-06-16 13:47:05,2028.8,64,89533,91645,2033.26,107613,-0.69
2021-06-16 13:47:07,2028.8,64,89532,91847,2033.26,107613,-0.69
2021-06-16 13:47:09,2028.8,64,89596,91614,2033.26,107613,-0.69
2021-06-16 13:47:11,2028.8,64,89562,91597,2033.26,107613,-0.69
2021-06-16 13:47:12,2028.3,10,89562,91597,2033.26,107613,-0.72
2021-06-16 13:47:15,2028.3,10,89660,91647,2033.26,107653,-0.72
2021-06-16 13:47:23,2028.3,10,90086,91445,2033.26,107653,-0.72
2021-06-16 13:47:24,2027.65,1,90086,91445,2033.26,107653,-0.75
2021-06-16 13:47:25,2027.65,1,90120,91446,2033.26,107654,-0.75
2021-06-16 13:47:27,2027.65,1,90110,91446,2033.26,107654,-0.75
2021-06-16 13:47:31,2027.65,1,90110,91459,2033.26,107654,-0.75
2021-06-16 13:47:33,2027.65,1,90110,91482,2033.26,107654,-0.75
2021-06-16 13:47:37,2027.65,1,90099,91456,2033.26,107654,-0.75
2021-06-16 13:47:39,2027.65,1,90129,91456,2033.26,107654,-0.75
2021-06-16 13:47:39,2027.65,6,90129,91456,2033.26,107654,-0.75
2021-06-16 13:47:40,2027.65,6,90090,91451,2033.26,107679,-0.75
2021-06-16 13:47:45,2028.5,5,90058,91438,2033.26,107679,-0.71
2021-06-16 13:47:46,2028.45,9,90058,91438,2033.26,107679,-0.71
2021-06-16 13:47:48,2028.45,9,90083,91454,2033.26,107694,-0.71
2021-06-16 13:47:48,2027.2,65,90083,91454,2033.26,107694,-0.77
2021-06-16 13:47:49,2027.2,65,90079,91473,2033.25,107794,-0.77
2021-06-16 13:47:51,2027.2,65,90079,91475,2033.25,107794,-0.77
2021-06-16 13:47:53,2027.2,65,90087,91475,2033.25,107794,-0.77
2021-06-16 13:47:55,2027.2,65,90041,91496,2033.25,107794,-0.77
2021-06-16 13:47:56,2027.2,65,89990,91556,2033.25,107794,-0.77
2021-06-16 13:47:58,2027.2,65,89926,91582,2033.25,107794,-0.77
2021-06-16 13:48:03,2027.2,65,90273,91493,2033.25,107794,-0.77
2021-06-16 13:48:09,2027.2,65,90272,91493,2033.25,107794,-0.77
2021-06-16 13:48:12,2027.2,65,89680,91787,2033.25,107794,-0.77
2021-06-16 13:48:13,2027.2,10,89726,91745,2033.25,107794,-0.77
2021-06-16 13:48:15,2027.2,10,89628,91698,2033.25,107804,-0.77
2021-06-16 13:48:18,2027.2,10,89628,91706,2033.25,107804,-0.77
2021-06-16 13:48:24,2027.2,10,89724,91763,2033.25,107804,-0.77
2021-06-16 13:48:25,2028.65,6,89950,91708,2033.25,107829,-0.7
2021-06-16 13:48:28,2028.65,6,89953,91703,2033.25,107829,-0.7
2021-06-16 13:48:31,2028.65,6,89995,91703,2033.25,107829,-0.7
2021-06-16 13:48:34,2028.65,6,89913,91716,2033.25,107829,-0.7
2021-06-16 13:48:42,2028.65,6,89921,91716,2033.25,107829,-0.7
2021-06-16 13:48:44,2028.65,6,90090,91486,2033.25,107829,-0.7
2021-06-16 13:48:46,2028.65,6,90050,91496,2033.25,107829,-0.7
2021-06-16 13:48:48,2028.65,6,90050,91486,2033.25,107829,-0.7
2021-06-16 13:48:52,2028.65,6,90027,91486,2033.25,107829,-0.7
2021-06-16 13:48:54,2028.65,6,90248,91434,2033.25,107829,-0.7
2021-06-16 13:48:56,2028.65,6,90230,91434,2033.25,107829,-0.7
2021-06-16 13:48:58,2028.65,6,90205,91434,2033.25,107829,-0.7
2021-06-16 13:49:00,2028.65,6,90281,90843,2033.25,107829,-0.7
2021-06-16 13:49:02,2028.65,6,90258,91417,2033.25,107829,-0.7
2021-06-16 13:49:04,2028.65,6,90280,91429,2033.25,107829,-0.7
2021-06-16 13:49:06,2028.65,6,90298,91429,2033.25,107829,-0.7
2021-06-16 13:49:09,2028.65,6,90211,91428,2033.25,107829,-0.7
2021-06-16 13:49:10,2028.9,1,90211,91428,2033.25,107829,-0.69
2021-06-16 13:49:16,2028.9,1,90261,91427,2033.25,107830,-0.69
2021-06-16 13:49:18,2028.9,1,90261,91404,2033.25,107831,-0.69
2021-06-16 13:49:20,2028.9,1,90237,91404,2033.25,107831,-0.69
2021-06-16 13:49:27,2028.9,1,90200,91404,2033.25,107831,-0.69
2021-06-16 13:49:28,2029.0,30,90200,91404,2033.25,107831,-0.68
2021-06-16 13:49:29,2029.0,30,90210,91354,2033.25,107881,-0.68
2021-06-16 13:49:36,2029.0,30,90200,91354,2033.25,107881,-0.68
2021-06-16 13:49:38,2029.0,30,90236,91405,2033.25,107881,-0.68
2021-06-16 13:49:46,2027.95,28,90236,91405,2033.25,107881,-0.73
2021-06-16 13:49:47,2027.95,28,90332,91484,2033.25,107941,-0.73
2021-06-16 13:49:49,2027.95,28,90332,91474,2033.25,107941,-0.73
2021-06-16 13:49:51,2027.95,28,90332,91464,2033.25,107941,-0.73
2021-06-16 13:49:53,2029.2,19,90332,91464,2033.25,107941,-0.67
2021-06-16 13:49:54,2029.2,19,90622,91644,2033.24,108026,-0.67
2021-06-16 13:49:56,2029.2,19,90580,91644,2033.24,108026,-0.67
2021-06-16 13:50:03,2029.2,19,90580,91622,2033.24,108026,-0.67
2021-06-16 13:50:05,2029.2,19,90601,91623,2033.24,108026,-0.67
2021-06-16 13:50:06,2029.2,19,90561,91623,2033.24,108026,-0.67
2021-06-16 13:50:08,2029.2,19,90453,91643,2033.24,108026,-0.67
2021-06-16 13:50:10,2029.2,19,90397,91707,2033.24,108026,-0.67
2021-06-16 13:50:12,2029.2,19,90433,91707,2033.24,108026,-0.67
2021-06-16 13:50:15,2029.2,19,90558,91707,2033.24,108026,-0.67
2021-06-16 13:50:16,2029.2,19,90558,91717,2033.24,108026,-0.67
2021-06-16 13:50:17,2028.2,1,90558,91717,2033.24,108026,-0.72
2021-06-16 13:50:18,2028.2,1,90597,91717,2033.24,108027,-0.72
2021-06-16 13:50:22,2028.2,1,90625,91707,2033.24,108027,-0.72
2021-06-16 13:50:24,2028.2,1,90633,91707,2033.24,108027,-0.72
2021-06-16 13:50:25,2028.2,1,90637,91705,2033.24,108027,-0.72
2021-06-16 13:50:27,2028.2,1,90860,91521,2033.24,108027,-0.72
2021-06-16 13:50:29,2028.2,1,90686,91528,2033.24,108027,-0.72
2021-06-16 13:50:30,2028.2,1,90686,91508,2033.24,108027,-0.72
2021-06-16 13:50:33,2029.0,1,90686,91508,2033.24,108027,-0.68
2021-06-16 13:50:33,2029.0,1,90611,91593,2033.24,108028,-0.68
2021-06-16 13:50:37,2029.0,1,90592,91598,2033.24,108028,-0.68
2021-06-16 13:50:39,2029.0,1,90592,91594,2033.24,108028,-0.68
2021-06-16 13:50:42,2029.0,86,90615,91508,2033.24,108128,-0.68
2021-06-16 13:50:43,2029.0,86,90592,91497,2033.24,108128,-0.68
2021-06-16 13:50:46,2029.0,86,90607,91497,2033.24,108128,-0.68
2021-06-16 13:50:48,2029.0,86,90607,91520,2033.24,108128,-0.68
2021-06-16 13:50:53,2029.0,86,90584,91531,2033.24,108128,-0.68
2021-06-16 13:50:55,2029.0,86,90563,91531,2033.24,108128,-0.68
2021-06-16 13:50:57,2029.0,86,90593,91531,2033.24,108128,-0.68
2021-06-16 13:50:57,2028.85,10,90593,91531,2033.24,108128,-0.69
2021-06-16 13:50:58,2028.85,70,90593,91531,2033.24,108128,-0.69
2021-06-16 13:50:58,2028.85,70,90686,91492,2033.23,108208,-0.69
2021-06-16 13:51:02,2028.85,70,90676,91492,2033.23,108208,-0.69
2021-06-16 13:51:04,2028.85,70,90679,91492,2033.23,108208,-0.69
2021-06-16 13:51:07,2028.85,70,90679,91502,2033.23,108208,-0.69
2021-06-16 13:51:13,2028.85,70,90521,91551,2033.23,108208,-0.69
2021-06-16 13:51:15,2028.85,70,90522,91551,2033.23,108208,-0.69
2021-06-16 13:51:18,2028.2,6,90522,91551,2033.23,108208,-0.72
2021-06-16 13:51:19,2028.2,6,90555,91547,2033.23,108218,-0.72
2021-06-16 13:51:20,2028.2,6,90559,91547,2033.23,108218,-0.72
2021-06-16 13:51:24,2028.2,6,90611,91547,2033.23,108218,-0.72
2021-06-16 13:51:25,2028.2,6,90922,91548,2033.23,108218,-0.72
2021-06-16 13:51:27,2028.2,6,90890,91515,2033.23,108218,-0.72
2021-06-16 13:51:32,2028.2,6,90890,91516,2033.23,108218,-0.72
2021-06-16 13:51:37,2028.2,6,90890,91537,2033.23,108218,-0.72
2021-06-16 13:51:42,2028.2,6,90790,91538,2033.23,108218,-0.72
2021-06-16 13:51:43,2028.2,6,90790,91619,2033.23,108218,-0.72
2021-06-16 13:51:45,2028.2,6,90790,91629,2033.23,108218,-0.72
2021-06-16 13:51:47,2028.2,118,88954,92185,2033.23,108336,-0.72
2021-06-16 13:51:49,2028.2,118,89576,92447,2033.23,108336,-0.72
2021-06-16 13:51:51,2028.2,118,89434,92447,2033.23,108336,-0.72
2021-06-16 13:51:52,2028.2,118,89584,92486,2033.23,108336,-0.72
2021-06-16 13:51:54,2028.2,118,89584,92605,2033.23,108336,-0.72
2021-06-16 13:51:58,2028.2,118,89584,92496,2033.23,108336,-0.72
2021-06-16 13:51:59,2026.85,5,89584,92496,2033.23,108336,-0.79
2021-06-16 13:52:00,2026.85,5,89838,93137,2033.23,108341,-0.79
2021-06-16 13:52:01,2026.85,5,89814,93137,2033.23,108341,-0.79
2021-06-16 13:52:07,2026.85,5,89833,93137,2033.23,108341,-0.79
2021-06-16 13:52:07,2027.6,10,89833,93137,2033.23,108341,-0.75
2021-06-16 13:52:08,2027.6,10,90183,92957,2033.23,108366,-0.75
2021-06-16 13:52:10,2027.6,10,90183,92956,2033.23,108366,-0.75
2021-06-16 13:52:13,2027.6,10,90173,92956,2033.23,108366,-0.75
2021-06-16 13:52:15,2027.6,10,90208,92956,2033.23,108366,-0.75
2021-06-16 13:52:17,2027.6,10,90208,93056,2033.23,108366,-0.75
2021-06-16 13:52:19,2027.6,10,90234,93056,2033.23,108366,-0.75
2021-06-16 13:52:22,2027.6,10,90121,93248,2033.23,108366,-0.75
2021-06-16 13:52:24,2027.6,10,90166,93235,2033.23,108366,-0.75
2021-06-16 13:52:26,2027.6,10,90370,93235,2033.23,108366,-0.75
2021-06-16 13:52:28,2027.6,10,90362,93207,2033.23,108366,-0.75
2021-06-16 13:52:30,2027.6,10,90136,93620,2033.23,108366,-0.75
2021-06-16 13:52:32,2027.6,10,90270,93248,2033.23,108366,-0.75
2021-06-16 13:52:34,2027.6,10,90050,93357,2033.23,108366,-0.75
2021-06-16 13:52:36,2027.6,10,90049,93357,2033.23,108366,-0.75
2021-06-16 13:52:39,2027.6,10,90064,93357,2033.23,108366,-0.75
2021-06-16 13:52:40,2027.9,2,90074,93355,2033.23,108368,-0.74
2021-06-16 13:52:42,2027.9,2,90074,93350,2033.23,108368,-0.74
2021-06-16 13:52:44,2027.9,2,90064,93350,2033.23,108368,-0.74
2021-06-16 13:52:46,2027.9,2,90064,93369,2033.23,108368,-0.74
2021-06-16 13:52:48,2027.9,2,89377,93359,2033.23,108368,-0.74
2021-06-16 13:52:49,2027.9,2,89877,93359,2033.23,108368,-0.74
2021-06-16 13:52:54,2027.9,2,89771,93390,2033.23,108368,-0.74
2021-06-16 13:52:56,2027.8,8,89771,93390,2033.23,108368,-0.74
2021-06-16 13:52:57,2027.8,8,89771,93382,2033.23,108376,-0.74
2021-06-16 13:52:59,2027.8,8,89771,93366,2033.23,108376,-0.74
2021-06-16 13:53:00,2027.8,8,89780,93366,2033.23,108376,-0.74
2021-06-16 13:53:04,2027.8,8,89780,93375,2033.23,108376,-0.74
2021-06-16 13:53:10,2027.8,8,89849,93375,2033.23,108376,-0.74
2021-06-16 13:53:13,2027.8,2,89849,93373,2033.23,108378,-0.74
2021-06-16 13:53:15,2027.8,2,89974,93361,2033.23,108378,-0.74
2021-06-16 13:53:16,2027.8,2,89974,93371,2033.23,108378,-0.74
2021-06-16 13:53:18,2027.8,2,89973,93361,2033.23,108378,-0.74
2021-06-16 13:53:22,2027.8,80,89973,93361,2033.23,108378,-0.74
2021-06-16 13:53:23,2027.8,80,89987,93281,2033.22,108458,-0.74
2021-06-16 13:53:25,2027.8,80,89977,93281,2033.22,108458,-0.74
2021-06-16 13:53:27,2027.8,80,89952,93251,2033.22,108458,-0.74
2021-06-16 13:53:30,2027.8,80,90132,93251,2033.22,108458,-0.74
2021-06-16 13:53:37,2027.8,80,90140,93251,2033.22,108458,-0.74
2021-06-16 13:53:39,2027.8,80,90160,93251,2033.22,108458,-0.74
2021-06-16 13:53:40,2027.8,80,90165,93251,2033.22,108458,-0.74
2021-06-16 13:53:42,2027.8,80,90180,93251,2033.22,108458,-0.74
2021-06-16 13:53:45,2027.8,80,90180,93250,2033.22,108458,-0.74
2021-06-16 13:53:46,2027.8,80,90315,93250,2033.22,108458,-0.74
2021-06-16 13:53:49,2027.8,80,90305,93250,2033.22,108458,-0.74
2021-06-16 13:53:51,2027.8,80,90295,93250,2033.22,108458,-0.74
2021-06-16 13:53:56,2027.8,80,90170,93250,2033.22,108458,-0.74
2021-06-16 13:53:57,2027.8,80,89929,93649,2033.22,108458,-0.74
2021-06-16 13:54:07,2027.0,14,90027,92826,2033.22,108472,-0.78
2021-06-16 13:54:08,2027.0,14,90019,92831,2033.22,108472,-0.78
2021-06-16 13:54:09,2027.0,14,90027,92831,2033.22,108472,-0.78
2021-06-16 13:54:16,2027.0,14,90027,92801,2033.22,108472,-0.78
2021-06-16 13:54:19,2027.0,14,90007,92801,2033.22,108472,-0.78
2021-06-16 13:54:26,2027.0,14,90017,92811,2033.22,108472,-0.78
2021-06-16 13:54:27,2027.0,14,90017,92801,2033.22,108472,-0.78
2021-06-16 13:54:34,2027.0,14,90009,92801,2033.22,108472,-0.78
2021-06-16 13:54:37,2027.0,14,90182,92453,2033.22,108472,-0.78
2021-06-16 13:54:39,2027.0,14,90172,92453,2033.22,108472,-0.78
2021-06-16 13:54:45,2027.0,14,90191,92453,2033.22,108472,-0.78
2021-06-16 13:54:46,2027.0,14,90038,92540,2033.22,108472,-0.78
2021-06-16 13:54:48,2027.0,14,89952,92621,2033.22,108472,-0.78
2021-06-16 13:54:54,2027.0,14,89952,92614,2033.22,108472,-0.78
2021-06-16 13:55:01,2027.0,14,89822,92614,2033.22,108472,-0.78
2021-06-16 13:55:03,2027.0,14,90069,92453,2033.22,108472,-0.78
2021-06-16 13:55:06,2027.0,14,90115,92453,2033.22,108472,-0.78
2021-06-16 13:55:13,2027.0,14,90105,92453,2033.22,108472,-0.78
2021-06-16 13:55:15,2027.0,14,90140,92408,2033.22,108472,-0.78
2021-06-16 13:55:16,2028.0,5,90140,92408,2033.22,108472,-0.73
2021-06-16 13:55:19,2028.0,5,90177,92410,2033.22,108477,-0.73
2021-06-16 13:55:21,2028.0,5,90175,92432,2033.22,108477,-0.73
2021-06-16 13:55:22,2028.0,75,90175,92432,2033.22,108477,-0.73
2021-06-16 13:55:23,2028.0,75,90185,92450,2033.22,108552,-0.73
2021-06-16 13:55:24,2027.15,2,90185,92450,2033.22,108552,-0.77
2021-06-16 13:55:30,2027.15,2,90247,92457,2033.21,108652,-0.77
2021-06-16 13:55:33,2027.0,2,90247,92457,2033.21,108652,-0.78
2021-06-16 13:55:35,2027.0,2,90157,92519,2033.21,108752,-0.78
2021-06-16 13:55:36,2027.0,2,90156,92532,2033.21,108752,-0.78
2021-06-16 13:55:45,2027.0,2,90212,92613,2033.21,108752,-0.78
2021-06-16 13:55:46,2027.0,2,90212,92557,2033.21,108752,-0.78
2021-06-16 13:55:48,2027.0,2,90213,92557,2033.21,108752,-0.78
2021-06-16 13:55:54,2027.0,2,90213,92562,2033.21,108752,-0.78
2021-06-16 13:56:00,2027.0,2,90203,92562,2033.21,108752,-0.78
2021-06-16 13:56:04,2027.0,2,90102,92561,2033.21,108752,-0.78
2021-06-16 13:56:06,2027.05,25,90083,92531,2033.21,108752,-0.78
2021-06-16 13:56:08,2027.05,25,90058,92506,2033.21,108777,-0.78
2021-06-16 13:56:10,2027.05,25,90062,92506,2033.21,108777,-0.78
2021-06-16 13:56:12,2027.05,25,90107,92506,2033.21,108777,-0.78
2021-06-16 13:56:13,2027.05,25,90117,91839,2033.21,108777,-0.78
2021-06-16 13:56:17,2027.05,25,90104,92612,2033.21,108777,-0.78
2021-06-16 13:56:20,2027.05,25,90102,92612,2033.21,108777,-0.78
2021-06-16 13:56:22,2027.05,25,90015,92760,2033.21,108777,-0.78
2021-06-16 13:56:24,2027.05,25,90015,92759,2033.21,108777,-0.78
2021-06-16 13:56:29,2027.05,25,90015,92714,2033.21,108777,-0.78
2021-06-16 13:56:31,2027.05,25,90015,92664,2033.21,108777,-0.78
2021-06-16 13:56:46,2027.05,25,90019,92657,2033.21,108777,-0.78
2021-06-16 13:56:48,2027.05,25,89971,92657,2033.21,108777,-0.78
2021-06-16 13:56:50,2027.05,25,89987,92605,2033.21,108777,-0.78
2021-06-16 13:56:55,2027.05,25,90006,92605,2033.21,108777,-0.78
2021-06-16 13:56:57,2027.05,25,90006,92625,2033.21,108777,-0.78
2021-06-16 13:57:00,2027.0,10,90006,92625,2033.21,108777,-0.78
2021-06-16 13:57:00,2027.0,10,89996,92625,2033.2,108787,-0.78
2021-06-16 13:57:06,2027.65,4,90001,92614,2033.2,108801,-0.75
2021-06-16 13:57:07,2027.65,4,90001,92624,2033.2,108801,-0.75
2021-06-16 13:57:10,2027.65,4,90144,92614,2033.2,108801,-0.75
2021-06-16 13:57:12,2027.65,4,90190,92587,2033.2,108801,-0.75
2021-06-16 13:57:21,2027.65,4,90148,93087,2033.2,108801,-0.75
2021-06-16 13:57:23,2027.65,4,90138,93087,2033.2,108801,-0.75
2021-06-16 13:57:25,2027.65,4,90138,93092,2033.2,108801,-0.75
2021-06-16 13:57:31,2027.65,4,90115,93092,2033.2,108801,-0.75
2021-06-16 13:57:33,2027.65,4,90126,93092,2033.2,108801,-0.75
2021-06-16 13:57:37,2027.65,4,90173,93115,2033.2,108801,-0.75
2021-06-16 13:57:39,2028.0,759,90173,93115,2033.2,108801,-0.73
2021-06-16 13:57:40,2027.8,5,90173,93115,2033.2,108801,-0.74
2021-06-16 13:57:40,2027.8,5,90387,91528,2033.15,110019,-0.74
2021-06-16 13:57:43,2027.8,5,90372,91645,2033.15,110019,-0.74
2021-06-16 13:57:45,2028.65,16,90372,91645,2033.15,110019,-0.7
2021-06-16 13:57:47,2028.65,16,90348,91655,2033.15,110044,-0.7
2021-06-16 13:57:49,2028.65,16,90458,91459,2033.15,110044,-0.7
2021-06-16 13:57:52,2028.65,16,90413,91469,2033.15,110044,-0.7
2021-06-16 13:57:55,2028.65,16,90488,91491,2033.15,110044,-0.7
2021-06-16 13:57:57,2028.65,16,90264,91686,2033.15,110044,-0.7
2021-06-16 13:58:00,2028.65,16,90399,91511,2033.15,110044,-0.7
2021-06-16 13:58:04,2028.35,1,90399,91510,2033.15,110045,-0.71
2021-06-16 13:58:06,2028.35,1,90489,91499,2033.15,110045,-0.71
2021-06-16 13:58:07,2028.35,1,90392,91618,2033.15,110045,-0.71
2021-06-16 13:58:10,2028.35,1,90402,91628,2033.15,110045,-0.71
2021-06-16 13:58:11,2028.6,21,90402,91628,2033.15,110045,-0.7
2021-06-16 13:58:12,2028.6,21,90497,91454,2033.14,110070,-0.7
2021-06-16 13:58:14,2028.6,21,90507,91555,2033.14,110070,-0.7
2021-06-16 13:58:19,2028.6,21,90507,91545,2033.14,110070,-0.7
2021-06-16 13:58:21,2028.6,21,90518,91432,2033.14,110070,-0.7
2021-06-16 13:58:24,2028.6,21,86528,91432,2033.14,110070,-0.7
2021-06-16 13:58:25,2028.6,21,86492,91451,2033.14,110070,-0.7
2021-06-16 13:58:31,2028.6,21,90507,91471,2033.14,110070,-0.7
2021-06-16 13:58:37,2028.6,21,90599,91401,2033.14,110070,-0.7
2021-06-16 13:58:39,2028.6,21,90609,91411,2033.14,110070,-0.7
2021-06-16 13:58:42,2028.6,21,90582,91485,2033.14,110070,-0.7
2021-06-16 13:58:44,2028.7,1,90582,91484,2033.14,110071,-0.7
2021-06-16 13:58:48,2028.7,1,90459,91763,2033.14,110071,-0.7
2021-06-16 13:58:50,2028.7,1,90471,91490,2033.14,110071,-0.7
2021-06-16 13:58:55,2028.7,1,90457,91583,2033.14,110071,-0.7
2021-06-16 13:59:03,2028.7,1,90467,91583,2033.14,110071,-0.7
2021-06-16 13:59:05,2028.3,10,90467,91583,2033.14,110071,-0.72
2021-06-16 13:59:07,2028.3,10,90467,91683,2033.14,110081,-0.72
2021-06-16 13:59:08,2026.9,85,90467,91683,2033.14,110081,-0.79
2021-06-16 13:59:10,2026.9,85,89679,92241,2033.13,110281,-0.79
2021-06-16 13:59:10,2027.55,5,89679,92241,2033.13,110281,-0.75
2021-06-16 13:59:12,2027.55,2,89679,92241,2033.13,110281,-0.75
2021-06-16 13:59:12,2027.55,2,89726,91981,2033.13,110291,-0.75
2021-06-16 13:59:13,2026.9,6,89726,91981,2033.13,110291,-0.79
2021-06-16 13:59:15,2026.9,6,89700,91965,2033.13,110297,-0.79
2021-06-16 13:59:16,2026.9,6,89699,91965,2033.13,110297,-0.79
2021-06-16 13:59:18,2026.9,6,89698,91965,2033.13,110297,-0.79
2021-06-16 13:59:20,2026.9,6,89696,91229,2033.13,110297,-0.79
2021-06-16 13:59:22,2026.9,6,89715,91229,2033.13,110297,-0.79
2021-06-16 13:59:24,2026.9,6,89678,91303,2033.13,110297,-0.79
2021-06-16 13:59:26,2026.95,4,89678,91302,2033.13,110302,-0.78
2021-06-16 13:59:27,2026.95,4,89708,91302,2033.13,110302,-0.78
2021-06-16 13:59:29,2026.95,4,89708,91303,2033.13,110302,-0.78
2021-06-16 13:59:31,2026.95,4,89708,91304,2033.13,110302,-0.78
2021-06-16 13:59:33,2026.9,30,89708,91304,2033.13,110302,-0.79
2021-06-16 13:59:33,2026.9,30,89465,91496,2033.13,110332,-0.79
2021-06-16 13:59:36,2026.9,30,89442,91497,2033.13,110332,-0.79
2021-06-16 13:59:38,2026.9,4,89196,91542,2033.13,110332,-0.79
2021-06-16 13:59:40,2026.9,4,89044,91873,2033.13,110336,-0.79
2021-06-16 13:59:42,2026.9,4,89057,92044,2033.13,110336,-0.79
2021-06-16 13:59:44,2026.9,4,89090,92096,2033.13,110336,-0.79
2021-06-16 13:59:46,2026.9,4,89093,92409,2033.13,110336,-0.79
2021-06-16 13:59:48,2026.9,4,89276,92272,2033.13,110336,-0.79
2021-06-16 13:59:52,2026.9,4,88536,92272,2033.13,110336,-0.79
2021-06-16 13:59:54,2026.7,1,88536,92271,2033.13,110337,-0.8
2021-06-16 13:59:57,2026.7,1,88537,92271,2033.13,110337,-0.8
2021-06-16 14:00:00,2026.7,1,88482,92190,2033.13,110337,-0.8
2021-06-16 14:00:01,2026.7,3,88482,92190,2033.13,110337,-0.8
2021-06-16 14:00:01,2026.7,3,88505,92214,2033.13,110342,-0.8
2021-06-16 14:00:02,2026.7,5,88505,92214,2033.13,110342,-0.8
2021-06-16 14:00:03,2026.7,5,88778,92179,2033.13,110347,-0.8
2021-06-16 14:00:06,2026.7,5,88820,92166,2033.13,110347,-0.8
2021-06-16 14:00:08,2026.7,5,88801,92166,2033.13,110347,-0.8
2021-06-16 14:00:10,2026.7,5,88829,92166,2033.13,110347,-0.8
2021-06-16 14:00:12,2026.7,5,88881,92186,2033.13,110347,-0.8
2021-06-16 14:00:16,2026.7,5,89192,92186,2033.13,110347,-0.8
2021-06-16 14:00:25,2026.7,5,89193,92186,2033.13,110347,-0.8
2021-06-16 14:00:27,2026.8,10,89193,92186,2033.13,110347,-0.79
2021-06-16 14:00:27,2026.8,10,89778,92723,2033.13,110376,-0.79
2021-06-16 14:00:30,2026.8,10,89779,92723,2033.13,110376,-0.79
2021-06-16 14:00:34,2026.8,10,89781,92723,2033.13,110376,-0.79
2021-06-16 14:00:36,2026.8,10,89677,92531,2033.13,110376,-0.79
2021-06-16 14:00:37,2026.8,10,89681,92531,2033.13,110376,-0.79
2021-06-16 14:00:39,2026.8,10,89711,92521,2033.13,110376,-0.79
2021-06-16 14:00:41,2026.8,10,90152,92501,2033.13,110376,-0.79
2021-06-16 14:00:45,2026.8,10,90224,92501,2033.13,110376,-0.79
2021-06-16 14:00:48,2026.8,10,90224,92450,2033.13,110376,-0.79
2021-06-16 14:00:50,2026.8,10,90224,92451,2033.13,110376,-0.79
2021-06-16 14:00:52,2026.8,10,90154,92528,2033.13,110376,-0.79
2021-06-16 14:00:57,2026.8,10,90175,92528,2033.13,110376,-0.79
2021-06-16 14:01:00,2026.8,10,90175,92532,2033.13,110376,-0.79
2021-06-16 14:01:01,2026.8,10,90175,92584,2033.13,110376,-0.79
2021-06-16 14:01:04,2026.8,10,89960,93041,2033.13,110376,-0.79
2021-06-16 14:01:06,2026.8,10,89959,93071,2033.13,110376,-0.79
2021-06-16 14:01:10,2026.8,10,90084,93071,2033.13,110376,-0.79
2021-06-16 14:01:15,2026.8,10,90062,93100,2033.13,110376,-0.79
2021-06-16 14:01:18,2026.8,10,90084,93049,2033.13,110376,-0.79
2021-06-16 14:01:19,2026.8,10,90084,93100,2033.13,110376,-0.79
2021-06-16 14:01:23,2026.8,10,90084,93038,2033.13,110376,-0.79
2021-06-16 14:01:24,2026.8,10,89959,93038,2033.13,110376,-0.79
2021-06-16 14:01:25,2026.8,10,89959,93090,2033.13,110376,-0.79
2021-06-16 14:01:33,2026.8,10,90092,93190,2033.13,110376,-0.79
2021-06-16 14:01:34,2026.8,10,89967,93190,2033.13,110376,-0.79
2021-06-16 14:01:36,2026.8,10,90113,93190,2033.13,110376,-0.79
2021-06-16 14:01:39,2026.8,10,89966,93190,2033.13,110376,-0.79
2021-06-16 14:01:41,2026.8,10,90032,93192,2033.13,110376,-0.79
2021-06-16 14:01:44,2026.8,10,90057,93192,2033.13,110376,-0.79
2021-06-16 14:01:46,2027.55,1,90057,93192,2033.13,110376,-0.75
2021-06-16 14:01:46,2027.55,1,90062,93160,2033.13,110377,-0.75
2021-06-16 14:01:49,2027.55,1,89937,93160,2033.13,110377,-0.75
2021-06-16 14:01:57,2027.55,1,90098,93140,2033.13,110377,-0.75
2021-06-16 14:02:00,2027.55,1,90126,93042,2033.13,110377,-0.75
2021-06-16 14:02:01,2027.55,1,90126,93022,2033.13,110377,-0.75
2021-06-16 14:02:02,2027.0,50,90126,93022,2033.13,110377,-0.78
2021-06-16 14:02:03,2027.0,50,90218,92806,2033.12,110427,-0.78
2021-06-16 14:02:04,2027.0,50,90144,92844,2033.12,110427,-0.78
2021-06-16 14:02:09,2027.0,50,90144,92854,2033.12,110427,-0.78
2021-06-16 14:02:10,2027.0,50,90122,92854,2033.12,110427,-0.78
2021-06-16 14:02:12,2027.0,50,90151,92869,2033.12,110427,-0.78
2021-06-16 14:02:13,2026.25,1,90151,92869,2033.12,110427,-0.82
2021-06-16 14:02:14,2026.25,1,90209,92850,2033.12,110437,-0.82
2021-06-16 14:02:15,2026.2,44,90209,92850,2033.12,110437,-0.82
2021-06-16 14:02:15,2026.2,5,90209,92850,2033.12,110437,-0.82
2021-06-16 14:02:16,2026.2,5,90265,92842,2033.11,110633,-0.82
2021-06-16 14:02:17,2026.15,57,90240,92842,2033.11,110690,-0.82
2021-06-16 14:02:19,2026.15,57,90230,92842,2033.11,110690,-0.82
2021-06-16 14:02:21,2026.15,57,90230,92852,2033.11,110690,-0.82
2021-06-16 14:02:23,2026.15,57,89413,92740,2033.11,110690,-0.82
2021-06-16 14:02:25,2026.15,57,89413,92730,2033.11,110690,-0.82
2021-06-16 14:02:26,2026.0,28,89413,92730,2033.11,110690,-0.83
2021-06-16 14:02:27,2026.0,28,89190,93490,2033.11,110718,-0.83
2021-06-16 14:02:36,2026.0,28,89226,93490,2033.11,110718,-0.83
2021-06-16 14:02:38,2026.0,28,89225,93490,2033.11,110718,-0.83
2021-06-16 14:02:39,2026.0,1,89224,93450,2033.11,110719,-0.83
2021-06-16 14:02:41,2026.0,1,89224,93650,2033.11,110719,-0.83
2021-06-16 14:02:43,2026.0,1,89280,93091,2033.11,110719,-0.83
2021-06-16 14:02:44,2026.0,1,89280,92709,2033.11,110719,-0.83
2021-06-16 14:02:49,2026.0,1,89270,93105,2033.11,110719,-0.83
2021-06-16 14:02:52,2026.0,1,89270,93095,2033.11,110719,-0.83
2021-06-16 14:03:04,2026.0,50,89220,93113,2033.1,110769,-0.83
2021-06-16 14:03:06,2026.0,50,89223,93113,2033.1,110769,-0.83
2021-06-16 14:03:07,2026.0,50,89223,93112,2033.1,110769,-0.83
2021-06-16 14:03:16,2026.0,50,89223,93127,2033.1,110769,-0.83
2021-06-16 14:03:18,2026.0,1,89365,93216,2033.1,110770,-0.83
2021-06-16 14:03:20,2026.0,1,89365,93248,2033.1,110770,-0.83
2021-06-16 14:03:25,2026.0,1,89365,93148,2033.1,110770,-0.83
2021-06-16 14:03:27,2026.0,1,89375,93105,2033.1,110770,-0.83
2021-06-16 14:03:28,2026.0,1,89328,93130,2033.1,110770,-0.83
2021-06-16 14:03:31,2026.0,1,89327,93130,2033.1,110770,-0.83
2021-06-16 14:03:34,2026.0,3,89327,93130,2033.1,110770,-0.83
2021-06-16 14:03:35,2026.0,3,89321,93191,2033.1,110773,-0.83
2021-06-16 14:03:37,2025.1,90,89433,93191,2033.09,110894,-0.87
2021-06-16 14:03:44,2025.1,90,89453,93138,2033.09,110894,-0.87
2021-06-16 14:03:47,2025.1,90,89459,93138,2033.09,110894,-0.87
2021-06-16 14:03:52,2025.1,90,89497,93138,2033.09,110894,-0.87
2021-06-16 14:03:55,2025.1,90,89468,93139,2033.09,110894,-0.87
2021-06-16 14:03:57,2025.1,90,89468,93150,2033.09,110894,-0.87
2021-06-16 14:04:03,2025.1,90,89468,92950,2033.09,110894,-0.87
2021-06-16 14:04:04,2025.1,90,89462,92950,2033.09,110894,-0.87
2021-06-16 14:04:06,2025.1,90,89202,92950,2033.09,110894,-0.87
2021-06-16 14:04:14,2025.1,90,89217,92950,2033.09,110894,-0.87
2021-06-16 14:04:26,2025.15,3,89122,92962,2033.09,110897,-0.87
2021-06-16 14:04:31,2025.15,3,89127,92952,2033.09,110897,-0.87
2021-06-16 14:04:34,2025.15,3,89129,92952,2033.09,110897,-0.87
2021-06-16 14:04:48,2025.15,3,89045,92952,2033.09,110897,-0.87
2021-06-16 14:04:54,2025.15,3,89066,92952,2033.09,110897,-0.87
2021-06-16 14:04:58,2025.15,200,89003,92866,2033.08,111097,-0.87
2021-06-16 14:05:00,2025.15,200,89003,92807,2033.08,111097,-0.87
2021-06-16 14:05:04,2025.15,200,88951,92807,2033.08,111097,-0.87
2021-06-16 14:05:06,2025.15,200,89056,92807,2033.08,111097,-0.87
2021-06-16 14:05:07,2025.15,200,89038,92795,2033.08,111097,-0.87
2021-06-16 14:05:08,2025.1,1,89038,92795,2033.08,111097,-0.87
2021-06-16 14:05:09,2025.1,1,89037,92795,2033.08,111098,-0.87
2021-06-16 14:05:10,2025.1,1,89039,92993,2033.08,111098,-0.87
2021-06-16 14:05:11,2025.1,10,89039,92993,2033.08,111098,-0.87
2021-06-16 14:05:12,2025.1,10,89174,93068,2033.08,111108,-0.87
2021-06-16 14:05:16,2025.1,10,89184,93068,2033.08,111108,-0.87
2021-06-16 14:05:18,2025.1,10,88684,93068,2033.08,111108,-0.87
2021-06-16 14:05:20,2025.1,10,88684,93064,2033.08,111108,-0.87
2021-06-16 14:05:24,2025.1,10,89184,93064,2033.08,111108,-0.87
2021-06-16 14:05:25,2025.95,2,89184,93064,2033.08,111108,-0.83
2021-06-16 14:05:26,2025.95,2,88777,93063,2033.08,111113,-0.83
2021-06-16 14:05:27,2026.0,46,88777,93063,2033.08,111113,-0.83
2021-06-16 14:05:29,2026.0,46,89078,93405,2033.08,111159,-0.83
2021-06-16 14:05:32,2026.0,46,89088,92864,2033.08,111159,-0.83
2021-06-16 14:05:36,2026.0,46,89099,92839,2033.08,111159,-0.83
2021-06-16 14:05:38,2026.0,46,89063,92839,2033.08,111159,-0.83
2021-06-16 14:05:43,2026.0,46,89063,92603,2033.08,111159,-0.83
2021-06-16 14:05:48,2027.15,1,89078,92474,2033.08,111160,-0.77
2021-06-16 14:05:52,2027.15,1,89078,92482,2033.08,111160,-0.77
2021-06-16 14:05:54,2027.15,1,87925,92025,2033.08,111160,-0.77
2021-06-16 14:05:57,2027.15,1,88136,92434,2033.08,111160,-0.77
2021-06-16 14:05:59,2027.6,4,88136,92417,2033.08,111160,-0.75
2021-06-16 14:06:01,2027.6,4,88168,92610,2033.07,111211,-0.75
2021-06-16 14:06:04,2027.6,4,88168,92652,2033.07,111211,-0.75
2021-06-16 14:06:07,2027.6,4,88128,92652,2033.07,111211,-0.75
2021-06-16 14:06:09,2027.6,4,88134,92714,2033.07,111211,-0.75
2021-06-16 14:06:11,2027.6,4,88406,92597,2033.07,111211,-0.75
2021-06-16 14:06:14,2027.6,4,88407,92571,2033.07,111211,-0.75
2021-06-16 14:06:19,2027.6,4,88419,92703,2033.07,111211,-0.75
2021-06-16 14:06:22,2027.6,4,88855,91794,2033.07,111211,-0.75
2021-06-16 14:06:25,2027.6,4,88804,91952,2033.07,111211,-0.75
2021-06-16 14:06:28,2027.6,4,88804,91864,2033.07,111211,-0.75
2021-06-16 14:06:30,2027.6,4,88804,91845,2033.07,111211,-0.75
2021-06-16 14:06:32,2027.6,4,88804,91868,2033.07,111211,-0.75
2021-06-16 14:06:34,2027.6,4,88804,91766,2033.07,111211,-0.75
2021-06-16 14:06:36,2027.6,4,88806,91743,2033.07,111211,-0.75
2021-06-16 14:06:38,2027.6,4,88806,91847,2033.07,111211,-0.75
2021-06-16 14:06:39,2027.0,5,88806,91847,2033.07,111211,-0.78
2021-06-16 14:06:40,2027.0,5,88702,91748,2033.07,111216,-0.78
2021-06-16 14:06:42,2027.0,5,88702,91759,2033.07,111216,-0.78
2021-06-16 14:06:44,2027.0,5,88702,91868,2033.07,111216,-0.78
2021-06-16 14:06:48,2027.0,5,88757,91726,2033.07,111216,-0.78
2021-06-16 14:06:50,2027.0,5,88757,91736,2033.07,111216,-0.78
2021-06-16 14:06:52,2027.0,5,88736,91818,2033.07,111216,-0.78
2021-06-16 14:06:55,2027.0,5,88736,91816,2033.07,111216,-0.78
2021-06-16 14:06:57,2027.0,5,87832,92260,2033.07,111216,-0.78
2021-06-16 14:06:58,2027.0,2,87832,92260,2033.07,111216,-0.78
2021-06-16 14:07:01,2027.0,2,88223,92087,2033.07,111218,-0.78
2021-06-16 14:07:09,2027.0,2,88244,91908,2033.07,111218,-0.78
2021-06-16 14:07:12,2027.0,2,88244,91927,2033.07,111218,-0.78
2021-06-16 14:07:14,2027.0,2,88404,91992,2033.07,111218,-0.78
2021-06-16 14:07:16,2027.0,2,88425,91933,2033.07,111220,-0.78
2021-06-16 14:07:21,2027.0,2,88425,91928,2033.07,111220,-0.78
2021-06-16 14:07:23,2027.0,2,88425,91884,2033.07,111220,-0.78
2021-06-16 14:07:24,2027.7,6,88425,91884,2033.07,111220,-0.75
2021-06-16 14:07:25,2027.7,6,88427,91925,2033.07,111230,-0.75
2021-06-16 14:07:26,2027.7,6,88406,91938,2033.07,111230,-0.75
2021-06-16 14:07:34,2027.7,6,88406,92008,2033.07,111230,-0.75
2021-06-16 14:07:35,2027.65,9,88406,92008,2033.07,111230,-0.75
2021-06-16 14:07:36,2027.65,9,88427,91969,2033.07,111239,-0.75
2021-06-16 14:07:40,2027.65,9,88570,92190,2033.07,111239,-0.75
2021-06-16 14:07:47,2027.65,9,88507,92190,2033.07,111239,-0.75
2021-06-16 14:07:51,2027.65,9,88486,92191,2033.07,111239,-0.75
2021-06-16 14:07:53,2027.55,2,88486,92191,2033.07,111239,-0.75
2021-06-16 14:07:54,2027.55,2,88534,92179,2033.07,111254,-0.75
2021-06-16 14:07:55,2027.55,2,88522,92184,2033.07,111254,-0.75
2021-06-16 14:07:58,2026.7,14,88522,92184,2033.07,111254,-0.8
2021-06-16 14:08:01,2026.7,14,88544,92198,2033.07,111299,-0.8
2021-06-16 14:08:03,2026.7,14,88544,92208,2033.07,111299,-0.8
2021-06-16 14:08:05,2026.7,14,88544,92168,2033.07,111299,-0.8
2021-06-16 14:08:07,2026.7,14,88544,92193,2033.07,111299,-0.8
2021-06-16 14:08:09,2026.7,14,88488,92293,2033.07,111299,-0.8
2021-06-16 14:08:10,2026.7,14,88496,92293,2033.07,111299,-0.8
2021-06-16 14:08:15,2026.7,14,88590,91991,2033.07,111299,-0.8
2021-06-16 14:08:16,2026.7,14,88651,92000,2033.07,111299,-0.8
2021-06-16 14:08:18,2026.7,14,88646,92000,2033.07,111299,-0.8
2021-06-16 14:08:19,2027.5,33,88646,92000,2033.07,111299,-0.76
2021-06-16 14:08:20,2027.9,2,88646,92000,2033.07,111299,-0.74
2021-06-16 14:08:22,2027.9,5,88646,92000,2033.07,111299,-0.74
2021-06-16 14:08:22,2027.9,5,88542,92035,2033.07,111342,-0.74
2021-06-16 14:08:24,2027.9,5,88510,92272,2033.07,111342,-0.74
2021-06-16 14:08:25,2027.9,5,88510,92286,2033.07,111342,-0.74
2021-06-16 14:08:31,2027.9,5,88510,92178,2033.07,111342,-0.74
2021-06-16 14:08:36,2027.9,5,88546,92151,2033.07,111342,-0.74
2021-06-16 14:08:36,2027.9,1,88546,92151,2033.07,111342,-0.74
2021-06-16 14:08:37,2027.9,1,88570,92075,2033.07,111345,-0.74
2021-06-16 14:08:38,2028.0,7,88570,92075,2033.07,111345,-0.73
2021-06-16 14:08:45,2028.0,7,88549,92047,2033.07,111352,-0.73
2021-06-16 14:08:50,2028.0,5,88758,92058,2033.07,111352,-0.73
2021-06-16 14:08:52,2027.95,12,88756,92116,2033.07,111369,-0.73
2021-06-16 14:08:55,2027.95,12,88735,92116,2033.07,111369,-0.73
2021-06-16 14:08:57,2027.95,12,88721,92116,2033.07,111369,-0.73
2021-06-16 14:09:00,2027.95,12,88721,91881,2033.07,111369,-0.73
2021-06-16 14:09:15,2027.95,12,89874,91883,2033.07,111369,-0.73
2021-06-16 14:09:18,2028.0,1,89874,91882,2033.06,111370,-0.73
2021-06-16 14:09:19,2028.0,1,89873,91882,2033.06,111370,-0.73
2021-06-16 14:09:22,2027.0,70,89962,91356,2033.06,111551,-0.78
2021-06-16 14:09:24,2027.1,40,89884,91911,2033.05,111591,-0.78
2021-06-16 14:09:25,2027.1,15,89800,91920,2033.05,111606,-0.78
2021-06-16 14:09:26,2027.1,1,89800,91920,2033.05,111606,-0.78
2021-06-16 14:09:27,2027.1,1,89822,91894,2033.05,111607,-0.78
2021-06-16 14:09:30,2028.0,5,89822,91894,2033.05,111607,-0.73
2021-06-16 14:09:31,2028.0,5,89673,92200,2033.05,111612,-0.73
2021-06-16 14:09:32,2028.0,5,89673,92138,2033.05,111612,-0.73
2021-06-16 14:09:34,2028.0,5,88781,92401,2033.05,111612,-0.73
2021-06-16 14:09:36,2028.0,5,88941,92401,2033.05,111612,-0.73
2021-06-16 14:09:37,2027.0,130,88941,92345,2033.05,111612,-0.78
2021-06-16 14:09:39,2027.0,130,89211,92646,2033.04,111742,-0.78
2021-06-16 14:09:40,2027.0,130,89211,92616,2033.04,111742,-0.78
2021-06-16 14:09:42,2027.0,130,89211,92522,2033.04,111742,-0.78
2021-06-16 14:09:44,2027.0,130,89211,92543,2033.04,111742,-0.78
2021-06-16 14:09:46,2027.0,130,89211,92574,2033.04,111742,-0.78
2021-06-16 14:09:52,2027.0,130,89211,92564,2033.04,111742,-0.78
2021-06-16 14:09:54,2027.0,130,89447,92083,2033.04,111742,-0.78
2021-06-16 14:09:57,2027.0,130,89445,92262,2033.04,111742,-0.78
2021-06-16 14:10:04,2027.0,130,89517,92262,2033.04,111742,-0.78
2021-06-16 14:10:06,2027.0,130,89520,92262,2033.04,111742,-0.78
2021-06-16 14:10:09,2027.0,130,89520,92260,2033.04,111742,-0.78
2021-06-16 14:10:11,2027.0,130,89550,92155,2033.04,111742,-0.78
2021-06-16 14:10:13,2027.4,1,89530,92141,2033.04,111743,-0.76
2021-06-16 14:10:16,2027.4,1,89586,92294,2033.04,111743,-0.76
2021-06-16 14:10:25,2027.4,1,89567,92295,2033.04,111743,-0.76
2021-06-16 14:10:27,2027.4,1,89525,92295,2033.04,111743,-0.76
2021-06-16 14:10:30,2027.4,1,89565,92319,2033.04,111743,-0.76
2021-06-16 14:10:34,2027.4,1,89585,92295,2033.04,111743,-0.76
2021-06-16 14:10:36,2027.4,1,89621,92295,2033.04,111743,-0.76
2021-06-16 14:10:37,2027.4,1,89614,92283,2033.04,111743,-0.76
2021-06-16 14:10:39,2027.4,1,89617,92283,2033.04,111743,-0.76
2021-06-16 14:10:46,2027.4,1,89658,92293,2033.04,111743,-0.76
2021-06-16 14:10:48,2027.4,1,89658,92283,2033.04,111743,-0.76
2021-06-16 14:10:52,2027.4,1,89634,92359,2033.04,111743,-0.76
2021-06-16 14:10:59,2027.4,1,89642,92359,2033.04,111743,-0.76
2021-06-16 14:11:01,2027.4,1,89565,92349,2033.04,111743,-0.76
2021-06-16 14:11:03,2027.4,1,89601,92349,2033.04,111743,-0.76
2021-06-16 14:11:08,2027.4,1,89637,92335,2033.04,111743,-0.76
2021-06-16 14:11:11,2027.4,1,89907,91770,2033.04,111743,-0.76
2021-06-16 14:11:13,2028.0,100,89907,91770,2033.04,111743,-0.73
2021-06-16 14:11:14,2028.0,100,90061,91627,2033.04,111843,-0.73
2021-06-16 14:11:16,2028.0,100,90081,91637,2033.04,111843,-0.73
2021-06-16 14:11:18,2028.0,100,90031,91649,2033.04,111843,-0.73
2021-06-16 14:11:20,2028.0,100,90025,91674,2033.04,111843,-0.73
2021-06-16 14:11:23,2028.0,100,89196,91366,2033.04,111843,-0.73
2021-06-16 14:11:31,2028.0,100,89186,91322,2033.04,111843,-0.73
2021-06-16 14:11:33,2028.0,100,88849,91727,2033.04,111843,-0.73
2021-06-16 14:11:35,2028.0,100,88927,91717,2033.04,111843,-0.73
2021-06-16 14:11:40,2028.0,100,88927,91671,2033.04,111843,-0.73
2021-06-16 14:11:41,2028.0,164,88927,91671,2033.04,111843,-0.73
2021-06-16 14:11:43,2028.0,164,89492,90983,2032.99,112843,-0.73
2021-06-16 14:11:45,2028.0,164,89246,91191,2032.99,112843,-0.73
2021-06-16 14:11:45,2028.3,1,89246,91191,2032.99,112843,-0.72
2021-06-16 14:11:46,2028.3,1,89246,91082,2032.99,112844,-0.72
2021-06-16 14:11:49,2028.3,1,89246,91103,2032.99,112844,-0.72
2021-06-16 14:11:51,2028.3,1,89407,90800,2032.99,112844,-0.72
2021-06-16 14:11:52,2028.3,1,89428,90886,2032.99,112844,-0.72
2021-06-16 14:11:57,2028.5,50,89428,90886,2032.99,112844,-0.71
2021-06-16 14:11:58,2028.5,50,89404,90913,2032.99,112894,-0.71
2021-06-16 14:11:59,2028.5,5,89404,90913,2032.99,112894,-0.71
2021-06-16 14:12:00,2028.5,5,89345,90901,2032.99,112906,-0.71
2021-06-16 14:12:03,2028.5,5,89346,90844,2032.99,112906,-0.71
2021-06-16 14:12:04,2028.5,5,89442,90905,2032.99,112906,-0.71
2021-06-16 14:12:09,2028.5,5,89637,90571,2032.99,112906,-0.71
2021-06-16 14:12:10,2028.0,25,89637,90571,2032.99,112906,-0.73
2021-06-16 14:12:10,2028.0,25,88610,91416,2032.99,112931,-0.73
2021-06-16 14:12:12,2028.0,25,88764,91406,2032.99,112931,-0.73
2021-06-16 14:12:19,2028.0,25,89200,91419,2032.99,112931,-0.73
2021-06-16 14:12:25,2028.0,25,89200,91418,2032.99,112931,-0.73
2021-06-16 14:12:28,2028.0,25,89201,91518,2032.99,112931,-0.73
2021-06-16 14:12:28,2027.75,1,89201,91518,2032.99,112931,-0.74
2021-06-16 14:12:30,2027.75,1,89201,91517,2032.99,112932,-0.74
2021-06-16 14:12:31,2026.7,1,89201,91517,2032.99,112932,-0.8
2021-06-16 14:12:33,2026.7,1,89200,91516,2032.99,112933,-0.8
2021-06-16 14:12:36,2027.75,3,89200,91516,2032.99,112933,-0.74
2021-06-16 14:12:37,2027.75,3,89200,91513,2032.99,112936,-0.74
2021-06-16 14:12:40,2027.75,3,89298,91437,2032.99,112936,-0.74
2021-06-16 14:12:42,2027.75,3,89326,91318,2032.99,112936,-0.74
2021-06-16 14:12:43,2027.75,3,89285,91318,2032.99,112936,-0.74
2021-06-16 14:12:45,2027.75,3,89285,91314,2032.99,112936,-0.74
2021-06-16 14:12:47,2027.75,3,89285,91335,2032.99,112936,-0.74
2021-06-16 14:12:49,2027.75,3,89251,91335,2032.99,112936,-0.74
2021-06-16 14:12:50,2027.75,3,89200,91352,2032.99,112936,-0.74
2021-06-16 14:12:52,2027.75,3,89167,91352,2032.99,112936,-0.74
2021-06-16 14:12:55,2027.75,3,89153,91352,2032.99,112936,-0.74
2021-06-16 14:12:57,2027.75,3,89172,91352,2032.99,112936,-0.74
2021-06-16 14:13:00,2026.65,15,89172,91352,2032.99,112936,-0.8
2021-06-16 14:13:06,2026.65,15,89230,91350,2032.99,112956,-0.8
2021-06-16 14:13:10,2026.65,15,89230,91352,2032.99,112956,-0.8
2021-06-16 14:13:12,2026.65,15,89446,91352,2032.99,112956,-0.8
2021-06-16 14:13:21,2026.65,15,89920,91354,2032.99,112956,-0.8
2021-06-16 14:13:27,2026.65,15,89932,91354,2032.99,112956,-0.8
2021-06-16 14:13:39,2026.65,15,89929,91354,2032.99,112956,-0.8
2021-06-16 14:13:41,2026.65,15,89855,91438,2032.99,112956,-0.8
2021-06-16 14:13:44,2026.0,15,89855,91438,2032.99,112956,-0.83
2021-06-16 14:13:45,2026.0,15,89984,91383,2032.98,113056,-0.83
2021-06-16 14:13:46,2026.0,15,89886,91385,2032.98,113056,-0.83
2021-06-16 14:13:48,2026.0,15,89896,91385,2032.98,113056,-0.83
2021-06-16 14:13:51,2026.0,15,90354,91360,2032.98,113056,-0.83
2021-06-16 14:13:54,2026.0,15,90406,91360,2032.98,113056,-0.83
2021-06-16 14:13:55,2026.0,15,90431,91360,2032.98,113056,-0.83
2021-06-16 14:14:00,2026.0,15,90051,91360,2032.98,113056,-0.83
2021-06-16 14:14:02,2026.0,15,90041,91360,2032.98,113056,-0.83
2021-06-16 14:14:04,2026.0,15,90052,91360,2032.98,113056,-0.83
2021-06-16 14:14:05,2026.0,15,90143,91360,2032.98,113056,-0.83
2021-06-16 14:14:07,2026.0,15,90153,91360,2032.98,113056,-0.83
2021-06-16 14:14:09,2026.0,15,90154,91360,2032.98,113056,-0.83
2021-06-16 14:14:12,2026.0,15,90038,91360,2032.98,113056,-0.83
2021-06-16 14:14:14,2026.0,15,90082,91360,2032.98,113056,-0.83
2021-06-16 14:14:16,2026.0,15,90086,91360,2032.98,113056,-0.83
2021-06-16 14:14:18,2026.0,15,90174,91360,2032.98,113056,-0.83
2021-06-16 14:14:20,2026.0,15,90521,91360,2032.98,113056,-0.83
2021-06-16 14:14:21,2026.6,5,90521,91360,2032.98,113056,-0.8
2021-06-16 14:14:23,2026.6,5,90526,91360,2032.98,113061,-0.8
2021-06-16 14:14:30,2026.6,5,90516,90990,2032.98,113061,-0.8
2021-06-16 14:14:31,2026.6,5,90517,90991,2032.98,113061,-0.8
2021-06-16 14:14:33,2026.6,5,90517,90992,2032.98,113061,-0.8
2021-06-16 14:14:34,2027.95,21,90411,91082,2032.98,113161,-0.73
2021-06-16 14:14:37,2027.95,21,90411,91093,2032.98,113161,-0.73
2021-06-16 14:14:39,2027.95,21,90186,91111,2032.98,113161,-0.73
2021-06-16 14:14:40,2027.9,100,90186,91111,2032.98,113161,-0.74
2021-06-16 14:14:41,2027.9,100,90270,91120,2032.97,113261,-0.74
2021-06-16 14:14:43,2027.9,100,90235,91148,2032.97,113261,-0.74
2021-06-16 14:14:44,2027.9,100,90249,91190,2032.97,113261,-0.74
2021-06-16 14:14:46,2027.9,100,90239,91242,2032.97,113261,-0.74
2021-06-16 14:14:48,2027.9,100,90239,91553,2032.97,113261,-0.74
2021-06-16 14:14:54,2027.9,100,90239,91653,2032.97,113261,-0.74
2021-06-16 14:14:57,2028.0,80,90239,91653,2032.97,113261,-0.73
2021-06-16 14:15:00,2028.0,80,89875,91177,2032.95,113761,-0.73
2021-06-16 14:15:01,2028.0,80,89864,91177,2032.95,113761,-0.73
2021-06-16 14:15:03,2026.8,1,89864,91177,2032.95,113761,-0.79
2021-06-16 14:15:03,2026.8,1,89903,91177,2032.95,113762,-0.79
2021-06-16 14:15:04,2028.0,1,89903,91177,2032.95,113762,-0.73
2021-06-16 14:15:05,2028.0,1,89903,91185,2032.95,113763,-0.73
2021-06-16 14:15:06,2028.0,1,89903,91199,2032.95,113763,-0.73
2021-06-16 14:15:08,2028.0,1,89913,91199,2032.95,113763,-0.73
2021-06-16 14:15:11,2028.0,1,89888,91199,2032.95,113763,-0.73
2021-06-16 14:15:13,2028.0,1,89890,91199,2032.95,113763,-0.73
2021-06-16 14:15:15,2028.0,1,89890,91189,2032.95,113763,-0.73
2021-06-16 14:15:24,2028.0,1,89880,91289,2032.95,113763,-0.73
2021-06-16 14:15:25,2028.0,1,89890,91289,2032.95,113763,-0.73
2021-06-16 14:15:27,2028.0,1,89685,91415,2032.95,113763,-0.73
2021-06-16 14:15:30,2028.0,1,89672,91559,2032.95,113763,-0.73
2021-06-16 14:15:34,2028.0,1,89678,91157,2032.95,113763,-0.73
2021-06-16 14:15:37,2028.0,1,89628,91100,2032.95,113763,-0.73
2021-06-16 14:15:39,2028.0,1,89588,91100,2032.95,113763,-0.73
2021-06-16 14:15:40,2028.0,1,89588,91535,2032.95,113763,-0.73
2021-06-16 14:15:43,2028.0,1,89588,91547,2032.95,113763,-0.73
2021-06-16 14:15:51,2028.0,1,89526,91801,2032.95,113763,-0.73
2021-06-16 14:15:55,2028.0,1,89503,91814,2032.95,113763,-0.73
2021-06-16 14:16:00,2028.0,1,89493,91814,2032.95,113763,-0.73
2021-06-16 14:16:02,2028.0,1,89503,91742,2032.95,113763,-0.73
2021-06-16 14:16:08,2028.0,1,89797,91567,2032.95,113763,-0.73
2021-06-16 14:16:12,2028.0,1,89936,91494,2032.95,113763,-0.73
2021-06-16 14:16:15,2028.0,1,89788,91513,2032.95,113763,-0.73
2021-06-16 14:16:17,2028.0,1,89698,91687,2032.95,113763,-0.73
2021-06-16 14:16:19,2028.0,1,89611,91671,2032.95,113763,-0.73
2021-06-16 14:16:21,2028.0,1,89611,91603,2032.95,113763,-0.73
2021-06-16 14:16:25,2026.5,10,89661,91593,2032.95,113788,-0.81
2021-06-16 14:16:27,2026.5,10,89649,91616,2032.95,113788,-0.81
2021-06-16 14:16:31,2026.5,10,89649,91576,2032.95,113788,-0.81
2021-06-16 14:16:34,2026.5,10,89642,91670,2032.95,113788,-0.81
2021-06-16 14:16:37,2026.5,10,89667,91670,2032.95,113788,-0.81
2021-06-16 14:16:39,2026.5,10,89674,91670,2032.95,113788,-0.81
2021-06-16 14:16:42,2026.5,10,89664,91670,2032.95,113788,-0.81
2021-06-16 14:16:48,2026.5,10,89642,91686,2032.95,113788,-0.81
2021-06-16 14:16:52,2026.5,10,89606,91723,2032.95,113788,-0.81
2021-06-16 14:16:55,2026.5,10,89606,91687,2032.95,113788,-0.81
2021-06-16 14:16:57,2026.5,10,89510,91699,2032.95,113788,-0.81
2021-06-16 14:17:01,2026.5,10,89422,91834,2032.95,113788,-0.81
2021-06-16 14:17:04,2026.5,10,89494,91759,2032.95,113788,-0.81
2021-06-16 14:17:07,2026.5,10,89717,91440,2032.95,113788,-0.81
2021-06-16 14:17:10,2026.5,10,89696,91394,2032.95,113788,-0.81
2021-06-16 14:17:12,2026.5,10,89696,91442,2032.95,113788,-0.81
2021-06-16 14:17:14,2026.0,1,89696,91442,2032.95,113788,-0.83
2021-06-16 14:17:15,2026.0,1,87904,91766,2032.95,113868,-0.83
2021-06-16 14:17:17,2026.0,1,88140,91884,2032.95,113868,-0.83
2021-06-16 14:17:19,2026.0,1,88612,92330,2032.95,113868,-0.83
2021-06-16 14:17:23,2026.0,1,88627,92304,2032.95,113868,-0.83
2021-06-16 14:17:24,2026.0,1,88632,92258,2032.95,113868,-0.83
2021-06-16 14:17:27,2026.0,1,88591,92330,2032.95,113868,-0.83
2021-06-16 14:17:29,2026.0,1,88633,92330,2032.95,113868,-0.83
2021-06-16 14:17:31,2026.0,1,88631,92306,2032.95,113868,-0.83
2021-06-16 14:17:37,2026.0,5,88631,92316,2032.95,113868,-0.83
2021-06-16 14:17:40,2026.0,5,88629,92326,2032.95,113873,-0.83
2021-06-16 14:17:42,2026.0,5,88584,92299,2032.95,113873,-0.83
2021-06-16 14:17:46,2026.0,5,88626,92299,2032.95,113873,-0.83
2021-06-16 14:17:48,2026.0,4,88627,92299,2032.95,113873,-0.83
2021-06-16 14:17:51,2025.95,45,88991,92775,2032.94,113882,-0.83
2021-06-16 14:17:58,2025.95,45,88996,92764,2032.94,113932,-0.83
2021-06-16 14:18:00,2025.95,28,88996,92764,2032.94,113932,-0.83
2021-06-16 14:18:01,2025.95,28,88993,92708,2032.94,113982,-0.83
2021-06-16 14:18:02,2025.95,10,88993,92708,2032.94,113982,-0.83
2021-06-16 14:18:03,2025.95,10,88993,92698,2032.94,113992,-0.83
2021-06-16 14:18:05,2025.95,10,88993,92697,2032.94,113992,-0.83
2021-06-16 14:18:07,2025.95,10,88573,92607,2032.94,113992,-0.83
2021-06-16 14:18:09,2025.95,10,88562,92788,2032.94,113992,-0.83
2021-06-16 14:18:10,2026.1,25,88562,92788,2032.94,113992,-0.82
2021-06-16 14:18:11,2026.1,25,88586,92763,2032.94,114017,-0.82
2021-06-16 14:18:13,2026.1,25,92835,92763,2032.94,114017,-0.82
2021-06-16 14:18:15,2026.1,25,92825,91734,2032.94,114017,-0.82
2021-06-16 14:18:19,2026.1,25,92859,96999,2032.94,114017,-0.82
2021-06-16 14:18:20,2026.15,11,92859,96999,2032.94,114017,-0.82
2021-06-16 14:18:21,2026.15,11,92860,96701,2032.94,114042,-0.82
2021-06-16 14:18:23,2026.15,11,92970,96670,2032.94,114042,-0.82
2021-06-16 14:18:25,2026.15,11,92742,96753,2032.94,114042,-0.82
2021-06-16 14:18:28,2026.15,11,92741,96765,2032.94,114042,-0.82
2021-06-16 14:18:29,2026.35,25,92741,96765,2032.94,114042,-0.81
2021-06-16 14:18:30,2026.35,25,92736,96740,2032.93,114067,-0.81
2021-06-16 14:18:32,2026.35,25,92775,96609,2032.93,114067,-0.81
2021-06-16 14:18:35,2026.35,25,92723,96609,2032.93,114067,-0.81
2021-06-16 14:18:39,2026.35,25,92744,96692,2032.93,114067,-0.81
2021-06-16 14:18:42,2026.35,25,92735,96692,2032.93,114067,-0.81
2021-06-16 14:18:43,2026.4,35,92735,96692,2032.93,114067,-0.81
2021-06-16 14:18:44,2026.4,35,92736,96729,2032.93,114107,-0.81
2021-06-16 14:18:46,2026.4,35,92720,96841,2032.93,114107,-0.81
2021-06-16 14:18:48,2026.4,35,92742,96767,2032.93,114107,-0.81
2021-06-16 14:18:50,2026.4,35,92732,96777,2032.93,114107,-0.81
2021-06-16 14:18:52,2026.4,35,92732,96691,2032.93,114107,-0.81
2021-06-16 14:18:55,2026.4,35,92759,96688,2032.93,114107,-0.81
2021-06-16 14:18:57,2026.4,35,92754,96688,2032.93,114107,-0.81
2021-06-16 14:19:00,2026.4,35,93236,95839,2032.93,114107,-0.81
2021-06-16 14:19:01,2026.4,90,93236,95839,2032.93,114107,-0.81
2021-06-16 14:19:03,2026.05,2,93580,95710,2032.93,114214,-0.83
2021-06-16 14:19:06,2026.05,2,93478,95712,2032.93,114214,-0.83
2021-06-16 14:19:08,2026.05,2,93475,95716,2032.93,114214,-0.83
2021-06-16 14:19:12,2026.05,2,93445,95797,2032.93,114214,-0.83
2021-06-16 14:19:15,2026.05,2,93448,95797,2032.93,114214,-0.83
2021-06-16 14:19:16,2026.05,2,93438,95620,2032.93,114214,-0.83
2021-06-16 14:19:19,2026.05,2,93481,95597,2032.93,114214,-0.83
2021-06-16 14:19:21,2026.05,2,93474,95618,2032.93,114214,-0.83
2021-06-16 14:19:23,2026.05,2,93758,95457,2032.93,114214,-0.83
2021-06-16 14:19:25,2027.0,5,93758,95457,2032.93,114214,-0.78
2021-06-16 14:19:28,2027.0,5,93785,95222,2032.92,114219,-0.78
2021-06-16 14:19:30,2026.0,5,93785,95178,2032.92,114219,-0.83
2021-06-16 14:19:32,2026.0,5,93871,95361,2032.92,114304,-0.83
2021-06-16 14:19:33,2026.0,5,93732,95291,2032.92,114304,-0.83
2021-06-16 14:19:35,2026.0,5,93921,95425,2032.92,114304,-0.83
2021-06-16 14:19:39,2026.0,5,93812,95425,2032.92,114304,-0.83
2021-06-16 14:19:44,2026.0,5,93812,95437,2032.92,114304,-0.83
2021-06-16 14:19:45,2026.0,1,93812,95437,2032.92,114304,-0.83
2021-06-16 14:19:45,2026.0,1,93765,95441,2032.92,114305,-0.83
2021-06-16 14:19:47,2026.0,1,93775,95441,2032.92,114305,-0.83
2021-06-16 14:19:49,2026.0,1,93775,95401,2032.92,114305,-0.83
2021-06-16 14:19:51,2026.0,1,93694,95437,2032.92,114305,-0.83
2021-06-16 14:19:53,2026.0,1,93706,95412,2032.92,114305,-0.83
2021-06-16 14:19:55,2026.0,1,93706,95476,2032.92,114305,-0.83
2021-06-16 14:19:57,2026.0,1,93334,95086,2032.92,114305,-0.83
2021-06-16 14:19:58,2026.0,1,93863,95084,2032.92,114305,-0.83
2021-06-16 14:20:01,2026.0,1,93837,95087,2032.92,114305,-0.83
2021-06-16 14:20:03,2026.0,1,93901,95087,2032.92,114305,-0.83
2021-06-16 14:20:07,2026.0,1,93830,95165,2032.92,114305,-0.83
2021-06-16 14:20:10,2026.0,1,93905,95048,2032.92,114305,-0.83
2021-06-16 14:20:13,2026.0,1,93833,95135,2032.92,114305,-0.83
2021-06-16 14:20:16,2026.0,1,93833,95137,2032.92,114305,-0.83
2021-06-16 14:20:18,2026.0,1,93834,95088,2032.92,114305,-0.83
2021-06-16 14:20:19,2026.0,1,93832,95002,2032.92,114305,-0.83
2021-06-16 14:20:26,2026.0,1,94322,94910,2032.92,114305,-0.83
2021-06-16 14:20:28,2026.0,1,94322,94860,2032.92,114305,-0.83
2021-06-16 14:20:30,2026.0,1,94322,94859,2032.92,114305,-0.83
2021-06-16 14:20:34,2026.0,1,94282,94851,2032.92,114305,-0.83
2021-06-16 14:20:39,2026.0,1,93761,95154,2032.92,114305,-0.83
2021-06-16 14:20:41,2026.0,1,93760,95311,2032.92,114305,-0.83
2021-06-16 14:20:43,2026.0,1,93985,94967,2032.92,114305,-0.83
2021-06-16 14:20:52,2026.0,1,93972,94968,2032.92,114305,-0.83
2021-06-16 14:20:54,2026.0,1,94071,94953,2032.92,114305,-0.83
2021-06-16 14:20:56,2026.0,1,94071,94963,2032.92,114305,-0.83
2021-06-16 14:21:00,2026.0,1,94157,94892,2032.92,114305,-0.83
2021-06-16 14:21:03,2026.0,1,94084,94964,2032.92,114305,-0.83
2021-06-16 14:21:08,2026.0,1,94004,95002,2032.92,114305,-0.83
2021-06-16 14:21:11,2026.0,1,94177,95036,2032.92,114305,-0.83
2021-06-16 14:21:13,2026.0,1,94213,94921,2032.92,114305,-0.83
2021-06-16 14:21:16,2026.0,1,93770,94989,2032.92,114305,-0.83
2021-06-16 14:21:18,2026.0,1,93745,95027,2032.92,114305,-0.83
2021-06-16 14:21:20,2026.0,1,93749,95093,2032.92,114305,-0.83
2021-06-16 14:21:22,2026.0,1,93749,95083,2032.92,114305,-0.83
2021-06-16 14:21:24,2026.0,1,93722,95083,2032.92,114305,-0.83
2021-06-16 14:21:28,2026.0,1,93721,95083,2032.92,114305,-0.83
2021-06-16 14:21:30,2027.2,1,93721,95083,2032.92,114305,-0.77
2021-06-16 14:21:30,2027.2,1,93721,95122,2032.92,114306,-0.77
2021-06-16 14:21:34,2027.2,1,93718,95122,2032.92,114306,-0.77
2021-06-16 14:21:36,2027.2,1,93732,95122,2032.92,114306,-0.77
2021-06-16 14:21:38,2027.2,1,93732,95132,2032.92,114306,-0.77
2021-06-16 14:21:40,2027.2,1,93732,95088,2032.92,114306,-0.77
2021-06-16 14:21:43,2027.2,1,93848,94974,2032.92,114306,-0.77
2021-06-16 14:21:47,2027.2,1,93866,94984,2032.92,114306,-0.77
2021-06-16 14:21:51,2027.2,1,93812,95021,2032.92,114306,-0.77
2021-06-16 14:21:52,2027.2,1,93836,95020,2032.92,114306,-0.77
2021-06-16 14:21:55,2027.2,1,93836,95024,2032.92,114306,-0.77
2021-06-16 14:21:58,2027.2,1,93833,95024,2032.92,114306,-0.77
2021-06-16 14:22:00,2027.2,1,93834,95024,2032.92,114306,-0.77
2021-06-16 14:22:04,2027.2,1,93834,94984,2032.92,114306,-0.77
2021-06-16 14:22:09,2027.2,1,93825,94980,2032.92,114306,-0.77
2021-06-16 14:22:11,2027.2,1,93837,94980,2032.92,114306,-0.77
2021-06-16 14:22:15,2027.2,1,93837,94730,2032.92,114306,-0.77
2021-06-16 14:22:18,2027.2,1,93880,94740,2032.92,114306,-0.77
2021-06-16 14:22:20,2027.2,1,93880,94730,2032.92,114306,-0.77
2021-06-16 14:22:28,2027.2,1,93890,94740,2032.92,114306,-0.77
2021-06-16 14:22:33,2027.2,1,94126,94535,2032.92,114306,-0.77
2021-06-16 14:22:38,2027.2,1,94105,94547,2032.92,114306,-0.77
2021-06-16 14:22:42,2027.2,1,94105,94759,2032.92,114306,-0.77
2021-06-16 14:22:44,2027.2,1,94105,94787,2032.92,114306,-0.77
2021-06-16 14:22:48,2027.2,1,94180,94733,2032.92,114306,-0.77
2021-06-16 14:22:51,2027.2,1,94180,94723,2032.92,114306,-0.77
2021-06-16 14:22:51,2028.35,42,94180,94723,2032.92,114306,-0.71
2021-06-16 14:22:52,2028.35,42,94221,94844,2032.92,114371,-0.71
2021-06-16 14:22:54,2028.35,42,94339,93325,2032.92,114371,-0.71
2021-06-16 14:22:56,2028.35,42,94800,94411,2032.92,114371,-0.71
2021-06-16 14:23:03,2028.35,42,94585,94513,2032.92,114371,-0.71
2021-06-16 14:23:04,2028.35,42,94545,94513,2032.92,114371,-0.71
2021-06-16 14:23:06,2028.35,42,94916,94605,2032.92,114371,-0.71
2021-06-16 14:23:10,2028.35,42,94844,94480,2032.92,114371,-0.71
2021-06-16 14:23:12,2028.35,42,94810,94510,2032.92,114371,-0.71
2021-06-16 14:23:16,2028.35,42,94773,94522,2032.92,114371,-0.71
2021-06-16 14:23:19,2028.35,42,94732,94522,2032.92,114371,-0.71
2021-06-16 14:23:21,2028.35,42,94757,94514,2032.92,114371,-0.71
2021-06-16 14:23:24,2028.35,42,94776,94578,2032.92,114371,-0.71
2021-06-16 14:23:25,2028.35,42,94849,93940,2032.92,114371,-0.71
2021-06-16 14:23:27,2028.35,42,94852,93940,2032.92,114371,-0.71
2021-06-16 14:23:33,2028.35,42,94743,94493,2032.92,114371,-0.71
2021-06-16 14:23:36,2028.35,42,94743,94504,2032.92,114371,-0.71
2021-06-16 14:23:38,2028.35,42,94743,94254,2032.92,114371,-0.71
2021-06-16 14:23:44,2028.35,42,94643,94254,2032.92,114371,-0.71
2021-06-16 14:23:57,2028.35,42,94623,94264,2032.92,114371,-0.71
2021-06-16 14:23:59,2028.35,42,94338,94264,2032.92,114371,-0.71
2021-06-16 14:24:03,2028.35,42,94338,94514,2032.92,114371,-0.71
2021-06-16 14:24:06,2028.35,42,94338,94764,2032.92,114371,-0.71
2021-06-16 14:24:08,2028.35,42,94347,94764,2032.92,114371,-0.71
2021-06-16 14:24:12,2028.35,42,94347,94514,2032.92,114371,-0.71
2021-06-16 14:24:14,2028.35,42,94369,94764,2032.92,114371,-0.71
2021-06-16 14:24:16,2028.35,42,94372,94764,2032.92,114371,-0.71
2021-06-16 14:24:25,2028.35,42,94366,94778,2032.92,114371,-0.71
2021-06-16 14:24:27,2028.35,42,94366,94764,2032.92,114371,-0.71
2021-06-16 14:24:28,2028.5,10,94366,94764,2032.92,114371,-0.71
2021-06-16 14:24:29,2028.5,10,95461,93348,2032.92,114391,-0.71
2021-06-16 14:24:33,2028.5,10,95219,93900,2032.92,114391,-0.71
2021-06-16 14:24:40,2028.5,10,95263,93900,2032.92,114391,-0.71
2021-06-16 14:24:43,2029.0,5,95263,93900,2032.92,114391,-0.68
2021-06-16 14:24:44,2029.0,5,95258,93900,2032.92,114396,-0.68
2021-06-16 14:24:45,2029.0,50,95258,93900,2032.92,114396,-0.68
2021-06-16 14:24:46,2029.0,50,95258,93845,2032.91,114451,-0.68
2021-06-16 14:24:48,2029.0,5,95258,93840,2032.91,114456,-0.68
2021-06-16 14:24:51,2029.0,5,95218,93840,2032.91,114456,-0.68
2021-06-16 14:24:52,2029.0,5,95176,93840,2032.91,114456,-0.68
2021-06-16 14:24:54,2028.1,38,95358,93910,2032.91,114536,-0.73
2021-06-16 14:24:56,2028.1,38,95276,93912,2032.91,114536,-0.73
2021-06-16 14:25:00,2028.1,38,95276,93412,2032.91,114536,-0.73
2021-06-16 14:25:02,2028.1,38,95373,93424,2032.91,114536,-0.73
2021-06-16 14:25:06,2028.1,38,95297,93444,2032.91,114536,-0.73
2021-06-16 14:25:08,2029.0,3,95297,93444,2032.91,114536,-0.68
2021-06-16 14:25:09,2029.0,3,95297,93441,2032.91,114539,-0.68
2021-06-16 14:25:10,2029.0,3,95297,93439,2032.91,114539,-0.68
2021-06-16 14:25:13,2029.0,3,95287,93439,2032.91,114539,-0.68
2021-06-16 14:25:15,2029.0,3,95230,93439,2032.91,114539,-0.68
2021-06-16 14:25:16,2029.0,3,95240,93439,2032.91,114539,-0.68
2021-06-16 14:25:27,2029.0,3,94979,93439,2032.91,114539,-0.68
2021-06-16 14:25:28,2029.0,3,95180,93378,2032.91,114539,-0.68
2021-06-16 14:25:30,2029.0,3,95202,93365,2032.91,114539,-0.68
2021-06-16 14:25:34,2029.0,3,94972,93435,2032.91,114539,-0.68
2021-06-16 14:25:38,2029.0,3,94972,93447,2032.91,114539,-0.68
2021-06-16 14:25:41,2029.0,3,94972,93389,2032.91,114539,-0.68
2021-06-16 14:25:45,2029.0,3,94953,93389,2032.91,114539,-0.68
2021-06-16 14:25:51,2029.0,3,94953,93447,2032.91,114539,-0.68
2021-06-16 14:25:52,2029.0,3,95395,93891,2032.91,114539,-0.68
2021-06-16 14:25:54,2029.0,3,95403,93867,2032.91,114539,-0.68
2021-06-16 14:26:01,2029.0,5,95385,93724,2032.91,114611,-0.68
2021-06-16 14:26:06,2029.0,5,95192,93729,2032.91,114611,-0.68
2021-06-16 14:26:08,2029.0,5,95182,93730,2032.91,114611,-0.68
2021-06-16 14:26:12,2029.0,5,95182,93744,2032.91,114611,-0.68
2021-06-16 14:26:13,2029.2,5,95182,93744,2032.91,114611,-0.67
2021-06-16 14:26:14,2029.5,108,95426,93745,2032.9,114724,-0.66
2021-06-16 14:26:15,2029.85,20,95426,93745,2032.9,114724,-0.64
2021-06-16 14:26:15,2029.85,20,95254,93422,2032.9,114841,-0.64
2021-06-16 14:26:16,2030.5,6,95254,93422,2032.9,114841,-0.61
2021-06-16 14:26:17,2030.5,6,95472,93725,2032.9,114871,-0.61
2021-06-16 14:26:19,2030.5,6,95531,93714,2032.9,114871,-0.61
2021-06-16 14:26:21,2030.5,6,95462,93691,2032.9,114871,-0.61
2021-06-16 14:26:23,2030.5,6,95461,93710,2032.9,114871,-0.61
2021-06-16 14:26:24,2030.5,1,95461,93710,2032.9,114871,-0.61
2021-06-16 14:26:28,2030.5,1,95460,93868,2032.9,114958,-0.61
2021-06-16 14:26:31,2030.5,1,95558,93984,2032.9,114958,-0.61
2021-06-16 14:26:33,2030.5,1,95493,93994,2032.9,114958,-0.61
2021-06-16 14:26:34,2030.5,1,95478,93994,2032.9,114958,-0.61
2021-06-16 14:26:36,2030.5,100,95478,93994,2032.9,114958,-0.61
2021-06-16 14:26:38,2030.5,100,95515,93894,2032.9,115058,-0.61
2021-06-16 14:26:48,2030.5,10,95515,93384,2032.9,115068,-0.61
2021-06-16 14:26:54,2030.5,10,95894,92481,2032.9,115068,-0.61
2021-06-16 14:26:55,2030.5,10,95816,92578,2032.9,115068,-0.61
2021-06-16 14:27:03,2030.5,10,95757,92578,2032.9,115068,-0.61
2021-06-16 14:27:04,2030.5,10,95857,92578,2032.9,115068,-0.61
2021-06-16 14:27:06,2029.65,2,95857,93014,2032.9,115068,-0.65
2021-06-16 14:27:08,2029.65,2,94489,93166,2032.89,115203,-0.65
2021-06-16 14:27:09,2029.65,2,95302,93166,2032.89,115203,-0.65
2021-06-16 14:27:11,2029.65,2,95288,93214,2032.89,115203,-0.65
2021-06-16 14:27:13,2029.65,2,95213,93204,2032.89,115203,-0.65
2021-06-16 14:27:15,2029.65,2,95410,93204,2032.89,115203,-0.65
2021-06-16 14:27:17,2030.4,10,95410,93204,2032.89,115203,-0.61
2021-06-16 14:27:20,2030.4,10,95410,93201,2032.89,115213,-0.61
2021-06-16 14:27:22,2030.4,10,95410,93182,2032.89,115213,-0.61
2021-06-16 14:27:23,2030.4,3,95410,93182,2032.89,115213,-0.61
2021-06-16 14:27:24,2030.4,3,95449,93152,2032.89,115216,-0.61
2021-06-16 14:27:25,2030.4,3,95374,93182,2032.89,115216,-0.61
2021-06-16 14:27:27,2030.4,3,95334,93162,2032.89,115216,-0.61
2021-06-16 14:27:33,2030.4,3,95334,93182,2032.89,115216,-0.61
2021-06-16 14:27:37,2030.4,3,95209,93162,2032.89,115216,-0.61
2021-06-16 14:27:41,2030.4,3,95254,93753,2032.89,115216,-0.61
2021-06-16 14:27:44,2030.4,3,95209,93754,2032.89,115216,-0.61
2021-06-16 14:27:45,2030.4,3,95209,93751,2032.89,115219,-0.61
2021-06-16 14:27:49,2030.4,3,95458,93605,2032.89,115219,-0.61
2021-06-16 14:27:52,2030.4,3,95505,93605,2032.89,115219,-0.61
2021-06-16 14:27:54,2030.4,3,95384,93605,2032.89,115219,-0.61
2021-06-16 14:27:56,2030.4,3,95302,93605,2032.89,115219,-0.61
2021-06-16 14:27:58,2030.4,3,95277,93757,2032.89,115219,-0.61
2021-06-16 14:28:00,2030.4,3,95338,93757,2032.89,115219,-0.61
2021-06-16 14:28:02,2030.4,3,95213,93757,2032.89,115219,-0.61
2021-06-16 14:28:04,2030.4,3,95213,93747,2032.89,115219,-0.61
2021-06-16 14:28:06,2030.35,60,95416,93665,2032.89,115279,-0.62
2021-06-16 14:28:08,2030.35,60,95291,93688,2032.89,115279,-0.62
2021-06-16 14:28:10,2030.35,60,95520,93554,2032.89,115279,-0.62
2021-06-16 14:28:15,2030.35,60,95519,93554,2032.89,115279,-0.62
2021-06-16 14:28:25,2030.5,9,95507,93544,2032.89,115289,-0.61
2021-06-16 14:28:25,2030.05,99,95507,93544,2032.89,115289,-0.63
2021-06-16 14:28:27,2030.05,99,95464,93555,2032.89,115388,-0.63
2021-06-16 14:28:29,2030.05,99,95464,94055,2032.89,115388,-0.63
2021-06-16 14:28:33,2030.45,3,95464,94055,2032.89,115388,-0.61
2021-06-16 14:28:36,2030.45,3,95471,94126,2032.89,115393,-0.61
2021-06-16 14:28:40,2030.45,3,95431,94126,2032.89,115393,-0.61
2021-06-16 14:28:43,2030.35,1,95431,94125,2032.89,115394,-0.62
2021-06-16 14:28:46,2030.35,1,95468,94125,2032.89,115394,-0.62
2021-06-16 14:28:51,2030.35,1,95207,94125,2032.89,115394,-0.62
2021-06-16 14:28:57,2030.35,1,95219,94125,2032.89,115394,-0.62
2021-06-16 14:29:01,2030.35,1,95219,93625,2032.89,115394,-0.62
2021-06-16 14:29:04,2030.35,1,95219,93628,2032.89,115394,-0.62
2021-06-16 14:29:05,2029.3,20,95219,93628,2032.89,115394,-0.67
2021-06-16 14:29:14,2029.3,20,95239,93586,2032.89,115414,-0.67
2021-06-16 14:29:15,2029.3,20,95239,93638,2032.89,115414,-0.67
2021-06-16 14:29:18,2029.3,20,95239,93616,2032.89,115414,-0.67
2021-06-16 14:29:18,2029.3,20,95239,93627,2032.89,115414,-0.67
2021-06-16 14:29:19,2029.25,41,95239,93627,2032.89,115414,-0.67
2021-06-16 14:29:21,2029.25,41,95181,93619,2032.89,115472,-0.67
2021-06-16 14:29:24,2029.3,1,95181,93619,2032.89,115472,-0.67
2021-06-16 14:29:25,2029.3,1,95100,93577,2032.89,115473,-0.67
2021-06-16 14:29:31,2029.3,1,95463,93474,2032.89,115473,-0.67
2021-06-16 14:29:34,2030.5,1,95910,92108,2032.87,116059,-0.61
2021-06-16 14:29:34,2031.0,3,95910,92108,2032.87,116059,-0.58
2021-06-16 14:29:36,2031.0,3,95860,93090,2032.87,116062,-0.58
2021-06-16 14:29:40,2031.0,3,95961,92446,2032.87,116062,-0.58
2021-06-16 14:29:45,2031.0,5,95961,92446,2032.87,116062,-0.58
2021-06-16 14:29:45,2031.75,1,95961,92446,2032.87,116062,-0.55
2021-06-16 14:29:46,2031.75,1,96008,93123,2032.87,116083,-0.55
2021-06-16 14:29:49,2031.75,1,96008,93087,2032.87,116083,-0.55
2021-06-16 14:29:51,2031.75,11,96008,93087,2032.87,116083,-0.55
2021-06-16 14:29:52,2031.75,11,96001,93150,2032.87,116098,-0.55
2021-06-16 14:29:55,2031.75,11,96001,93140,2032.87,116098,-0.55
2021-06-16 14:29:56,2029.9,3,96001,93140,2032.87,116098,-0.64
2021-06-16 14:29:57,2029.9,3,95902,92992,2032.87,116298,-0.64
2021-06-16 14:29:58,2031.7,8,95902,92992,2032.87,116298,-0.55
2021-06-16 14:30:01,2031.7,8,95921,92928,2032.87,116308,-0.55
2021-06-16 14:30:02,2031.7,8,95813,92917,2032.87,116308,-0.55
2021-06-16 14:30:06,2031.7,8,95812,92732,2032.87,116308,-0.55
2021-06-16 14:30:09,2031.7,8,95816,92763,2032.87,116308,-0.55
2021-06-16 14:30:12,2031.7,8,95812,92287,2032.87,116308,-0.55
2021-06-16 14:30:15,2031.7,8,95901,92287,2032.87,116308,-0.55
2021-06-16 14:30:20,2031.7,8,96316,92537,2032.87,116308,-0.55
2021-06-16 14:30:25,2031.6,1,96316,92526,2032.87,116319,-0.56
2021-06-16 14:30:27,2031.6,5,96316,92526,2032.87,116319,-0.56
2021-06-16 14:30:29,2031.6,5,96316,92527,2032.87,116324,-0.56
2021-06-16 14:30:31,2031.6,5,96082,92991,2032.87,116324,-0.56
2021-06-16 14:30:36,2031.6,5,96189,92147,2032.87,116324,-0.56
2021-06-16 14:30:36,2031.6,5,96080,92477,2032.87,116329,-0.56
2021-06-16 14:30:38,2031.6,5,96109,92472,2032.87,116329,-0.56
2021-06-16 14:30:40,2031.0,100,96109,92472,2032.87,116329,-0.58
2021-06-16 14:30:40,2031.0,100,95311,92660,2032.87,116429,-0.58
2021-06-16 14:30:43,2031.0,100,95319,91984,2032.87,116429,-0.58
2021-06-16 14:30:45,2031.0,100,95391,91909,2032.87,116429,-0.58
2021-06-16 14:30:48,2031.0,100,95427,91934,2032.87,116429,-0.58
2021-06-16 14:30:48,2029.3,25,95427,91934,2032.87,116429,-0.67
2021-06-16 14:30:50,2029.3,25,95442,91909,2032.87,116454,-0.67
2021-06-16 14:30:53,2030.5,5,95635,91911,2032.86,116529,-0.61
2021-06-16 14:30:55,2030.5,5,95605,91859,2032.86,116529,-0.61
2021-06-16 14:30:56,2030.65,6,95605,91859,2032.86,116529,-0.6
2021-06-16 14:30:57,2030.65,6,95638,91519,2032.86,116535,-0.6
2021-06-16 14:31:00,2030.65,6,95597,92122,2032.86,116535,-0.6
2021-06-16 14:31:02,2030.65,6,95574,92122,2032.86,116535,-0.6
2021-06-16 14:31:03,2030.65,4,95574,92122,2032.86,116535,-0.6
2021-06-16 14:31:04,2030.65,4,95465,92122,2032.86,116539,-0.6
2021-06-16 14:31:06,2030.65,4,95459,92067,2032.86,116539,-0.6
2021-06-16 14:31:08,2030.65,4,95449,92471,2032.86,116539,-0.6
2021-06-16 14:31:13,2030.65,4,94745,92421,2032.86,116539,-0.6
2021-06-16 14:31:15,2030.65,4,94740,92421,2032.86,116539,-0.6
2021-06-16 14:31:18,2030.65,4,94740,92395,2032.86,116539,-0.6
2021-06-16 14:31:21,2030.65,4,94362,92646,2032.86,116539,-0.6
2021-06-16 14:31:22,2030.65,4,94368,92651,2032.86,116539,-0.6
2021-06-16 14:31:25,2030.65,4,94326,92785,2032.86,116539,-0.6
2021-06-16 14:31:27,2030.65,4,94327,92785,2032.86,116539,-0.6
2021-06-16 14:31:30,2030.65,4,94363,92785,2032.86,116539,-0.6
2021-06-16 14:31:35,2031.0,5,94363,92785,2032.86,116539,-0.58
2021-06-16 14:31:36,2031.0,5,94455,92527,2032.86,116544,-0.58
2021-06-16 14:31:37,2031.3,26,94455,92527,2032.86,116544,-0.57
2021-06-16 14:31:37,2029.2,29,94455,92527,2032.86,116544,-0.67
2021-06-16 14:31:38,2029.2,29,95034,92369,2032.86,116644,-0.67
2021-06-16 14:31:40,2030.75,8,95131,92869,2032.86,116664,-0.6
2021-06-16 14:31:49,2030.75,8,95153,92869,2032.86,116664,-0.6
2021-06-16 14:31:54,2029.6,1,95153,92869,2032.86,116664,-0.65
2021-06-16 14:31:55,2029.6,1,95110,92869,2032.86,116665,-0.65
2021-06-16 14:31:59,2029.6,1,94904,92841,2032.86,116665,-0.65
2021-06-16 14:32:01,2029.6,1,94905,92841,2032.86,116665,-0.65
2021-06-16 14:32:04,2029.6,1,94906,92841,2032.86,116665,-0.65
2021-06-16 14:32:06,2029.6,1,94900,92876,2032.86,116665,-0.65
2021-06-16 14:32:10,2029.6,1,94949,92640,2032.86,116665,-0.65
2021-06-16 14:32:12,2029.6,1,95227,92619,2032.86,116665,-0.65
2021-06-16 14:32:15,2030.75,1,95269,92619,2032.86,116665,-0.6
2021-06-16 14:32:17,2029.6,1,95269,92619,2032.86,116665,-0.65
2021-06-16 14:32:21,2029.6,1,95230,93070,2032.86,116682,-0.65
2021-06-16 14:32:23,2029.6,1,95230,93081,2032.86,116682,-0.65
2021-06-16 14:32:25,2029.6,1,95230,93072,2032.86,116682,-0.65
2021-06-16 14:32:26,2030.65,1,95230,93072,2032.86,116682,-0.6
2021-06-16 14:32:27,2030.65,1,95304,92948,2032.86,116683,-0.6
2021-06-16 14:32:30,2030.65,1,95304,92947,2032.86,116683,-0.6
2021-06-16 14:32:31,2030.65,1,95328,92929,2032.86,116683,-0.6
2021-06-16 14:32:34,2030.65,1,95328,92965,2032.86,116683,-0.6
2021-06-16 14:32:36,2030.65,1,95378,93007,2032.86,116683,-0.6
2021-06-16 14:32:39,2030.65,1,95338,93318,2032.86,116683,-0.6
2021-06-16 14:32:43,2030.65,1,95639,92675,2032.86,116683,-0.6
2021-06-16 14:32:45,2030.65,1,95011,93238,2032.86,116683,-0.6
2021-06-16 14:32:48,2030.0,1,95011,93238,2032.86,116683,-0.63
2021-06-16 14:32:49,2030.0,2,95107,93240,2032.86,116687,-0.63
2021-06-16 14:32:51,2030.0,2,95380,93230,2032.86,116687,-0.63
2021-06-16 14:32:54,2030.0,2,95379,92718,2032.86,116687,-0.63
2021-06-16 14:33:00,2030.0,2,95276,92770,2032.86,116687,-0.63
2021-06-16 14:33:01,2030.0,1,95276,92770,2032.86,116687,-0.63
2021-06-16 14:33:02,2030.0,1,95125,92724,2032.86,116688,-0.63
2021-06-16 14:33:03,2030.8,2,95125,92724,2032.86,116688,-0.59
2021-06-16 14:33:03,2029.5,11,95125,92724,2032.86,116688,-0.66
2021-06-16 14:33:04,2029.5,11,95049,93259,2032.86,116791,-0.66
2021-06-16 14:33:06,2029.5,11,95039,93219,2032.86,116791,-0.66
2021-06-16 14:33:08,2029.5,11,94954,93092,2032.86,116791,-0.66
2021-06-16 14:33:14,2029.5,11,94990,93261,2032.86,116791,-0.66
2021-06-16 14:33:16,2029.5,11,94991,93261,2032.86,116791,-0.66
2021-06-16 14:33:19,2029.5,11,94990,93062,2032.86,116791,-0.66
2021-06-16 14:33:22,2029.5,11,94741,93062,2032.86,116791,-0.66
2021-06-16 14:33:22,2030.55,2,94741,93062,2032.86,116791,-0.61
2021-06-16 14:33:25,2030.55,2,94742,93088,2032.86,116826,-0.61
2021-06-16 14:33:27,2030.55,2,94903,93069,2032.86,116826,-0.61
2021-06-16 14:33:30,2030.55,2,94934,93069,2032.86,116826,-0.61
2021-06-16 14:33:33,2030.55,2,94939,93094,2032.86,116826,-0.61
2021-06-16 14:33:36,2029.5,8,94939,93094,2032.86,116826,-0.66
2021-06-16 14:33:37,2029.5,8,94177,92824,2032.86,116834,-0.66
2021-06-16 14:33:40,2029.5,8,94934,92848,2032.86,116834,-0.66
2021-06-16 14:33:42,2029.5,8,94984,92784,2032.86,116834,-0.66
2021-06-16 14:33:45,2029.5,8,95141,92783,2032.86,116834,-0.66
2021-06-16 14:33:54,2029.5,8,95203,92709,2032.86,116834,-0.66
2021-06-16 14:33:55,2030.0,11,95286,92775,2032.86,116874,-0.63
2021-06-16 14:33:56,2030.0,11,95286,92718,2032.86,116874,-0.63
2021-06-16 14:33:58,2030.0,11,94114,93151,2032.86,116874,-0.63
2021-06-16 14:34:00,2030.0,11,94091,93151,2032.86,116874,-0.63
2021-06-16 14:34:02,2030.0,11,94115,93151,2032.86,116874,-0.63
2021-06-16 14:34:04,2030.0,11,94875,93054,2032.86,116874,-0.63
2021-06-16 14:34:06,2029.5,1,94875,93054,2032.86,116874,-0.66
2021-06-16 14:34:08,2029.5,1,94511,93426,2032.86,116906,-0.66
2021-06-16 14:34:11,2028.15,5,92248,92516,2032.85,117072,-0.72
2021-06-16 14:34:13,2028.15,5,93845,93208,2032.85,117072,-0.72
2021-06-16 14:34:17,2028.15,5,93870,93208,2032.85,117072,-0.72
2021-06-16 14:34:19,2028.15,5,94209,93441,2032.85,117072,-0.72
2021-06-16 14:34:19,2028.15,1,94209,93441,2032.85,117072,-0.72
2021-06-16 14:34:21,2028.15,1,94208,93441,2032.85,117073,-0.72
2021-06-16 14:34:22,2028.15,1,93272,92686,2032.85,117073,-0.72
2021-06-16 14:34:28,2028.15,1,94197,93452,2032.85,117073,-0.72
2021-06-16 14:34:30,2028.15,1,94197,93433,2032.85,117073,-0.72
2021-06-16 14:34:33,2028.15,1,94197,93434,2032.85,117073,-0.72
2021-06-16 14:34:34,2028.15,1,94197,93424,2032.85,117073,-0.72
2021-06-16 14:34:36,2028.15,1,94154,93451,2032.85,117073,-0.72
2021-06-16 14:34:40,2028.15,1,94053,93430,2032.85,117073,-0.72
2021-06-16 14:34:42,2028.15,1,94053,93428,2032.85,117073,-0.72
2021-06-16 14:34:46,2028.15,1,94247,93427,2032.85,117073,-0.72
2021-06-16 14:34:49,2028.15,1,94110,93427,2032.85,117073,-0.72
2021-06-16 14:34:51,2028.15,1,94120,93427,2032.85,117073,-0.72
2021-06-16 14:34:53,2028.15,1,94120,93177,2032.85,117073,-0.72
2021-06-16 14:34:54,2028.0,25,94120,93177,2032.85,117073,-0.73
2021-06-16 14:34:55,2028.0,25,94176,93241,2032.85,117123,-0.73
2021-06-16 14:34:57,2028.0,25,94088,93145,2032.85,117123,-0.73
2021-06-16 14:34:58,2028.0,25,94024,93209,2032.85,117123,-0.73
2021-06-16 14:35:02,2028.0,25,94029,93240,2032.85,117123,-0.73
2021-06-16 14:35:04,2028.0,25,93340,93790,2032.85,117123,-0.73
2021-06-16 14:35:06,2028.0,25,93441,93803,2032.85,117123,-0.73
2021-06-16 14:35:09,2028.0,25,93558,93581,2032.85,117123,-0.73
2021-06-16 14:35:10,2028.3,5,94021,93138,2032.84,117231,-0.72
2021-06-16 14:35:13,2028.3,5,94021,93162,2032.84,117231,-0.72
2021-06-16 14:35:17,2028.3,5,94064,93136,2032.84,117231,-0.72
2021-06-16 14:35:18,2029.25,16,94064,93136,2032.84,117231,-0.67
2021-06-16 14:35:19,2029.25,16,94064,93120,2032.84,117256,-0.67
2021-06-16 14:35:21,2029.25,16,94040,93099,2032.84,117256,-0.67
2021-06-16 14:35:24,2029.25,16,94082,93099,2032.84,117256,-0.67
2021-06-16 14:35:26,2029.25,16,93718,93241,2032.84,117256,-0.67
2021-06-16 14:35:31,2029.25,16,93453,93269,2032.84,117256,-0.67
2021-06-16 14:35:34,2029.25,16,93458,93293,2032.84,117256,-0.67
2021-06-16 14:35:36,2029.4,2,94139,93309,2032.84,117273,-0.66
2021-06-16 14:35:37,2029.4,2,94040,93472,2032.84,117273,-0.66
2021-06-16 14:35:39,2029.4,2,94030,93472,2032.84,117273,-0.66
2021-06-16 14:35:42,2029.75,7,94030,93472,2032.84,117273,-0.65
2021-06-16 14:35:44,2029.75,15,94029,93462,2032.84,117295,-0.65
2021-06-16 14:35:45,2029.75,7,94029,93462,2032.84,117295,-0.65
2021-06-16 14:35:47,2029.75,7,94019,93457,2032.84,117302,-0.65
2021-06-16 14:35:54,2029.75,7,94022,93517,2032.84,117302,-0.65
2021-06-16 14:35:56,2029.75,7,94022,93455,2032.84,117302,-0.65
2021-06-16 14:35:58,2028.6,5,94113,93408,2032.84,117307,-0.7
2021-06-16 14:36:01,2028.6,5,94035,93380,2032.84,117307,-0.7
2021-06-16 14:36:01,2029.0,50,94035,93380,2032.84,117307,-0.68
2021-06-16 14:36:03,2029.0,50,94109,93331,2032.84,117357,-0.68
2021-06-16 14:36:05,2029.0,50,94040,93331,2032.84,117357,-0.68
2021-06-16 14:36:07,2029.0,50,94266,93081,2032.84,117357,-0.68
2021-06-16 14:36:09,2029.0,50,94296,93081,2032.84,117357,-0.68
2021-06-16 14:36:13,2029.0,50,94296,93111,2032.84,117357,-0.68
2021-06-16 14:36:15,2029.0,50,94430,93106,2032.84,117357,-0.68
2021-06-16 14:36:19,2029.0,50,94390,93106,2032.84,117357,-0.68
2021-06-16 14:36:23,2029.0,50,94380,93106,2032.84,117357,-0.68
2021-06-16 14:36:30,2029.0,50,94356,93106,2032.84,117357,-0.68
2021-06-16 14:36:33,2029.0,50,93893,93597,2032.84,117357,-0.68
2021-06-16 14:36:33,2028.5,30,93893,93597,2032.84,117357,-0.71
2021-06-16 14:36:37,2028.5,30,93746,93562,2032.84,117387,-0.71
2021-06-16 14:36:43,2028.5,30,93748,93562,2032.84,117387,-0.71
2021-06-16 14:36:45,2028.3,23,93748,93562,2032.84,117387,-0.72
2021-06-16 14:36:45,2028.3,23,93210,93965,2032.84,117410,-0.72
2021-06-16 14:36:47,2028.3,23,93500,93344,2032.84,117410,-0.72
2021-06-16 14:36:49,2028.3,23,93610,93554,2032.84,117410,-0.72
2021-06-16 14:36:52,2028.3,23,93797,93526,2032.84,117410,-0.72
2021-06-16 14:36:54,2028.3,23,93983,93516,2032.84,117410,-0.72
2021-06-16 14:36:56,2028.3,23,93971,93355,2032.84,117410,-0.72
2021-06-16 14:37:01,2028.3,23,93971,93393,2032.84,117410,-0.72
2021-06-16 14:37:03,2028.3,23,93998,93333,2032.84,117410,-0.72
2021-06-16 14:37:06,2028.3,23,93980,93358,2032.84,117410,-0.72
2021-06-16 14:37:08,2028.3,23,94043,93358,2032.84,117410,-0.72
2021-06-16 14:37:10,2028.3,23,94122,93249,2032.84,117410,-0.72
2021-06-16 14:37:12,2028.3,23,94074,93209,2032.84,117410,-0.72
2021-06-16 14:37:14,2029.0,25,94194,93211,2032.84,117410,-0.68
2021-06-16 14:37:16,2029.0,25,94498,93345,2032.84,117485,-0.68
2021-06-16 14:37:18,2029.0,25,94477,93358,2032.84,117485,-0.68
2021-06-16 14:37:21,2029.0,25,94476,93348,2032.84,117485,-0.68
2021-06-16 14:37:21,2030.0,10,94476,93348,2032.84,117485,-0.63
2021-06-16 14:37:22,2030.0,10,94476,93290,2032.84,117510,-0.63
2021-06-16 14:37:26,2030.0,10,94476,93293,2032.84,117510,-0.63
2021-06-16 14:37:28,2030.0,10,94465,93331,2032.84,117510,-0.63
2021-06-16 14:37:30,2030.0,10,94472,93331,2032.84,117510,-0.63
2021-06-16 14:37:38,2030.0,10,94422,93544,2032.84,117510,-0.63
2021-06-16 14:37:40,2029.7,3,94118,93586,2032.84,117513,-0.65
2021-06-16 14:37:42,2029.7,3,94088,93557,2032.84,117513,-0.65
2021-06-16 14:37:44,2029.7,3,94088,93651,2032.84,117513,-0.65
2021-06-16 14:37:46,2029.7,3,94088,93631,2032.84,117513,-0.65
2021-06-16 14:37:48,2029.6,82,94065,93115,2032.83,117663,-0.65
2021-06-16 14:37:51,2029.6,82,94065,93128,2032.83,117663,-0.65
2021-06-16 14:37:58,2029.6,82,94065,93165,2032.83,117663,-0.65
2021-06-16 14:38:03,2029.6,82,94129,93157,2032.83,117663,-0.65
2021-06-16 14:38:07,2029.6,82,94131,93407,2032.83,117663,-0.65
2021-06-16 14:38:09,2029.6,82,94131,93417,2032.83,117663,-0.65
2021-06-16 14:38:10,2029.6,82,93842,93392,2032.83,117663,-0.65
2021-06-16 14:38:13,2029.6,82,94075,93479,2032.83,117663,-0.65
2021-06-16 14:38:16,2029.6,82,94027,93623,2032.83,117663,-0.65
2021-06-16 14:38:18,2029.6,82,94027,93633,2032.83,117663,-0.65
2021-06-16 14:38:21,2029.6,82,94029,93634,2032.83,117663,-0.65
2021-06-16 14:38:24,2029.6,82,94033,93615,2032.83,117663,-0.65
2021-06-16 14:38:28,2029.6,82,94033,93580,2032.83,117663,-0.65
2021-06-16 14:38:30,2029.55,2,94003,93578,2032.83,117673,-0.66
2021-06-16 14:38:36,2029.55,2,93978,93578,2032.83,117673,-0.66
2021-06-16 14:38:39,2029.55,2,93978,93579,2032.83,117673,-0.66
2021-06-16 14:38:43,2029.55,2,93729,93579,2032.83,117673,-0.66
2021-06-16 14:38:46,2029.5,1,93729,93579,2032.83,117673,-0.66
2021-06-16 14:38:47,2029.5,1,93728,93562,2032.83,117675,-0.66
2021-06-16 14:38:49,2029.55,7,93727,93489,2032.83,117695,-0.66
2021-06-16 14:38:52,2029.55,7,93998,93489,2032.83,117695,-0.66
2021-06-16 14:38:54,2029.55,7,93988,93489,2032.83,117695,-0.66
2021-06-16 14:38:55,2028.5,10,93988,93489,2032.83,117695,-0.71
2021-06-16 14:38:56,2028.5,10,94019,93620,2032.83,117705,-0.71
2021-06-16 14:38:58,2028.5,10,94057,93600,2032.83,117705,-0.71
2021-06-16 14:39:04,2028.5,10,94093,93600,2032.83,117705,-0.71
2021-06-16 14:39:07,2028.5,10,94193,93488,2032.83,117715,-0.71
2021-06-16 14:39:09,2028.5,10,94168,93507,2032.83,117715,-0.71
2021-06-16 14:39:10,2028.5,10,94146,93507,2032.83,117715,-0.71
2021-06-16 14:39:13,2028.5,10,94169,93507,2032.83,117715,-0.71
2021-06-16 14:39:15,2028.5,10,94188,93507,2032.83,117715,-0.71
2021-06-16 14:39:16,2028.5,10,94252,93507,2032.83,117715,-0.71
2021-06-16 14:39:28,2028.5,10,94243,93507,2032.83,117715,-0.71
2021-06-16 14:39:28,2027.65,3,94329,93511,2032.83,117725,-0.75
2021-06-16 14:39:30,2027.7,4,94331,93511,2032.83,117725,-0.75
2021-06-16 14:39:33,2027.7,4,94188,93525,2032.83,117729,-0.75
2021-06-16 14:39:34,2027.7,4,93939,93525,2032.83,117729,-0.75
2021-06-16 14:39:37,2027.7,4,94157,93528,2032.83,117729,-0.75
2021-06-16 14:39:39,2027.7,4,94416,93528,2032.83,117729,-0.75
2021-06-16 14:39:40,2027.8,2,94383,93528,2032.83,117729,-0.74
2021-06-16 14:39:43,2027.8,2,94293,93530,2032.83,117739,-0.74
2021-06-16 14:39:48,2027.8,2,94253,93530,2032.83,117739,-0.74
2021-06-16 14:39:49,2027.8,2,94272,93530,2032.83,117739,-0.74
2021-06-16 14:39:49,2027.8,2,93762,93530,2032.83,117739,-0.74
2021-06-16 14:39:51,2027.8,2,94270,93530,2032.83,117739,-0.74
2021-06-16 14:39:52,2027.8,2,94292,93530,2032.83,117739,-0.74
2021-06-16 14:39:55,2027.8,2,94234,93530,2032.83,117739,-0.74
2021-06-16 14:39:58,2027.8,2,94234,93541,2032.83,117739,-0.74
2021-06-16 14:40:03,2027.8,2,94298,93541,2032.83,117739,-0.74
2021-06-16 14:40:06,2027.8,2,94288,93541,2032.83,117739,-0.74
2021-06-16 14:40:07,2027.8,2,94432,93530,2032.83,117739,-0.74
2021-06-16 14:40:07,2027.8,2,94427,93530,2032.83,117739,-0.74
2021-06-16 14:40:09,2027.8,2,94426,93530,2032.83,117739,-0.74
2021-06-16 14:40:14,2027.8,2,94116,93530,2032.83,117739,-0.74
2021-06-16 14:40:15,2027.8,2,93988,93530,2032.83,117739,-0.74
2021-06-16 14:40:15,2027.8,2,93927,93530,2032.83,117739,-0.74
2021-06-16 14:40:16,2027.8,2,93862,93530,2032.83,117739,-0.74
2021-06-16 14:40:18,2028.5,80,93862,93530,2032.83,117739,-0.71
2021-06-16 14:40:18,2028.5,80,94039,92832,2032.83,117819,-0.71
2021-06-16 14:40:21,2028.5,80,94028,93386,2032.83,117819,-0.71
2021-06-16 14:40:26,2028.5,80,93881,93423,2032.83,117819,-0.71
2021-06-16 14:40:27,2028.5,80,93931,93495,2032.83,117819,-0.71
2021-06-16 14:40:28,2028.5,80,93891,93495,2032.83,117819,-0.71
2021-06-16 14:40:31,2028.5,80,93891,93531,2032.83,117819,-0.71
2021-06-16 14:40:34,2028.5,80,93939,93531,2032.83,117819,-0.71
2021-06-16 14:40:34,2028.5,80,94145,93495,2032.83,117819,-0.71
2021-06-16 14:40:37,2028.5,80,94015,93595,2032.83,117819,-0.71
2021-06-16 14:40:39,2028.5,80,94015,93555,2032.83,117819,-0.71
2021-06-16 14:40:43,2029.5,1,94015,93555,2032.83,117819,-0.66
2021-06-16 14:40:44,2029.5,1,93994,93487,2032.82,117878,-0.66
2021-06-16 14:40:45,2029.5,1,93984,93510,2032.82,117878,-0.66
2021-06-16 14:40:49,2029.5,1,94025,93260,2032.82,117878,-0.66
2021-06-16 14:40:50,2029.5,1,94048,93237,2032.82,117878,-0.66
2021-06-16 14:40:51,2029.5,1,94061,93237,2032.82,117878,-0.66
2021-06-16 14:40:52,2029.5,1,94038,93260,2032.82,117878,-0.66
2021-06-16 14:40:54,2029.5,1,94049,93237,2032.82,117878,-0.66
2021-06-16 14:40:55,2029.5,6,94016,93151,2032.82,117928,-0.66
2021-06-16 14:40:55,2029.5,6,94455,93204,2032.82,117928,-0.66
2021-06-16 14:40:58,2029.5,6,94383,93256,2032.82,117928,-0.66
2021-06-16 14:40:59,2029.5,6,94383,93234,2032.82,117928,-0.66
2021-06-16 14:41:00,2029.5,6,94166,93247,2032.82,117928,-0.66
2021-06-16 14:41:01,2029.5,6,94435,93283,2032.82,117928,-0.66
2021-06-16 14:41:02,2029.5,6,94435,93262,2032.82,117928,-0.66
2021-06-16 14:41:04,2029.5,6,94435,93285,2032.82,117928,-0.66
2021-06-16 14:41:05,2029.5,6,94465,93285,2032.82,117928,-0.66
2021-06-16 14:41:10,2029.5,6,94701,93238,2032.82,117928,-0.66
2021-06-16 14:41:12,2029.5,6,94691,93238,2032.82,117928,-0.66
2021-06-16 14:41:13,2029.5,6,94725,93238,2032.82,117928,-0.66
2021-06-16 14:41:13,2029.5,6,94725,93198,2032.82,117928,-0.66
2021-06-16 14:41:18,2029.5,6,94689,93198,2032.82,117928,-0.66
2021-06-16 14:41:19,2029.5,6,94562,93295,2032.82,117928,-0.66
2021-06-16 14:41:20,2029.5,6,94462,93295,2032.82,117928,-0.66
2021-06-16 14:41:22,2029.1,10,94575,93392,2032.82,117948,-0.68
2021-06-16 14:41:22,2029.1,10,94357,93495,2032.82,117948,-0.68
2021-06-16 14:41:24,2029.1,10,93832,93589,2032.82,117948,-0.68
2021-06-16 14:41:25,2029.1,10,93832,93601,2032.82,117948,-0.68
2021-06-16 14:41:26,2029.1,10,93822,93637,2032.82,117948,-0.68
2021-06-16 14:41:27,2029.1,10,93322,93637,2032.82,117948,-0.68
2021-06-16 14:41:28,2029.1,10,93341,93670,2032.82,117948,-0.68
2021-06-16 14:41:30,2029.1,10,93299,93662,2032.82,117948,-0.68
2021-06-16 14:41:33,2029.1,10,93799,93662,2032.82,117948,-0.68
2021-06-16 14:41:34,2029.1,10,93966,93252,2032.82,117948,-0.68
2021-06-16 14:41:35,2029.1,10,93934,93499,2032.82,117948,-0.68
2021-06-16 14:41:36,2029.1,10,93794,93509,2032.82,117948,-0.68
2021-06-16 14:41:39,2029.1,10,93825,93509,2032.82,117948,-0.68
2021-06-16 14:41:40,2029.1,10,93825,93501,2032.82,117948,-0.68
2021-06-16 14:41:42,2029.1,10,93825,93511,2032.82,117948,-0.68
2021-06-16 14:41:44,2029.1,10,93850,93427,2032.82,117948,-0.68
2021-06-16 14:41:45,2029.1,10,94376,93197,2032.82,117948,-0.68
2021-06-16 14:41:46,2029.1,10,94366,93269,2032.82,117948,-0.68
2021-06-16 14:41:48,2029.1,10,94366,93329,2032.82,117948,-0.68
2021-06-16 14:41:54,2029.1,10,94366,93365,2032.82,117948,-0.68
2021-06-16 14:41:55,2029.1,10,94366,93401,2032.82,117948,-0.68
2021-06-16 14:41:56,2029.1,10,94303,93536,2032.82,117948,-0.68
2021-06-16 14:41:57,2029.1,10,94313,93548,2032.82,117948,-0.68
2021-06-16 14:42:06,2029.1,10,94313,93508,2032.82,117948,-0.68
2021-06-16 14:42:12,2029.1,10,94313,93494,2032.82,117948,-0.68
2021-06-16 14:42:12,2029.1,10,94117,93531,2032.82,117948,-0.68
2021-06-16 14:42:14,2029.1,10,94180,93531,2032.82,117948,-0.68
2021-06-16 14:42:15,2029.1,10,94216,93531,2032.82,117948,-0.68
2021-06-16 14:42:16,2029.1,45,94370,93359,2032.82,117993,-0.68
2021-06-16 14:42:17,2029.1,45,94370,93382,2032.82,117993,-0.68
2021-06-16 14:42:18,2029.1,45,94370,93157,2032.82,117993,-0.68
2021-06-16 14:42:19,2029.1,45,94370,93164,2032.82,117993,-0.68
2021-06-16 14:42:25,2029.1,45,94370,93124,2032.82,117993,-0.68
2021-06-16 14:42:27,2029.15,5,94360,93124,2032.82,118003,-0.68
2021-06-16 14:42:28,2029.15,5,94360,93136,2032.82,118003,-0.68
2021-06-16 14:42:30,2029.15,5,94469,93153,2032.82,118003,-0.68
2021-06-16 14:42:35,2029.15,5,94469,93189,2032.82,118003,-0.68
2021-06-16 14:42:40,2029.15,5,94334,93285,2032.82,118003,-0.68
2021-06-16 14:42:45,2029.15,5,94298,93285,2032.82,118003,-0.68
2021-06-16 14:42:51,2029.15,5,94301,93285,2032.82,118003,-0.68
2021-06-16 14:42:54,2029.15,5,94301,93261,2032.82,118003,-0.68
2021-06-16 14:42:54,2029.15,5,94315,93261,2032.82,118003,-0.68
2021-06-16 14:43:00,2029.15,5,94315,93283,2032.82,118003,-0.68
2021-06-16 14:43:06,2029.15,5,94226,93347,2032.82,118003,-0.68
2021-06-16 14:43:13,2029.15,5,94272,93390,2032.82,118003,-0.68
2021-06-16 14:43:15,2030.0,10,94191,93252,2032.82,118016,-0.63
2021-06-16 14:43:16,2030.0,10,94180,93252,2032.82,118016,-0.63
2021-06-16 14:43:17,2030.0,10,94184,93252,2032.82,118016,-0.63
2021-06-16 14:43:21,2030.0,10,94184,93218,2032.82,118016,-0.63
2021-06-16 14:43:22,2030.0,10,94184,93279,2032.82,118016,-0.63
2021-06-16 14:43:24,2030.6,4,94189,93295,2032.82,118020,-0.6
2021-06-16 14:43:25,2030.6,4,94149,93295,2032.82,118020,-0.6
2021-06-16 14:43:26,2030.6,4,94149,93232,2032.82,118020,-0.6
2021-06-16 14:43:27,2030.55,2,94149,93232,2032.82,118020,-0.61
2021-06-16 14:43:28,2030.55,2,94208,93118,2032.82,118034,-0.61
2021-06-16 14:43:30,2030.55,2,94208,93117,2032.82,118034,-0.61
2021-06-16 14:43:31,2030.55,2,94208,93066,2032.82,118034,-0.61
2021-06-16 14:43:34,2030.65,7,94509,93060,2032.82,118056,-0.6
2021-06-16 14:43:37,2030.65,7,94468,93086,2032.82,118056,-0.6
2021-06-16 14:43:39,2030.65,7,94692,93086,2032.82,118056,-0.6
2021-06-16 14:43:42,2030.65,7,94492,93086,2032.82,118056,-0.6
2021-06-16 14:43:45,2030.65,7,94696,92904,2032.82,118056,-0.6
2021-06-16 14:43:45,2030.9,50,94696,92904,2032.82,118056,-0.59
2021-06-16 14:43:47,2030.9,50,94968,92457,2032.82,118106,-0.59
2021-06-16 14:43:51,2030.9,50,94968,92575,2032.82,118106,-0.59
2021-06-16 14:43:54,2030.9,50,94888,92495,2032.82,118106,-0.59
2021-06-16 14:43:55,2030.9,50,94888,92931,2032.82,118106,-0.59
2021-06-16 14:43:57,2030.9,50,94219,93208,2032.82,118106,-0.59
2021-06-16 14:43:58,2030.9,50,94773,93184,2032.82,118106,-0.59
2021-06-16 14:43:59,2030.9,50,94773,93055,2032.82,118106,-0.59
2021-06-16 14:44:00,2030.9,50,94813,93135,2032.82,118106,-0.59
2021-06-16 14:44:01,2031.0,14,94813,93135,2032.82,118106,-0.58
2021-06-16 14:44:02,2031.0,14,94813,93121,2032.82,118120,-0.58
2021-06-16 14:44:07,2031.0,2,94813,93119,2032.82,118122,-0.58
2021-06-16 14:44:11,2031.0,2,94823,93144,2032.82,118122,-0.58
2021-06-16 14:44:12,2031.0,14,94823,93144,2032.82,118122,-0.58
2021-06-16 14:44:13,2031.0,14,94823,93138,2032.82,118136,-0.58
2021-06-16 14:44:15,2031.0,14,94574,93197,2032.82,118136,-0.58
2021-06-16 14:44:18,2031.0,14,94574,92947,2032.82,118136,-0.58
2021-06-16 14:44:22,2031.0,14,94074,92906,2032.82,118136,-0.58
2021-06-16 14:44:25,2031.0,14,94074,92905,2032.82,118136,-0.58
2021-06-16 14:44:27,2031.0,14,93704,92861,2032.82,118136,-0.58
2021-06-16 14:44:31,2031.0,14,94207,92861,2032.82,118136,-0.58
2021-06-16 14:44:33,2031.0,14,94208,92861,2032.82,118136,-0.58
2021-06-16 14:44:34,2031.0,14,94210,92961,2032.82,118136,-0.58
2021-06-16 14:44:37,2031.45,14,93710,92977,2032.82,118150,-0.56
2021-06-16 14:44:37,2031.45,4,93710,92977,2032.82,118150,-0.56
2021-06-16 14:44:38,2031.0,50,93710,92977,2032.82,118150,-0.58
2021-06-16 14:44:39,2031.0,50,93597,92882,2032.82,118204,-0.58
2021-06-16 14:44:41,2031.0,50,93597,92883,2032.82,118204,-0.58
2021-06-16 14:44:45,2031.0,50,93601,92883,2032.82,118204,-0.58
2021-06-16 14:44:48,2031.0,50,93643,92883,2032.82,118204,-0.58
2021-06-16 14:44:49,2031.4,14,93643,92883,2032.82,118204,-0.57
2021-06-16 14:44:51,2031.4,14,93954,92817,2032.82,118218,-0.57
2021-06-16 14:44:52,2031.4,1,93954,92817,2032.82,118218,-0.57
2021-06-16 14:44:53,2031.4,1,93904,92816,2032.82,118219,-0.57
2021-06-16 14:44:55,2031.4,1,93804,92816,2032.82,118219,-0.57
2021-06-16 14:44:57,2031.4,1,93804,92436,2032.82,118219,-0.57
2021-06-16 14:44:58,2031.4,1,93805,92436,2032.82,118219,-0.57
2021-06-16 14:45:00,2031.4,1,93984,92437,2032.82,118219,-0.57
2021-06-16 14:45:02,2031.4,1,93984,92443,2032.82,118219,-0.57
2021-06-16 14:45:04,2031.4,1,94484,92443,2032.82,118219,-0.57
2021-06-16 14:45:06,2031.4,1,94484,92469,2032.82,118219,-0.57
2021-06-16 14:45:09,2031.4,1,94482,92487,2032.82,118219,-0.57
2021-06-16 14:45:12,2031.4,28,94482,92466,2032.82,118219,-0.57
2021-06-16 14:45:13,2031.4,28,94810,92277,2032.82,118268,-0.57
2021-06-16 14:45:16,2031.4,28,94810,92281,2032.82,118268,-0.57
2021-06-16 14:45:18,2031.4,28,94810,92333,2032.82,118268,-0.57
2021-06-16 14:45:21,2031.4,28,94810,92644,2032.82,118268,-0.57
2021-06-16 14:45:23,2031.4,28,94810,92744,2032.82,118268,-0.57
2021-06-16 14:45:25,2031.4,1,94810,92744,2032.82,118268,-0.57
2021-06-16 14:45:25,2031.4,1,94946,92435,2032.82,118269,-0.57
2021-06-16 14:45:28,2031.4,1,94598,92718,2032.82,118269,-0.57
2021-06-16 14:45:29,2031.55,1,94598,92718,2032.82,118269,-0.56
2021-06-16 14:45:30,2031.55,1,94647,93170,2032.82,118299,-0.56
2021-06-16 14:45:33,2031.55,1,94443,92922,2032.82,118299,-0.56
2021-06-16 14:45:33,2031.6,115,94443,92922,2032.82,118299,-0.56
2021-06-16 14:45:34,2031.6,115,93709,92772,2032.81,118499,-0.56
2021-06-16 14:45:37,2031.6,115,93709,92872,2032.81,118499,-0.56
2021-06-16 14:45:39,2031.6,115,93773,92844,2032.81,118499,-0.56
2021-06-16 14:45:39,2031.4,10,93773,92844,2032.81,118499,-0.57
2021-06-16 14:45:40,2031.4,10,93709,92722,2032.81,118509,-0.57
2021-06-16 14:45:45,2031.4,10,93669,92722,2032.81,118509,-0.57
2021-06-16 14:45:47,2031.4,10,93670,92732,2032.81,118509,-0.57
2021-06-16 14:45:48,2030.5,5,93670,92732,2032.81,118509,-0.61
2021-06-16 14:45:59,2031.0,1,93705,92833,2032.81,118520,-0.58
2021-06-16 14:46:01,2031.0,1,93705,93083,2032.81,118520,-0.58
2021-06-16 14:46:06,2031.0,1,93456,93083,2032.81,118520,-0.58
2021-06-16 14:46:10,2031.0,1,93456,92925,2032.81,118520,-0.58
2021-06-16 14:46:12,2031.0,1,93456,92961,2032.81,118520,-0.58
2021-06-16 14:46:14,2031.0,1,93956,92897,2032.81,118520,-0.58
2021-06-16 14:46:15,2031.0,5,93956,92897,2032.81,118520,-0.58
2021-06-16 14:46:16,2031.0,5,93956,92713,2032.81,118525,-0.58
2021-06-16 14:46:18,2031.0,5,93956,92712,2032.81,118525,-0.58
2021-06-16 14:46:20,2031.0,5,93976,92776,2032.81,118525,-0.58
2021-06-16 14:46:21,2030.6,4,93976,92776,2032.81,118525,-0.6
2021-06-16 14:46:22,2030.6,4,93972,92739,2032.81,118529,-0.6
2021-06-16 14:46:24,2030.6,4,93967,92739,2032.81,118529,-0.6
2021-06-16 14:46:30,2030.6,4,94216,92739,2032.81,118529,-0.6
2021-06-16 14:46:31,2030.6,4,94239,92717,2032.81,118529,-0.6
2021-06-16 14:46:34,2030.6,4,94239,92709,2032.81,118529,-0.6
2021-06-16 14:46:36,2030.6,4,94311,92709,2032.81,118529,-0.6
2021-06-16 14:46:38,2030.6,4,93855,92908,2032.81,118529,-0.6
2021-06-16 14:46:40,2030.0,8,93855,92908,2032.81,118529,-0.63
2021-06-16 14:46:42,2030.0,8,94778,92811,2032.81,118579,-0.63
2021-06-16 14:46:43,2030.95,10,94778,92811,2032.81,118579,-0.59
2021-06-16 14:46:45,2030.95,10,93920,92165,2032.81,118589,-0.59
2021-06-16 14:46:47,2030.95,10,94657,92549,2032.81,118589,-0.59
2021-06-16 14:46:49,2030.95,10,94615,92924,2032.81,118589,-0.59
2021-06-16 14:46:51,2030.95,10,94658,92924,2032.81,118589,-0.59
2021-06-16 14:46:54,2030.25,1,94657,92799,2032.81,118590,-0.62
2021-06-16 14:46:58,2030.25,1,94510,92735,2032.81,118590,-0.62
2021-06-16 14:47:00,2030.25,1,94512,92735,2032.81,118590,-0.62
2021-06-16 14:47:04,2030.25,1,94512,92699,2032.81,118590,-0.62
2021-06-16 14:47:09,2030.25,1,94448,92699,2032.81,118590,-0.62
2021-06-16 14:47:13,2029.95,29,94488,92547,2032.81,118690,-0.64
2021-06-16 14:47:16,2030.4,4,94239,92540,2032.81,118703,-0.61
2021-06-16 14:47:18,2030.4,24,94511,91862,2032.81,118727,-0.61
2021-06-16 14:47:21,2030.4,24,94422,92444,2032.81,118727,-0.61
2021-06-16 14:47:23,2030.4,24,94453,92444,2032.81,118727,-0.61
2021-06-16 14:47:25,2030.4,24,94406,92444,2032.81,118727,-0.61
2021-06-16 14:47:28,2030.4,24,94359,92470,2032.81,118727,-0.61
2021-06-16 14:47:30,2030.4,24,94382,92430,2032.81,118727,-0.61
2021-06-16 14:47:32,2030.2,1,94381,92405,2032.81,118728,-0.62
2021-06-16 14:47:34,2030.2,1,94276,92149,2032.81,118728,-0.62
2021-06-16 14:47:36,2029.55,23,94276,92149,2032.81,118728,-0.66
2021-06-16 14:47:40,2029.55,23,94114,92319,2032.81,118778,-0.66
2021-06-16 14:47:44,2029.55,23,94114,92547,2032.81,118778,-0.66
2021-06-16 14:47:46,2030.7,1,94352,92486,2032.81,118803,-0.6
2021-06-16 14:47:48,2030.7,1,94268,92510,2032.81,118803,-0.6
2021-06-16 14:47:51,2030.7,1,94258,92510,2032.81,118803,-0.6
2021-06-16 14:47:55,2030.7,1,94220,92510,2032.81,118803,-0.6
2021-06-16 14:47:57,2030.7,1,94212,92510,2032.81,118803,-0.6
2021-06-16 14:48:04,2030.7,1,93938,92594,2032.81,118803,-0.6
2021-06-16 14:48:06,2030.7,1,93898,92594,2032.81,118803,-0.6
2021-06-16 14:48:09,2030.7,31,93898,92594,2032.81,118803,-0.6
2021-06-16 14:48:10,2030.7,31,93730,92559,2032.81,118843,-0.6
2021-06-16 14:48:13,2030.7,31,93868,92234,2032.81,118843,-0.6
2021-06-16 14:48:15,2030.7,31,93877,92255,2032.81,118843,-0.6
2021-06-16 14:48:18,2030.7,31,93921,92286,2032.81,118843,-0.6
2021-06-16 14:48:21,2030.7,31,93812,92288,2032.81,118843,-0.6
2021-06-16 14:48:24,2030.7,31,93812,92299,2032.81,118843,-0.6
2021-06-16 14:48:27,2030.7,31,93757,92329,2032.81,118843,-0.6
2021-06-16 14:48:29,2030.7,31,93721,92403,2032.81,118843,-0.6
2021-06-16 14:48:33,2030.7,31,94074,92514,2032.81,118843,-0.6
2021-06-16 14:48:36,2030.7,31,94115,92513,2032.81,118843,-0.6
2021-06-16 14:48:42,2030.7,31,94151,92513,2032.81,118843,-0.6
2021-06-16 14:48:46,2030.7,31,94157,92474,2032.81,118843,-0.6
2021-06-16 14:48:48,2030.7,31,93790,93327,2032.81,118843,-0.6
2021-06-16 14:48:55,2030.7,31,93764,93432,2032.81,118843,-0.6
2021-06-16 14:48:57,2030.7,31,93764,93427,2032.81,118843,-0.6
2021-06-16 14:49:06,2030.7,31,93798,93427,2032.81,118843,-0.6
2021-06-16 14:49:09,2030.7,31,93804,93427,2032.81,118843,-0.6
2021-06-16 14:49:14,2030.7,31,93794,93435,2032.81,118843,-0.6
2021-06-16 14:49:15,2029.15,11,93794,93435,2032.81,118843,-0.68
2021-06-16 14:49:16,2029.15,11,93822,93805,2032.81,118855,-0.68
2021-06-16 14:49:21,2029.15,11,93822,93555,2032.81,118855,-0.68
2021-06-16 14:49:22,2029.0,74,93822,93555,2032.81,118855,-0.68
2021-06-16 14:49:24,2029.0,74,94091,93439,2032.8,118955,-0.68
2021-06-16 14:49:26,2029.0,74,94218,93370,2032.8,118955,-0.68
2021-06-16 14:49:27,2029.75,6,94218,93370,2032.8,118955,-0.65
2021-06-16 14:49:28,2029.75,6,93968,93367,2032.8,118989,-0.65
2021-06-16 14:49:30,2028.65,1,93968,93367,2032.8,118989,-0.7
2021-06-16 14:49:33,2028.65,1,93967,93392,2032.8,118990,-0.7
2021-06-16 14:49:35,2028.65,1,94018,93378,2032.8,118990,-0.7
2021-06-16 14:49:37,2028.65,1,92993,93786,2032.8,118990,-0.7
2021-06-16 14:49:39,2028.65,1,92993,93736,2032.8,118990,-0.7
2021-06-16 14:49:45,2028.65,1,92992,93736,2032.8,118990,-0.7
2021-06-16 14:49:46,2028.65,1,93706,93167,2032.8,118990,-0.7
2021-06-16 14:49:49,2028.65,1,93718,93664,2032.8,118990,-0.7
2021-06-16 14:49:51,2028.65,1,93580,93649,2032.8,118990,-0.7
2021-06-16 14:49:54,2028.65,1,93579,93539,2032.8,118990,-0.7
2021-06-16 14:49:56,2028.65,1,93255,93570,2032.8,118990,-0.7
2021-06-16 14:49:57,2029.15,14,93255,93570,2032.8,118990,-0.68
2021-06-16 14:49:58,2029.15,14,93255,93588,2032.8,119015,-0.68
2021-06-16 14:50:00,2029.15,14,93257,93591,2032.8,119015,-0.68
2021-06-16 14:50:03,2029.15,14,93267,93572,2032.8,119015,-0.68
2021-06-16 14:50:05,2029.15,14,93276,93576,2032.8,119015,-0.68
2021-06-16 14:50:07,2029.15,14,93235,93287,2032.8,119015,-0.68
2021-06-16 14:50:09,2029.15,14,93230,93221,2032.8,119015,-0.68
2021-06-16 14:50:12,2029.15,14,93228,93221,2032.8,119015,-0.68
2021-06-16 14:50:15,2029.15,14,93198,93280,2032.8,119015,-0.68
2021-06-16 14:50:18,2029.15,14,93195,93313,2032.8,119015,-0.68
2021-06-16 14:50:20,2029.15,14,93305,93290,2032.8,119015,-0.68
2021-06-16 14:50:22,2029.15,14,93372,93218,2032.8,119015,-0.68
2021-06-16 14:50:24,2028.55,3,93372,93218,2032.8,119015,-0.7
2021-06-16 14:50:24,2028.55,3,93266,93319,2032.8,119023,-0.7
2021-06-16 14:50:32,2028.55,3,93266,93330,2032.8,119023,-0.7
2021-06-16 14:50:34,2028.55,3,92766,93329,2032.8,119023,-0.7
2021-06-16 14:50:36,2029.5,8,92766,93329,2032.8,119023,-0.66
2021-06-16 14:50:36,2029.5,8,92500,93356,2032.8,119043,-0.66
2021-06-16 14:50:39,2029.5,8,92521,93352,2032.8,119043,-0.66
2021-06-16 14:50:40,2028.3,4,92521,93352,2032.8,119043,-0.72
2021-06-16 14:50:41,2028.3,4,92520,93636,2032.8,119053,-0.72
2021-06-16 14:50:45,2028.3,4,92520,93625,2032.8,119053,-0.72
2021-06-16 14:50:48,2028.3,4,92520,93645,2032.8,119053,-0.72
2021-06-16 14:50:49,2028.1,10,92520,93645,2032.8,119053,-0.73
2021-06-16 14:50:51,2027.5,144,92520,93645,2032.8,119053,-0.76
2021-06-16 14:50:52,2027.5,144,93630,93920,2032.78,119483,-0.76
2021-06-16 14:50:54,2028.2,10,93630,93920,2032.78,119483,-0.72
2021-06-16 14:50:55,2028.2,10,93718,93734,2032.78,119493,-0.72
2021-06-16 14:50:58,2028.2,10,93895,93691,2032.78,119493,-0.72
2021-06-16 14:51:00,2028.2,10,93364,93727,2032.78,119493,-0.72
2021-06-16 14:51:03,2028.2,10,93354,93657,2032.78,119493,-0.72
2021-06-16 14:51:04,2028.95,2,93354,93657,2032.78,119493,-0.69
2021-06-16 14:51:06,2028.95,2,92872,93719,2032.78,119495,-0.69
2021-06-16 14:51:10,2028.95,2,92929,93465,2032.78,119495,-0.69
2021-06-16 14:51:18,2028.95,2,93248,93516,2032.78,119495,-0.69
2021-06-16 14:51:22,2028.95,2,92946,93791,2032.78,119495,-0.69
2021-06-16 14:51:25,2028.95,2,92923,93803,2032.78,119495,-0.69
2021-06-16 14:51:27,2028.95,2,92923,93802,2032.78,119495,-0.69
2021-06-16 14:51:30,2028.95,2,92913,93802,2032.78,119495,-0.69
2021-06-16 14:51:31,2028.95,2,92913,93764,2032.78,119495,-0.69
2021-06-16 14:51:34,2028.95,2,92926,93770,2032.78,119495,-0.69
2021-06-16 14:51:45,2028.95,2,92426,93770,2032.78,119495,-0.69
2021-06-16 14:51:48,2028.95,2,92426,93745,2032.78,119495,-0.69
2021-06-16 14:51:49,2028.95,2,92426,93766,2032.78,119495,-0.69
2021-06-16 14:51:54,2028.95,2,92418,93766,2032.78,119495,-0.69
2021-06-16 14:51:56,2028.95,2,92926,93766,2032.78,119495,-0.69
2021-06-16 14:51:58,2028.95,2,92934,93766,2032.78,119495,-0.69
2021-06-16 14:52:01,2027.65,7,92934,93766,2032.78,119495,-0.75
2021-06-16 14:52:03,2027.65,7,93159,93766,2032.78,119512,-0.75
2021-06-16 14:52:04,2027.65,7,93055,93516,2032.78,119512,-0.75
2021-06-16 14:52:06,2028.5,2,93055,93516,2032.78,119512,-0.71
2021-06-16 14:52:07,2028.5,2,92849,93509,2032.78,119521,-0.71
2021-06-16 14:52:09,2027.65,1,92849,93509,2032.78,119521,-0.75
2021-06-16 14:52:09,2027.65,1,92871,93710,2032.78,119522,-0.75
2021-06-16 14:52:12,2027.65,1,92371,93710,2032.78,119522,-0.75
2021-06-16 14:52:17,2027.65,1,92159,94177,2032.78,119522,-0.75
2021-06-16 14:52:19,2027.65,1,92408,94177,2032.78,119522,-0.75
2021-06-16 14:52:22,2027.65,1,92504,95102,2032.78,119522,-0.75
2021-06-16 14:52:24,2027.65,1,92438,95044,2032.78,119522,-0.75
2021-06-16 14:52:26,2027.65,1,92709,95044,2032.78,119522,-0.75
2021-06-16 14:52:33,2027.65,1,92709,95067,2032.78,119522,-0.75
2021-06-16 14:52:36,2027.65,1,92139,95068,2032.78,119522,-0.75
2021-06-16 14:52:38,2028.1,5,92134,95072,2032.78,119527,-0.73
2021-06-16 14:52:40,2028.1,5,92252,95075,2032.78,119527,-0.73
2021-06-16 14:52:49,2028.1,5,92188,95120,2032.78,119527,-0.73
2021-06-16 14:52:51,2028.1,5,92159,95315,2032.78,119532,-0.73
2021-06-16 14:52:53,2028.1,5,92159,94312,2032.78,119532,-0.73
2021-06-16 14:52:55,2028.1,5,92135,94312,2032.78,119532,-0.73
2021-06-16 14:52:58,2028.1,5,92119,94308,2032.78,119532,-0.73
2021-06-16 14:52:59,2027.3,1,92119,94308,2032.78,119532,-0.77
2021-06-16 14:53:00,2027.3,1,92117,94286,2032.78,119534,-0.77
2021-06-16 14:53:01,2027.3,20,92117,94286,2032.78,119534,-0.77
2021-06-16 14:53:03,2027.3,20,92051,93918,2032.78,119572,-0.77
2021-06-16 14:53:04,2027.3,20,92003,93915,2032.78,119572,-0.77
2021-06-16 14:53:07,2027.3,20,92503,93921,2032.78,119572,-0.77
2021-06-16 14:53:09,2027.3,20,92538,93855,2032.78,119572,-0.77
2021-06-16 14:53:12,2027.3,20,92509,93896,2032.78,119572,-0.77
2021-06-16 14:53:14,2027.3,20,92509,93878,2032.78,119572,-0.77
2021-06-16 14:53:16,2027.3,20,92623,93858,2032.78,119572,-0.77
2021-06-16 14:53:19,2027.3,20,92600,93847,2032.78,119572,-0.77
2021-06-16 14:53:22,2027.3,20,92615,93806,2032.78,119572,-0.77
2021-06-16 14:53:24,2027.3,20,92561,93913,2032.78,119572,-0.77
2021-06-16 14:53:27,2027.3,20,92561,93948,2032.78,119572,-0.77
2021-06-16 14:53:30,2027.3,1,92561,93948,2032.78,119572,-0.77
2021-06-16 14:53:33,2027.3,1,92627,93872,2032.78,119573,-0.77
2021-06-16 14:53:35,2027.3,1,92650,93848,2032.78,119573,-0.77
2021-06-16 14:53:43,2027.3,1,92628,93934,2032.78,119573,-0.77
2021-06-16 14:53:48,2027.3,1,92628,93935,2032.78,119573,-0.77
2021-06-16 14:53:49,2028.0,5,92628,93935,2032.78,119573,-0.73
2021-06-16 14:53:50,2028.0,5,92623,94017,2032.78,119578,-0.73
2021-06-16 14:53:52,2028.0,5,92644,93995,2032.78,119578,-0.73
2021-06-16 14:53:57,2028.0,5,92154,93957,2032.78,119578,-0.73
2021-06-16 14:53:58,2027.3,8,92154,93957,2032.78,119578,-0.77
2021-06-16 14:54:00,2027.3,8,92138,93957,2032.78,119586,-0.77
2021-06-16 14:54:01,2027.3,8,92210,93957,2032.78,119586,-0.77
2021-06-16 14:54:04,2028.1,7,92210,93957,2032.78,119586,-0.73
2021-06-16 14:54:06,2028.1,7,92274,93972,2032.78,119593,-0.73
2021-06-16 14:54:11,2028.1,1,92274,93972,2032.78,119593,-0.73
2021-06-16 14:54:16,2028.1,1,92190,93986,2032.78,119594,-0.73
2021-06-16 14:54:18,2027.35,4,92693,93963,2032.77,119629,-0.76
2021-06-16 14:54:19,2028.6,7,92693,93963,2032.77,119629,-0.7
2021-06-16 14:54:21,2028.6,7,92857,93953,2032.77,119641,-0.7
2021-06-16 14:54:22,2028.6,5,92857,93953,2032.77,119641,-0.7
2021-06-16 14:54:30,2028.6,5,92116,93912,2032.77,119667,-0.7
2021-06-16 14:54:31,2028.6,5,92116,93975,2032.77,119677,-0.7
2021-06-16 14:54:34,2028.6,5,92027,94158,2032.77,119677,-0.7
2021-06-16 14:54:35,2028.05,2,92027,94158,2032.77,119677,-0.73
2021-06-16 14:54:36,2028.05,16,92027,94134,2032.77,119700,-0.73
2021-06-16 14:54:39,2028.05,16,92027,94141,2032.77,119700,-0.73
2021-06-16 14:54:43,2028.05,16,92027,94139,2032.77,119700,-0.73
2021-06-16 14:54:45,2028.05,16,92027,94143,2032.77,119700,-0.73
2021-06-16 14:54:49,2028.05,16,92028,94166,2032.77,119700,-0.73
2021-06-16 14:54:58,2028.05,16,92529,94191,2032.77,119700,-0.73
2021-06-16 14:55:03,2028.05,16,92529,94159,2032.77,119700,-0.73
2021-06-16 14:55:05,2028.05,16,92529,94166,2032.77,119700,-0.73
2021-06-16 14:55:07,2028.05,16,92529,94196,2032.77,119700,-0.73
2021-06-16 14:55:12,2028.05,16,92529,94209,2032.77,119700,-0.73
2021-06-16 14:55:17,2028.05,16,92529,94211,2032.77,119700,-0.73
2021-06-16 14:55:19,2028.05,16,92529,94205,2032.77,119700,-0.73
2021-06-16 14:55:22,2028.05,16,92529,94182,2032.77,119700,-0.73
2021-06-16 14:55:22,2028.25,19,92529,94182,2032.77,119700,-0.72
2021-06-16 14:55:24,2028.25,19,92526,94091,2032.77,119730,-0.72
2021-06-16 14:55:27,2028.25,19,92563,93975,2032.77,119730,-0.72
2021-06-16 14:55:30,2028.25,19,92525,94041,2032.77,119730,-0.72
2021-06-16 14:55:32,2028.25,19,92529,94043,2032.77,119730,-0.72
2021-06-16 14:55:35,2028.25,19,92029,94043,2032.77,119730,-0.72
2021-06-16 14:55:38,2028.25,19,92029,94044,2032.77,119730,-0.72
2021-06-16 14:55:40,2028.25,19,92551,93946,2032.77,119730,-0.72
2021-06-16 14:55:43,2028.25,19,92601,93992,2032.77,119730,-0.72
2021-06-16 14:55:44,2028.0,1,92601,93992,2032.77,119730,-0.73
2021-06-16 14:55:45,2028.0,1,92603,93992,2032.77,119741,-0.73
2021-06-16 14:55:48,2028.0,1,92472,93992,2032.77,119741,-0.73
2021-06-16 14:55:49,2027.3,50,92472,93992,2032.77,119741,-0.77
2021-06-16 14:55:49,2027.0,13,92472,93992,2032.77,119741,-0.78
2021-06-16 14:55:51,2027.0,13,92627,94050,2032.76,119927,-0.78
2021-06-16 14:55:54,2027.0,13,92660,93996,2032.76,119927,-0.78
2021-06-16 14:55:56,2027.0,13,92522,94045,2032.76,119927,-0.78
2021-06-16 14:55:59,2027.0,13,93014,94178,2032.76,119927,-0.78
2021-06-16 14:56:01,2027.0,13,93014,94189,2032.76,119927,-0.78
2021-06-16 14:56:06,2027.0,13,93169,94208,2032.76,119927,-0.78
2021-06-16 14:56:07,2026.6,13,93169,94208,2032.76,119927,-0.8
2021-06-16 14:56:09,2026.6,13,93321,93608,2032.76,120027,-0.8
2021-06-16 14:56:12,2026.6,13,93532,93891,2032.76,120027,-0.8
2021-06-16 14:56:15,2026.6,13,93488,93840,2032.76,120027,-0.8
2021-06-16 14:56:15,2027.35,15,93488,93840,2032.76,120027,-0.76
2021-06-16 14:56:16,2028.65,3,93488,93840,2032.76,120027,-0.7
2021-06-16 14:56:18,2028.65,3,93652,93884,2032.75,120130,-0.7
2021-06-16 14:56:23,2028.65,3,93132,93884,2032.75,120130,-0.7
2021-06-16 14:56:27,2028.65,3,92900,93884,2032.75,120130,-0.7
2021-06-16 14:56:28,2027.4,5,92900,93884,2032.75,120130,-0.76
2021-06-16 14:56:30,2027.4,5,93435,97384,2032.75,120135,-0.76
2021-06-16 14:56:32,2027.4,5,93177,97536,2032.75,120140,-0.76
2021-06-16 14:56:36,2027.4,5,92376,97552,2032.75,120140,-0.76
2021-06-16 14:56:38,2027.4,5,92446,98091,2032.75,120140,-0.76
2021-06-16 14:56:41,2027.4,5,92149,97522,2032.75,120140,-0.76
2021-06-16 14:56:44,2027.4,5,91563,98470,2032.75,120140,-0.76
2021-06-16 14:56:45,2026.25,9,91563,98470,2032.75,120140,-0.82
2021-06-16 14:56:46,2026.25,9,91525,97471,2032.75,120149,-0.82
2021-06-16 14:56:48,2026.25,9,91523,97479,2032.75,120149,-0.82
2021-06-16 14:56:51,2026.25,9,91523,97493,2032.75,120149,-0.82
2021-06-16 14:56:53,2026.25,9,91410,97858,2032.75,120149,-0.82
2021-06-16 14:56:56,2026.25,9,91409,97858,2032.75,120149,-0.82
2021-06-16 14:56:58,2026.25,9,91642,97593,2032.75,120149,-0.82
2021-06-16 14:57:00,2026.3,10,91642,97593,2032.75,120149,-0.81
2021-06-16 14:57:01,2026.3,10,91782,98536,2032.75,120159,-0.81
2021-06-16 14:57:03,2026.3,10,91811,98515,2032.75,120159,-0.81
2021-06-16 14:57:05,2026.3,10,91843,98581,2032.75,120159,-0.81
2021-06-16 14:57:06,2027.55,2,91843,98581,2032.75,120159,-0.75
2021-06-16 14:57:07,2027.55,2,92040,98427,2032.75,120166,-0.75
2021-06-16 14:57:11,2028.0,1,92432,98340,2032.75,120173,-0.73
2021-06-16 14:57:13,2028.0,1,92352,98339,2032.75,120174,-0.73
2021-06-16 14:57:14,2026.75,5,92352,98339,2032.75,120174,-0.79
2021-06-16 14:57:16,2026.75,5,92355,98362,2032.75,120184,-0.79
2021-06-16 14:57:19,2026.75,5,92345,98362,2032.75,120184,-0.79
2021-06-16 14:57:24,2026.75,5,92345,98321,2032.75,120184,-0.79
2021-06-16 14:57:31,2026.75,5,92345,98326,2032.75,120184,-0.79
2021-06-16 14:57:34,2026.75,5,92281,97901,2032.75,120184,-0.79
2021-06-16 14:57:34,2027.0,45,92281,97901,2032.75,120184,-0.78
2021-06-16 14:57:39,2027.0,45,91681,97216,2032.75,120234,-0.78
2021-06-16 14:57:41,2027.0,45,91740,96999,2032.75,120234,-0.78
2021-06-16 14:57:43,2027.0,1,91740,96999,2032.75,120234,-0.78
2021-06-16 14:57:43,2027.0,1,91740,98042,2032.75,120235,-0.78
2021-06-16 14:57:47,2027.0,1,91740,97040,2032.75,120235,-0.78
2021-06-16 14:57:50,2027.0,1,91676,97089,2032.75,120236,-0.78
2021-06-16 14:57:52,2027.0,1,91676,98089,2032.75,120236,-0.78
2021-06-16 14:57:55,2027.0,1,92176,98089,2032.75,120236,-0.78
2021-06-16 14:58:00,2027.0,1,92176,98091,2032.75,120236,-0.78
2021-06-16 14:58:02,2027.0,1,91676,97091,2032.75,120236,-0.78
2021-06-16 14:58:05,2027.0,1,91676,97368,2032.75,120236,-0.78
2021-06-16 14:58:07,2027.0,1,91676,97431,2032.75,120236,-0.78
2021-06-16 14:58:20,2027.0,10,91676,98422,2032.75,120246,-0.78
2021-06-16 14:58:22,2027.0,10,92176,98422,2032.75,120246,-0.78
2021-06-16 14:58:30,2027.0,5,92176,98412,2032.75,120251,-0.78
2021-06-16 14:58:38,2027.0,5,91676,97662,2032.75,120251,-0.78
2021-06-16 14:58:40,2027.0,5,91362,97662,2032.75,120251,-0.78
2021-06-16 14:58:46,2027.0,5,91373,97662,2032.75,120251,-0.78
2021-06-16 14:58:51,2027.0,5,91248,98195,2032.75,120251,-0.78
2021-06-16 14:58:53,2027.0,10,91164,98185,2032.75,120261,-0.78
2021-06-16 14:58:55,2027.0,10,90263,97934,2032.75,120261,-0.78
2021-06-16 14:58:58,2027.0,10,90854,96965,2032.75,120261,-0.78
2021-06-16 14:59:01,2027.0,10,90831,97987,2032.75,120261,-0.78
2021-06-16 14:59:03,2026.95,4,91095,97879,2032.75,120269,-0.78
2021-06-16 14:59:04,2027.25,11,91095,97879,2032.75,120269,-0.77
2021-06-16 14:59:06,2027.25,11,91139,97946,2032.74,120391,-0.77
2021-06-16 14:59:08,2026.75,1,91139,97946,2032.74,120391,-0.79
2021-06-16 14:59:09,2026.75,1,91202,97839,2032.74,120393,-0.79
2021-06-16 14:59:12,2026.75,1,91680,97812,2032.74,120393,-0.79
2021-06-16 14:59:15,2026.75,1,91688,97841,2032.74,120393,-0.79
2021-06-16 14:59:17,2026.75,1,91245,96557,2032.74,120393,-0.79
2021-06-16 14:59:20,2026.75,1,92142,96647,2032.74,120393,-0.79
2021-06-16 14:59:22,2028.0,23,92142,96647,2032.74,120393,-0.73
2021-06-16 14:59:22,2028.0,23,91940,96670,2032.74,120423,-0.73
2021-06-16 14:59:27,2028.0,23,91975,96697,2032.74,120423,-0.73
2021-06-16 14:59:28,2027.2,6,91975,96697,2032.74,120423,-0.77
2021-06-16 14:59:30,2027.2,6,91969,96697,2032.74,120429,-0.77
2021-06-16 14:59:33,2027.2,6,91969,96693,2032.74,120429,-0.77
2021-06-16 14:59:35,2027.2,6,91977,96735,2032.74,120429,-0.77
2021-06-16 14:59:37,2027.2,6,92000,97767,2032.74,120429,-0.77
2021-06-16 14:59:40,2027.2,6,92040,96789,2032.74,120429,-0.77
2021-06-16 14:59:42,2027.2,6,91808,96824,2032.74,120429,-0.77
2021-06-16 14:59:45,2027.2,6,92306,97543,2032.74,120429,-0.77
2021-06-16 14:59:48,2027.2,6,91901,98794,2032.74,120429,-0.77
2021-06-16 14:59:51,2027.9,1,91901,98794,2032.74,120429,-0.74
2021-06-16 14:59:52,2027.9,1,92160,97772,2032.74,120430,-0.74
2021-06-16 14:59:55,2027.9,1,92159,97832,2032.74,120430,-0.74
2021-06-16 14:59:55,2027.85,1,92159,97832,2032.74,120430,-0.74
2021-06-16 15:00:01,2028.1,1,94143,99244,2032.74,120431,-0.73
2021-06-16 15:00:02,2028.15,32,94143,99244,2032.74,120431,-0.72
2021-06-16 15:00:03,2028.15,32,94138,99269,2032.74,120478,-0.72
2021-06-16 15:00:06,2028.15,32,94180,99596,2032.74,120478,-0.72
2021-06-16 15:00:08,2028.15,32,93680,99650,2032.74,120478,-0.72
2021-06-16 15:00:09,2028.15,1,93680,99650,2032.74,120478,-0.72
2021-06-16 15:00:11,2028.15,1,93690,99641,2032.74,120479,-0.72
2021-06-16 15:00:13,2028.15,1,93380,98451,2032.74,120479,-0.72
2021-06-16 15:00:16,2028.15,1,93590,99385,2032.74,120479,-0.72
2021-06-16 15:00:18,2027.35,16,93590,99385,2032.74,120479,-0.76
2021-06-16 15:00:19,2027.35,16,93494,98211,2032.73,120534,-0.76
2021-06-16 15:00:20,2027.35,10,93494,98211,2032.73,120534,-0.76
2021-06-16 15:00:22,2027.3,8,93494,98211,2032.73,120534,-0.77
2021-06-16 15:00:23,2027.3,8,93087,96868,2032.71,120969,-0.77
2021-06-16 15:00:25,2026.55,14,93087,96868,2032.71,120969,-0.8
2021-06-16 15:00:27,2026.55,14,91082,97224,2032.71,121114,-0.8
2021-06-16 15:00:27,2026.6,50,91082,97224,2032.71,121114,-0.8
2021-06-16 15:00:30,2026.1,1,90930,98064,2032.7,121165,-0.82
2021-06-16 15:00:33,2026.1,1,90909,97212,2032.7,121165,-0.82
2021-06-16 15:00:34,2025.7,1,90909,97212,2032.7,121165,-0.84
2021-06-16 15:00:38,2025.7,7,90792,98214,2032.7,121174,-0.84
2021-06-16 15:00:40,2025.5,1,90792,98214,2032.7,121174,-0.85
2021-06-16 15:00:41,2025.5,1,90720,97345,2032.7,121175,-0.85
2021-06-16 15:00:43,2025.5,9,90720,97345,2032.7,121175,-0.85
2021-06-16 15:00:45,2025.4,1,90723,97334,2032.7,121184,-0.86
2021-06-16 15:00:48,2025.4,1,90755,97482,2032.7,121185,-0.86
2021-06-16 15:00:49,2025.0,12,90755,97482,2032.7,121185,-0.88
2021-06-16 15:00:51,2025.0,12,90708,97521,2032.7,121232,-0.88
2021-06-16 15:00:52,2025.3,2,90708,97521,2032.7,121232,-0.86
2021-06-16 15:00:54,2025.3,4,90708,97521,2032.7,121232,-0.86
2021-06-16 15:00:54,2025.3,4,90701,97533,2032.7,121245,-0.86
2021-06-16 15:00:56,2025.05,54,90701,97533,2032.7,121245,-0.88
2021-06-16 15:00:57,2025.15,1,90701,97533,2032.7,121245,-0.87
2021-06-16 15:00:57,2025.15,1,90718,97107,2032.7,121300,-0.87
2021-06-16 15:01:00,2025.15,1,90654,98601,2032.7,121300,-0.87
2021-06-16 15:01:03,2025.15,1,90685,98583,2032.7,121300,-0.87
2021-06-16 15:01:04,2025.1,5,90685,98583,2032.7,121300,-0.87
2021-06-16 15:01:04,2024.0,10,90685,98583,2032.7,121300,-0.93
2021-06-16 15:01:07,2024.45,9,89467,98762,2032.66,121911,-0.91
2021-06-16 15:01:09,2024.55,52,89467,98762,2032.66,121911,-0.9
2021-06-16 15:01:10,2024.55,52,89493,97246,2032.63,122252,-0.9
2021-06-16 15:01:11,2024.1,6,89493,97246,2032.63,122252,-0.92
2021-06-16 15:01:12,2025.2,1,89493,97246,2032.63,122252,-0.87
2021-06-16 15:01:13,2025.2,1,89483,98226,2032.63,122293,-0.87
2021-06-16 15:01:16,2025.2,1,89445,98262,2032.63,122293,-0.87
2021-06-16 15:01:18,2024.2,4,89445,98262,2032.63,122293,-0.92
2021-06-16 15:01:19,2024.2,4,89973,98271,2032.62,122394,-0.92
2021-06-16 15:01:20,2025.2,2,89973,98271,2032.62,122394,-0.87
2021-06-16 15:01:21,2025.2,1,89973,98271,2032.62,122394,-0.87
2021-06-16 15:01:22,2025.2,1,89976,98310,2032.62,122397,-0.87
2021-06-16 15:01:24,2024.0,1,89976,98310,2032.62,122397,-0.93
2021-06-16 15:01:24,2024.0,1,89111,97633,2032.58,122898,-0.93
2021-06-16 15:01:28,2024.7,1,89111,97633,2032.58,122898,-0.89
2021-06-16 15:01:30,2024.7,1,88906,98529,2032.58,122899,-0.89
2021-06-16 15:01:31,2024.85,7,88906,98529,2032.58,122899,-0.89
2021-06-16 15:01:33,2024.85,7,88913,98593,2032.58,122984,-0.89
2021-06-16 15:01:36,2024.85,1,88910,98759,2032.58,122990,-0.89
2021-06-16 15:01:39,2024.2,3,88910,98759,2032.58,122990,-0.92
2021-06-16 15:01:40,2024.9,63,88910,98759,2032.58,122990,-0.88
2021-06-16 15:01:42,2024.95,17,89807,96688,2032.56,123219,-0.88
2021-06-16 15:01:43,2024.95,5,89807,96688,2032.56,123219,-0.88
2021-06-16 15:01:43,2024.95,14,89807,96688,2032.56,123219,-0.88
2021-06-16 15:01:45,2024.95,1,89807,96688,2032.56,123219,-0.88
2021-06-16 15:01:46,2024.9,8,89807,96688,2032.56,123219,-0.88
2021-06-16 15:01:46,2024.9,30,89807,96688,2032.56,123219,-0.88
2021-06-16 15:01:48,2024.9,30,89772,97218,2032.56,123277,-0.88
2021-06-16 15:01:49,2024.95,8,89772,97218,2032.56,123277,-0.88
2021-06-16 15:01:51,2024.95,8,90276,97196,2032.56,123299,-0.88
2021-06-16 15:01:52,2024.95,1,90276,97196,2032.56,123299,-0.88
2021-06-16 15:01:54,2024.95,1,90232,96878,2032.56,123300,-0.88
2021-06-16 15:01:58,2024.95,8,90327,96854,2032.56,123324,-0.88
2021-06-16 15:02:00,2024.95,1,90327,96854,2032.56,123324,-0.88
2021-06-16 15:02:01,2024.9,50,90327,96854,2032.56,123324,-0.88
2021-06-16 15:02:01,2024.9,50,90580,97850,2032.55,123375,-0.88
2021-06-16 15:02:04,2024.95,7,90580,97850,2032.55,123375,-0.88
2021-06-16 15:02:04,2024.95,6,90587,97843,2032.55,123382,-0.88
2021-06-16 15:02:07,2024.9,50,90642,96773,2032.55,123438,-0.88
2021-06-16 15:02:09,2024.8,7,90642,96773,2032.55,123438,-0.89
2021-06-16 15:02:10,2024.8,7,89712,98088,2032.54,123670,-0.89
2021-06-16 15:02:13,2024.8,7,89687,96973,2032.54,123670,-0.89
2021-06-16 15:02:16,2024.65,1,89647,97964,2032.54,123671,-0.9
2021-06-16 15:02:19,2024.65,1,89650,97834,2032.54,123672,-0.9
2021-06-16 15:02:21,2024.3,10,89650,97834,2032.54,123672,-0.91
2021-06-16 15:02:22,2024.3,1,89650,97834,2032.54,123672,-0.91
2021-06-16 15:02:22,2024.3,1,89664,97634,2032.53,123686,-0.91
2021-06-16 15:02:24,2024.65,1,89664,97634,2032.53,123686,-0.9
2021-06-16 15:02:25,2024.65,1,89619,97593,2032.53,123687,-0.9
2021-06-16 15:02:28,2024.65,1,89639,97613,2032.53,123687,-0.9
2021-06-16 15:02:29,2024.3,3,89639,97613,2032.53,123687,-0.91
2021-06-16 15:02:31,2024.3,3,89635,97738,2032.53,123695,-0.91
2021-06-16 15:02:33,2024.65,1,89635,97738,2032.53,123695,-0.9
2021-06-16 15:02:34,2024.65,1,89637,96737,2032.53,123696,-0.9
2021-06-16 15:02:37,2024.65,1,89639,96723,2032.53,123696,-0.9
2021-06-16 15:02:39,2024.65,12,89639,96723,2032.53,123696,-0.9
2021-06-16 15:02:40,2024.65,1,89637,96718,2032.53,123763,-0.9
2021-06-16 15:02:43,2024.65,1,89637,96699,2032.53,123771,-0.9
2021-06-16 15:02:46,2025.45,22,89637,96699,2032.53,123771,-0.86
2021-06-16 15:02:47,2025.45,1,90427,96230,2032.51,124064,-0.86
2021-06-16 15:02:48,2026.6,7,90427,96230,2032.51,124064,-0.8
2021-06-16 15:02:50,2026.55,1,90427,96230,2032.51,124064,-0.8
2021-06-16 15:02:51,2026.55,1,90406,96360,2032.51,124073,-0.8
2021-06-16 15:02:54,2026.55,1,90465,96372,2032.51,124073,-0.8
2021-06-16 15:02:54,2026.55,4,90465,96372,2032.51,124073,-0.8
2021-06-16 15:02:57,2026.5,1,90465,96372,2032.51,124073,-0.81
2021-06-16 15:02:57,2026.5,1,90361,96514,2032.51,124078,-0.81
2021-06-16 15:02:58,2026.45,7,90361,96514,2032.51,124078,-0.81
2021-06-16 15:03:01,2026.45,7,90392,96507,2032.51,124085,-0.81
2021-06-16 15:03:03,2025.45,17,90392,96507,2032.51,124085,-0.86
2021-06-16 15:03:04,2025.45,17,90349,96497,2032.51,124139,-0.86
2021-06-16 15:03:04,2026.45,1,90349,96497,2032.51,124139,-0.81
2021-06-16 15:03:07,2026.45,1,90570,96496,2032.51,124140,-0.81
2021-06-16 15:03:12,2026.45,1,90583,96496,2032.51,124140,-0.81
2021-06-16 15:03:13,2026.45,1,90582,96386,2032.51,124141,-0.81
2021-06-16 15:03:17,2026.45,6,90584,96480,2032.51,124147,-0.81
2021-06-16 15:03:20,2026.45,6,90584,96489,2032.51,124147,-0.81
2021-06-16 15:03:21,2026.45,1,90584,96489,2032.51,124147,-0.81
2021-06-16 15:03:23,2026.0,10,90236,95168,2032.5,124188,-0.83
2021-06-16 15:03:24,2025.1,1,90236,95168,2032.5,124188,-0.87
2021-06-16 15:03:28,2025.1,1,89230,96246,2032.5,124189,-0.87
2021-06-16 15:03:30,2025.1,1,89273,96283,2032.5,124190,-0.87
2021-06-16 15:03:30,2025.1,3,89273,96283,2032.5,124190,-0.87
2021-06-16 15:03:33,2025.1,3,89276,96245,2032.5,124193,-0.87
2021-06-16 15:03:33,2025.1,7,89276,96245,2032.5,124193,-0.87
2021-06-16 15:03:36,2025.1,7,89282,96184,2032.5,124204,-0.87
2021-06-16 15:03:36,2025.1,1,89282,96184,2032.5,124204,-0.87
2021-06-16 15:03:39,2025.1,1,89382,95045,2032.5,124205,-0.87
2021-06-16 15:03:42,2025.1,7,88699,95040,2032.5,124205,-0.87
2021-06-16 15:03:44,2025.1,3,88699,95040,2032.5,124205,-0.87
2021-06-16 15:03:45,2025.1,1,88699,95040,2032.5,124205,-0.87
2021-06-16 15:03:45,2025.1,1,89294,95093,2032.5,124216,-0.87
2021-06-16 15:03:48,2025.1,1,89249,95093,2032.5,124216,-0.87
2021-06-16 15:03:50,2024.75,7,89249,95093,2032.5,124216,-0.89
2021-06-16 15:03:51,2024.75,7,89615,95085,2032.5,124224,-0.89
2021-06-16 15:03:52,2024.7,12,89615,95085,2032.5,124224,-0.89
2021-06-16 15:03:53,2024.75,1,89615,95085,2032.5,124224,-0.89
2021-06-16 15:03:58,2024.75,1,89599,96093,2032.5,124249,-0.89
2021-06-16 15:04:00,2024.75,1,89635,95337,2032.5,124251,-0.89
2021-06-16 15:04:01,2024.0,10,89635,95337,2032.5,124251,-0.93
2021-06-16 15:04:04,2024.0,10,89543,94513,2032.49,124350,-0.93
2021-06-16 15:04:07,2024.0,10,88906,94585,2032.49,124350,-0.93
2021-06-16 15:04:09,2023.8,1,88906,94585,2032.49,124350,-0.94
2021-06-16 15:04:09,2023.8,4,88906,94585,2032.49,124350,-0.94
2021-06-16 15:04:10,2023.8,25,89508,95519,2032.49,124380,-0.94
2021-06-16 15:04:11,2023.8,11,89508,95519,2032.49,124380,-0.94
2021-06-16 15:04:14,2023.8,11,89508,94572,2032.49,124391,-0.94
2021-06-16 15:04:15,2023.7,2,89508,94572,2032.49,124391,-0.94
2021-06-16 15:04:16,2023.7,1,89508,94572,2032.49,124391,-0.94
2021-06-16 15:04:17,2023.55,15,89501,95493,2032.49,124415,-0.95
2021-06-16 15:04:18,2023.55,3,89501,95493,2032.49,124415,-0.95
2021-06-16 15:04:20,2023.55,22,89501,95493,2032.49,124415,-0.95
2021-06-16 15:04:21,2023.55,22,89242,94557,2032.49,124460,-0.95
2021-06-16 15:04:22,2023.55,1,89242,94557,2032.49,124460,-0.95
2021-06-16 15:04:24,2023.6,1,89256,96039,2032.49,124461,-0.95
2021-06-16 15:04:25,2023.55,1,89256,96039,2032.49,124461,-0.95
2021-06-16 15:04:28,2023.55,11,89262,95038,2032.48,124486,-0.95
2021-06-16 15:04:31,2023.55,10,89245,95038,2032.48,124496,-0.95
2021-06-16 15:04:32,2023.55,36,89245,95038,2032.48,124496,-0.95
2021-06-16 15:04:33,2023.6,1,89245,95038,2032.48,124496,-0.95
2021-06-16 15:04:34,2023.6,1,89255,95036,2032.48,124557,-0.95
2021-06-16 15:04:37,2023.55,9,89255,95036,2032.48,124557,-0.95
2021-06-16 15:04:38,2023.55,9,89276,95036,2032.48,124566,-0.95
2021-06-16 15:04:40,2023.6,1,89276,95036,2032.48,124566,-0.95
2021-06-16 15:04:41,2023.6,1,89283,95035,2032.48,124567,-0.95
2021-06-16 15:04:42,2023.55,78,89283,95035,2032.48,124567,-0.95
2021-06-16 15:04:44,2023.55,78,89369,96034,2032.47,124667,-0.95
2021-06-16 15:04:48,2023.55,78,89426,96034,2032.47,124667,-0.95
2021-06-16 15:04:48,2023.6,1,89426,96034,2032.47,124667,-0.95
2021-06-16 15:04:49,2023.6,25,89426,96034,2032.47,124667,-0.95
2021-06-16 15:04:51,2023.6,25,89742,96008,2032.47,124693,-0.95
2021-06-16 15:04:51,2023.6,9,89742,96008,2032.47,124693,-0.95
2021-06-16 15:04:52,2023.7,46,89742,96008,2032.47,124693,-0.94
2021-06-16 15:04:54,2023.7,6,89811,94758,2032.45,124922,-0.94
2021-06-16 15:04:57,2023.7,1,89811,94758,2032.45,124922,-0.94
2021-06-16 15:04:57,2024.0,1,89811,94758,2032.45,124922,-0.93
2021-06-16 15:04:58,2024.95,4,90343,95528,2032.45,125018,-0.88
2021-06-16 15:05:02,2025.0,8,90342,95537,2032.45,125022,-0.88
2021-06-16 15:05:04,2025.0,1,90342,95537,2032.45,125022,-0.88
2021-06-16 15:05:06,2025.0,50,90280,95532,2032.45,125037,-0.88
2021-06-16 15:05:08,2025.0,1,90280,95532,2032.45,125037,-0.88
2021-06-16 15:05:09,2025.0,10,90280,95532,2032.45,125037,-0.88
2021-06-16 15:05:13,2025.0,1,90285,95843,2032.44,125120,-0.88
2021-06-16 15:05:15,2025.0,9,90285,95843,2032.44,125120,-0.88
2021-06-16 15:05:16,2025.0,9,90275,95834,2032.44,125129,-0.88
2021-06-16 15:05:17,2025.0,14,90275,95834,2032.44,125129,-0.88
2021-06-16 15:05:19,2025.0,5,90281,95906,2032.44,125148,-0.88
2021-06-16 15:05:20,2025.0,10,90281,95906,2032.44,125148,-0.88
2021-06-16 15:05:21,2025.0,1,90281,95906,2032.44,125148,-0.88
2021-06-16 15:05:22,2025.0,25,90281,95906,2032.44,125148,-0.88
2021-06-16 15:05:23,2025.0,6,89918,95699,2032.44,125211,-0.88
2021-06-16 15:05:24,2025.0,1,89918,95699,2032.44,125211,-0.88
2021-06-16 15:05:26,2025.45,3,89911,95807,2032.44,125212,-0.86
2021-06-16 15:05:27,2024.5,17,89911,95807,2032.44,125212,-0.9
2021-06-16 15:05:31,2025.95,2,89911,95807,2032.44,125212,-0.83
2021-06-16 15:05:33,2025.5,6,89911,95803,2032.43,125292,-0.85
2021-06-16 15:05:34,2025.5,4,89911,95803,2032.43,125292,-0.85
2021-06-16 15:05:36,2026.0,5,89911,95803,2032.43,125292,-0.83
2021-06-16 15:05:36,2023.7,2,89911,95803,2032.43,125292,-0.94
2021-06-16 15:05:37,2024.45,1,89464,96063,2032.41,125536,-0.91
2021-06-16 15:05:41,2024.45,1,89525,96098,2032.41,125538,-0.91
2021-06-16 15:05:43,2024.45,7,89525,96098,2032.41,125538,-0.91
2021-06-16 15:05:44,2024.45,7,89829,96037,2032.41,125606,-0.91
2021-06-16 15:05:45,2024.95,1,89829,96037,2032.41,125606,-0.88
2021-06-16 15:05:48,2024.95,1,89806,94707,2032.41,125607,-0.88
2021-06-16 15:05:51,2024.45,25,89817,94710,2032.41,125615,-0.91
2021-06-16 15:05:52,2024.95,1,89817,94710,2032.41,125615,-0.88
2021-06-16 15:05:53,2022.7,11,89817,94710,2032.41,125615,-0.99
2021-06-16 15:05:54,2022.7,11,89910,92082,2032.4,125756,-0.99
2021-06-16 15:05:56,2023.35,80,89910,92082,2032.4,125756,-0.96
2021-06-16 15:05:58,2023.35,80,89836,92169,2032.39,125856,-0.96
2021-06-16 15:06:01,2024.5,1,89836,92169,2032.39,125856,-0.9
2021-06-16 15:06:01,2024.5,1,89887,93032,2032.39,125857,-0.9
2021-06-16 15:06:05,2024.5,1,89911,92984,2032.39,125857,-0.9
2021-06-16 15:06:08,2024.45,5,89897,92047,2032.39,125862,-0.91
2021-06-16 15:06:09,2024.45,1,89897,92047,2032.39,125862,-0.91
2021-06-16 15:06:14,2024.45,6,89899,92310,2032.39,125863,-0.91
2021-06-16 15:06:16,2024.45,1,89899,92310,2032.39,125863,-0.91
2021-06-16 15:06:17,2024.45,1,89893,93302,2032.39,125871,-0.91
2021-06-16 15:06:19,2024.45,8,89893,93302,2032.39,125871,-0.91
2021-06-16 15:06:20,2024.45,4,89893,93302,2032.39,125871,-0.91
2021-06-16 15:06:23,2024.45,4,89955,93319,2032.39,125883,-0.91
2021-06-16 15:06:24,2024.55,5,89955,93319,2032.39,125883,-0.9
2021-06-16 15:06:25,2024.5,1,89955,93319,2032.39,125883,-0.9
2021-06-16 15:06:26,2024.45,2,89955,92330,2032.39,125905,-0.91
2021-06-16 15:06:29,2024.45,2,89901,92321,2032.39,125905,-0.91
2021-06-16 15:06:31,2024.45,2,89732,92099,2032.39,125905,-0.91
2021-06-16 15:06:33,2024.0,1,89732,92099,2032.39,125905,-0.93
2021-06-16 15:06:33,2024.0,25,89732,92099,2032.39,125905,-0.93
2021-06-16 15:06:34,2023.85,38,89732,92099,2032.39,125905,-0.93
2021-06-16 15:06:35,2023.7,5,89581,92111,2032.39,125974,-0.94
2021-06-16 15:06:36,2023.85,5,89581,92111,2032.39,125974,-0.93
2021-06-16 15:06:38,2023.85,5,89678,92182,2032.38,125979,-0.93
2021-06-16 15:06:39,2023.85,3,89678,92182,2032.38,125979,-0.93
2021-06-16 15:06:40,2023.85,2,89678,92182,2032.38,125979,-0.93
2021-06-16 15:06:41,2023.85,10,89705,92504,2032.38,125994,-0.93
2021-06-16 15:06:42,2024.0,7,89705,92504,2032.38,125994,-0.93
2021-06-16 15:06:43,2024.0,1,89705,92504,2032.38,125994,-0.93
2021-06-16 15:06:44,2023.9,1,89706,93047,2032.38,126003,-0.93
2021-06-16 15:06:47,2023.8,7,89916,93100,2032.38,126010,-0.94
2021-06-16 15:06:49,2023.8,1,89916,93100,2032.38,126010,-0.94
2021-06-16 15:06:50,2023.7,4,90079,93341,2032.38,126016,-0.94
2021-06-16 15:06:51,2023.8,1,90079,93341,2032.38,126016,-0.94
2021-06-16 15:06:53,2023.8,6,89487,93334,2032.38,126023,-0.94
2021-06-16 15:06:56,2023.8,6,89487,93537,2032.38,126023,-0.94
2021-06-16 15:06:57,2023.8,1,89487,93537,2032.38,126023,-0.94
2021-06-16 15:07:01,2023.7,6,89907,92674,2032.38,126051,-0.94
2021-06-16 15:07:03,2023.7,6,89913,93683,2032.38,126051,-0.94
2021-06-16 15:07:06,2023.8,1,89837,93692,2032.38,126052,-0.94
2021-06-16 15:07:09,2023.8,1,89900,93708,2032.38,126052,-0.94
2021-06-16 15:07:12,2023.5,2,89911,93686,2032.38,126052,-0.95
2021-06-16 15:07:13,2023.5,1,89911,93686,2032.38,126052,-0.95
2021-06-16 15:07:14,2023.5,7,89911,93686,2032.38,126052,-0.95
2021-06-16 15:07:15,2023.5,7,89934,93724,2032.38,126062,-0.95
2021-06-16 15:07:16,2023.4,1,89934,93724,2032.38,126062,-0.96
2021-06-16 15:07:18,2023.4,1,89938,92745,2032.38,126063,-0.96
2021-06-16 15:07:21,2023.4,14,89845,93779,2032.38,126119,-0.96
2021-06-16 15:07:22,2023.45,1,89845,93779,2032.38,126119,-0.95
2021-06-16 15:07:24,2023.45,25,89958,92721,2032.37,126145,-0.95
2021-06-16 15:07:25,2023.45,6,89958,92721,2032.37,126145,-0.95
2021-06-16 15:07:27,2023.45,6,90071,93715,2032.37,126151,-0.95
2021-06-16 15:07:28,2023.45,1,90071,93715,2032.37,126151,-0.95
2021-06-16 15:07:30,2023.45,1,90014,93701,2032.37,126152,-0.95
2021-06-16 15:07:32,2023.45,7,90014,93701,2032.37,126152,-0.95
2021-06-16 15:07:33,2023.45,7,90019,93805,2032.37,126159,-0.95
2021-06-16 15:07:36,2023.45,24,90019,93805,2032.37,126159,-0.95
2021-06-16 15:07:37,2023.45,1,89808,90297,2032.37,126184,-0.95
2021-06-16 15:07:39,2023.45,8,89808,90297,2032.37,126184,-0.95
2021-06-16 15:07:40,2023.45,1,89804,90288,2032.37,126193,-0.95
2021-06-16 15:07:43,2023.5,29,89801,90288,2032.37,126193,-0.95
2021-06-16 15:07:45,2023.6,111,89801,90288,2032.37,126193,-0.95
2021-06-16 15:07:46,2023.8,7,89860,89350,2032.34,126617,-0.94
2021-06-16 15:07:47,2023.4,19,89860,89350,2032.34,126617,-0.96
2021-06-16 15:07:49,2023.4,19,89861,89312,2032.34,126672,-0.96
2021-06-16 15:07:52,2023.4,19,89865,89312,2032.34,126672,-0.96
2021-06-16 15:07:52,2024.0,1,89865,89312,2032.34,126672,-0.93
2021-06-16 15:07:57,2024.0,1,89827,89316,2032.34,126673,-0.93
2021-06-16 15:07:58,2024.0,1,89787,89303,2032.34,126674,-0.93
2021-06-16 15:07:58,2024.4,2,89787,89303,2032.34,126674,-0.91
2021-06-16 15:08:01,2024.8,6,89788,88808,2032.33,126724,-0.89
2021-06-16 15:08:03,2024.9,1,89788,88808,2032.33,126724,-0.88
2021-06-16 15:08:04,2024.9,1,89870,89801,2032.33,126731,-0.88
2021-06-16 15:08:05,2024.8,5,89870,89801,2032.33,126731,-0.89
2021-06-16 15:08:07,2024.8,5,89810,89932,2032.33,126736,-0.89
2021-06-16 15:08:07,2024.9,6,89810,89932,2032.33,126736,-0.88
2021-06-16 15:08:10,2025.0,4,89904,89733,2032.33,126742,-0.88
2021-06-16 15:08:11,2025.0,1,89904,89733,2032.33,126742,-0.88
2021-06-16 15:08:13,2025.0,5,89921,89681,2032.33,126747,-0.88
2021-06-16 15:08:16,2025.0,5,89859,89827,2032.33,126752,-0.88
2021-06-16 15:08:16,2024.9,1,89859,89827,2032.33,126752,-0.88
2021-06-16 15:08:17,2025.0,4,89859,89827,2032.33,126752,-0.88
2021-06-16 15:08:19,2025.0,4,89818,89768,2032.33,126757,-0.88
2021-06-16 15:08:19,2025.1,2,89818,89768,2032.33,126757,-0.87
2021-06-16 15:08:20,2025.0,7,89818,89768,2032.33,126757,-0.88
2021-06-16 15:08:22,2025.0,7,90047,89305,2032.33,126774,-0.88
2021-06-16 15:08:25,2025.5,1,90083,89688,2032.33,126775,-0.85
2021-06-16 15:08:28,2025.5,2,90083,89688,2032.33,126775,-0.85
2021-06-16 15:08:28,2025.5,2,90088,89673,2032.33,126777,-0.85
2021-06-16 15:08:31,2025.5,4,90088,89673,2032.33,126777,-0.85
2021-06-16 15:08:33,2025.5,1,90088,89673,2032.33,126777,-0.85
2021-06-16 15:08:33,2025.25,22,90088,89673,2032.33,126777,-0.87
2021-06-16 15:08:35,2025.5,1,90052,87550,2032.33,126806,-0.85
2021-06-16 15:08:36,2025.25,13,90052,87550,2032.33,126806,-0.87
2021-06-16 15:08:38,2025.25,13,90034,87633,2032.33,126868,-0.87
2021-06-16 15:08:40,2025.95,1,90034,87633,2032.33,126868,-0.83
2021-06-16 15:08:40,2025.95,1,90029,87631,2032.33,126869,-0.83
2021-06-16 15:08:43,2025.95,1,89679,87585,2032.33,126870,-0.83
2021-06-16 15:08:46,2025.95,1,89760,87553,2032.33,126870,-0.83
2021-06-16 15:08:49,2025.95,6,89760,87553,2032.33,126870,-0.83
2021-06-16 15:08:50,2025.95,6,89810,87546,2032.32,126877,-0.83
2021-06-16 15:08:51,2025.0,40,89810,87546,2032.32,126877,-0.88
2021-06-16 15:08:52,2025.65,3,89810,87546,2032.32,126877,-0.85
2021-06-16 15:08:53,2025.65,3,89769,86665,2032.32,127041,-0.85
2021-06-16 15:08:56,2025.65,3,89769,86608,2032.32,127041,-0.85
2021-06-16 15:08:57,2025.7,1,89769,86608,2032.32,127041,-0.84
2021-06-16 15:09:00,2025.7,1,89509,87627,2032.32,127042,-0.84
2021-06-16 15:09:02,2024.55,16,89509,87627,2032.32,127042,-0.9
2021-06-16 15:09:03,2024.55,16,90067,87579,2032.31,127067,-0.9
2021-06-16 15:09:05,2025.2,1,90067,87579,2032.31,127067,-0.87
2021-06-16 15:09:06,2024.55,3,90067,87579,2032.31,127067,-0.9
2021-06-16 15:09:06,2024.55,3,89646,87168,2032.31,127072,-0.9
2021-06-16 15:09:09,2024.55,3,90101,87689,2032.31,127072,-0.9
2021-06-16 15:09:13,2024.75,1,89981,86174,2032.31,127073,-0.89
2021-06-16 15:09:16,2024.75,7,87206,85834,2032.31,127080,-0.89
2021-06-16 15:09:19,2024.75,7,87241,85525,2032.31,127080,-0.89
2021-06-16 15:09:21,2024.65,1,87241,85525,2032.31,127080,-0.9
2021-06-16 15:09:23,2024.65,7,87179,84548,2032.31,127143,-0.9
2021-06-16 15:09:26,2024.65,7,86668,85069,2032.31,127143,-0.9
2021-06-16 15:09:27,2024.65,5,86668,85069,2032.31,127143,-0.9
2021-06-16 15:09:30,2024.45,1,87259,85096,2032.31,127149,-0.91
2021-06-16 15:09:33,2024.45,1,87195,85096,2032.31,127149,-0.91
2021-06-16 15:09:35,2024.35,9,87195,85096,2032.31,127149,-0.91
2021-06-16 15:09:36,2024.35,9,87268,86021,2032.31,127158,-0.91
2021-06-16 15:09:37,2024.35,1,87268,86021,2032.31,127158,-0.91
2021-06-16 15:09:39,2024.35,5,87268,86021,2032.31,127158,-0.91
2021-06-16 15:09:39,2024.35,5,87268,85991,2032.31,127165,-0.91
2021-06-16 15:09:42,2024.35,5,87280,85968,2032.31,127165,-0.91
2021-06-16 15:09:43,2024.3,30,87280,85968,2032.31,127165,-0.91
2021-06-16 15:09:45,2024.3,38,87280,85968,2032.31,127165,-0.91
2021-06-16 15:09:45,2024.3,38,87285,84966,2032.3,127234,-0.91
2021-06-16 15:09:46,2024.45,5,87285,84966,2032.3,127234,-0.91
2021-06-16 15:09:47,2024.55,89,87285,84966,2032.3,127234,-0.9
2021-06-16 15:09:48,2024.55,89,87254,84847,2032.29,127477,-0.9
2021-06-16 15:09:52,2024.55,89,87319,84841,2032.29,127477,-0.9
2021-06-16 15:09:52,2025.1,1,87319,84841,2032.29,127477,-0.87
2021-06-16 15:09:53,2025.1,9,87319,84841,2032.29,127477,-0.87
2021-06-16 15:09:54,2024.4,6,87319,84841,2032.29,127477,-0.91
2021-06-16 15:09:55,2024.4,6,87299,84846,2032.29,127537,-0.91
2021-06-16 15:09:56,2025.1,3,87299,84846,2032.29,127537,-0.87
2021-06-16 15:09:58,2025.1,3,87302,84842,2032.28,127540,-0.87
2021-06-16 15:10:01,2025.1,1,87302,84842,2032.28,127540,-0.87
2021-06-16 15:10:01,2024.55,1,87284,84701,2032.28,127547,-0.9
2021-06-16 15:10:03,2025.1,4,87284,84701,2032.28,127547,-0.87
2021-06-16 15:10:03,2025.1,1,87284,84701,2032.28,127547,-0.87
2021-06-16 15:10:05,2025.1,1,87303,84686,2032.28,127552,-0.87
2021-06-16 15:10:06,2025.15,9,87303,84686,2032.28,127552,-0.87
2021-06-16 15:10:10,2025.1,13,87303,84686,2032.28,127552,-0.87
2021-06-16 15:10:12,2025.1,13,87371,84710,2032.28,127592,-0.87
2021-06-16 15:10:12,2025.65,1,87371,84710,2032.28,127592,-0.85
2021-06-16 15:10:15,2024.55,21,87373,84706,2032.28,127593,-0.9
2021-06-16 15:10:16,2024.4,3,87373,84706,2032.28,127593,-0.91
2021-06-16 15:10:17,2025.5,1,87373,84706,2032.28,127593,-0.85
2021-06-16 15:10:18,2025.5,1,86900,84731,2032.28,127654,-0.85
2021-06-16 15:10:20,2024.4,24,86900,84731,2032.28,127654,-0.91
2021-06-16 15:10:21,2024.4,24,87242,84792,2032.27,127856,-0.91
2021-06-16 15:10:23,2024.3,69,87242,84792,2032.27,127856,-0.91
2021-06-16 15:10:24,2024.3,69,87147,85965,2032.26,127938,-0.91
2021-06-16 15:10:25,2024.85,1,87147,85965,2032.26,127938,-0.89
2021-06-16 15:10:28,2024.85,1,87139,85887,2032.26,127942,-0.89
2021-06-16 15:10:30,2024.55,1,87139,85887,2032.26,127942,-0.9
2021-06-16 15:10:31,2024.55,1,87151,85808,2032.26,127943,-0.9
2021-06-16 15:10:33,2024.35,1,87151,85808,2032.26,127943,-0.91
2021-06-16 15:10:37,2024.35,8,86997,85694,2032.25,128070,-0.91
2021-06-16 15:10:38,2024.35,1,86997,85694,2032.25,128070,-0.91
2021-06-16 15:10:40,2024.35,1,87001,85694,2032.25,128091,-0.91
2021-06-16 15:10:41,2024.1,10,87001,85694,2032.25,128091,-0.92
2021-06-16 15:10:42,2024.1,10,87063,85669,2032.24,128252,-0.92
2021-06-16 15:10:43,2024.35,5,87063,85669,2032.24,128252,-0.91
2021-06-16 15:10:45,2024.35,5,86962,84780,2032.24,128257,-0.91
2021-06-16 15:10:46,2024.35,1,86962,84780,2032.24,128257,-0.91
2021-06-16 15:10:49,2024.35,1,86934,85701,2032.24,128258,-0.91
2021-06-16 15:10:49,2024.35,5,86934,85701,2032.24,128258,-0.91
2021-06-16 15:10:51,2024.35,6,86934,85701,2032.24,128258,-0.91
2021-06-16 15:10:51,2024.35,6,86910,84725,2032.24,128270,-0.91
2021-06-16 15:10:52,2024.1,1,86910,84725,2032.24,128270,-0.92
2021-06-16 15:10:54,2024.35,3,86910,84725,2032.24,128270,-0.91
2021-06-16 15:10:57,2024.35,1,81462,83863,2032.24,128298,-0.91
2021-06-16 15:10:58,2024.35,3,81462,83863,2032.24,128298,-0.91
2021-06-16 15:10:58,2024.35,3,81394,82768,2032.24,128305,-0.91
2021-06-16 15:11:00,2024.35,1,81394,82768,2032.24,128305,-0.91
2021-06-16 15:11:02,2024.3,1,85407,82278,2032.24,128306,-0.91
2021-06-16 15:11:04,2024.35,2,85407,82278,2032.24,128306,-0.91
2021-06-16 15:11:05,2024.3,5,84941,83786,2032.24,128315,-0.91
2021-06-16 15:11:07,2024.9,8,84941,83786,2032.24,128315,-0.88
2021-06-16 15:11:08,2024.9,8,84997,83710,2032.23,128402,-0.88
2021-06-16 15:11:09,2024.3,12,84997,83710,2032.23,128402,-0.91
2021-06-16 15:11:11,2024.3,12,85022,83668,2032.23,128428,-0.91
2021-06-16 15:11:13,2025.15,1,85022,83668,2032.23,128428,-0.87
2021-06-16 15:11:13,2025.15,5,85022,83668,2032.23,128428,-0.87
2021-06-16 15:11:15,2025.15,5,85028,83655,2032.23,128439,-0.87
2021-06-16 15:11:17,2024.1,6,85028,83655,2032.23,128439,-0.92
2021-06-16 15:11:18,2024.1,6,84867,82694,2032.22,128547,-0.92
2021-06-16 15:11:20,2024.85,1,84867,82694,2032.22,128547,-0.89
2021-06-16 15:11:21,2024.9,1,84867,82694,2032.22,128547,-0.88
2021-06-16 15:11:21,2024.9,1,85019,82658,2032.22,128549,-0.88
2021-06-16 15:11:22,2024.1,6,85019,82658,2032.22,128549,-0.92
2021-06-16 15:11:25,2024.3,1,85019,82658,2032.22,128549,-0.91
2021-06-16 15:11:26,2024.1,68,85019,82658,2032.22,128549,-0.92
2021-06-16 15:11:27,2024.5,10,85019,82658,2032.22,128549,-0.9
2021-06-16 15:11:28,2024.5,10,84914,83730,2032.21,128778,-0.9
2021-06-16 15:11:28,2024.4,10,84914,83730,2032.21,128778,-0.91
2021-06-16 15:11:31,2024.4,1,85503,82689,2032.21,128791,-0.91
2021-06-16 15:11:32,2024.1,6,85503,82689,2032.21,128791,-0.92
2021-06-16 15:11:35,2024.1,6,85573,82689,2032.21,128806,-0.92
2021-06-16 15:11:36,2024.4,1,85573,82689,2032.21,128806,-0.91
2021-06-16 15:11:37,2024.1,30,85573,82689,2032.21,128806,-0.92
2021-06-16 15:11:38,2024.1,30,85382,83770,2032.2,128933,-0.92
2021-06-16 15:11:41,2024.1,30,85450,83782,2032.2,128933,-0.92
2021-06-16 15:11:45,2023.9,1,85380,82853,2032.2,128934,-0.93
2021-06-16 15:11:47,2024.25,70,85380,82853,2032.2,128934,-0.92
2021-06-16 15:11:48,2024.5,91,85608,83559,2032.18,129246,-0.9
2021-06-16 15:11:48,2025.0,5,85608,83559,2032.18,129246,-0.88
2021-06-16 15:11:51,2025.0,5,85572,83455,2032.18,129251,-0.88
2021-06-16 15:11:52,2025.0,1,85572,83455,2032.18,129251,-0.88
2021-06-16 15:11:54,2025.0,5,85525,83489,2032.18,129258,-0.88
2021-06-16 15:11:55,2025.0,10,85525,83489,2032.18,129258,-0.88
2021-06-16 15:12:00,2025.0,1,85524,83499,2032.18,129269,-0.88
2021-06-16 15:12:01,2024.5,1,85189,83574,2032.18,129271,-0.9
2021-06-16 15:12:02,2025.0,9,85189,83574,2032.18,129271,-0.88
2021-06-16 15:12:03,2024.45,1,85189,83574,2032.18,129271,-0.91
2021-06-16 15:12:04,2024.45,1,85182,83488,2032.18,129290,-0.91
2021-06-16 15:12:08,2024.45,1,84986,83488,2032.18,129290,-0.91
2021-06-16 15:12:12,2024.95,5,84986,83488,2032.18,129290,-0.88
2021-06-16 15:12:12,2024.95,4,84986,83488,2032.18,129290,-0.88
2021-06-16 15:12:13,2024.95,6,84986,83488,2032.18,129290,-0.88
2021-06-16 15:12:15,2024.95,6,84996,83310,2032.18,129320,-0.88
2021-06-16 15:12:16,2025.0,5,84996,83310,2032.18,129320,-0.88
2021-06-16 15:12:16,2025.0,1,84996,83310,2032.18,129320,-0.88
2021-06-16 15:12:18,2025.0,1,84996,83300,2032.18,129326,-0.88
2021-06-16 15:12:19,2025.0,5,84996,83300,2032.18,129326,-0.88
2021-06-16 15:12:21,2024.45,19,84508,82320,2032.17,129385,-0.91
2021-06-16 15:12:22,2024.75,4,84508,82320,2032.17,129385,-0.89
2021-06-16 15:12:24,2024.65,1,84259,82408,2032.17,129390,-0.9
2021-06-16 15:12:27,2024.65,1,84134,83535,2032.17,129391,-0.9
2021-06-16 15:12:28,2023.95,2,84134,83535,2032.17,129391,-0.93
2021-06-16 15:12:28,2024.3,1,84134,83535,2032.17,129391,-0.91
2021-06-16 15:12:29,2023.95,51,84134,83535,2032.17,129391,-0.93
2021-06-16 15:12:30,2023.95,8,84566,83583,2032.15,129668,-0.93
2021-06-16 15:12:31,2023.95,1,84566,83583,2032.15,129668,-0.93
2021-06-16 15:12:33,2024.25,1,84566,83583,2032.15,129668,-0.92
2021-06-16 15:12:34,2024.25,1,84669,83572,2032.15,129670,-0.92
2021-06-16 15:12:37,2024.25,1,83441,82259,2032.15,129670,-0.92
2021-06-16 15:12:39,2023.95,6,83441,82259,2032.15,129670,-0.93
2021-06-16 15:12:40,2023.95,6,83478,81330,2032.14,129825,-0.93
2021-06-16 15:12:40,2023.95,1,83478,81330,2032.14,129825,-0.93
2021-06-16 15:12:43,2023.95,1,83481,81343,2032.14,129826,-0.93
2021-06-16 15:12:43,2023.95,2,83481,81343,2032.14,129826,-0.93
2021-06-16 15:12:46,2023.4,2,83473,81302,2032.14,129830,-0.96
2021-06-16 15:12:48,2023.7,1,83473,81302,2032.14,129830,-0.94
2021-06-16 15:12:49,2023.55,1,83476,81335,2032.14,129857,-0.95
2021-06-16 15:12:50,2023.05,38,83476,81335,2032.14,129857,-0.97
2021-06-16 15:12:53,2023.05,38,83309,81714,2032.13,129969,-0.97
2021-06-16 15:12:56,2023.05,38,83132,81912,2032.13,129969,-0.97
2021-06-16 15:12:57,2023.5,1,83132,81912,2032.13,129969,-0.95
2021-06-16 15:12:57,2023.4,6,83132,81912,2032.13,129969,-0.96
2021-06-16 15:12:58,2023.5,38,83132,81912,2032.13,129969,-0.95
2021-06-16 15:13:00,2023.5,38,83148,81388,2032.13,130033,-0.95
2021-06-16 15:13:02,2023.5,1,83148,81388,2032.13,130033,-0.95
2021-06-16 15:13:03,2023.45,1,83153,81494,2032.13,130035,-0.95
2021-06-16 15:13:04,2023.4,5,83153,81494,2032.13,130035,-0.96
2021-06-16 15:13:06,2023.6,1,83210,82483,2032.12,130145,-0.95
2021-06-16 15:13:07,2023.55,13,83210,82483,2032.12,130145,-0.95
2021-06-16 15:13:09,2023.0,4,83210,82483,2032.12,130145,-0.98
2021-06-16 15:13:10,2023.0,4,83131,82582,2032.12,130192,-0.98
2021-06-16 15:13:12,2023.0,1,83131,82582,2032.12,130192,-0.98
2021-06-16 15:13:13,2023.0,1,83135,82492,2032.12,130193,-0.98
2021-06-16 15:13:16,2023.0,1,83140,82480,2032.12,130193,-0.98
2021-06-16 15:13:20,2022.75,17,83117,82498,2032.12,130212,-0.99
2021-06-16 15:13:21,2023.0,1,83117,82498,2032.12,130212,-0.98
2021-06-16 15:13:22,2022.75,49,83117,82498,2032.12,130212,-0.99
2021-06-16 15:13:26,2022.75,49,83165,82513,2032.11,130307,-0.99
2021-06-16 15:13:28,2023.0,1,83165,82513,2032.11,130307,-0.98
2021-06-16 15:13:30,2023.0,1,83171,82512,2032.11,130308,-0.98
2021-06-16 15:13:30,2023.1,57,83171,82512,2032.11,130308,-0.97
2021-06-16 15:13:31,2022.75,150,83171,82512,2032.11,130308,-0.99
2021-06-16 15:13:33,2022.75,6,82959,81544,2032.09,130607,-0.99
2021-06-16 15:13:34,2022.85,9,82959,81544,2032.09,130607,-0.98
2021-06-16 15:13:36,2023.0,28,82969,81382,2032.08,130723,-0.98
2021-06-16 15:13:39,2022.7,40,82769,81351,2032.08,130765,-0.99
2021-06-16 15:13:40,2022.7,9,82769,81351,2032.08,130765,-0.99
2021-06-16 15:13:40,2022.4,100,82769,81351,2032.08,130765,-1.01
2021-06-16 15:13:43,2022.4,100,82634,81467,2032.07,130906,-1.01
2021-06-16 15:13:45,2022.9,1,82634,81467,2032.07,130906,-0.98
2021-06-16 15:13:46,2022.9,1,82587,81400,2032.07,130943,-0.98
2021-06-16 15:13:48,2022.75,2,82587,81400,2032.07,130943,-0.99
2021-06-16 15:13:49,2022.75,2,82596,81488,2032.07,130945,-0.99
2021-06-16 15:13:54,2022.75,5,82701,81483,2032.06,130947,-0.99
2021-06-16 15:13:55,2022.75,1,82701,81483,2032.06,130947,-0.99
2021-06-16 15:13:56,2022.75,1,82631,81475,2032.06,130953,-0.99
2021-06-16 15:13:57,2022.75,15,82631,81475,2032.06,130953,-0.99
2021-06-16 15:13:59,2022.75,15,81846,81460,2032.06,130968,-0.99
2021-06-16 15:14:00,2022.75,3,81846,81460,2032.06,130968,-0.99
2021-06-16 15:14:01,2022.75,1,81846,81460,2032.06,130968,-0.99
2021-06-16 15:14:03,2022.25,20,81774,81501,2032.06,131043,-1.01
2021-06-16 15:14:03,2022.0,3,81774,81501,2032.06,131043,-1.03
2021-06-16 15:14:06,2022.7,2,81778,81521,2032.05,131138,-0.99
2021-06-16 15:14:08,2022.0,6,81778,81521,2032.05,131138,-1.03
2021-06-16 15:14:09,2022.0,7,81778,81521,2032.05,131138,-1.03
2021-06-16 15:14:10,2022.0,25,81778,81521,2032.05,131138,-1.03
2021-06-16 15:14:12,2022.0,26,81778,81521,2032.05,131138,-1.03
2021-06-16 15:14:13,2022.0,26,81884,82577,2032.03,131351,-1.03
2021-06-16 15:14:13,2021.6,1,81884,82577,2032.03,131351,-1.05
2021-06-16 15:14:14,2021.9,10,81884,82577,2032.03,131351,-1.03
2021-06-16 15:14:15,2021.9,5,81884,82577,2032.03,131351,-1.03
2021-06-16 15:14:16,2021.9,3,81884,82577,2032.03,131351,-1.03
2021-06-16 15:14:16,2021.9,3,81370,82617,2032.03,131371,-1.03
2021-06-16 15:14:17,2021.9,1,81370,82617,2032.03,131371,-1.03
2021-06-16 15:14:20,2021.85,7,81434,82573,2032.03,131379,-1.03
2021-06-16 15:14:21,2021.85,50,81434,82573,2032.03,131379,-1.03
2021-06-16 15:14:23,2021.85,50,81438,82562,2032.03,131429,-1.03
2021-06-16 15:14:24,2021.9,2,81438,82562,2032.03,131429,-1.03
2021-06-16 15:14:24,2021.9,1,81438,82562,2032.03,131429,-1.03
2021-06-16 15:14:25,2021.9,4,81438,82562,2032.03,131429,-1.03
2021-06-16 15:14:26,2021.9,4,81498,81486,2032.03,131443,-1.03
2021-06-16 15:14:27,2021.15,3,81498,81486,2032.03,131443,-1.07
2021-06-16 15:14:29,2021.95,4,81498,81486,2032.03,131443,-1.03
2021-06-16 15:14:30,2021.95,4,81459,81527,2032.02,131500,-1.03
2021-06-16 15:14:30,2021.9,6,81459,81527,2032.02,131500,-1.03
2021-06-16 15:14:32,2021.95,18,81459,81527,2032.02,131500,-1.03
2021-06-16 15:14:33,2021.9,1,81133,81146,2031.98,132060,-1.03
2021-06-16 15:14:36,2021.9,1,81139,81112,2031.98,132060,-1.03
2021-06-16 15:14:37,2021.9,7,81139,81112,2031.98,132060,-1.03
2021-06-16 15:14:38,2021.8,5,81139,81112,2031.98,132060,-1.04
2021-06-16 15:14:39,2021.8,5,81134,81089,2031.97,132086,-1.04
2021-06-16 15:14:40,2021.9,1,81134,81089,2031.97,132086,-1.03
2021-06-16 15:14:42,2021.9,26,81134,81089,2031.97,132086,-1.03
2021-06-16 15:14:42,2021.9,21,81134,81089,2031.97,132086,-1.03
2021-06-16 15:14:43,2021.9,21,81276,81043,2031.97,132137,-1.03
2021-06-16 15:14:44,2021.95,16,81276,81043,2031.97,132137,-1.03
2021-06-16 15:14:46,2022.0,4,81127,80994,2031.97,132158,-1.03
2021-06-16 15:14:48,2022.0,1,81127,80994,2031.97,132158,-1.03
2021-06-16 15:14:49,2022.0,6,81127,80994,2031.97,132158,-1.03
2021-06-16 15:14:49,2022.0,1,81135,80974,2031.97,132166,-1.03
2021-06-16 15:14:53,2022.0,7,81148,80963,2031.97,132173,-1.03
2021-06-16 15:14:54,2022.0,47,81148,80963,2031.97,132173,-1.03
2021-06-16 15:14:56,2022.0,10,80582,80943,2031.96,132230,-1.03
2021-06-16 15:14:57,2022.0,1,80582,80943,2031.96,132230,-1.03
2021-06-16 15:14:57,2022.0,7,80582,80943,2031.96,132230,-1.03
2021-06-16 15:15:00,2021.95,9,81016,80939,2031.96,132310,-1.03
2021-06-16 15:15:00,2022.0,1,81016,80939,2031.96,132310,-1.03
2021-06-16 15:15:03,2022.0,1,81085,79986,2031.96,132311,-1.03
2021-06-16 15:15:04,2022.0,50,81085,79986,2031.96,132311,-1.03
2021-06-16 15:15:05,2022.0,28,81085,79986,2031.96,132311,-1.03
2021-06-16 15:15:06,2023.45,1,81180,79831,2031.94,132477,-0.95
2021-06-16 15:15:06,2023.6,8,81180,79831,2031.94,132477,-0.95
2021-06-16 15:15:09,2023.6,5,81161,79712,2031.94,132485,-0.95
2021-06-16 15:15:13,2024.0,4,81199,79576,2031.94,132491,-0.93
2021-06-16 15:15:14,2023.55,1,81199,79576,2031.94,132491,-0.95
2021-06-16 15:15:16,2023.95,8,80797,79655,2031.92,132892,-0.93
2021-06-16 15:15:18,2024.0,5,80797,79655,2031.92,132892,-0.93
2021-06-16 15:15:20,2024.0,11,81133,79357,2031.92,132905,-0.93
2021-06-16 15:15:21,2024.05,1,81133,79357,2031.92,132905,-0.93
2021-06-16 15:15:23,2024.0,1,81133,79357,2031.92,132905,-0.93
2021-06-16 15:15:24,2024.0,1,80298,79569,2031.92,132918,-0.93
2021-06-16 15:15:25,2024.0,6,80298,79569,2031.92,132918,-0.93
2021-06-16 15:15:27,2024.0,5,80284,79464,2031.92,132924,-0.93
2021-06-16 15:15:28,2024.0,1,80284,79464,2031.92,132924,-0.93
2021-06-16 15:15:29,2023.95,37,80284,79464,2031.92,132924,-0.93
2021-06-16 15:15:30,2023.95,1,80562,79578,2031.91,132977,-0.93
2021-06-16 15:15:34,2023.95,1,80792,78466,2031.91,132977,-0.93
2021-06-16 15:15:35,2023.0,6,80792,78466,2031.91,132977,-0.98
2021-06-16 15:15:36,2023.0,1,80792,78466,2031.91,132977,-0.98
2021-06-16 15:15:37,2023.0,1,80711,78549,2031.91,132984,-0.98
2021-06-16 15:15:39,2023.0,9,80711,78549,2031.91,132984,-0.98
2021-06-16 15:15:39,2023.0,42,80711,78549,2031.91,132984,-0.98
2021-06-16 15:15:40,2023.0,42,81113,78439,2031.91,133044,-0.98
2021-06-16 15:15:42,2024.0,6,81113,78439,2031.91,133044,-0.93
2021-06-16 15:15:45,2024.0,1,81129,78476,2031.91,133052,-0.93
2021-06-16 15:15:46,2024.0,8,81129,78476,2031.91,133052,-0.93
2021-06-16 15:15:47,2023.65,1,81300,78541,2031.91,133062,-0.94
2021-06-16 15:15:49,2024.1,1,81300,78541,2031.91,133062,-0.92
2021-06-16 15:15:52,2024.1,1,80906,78462,2031.9,133125,-0.92
2021-06-16 15:15:53,2024.0,58,80906,78462,2031.9,133125,-0.93
2021-06-16 15:15:54,2024.0,58,79376,78607,2031.9,133235,-0.93
2021-06-16 15:15:57,2024.0,58,79481,78607,2031.9,133235,-0.93
2021-06-16 15:16:00,2023.95,6,79481,78607,2031.9,133235,-0.93
2021-06-16 15:16:00,2023.95,1,79481,78607,2031.9,133235,-0.93
2021-06-16 15:16:01,2023.95,1,79422,78693,2031.9,133266,-0.93
2021-06-16 15:16:02,2023.95,16,79422,78693,2031.9,133266,-0.93
2021-06-16 15:16:04,2023.2,9,79422,78693,2031.9,133266,-0.97
2021-06-16 15:16:04,2023.2,9,80021,79606,2031.89,133391,-0.97
2021-06-16 15:16:05,2023.4,100,80021,79606,2031.89,133391,-0.96
2021-06-16 15:16:07,2023.8,25,80021,79606,2031.89,133391,-0.94
2021-06-16 15:16:08,2023.8,25,79932,79524,2031.88,133517,-0.94
2021-06-16 15:16:09,2023.8,1,79932,79524,2031.88,133517,-0.94
2021-06-16 15:16:12,2024.1,30,79932,79524,2031.88,133517,-0.92
2021-06-16 15:16:13,2024.4,3,79932,79524,2031.88,133517,-0.91
2021-06-16 15:16:15,2024.4,3,80175,79355,2031.86,133778,-0.91
2021-06-16 15:16:15,2024.6,7,80175,79355,2031.86,133778,-0.9
2021-06-16 15:16:16,2024.6,1,80175,79355,2031.86,133778,-0.9
2021-06-16 15:16:18,2023.2,26,79494,79869,2031.85,133993,-0.97
2021-06-16 15:16:19,2023.85,28,79494,79869,2031.85,133993,-0.93
2021-06-16 15:16:21,2023.85,28,79534,79551,2031.85,134021,-0.93
2021-06-16 15:16:23,2023.2,1,79534,79551,2031.85,134021,-0.97
2021-06-16 15:16:26,2023.5,1,79416,78660,2031.85,134076,-0.95
2021-06-16 15:16:28,2023.5,6,79420,79639,2031.85,134083,-0.95
2021-06-16 15:16:29,2023.2,3,79420,79639,2031.85,134083,-0.97
2021-06-16 15:16:31,2023.5,7,79420,79639,2031.85,134083,-0.95
2021-06-16 15:16:31,2023.5,7,79399,79594,2031.84,134102,-0.95
2021-06-16 15:16:33,2023.5,1,79399,79594,2031.84,134102,-0.95
2021-06-16 15:16:34,2022.0,40,79399,79594,2031.84,134102,-1.03
2021-06-16 15:16:34,2022.0,40,79365,79839,2031.83,134260,-1.03
2021-06-16 15:16:37,2022.0,2,79365,79839,2031.83,134260,-1.03
2021-06-16 15:16:38,2022.75,28,79481,78831,2031.83,134290,-0.99
2021-06-16 15:16:40,2022.05,5,79481,78831,2031.83,134290,-1.02
2021-06-16 15:16:41,2022.85,2,79507,78702,2031.83,134297,-0.98
2021-06-16 15:16:42,2022.95,3,79507,78702,2031.83,134297,-0.98
2021-06-16 15:16:44,2022.95,7,79086,78682,2031.83,134324,-0.98
2021-06-16 15:16:47,2022.95,6,79086,78682,2031.83,134324,-0.98
2021-06-16 15:16:48,2022.95,15,79415,78661,2031.83,134345,-0.98
2021-06-16 15:16:49,2022.95,1,79415,78661,2031.83,134345,-0.98
2021-06-16 15:16:51,2022.95,7,79076,78653,2031.83,134353,-0.98
2021-06-16 15:16:54,2022.95,6,79076,78653,2031.83,134353,-0.98
2021-06-16 15:16:54,2022.95,6,79642,78341,2031.83,134359,-0.98
2021-06-16 15:16:57,2022.95,1,79642,78341,2031.83,134359,-0.98
2021-06-16 15:16:58,2022.95,8,79698,79331,2031.83,134369,-0.98
2021-06-16 15:17:00,2022.95,1,79698,79331,2031.83,134369,-0.98
2021-06-16 15:17:01,2022.7,1,79698,79331,2031.83,134369,-0.99
2021-06-16 15:17:01,2022.7,1,79901,78416,2031.82,134400,-0.99
2021-06-16 15:17:04,2022.75,1,79556,79486,2031.82,134401,-0.99
2021-06-16 15:17:08,2022.75,1,79920,79521,2031.82,134401,-0.99
2021-06-16 15:17:09,2022.4,6,79920,79521,2031.82,134401,-1.01
2021-06-16 15:17:10,2022.0,4,79920,79521,2031.82,134401,-1.03
2021-06-16 15:17:11,2022.25,1,79920,79521,2031.82,134401,-1.01
2021-06-16 15:17:13,2022.25,1,79905,78011,2031.82,134428,-1.01
2021-06-16 15:17:14,2022.4,59,79905,78011,2031.82,134428,-1.01
2021-06-16 15:17:15,2022.4,59,80064,78340,2031.81,134559,-1.01
2021-06-16 15:17:18,2022.4,59,79629,79395,2031.81,134559,-1.01
2021-06-16 15:17:19,2022.5,3,79629,79395,2031.81,134559,-1.0
2021-06-16 15:17:20,2022.8,1,79629,79395,2031.81,134559,-0.99
2021-06-16 15:17:21,2022.6,1,79927,78978,2031.81,134574,-1.0
2021-06-16 15:17:24,2022.6,7,79927,78978,2031.81,134574,-1.0
2021-06-16 15:17:25,2022.6,12,79648,77993,2031.81,134593,-1.0
2021-06-16 15:17:27,2022.6,15,79648,77993,2031.81,134593,-1.0
2021-06-16 15:17:27,2022.6,5,79648,77993,2031.81,134593,-1.0
2021-06-16 15:17:28,2022.6,5,79652,77969,2031.81,134613,-1.0
2021-06-16 15:17:30,2022.6,1,79652,77969,2031.81,134613,-1.0
2021-06-16 15:17:31,2022.6,7,79638,78960,2031.81,134622,-1.0
2021-06-16 15:17:32,2022.6,10,79638,78960,2031.81,134622,-1.0
2021-06-16 15:17:33,2022.6,25,79638,78960,2031.81,134622,-1.0
2021-06-16 15:17:34,2022.6,30,79638,78960,2031.81,134622,-1.0
2021-06-16 15:17:34,2022.6,30,79493,78391,2031.8,134730,-1.0
2021-06-16 15:17:37,2022.8,1,79493,78391,2031.8,134730,-0.99
2021-06-16 15:17:37,2022.8,6,79180,79374,2031.8,134748,-0.99
2021-06-16 15:17:38,2022.8,5,79180,79374,2031.8,134748,-0.99
2021-06-16 15:17:40,2022.45,3,79180,79374,2031.8,134748,-1.0
2021-06-16 15:17:41,2022.45,3,79494,79373,2031.8,134783,-1.0
2021-06-16 15:17:44,2022.45,3,79533,79401,2031.8,134783,-1.0
2021-06-16 15:17:45,2022.8,1,79533,79401,2031.8,134783,-0.99
2021-06-16 15:17:47,2022.8,6,79533,79401,2031.8,134783,-0.99
2021-06-16 15:17:48,2022.8,15,79533,78890,2031.8,134790,-0.99
2021-06-16 15:17:50,2023.0,5,79533,78890,2031.8,134790,-0.98
2021-06-16 15:17:51,2023.0,5,79230,79376,2031.8,134810,-0.98
2021-06-16 15:17:52,2023.0,1,79230,79376,2031.8,134810,-0.98
2021-06-16 15:17:54,2023.0,7,79546,78405,2031.79,134818,-0.98
2021-06-16 15:17:57,2022.8,1,79546,78405,2031.79,134818,-0.99
2021-06-16 15:17:57,2022.8,1,79546,78405,2031.79,134819,-0.99
2021-06-16 15:17:58,2023.0,7,79546,78405,2031.79,134819,-0.98
2021-06-16 15:18:00,2023.0,5,79043,78209,2031.79,134826,-0.98
2021-06-16 15:18:01,2023.0,1,79043,78209,2031.79,134826,-0.98
2021-06-16 15:18:03,2023.0,1,79444,79163,2031.79,134858,-0.98
2021-06-16 15:18:04,2023.0,7,79444,79163,2031.79,134858,-0.98
2021-06-16 15:18:07,2022.9,14,79096,79169,2031.79,134895,-0.98
2021-06-16 15:18:07,2023.0,5,79096,79169,2031.79,134895,-0.98
2021-06-16 15:18:09,2023.0,1,79096,79169,2031.79,134895,-0.98
2021-06-16 15:18:10,2023.0,25,79096,79169,2031.79,134895,-0.98
2021-06-16 15:18:10,2023.0,25,79097,79137,2031.79,134927,-0.98
2021-06-16 15:18:11,2023.0,5,79097,79137,2031.79,134927,-0.98
2021-06-16 15:18:14,2023.0,3,79098,79132,2031.79,134932,-0.98
2021-06-16 15:18:15,2022.9,5,79098,79132,2031.79,134932,-0.98
2021-06-16 15:18:16,2023.0,1,79098,79132,2031.79,134932,-0.98
2021-06-16 15:18:17,2023.0,7,79120,78114,2031.79,134960,-0.98
2021-06-16 15:18:20,2023.0,7,79125,79191,2031.79,134967,-0.98
2021-06-16 15:18:21,2022.9,12,79125,79191,2031.79,134967,-0.98
2021-06-16 15:18:22,2022.2,11,79125,79191,2031.79,134967,-1.02
2021-06-16 15:18:22,2022.95,6,79125,79191,2031.79,134967,-0.98
2021-06-16 15:18:24,2022.95,6,78933,79213,2031.77,135129,-0.98
2021-06-16 15:18:25,2022.95,1,78933,79213,2031.77,135129,-0.98
2021-06-16 15:18:25,2023.0,4,78933,79213,2031.77,135129,-0.98
2021-06-16 15:18:27,2021.7,10,78933,79213,2031.77,135129,-1.04
2021-06-16 15:18:27,2021.7,10,78370,78345,2031.71,135976,-1.04
2021-06-16 15:18:28,2021.5,60,78370,78345,2031.71,135976,-1.05
2021-06-16 15:18:31,2020.85,2,78282,80195,2031.7,136175,-1.08
2021-06-16 15:18:32,2021.8,7,78282,80195,2031.7,136175,-1.04
2021-06-16 15:18:33,2021.8,1,78282,80195,2031.7,136175,-1.04
2021-06-16 15:18:34,2021.75,3,78649,80440,2031.7,136190,-1.04
2021-06-16 15:18:38,2021.35,9,78152,80345,2031.7,136199,-1.06
2021-06-16 15:18:40,2021.1,1,78152,80345,2031.7,136199,-1.07
2021-06-16 15:18:41,2021.1,6,78063,80357,2031.7,136206,-1.07
2021-06-16 15:18:42,2021.1,1,78063,80357,2031.7,136206,-1.07
2021-06-16 15:18:43,2021.1,3,78063,80357,2031.7,136206,-1.07
2021-06-16 15:18:44,2020.85,2,78063,80357,2031.7,136206,-1.08
2021-06-16 15:18:45,2021.1,3,78069,79306,2031.69,136269,-1.07
2021-06-16 15:18:48,2021.1,3,78071,79307,2031.69,136269,-1.07
2021-06-16 15:18:49,2021.2,1,78071,79307,2031.69,136269,-1.06
2021-06-16 15:18:51,2021.2,1,78073,80341,2031.69,136279,-1.06
2021-06-16 15:18:53,2021.1,4,78073,80341,2031.69,136279,-1.07
2021-06-16 15:18:54,2020.5,1,78072,79322,2031.69,136287,-1.1
2021-06-16 15:18:57,2021.1,1,78072,79322,2031.69,136287,-1.07
2021-06-16 15:18:57,2021.0,4,77824,80307,2031.69,136342,-1.07
2021-06-16 15:19:01,2021.0,4,77837,80481,2031.69,136342,-1.07
2021-06-16 15:19:05,2020.8,6,77824,80336,2031.68,136368,-1.08
2021-06-16 15:19:07,2020.5,5,77824,80336,2031.68,136368,-1.1
2021-06-16 15:19:07,2020.5,5,77808,79367,2031.68,136409,-1.1
2021-06-16 15:19:09,2020.4,4,77808,79367,2031.68,136409,-1.1
2021-06-16 15:19:09,2020.2,2,77808,79367,2031.68,136409,-1.11
2021-06-16 15:19:10,2020.2,2,77347,79739,2031.68,136434,-1.11
2021-06-16 15:19:13,2020.5,1,77347,79739,2031.68,136434,-1.1
2021-06-16 15:19:14,2020.5,1,78368,80682,2031.68,136435,-1.1
2021-06-16 15:19:15,2020.45,3,78368,80682,2031.68,136435,-1.1
2021-06-16 15:19:15,2019.4,33,78368,80682,2031.68,136435,-1.15
2021-06-16 15:19:16,2019.05,5,78368,80682,2031.68,136435,-1.17
2021-06-16 15:19:17,2019.05,1,78368,80682,2031.68,136435,-1.17
2021-06-16 15:19:18,2019.05,1,77686,80788,2031.62,137116,-1.17
2021-06-16 15:19:18,2019.0,2,77686,80788,2031.62,137116,-1.17
2021-06-16 15:19:21,2019.05,1,77689,80771,2031.62,137128,-1.17
2021-06-16 15:19:24,2019.05,1,77695,80771,2031.62,137128,-1.17
2021-06-16 15:19:25,2019.0,6,77695,80771,2031.62,137128,-1.17
2021-06-16 15:19:27,2018.1,50,77695,80771,2031.62,137128,-1.22
2021-06-16 15:19:27,2018.1,50,77556,80457,2031.61,137218,-1.22
2021-06-16 15:19:28,2018.3,1,77556,80457,2031.61,137218,-1.21
2021-06-16 15:19:29,2018.25,1,77556,80457,2031.61,137218,-1.21
2021-06-16 15:19:30,2018.5,1,77556,80457,2031.61,137218,-1.2
2021-06-16 15:19:31,2016.5,19,77552,77809,2031.49,138320,-1.29
2021-06-16 15:19:33,2016.75,5,77552,77809,2031.49,138320,-1.28
2021-06-16 15:19:37,2017.1,1,77552,77809,2031.49,138320,-1.27
2021-06-16 15:19:37,2016.35,4,77552,77809,2031.49,138320,-1.3
2021-06-16 15:19:38,2016.35,4,76926,77848,2031.48,138391,-1.3
2021-06-16 15:19:39,2017.1,1,76926,77848,2031.48,138391,-1.27
2021-06-16 15:19:40,2016.75,5,76926,77848,2031.48,138391,-1.28
2021-06-16 15:19:41,2016.75,25,76926,77848,2031.48,138391,-1.28
2021-06-16 15:19:42,2016.75,25,76930,78870,2031.48,138422,-1.28
2021-06-16 15:19:43,2016.35,50,76930,78870,2031.48,138422,-1.3
2021-06-16 15:19:44,2016.75,9,76930,78870,2031.48,138422,-1.28
2021-06-16 15:19:45,2016.75,1,76930,78870,2031.48,138422,-1.28
2021-06-16 15:19:45,2016.75,17,76930,78870,2031.48,138422,-1.28
2021-06-16 15:19:46,2016.75,17,76936,79742,2031.47,138499,-1.28
2021-06-16 15:19:47,2016.75,3,76936,79742,2031.47,138499,-1.28
2021-06-16 15:19:48,2016.75,6,76936,79742,2031.47,138499,-1.28
2021-06-16 15:19:49,2016.35,30,76936,79742,2031.47,138499,-1.3
2021-06-16 15:19:50,2016.15,44,76416,79860,2031.46,138633,-1.31
2021-06-16 15:19:51,2016.7,1,76416,79860,2031.46,138633,-1.28
2021-06-16 15:19:52,2016.15,10,76416,79860,2031.46,138633,-1.31
2021-06-16 15:19:53,2016.15,10,76909,80038,2031.46,138655,-1.31
2021-06-16 15:19:54,2016.15,15,76909,80038,2031.46,138655,-1.31
2021-06-16 15:19:55,2016.65,50,76909,80038,2031.46,138655,-1.29
2021-06-16 15:19:57,2016.65,50,77453,79833,2031.45,138720,-1.29
2021-06-16 15:20:00,2016.4,5,77453,79833,2031.45,138720,-1.3
2021-06-16 15:20:00,2016.15,5,77386,79945,2031.44,138764,-1.31
2021-06-16 15:20:01,2016.4,1,77386,79945,2031.44,138764,-1.3
2021-06-16 15:20:03,2016.4,30,77386,79945,2031.44,138764,-1.3
2021-06-16 15:20:04,2016.4,30,77195,78666,2031.43,138934,-1.3
2021-06-16 15:20:06,2016.0,1,77195,78666,2031.43,138934,-1.32
2021-06-16 15:20:09,2016.0,1,76966,78620,2031.36,139498,-1.32
2021-06-16 15:20:09,2015.6,4,76966,78620,2031.36,139498,-1.34
2021-06-16 15:20:13,2016.0,4,80701,79640,2031.36,139563,-1.32
2021-06-16 15:20:16,2016.0,1,80701,79640,2031.36,139563,-1.32
2021-06-16 15:20:18,2016.0,8,80365,78134,2031.35,139622,-1.32
2021-06-16 15:20:18,2016.0,34,80365,78134,2031.35,139622,-1.32
2021-06-16 15:20:19,2016.0,3,80365,78134,2031.35,139622,-1.32
2021-06-16 15:20:21,2016.0,7,80365,78134,2031.35,139622,-1.32
2021-06-16 15:20:21,2016.0,7,80422,77909,2031.34,139738,-1.32
2021-06-16 15:20:24,2016.0,6,80422,77909,2031.34,139738,-1.32
2021-06-16 15:20:25,2016.0,1,80422,77909,2031.34,139738,-1.32
2021-06-16 15:20:25,2016.0,1,80421,77871,2031.34,139747,-1.32
2021-06-16 15:20:27,2016.0,6,80421,77871,2031.34,139747,-1.32
2021-06-16 15:20:30,2016.0,6,80426,77910,2031.34,139753,-1.32
2021-06-16 15:20:33,2016.0,1,80426,77910,2031.34,139753,-1.32
2021-06-16 15:20:34,2016.0,7,80421,78900,2031.34,139760,-1.32
2021-06-16 15:20:36,2016.0,20,80421,78900,2031.34,139760,-1.32
2021-06-16 15:20:37,2016.0,35,80421,78900,2031.34,139760,-1.32
2021-06-16 15:20:37,2016.0,4,80421,78900,2031.34,139760,-1.32
2021-06-16 15:20:38,2016.0,4,79929,77942,2031.33,139828,-1.32
2021-06-16 15:20:39,2016.0,2,79929,77942,2031.33,139828,-1.32
2021-06-16 15:20:39,2015.95,6,79929,77942,2031.33,139828,-1.32
2021-06-16 15:20:40,2016.0,12,79929,77942,2031.33,139828,-1.32
2021-06-16 15:20:41,2016.0,1,79929,77942,2031.33,139828,-1.32
2021-06-16 15:20:42,2016.0,8,79828,76809,2031.32,139891,-1.32
2021-06-16 15:20:45,2016.0,5,79828,76809,2031.32,139891,-1.32
2021-06-16 15:20:46,2016.0,5,80329,76892,2031.32,139904,-1.32
2021-06-16 15:20:46,2015.95,1,80329,76892,2031.32,139904,-1.32
2021-06-16 15:20:47,2015.9,12,80329,76892,2031.32,139904,-1.32
2021-06-16 15:20:49,2016.0,1,80329,76892,2031.32,139904,-1.32
2021-06-16 15:20:50,2016.0,1,80375,76673,2031.3,140107,-1.32
2021-06-16 15:20:51,2015.95,1,80375,76673,2031.3,140107,-1.32
2021-06-16 15:20:52,2014.5,1,80375,76673,2031.3,140107,-1.39
2021-06-16 15:20:54,2014.5,1,79820,77996,2031.26,140460,-1.39
2021-06-16 15:20:55,2015.75,10,79820,77996,2031.26,140460,-1.33
2021-06-16 15:20:57,2013.4,3,79820,77996,2031.26,140460,-1.45
2021-06-16 15:20:57,2015.3,1,79820,77996,2031.26,140460,-1.35
2021-06-16 15:20:59,2014.2,16,79779,77774,2031.22,140727,-1.41
2021-06-16 15:21:01,2014.25,5,79779,77774,2031.22,140727,-1.4
2021-06-16 15:21:03,2014.25,5,80911,77422,2031.22,140733,-1.4
2021-06-16 15:21:04,2015.25,1,80911,77422,2031.22,140733,-1.36
2021-06-16 15:21:06,2015.2,1,80911,77422,2031.22,140733,-1.36
2021-06-16 15:21:07,2015.2,1,80190,76524,2031.22,140790,-1.36
2021-06-16 15:21:09,2015.2,10,80190,76524,2031.22,140790,-1.36
2021-06-16 15:21:09,2015.3,34,80190,76524,2031.22,140790,-1.35
2021-06-16 15:21:11,2015.3,34,81228,76541,2031.21,140840,-1.35
2021-06-16 15:21:12,2015.4,11,81228,76541,2031.21,140840,-1.35
2021-06-16 15:21:12,2014.6,25,81228,76541,2031.21,140840,-1.39
2021-06-16 15:21:13,2016.85,17,81228,76541,2031.21,140840,-1.28
2021-06-16 15:21:16,2016.85,17,79670,75270,2031.15,141397,-1.28
2021-06-16 15:21:16,2017.45,5,79670,75270,2031.15,141397,-1.25
2021-06-16 15:21:18,2015.9,15,79670,75270,2031.15,141397,-1.32
2021-06-16 15:21:20,2017.25,5,79778,75063,2031.11,141792,-1.26
2021-06-16 15:21:21,2015.35,1,79778,75063,2031.11,141792,-1.35
2021-06-16 15:21:22,2014.8,40,79778,75063,2031.11,141792,-1.38
2021-06-16 15:21:25,2016.0,1,80780,76215,2031.06,142223,-1.32
2021-06-16 15:21:28,2014.15,22,80780,76215,2031.06,142223,-1.41
2021-06-16 15:21:30,2014.95,5,80696,75360,2031.02,142587,-1.37
2021-06-16 15:21:31,2015.35,20,80696,75360,2031.02,142587,-1.35
2021-06-16 15:21:33,2015.8,1,80696,75360,2031.02,142587,-1.33
2021-06-16 15:21:34,2015.35,12,81122,75289,2030.95,143199,-1.35
2021-06-16 15:21:34,2015.35,76,81122,75289,2030.95,143199,-1.35
2021-06-16 15:21:37,2015.8,1,81122,75289,2030.95,143199,-1.33
2021-06-16 15:21:38,2015.75,13,80952,75289,2030.94,143293,-1.33
2021-06-16 15:21:41,2015.4,29,80952,75289,2030.94,143293,-1.35
2021-06-16 15:21:42,2015.95,17,80884,76236,2030.93,143424,-1.32
2021-06-16 15:21:43,2015.9,4,80884,76236,2030.93,143424,-1.32
2021-06-16 15:21:45,2014.45,3,80884,76236,2030.93,143424,-1.4
2021-06-16 15:21:45,2015.85,5,80884,76236,2030.93,143424,-1.33
2021-06-16 15:21:46,2015.85,3,80884,76236,2030.93,143424,-1.33
2021-06-16 15:21:47,2015.85,3,81008,75215,2030.92,143494,-1.33
2021-06-16 15:21:48,2015.9,4,81008,75215,2030.92,143494,-1.32
2021-06-16 15:21:48,2015.75,2,81008,75215,2030.92,143494,-1.33
2021-06-16 15:21:50,2015.75,9,81008,75215,2030.92,143494,-1.33
2021-06-16 15:21:51,2016.15,1,80076,76205,2030.9,143631,-1.31
2021-06-16 15:21:52,2016.3,6,80076,76205,2030.9,143631,-1.3
2021-06-16 15:21:55,2016.25,1,80076,76205,2030.9,143631,-1.31
2021-06-16 15:21:56,2016.1,1,80986,75269,2030.9,143639,-1.31
2021-06-16 15:22:00,2015.3,15,80986,75269,2030.9,143639,-1.35
2021-06-16 15:22:00,2015.6,496,80809,76270,2030.9,143672,-1.34
2021-06-16 15:22:01,2015.95,1,80809,76270,2030.9,143672,-1.32
2021-06-16 15:22:02,2015.2,29,80809,76270,2030.9,143672,-1.36
2021-06-16 15:22:03,2015.2,12,80809,76270,2030.9,143672,-1.36
2021-06-16 15:22:04,2015.9,8,81025,75953,2030.81,144473,-1.32
2021-06-16 15:22:06,2015.2,1,81025,75953,2030.81,144473,-1.36
2021-06-16 15:22:06,2015.85,1,81025,75953,2030.81,144473,-1.33
2021-06-16 15:22:08,2015.85,7,81058,76431,2030.81,144513,-1.33
2021-06-16 15:22:09,2015.85,1,81058,76431,2030.81,144513,-1.33
2021-06-16 15:22:10,2015.8,206,81058,76431,2030.81,144513,-1.33
2021-06-16 15:22:11,2015.8,206,80999,76210,2030.79,144731,-1.33
2021-06-16 15:22:12,2015.8,7,80999,76210,2030.79,144731,-1.33
2021-06-16 15:22:12,2015.8,6,80999,76210,2030.79,144731,-1.33
2021-06-16 15:22:13,2015.8,1,80999,76210,2030.79,144731,-1.33
2021-06-16 15:22:15,2015.8,5,80999,76240,2030.79,144745,-1.33
2021-06-16 15:22:15,2015.8,10,80999,76240,2030.79,144745,-1.33
2021-06-16 15:22:16,2015.8,2,80999,76240,2030.79,144745,-1.33
2021-06-16 15:22:18,2015.8,5,81060,76188,2030.78,144762,-1.33
2021-06-16 15:22:22,2015.8,7,81064,76206,2030.78,144767,-1.33
2021-06-16 15:22:24,2015.85,16,81064,76206,2030.78,144767,-1.33
2021-06-16 15:22:25,2015.85,1,81563,76152,2030.78,144800,-1.33
2021-06-16 15:22:25,2015.85,7,81563,76152,2030.78,144800,-1.33
2021-06-16 15:22:26,2015.8,35,81563,76152,2030.78,144800,-1.33
2021-06-16 15:22:28,2015.8,10,81515,76140,2030.77,144861,-1.33
2021-06-16 15:22:30,2015.85,7,81515,76140,2030.77,144861,-1.33
2021-06-16 15:22:32,2015.85,7,80963,76133,2030.77,144868,-1.33
2021-06-16 15:22:33,2015.85,1,80963,76133,2030.77,144868,-1.33
2021-06-16 15:22:34,2017.1,7,80963,76133,2030.77,144868,-1.27
2021-06-16 15:22:35,2017.2,27,80963,76133,2030.77,144868,-1.26
2021-06-16 15:22:36,2017.2,27,80251,74664,2030.69,145774,-1.26
2021-06-16 15:22:37,2017.2,8,80251,74664,2030.69,145774,-1.26
2021-06-16 15:22:40,2017.2,8,80811,74644,2030.69,145782,-1.26
2021-06-16 15:22:40,2017.45,1,80811,74644,2030.69,145782,-1.25
2021-06-16 15:22:43,2018.0,5,80318,74657,2030.69,145783,-1.22
2021-06-16 15:22:45,2018.0,1,80318,74657,2030.69,145783,-1.22
2021-06-16 15:22:45,2018.0,100,80318,74657,2030.69,145783,-1.22
2021-06-16 15:22:46,2017.85,4,80318,74657,2030.69,145783,-1.23
2021-06-16 15:22:47,2018.2,2,80181,76055,2030.68,145894,-1.21
2021-06-16 15:22:48,2018.15,1,80181,76055,2030.68,145894,-1.21
2021-06-16 15:22:49,2018.2,1,80181,76055,2030.68,145894,-1.21
2021-06-16 15:22:50,2017.15,7,80181,76055,2030.68,145894,-1.26
2021-06-16 15:22:51,2017.15,7,80105,76035,2030.68,145933,-1.26
2021-06-16 15:22:54,2018.35,71,80379,75374,2030.67,146036,-1.2
2021-06-16 15:22:55,2018.25,19,80379,75374,2030.67,146036,-1.21
2021-06-16 15:22:58,2019.3,5,80277,74881,2030.67,146055,-1.16
2021-06-16 15:22:58,2019.3,1,80277,74881,2030.67,146055,-1.16
2021-06-16 15:23:01,2019.35,2,80361,75875,2030.67,146061,-1.16
2021-06-16 15:23:04,2019.4,1,80361,75875,2030.67,146061,-1.15
2021-06-16 15:23:06,2019.4,8,80445,74970,2030.67,146064,-1.15
2021-06-16 15:23:08,2019.35,1,80445,74970,2030.67,146064,-1.16
2021-06-16 15:23:10,2019.4,1,80445,74970,2030.67,146064,-1.15
2021-06-16 15:23:10,2019.4,3,80445,74970,2030.67,146064,-1.15
2021-06-16 15:23:11,2019.45,5,80445,74970,2030.67,146064,-1.15
2021-06-16 15:23:14,2019.45,1,80445,74970,2030.67,146064,-1.15
2021-06-16 15:23:15,2019.45,1,80531,76046,2030.66,146093,-1.15
2021-06-16 15:23:19,2019.45,1,80567,75034,2030.66,146102,-1.15
2021-06-16 15:23:19,2019.45,5,80567,75034,2030.66,146102,-1.15
2021-06-16 15:23:21,2019.35,1,80567,75034,2030.66,146102,-1.16
2021-06-16 15:23:22,2019.2,5,80567,75034,2030.66,146102,-1.16
2021-06-16 15:23:23,2019.2,5,80444,76164,2030.66,146136,-1.16
2021-06-16 15:23:28,2019.2,5,82616,74782,2030.66,146136,-1.16
2021-06-16 15:23:28,2019.15,1,82616,74782,2030.66,146136,-1.16
2021-06-16 15:23:32,2019.15,1,77621,75165,2030.66,146137,-1.16
2021-06-16 15:23:34,2019.15,3,77621,75165,2030.66,146137,-1.16
2021-06-16 15:23:37,2019.15,1,83120,75348,2030.66,146143,-1.16
2021-06-16 15:23:38,2019.15,26,83120,75348,2030.66,146143,-1.16
2021-06-16 15:23:42,2019.15,6,83120,75348,2030.66,146143,-1.16
2021-06-16 15:23:42,2019.15,3,83120,75348,2030.66,146143,-1.16
2021-06-16 15:23:44,2019.15,3,83463,75716,2030.63,146462,-1.16
2021-06-16 15:23:46,2019.15,6,83463,75716,2030.63,146462,-1.16
2021-06-16 15:23:48,2018.85,4,83463,75716,2030.63,146462,-1.18
2021-06-16 15:23:48,2019.15,1,83463,75716,2030.63,146462,-1.16
2021-06-16 15:23:52,2019.15,8,83447,71179,2030.63,146500,-1.16
2021-06-16 15:23:52,2019.15,1,83447,71179,2030.63,146500,-1.16
2021-06-16 15:23:53,2019.15,1,82509,71170,2030.63,146509,-1.16
2021-06-16 15:23:55,2019.15,5,82509,71170,2030.63,146509,-1.16
2021-06-16 15:23:55,2019.15,7,82509,71170,2030.63,146509,-1.16
2021-06-16 15:23:57,2019.15,7,82548,70191,2030.63,146526,-1.16
2021-06-16 15:24:00,2019.2,1,82548,70191,2030.63,146526,-1.16
2021-06-16 15:24:01,2019.05,1,82489,69572,2030.63,146528,-1.17
2021-06-16 15:24:02,2019.15,8,82489,69572,2030.63,146528,-1.16
2021-06-16 15:24:06,2018.85,1,82395,69710,2030.63,146541,-1.18
2021-06-16 15:24:06,2019.0,6,82395,69710,2030.63,146541,-1.17
2021-06-16 15:24:09,2019.0,1,82395,69710,2030.63,146541,-1.17
2021-06-16 15:24:10,2019.0,7,82370,69751,2030.63,146548,-1.17
2021-06-16 15:24:13,2019.0,1,82370,69751,2030.63,146548,-1.17
2021-06-16 15:24:14,2019.1,78,82350,69323,2030.59,147056,-1.17
2021-06-16 15:24:16,2019.1,1,82350,69323,2030.59,147056,-1.17
2021-06-16 15:24:18,2019.1,1,81862,69267,2030.59,147073,-1.17
2021-06-16 15:24:24,2019.1,5,81523,68742,2030.59,147074,-1.17
2021-06-16 15:24:24,2019.15,1,81523,68742,2030.59,147074,-1.16
2021-06-16 15:24:25,2019.15,20,81523,68742,2030.59,147074,-1.16
2021-06-16 15:24:27,2019.1,5,81343,68743,2030.58,147193,-1.17
2021-06-16 15:24:28,2019.1,2,81343,68743,2030.58,147193,-1.17
2021-06-16 15:24:30,2019.1,1,81343,68743,2030.58,147193,-1.17
2021-06-16 15:24:34,2019.1,1,81334,68853,2030.58,147204,-1.17
2021-06-16 15:24:36,2019.1,1,81388,68894,2030.58,147206,-1.17
2021-06-16 15:24:37,2019.1,6,81388,68894,2030.58,147206,-1.17
2021-06-16 15:24:37,2018.85,1,81388,68894,2030.58,147206,-1.18
2021-06-16 15:24:40,2018.85,1,81393,69028,2030.58,147213,-1.18
2021-06-16 15:24:41,2019.1,1,81393,69028,2030.58,147213,-1.17
2021-06-16 15:24:43,2019.1,7,81393,69028,2030.58,147213,-1.17
2021-06-16 15:24:44,2019.1,7,81805,68828,2030.57,147223,-1.17
2021-06-16 15:24:45,2018.85,6,81805,68828,2030.57,147223,-1.18
2021-06-16 15:24:46,2018.85,2,81805,68828,2030.57,147223,-1.18
2021-06-16 15:24:48,2019.1,1,81695,68734,2030.57,147339,-1.17
2021-06-16 15:24:53,2019.1,1,81708,69734,2030.57,147339,-1.17
2021-06-16 15:24:56,2019.0,1,81708,69734,2030.57,147339,-1.17
2021-06-16 15:24:57,2019.0,9,82723,69795,2030.56,147350,-1.17
2021-06-16 15:24:58,2019.0,20,82723,69795,2030.56,147350,-1.17
2021-06-16 15:25:00,2019.0,5,82723,69795,2030.56,147350,-1.17
2021-06-16 15:25:00,2018.5,13,82723,69795,2030.56,147350,-1.2
2021-06-16 15:25:04,2018.95,1,82682,69083,2030.56,147405,-1.17
2021-06-16 15:25:05,2018.85,5,82682,69083,2030.56,147405,-1.18
2021-06-16 15:25:07,2018.85,5,82560,69366,2030.56,147417,-1.18
2021-06-16 15:25:10,2018.85,5,81554,64538,2030.56,147442,-1.18
2021-06-16 15:25:13,2018.65,1,81554,64538,2030.56,147442,-1.19
2021-06-16 15:25:13,2018.5,1,81554,64538,2030.56,147442,-1.2
2021-06-16 15:25:15,2018.5,1,81609,65613,2030.56,147450,-1.2
2021-06-16 15:25:15,2018.6,10,81609,65613,2030.56,147450,-1.19
2021-06-16 15:25:16,2018.5,4,81609,65613,2030.56,147450,-1.2
2021-06-16 15:25:21,2018.6,1,81609,65613,2030.56,147450,-1.19
2021-06-16 15:25:23,2018.6,1,82094,64609,2030.55,147509,-1.19
2021-06-16 15:25:26,2018.5,22,82094,64609,2030.55,147509,-1.2
2021-06-16 15:25:27,2017.75,25,82094,64609,2030.55,147509,-1.23
2021-06-16 15:25:27,2017.75,25,80516,64017,2030.54,147603,-1.23
2021-06-16 15:25:30,2018.45,25,80516,64017,2030.54,147603,-1.2
2021-06-16 15:25:30,2018.45,1,80516,64017,2030.54,147603,-1.2
2021-06-16 15:25:32,2018.15,48,81103,63590,2030.53,147717,-1.21
2021-06-16 15:25:36,2018.85,7,81103,63590,2030.53,147717,-1.18
2021-06-16 15:25:36,2018.85,7,79191,62653,2030.46,148579,-1.18
2021-06-16 15:25:37,2019.05,1,79191,62653,2030.46,148579,-1.17
2021-06-16 15:25:40,2019.05,5,78932,62774,2030.46,148584,-1.17
2021-06-16 15:25:42,2019.05,83,78932,62774,2030.46,148584,-1.17
2021-06-16 15:25:44,2019.0,1,78932,62774,2030.46,148584,-1.17
2021-06-16 15:25:45,2019.05,1,79202,62842,2030.46,148678,-1.17
2021-06-16 15:25:46,2019.05,10,79202,62842,2030.46,148678,-1.17
2021-06-16 15:25:49,2019.05,10,79209,62832,2030.45,148688,-1.17
2021-06-16 15:25:50,2019.05,7,79209,62832,2030.45,148688,-1.17
2021-06-16 15:25:52,2019.05,1,79209,62832,2030.45,148688,-1.17
2021-06-16 15:25:54,2019.05,1,80160,62828,2030.45,148696,-1.17
2021-06-16 15:25:56,2019.05,7,80160,62828,2030.45,148696,-1.17
2021-06-16 15:25:57,2019.2,34,78192,62358,2030.42,149190,-1.16
2021-06-16 15:25:58,2017.45,24,78192,62358,2030.42,149190,-1.25
2021-06-16 15:26:00,2019.85,1,78192,62358,2030.42,149190,-1.13
2021-06-16 15:26:01,2019.05,5,78192,62358,2030.42,149190,-1.17
2021-06-16 15:26:04,2019.7,1,78192,62358,2030.42,149190,-1.14
2021-06-16 15:26:06,2019.7,1,78015,63342,2030.41,149322,-1.14
2021-06-16 15:26:09,2019.7,11,78015,63342,2030.41,149322,-1.14
2021-06-16 15:26:10,2019.7,11,77988,62278,2030.4,149373,-1.14
2021-06-16 15:26:10,2019.7,2,77988,62278,2030.4,149373,-1.14
2021-06-16 15:26:15,2019.75,10,77994,62276,2030.4,149375,-1.14
2021-06-16 15:26:16,2019.75,1,77994,62276,2030.4,149375,-1.14
2021-06-16 15:26:19,2019.75,1,78491,63276,2030.4,149386,-1.14
2021-06-16 15:26:20,2019.85,1,78491,63276,2030.4,149386,-1.13
2021-06-16 15:26:24,2019.85,1,78500,63227,2030.4,149394,-1.13
2021-06-16 15:26:25,2019.85,9,78500,63227,2030.4,149394,-1.13
2021-06-16 15:26:27,2019.9,5,78500,63227,2030.4,149394,-1.13
2021-06-16 15:26:28,2019.9,5,77351,62113,2030.4,149409,-1.13
2021-06-16 15:26:29,2019.9,6,77351,62113,2030.4,149409,-1.13
2021-06-16 15:26:32,2020.0,5,77368,62191,2030.4,149415,-1.12
2021-06-16 15:26:33,2020.0,1,77368,62191,2030.4,149415,-1.12
2021-06-16 15:26:35,2020.0,10,77368,62191,2030.4,149415,-1.12
2021-06-16 15:26:36,2020.0,6,76873,62131,2030.39,149478,-1.12
2021-06-16 15:26:39,2020.0,1,76873,62131,2030.39,149478,-1.12
2021-06-16 15:26:40,2020.0,4,76883,62120,2030.39,149489,-1.12
2021-06-16 15:26:41,2019.95,10,76883,62120,2030.39,149489,-1.13
2021-06-16 15:26:42,2020.0,18,76883,62120,2030.39,149489,-1.12
2021-06-16 15:26:44,2020.1,33,76883,62120,2030.39,149489,-1.12
2021-06-16 15:26:45,2020.1,33,76868,61261,2030.38,149736,-1.12
2021-06-16 15:26:48,2020.9,1,76868,61261,2030.38,149736,-1.08
2021-06-16 15:26:49,2020.9,1,76873,62266,2030.38,149737,-1.08
2021-06-16 15:26:52,2020.0,5,76873,62266,2030.38,149737,-1.12
2021-06-16 15:26:53,2020.9,18,76843,62281,2030.38,149762,-1.08
2021-06-16 15:26:54,2020.95,1,76843,62281,2030.38,149762,-1.08
2021-06-16 15:26:56,2021.0,44,76843,62281,2030.38,149762,-1.07
2021-06-16 15:26:57,2021.25,5,76843,62281,2030.38,149762,-1.06
2021-06-16 15:26:57,2021.4,5,76846,62240,2030.37,149889,-1.05
2021-06-16 15:26:58,2021.4,10,76846,62240,2030.37,149889,-1.05
2021-06-16 15:26:59,2021.05,1,76846,62240,2030.37,149889,-1.07
2021-06-16 15:27:00,2021.05,10,76846,62240,2030.37,149889,-1.07
2021-06-16 15:27:01,2021.0,5,76146,61640,2030.37,149915,-1.07
2021-06-16 15:27:04,2020.9,1,76146,61640,2030.37,149915,-1.08
2021-06-16 15:27:06,2020.9,5,76056,61568,2030.37,149921,-1.08
2021-06-16 15:27:09,2020.0,26,76044,61641,2030.36,149976,-1.12
2021-06-16 15:27:12,2020.45,1,76044,61641,2030.36,149976,-1.1
2021-06-16 15:27:13,2020.45,2,76036,61601,2030.36,149984,-1.1
2021-06-16 15:27:17,2020.45,7,76036,61601,2030.36,149984,-1.1
2021-06-16 15:27:18,2020.45,7,76038,60644,2030.36,149991,-1.1
2021-06-16 15:27:20,2018.7,1,76038,60644,2030.36,149991,-1.19
2021-06-16 15:27:20,2019.8,3,76038,60644,2030.36,149991,-1.13
2021-06-16 15:27:21,2019.8,6,76038,60644,2030.36,149991,-1.13
2021-06-16 15:27:22,2019.8,6,76622,60624,2030.35,150102,-1.13
2021-06-16 15:27:25,2019.8,6,76616,60674,2030.35,150102,-1.13
2021-06-16 15:27:26,2019.8,10,76616,60674,2030.35,150102,-1.13
2021-06-16 15:27:28,2019.8,1,76616,60674,2030.35,150102,-1.13
2021-06-16 15:27:30,2019.8,1,76622,57108,2030.35,150113,-1.13
2021-06-16 15:27:31,2019.35,9,76622,57108,2030.35,150113,-1.16
2021-06-16 15:27:33,2018.8,10,76622,57108,2030.35,150113,-1.18
2021-06-16 15:27:34,2019.35,26,76615,56956,2030.34,150314,-1.16
2021-06-16 15:27:37,2019.8,1,76615,56956,2030.34,150314,-1.13
2021-06-16 15:27:39,2019.8,1,76655,56934,2030.34,150315,-1.13
2021-06-16 15:27:41,2019.8,7,76655,56934,2030.34,150315,-1.13
2021-06-16 15:27:43,2019.8,7,77625,56965,2030.34,150322,-1.13
2021-06-16 15:27:45,2019.35,1,77625,56965,2030.34,150322,-1.16
2021-06-16 15:27:45,2019.35,8,77625,56965,2030.34,150322,-1.16
2021-06-16 15:27:46,2019.05,1,75121,54480,2030.34,150332,-1.17
2021-06-16 15:27:48,2019.05,6,75121,54480,2030.34,150332,-1.17
2021-06-16 15:27:48,2019.05,10,75121,54480,2030.34,150332,-1.17
2021-06-16 15:27:51,2019.05,5,75130,54462,2030.33,150350,-1.17
2021-06-16 15:27:52,2019.05,2,75130,54462,2030.33,150350,-1.17
2021-06-16 15:27:54,2019.05,2,75139,54426,2030.33,150357,-1.17
2021-06-16 15:27:55,2019.05,6,75139,54426,2030.33,150357,-1.17
2021-06-16 15:27:58,2019.05,5,75139,54420,2030.33,150363,-1.17
2021-06-16 15:28:01,2020.0,2,74152,54411,2030.33,150389,-1.12
2021-06-16 15:28:03,2019.55,26,74152,54411,2030.33,150389,-1.15
2021-06-16 15:28:03,2018.1,7,74152,54411,2030.33,150389,-1.22
2021-06-16 15:28:06,2018.1,7,73157,54403,2030.3,150824,-1.22
2021-06-16 15:28:07,2019.0,2,73157,54403,2030.3,150824,-1.17
2021-06-16 15:28:10,2019.0,5,75148,51976,2030.3,150827,-1.17
2021-06-16 15:28:11,2020.0,39,75148,51976,2030.3,150827,-1.12
2021-06-16 15:28:13,2020.0,39,73154,51852,2030.29,150969,-1.12
2021-06-16 15:28:16,2020.5,20,73154,51852,2030.29,150969,-1.1
2021-06-16 15:28:17,2020.45,7,73122,51865,2030.28,151001,-1.1
2021-06-16 15:28:21,2020.45,7,72365,51841,2030.28,151008,-1.1
2021-06-16 15:28:21,2020.55,14,72365,51841,2030.28,151008,-1.1
2021-06-16 15:28:24,2020.55,14,72365,51824,2030.28,151022,-1.1
2021-06-16 15:28:25,2020.6,7,72365,51824,2030.28,151022,-1.09
2021-06-16 15:28:25,2020.6,1,72365,51824,2030.28,151022,-1.09
2021-06-16 15:28:28,2020.6,1,72360,51816,2030.28,151030,-1.09
2021-06-16 15:28:30,2020.6,28,72360,51816,2030.28,151030,-1.09
2021-06-16 15:28:31,2020.6,28,72351,51782,2030.28,151064,-1.09
2021-06-16 15:28:32,2020.6,7,72351,51782,2030.28,151064,-1.09
2021-06-16 15:28:33,2017.0,92,72351,51782,2030.28,151064,-1.27
2021-06-16 15:28:36,2017.0,92,63033,51970,2030.26,151305,-1.27
2021-06-16 15:28:46,2017.0,92,62233,51170,2030.26,151305,-1.27
2021-06-16 15:28:47,2018.6,25,62233,51170,2030.26,151305,-1.19
2021-06-16 15:28:51,2018.6,25,63714,51170,2030.26,151330,-1.19
2021-06-16 15:28:57,2018.6,1,63714,51170,2030.26,151330,-1.19
2021-06-16 15:28:57,2018.6,1,63737,51168,2030.26,151332,-1.19
2021-06-16 15:29:01,2018.6,1,53366,41185,2030.26,151332,-1.19
2021-06-16 15:29:04,2018.6,11,53366,41185,2030.26,151332,-1.19
2021-06-16 15:29:06,2018.6,11,53864,35681,2030.25,151368,-1.19
2021-06-16 15:29:09,2018.6,11,53364,35681,2030.25,151368,-1.19
2021-06-16 15:29:13,2017.75,59,46675,28183,2030.25,151438,-1.23
2021-06-16 15:29:14,2018.6,3,46675,28183,2030.25,151438,-1.19
2021-06-16 15:29:15,2020.5,14,46675,28183,2030.25,151438,-1.1
2021-06-16 15:29:17,2020.5,14,43324,28140,2030.24,151505,-1.1
2021-06-16 15:29:21,2020.5,14,43325,28140,2030.24,151505,-1.1
2021-06-16 15:29:22,2017.0,1,43325,28140,2030.24,151505,-1.27
2021-06-16 15:29:25,2017.0,1,43319,28140,2030.24,151513,-1.27
2021-06-16 15:29:28,2020.45,2,43319,28140,2030.24,151513,-1.1
2021-06-16 15:29:29,2020.5,5,43319,28140,2030.24,151513,-1.1
2021-06-16 15:29:30,2017.0,68,43319,28140,2030.24,151513,-1.27
2021-06-16 15:29:35,2019.75,2,43319,28140,2030.24,151513,-1.14
2021-06-16 15:29:37,2019.75,2,43293,27771,2030.24,151607,-1.14
2021-06-16 15:29:39,2017.75,44,43293,27771,2030.24,151607,-1.23
2021-06-16 15:29:40,2017.75,44,43241,27773,2030.23,151661,-1.23
2021-06-16 15:29:42,2017.8,1,43241,27773,2030.23,151661,-1.23
2021-06-16 15:29:43,2017.0,91,43241,27773,2030.23,151661,-1.27
2021-06-16 15:29:45,2017.0,91,44241,27772,2030.22,151766,-1.27
2021-06-16 15:29:46,2017.15,10,44241,27772,2030.22,151766,-1.26
2021-06-16 15:29:49,2017.15,10,44231,27762,2030.22,151776,-1.26
2021-06-16 15:29:52,2020.0,2,43730,27728,2030.22,151810,-1.12
2021-06-16 15:29:56,2017.8,281,42959,27434,2030.19,152104,-1.23
2021-06-16 15:29:57,2020.0,7,42959,27434,2030.19,152104,-1.12
2021-06-16 15:31:07,2020.0,7,42959,26427,2030.19,152111,-1.12
2021-06-16 15:37:09,2020.5,7,0,0,2030.19,152111,-1.1
2021-06-16 15:40:00,2020.5,6,48,0,2030.19,152117,-1.1
2021-06-16 15:40:01,2020.5,4,48,0,2030.19,152117,-1.1
2021-06-16 15:40:01,2020.5,25,48,0,2030.19,152117,-1.1
