2021-06-16 10:32:16,1354.95,7,56666,85094,1363.49,61806,-1.43
2021-06-16 10:32:20,1354.95,7,56675,85095,1363.49,61806,-1.43
2021-06-16 10:32:23,1354.95,7,56675,85085,1363.49,61806,-1.43
2021-06-16 10:32:27,1354.95,7,56575,85095,1363.49,61806,-1.43
2021-06-16 10:32:33,1354.95,7,56546,85104,1363.49,61806,-1.43
2021-06-16 10:32:36,1354.95,10,56546,85104,1363.49,61806,-1.43
2021-06-16 10:32:36,1354.95,10,56557,85113,1363.49,61816,-1.43
2021-06-16 10:32:39,1354.95,8,56558,85105,1363.49,61824,-1.43
2021-06-16 10:32:46,1354.95,8,56555,85103,1363.49,61824,-1.43
2021-06-16 10:32:49,1354.95,7,56658,85096,1363.49,61831,-1.43
2021-06-16 10:32:51,1355.0,6,56658,85096,1363.49,61831,-1.42
2021-06-16 10:32:53,1355.0,6,56657,85026,1363.48,61855,-1.42
2021-06-16 10:32:56,1355.0,6,56651,85019,1363.48,61855,-1.42
2021-06-16 10:32:59,1355.85,5,56653,85005,1363.48,61865,-1.36
2021-06-16 10:33:01,1356.0,50,56653,85005,1363.48,61865,-1.35
2021-06-16 10:33:03,1356.0,50,56688,84983,1363.48,61915,-1.35
2021-06-16 10:33:06,1356.5,79,56661,84983,1363.48,61915,-1.31
2021-06-16 10:33:09,1356.5,79,56697,84882,1363.47,61994,-1.31
2021-06-16 10:33:15,1356.5,79,56677,84882,1363.47,61994,-1.31
2021-06-16 10:33:19,1356.5,79,56658,84882,1363.47,61994,-1.31
2021-06-16 10:33:25,1356.5,79,56659,84884,1363.47,61994,-1.31
2021-06-16 10:33:28,1356.5,79,56643,84880,1363.47,61994,-1.31
2021-06-16 10:33:32,1356.0,5,56637,84949,1363.47,61999,-1.35
2021-06-16 10:33:36,1356.0,5,56637,84953,1363.47,61999,-1.35
2021-06-16 10:33:39,1356.0,5,56634,84944,1363.47,61999,-1.35
2021-06-16 10:33:42,1356.0,17,56617,84975,1363.47,62016,-1.35
2021-06-16 10:33:46,1356.0,17,56692,84944,1363.47,62016,-1.35
2021-06-16 10:33:49,1356.0,50,56648,84943,1363.46,62066,-1.35
2021-06-16 10:33:52,1356.0,50,56639,84945,1363.46,62066,-1.35
2021-06-16 10:34:03,1356.8,48,56639,84945,1363.46,62066,-1.29
2021-06-16 10:34:06,1356.8,48,56643,84944,1363.45,62116,-1.29
2021-06-16 10:34:21,1356.95,2,56643,84944,1363.45,62116,-1.28
2021-06-16 10:34:24,1356.95,2,56643,84947,1363.45,62118,-1.28
2021-06-16 10:34:35,1357.0,6,56643,84947,1363.45,62118,-1.28
2021-06-16 10:34:36,1356.0,26,56643,84947,1363.45,62118,-1.35
2021-06-16 10:34:36,1356.0,26,56669,85059,1363.45,62170,-1.35
2021-06-16 10:34:39,1356.0,26,56689,85260,1363.45,62170,-1.35
2021-06-16 10:34:42,1356.0,26,56689,85255,1363.45,62170,-1.35
2021-06-16 10:34:43,1356.0,74,56689,85255,1363.45,62170,-1.35
2021-06-16 10:34:44,1355.3,1,56689,85255,1363.45,62170,-1.4
2021-06-16 10:34:45,1355.3,1,56663,85191,1363.43,62294,-1.4
2021-06-16 10:34:49,1353.65,5,56593,85145,1363.43,62344,-1.52
2021-06-16 10:34:53,1353.65,5,56615,85134,1363.43,62344,-1.52
2021-06-16 10:34:54,1354.3,10,56615,85134,1363.43,62344,-1.47
2021-06-16 10:34:56,1354.3,10,56601,85143,1363.42,62354,-1.47
2021-06-16 10:35:00,1354.3,10,56573,84599,1363.42,62354,-1.47
2021-06-16 10:35:03,1356.3,8,56573,84599,1363.42,62354,-1.33
2021-06-16 10:35:03,1356.3,8,56664,84665,1363.42,62379,-1.33
2021-06-16 10:35:06,1356.3,8,56668,84671,1363.42,62379,-1.33
2021-06-16 10:35:07,1356.0,100,56668,84671,1363.42,62379,-1.35
2021-06-16 10:35:08,1358.0,24,56668,84671,1363.42,62379,-1.2
2021-06-16 10:35:09,1358.0,24,56793,84294,1363.37,62840,-1.2
2021-06-16 10:35:12,1358.0,24,56856,84293,1363.37,62840,-1.2
2021-06-16 10:35:15,1358.0,24,56857,84331,1363.37,62840,-1.2
2021-06-16 10:35:16,1358.0,1,56857,84331,1363.37,62840,-1.2
2021-06-16 10:35:18,1358.0,1,56856,84327,1363.37,62907,-1.2
2021-06-16 10:35:24,1358.0,1,56856,84827,1363.37,62907,-1.2
2021-06-16 10:35:28,1358.0,1,56904,84835,1363.37,62907,-1.2
2021-06-16 10:35:34,1358.0,1,56870,84805,1363.37,62907,-1.2
2021-06-16 10:35:36,1358.0,7,56870,84805,1363.37,62907,-1.2
2021-06-16 10:35:38,1358.0,7,56887,84839,1363.36,62942,-1.2
2021-06-16 10:35:44,1358.0,7,56887,84939,1363.36,62942,-1.2
2021-06-16 10:35:47,1358.0,7,56887,84940,1363.36,62942,-1.2
2021-06-16 10:35:48,1356.0,53,56887,84940,1363.36,62942,-1.35
2021-06-16 10:35:49,1356.0,53,56813,85050,1363.35,63042,-1.35
2021-06-16 10:35:52,1356.0,53,56831,85048,1363.35,63042,-1.35
2021-06-16 10:35:55,1356.0,53,56832,85051,1363.35,63042,-1.35
2021-06-16 10:35:59,1356.0,53,56862,85036,1363.35,63042,-1.35
2021-06-16 10:36:00,1357.65,50,56862,85036,1363.35,63042,-1.23
2021-06-16 10:36:03,1357.65,50,56838,85018,1363.35,63092,-1.23
2021-06-16 10:36:06,1357.65,50,56838,85023,1363.35,63092,-1.23
2021-06-16 10:36:09,1357.0,1,56838,85023,1363.35,63092,-1.28
2021-06-16 10:36:12,1357.0,1,56827,85063,1363.35,63093,-1.28
2021-06-16 10:36:20,1357.0,1,56828,85064,1363.35,63093,-1.28
2021-06-16 10:36:21,1357.0,1,56828,85064,1363.35,63094,-1.28
2021-06-16 10:36:24,1357.0,1,56828,85069,1363.35,63094,-1.28
2021-06-16 10:36:27,1357.0,1,56828,85069,1363.35,63095,-1.28
2021-06-16 10:36:30,1357.0,1,56828,85072,1363.35,63095,-1.28
2021-06-16 10:36:34,1356.0,49,56828,85072,1363.35,63095,-1.35
2021-06-16 10:36:36,1356.0,49,56795,85102,1363.33,63245,-1.35
2021-06-16 10:36:51,1356.0,49,56792,85103,1363.33,63245,-1.35
2021-06-16 10:36:52,1357.0,2,56792,85103,1363.33,63245,-1.28
2021-06-16 10:36:54,1357.0,2,56863,85037,1363.33,63252,-1.28
2021-06-16 10:36:57,1357.0,2,56863,85047,1363.33,63252,-1.28
2021-06-16 10:37:07,1357.0,2,56808,85083,1363.33,63252,-1.28
2021-06-16 10:37:07,1357.5,1,56808,85083,1363.33,63252,-1.24
2021-06-16 10:37:10,1357.5,1,56882,85055,1363.33,63253,-1.24
2021-06-16 10:37:16,1357.5,1,56882,85065,1363.33,63253,-1.24
2021-06-16 10:37:19,1357.5,1,56883,85066,1363.33,63253,-1.24
2021-06-16 10:37:24,1356.0,10,56883,85066,1363.33,63253,-1.35
2021-06-16 10:37:25,1356.0,10,56821,85102,1363.33,63273,-1.35
2021-06-16 10:37:28,1356.0,10,56833,85099,1363.33,63273,-1.35
2021-06-16 10:37:33,1356.0,10,56833,85065,1363.33,63273,-1.35
2021-06-16 10:37:34,1356.0,10,56823,85065,1363.33,63283,-1.35
2021-06-16 10:37:41,1356.0,10,56823,85048,1363.33,63283,-1.35
2021-06-16 10:37:52,1357.45,5,56829,85046,1363.33,63288,-1.24
2021-06-16 10:37:54,1357.5,10,56829,85046,1363.33,63288,-1.24
2021-06-16 10:37:55,1357.5,10,56927,85015,1363.32,63348,-1.24
2021-06-16 10:37:58,1357.5,10,56928,84956,1363.32,63348,-1.24
2021-06-16 10:38:01,1357.5,10,56949,84980,1363.32,63348,-1.24
2021-06-16 10:38:04,1357.5,10,56999,84981,1363.32,63348,-1.24
2021-06-16 10:38:06,1357.95,2,56981,84960,1363.32,63350,-1.21
2021-06-16 10:38:09,1357.95,2,57001,84980,1363.32,63350,-1.21
2021-06-16 10:38:14,1357.95,2,57002,84980,1363.32,63350,-1.21
2021-06-16 10:38:17,1357.95,2,57004,84980,1363.32,63350,-1.21
2021-06-16 10:38:19,1357.95,1,57004,84980,1363.32,63350,-1.21
2021-06-16 10:38:21,1357.95,16,57004,84980,1363.32,63350,-1.21
2021-06-16 10:38:24,1357.95,16,57008,84979,1363.32,63367,-1.21
2021-06-16 10:38:30,1357.95,16,57003,85170,1363.32,63367,-1.21
2021-06-16 10:38:44,1357.95,16,57018,85170,1363.32,63367,-1.21
2021-06-16 10:38:47,1357.95,16,57117,85170,1363.32,63367,-1.21
2021-06-16 10:38:50,1357.55,6,57097,85173,1363.32,63392,-1.24
2021-06-16 10:38:52,1357.5,20,57097,85177,1363.31,63412,-1.24
2021-06-16 10:38:55,1357.75,16,57108,85161,1363.31,63430,-1.22
2021-06-16 10:38:58,1357.75,16,57087,85164,1363.31,63430,-1.22
2021-06-16 10:39:01,1357.75,16,57106,85162,1363.31,63430,-1.22
2021-06-16 10:39:07,1357.75,16,56906,85162,1363.31,63430,-1.22
2021-06-16 10:39:18,1357.0,100,56917,85162,1363.3,63530,-1.28
2021-06-16 10:39:21,1357.0,100,56903,85162,1363.3,63530,-1.28
2021-06-16 10:39:22,1356.0,117,56903,85162,1363.3,63530,-1.35
2021-06-16 10:39:25,1356.0,117,56860,85244,1363.27,63785,-1.35
2021-06-16 10:39:28,1356.0,117,56881,85244,1363.27,63785,-1.35
2021-06-16 10:39:33,1356.05,5,56875,85209,1363.27,63790,-1.35
2021-06-16 10:39:36,1356.05,5,56877,85209,1363.27,63790,-1.35
2021-06-16 10:39:45,1356.05,5,56976,85208,1363.27,63790,-1.35
2021-06-16 10:39:49,1356.05,5,56977,85208,1363.27,63790,-1.35
2021-06-16 10:39:53,1356.05,5,56941,85356,1363.27,63790,-1.35
2021-06-16 10:40:01,1356.05,5,56956,85315,1363.27,63790,-1.35
2021-06-16 10:40:04,1356.05,5,57208,85315,1363.27,63790,-1.35
2021-06-16 10:40:08,1356.05,5,57208,85340,1363.27,63790,-1.35
2021-06-16 10:40:24,1357.0,3,57208,85337,1363.27,63793,-1.28
2021-06-16 10:40:25,1356.0,100,57208,85337,1363.27,63793,-1.35
2021-06-16 10:40:26,1356.0,100,57215,85329,1363.26,63893,-1.35
2021-06-16 10:40:29,1356.0,100,57207,85423,1363.26,63893,-1.35
2021-06-16 10:40:33,1356.0,100,57177,85443,1363.26,63893,-1.35
2021-06-16 10:40:38,1356.0,5,57177,85443,1363.26,63893,-1.35
2021-06-16 10:40:39,1356.0,5,57172,85420,1363.26,63898,-1.35
2021-06-16 10:40:41,1356.0,5,57180,85220,1363.26,63898,-1.35
2021-06-16 10:40:45,1356.0,5,57179,85178,1363.26,63898,-1.35
2021-06-16 10:40:46,1356.0,25,57179,85178,1363.26,63898,-1.35
2021-06-16 10:40:51,1356.0,25,57177,85170,1363.26,63923,-1.35
2021-06-16 10:41:02,1357.0,3,57177,85170,1363.26,63923,-1.28
2021-06-16 10:41:02,1357.0,3,57174,85168,1363.26,63926,-1.28
2021-06-16 10:41:04,1357.0,3,57212,85166,1363.26,63926,-1.28
2021-06-16 10:41:10,1357.0,1,57214,85166,1363.26,63926,-1.28
2021-06-16 10:41:12,1357.0,1,57214,85165,1363.26,63927,-1.28
2021-06-16 10:41:16,1357.0,1,57174,85102,1363.26,63927,-1.28
2021-06-16 10:41:19,1357.0,1,57174,85123,1363.26,63927,-1.28
2021-06-16 10:41:23,1357.0,1,57174,85137,1363.26,63927,-1.28
2021-06-16 10:41:28,1357.0,7,57174,85137,1363.26,63927,-1.28
2021-06-16 10:41:29,1357.0,7,57174,85130,1363.26,63934,-1.28
2021-06-16 10:41:43,1356.95,5,57175,85136,1363.26,63934,-1.28
2021-06-16 10:41:46,1356.95,5,57180,85136,1363.26,63939,-1.28
2021-06-16 10:41:55,1356.95,5,57185,85126,1363.26,63939,-1.28
2021-06-16 10:41:57,1356.95,1,57185,85126,1363.26,63939,-1.28
2021-06-16 10:41:58,1356.95,1,57185,85125,1363.26,63940,-1.28
2021-06-16 10:42:04,1356.95,1,57185,85136,1363.26,63940,-1.28
2021-06-16 10:42:07,1356.95,15,57185,85136,1363.26,63940,-1.28
2021-06-16 10:42:12,1356.95,15,57158,85144,1363.24,64115,-1.28
2021-06-16 10:42:18,1356.95,15,57139,85144,1363.24,64115,-1.28
2021-06-16 10:42:25,1356.95,15,57160,85161,1363.24,64115,-1.28
2021-06-16 10:42:28,1356.95,15,57160,85163,1363.24,64115,-1.28
2021-06-16 10:42:32,1356.95,15,57170,85164,1363.24,64115,-1.28
2021-06-16 10:42:37,1356.6,82,57101,85078,1363.23,64197,-1.31
2021-06-16 10:42:48,1356.6,82,57123,85078,1363.23,64197,-1.31
2021-06-16 10:42:51,1356.6,82,57123,85128,1363.23,64197,-1.31
2021-06-16 10:42:55,1356.6,4,57123,85128,1363.23,64197,-1.31
2021-06-16 10:42:56,1356.6,4,57119,85118,1363.23,64201,-1.31
2021-06-16 10:43:19,1356.6,4,57219,85118,1363.23,64201,-1.31
2021-06-16 10:43:33,1356.6,4,57219,84979,1363.23,64201,-1.31
2021-06-16 10:43:39,1356.6,4,57339,84999,1363.23,64201,-1.31
2021-06-16 10:43:43,1357.5,2,57339,84999,1363.23,64201,-1.24
2021-06-16 10:43:44,1357.5,2,57339,84997,1363.23,64203,-1.24
2021-06-16 10:43:49,1357.5,2,57350,84993,1363.23,64203,-1.24
2021-06-16 10:43:58,1357.5,2,57349,85013,1363.23,64203,-1.24
2021-06-16 10:43:58,1357.5,100,57349,85013,1363.23,64203,-1.24
2021-06-16 10:44:04,1357.5,100,57237,84885,1363.22,64303,-1.24
2021-06-16 10:44:10,1357.5,3,57237,84885,1363.22,64303,-1.24
2021-06-16 10:44:10,1357.5,5,57237,84885,1363.22,64303,-1.24
2021-06-16 10:44:12,1357.5,5,57223,84897,1363.22,64311,-1.24
2021-06-16 10:44:14,1357.5,5,57223,84890,1363.22,64311,-1.24
2021-06-16 10:44:16,1357.5,20,57215,84888,1363.22,64331,-1.24
2021-06-16 10:44:30,1357.5,20,57214,84865,1363.22,64331,-1.24
2021-06-16 10:44:42,1357.5,1,57203,84884,1363.22,64332,-1.24
2021-06-16 10:44:49,1357.5,1,57203,84886,1363.22,64332,-1.24
2021-06-16 10:44:52,1357.5,1,57182,84885,1363.22,64332,-1.24
2021-06-16 10:44:55,1357.5,1,57202,84885,1363.22,64332,-1.24
2021-06-16 10:44:58,1357.5,1,57201,84913,1363.22,64332,-1.24
2021-06-16 10:45:02,1357.5,1,57201,84912,1363.22,64332,-1.24
2021-06-16 10:45:08,1357.5,1,57201,84909,1363.22,64332,-1.24
2021-06-16 10:45:12,1357.5,10,57201,84909,1363.22,64332,-1.24
2021-06-16 10:45:13,1357.5,10,57201,84885,1363.21,64362,-1.24
2021-06-16 10:45:16,1357.5,10,57201,84865,1363.21,64362,-1.24
2021-06-16 10:45:19,1357.5,10,57222,84865,1363.21,64362,-1.24
2021-06-16 10:45:25,1357.5,10,57221,84869,1363.21,64362,-1.24
2021-06-16 10:45:43,1357.5,10,57221,84914,1363.21,64362,-1.24
2021-06-16 10:45:52,1357.5,5,57221,84914,1363.21,64362,-1.24
2021-06-16 10:45:53,1357.5,5,57235,84914,1363.21,64372,-1.24
2021-06-16 10:45:55,1357.0,11,57231,84895,1363.21,64383,-1.28
2021-06-16 10:45:58,1357.0,11,57235,84895,1363.21,64383,-1.28
2021-06-16 10:46:04,1357.5,2,57264,84916,1363.21,64390,-1.24
2021-06-16 10:46:06,1357.5,2,57263,84916,1363.21,64390,-1.24
2021-06-16 10:46:07,1356.65,5,57263,84916,1363.21,64390,-1.3
2021-06-16 10:46:09,1356.65,5,57191,84909,1363.2,64458,-1.3
2021-06-16 10:46:13,1356.65,5,57172,84909,1363.2,64458,-1.3
2021-06-16 10:46:19,1356.65,5,57203,84938,1363.2,64458,-1.3
2021-06-16 10:46:25,1356.65,5,57182,84911,1363.2,64458,-1.3
2021-06-16 10:46:28,1356.65,5,57202,84909,1363.2,64458,-1.3
2021-06-16 10:46:31,1356.65,5,57202,84901,1363.2,64458,-1.3
2021-06-16 10:46:38,1356.65,5,57201,84901,1363.2,64458,-1.3
2021-06-16 10:46:48,1356.65,5,57212,84901,1363.2,64458,-1.3
2021-06-16 10:46:55,1356.65,5,57213,84901,1363.2,64458,-1.3
2021-06-16 10:47:10,1356.65,5,57213,84904,1363.2,64458,-1.3
2021-06-16 10:47:12,1356.6,3,57213,84904,1363.2,64458,-1.31
2021-06-16 10:47:13,1356.6,3,57163,84956,1363.2,64506,-1.31
2021-06-16 10:47:16,1356.6,3,57184,84958,1363.2,64506,-1.31
2021-06-16 10:47:21,1356.6,3,57172,84958,1363.2,64506,-1.31
2021-06-16 10:47:40,1356.6,3,57185,84966,1363.2,64506,-1.31
2021-06-16 10:47:42,1357.6,10,57185,84966,1363.2,64506,-1.23
2021-06-16 10:47:43,1357.6,10,57264,84867,1363.19,64604,-1.23
2021-06-16 10:47:51,1356.55,3,57261,84941,1363.19,64607,-1.31
2021-06-16 10:47:52,1356.55,1,57261,84941,1363.19,64607,-1.31
2021-06-16 10:47:54,1356.55,1,57250,84942,1363.19,64608,-1.31
2021-06-16 10:48:04,1356.55,1,57251,84918,1363.19,64608,-1.31
2021-06-16 10:48:15,1356.55,1,57259,84912,1363.19,64608,-1.31
2021-06-16 10:48:18,1356.55,1,57290,84911,1363.19,64608,-1.31
2021-06-16 10:48:21,1356.55,1,57291,84911,1363.19,64608,-1.31
2021-06-16 10:48:27,1356.55,1,57284,84890,1363.19,64608,-1.31
2021-06-16 10:48:30,1356.55,1,57315,84904,1363.19,64608,-1.31
2021-06-16 10:48:38,1356.55,1,57314,84904,1363.19,64608,-1.31
2021-06-16 10:48:55,1356.55,1,57313,84923,1363.19,64608,-1.31
2021-06-16 10:49:02,1356.55,1,57319,84923,1363.19,64608,-1.31
2021-06-16 10:49:25,1356.3,10,57319,84923,1363.19,64608,-1.33
2021-06-16 10:49:25,1356.3,10,57266,84922,1363.19,64638,-1.33
2021-06-16 10:49:30,1356.3,10,57264,84932,1363.19,64638,-1.33
2021-06-16 10:49:36,1356.3,10,57219,84995,1363.19,64638,-1.33
2021-06-16 10:49:42,1356.3,10,57267,84957,1363.19,64638,-1.33
2021-06-16 10:49:45,1356.3,10,57267,84955,1363.19,64638,-1.33
2021-06-16 10:49:52,1356.3,10,57267,84965,1363.19,64638,-1.33
2021-06-16 10:50:00,1356.3,10,57252,84966,1363.19,64638,-1.33
2021-06-16 10:50:03,1357.2,2,57252,84966,1363.19,64638,-1.26
2021-06-16 10:50:04,1357.2,2,57254,84965,1363.19,64640,-1.26
2021-06-16 10:50:19,1356.0,5,57254,84965,1363.19,64640,-1.35
2021-06-16 10:50:20,1356.0,5,57249,84965,1363.19,64645,-1.35
2021-06-16 10:50:30,1356.0,5,57256,84964,1363.19,64645,-1.35
2021-06-16 10:50:38,1356.05,10,57246,85005,1363.18,64655,-1.35
2021-06-16 10:50:40,1357.2,3,57246,85005,1363.18,64655,-1.26
2021-06-16 10:50:41,1357.2,3,57249,85005,1363.18,64658,-1.26
2021-06-16 10:50:44,1357.2,3,57249,85055,1363.18,64658,-1.26
2021-06-16 10:50:58,1357.2,3,57258,85055,1363.18,64658,-1.26
2021-06-16 10:51:01,1357.2,3,57248,85071,1363.18,64658,-1.26
2021-06-16 10:51:02,1356.05,9,57248,85071,1363.18,64658,-1.35
2021-06-16 10:51:04,1356.05,9,57244,85070,1363.18,64667,-1.35
2021-06-16 10:51:07,1356.05,9,57229,85091,1363.18,64667,-1.35
2021-06-16 10:51:12,1356.05,9,57229,85081,1363.18,64667,-1.35
2021-06-16 10:51:13,1357.2,15,57229,85081,1363.18,64667,-1.26
2021-06-16 10:51:15,1357.2,15,57301,85035,1363.18,64682,-1.26
2021-06-16 10:51:18,1357.2,15,57303,85040,1363.18,64682,-1.26
2021-06-16 10:51:21,1357.2,15,57290,85041,1363.18,64682,-1.26
2021-06-16 10:51:24,1357.2,15,57245,85065,1363.18,64682,-1.26
2021-06-16 10:51:27,1357.2,15,57242,85064,1363.18,64682,-1.26
2021-06-16 10:51:30,1357.2,15,57242,85061,1363.18,64682,-1.26
2021-06-16 10:51:31,1356.05,20,57242,85061,1363.18,64682,-1.35
2021-06-16 10:51:33,1356.05,20,57247,85066,1363.18,64702,-1.35
2021-06-16 10:51:37,1356.05,20,57227,85079,1363.18,64702,-1.35
2021-06-16 10:51:41,1356.0,12,57227,85079,1363.18,64702,-1.35
2021-06-16 10:51:42,1356.0,12,57231,85063,1363.18,64717,-1.35
2021-06-16 10:51:45,1356.9,20,57231,85063,1363.18,64717,-1.28
2021-06-16 10:51:47,1356.9,20,57232,85028,1363.18,64737,-1.28
2021-06-16 10:51:51,1356.9,20,57243,85029,1363.18,64737,-1.28
2021-06-16 10:52:01,1356.9,20,57230,85039,1363.18,64737,-1.28
2021-06-16 10:52:04,1356.9,20,57331,85041,1363.18,64737,-1.28
2021-06-16 10:52:10,1356.9,20,57331,86041,1363.18,64737,-1.28
2021-06-16 10:52:16,1356.9,20,57331,86044,1363.18,64737,-1.28
2021-06-16 10:52:24,1356.9,20,57331,86244,1363.18,64737,-1.28
2021-06-16 10:52:27,1356.0,5,57331,86244,1363.18,64737,-1.35
2021-06-16 10:52:29,1356.0,5,57307,86244,1363.17,64762,-1.35
2021-06-16 10:52:41,1356.9,22,57307,86244,1363.17,64762,-1.28
2021-06-16 10:52:42,1354.85,1,57307,86244,1363.17,64762,-1.43
2021-06-16 10:52:43,1354.85,1,56900,86355,1363.13,65163,-1.43
2021-06-16 10:52:46,1354.85,1,56902,86414,1363.13,65163,-1.43
2021-06-16 10:52:46,1354.75,20,56902,86414,1363.13,65163,-1.44
2021-06-16 10:52:49,1354.75,20,56922,86415,1363.12,65183,-1.44
2021-06-16 10:52:54,1354.75,20,56933,86411,1363.12,65183,-1.44
2021-06-16 10:52:57,1355.0,20,56933,86411,1363.12,65183,-1.42
2021-06-16 10:52:57,1355.0,20,56980,86407,1363.12,65203,-1.42
2021-06-16 10:52:58,1353.85,1,56980,86407,1363.12,65203,-1.51
2021-06-16 10:53:00,1353.85,1,56975,86675,1363.1,65336,-1.51
2021-06-16 10:53:03,1353.85,1,56925,86674,1363.1,65336,-1.51
2021-06-16 10:53:06,1353.85,1,56945,86672,1363.1,65336,-1.51
2021-06-16 10:53:07,1353.0,14,56945,86672,1363.1,65336,-1.57
2021-06-16 10:53:08,1354.85,5,56945,86672,1363.1,65336,-1.43
2021-06-16 10:53:09,1354.85,5,56853,86642,1363.09,65445,-1.43
2021-06-16 10:53:13,1354.85,5,56855,86642,1363.09,65445,-1.43
2021-06-16 10:53:15,1354.85,5,56825,86733,1363.09,65445,-1.43
2021-06-16 10:53:18,1352.05,3,56825,86733,1363.09,65445,-1.64
2021-06-16 10:53:19,1352.05,3,56795,86692,1363.08,65505,-1.64
2021-06-16 10:53:21,1352.05,3,56799,86692,1363.08,65505,-1.64
2021-06-16 10:53:24,1353.55,4,56799,86692,1363.08,65505,-1.53
2021-06-16 10:53:25,1353.55,4,56804,86692,1363.08,65509,-1.53
2021-06-16 10:53:27,1352.0,5,56804,86692,1363.08,65509,-1.64
2021-06-16 10:53:28,1353.3,1,56798,86637,1363.05,65661,-1.55
2021-06-16 10:53:31,1353.3,1,56808,86639,1363.05,65661,-1.55
2021-06-16 10:53:33,1353.3,1,56820,86627,1363.05,65661,-1.55
2021-06-16 10:53:37,1353.3,1,56856,86660,1363.05,65661,-1.55
2021-06-16 10:53:39,1353.3,1,56866,86717,1363.05,65661,-1.55
2021-06-16 10:53:45,1353.3,1,56871,86707,1363.05,65661,-1.55
2021-06-16 10:53:47,1353.0,5,56871,86707,1363.05,65661,-1.57
2021-06-16 10:53:48,1353.0,5,56800,86755,1363.05,65698,-1.57
2021-06-16 10:53:50,1353.0,5,56820,86807,1363.05,65698,-1.57
2021-06-16 10:53:56,1353.0,5,56820,86835,1363.05,65698,-1.57
2021-06-16 10:54:01,1353.0,5,56836,86835,1363.05,65698,-1.57
2021-06-16 10:54:03,1353.0,5,56856,86835,1363.05,65698,-1.57
2021-06-16 10:54:10,1352.05,1,56856,86835,1363.05,65698,-1.64
2021-06-16 10:54:11,1352.05,1,56855,86835,1363.05,65699,-1.64
2021-06-16 10:54:16,1353.0,1,56855,86835,1363.05,65699,-1.57
2021-06-16 10:54:17,1353.0,1,56855,86834,1363.05,65700,-1.57
2021-06-16 10:54:19,1353.15,50,56815,86844,1363.03,65812,-1.56
2021-06-16 10:54:23,1353.15,50,56863,86812,1363.03,65812,-1.56
2021-06-16 10:54:23,1352.15,1,56863,86812,1363.03,65812,-1.63
2021-06-16 10:54:25,1352.15,1,56879,86697,1363.03,65813,-1.63
2021-06-16 10:54:27,1352.15,1,56878,86757,1363.03,65813,-1.63
2021-06-16 10:54:30,1352.15,1,56882,86764,1363.03,65813,-1.63
2021-06-16 10:54:33,1352.15,1,56882,86784,1363.03,65813,-1.63
2021-06-16 10:54:36,1352.15,1,56882,86849,1363.03,65813,-1.63
2021-06-16 10:54:39,1352.15,1,56883,86851,1363.03,65813,-1.63
2021-06-16 10:54:44,1352.15,1,56919,86841,1363.03,65813,-1.63
2021-06-16 10:54:52,1353.15,1,56829,86901,1363.03,65814,-1.56
2021-06-16 10:54:56,1353.15,1,56779,86895,1363.03,65814,-1.56
2021-06-16 10:54:57,1352.0,95,56779,86895,1363.03,65814,-1.64
2021-06-16 10:54:59,1352.0,95,56682,86896,1363.01,65914,-1.64
2021-06-16 10:55:06,1352.0,40,56665,86893,1363.01,65954,-1.64
2021-06-16 10:55:07,1352.0,2,56665,86893,1363.01,65954,-1.64
2021-06-16 10:55:08,1352.0,2,56636,86895,1363.0,65956,-1.64
2021-06-16 10:55:12,1352.0,2,56647,86855,1363.0,65956,-1.64
2021-06-16 10:55:15,1352.0,2,56625,86889,1363.0,65956,-1.64
2021-06-16 10:55:24,1352.0,100,56625,86889,1363.0,65956,-1.64
2021-06-16 10:55:25,1352.0,100,56596,86911,1362.99,66056,-1.64
2021-06-16 10:55:28,1352.0,5,56596,86911,1362.99,66056,-1.64
2021-06-16 10:55:28,1352.0,5,56563,86940,1362.99,66061,-1.64
2021-06-16 10:55:30,1352.0,100,56563,86940,1362.99,66061,-1.64
2021-06-16 10:55:31,1352.0,100,56458,86940,1362.97,66161,-1.64
2021-06-16 10:55:37,1353.05,5,56471,86934,1362.97,66166,-1.56
2021-06-16 10:55:41,1352.0,148,56471,86934,1362.97,66166,-1.64
2021-06-16 10:55:43,1352.3,30,56471,86934,1362.97,66166,-1.62
2021-06-16 10:55:45,1352.3,30,50007,86911,1362.01,72490,-1.62
2021-06-16 10:55:48,1352.3,30,50187,86866,1362.01,72490,-1.62
2021-06-16 10:55:49,1352.0,30,50187,86866,1362.01,72490,-1.64
2021-06-16 10:55:51,1352.0,30,50130,86836,1362.01,72520,-1.64
2021-06-16 10:55:54,1352.0,30,50132,86867,1362.01,72520,-1.64
2021-06-16 10:55:57,1352.0,30,50153,86869,1362.01,72520,-1.64
2021-06-16 10:56:00,1352.0,30,50152,86869,1362.01,72520,-1.64
2021-06-16 10:56:04,1352.65,32,50152,86869,1362.01,72520,-1.59
2021-06-16 10:56:06,1352.65,32,49925,86842,1361.96,72865,-1.59
2021-06-16 10:56:10,1352.65,32,49931,86838,1361.96,72865,-1.59
2021-06-16 10:56:19,1352.65,32,50144,86856,1361.96,72865,-1.59
2021-06-16 10:56:20,1353.45,1,50144,86856,1361.96,72865,-1.54
2021-06-16 10:56:22,1353.45,1,50157,86856,1361.96,72866,-1.54
2021-06-16 10:56:37,1353.45,1,50159,86875,1361.96,72866,-1.54
2021-06-16 10:56:43,1353.45,1,50159,86876,1361.96,72866,-1.54
2021-06-16 10:56:46,1353.45,1,50157,86875,1361.96,72866,-1.54
2021-06-16 10:56:50,1353.45,1,50157,86881,1361.96,72866,-1.54
2021-06-16 10:56:53,1353.45,1,50157,86891,1361.96,72866,-1.54
2021-06-16 10:56:54,1353.45,2,50157,86891,1361.96,72866,-1.54
2021-06-16 10:56:56,1353.45,2,50057,86903,1361.96,72868,-1.54
2021-06-16 10:56:58,1353.5,2,50084,86716,1361.96,72883,-1.53
2021-06-16 10:57:02,1353.5,2,50084,86734,1361.96,72883,-1.53
2021-06-16 10:57:05,1353.5,2,50068,86791,1361.96,72883,-1.53
2021-06-16 10:57:12,1353.5,2,50090,86835,1361.96,72883,-1.53
2021-06-16 10:57:15,1353.5,2,50090,86825,1361.96,72883,-1.53
2021-06-16 10:57:18,1353.5,2,50099,86833,1361.96,72883,-1.53
2021-06-16 10:57:21,1353.95,2,50099,86833,1361.96,72883,-1.5
2021-06-16 10:57:23,1353.95,2,50099,86831,1361.96,72885,-1.5
2021-06-16 10:57:27,1353.95,2,50096,86837,1361.96,72885,-1.5
2021-06-16 10:57:33,1353.95,2,50109,86845,1361.96,72885,-1.5
2021-06-16 10:57:37,1353.95,2,50209,86860,1361.96,72885,-1.5
2021-06-16 10:57:37,1353.0,7,50209,86860,1361.96,72885,-1.57
2021-06-16 10:57:39,1353.0,7,50212,86884,1361.96,72895,-1.57
2021-06-16 10:57:46,1353.0,7,50176,86906,1361.96,72895,-1.57
2021-06-16 10:57:46,1353.55,1,50176,86906,1361.96,72895,-1.53
2021-06-16 10:57:49,1353.55,1,50038,86913,1361.93,73076,-1.53
2021-06-16 10:57:52,1352.0,22,50016,86928,1361.93,73106,-1.64
2021-06-16 10:57:56,1352.0,22,50033,86911,1361.93,73106,-1.64
2021-06-16 10:57:57,1353.45,11,50033,86911,1361.93,73106,-1.54
2021-06-16 10:57:59,1353.45,11,50022,86833,1361.92,73151,-1.54
2021-06-16 10:58:02,1353.45,11,50010,86845,1361.92,73151,-1.54
2021-06-16 10:58:03,1352.0,37,50010,86845,1361.92,73151,-1.64
2021-06-16 10:58:04,1352.0,40,50010,86845,1361.92,73151,-1.64
2021-06-16 10:58:05,1352.0,40,50043,86856,1361.91,73236,-1.64
2021-06-16 10:58:06,1353.0,10,50043,86856,1361.91,73236,-1.57
2021-06-16 10:58:07,1353.65,8,50043,86856,1361.91,73236,-1.52
2021-06-16 10:58:09,1353.65,8,50141,86763,1361.91,73300,-1.52
2021-06-16 10:58:12,1353.65,8,50156,86749,1361.91,73300,-1.52
2021-06-16 10:58:19,1353.65,8,50218,86751,1361.91,73300,-1.52
2021-06-16 10:58:22,1353.65,8,50204,86787,1361.91,73300,-1.52
2021-06-16 10:58:29,1353.65,5,50204,86787,1361.91,73300,-1.52
2021-06-16 10:58:31,1353.65,5,50204,86825,1361.91,73305,-1.52
2021-06-16 10:58:37,1353.65,5,50170,86855,1361.91,73305,-1.52
2021-06-16 10:58:40,1353.65,5,50139,86855,1361.91,73305,-1.52
2021-06-16 10:58:43,1353.65,5,50139,87099,1361.91,73305,-1.52
2021-06-16 10:58:49,1353.65,5,50149,87095,1361.91,73305,-1.52
2021-06-16 10:58:55,1353.65,5,50150,87097,1361.91,73305,-1.52
2021-06-16 10:58:58,1353.65,5,50155,87097,1361.91,73305,-1.52
2021-06-16 10:59:03,1353.95,11,50155,87097,1361.91,73305,-1.5
2021-06-16 10:59:09,1353.95,11,50201,87128,1361.9,73316,-1.5
2021-06-16 10:59:12,1353.95,11,50211,87132,1361.9,73316,-1.5
2021-06-16 10:59:14,1353.95,11,50192,87132,1361.9,73316,-1.5
2021-06-16 10:59:16,1353.0,2,50192,87132,1361.9,73316,-1.57
2021-06-16 10:59:17,1353.0,2,50233,87204,1361.9,73326,-1.57
2021-06-16 10:59:20,1353.0,2,50241,87143,1361.9,73326,-1.57
2021-06-16 10:59:23,1353.0,2,50289,87104,1361.9,73326,-1.57
2021-06-16 10:59:25,1353.0,2,50289,87106,1361.9,73326,-1.57
2021-06-16 10:59:31,1353.0,2,50289,87105,1361.9,73326,-1.57
2021-06-16 10:59:34,1353.0,2,50302,87104,1361.9,73326,-1.57
2021-06-16 10:59:43,1353.0,2,50277,87104,1361.9,73326,-1.57
2021-06-16 10:59:52,1353.0,2,50277,87110,1361.9,73326,-1.57
2021-06-16 10:59:55,1353.0,2,50265,87113,1361.9,73326,-1.57
2021-06-16 11:00:01,1353.0,2,50279,87109,1361.9,73326,-1.57
2021-06-16 11:00:02,1354.6,4,50279,87109,1361.9,73326,-1.45
2021-06-16 11:00:05,1354.6,4,50287,87083,1361.9,73376,-1.45
2021-06-16 11:00:09,1354.6,4,50286,87095,1361.9,73376,-1.45
2021-06-16 11:00:12,1354.6,4,50387,87038,1361.9,73376,-1.45
2021-06-16 11:00:16,1354.6,4,50386,87059,1361.9,73376,-1.45
2021-06-16 11:00:19,1354.6,4,50391,87059,1361.9,73376,-1.45
2021-06-16 11:00:22,1354.6,4,50391,87058,1361.9,73376,-1.45
2021-06-16 11:00:25,1354.6,4,50392,87056,1361.9,73376,-1.45
2021-06-16 11:00:30,1354.6,3,50392,87056,1361.9,73376,-1.45
2021-06-16 11:00:31,1354.6,3,50393,87053,1361.9,73379,-1.45
2021-06-16 11:00:32,1353.5,8,50393,87053,1361.9,73379,-1.53
2021-06-16 11:00:35,1353.5,8,50371,87058,1361.89,73406,-1.53
2021-06-16 11:00:39,1353.5,8,50410,87057,1361.89,73406,-1.53
2021-06-16 11:00:42,1353.5,8,50410,87056,1361.89,73406,-1.53
2021-06-16 11:00:45,1353.5,8,50400,87048,1361.89,73406,-1.53
2021-06-16 11:00:48,1353.5,8,50402,87048,1361.89,73406,-1.53
2021-06-16 11:00:54,1353.5,8,50432,87039,1361.89,73406,-1.53
2021-06-16 11:00:55,1353.3,1,50432,87039,1361.89,73406,-1.55
2021-06-16 11:01:07,1353.3,1,50434,87057,1361.89,73416,-1.55
2021-06-16 11:01:16,1353.3,1,50444,87057,1361.89,73416,-1.55
2021-06-16 11:01:17,1354.55,5,50444,87057,1361.89,73416,-1.46
2021-06-16 11:01:18,1354.65,6,50444,87057,1361.89,73416,-1.45
2021-06-16 11:01:19,1354.65,6,50346,87065,1361.89,73431,-1.45
2021-06-16 11:01:22,1354.8,2,50346,87065,1361.89,73431,-1.44
2021-06-16 11:01:23,1356.0,4,50346,87065,1361.89,73431,-1.35
2021-06-16 11:01:25,1356.0,4,50247,86592,1361.86,73778,-1.35
2021-06-16 11:01:28,1356.0,4,50244,86586,1361.86,73778,-1.35
2021-06-16 11:01:30,1357.2,73,50244,86586,1361.86,73778,-1.26
2021-06-16 11:01:31,1357.2,73,50262,86453,1361.85,73919,-1.26
2021-06-16 11:01:34,1357.2,73,50269,86453,1361.85,73919,-1.26
2021-06-16 11:01:36,1358.0,1,50269,86453,1361.85,73919,-1.2
2021-06-16 11:01:40,1358.0,31,50305,86476,1361.85,73957,-1.2
2021-06-16 11:01:43,1358.0,31,50260,86476,1361.85,73957,-1.2
2021-06-16 11:01:46,1358.0,31,50258,86476,1361.85,73957,-1.2
2021-06-16 11:01:49,1358.0,10,50258,86476,1361.85,73957,-1.2
2021-06-16 11:01:51,1358.0,10,50194,86316,1361.84,74107,-1.2
2021-06-16 11:01:58,1358.0,10,50190,86360,1361.84,74107,-1.2
2021-06-16 11:02:01,1358.0,10,50221,86360,1361.84,74107,-1.2
2021-06-16 11:02:09,1358.7,10,50221,86360,1361.84,74107,-1.15
2021-06-16 11:02:10,1358.1,5,50221,86360,1361.84,74107,-1.2
2021-06-16 11:02:12,1358.1,5,50216,86361,1361.84,74122,-1.2
2021-06-16 11:02:15,1358.1,5,50220,86397,1361.84,74122,-1.2
2021-06-16 11:02:18,1358.1,5,50220,86468,1361.84,74122,-1.2
2021-06-16 11:02:19,1357.85,17,50220,86468,1361.84,74122,-1.21
2021-06-16 11:02:21,1357.85,17,50233,86410,1361.84,74142,-1.21
2021-06-16 11:02:24,1357.85,17,50246,86396,1361.84,74142,-1.21
2021-06-16 11:02:27,1357.85,17,50246,86429,1361.84,74142,-1.21
2021-06-16 11:02:32,1357.8,2,50246,86429,1361.84,74142,-1.22
2021-06-16 11:02:33,1357.8,2,50240,86470,1361.84,74144,-1.22
2021-06-16 11:02:37,1357.8,2,50242,86435,1361.84,74144,-1.22
2021-06-16 11:02:39,1357.8,2,50235,86437,1361.84,74144,-1.22
2021-06-16 11:02:43,1357.8,2,50233,86424,1361.84,74144,-1.22
2021-06-16 11:02:46,1357.8,2,50230,86471,1361.84,74144,-1.22
2021-06-16 11:02:49,1357.8,2,50230,86475,1361.84,74144,-1.22
2021-06-16 11:02:52,1357.1,8,50230,86475,1361.84,74144,-1.27
2021-06-16 11:02:53,1357.1,8,50215,86449,1361.83,74273,-1.27
2021-06-16 11:02:56,1357.1,8,50215,86450,1361.83,74273,-1.27
2021-06-16 11:02:59,1357.1,8,50215,86437,1361.83,74273,-1.27
2021-06-16 11:03:04,1357.1,8,50214,86437,1361.83,74273,-1.27
2021-06-16 11:03:07,1357.1,8,50225,86438,1361.83,74273,-1.27
2021-06-16 11:03:10,1357.1,8,50194,86449,1361.83,74273,-1.27
2021-06-16 11:03:15,1357.1,8,50204,86435,1361.83,74273,-1.27
2021-06-16 11:03:21,1357.1,8,50204,86424,1361.83,74273,-1.27
2021-06-16 11:03:24,1357.1,8,50204,86415,1361.83,74273,-1.27
2021-06-16 11:03:27,1357.1,8,50204,86426,1361.83,74273,-1.27
2021-06-16 11:03:30,1357.1,8,50204,86298,1361.83,74273,-1.27
2021-06-16 11:03:35,1357.1,8,50204,86798,1361.83,74273,-1.27
2021-06-16 11:03:38,1357.1,8,50404,86798,1361.83,74273,-1.27
2021-06-16 11:03:41,1357.1,8,50865,86700,1361.83,74273,-1.27
2021-06-16 11:03:43,1357.1,8,50838,86680,1361.83,74273,-1.27
2021-06-16 11:03:46,1357.1,8,50841,86757,1361.83,74273,-1.27
2021-06-16 11:03:48,1357.1,8,50846,86748,1361.83,74273,-1.27
2021-06-16 11:03:51,1357.1,8,50844,86715,1361.83,74273,-1.27
2021-06-16 11:03:54,1357.1,8,50844,86945,1361.83,74273,-1.27
2021-06-16 11:03:55,1357.9,2,50844,86945,1361.83,74273,-1.21
2021-06-16 11:03:56,1357.9,2,50916,86980,1361.83,74275,-1.21
2021-06-16 11:03:58,1357.15,2,50918,86980,1361.83,74275,-1.27
2021-06-16 11:04:00,1355.9,5,50918,86980,1361.83,74275,-1.36
2021-06-16 11:04:01,1355.9,5,50375,87211,1361.8,75011,-1.36
2021-06-16 11:04:04,1355.9,5,50336,87226,1361.8,75011,-1.36
2021-06-16 11:04:11,1355.9,5,50333,87259,1361.8,75011,-1.36
2021-06-16 11:04:16,1355.9,5,50312,87240,1361.8,75011,-1.36
2021-06-16 11:04:19,1355.9,5,50312,87203,1361.8,75011,-1.36
2021-06-16 11:04:22,1354.3,3,50374,87228,1361.8,75011,-1.47
2021-06-16 11:04:24,1354.3,3,50352,87214,1361.8,75021,-1.47
2021-06-16 11:04:27,1354.3,3,50338,87214,1361.8,75021,-1.47
2021-06-16 11:04:31,1355.75,8,50338,87214,1361.8,75021,-1.37
2021-06-16 11:04:32,1355.75,8,50350,87296,1361.8,75048,-1.37
2021-06-16 11:04:36,1355.75,8,50304,87342,1361.8,75048,-1.37
2021-06-16 11:04:43,1354.3,2,50314,87351,1361.8,75050,-1.47
2021-06-16 11:04:47,1354.3,2,50326,87358,1361.8,75050,-1.47
2021-06-16 11:04:48,1355.75,8,50326,87358,1361.8,75050,-1.37
2021-06-16 11:04:49,1355.75,8,50321,87305,1361.79,75118,-1.37
2021-06-16 11:04:52,1355.75,8,50323,87305,1361.79,75118,-1.37
2021-06-16 11:04:54,1354.1,5,50323,87305,1361.79,75118,-1.49
2021-06-16 11:04:54,1354.1,5,50328,87278,1361.79,75148,-1.49
2021-06-16 11:04:55,1355.45,31,50328,87278,1361.79,75148,-1.39
2021-06-16 11:04:57,1355.45,2,50275,87242,1361.77,75322,-1.39
2021-06-16 11:05:01,1354.0,16,50275,87242,1361.77,75322,-1.5
2021-06-16 11:05:02,1354.0,16,50221,87382,1361.77,75352,-1.5
2021-06-16 11:05:04,1354.0,16,50247,87375,1361.77,75352,-1.5
2021-06-16 11:05:06,1355.7,8,50247,87375,1361.77,75352,-1.37
2021-06-16 11:05:07,1355.7,8,50288,87206,1361.76,75494,-1.37
2021-06-16 11:05:10,1355.7,8,50276,87204,1361.76,75494,-1.37
2021-06-16 11:05:13,1355.7,8,50310,87234,1361.76,75494,-1.37
2021-06-16 11:05:19,1355.7,8,50314,87254,1361.76,75494,-1.37
2021-06-16 11:05:22,1355.7,8,50332,87272,1361.76,75494,-1.37
2021-06-16 11:05:25,1355.7,8,50337,87276,1361.76,75494,-1.37
2021-06-16 11:05:27,1355.7,8,50336,87304,1361.76,75494,-1.37
2021-06-16 11:05:43,1354.45,1,50337,87277,1361.76,75494,-1.46
2021-06-16 11:05:46,1354.45,1,50344,87317,1361.76,75495,-1.46
2021-06-16 11:05:50,1355.7,7,50344,87317,1361.76,75495,-1.37
2021-06-16 11:05:52,1355.7,7,50344,87304,1361.75,75508,-1.37
2021-06-16 11:06:01,1355.7,7,50344,87272,1361.75,75508,-1.37
2021-06-16 11:06:04,1355.7,7,50344,87294,1361.75,75508,-1.37
2021-06-16 11:06:04,1355.9,2,50344,87294,1361.75,75508,-1.36
2021-06-16 11:06:06,1355.9,2,50344,87271,1361.75,75510,-1.36
2021-06-16 11:06:09,1355.9,2,50394,87293,1361.75,75510,-1.36
2021-06-16 11:06:11,1355.9,2,50414,87272,1361.75,75510,-1.36
2021-06-16 11:06:17,1355.9,3,50414,87272,1361.75,75510,-1.36
2021-06-16 11:06:22,1355.9,10,50414,87272,1361.75,75510,-1.36
2021-06-16 11:06:23,1355.9,5,50414,87272,1361.75,75510,-1.36
2021-06-16 11:06:27,1355.9,5,50410,87271,1361.75,75528,-1.36
2021-06-16 11:06:28,1355.9,37,50410,87271,1361.75,75528,-1.36
2021-06-16 11:06:30,1355.9,12,50411,87167,1361.75,75577,-1.36
2021-06-16 11:06:36,1355.9,12,50410,87147,1361.75,75577,-1.36
2021-06-16 11:06:39,1355.9,12,50419,87168,1361.75,75577,-1.36
2021-06-16 11:06:42,1355.9,12,50420,87168,1361.75,75577,-1.36
2021-06-16 11:06:43,1356.9,8,50420,87168,1361.75,75577,-1.28
2021-06-16 11:06:45,1356.9,8,50411,87102,1361.74,75637,-1.28
2021-06-16 11:06:48,1356.9,8,50418,87104,1361.74,75637,-1.28
2021-06-16 11:06:51,1356.9,8,50416,87102,1361.74,75637,-1.28
2021-06-16 11:06:54,1357.65,31,50416,87113,1361.74,75637,-1.23
2021-06-16 11:06:57,1357.65,31,50507,86984,1361.74,75695,-1.23
2021-06-16 11:06:59,1357.65,31,50501,86984,1361.74,75695,-1.23
2021-06-16 11:07:04,1357.65,31,50510,87023,1361.74,75695,-1.23
2021-06-16 11:07:10,1357.65,31,50462,87021,1361.74,75695,-1.23
2021-06-16 11:07:12,1358.8,1,50462,87022,1361.74,75705,-1.15
2021-06-16 11:07:16,1358.8,1,50466,87012,1361.74,75705,-1.15
2021-06-16 11:07:19,1358.8,1,50492,87025,1361.74,75705,-1.15
2021-06-16 11:07:21,1358.8,1,50529,87036,1361.74,75705,-1.15
2021-06-16 11:07:25,1358.8,1,50522,87051,1361.74,75705,-1.15
2021-06-16 11:07:28,1358.8,1,50551,87031,1361.74,75705,-1.15
2021-06-16 11:07:30,1358.8,1,50560,87027,1361.74,75705,-1.15
2021-06-16 11:07:36,1358.8,1,50555,87028,1361.74,75705,-1.15
2021-06-16 11:07:39,1358.75,15,50555,87079,1361.74,75705,-1.15
2021-06-16 11:07:42,1358.75,15,50557,87050,1361.74,75720,-1.15
2021-06-16 11:07:46,1358.75,15,50753,87064,1361.74,75720,-1.15
2021-06-16 11:07:49,1358.75,15,50756,87053,1361.74,75720,-1.15
2021-06-16 11:07:51,1358.45,5,50756,87053,1361.74,75720,-1.17
2021-06-16 11:07:52,1358.45,5,50756,87048,1361.74,75725,-1.17
2021-06-16 11:07:55,1358.45,5,50749,87063,1361.74,75725,-1.17
2021-06-16 11:07:57,1358.0,2,50749,87069,1361.74,75727,-1.2
2021-06-16 11:08:01,1358.0,2,50761,87076,1361.74,75727,-1.2
2021-06-16 11:08:01,1358.0,1,50761,87076,1361.74,75727,-1.2
2021-06-16 11:08:04,1358.0,1,50761,87079,1361.74,75728,-1.2
2021-06-16 11:08:07,1358.0,1,50761,87080,1361.74,75728,-1.2
2021-06-16 11:08:12,1358.0,1,50761,87079,1361.74,75729,-1.2
2021-06-16 11:08:15,1358.0,1,50756,87227,1361.74,75729,-1.2
2021-06-16 11:08:17,1358.0,1,50746,87227,1361.74,75729,-1.2
2021-06-16 11:08:27,1356.8,2,50746,87227,1361.74,75729,-1.29
2021-06-16 11:08:27,1357.9,1,50717,87211,1361.74,75741,-1.21
2021-06-16 11:08:34,1357.95,14,50717,87211,1361.74,75741,-1.21
2021-06-16 11:08:36,1358.0,1,50743,87217,1361.74,75761,-1.2
2021-06-16 11:08:39,1358.0,1,50729,87216,1361.74,75762,-1.2
2021-06-16 11:08:43,1356.7,15,50729,87216,1361.74,75762,-1.3
2021-06-16 11:08:45,1356.7,15,50670,87219,1361.74,75792,-1.3
2021-06-16 11:08:46,1356.7,15,50678,87217,1361.74,75792,-1.3
2021-06-16 11:08:51,1356.7,15,50667,87217,1361.74,75792,-1.3
2021-06-16 11:08:58,1356.7,15,50668,87227,1361.74,75792,-1.3
2021-06-16 11:09:01,1356.7,15,50658,87227,1361.74,75792,-1.3
2021-06-16 11:09:18,1356.7,15,50660,87185,1361.74,75792,-1.3
2021-06-16 11:09:21,1356.7,15,50709,87185,1361.74,75792,-1.3
2021-06-16 11:09:23,1356.7,15,50719,87185,1361.74,75792,-1.3
2021-06-16 11:09:30,1356.7,15,50719,87204,1361.74,75792,-1.3
2021-06-16 11:09:52,1356.7,15,50719,87233,1361.74,75792,-1.3
2021-06-16 11:10:06,1356.7,15,50709,87235,1361.74,75792,-1.3
2021-06-16 11:10:15,1356.7,12,50719,87234,1361.73,75822,-1.3
2021-06-16 11:10:19,1356.7,12,50764,87234,1361.73,75822,-1.3
2021-06-16 11:10:22,1356.7,12,50761,87230,1361.73,75822,-1.3
2021-06-16 11:11:12,1356.7,12,50762,87230,1361.73,75822,-1.3
2021-06-16 11:11:22,1356.7,12,50756,87240,1361.73,75822,-1.3
2021-06-16 11:11:35,1356.7,12,50806,87240,1361.73,75822,-1.3
2021-06-16 11:11:42,1356.7,12,50821,87240,1361.73,75822,-1.3
2021-06-16 11:11:48,1356.7,12,50821,87269,1361.73,75822,-1.3
2021-06-16 11:11:51,1356.7,12,50820,87277,1361.73,75822,-1.3
2021-06-16 11:11:52,1357.95,2,50820,87277,1361.73,75822,-1.21
2021-06-16 11:11:54,1357.95,2,50822,87278,1361.73,75824,-1.21
2021-06-16 11:12:02,1356.25,5,50822,87278,1361.73,75824,-1.33
2021-06-16 11:12:03,1356.25,5,50766,87226,1361.73,75874,-1.33
2021-06-16 11:12:05,1356.25,5,50766,87245,1361.73,75874,-1.33
2021-06-16 11:12:07,1356.25,5,50766,87244,1361.73,75874,-1.33
2021-06-16 11:12:12,1358.9,2,50766,87244,1361.73,75874,-1.14
2021-06-16 11:12:13,1358.9,2,50804,87160,1361.72,76124,-1.14
2021-06-16 11:12:15,1358.9,2,50791,87179,1361.72,76124,-1.14
2021-06-16 11:12:30,1358.9,2,50787,87230,1361.72,76124,-1.14
2021-06-16 11:12:37,1358.9,2,50820,87222,1361.72,76124,-1.14
2021-06-16 11:12:43,1358.9,2,50818,87222,1361.72,76124,-1.14
2021-06-16 11:12:55,1358.9,2,50828,87237,1361.72,76124,-1.14
2021-06-16 11:13:01,1356.45,1,50828,87237,1361.72,76124,-1.32
2021-06-16 11:13:02,1356.45,1,50804,87252,1361.72,76133,-1.32
2021-06-16 11:13:19,1356.45,1,50801,87252,1361.72,76133,-1.32
2021-06-16 11:13:22,1356.45,1,50752,87270,1361.72,76133,-1.32
2021-06-16 11:13:25,1356.45,1,50751,87270,1361.72,76133,-1.32
2021-06-16 11:13:36,1356.45,1,50737,87257,1361.72,76133,-1.32
2021-06-16 11:13:47,1357.0,8,50737,87257,1361.72,76133,-1.28
2021-06-16 11:13:48,1357.0,8,50721,87217,1361.72,76141,-1.28
2021-06-16 11:13:50,1357.0,8,50724,87236,1361.72,76141,-1.28
2021-06-16 11:13:52,1357.0,8,50744,87238,1361.72,76141,-1.28
2021-06-16 11:13:58,1357.0,8,50744,87248,1361.72,76141,-1.28
2021-06-16 11:14:09,1357.0,8,50754,87290,1361.72,76141,-1.28
2021-06-16 11:14:12,1357.0,8,50744,87255,1361.72,76141,-1.28
2021-06-16 11:14:20,1357.0,8,50770,87257,1361.72,76141,-1.28
2021-06-16 11:14:22,1357.0,8,50770,87258,1361.72,76141,-1.28
2021-06-16 11:14:25,1357.0,8,50777,87270,1361.72,76141,-1.28
2021-06-16 11:14:28,1357.0,8,50779,87270,1361.72,76141,-1.28
2021-06-16 11:14:36,1357.0,8,50838,87255,1361.72,76141,-1.28
2021-06-16 11:14:39,1359.0,42,50838,87255,1361.72,76141,-1.13
2021-06-16 11:14:41,1359.0,42,50915,87113,1361.72,76216,-1.13
2021-06-16 11:14:46,1359.0,42,50915,87082,1361.72,76216,-1.13
2021-06-16 11:14:49,1359.0,42,50896,87095,1361.72,76216,-1.13
2021-06-16 11:14:59,1359.0,42,50903,87096,1361.72,76216,-1.13
2021-06-16 11:15:00,1359.0,42,50903,87035,1361.71,76266,-1.13
2021-06-16 11:15:03,1359.0,42,50903,87048,1361.71,76266,-1.13
2021-06-16 11:15:06,1359.0,42,50903,87049,1361.71,76266,-1.13
2021-06-16 11:15:08,1358.0,30,50903,87049,1361.71,76266,-1.2
2021-06-16 11:15:09,1358.55,6,50903,87049,1361.71,76266,-1.16
2021-06-16 11:15:09,1358.55,6,50828,87170,1361.71,76333,-1.16
2021-06-16 11:15:12,1358.8,17,50828,87170,1361.71,76333,-1.15
2021-06-16 11:15:13,1358.8,17,50841,87179,1361.71,76358,-1.15
2021-06-16 11:15:18,1358.8,17,50852,87198,1361.71,76358,-1.15
2021-06-16 11:15:21,1358.8,17,50852,87178,1361.71,76358,-1.15
2021-06-16 11:15:24,1358.8,17,50864,87229,1361.71,76358,-1.15
2021-06-16 11:15:25,1357.0,4,50864,87229,1361.71,76358,-1.28
2021-06-16 11:15:27,1358.0,25,50864,87229,1361.71,76358,-1.2
2021-06-16 11:15:30,1358.0,25,50852,87337,1361.71,76398,-1.2
2021-06-16 11:15:36,1357.1,32,50852,87337,1361.71,76398,-1.27
2021-06-16 11:15:38,1357.1,32,50857,87355,1361.71,76430,-1.27
2021-06-16 11:15:43,1357.1,32,50853,87356,1361.71,76430,-1.27
2021-06-16 11:15:48,1357.1,32,50852,87356,1361.71,76430,-1.27
2021-06-16 11:16:10,1357.1,32,50803,87524,1361.71,76430,-1.27
2021-06-16 11:16:12,1357.1,32,50815,87524,1361.71,76430,-1.27
2021-06-16 11:16:15,1357.1,32,50783,87511,1361.71,76430,-1.27
2021-06-16 11:16:21,1357.1,32,50783,87513,1361.71,76430,-1.27
2021-06-16 11:16:24,1357.1,32,50788,87513,1361.71,76430,-1.27
2021-06-16 11:16:27,1357.1,32,50789,87413,1361.71,76430,-1.27
2021-06-16 11:16:32,1357.1,32,50789,87426,1361.71,76430,-1.27
2021-06-16 11:17:03,1357.0,25,50789,87426,1361.71,76430,-1.28
2021-06-16 11:17:04,1357.0,25,50764,87436,1361.7,76455,-1.28
2021-06-16 11:17:06,1356.0,5,50764,87436,1361.7,76455,-1.35
2021-06-16 11:17:07,1356.0,5,50797,87460,1361.7,76465,-1.35
2021-06-16 11:17:10,1356.0,5,50791,87457,1361.7,76465,-1.35
2021-06-16 11:17:20,1356.0,5,50793,87445,1361.7,76465,-1.35
2021-06-16 11:17:30,1356.0,5,50784,87445,1361.7,76465,-1.35
2021-06-16 11:17:36,1356.0,5,50770,87459,1361.7,76465,-1.35
2021-06-16 11:17:36,1355.55,5,50770,87459,1361.7,76465,-1.38
2021-06-16 11:17:37,1355.55,5,50785,87454,1361.7,76470,-1.38
2021-06-16 11:17:40,1357.0,1,50785,87454,1361.7,76470,-1.28
2021-06-16 11:17:40,1357.0,1,50797,87433,1361.7,76471,-1.28
2021-06-16 11:17:43,1357.0,1,50771,87443,1361.7,76471,-1.28
2021-06-16 11:17:45,1357.0,1,50799,87450,1361.7,76471,-1.28
2021-06-16 11:17:57,1357.8,8,50799,87443,1361.7,76471,-1.22
2021-06-16 11:17:59,1357.8,8,50771,87145,1361.68,76979,-1.22
2021-06-16 11:18:01,1357.8,8,50779,87145,1361.68,76979,-1.22
2021-06-16 11:18:03,1355.0,14,50779,87145,1361.68,76979,-1.42
2021-06-16 11:18:04,1355.0,14,50486,87311,1361.64,77438,-1.42
2021-06-16 11:18:06,1355.0,14,50528,87362,1361.64,77438,-1.42
2021-06-16 11:18:08,1354.0,28,50528,87362,1361.64,77438,-1.5
2021-06-16 11:18:09,1354.0,28,50423,87495,1361.63,77561,-1.5
2021-06-16 11:18:10,1354.0,7,50423,87495,1361.63,77561,-1.5
2021-06-16 11:18:11,1354.0,7,50424,87542,1361.63,77568,-1.5
2021-06-16 11:18:13,1354.0,7,50425,87543,1361.63,77568,-1.5
2021-06-16 11:18:17,1354.0,16,50425,87543,1361.63,77568,-1.5
2021-06-16 11:18:18,1354.0,16,50449,87564,1361.61,77741,-1.5
2021-06-16 11:18:27,1354.0,16,50442,87564,1361.61,77741,-1.5
2021-06-16 11:18:31,1354.0,54,50442,87564,1361.61,77741,-1.5
2021-06-16 11:18:33,1354.0,54,50474,87480,1361.6,77871,-1.5
2021-06-16 11:18:37,1354.0,54,50456,87472,1361.6,77871,-1.5
2021-06-16 11:18:39,1354.75,8,50456,87472,1361.6,77871,-1.44
2021-06-16 11:18:39,1354.75,8,50686,87370,1361.59,77899,-1.44
2021-06-16 11:18:42,1354.75,8,50716,87365,1361.59,77899,-1.44
2021-06-16 11:18:44,1354.75,8,50743,87359,1361.59,77899,-1.44
2021-06-16 11:18:49,1354.75,8,50744,87359,1361.59,77899,-1.44
2021-06-16 11:18:53,1357.4,24,50547,87322,1361.58,78119,-1.25
2021-06-16 11:18:55,1357.4,24,50585,87344,1361.58,78119,-1.25
2021-06-16 11:18:57,1357.4,24,50601,87343,1361.58,78119,-1.25
2021-06-16 11:19:04,1357.4,24,50606,87341,1361.58,78119,-1.25
2021-06-16 11:19:06,1357.4,24,50605,87322,1361.58,78169,-1.25
2021-06-16 11:19:18,1357.4,24,50695,87326,1361.58,78169,-1.25
2021-06-16 11:19:19,1356.35,5,50695,87326,1361.58,78169,-1.32
2021-06-16 11:19:21,1356.35,5,50705,87321,1361.58,78174,-1.32
2021-06-16 11:19:22,1356.35,5,50689,87368,1361.58,78174,-1.32
2021-06-16 11:19:27,1356.35,5,50689,87379,1361.58,78174,-1.32
2021-06-16 11:19:30,1356.35,5,50683,87379,1361.58,78174,-1.32
2021-06-16 11:19:37,1356.35,5,50751,87368,1361.58,78174,-1.32
2021-06-16 11:19:43,1356.35,5,51250,87338,1361.58,78174,-1.32
2021-06-16 11:19:48,1356.35,5,51250,87488,1361.58,78174,-1.32
2021-06-16 11:19:57,1356.4,42,51250,87488,1361.58,78174,-1.32
2021-06-16 11:19:58,1356.4,42,51194,87480,1361.58,78224,-1.32
2021-06-16 11:20:01,1356.4,42,51194,87501,1361.58,78224,-1.32
2021-06-16 11:20:07,1357.4,5,51204,87496,1361.58,78229,-1.25
2021-06-16 11:20:16,1355.8,13,51138,87506,1361.57,78279,-1.36
2021-06-16 11:20:19,1355.8,13,51169,87498,1361.57,78279,-1.36
2021-06-16 11:20:26,1355.65,3,51169,87498,1361.57,78279,-1.37
2021-06-16 11:20:28,1355.65,3,51164,87509,1361.57,78284,-1.37
2021-06-16 11:20:30,1357.2,21,51166,87551,1361.57,78284,-1.26
2021-06-16 11:20:32,1357.2,21,51190,87507,1361.57,78318,-1.26
2021-06-16 11:20:52,1357.2,21,51168,87595,1361.57,78318,-1.26
2021-06-16 11:20:53,1356.4,3,51168,87595,1361.57,78318,-1.32
2021-06-16 11:20:55,1356.4,3,51131,87643,1361.57,78325,-1.32
2021-06-16 11:20:56,1356.6,5,51131,87643,1361.57,78325,-1.31
2021-06-16 11:20:57,1356.6,5,51130,87643,1361.57,78330,-1.31
2021-06-16 11:21:06,1356.6,1,51133,87603,1361.57,78331,-1.31
2021-06-16 11:21:08,1356.6,1,51146,87596,1361.57,78331,-1.31
2021-06-16 11:21:10,1355.85,3,51146,87596,1361.57,78331,-1.36
2021-06-16 11:21:12,1355.85,3,51156,87604,1361.57,78336,-1.36
2021-06-16 11:21:15,1355.85,3,51156,87609,1361.57,78336,-1.36
2021-06-16 11:21:18,1355.85,3,50214,87601,1361.57,78336,-1.36
2021-06-16 11:21:21,1355.85,3,50234,87616,1361.57,78336,-1.36
2021-06-16 11:21:26,1355.85,3,50240,87616,1361.57,78336,-1.36
2021-06-16 11:21:36,1355.85,3,50240,87615,1361.57,78336,-1.36
2021-06-16 11:21:46,1355.85,3,50240,87614,1361.57,78336,-1.36
2021-06-16 11:21:58,1355.85,3,50240,87625,1361.57,78336,-1.36
2021-06-16 11:22:00,1355.85,3,50240,87635,1361.57,78336,-1.36
2021-06-16 11:22:12,1357.1,5,50240,87635,1361.57,78336,-1.27
2021-06-16 11:22:12,1357.1,5,50240,87630,1361.57,78341,-1.27
2021-06-16 11:22:16,1357.15,1,50240,87630,1361.57,78341,-1.27
2021-06-16 11:22:18,1357.15,1,50231,87630,1361.57,78366,-1.27
2021-06-16 11:22:28,1357.15,1,50242,87628,1361.57,78366,-1.27
2021-06-16 11:22:30,1357.15,1,50284,87588,1361.57,78366,-1.27
2021-06-16 11:22:48,1357.15,1,49788,87617,1361.57,78366,-1.27
2021-06-16 11:22:54,1357.15,1,49789,87600,1361.57,78366,-1.27
2021-06-16 11:23:11,1357.15,1,49788,87604,1361.57,78366,-1.27
2021-06-16 11:23:23,1357.15,1,50868,87604,1361.57,78366,-1.27
2021-06-16 11:23:24,1357.15,10,50868,87604,1361.57,78366,-1.27
2021-06-16 11:23:25,1357.15,10,50868,87607,1361.57,78376,-1.27
2021-06-16 11:23:28,1357.15,10,50872,87584,1361.57,78376,-1.27
2021-06-16 11:23:29,1357.15,3,50872,87584,1361.57,78376,-1.27
2021-06-16 11:23:30,1357.15,3,50872,87580,1361.57,78386,-1.27
2021-06-16 11:23:33,1357.15,3,49371,87565,1361.57,78386,-1.27
2021-06-16 11:23:38,1357.15,3,49371,87523,1361.57,78386,-1.27
2021-06-16 11:23:48,1357.15,3,49371,87527,1361.57,78386,-1.27
2021-06-16 11:23:50,1357.15,3,49371,87569,1361.57,78386,-1.27
2021-06-16 11:23:51,1355.25,9,49371,87569,1361.57,78386,-1.4
2021-06-16 11:23:51,1357.05,8,49371,87569,1361.57,78386,-1.27
2021-06-16 11:23:52,1357.05,8,49258,87625,1361.56,78508,-1.27
2021-06-16 11:23:55,1357.1,2,49262,87595,1361.56,78527,-1.27
2021-06-16 11:23:59,1357.1,2,49298,87635,1361.56,78527,-1.27
2021-06-16 11:24:02,1357.1,2,49320,87606,1361.56,78527,-1.27
2021-06-16 11:24:22,1357.1,2,49308,87606,1361.56,78527,-1.27
2021-06-16 11:24:22,1356.0,1,49308,87606,1361.56,78527,-1.35
2021-06-16 11:24:24,1356.0,1,49307,87606,1361.56,78528,-1.35
2021-06-16 11:24:27,1356.0,1,49307,87613,1361.56,78528,-1.35
2021-06-16 11:24:36,1356.0,1,49327,87613,1361.56,78528,-1.35
2021-06-16 11:24:37,1356.0,1,49327,87652,1361.56,78528,-1.35
2021-06-16 11:24:42,1357.1,43,49324,87522,1361.55,78600,-1.27
2021-06-16 11:24:45,1357.1,43,49355,87513,1361.55,78600,-1.27
2021-06-16 11:24:52,1357.1,34,49355,87513,1361.55,78600,-1.27
2021-06-16 11:24:54,1357.1,34,49467,87465,1361.55,78634,-1.27
2021-06-16 11:24:59,1357.1,34,50218,87465,1361.55,78634,-1.27
2021-06-16 11:25:01,1357.1,34,51068,87474,1361.55,78634,-1.27
2021-06-16 11:25:06,1357.1,34,51066,87473,1361.55,78634,-1.27
2021-06-16 11:25:07,1357.1,20,51066,87473,1361.55,78634,-1.27
2021-06-16 11:25:08,1357.1,20,51060,87489,1361.55,78659,-1.27
2021-06-16 11:25:10,1357.1,20,51055,87467,1361.55,78659,-1.27
2021-06-16 11:25:13,1357.1,20,51057,87467,1361.55,78659,-1.27
2021-06-16 11:25:19,1357.1,20,51046,87468,1361.55,78659,-1.27
2021-06-16 11:25:22,1357.1,20,51048,87458,1361.55,78659,-1.27
2021-06-16 11:25:31,1357.1,20,51048,87468,1361.55,78659,-1.27
2021-06-16 11:25:46,1357.4,7,51048,87468,1361.55,78659,-1.25
2021-06-16 11:25:47,1357.4,7,51032,87405,1361.54,78759,-1.25
2021-06-16 11:25:58,1357.4,7,51030,87405,1361.54,78759,-1.25
2021-06-16 11:26:04,1357.4,7,51030,87401,1361.54,78759,-1.25
2021-06-16 11:26:16,1357.4,16,51030,87401,1361.54,78759,-1.25
2021-06-16 11:26:17,1357.4,16,51124,87306,1361.54,78889,-1.25
2021-06-16 11:26:28,1357.4,16,51224,87292,1361.54,78889,-1.25
2021-06-16 11:26:30,1357.4,16,51233,87292,1361.54,78889,-1.25
2021-06-16 11:26:34,1357.4,16,51233,87313,1361.54,78889,-1.25
2021-06-16 11:26:42,1357.0,20,51233,87313,1361.54,78889,-1.28
2021-06-16 11:26:43,1357.0,20,51257,87349,1361.54,78909,-1.28
2021-06-16 11:26:46,1358.0,50,51257,87349,1361.54,78909,-1.2
2021-06-16 11:26:48,1357.45,1,51257,87349,1361.54,78909,-1.24
2021-06-16 11:26:49,1357.45,1,51345,87309,1361.53,78981,-1.24
2021-06-16 11:26:51,1357.45,1,51355,87307,1361.53,78981,-1.24
2021-06-16 11:26:53,1357.45,1,51375,87306,1361.53,78981,-1.24
2021-06-16 11:26:56,1357.45,1,51382,87277,1361.53,78981,-1.24
2021-06-16 11:26:58,1357.45,1,51374,87286,1361.53,78981,-1.24
2021-06-16 11:27:01,1358.0,42,51374,87286,1361.53,78981,-1.2
2021-06-16 11:27:03,1358.0,42,51332,87226,1361.53,79023,-1.2
2021-06-16 11:27:07,1358.0,42,51334,87199,1361.53,79023,-1.2
2021-06-16 11:27:09,1358.0,42,51338,87199,1361.53,79023,-1.2
2021-06-16 11:27:10,1359.0,66,51338,87199,1361.53,79023,-1.13
2021-06-16 11:27:17,1359.0,66,51257,87119,1361.53,79089,-1.13
2021-06-16 11:27:19,1359.0,66,51257,87129,1361.53,79089,-1.13
2021-06-16 11:27:26,1359.0,66,51157,87129,1361.53,79089,-1.13
2021-06-16 11:27:28,1359.0,66,51158,87129,1361.53,79089,-1.13
2021-06-16 11:27:35,1359.0,66,51247,87128,1361.53,79089,-1.13
2021-06-16 11:27:36,1359.55,17,51247,87128,1361.53,79089,-1.09
2021-06-16 11:27:37,1359.55,17,51210,87073,1361.53,79189,-1.09
2021-06-16 11:27:40,1359.55,17,51188,87080,1361.53,79189,-1.09
2021-06-16 11:27:42,1359.55,17,51186,87100,1361.53,79189,-1.09
2021-06-16 11:27:45,1359.55,17,51215,87102,1361.53,79189,-1.09
2021-06-16 11:27:49,1358.0,3,51215,87102,1361.53,79189,-1.2
2021-06-16 11:27:51,1359.0,10,51207,87107,1361.53,79192,-1.13
2021-06-16 11:27:52,1359.0,10,51200,87074,1361.53,79202,-1.13
2021-06-16 11:27:55,1359.0,10,51135,86973,1361.53,79202,-1.13
2021-06-16 11:27:57,1359.0,10,51150,86983,1361.53,79202,-1.13
2021-06-16 11:28:00,1359.0,10,51149,86984,1361.53,79202,-1.13
2021-06-16 11:28:09,1359.0,10,51153,86984,1361.53,79202,-1.13
2021-06-16 11:28:16,1358.0,11,51153,86984,1361.53,79202,-1.2
2021-06-16 11:28:17,1358.0,11,51187,87030,1361.52,79227,-1.2
2021-06-16 11:28:19,1358.0,11,51233,87051,1361.52,79227,-1.2
2021-06-16 11:28:26,1358.0,11,51230,87049,1361.52,79227,-1.2
2021-06-16 11:28:36,1358.0,11,51231,87049,1361.52,79227,-1.2
2021-06-16 11:29:03,1358.0,11,51241,87049,1361.52,79227,-1.2
2021-06-16 11:29:07,1358.0,11,51222,87049,1361.52,79227,-1.2
2021-06-16 11:29:15,1358.0,11,51140,87055,1361.52,79227,-1.2
2021-06-16 11:29:18,1358.0,11,51171,87096,1361.52,79227,-1.2
2021-06-16 11:29:25,1358.0,15,51208,87033,1361.52,79242,-1.2
2021-06-16 11:29:28,1358.0,15,51212,87053,1361.52,79242,-1.2
2021-06-16 11:29:33,1358.0,15,51212,86976,1361.52,79242,-1.2
2021-06-16 11:29:41,1359.0,2,51212,86976,1361.52,79242,-1.13
2021-06-16 11:29:43,1359.0,2,51210,86973,1361.52,79245,-1.13
2021-06-16 11:30:04,1359.0,2,51229,86960,1361.52,79245,-1.13
2021-06-16 11:30:10,1359.95,5,51229,86960,1361.52,79245,-1.06
2021-06-16 11:30:11,1359.95,5,51252,86688,1361.52,79495,-1.06
2021-06-16 11:30:13,1359.95,5,51240,86706,1361.52,79495,-1.06
2021-06-16 11:30:18,1359.95,5,51240,86711,1361.52,79495,-1.06
2021-06-16 11:30:18,1362.2,200,51240,86711,1361.52,79495,-0.9
2021-06-16 11:30:20,1362.2,200,51350,86398,1361.52,79965,-0.9
2021-06-16 11:30:22,1362.2,200,51373,86397,1361.52,79965,-0.9
2021-06-16 11:30:30,1362.2,200,51406,86398,1361.52,79965,-0.9
2021-06-16 11:30:34,1362.2,200,51389,86402,1361.52,79965,-0.9
2021-06-16 11:30:36,1362.2,200,51388,86407,1361.52,79965,-0.9
2021-06-16 11:30:39,1362.2,200,51389,86407,1361.52,79965,-0.9
2021-06-16 11:30:45,1362.2,200,51423,86407,1361.52,79965,-0.9
2021-06-16 11:30:46,1362.5,4,51423,86407,1361.52,79965,-0.88
2021-06-16 11:30:48,1362.5,4,51367,86421,1361.52,80016,-0.88
2021-06-16 11:30:50,1362.5,4,51391,86455,1361.52,80016,-0.88
2021-06-16 11:30:51,1362.0,25,51391,86455,1361.52,80016,-0.91
2021-06-16 11:30:52,1362.0,25,51443,86421,1361.52,80041,-0.91
2021-06-16 11:30:53,1363.5,45,51443,86421,1361.52,80041,-0.8
2021-06-16 11:30:54,1363.5,45,51479,86293,1361.52,80261,-0.8
2021-06-16 11:30:55,1362.0,16,51479,86293,1361.52,80261,-0.91
2021-06-16 11:30:57,1362.0,16,51462,86292,1361.52,80296,-0.91
2021-06-16 11:30:58,1362.0,16,51433,86323,1361.52,80296,-0.91
2021-06-16 11:31:01,1362.0,16,51423,86323,1361.52,80296,-0.91
2021-06-16 11:31:03,1362.0,16,51459,86306,1361.52,80296,-0.91
2021-06-16 11:31:06,1362.0,16,51434,86289,1361.52,80296,-0.91
2021-06-16 11:31:09,1362.45,2,51471,86321,1361.52,80306,-0.88
2021-06-16 11:31:11,1362.45,2,51500,86321,1361.52,80306,-0.88
2021-06-16 11:31:15,1362.45,2,51423,86337,1361.52,80306,-0.88
2021-06-16 11:31:18,1362.45,2,51522,86313,1361.52,80306,-0.88
2021-06-16 11:31:19,1362.45,2,51522,86322,1361.52,80306,-0.88
2021-06-16 11:31:25,1362.45,2,51514,86322,1361.52,80306,-0.88
2021-06-16 11:31:28,1362.45,2,51514,86347,1361.52,80306,-0.88
2021-06-16 11:31:34,1362.45,2,51514,86427,1361.52,80306,-0.88
2021-06-16 11:31:36,1363.95,1,51514,86427,1361.52,80306,-0.77
2021-06-16 11:31:38,1363.95,1,51542,86397,1361.52,80307,-0.77
2021-06-16 11:31:42,1363.95,1,51501,86420,1361.52,80307,-0.77
2021-06-16 11:31:49,1363.95,1,51510,86430,1361.52,80307,-0.77
2021-06-16 11:31:51,1363.95,1,51522,86440,1361.52,80307,-0.77
2021-06-16 11:31:58,1362.45,2,51506,86275,1361.52,80309,-0.88
2021-06-16 11:32:00,1363.95,37,51506,86275,1361.52,80309,-0.77
2021-06-16 11:32:00,1363.95,37,51560,86205,1361.52,80409,-0.77
2021-06-16 11:32:02,1364.0,3,51560,86205,1361.52,80409,-0.77
2021-06-16 11:32:03,1364.0,3,51575,86191,1361.53,80660,-0.77
2021-06-16 11:32:04,1364.0,3,51576,86175,1361.53,80660,-0.77
2021-06-16 11:32:14,1364.0,3,51566,86175,1361.53,80660,-0.77
2021-06-16 11:32:15,1363.0,2,51566,86175,1361.53,80660,-0.84
2021-06-16 11:32:16,1363.0,2,51510,86216,1361.53,80687,-0.84
2021-06-16 11:32:18,1363.0,2,51512,86204,1361.53,80687,-0.84
2021-06-16 11:32:21,1363.0,2,51512,86233,1361.53,80687,-0.84
2021-06-16 11:32:25,1363.0,2,51527,86234,1361.53,80687,-0.84
2021-06-16 11:32:27,1363.0,2,51526,86239,1361.53,80687,-0.84
2021-06-16 11:32:33,1363.0,2,51547,86238,1361.53,80687,-0.84
2021-06-16 11:32:34,1363.0,2,51544,86238,1361.53,80687,-0.84
2021-06-16 11:32:36,1363.0,2,51544,86265,1361.53,80687,-0.84
2021-06-16 11:32:43,1363.0,2,51544,86275,1361.53,80687,-0.84
2021-06-16 11:32:45,1363.0,2,51590,86276,1361.53,80687,-0.84
2021-06-16 11:32:46,1363.95,4,51590,86276,1361.53,80687,-0.77
2021-06-16 11:32:48,1363.95,4,51619,86256,1361.53,80695,-0.77
2021-06-16 11:32:50,1363.95,4,51620,86229,1361.53,80695,-0.77
2021-06-16 11:32:52,1363.95,4,51633,86329,1361.53,80695,-0.77
2021-06-16 11:32:53,1363.8,10,51633,86329,1361.53,80695,-0.78
2021-06-16 11:32:54,1363.8,10,51633,86426,1361.53,80705,-0.78
2021-06-16 11:32:56,1363.8,10,51632,86426,1361.53,80705,-0.78
2021-06-16 11:33:02,1363.8,10,51644,86447,1361.53,80705,-0.78
2021-06-16 11:33:03,1365.85,26,51644,86447,1361.53,80705,-0.63
2021-06-16 11:33:04,1365.85,26,51656,86150,1361.56,81297,-0.63
2021-06-16 11:33:05,1363.25,8,51656,86150,1361.56,81297,-0.82
2021-06-16 11:33:06,1363.25,8,51553,86222,1361.57,81547,-0.82
2021-06-16 11:33:07,1363.25,8,51575,86218,1361.57,81547,-0.82
2021-06-16 11:33:09,1365.4,6,51575,86218,1361.57,81547,-0.67
2021-06-16 11:33:10,1364.15,1,51545,86226,1361.57,81585,-0.76
2021-06-16 11:33:10,1364.95,1,51545,86226,1361.57,81585,-0.7
2021-06-16 11:33:12,1364.95,1,51567,86223,1361.57,81586,-0.7
2021-06-16 11:33:13,1365.25,2,51567,86223,1361.57,81586,-0.68
2021-06-16 11:33:15,1365.25,2,51596,86145,1361.57,81601,-0.68
2021-06-16 11:33:16,1365.25,2,51624,86156,1361.57,81601,-0.68
2021-06-16 11:33:19,1365.25,2,51649,86136,1361.57,81601,-0.68
2021-06-16 11:33:21,1365.25,2,51669,86185,1361.57,81601,-0.68
2021-06-16 11:33:23,1365.25,2,51669,86186,1361.57,81601,-0.68
2021-06-16 11:33:25,1365.9,14,51669,86186,1361.57,81601,-0.63
2021-06-16 11:33:27,1365.9,14,51716,86172,1361.57,81616,-0.63
2021-06-16 11:33:31,1365.9,14,51613,86268,1361.57,81616,-0.63
2021-06-16 11:33:33,1365.9,14,51625,86296,1361.57,81616,-0.63
2021-06-16 11:33:35,1365.9,14,51677,86321,1361.57,81616,-0.63
2021-06-16 11:33:37,1363.3,8,51508,86493,1361.57,82058,-0.82
2021-06-16 11:33:37,1364.05,1,51508,86493,1361.57,82058,-0.76
2021-06-16 11:33:39,1364.05,1,51580,86479,1361.57,82073,-0.76
2021-06-16 11:33:40,1364.05,1,51658,86474,1361.57,82073,-0.76
2021-06-16 11:33:43,1365.0,47,51670,86311,1361.59,82369,-0.69
2021-06-16 11:33:44,1365.25,80,51670,86311,1361.59,82369,-0.68
2021-06-16 11:33:45,1365.25,80,51718,86255,1361.59,82469,-0.68
2021-06-16 11:33:47,1365.25,80,51768,86234,1361.59,82469,-0.68
2021-06-16 11:33:49,1365.25,80,51762,86234,1361.59,82469,-0.68
2021-06-16 11:33:51,1365.0,1,51762,86234,1361.59,82469,-0.69
2021-06-16 11:33:54,1365.0,1,51765,86259,1361.59,82470,-0.69
2021-06-16 11:33:56,1365.0,1,51790,86259,1361.59,82470,-0.69
2021-06-16 11:34:00,1365.0,1,51785,86259,1361.59,82470,-0.69
2021-06-16 11:34:02,1365.0,3,51785,86259,1361.59,82470,-0.69
2021-06-16 11:34:03,1365.0,3,51690,86255,1361.59,82473,-0.69
2021-06-16 11:34:05,1365.0,3,51711,86254,1361.59,82473,-0.69
2021-06-16 11:34:07,1363.6,1,51711,86259,1361.59,82478,-0.8
2021-06-16 11:34:10,1363.6,1,51708,86276,1361.59,82478,-0.8
2021-06-16 11:34:12,1363.6,1,51687,86303,1361.59,82478,-0.8
2021-06-16 11:34:13,1363.6,1,51709,86302,1361.59,82478,-0.8
2021-06-16 11:34:16,1363.6,1,51814,86316,1361.59,82478,-0.8
2021-06-16 11:34:18,1363.65,19,51814,86316,1361.59,82478,-0.79
2021-06-16 11:34:20,1363.65,19,51671,86348,1361.59,82621,-0.79
2021-06-16 11:34:22,1363.65,19,51671,86373,1361.59,82621,-0.79
2021-06-16 11:34:24,1363.65,19,51695,86397,1361.59,82621,-0.79
2021-06-16 11:34:30,1363.65,19,51830,86407,1361.59,82621,-0.79
2021-06-16 11:34:33,1363.65,19,51730,86407,1361.59,82621,-0.79
2021-06-16 11:34:35,1363.65,19,51703,86439,1361.59,82621,-0.79
2021-06-16 11:34:37,1363.0,1,51621,86562,1361.59,82622,-0.84
2021-06-16 11:34:39,1363.0,1,51643,86563,1361.59,82622,-0.84
2021-06-16 11:34:43,1363.0,1,51657,86611,1361.59,82622,-0.84
2021-06-16 11:34:45,1363.0,1,51605,86611,1361.59,82622,-0.84
2021-06-16 11:34:49,1362.5,9,51598,86611,1361.59,82635,-0.88
2021-06-16 11:34:51,1362.5,9,51618,86611,1361.59,82635,-0.88
2021-06-16 11:34:54,1362.5,9,51619,86611,1361.59,82635,-0.88
2021-06-16 11:35:04,1362.5,9,51618,86662,1361.59,82635,-0.88
2021-06-16 11:35:08,1362.5,9,51693,86608,1361.59,82635,-0.88
2021-06-16 11:35:10,1362.5,9,51677,86596,1361.59,82635,-0.88
2021-06-16 11:35:14,1362.5,9,51678,86596,1361.59,82635,-0.88
2021-06-16 11:35:16,1362.45,4,51696,86774,1361.59,82639,-0.88
2021-06-16 11:35:18,1362.45,4,51696,86779,1361.59,82639,-0.88
2021-06-16 11:35:21,1362.5,18,51696,86779,1361.59,82639,-0.88
2021-06-16 11:35:21,1362.5,18,51722,86761,1361.59,82657,-0.88
2021-06-16 11:35:24,1362.5,18,51472,86761,1361.59,82657,-0.88
2021-06-16 11:35:30,1362.5,18,51472,86811,1361.59,82657,-0.88
2021-06-16 11:35:31,1362.5,18,51472,86821,1361.59,82657,-0.88
2021-06-16 11:35:34,1362.5,18,51459,86821,1361.59,82657,-0.88
2021-06-16 11:35:36,1363.2,2,51473,86666,1361.6,82743,-0.83
2021-06-16 11:35:38,1363.2,2,51487,86689,1361.6,82743,-0.83
2021-06-16 11:35:42,1363.2,2,51543,86698,1361.6,82743,-0.83
2021-06-16 11:35:44,1363.2,2,51541,86699,1361.6,82743,-0.83
2021-06-16 11:35:48,1361.75,91,51541,86699,1361.6,82743,-0.93
2021-06-16 11:35:48,1361.75,91,51407,86773,1361.6,82973,-0.93
2021-06-16 11:35:49,1361.75,91,51438,86775,1361.6,82973,-0.93
2021-06-16 11:35:52,1363.6,2,51438,86775,1361.6,82973,-0.8
2021-06-16 11:35:53,1363.6,2,51860,86590,1361.6,82976,-0.8
2021-06-16 11:35:55,1364.85,1,51946,86620,1361.6,82976,-0.71
2021-06-16 11:35:57,1364.85,1,51946,86630,1361.6,82981,-0.71
2021-06-16 11:35:59,1364.85,1,51896,86616,1361.6,82981,-0.71
2021-06-16 11:36:13,1363.25,4,51886,86612,1361.6,83031,-0.82
2021-06-16 11:36:17,1363.25,4,51862,86677,1361.6,83031,-0.82
2021-06-16 11:36:19,1364.5,4,51862,86677,1361.6,83031,-0.73
2021-06-16 11:36:21,1365.0,41,51862,86696,1361.6,83039,-0.69
2021-06-16 11:36:22,1365.0,5,51862,86696,1361.6,83039,-0.69
2021-06-16 11:36:23,1364.85,91,51862,86696,1361.6,83039,-0.71
2021-06-16 11:36:24,1364.85,91,51438,86617,1361.62,83582,-0.71
2021-06-16 11:36:30,1364.85,91,51438,86667,1361.62,83582,-0.71
2021-06-16 11:36:34,1363.35,41,51438,86667,1361.62,83582,-0.81
2021-06-16 11:36:34,1363.35,41,51503,86699,1361.62,83627,-0.81
2021-06-16 11:36:38,1363.35,41,51497,86648,1361.62,83627,-0.81
2021-06-16 11:36:42,1363.35,41,51467,86653,1361.62,83627,-0.81
2021-06-16 11:36:51,1363.35,41,51388,86653,1361.62,83627,-0.81
2021-06-16 11:36:52,1363.35,41,51389,86653,1361.62,83627,-0.81
2021-06-16 11:36:55,1363.35,41,51389,87053,1361.62,83627,-0.81
2021-06-16 11:36:58,1364.6,4,51389,87053,1361.62,83627,-0.72
2021-06-16 11:36:59,1364.6,4,51545,86958,1361.62,83631,-0.72
2021-06-16 11:37:12,1364.6,46,51545,86958,1361.62,83631,-0.72
2021-06-16 11:37:13,1364.6,46,51434,87016,1361.62,83677,-0.72
2021-06-16 11:37:16,1365.25,196,51434,87016,1361.62,83677,-0.68
2021-06-16 11:37:17,1365.25,196,51449,86853,1361.64,84026,-0.68
2021-06-16 11:37:19,1365.25,196,51488,86869,1361.64,84026,-0.68
2021-06-16 11:37:27,1365.25,196,51488,86895,1361.64,84026,-0.68
2021-06-16 11:37:29,1365.25,196,51488,86925,1361.64,84026,-0.68
2021-06-16 11:37:30,1365.4,18,51488,86925,1361.64,84026,-0.67
2021-06-16 11:37:31,1365.9,13,51488,86925,1361.64,84026,-0.63
2021-06-16 11:37:35,1365.9,13,51551,86941,1361.64,84119,-0.63
2021-06-16 11:37:44,1365.9,13,51551,86943,1361.64,84119,-0.63
2021-06-16 11:37:45,1365.9,1,51551,86943,1361.64,84119,-0.63
2021-06-16 11:37:46,1365.9,1,51551,86921,1361.64,84120,-0.63
2021-06-16 11:37:49,1365.9,1,51551,86918,1361.64,84120,-0.63
2021-06-16 11:37:52,1365.9,1,51580,86953,1361.64,84120,-0.63
2021-06-16 11:37:54,1365.9,1,51524,86953,1361.64,84120,-0.63
2021-06-16 11:37:57,1365.7,34,51524,86953,1361.64,84120,-0.64
2021-06-16 11:37:58,1365.7,34,51514,86920,1361.64,84154,-0.64
2021-06-16 11:38:00,1365.7,34,51512,86991,1361.64,84154,-0.64
2021-06-16 11:38:04,1365.7,34,51531,86971,1361.64,84154,-0.64
2021-06-16 11:38:06,1365.7,1,51531,86971,1361.64,84154,-0.64
2021-06-16 11:38:07,1365.7,1,51525,86969,1361.64,84155,-0.64
2021-06-16 11:38:13,1365.7,28,51525,86969,1361.64,84155,-0.64
2021-06-16 11:38:22,1365.7,28,51596,86988,1361.65,84225,-0.64
2021-06-16 11:38:24,1365.7,28,51611,86988,1361.65,84225,-0.64
2021-06-16 11:38:24,1366.45,10,51611,86988,1361.65,84225,-0.59
2021-06-16 11:38:26,1366.45,10,51652,86861,1361.65,84312,-0.59
2021-06-16 11:38:27,1366.0,48,51652,86861,1361.65,84312,-0.62
2021-06-16 11:38:30,1366.0,48,51571,87011,1361.65,84364,-0.62
2021-06-16 11:38:31,1366.0,48,51562,87031,1361.65,84364,-0.62
2021-06-16 11:38:33,1366.0,48,51592,87031,1361.65,84364,-0.62
2021-06-16 11:38:36,1366.95,45,51592,87031,1361.65,84364,-0.55
2021-06-16 11:38:37,1366.95,45,51692,87013,1361.66,84414,-0.55
2021-06-16 11:38:37,1366.05,3,51692,87013,1361.66,84414,-0.62
2021-06-16 11:38:39,1366.05,3,51716,87019,1361.66,84417,-0.62
2021-06-16 11:38:43,1366.05,3,51616,86999,1361.66,84417,-0.62
2021-06-16 11:38:45,1366.05,3,51616,87018,1361.66,84417,-0.62
2021-06-16 11:38:47,1366.0,29,51616,87018,1361.66,84417,-0.62
2021-06-16 11:38:49,1366.0,29,51564,87147,1361.66,84448,-0.62
2021-06-16 11:38:49,1366.05,3,51564,87147,1361.66,84448,-0.62
2021-06-16 11:38:51,1366.05,3,51555,87116,1361.66,84453,-0.62
2021-06-16 11:38:53,1366.05,3,51557,87147,1361.66,84453,-0.62
2021-06-16 11:38:55,1366.05,3,51564,87148,1361.66,84453,-0.62
2021-06-16 11:39:01,1366.05,3,51565,87149,1361.66,84453,-0.62
2021-06-16 11:39:03,1366.05,3,51504,87251,1361.66,84453,-0.62
2021-06-16 11:39:04,1366.05,3,51525,87251,1361.66,84453,-0.62
2021-06-16 11:39:09,1366.0,28,51501,87253,1361.66,84503,-0.62
2021-06-16 11:39:12,1365.9,7,51501,87253,1361.66,84503,-0.63
2021-06-16 11:39:12,1365.9,7,51494,87253,1361.66,84513,-0.63
2021-06-16 11:39:15,1365.9,7,51493,87266,1361.66,84513,-0.63
2021-06-16 11:39:16,1365.9,7,51554,87244,1361.66,84513,-0.63
2021-06-16 11:39:19,1365.9,7,51562,87349,1361.66,84513,-0.63
2021-06-16 11:39:21,1365.9,7,51564,87359,1361.66,84513,-0.63
2021-06-16 11:39:22,1365.9,7,51564,87369,1361.66,84513,-0.63
2021-06-16 11:39:25,1365.9,7,51564,87374,1361.66,84513,-0.63
2021-06-16 11:39:27,1365.9,7,51554,87374,1361.66,84513,-0.63
2021-06-16 11:39:31,1365.9,7,51545,87374,1361.66,84513,-0.63
2021-06-16 11:39:34,1365.9,7,51485,87374,1361.66,84513,-0.63
2021-06-16 11:39:39,1365.9,7,51425,87374,1361.66,84513,-0.63
2021-06-16 11:39:46,1364.5,2,51424,87387,1361.66,84523,-0.73
2021-06-16 11:39:49,1364.5,2,51360,87420,1361.66,84523,-0.73
2021-06-16 11:39:51,1364.5,2,51389,87453,1361.66,84523,-0.73
2021-06-16 11:39:54,1364.55,2,51407,87476,1361.66,84525,-0.73
2021-06-16 11:39:58,1364.5,98,51407,87476,1361.66,84525,-0.73
2021-06-16 11:39:58,1364.5,98,51224,87444,1361.67,84623,-0.73
2021-06-16 11:40:00,1364.5,98,51277,87447,1361.67,84623,-0.73
2021-06-16 11:40:04,1364.5,1,51277,87447,1361.67,84623,-0.73
2021-06-16 11:40:07,1364.5,1,51307,87447,1361.67,84624,-0.73
2021-06-16 11:40:09,1364.5,1,51290,87466,1361.67,84624,-0.73
2021-06-16 11:40:12,1364.5,1,51309,87467,1361.67,84624,-0.73
2021-06-16 11:40:13,1362.95,6,51309,87467,1361.67,84624,-0.84
2021-06-16 11:40:13,1362.95,6,51277,87539,1361.67,84639,-0.84
2021-06-16 11:40:16,1362.95,6,51313,87532,1361.67,84639,-0.84
2021-06-16 11:40:18,1362.95,6,51316,87554,1361.67,84639,-0.84
2021-06-16 11:40:20,1362.95,6,51327,87554,1361.67,84639,-0.84
2021-06-16 11:40:22,1362.95,6,51327,87556,1361.67,84639,-0.84
2021-06-16 11:40:24,1362.95,6,51327,87563,1361.67,84639,-0.84
2021-06-16 11:40:28,1365.0,50,51393,87434,1361.67,84702,-0.69
2021-06-16 11:40:31,1365.0,50,51366,87416,1361.67,84752,-0.69
2021-06-16 11:40:33,1365.0,50,51317,87426,1361.67,84752,-0.69
2021-06-16 11:40:34,1365.0,1,51317,87426,1361.67,84752,-0.69
2021-06-16 11:40:35,1365.0,1,51314,87426,1361.67,84754,-0.69
2021-06-16 11:40:40,1365.0,1,51317,87426,1361.67,84754,-0.69
2021-06-16 11:40:40,1365.0,20,51317,87426,1361.67,84754,-0.69
2021-06-16 11:40:42,1365.0,20,51291,87499,1361.67,84774,-0.69
2021-06-16 11:40:45,1365.0,2,51291,87499,1361.67,84774,-0.69
2021-06-16 11:40:46,1365.0,2,51288,87499,1361.67,84776,-0.69
2021-06-16 11:40:49,1365.0,63,51183,87497,1361.67,84839,-0.69
2021-06-16 11:40:51,1365.0,63,51196,87497,1361.67,84839,-0.69
2021-06-16 11:40:55,1365.0,63,51190,87497,1361.67,84839,-0.69
2021-06-16 11:40:57,1365.0,63,51203,87483,1361.67,84839,-0.69
2021-06-16 11:40:59,1364.65,1,51203,87483,1361.67,84839,-0.72
2021-06-16 11:41:00,1364.65,1,51188,87534,1361.67,84840,-0.72
2021-06-16 11:41:01,1365.05,23,51218,87361,1361.68,85063,-0.69
2021-06-16 11:41:03,1363.85,1,51218,87361,1361.68,85063,-0.78
2021-06-16 11:41:04,1363.85,1,51197,87383,1361.68,85064,-0.78
2021-06-16 11:41:06,1363.85,1,51239,87394,1361.68,85064,-0.78
2021-06-16 11:41:06,1365.3,5,51239,87394,1361.68,85064,-0.67
2021-06-16 11:41:08,1365.3,5,51264,87389,1361.68,85069,-0.67
2021-06-16 11:41:10,1365.3,36,51264,87389,1361.68,85069,-0.67
2021-06-16 11:41:12,1365.3,36,51267,87362,1361.69,85105,-0.67
2021-06-16 11:41:16,1365.3,36,51174,87349,1361.69,85105,-0.67
2021-06-16 11:41:24,1365.3,36,51174,87351,1361.69,85105,-0.67
2021-06-16 11:41:28,1363.9,15,51174,87351,1361.69,85105,-0.77
2021-06-16 11:41:30,1363.9,15,51161,87391,1361.69,85122,-0.77
2021-06-16 11:41:31,1363.9,15,51180,87383,1361.69,85122,-0.77
2021-06-16 11:41:34,1363.9,15,51176,87411,1361.69,85122,-0.77
2021-06-16 11:41:36,1363.9,15,51135,87409,1361.69,85122,-0.77
2021-06-16 11:41:39,1363.9,15,51165,87395,1361.69,85122,-0.77
2021-06-16 11:41:41,1363.75,5,51145,87400,1361.69,85127,-0.79
2021-06-16 11:41:43,1363.75,5,51137,87392,1361.69,85127,-0.79
2021-06-16 11:41:45,1363.75,5,51129,87392,1361.69,85127,-0.79
2021-06-16 11:41:49,1363.75,5,51128,87393,1361.69,85127,-0.79
2021-06-16 11:41:51,1364.8,2,51128,87393,1361.69,85127,-0.71
2021-06-16 11:42:00,1364.8,2,51149,87366,1361.69,85152,-0.71
2021-06-16 11:42:01,1364.8,2,51150,87368,1361.69,85152,-0.71
2021-06-16 11:42:06,1364.8,2,51170,87368,1361.69,85152,-0.71
2021-06-16 11:42:07,1364.8,2,51169,87388,1361.69,85152,-0.71
2021-06-16 11:42:11,1364.8,2,51173,87377,1361.69,85152,-0.71
2021-06-16 11:42:15,1364.8,2,51153,87377,1361.69,85152,-0.71
2021-06-16 11:42:19,1364.8,2,51161,87377,1361.69,85152,-0.71
2021-06-16 11:42:21,1364.8,2,51160,87378,1361.69,85152,-0.71
2021-06-16 11:42:24,1364.8,2,51150,87378,1361.69,85152,-0.71
2021-06-16 11:42:26,1364.8,2,51148,87378,1361.69,85152,-0.71
2021-06-16 11:42:35,1363.5,5,51148,87378,1361.69,85152,-0.8
2021-06-16 11:42:45,1363.5,5,51121,87414,1361.69,85157,-0.8
2021-06-16 11:42:48,1363.5,5,51121,87394,1361.69,85157,-0.8
2021-06-16 11:42:50,1363.5,5,51021,87394,1361.69,85157,-0.8
2021-06-16 11:42:58,1363.5,5,51021,87395,1361.69,85157,-0.8
2021-06-16 11:42:58,1363.5,5,51039,87405,1361.69,85162,-0.8
2021-06-16 11:43:03,1363.5,5,51095,87406,1361.69,85162,-0.8
2021-06-16 11:43:19,1363.5,5,51097,87421,1361.69,85162,-0.8
2021-06-16 11:43:41,1363.5,5,51097,87429,1361.69,85162,-0.8
2021-06-16 11:43:49,1363.5,5,51097,87449,1361.69,85162,-0.8
2021-06-16 11:44:02,1363.4,2,51097,87449,1361.69,85162,-0.81
2021-06-16 11:44:04,1363.4,2,51091,87455,1361.69,85164,-0.81
2021-06-16 11:44:21,1363.4,2,51087,87467,1361.69,85164,-0.81
2021-06-16 11:44:22,1362.95,1,51087,87467,1361.69,85164,-0.84
2021-06-16 11:44:24,1362.95,1,50942,87528,1361.69,85165,-0.84
2021-06-16 11:44:25,1361.35,2,50870,87596,1361.69,85267,-0.96
2021-06-16 11:44:28,1361.35,2,50898,87600,1361.69,85267,-0.96
2021-06-16 11:44:32,1361.35,2,50907,87608,1361.69,85267,-0.96
2021-06-16 11:44:34,1361.35,2,50818,87491,1361.69,85267,-0.96
2021-06-16 11:44:37,1361.35,2,50818,87493,1361.69,85267,-0.96
2021-06-16 11:44:42,1361.35,2,50828,87493,1361.69,85267,-0.96
2021-06-16 11:44:44,1361.35,2,50829,87494,1361.69,85267,-0.96
2021-06-16 11:44:46,1361.35,2,50843,87495,1361.69,85267,-0.96
2021-06-16 11:44:50,1361.35,2,50843,87456,1361.69,85267,-0.96
2021-06-16 11:44:54,1361.35,2,50843,87434,1361.69,85267,-0.96
2021-06-16 11:44:57,1362.0,1,50843,87434,1361.69,85267,-0.91
2021-06-16 11:44:58,1362.0,1,50843,87445,1361.69,85268,-0.91
2021-06-16 11:45:13,1362.0,1,50843,87446,1361.69,85268,-0.91
2021-06-16 11:45:14,1362.0,1,50898,87422,1361.69,85269,-0.91
2021-06-16 11:45:16,1362.0,1,50912,87419,1361.69,85269,-0.91
2021-06-16 11:45:16,1361.35,1,50912,87419,1361.69,85269,-0.96
2021-06-16 11:45:18,1361.35,1,50887,87419,1361.69,85270,-0.96
2021-06-16 11:45:22,1361.35,1,50877,87409,1361.69,85270,-0.96
2021-06-16 11:45:29,1361.35,1,50917,87432,1361.69,85270,-0.96
2021-06-16 11:45:32,1361.35,56,50917,87432,1361.69,85270,-0.96
2021-06-16 11:45:33,1361.35,56,50806,87444,1361.69,85380,-0.96
2021-06-16 11:45:35,1361.35,56,50827,87446,1361.69,85380,-0.96
2021-06-16 11:45:39,1361.35,56,50807,87446,1361.69,85380,-0.96
2021-06-16 11:45:42,1361.35,56,50828,87446,1361.69,85380,-0.96
2021-06-16 11:45:44,1361.35,56,50843,87406,1361.69,85380,-0.96
2021-06-16 11:45:52,1362.8,1,50843,87406,1361.69,85380,-0.85
2021-06-16 11:45:53,1361.55,1,50843,87406,1361.69,85380,-0.95
2021-06-16 11:45:54,1361.55,1,50871,87373,1361.69,85386,-0.95
2021-06-16 11:45:55,1361.55,1,50899,87392,1361.69,85386,-0.95
2021-06-16 11:46:01,1363.15,7,50884,87334,1361.69,85396,-0.83
2021-06-16 11:46:03,1363.15,7,50884,87353,1361.69,85396,-0.83
2021-06-16 11:46:08,1363.15,7,50885,87353,1361.69,85396,-0.83
2021-06-16 11:46:10,1363.15,7,50931,87311,1361.69,85396,-0.83
2021-06-16 11:46:38,1363.15,7,50829,87274,1361.69,85396,-0.83
2021-06-16 11:46:40,1363.15,7,50848,87274,1361.69,85396,-0.83
2021-06-16 11:46:46,1363.15,7,50848,87275,1361.69,85396,-0.83
2021-06-16 11:46:48,1363.15,7,50849,87275,1361.69,85396,-0.83
2021-06-16 11:46:50,1363.15,7,50850,87277,1361.69,85396,-0.83
2021-06-16 11:46:52,1363.15,7,50836,87273,1361.69,85396,-0.83
2021-06-16 11:46:54,1363.0,5,50836,87273,1361.69,85396,-0.84
2021-06-16 11:46:56,1363.0,5,50848,87280,1361.69,85401,-0.84
2021-06-16 11:47:03,1363.0,5,50853,87280,1361.69,85401,-0.84
2021-06-16 11:47:05,1363.0,5,50858,87280,1361.69,85401,-0.84
2021-06-16 11:47:09,1363.0,5,50858,87286,1361.69,85401,-0.84
2021-06-16 11:47:27,1363.0,5,50858,87326,1361.69,85401,-0.84
2021-06-16 11:47:39,1363.0,5,50858,87333,1361.69,85401,-0.84
2021-06-16 11:47:41,1363.0,5,50858,87328,1361.69,85401,-0.84
2021-06-16 11:47:47,1363.4,4,50858,87328,1361.69,85401,-0.81
2021-06-16 11:47:48,1363.4,4,50870,87306,1361.69,85421,-0.81
2021-06-16 11:47:54,1363.4,4,50742,87238,1361.69,85421,-0.81
2021-06-16 11:47:59,1362.05,1,50742,87239,1361.69,85422,-0.91
2021-06-16 11:48:34,1362.05,1,50841,87272,1361.69,85422,-0.91
2021-06-16 11:48:40,1362.05,1,50842,87272,1361.69,85422,-0.91
2021-06-16 11:48:44,1362.05,1,50892,87272,1361.69,85422,-0.91
2021-06-16 11:49:00,1362.05,1,50874,87272,1361.69,85422,-0.91
2021-06-16 11:49:07,1362.05,1,50884,87272,1361.69,85422,-0.91
2021-06-16 11:49:20,1362.05,1,50885,87272,1361.69,85422,-0.91
2021-06-16 11:49:22,1362.05,1,50885,87285,1361.69,85422,-0.91
2021-06-16 11:49:34,1363.8,6,50885,87285,1361.69,85422,-0.78
2021-06-16 11:49:39,1363.8,6,50965,87373,1361.69,85433,-0.78
2021-06-16 11:49:52,1363.85,8,50965,87373,1361.69,85433,-0.78
2021-06-16 11:49:52,1363.85,8,50975,87348,1361.69,85442,-0.78
2021-06-16 11:50:03,1363.85,8,50975,87337,1361.69,85442,-0.78
2021-06-16 11:50:08,1363.9,10,50975,87337,1361.69,85442,-0.77
2021-06-16 11:50:09,1363.9,10,50952,87345,1361.69,85465,-0.77
2021-06-16 11:50:10,1363.9,10,50952,87334,1361.69,85465,-0.77
2021-06-16 11:50:16,1363.9,10,51052,87300,1361.69,85465,-0.77
2021-06-16 11:50:17,1363.9,5,51052,87300,1361.69,85465,-0.77
2021-06-16 11:50:19,1363.9,5,51059,87323,1361.69,85470,-0.77
2021-06-16 11:50:21,1363.9,15,51059,87323,1361.69,85470,-0.77
2021-06-16 11:50:22,1363.9,15,51061,87336,1361.69,85485,-0.77
2021-06-16 11:50:24,1364.75,2,51061,87336,1361.69,85485,-0.71
2021-06-16 11:50:24,1364.75,2,51055,87287,1361.69,85495,-0.71
2021-06-16 11:50:37,1364.75,2,51055,87255,1361.69,85495,-0.71
2021-06-16 11:50:39,1364.65,1,51055,87268,1361.69,85496,-0.72
2021-06-16 11:50:43,1364.65,1,51115,87259,1361.69,85496,-0.72
2021-06-16 11:50:48,1364.65,1,51105,87259,1361.69,85496,-0.72
2021-06-16 11:50:52,1364.65,93,51112,87285,1361.69,85603,-0.72
2021-06-16 11:50:54,1364.65,93,51100,87307,1361.69,85603,-0.72
2021-06-16 11:50:56,1364.65,93,51100,87308,1361.69,85603,-0.72
2021-06-16 11:51:02,1363.5,3,51033,87324,1361.69,85608,-0.8
2021-06-16 11:51:03,1363.5,3,51051,87342,1361.69,85608,-0.8
2021-06-16 11:51:10,1363.5,3,51098,87315,1361.69,85608,-0.8
2021-06-16 11:51:13,1363.5,3,51099,87315,1361.69,85608,-0.8
2021-06-16 11:51:15,1365.4,7,51099,87315,1361.69,85608,-0.67
2021-06-16 11:51:15,1365.4,7,51080,87198,1361.69,85653,-0.67
2021-06-16 11:51:18,1365.4,7,51134,87187,1361.69,85653,-0.67
2021-06-16 11:51:26,1365.4,7,51134,87189,1361.69,85653,-0.67
2021-06-16 11:51:30,1365.4,7,51171,87205,1361.69,85653,-0.67
2021-06-16 11:51:32,1365.4,7,51191,87205,1361.69,85653,-0.67
2021-06-16 11:51:36,1365.4,7,51195,87205,1361.69,85653,-0.67
2021-06-16 11:51:37,1365.4,7,51194,87228,1361.69,85653,-0.67
2021-06-16 11:51:46,1365.2,3,51194,87228,1361.69,85653,-0.68
2021-06-16 11:51:48,1365.2,3,51194,87225,1361.7,85663,-0.68
2021-06-16 11:51:52,1365.2,3,51194,87192,1361.7,85663,-0.68
2021-06-16 11:51:54,1365.2,3,51199,87192,1361.7,85663,-0.68
2021-06-16 11:52:00,1365.2,1,51092,87191,1361.7,85664,-0.68
2021-06-16 11:52:03,1365.2,1,51113,87191,1361.7,85664,-0.68
2021-06-16 11:52:12,1365.2,1,51123,87192,1361.7,85664,-0.68
2021-06-16 11:52:25,1363.7,7,51246,87221,1361.7,85671,-0.79
2021-06-16 11:52:28,1363.7,7,51247,87249,1361.7,85671,-0.79
2021-06-16 11:52:30,1363.7,7,51247,87257,1361.7,85671,-0.79
2021-06-16 11:52:38,1365.1,25,51247,87257,1361.7,85671,-0.69
2021-06-16 11:52:40,1365.1,25,51266,87192,1361.7,85696,-0.69
2021-06-16 11:52:47,1365.15,8,51266,87192,1361.7,85696,-0.68
2021-06-16 11:52:49,1365.15,8,51232,87182,1361.7,85704,-0.68
2021-06-16 11:53:03,1365.15,8,51170,87182,1361.7,85704,-0.68
2021-06-16 11:53:05,1365.15,8,51161,87182,1361.7,85704,-0.68
2021-06-16 11:53:07,1365.15,8,51161,87188,1361.7,85704,-0.68
2021-06-16 11:53:09,1365.15,8,51161,87208,1361.7,85704,-0.68
2021-06-16 11:53:10,1365.2,2,51159,87213,1361.7,85706,-0.68
2021-06-16 11:53:18,1365.2,2,51160,87224,1361.7,85706,-0.68
2021-06-16 11:53:19,1365.2,2,51128,87335,1361.7,85706,-0.68
2021-06-16 11:53:27,1365.2,2,51109,87335,1361.7,85706,-0.68
2021-06-16 11:53:28,1365.2,2,51129,87335,1361.7,85706,-0.68
2021-06-16 11:53:38,1365.2,2,50929,87335,1361.7,85706,-0.68
2021-06-16 11:53:47,1365.2,2,50929,87336,1361.7,85706,-0.68
2021-06-16 11:53:52,1365.2,2,50908,87336,1361.7,85706,-0.68
2021-06-16 11:54:02,1365.2,2,50877,87336,1361.7,85706,-0.68
2021-06-16 11:54:16,1365.2,2,50887,87336,1361.7,85706,-0.68
2021-06-16 11:54:22,1364.2,27,50887,87336,1361.7,85706,-0.75
2021-06-16 11:54:22,1364.2,27,50862,87336,1361.7,85733,-0.75
2021-06-16 11:54:26,1364.2,27,50841,87336,1361.7,85733,-0.75
2021-06-16 11:54:30,1365.2,1,50858,87335,1361.7,85734,-0.68
2021-06-16 11:54:57,1365.2,20,50861,87314,1361.7,85755,-0.68
2021-06-16 11:55:01,1365.2,20,50874,87364,1361.7,85755,-0.68
2021-06-16 11:55:02,1364.2,1,50874,87364,1361.7,85755,-0.75
2021-06-16 11:55:03,1364.2,1,50860,87364,1361.7,85756,-0.75
2021-06-16 11:55:07,1364.2,1,50810,87364,1361.7,85756,-0.75
2021-06-16 11:55:18,1364.2,1,50836,87364,1361.7,85756,-0.75
2021-06-16 11:55:31,1364.2,1,50836,87367,1361.7,85756,-0.75
2021-06-16 11:55:34,1365.35,8,50875,87212,1361.7,85854,-0.67
2021-06-16 11:55:35,1365.5,7,50875,87212,1361.7,85854,-0.66
2021-06-16 11:55:36,1365.5,7,50852,87183,1361.7,85888,-0.66
2021-06-16 11:55:38,1365.5,7,50930,87235,1361.7,85888,-0.66
2021-06-16 11:55:40,1365.65,8,51127,87170,1361.7,85910,-0.65
2021-06-16 11:55:42,1365.65,8,51127,87189,1361.7,85910,-0.65
2021-06-16 11:55:49,1365.65,8,51127,87190,1361.7,85910,-0.65
2021-06-16 11:55:51,1365.25,10,51127,87190,1361.7,85910,-0.68
2021-06-16 11:55:52,1365.25,10,51117,87190,1361.71,85920,-0.68
2021-06-16 11:55:54,1366.0,95,51009,87205,1361.71,86030,-0.62
2021-06-16 11:56:07,1365.8,3,51009,87205,1361.71,86030,-0.64
2021-06-16 11:56:08,1365.8,3,51026,87203,1361.71,86033,-0.64
2021-06-16 11:56:10,1365.8,3,51027,87214,1361.71,86033,-0.64
2021-06-16 11:56:19,1365.9,7,51027,87214,1361.71,86033,-0.63
2021-06-16 11:56:20,1365.9,7,51071,87078,1361.72,86147,-0.63
2021-06-16 11:56:22,1366.0,6,51071,87078,1361.72,86147,-0.62
2021-06-16 11:56:24,1366.0,6,51076,87053,1361.72,86160,-0.62
2021-06-16 11:56:33,1366.05,2,51076,87053,1361.72,86160,-0.62
2021-06-16 11:56:34,1366.05,2,51111,87051,1361.72,86162,-0.62
2021-06-16 11:56:38,1366.05,2,51116,87051,1361.72,86162,-0.62
2021-06-16 11:56:45,1366.05,2,51127,87051,1361.72,86162,-0.62
2021-06-16 11:56:47,1366.05,2,51147,87051,1361.72,86162,-0.62
2021-06-16 11:56:52,1366.05,2,51155,87051,1361.72,86162,-0.62
2021-06-16 11:56:57,1366.85,1,51155,87051,1361.72,86162,-0.56
2021-06-16 11:56:57,1366.85,1,51168,87093,1361.72,86171,-0.56
2021-06-16 11:57:01,1366.85,1,51166,87094,1361.72,86171,-0.56
2021-06-16 11:57:05,1366.85,1,51186,87094,1361.72,86171,-0.56
2021-06-16 11:57:10,1367.0,1,51186,87094,1361.72,86171,-0.55
2021-06-16 11:57:11,1367.0,1,51184,87093,1361.72,86172,-0.55
2021-06-16 11:57:15,1367.0,1,51186,87093,1361.72,86172,-0.55
2021-06-16 11:57:16,1367.0,1,51187,87093,1361.72,86172,-0.55
2021-06-16 11:57:24,1367.0,1,51189,87093,1361.72,86172,-0.55
2021-06-16 11:57:25,1366.2,3,51189,87093,1361.72,86172,-0.61
2021-06-16 11:57:26,1366.2,3,51168,87016,1361.73,86423,-0.61
2021-06-16 11:57:28,1366.2,3,51170,87037,1361.73,86423,-0.61
2021-06-16 11:57:30,1367.0,10,51170,87037,1361.73,86423,-0.55
2021-06-16 11:57:30,1367.0,10,51196,86989,1361.73,86433,-0.55
2021-06-16 11:57:33,1368.25,1,51224,87002,1361.73,86433,-0.46
2021-06-16 11:57:34,1368.25,4,51224,87019,1361.74,86438,-0.46
2021-06-16 11:57:37,1368.25,4,51231,87016,1361.74,86443,-0.46
2021-06-16 11:57:39,1366.85,27,51231,87016,1361.74,86443,-0.56
2021-06-16 11:57:41,1366.85,27,51139,87147,1361.74,86533,-0.56
2021-06-16 11:57:43,1366.85,27,51165,87145,1361.74,86533,-0.56
2021-06-16 11:57:45,1366.85,27,51185,87146,1361.74,86533,-0.56
2021-06-16 11:57:49,1366.9,2,51185,87146,1361.74,86533,-0.56
2021-06-16 11:57:51,1366.9,2,51175,87118,1361.74,86535,-0.56
2021-06-16 11:57:52,1366.9,2,51189,86668,1361.74,86535,-0.56
2021-06-16 11:57:54,1366.9,2,51189,86678,1361.74,86535,-0.56
2021-06-16 11:57:57,1366.9,2,51189,86637,1361.74,86535,-0.56
2021-06-16 11:57:57,1367.0,5,51189,86637,1361.74,86535,-0.55
2021-06-16 11:57:59,1367.0,5,51221,86615,1361.74,86540,-0.55
2021-06-16 11:58:03,1367.0,5,51220,86165,1361.74,86540,-0.55
2021-06-16 11:58:05,1367.0,5,51222,86165,1361.74,86540,-0.55
2021-06-16 11:58:06,1366.0,5,51222,86165,1361.74,86540,-0.62
2021-06-16 11:58:07,1366.0,5,51194,86210,1361.75,86695,-0.62
2021-06-16 11:58:09,1366.0,5,51063,86208,1361.75,86695,-0.62
2021-06-16 11:58:13,1366.0,5,51063,86209,1361.75,86695,-0.62
2021-06-16 11:58:15,1366.0,5,51063,86220,1361.75,86695,-0.62
2021-06-16 11:58:16,1366.0,5,51063,86225,1361.75,86695,-0.62
2021-06-16 11:58:22,1366.0,5,51063,86237,1361.75,86695,-0.62
2021-06-16 11:58:25,1366.0,5,51063,86242,1361.75,86695,-0.62
2021-06-16 11:58:29,1366.0,5,51057,86241,1361.75,86695,-0.62
2021-06-16 11:58:31,1366.0,5,51058,86252,1361.75,86695,-0.62
2021-06-16 11:58:37,1368.1,8,51058,86252,1361.75,86695,-0.47
2021-06-16 11:58:39,1368.1,8,51267,85967,1361.81,87469,-0.47
2021-06-16 11:58:40,1368.1,8,51256,85987,1361.81,87469,-0.47
2021-06-16 11:58:46,1369.0,10,51256,85987,1361.81,87469,-0.4
2021-06-16 11:58:46,1369.0,10,51285,86030,1361.81,87480,-0.4
2021-06-16 11:58:49,1369.0,10,51271,85963,1361.81,87480,-0.4
2021-06-16 11:58:51,1369.0,10,51291,86006,1361.81,87480,-0.4
2021-06-16 11:58:58,1369.3,8,51067,85945,1361.83,87680,-0.38
2021-06-16 11:59:01,1369.3,8,51067,85938,1361.83,87680,-0.38
2021-06-16 11:59:05,1368.0,25,51067,85938,1361.83,87680,-0.48
2021-06-16 11:59:05,1368.0,25,51068,85947,1361.83,87705,-0.48
2021-06-16 11:59:07,1367.75,51,51101,85961,1361.83,87777,-0.49
2021-06-16 11:59:09,1367.75,51,51132,85956,1361.83,87777,-0.49
2021-06-16 11:59:11,1367.75,51,51168,86032,1361.83,87777,-0.49
2021-06-16 11:59:12,1369.3,28,51168,86032,1361.83,87777,-0.38
2021-06-16 11:59:13,1369.3,28,51188,85948,1361.84,87827,-0.38
2021-06-16 11:59:15,1369.3,28,51143,85949,1361.84,87827,-0.38
2021-06-16 11:59:17,1369.3,2,51074,85968,1361.84,87827,-0.38
2021-06-16 11:59:19,1369.3,2,51093,85947,1361.84,87829,-0.38
2021-06-16 11:59:21,1368.0,14,51093,85947,1361.84,87829,-0.48
2021-06-16 11:59:23,1369.3,63,51093,85947,1361.84,87829,-0.38
2021-06-16 11:59:25,1369.3,22,51093,85947,1361.84,87829,-0.38
2021-06-16 11:59:26,1369.3,22,51176,86045,1361.85,87937,-0.38
2021-06-16 11:59:28,1369.3,22,51188,86070,1361.85,87937,-0.38
2021-06-16 11:59:30,1369.3,22,51092,86081,1361.85,87937,-0.38
2021-06-16 11:59:32,1368.35,4,51092,86081,1361.85,87937,-0.45
2021-06-16 11:59:33,1368.35,4,51032,86059,1361.85,87947,-0.45
2021-06-16 11:59:36,1368.35,4,51035,86060,1361.85,87947,-0.45
2021-06-16 11:59:38,1368.35,78,51035,86060,1361.85,87947,-0.45
2021-06-16 11:59:39,1368.35,78,50944,86104,1361.85,88028,-0.45
2021-06-16 11:59:43,1368.35,78,50923,86105,1361.85,88028,-0.45
2021-06-16 11:59:49,1368.35,78,50936,86106,1361.85,88028,-0.45
2021-06-16 11:59:50,1369.3,7,50936,86106,1361.85,88028,-0.38
2021-06-16 11:59:52,1369.3,7,50956,86051,1361.86,88048,-0.38
2021-06-16 11:59:54,1369.3,7,50936,86040,1361.86,88048,-0.38
2021-06-16 11:59:55,1368.0,9,50936,86040,1361.86,88048,-0.48
2021-06-16 11:59:56,1368.0,9,50978,86005,1361.86,88067,-0.48
2021-06-16 11:59:58,1369.6,3,50978,86005,1361.86,88067,-0.36
2021-06-16 11:59:58,1369.6,3,50991,86017,1361.86,88087,-0.36
2021-06-16 11:59:59,1368.1,37,50991,86017,1361.86,88087,-0.47
2021-06-16 12:00:00,1368.25,6,50991,86017,1361.86,88087,-0.46
2021-06-16 12:00:01,1368.25,6,50955,86086,1361.86,88157,-0.46
2021-06-16 12:00:05,1368.25,6,50957,86087,1361.86,88157,-0.46
2021-06-16 12:00:07,1368.25,6,50968,86086,1361.86,88157,-0.46
2021-06-16 12:00:07,1369.3,1,50968,86086,1361.86,88157,-0.38
2021-06-16 12:00:09,1369.3,1,50968,86085,1361.86,88158,-0.38
2021-06-16 12:00:13,1368.25,71,50968,86085,1361.86,88158,-0.46
2021-06-16 12:00:13,1368.25,71,50939,86507,1361.87,88229,-0.46
2021-06-16 12:00:18,1368.25,71,50952,86484,1361.87,88229,-0.46
2021-06-16 12:00:20,1368.25,71,50954,86484,1361.87,88229,-0.46
2021-06-16 12:00:22,1368.25,71,50975,86503,1361.87,88229,-0.46
2021-06-16 12:00:24,1368.25,71,50975,86504,1361.87,88229,-0.46
2021-06-16 12:00:28,1368.25,71,50965,86504,1361.87,88229,-0.46
2021-06-16 12:00:30,1368.25,71,50965,86584,1361.87,88229,-0.46
2021-06-16 12:00:31,1368.25,71,50965,86605,1361.87,88229,-0.46
2021-06-16 12:00:33,1368.0,28,50965,86605,1361.87,88229,-0.48
2021-06-16 12:00:33,1368.0,28,50955,86606,1361.87,88258,-0.48
2021-06-16 12:00:37,1368.0,28,50950,86716,1361.87,88258,-0.48
2021-06-16 12:00:38,1366.0,6,50950,86716,1361.87,88258,-0.62
2021-06-16 12:00:39,1366.0,6,50867,86756,1361.89,88558,-0.62
2021-06-16 12:00:41,1366.0,6,50888,86579,1361.89,88558,-0.62
2021-06-16 12:00:46,1366.0,6,50888,86578,1361.89,88558,-0.62
2021-06-16 12:00:54,1366.0,6,50890,86598,1361.89,88558,-0.62
2021-06-16 12:00:58,1366.0,6,50890,86608,1361.89,88558,-0.62
2021-06-16 12:01:06,1366.0,6,50903,86508,1361.89,88558,-0.62
2021-06-16 12:01:10,1366.0,6,50904,86508,1361.89,88558,-0.62
2021-06-16 12:01:12,1368.15,6,50929,86496,1361.89,88558,-0.47
2021-06-16 12:01:13,1368.2,8,50929,86496,1361.89,88558,-0.46
2021-06-16 12:01:14,1368.2,8,50892,86334,1361.89,88578,-0.46
2021-06-16 12:01:24,1368.2,8,50892,86354,1361.89,88578,-0.46
2021-06-16 12:01:24,1368.1,3,50892,86354,1361.89,88578,-0.47
2021-06-16 12:01:26,1368.1,3,50813,86354,1361.89,88581,-0.47
2021-06-16 12:01:37,1368.1,3,50813,86456,1361.89,88581,-0.47
2021-06-16 12:01:39,1368.1,3,50821,86458,1361.89,88581,-0.47
2021-06-16 12:01:40,1368.1,3,50821,86558,1361.89,88581,-0.47
2021-06-16 12:01:41,1368.7,10,50821,86558,1361.89,88581,-0.43
2021-06-16 12:01:43,1368.1,54,50758,86591,1361.9,88645,-0.47
2021-06-16 12:01:45,1368.1,54,50759,86856,1361.9,88645,-0.47
2021-06-16 12:01:48,1368.1,54,50824,86856,1361.9,88645,-0.47
2021-06-16 12:02:00,1368.1,46,50795,86865,1361.9,88691,-0.47
2021-06-16 12:02:02,1368.1,66,50795,86865,1361.9,88691,-0.47
2021-06-16 12:02:04,1368.1,66,50736,86876,1361.9,88772,-0.47
2021-06-16 12:02:06,1368.1,66,50734,86871,1361.9,88772,-0.47
2021-06-16 12:02:15,1368.1,66,50746,86878,1361.9,88772,-0.47
2021-06-16 12:02:23,1368.1,66,50746,86888,1361.9,88772,-0.47
2021-06-16 12:02:27,1368.1,66,50756,86888,1361.9,88772,-0.47
2021-06-16 12:02:29,1368.1,66,50724,86927,1361.9,88772,-0.47
2021-06-16 12:02:36,1366.85,4,50724,86927,1361.9,88772,-0.56
2021-06-16 12:02:37,1366.85,4,50734,86915,1361.9,88784,-0.56
2021-06-16 12:02:43,1370.0,1489,50739,85111,1362.08,90784,-0.33
2021-06-16 12:02:45,1370.0,1489,50848,85130,1362.08,90784,-0.33
2021-06-16 12:02:46,1370.0,1489,50868,85130,1362.08,90784,-0.33
2021-06-16 12:02:52,1370.0,1489,50843,85158,1362.08,90784,-0.33
2021-06-16 12:02:55,1370.0,1489,50681,85100,1362.08,90784,-0.33
2021-06-16 12:02:56,1368.55,1,50681,85100,1362.08,90784,-0.44
2021-06-16 12:02:57,1368.55,1,50659,85114,1362.08,90785,-0.44
2021-06-16 12:03:00,1368.55,1,50678,85140,1362.08,90785,-0.44
2021-06-16 12:03:02,1370.0,107,50640,86499,1362.21,92350,-0.33
2021-06-16 12:03:04,1370.0,107,50640,86483,1362.21,92350,-0.33
2021-06-16 12:03:07,1370.0,107,50649,86577,1362.21,92350,-0.33
2021-06-16 12:03:07,1369.65,1,50649,86577,1362.21,92350,-0.36
2021-06-16 12:03:09,1368.55,4,50646,86637,1362.21,92355,-0.44
2021-06-16 12:03:10,1368.55,4,50646,86638,1362.21,92355,-0.44
2021-06-16 12:03:15,1368.55,4,50646,86613,1362.21,92355,-0.44
2021-06-16 12:03:19,1369.7,6,50646,86613,1362.21,92355,-0.35
2021-06-16 12:03:21,1369.7,6,50646,86606,1362.21,92364,-0.35
2021-06-16 12:03:29,1369.7,6,50646,86607,1362.21,92364,-0.35
2021-06-16 12:03:31,1369.7,6,50652,86607,1362.21,92364,-0.35
2021-06-16 12:03:32,1370.0,90,50652,86607,1362.21,92364,-0.33
2021-06-16 12:03:35,1370.0,90,50804,86473,1362.22,92464,-0.33
2021-06-16 12:03:36,1368.55,1,50804,86473,1362.22,92464,-0.44
2021-06-16 12:03:37,1368.55,1,50802,86530,1362.22,92467,-0.44
2021-06-16 12:03:39,1368.55,1,50923,86529,1362.22,92467,-0.44
2021-06-16 12:03:43,1368.55,1,50923,86555,1362.22,92467,-0.44
2021-06-16 12:03:45,1368.55,1,50938,86568,1362.22,92467,-0.44
2021-06-16 12:03:58,1368.55,1,50938,86569,1362.22,92467,-0.44
2021-06-16 12:04:09,1368.55,1,50940,86575,1362.22,92467,-0.44
2021-06-16 12:04:10,1368.55,1,50942,86575,1362.22,92467,-0.44
2021-06-16 12:04:12,1368.0,26,50963,86612,1362.22,92517,-0.48
2021-06-16 12:04:15,1368.0,1,50966,86530,1362.22,92522,-0.48
2021-06-16 12:04:17,1368.0,1,50989,86559,1362.22,92522,-0.48
2021-06-16 12:04:19,1368.0,1,50989,86560,1362.22,92522,-0.48
2021-06-16 12:04:29,1368.0,1,50989,86567,1362.22,92522,-0.48
2021-06-16 12:04:34,1368.0,1,50977,86567,1362.22,92522,-0.48
2021-06-16 12:04:39,1368.0,1,50980,86607,1362.22,92522,-0.48
2021-06-16 12:04:40,1368.0,1,50979,86617,1362.22,92522,-0.48
2021-06-16 12:04:42,1368.0,1,50979,86624,1362.22,92522,-0.48
2021-06-16 12:04:46,1368.0,1,50979,86724,1362.22,92522,-0.48
2021-06-16 12:04:50,1368.0,1,50980,86724,1362.22,92522,-0.48
2021-06-16 12:04:52,1368.0,1,50980,86744,1362.22,92522,-0.48
2021-06-16 12:04:55,1368.0,1,50960,86744,1362.22,92522,-0.48
2021-06-16 12:04:59,1368.0,1,50979,86735,1362.22,92522,-0.48
2021-06-16 12:05:01,1368.0,1,50939,86735,1362.22,92522,-0.48
2021-06-16 12:05:07,1368.0,1,50940,86743,1362.22,92522,-0.48
2021-06-16 12:05:18,1368.0,1,50911,86771,1362.22,92522,-0.48
2021-06-16 12:05:19,1366.85,27,50911,86771,1362.22,92522,-0.56
2021-06-16 12:05:20,1366.85,27,50855,87062,1362.23,92601,-0.56
2021-06-16 12:05:21,1368.05,5,50855,87062,1362.23,92601,-0.47
2021-06-16 12:05:22,1368.05,5,50920,87121,1362.23,92677,-0.47
2021-06-16 12:05:24,1368.9,2,50920,87118,1362.23,92679,-0.41
2021-06-16 12:05:29,1368.0,9,50920,87118,1362.23,92679,-0.48
2021-06-16 12:05:30,1368.0,9,50868,87120,1362.23,92688,-0.48
2021-06-16 12:05:34,1368.0,9,50919,87081,1362.23,92688,-0.48
2021-06-16 12:05:37,1368.0,9,50905,87104,1362.23,92688,-0.48
2021-06-16 12:05:39,1368.0,5,50905,87104,1362.23,92688,-0.48
2021-06-16 12:05:40,1368.9,10,50963,86993,1362.24,92729,-0.41
2021-06-16 12:05:43,1368.9,2,50963,86993,1362.24,92729,-0.41
2021-06-16 12:05:43,1368.9,2,50942,87010,1362.24,92731,-0.41
2021-06-16 12:05:47,1368.9,2,50937,87020,1362.24,92731,-0.41
2021-06-16 12:06:00,1368.9,2,50938,87022,1362.24,92731,-0.41
2021-06-16 12:06:04,1367.95,3,50938,87022,1362.24,92731,-0.48
2021-06-16 12:06:04,1367.95,3,50917,87026,1362.24,92734,-0.48
2021-06-16 12:06:06,1367.95,3,50916,87026,1362.24,92734,-0.48
2021-06-16 12:06:14,1367.95,3,50882,86911,1362.24,92734,-0.48
2021-06-16 12:06:28,1368.8,1,50882,86911,1362.24,92734,-0.42
2021-06-16 12:06:29,1368.8,1,51396,86917,1362.24,92736,-0.42
2021-06-16 12:06:39,1368.85,5,51396,86917,1362.24,92736,-0.41
2021-06-16 12:06:39,1368.85,5,51398,86922,1362.24,92741,-0.41
2021-06-16 12:06:47,1368.9,2,51398,86922,1362.24,92741,-0.41
2021-06-16 12:06:48,1368.9,2,51391,86883,1362.24,92760,-0.41
2021-06-16 12:06:50,1368.9,2,51424,86882,1362.24,92760,-0.41
2021-06-16 12:07:01,1367.95,7,50808,86928,1362.27,93267,-0.48
2021-06-16 12:07:03,1367.95,7,50829,86927,1362.27,93267,-0.48
2021-06-16 12:07:11,1368.4,5,50829,86927,1362.27,93267,-0.45
2021-06-16 12:07:13,1368.4,5,50822,86969,1362.27,93272,-0.45
2021-06-16 12:07:20,1368.4,5,50843,86911,1362.27,93272,-0.45
2021-06-16 12:07:21,1368.3,6,50843,86911,1362.27,93272,-0.45
2021-06-16 12:07:24,1368.3,6,50850,86954,1362.27,93278,-0.45
2021-06-16 12:07:28,1367.0,31,50732,87095,1362.27,93343,-0.55
2021-06-16 12:07:39,1367.0,31,50871,87129,1362.27,93343,-0.55
2021-06-16 12:07:43,1368.5,6,50871,87129,1362.27,93343,-0.44
2021-06-16 12:07:43,1368.5,6,51115,86997,1362.28,93380,-0.44
2021-06-16 12:07:45,1368.5,6,51099,87030,1362.28,93380,-0.44
2021-06-16 12:07:49,1368.9,10,51099,87030,1362.28,93380,-0.41
2021-06-16 12:07:50,1368.9,10,51198,87036,1362.28,93390,-0.41
2021-06-16 12:07:54,1368.9,10,51044,87036,1362.28,93390,-0.41
2021-06-16 12:08:08,1368.9,10,51043,87033,1362.28,93390,-0.41
2021-06-16 12:08:16,1368.9,10,51045,87033,1362.28,93390,-0.41
2021-06-16 12:08:25,1368.9,10,51070,87033,1362.28,93390,-0.41
2021-06-16 12:08:34,1368.9,10,51070,87038,1362.28,93390,-0.41
2021-06-16 12:08:37,1368.3,182,51070,87038,1362.28,93390,-0.45
2021-06-16 12:08:39,1368.3,182,50892,87184,1362.29,93572,-0.45
2021-06-16 12:08:43,1368.3,182,50892,87185,1362.29,93572,-0.45
2021-06-16 12:08:51,1368.3,182,50972,87185,1362.29,93572,-0.45
2021-06-16 12:09:08,1368.3,182,50971,87186,1362.29,93572,-0.45
2021-06-16 12:09:13,1368.3,182,50969,87286,1362.29,93572,-0.45
2021-06-16 12:09:18,1368.3,182,50967,87287,1362.29,93572,-0.45
2021-06-16 12:09:22,1368.3,182,50997,87287,1362.29,93572,-0.45
2021-06-16 12:09:30,1364.0,10,50997,87287,1362.29,93572,-0.77
2021-06-16 12:09:30,1364.0,10,50470,87448,1362.32,94392,-0.77
2021-06-16 12:09:32,1364.0,10,50493,87480,1362.32,94392,-0.77
2021-06-16 12:09:34,1364.0,10,50413,87475,1362.32,94392,-0.77
2021-06-16 12:09:37,1364.0,10,50516,87531,1362.32,94392,-0.77
2021-06-16 12:09:42,1364.0,10,50516,87532,1362.32,94392,-0.77
2021-06-16 12:09:44,1364.0,10,50515,88135,1362.32,94392,-0.77
2021-06-16 12:09:52,1364.0,4,50515,88135,1362.32,94392,-0.77
2021-06-16 12:09:54,1364.0,4,50511,88136,1362.32,94396,-0.77
2021-06-16 12:09:54,1364.0,6,50511,88136,1362.32,94396,-0.77
2021-06-16 12:09:55,1364.0,6,50515,88134,1362.32,94402,-0.77
2021-06-16 12:10:00,1364.0,6,50515,88133,1362.32,94402,-0.77
2021-06-16 12:10:20,1364.0,10,50528,88136,1362.32,94412,-0.77
2021-06-16 12:10:22,1364.0,10,50529,88097,1362.32,94412,-0.77
2021-06-16 12:10:34,1364.0,10,50578,88128,1362.32,94412,-0.77
2021-06-16 12:10:36,1364.0,10,50611,88128,1362.32,94422,-0.77
2021-06-16 12:10:41,1364.0,10,50614,88124,1362.32,94422,-0.77
2021-06-16 12:10:42,1364.0,10,50658,88138,1362.32,94432,-0.77
2021-06-16 12:10:47,1364.0,10,50658,88137,1362.32,94432,-0.77
2021-06-16 12:11:03,1364.0,10,50675,88179,1362.32,94432,-0.77
2021-06-16 12:11:05,1364.0,1,50676,88162,1362.32,94432,-0.77
2021-06-16 12:11:07,1364.0,1,50691,88193,1362.32,94433,-0.77
2021-06-16 12:11:09,1364.0,1,50847,88064,1362.32,94433,-0.77
2021-06-16 12:11:11,1364.0,10,50847,88064,1362.32,94433,-0.77
2021-06-16 12:11:12,1365.0,19,50909,88026,1362.32,94522,-0.69
2021-06-16 12:11:14,1365.0,19,50974,88051,1362.32,94522,-0.69
2021-06-16 12:11:16,1365.0,19,51098,88071,1362.32,94522,-0.69
2021-06-16 12:11:18,1366.75,1,51098,88071,1362.32,94522,-0.57
2021-06-16 12:11:19,1366.75,1,51222,88046,1362.33,94672,-0.57
2021-06-16 12:11:22,1366.75,1,51178,88045,1362.33,94672,-0.57
2021-06-16 12:11:24,1366.75,1,51173,88045,1362.33,94672,-0.57
2021-06-16 12:11:28,1366.75,1,51183,88045,1362.33,94672,-0.57
2021-06-16 12:11:33,1366.75,1,51121,88135,1362.33,94672,-0.57
2021-06-16 12:11:34,1366.75,1,51141,88134,1362.33,94672,-0.57
2021-06-16 12:11:36,1365.3,2,51142,88134,1362.33,94672,-0.67
2021-06-16 12:11:38,1365.3,2,50998,88061,1362.33,94844,-0.67
2021-06-16 12:11:40,1365.3,2,50963,88109,1362.33,94844,-0.67
2021-06-16 12:11:42,1365.3,2,50983,88109,1362.33,94844,-0.67
2021-06-16 12:11:43,1367.0,1,50983,88109,1362.33,94844,-0.55
2021-06-16 12:11:43,1367.0,1,50959,88065,1362.34,94866,-0.55
2021-06-16 12:11:45,1367.0,1,50960,88088,1362.34,94866,-0.55
2021-06-16 12:11:47,1367.0,1,50948,88121,1362.34,94866,-0.55
2021-06-16 12:11:51,1367.0,1,50961,88133,1362.34,94866,-0.55
2021-06-16 12:11:52,1367.0,1,50975,88133,1362.34,94866,-0.55
2021-06-16 12:11:55,1367.0,1,50986,88105,1362.34,94866,-0.55
2021-06-16 12:12:01,1367.0,1,50986,88106,1362.34,94866,-0.55
2021-06-16 12:12:03,1367.6,57,50983,88002,1362.34,95016,-0.51
2021-06-16 12:12:04,1367.6,57,50983,88023,1362.34,95016,-0.51
2021-06-16 12:12:10,1367.6,57,51073,88023,1362.34,95016,-0.51
2021-06-16 12:12:15,1367.9,8,51153,87979,1362.35,95056,-0.48
2021-06-16 12:12:17,1369.0,58,51202,87628,1362.37,95406,-0.4
2021-06-16 12:12:18,1369.0,200,51202,87628,1362.37,95406,-0.4
2021-06-16 12:12:19,1369.0,200,51206,87158,1362.4,95856,-0.4
2021-06-16 12:12:20,1369.2,8,51206,87158,1362.4,95856,-0.39
2021-06-16 12:12:21,1369.95,2,51208,87076,1362.43,96208,-0.33
2021-06-16 12:12:22,1369.95,2,51116,87152,1362.43,96208,-0.33
2021-06-16 12:12:24,1369.95,2,51131,87117,1362.43,96208,-0.33
2021-06-16 12:12:26,1369.95,2,51120,87141,1362.43,96208,-0.33
2021-06-16 12:12:30,1369.95,2,51118,87202,1362.43,96208,-0.33
2021-06-16 12:12:33,1369.4,18,51118,87202,1362.43,96208,-0.37
2021-06-16 12:12:35,1369.4,18,51118,87127,1362.43,96308,-0.37
2021-06-16 12:12:38,1367.65,4,51056,87221,1362.44,96420,-0.5
2021-06-16 12:12:40,1367.65,4,51078,87213,1362.44,96420,-0.5
2021-06-16 12:12:46,1367.65,4,51119,87287,1362.44,96420,-0.5
2021-06-16 12:12:52,1367.65,4,51120,87287,1362.44,96420,-0.5
2021-06-16 12:12:55,1367.65,4,51120,87256,1362.44,96420,-0.5
2021-06-16 12:12:57,1367.65,4,51121,87274,1362.44,96420,-0.5
2021-06-16 12:13:07,1367.65,4,51132,87274,1362.44,96420,-0.5
2021-06-16 12:13:13,1367.65,4,51142,87274,1362.44,96420,-0.5
2021-06-16 12:13:15,1367.65,4,51184,87274,1362.44,96420,-0.5
2021-06-16 12:13:21,1366.0,14,51184,87274,1362.44,96420,-0.62
2021-06-16 12:13:22,1366.0,6,51124,87293,1362.45,96540,-0.62
2021-06-16 12:13:24,1366.0,6,51163,87228,1362.45,96540,-0.62
2021-06-16 12:13:27,1366.0,6,51218,87262,1362.45,96540,-0.62
2021-06-16 12:13:28,1366.6,1,51218,87262,1362.45,96540,-0.58
2021-06-16 12:13:30,1366.6,1,51236,87221,1362.45,96541,-0.58
2021-06-16 12:13:34,1366.6,1,51271,87219,1362.45,96541,-0.58
2021-06-16 12:13:36,1366.6,1,51221,87205,1362.45,96541,-0.58
2021-06-16 12:13:43,1367.95,2,51220,87203,1362.45,96543,-0.48
2021-06-16 12:13:46,1366.75,10,51220,87203,1362.45,96543,-0.57
2021-06-16 12:13:47,1366.75,10,51223,87220,1362.45,96553,-0.57
2021-06-16 12:13:49,1366.7,4,51012,87241,1362.45,96557,-0.57
2021-06-16 12:13:51,1366.7,4,51011,87242,1362.45,96557,-0.57
2021-06-16 12:13:55,1366.7,4,51111,87242,1362.45,96557,-0.57
2021-06-16 12:13:57,1366.7,4,51211,87242,1362.45,96557,-0.57
2021-06-16 12:13:58,1366.7,4,51212,87242,1362.45,96557,-0.57
2021-06-16 12:14:03,1366.0,39,51212,87242,1362.45,96557,-0.62
2021-06-16 12:14:05,1366.0,39,51076,87215,1362.46,96805,-0.62
2021-06-16 12:14:11,1366.0,39,51039,87271,1362.46,96805,-0.62
2021-06-16 12:14:13,1366.0,39,51042,87295,1362.46,96805,-0.62
2021-06-16 12:14:33,1366.0,39,50950,87174,1362.46,96805,-0.62
2021-06-16 12:14:43,1366.0,39,50950,87179,1362.46,96805,-0.62
2021-06-16 12:15:05,1366.0,39,51010,87179,1362.46,96805,-0.62
2021-06-16 12:15:09,1365.0,55,51010,87179,1362.46,96805,-0.69
2021-06-16 12:15:11,1365.0,55,50976,87210,1362.46,96868,-0.69
2021-06-16 12:15:13,1365.0,55,50914,87259,1362.46,96868,-0.69
2021-06-16 12:15:27,1365.0,55,50924,87320,1362.46,96868,-0.69
2021-06-16 12:15:31,1365.0,55,50916,87322,1362.46,96868,-0.69
2021-06-16 12:15:49,1365.0,55,50916,87598,1362.46,96868,-0.69
2021-06-16 12:15:51,1365.0,55,50916,87617,1362.46,96868,-0.69
2021-06-16 12:15:58,1365.0,55,50916,87717,1362.46,96868,-0.69
2021-06-16 12:16:02,1365.0,55,50916,87817,1362.46,96868,-0.69
2021-06-16 12:16:25,1365.0,55,50916,87696,1362.46,96868,-0.69
2021-06-16 12:16:54,1365.0,55,50935,87696,1362.46,96868,-0.69
2021-06-16 12:16:55,1365.0,55,50960,87696,1362.46,96868,-0.69
2021-06-16 12:16:58,1366.5,1,50960,87696,1362.46,96868,-0.59
2021-06-16 12:17:00,1366.5,1,50970,87665,1362.46,96869,-0.59
2021-06-16 12:17:04,1366.5,1,50971,87714,1362.46,96869,-0.59
2021-06-16 12:17:13,1366.5,1,50961,87715,1362.46,96869,-0.59
2021-06-16 12:17:20,1366.5,1,50911,87715,1362.46,96869,-0.59
2021-06-16 12:17:24,1365.05,50,50911,87715,1362.46,96869,-0.69
2021-06-16 12:17:25,1365.05,50,50892,87725,1362.46,96919,-0.69
2021-06-16 12:17:26,1365.05,10,50892,87725,1362.46,96919,-0.69
2021-06-16 12:17:27,1365.05,10,50892,87725,1362.46,96929,-0.69
2021-06-16 12:17:32,1365.05,10,50897,87755,1362.46,96929,-0.69
2021-06-16 12:17:35,1365.0,1,50897,87755,1362.46,96929,-0.69
2021-06-16 12:17:36,1365.0,1,50774,87736,1362.46,97130,-0.69
2021-06-16 12:17:40,1365.0,1,50841,87740,1362.46,97130,-0.69
2021-06-16 12:17:42,1365.0,1,50839,87800,1362.46,97130,-0.69
2021-06-16 12:17:44,1365.0,1,50818,87800,1362.46,97130,-0.69
2021-06-16 12:17:46,1365.0,1,50838,87800,1362.46,97130,-0.69
2021-06-16 12:17:51,1365.05,5,50838,87800,1362.46,97130,-0.69
2021-06-16 12:17:52,1365.05,5,50886,87897,1362.46,97135,-0.69
2021-06-16 12:17:54,1365.05,5,50760,87777,1362.46,97135,-0.69
2021-06-16 12:17:56,1365.05,5,50760,87778,1362.46,97135,-0.69
2021-06-16 12:17:58,1365.9,29,50731,87780,1362.47,97170,-0.63
2021-06-16 12:18:06,1365.9,29,50800,87747,1362.47,97170,-0.63
2021-06-16 12:18:08,1365.9,29,50785,87738,1362.47,97170,-0.63
2021-06-16 12:18:15,1365.9,29,50840,87738,1362.47,97170,-0.63
2021-06-16 12:18:24,1365.9,29,50840,87743,1362.47,97170,-0.63
2021-06-16 12:18:27,1365.9,29,50841,87742,1362.47,97170,-0.63
2021-06-16 12:18:39,1365.9,29,50856,87762,1362.47,97170,-0.63
2021-06-16 12:18:45,1365.9,29,50856,87729,1362.47,97170,-0.63
2021-06-16 12:18:46,1364.75,14,50856,87729,1362.47,97170,-0.71
2021-06-16 12:18:47,1364.75,14,50803,87752,1362.47,97204,-0.71
2021-06-16 12:18:49,1364.75,14,50797,87760,1362.47,97204,-0.71
2021-06-16 12:18:52,1364.75,14,50797,87827,1362.47,97204,-0.71
2021-06-16 12:18:55,1364.75,14,50802,87827,1362.47,97204,-0.71
2021-06-16 12:18:57,1364.75,14,50817,87827,1362.47,97204,-0.71
2021-06-16 12:19:09,1364.75,14,50817,87843,1362.47,97204,-0.71
2021-06-16 12:19:15,1364.75,14,50818,87851,1362.47,97204,-0.71
2021-06-16 12:19:17,1364.0,12,50831,87826,1362.47,97244,-0.77
2021-06-16 12:19:18,1364.15,1,50831,87826,1362.47,97244,-0.76
2021-06-16 12:19:23,1364.15,1,50862,87849,1362.47,97245,-0.76
2021-06-16 12:19:25,1364.15,1,50962,87808,1362.47,97245,-0.76
2021-06-16 12:19:27,1364.15,1,50963,87828,1362.47,97245,-0.76
2021-06-16 12:19:29,1364.15,1,50962,87836,1362.47,97245,-0.76
2021-06-16 12:19:33,1364.15,1,50933,87780,1362.47,97245,-0.76
2021-06-16 12:19:35,1364.15,1,50934,87780,1362.47,97245,-0.76
2021-06-16 12:19:37,1364.15,1,50933,87771,1362.47,97245,-0.76
2021-06-16 12:19:39,1364.15,21,50916,87765,1362.47,97285,-0.76
2021-06-16 12:19:46,1364.15,21,50893,87768,1362.47,97285,-0.76
2021-06-16 12:19:50,1364.15,21,50882,87773,1362.47,97285,-0.76
2021-06-16 12:19:55,1364.15,21,50884,87765,1362.47,97285,-0.76
2021-06-16 12:19:57,1364.15,21,50884,87775,1362.47,97285,-0.76
2021-06-16 12:20:04,1366.25,3,50984,87794,1362.47,97301,-0.6
2021-06-16 12:20:06,1366.25,3,50985,87813,1362.47,97301,-0.6
2021-06-16 12:20:09,1366.25,3,50988,88203,1362.47,97301,-0.6
2021-06-16 12:20:10,1366.25,3,50988,88208,1362.47,97301,-0.6
2021-06-16 12:20:14,1366.25,3,50988,88201,1362.47,97301,-0.6
2021-06-16 12:20:16,1364.85,20,50988,88201,1362.47,97301,-0.71
2021-06-16 12:20:16,1364.85,20,50964,88199,1362.47,97321,-0.71
2021-06-16 12:20:21,1364.85,20,50963,88201,1362.47,97321,-0.71
2021-06-16 12:20:28,1364.85,20,50960,88202,1362.47,97321,-0.71
2021-06-16 12:20:34,1364.85,20,50960,88570,1362.47,97321,-0.71
2021-06-16 12:20:39,1364.85,20,50961,88572,1362.47,97321,-0.71
2021-06-16 12:20:47,1364.85,20,50953,88568,1362.47,97321,-0.71
2021-06-16 12:21:00,1364.9,6,50924,88573,1362.47,97331,-0.7
2021-06-16 12:21:02,1364.9,6,50924,88583,1362.47,97331,-0.7
2021-06-16 12:21:12,1364.9,6,50924,88633,1362.47,97331,-0.7
2021-06-16 12:21:13,1364.9,6,50924,88605,1362.47,97331,-0.7
2021-06-16 12:21:22,1364.9,6,50945,88607,1362.47,97331,-0.7
2021-06-16 12:21:31,1364.9,6,50946,88606,1362.47,97331,-0.7
2021-06-16 12:21:40,1364.9,6,50961,88617,1362.47,97331,-0.7
2021-06-16 12:21:46,1364.9,6,50962,88617,1362.47,97331,-0.7
2021-06-16 12:21:54,1364.9,6,50965,88624,1362.47,97331,-0.7
2021-06-16 12:21:58,1364.9,6,50964,88614,1362.47,97331,-0.7
2021-06-16 12:22:01,1364.9,6,50960,88633,1362.47,97331,-0.7
2021-06-16 12:22:13,1364.9,6,50910,88633,1362.47,97331,-0.7
2021-06-16 12:22:15,1364.9,6,50908,88633,1362.47,97331,-0.7
2021-06-16 12:22:22,1365.05,2,50888,88633,1362.47,97334,-0.69
2021-06-16 12:22:31,1365.05,2,50862,88635,1362.47,97334,-0.69
2021-06-16 12:22:35,1365.05,2,50784,88654,1362.47,97334,-0.69
2021-06-16 12:22:45,1365.05,2,50796,88651,1362.47,97334,-0.69
2021-06-16 12:22:51,1365.05,2,50902,88640,1362.47,97334,-0.69
2021-06-16 12:22:53,1365.05,2,50898,88640,1362.47,97334,-0.69
2021-06-16 12:22:57,1365.05,2,50913,88640,1362.47,97334,-0.69
2021-06-16 12:23:00,1365.05,2,50935,88640,1362.47,97334,-0.69
2021-06-16 12:23:06,1365.05,2,50930,88528,1362.47,97334,-0.69
2021-06-16 12:23:32,1365.05,2,50807,88610,1362.47,97334,-0.69
2021-06-16 12:23:34,1365.05,2,50826,88612,1362.47,97334,-0.69
2021-06-16 12:23:43,1365.05,2,50828,88612,1362.47,97334,-0.69
2021-06-16 12:23:45,1365.05,2,50828,88639,1362.47,97334,-0.69
2021-06-16 12:23:48,1365.05,2,50804,88640,1362.47,97334,-0.69
2021-06-16 12:23:58,1365.05,2,50802,88740,1362.47,97334,-0.69
2021-06-16 12:24:05,1365.05,2,50800,88740,1362.47,97334,-0.69
2021-06-16 12:24:06,1365.05,2,50800,88750,1362.47,97334,-0.69
2021-06-16 12:24:12,1365.05,2,50804,88750,1362.47,97334,-0.69
2021-06-16 12:24:14,1365.05,2,50804,88755,1362.47,97334,-0.69
2021-06-16 12:24:22,1365.05,2,50804,88760,1362.47,97334,-0.69
2021-06-16 12:24:35,1365.05,2,50814,88770,1362.47,97334,-0.69
2021-06-16 12:24:38,1365.05,2,50814,88768,1362.47,97334,-0.69
2021-06-16 12:24:39,1365.95,2,50814,88768,1362.47,97334,-0.63
2021-06-16 12:24:40,1365.95,2,50820,88767,1362.47,97336,-0.63
2021-06-16 12:24:46,1365.95,2,51060,88727,1362.47,97338,-0.63
2021-06-16 12:24:49,1366.0,10,51058,88705,1362.47,97348,-0.62
2021-06-16 12:24:50,1366.0,10,51057,88726,1362.47,97358,-0.62
2021-06-16 12:24:55,1366.0,10,51057,88741,1362.47,97358,-0.62
2021-06-16 12:24:58,1366.0,10,51056,88732,1362.47,97358,-0.62
2021-06-16 12:25:00,1366.0,10,51056,88733,1362.47,97358,-0.62
2021-06-16 12:25:03,1366.0,10,51056,88735,1362.47,97358,-0.62
2021-06-16 12:25:06,1366.0,10,51056,88747,1362.47,97368,-0.62
2021-06-16 12:25:10,1366.0,10,51061,88737,1362.47,97368,-0.62
2021-06-16 12:25:16,1366.0,38,51064,88737,1362.47,97368,-0.62
2021-06-16 12:25:25,1366.0,38,50942,88615,1362.47,97479,-0.62
2021-06-16 12:25:28,1366.0,38,50942,88623,1362.47,97479,-0.62
2021-06-16 12:25:34,1366.0,38,50942,88626,1362.47,97479,-0.62
2021-06-16 12:25:43,1366.0,38,50946,88625,1362.47,97479,-0.62
2021-06-16 12:25:51,1366.0,38,51006,88625,1362.47,97479,-0.62
2021-06-16 12:25:56,1366.0,2,51018,88623,1362.47,97481,-0.62
2021-06-16 12:26:08,1366.25,5,51225,88657,1362.47,97486,-0.6
2021-06-16 12:26:09,1366.25,5,51225,88685,1362.47,97486,-0.6
2021-06-16 12:26:14,1366.25,5,51105,88675,1362.47,97486,-0.6
2021-06-16 12:26:34,1366.25,5,51115,88673,1362.47,97486,-0.6
2021-06-16 12:26:48,1366.0,90,51115,88673,1362.47,97486,-0.62
2021-06-16 12:26:49,1366.0,90,51005,88701,1362.48,97586,-0.62
2021-06-16 12:26:58,1366.0,91,51005,88701,1362.48,97586,-0.62
2021-06-16 12:26:59,1366.0,91,50880,88721,1362.48,97686,-0.62
2021-06-16 12:27:03,1366.0,91,50878,88723,1362.48,97686,-0.62
2021-06-16 12:27:16,1366.0,91,50978,88723,1362.48,97686,-0.62
2021-06-16 12:27:23,1366.0,91,51078,88723,1362.48,97686,-0.62
2021-06-16 12:27:27,1366.0,91,51178,88723,1362.48,97686,-0.62
2021-06-16 12:27:30,1366.6,2,51344,88666,1362.48,97688,-0.58
2021-06-16 12:27:31,1366.6,2,51344,88691,1362.48,97688,-0.58
2021-06-16 12:27:43,1366.6,2,51369,88705,1362.48,97688,-0.58
2021-06-16 12:27:45,1366.6,2,51369,88724,1362.48,97688,-0.58
2021-06-16 12:27:55,1366.0,12,51369,88724,1362.48,97688,-0.62
2021-06-16 12:27:56,1366.0,12,51260,88698,1362.48,97700,-0.62
2021-06-16 12:28:02,1365.2,13,51260,88698,1362.48,97700,-0.68
2021-06-16 12:28:03,1365.2,13,51215,88892,1362.48,97713,-0.68
2021-06-16 12:28:05,1365.2,13,51216,88892,1362.48,97713,-0.68
2021-06-16 12:28:10,1365.2,13,51216,88902,1362.48,97713,-0.68
2021-06-16 12:28:19,1365.2,2,51216,88902,1362.48,97713,-0.68
2021-06-16 12:28:21,1365.2,2,51233,88901,1362.48,97715,-0.68
2021-06-16 12:28:26,1365.2,2,51235,88905,1362.48,97715,-0.68
2021-06-16 12:28:28,1365.2,2,51245,88932,1362.48,97715,-0.68
2021-06-16 12:28:49,1365.2,1,51244,88933,1362.48,97716,-0.68
2021-06-16 12:28:51,1365.2,1,51244,89247,1362.48,97716,-0.68
2021-06-16 12:29:09,1365.2,5,51244,89247,1362.48,97716,-0.68
2021-06-16 12:29:10,1365.2,5,51375,89252,1362.48,97721,-0.68
2021-06-16 12:29:12,1365.2,5,51362,89241,1362.48,97721,-0.68
2021-06-16 12:29:14,1365.2,5,51362,89287,1362.48,97721,-0.68
2021-06-16 12:29:30,1365.2,4,51362,89287,1362.48,97721,-0.68
2021-06-16 12:29:31,1365.2,4,51403,89554,1362.48,97725,-0.68
2021-06-16 12:29:33,1365.2,4,51336,89522,1362.48,97725,-0.68
2021-06-16 12:29:34,1364.0,158,51336,89522,1362.48,97725,-0.77
2021-06-16 12:29:36,1364.0,158,51356,89294,1362.49,97971,-0.77
2021-06-16 12:29:47,1364.0,158,51357,89294,1362.49,97971,-0.77
2021-06-16 12:29:51,1363.9,1,51357,89294,1362.49,97971,-0.77
2021-06-16 12:29:52,1363.9,1,51206,89598,1362.49,97993,-0.77
2021-06-16 12:30:00,1363.9,1,51204,89598,1362.49,97993,-0.77
2021-06-16 12:30:22,1363.9,1,51204,89597,1362.49,97993,-0.77
2021-06-16 12:30:26,1362.0,15,51204,89597,1362.49,97993,-0.91
2021-06-16 12:30:27,1362.0,15,51100,89440,1362.49,98213,-0.91
2021-06-16 12:30:28,1363.15,18,51086,89421,1362.49,98213,-0.83
2021-06-16 12:30:30,1363.15,18,51241,89482,1362.49,98233,-0.83
2021-06-16 12:30:31,1363.15,18,51228,89502,1362.49,98233,-0.83
2021-06-16 12:30:37,1363.15,18,51228,89510,1362.49,98233,-0.83
2021-06-16 12:30:49,1363.25,3,51228,89510,1362.49,98233,-0.82
2021-06-16 12:30:49,1363.25,3,51240,89502,1362.49,98258,-0.82
2021-06-16 12:30:51,1363.25,3,51240,89511,1362.49,98258,-0.82
2021-06-16 12:30:52,1363.25,3,51233,89502,1362.49,98258,-0.82
2021-06-16 12:30:55,1363.25,3,51263,89492,1362.49,98258,-0.82
2021-06-16 12:30:57,1363.25,3,51290,89487,1362.49,98258,-0.82
2021-06-16 12:31:02,1362.0,29,51390,89487,1362.49,98258,-0.91
2021-06-16 12:31:04,1362.0,29,51342,89489,1362.49,98308,-0.91
2021-06-16 12:31:06,1362.0,29,51351,89520,1362.49,98308,-0.91
2021-06-16 12:31:07,1362.0,29,51353,89520,1362.49,98308,-0.91
2021-06-16 12:31:10,1362.0,29,51373,89493,1362.49,98308,-0.91
2021-06-16 12:31:13,1362.0,29,51289,89398,1362.49,98308,-0.91
2021-06-16 12:31:15,1363.6,3,51289,89398,1362.49,98308,-0.8
2021-06-16 12:31:16,1363.6,3,51332,89454,1362.49,98313,-0.8
2021-06-16 12:31:20,1363.6,3,51349,89433,1362.49,98313,-0.8
2021-06-16 12:31:22,1363.6,3,51353,89416,1362.49,98313,-0.8
2021-06-16 12:31:27,1362.1,3,51353,89416,1362.49,98313,-0.91
2021-06-16 12:31:28,1362.1,3,51157,89474,1362.48,98816,-0.91
2021-06-16 12:31:30,1362.2,8,51157,89474,1362.48,98816,-0.9
2021-06-16 12:31:31,1362.2,8,51256,89424,1362.48,98845,-0.9
2021-06-16 12:31:33,1362.2,8,51252,89432,1362.48,98845,-0.9
2021-06-16 12:31:34,1362.2,8,51619,89358,1362.48,98845,-0.9
2021-06-16 12:31:36,1365.0,90,51619,89358,1362.48,98845,-0.69
2021-06-16 12:31:37,1365.0,90,51501,89342,1362.48,98945,-0.69
2021-06-16 12:31:39,1365.0,90,51511,89371,1362.48,98945,-0.69
2021-06-16 12:31:47,1365.0,6,51511,89371,1362.48,98945,-0.69
2021-06-16 12:31:48,1365.0,6,52107,89203,1362.48,98976,-0.69
2021-06-16 12:31:58,1365.0,6,52107,89229,1362.48,98976,-0.69
2021-06-16 12:32:01,1365.0,6,52207,89243,1362.48,98976,-0.69
2021-06-16 12:32:14,1365.0,6,52211,89243,1362.48,98976,-0.69
2021-06-16 12:32:18,1365.05,13,52181,89258,1362.49,98991,-0.69
2021-06-16 12:32:19,1365.05,13,52200,89239,1362.49,98991,-0.69
2021-06-16 12:32:21,1365.05,13,52200,89258,1362.49,98991,-0.69
2021-06-16 12:32:30,1365.05,13,52200,89225,1362.49,98991,-0.69
2021-06-16 12:32:43,1365.05,13,52200,89257,1362.49,98991,-0.69
2021-06-16 12:32:50,1365.05,13,52200,89256,1362.49,98991,-0.69
2021-06-16 12:32:54,1365.05,13,52201,89397,1362.49,98991,-0.69
2021-06-16 12:33:03,1365.05,13,51770,89398,1362.49,98991,-0.69
2021-06-16 12:33:05,1365.05,13,51790,89386,1362.49,98991,-0.69
2021-06-16 12:33:09,1365.05,13,51790,89398,1362.49,98991,-0.69
2021-06-16 12:33:40,1365.05,13,51790,89409,1362.49,98991,-0.69
2021-06-16 12:33:43,1365.05,13,51790,89411,1362.49,98991,-0.69
2021-06-16 12:34:04,1365.05,13,51790,89415,1362.49,98991,-0.69
2021-06-16 12:34:13,1365.05,13,51790,89563,1362.49,98991,-0.69
2021-06-16 12:34:18,1365.05,13,51790,89553,1362.49,98991,-0.69
2021-06-16 12:34:23,1365.05,13,51765,89553,1362.49,98991,-0.69
2021-06-16 12:34:39,1365.05,13,51773,89553,1362.49,98991,-0.69
2021-06-16 12:34:40,1365.05,13,51778,89553,1362.49,98991,-0.69
2021-06-16 12:34:46,1365.05,13,51777,89572,1362.49,98991,-0.69
2021-06-16 12:34:49,1365.95,11,51777,89572,1362.49,98991,-0.63
2021-06-16 12:34:50,1365.95,11,51773,89540,1362.49,99024,-0.63
2021-06-16 12:34:54,1366.0,17,51773,89540,1362.49,99024,-0.62
2021-06-16 12:34:55,1366.0,17,51768,89474,1362.49,99041,-0.62
2021-06-16 12:34:59,1366.0,17,51768,89494,1362.49,99041,-0.62
2021-06-16 12:35:02,1367.0,8,51768,89494,1362.49,99041,-0.55
2021-06-16 12:35:03,1367.0,8,51937,89143,1362.54,100049,-0.55
2021-06-16 12:35:04,1366.45,4,51937,89143,1362.54,100049,-0.59
2021-06-16 12:35:05,1366.45,4,51874,89200,1362.54,100119,-0.59
2021-06-16 12:35:08,1366.45,4,51844,89203,1362.54,100119,-0.59
2021-06-16 12:35:13,1366.45,4,51846,89201,1362.54,100119,-0.59
2021-06-16 12:35:15,1366.45,4,51846,89212,1362.54,100119,-0.59
2021-06-16 12:35:26,1366.45,4,51846,89264,1362.54,100119,-0.59
2021-06-16 12:35:29,1368.0,66,51846,89264,1362.54,100119,-0.48
2021-06-16 12:35:29,1368.0,66,51892,89254,1362.55,100239,-0.48
2021-06-16 12:35:31,1368.0,66,51935,89253,1362.55,100239,-0.48
2021-06-16 12:35:35,1369.0,5,51948,89068,1362.56,100385,-0.4
2021-06-16 12:35:36,1370.0,62,51948,89068,1362.56,100385,-0.33
2021-06-16 12:35:37,1370.0,62,51917,88938,1362.57,100547,-0.33
2021-06-16 12:35:38,1370.0,62,51917,88943,1362.57,100547,-0.33
2021-06-16 12:35:40,1370.0,62,51927,88963,1362.57,100547,-0.33
2021-06-16 12:35:40,1370.0,66,51927,88963,1362.57,100547,-0.33
2021-06-16 12:35:41,1370.0,66,51949,88912,1362.58,100647,-0.33
2021-06-16 12:35:43,1367.0,53,51949,88912,1362.58,100647,-0.55
2021-06-16 12:35:44,1368.75,7,51949,88912,1362.58,100647,-0.42
2021-06-16 12:35:45,1368.75,7,51919,89024,1362.6,101172,-0.42
2021-06-16 12:35:46,1368.75,7,51961,89038,1362.6,101172,-0.42
2021-06-16 12:35:48,1368.75,7,52003,89061,1362.6,101172,-0.42
2021-06-16 12:35:54,1368.75,7,52016,89059,1362.6,101172,-0.42
2021-06-16 12:35:55,1368.75,7,51994,89059,1362.6,101172,-0.42
2021-06-16 12:35:57,1368.75,7,51995,89054,1362.6,101172,-0.42
2021-06-16 12:35:58,1370.0,1806,51995,89054,1362.6,101172,-0.33
2021-06-16 12:35:58,1370.0,1806,51792,87011,1362.74,103172,-0.33
2021-06-16 12:35:59,1368.25,5,51792,87011,1362.74,103172,-0.46
2021-06-16 12:36:00,1368.25,5,51733,87134,1362.74,103177,-0.46
2021-06-16 12:36:04,1368.25,5,51759,87121,1362.74,103177,-0.46
2021-06-16 12:36:05,1370.0,60,51759,87121,1362.74,103177,-0.33
2021-06-16 12:36:06,1370.0,97,51833,86901,1362.76,103377,-0.33
2021-06-16 12:36:07,1368.4,8,51815,86897,1362.76,103377,-0.45
2021-06-16 12:36:09,1368.4,8,51829,87881,1362.92,105774,-0.45
2021-06-16 12:36:12,1368.1,10,51829,87881,1362.92,105774,-0.47
2021-06-16 12:36:13,1368.1,10,51785,87811,1362.92,105784,-0.47
2021-06-16 12:36:18,1368.1,10,51799,87903,1362.92,105784,-0.47
2021-06-16 12:36:21,1368.1,10,51830,87902,1362.92,105784,-0.47
2021-06-16 12:36:25,1368.25,1,51830,87903,1362.92,105784,-0.46
2021-06-16 12:36:27,1368.25,1,51829,87909,1362.92,105785,-0.46
2021-06-16 12:36:29,1368.25,5,51829,87909,1362.92,105785,-0.46
2021-06-16 12:36:30,1368.25,5,51830,87919,1362.92,105790,-0.46
2021-06-16 12:36:33,1368.2,76,51800,87863,1362.93,105986,-0.46
2021-06-16 12:36:37,1368.2,76,51800,87848,1362.93,105986,-0.46
2021-06-16 12:36:40,1368.2,76,51800,87798,1362.93,105986,-0.46
2021-06-16 12:36:42,1368.2,76,51790,87813,1362.93,105986,-0.46
2021-06-16 12:36:44,1368.2,76,51790,87828,1362.93,105986,-0.46
2021-06-16 12:36:45,1368.2,27,51790,87828,1362.93,105986,-0.46
2021-06-16 12:36:45,1369.1,50,51790,87828,1362.93,105986,-0.4
2021-06-16 12:36:46,1369.1,50,51787,87741,1362.95,106304,-0.4
2021-06-16 12:36:46,1368.2,20,51787,87741,1362.95,106304,-0.46
2021-06-16 12:36:48,1368.2,20,51789,87835,1362.96,106397,-0.46
2021-06-16 12:36:49,1368.2,20,51789,87935,1362.96,106397,-0.46
2021-06-16 12:36:51,1369.4,1,51849,87888,1362.96,106398,-0.37
2021-06-16 12:36:52,1368.2,38,51720,88016,1362.97,106598,-0.46
2021-06-16 12:36:56,1369.3,25,51720,88016,1362.97,106598,-0.38
2021-06-16 12:36:57,1369.3,1,51772,88085,1362.97,106724,-0.38
2021-06-16 12:36:59,1369.3,1,51829,88091,1362.97,106724,-0.38
2021-06-16 12:37:00,1369.0,25,51829,88091,1362.97,106724,-0.4
2021-06-16 12:37:01,1369.85,1,51801,88137,1362.98,106849,-0.34
2021-06-16 12:37:03,1369.85,1,51885,88061,1362.98,106859,-0.34
2021-06-16 12:37:03,1369.8,5,51885,88061,1362.98,106859,-0.35
2021-06-16 12:37:04,1369.8,5,51880,88055,1362.98,106864,-0.35
2021-06-16 12:37:05,1369.9,50,51880,88055,1362.98,106864,-0.34
2021-06-16 12:37:06,1369.8,45,51856,87508,1363.02,107409,-0.35
2021-06-16 12:37:08,1370.0,12,51863,87492,1363.02,107427,-0.33
2021-06-16 12:37:09,1370.0,25,51863,87492,1363.02,107427,-0.33
2021-06-16 12:37:10,1370.0,25,51893,87478,1363.02,107452,-0.33
2021-06-16 12:37:12,1370.0,25,51893,87455,1363.02,107452,-0.33
2021-06-16 12:37:12,1369.8,5,51893,87455,1363.02,107452,-0.35
2021-06-16 12:37:13,1369.8,5,51893,87476,1363.02,107457,-0.35
2021-06-16 12:37:15,1369.8,5,51885,87482,1363.02,107457,-0.35
2021-06-16 12:37:19,1369.8,5,51905,87482,1363.02,107457,-0.35
2021-06-16 12:37:19,1369.45,40,51905,87482,1363.02,107457,-0.37
2021-06-16 12:37:21,1369.45,40,51914,87482,1363.02,107507,-0.37
2021-06-16 12:37:23,1369.45,40,51913,87507,1363.02,107507,-0.37
2021-06-16 12:37:24,1369.0,10,51913,87507,1363.02,107507,-0.4
2021-06-16 12:37:25,1369.0,10,51857,87588,1363.03,107517,-0.4
2021-06-16 12:37:25,1369.0,20,51857,87588,1363.03,107517,-0.4
2021-06-16 12:37:27,1369.0,20,51853,87568,1363.03,107537,-0.4
2021-06-16 12:37:28,1369.0,20,51874,87568,1363.03,107537,-0.4
2021-06-16 12:37:30,1369.0,20,51874,87574,1363.03,107537,-0.4
2021-06-16 12:37:32,1367.05,1,51767,87746,1363.03,107718,-0.55
2021-06-16 12:37:33,1367.85,14,51767,87746,1363.03,107718,-0.49
2021-06-16 12:37:34,1367.85,14,51764,87816,1363.04,107733,-0.49
2021-06-16 12:37:35,1366.55,1,51764,87816,1363.04,107733,-0.58
2021-06-16 12:37:37,1367.95,24,51822,88006,1363.04,107807,-0.48
2021-06-16 12:37:39,1367.95,24,51831,87996,1363.04,107807,-0.48
2021-06-16 12:37:41,1367.9,50,51915,88021,1363.04,107857,-0.48
2021-06-16 12:37:42,1366.0,8,51915,88021,1363.04,107857,-0.62
2021-06-16 12:37:43,1366.0,8,51666,88188,1363.05,108132,-0.62
2021-06-16 12:37:49,1366.0,8,51744,88180,1363.05,108132,-0.62
2021-06-16 12:37:50,1366.0,25,51744,88180,1363.05,108132,-0.62
2021-06-16 12:37:50,1365.0,68,51558,88223,1363.05,108325,-0.69
2021-06-16 12:37:52,1365.0,68,51625,88207,1363.05,108325,-0.69
2021-06-16 12:37:55,1365.0,50,51625,88207,1363.05,108325,-0.69
2021-06-16 12:37:57,1364.95,6,51679,88148,1363.05,108389,-0.7
2021-06-16 12:37:57,1365.0,26,51679,88148,1363.05,108389,-0.69
2021-06-16 12:37:58,1364.85,1,51764,88237,1363.05,108421,-0.71
2021-06-16 12:38:00,1364.85,1,51731,88228,1363.06,108471,-0.71
2021-06-16 12:38:03,1364.85,1,51667,88218,1363.06,108471,-0.71
2021-06-16 12:38:06,1364.85,1,51689,88220,1363.06,108471,-0.71
2021-06-16 12:38:08,1364.85,1,51689,88219,1363.06,108471,-0.71
2021-06-16 12:38:09,1367.1,3,51689,88219,1363.06,108471,-0.54
2021-06-16 12:38:10,1367.1,1,51735,88083,1363.06,108571,-0.54
2021-06-16 12:38:11,1365.95,1,51735,88083,1363.06,108571,-0.63
2021-06-16 12:38:12,1365.95,1,51790,88106,1363.06,108582,-0.63
2021-06-16 12:38:13,1365.95,1,51801,88077,1363.06,108582,-0.63
2021-06-16 12:38:16,1365.95,1,51804,88061,1363.06,108582,-0.63
2021-06-16 12:38:18,1365.95,1,51860,88061,1363.06,108582,-0.63
2021-06-16 12:38:19,1367.1,100,51860,88061,1363.06,108582,-0.54
2021-06-16 12:38:20,1367.1,100,51874,88078,1363.06,108682,-0.54
2021-06-16 12:38:22,1367.1,100,51913,88078,1363.06,108682,-0.54
2021-06-16 12:38:23,1366.0,5,51913,88078,1363.06,108682,-0.62
2021-06-16 12:38:24,1366.0,5,51839,88069,1363.06,108687,-0.62
2021-06-16 12:38:25,1367.0,4,51839,88069,1363.06,108687,-0.55
2021-06-16 12:38:25,1367.0,4,51858,88078,1363.06,108692,-0.55
2021-06-16 12:38:28,1367.0,46,51858,88078,1363.06,108692,-0.55
2021-06-16 12:38:30,1367.0,46,51873,88002,1363.07,108738,-0.55
2021-06-16 12:38:33,1367.0,46,52345,88013,1363.07,108738,-0.55
2021-06-16 12:38:35,1367.0,46,52345,88018,1363.07,108738,-0.55
2021-06-16 12:38:37,1367.0,46,52372,88017,1363.07,108738,-0.55
2021-06-16 12:38:39,1367.0,46,52372,87767,1363.07,108738,-0.55
2021-06-16 12:38:42,1367.0,46,52394,87768,1363.07,108738,-0.55
2021-06-16 12:38:45,1367.0,46,52393,87761,1363.07,108738,-0.55
2021-06-16 12:38:46,1367.0,4,52393,87761,1363.07,108738,-0.55
2021-06-16 12:38:49,1367.0,4,52401,87771,1363.07,108742,-0.55
2021-06-16 12:38:52,1367.0,4,52446,87758,1363.07,108742,-0.55
2021-06-16 12:38:53,1368.0,10,52446,87758,1363.07,108742,-0.48
2021-06-16 12:38:56,1366.15,32,52289,87800,1363.08,109082,-0.61
2021-06-16 12:38:59,1366.15,32,52312,87832,1363.08,109082,-0.61
2021-06-16 12:39:02,1366.15,32,52312,87837,1363.08,109082,-0.61
2021-06-16 12:39:04,1362.6,1,51525,88126,1363.1,109896,-0.87
2021-06-16 12:39:06,1363.85,4,51525,88126,1363.1,109896,-0.78
2021-06-16 12:39:07,1364.5,17,51525,88126,1363.1,109896,-0.73
2021-06-16 12:39:09,1364.5,17,51744,88095,1363.1,109957,-0.73
2021-06-16 12:39:11,1364.5,17,51745,88110,1363.1,109957,-0.73
2021-06-16 12:39:13,1364.5,10,51763,88111,1363.1,109967,-0.73
2021-06-16 12:39:13,1363.75,1,51763,88111,1363.1,109967,-0.79
2021-06-16 12:39:15,1363.75,1,51699,88231,1363.1,110189,-0.79
2021-06-16 12:39:17,1363.75,1,51699,88331,1363.1,110189,-0.79
2021-06-16 12:39:22,1363.75,1,51719,88331,1363.1,110189,-0.79
2021-06-16 12:39:24,1363.0,8,51719,88331,1363.1,110189,-0.84
2021-06-16 12:39:25,1363.0,8,51553,88474,1363.1,110278,-0.84
2021-06-16 12:39:27,1363.0,8,51552,88472,1363.1,110278,-0.84
2021-06-16 12:39:28,1363.5,1,51552,88472,1363.1,110278,-0.8
2021-06-16 12:39:30,1363.5,1,51435,88438,1363.1,110391,-0.8
2021-06-16 12:39:33,1363.5,1,51501,88411,1363.1,110391,-0.8
2021-06-16 12:39:34,1361.4,14,51501,88411,1363.1,110391,-0.96
2021-06-16 12:39:34,1361.4,14,51484,88431,1363.1,110441,-0.96
2021-06-16 12:39:36,1361.4,14,51501,88430,1363.1,110441,-0.96
2021-06-16 12:39:40,1361.4,14,51513,88463,1363.1,110441,-0.96
2021-06-16 12:39:42,1361.4,14,51513,88473,1363.1,110441,-0.96
2021-06-16 12:39:45,1361.4,14,51542,88466,1363.1,110441,-0.96
2021-06-16 12:39:47,1361.4,14,51552,88465,1363.1,110441,-0.96
2021-06-16 12:39:53,1361.4,14,51552,88460,1363.1,110441,-0.96
2021-06-16 12:39:55,1361.4,14,51552,88462,1363.1,110441,-0.96
2021-06-16 12:39:57,1362.05,3,51552,88462,1363.1,110441,-0.91
2021-06-16 12:39:58,1362.05,3,51557,88391,1363.1,110444,-0.91
2021-06-16 12:40:00,1362.0,6,51557,88391,1363.1,110444,-0.91
2021-06-16 12:40:03,1362.0,6,51463,88383,1363.1,110472,-0.91
2021-06-16 12:40:06,1362.0,6,51589,88312,1363.1,110472,-0.91
2021-06-16 12:40:07,1362.0,12,51589,88312,1363.1,110472,-0.91
2021-06-16 12:40:09,1362.0,12,51691,88317,1363.1,110484,-0.91
2021-06-16 12:40:12,1362.0,12,51684,88313,1363.1,110484,-0.91
2021-06-16 12:40:15,1362.0,12,51704,88339,1363.1,110484,-0.91
2021-06-16 12:40:19,1362.0,12,51696,88339,1363.1,110484,-0.91
2021-06-16 12:40:19,1361.4,10,51696,88339,1363.1,110484,-0.96
2021-06-16 12:40:22,1362.0,25,51696,88339,1363.1,110484,-0.91
2021-06-16 12:40:22,1362.0,25,51718,88305,1363.09,110662,-0.91
2021-06-16 12:40:25,1362.0,25,51698,88243,1363.09,110662,-0.91
2021-06-16 12:40:29,1362.0,25,51673,88254,1363.09,110687,-0.91
2021-06-16 12:40:34,1362.0,25,51703,88298,1363.09,110687,-0.91
2021-06-16 12:40:36,1362.0,25,51705,88791,1363.09,110712,-0.91
2021-06-16 12:40:36,1358.9,8,51705,88791,1363.09,110712,-1.14
2021-06-16 12:40:37,1358.2,6,51705,88791,1363.09,110712,-1.19
2021-06-16 12:40:38,1358.2,6,50950,89142,1363.07,111602,-1.19
2021-06-16 12:40:39,1358.95,5,50950,89142,1363.07,111602,-1.13
2021-06-16 12:40:40,1358.2,10,50950,89142,1363.07,111602,-1.19
2021-06-16 12:40:40,1358.25,1,50950,89142,1363.07,111602,-1.19
2021-06-16 12:40:41,1358.25,1,51106,89183,1363.07,111630,-1.19
2021-06-16 12:40:44,1358.25,1,51124,89174,1363.07,111630,-1.19
2021-06-16 12:40:45,1357.95,6,51124,89174,1363.07,111630,-1.21
2021-06-16 12:40:46,1357.95,6,51127,89223,1363.06,111774,-1.21
2021-06-16 12:40:51,1358.0,1,51149,89177,1363.06,111775,-1.2
2021-06-16 12:40:52,1358.0,1,51126,89174,1363.06,111778,-1.2
2021-06-16 12:40:55,1358.0,25,51107,89173,1363.06,111778,-1.2
2021-06-16 12:40:57,1356.0,7,51107,89173,1363.06,111778,-1.35
2021-06-16 12:40:58,1356.0,5,50774,89138,1363.05,112067,-1.35
2021-06-16 12:41:01,1356.0,1,50774,89138,1363.05,112067,-1.35
2021-06-16 12:41:01,1356.0,1,50837,89153,1363.05,112074,-1.35
2021-06-16 12:41:03,1356.0,28,50837,89153,1363.05,112074,-1.35
2021-06-16 12:41:03,1357.35,1,50837,89153,1363.05,112074,-1.25
2021-06-16 12:41:04,1357.6,1,50845,89113,1363.04,112104,-1.23
2021-06-16 12:41:05,1357.35,1,50845,89113,1363.04,112104,-1.25
2021-06-16 12:41:07,1357.35,1,50836,89138,1363.04,112115,-1.25
2021-06-16 12:41:12,1357.35,1,50842,89219,1363.04,112115,-1.25
2021-06-16 12:41:15,1357.7,7,50842,89219,1363.04,112115,-1.23
2021-06-16 12:41:15,1357.7,7,50916,89168,1363.04,112215,-1.23
2021-06-16 12:41:16,1357.0,98,50916,89168,1363.04,112215,-1.28
2021-06-16 12:41:19,1357.0,98,51316,89187,1363.03,112313,-1.28
2021-06-16 12:41:20,1358.05,1,51316,89187,1363.03,112313,-1.2
2021-06-16 12:41:22,1358.05,1,51301,89200,1363.03,112398,-1.2
2021-06-16 12:41:24,1358.0,4,51301,89200,1363.03,112398,-1.2
2021-06-16 12:41:26,1358.0,4,51285,89215,1363.03,112403,-1.2
2021-06-16 12:41:27,1358.0,8,51285,89215,1363.03,112403,-1.2
2021-06-16 12:41:28,1357.4,3,50922,89227,1363.01,112755,-1.25
2021-06-16 12:41:31,1357.4,3,50949,89227,1363.01,112755,-1.25
2021-06-16 12:41:31,1358.0,2,50949,89227,1363.01,112755,-1.2
2021-06-16 12:41:34,1358.0,2,50942,89229,1363.01,112757,-1.2
2021-06-16 12:41:37,1358.0,2,50947,89229,1363.01,112757,-1.2
2021-06-16 12:41:40,1358.0,2,50971,89231,1363.01,112757,-1.2
2021-06-16 12:41:44,1358.0,5,50971,89231,1363.01,112757,-1.2
2021-06-16 12:41:46,1358.0,5,50993,89244,1363.01,112762,-1.2
2021-06-16 12:41:46,1358.0,3,50993,89244,1363.01,112762,-1.2
2021-06-16 12:41:48,1358.0,3,51005,89232,1363.01,112765,-1.2
2021-06-16 12:41:51,1358.0,17,50995,89243,1363.01,112765,-1.2
2021-06-16 12:41:52,1356.9,15,50995,89243,1363.01,112765,-1.28
2021-06-16 12:41:54,1356.9,15,50981,89236,1363.01,112865,-1.28
2021-06-16 12:41:55,1357.65,1,50981,89236,1363.01,112865,-1.23
2021-06-16 12:41:57,1357.65,1,50987,89161,1363.01,112898,-1.23
2021-06-16 12:42:00,1357.65,1,50955,89149,1363.01,112898,-1.23
2021-06-16 12:42:02,1357.65,1,50972,89228,1363.01,112898,-1.23
2021-06-16 12:42:05,1357.65,1,51024,89180,1363.01,112898,-1.23
2021-06-16 12:42:06,1358.05,21,51024,89180,1363.01,112898,-1.2
2021-06-16 12:42:07,1358.05,21,51020,89233,1363.01,112928,-1.2
2021-06-16 12:42:10,1359.2,19,51020,89233,1363.01,112928,-1.12
2021-06-16 12:42:10,1359.2,19,51082,89215,1363.0,112948,-1.12
2021-06-16 12:42:16,1358.05,1,51082,89215,1363.0,112948,-1.2
2021-06-16 12:42:18,1358.0,41,51111,89721,1363.0,112999,-1.2
2021-06-16 12:42:21,1358.0,41,51207,89736,1363.0,112999,-1.2
2021-06-16 12:42:24,1358.0,41,51208,89736,1363.0,112999,-1.2
2021-06-16 12:42:26,1358.0,41,51273,89736,1363.0,112999,-1.2
2021-06-16 12:42:28,1358.0,41,51327,89703,1363.0,112999,-1.2
2021-06-16 12:42:31,1358.0,41,51328,89703,1363.0,112999,-1.2
2021-06-16 12:42:33,1358.0,41,51328,89762,1363.0,112999,-1.2
2021-06-16 12:42:36,1358.0,41,51426,89767,1363.0,112999,-1.2
2021-06-16 12:42:37,1358.0,41,51427,89767,1363.0,112999,-1.2
2021-06-16 12:42:39,1359.4,1,51427,89767,1363.0,112999,-1.1
2021-06-16 12:42:40,1359.4,1,51504,89751,1363.0,113049,-1.1
2021-06-16 12:42:42,1359.4,1,51541,89762,1363.0,113049,-1.1
2021-06-16 12:42:44,1359.4,1,51545,89770,1363.0,113049,-1.1
2021-06-16 12:42:46,1360.0,17,51545,89770,1363.0,113049,-1.06
2021-06-16 12:42:46,1360.0,17,51536,89706,1363.0,113099,-1.06
2021-06-16 12:42:52,1360.0,17,51560,89688,1363.0,113099,-1.06
2021-06-16 12:42:54,1360.0,17,51596,89656,1363.0,113099,-1.06
2021-06-16 12:42:56,1360.0,162,51596,89656,1363.0,113099,-1.06
2021-06-16 12:42:58,1360.0,162,51595,89676,1362.99,113281,-1.06
2021-06-16 12:43:00,1360.0,162,51589,89681,1362.99,113281,-1.06
2021-06-16 12:43:09,1360.0,162,51619,89679,1362.99,113281,-1.06
2021-06-16 12:43:12,1359.9,100,51619,89679,1362.99,113281,-1.07
2021-06-16 12:43:13,1359.85,25,51619,89679,1362.99,113281,-1.07
2021-06-16 12:43:14,1359.85,25,51417,89780,1362.99,113406,-1.07
2021-06-16 12:43:16,1359.85,25,51437,89791,1362.99,113406,-1.07
2021-06-16 12:43:22,1359.85,25,51437,89786,1362.99,113406,-1.07
2021-06-16 12:43:25,1358.45,7,51436,89830,1362.99,113406,-1.17
2021-06-16 12:43:27,1358.45,7,51353,89781,1362.99,113513,-1.17
2021-06-16 12:43:32,1358.45,7,51353,89786,1362.99,113513,-1.17
2021-06-16 12:43:41,1358.45,7,51305,89785,1362.99,113513,-1.17
2021-06-16 12:43:43,1358.45,7,51279,89802,1362.99,113513,-1.17
2021-06-16 12:43:46,1358.45,7,51295,89834,1362.99,113513,-1.17
2021-06-16 12:43:51,1358.45,7,51295,89813,1362.99,113513,-1.17
2021-06-16 12:43:54,1358.45,7,51310,89813,1362.99,113513,-1.17
2021-06-16 12:44:01,1358.45,7,51353,89799,1362.99,113513,-1.17
2021-06-16 12:44:08,1358.45,7,51353,89819,1362.99,113513,-1.17
2021-06-16 12:44:22,1358.45,7,51353,89369,1362.99,113513,-1.17
2021-06-16 12:44:23,1359.85,4,51353,89369,1362.99,113513,-1.07
2021-06-16 12:44:25,1359.85,4,51353,89365,1362.99,113517,-1.07
2021-06-16 12:44:34,1359.85,4,51324,89244,1362.99,113517,-1.07
2021-06-16 12:44:40,1359.85,4,51335,89244,1362.99,113517,-1.07
2021-06-16 12:44:45,1359.85,4,51345,89344,1362.99,113517,-1.07
2021-06-16 12:45:01,1359.85,4,51347,89344,1362.99,113517,-1.07
2021-06-16 12:45:03,1359.85,4,51404,89397,1362.99,113521,-1.07
2021-06-16 12:45:03,1359.85,66,51404,89397,1362.99,113521,-1.07
2021-06-16 12:45:05,1359.85,66,51346,89360,1362.99,113587,-1.07
2021-06-16 12:45:07,1359.85,66,51323,89361,1362.99,113587,-1.07
2021-06-16 12:45:08,1359.9,15,51323,89361,1362.99,113587,-1.07
2021-06-16 12:45:09,1359.9,15,51842,89354,1362.99,113602,-1.07
2021-06-16 12:45:10,1359.9,7,51842,89354,1362.99,113602,-1.07
2021-06-16 12:45:12,1359.9,17,51936,89017,1362.98,113626,-1.07
2021-06-16 12:45:13,1359.9,17,52002,89031,1362.98,113626,-1.07
2021-06-16 12:45:16,1359.9,17,52140,89007,1362.98,113626,-1.07
2021-06-16 12:45:21,1362.65,8,52136,89020,1362.98,113626,-0.87
2021-06-16 12:45:22,1363.05,2,52136,89020,1362.98,113626,-0.84
2021-06-16 12:45:24,1362.65,20,52140,88976,1362.98,113664,-0.87
2021-06-16 12:45:24,1363.8,8,52140,88976,1362.98,113664,-0.78
2021-06-16 12:45:27,1363.8,8,52137,88853,1362.98,113714,-0.78
2021-06-16 12:45:30,1363.8,8,52194,88880,1362.98,113714,-0.78
2021-06-16 12:45:33,1363.8,8,52221,88865,1362.98,113714,-0.78
2021-06-16 12:45:34,1362.9,16,52221,88865,1362.98,113714,-0.85
2021-06-16 12:45:35,1362.9,16,52248,88925,1362.98,113739,-0.85
2021-06-16 12:45:37,1362.9,16,52269,88925,1362.98,113739,-0.85
2021-06-16 12:45:39,1362.9,16,52328,88925,1362.98,113739,-0.85
2021-06-16 12:45:40,1364.45,1,52328,88925,1362.98,113739,-0.73
2021-06-16 12:45:41,1364.45,1,52326,88904,1362.98,113740,-0.73
2021-06-16 12:45:43,1364.45,1,52258,88910,1362.98,113740,-0.73
2021-06-16 12:45:46,1364.45,1,52258,88856,1362.98,113740,-0.73
2021-06-16 12:45:49,1360.05,6,52258,88856,1362.98,113740,-1.05
2021-06-16 12:45:50,1360.05,6,51919,88900,1362.97,114608,-1.05
2021-06-16 12:46:00,1361.2,15,51919,88900,1362.97,114608,-0.97
2021-06-16 12:46:01,1361.2,15,51933,88854,1362.97,114633,-0.97
2021-06-16 12:46:03,1361.2,15,51935,88864,1362.97,114633,-0.97
2021-06-16 12:46:06,1361.2,15,51942,88864,1362.97,114633,-0.97
2021-06-16 12:46:09,1361.2,15,51967,88864,1362.97,114633,-0.97
2021-06-16 12:46:13,1361.2,15,51875,88768,1362.97,114633,-0.97
2021-06-16 12:46:15,1363.0,8,51875,88768,1362.97,114633,-0.84
2021-06-16 12:46:17,1363.0,8,52066,88767,1362.97,114648,-0.84
2021-06-16 12:46:20,1363.0,8,52076,88819,1362.97,114648,-0.84
2021-06-16 12:46:21,1363.2,29,52076,88819,1362.97,114648,-0.83
2021-06-16 12:46:23,1363.2,29,52067,88859,1362.97,114723,-0.83
2021-06-16 12:46:25,1363.4,3,52118,88762,1362.97,114726,-0.81
2021-06-16 12:46:27,1362.65,4,52118,88762,1362.97,114726,-0.87
2021-06-16 12:46:27,1362.65,4,52071,88801,1362.97,114756,-0.87
2021-06-16 12:46:30,1362.65,4,52092,88811,1362.97,114756,-0.87
2021-06-16 12:46:32,1362.65,4,52092,88391,1362.97,114756,-0.87
2021-06-16 12:46:40,1362.65,4,52158,88403,1362.97,114756,-0.87
2021-06-16 12:46:43,1362.65,4,52143,88395,1362.97,114756,-0.87
2021-06-16 12:46:46,1362.65,4,52079,88700,1362.97,114756,-0.87
2021-06-16 12:46:49,1363.5,4,52079,88700,1362.97,114756,-0.8
2021-06-16 12:46:51,1363.5,4,52108,88695,1362.97,114761,-0.8
2021-06-16 12:46:56,1363.5,4,52107,88716,1362.97,114761,-0.8
2021-06-16 12:46:58,1363.5,4,52107,88749,1362.97,114761,-0.8
2021-06-16 12:47:03,1363.5,4,52097,88849,1362.97,114761,-0.8
2021-06-16 12:47:06,1363.0,9,52097,88849,1362.97,114761,-0.84
2021-06-16 12:47:08,1363.0,9,52156,88766,1362.97,114770,-0.84
2021-06-16 12:47:10,1363.0,9,52267,88765,1362.97,114770,-0.84
2021-06-16 12:47:12,1363.0,9,52217,88765,1362.97,114770,-0.84
2021-06-16 12:47:13,1363.0,10,52217,88765,1362.97,114770,-0.84
2021-06-16 12:47:15,1363.0,10,52176,88789,1362.97,114780,-0.84
2021-06-16 12:47:23,1363.0,16,52176,88789,1362.97,114780,-0.84
2021-06-16 12:47:24,1363.0,16,52136,88867,1362.97,114796,-0.84
2021-06-16 12:47:27,1363.0,16,52136,88881,1362.97,114796,-0.84
2021-06-16 12:47:30,1363.0,16,52148,88881,1362.97,114796,-0.84
2021-06-16 12:47:37,1363.0,16,52121,88891,1362.97,114796,-0.84
2021-06-16 12:47:39,1363.0,16,52151,88892,1362.97,114796,-0.84
2021-06-16 12:47:55,1363.0,16,52106,88892,1362.97,114796,-0.84
2021-06-16 12:47:59,1363.0,16,52061,89018,1362.97,114796,-0.84
2021-06-16 12:48:01,1363.0,16,52098,89128,1362.97,114796,-0.84
2021-06-16 12:48:06,1363.0,16,52098,89132,1362.97,114796,-0.84
2021-06-16 12:48:10,1363.0,16,52098,89181,1362.97,114796,-0.84
2021-06-16 12:48:17,1363.0,16,52113,89044,1362.97,114796,-0.84
2021-06-16 12:48:19,1363.0,16,52133,89076,1362.97,114796,-0.84
2021-06-16 12:48:24,1363.0,16,52107,89150,1362.97,114796,-0.84
2021-06-16 12:48:25,1363.0,16,52086,89158,1362.97,114796,-0.84
2021-06-16 12:48:28,1363.0,16,52056,89116,1362.97,114796,-0.84
2021-06-16 12:48:30,1363.0,16,52086,89116,1362.97,114796,-0.84
2021-06-16 12:48:36,1362.95,9,52086,89116,1362.97,114796,-0.84
2021-06-16 12:48:38,1362.95,9,52090,89130,1362.97,114815,-0.84
2021-06-16 12:48:45,1361.2,2,52090,89130,1362.97,114815,-0.97
2021-06-16 12:48:46,1361.2,2,52043,89167,1362.97,114818,-0.97
2021-06-16 12:48:52,1361.2,10,52066,89156,1362.97,114828,-0.97
2021-06-16 12:48:54,1363.2,8,52066,89156,1362.97,114828,-0.83
2021-06-16 12:48:55,1363.2,8,52102,88989,1362.97,114978,-0.83
2021-06-16 12:48:59,1363.2,8,52112,88983,1362.97,114978,-0.83
2021-06-16 12:49:33,1363.2,8,52115,88982,1362.97,114978,-0.83
2021-06-16 12:49:36,1363.2,8,51896,88955,1362.97,114978,-0.83
2021-06-16 12:49:39,1363.2,8,52039,88961,1362.97,114978,-0.83
2021-06-16 12:49:43,1363.2,8,52039,88953,1362.97,114978,-0.83
2021-06-16 12:50:01,1362.5,1,52039,88953,1362.97,114978,-0.88
2021-06-16 12:50:02,1362.5,1,52018,88994,1362.97,114980,-0.88
2021-06-16 12:50:03,1361.85,1,52018,88994,1362.97,114980,-0.92
2021-06-16 12:50:04,1361.85,1,51889,89003,1362.97,115203,-0.92
2021-06-16 12:50:06,1361.85,1,51889,88995,1362.97,115203,-0.92
2021-06-16 12:50:11,1361.85,1,51871,88991,1362.97,115203,-0.92
2021-06-16 12:50:15,1361.85,1,51897,88992,1362.97,115203,-0.92
2021-06-16 12:50:18,1361.85,1,51896,88992,1362.97,115203,-0.92
2021-06-16 12:50:19,1361.85,1,51896,88997,1362.97,115203,-0.92
2021-06-16 12:50:44,1361.85,1,51896,89043,1362.97,115203,-0.92
2021-06-16 12:50:46,1361.85,1,51896,89042,1362.97,115203,-0.92
2021-06-16 12:50:49,1363.0,4,51896,89042,1362.97,115203,-0.84
2021-06-16 12:50:50,1363.0,4,51881,89005,1362.97,115233,-0.84
2021-06-16 12:50:52,1363.0,4,51958,88981,1362.97,115233,-0.84
2021-06-16 12:50:54,1363.0,4,51958,89000,1362.97,115233,-0.84
2021-06-16 12:50:58,1363.0,4,51958,89011,1362.97,115233,-0.84
2021-06-16 12:51:01,1363.0,4,51958,89010,1362.97,115233,-0.84
2021-06-16 12:51:24,1363.05,2,51958,89010,1362.97,115233,-0.84
2021-06-16 12:51:24,1363.05,2,51958,88996,1362.97,115246,-0.84
2021-06-16 12:51:27,1363.05,2,51960,88992,1362.97,115246,-0.84
2021-06-16 12:51:30,1363.05,2,51967,88940,1362.97,115246,-0.84
2021-06-16 12:51:39,1363.05,2,52002,88943,1362.97,115246,-0.84
2021-06-16 12:51:43,1363.05,2,52010,88950,1362.97,115246,-0.84
2021-06-16 12:51:46,1363.05,2,51995,88950,1362.97,115246,-0.84
2021-06-16 12:51:51,1363.05,2,51985,88950,1362.97,115246,-0.84
2021-06-16 12:51:52,1363.5,3,51985,88950,1362.97,115246,-0.8
2021-06-16 12:51:53,1363.5,3,51985,88923,1362.97,115249,-0.8
2021-06-16 12:51:57,1363.5,3,51985,88932,1362.97,115249,-0.8
2021-06-16 12:51:59,1362.2,19,52018,88932,1362.97,115249,-0.9
2021-06-16 12:52:01,1362.2,19,51956,88976,1362.97,115269,-0.9
2021-06-16 12:52:03,1362.2,19,51942,89005,1362.97,115269,-0.9
2021-06-16 12:52:06,1362.2,19,51963,89005,1362.97,115269,-0.9
2021-06-16 12:52:07,1362.2,19,51929,89093,1362.97,115269,-0.9
2021-06-16 12:52:12,1362.2,19,51939,89093,1362.97,115269,-0.9
2021-06-16 12:52:13,1362.2,19,51937,89093,1362.97,115269,-0.9
2021-06-16 12:52:15,1362.2,19,51955,89135,1362.97,115269,-0.9
2021-06-16 12:52:20,1362.2,19,51955,89127,1362.97,115269,-0.9
2021-06-16 12:52:24,1362.2,19,52057,89127,1362.97,115269,-0.9
2021-06-16 12:52:28,1362.2,19,52072,89127,1362.97,115269,-0.9
2021-06-16 12:52:37,1362.2,19,52064,89101,1362.97,115269,-0.9
2021-06-16 12:52:44,1362.0,5,52064,89101,1362.97,115269,-0.91
2021-06-16 12:52:47,1362.0,5,52098,89088,1362.97,115274,-0.91
2021-06-16 12:52:49,1362.0,5,52098,89089,1362.97,115274,-0.91
2021-06-16 12:52:52,1362.0,1,52098,89089,1362.97,115274,-0.91
2021-06-16 12:52:52,1362.0,1,52425,89079,1362.97,115275,-0.91
2021-06-16 12:52:55,1362.0,1,52385,88941,1362.97,115275,-0.91
2021-06-16 12:52:57,1362.0,1,52385,88936,1362.97,115280,-0.91
2021-06-16 12:53:06,1362.0,1,52390,88937,1362.97,115280,-0.91
2021-06-16 12:53:24,1362.0,1,52391,88937,1362.97,115280,-0.91
2021-06-16 12:53:30,1362.0,1,52382,88937,1362.97,115280,-0.91
2021-06-16 12:53:33,1362.0,1,52432,88936,1362.97,115280,-0.91
2021-06-16 12:53:34,1362.25,20,52432,88936,1362.97,115280,-0.89
2021-06-16 12:53:34,1362.25,110,52422,88845,1362.97,115450,-0.89
2021-06-16 12:53:36,1362.25,110,52422,88876,1362.97,115450,-0.89
2021-06-16 12:53:39,1362.25,110,52432,88872,1362.97,115450,-0.89
2021-06-16 12:53:43,1362.25,110,52427,88871,1362.97,115450,-0.89
2021-06-16 12:53:49,1362.25,110,52455,88873,1362.97,115450,-0.89
2021-06-16 12:54:07,1362.25,110,52466,88883,1362.97,115450,-0.89
2021-06-16 12:54:34,1362.25,110,52400,88792,1362.97,115450,-0.89
2021-06-16 12:54:35,1362.25,110,52399,88805,1362.97,115450,-0.89
2021-06-16 12:54:43,1362.25,110,52399,88855,1362.97,115450,-0.89
2021-06-16 12:54:44,1362.1,7,52399,88855,1362.97,115450,-0.91
2021-06-16 12:54:45,1362.1,7,52403,88859,1362.97,115465,-0.91
2021-06-16 12:54:46,1362.1,7,52423,88823,1362.97,115465,-0.91
2021-06-16 12:54:55,1362.1,7,52423,88842,1362.97,115465,-0.91
2021-06-16 12:54:57,1362.1,7,52519,88842,1362.97,115465,-0.91
2021-06-16 12:55:00,1362.1,7,52518,88894,1362.97,115465,-0.91
2021-06-16 12:55:03,1362.1,7,52520,88908,1362.97,115465,-0.91
2021-06-16 12:55:04,1362.1,20,52520,88908,1362.97,115465,-0.91
2021-06-16 12:55:05,1362.1,20,52489,88889,1362.97,115485,-0.91
2021-06-16 12:55:07,1362.1,20,52489,88888,1362.97,115485,-0.91
2021-06-16 12:55:09,1363.5,1,52513,88916,1362.97,115495,-0.8
2021-06-16 12:55:10,1363.5,1,52513,88865,1362.97,115495,-0.8
2021-06-16 12:56:01,1363.5,1,52513,88895,1362.97,115495,-0.8
2021-06-16 12:56:10,1363.5,1,52513,89093,1362.97,115495,-0.8
2021-06-16 12:56:13,1363.5,1,52513,88952,1362.97,115495,-0.8
2021-06-16 12:56:17,1363.5,1,52592,89049,1362.97,115495,-0.8
2021-06-16 12:56:19,1363.5,1,52539,89049,1362.97,115495,-0.8
2021-06-16 12:56:21,1363.5,1,52560,89049,1362.97,115495,-0.8
2021-06-16 12:56:22,1363.5,1,52560,89060,1362.97,115495,-0.8
2021-06-16 12:56:39,1363.5,1,52571,89036,1362.97,115495,-0.8
2021-06-16 12:56:44,1364.85,34,52571,89036,1362.97,115495,-0.71
2021-06-16 12:56:45,1364.85,34,52574,88891,1362.97,115595,-0.71
2021-06-16 12:56:46,1364.85,34,52574,88917,1362.97,115595,-0.71
2021-06-16 12:56:48,1364.85,34,52616,88896,1362.97,115595,-0.71
2021-06-16 12:56:50,1364.85,34,52604,88896,1362.97,115595,-0.71
2021-06-16 12:56:56,1364.85,34,52611,88916,1362.97,115595,-0.71
2021-06-16 12:57:01,1364.85,34,52616,88916,1362.97,115595,-0.71
2021-06-16 12:57:03,1364.85,34,52641,88916,1362.97,115595,-0.71
2021-06-16 12:57:05,1364.85,34,52640,88916,1362.97,115595,-0.71
2021-06-16 12:57:18,1364.85,34,52760,88944,1362.97,115595,-0.71
2021-06-16 12:57:19,1364.85,34,52747,88941,1362.97,115595,-0.71
2021-06-16 12:57:22,1363.6,25,52747,88941,1362.97,115595,-0.8
2021-06-16 12:57:23,1363.6,25,52739,88950,1362.97,115620,-0.8
2021-06-16 12:57:27,1363.6,25,53159,88960,1362.97,115620,-0.8
2021-06-16 12:57:28,1364.5,5,53159,88960,1362.97,115620,-0.73
2021-06-16 12:57:30,1364.5,5,53173,88955,1362.97,115625,-0.73
2021-06-16 12:57:31,1364.5,5,53223,88955,1362.97,115625,-0.73
2021-06-16 12:57:33,1364.5,5,53223,88956,1362.97,115625,-0.73
2021-06-16 12:57:43,1364.5,5,53223,88971,1362.97,115625,-0.73
2021-06-16 12:57:45,1365.0,97,53223,88971,1362.97,115625,-0.69
2021-06-16 12:57:48,1363.8,10,53272,88853,1362.97,115735,-0.78
2021-06-16 12:57:49,1363.8,10,53226,88869,1362.97,115745,-0.78
2021-06-16 12:57:55,1363.8,10,53226,88856,1362.97,115745,-0.78
2021-06-16 12:58:07,1363.5,80,53226,88856,1362.97,115745,-0.8
2021-06-16 12:58:09,1363.5,80,53073,88989,1362.97,115844,-0.8
2021-06-16 12:58:10,1363.5,80,53094,88989,1362.97,115844,-0.8
2021-06-16 12:58:15,1363.5,80,53094,88990,1362.97,115844,-0.8
2021-06-16 12:58:22,1363.5,80,53104,88995,1362.97,115844,-0.8
2021-06-16 12:58:24,1363.0,57,53104,88995,1362.97,115844,-0.84
2021-06-16 12:58:25,1363.0,57,53119,89017,1362.97,115944,-0.84
2021-06-16 12:58:27,1363.0,57,53135,89016,1362.97,115944,-0.84
2021-06-16 12:58:32,1363.0,57,53134,89033,1362.97,115944,-0.84
2021-06-16 12:58:40,1363.0,57,53144,89033,1362.97,115944,-0.84
2021-06-16 12:58:49,1363.0,57,53159,89035,1362.97,115944,-0.84
2021-06-16 12:58:51,1363.0,57,53161,89032,1362.97,115944,-0.84
2021-06-16 12:58:54,1363.0,57,53100,89065,1362.97,115944,-0.84
2021-06-16 12:59:01,1363.0,57,53100,89067,1362.97,115944,-0.84
2021-06-16 12:59:08,1363.0,57,53120,89067,1362.97,115944,-0.84
2021-06-16 12:59:10,1363.0,57,53120,89069,1362.97,115944,-0.84
2021-06-16 12:59:12,1363.0,57,53120,89072,1362.97,115944,-0.84
2021-06-16 12:59:18,1363.0,57,53120,89059,1362.97,115944,-0.84
2021-06-16 12:59:20,1363.0,57,53120,89062,1362.97,115944,-0.84
2021-06-16 12:59:22,1363.0,57,53120,89065,1362.97,115944,-0.84
2021-06-16 12:59:26,1363.0,57,53120,89070,1362.97,115944,-0.84
2021-06-16 12:59:34,1363.0,57,53120,89120,1362.97,115944,-0.84
2021-06-16 12:59:40,1363.0,57,53125,89119,1362.97,115944,-0.84
2021-06-16 12:59:43,1363.0,57,53125,89121,1362.97,115944,-0.84
2021-06-16 12:59:58,1363.0,57,53106,89107,1362.97,115944,-0.84
2021-06-16 13:00:06,1363.0,57,53106,89117,1362.97,115944,-0.84
2021-06-16 13:00:15,1363.0,50,53106,89117,1362.97,115944,-0.84
2021-06-16 13:00:31,1363.1,10,53172,88973,1362.97,116004,-0.83
2021-06-16 13:00:33,1363.1,10,53172,88974,1362.97,116004,-0.83
2021-06-16 13:00:34,1364.7,7,53172,88974,1362.97,116004,-0.72
2021-06-16 13:00:36,1364.7,7,53188,89001,1362.97,116014,-0.72
2021-06-16 13:00:45,1364.7,7,53188,88750,1362.97,116014,-0.72
2021-06-16 13:00:54,1364.7,7,53176,88839,1362.97,116014,-0.72
2021-06-16 13:00:56,1364.7,7,53176,88838,1362.97,116014,-0.72
2021-06-16 13:01:03,1364.7,7,53266,88858,1362.97,116014,-0.72
2021-06-16 13:01:22,1364.7,7,53266,88859,1362.97,116014,-0.72
2021-06-16 13:01:26,1364.7,7,52766,88864,1362.97,116014,-0.72
2021-06-16 13:01:28,1364.7,7,52676,88864,1362.97,116014,-0.72
2021-06-16 13:01:37,1364.7,7,52674,88878,1362.97,116014,-0.72
2021-06-16 13:01:38,1363.5,2,52674,88878,1362.97,116014,-0.8
2021-06-16 13:01:39,1363.5,2,52674,88876,1362.97,116016,-0.8
2021-06-16 13:01:42,1363.5,2,52666,88875,1362.97,116016,-0.8
2021-06-16 13:01:49,1363.5,2,52665,88875,1362.97,116016,-0.8
2021-06-16 13:01:53,1363.5,2,52665,88880,1362.97,116016,-0.8
2021-06-16 13:01:57,1363.0,30,52665,88880,1362.97,116016,-0.84
2021-06-16 13:01:58,1363.0,30,52624,88880,1362.97,116046,-0.84
2021-06-16 13:02:03,1363.0,30,52598,88872,1362.97,116046,-0.84
2021-06-16 13:02:18,1363.0,30,52598,88848,1362.97,116046,-0.84
2021-06-16 13:02:19,1363.0,30,52603,88848,1362.97,116046,-0.84
2021-06-16 13:02:32,1363.0,59,52603,88848,1362.97,116046,-0.84
2021-06-16 13:02:33,1363.0,59,52312,88848,1362.97,116295,-0.84
2021-06-16 13:02:41,1363.0,59,52289,88846,1362.97,116295,-0.84
2021-06-16 13:02:43,1363.0,59,52310,88835,1362.97,116295,-0.84
2021-06-16 13:02:47,1363.0,59,52468,88854,1362.97,116295,-0.84
2021-06-16 13:02:49,1363.4,5,52473,88830,1362.97,116300,-0.81
2021-06-16 13:02:50,1364.0,27,52473,88830,1362.97,116300,-0.77
2021-06-16 13:02:51,1364.0,27,52476,88726,1362.97,116400,-0.77
2021-06-16 13:03:00,1364.0,100,52476,88688,1362.97,116400,-0.77
2021-06-16 13:03:04,1364.0,100,52376,88643,1362.97,116500,-0.77
2021-06-16 13:03:07,1364.0,25,52376,88643,1362.97,116500,-0.77
2021-06-16 13:03:08,1364.0,25,52376,88608,1362.97,116525,-0.77
2021-06-16 13:03:09,1364.0,25,52376,88595,1362.97,116525,-0.77
2021-06-16 13:03:12,1364.0,25,52384,88595,1362.97,116525,-0.77
2021-06-16 13:03:18,1364.0,5,52384,88595,1362.97,116525,-0.77
2021-06-16 13:03:19,1364.0,5,52380,88607,1362.97,116530,-0.77
2021-06-16 13:03:22,1364.0,5,52380,88589,1362.97,116530,-0.77
2021-06-16 13:03:39,1363.0,2,52380,88589,1362.97,116530,-0.84
2021-06-16 13:03:41,1363.0,2,52374,88599,1362.97,116532,-0.84
2021-06-16 13:03:43,1363.0,2,52374,88649,1362.97,116532,-0.84
2021-06-16 13:03:45,1363.0,2,52385,88628,1362.97,116532,-0.84
2021-06-16 13:03:49,1363.0,2,52372,88626,1362.97,116532,-0.84
2021-06-16 13:03:52,1363.0,2,52331,88626,1362.97,116532,-0.84
2021-06-16 13:04:04,1363.0,2,52341,88585,1362.97,116532,-0.84
2021-06-16 13:04:33,1363.0,2,52330,88582,1362.97,116532,-0.84
2021-06-16 13:04:34,1363.0,2,52342,88582,1362.97,116532,-0.84
2021-06-16 13:04:43,1363.0,2,52342,88267,1362.97,116532,-0.84
2021-06-16 13:04:45,1363.0,2,52342,88268,1362.97,116532,-0.84
2021-06-16 13:04:47,1363.0,2,52393,88276,1362.97,116532,-0.84
2021-06-16 13:04:49,1363.0,29,52370,88254,1362.97,116607,-0.84
2021-06-16 13:04:51,1363.0,29,52304,88273,1362.97,116607,-0.84
2021-06-16 13:05:03,1363.0,29,52305,88918,1362.97,116607,-0.84
2021-06-16 13:05:05,1363.0,29,52333,88918,1362.97,116607,-0.84
2021-06-16 13:05:12,1363.0,29,52373,88920,1362.97,116607,-0.84
2021-06-16 13:05:15,1363.0,29,52373,88921,1362.97,116607,-0.84
2021-06-16 13:05:30,1363.0,29,52385,88921,1362.97,116607,-0.84
2021-06-16 13:05:42,1363.0,29,52373,88952,1362.97,116607,-0.84
2021-06-16 13:05:46,1363.0,29,52373,89002,1362.97,116607,-0.84
2021-06-16 13:05:54,1363.0,29,52373,89037,1362.97,116607,-0.84
2021-06-16 13:06:00,1363.0,29,52384,89037,1362.97,116607,-0.84
2021-06-16 13:06:12,1363.0,29,52394,89037,1362.97,116607,-0.84
2021-06-16 13:06:13,1363.0,29,52360,89037,1362.97,116607,-0.84
2021-06-16 13:06:39,1363.0,29,52360,89026,1362.97,116607,-0.84
2021-06-16 13:06:52,1363.0,29,52362,89026,1362.97,116607,-0.84
2021-06-16 13:07:02,1363.0,29,52363,89037,1362.97,116607,-0.84
2021-06-16 13:07:08,1363.0,29,52342,89037,1362.97,116607,-0.84
2021-06-16 13:07:11,1363.0,29,52353,89037,1362.97,116607,-0.84
2021-06-16 13:07:15,1364.0,50,52353,89037,1362.97,116607,-0.77
2021-06-16 13:07:16,1364.0,50,52362,89070,1362.97,116657,-0.77
2021-06-16 13:07:18,1364.0,50,52363,89049,1362.97,116657,-0.77
2021-06-16 13:07:30,1364.0,50,52361,89062,1362.97,116657,-0.77
2021-06-16 13:07:43,1364.0,50,52371,89061,1362.97,116657,-0.77
2021-06-16 13:07:47,1364.0,1,52371,89061,1362.97,116657,-0.77
2021-06-16 13:07:49,1364.0,1,52351,89070,1362.97,116658,-0.77
2021-06-16 13:07:52,1364.0,1,52351,89071,1362.97,116658,-0.77
2021-06-16 13:07:55,1364.0,1,52232,89059,1362.97,116658,-0.77
2021-06-16 13:08:00,1364.0,1,52231,89059,1362.97,116658,-0.77
2021-06-16 13:08:03,1364.0,1,51710,89071,1362.97,116658,-0.77
2021-06-16 13:08:05,1364.0,1,51589,89075,1362.97,116658,-0.77
2021-06-16 13:08:07,1364.0,1,51619,89070,1362.97,116658,-0.77
2021-06-16 13:08:10,1364.0,1,51618,89070,1362.97,116658,-0.77
2021-06-16 13:08:15,1364.0,1,51618,89073,1362.97,116658,-0.77
2021-06-16 13:08:18,1364.0,1,51631,89063,1362.97,116658,-0.77
2021-06-16 13:08:20,1364.0,1,51631,89213,1362.97,116658,-0.77
2021-06-16 13:08:24,1364.0,1,51595,89227,1362.97,116658,-0.77
2021-06-16 13:08:27,1364.0,1,51595,89235,1362.97,116658,-0.77
2021-06-16 13:08:30,1364.0,1,51626,89219,1362.97,116658,-0.77
2021-06-16 13:08:32,1364.0,1,51633,89238,1362.97,116658,-0.77
2021-06-16 13:08:37,1363.0,19,51633,89238,1362.97,116658,-0.84
2021-06-16 13:08:38,1363.0,19,51613,89237,1362.97,116708,-0.84
2021-06-16 13:08:43,1363.0,19,51588,89246,1362.97,116708,-0.84
2021-06-16 13:08:55,1363.0,19,51588,89279,1362.97,116708,-0.84
2021-06-16 13:08:57,1363.0,19,51588,89229,1362.97,116708,-0.84
2021-06-16 13:09:00,1363.0,19,51588,89224,1362.97,116708,-0.84
2021-06-16 13:09:03,1363.0,19,51588,89297,1362.97,116708,-0.84
2021-06-16 13:09:21,1363.0,19,51733,89295,1362.97,116708,-0.84
2021-06-16 13:09:30,1363.0,19,51735,89275,1362.97,116708,-0.84
2021-06-16 13:09:32,1363.0,19,51735,89271,1362.97,116708,-0.84
2021-06-16 13:09:39,1363.0,19,51735,89240,1362.97,116708,-0.84
2021-06-16 13:09:46,1361.15,10,51353,89296,1362.97,117157,-0.97
2021-06-16 13:09:48,1361.15,10,51414,89284,1362.97,117157,-0.97
2021-06-16 13:10:03,1361.15,10,51433,89322,1362.97,117157,-0.97
2021-06-16 13:10:05,1361.15,10,51481,89303,1362.97,117157,-0.97
2021-06-16 13:10:07,1361.15,10,51481,89300,1362.97,117157,-0.97
2021-06-16 13:10:13,1361.15,10,51481,89299,1362.97,117157,-0.97
2021-06-16 13:10:22,1361.15,10,51531,89299,1362.97,117157,-0.97
2021-06-16 13:10:26,1361.15,10,51508,89386,1362.97,117157,-0.97
2021-06-16 13:10:51,1361.15,10,51521,89507,1362.97,117157,-0.97
2021-06-16 13:11:07,1360.5,7,51502,89501,1362.97,117217,-1.02
2021-06-16 13:11:09,1360.5,7,51521,89513,1362.97,117217,-1.02
2021-06-16 13:11:14,1360.05,7,51481,89513,1362.97,117277,-1.05
2021-06-16 13:11:19,1360.0,65,51481,89513,1362.97,117277,-1.06
2021-06-16 13:11:21,1360.0,65,51293,89564,1362.96,117452,-1.06
2021-06-16 13:11:25,1360.0,19,51293,89564,1362.96,117452,-1.06
2021-06-16 13:11:26,1360.0,19,51107,89554,1362.96,117512,-1.06
2021-06-16 13:11:28,1360.0,19,51114,89454,1362.96,117512,-1.06
2021-06-16 13:11:36,1360.0,19,51114,89554,1362.96,117512,-1.06
2021-06-16 13:11:37,1361.25,3,51114,89554,1362.96,117512,-0.97
2021-06-16 13:11:39,1361.25,3,51154,89539,1362.96,117517,-0.97
2021-06-16 13:11:41,1361.25,3,51152,89539,1362.96,117517,-0.97
2021-06-16 13:11:45,1361.25,3,51152,89522,1362.96,117517,-0.97
2021-06-16 13:11:46,1361.25,3,51119,89563,1362.96,117517,-0.97
2021-06-16 13:11:48,1361.25,3,51139,89575,1362.96,117517,-0.97
2021-06-16 13:12:01,1361.25,3,51639,89588,1362.96,117517,-0.97
2021-06-16 13:12:04,1359.2,1,51462,89631,1362.96,117667,-1.12
2021-06-16 13:12:06,1359.2,1,51486,89648,1362.96,117667,-1.12
2021-06-16 13:12:18,1359.2,1,51493,89648,1362.96,117667,-1.12
2021-06-16 13:12:21,1359.2,1,51493,89663,1362.96,117667,-1.12
2021-06-16 13:12:25,1359.2,1,51492,89654,1362.96,117667,-1.12
2021-06-16 13:12:27,1359.2,1,51491,89646,1362.96,117667,-1.12
2021-06-16 13:12:31,1359.2,1,51491,89546,1362.96,117667,-1.12
2021-06-16 13:12:50,1359.2,1,51491,89555,1362.96,117667,-1.12
2021-06-16 13:12:56,1359.2,1,51501,89555,1362.96,117667,-1.12
2021-06-16 13:12:59,1361.15,7,51501,89555,1362.96,117667,-0.97
2021-06-16 13:13:00,1361.15,7,52086,89433,1362.96,117760,-0.97
2021-06-16 13:13:02,1361.15,7,52086,89431,1362.96,117760,-0.97
2021-06-16 13:13:04,1360.15,2,52086,89431,1362.96,117760,-1.05
2021-06-16 13:13:04,1360.15,2,52066,89442,1362.96,117764,-1.05
2021-06-16 13:13:06,1360.15,2,52130,89518,1362.96,117764,-1.05
2021-06-16 13:13:11,1362.45,8,52193,89502,1362.96,117764,-0.88
2021-06-16 13:13:15,1362.45,8,52344,89477,1362.96,117814,-0.88
2021-06-16 13:13:26,1362.45,8,52344,89478,1362.96,117814,-0.88
2021-06-16 13:13:31,1362.45,8,52349,89478,1362.96,117814,-0.88
2021-06-16 13:13:42,1362.45,8,52316,89488,1362.96,117814,-0.88
2021-06-16 13:13:44,1362.45,8,52345,89490,1362.96,117814,-0.88
2021-06-16 13:14:22,1362.45,8,52363,89471,1362.96,117814,-0.88
2021-06-16 13:14:30,1362.45,8,52373,89471,1362.96,117814,-0.88
2021-06-16 13:14:48,1362.45,8,52316,89292,1362.96,117814,-0.88
2021-06-16 13:14:57,1362.45,8,52316,89297,1362.96,117814,-0.88
2021-06-16 13:15:06,1362.45,8,52329,89302,1362.96,117814,-0.88
2021-06-16 13:15:11,1362.45,8,52338,89303,1362.96,117814,-0.88
2021-06-16 13:15:15,1362.45,8,52332,89303,1362.96,117814,-0.88
2021-06-16 13:15:22,1362.45,8,52325,89315,1362.96,117814,-0.88
2021-06-16 13:15:25,1362.45,8,52314,89315,1362.96,117814,-0.88
2021-06-16 13:15:27,1362.25,19,52314,89299,1362.96,117814,-0.89
2021-06-16 13:15:28,1362.25,19,52347,89275,1362.96,117892,-0.89
2021-06-16 13:15:30,1362.25,19,52421,89260,1362.96,117892,-0.89
2021-06-16 13:15:32,1362.25,19,52395,89259,1362.96,117892,-0.89
2021-06-16 13:15:33,1362.25,19,52362,89278,1362.96,117892,-0.89
2021-06-16 13:15:35,1362.25,19,52382,89278,1362.96,117892,-0.89
2021-06-16 13:15:36,1362.25,19,52382,89283,1362.96,117892,-0.89
2021-06-16 13:15:41,1362.25,19,52382,89289,1362.96,117892,-0.89
2021-06-16 13:16:06,1362.25,19,52387,89289,1362.96,117892,-0.89
2021-06-16 13:16:10,1361.8,8,52387,89289,1362.96,117892,-0.93
2021-06-16 13:16:11,1361.8,8,52359,89323,1362.96,117902,-0.93
2021-06-16 13:16:13,1362.95,6,52359,89323,1362.96,117902,-0.84
2021-06-16 13:16:14,1362.95,6,52383,89324,1362.96,117910,-0.84
2021-06-16 13:16:15,1362.95,6,52386,89344,1362.96,117910,-0.84
2021-06-16 13:16:17,1362.95,6,52376,89344,1362.96,117910,-0.84
2021-06-16 13:16:21,1362.95,6,52374,89338,1362.96,117910,-0.84
2021-06-16 13:16:25,1362.95,6,52388,89345,1362.96,117910,-0.84
2021-06-16 13:16:27,1362.95,6,52388,89339,1362.96,117910,-0.84
2021-06-16 13:16:36,1362.95,6,52374,89339,1362.96,117910,-0.84
2021-06-16 13:16:45,1361.85,1,52374,89339,1362.96,117910,-0.92
2021-06-16 13:16:45,1361.85,1,52361,89338,1362.96,117911,-0.92
2021-06-16 13:16:47,1361.85,1,52374,89338,1362.96,117911,-0.92
2021-06-16 13:16:49,1361.85,1,52374,89337,1362.96,117911,-0.92
2021-06-16 13:16:53,1361.85,1,52362,89338,1362.96,117911,-0.92
2021-06-16 13:16:54,1361.8,2,52362,89338,1362.96,117911,-0.93
2021-06-16 13:16:55,1361.8,2,52454,89317,1362.95,118119,-0.93
2021-06-16 13:16:58,1361.8,2,52435,89324,1362.95,118119,-0.93
2021-06-16 13:17:00,1361.8,2,52402,89324,1362.95,118119,-0.93
2021-06-16 13:17:01,1361.8,2,52380,89324,1362.95,118119,-0.93
2021-06-16 13:17:04,1361.8,2,52401,89337,1362.95,118119,-0.93
2021-06-16 13:17:10,1362.0,77,52401,89337,1362.95,118119,-0.91
2021-06-16 13:17:12,1362.0,77,52426,89345,1362.95,118219,-0.91
2021-06-16 13:17:27,1361.85,4,52185,89834,1362.95,118236,-0.92
2021-06-16 13:17:28,1361.85,4,52219,89872,1362.95,118236,-0.92
2021-06-16 13:17:31,1361.85,4,52219,89873,1362.95,118236,-0.92
2021-06-16 13:17:33,1361.85,4,52238,89871,1362.95,118236,-0.92
2021-06-16 13:17:35,1361.85,4,52238,89881,1362.95,118236,-0.92
2021-06-16 13:17:36,1359.25,2,52238,89881,1362.95,118236,-1.11
2021-06-16 13:17:37,1359.25,2,52198,89881,1362.95,118336,-1.11
2021-06-16 13:17:37,1359.95,22,52198,89881,1362.95,118336,-1.06
2021-06-16 13:17:38,1359.95,22,52302,89310,1362.94,118852,-1.06
2021-06-16 13:17:39,1359.95,22,52322,89317,1362.94,118852,-1.06
2021-06-16 13:17:43,1360.45,7,52312,89344,1362.94,118867,-1.03
2021-06-16 13:17:51,1360.45,7,52310,89357,1362.94,118867,-1.03
2021-06-16 13:17:52,1360.45,7,52312,89336,1362.94,118867,-1.03
2021-06-16 13:17:55,1360.45,7,52183,89282,1362.94,118867,-1.03
2021-06-16 13:17:57,1360.45,7,52203,89282,1362.94,118867,-1.03
2021-06-16 13:18:09,1360.45,7,52184,89292,1362.94,118867,-1.03
2021-06-16 13:18:11,1360.45,7,52201,89287,1362.94,118867,-1.03
2021-06-16 13:18:18,1360.0,8,52201,89287,1362.94,118867,-1.06
2021-06-16 13:18:19,1360.0,8,52091,89349,1362.93,119066,-1.06
2021-06-16 13:18:30,1360.0,8,52090,89377,1362.93,119066,-1.06
2021-06-16 13:18:31,1359.0,65,52090,89377,1362.93,119066,-1.13
2021-06-16 13:18:32,1359.0,65,51514,89500,1362.91,119840,-1.13
2021-06-16 13:18:34,1359.0,65,51565,89526,1362.91,119840,-1.13
2021-06-16 13:18:37,1359.0,65,51565,89508,1362.91,119840,-1.13
2021-06-16 13:18:57,1359.0,65,51565,89550,1362.91,119840,-1.13
2021-06-16 13:19:06,1359.0,20,51565,89550,1362.91,119840,-1.13
2021-06-16 13:19:09,1359.0,20,51501,89586,1362.91,119860,-1.13
2021-06-16 13:19:13,1359.0,20,51501,89556,1362.91,119860,-1.13
2021-06-16 13:19:14,1358.0,72,51501,89556,1362.91,119860,-1.2
2021-06-16 13:19:15,1358.0,28,51351,89556,1362.9,119960,-1.2
2021-06-16 13:19:16,1358.0,28,51337,89583,1362.9,119988,-1.2
2021-06-16 13:19:21,1357.65,92,51337,89583,1362.9,119988,-1.23
2021-06-16 13:19:22,1357.65,92,51312,89573,1362.9,120092,-1.23
2021-06-16 13:19:22,1357.5,1,51312,89573,1362.9,120092,-1.24
2021-06-16 13:19:25,1357.5,1,51369,89641,1362.9,120096,-1.24
2021-06-16 13:19:32,1357.5,1,51361,89701,1362.9,120096,-1.24
2021-06-16 13:19:34,1357.0,11,51124,89508,1362.89,120157,-1.28
2021-06-16 13:19:36,1356.05,1,51124,89508,1362.89,120157,-1.35
2021-06-16 13:19:36,1356.05,7,51138,89447,1362.89,120165,-1.35
2021-06-16 13:19:37,1357.2,1,51138,89447,1362.89,120165,-1.26
2021-06-16 13:19:38,1357.2,1,51151,89510,1362.89,120166,-1.26
2021-06-16 13:19:39,1357.2,1,51151,89542,1362.89,120166,-1.26
2021-06-16 13:19:42,1357.0,17,51151,89542,1362.89,120166,-1.28
2021-06-16 13:19:43,1355.4,11,51019,89494,1362.89,120241,-1.39
2021-06-16 13:19:45,1355.4,11,51019,89482,1362.89,120241,-1.39
2021-06-16 13:19:46,1355.4,2,51019,89482,1362.89,120241,-1.39
2021-06-16 13:19:47,1355.4,2,51015,89482,1362.89,120251,-1.39
2021-06-16 13:19:48,1356.95,12,51015,89482,1362.89,120251,-1.28
2021-06-16 13:19:49,1356.95,12,51070,89446,1362.89,120295,-1.28
2021-06-16 13:19:51,1356.95,12,51117,89464,1362.89,120295,-1.28
2021-06-16 13:19:52,1355.45,8,51117,89464,1362.89,120295,-1.39
2021-06-16 13:19:52,1355.45,8,51105,89474,1362.89,120305,-1.39
2021-06-16 13:19:57,1355.45,8,51152,89474,1362.89,120305,-1.39
2021-06-16 13:20:04,1356.0,1,51195,89486,1362.89,120306,-1.35
2021-06-16 13:20:06,1357.0,5,51145,89434,1362.88,120313,-1.28
2021-06-16 13:20:07,1357.0,5,51168,89475,1362.88,120313,-1.28
2021-06-16 13:20:12,1358.25,58,51168,89475,1362.88,120313,-1.19
2021-06-16 13:20:13,1358.25,58,51187,89413,1362.88,120430,-1.19
2021-06-16 13:20:15,1358.25,58,51226,89400,1362.88,120430,-1.19
2021-06-16 13:20:16,1358.0,1,51226,89400,1362.88,120430,-1.2
2021-06-16 13:20:17,1358.0,1,51245,89400,1362.88,120431,-1.2
2021-06-16 13:20:19,1357.3,19,51245,89400,1362.88,120431,-1.25
2021-06-16 13:20:21,1357.3,19,51171,89488,1362.88,120478,-1.25
2021-06-16 13:20:24,1357.3,19,51146,89484,1362.88,120478,-1.25
2021-06-16 13:20:25,1357.3,19,51146,89471,1362.88,120478,-1.25
2021-06-16 13:20:28,1357.3,19,51153,89471,1362.88,120478,-1.25
2021-06-16 13:20:30,1357.3,19,51165,89470,1362.88,120478,-1.25
2021-06-16 13:20:32,1357.3,19,51185,89467,1362.88,120478,-1.25
2021-06-16 13:20:33,1357.0,10,51185,89467,1362.88,120478,-1.28
2021-06-16 13:20:34,1357.0,10,51131,89524,1362.88,120488,-1.28
2021-06-16 13:20:35,1357.0,10,51169,89536,1362.88,120488,-1.28
2021-06-16 13:20:37,1357.0,10,51169,89571,1362.88,120488,-1.28
2021-06-16 13:20:39,1357.0,5,51169,89571,1362.88,120488,-1.28
2021-06-16 13:20:39,1357.0,5,51240,89583,1362.88,120494,-1.28
2021-06-16 13:20:42,1357.0,5,51182,89657,1362.88,120494,-1.28
2021-06-16 13:20:43,1357.0,5,51163,89657,1362.88,120494,-1.28
2021-06-16 13:20:46,1356.95,1,51184,89656,1362.88,120495,-1.28
2021-06-16 13:20:48,1356.95,1,51184,89688,1362.88,120495,-1.28
2021-06-16 13:20:53,1356.95,5,51184,89683,1362.88,120500,-1.28
2021-06-16 13:20:54,1357.95,13,51184,89683,1362.88,120500,-1.21
2021-06-16 13:21:40,1357.95,13,51794,89490,1362.87,120727,-1.21
2021-06-16 13:21:42,1357.95,13,52000,89475,1362.87,120727,-1.21
2021-06-16 13:21:42,1358.0,5,52000,89475,1362.87,120727,-1.2
2021-06-16 13:21:43,1358.0,5,51942,89535,1362.87,120732,-1.2
2021-06-16 13:21:47,1358.0,5,51942,89537,1362.87,120732,-1.2
2021-06-16 13:21:49,1358.0,5,51941,89537,1362.87,120732,-1.2
2021-06-16 13:21:57,1358.0,5,51966,89538,1362.87,120732,-1.2
2021-06-16 13:22:00,1358.0,5,51937,89566,1362.87,120732,-1.2
2021-06-16 13:22:03,1356.7,1,51937,89580,1362.87,120732,-1.3
2021-06-16 13:22:06,1356.7,1,51910,89560,1362.87,120742,-1.3
2021-06-16 13:22:09,1356.7,1,51909,89579,1362.87,120742,-1.3
2021-06-16 13:22:10,1357.95,1,51909,89579,1362.87,120742,-1.21
2021-06-16 13:22:12,1357.95,1,51927,89621,1362.87,120743,-1.21
2021-06-16 13:22:38,1357.95,1,51927,89623,1362.87,120743,-1.21
2021-06-16 13:22:44,1357.95,1,51927,89633,1362.87,120743,-1.21
2021-06-16 13:22:48,1357.95,5,51927,89633,1362.87,120743,-1.21
2021-06-16 13:22:49,1357.95,5,51924,89627,1362.87,120748,-1.21
2021-06-16 13:22:51,1357.95,5,51912,89627,1362.87,120748,-1.21
2021-06-16 13:22:54,1357.0,4,51912,89627,1362.87,120748,-1.28
2021-06-16 13:22:54,1357.0,4,51915,89625,1362.87,120753,-1.28
2021-06-16 13:23:02,1357.0,4,51915,89624,1362.87,120753,-1.28
2021-06-16 13:23:37,1357.0,4,51915,89619,1362.87,120753,-1.28
2021-06-16 13:23:40,1357.0,4,51915,89620,1362.87,120753,-1.28
2021-06-16 13:23:41,1357.0,5,51915,89620,1362.87,120753,-1.28
2021-06-16 13:23:42,1357.0,5,52010,89620,1362.87,120758,-1.28
2021-06-16 13:23:48,1357.0,5,52018,89619,1362.87,120758,-1.28
2021-06-16 13:23:57,1357.0,5,52038,89619,1362.87,120758,-1.28
2021-06-16 13:24:13,1359.1,32,52197,89464,1362.86,120914,-1.12
2021-06-16 13:24:16,1359.1,32,52197,89459,1362.86,120914,-1.12
2021-06-16 13:24:22,1359.1,32,52198,89460,1362.86,120914,-1.12
2021-06-16 13:24:32,1359.1,32,52199,89460,1362.86,120914,-1.12
2021-06-16 13:24:40,1359.65,6,52164,89514,1362.86,120920,-1.08
2021-06-16 13:24:42,1359.65,6,52262,89530,1362.86,120920,-1.08
2021-06-16 13:24:47,1359.65,6,52270,89500,1362.86,120920,-1.08
2021-06-16 13:24:49,1359.65,6,52270,89520,1362.86,120920,-1.08
2021-06-16 13:24:54,1359.65,6,52370,89521,1362.86,120920,-1.08
2021-06-16 13:25:12,1359.65,6,52369,89521,1362.86,120920,-1.08
2021-06-16 13:25:21,1359.65,6,52375,89602,1362.86,120920,-1.08
2021-06-16 13:25:32,1359.65,6,52374,89603,1362.86,120920,-1.08
2021-06-16 13:25:33,1359.5,3,52371,89600,1362.86,120923,-1.09
2021-06-16 13:25:48,1359.5,3,52371,89612,1362.86,120923,-1.09
2021-06-16 13:25:49,1359.5,3,52371,93612,1362.86,120923,-1.09
2021-06-16 13:25:57,1359.5,3,52371,93613,1362.86,120923,-1.09
2021-06-16 13:25:59,1359.5,3,52372,93613,1362.86,120923,-1.09
2021-06-16 13:26:03,1359.5,3,52361,93625,1362.86,120923,-1.09
2021-06-16 13:26:14,1359.5,3,52433,93613,1362.86,120923,-1.09
2021-06-16 13:26:16,1359.5,3,52433,93611,1362.86,120923,-1.09
2021-06-16 13:26:27,1359.5,3,52433,93636,1362.86,120923,-1.09
2021-06-16 13:26:29,1359.5,3,52433,93646,1362.86,120923,-1.09
2021-06-16 13:26:31,1359.5,3,52438,93646,1362.86,120923,-1.09
2021-06-16 13:26:36,1359.4,3,52438,93646,1362.86,120923,-1.1
2021-06-16 13:26:36,1359.4,3,52438,93643,1362.86,120926,-1.1
2021-06-16 13:26:45,1359.4,3,52448,93645,1362.86,120926,-1.1
2021-06-16 13:26:57,1359.4,3,52433,93621,1362.86,120926,-1.1
2021-06-16 13:27:04,1359.4,3,52446,93622,1362.86,120926,-1.1
2021-06-16 13:27:08,1359.4,3,52446,93620,1362.86,120926,-1.1
2021-06-16 13:27:19,1359.4,3,52457,93621,1362.86,120926,-1.1
2021-06-16 13:27:23,1359.4,3,52457,93611,1362.86,120926,-1.1
2021-06-16 13:27:24,1359.5,15,52484,93471,1362.86,121026,-1.09
2021-06-16 13:27:31,1359.5,15,52476,93492,1362.86,121026,-1.09
2021-06-16 13:27:33,1359.5,15,52476,93501,1362.86,121026,-1.09
2021-06-16 13:27:37,1359.5,15,52471,93501,1362.86,121026,-1.09
2021-06-16 13:27:58,1358.35,9,52471,93501,1362.86,121026,-1.18
2021-06-16 13:27:58,1358.35,9,52455,93512,1362.86,121036,-1.18
2021-06-16 13:27:59,1358.5,5,52455,93512,1362.86,121036,-1.17
2021-06-16 13:28:00,1358.5,5,52461,93538,1362.86,121041,-1.17
2021-06-16 13:28:21,1359.5,49,52461,93538,1362.86,121041,-1.09
2021-06-16 13:28:22,1359.5,49,52491,93488,1362.85,121091,-1.09
2021-06-16 13:28:48,1359.5,49,52491,93489,1362.85,121091,-1.09
2021-06-16 13:28:57,1359.5,7,52491,93489,1362.85,121091,-1.09
2021-06-16 13:29:06,1359.5,7,52479,93504,1362.85,121101,-1.09
2021-06-16 13:29:08,1359.5,7,52479,93503,1362.85,121101,-1.09
2021-06-16 13:29:10,1359.5,7,52483,93503,1362.85,121101,-1.09
2021-06-16 13:29:25,1359.5,7,52483,93493,1362.85,121101,-1.09
2021-06-16 13:29:45,1359.5,7,52533,93493,1362.85,121101,-1.09
2021-06-16 13:29:48,1358.4,9,52533,93493,1362.85,121101,-1.17
2021-06-16 13:29:52,1358.4,9,52516,93511,1362.85,121111,-1.17
2021-06-16 13:30:17,1359.45,1,52637,93553,1362.85,121112,-1.1
2021-06-16 13:30:27,1359.45,2,52693,93407,1362.85,121114,-1.1
2021-06-16 13:30:31,1359.5,1,52693,93407,1362.85,121114,-1.09
2021-06-16 13:30:32,1359.5,1,52667,93436,1362.85,121115,-1.09
2021-06-16 13:30:45,1359.5,1,52667,93437,1362.85,121115,-1.09
2021-06-16 13:30:51,1359.5,1,52666,93437,1362.85,121115,-1.09
2021-06-16 13:30:56,1359.5,1,52663,93467,1362.85,121115,-1.09
2021-06-16 13:31:00,1359.5,1,52663,93517,1362.85,121115,-1.09
2021-06-16 13:31:01,1359.45,9,52663,93517,1362.85,121115,-1.1
2021-06-16 13:31:03,1359.45,9,52630,93539,1362.85,121145,-1.1
2021-06-16 13:31:31,1359.45,9,52649,93539,1362.85,121145,-1.1
2021-06-16 13:31:42,1361.3,1,52740,93448,1362.85,121205,-0.96
2021-06-16 13:31:43,1362.3,4,52758,93389,1362.85,121228,-0.89
2021-06-16 13:31:44,1361.05,20,52758,93389,1362.85,121228,-0.98
2021-06-16 13:31:45,1361.05,20,52807,93469,1362.85,121257,-0.98
2021-06-16 13:31:54,1362.7,19,52851,93429,1362.85,121277,-0.86
2021-06-16 13:31:59,1362.7,19,52814,93372,1362.85,121277,-0.86
2021-06-16 13:32:01,1362.7,19,52781,93432,1362.85,121277,-0.86
2021-06-16 13:32:06,1362.7,19,52837,93431,1362.85,121277,-0.86
2021-06-16 13:32:12,1361.9,1,52837,93431,1362.85,121277,-0.92
2021-06-16 13:32:14,1361.9,1,52656,93443,1362.85,121452,-0.92
2021-06-16 13:32:15,1361.9,1,52651,93495,1362.85,121452,-0.92
2021-06-16 13:32:17,1361.9,1,52671,93495,1362.85,121452,-0.92
2021-06-16 13:32:18,1361.9,1,52655,93608,1362.85,121452,-0.92
2021-06-16 13:32:19,1361.9,1,52656,93628,1362.85,121452,-0.92
2021-06-16 13:32:24,1361.9,1,52691,93621,1362.85,121452,-0.92
2021-06-16 13:32:26,1361.9,1,52683,93621,1362.85,121452,-0.92
2021-06-16 13:32:39,1361.9,1,52712,93586,1362.85,121452,-0.92
2021-06-16 13:32:40,1361.9,1,52779,93592,1362.85,121452,-0.92
2021-06-16 13:32:42,1361.9,1,52779,93513,1362.85,121452,-0.92
2021-06-16 13:32:52,1360.5,4,52779,93513,1362.85,121452,-1.02
2021-06-16 13:32:53,1360.5,4,52764,93513,1362.85,121456,-1.02
2021-06-16 13:33:36,1360.5,4,52734,93512,1362.85,121456,-1.02
2021-06-16 13:33:51,1360.5,4,52640,94026,1362.85,121456,-1.02
2021-06-16 13:34:00,1360.5,4,52655,94079,1362.85,121456,-1.02
2021-06-16 13:34:03,1360.5,4,52675,94077,1362.85,121456,-1.02
2021-06-16 13:34:06,1360.5,4,52629,94119,1362.85,121456,-1.02
2021-06-16 13:34:10,1360.5,4,52648,94119,1362.85,121456,-1.02
2021-06-16 13:34:13,1360.5,4,52651,94119,1362.85,121456,-1.02
2021-06-16 13:34:17,1360.5,4,52472,94166,1362.85,121456,-1.02
2021-06-16 13:34:18,1359.45,40,52472,94166,1362.85,121456,-1.1
2021-06-16 13:34:20,1359.45,40,52475,94159,1362.85,121516,-1.1
2021-06-16 13:34:22,1359.45,40,52490,94159,1362.85,121516,-1.1
2021-06-16 13:34:23,1360.35,1,52490,94159,1362.85,121516,-1.03
2021-06-16 13:34:26,1360.35,1,52595,94040,1362.85,121566,-1.03
2021-06-16 13:34:29,1360.35,1,52603,94088,1362.85,121566,-1.03
2021-06-16 13:34:31,1360.35,1,52624,94071,1362.85,121566,-1.03
2021-06-16 13:34:36,1360.35,1,52623,94071,1362.85,121566,-1.03
2021-06-16 13:34:38,1360.35,1,52684,94071,1362.85,121566,-1.03
2021-06-16 13:34:55,1359.4,61,52684,94071,1362.85,121566,-1.1
2021-06-16 13:34:57,1359.4,61,52573,94090,1362.84,121648,-1.1
2021-06-16 13:34:58,1359.4,61,52595,94101,1362.84,121648,-1.1
2021-06-16 13:35:00,1359.4,61,52573,94101,1362.84,121648,-1.1
2021-06-16 13:35:01,1359.4,61,52531,94112,1362.84,121648,-1.1
2021-06-16 13:35:03,1358.0,18,52531,94112,1362.84,121648,-1.2
2021-06-16 13:35:04,1358.0,18,52516,94094,1362.84,121666,-1.2
2021-06-16 13:35:06,1358.0,18,52528,94094,1362.84,121666,-1.2
2021-06-16 13:35:11,1358.0,18,52553,94094,1362.84,121666,-1.2
2021-06-16 13:35:15,1358.0,18,52554,94072,1362.84,121666,-1.2
2021-06-16 13:35:24,1358.0,18,52555,94072,1362.84,121666,-1.2
2021-06-16 13:35:25,1358.0,18,52559,94087,1362.84,121666,-1.2
2021-06-16 13:35:28,1358.0,18,52559,94115,1362.84,121666,-1.2
2021-06-16 13:35:37,1360.2,6,52559,94115,1362.84,121666,-1.04
2021-06-16 13:35:39,1360.2,6,52650,94018,1362.84,121716,-1.04
2021-06-16 13:35:42,1360.2,6,52642,94016,1362.84,121716,-1.04
2021-06-16 13:35:43,1360.2,6,52442,94016,1362.84,121716,-1.04
2021-06-16 13:35:53,1361.0,200,52442,94016,1362.84,121716,-0.99
2021-06-16 13:35:54,1361.0,200,52425,93998,1362.84,121917,-0.99
2021-06-16 13:35:57,1361.0,200,52423,94040,1362.84,121917,-0.99
2021-06-16 13:35:58,1361.0,200,52425,94040,1362.84,121917,-0.99
2021-06-16 13:36:02,1361.0,200,52474,94070,1362.84,121917,-0.99
2021-06-16 13:36:04,1361.0,200,52487,94070,1362.84,121917,-0.99
2021-06-16 13:36:18,1361.0,200,52486,94070,1362.84,121917,-0.99
2021-06-16 13:36:34,1360.0,4,52486,94070,1362.84,121917,-1.06
2021-06-16 13:36:35,1360.35,1,52463,94034,1362.84,121922,-1.03
2021-06-16 13:36:36,1360.8,27,52463,94034,1362.84,121922,-1.0
2021-06-16 13:36:37,1361.0,2,52463,94034,1362.84,121922,-0.99
2021-06-16 13:36:38,1361.1,3,52456,94050,1362.84,121954,-0.98
2021-06-16 13:36:39,1361.0,2,52456,94050,1362.84,121954,-0.99
2021-06-16 13:36:40,1361.0,1,52456,94050,1362.84,121954,-0.99
2021-06-16 13:36:40,1361.0,1,52958,94048,1362.84,121957,-0.99
2021-06-16 13:36:45,1361.05,1,52958,94048,1362.84,121957,-0.98
2021-06-16 13:36:47,1361.05,1,52971,94073,1362.84,121964,-0.98
2021-06-16 13:36:54,1361.05,1,52971,94180,1362.84,121964,-0.98
2021-06-16 13:37:13,1361.05,1,52971,94195,1362.84,121964,-0.98
2021-06-16 13:37:25,1361.05,1,52971,94196,1362.84,121964,-0.98
2021-06-16 13:37:30,1358.6,23,52971,94196,1362.84,121964,-1.16
2021-06-16 13:37:35,1358.6,23,52984,94218,1362.84,122014,-1.16
2021-06-16 13:37:39,1358.6,23,52984,94233,1362.84,122014,-1.16
2021-06-16 13:37:52,1358.6,23,52962,94233,1362.84,122014,-1.16
2021-06-16 13:37:54,1358.6,23,52963,94233,1362.84,122014,-1.16
2021-06-16 13:38:06,1358.6,23,52963,94231,1362.84,122014,-1.16
2021-06-16 13:38:10,1358.6,23,52931,94231,1362.84,122014,-1.16
2021-06-16 13:38:20,1358.6,23,52932,94231,1362.84,122014,-1.16
2021-06-16 13:38:27,1358.0,18,52932,94231,1362.84,122014,-1.2
2021-06-16 13:38:27,1358.0,18,52698,94267,1362.83,122214,-1.2
2021-06-16 13:38:29,1358.0,18,52718,94246,1362.83,122214,-1.2
2021-06-16 13:38:30,1358.0,18,52723,94267,1362.83,122214,-1.2
2021-06-16 13:38:34,1357.35,1,52723,94267,1362.83,122214,-1.25
2021-06-16 13:38:35,1357.0,1,52723,94267,1362.83,122214,-1.28
2021-06-16 13:38:36,1357.0,1,52699,94267,1362.83,122275,-1.28
2021-06-16 13:38:37,1357.0,1,52699,94256,1362.83,122275,-1.28
2021-06-16 13:38:42,1357.0,1,52699,94246,1362.83,122275,-1.28
2021-06-16 13:38:48,1357.0,1,52249,94246,1362.83,122275,-1.28
2021-06-16 13:39:12,1357.15,2,52249,94246,1362.83,122275,-1.27
2021-06-16 13:39:13,1357.15,2,52251,94246,1362.83,122277,-1.27
2021-06-16 13:39:24,1357.15,2,52260,94232,1362.83,122277,-1.27
2021-06-16 13:39:34,1357.15,2,52270,94232,1362.83,122277,-1.27
2021-06-16 13:39:43,1357.15,2,52292,94234,1362.83,122277,-1.27
2021-06-16 13:39:46,1357.15,2,52292,94246,1362.83,122277,-1.27
2021-06-16 13:39:55,1357.15,2,52292,94256,1362.83,122277,-1.27
2021-06-16 13:40:14,1357.15,2,52295,94257,1362.83,122277,-1.27
2021-06-16 13:40:23,1357.15,2,52296,94258,1362.83,122277,-1.27
2021-06-16 13:40:39,1357.15,2,52299,94258,1362.83,122277,-1.27
2021-06-16 13:40:53,1357.15,2,52300,94258,1362.83,122277,-1.27
2021-06-16 13:41:00,1357.15,2,52301,94258,1362.83,122277,-1.27
2021-06-16 13:41:10,1357.15,2,52316,94245,1362.83,122277,-1.27
2021-06-16 13:41:20,1357.15,2,52316,94244,1362.83,122277,-1.27
2021-06-16 13:41:24,1359.5,18,52314,94237,1362.83,122302,-1.09
2021-06-16 13:41:49,1359.5,18,52333,94237,1362.83,122302,-1.09
2021-06-16 13:41:52,1359.5,18,52377,94205,1362.83,122302,-1.09
2021-06-16 13:41:54,1359.5,18,52383,94196,1362.83,122302,-1.09
2021-06-16 13:41:58,1359.5,18,52436,94196,1362.83,122302,-1.09
2021-06-16 13:41:59,1359.5,18,52436,94216,1362.83,122302,-1.09
2021-06-16 13:42:28,1359.5,18,52446,94216,1362.83,122302,-1.09
2021-06-16 13:42:56,1359.5,18,52396,94216,1362.83,122302,-1.09
2021-06-16 13:43:09,1359.5,18,52394,94216,1362.83,122302,-1.09
2021-06-16 13:43:37,1359.5,18,52380,94228,1362.83,122302,-1.09
2021-06-16 13:43:46,1359.5,18,52483,94194,1362.83,122302,-1.09
2021-06-16 13:44:15,1359.2,25,52483,94194,1362.83,122302,-1.12
2021-06-16 13:44:15,1359.2,25,52425,94194,1362.82,122348,-1.12
2021-06-16 13:44:20,1359.2,25,52421,94195,1362.82,122348,-1.12
2021-06-16 13:44:28,1359.2,25,52442,94195,1362.82,122348,-1.12
2021-06-16 13:44:34,1359.2,25,52447,94194,1362.82,122348,-1.12
2021-06-16 13:44:36,1359.2,25,52451,94194,1362.82,122348,-1.12
2021-06-16 13:44:42,1359.2,25,52446,94195,1362.82,122348,-1.12
2021-06-16 13:45:01,1359.0,170,52446,94195,1362.82,122348,-1.13
2021-06-16 13:45:03,1359.0,170,52279,94204,1362.82,122598,-1.13
2021-06-16 13:45:05,1359.0,170,52278,94225,1362.82,122598,-1.13
2021-06-16 13:45:07,1359.0,170,52279,94235,1362.82,122598,-1.13
2021-06-16 13:45:22,1359.0,170,52291,94209,1362.82,122598,-1.13
2021-06-16 13:45:24,1359.0,170,52299,94210,1362.82,122598,-1.13
2021-06-16 13:45:25,1358.25,3,52299,94210,1362.82,122598,-1.19
2021-06-16 13:45:27,1358.25,3,52303,94208,1362.82,122620,-1.19
2021-06-16 13:45:44,1358.25,40,52290,94225,1362.81,122660,-1.19
2021-06-16 13:45:56,1358.25,40,52340,94199,1362.81,122660,-1.19
2021-06-16 13:45:59,1358.25,40,52285,94221,1362.81,122660,-1.19
2021-06-16 13:46:07,1358.25,40,52304,94221,1362.81,122660,-1.19
2021-06-16 13:46:13,1358.25,40,52255,94195,1362.81,122660,-1.19
2021-06-16 13:46:16,1358.25,40,52269,94178,1362.81,122660,-1.19
2021-06-16 13:46:19,1358.25,40,52289,94188,1362.81,122660,-1.19
2021-06-16 13:46:20,1358.25,40,52288,94210,1362.81,122660,-1.19
2021-06-16 13:46:29,1358.25,40,52293,94224,1362.81,122660,-1.19
2021-06-16 13:46:31,1358.25,40,52284,94222,1362.81,122660,-1.19
2021-06-16 13:46:34,1358.25,40,52288,94222,1362.81,122660,-1.19
2021-06-16 13:46:36,1358.25,40,52313,94232,1362.81,122660,-1.19
2021-06-16 13:47:01,1360.05,9,52309,94187,1362.81,122670,-1.05
2021-06-16 13:47:03,1359.25,2,52321,94198,1362.81,122670,-1.11
2021-06-16 13:47:06,1359.25,2,52387,94199,1362.81,122672,-1.11
2021-06-16 13:47:07,1359.25,2,52424,94199,1362.81,122672,-1.11
2021-06-16 13:47:11,1359.25,2,52524,94199,1362.81,122672,-1.11
2021-06-16 13:47:12,1360.65,1,52524,94199,1362.81,122672,-1.01
2021-06-16 13:47:13,1360.65,1,52524,94191,1362.81,122722,-1.01
2021-06-16 13:47:15,1360.65,1,52541,94188,1362.81,122722,-1.01
2021-06-16 13:47:16,1358.65,1,52541,94188,1362.81,122722,-1.16
2021-06-16 13:47:17,1358.65,1,52533,94164,1362.81,122733,-1.16
2021-06-16 13:47:19,1358.65,1,52520,94185,1362.81,122733,-1.16
2021-06-16 13:47:31,1360.3,20,52520,94185,1362.81,122733,-1.04
2021-06-16 13:47:31,1360.3,20,52551,94167,1362.81,122758,-1.04
2021-06-16 13:47:46,1360.3,20,52652,94157,1362.81,122758,-1.04
2021-06-16 13:47:48,1360.3,20,52650,94142,1362.81,122778,-1.04
2021-06-16 13:48:00,1360.3,20,52650,94131,1362.81,122778,-1.04
2021-06-16 13:48:08,1360.3,20,52650,94119,1362.81,122778,-1.04
2021-06-16 13:48:10,1360.3,20,52650,94129,1362.81,122778,-1.04
2021-06-16 13:48:13,1360.5,20,52650,94129,1362.81,122778,-1.02
2021-06-16 13:48:13,1360.5,20,52714,93987,1362.81,122858,-1.02
2021-06-16 13:48:18,1360.5,20,52714,94008,1362.81,122858,-1.02
2021-06-16 13:48:19,1361.0,15,52663,93984,1362.81,122873,-0.99
2021-06-16 13:48:22,1361.0,15,52761,93960,1362.81,122873,-0.99
2021-06-16 13:48:28,1361.5,84,52607,93957,1362.81,122957,-0.95
2021-06-16 13:48:31,1361.5,84,52646,93976,1362.81,122957,-0.95
2021-06-16 13:48:38,1361.5,84,52646,93981,1362.81,122957,-0.95
2021-06-16 13:48:43,1361.5,84,52646,93982,1362.81,122957,-0.95
2021-06-16 13:48:49,1361.5,84,52640,94007,1362.81,122957,-0.95
2021-06-16 13:48:51,1361.5,84,52654,93976,1362.81,122957,-0.95
2021-06-16 13:48:57,1361.5,84,52655,93976,1362.81,122957,-0.95
2021-06-16 13:49:12,1361.5,3,52655,93976,1362.81,122957,-0.95
2021-06-16 13:49:13,1361.5,3,52666,93973,1362.81,122960,-0.95
2021-06-16 13:49:18,1360.65,4,52651,93966,1362.81,122965,-1.01
2021-06-16 13:49:22,1362.0,23,52651,93966,1362.81,122965,-0.91
2021-06-16 13:49:24,1362.0,23,52623,93979,1362.81,122990,-0.91
2021-06-16 13:49:31,1362.0,23,52633,93962,1362.81,122990,-0.91
2021-06-16 13:49:33,1362.0,23,52633,93985,1362.81,122990,-0.91
2021-06-16 13:49:47,1362.0,23,52656,93985,1362.81,122990,-0.91
2021-06-16 13:49:51,1362.7,3,52656,93985,1362.81,122990,-0.86
2021-06-16 13:49:52,1362.85,1,52656,93985,1362.81,122990,-0.85
2021-06-16 13:49:52,1362.85,1,52731,93878,1362.81,123015,-0.85
2021-06-16 13:49:54,1363.0,1,52731,93878,1362.81,123015,-0.84
2021-06-16 13:49:54,1363.0,1,52711,93919,1362.81,123036,-0.84
2021-06-16 13:50:03,1363.0,1,52740,93919,1362.81,123036,-0.84
2021-06-16 13:50:07,1363.0,1,52740,93920,1362.81,123036,-0.84
2021-06-16 13:50:10,1363.0,1,52737,93938,1362.81,123036,-0.84
2021-06-16 13:50:12,1363.0,1,52758,93938,1362.81,123036,-0.84
2021-06-16 13:50:32,1361.75,68,52758,93938,1362.81,123036,-0.93
2021-06-16 13:50:33,1361.75,68,52109,94007,1362.81,123616,-0.93
2021-06-16 13:50:35,1361.75,68,52127,94008,1362.81,123616,-0.93
2021-06-16 13:50:37,1361.75,68,52109,94008,1362.81,123616,-0.93
2021-06-16 13:50:46,1361.75,68,52127,93996,1362.81,123616,-0.93
2021-06-16 13:50:55,1361.7,1,52125,93984,1362.81,123617,-0.93
2021-06-16 13:51:00,1361.7,1,52134,93984,1362.81,123617,-0.93
2021-06-16 13:51:02,1361.8,1,52134,93983,1362.81,123618,-0.93
2021-06-16 13:51:06,1361.8,1,52181,93984,1362.81,123618,-0.93
2021-06-16 13:51:07,1361.8,19,52181,93984,1362.81,123618,-0.93
2021-06-16 13:51:07,1361.8,19,52189,93950,1362.8,123643,-0.93
2021-06-16 13:51:10,1361.8,19,52189,93952,1362.8,123643,-0.93
2021-06-16 13:51:13,1361.8,19,52175,93953,1362.8,123643,-0.93
2021-06-16 13:51:21,1361.8,19,52095,93953,1362.8,123643,-0.93
2021-06-16 13:51:38,1361.8,19,52095,93951,1362.8,123643,-0.93
2021-06-16 13:51:52,1361.8,19,52114,93938,1362.8,123643,-0.93
2021-06-16 13:51:54,1361.8,19,52142,93945,1362.8,123643,-0.93
2021-06-16 13:51:55,1361.8,19,52142,93966,1362.8,123643,-0.93
2021-06-16 13:52:03,1363.35,4,52142,93966,1362.8,123643,-0.81
2021-06-16 13:52:03,1363.35,4,52134,93923,1362.81,123743,-0.81
2021-06-16 13:52:05,1363.35,4,52134,93943,1362.81,123743,-0.81
2021-06-16 13:52:10,1363.35,4,52134,93944,1362.81,123743,-0.81
2021-06-16 13:52:24,1363.4,20,52134,93944,1362.81,123743,-0.81
2021-06-16 13:52:24,1363.4,20,52216,94068,1362.81,123778,-0.81
2021-06-16 13:52:28,1363.4,20,52176,94062,1362.81,123778,-0.81
2021-06-16 13:52:32,1363.4,20,52175,94064,1362.81,123778,-0.81
2021-06-16 13:52:46,1363.4,20,52164,94076,1362.81,123778,-0.81
2021-06-16 13:52:48,1363.4,20,52164,94086,1362.81,123778,-0.81
2021-06-16 13:52:52,1363.4,20,52165,94086,1362.81,123778,-0.81
2021-06-16 13:52:54,1363.4,20,52165,94186,1362.81,123778,-0.81
2021-06-16 13:52:59,1363.4,20,52165,94189,1362.81,123778,-0.81
2021-06-16 13:53:00,1363.4,20,52165,94192,1362.81,123778,-0.81
2021-06-16 13:53:04,1363.4,20,52163,94194,1362.81,123778,-0.81
2021-06-16 13:53:09,1363.4,20,52163,94198,1362.81,123778,-0.81
2021-06-16 13:53:10,1363.4,20,52163,94199,1362.81,123778,-0.81
2021-06-16 13:53:13,1363.4,20,52163,94200,1362.81,123778,-0.81
2021-06-16 13:53:32,1363.4,20,52181,94200,1362.81,123778,-0.81
2021-06-16 13:53:37,1363.4,20,52191,94200,1362.81,123778,-0.81
2021-06-16 13:53:49,1363.4,20,52191,94201,1362.81,123778,-0.81
2021-06-16 13:54:02,1363.4,20,52191,94204,1362.81,123778,-0.81
2021-06-16 13:54:03,1363.4,20,52191,94205,1362.81,123778,-0.81
2021-06-16 13:54:07,1363.4,20,52191,94207,1362.81,123778,-0.81
2021-06-16 13:54:24,1363.4,20,52193,94207,1362.81,123778,-0.81
2021-06-16 13:54:45,1363.4,20,52178,94207,1362.81,123778,-0.81
2021-06-16 13:54:51,1363.5,8,52642,94106,1362.81,123874,-0.8
2021-06-16 13:54:55,1363.5,8,52653,94100,1362.81,123874,-0.8
2021-06-16 13:55:00,1363.5,8,52653,94124,1362.81,123874,-0.8
2021-06-16 13:55:01,1363.4,412,52653,94124,1362.81,123874,-0.81
2021-06-16 13:55:03,1363.4,412,52289,93688,1362.81,124736,-0.81
2021-06-16 13:55:05,1365.0,1,52289,93688,1362.81,124736,-0.69
2021-06-16 13:55:06,1365.0,1,52264,93748,1362.81,124737,-0.69
2021-06-16 13:55:27,1365.0,1,52241,93800,1362.81,124737,-0.69
2021-06-16 13:55:29,1364.85,4,52241,93800,1362.81,124737,-0.71
2021-06-16 13:55:30,1364.85,4,52247,93775,1362.81,124762,-0.71
2021-06-16 13:55:41,1365.0,20,52255,93749,1362.81,124782,-0.69
2021-06-16 13:55:43,1365.0,20,52293,93744,1362.81,124782,-0.69
2021-06-16 13:55:46,1365.0,20,52293,93735,1362.81,124782,-0.69
2021-06-16 13:55:49,1365.0,20,52323,93685,1362.81,124782,-0.69
2021-06-16 13:55:50,1365.1,1,52323,93685,1362.81,124782,-0.69
2021-06-16 13:55:51,1365.1,15,52311,92904,1362.83,125567,-0.69
2021-06-16 13:55:52,1365.1,15,52313,92905,1362.83,125567,-0.69
2021-06-16 13:55:54,1365.1,15,52341,92903,1362.83,125567,-0.69
2021-06-16 13:55:56,1365.1,15,52396,92927,1362.83,125567,-0.69
2021-06-16 13:55:57,1365.1,15,52393,92948,1362.83,125567,-0.69
2021-06-16 13:55:59,1365.1,15,52407,92948,1362.83,125567,-0.69
2021-06-16 13:56:06,1365.1,15,52406,92984,1362.83,125567,-0.69
2021-06-16 13:56:20,1365.1,15,52405,92988,1362.83,125567,-0.69
2021-06-16 13:56:24,1365.1,15,52430,92988,1362.83,125567,-0.69
2021-06-16 13:56:31,1367.3,57,52430,92988,1362.83,125567,-0.53
2021-06-16 13:56:32,1366.0,50,52391,93010,1362.83,125721,-0.62
2021-06-16 13:56:34,1366.0,50,52432,93012,1362.83,125721,-0.62
2021-06-16 13:56:43,1366.0,50,52432,93028,1362.83,125721,-0.62
2021-06-16 13:56:51,1366.0,50,52392,93095,1362.83,125721,-0.62
2021-06-16 13:56:57,1366.0,50,52392,93100,1362.83,125721,-0.62
2021-06-16 13:57:02,1366.0,50,52421,93100,1362.83,125721,-0.62
2021-06-16 13:57:04,1366.0,50,52421,93050,1362.83,125721,-0.62
2021-06-16 13:57:09,1364.3,24,52421,93050,1362.83,125721,-0.75
2021-06-16 13:57:10,1364.3,24,52388,93002,1362.83,125771,-0.75
2021-06-16 13:57:12,1364.3,24,52388,93037,1362.83,125771,-0.75
2021-06-16 13:57:31,1364.3,24,52376,93009,1362.83,125771,-0.75
2021-06-16 13:57:33,1364.3,24,52426,93003,1362.83,125771,-0.75
2021-06-16 13:57:36,1366.0,5,52426,93003,1362.83,125771,-0.62
2021-06-16 13:57:37,1366.0,5,52461,92968,1362.83,125776,-0.62
2021-06-16 13:57:39,1366.25,10,52461,92968,1362.83,125776,-0.6
2021-06-16 13:57:40,1366.25,10,52498,92864,1362.83,125786,-0.6
2021-06-16 13:57:44,1366.25,10,52507,92911,1362.83,125786,-0.6
2021-06-16 13:57:51,1367.25,1,52507,92911,1362.83,125786,-0.53
2021-06-16 13:57:52,1367.25,1,52520,92925,1362.83,125787,-0.53
2021-06-16 13:57:55,1367.25,1,52520,92917,1362.83,125787,-0.53
2021-06-16 13:58:01,1367.25,1,52522,92903,1362.83,125787,-0.53
2021-06-16 13:58:04,1367.25,1,52424,92902,1362.83,125787,-0.53
2021-06-16 13:58:15,1367.25,1,52450,92902,1362.83,125787,-0.53
2021-06-16 13:58:17,1367.25,1,52460,92886,1362.83,125787,-0.53
2021-06-16 13:58:26,1367.25,1,52446,92908,1362.83,125787,-0.53
2021-06-16 13:58:37,1367.25,1,52445,92908,1362.83,125787,-0.53
2021-06-16 13:58:40,1367.25,1,52465,92908,1362.83,125787,-0.53
2021-06-16 13:58:49,1367.2,4,52465,92908,1362.83,125787,-0.53
2021-06-16 13:58:50,1367.2,4,52465,92917,1362.83,125812,-0.53
2021-06-16 13:58:52,1367.2,4,52465,92971,1362.83,125812,-0.53
2021-06-16 13:58:57,1367.2,4,52451,92953,1362.83,125812,-0.53
2021-06-16 13:59:01,1367.2,4,52451,92958,1362.83,125812,-0.53
2021-06-16 13:59:06,1367.2,4,52451,92960,1362.83,125812,-0.53
2021-06-16 13:59:10,1367.2,4,52451,92961,1362.83,125812,-0.53
2021-06-16 13:59:11,1367.0,40,52451,92961,1362.83,125812,-0.55
2021-06-16 13:59:12,1367.0,40,52452,92897,1362.84,125872,-0.55
2021-06-16 13:59:14,1367.25,47,52452,92897,1362.84,125872,-0.53
2021-06-16 13:59:18,1367.25,47,52460,92807,1362.84,125972,-0.53
2021-06-16 13:59:30,1367.2,1,52460,92810,1362.84,125972,-0.53
2021-06-16 13:59:31,1367.2,1,52460,92855,1362.84,125973,-0.53
2021-06-16 13:59:36,1367.2,1,52442,92843,1362.84,125973,-0.53
2021-06-16 13:59:38,1367.25,2,52442,92843,1362.84,125973,-0.53
2021-06-16 13:59:40,1367.25,2,52436,92840,1362.84,125984,-0.53
2021-06-16 13:59:48,1365.9,10,52411,92873,1362.84,126009,-0.63
2021-06-16 13:59:54,1365.9,10,52411,92870,1362.84,126009,-0.63
2021-06-16 13:59:55,1367.3,13,52411,92870,1362.84,126009,-0.53
2021-06-16 13:59:55,1367.3,13,52423,92885,1362.84,126031,-0.53
2021-06-16 13:59:56,1367.3,21,52423,92885,1362.84,126031,-0.53
2021-06-16 13:59:57,1367.3,21,52423,92858,1362.84,126071,-0.53
2021-06-16 14:00:00,1367.3,21,52453,92778,1362.84,126071,-0.53
2021-06-16 14:00:03,1365.8,20,52453,92778,1362.84,126071,-0.64
2021-06-16 14:00:04,1365.8,20,52329,92822,1362.84,126092,-0.64
2021-06-16 14:00:06,1365.8,20,52348,92822,1362.84,126092,-0.64
2021-06-16 14:00:10,1365.8,20,52348,92812,1362.84,126092,-0.64
2021-06-16 14:00:12,1365.8,20,52445,92763,1362.84,126092,-0.64
2021-06-16 14:00:14,1365.8,20,52464,92779,1362.84,126092,-0.64
2021-06-16 14:00:15,1367.15,4,52464,92779,1362.84,126092,-0.54
2021-06-16 14:00:16,1367.15,4,52462,92785,1362.84,126097,-0.54
2021-06-16 14:00:34,1367.15,4,52470,92794,1362.84,126097,-0.54
2021-06-16 14:00:36,1367.15,4,52470,92805,1362.84,126097,-0.54
2021-06-16 14:00:40,1365.55,19,52470,92805,1362.84,126097,-0.65
2021-06-16 14:00:41,1365.55,19,52401,92792,1362.85,126146,-0.65
2021-06-16 14:00:43,1365.55,19,52409,92823,1362.85,126146,-0.65
2021-06-16 14:00:50,1365.55,19,52409,92838,1362.85,126146,-0.65
2021-06-16 14:00:52,1365.55,19,52409,92839,1362.85,126146,-0.65
2021-06-16 14:00:55,1365.55,19,52322,92897,1362.85,126146,-0.65
2021-06-16 14:00:57,1365.55,19,52272,92897,1362.85,126146,-0.65
2021-06-16 14:01:04,1365.55,19,52258,92894,1362.85,126146,-0.65
2021-06-16 14:01:08,1365.55,19,52278,92900,1362.85,126146,-0.65
2021-06-16 14:01:10,1365.55,19,52278,92899,1362.85,126146,-0.65
2021-06-16 14:01:16,1365.55,19,52278,92864,1362.85,126146,-0.65
2021-06-16 14:01:21,1365.55,19,52328,92864,1362.85,126146,-0.65
2021-06-16 14:01:23,1365.55,19,52328,92869,1362.85,126146,-0.65
2021-06-16 14:01:39,1365.55,19,52328,92894,1362.85,126146,-0.65
2021-06-16 14:01:42,1365.55,19,52308,92894,1362.85,126146,-0.65
2021-06-16 14:01:44,1365.55,19,52305,92895,1362.85,126146,-0.65
2021-06-16 14:01:49,1365.55,19,52275,92913,1362.85,126146,-0.65
2021-06-16 14:01:51,1365.55,19,52196,92913,1362.85,126146,-0.65
2021-06-16 14:02:01,1365.55,19,52191,92923,1362.85,126146,-0.65
2021-06-16 14:02:05,1365.55,19,52156,93034,1362.85,126146,-0.65
2021-06-16 14:02:10,1365.75,5,52156,93034,1362.85,126146,-0.64
2021-06-16 14:02:10,1365.75,5,52145,93029,1362.85,126151,-0.64
2021-06-16 14:02:25,1365.75,5,52145,93034,1362.85,126151,-0.64
2021-06-16 14:02:27,1365.75,5,52147,93028,1362.85,126151,-0.64
2021-06-16 14:02:35,1365.75,5,52147,93053,1362.85,126151,-0.64
2021-06-16 14:02:35,1365.05,8,52147,93053,1362.85,126151,-0.69
2021-06-16 14:02:36,1365.05,8,52119,93053,1362.85,126159,-0.69
2021-06-16 14:02:38,1365.05,8,52069,93053,1362.85,126159,-0.69
2021-06-16 14:02:40,1365.05,8,52091,93053,1362.85,126159,-0.69
2021-06-16 14:02:51,1365.05,8,52092,93053,1362.85,126159,-0.69
2021-06-16 14:02:52,1365.0,20,52092,93053,1362.85,126159,-0.69
2021-06-16 14:03:09,1365.0,20,52065,93053,1362.85,126179,-0.69
2021-06-16 14:03:10,1365.0,20,52066,93048,1362.85,126179,-0.69
2021-06-16 14:03:13,1365.0,20,52068,93048,1362.85,126179,-0.69
2021-06-16 14:03:21,1365.0,1,52068,93048,1362.85,126179,-0.69
2021-06-16 14:03:22,1365.0,1,52045,93048,1362.85,126180,-0.69
2021-06-16 14:03:31,1365.0,1,52067,93048,1362.85,126180,-0.69
2021-06-16 14:03:33,1365.0,1,52067,93036,1362.85,126180,-0.69
2021-06-16 14:03:42,1364.25,4,52067,93036,1362.85,126180,-0.75
2021-06-16 14:03:43,1364.25,4,51364,93163,1362.85,126680,-0.75
2021-06-16 14:03:44,1364.25,4,51386,93200,1362.85,126680,-0.75
2021-06-16 14:03:49,1364.25,4,51386,93201,1362.85,126680,-0.75
2021-06-16 14:03:56,1364.25,4,51386,93208,1362.85,126680,-0.75
2021-06-16 14:03:57,1361.9,1,51386,93208,1362.85,126680,-0.92
2021-06-16 14:03:57,1361.35,8,51328,93238,1362.85,126746,-0.96
2021-06-16 14:03:58,1361.35,8,51329,93246,1362.85,126746,-0.96
2021-06-16 14:04:07,1361.35,8,51336,93246,1362.85,126746,-0.96
2021-06-16 14:04:15,1363.35,19,51336,93246,1362.85,126746,-0.81
2021-06-16 14:04:16,1363.35,19,51430,93166,1362.85,126766,-0.81
2021-06-16 14:04:23,1363.35,19,51510,93190,1362.85,126766,-0.81
2021-06-16 14:04:34,1363.35,19,51521,93190,1362.85,126766,-0.81
2021-06-16 14:04:39,1363.35,19,51521,93140,1362.85,126766,-0.81
2021-06-16 14:04:41,1363.75,2,51521,93140,1362.85,126766,-0.79
2021-06-16 14:05:20,1363.75,2,51519,93152,1362.85,126768,-0.79
2021-06-16 14:05:22,1363.75,2,51467,93152,1362.85,126768,-0.79
2021-06-16 14:05:29,1363.75,2,51467,93119,1362.85,126768,-0.79
2021-06-16 14:05:33,1363.75,2,51466,93134,1362.85,126768,-0.79
2021-06-16 14:05:34,1363.75,2,51460,93134,1362.85,126768,-0.79
2021-06-16 14:05:37,1363.75,2,51460,93149,1362.85,126768,-0.79
2021-06-16 14:05:45,1363.75,2,51460,93049,1362.85,126768,-0.79
2021-06-16 14:05:50,1363.75,8,51401,93102,1362.85,126776,-0.79
2021-06-16 14:05:52,1363.75,8,51420,93105,1362.85,126776,-0.79
2021-06-16 14:05:55,1363.75,8,49919,92009,1362.85,126776,-0.79
2021-06-16 14:05:59,1363.75,8,50020,92109,1362.85,126776,-0.79
2021-06-16 14:06:01,1363.75,8,49988,92111,1362.85,126776,-0.79
2021-06-16 14:06:09,1363.75,8,50043,92092,1362.85,126776,-0.79
2021-06-16 14:06:12,1363.75,8,50042,92062,1362.85,126776,-0.79
2021-06-16 14:06:14,1363.75,8,50043,92060,1362.85,126776,-0.79
2021-06-16 14:06:22,1362.05,6,50052,92031,1362.85,126776,-0.91
2021-06-16 14:06:25,1362.05,6,50059,92047,1362.85,126791,-0.91
2021-06-16 14:06:32,1362.05,6,50044,92046,1362.85,126791,-0.91
2021-06-16 14:06:36,1362.05,6,50050,92046,1362.85,126791,-0.91
2021-06-16 14:06:39,1362.05,6,50060,92046,1362.85,126791,-0.91
2021-06-16 14:06:45,1363.0,1,50060,92046,1362.85,126791,-0.84
2021-06-16 14:06:46,1363.0,1,50058,92053,1362.85,126792,-0.84
2021-06-16 14:06:48,1363.0,1,50045,92053,1362.85,126792,-0.84
2021-06-16 14:07:00,1363.0,1,49948,92068,1362.85,126792,-0.84
2021-06-16 14:07:01,1363.0,1,49948,92018,1362.85,126792,-0.84
2021-06-16 14:07:04,1363.0,1,49948,92038,1362.85,126792,-0.84
2021-06-16 14:07:12,1363.0,1,49952,92038,1362.85,126792,-0.84
2021-06-16 14:07:13,1363.0,1,49954,92038,1362.85,126792,-0.84
2021-06-16 14:07:18,1363.0,1,49954,92008,1362.85,126792,-0.84
2021-06-16 14:07:20,1363.0,1,49954,91993,1362.85,126792,-0.84
2021-06-16 14:07:32,1363.0,1,49972,91996,1362.85,126792,-0.84
2021-06-16 14:07:34,1363.0,1,49988,92016,1362.85,126792,-0.84
2021-06-16 14:07:47,1362.9,50,50011,91996,1362.85,126842,-0.85
2021-06-16 14:07:51,1362.9,50,50021,91996,1362.85,126842,-0.85
2021-06-16 14:07:55,1362.0,1,50032,91997,1362.85,126843,-0.91
2021-06-16 14:08:21,1362.0,1,51683,93499,1362.85,126843,-0.91
2021-06-16 14:08:24,1362.0,1,51684,93499,1362.85,126843,-0.91
2021-06-16 14:08:27,1362.0,1,51685,93499,1362.85,126843,-0.91
2021-06-16 14:08:31,1362.0,1,51686,93499,1362.85,126843,-0.91
2021-06-16 14:08:36,1362.0,1,51687,93499,1362.85,126843,-0.91
2021-06-16 14:08:39,1362.0,1,51688,93499,1362.85,126843,-0.91
2021-06-16 14:08:40,1362.0,1,51688,93504,1362.85,126843,-0.91
2021-06-16 14:08:47,1363.0,2,51688,93504,1362.85,126843,-0.84
2021-06-16 14:08:48,1363.0,2,51690,93498,1362.85,126853,-0.84
2021-06-16 14:08:52,1363.0,2,51690,93505,1362.85,126853,-0.84
2021-06-16 14:08:54,1363.0,2,51690,93510,1362.85,126853,-0.84
2021-06-16 14:08:59,1363.0,1,51690,93510,1362.85,126853,-0.84
2021-06-16 14:09:01,1363.0,1,51731,93536,1362.85,126863,-0.84
2021-06-16 14:09:02,1363.0,1,51729,93538,1362.85,126863,-0.84
2021-06-16 14:09:12,1363.0,1,51729,93537,1362.85,126863,-0.84
2021-06-16 14:09:15,1363.0,9,51729,93537,1362.85,126863,-0.84
2021-06-16 14:09:16,1363.0,9,51722,93545,1362.85,126873,-0.84
2021-06-16 14:09:18,1363.0,9,51724,93573,1362.85,126873,-0.84
2021-06-16 14:09:29,1362.95,35,51722,93538,1362.85,126908,-0.84
2021-06-16 14:09:38,1365.05,11,51722,93538,1362.85,126908,-0.69
2021-06-16 14:09:41,1365.05,11,51772,93314,1362.86,127163,-0.69
2021-06-16 14:09:54,1365.05,11,51706,93314,1362.86,127163,-0.69
2021-06-16 14:10:03,1364.05,20,51663,93470,1362.86,127184,-0.76
2021-06-16 14:10:04,1364.05,20,51622,93477,1362.86,127184,-0.76
2021-06-16 14:10:06,1364.05,20,51660,93482,1362.86,127184,-0.76
2021-06-16 14:10:15,1364.05,20,51690,93459,1362.86,127184,-0.76
2021-06-16 14:10:16,1364.0,9,51690,93456,1362.86,127184,-0.77
2021-06-16 14:10:18,1364.0,9,51735,93456,1362.86,127194,-0.77
2021-06-16 14:10:25,1364.0,1,51735,93456,1362.86,127194,-0.77
2021-06-16 14:10:27,1364.0,1,51727,93455,1362.86,127195,-0.77
2021-06-16 14:10:40,1364.0,1,51651,93480,1362.86,127195,-0.77
2021-06-16 14:10:42,1364.0,1,51672,93480,1362.86,127195,-0.77
2021-06-16 14:10:46,1363.85,1,51687,93458,1362.86,127220,-0.78
2021-06-16 14:10:48,1363.85,1,51686,93452,1362.86,127220,-0.78
2021-06-16 14:10:54,1363.85,1,51686,93472,1362.86,127220,-0.78
2021-06-16 14:11:06,1362.25,14,51686,93472,1362.86,127220,-0.89
2021-06-16 14:11:07,1362.25,14,51659,93517,1362.86,127235,-0.89
2021-06-16 14:11:09,1364.0,1,51681,93247,1362.86,127330,-0.77
2021-06-16 14:11:11,1364.0,1,51728,93258,1362.86,127330,-0.77
2021-06-16 14:11:14,1364.0,1,51775,93304,1362.86,127330,-0.77
2021-06-16 14:11:25,1364.0,1,50694,92223,1362.86,127330,-0.77
2021-06-16 14:11:36,1363.45,23,50694,92223,1362.86,127330,-0.81
2021-06-16 14:11:37,1363.45,23,50490,94283,1362.86,127458,-0.81
2021-06-16 14:11:41,1363.45,23,50494,94343,1362.86,127458,-0.81
2021-06-16 14:11:45,1362.0,193,50447,94120,1362.86,127661,-0.91
2021-06-16 14:11:46,1361.55,10,50447,94120,1362.86,127661,-0.95
2021-06-16 14:11:46,1361.55,10,50388,94211,1362.86,127671,-0.95
2021-06-16 14:11:52,1361.55,10,50412,94210,1362.86,127671,-0.95
2021-06-16 14:11:54,1361.55,10,50413,94210,1362.86,127671,-0.95
2021-06-16 14:11:56,1361.55,10,50392,94210,1362.86,127671,-0.95
2021-06-16 14:11:58,1361.55,10,50392,94260,1362.86,127671,-0.95
2021-06-16 14:12:00,1361.55,10,50359,94260,1362.86,127671,-0.95
2021-06-16 14:12:03,1365.0,1,50359,94260,1362.86,127671,-0.69
2021-06-16 14:12:04,1364.3,21,50359,94260,1362.86,127671,-0.75
2021-06-16 14:12:05,1364.3,21,50424,92226,1362.81,129605,-0.75
2021-06-16 14:12:07,1364.3,21,50415,92289,1362.81,129605,-0.75
2021-06-16 14:12:08,1365.25,4,50415,92289,1362.81,129605,-0.68
2021-06-16 14:12:10,1365.25,4,50597,92264,1362.81,129630,-0.68
2021-06-16 14:12:12,1366.0,150,50597,92264,1362.81,129630,-0.62
2021-06-16 14:12:12,1366.0,150,50575,92223,1362.81,129830,-0.62
2021-06-16 14:12:14,1366.0,150,50622,92216,1362.81,129830,-0.62
2021-06-16 14:12:15,1366.0,150,50658,92222,1362.81,129830,-0.62
2021-06-16 14:12:19,1366.0,150,50589,92249,1362.81,129830,-0.62
2021-06-16 14:12:20,1366.0,150,50587,92269,1362.81,129830,-0.62
2021-06-16 14:12:22,1366.0,150,50606,92270,1362.81,129830,-0.62
2021-06-16 14:12:27,1366.0,150,50566,92281,1362.81,129830,-0.62
2021-06-16 14:12:28,1366.0,150,50566,92291,1362.81,129830,-0.62
2021-06-16 14:12:31,1366.0,150,50597,92282,1362.81,129830,-0.62
2021-06-16 14:12:37,1366.0,150,50590,92303,1362.81,129830,-0.62
2021-06-16 14:12:43,1366.0,150,50595,92303,1362.81,129830,-0.62
2021-06-16 14:12:47,1366.0,150,50595,92308,1362.81,129830,-0.62
2021-06-16 14:12:52,1364.2,16,50595,92308,1362.81,129830,-0.75
2021-06-16 14:12:55,1364.2,16,50547,92382,1362.81,129849,-0.75
2021-06-16 14:13:03,1364.2,16,50547,92407,1362.81,129849,-0.75
2021-06-16 14:13:04,1364.2,16,50568,92407,1362.81,129849,-0.75
2021-06-16 14:13:07,1364.2,16,50578,92415,1362.81,129849,-0.75
2021-06-16 14:13:08,1365.05,64,50524,92453,1362.81,129949,-0.69
2021-06-16 14:13:10,1365.05,64,50630,92389,1362.81,129949,-0.69
2021-06-16 14:13:12,1365.05,64,50595,92390,1362.81,129949,-0.69
2021-06-16 14:13:17,1365.05,64,50623,92390,1362.81,129949,-0.69
2021-06-16 14:13:29,1365.05,64,50684,92389,1362.81,129949,-0.69
2021-06-16 14:13:32,1365.05,64,50755,92387,1362.81,129949,-0.69
2021-06-16 14:13:34,1365.05,64,50755,92386,1362.81,129949,-0.69
2021-06-16 14:13:36,1365.05,64,50655,92386,1362.81,129949,-0.69
2021-06-16 14:13:41,1365.05,64,50656,92386,1362.81,129949,-0.69
2021-06-16 14:13:55,1363.55,16,50525,92449,1362.81,129999,-0.8
2021-06-16 14:13:57,1363.55,16,50520,92450,1362.81,129999,-0.8
2021-06-16 14:14:02,1363.55,16,51595,94015,1362.81,129999,-0.8
2021-06-16 14:14:09,1363.55,16,51595,94115,1362.81,129999,-0.8
2021-06-16 14:14:11,1363.55,16,51615,94115,1362.81,129999,-0.8
2021-06-16 14:14:12,1363.55,16,51626,94114,1362.81,129999,-0.8
2021-06-16 14:14:17,1363.4,3,51626,94114,1362.81,129999,-0.81
2021-06-16 14:14:18,1363.4,3,51518,94189,1362.81,130002,-0.81
2021-06-16 14:14:19,1363.4,3,51539,94241,1362.81,130002,-0.81
2021-06-16 14:14:25,1363.4,3,51538,94241,1362.81,130002,-0.81
2021-06-16 14:14:33,1363.4,3,51559,94211,1362.81,130002,-0.81
2021-06-16 14:14:34,1363.4,3,51559,94233,1362.81,130002,-0.81
2021-06-16 14:14:36,1363.4,3,51599,94234,1362.81,130002,-0.81
2021-06-16 14:15:10,1363.35,1,51599,94234,1362.81,130002,-0.81
2021-06-16 14:15:12,1363.35,1,51599,94217,1362.82,130012,-0.81
2021-06-16 14:15:15,1363.35,1,51640,94217,1362.82,130012,-0.81
2021-06-16 14:15:27,1363.35,1,51639,94217,1362.82,130012,-0.81
2021-06-16 14:15:29,1363.35,1,51640,94218,1362.82,130012,-0.81
2021-06-16 14:15:33,1362.7,10,51638,94240,1362.82,130022,-0.86
2021-06-16 14:15:34,1362.7,10,51617,94239,1362.81,130072,-0.86
2021-06-16 14:15:36,1361.75,69,51564,94294,1362.81,130172,-0.93
2021-06-16 14:15:37,1361.75,69,51564,94285,1362.81,130172,-0.93
2021-06-16 14:15:39,1361.75,69,51564,94306,1362.81,130172,-0.93
2021-06-16 14:15:48,1361.75,69,51584,94306,1362.81,130172,-0.93
2021-06-16 14:15:53,1361.75,69,51565,94366,1362.81,130172,-0.93
2021-06-16 14:15:55,1361.75,69,51565,94367,1362.81,130172,-0.93
2021-06-16 14:15:58,1361.75,69,51565,94419,1362.81,130172,-0.93
2021-06-16 14:16:00,1361.75,69,51567,94418,1362.81,130172,-0.93
2021-06-16 14:16:02,1361.75,69,51598,94406,1362.81,130172,-0.93
2021-06-16 14:16:10,1361.75,69,51598,94466,1362.81,130172,-0.93
2021-06-16 14:16:15,1361.75,69,51598,94470,1362.81,130172,-0.93
2021-06-16 14:16:32,1363.0,21,51598,94470,1362.81,130172,-0.84
2021-06-16 14:16:33,1362.95,8,51663,94438,1362.81,130222,-0.84
2021-06-16 14:16:34,1362.95,8,51712,94414,1362.81,130230,-0.84
2021-06-16 14:16:46,1362.95,8,51712,94409,1362.81,130230,-0.84
2021-06-16 14:16:46,1362.95,42,51712,94409,1362.81,130230,-0.84
2021-06-16 14:16:48,1362.95,42,51623,94423,1362.81,130272,-0.84
2021-06-16 14:16:55,1362.95,42,51644,94423,1362.81,130272,-0.84
2021-06-16 14:16:57,1362.15,1,51644,94453,1362.81,130272,-0.9
2021-06-16 14:16:58,1362.85,10,51644,94453,1362.81,130272,-0.85
2021-06-16 14:17:01,1362.85,10,51604,94464,1362.81,130283,-0.85
2021-06-16 14:17:04,1362.85,10,51598,94455,1362.81,130283,-0.85
2021-06-16 14:17:06,1362.15,20,51598,94455,1362.81,130283,-0.9
2021-06-16 14:17:07,1362.15,20,51634,94473,1362.81,130303,-0.9
2021-06-16 14:17:15,1362.15,20,51615,94451,1362.81,130303,-0.9
2021-06-16 14:17:18,1362.15,20,51634,94451,1362.81,130303,-0.9
2021-06-16 14:17:19,1362.15,20,51565,94450,1362.81,130303,-0.9
2021-06-16 14:17:22,1362.15,20,51585,94459,1362.81,130303,-0.9
2021-06-16 14:17:28,1362.15,1,51585,94459,1362.81,130303,-0.9
2021-06-16 14:17:30,1360.05,13,51582,94519,1362.81,130329,-1.05
2021-06-16 14:17:32,1360.05,13,51478,94487,1362.81,130507,-1.05
2021-06-16 14:17:35,1360.05,13,51490,94507,1362.81,130507,-1.05
2021-06-16 14:17:40,1360.05,24,51490,94507,1362.81,130507,-1.05
2021-06-16 14:17:42,1360.05,24,51445,94507,1362.81,130532,-1.05
2021-06-16 14:17:46,1360.05,24,51448,94511,1362.81,130532,-1.05
2021-06-16 14:17:51,1360.05,24,51461,94518,1362.81,130532,-1.05
2021-06-16 14:17:53,1360.05,24,51480,94518,1362.81,130532,-1.05
2021-06-16 14:17:55,1361.35,21,51462,94518,1362.81,130532,-0.96
2021-06-16 14:17:57,1361.35,21,51497,94538,1362.81,130559,-0.96
2021-06-16 14:17:59,1361.35,21,51554,94536,1362.81,130559,-0.96
2021-06-16 14:18:01,1361.35,21,51515,94539,1362.81,130559,-0.96
2021-06-16 14:18:05,1361.35,21,51666,94539,1362.81,130559,-0.96
2021-06-16 14:18:07,1361.35,21,51666,94559,1362.81,130559,-0.96
2021-06-16 14:18:11,1361.35,21,50475,93435,1362.81,130559,-0.96
2021-06-16 14:18:19,1361.35,21,50445,93474,1362.81,130559,-0.96
2021-06-16 14:18:21,1361.35,21,50435,93462,1362.81,130559,-0.96
2021-06-16 14:18:28,1361.35,21,50384,93462,1362.81,130559,-0.96
2021-06-16 14:18:35,1361.35,21,50353,93461,1362.81,130559,-0.96
2021-06-16 14:18:37,1361.35,21,50353,93436,1362.81,130559,-0.96
2021-06-16 14:18:37,1361.35,4,50353,93436,1362.81,130559,-0.96
2021-06-16 14:18:39,1361.35,4,50443,93380,1362.81,130604,-0.96
2021-06-16 14:18:44,1361.35,4,50443,93355,1362.81,130604,-0.96
2021-06-16 14:18:53,1361.35,4,50507,93327,1362.81,130604,-0.96
2021-06-16 14:18:57,1361.35,4,50506,93309,1362.81,130604,-0.96
2021-06-16 14:19:03,1361.35,4,50505,93342,1362.81,130604,-0.96
2021-06-16 14:19:06,1361.35,4,50504,93340,1362.81,130604,-0.96
2021-06-16 14:19:07,1362.4,23,50504,93340,1362.81,130604,-0.88
2021-06-16 14:19:08,1362.4,23,50503,93323,1362.81,130654,-0.88
2021-06-16 14:19:10,1362.4,23,50508,93323,1362.81,130654,-0.88
2021-06-16 14:19:12,1362.4,23,50514,93351,1362.81,130654,-0.88
2021-06-16 14:19:16,1362.4,23,50564,93351,1362.81,130654,-0.88
2021-06-16 14:19:28,1361.4,1,50548,93382,1362.81,130656,-0.96
2021-06-16 14:19:32,1361.4,1,50548,93385,1362.81,130656,-0.96
2021-06-16 14:19:34,1361.4,1,51858,94393,1362.81,130656,-0.96
2021-06-16 14:19:53,1361.4,1,51858,94386,1362.81,130656,-0.96
2021-06-16 14:19:57,1361.4,1,51878,94277,1362.81,130656,-0.96
2021-06-16 14:19:59,1361.4,1,51941,94278,1362.81,130656,-0.96
2021-06-16 14:20:08,1361.4,1,51903,94283,1362.81,130656,-0.96
2021-06-16 14:20:24,1361.4,1,51910,94283,1362.81,130656,-0.96
2021-06-16 14:20:26,1361.4,1,51910,94258,1362.81,130656,-0.96
2021-06-16 14:20:40,1361.4,1,51895,94261,1362.81,130656,-0.96
2021-06-16 14:20:42,1361.4,1,51901,94261,1362.81,130656,-0.96
2021-06-16 14:20:43,1361.4,1,51901,94238,1362.81,130656,-0.96
2021-06-16 14:20:48,1361.4,1,51901,94258,1362.81,130656,-0.96
2021-06-16 14:20:54,1362.0,1,51901,94258,1362.81,130656,-0.91
2021-06-16 14:20:55,1362.0,1,51900,94258,1362.81,130657,-0.91
2021-06-16 14:21:03,1362.0,1,52002,94190,1362.81,130657,-0.91
2021-06-16 14:21:18,1362.0,1,51926,94245,1362.81,130657,-0.91
2021-06-16 14:21:30,1362.0,1,51926,94250,1362.81,130657,-0.91
2021-06-16 14:21:30,1362.0,1,51925,94250,1362.81,130658,-0.91
2021-06-16 14:21:33,1362.0,1,51932,94250,1362.81,130658,-0.91
2021-06-16 14:21:55,1362.4,2,51932,94248,1362.81,130660,-0.88
2021-06-16 14:22:40,1362.4,2,51882,94248,1362.81,130660,-0.88
2021-06-16 14:22:44,1362.9,7,51882,94248,1362.81,130660,-0.85
2021-06-16 14:22:45,1362.0,10,51855,94234,1362.81,130680,-0.91
2021-06-16 14:23:21,1363.0,60,51855,94234,1362.81,130680,-0.84
2021-06-16 14:23:22,1363.0,60,51767,94160,1362.81,130780,-0.84
2021-06-16 14:23:24,1363.0,60,51706,94166,1362.81,130780,-0.84
2021-06-16 14:23:49,1363.0,60,51711,94166,1362.81,130780,-0.84
2021-06-16 14:24:09,1363.0,60,51710,94155,1362.81,130780,-0.84
2021-06-16 14:24:12,1363.0,30,51710,94155,1362.81,130780,-0.84
2021-06-16 14:24:12,1363.0,30,51721,94193,1362.81,130810,-0.84
2021-06-16 14:24:16,1363.0,30,51722,94206,1362.81,130810,-0.84
2021-06-16 14:24:18,1363.0,30,51722,94202,1362.81,130810,-0.84
2021-06-16 14:24:19,1363.0,30,51721,94202,1362.81,130810,-0.84
2021-06-16 14:24:31,1363.0,30,51721,94199,1362.81,130810,-0.84
2021-06-16 14:24:33,1363.0,30,51721,94201,1362.81,130810,-0.84
2021-06-16 14:24:39,1363.0,30,51761,94187,1362.81,130810,-0.84
2021-06-16 14:24:46,1363.0,30,51782,94185,1362.81,130810,-0.84
2021-06-16 14:25:00,1363.1,20,51782,94185,1362.81,130810,-0.83
2021-06-16 14:25:04,1363.1,20,51762,94170,1362.81,130830,-0.83
2021-06-16 14:25:06,1363.1,20,51742,94172,1362.81,130830,-0.83
2021-06-16 14:25:09,1363.1,20,51762,94172,1362.81,130830,-0.83
2021-06-16 14:25:11,1363.1,20,51762,94171,1362.81,130830,-0.83
2021-06-16 14:25:15,1363.1,5,51762,94171,1362.81,130830,-0.83
2021-06-16 14:25:20,1363.1,5,51762,94167,1362.81,130835,-0.83
2021-06-16 14:25:23,1363.1,5,51762,94165,1362.81,130835,-0.83
2021-06-16 14:25:28,1363.1,5,51757,94173,1362.81,130835,-0.83
2021-06-16 14:25:31,1363.1,5,51757,94161,1362.81,130835,-0.83
2021-06-16 14:25:33,1363.0,8,51757,94161,1362.81,130835,-0.84
2021-06-16 14:25:34,1363.0,8,51759,94180,1362.81,130853,-0.84
2021-06-16 14:25:37,1363.0,8,51760,94180,1362.81,130853,-0.84
2021-06-16 14:25:43,1363.0,10,51750,94181,1362.81,130863,-0.84
2021-06-16 14:25:46,1363.0,10,51730,94181,1362.81,130863,-0.84
2021-06-16 14:25:52,1363.0,10,51720,94181,1362.81,130863,-0.84
2021-06-16 14:25:54,1363.0,10,51741,94181,1362.81,130863,-0.84
2021-06-16 14:26:00,1363.1,7,51741,94181,1362.81,130863,-0.83
2021-06-16 14:26:08,1363.1,7,51741,94173,1362.81,130870,-0.83
2021-06-16 14:26:12,1363.1,7,51810,94087,1362.81,130870,-0.83
2021-06-16 14:26:27,1363.1,7,51782,94101,1362.81,130870,-0.83
2021-06-16 14:26:32,1364.8,5,51782,94101,1362.81,130870,-0.71
2021-06-16 14:26:33,1364.8,5,51939,93728,1362.81,131091,-0.71
2021-06-16 14:26:33,1363.5,3,51939,93728,1362.81,131091,-0.8
2021-06-16 14:26:34,1363.5,3,51959,93734,1362.81,131095,-0.8
2021-06-16 14:26:48,1363.5,3,51969,93840,1362.81,131095,-0.8
2021-06-16 14:26:52,1363.5,3,51969,93890,1362.81,131095,-0.8
2021-06-16 14:26:59,1364.7,49,51975,93827,1362.81,131145,-0.72
2021-06-16 14:27:01,1364.7,49,51975,93847,1362.81,131145,-0.72
2021-06-16 14:27:04,1364.7,49,51987,93827,1362.81,131145,-0.72
2021-06-16 14:27:31,1364.7,49,51992,93827,1362.81,131145,-0.72
2021-06-16 14:27:34,1363.4,14,51992,93827,1362.81,131145,-0.81
2021-06-16 14:27:35,1364.7,8,51992,93827,1362.81,131145,-0.72
2021-06-16 14:27:36,1364.7,8,51971,93799,1362.81,131254,-0.72
2021-06-16 14:27:41,1364.7,8,51930,93812,1362.81,131254,-0.72
2021-06-16 14:27:43,1364.7,8,51908,93812,1362.81,131254,-0.72
2021-06-16 14:27:47,1364.7,8,51930,93791,1362.81,131254,-0.72
2021-06-16 14:27:49,1364.7,8,51930,93810,1362.81,131254,-0.72
2021-06-16 14:27:58,1364.7,8,51959,93810,1362.81,131254,-0.72
2021-06-16 14:28:03,1364.7,8,51980,93810,1362.81,131254,-0.72
2021-06-16 14:28:06,1364.7,8,51980,93820,1362.81,131254,-0.72
2021-06-16 14:28:08,1364.5,20,51980,93820,1362.81,131254,-0.73
2021-06-16 14:28:09,1364.5,20,52006,93801,1362.81,131274,-0.73
2021-06-16 14:28:10,1364.5,20,52006,93802,1362.81,131274,-0.73
2021-06-16 14:28:37,1363.45,17,51917,93791,1362.81,131292,-0.81
2021-06-16 14:28:40,1363.45,17,51922,93791,1362.81,131292,-0.81
2021-06-16 14:28:49,1363.45,17,51978,93811,1362.81,131292,-0.81
2021-06-16 14:28:59,1363.45,17,51977,93811,1362.81,131292,-0.81
2021-06-16 14:29:04,1363.45,17,51947,93811,1362.81,131292,-0.81
2021-06-16 14:29:15,1363.45,17,51946,93842,1362.81,131292,-0.81
2021-06-16 14:29:30,1363.45,17,51956,93842,1362.81,131292,-0.81
2021-06-16 14:29:31,1363.45,24,51956,93842,1362.81,131292,-0.81
2021-06-16 14:29:31,1363.45,24,51862,93831,1362.81,131317,-0.81
2021-06-16 14:29:36,1363.45,24,51862,93800,1362.81,131317,-0.81
2021-06-16 14:29:37,1364.8,5,51862,93800,1362.81,131317,-0.71
2021-06-16 14:29:40,1364.8,5,52008,93741,1362.81,131401,-0.71
2021-06-16 14:29:46,1364.8,5,51910,93783,1362.81,131401,-0.71
2021-06-16 14:29:52,1364.8,5,52007,93772,1362.81,131401,-0.71
2021-06-16 14:30:00,1364.8,5,52007,93770,1362.81,131401,-0.71
2021-06-16 14:30:10,1364.8,5,52028,93781,1362.81,131401,-0.71
2021-06-16 14:30:13,1364.8,5,52028,93776,1362.81,131401,-0.71
2021-06-16 14:30:31,1364.8,5,52028,93876,1362.81,131401,-0.71
2021-06-16 14:30:34,1363.5,8,51971,93937,1362.81,131410,-0.8
2021-06-16 14:30:39,1363.5,8,51971,93936,1362.81,131410,-0.8
2021-06-16 14:30:40,1365.0,1,51971,93936,1362.81,131410,-0.69
2021-06-16 14:30:41,1365.0,1,52028,93830,1362.82,131514,-0.69
2021-06-16 14:30:43,1365.0,1,52017,93890,1362.82,131514,-0.69
2021-06-16 14:30:46,1365.65,5,52019,93900,1362.82,131514,-0.65
2021-06-16 14:30:48,1365.65,5,52039,93861,1362.82,131529,-0.65
2021-06-16 14:30:52,1365.65,5,52107,93859,1362.82,131529,-0.65
2021-06-16 14:31:00,1365.65,5,52056,93878,1362.82,131529,-0.65
2021-06-16 14:31:02,1365.65,5,52077,93878,1362.82,131529,-0.65
2021-06-16 14:31:04,1365.65,5,52079,93878,1362.82,131529,-0.65
2021-06-16 14:31:09,1365.65,5,52107,93880,1362.82,131529,-0.65
2021-06-16 14:31:18,1365.65,5,52079,93881,1362.82,131529,-0.65
2021-06-16 14:31:21,1365.65,5,52110,93881,1362.82,131529,-0.65
2021-06-16 14:31:22,1365.65,2,52110,93881,1362.82,131529,-0.65
2021-06-16 14:31:23,1365.65,2,52108,93881,1362.82,131531,-0.65
2021-06-16 14:31:30,1365.0,54,52047,94087,1362.82,131585,-0.69
2021-06-16 14:31:36,1365.0,54,52055,94194,1362.82,131585,-0.69
2021-06-16 14:31:39,1365.0,10,52055,94194,1362.82,131585,-0.69
2021-06-16 14:31:40,1365.0,10,52047,94187,1362.82,131595,-0.69
2021-06-16 14:31:47,1365.0,10,52039,94157,1362.82,131595,-0.69
2021-06-16 14:31:51,1365.0,2,52037,94265,1362.82,131597,-0.69
2021-06-16 14:31:54,1365.0,2,52039,94263,1362.82,131597,-0.69
2021-06-16 14:31:55,1365.0,2,52060,94263,1362.82,131597,-0.69
2021-06-16 14:31:59,1365.0,2,52058,94263,1362.82,131597,-0.69
2021-06-16 14:32:01,1364.5,2,52058,94263,1362.82,131597,-0.73
2021-06-16 14:32:01,1364.5,2,52046,94396,1362.82,131599,-0.73
2021-06-16 14:32:08,1364.5,2,52064,94398,1362.82,131599,-0.73
2021-06-16 14:32:10,1364.5,2,52065,94398,1362.82,131599,-0.73
2021-06-16 14:32:12,1364.5,2,52075,94409,1362.82,131599,-0.73
2021-06-16 14:32:15,1364.5,2,52075,94407,1362.82,131599,-0.73
2021-06-16 14:32:16,1364.1,5,52075,94407,1362.82,131599,-0.76
2021-06-16 14:32:16,1364.1,5,52070,94407,1362.82,131604,-0.76
2021-06-16 14:32:23,1363.45,81,51979,94310,1362.82,131702,-0.81
2021-06-16 14:32:25,1363.45,81,51999,94310,1362.82,131702,-0.81
2021-06-16 14:32:27,1363.45,81,51981,94311,1362.82,131702,-0.81
2021-06-16 14:32:30,1363.45,81,51986,94311,1362.82,131702,-0.81
2021-06-16 14:32:32,1363.45,81,52007,94311,1362.82,131702,-0.81
2021-06-16 14:32:51,1364.95,9,52007,94311,1362.82,131702,-0.7
2021-06-16 14:32:51,1364.95,9,52057,94304,1362.82,131712,-0.7
2021-06-16 14:33:03,1364.95,9,52056,94304,1362.82,131712,-0.7
2021-06-16 14:33:12,1364.95,9,52056,94313,1362.82,131712,-0.7
2021-06-16 14:33:40,1364.95,9,52056,94308,1362.82,131712,-0.7
2021-06-16 14:33:45,1364.95,9,52055,94307,1362.82,131712,-0.7
2021-06-16 14:33:55,1364.95,9,52055,91828,1362.82,131712,-0.7
2021-06-16 14:33:56,1363.2,6,52055,91828,1362.82,131712,-0.83
2021-06-16 14:33:57,1363.2,6,52044,91842,1362.82,131727,-0.83
2021-06-16 14:33:59,1365.0,1,52044,91842,1362.82,131727,-0.69
2021-06-16 14:34:00,1365.0,1,52050,91853,1362.82,131741,-0.69
2021-06-16 14:34:03,1365.0,1,52050,91848,1362.82,131741,-0.69
2021-06-16 14:34:08,1365.0,1,52100,91848,1362.82,131741,-0.69
2021-06-16 14:34:12,1363.15,50,52100,91848,1362.82,131741,-0.83
2021-06-16 14:34:13,1363.15,50,51987,92364,1362.82,131809,-0.83
2021-06-16 14:34:15,1363.15,50,52006,92361,1362.82,131809,-0.83
2021-06-16 14:34:22,1363.15,50,52006,92359,1362.82,131809,-0.83
2021-06-16 14:34:25,1363.15,50,51935,92361,1362.82,131809,-0.83
2021-06-16 14:34:36,1363.15,50,51957,91861,1362.82,131809,-0.83
2021-06-16 14:34:44,1363.15,50,52000,91858,1362.82,131809,-0.83
2021-06-16 14:34:45,1362.6,1,52000,91858,1362.82,131809,-0.87
2021-06-16 14:34:46,1362.6,1,51872,91919,1362.82,132310,-0.87
2021-06-16 14:34:51,1363.25,6,51872,91919,1362.82,132310,-0.82
2021-06-16 14:34:53,1363.25,6,51980,91892,1362.82,132320,-0.82
2021-06-16 14:34:55,1363.25,6,52013,91875,1362.82,132320,-0.82
2021-06-16 14:34:57,1363.25,6,52014,91875,1362.82,132320,-0.82
2021-06-16 14:34:57,1363.1,10,52014,91875,1362.82,132320,-0.83
2021-06-16 14:34:58,1363.1,10,52004,91880,1362.82,132330,-0.83
2021-06-16 14:35:01,1363.1,10,51967,91875,1362.82,132330,-0.83
2021-06-16 14:35:03,1363.1,10,51966,91886,1362.82,132330,-0.83
2021-06-16 14:35:04,1363.1,10,52085,91886,1362.82,132330,-0.83
2021-06-16 14:35:07,1363.1,10,52185,91886,1362.82,132330,-0.83
2021-06-16 14:35:11,1363.1,10,52287,91886,1362.82,132330,-0.83
2021-06-16 14:35:12,1364.2,16,52287,91886,1362.82,132330,-0.75
2021-06-16 14:35:15,1364.2,16,52297,91841,1362.82,132360,-0.75
2021-06-16 14:35:22,1364.2,16,52322,91849,1362.82,132360,-0.75
2021-06-16 14:35:24,1363.1,8,52239,91885,1362.82,132394,-0.83
2021-06-16 14:35:26,1363.1,8,52241,91875,1362.82,132394,-0.83
2021-06-16 14:35:29,1363.1,8,52261,91860,1362.82,132394,-0.83
2021-06-16 14:35:36,1363.1,8,52262,91860,1362.82,132394,-0.83
2021-06-16 14:35:37,1362.7,2,52262,91860,1362.82,132394,-0.86
2021-06-16 14:35:37,1362.7,2,52250,91860,1362.82,132396,-0.86
2021-06-16 14:35:44,1362.7,2,52258,91909,1362.82,132396,-0.86
2021-06-16 14:35:57,1362.7,2,52279,91915,1362.82,132396,-0.86
2021-06-16 14:36:09,1362.7,2,52279,91665,1362.82,132396,-0.86
2021-06-16 14:36:15,1362.7,2,52307,91675,1362.82,132396,-0.86
2021-06-16 14:36:18,1362.75,2,52307,91675,1362.82,132396,-0.86
2021-06-16 14:36:19,1362.75,2,52319,91683,1362.82,132398,-0.86
2021-06-16 14:36:27,1362.75,2,52319,91733,1362.82,132398,-0.86
2021-06-16 14:36:29,1362.75,2,52319,91754,1362.82,132398,-0.86
2021-06-16 14:36:33,1364.2,9,52311,91744,1362.82,132409,-0.75
2021-06-16 14:36:40,1364.2,187,52311,91744,1362.82,132409,-0.75
2021-06-16 14:36:41,1364.2,187,52279,91768,1362.82,132609,-0.75
2021-06-16 14:36:43,1365.0,97,52269,91787,1362.82,132609,-0.69
2021-06-16 14:36:45,1365.0,97,52435,91275,1362.83,133206,-0.69
2021-06-16 14:36:49,1365.0,97,52560,91275,1362.83,133206,-0.69
2021-06-16 14:37:04,1365.0,97,52558,91251,1362.83,133206,-0.69
2021-06-16 14:37:06,1365.0,97,52557,91254,1362.83,133206,-0.69
2021-06-16 14:37:10,1365.0,9,52557,91254,1362.83,133206,-0.69
2021-06-16 14:37:10,1365.0,9,52548,91271,1362.83,133215,-0.69
2021-06-16 14:37:15,1365.0,9,52604,91266,1362.83,133215,-0.69
2021-06-16 14:37:16,1365.45,4,52604,91266,1362.83,133215,-0.66
2021-06-16 14:37:17,1365.45,4,52605,91266,1362.83,133225,-0.66
2021-06-16 14:37:22,1365.0,50,52605,91266,1362.83,133225,-0.69
2021-06-16 14:37:23,1365.0,50,52604,91244,1362.83,133275,-0.69
2021-06-16 14:37:30,1365.0,50,52604,91250,1362.83,133275,-0.69
2021-06-16 14:37:34,1365.0,1,52602,91250,1362.83,133276,-0.69
2021-06-16 14:37:36,1365.0,1,52602,91265,1362.83,133276,-0.69
2021-06-16 14:37:38,1365.0,1,52603,91265,1362.83,133276,-0.69
2021-06-16 14:37:41,1365.95,5,52603,91265,1362.83,133276,-0.63
2021-06-16 14:37:42,1365.95,5,52718,91145,1362.83,133346,-0.63
2021-06-16 14:37:48,1365.95,5,52719,91128,1362.83,133346,-0.63
2021-06-16 14:37:49,1365.4,15,52719,91128,1362.83,133346,-0.67
2021-06-16 14:37:51,1365.4,15,52704,91147,1362.83,133361,-0.67
2021-06-16 14:37:53,1365.4,15,52706,91148,1362.83,133361,-0.67
2021-06-16 14:38:00,1366.05,7,52706,91148,1362.83,133361,-0.62
2021-06-16 14:38:00,1366.05,7,52692,91056,1362.84,133468,-0.62
2021-06-16 14:38:03,1366.0,10,52687,91045,1362.84,133478,-0.62
2021-06-16 14:38:05,1366.0,10,52707,91046,1362.84,133478,-0.62
2021-06-16 14:38:07,1366.1,5,52695,91041,1362.84,133483,-0.61
2021-06-16 14:38:11,1366.1,5,52726,91021,1362.84,133483,-0.61
2021-06-16 14:38:13,1366.1,5,52725,91040,1362.84,133483,-0.61
2021-06-16 14:38:16,1366.1,5,52675,91040,1362.84,133483,-0.61
2021-06-16 14:38:19,1366.1,5,52646,91040,1362.84,133483,-0.61
2021-06-16 14:38:21,1366.1,5,52675,91043,1362.84,133483,-0.61
2021-06-16 14:38:25,1365.15,33,52675,91043,1362.84,133483,-0.68
2021-06-16 14:38:26,1365.15,33,52626,91040,1362.84,133533,-0.68
2021-06-16 14:38:39,1365.15,33,52676,91040,1362.84,133533,-0.68
2021-06-16 14:38:49,1365.15,33,52696,91040,1362.84,133533,-0.68
2021-06-16 14:38:52,1365.15,33,52746,91040,1362.84,133533,-0.68
2021-06-16 14:38:57,1365.15,33,52611,91040,1362.84,133533,-0.68
2021-06-16 14:39:01,1365.15,33,52591,91040,1362.84,133533,-0.68
2021-06-16 14:39:04,1366.1,2,52591,91040,1362.84,133533,-0.61
2021-06-16 14:39:04,1366.1,2,52621,91077,1362.84,133538,-0.61
2021-06-16 14:39:07,1366.1,2,52606,91077,1362.84,133538,-0.61
2021-06-16 14:39:21,1366.1,2,52578,91078,1362.84,133538,-0.61
2021-06-16 14:39:23,1366.1,2,52579,91078,1362.84,133538,-0.61
2021-06-16 14:39:25,1366.1,2,52582,91078,1362.84,133538,-0.61
2021-06-16 14:39:30,1366.1,2,52592,91183,1362.84,133538,-0.61
2021-06-16 14:39:37,1365.0,30,52454,91198,1362.84,133698,-0.69
2021-06-16 14:39:39,1365.4,1,52453,91205,1362.84,133704,-0.67
2021-06-16 14:39:41,1365.4,1,52467,91205,1362.84,133704,-0.67
2021-06-16 14:39:52,1365.4,1,52467,91215,1362.84,133704,-0.67
2021-06-16 14:40:00,1365.4,1,52462,91219,1362.84,133704,-0.67
2021-06-16 14:40:02,1365.4,1,52462,91239,1362.84,133704,-0.67
2021-06-16 14:40:04,1365.85,9,52462,91239,1362.84,133704,-0.63
2021-06-16 14:40:06,1365.0,10,52494,91224,1362.84,133731,-0.69
2021-06-16 14:40:09,1365.0,10,52482,91224,1362.84,133741,-0.69
2021-06-16 14:40:22,1365.0,10,52494,91190,1362.84,133741,-0.69
2021-06-16 14:40:28,1365.0,10,52494,91192,1362.84,133741,-0.69
2021-06-16 14:40:34,1366.1,8,52494,91192,1362.84,133741,-0.61
2021-06-16 14:40:34,1366.1,8,52606,90974,1362.85,133935,-0.61
2021-06-16 14:40:36,1366.1,8,52625,91001,1362.85,133935,-0.61
2021-06-16 14:40:40,1366.95,1,52625,91001,1362.85,133935,-0.55
2021-06-16 14:40:41,1366.95,1,52615,91001,1362.85,133936,-0.55
2021-06-16 14:40:43,1366.95,1,52580,90952,1362.85,133936,-0.55
2021-06-16 14:40:45,1366.95,1,52631,90960,1362.85,133936,-0.55
2021-06-16 14:40:50,1366.05,1,52631,90960,1362.85,133936,-0.62
2021-06-16 14:40:51,1366.95,3,52588,90987,1362.85,133987,-0.55
2021-06-16 14:40:58,1366.95,3,52638,90946,1362.85,133987,-0.55
2021-06-16 14:41:09,1366.05,23,52638,90946,1362.85,133987,-0.62
2021-06-16 14:41:10,1366.05,23,52605,90931,1362.85,134012,-0.62
2021-06-16 14:41:15,1366.05,23,52590,90994,1362.85,134012,-0.62
2021-06-16 14:41:21,1366.05,23,52607,90994,1362.85,134012,-0.62
2021-06-16 14:41:24,1366.05,23,52607,91015,1362.85,134012,-0.62
2021-06-16 14:41:25,1366.05,23,52607,91025,1362.85,134012,-0.62
2021-06-16 14:41:28,1366.05,23,52608,91025,1362.85,134012,-0.62
2021-06-16 14:41:31,1365.4,1,52608,91025,1362.85,134012,-0.67
2021-06-16 14:41:43,1364.9,3,52608,91025,1362.85,134012,-0.7
2021-06-16 14:41:44,1364.9,3,52338,92045,1362.85,134028,-0.7
2021-06-16 14:41:46,1364.9,3,52358,92107,1362.85,134028,-0.7
2021-06-16 14:41:49,1364.0,1,52324,92107,1362.85,134029,-0.77
2021-06-16 14:41:52,1364.0,1,52306,92172,1362.85,134029,-0.77
2021-06-16 14:41:57,1364.0,1,52306,92257,1362.85,134029,-0.77
2021-06-16 14:42:00,1362.95,2,52306,92257,1362.85,134029,-0.84
2021-06-16 14:42:01,1362.95,2,52409,91232,1362.85,135025,-0.84
2021-06-16 14:42:03,1362.95,2,52387,91252,1362.85,135025,-0.84
2021-06-16 14:42:10,1362.95,2,52387,91242,1362.85,135025,-0.84
2021-06-16 14:42:15,1362.6,3,52387,91242,1362.85,135025,-0.87
2021-06-16 14:42:16,1362.6,3,52233,91276,1362.85,135106,-0.87
2021-06-16 14:42:21,1362.6,3,52297,91276,1362.85,135106,-0.87
2021-06-16 14:42:31,1362.6,3,52302,91286,1362.85,135106,-0.87
2021-06-16 14:42:39,1362.6,3,52288,91286,1362.85,135106,-0.87
2021-06-16 14:42:40,1362.6,3,52308,91286,1362.85,135106,-0.87
2021-06-16 14:42:51,1362.6,3,52308,91316,1362.85,135106,-0.87
2021-06-16 14:43:00,1362.6,3,52282,91316,1362.85,135106,-0.87
2021-06-16 14:43:03,1362.1,2,52282,91316,1362.85,135106,-0.91
2021-06-16 14:43:03,1362.1,2,52219,91373,1362.85,135116,-0.91
2021-06-16 14:43:05,1362.1,2,52219,91374,1362.85,135116,-0.91
2021-06-16 14:43:07,1362.1,2,52224,91375,1362.85,135116,-0.91
2021-06-16 14:43:25,1362.0,14,52224,91375,1362.85,135116,-0.91
2021-06-16 14:43:27,1362.0,14,52125,91375,1362.85,135211,-0.91
2021-06-16 14:43:28,1362.0,14,52140,91332,1362.85,135211,-0.91
2021-06-16 14:43:31,1362.0,14,52140,91361,1362.85,135211,-0.91
2021-06-16 14:43:34,1361.3,17,52140,91361,1362.85,135211,-0.96
2021-06-16 14:43:35,1361.3,17,52088,91377,1362.85,135291,-0.96
2021-06-16 14:43:37,1361.3,17,52104,91376,1362.85,135291,-0.96
2021-06-16 14:43:37,1363.6,2,52104,91376,1362.85,135291,-0.8
2021-06-16 14:43:39,1363.6,2,52149,87357,1362.85,135316,-0.8
2021-06-16 14:43:42,1363.6,2,52181,87330,1362.85,135316,-0.8
2021-06-16 14:43:43,1363.6,2,52181,87331,1362.85,135316,-0.8
2021-06-16 14:43:51,1363.6,2,52181,87332,1362.85,135316,-0.8
2021-06-16 14:43:55,1363.6,2,52179,87366,1362.85,135316,-0.8
2021-06-16 14:43:55,1361.0,73,52179,87366,1362.85,135316,-0.99
2021-06-16 14:43:56,1361.0,1,52179,87366,1362.85,135316,-0.99
2021-06-16 14:44:01,1361.0,1,51942,87632,1362.84,135617,-0.99
2021-06-16 14:44:07,1361.0,1,51905,87557,1362.84,135617,-0.99
2021-06-16 14:44:11,1361.0,1,51903,87579,1362.84,135617,-0.99
2021-06-16 14:44:16,1361.0,1,51903,87479,1362.84,135617,-0.99
2021-06-16 14:44:19,1361.0,1,51906,87577,1362.84,135617,-0.99
2021-06-16 14:44:25,1361.0,1,51891,87643,1362.84,135617,-0.99
2021-06-16 14:44:31,1361.0,51,51891,87643,1362.84,135617,-0.99
2021-06-16 14:44:33,1361.0,51,51841,87712,1362.84,135668,-0.99
2021-06-16 14:44:35,1361.0,51,51861,87710,1362.84,135668,-0.99
2021-06-16 14:44:42,1361.0,51,51987,87710,1362.84,135668,-0.99
2021-06-16 14:44:42,1360.05,9,51987,87710,1362.84,135668,-1.05
2021-06-16 14:44:43,1360.05,9,52056,87704,1362.84,135718,-1.05
2021-06-16 14:44:45,1361.0,1,52056,87704,1362.84,135718,-0.99
2021-06-16 14:44:45,1361.0,1,52027,87703,1362.84,135719,-0.99
2021-06-16 14:44:47,1360.0,2,52027,87703,1362.84,135719,-1.06
2021-06-16 14:44:48,1360.0,2,52006,87740,1362.84,135744,-1.06
2021-06-16 14:44:51,1360.0,2,51997,87742,1362.84,135744,-1.06
2021-06-16 14:44:54,1360.0,2,51950,87748,1362.84,135744,-1.06
2021-06-16 14:44:55,1361.0,3,51960,87745,1362.84,135747,-0.99
2021-06-16 14:44:57,1361.0,3,51981,87738,1362.84,135747,-0.99
2021-06-16 14:45:04,1360.05,1,51981,87738,1362.84,135747,-1.05
2021-06-16 14:45:09,1360.05,1,52071,87738,1362.84,135748,-1.05
2021-06-16 14:45:12,1360.05,1,52061,87736,1362.84,135748,-1.05
2021-06-16 14:45:19,1360.05,1,52033,87736,1362.84,135748,-1.05
2021-06-16 14:45:21,1360.05,1,52047,87736,1362.84,135748,-1.05
2021-06-16 14:45:21,1360.9,25,52047,87736,1362.84,135748,-0.99
2021-06-16 14:45:23,1360.9,25,52067,87736,1362.84,135773,-0.99
2021-06-16 14:45:24,1360.05,10,52067,87736,1362.84,135773,-1.05
2021-06-16 14:45:25,1360.05,10,51958,87746,1362.84,135788,-1.05
2021-06-16 14:45:28,1360.05,10,51957,87746,1362.84,135788,-1.05
2021-06-16 14:45:30,1360.05,2,51955,87746,1362.84,135790,-1.05
2021-06-16 14:45:33,1360.05,2,51975,87761,1362.84,135790,-1.05
2021-06-16 14:45:37,1360.9,1,51858,87734,1362.84,135866,-0.99
2021-06-16 14:45:39,1360.9,1,51873,87734,1362.84,135866,-0.99
2021-06-16 14:45:43,1360.9,1,51873,87735,1362.84,135866,-0.99
2021-06-16 14:45:45,1361.0,25,51873,87735,1362.84,135866,-0.99
2021-06-16 14:45:47,1361.0,25,51973,87612,1362.84,135937,-0.99
2021-06-16 14:45:51,1361.3,4,51973,87612,1362.84,135937,-0.96
2021-06-16 14:45:52,1361.3,4,51969,87610,1362.84,135942,-0.96
2021-06-16 14:45:54,1361.3,4,51938,87597,1362.84,135942,-0.96
2021-06-16 14:45:57,1361.3,4,51952,87583,1362.84,135942,-0.96
2021-06-16 14:45:59,1361.3,4,51952,87582,1362.84,135942,-0.96
2021-06-16 14:46:01,1361.3,4,51938,87582,1362.84,135942,-0.96
2021-06-16 14:46:03,1361.3,4,51953,87586,1362.84,135942,-0.96
2021-06-16 14:46:05,1362.9,8,51953,87586,1362.84,135942,-0.85
2021-06-16 14:46:06,1362.9,8,51964,87596,1362.84,135952,-0.85
2021-06-16 14:46:08,1362.9,8,51936,87601,1362.84,135952,-0.85
2021-06-16 14:46:12,1362.9,8,51936,87600,1362.84,135952,-0.85
2021-06-16 14:46:12,1362.85,1,51936,87600,1362.84,135952,-0.85
2021-06-16 14:46:14,1362.85,1,51957,87629,1362.84,135953,-0.85
2021-06-16 14:46:18,1363.1,12,51985,87641,1362.84,135965,-0.83
2021-06-16 14:46:28,1363.1,12,51985,87623,1362.84,135965,-0.83
2021-06-16 14:46:32,1363.1,12,51933,87623,1362.84,135965,-0.83
2021-06-16 14:46:34,1363.1,12,51956,87623,1362.84,135965,-0.83
2021-06-16 14:46:48,1361.0,4,51956,87623,1362.84,135965,-0.99
2021-06-16 14:46:49,1361.0,4,51909,87637,1362.84,135990,-0.99
2021-06-16 14:46:54,1361.0,4,51928,87636,1362.84,135990,-0.99
2021-06-16 14:46:56,1361.0,4,52078,87611,1362.84,135990,-0.99
2021-06-16 14:46:58,1361.0,4,52079,87621,1362.84,135990,-0.99
2021-06-16 14:47:06,1361.0,4,52064,87634,1362.84,135990,-0.99
2021-06-16 14:47:09,1361.0,4,52079,87634,1362.84,135990,-0.99
2021-06-16 14:47:16,1361.0,4,52016,87633,1362.84,135990,-0.99
2021-06-16 14:47:19,1361.0,4,52014,87632,1362.84,135990,-0.99
2021-06-16 14:47:24,1361.0,4,52012,87599,1362.84,135990,-0.99
2021-06-16 14:47:44,1361.0,4,52022,87616,1362.84,135990,-0.99
2021-06-16 14:47:51,1361.0,4,52029,87615,1362.84,135990,-0.99
2021-06-16 14:47:55,1361.0,4,52014,87615,1362.84,135990,-0.99
2021-06-16 14:47:58,1361.0,4,52000,87583,1362.84,135990,-0.99
2021-06-16 14:48:00,1361.0,4,52000,87610,1362.84,135990,-0.99
2021-06-16 14:48:04,1361.0,4,52056,87575,1362.84,135990,-0.99
2021-06-16 14:48:07,1361.0,4,52044,87636,1362.84,135990,-0.99
2021-06-16 14:48:13,1361.0,4,52045,87636,1362.84,135990,-0.99
2021-06-16 14:48:15,1361.0,4,52064,87636,1362.84,135990,-0.99
2021-06-16 14:48:18,1361.0,4,52064,87632,1362.84,135990,-0.99
2021-06-16 14:48:31,1361.0,4,52066,87467,1362.84,135990,-0.99
2021-06-16 14:48:38,1361.0,4,52065,87467,1362.84,135990,-0.99
2021-06-16 14:48:39,1362.4,7,52065,87467,1362.84,135990,-0.88
2021-06-16 14:48:40,1362.4,7,52044,87549,1362.84,135997,-0.88
2021-06-16 14:48:42,1362.4,7,52017,87593,1362.84,135997,-0.88
2021-06-16 14:48:44,1362.4,7,52031,87593,1362.84,135997,-0.88
2021-06-16 14:48:48,1361.0,43,52031,87593,1362.84,135997,-0.99
2021-06-16 14:48:49,1361.0,43,51936,87548,1362.84,136090,-0.99
2021-06-16 14:48:52,1361.0,43,51937,87547,1362.84,136090,-0.99
2021-06-16 14:48:55,1361.0,43,52023,87547,1362.84,136090,-0.99
2021-06-16 14:49:00,1361.0,1,52002,87547,1362.84,136091,-0.99
2021-06-16 14:49:02,1361.0,1,51992,87547,1362.84,136091,-0.99
2021-06-16 14:49:04,1361.0,1,52004,87533,1362.84,136091,-0.99
2021-06-16 14:49:15,1361.0,1,52005,87534,1362.84,136091,-0.99
2021-06-16 14:49:17,1361.0,1,52149,87517,1362.84,136091,-0.99
2021-06-16 14:49:19,1361.0,1,52112,87537,1362.84,136091,-0.99
2021-06-16 14:49:21,1361.0,1,52137,87537,1362.84,136091,-0.99
2021-06-16 14:49:24,1363.1,11,52154,87532,1362.84,136111,-0.83
2021-06-16 14:49:26,1363.1,11,52154,87513,1362.84,136111,-0.83
2021-06-16 14:49:37,1363.1,11,52132,87511,1362.84,136111,-0.83
2021-06-16 14:49:40,1363.1,11,52146,87501,1362.84,136111,-0.83
2021-06-16 14:49:49,1363.1,11,52141,87475,1362.84,136111,-0.83
2021-06-16 14:49:51,1363.1,50,52141,87475,1362.84,136111,-0.83
2021-06-16 14:49:51,1363.1,12,52141,87475,1362.84,136111,-0.83
2021-06-16 14:49:53,1364.0,5,52141,87475,1362.84,136111,-0.77
2021-06-16 14:49:54,1363.9,3,52091,87284,1362.84,136376,-0.77
2021-06-16 14:49:55,1363.35,1,52091,87284,1362.84,136376,-0.81
2021-06-16 14:49:56,1367.25,7,53198,86581,1362.87,137623,-0.53
2021-06-16 14:49:58,1365.6,4,53198,86581,1362.87,137623,-0.65
2021-06-16 14:49:58,1365.6,4,52380,86657,1362.88,137933,-0.65
2021-06-16 14:49:59,1368.45,13,52380,86657,1362.88,137933,-0.44
2021-06-16 14:50:01,1368.45,13,52285,86695,1362.88,138033,-0.44
2021-06-16 14:50:03,1368.45,13,52357,86684,1362.88,138033,-0.44
2021-06-16 14:50:06,1368.45,37,52357,86684,1362.88,138033,-0.44
2021-06-16 14:50:07,1368.45,1,52351,86634,1362.89,138124,-0.44
2021-06-16 14:50:09,1370.0,80,52351,86634,1362.89,138124,-0.33
2021-06-16 14:50:09,1370.0,29,52351,86634,1362.89,138124,-0.33
2021-06-16 14:50:10,1370.0,800,52427,85860,1362.99,140254,-0.33
2021-06-16 14:50:10,1370.0,350,52427,85860,1362.99,140254,-0.33
2021-06-16 14:50:12,1370.0,100,52427,85860,1362.99,140254,-0.33
2021-06-16 14:50:15,1369.2,8,52388,86063,1363.02,140876,-0.39
2021-06-16 14:50:18,1369.45,1,52431,86182,1363.02,140876,-0.37
2021-06-16 14:50:19,1369.3,1,52431,86182,1363.02,140876,-0.38
2021-06-16 14:50:20,1369.3,1,52433,86250,1363.02,140878,-0.38
2021-06-16 14:50:22,1368.85,4,52433,86250,1363.02,140878,-0.41
2021-06-16 14:50:22,1370.0,90,52416,86208,1363.02,140882,-0.33
2021-06-16 14:50:24,1370.0,90,52400,86492,1363.03,141082,-0.33
2021-06-16 14:50:26,1368.6,3,52400,86492,1363.03,141082,-0.43
2021-06-16 14:50:27,1368.6,1,52400,86492,1363.03,141082,-0.43
2021-06-16 14:50:27,1372.0,4,52681,85447,1363.09,142198,-0.19
2021-06-16 14:50:28,1371.75,1,52681,85447,1363.09,142198,-0.2
2021-06-16 14:50:30,1371.75,1,52591,85597,1363.09,142201,-0.2
2021-06-16 14:50:30,1373.9,32,52591,85597,1363.09,142201,-0.05
2021-06-16 14:50:31,1371.4,32,52591,85597,1363.09,142201,-0.23
2021-06-16 14:50:32,1371.4,32,52598,85304,1363.11,142542,-0.23
2021-06-16 14:50:33,1371.0,8,52598,85304,1363.11,142542,-0.26
2021-06-16 14:50:33,1371.4,10,52598,85304,1363.11,142542,-0.23
2021-06-16 14:50:34,1371.85,2,52628,85248,1363.12,142731,-0.2
2021-06-16 14:50:36,1372.2,1,52748,85352,1363.13,142861,-0.17
2021-06-16 14:50:37,1372.85,1,52748,85352,1363.13,142861,-0.12
2021-06-16 14:50:37,1372.9,8,52748,85352,1363.13,142861,-0.12
2021-06-16 14:50:39,1371.1,1,52666,85438,1363.13,142879,-0.25
2021-06-16 14:50:40,1373.95,2,52666,85438,1363.13,142879,-0.04
2021-06-16 14:50:40,1372.25,1,52666,85438,1363.13,142879,-0.17
2021-06-16 14:50:42,1372.25,1,52642,85317,1363.14,143006,-0.17
2021-06-16 14:50:43,1372.25,1,52679,85497,1363.14,143006,-0.17
2021-06-16 14:50:45,1372.1,1,52679,85497,1363.14,143006,-0.18
2021-06-16 14:50:46,1372.5,48,52651,85453,1363.14,143008,-0.15
2021-06-16 14:50:46,1372.15,1,52651,85453,1363.14,143008,-0.17
2021-06-16 14:50:48,1372.85,1,52651,85453,1363.14,143008,-0.12
2021-06-16 14:50:50,1372.85,1,52695,85380,1363.16,143370,-0.12
2021-06-16 14:50:52,1371.0,48,52697,85370,1363.17,143420,-0.26
2021-06-16 14:50:54,1371.95,1,52697,85370,1363.17,143420,-0.19
2021-06-16 14:50:57,1371.95,1,52698,85277,1363.17,143422,-0.19
2021-06-16 14:51:00,1371.95,1,52702,85303,1363.17,143426,-0.19
2021-06-16 14:51:01,1371.95,1,52704,85333,1363.17,143430,-0.19
2021-06-16 14:51:03,1371.5,10,52704,85333,1363.17,143430,-0.22
2021-06-16 14:51:06,1371.95,1,52752,85353,1363.17,143444,-0.19
2021-06-16 14:51:06,1371.95,1,52671,85385,1363.17,143447,-0.19
2021-06-16 14:51:08,1371.95,1,52678,85485,1363.17,143447,-0.19
2021-06-16 14:51:09,1369.6,1,52678,85485,1363.17,143447,-0.36
2021-06-16 14:51:10,1369.6,1,52570,85469,1363.17,143548,-0.36
2021-06-16 14:51:11,1369.4,11,52570,85469,1363.17,143548,-0.37
2021-06-16 14:51:12,1370.0,1,52570,85469,1363.17,143548,-0.33
2021-06-16 14:51:13,1370.0,1,52529,85728,1363.17,143561,-0.33
2021-06-16 14:51:13,1369.95,1,52529,85728,1363.17,143561,-0.33
2021-06-16 14:51:16,1370.0,1,52529,85717,1363.18,143573,-0.33
2021-06-16 14:51:18,1370.0,97,52542,85567,1363.18,143671,-0.33
2021-06-16 14:51:19,1370.0,3,52542,85567,1363.18,143671,-0.33
2021-06-16 14:51:19,1365.15,12,52542,85567,1363.18,143671,-0.68
2021-06-16 14:51:20,1365.15,12,52383,89795,1363.19,144074,-0.68
2021-06-16 14:51:22,1365.15,12,52421,89790,1363.19,144074,-0.68
2021-06-16 14:51:25,1365.15,12,52534,89642,1363.19,144074,-0.68
2021-06-16 14:51:25,1367.8,1,52534,89642,1363.19,144074,-0.49
2021-06-16 14:51:27,1369.1,2,52534,89642,1363.19,144074,-0.4
2021-06-16 14:51:27,1369.1,2,52554,89639,1363.19,144121,-0.4
2021-06-16 14:51:30,1369.1,2,52583,89646,1363.19,144121,-0.4
2021-06-16 14:51:31,1369.1,2,52556,89695,1363.19,144121,-0.4
2021-06-16 14:51:34,1369.1,2,52538,89716,1363.19,144121,-0.4
2021-06-16 14:51:36,1369.1,2,52494,89856,1363.19,144121,-0.4
2021-06-16 14:51:39,1369.1,2,52494,89857,1363.19,144121,-0.4
2021-06-16 14:51:40,1369.1,2,52461,89890,1363.19,144121,-0.4
2021-06-16 14:51:42,1366.0,12,52461,89890,1363.19,144121,-0.62
2021-06-16 14:51:43,1366.0,12,52459,89886,1363.19,144145,-0.62
2021-06-16 14:51:44,1365.1,5,52459,89886,1363.19,144145,-0.69
2021-06-16 14:51:45,1364.25,17,52411,89891,1363.19,144292,-0.75
2021-06-16 14:51:48,1366.0,12,52435,89908,1363.19,144330,-0.62
2021-06-16 14:51:48,1364.45,14,52435,89908,1363.19,144330,-0.73
2021-06-16 14:51:49,1364.45,14,52436,89814,1363.19,144345,-0.73
2021-06-16 14:51:51,1364.65,1,52436,89814,1363.19,144345,-0.72
2021-06-16 14:51:52,1364.65,1,52435,89816,1363.19,144346,-0.72
2021-06-16 14:51:54,1365.1,1,52430,89932,1363.19,144346,-0.69
2021-06-16 14:51:56,1365.1,1,52376,89975,1363.19,144349,-0.69
2021-06-16 14:52:00,1365.1,1,52377,90054,1363.19,144349,-0.69
2021-06-16 14:52:03,1365.1,1,52377,90012,1363.19,144349,-0.69
2021-06-16 14:52:05,1365.1,1,52377,90087,1363.19,144349,-0.69
2021-06-16 14:52:06,1364.9,1,52377,90087,1363.19,144349,-0.7
2021-06-16 14:52:07,1364.85,23,52165,90143,1363.19,144900,-0.71
2021-06-16 14:52:07,1364.0,12,52165,90143,1363.19,144900,-0.77
2021-06-16 14:52:10,1364.0,12,52180,90145,1363.19,144912,-0.77
2021-06-16 14:52:12,1362.05,10,52129,90329,1363.19,145012,-0.91
2021-06-16 14:52:15,1362.2,16,52246,90298,1363.19,145112,-0.9
2021-06-16 14:52:17,1362.2,16,52238,90329,1363.19,145112,-0.9
2021-06-16 14:52:18,1363.5,7,52238,90329,1363.19,145112,-0.8
2021-06-16 14:52:19,1363.5,7,52219,90339,1363.19,145119,-0.8
2021-06-16 14:52:22,1363.5,7,52319,90330,1363.19,145119,-0.8
2021-06-16 14:52:25,1362.0,43,52319,90330,1363.19,145119,-0.91
2021-06-16 14:52:27,1362.0,43,52322,90350,1363.19,145219,-0.91
2021-06-16 14:52:28,1361.0,62,52322,90350,1363.19,145219,-0.99
2021-06-16 14:52:29,1361.0,62,52074,90411,1363.19,145519,-0.99
2021-06-16 14:52:31,1361.0,62,52064,90437,1363.19,145519,-0.99
2021-06-16 14:52:33,1361.0,62,52119,90459,1363.19,145519,-0.99
2021-06-16 14:52:36,1361.0,62,52130,90510,1363.19,145519,-0.99
2021-06-16 14:52:41,1361.0,62,52136,90538,1363.19,145519,-0.99
2021-06-16 14:52:44,1361.0,62,52136,90540,1363.19,145519,-0.99
2021-06-16 14:52:46,1361.0,62,52136,90573,1363.19,145519,-0.99
2021-06-16 14:52:56,1361.0,62,52164,90573,1363.19,145519,-0.99
2021-06-16 14:52:58,1361.0,62,52171,90573,1363.19,145519,-0.99
2021-06-16 14:53:05,1363.8,36,52292,90500,1363.19,145619,-0.78
2021-06-16 14:53:07,1363.8,36,52402,90505,1363.19,145619,-0.78
2021-06-16 14:53:15,1363.8,36,52402,90525,1363.19,145619,-0.78
2021-06-16 14:53:15,1362.05,1,52402,90525,1363.19,145619,-0.91
2021-06-16 14:53:17,1362.05,1,52378,90549,1363.19,145622,-0.91
2021-06-16 14:53:19,1362.05,1,52378,90544,1363.19,145622,-0.91
2021-06-16 14:53:22,1362.05,1,52378,90554,1363.19,145622,-0.91
2021-06-16 14:53:22,1362.05,100,52378,90554,1363.19,145622,-0.91
2021-06-16 14:53:25,1362.05,100,52254,90629,1363.19,145722,-0.91
2021-06-16 14:53:28,1362.05,100,52231,90693,1363.19,145722,-0.91
2021-06-16 14:53:35,1362.05,100,52230,90692,1363.19,145722,-0.91
2021-06-16 14:53:40,1362.05,100,52235,90691,1363.19,145722,-0.91
2021-06-16 14:53:46,1362.05,100,52299,90576,1363.19,145722,-0.91
2021-06-16 14:53:52,1362.05,100,52304,90576,1363.19,145722,-0.91
2021-06-16 14:54:00,1363.95,4,52344,90576,1363.19,145727,-0.77
2021-06-16 14:54:02,1363.95,4,52342,90577,1363.19,145727,-0.77
2021-06-16 14:54:04,1363.95,4,52467,90577,1363.19,145727,-0.77
2021-06-16 14:54:09,1363.95,4,52467,90574,1363.19,145727,-0.77
2021-06-16 14:54:10,1363.95,4,52448,90624,1363.19,145727,-0.77
2021-06-16 14:54:12,1363.95,4,52449,90624,1363.19,145727,-0.77
2021-06-16 14:54:15,1363.95,4,52458,90624,1363.19,145727,-0.77
2021-06-16 14:54:16,1363.95,4,52457,90660,1363.19,145727,-0.77
2021-06-16 14:54:19,1362.0,11,52457,90660,1363.19,145727,-0.91
2021-06-16 14:54:24,1362.0,11,52387,90723,1363.19,145777,-0.91
2021-06-16 14:54:28,1363.7,18,52383,90690,1363.19,145797,-0.79
2021-06-16 14:54:30,1363.7,18,52395,90711,1363.19,145797,-0.79
2021-06-16 14:54:31,1363.7,18,52426,90711,1363.19,145797,-0.79
2021-06-16 14:54:31,1363.7,18,52326,90711,1363.19,145797,-0.79
2021-06-16 14:54:42,1362.0,47,52326,90711,1363.19,145797,-0.91
2021-06-16 14:54:53,1362.0,47,52222,90759,1363.18,145847,-0.91
2021-06-16 14:54:54,1362.0,47,52221,90759,1363.18,145847,-0.91
2021-06-16 14:54:58,1362.0,47,52221,90749,1363.18,145847,-0.91
2021-06-16 14:55:00,1362.0,47,52226,90749,1363.18,145847,-0.91
2021-06-16 14:55:04,1362.0,1,52215,90652,1363.18,145857,-0.91
2021-06-16 14:55:05,1362.0,1,52237,90672,1363.18,145857,-0.91
2021-06-16 14:55:07,1362.0,1,52232,90672,1363.18,145857,-0.91
2021-06-16 14:55:10,1362.0,1,52331,90672,1363.18,145857,-0.91
2021-06-16 14:55:13,1362.0,1,52331,90684,1363.18,145857,-0.91
2021-06-16 14:55:15,1362.0,1,52331,90664,1363.18,145857,-0.91
2021-06-16 14:55:15,1361.45,21,52283,90730,1363.18,145878,-0.95
2021-06-16 14:55:16,1361.45,21,52285,90730,1363.18,145878,-0.95
2021-06-16 14:55:19,1361.45,21,52237,90722,1363.18,145878,-0.95
2021-06-16 14:55:21,1361.45,21,52235,90722,1363.18,145878,-0.95
2021-06-16 14:55:24,1360.9,75,52053,90877,1363.18,146034,-0.99
2021-06-16 14:55:25,1360.9,75,52054,90881,1363.18,146034,-0.99
2021-06-16 14:55:26,1360.1,7,52054,90881,1363.18,146034,-1.05
2021-06-16 14:55:27,1360.1,7,52090,90688,1363.18,146113,-1.05
2021-06-16 14:55:28,1360.1,7,52077,90699,1363.18,146113,-1.05
2021-06-16 14:55:29,1360.1,7,52047,90790,1363.18,146113,-1.05
2021-06-16 14:55:30,1360.1,7,52048,90807,1363.18,146113,-1.05
2021-06-16 14:55:31,1360.1,7,52069,90794,1363.18,146113,-1.05
2021-06-16 14:55:33,1360.1,7,52063,90781,1363.18,146113,-1.05
2021-06-16 14:55:35,1359.85,21,51621,91006,1363.17,146425,-1.07
2021-06-16 14:55:37,1359.85,21,51646,90786,1363.17,146425,-1.07
2021-06-16 14:55:38,1359.85,21,51673,90749,1363.17,146425,-1.07
2021-06-16 14:55:39,1359.0,1,51673,90749,1363.17,146425,-1.13
2021-06-16 14:55:39,1360.9,2,51616,90814,1363.17,146540,-0.99
2021-06-16 14:55:40,1360.9,2,51633,90801,1363.17,146540,-0.99
2021-06-16 14:55:42,1359.0,97,51633,90801,1363.17,146540,-1.13
2021-06-16 14:55:43,1359.0,97,51451,90844,1363.17,146640,-1.13
2021-06-16 14:55:43,1359.0,97,51469,90844,1363.17,146640,-1.13
2021-06-16 14:55:45,1359.0,97,51468,90845,1363.17,146640,-1.13
2021-06-16 14:55:46,1359.0,80,51434,90885,1363.16,146740,-1.13
2021-06-16 14:55:47,1359.0,80,51459,90795,1363.16,146740,-1.13
2021-06-16 14:55:48,1359.0,80,51447,90815,1363.16,146740,-1.13
2021-06-16 14:55:49,1359.0,5,51442,90815,1363.16,146745,-1.13
2021-06-16 14:55:50,1359.95,2,51525,90729,1363.16,146749,-1.06
2021-06-16 14:55:51,1360.0,5,51525,90729,1363.16,146749,-1.06
2021-06-16 14:55:51,1360.0,5,51527,90689,1363.16,146755,-1.06
2021-06-16 14:55:52,1360.0,5,51527,90687,1363.16,146755,-1.06
2021-06-16 14:55:54,1360.0,5,51528,90687,1363.16,146755,-1.06
2021-06-16 14:55:55,1360.0,5,51517,90687,1363.16,146755,-1.06
2021-06-16 14:55:57,1360.0,5,51535,90811,1363.16,146755,-1.06
2021-06-16 14:56:01,1360.0,5,51526,90819,1363.16,146755,-1.06
2021-06-16 14:56:02,1360.0,5,51526,90869,1363.16,146755,-1.06
2021-06-16 14:56:03,1360.0,5,51528,90869,1363.16,146760,-1.06
2021-06-16 14:56:04,1360.0,5,51529,90869,1363.16,146760,-1.06
2021-06-16 14:56:05,1359.05,1,51528,90869,1363.16,146761,-1.13
2021-06-16 14:56:08,1359.05,1,51516,90914,1363.16,146761,-1.13
2021-06-16 14:56:12,1359.05,1,51516,90915,1363.16,146761,-1.13
2021-06-16 14:56:14,1359.5,28,51520,90913,1363.16,146789,-1.09
2021-06-16 14:56:16,1359.5,28,51517,90937,1363.16,146789,-1.09
2021-06-16 14:56:17,1359.5,28,51528,90937,1363.16,146789,-1.09
2021-06-16 14:56:22,1359.5,28,51528,90907,1363.16,146789,-1.09
2021-06-16 14:56:31,1359.5,28,51441,90947,1363.16,146789,-1.09
2021-06-16 14:56:33,1359.5,28,51459,90946,1363.16,146789,-1.09
2021-06-16 14:56:33,1359.5,1,51459,90946,1363.16,146789,-1.09
2021-06-16 14:56:34,1359.5,1,51445,90951,1363.16,146790,-1.09
2021-06-16 14:56:34,1359.5,1,51473,90951,1363.16,146790,-1.09
2021-06-16 14:56:37,1359.0,10,51407,90998,1363.16,146806,-1.13
2021-06-16 14:56:39,1359.0,10,51428,90998,1363.16,146806,-1.13
2021-06-16 14:56:40,1358.0,34,51415,90998,1363.16,146856,-1.2
2021-06-16 14:56:42,1358.0,34,51404,91031,1363.16,146856,-1.2
2021-06-16 14:56:45,1358.0,5,51354,90986,1363.16,146890,-1.2
2021-06-16 14:56:48,1358.0,5,51380,91006,1363.16,146890,-1.2
2021-06-16 14:56:52,1358.0,5,51360,91006,1363.16,146890,-1.2
2021-06-16 14:56:52,1358.0,5,51315,91026,1363.16,146890,-1.2
2021-06-16 14:56:53,1358.0,3,51315,91026,1363.16,146890,-1.2
2021-06-16 14:56:54,1358.0,3,51325,90967,1363.16,146900,-1.2
2021-06-16 14:56:55,1358.0,3,51271,91001,1363.16,146900,-1.2
2021-06-16 14:56:55,1358.0,3,51297,91029,1363.16,146900,-1.2
2021-06-16 14:57:10,1358.0,3,51321,91014,1363.16,146900,-1.2
2021-06-16 14:57:12,1358.0,2,51307,91015,1363.16,146902,-1.2
2021-06-16 14:57:13,1358.0,2,51317,91015,1363.16,146902,-1.2
2021-06-16 14:57:16,1358.0,2,51327,91000,1363.16,146902,-1.2
2021-06-16 14:57:19,1358.0,84,51327,91000,1363.16,146902,-1.2
2021-06-16 14:57:19,1358.0,84,51300,91006,1363.16,147002,-1.2
2021-06-16 14:57:21,1358.0,84,51300,91027,1363.16,147002,-1.2
2021-06-16 14:57:21,1359.95,65,51378,90773,1363.15,147202,-1.06
2021-06-16 14:57:22,1359.95,65,51364,90772,1363.15,147202,-1.06
2021-06-16 14:57:24,1359.95,65,51365,90793,1363.15,147202,-1.06
2021-06-16 14:57:25,1359.95,65,51464,90794,1363.15,147202,-1.06
2021-06-16 14:57:26,1360.0,5,51464,90794,1363.15,147202,-1.06
2021-06-16 14:57:30,1360.0,5,51702,90759,1363.15,147242,-1.06
2021-06-16 14:57:31,1360.0,5,51584,90802,1363.15,147242,-1.06
2021-06-16 14:57:32,1360.0,5,51644,90802,1363.15,147242,-1.06
2021-06-16 14:57:33,1360.0,1,51665,90804,1363.15,147243,-1.06
2021-06-16 14:57:34,1360.0,1,51658,90808,1363.15,147243,-1.06
2021-06-16 14:57:36,1360.0,1,51580,90805,1363.15,147243,-1.06
2021-06-16 14:57:36,1360.0,1,51610,90816,1363.15,147243,-1.06
2021-06-16 14:57:38,1360.0,1,51630,90821,1363.15,147243,-1.06
2021-06-16 14:57:40,1360.0,20,51630,90821,1363.15,147243,-1.06
2021-06-16 14:57:41,1360.0,20,51629,90780,1363.15,147293,-1.06
2021-06-16 14:57:42,1360.0,50,51649,90800,1363.15,147293,-1.06
2021-06-16 14:57:43,1360.0,50,51655,90825,1363.15,147343,-1.06
2021-06-16 14:57:44,1362.05,4,51614,90544,1363.14,147823,-0.91
2021-06-16 14:57:45,1362.05,4,51991,90610,1363.14,147823,-0.91
2021-06-16 14:57:45,1363.0,5,51991,90610,1363.14,147823,-0.84
2021-06-16 14:57:46,1363.0,45,52122,90325,1363.14,147928,-0.84
2021-06-16 14:57:46,1364.0,2,52122,90325,1363.14,147928,-0.77
2021-06-16 14:57:47,1364.0,2,52012,90250,1363.14,148116,-0.77
2021-06-16 14:57:48,1365.0,12,52415,89899,1363.15,148307,-0.69
2021-06-16 14:57:49,1365.85,8,52430,89872,1363.15,148321,-0.63
2021-06-16 14:57:49,1365.9,8,52430,89872,1363.15,148321,-0.63
2021-06-16 14:57:50,1365.9,8,52495,89873,1363.15,148329,-0.63
2021-06-16 14:57:52,1365.95,6,52554,90015,1363.15,148335,-0.63
2021-06-16 14:57:52,1365.95,136,52552,90062,1363.15,148485,-0.63
2021-06-16 14:57:54,1367.3,149,52572,89950,1363.15,148635,-0.53
2021-06-16 14:57:55,1365.35,12,52567,90012,1363.15,148662,-0.67
2021-06-16 14:57:55,1367.45,24,52640,89924,1363.15,148712,-0.52
2021-06-16 14:57:58,1367.45,24,52636,90026,1363.15,148712,-0.52
2021-06-16 14:57:58,1365.4,38,52581,90141,1363.16,148751,-0.67
2021-06-16 14:58:00,1365.4,14,52581,90259,1363.16,148751,-0.67
2021-06-16 14:58:01,1364.0,14,52476,90287,1363.16,149060,-0.77
2021-06-16 14:58:01,1364.0,14,52321,90271,1363.16,149060,-0.77
2021-06-16 14:58:03,1365.0,50,52285,90385,1363.16,149110,-0.69
2021-06-16 14:58:04,1365.0,50,52284,90355,1363.16,149110,-0.69
2021-06-16 14:58:06,1365.0,50,52306,90333,1363.16,149110,-0.69
2021-06-16 14:58:08,1365.9,9,52328,90349,1363.16,149120,-0.63
2021-06-16 14:58:09,1365.9,9,52301,90336,1363.16,149120,-0.63
2021-06-16 14:58:12,1365.9,9,52310,90359,1363.16,149120,-0.63
2021-06-16 14:58:13,1365.9,9,52311,90358,1363.16,149120,-0.63
2021-06-16 14:58:13,1364.0,11,52285,90428,1363.16,149131,-0.77
2021-06-16 14:58:14,1364.65,9,52200,90348,1363.16,149141,-0.72
2021-06-16 14:58:16,1364.65,9,52172,90458,1363.16,149141,-0.72
2021-06-16 14:58:17,1363.0,265,52193,90458,1363.16,149141,-0.84
2021-06-16 14:58:18,1363.0,265,51632,90686,1363.16,149451,-0.84
2021-06-16 14:58:19,1363.0,265,51602,90670,1363.16,149451,-0.84
2021-06-16 14:58:20,1363.0,265,51650,90678,1363.16,149451,-0.84
2021-06-16 14:58:21,1363.0,265,51629,90719,1363.16,149451,-0.84
2021-06-16 14:58:21,1363.3,6,51629,90719,1363.16,149451,-0.82
2021-06-16 14:58:22,1363.3,6,51720,90708,1363.16,149463,-0.82
2021-06-16 14:58:23,1363.3,6,51672,90727,1363.16,149463,-0.82
2021-06-16 14:58:24,1363.3,6,51686,90647,1363.16,149463,-0.82
2021-06-16 14:58:25,1363.3,6,51686,90557,1363.16,149463,-0.82
2021-06-16 14:58:27,1363.3,6,51686,90567,1363.16,149463,-0.82
2021-06-16 14:58:28,1363.3,6,51786,90567,1363.16,149463,-0.82
2021-06-16 14:58:29,1363.35,1,51786,90567,1363.16,149463,-0.81
2021-06-16 14:58:30,1363.35,1,51908,90526,1363.16,149464,-0.81
2021-06-16 14:58:31,1363.9,1,51910,90548,1363.16,149465,-0.77
2021-06-16 14:58:32,1363.9,1,51920,90556,1363.16,149465,-0.77
2021-06-16 14:58:33,1363.35,1,51929,90556,1363.16,149466,-0.81
2021-06-16 14:58:34,1363.9,1,51929,90555,1363.16,149467,-0.77
2021-06-16 14:58:35,1363.9,1,51929,90554,1363.16,149468,-0.77
2021-06-16 14:58:37,1363.9,1,51929,90553,1363.16,149468,-0.77
2021-06-16 14:58:39,1363.9,6,51928,90547,1363.16,149475,-0.77
2021-06-16 14:58:39,1363.8,1,51928,90547,1363.16,149475,-0.78
2021-06-16 14:58:40,1363.8,1,51928,90545,1363.16,149476,-0.78
2021-06-16 14:58:40,1363.8,1,51928,90544,1363.16,149477,-0.78
2021-06-16 14:58:42,1363.8,1,52103,90544,1363.16,149477,-0.78
2021-06-16 14:58:44,1363.8,1,52278,90544,1363.16,149477,-0.78
2021-06-16 14:58:48,1363.8,1,52278,90548,1363.16,149478,-0.78
2021-06-16 14:58:51,1363.8,1,52278,90547,1363.16,149479,-0.78
2021-06-16 14:58:54,1363.8,1,52229,90545,1363.16,149481,-0.78
2021-06-16 14:58:56,1363.8,1,52226,90580,1363.16,149481,-0.78
2021-06-16 14:58:57,1363.35,10,52133,90575,1363.16,149492,-0.81
2021-06-16 14:58:59,1363.75,1,52152,90584,1363.16,149493,-0.79
2021-06-16 14:59:01,1363.4,10,52154,90545,1363.16,149503,-0.81
2021-06-16 14:59:04,1363.4,10,52209,90521,1363.16,149503,-0.81
2021-06-16 14:59:05,1363.5,50,52264,90531,1363.16,150016,-0.8
2021-06-16 14:59:06,1363.5,50,52272,90524,1363.16,150016,-0.8
2021-06-16 14:59:07,1363.0,11,52272,90524,1363.16,150016,-0.84
2021-06-16 14:59:09,1363.0,11,52218,90437,1363.16,150116,-0.84
2021-06-16 14:59:12,1363.0,11,52231,90456,1363.16,150116,-0.84
2021-06-16 14:59:13,1362.55,10,52231,90456,1363.16,150116,-0.87
2021-06-16 14:59:15,1360.05,24,51835,90617,1363.16,150538,-1.05
2021-06-16 14:59:18,1360.05,24,51818,90693,1363.16,150538,-1.05
2021-06-16 14:59:20,1360.05,24,51809,90949,1363.16,150538,-1.05
2021-06-16 14:59:22,1360.05,24,51810,90937,1363.16,150538,-1.05
2021-06-16 14:59:25,1360.0,1,51810,90937,1363.16,150538,-1.06
2021-06-16 14:59:25,1360.0,1,51691,91707,1363.16,150564,-1.06
2021-06-16 14:59:28,1360.0,1,51711,91718,1363.16,150564,-1.06
2021-06-16 14:59:30,1360.0,1,51712,91791,1363.16,150564,-1.06
2021-06-16 14:59:31,1360.0,8,51712,91791,1363.16,150564,-1.06
2021-06-16 14:59:31,1361.45,8,51712,91791,1363.16,150564,-0.95
2021-06-16 14:59:33,1361.45,8,51900,90854,1363.15,150714,-0.95
2021-06-16 14:59:34,1362.95,26,51900,90854,1363.15,150714,-0.84
2021-06-16 14:59:34,1361.0,1,51900,90854,1363.15,150714,-0.99
2021-06-16 14:59:35,1361.0,1,51976,90696,1363.15,150865,-0.99
2021-06-16 14:59:40,1362.9,1,52049,90695,1363.15,150866,-0.85
2021-06-16 14:59:40,1363.15,24,52015,90703,1363.15,151069,-0.83
2021-06-16 14:59:42,1363.2,1,52015,90703,1363.15,151069,-0.83
2021-06-16 14:59:43,1363.2,1,52033,90673,1363.15,151098,-0.83
2021-06-16 14:59:45,1363.2,1,51990,90745,1363.15,151098,-0.83
2021-06-16 14:59:46,1362.8,1,51990,90745,1363.15,151098,-0.85
2021-06-16 14:59:49,1362.8,1,52193,91173,1363.15,151099,-0.85
2021-06-16 14:59:51,1362.25,1,52193,91173,1363.15,151099,-0.89
2021-06-16 14:59:52,1363.1,1,52193,91173,1363.15,151099,-0.83
2021-06-16 14:59:54,1363.1,1,52290,91127,1363.15,151106,-0.83
2021-06-16 14:59:55,1363.15,99,52290,91127,1363.15,151106,-0.83
2021-06-16 14:59:55,1363.45,1,52275,91111,1363.15,151208,-0.81
2021-06-16 14:59:57,1363.4,1,52275,91111,1363.15,151208,-0.81
2021-06-16 14:59:58,1363.0,100,52141,90532,1363.15,151372,-0.84
2021-06-16 14:59:58,1363.55,38,52141,90532,1363.15,151372,-0.8
2021-06-16 15:00:00,1363.55,14,52141,90532,1363.15,151372,-0.8
2021-06-16 15:00:00,1363.55,14,52050,90527,1363.15,151623,-0.8
2021-06-16 15:00:03,1363.65,1,52050,90527,1363.15,151623,-0.79
2021-06-16 15:00:04,1363.6,1,52040,90544,1363.15,151624,-0.8
2021-06-16 15:00:06,1363.65,1,52040,90544,1363.15,151624,-0.79
2021-06-16 15:00:06,1363.65,1,52374,90574,1363.15,151627,-0.79
2021-06-16 15:00:09,1363.65,1,52327,90599,1363.15,151627,-0.79
2021-06-16 15:00:11,1363.65,1,52417,91099,1363.15,151627,-0.79
2021-06-16 15:00:14,1362.3,1,52419,91099,1363.15,151627,-0.89
2021-06-16 15:00:17,1362.3,1,52410,91094,1363.15,151629,-0.89
2021-06-16 15:00:19,1362.05,12,52305,90906,1363.15,151744,-0.91
2021-06-16 15:00:22,1363.45,1,52305,90906,1363.15,151744,-0.81
2021-06-16 15:00:24,1363.45,1,52338,90905,1363.15,151747,-0.81
2021-06-16 15:00:26,1363.7,1,52338,90905,1363.15,151747,-0.79
2021-06-16 15:00:27,1363.7,1,52453,90907,1363.15,151750,-0.79
2021-06-16 15:00:28,1363.75,1,52453,90907,1363.15,151750,-0.79
2021-06-16 15:00:28,1362.3,12,52453,90907,1363.15,151750,-0.89
2021-06-16 15:00:30,1363.95,1,52463,90917,1363.15,151888,-0.77
2021-06-16 15:00:32,1364.0,7,52463,90917,1363.15,151888,-0.77
2021-06-16 15:00:33,1364.0,15,52174,90593,1363.15,152014,-0.77
2021-06-16 15:00:36,1364.0,15,52196,90595,1363.15,152014,-0.77
2021-06-16 15:00:37,1361.75,3,52196,90595,1363.15,152014,-0.93
2021-06-16 15:00:39,1361.75,3,51800,90127,1363.15,152236,-0.93
2021-06-16 15:00:40,1360.0,2,51800,90127,1363.15,152236,-1.06
2021-06-16 15:00:42,1360.0,2,51726,90227,1363.15,152238,-1.06
2021-06-16 15:00:44,1360.0,48,51726,90227,1363.15,152238,-1.06
2021-06-16 15:00:45,1360.0,48,51750,90169,1363.15,152306,-1.06
2021-06-16 15:00:48,1360.0,48,51723,90235,1363.15,152306,-1.06
2021-06-16 15:00:51,1359.95,1,51723,90235,1363.15,152306,-1.06
2021-06-16 15:00:51,1359.95,1,51730,90185,1363.15,152307,-1.06
2021-06-16 15:00:52,1359.0,35,51730,90185,1363.15,152307,-1.13
2021-06-16 15:00:54,1359.95,9,51730,90185,1363.15,152307,-1.06
2021-06-16 15:00:54,1359.95,9,51756,90083,1363.15,152366,-1.06
2021-06-16 15:00:57,1358.0,36,51756,90083,1363.15,152366,-1.2
2021-06-16 15:00:57,1358.0,36,51682,90135,1363.14,152541,-1.2
2021-06-16 15:00:59,1357.75,1,51682,90135,1363.14,152541,-1.22
2021-06-16 15:01:00,1357.75,1,51580,90150,1363.14,152549,-1.22
2021-06-16 15:01:04,1357.75,1,51578,90317,1363.14,152549,-1.22
2021-06-16 15:01:05,1360.0,5,51578,90317,1363.14,152549,-1.06
2021-06-16 15:01:07,1360.0,5,51683,90103,1363.11,153711,-1.06
2021-06-16 15:01:08,1359.75,5,51683,90103,1363.11,153711,-1.08
2021-06-16 15:01:10,1359.75,5,51730,90327,1363.11,153716,-1.08
2021-06-16 15:01:13,1359.75,5,51759,90359,1363.11,153716,-1.08
2021-06-16 15:01:16,1359.75,5,51789,90359,1363.11,153716,-1.08
2021-06-16 15:01:18,1359.0,7,51789,90359,1363.11,153716,-1.13
2021-06-16 15:01:19,1359.0,7,51792,90349,1363.11,153726,-1.13
2021-06-16 15:01:22,1359.0,7,51792,90355,1363.11,153726,-1.13
2021-06-16 15:01:25,1359.0,7,51796,90355,1363.11,153726,-1.13
2021-06-16 15:01:27,1359.0,7,51696,90356,1363.11,153726,-1.13
2021-06-16 15:01:30,1359.0,7,51664,90327,1363.11,153726,-1.13
2021-06-16 15:01:32,1358.3,12,51664,90327,1363.11,153726,-1.18
2021-06-16 15:01:33,1358.3,12,51649,90322,1363.11,153751,-1.18
2021-06-16 15:01:34,1358.0,27,51649,90322,1363.11,153751,-1.2
2021-06-16 15:01:36,1359.2,1,51649,90322,1363.11,153751,-1.12
2021-06-16 15:01:37,1359.2,1,51548,90593,1363.11,153802,-1.12
2021-06-16 15:01:37,1357.95,5,51548,90593,1363.11,153802,-1.21
2021-06-16 15:01:40,1357.9,7,51544,90632,1363.11,153826,-1.21
2021-06-16 15:01:40,1357.95,1,51544,90632,1363.11,153826,-1.21
2021-06-16 15:01:42,1357.85,6,51544,90632,1363.11,153826,-1.21
2021-06-16 15:01:43,1357.8,6,51579,90650,1363.11,153846,-1.22
2021-06-16 15:01:45,1357.85,1,51546,90649,1363.11,153847,-1.21
2021-06-16 15:01:48,1357.7,6,51523,90697,1363.11,153861,-1.23
2021-06-16 15:01:49,1357.0,3,51523,90697,1363.11,153861,-1.28
2021-06-16 15:01:52,1357.0,3,51501,90700,1363.11,153888,-1.28
2021-06-16 15:01:55,1357.0,3,51503,90725,1363.11,153888,-1.28
2021-06-16 15:01:58,1357.55,8,51503,90725,1363.11,153888,-1.24
2021-06-16 15:01:58,1357.9,22,51510,90725,1363.11,153896,-1.21
2021-06-16 15:02:03,1357.35,6,51510,90725,1363.11,153896,-1.25
2021-06-16 15:02:04,1357.55,25,51510,90725,1363.11,153896,-1.24
2021-06-16 15:02:04,1357.55,1,51510,90725,1363.11,153896,-1.24
2021-06-16 15:02:05,1357.55,1,51361,90690,1363.1,154086,-1.24
2021-06-16 15:02:08,1357.55,1,51397,90690,1363.1,154086,-1.24
2021-06-16 15:02:09,1357.55,24,51397,90690,1363.1,154086,-1.24
2021-06-16 15:02:10,1357.3,7,51397,90690,1363.1,154086,-1.25
2021-06-16 15:02:12,1356.9,6,51301,90804,1363.1,154167,-1.28
2021-06-16 15:02:14,1356.9,6,51248,90804,1363.1,154167,-1.28
2021-06-16 15:02:18,1355.9,38,51248,90804,1363.1,154167,-1.36
2021-06-16 15:02:19,1355.9,38,51265,90744,1363.1,154226,-1.36
2021-06-16 15:02:23,1355.9,38,51266,91244,1363.1,154226,-1.36
2021-06-16 15:02:25,1355.9,38,51267,91043,1363.1,154226,-1.36
2021-06-16 15:02:28,1355.9,38,51268,91042,1363.1,154226,-1.36
2021-06-16 15:02:31,1355.9,38,51278,91042,1363.1,154226,-1.36
2021-06-16 15:02:34,1355.9,38,51277,91042,1363.1,154226,-1.36
2021-06-16 15:02:37,1357.3,34,51332,90979,1363.09,154262,-1.25
2021-06-16 15:02:40,1356.35,1,51314,90954,1363.09,154312,-1.32
2021-06-16 15:02:42,1356.0,8,51314,90954,1363.09,154312,-1.35
2021-06-16 15:02:44,1356.0,8,51324,91056,1363.09,154332,-1.35
2021-06-16 15:02:48,1356.0,8,51318,91056,1363.09,154332,-1.35
2021-06-16 15:02:51,1358.25,40,51387,91055,1363.09,154332,-1.19
2021-06-16 15:02:54,1358.25,40,51605,90935,1363.09,154376,-1.19
2021-06-16 15:02:58,1358.25,40,51679,90935,1363.09,154376,-1.19
2021-06-16 15:03:04,1358.25,40,51550,90994,1363.09,154376,-1.19
2021-06-16 15:03:07,1358.25,40,51641,91029,1363.09,154376,-1.19
2021-06-16 15:03:13,1358.85,2,51641,91029,1363.09,154376,-1.14
2021-06-16 15:03:14,1358.85,2,51636,91023,1363.09,154381,-1.14
2021-06-16 15:03:17,1358.85,2,51636,91025,1363.09,154381,-1.14
2021-06-16 15:03:20,1358.85,2,51634,91070,1363.09,154381,-1.14
2021-06-16 15:03:23,1358.85,2,51729,91070,1363.09,154381,-1.14
2021-06-16 15:03:24,1358.9,5,51729,91070,1363.09,154381,-1.14
2021-06-16 15:03:25,1356.85,4,51729,91070,1363.09,154381,-1.29
2021-06-16 15:03:27,1356.85,4,51654,91027,1363.09,154401,-1.29
2021-06-16 15:03:30,1356.8,9,51733,91047,1363.09,154411,-1.29
2021-06-16 15:03:36,1356.8,9,51644,91043,1363.09,154411,-1.29
2021-06-16 15:03:37,1358.75,6,51644,91043,1363.09,154411,-1.15
2021-06-16 15:03:38,1358.35,2,51644,91043,1363.09,154411,-1.18
2021-06-16 15:03:39,1358.35,2,51676,90983,1363.09,154424,-1.18
2021-06-16 15:03:42,1358.35,2,51651,91033,1363.09,154424,-1.18
2021-06-16 15:03:59,1358.35,1,51651,91033,1363.09,154424,-1.18
2021-06-16 15:04:01,1358.35,1,51651,91032,1363.09,154425,-1.18
2021-06-16 15:04:04,1358.35,28,51703,90999,1363.09,154453,-1.18
2021-06-16 15:04:07,1358.35,28,51728,91030,1363.09,154453,-1.18
2021-06-16 15:04:11,1358.35,28,51870,91030,1363.09,154453,-1.18
2021-06-16 15:04:18,1358.35,28,51880,91009,1363.09,154453,-1.18
2021-06-16 15:04:21,1358.35,28,51865,91009,1363.09,154453,-1.18
2021-06-16 15:04:25,1358.35,28,51665,91009,1363.09,154453,-1.18
2021-06-16 15:04:26,1358.0,8,51665,91009,1363.09,154453,-1.2
2021-06-16 15:04:28,1358.0,8,51540,91045,1363.08,154651,-1.2
2021-06-16 15:04:32,1358.0,8,51561,91045,1363.08,154651,-1.2
2021-06-16 15:04:37,1355.55,6,51561,91045,1363.08,154651,-1.38
2021-06-16 15:04:38,1355.55,6,50892,91078,1363.05,155453,-1.38
2021-06-16 15:04:39,1355.5,5,50892,91078,1363.05,155453,-1.39
2021-06-16 15:04:45,1355.5,5,50920,91067,1363.05,155463,-1.39
2021-06-16 15:04:48,1355.5,5,50972,91063,1363.05,155463,-1.39
2021-06-16 15:04:51,1355.5,5,50972,91088,1363.05,155463,-1.39
2021-06-16 15:04:58,1355.5,5,51004,91068,1363.05,155463,-1.39
2021-06-16 15:05:02,1357.5,39,51004,91068,1363.05,155463,-1.24
2021-06-16 15:05:06,1357.5,39,51055,90977,1363.04,155503,-1.24
2021-06-16 15:05:12,1357.5,25,51055,90977,1363.04,155503,-1.24
2021-06-16 15:05:15,1357.5,25,50979,90957,1363.04,155591,-1.24
2021-06-16 15:05:16,1356.55,1,50969,90987,1363.04,155626,-1.31
2021-06-16 15:05:19,1356.55,1,50990,91017,1363.04,155626,-1.31
2021-06-16 15:05:23,1356.55,1,50948,91139,1363.04,155626,-1.31
2021-06-16 15:05:27,1356.55,1,50960,91186,1363.04,155626,-1.31
2021-06-16 15:05:28,1355.0,3,50960,91186,1363.04,155626,-1.42
2021-06-16 15:05:30,1355.0,3,50758,91245,1363.03,155826,-1.42
2021-06-16 15:05:34,1356.65,3,50806,91250,1363.03,155826,-1.3
2021-06-16 15:05:37,1356.65,3,50825,91352,1363.03,155830,-1.3
2021-06-16 15:05:41,1356.65,3,50845,91352,1363.03,155830,-1.3
2021-06-16 15:05:44,1357.0,10,50845,91352,1363.03,155830,-1.28
2021-06-16 15:05:45,1357.0,10,50940,91337,1363.03,155862,-1.28
2021-06-16 15:05:46,1356.6,10,50940,91337,1363.03,155862,-1.31
2021-06-16 15:05:48,1356.6,10,50899,91485,1363.03,155872,-1.31
2021-06-16 15:05:51,1356.6,10,50903,91485,1363.03,155872,-1.31
2021-06-16 15:05:55,1356.6,10,50903,91486,1363.03,155872,-1.31
2021-06-16 15:05:57,1355.1,9,50903,91486,1363.03,155872,-1.42
2021-06-16 15:05:58,1355.1,9,50898,91488,1363.03,155882,-1.42
2021-06-16 15:06:01,1355.1,9,50902,91487,1363.03,155882,-1.42
2021-06-16 15:06:04,1357.0,10,50902,91487,1363.03,155882,-1.28
2021-06-16 15:06:04,1357.6,1,50902,91487,1363.03,155882,-1.23
2021-06-16 15:06:05,1357.6,1,51067,91339,1363.02,156205,-1.23
2021-06-16 15:06:09,1358.35,12,51067,91339,1363.02,156205,-1.18
2021-06-16 15:06:11,1358.35,12,51180,91305,1363.01,156253,-1.18
2021-06-16 15:06:13,1357.25,1,51180,91305,1363.01,156253,-1.26
2021-06-16 15:06:14,1357.25,1,51180,91056,1363.01,156254,-1.26
2021-06-16 15:06:16,1358.15,8,51180,91056,1363.01,156254,-1.19
2021-06-16 15:06:20,1358.15,8,51159,90842,1363.01,156326,-1.19
2021-06-16 15:06:22,1359.0,41,51159,90842,1363.01,156326,-1.13
2021-06-16 15:06:23,1359.0,50,51130,90806,1363.01,156377,-1.13
2021-06-16 15:06:24,1360.0,15,51130,90806,1363.01,156377,-1.06
2021-06-16 15:06:26,1360.0,15,51300,90597,1363.0,156951,-1.06
2021-06-16 15:06:29,1360.0,15,51301,90594,1363.0,156951,-1.06
2021-06-16 15:06:30,1360.0,52,51301,90594,1363.0,156951,-1.06
2021-06-16 15:06:32,1360.0,52,51176,90688,1362.99,157015,-1.06
2021-06-16 15:06:35,1360.0,52,51200,90710,1362.99,157015,-1.06
2021-06-16 15:06:38,1360.0,52,51230,90712,1362.99,157015,-1.06
2021-06-16 15:06:41,1360.0,52,51201,90711,1362.99,157015,-1.06
2021-06-16 15:06:43,1357.55,8,51201,90711,1362.99,157015,-1.24
2021-06-16 15:06:44,1357.55,8,51240,90701,1362.99,157035,-1.24
2021-06-16 15:06:45,1360.8,3,51240,90701,1362.99,157035,-1.0
2021-06-16 15:06:47,1360.8,3,51359,90522,1362.99,157261,-1.0
2021-06-16 15:06:49,1361.0,15,51359,90522,1362.99,157261,-0.99
2021-06-16 15:06:51,1361.0,15,51500,90521,1362.99,157276,-0.99
2021-06-16 15:06:54,1361.0,15,51472,90524,1362.99,157276,-0.99
2021-06-16 15:06:55,1360.0,60,51472,90524,1362.99,157276,-1.06
2021-06-16 15:06:56,1360.0,60,51280,90618,1362.99,157376,-1.06
2021-06-16 15:07:00,1360.0,60,51335,90588,1362.99,157376,-1.06
2021-06-16 15:07:03,1360.0,60,51340,90588,1362.99,157376,-1.06
2021-06-16 15:07:06,1360.0,60,51350,90588,1362.99,157376,-1.06
2021-06-16 15:07:08,1360.0,25,51350,90588,1362.99,157376,-1.06
2021-06-16 15:07:09,1360.0,25,51278,90614,1362.99,157401,-1.06
2021-06-16 15:07:12,1360.0,25,51291,90533,1362.99,157401,-1.06
2021-06-16 15:07:13,1361.0,2,51291,90533,1362.99,157401,-0.99
2021-06-16 15:07:15,1362.0,111,51291,90533,1362.99,157401,-0.91
2021-06-16 15:07:15,1362.0,111,51427,90716,1362.99,157554,-0.91
2021-06-16 15:07:17,1360.05,22,51427,90716,1362.99,157554,-1.05
2021-06-16 15:07:18,1360.05,22,51361,90726,1362.99,157579,-1.05
2021-06-16 15:07:21,1361.0,3,51361,90727,1362.99,157579,-0.99
2021-06-16 15:07:22,1361.25,1,51361,90727,1362.99,157579,-0.97
2021-06-16 15:07:24,1361.3,1,51361,90727,1362.99,157579,-0.96
2021-06-16 15:07:24,1361.3,1,51339,90725,1362.99,157584,-0.96
2021-06-16 15:07:27,1361.3,1,51339,90736,1362.99,157584,-0.96
2021-06-16 15:07:37,1361.3,1,51339,90739,1362.99,157584,-0.96
2021-06-16 15:07:40,1361.3,1,51339,90742,1362.99,157584,-0.96
2021-06-16 15:07:42,1361.0,28,51339,90742,1362.99,157584,-0.99
2021-06-16 15:07:43,1361.0,28,51417,90731,1362.99,157634,-0.99
2021-06-16 15:07:46,1361.0,28,51395,90731,1362.99,157634,-0.99
2021-06-16 15:07:49,1361.0,28,51387,90734,1362.99,157634,-0.99
2021-06-16 15:07:52,1361.0,28,51386,90747,1362.99,157634,-0.99
2021-06-16 15:07:55,1361.0,28,51385,90744,1362.99,157634,-0.99
2021-06-16 15:07:57,1362.1,4,51385,90744,1362.99,157634,-0.91
2021-06-16 15:07:58,1362.1,4,51333,90744,1362.98,157674,-0.91
2021-06-16 15:08:01,1362.1,4,51370,90748,1362.98,157674,-0.91
2021-06-16 15:08:03,1360.0,316,51370,90748,1362.98,157674,-1.06
2021-06-16 15:08:04,1360.0,316,51479,90742,1362.98,158074,-1.06
2021-06-16 15:08:07,1360.0,316,51460,90762,1362.98,158074,-1.06
2021-06-16 15:08:10,1360.0,316,51460,90761,1362.98,158074,-1.06
2021-06-16 15:08:13,1360.0,316,51491,87961,1362.98,158074,-1.06
2021-06-16 15:08:16,1360.0,316,51460,87961,1362.98,158074,-1.06
2021-06-16 15:08:18,1360.0,13,51460,87961,1362.98,158074,-1.06
2021-06-16 15:08:19,1359.0,1,51273,88002,1362.97,158217,-1.13
2021-06-16 15:08:22,1359.0,1,52108,88087,1362.97,158217,-1.13
2021-06-16 15:08:25,1359.65,4,52864,88087,1362.97,158217,-1.08
2021-06-16 15:08:28,1359.65,4,53169,88079,1362.97,158222,-1.08
2021-06-16 15:08:30,1359.55,4,53169,88079,1362.97,158222,-1.09
2021-06-16 15:08:35,1359.55,4,53169,88074,1362.97,158227,-1.09
2021-06-16 15:08:38,1359.55,4,53119,88074,1362.97,158227,-1.09
2021-06-16 15:08:47,1359.55,4,53134,88070,1362.97,158227,-1.09
2021-06-16 15:08:48,1359.95,1,53134,88070,1362.97,158227,-1.06
2021-06-16 15:08:50,1359.95,1,53114,88100,1362.97,158228,-1.06
2021-06-16 15:08:52,1359.0,4,53114,88100,1362.97,158228,-1.13
2021-06-16 15:08:53,1357.55,10,53050,88052,1362.97,158282,-1.24
2021-06-16 15:08:56,1357.55,10,53050,88046,1362.97,158282,-1.24
2021-06-16 15:09:00,1357.55,10,53041,88046,1362.97,158282,-1.24
2021-06-16 15:09:07,1357.55,10,53051,88046,1362.97,158282,-1.24
2021-06-16 15:09:10,1357.55,10,53052,88046,1362.97,158282,-1.24
2021-06-16 15:09:13,1357.55,10,53054,88107,1362.97,158282,-1.24
2021-06-16 15:09:16,1357.55,10,53056,88107,1362.97,158282,-1.24
2021-06-16 15:09:19,1358.8,1,53056,88107,1362.97,158282,-1.15
2021-06-16 15:09:23,1358.8,1,53011,88106,1362.97,158283,-1.15
2021-06-16 15:09:24,1358.75,1,53011,88106,1362.97,158283,-1.15
2021-06-16 15:09:27,1358.75,1,53012,88106,1362.97,158284,-1.15
2021-06-16 15:09:33,1358.75,1,53013,88106,1362.97,158284,-1.15
2021-06-16 15:09:36,1358.75,1,53013,88105,1362.97,158284,-1.15
2021-06-16 15:09:45,1358.75,1,53003,88005,1362.97,158284,-1.15
2021-06-16 15:09:49,1358.75,1,53008,88005,1362.97,158284,-1.15
2021-06-16 15:09:49,1357.6,1,53008,88005,1362.97,158284,-1.23
2021-06-16 15:09:52,1357.6,1,53023,88007,1362.97,158295,-1.23
2021-06-16 15:09:53,1357.6,3,53023,88007,1362.97,158295,-1.23
2021-06-16 15:09:54,1358.0,2,53023,88007,1362.97,158295,-1.2
2021-06-16 15:09:55,1358.0,2,52861,88113,1362.97,158389,-1.2
2021-06-16 15:09:58,1358.0,2,52862,88113,1362.97,158389,-1.2
2021-06-16 15:10:01,1357.85,1,52862,88113,1362.97,158389,-1.21
2021-06-16 15:10:02,1357.85,1,52841,88094,1362.97,158390,-1.21
2021-06-16 15:10:06,1357.7,10,52860,88092,1362.97,158390,-1.23
2021-06-16 15:10:09,1355.8,18,52796,88100,1362.97,158480,-1.36
2021-06-16 15:10:12,1355.8,18,52814,88096,1362.97,158480,-1.36
2021-06-16 15:10:15,1355.8,18,52812,88056,1362.97,158480,-1.36
2021-06-16 15:10:17,1355.9,2,52812,88056,1362.97,158480,-1.36
2021-06-16 15:10:18,1355.9,2,52827,88056,1362.96,158495,-1.36
2021-06-16 15:10:21,1355.9,2,52810,88056,1362.96,158495,-1.36
2021-06-16 15:10:22,1357.35,11,52810,88056,1362.96,158495,-1.25
2021-06-16 15:10:23,1357.45,37,52810,88056,1362.96,158495,-1.24
2021-06-16 15:10:25,1357.45,37,52815,87985,1362.96,158710,-1.24
2021-06-16 15:10:28,1357.2,4,52847,87982,1362.96,158714,-1.26
2021-06-16 15:10:35,1357.2,4,52809,87988,1362.96,158714,-1.26
2021-06-16 15:10:38,1358.0,100,52809,87988,1362.96,158714,-1.2
2021-06-16 15:10:39,1358.0,100,52816,87990,1362.95,158816,-1.2
2021-06-16 15:10:42,1358.0,100,53239,88001,1362.95,158816,-1.2
2021-06-16 15:10:45,1358.0,100,53234,88001,1362.95,158816,-1.2
2021-06-16 15:10:48,1358.0,100,53260,88002,1362.95,158816,-1.2
2021-06-16 15:10:50,1356.25,173,53260,88002,1362.95,158816,-1.33
2021-06-16 15:10:52,1356.25,173,53041,87987,1362.95,159016,-1.33
2021-06-16 15:10:54,1355.9,21,53041,87987,1362.95,159016,-1.36
2021-06-16 15:10:55,1355.9,21,52765,87986,1362.93,159275,-1.36
2021-06-16 15:10:57,1355.0,18,52765,87986,1362.93,159275,-1.42
2021-06-16 15:10:58,1355.0,18,52545,88002,1362.92,159525,-1.42
2021-06-16 15:11:02,1355.0,18,52528,88013,1362.92,159525,-1.42
2021-06-16 15:11:03,1356.0,35,52528,88013,1362.92,159525,-1.35
2021-06-16 15:11:05,1356.0,35,52569,88009,1362.92,159575,-1.35
2021-06-16 15:11:08,1355.0,10,52569,88009,1362.92,159575,-1.42
2021-06-16 15:11:09,1355.0,46,52459,87954,1362.91,159681,-1.42
2021-06-16 15:11:12,1355.0,46,52377,87960,1362.9,159931,-1.42
2021-06-16 15:11:15,1355.0,46,52385,87868,1362.9,159931,-1.42
2021-06-16 15:11:16,1355.05,10,52385,87868,1362.9,159931,-1.42
2021-06-16 15:11:17,1357.35,1,52385,87868,1362.9,159931,-1.25
2021-06-16 15:11:18,1357.35,1,52418,87860,1362.9,159943,-1.25
2021-06-16 15:11:20,1355.0,5,52418,87860,1362.9,159943,-1.42
2021-06-16 15:11:22,1355.0,5,51991,87659,1362.88,160415,-1.42
2021-06-16 15:11:23,1354.0,1,51991,87659,1362.88,160415,-1.5
2021-06-16 15:11:25,1354.0,1,51971,87654,1362.88,160431,-1.5
2021-06-16 15:11:28,1354.0,1,52002,87700,1362.88,160431,-1.5
2021-06-16 15:11:32,1354.0,1,52003,87700,1362.88,160431,-1.5
2021-06-16 15:11:35,1354.0,1,51976,87696,1362.88,160431,-1.5
2021-06-16 15:11:39,1354.75,31,51970,87716,1362.88,160431,-1.44
2021-06-16 15:11:42,1354.75,31,51998,87722,1362.88,160488,-1.44
2021-06-16 15:11:45,1354.75,31,52100,87672,1362.88,160488,-1.44
2021-06-16 15:11:48,1354.75,31,52127,87723,1362.88,160488,-1.44
2021-06-16 15:12:00,1355.0,12,52127,87723,1362.88,160488,-1.42
2021-06-16 15:12:01,1355.0,12,52142,87717,1362.87,160538,-1.42
2021-06-16 15:12:05,1355.0,12,52132,87720,1362.87,160538,-1.42
2021-06-16 15:12:12,1355.0,12,52252,87736,1362.87,160538,-1.42
2021-06-16 15:12:18,1355.0,12,52248,87712,1362.87,160538,-1.42
2021-06-16 15:12:21,1355.0,5,52243,87707,1362.87,160543,-1.42
2021-06-16 15:12:24,1355.0,5,52241,87709,1362.87,160543,-1.42
2021-06-16 15:12:25,1354.0,30,52241,87709,1362.87,160543,-1.5
2021-06-16 15:12:27,1354.0,3,52120,87707,1362.86,160761,-1.5
2021-06-16 15:12:31,1354.0,3,52121,87709,1362.86,160761,-1.5
2021-06-16 15:12:37,1354.0,3,52372,87709,1362.86,160761,-1.5
2021-06-16 15:12:40,1354.0,37,52372,87709,1362.86,160761,-1.5
2021-06-16 15:12:43,1354.0,37,51236,87682,1362.78,161993,-1.5
2021-06-16 15:12:46,1352.1,1,51236,87683,1362.78,161994,-1.63
2021-06-16 15:12:50,1352.1,1,51263,87683,1362.78,161994,-1.63
2021-06-16 15:12:54,1352.1,1,51244,87682,1362.78,161994,-1.63
2021-06-16 15:12:55,1354.0,18,51244,87682,1362.78,161994,-1.5
2021-06-16 15:12:57,1354.0,18,51065,87637,1362.76,162251,-1.5
2021-06-16 15:12:57,1352.0,2,51065,87637,1362.76,162251,-1.64
2021-06-16 15:13:00,1352.0,2,51018,87595,1362.76,162351,-1.64
2021-06-16 15:13:03,1352.0,2,51028,87649,1362.76,162351,-1.64
2021-06-16 15:13:07,1352.0,2,51008,87649,1362.76,162351,-1.64
2021-06-16 15:13:10,1352.0,2,51028,87652,1362.76,162351,-1.64
2021-06-16 15:13:13,1352.45,5,51028,87652,1362.76,162351,-1.61
2021-06-16 15:13:13,1352.45,5,51004,87666,1362.76,162376,-1.61
2021-06-16 15:13:16,1352.45,5,51082,87595,1362.76,162376,-1.61
2021-06-16 15:13:18,1355.0,5,51082,87595,1362.76,162376,-1.42
2021-06-16 15:13:19,1354.85,3,51082,87595,1362.76,162376,-1.43
2021-06-16 15:13:19,1354.85,3,51061,87569,1362.75,162415,-1.43
2021-06-16 15:13:23,1354.85,3,51157,87582,1362.75,162415,-1.43
2021-06-16 15:13:27,1354.85,3,51145,87582,1362.75,162415,-1.43
2021-06-16 15:13:28,1353.25,49,51145,87582,1362.75,162415,-1.55
2021-06-16 15:13:32,1352.0,247,51145,87582,1362.75,162415,-1.64
2021-06-16 15:13:33,1352.0,247,50777,87222,1362.72,162965,-1.64
2021-06-16 15:13:36,1353.15,30,50711,87297,1362.72,162995,-1.56
2021-06-16 15:13:40,1353.15,30,50687,87311,1362.72,162995,-1.56
2021-06-16 15:13:40,1353.25,5,50687,87311,1362.72,162995,-1.55
2021-06-16 15:13:43,1353.25,5,50691,87300,1362.72,163000,-1.55
2021-06-16 15:13:45,1353.75,1,50691,87300,1362.72,163000,-1.51
2021-06-16 15:13:46,1353.75,1,50689,87310,1362.72,163002,-1.51
2021-06-16 15:13:49,1353.75,1,50707,87409,1362.72,163002,-1.51
2021-06-16 15:13:53,1353.75,1,50706,87414,1362.72,163002,-1.51
2021-06-16 15:13:58,1353.75,1,50706,87404,1362.72,163002,-1.51
2021-06-16 15:14:00,1353.75,1,50717,87369,1362.72,163003,-1.51
2021-06-16 15:14:03,1353.75,1,50763,87363,1362.72,163003,-1.51
2021-06-16 15:14:04,1353.75,34,50763,87363,1362.72,163003,-1.51
2021-06-16 15:14:06,1352.0,149,50763,87363,1362.72,163003,-1.64
2021-06-16 15:14:06,1352.0,149,50479,87409,1362.69,163388,-1.64
2021-06-16 15:14:08,1352.0,60,50479,87409,1362.69,163388,-1.64
2021-06-16 15:14:09,1352.0,491,50479,87409,1362.69,163388,-1.64
2021-06-16 15:14:10,1352.0,491,49924,87350,1362.65,163988,-1.64
2021-06-16 15:14:12,1352.0,20,49924,87350,1362.65,163988,-1.64
2021-06-16 15:14:13,1352.0,199,49711,87351,1362.64,164207,-1.64
2021-06-16 15:14:14,1354.8,13,49711,87351,1362.64,164207,-1.44
2021-06-16 15:14:16,1354.8,13,49731,87359,1362.64,164257,-1.44
2021-06-16 15:14:20,1354.8,13,49738,87345,1362.64,164257,-1.44
2021-06-16 15:14:22,1353.0,3,49738,87345,1362.64,164257,-1.57
2021-06-16 15:14:24,1353.0,3,49785,87317,1362.64,164263,-1.57
2021-06-16 15:14:27,1353.0,3,49540,87317,1362.64,164263,-1.57
2021-06-16 15:14:30,1353.0,3,49539,87390,1362.64,164263,-1.57
2021-06-16 15:14:38,1353.85,1,49539,87390,1362.64,164263,-1.51
2021-06-16 15:14:40,1353.85,1,49527,87422,1362.64,164264,-1.51
2021-06-16 15:14:43,1353.85,1,49527,87435,1362.64,164264,-1.51
2021-06-16 15:14:46,1353.85,1,49535,87413,1362.64,164264,-1.51
2021-06-16 15:14:49,1353.85,1,49558,87429,1362.64,164264,-1.51
2021-06-16 15:14:53,1354.0,3,49594,87402,1362.64,164267,-1.5
2021-06-16 15:14:55,1353.0,2,49594,87402,1362.64,164267,-1.57
2021-06-16 15:14:57,1353.0,2,49644,87452,1362.64,164270,-1.57
2021-06-16 15:15:00,1354.0,1,49649,87433,1362.64,164271,-1.5
2021-06-16 15:15:03,1354.0,1,49651,87421,1362.64,164271,-1.5
2021-06-16 15:15:06,1354.0,1,49659,87418,1362.64,164271,-1.5
2021-06-16 15:15:07,1353.25,5,49659,87418,1362.64,164271,-1.55
2021-06-16 15:15:10,1353.25,5,49655,87420,1362.64,164276,-1.55
2021-06-16 15:15:13,1353.25,5,49731,87420,1362.64,164276,-1.55
2021-06-16 15:15:15,1354.85,34,49731,87420,1362.64,164276,-1.43
2021-06-16 15:15:15,1353.3,1,49731,87420,1362.64,164276,-1.55
2021-06-16 15:15:16,1353.3,1,49784,87206,1362.62,164541,-1.55
2021-06-16 15:15:20,1355.0,83,49703,86563,1362.62,164641,-1.42
2021-06-16 15:15:24,1355.0,83,49695,86563,1362.62,164641,-1.42
2021-06-16 15:15:27,1355.0,83,49750,86558,1362.62,164641,-1.42
2021-06-16 15:15:30,1355.0,10,49750,86558,1362.62,164641,-1.42
2021-06-16 15:15:31,1355.0,10,49750,86550,1362.62,164651,-1.42
2021-06-16 15:15:37,1355.0,10,49750,86597,1362.62,164651,-1.42
2021-06-16 15:15:41,1355.0,10,49753,86598,1362.62,164651,-1.42
2021-06-16 15:15:43,1355.1,12,49753,86598,1362.62,164651,-1.42
2021-06-16 15:15:44,1355.1,12,49964,86561,1362.61,164713,-1.42
2021-06-16 15:15:48,1355.1,16,48099,86628,1362.43,167753,-1.42
2021-06-16 15:15:51,1355.1,16,48117,86762,1362.43,167753,-1.42
2021-06-16 15:15:54,1355.1,16,48321,86761,1362.43,167753,-1.42
2021-06-16 15:15:56,1353.5,4,48321,86761,1362.43,167753,-1.53
2021-06-16 15:15:58,1353.5,4,48332,86791,1362.43,167758,-1.53
2021-06-16 15:16:01,1353.5,4,48333,86791,1362.43,167758,-1.53
2021-06-16 15:16:05,1355.0,10,46702,86655,1362.42,168029,-1.42
2021-06-16 15:16:08,1355.0,10,46734,86751,1362.42,168029,-1.42
2021-06-16 15:16:09,1355.1,3,46734,86751,1362.42,168029,-1.42
2021-06-16 15:16:09,1355.1,97,46734,86751,1362.42,168029,-1.42
2021-06-16 15:16:10,1355.15,1,46734,86751,1362.42,168029,-1.41
2021-06-16 15:16:12,1355.15,1,46797,86597,1362.41,168131,-1.41
2021-06-16 15:16:15,1355.15,1,46798,86597,1362.41,168131,-1.41
2021-06-16 15:16:18,1355.45,3,46798,86597,1362.41,168131,-1.39
2021-06-16 15:16:19,1355.45,3,46796,86560,1362.41,168135,-1.39
2021-06-16 15:16:21,1355.25,1,46796,86560,1362.41,168135,-1.4
2021-06-16 15:16:22,1355.25,1,46798,86569,1362.41,168160,-1.4
2021-06-16 15:16:25,1355.25,1,46801,82535,1362.41,168160,-1.4
2021-06-16 15:16:28,1355.25,1,46801,82554,1362.41,168160,-1.4
2021-06-16 15:16:31,1355.25,1,46800,82555,1362.41,168160,-1.4
2021-06-16 15:16:35,1355.25,1,46795,82540,1362.41,168160,-1.4
2021-06-16 15:16:37,1355.15,10,46795,82540,1362.41,168160,-1.41
2021-06-16 15:16:38,1355.15,10,46797,82587,1362.41,168170,-1.41
2021-06-16 15:16:42,1355.15,10,46807,82590,1362.41,168170,-1.41
2021-06-16 15:16:44,1355.05,2,46807,82590,1362.41,168170,-1.42
2021-06-16 15:16:45,1355.05,2,46800,82593,1362.41,168172,-1.42
2021-06-16 15:16:46,1355.05,6,46800,82593,1362.41,168172,-1.42
2021-06-16 15:16:48,1355.05,6,46873,82494,1362.41,168178,-1.42
2021-06-16 15:16:53,1355.05,2,46872,82492,1362.41,168180,-1.42
2021-06-16 15:16:54,1356.7,11,46872,82492,1362.41,168180,-1.3
2021-06-16 15:16:55,1356.7,11,46868,82419,1362.41,168212,-1.3
2021-06-16 15:16:56,1358.25,13,46868,82419,1362.41,168212,-1.19
2021-06-16 15:16:57,1358.15,5,46868,82419,1362.41,168212,-1.19
2021-06-16 15:16:58,1358.15,5,46851,82454,1362.41,168325,-1.19
2021-06-16 15:16:59,1355.0,4,46851,82454,1362.41,168325,-1.42
2021-06-16 15:17:02,1355.0,4,46878,82495,1362.4,168425,-1.42
2021-06-16 15:17:05,1355.0,4,46878,82494,1362.4,168425,-1.42
2021-06-16 15:17:12,1355.0,4,46918,82444,1362.4,168425,-1.42
2021-06-16 15:17:15,1355.0,4,46908,82444,1362.4,168425,-1.42
2021-06-16 15:17:17,1355.0,24,46908,82444,1362.4,168425,-1.42
2021-06-16 15:17:18,1355.0,24,46869,82469,1362.4,168500,-1.42
2021-06-16 15:17:19,1355.0,3,46869,82469,1362.4,168500,-1.42
2021-06-16 15:17:22,1355.0,3,46945,82480,1362.4,168508,-1.42
2021-06-16 15:17:25,1355.0,3,46945,82530,1362.4,168508,-1.42
2021-06-16 15:17:26,1356.35,8,46945,82530,1362.4,168508,-1.32
2021-06-16 15:17:27,1356.35,1,46945,82530,1362.4,168508,-1.32
2021-06-16 15:17:28,1357.0,6,46933,82518,1362.4,168614,-1.28
2021-06-16 15:17:30,1357.0,7,46933,82518,1362.4,168614,-1.28
2021-06-16 15:17:31,1357.05,2,46933,82518,1362.4,168614,-1.27
2021-06-16 15:17:31,1357.0,12,46963,82458,1362.39,168735,-1.28
2021-06-16 15:17:34,1357.0,12,46965,82458,1362.39,168735,-1.28
2021-06-16 15:17:37,1357.0,3,46965,82458,1362.39,168735,-1.28
2021-06-16 15:17:38,1358.0,40,46962,82456,1362.39,168738,-1.2
2021-06-16 15:17:40,1358.0,4,46962,82456,1362.39,168738,-1.2
2021-06-16 15:17:41,1358.0,4,46958,82364,1362.39,168822,-1.2
2021-06-16 15:17:42,1358.0,3,46958,82364,1362.39,168822,-1.2
2021-06-16 15:17:45,1358.0,3,46956,82363,1362.39,168832,-1.2
2021-06-16 15:17:46,1358.0,2,46956,82363,1362.39,168832,-1.2
2021-06-16 15:17:48,1359.5,78,46909,82316,1362.38,169125,-1.09
2021-06-16 15:17:48,1360.0,100,46909,82316,1362.38,169125,-1.06
2021-06-16 15:17:51,1360.0,100,46883,82121,1362.38,169402,-1.06
2021-06-16 15:17:55,1360.0,1,46883,82121,1362.38,169402,-1.06
2021-06-16 15:17:56,1360.0,25,46883,82121,1362.38,169402,-1.06
2021-06-16 15:17:57,1360.0,25,46874,82145,1362.38,169498,-1.06
2021-06-16 15:17:58,1360.05,24,46874,82145,1362.38,169498,-1.05
2021-06-16 15:18:00,1360.0,1,46874,82145,1362.38,169498,-1.06
2021-06-16 15:18:01,1360.0,2,46945,82085,1362.37,169715,-1.06
2021-06-16 15:18:04,1361.0,1,46938,81961,1362.37,169939,-0.99
2021-06-16 15:18:05,1360.0,3,46938,81961,1362.37,169939,-1.06
2021-06-16 15:18:07,1357.05,1,46898,82093,1362.37,169983,-1.27
2021-06-16 15:18:10,1357.05,1,46899,82139,1362.37,169985,-1.27
2021-06-16 15:18:14,1357.05,1,46865,82113,1362.37,169985,-1.27
2021-06-16 15:18:17,1357.05,1,46878,82122,1362.37,169985,-1.27
2021-06-16 15:18:20,1356.05,1,46878,82122,1362.37,169985,-1.35
2021-06-16 15:18:21,1356.05,1,46878,82125,1362.37,169986,-1.35
2021-06-16 15:18:22,1359.4,24,46878,82125,1362.37,169986,-1.1
2021-06-16 15:18:24,1359.4,24,46883,82084,1362.37,170021,-1.1
2021-06-16 15:18:25,1356.5,1,46883,82084,1362.37,170021,-1.31
2021-06-16 15:18:27,1356.5,1,46653,82160,1362.34,170675,-1.31
2021-06-16 15:18:31,1356.5,1,46645,82181,1362.34,170675,-1.31
2021-06-16 15:18:33,1353.8,4,46645,82181,1362.34,170675,-1.51
2021-06-16 15:18:35,1353.8,4,46650,82152,1362.34,170685,-1.51
2021-06-16 15:18:39,1353.8,4,46658,82186,1362.34,170685,-1.51
2021-06-16 15:18:40,1353.95,10,46658,82186,1362.34,170685,-1.5
2021-06-16 15:18:42,1353.95,10,46644,82257,1362.34,170715,-1.5
2021-06-16 15:18:43,1355.8,1,46644,82257,1362.34,170715,-1.36
2021-06-16 15:18:45,1355.8,1,46639,82290,1362.34,170717,-1.36
2021-06-16 15:18:48,1355.8,1,46691,82287,1362.34,170717,-1.36
2021-06-16 15:18:49,1354.0,4,46691,82287,1362.34,170717,-1.5
2021-06-16 15:18:51,1354.0,4,46692,82282,1362.34,170722,-1.5
2021-06-16 15:18:54,1354.15,5,46692,82282,1362.34,170722,-1.48
2021-06-16 15:18:54,1355.8,1,46675,82127,1362.34,170729,-1.36
2021-06-16 15:18:58,1355.8,1,46690,82127,1362.34,170729,-1.36
2021-06-16 15:19:00,1354.2,51,46690,82127,1362.34,170729,-1.48
2021-06-16 15:19:01,1354.2,51,46683,82125,1362.34,170829,-1.48
2021-06-16 15:19:03,1353.25,5,46683,82125,1362.34,170829,-1.55
2021-06-16 15:19:04,1353.25,5,46686,82134,1362.34,170834,-1.55
2021-06-16 15:19:07,1353.25,5,46684,82102,1362.34,170834,-1.55
2021-06-16 15:19:09,1353.0,15,46684,82102,1362.34,170834,-1.57
2021-06-16 15:19:10,1353.0,10,46684,82102,1362.34,170834,-1.57
2021-06-16 15:19:11,1353.0,10,46493,82222,1362.32,171094,-1.57
2021-06-16 15:19:14,1353.85,1,46493,82222,1362.32,171094,-1.51
2021-06-16 15:19:15,1353.85,1,46473,82153,1362.32,171156,-1.51
2021-06-16 15:19:18,1353.85,1,46443,82152,1362.32,171156,-1.51
2021-06-16 15:19:19,1352.55,9,46443,82152,1362.32,171156,-1.6
2021-06-16 15:19:21,1352.55,9,46437,82209,1362.32,171166,-1.6
2021-06-16 15:19:24,1352.55,9,46392,82267,1362.32,171166,-1.6
2021-06-16 15:19:25,1354.85,65,46392,82267,1362.32,171166,-1.43
2021-06-16 15:19:28,1354.85,65,46545,82103,1362.31,171416,-1.43
2021-06-16 15:19:29,1355.0,21,46545,82103,1362.31,171416,-1.42
2021-06-16 15:19:30,1352.5,1,46545,82103,1362.31,171416,-1.6
2021-06-16 15:19:31,1352.05,2,46420,81974,1362.3,171587,-1.64
2021-06-16 15:19:34,1352.05,2,46074,81882,1362.3,171607,-1.64
2021-06-16 15:19:39,1352.0,4,46074,81880,1362.3,171607,-1.64
2021-06-16 15:19:43,1352.0,4,46035,81882,1362.3,171617,-1.64
2021-06-16 15:19:46,1352.0,4,46071,81880,1362.3,171617,-1.64
2021-06-16 15:19:50,1352.0,4,46019,81899,1362.3,171617,-1.64
2021-06-16 15:19:54,1352.0,4,46015,81899,1362.3,171617,-1.64
2021-06-16 15:19:57,1352.0,4,46065,81899,1362.3,171617,-1.64
2021-06-16 15:20:01,1353.05,1,46037,81971,1362.29,171638,-1.56
2021-06-16 15:20:03,1353.35,1,46037,81971,1362.29,171638,-1.54
2021-06-16 15:20:04,1353.35,1,46096,81836,1362.29,171683,-1.54
2021-06-16 15:20:06,1353.75,38,46096,81836,1362.29,171683,-1.51
2021-06-16 15:20:09,1353.75,38,46146,80732,1362.29,171722,-1.51
2021-06-16 15:20:13,1353.75,38,46210,80799,1362.29,171722,-1.51
2021-06-16 15:20:15,1354.5,50,46210,80799,1362.29,171722,-1.46
2021-06-16 15:20:17,1354.5,50,46235,80798,1362.29,171787,-1.46
2021-06-16 15:20:21,1353.35,24,46235,80798,1362.29,171787,-1.54
2021-06-16 15:20:22,1353.35,24,46347,80798,1362.29,171812,-1.54
2021-06-16 15:20:26,1353.35,24,46239,80807,1362.29,171812,-1.54
2021-06-16 15:20:27,1354.55,44,46239,80807,1362.29,171812,-1.46
2021-06-16 15:20:28,1353.55,49,46239,80807,1362.29,171812,-1.53
2021-06-16 15:20:30,1353.85,7,46239,80807,1362.29,171812,-1.51
2021-06-16 15:20:30,1353.85,7,46178,80722,1362.28,171958,-1.51
2021-06-16 15:20:32,1358.0,2,46178,80722,1362.28,171958,-1.2
2021-06-16 15:20:34,1358.0,2,46086,80462,1362.27,172108,-1.2
2021-06-16 15:20:39,1358.0,2,46103,80462,1362.27,172108,-1.2
2021-06-16 15:20:42,1358.0,2,46107,80223,1362.27,172108,-1.2
2021-06-16 15:20:46,1358.0,2,45946,80218,1362.27,172108,-1.2
2021-06-16 15:20:50,1355.4,14,45841,79790,1362.27,172184,-1.39
2021-06-16 15:20:51,1355.5,5,45841,79790,1362.27,172184,-1.39
2021-06-16 15:20:55,1355.25,16,45841,79790,1362.27,172184,-1.4
2021-06-16 15:20:56,1352.7,7,45841,79790,1362.27,172184,-1.59
2021-06-16 15:20:57,1355.5,44,45841,79790,1362.27,172184,-1.39
2021-06-16 15:20:58,1352.85,1,45841,79790,1362.27,172184,-1.58
2021-06-16 15:20:59,1352.85,1,44525,77824,1362.26,172526,-1.58
2021-06-16 15:21:03,1352.15,38,44525,77824,1362.26,172526,-1.63
2021-06-16 15:21:03,1352.15,38,43883,76757,1362.25,172626,-1.63
2021-06-16 15:21:07,1352.15,38,43905,76758,1362.25,172626,-1.63
2021-06-16 15:21:10,1355.6,131,43905,76758,1362.25,172626,-1.38
2021-06-16 15:21:12,1355.6,131,43927,73970,1362.24,172766,-1.38
2021-06-16 15:21:16,1355.75,3,43945,73964,1362.24,172776,-1.37
2021-06-16 15:21:21,1355.75,3,43962,73919,1362.24,172776,-1.37
2021-06-16 15:21:24,1355.65,5,43962,73919,1362.24,172776,-1.37
2021-06-16 15:21:25,1355.65,5,43965,73920,1362.24,172781,-1.37
2021-06-16 15:21:25,1353.05,5,43965,73920,1362.24,172781,-1.56
2021-06-16 15:21:27,1350.9,5,43965,73920,1362.24,172781,-1.72
2021-06-16 15:21:27,1350.95,2,43965,73920,1362.24,172781,-1.72
2021-06-16 15:21:28,1346.65,4,43965,73920,1362.24,172781,-2.03
2021-06-16 15:21:29,1350.1,10,43965,73920,1362.24,172781,-1.78
2021-06-16 15:21:30,1350.1,10,39908,73925,1361.94,177233,-1.78
2021-06-16 15:21:31,1350.85,1,39908,73925,1361.94,177233,-1.72
2021-06-16 15:21:34,1350.85,1,39757,73925,1361.94,177234,-1.72
2021-06-16 15:21:35,1346.6,27,39757,73925,1361.94,177234,-2.03
2021-06-16 15:21:36,1347.8,4,39757,73925,1361.94,177234,-1.95
2021-06-16 15:21:37,1352.9,1,39757,73925,1361.94,177234,-1.58
2021-06-16 15:21:38,1350.0,2,38907,73932,1361.91,177607,-1.79
2021-06-16 15:21:42,1350.9,1,38907,73932,1361.91,177607,-1.72
2021-06-16 15:21:43,1350.9,1,38894,73936,1361.91,177609,-1.72
2021-06-16 15:21:47,1350.9,1,39054,73973,1361.91,177609,-1.72
2021-06-16 15:21:50,1349.0,1,39054,73973,1361.91,177609,-1.86
2021-06-16 15:21:51,1347.1,1,39054,73973,1361.91,177609,-2.0
2021-06-16 15:21:52,1347.1,1,38995,74447,1361.91,177702,-2.0
2021-06-16 15:21:56,1347.1,1,39001,74547,1361.91,177702,-2.0
2021-06-16 15:21:58,1349.35,1,39001,74547,1361.91,177702,-1.83
2021-06-16 15:21:58,1349.95,1,39001,74547,1361.91,177702,-1.79
2021-06-16 15:22:00,1349.35,1,38971,74534,1361.91,177722,-1.83
2021-06-16 15:22:01,1348.45,10,38971,74534,1361.91,177722,-1.9
2021-06-16 15:22:03,1348.85,5,38971,74534,1361.91,177722,-1.87
2021-06-16 15:22:03,1349.05,3,38971,74534,1361.91,177722,-1.86
2021-06-16 15:22:04,1347.15,4,39205,74617,1361.89,177973,-1.99
2021-06-16 15:22:05,1347.1,100,39205,74617,1361.89,177973,-2.0
2021-06-16 15:22:06,1347.05,16,39205,74617,1361.89,177973,-2.0
2021-06-16 15:22:08,1347.05,16,39074,74632,1361.88,178089,-2.0
2021-06-16 15:22:09,1347.1,1,39074,74632,1361.88,178089,-2.0
2021-06-16 15:22:10,1347.05,6,39074,74632,1361.88,178089,-2.0
2021-06-16 15:22:12,1349.85,2,39145,74519,1361.84,178600,-1.8
2021-06-16 15:22:18,1347.3,1,39335,74549,1361.84,178621,-1.98
2021-06-16 15:22:22,1347.3,1,39397,74538,1361.84,178621,-1.98
2021-06-16 15:22:25,1349.8,1,39397,74538,1361.84,178621,-1.8
2021-06-16 15:22:25,1349.8,1,39436,74550,1361.84,178626,-1.8
2021-06-16 15:22:29,1349.8,1,39446,74550,1361.84,178626,-1.8
2021-06-16 15:22:31,1349.8,45,39446,74550,1361.84,178626,-1.8
2021-06-16 15:22:33,1347.55,1,39390,74532,1361.84,178673,-1.96
2021-06-16 15:22:36,1347.55,1,39191,74539,1361.84,178673,-1.96
2021-06-16 15:22:39,1349.0,5,39191,74539,1361.84,178673,-1.86
2021-06-16 15:22:40,1349.0,5,39279,74541,1361.84,178678,-1.86
2021-06-16 15:22:43,1349.0,5,39290,74541,1361.84,178678,-1.86
2021-06-16 15:22:46,1349.0,1,39290,74541,1361.84,178678,-1.86
2021-06-16 15:22:47,1349.0,1,39279,74535,1361.83,178700,-1.86
2021-06-16 15:22:55,1349.95,6,39329,74520,1361.83,178700,-1.79
2021-06-16 15:22:56,1349.0,1,39329,74520,1361.83,178700,-1.86
2021-06-16 15:22:58,1349.0,1,39328,74914,1361.83,178707,-1.86
2021-06-16 15:23:02,1349.0,1,39331,75314,1361.83,178707,-1.86
2021-06-16 15:23:03,1350.0,33,39331,75314,1361.83,178707,-1.79
2021-06-16 15:23:06,1350.0,33,39331,75396,1361.83,178773,-1.79
2021-06-16 15:23:11,1350.0,33,39622,75599,1361.83,178773,-1.79
2021-06-16 15:23:15,1349.05,1,39625,75699,1361.83,178774,-1.86
2021-06-16 15:23:16,1349.05,25,39625,75699,1361.83,178774,-1.86
2021-06-16 15:23:18,1350.0,73,39625,75699,1361.83,178774,-1.79
2021-06-16 15:23:19,1350.0,73,39626,75963,1361.82,178899,-1.79
2021-06-16 15:23:23,1348.0,38,39626,75963,1361.82,178899,-1.93
2021-06-16 15:23:24,1348.0,38,39573,76067,1361.81,178999,-1.93
2021-06-16 15:23:25,1350.0,788,39573,76067,1361.81,178999,-1.79
2021-06-16 15:23:28,1350.0,9,39573,76067,1361.81,178999,-1.79
2021-06-16 15:23:28,1350.0,10,39573,76067,1361.81,178999,-1.79
2021-06-16 15:23:29,1348.0,65,39573,76067,1361.81,178999,-1.93
2021-06-16 15:23:32,1348.0,65,39514,75470,1361.75,179949,-1.93
2021-06-16 15:23:34,1350.0,4,39514,75470,1361.75,179949,-1.79
2021-06-16 15:23:36,1350.0,13,39541,75483,1361.75,179999,-1.79
2021-06-16 15:23:38,1348.75,1,39541,75483,1361.75,179999,-1.88
2021-06-16 15:23:40,1348.75,1,39551,75425,1361.74,180051,-1.88
2021-06-16 15:23:43,1348.1,1,39551,75425,1361.74,180051,-1.92
2021-06-16 15:23:45,1348.1,1,39554,75529,1361.74,180056,-1.92
2021-06-16 15:23:46,1349.8,1,39554,75529,1361.74,180056,-1.8
2021-06-16 15:23:49,1349.8,1,39559,75479,1361.74,180061,-1.8
2021-06-16 15:23:53,1349.8,1,39563,75441,1361.74,180061,-1.8
2021-06-16 15:23:56,1350.0,10,39563,75441,1361.74,180061,-1.79
2021-06-16 15:23:57,1350.0,10,39583,75423,1361.74,180081,-1.79
2021-06-16 15:24:01,1350.0,100,39580,75323,1361.73,180181,-1.79
2021-06-16 15:24:03,1350.0,1,39580,75323,1361.73,180181,-1.79
2021-06-16 15:24:05,1349.0,11,39580,75323,1361.73,180181,-1.86
2021-06-16 15:24:06,1349.0,11,39628,75375,1361.73,180228,-1.86
2021-06-16 15:24:08,1348.0,168,39628,75375,1361.73,180228,-1.93
2021-06-16 15:24:09,1348.95,1,39628,75375,1361.73,180228,-1.86
2021-06-16 15:24:10,1348.95,1,39334,75419,1361.7,180588,-1.86
2021-06-16 15:24:19,1348.95,1,39344,75619,1361.7,180588,-1.86
2021-06-16 15:24:20,1348.55,30,39344,75619,1361.7,180588,-1.89
2021-06-16 15:24:23,1348.55,30,39356,75739,1361.7,180618,-1.89
2021-06-16 15:24:25,1348.55,10,39356,75739,1361.7,180618,-1.89
2021-06-16 15:24:27,1349.0,10,39356,75739,1361.7,180618,-1.86
2021-06-16 15:24:27,1349.0,10,39344,75709,1361.7,180648,-1.86
2021-06-16 15:24:30,1348.5,96,39344,75709,1361.7,180648,-1.9
2021-06-16 15:24:31,1348.5,96,39250,75819,1361.68,180944,-1.9
2021-06-16 15:24:36,1348.5,96,39250,75713,1361.68,180944,-1.9
2021-06-16 15:24:40,1348.5,96,39250,76014,1361.68,180944,-1.9
2021-06-16 15:24:43,1348.5,81,39250,76014,1361.68,180944,-1.9
2021-06-16 15:24:43,1348.5,70,39250,76014,1361.68,180944,-1.9
2021-06-16 15:24:45,1348.5,70,39336,76137,1361.67,181117,-1.9
2021-06-16 15:24:47,1348.5,10,39336,76137,1361.67,181117,-1.9
2021-06-16 15:24:49,1348.5,10,39332,76257,1361.67,181127,-1.9
2021-06-16 15:24:51,1349.0,200,39332,76257,1361.67,181127,-1.86
2021-06-16 15:24:53,1349.0,200,39122,76479,1361.65,181327,-1.86
2021-06-16 15:24:57,1348.65,2,39130,76669,1361.65,181329,-1.88
2021-06-16 15:25:01,1348.65,3,39130,76669,1361.65,181329,-1.88
2021-06-16 15:25:02,1348.65,3,39090,76991,1361.65,181337,-1.88
2021-06-16 15:25:04,1348.65,8,39090,76991,1361.65,181337,-1.88
2021-06-16 15:25:06,1348.65,8,39090,77136,1361.65,181345,-1.88
2021-06-16 15:25:11,1348.5,10,39078,59331,1361.65,181347,-1.9
2021-06-16 15:25:13,1348.5,13,39078,59331,1361.65,181347,-1.9
2021-06-16 15:25:13,1348.5,31,39078,59331,1361.65,181347,-1.9
2021-06-16 15:25:15,1348.6,8,39005,59774,1361.64,181547,-1.89
2021-06-16 15:25:17,1348.6,2,39005,59774,1361.64,181547,-1.89
2021-06-16 15:25:18,1348.6,7,39005,59774,1361.64,181547,-1.89
2021-06-16 15:25:19,1348.6,7,38988,59758,1361.63,181664,-1.89
2021-06-16 15:25:21,1348.6,35,38988,59758,1361.63,181664,-1.89
2021-06-16 15:25:22,1348.65,10,38988,59758,1361.63,181664,-1.88
2021-06-16 15:25:24,1348.65,2,38998,59731,1361.62,181711,-1.88
2021-06-16 15:25:27,1348.65,8,38998,59731,1361.62,181711,-1.88
2021-06-16 15:25:28,1348.65,8,38998,60111,1361.62,181731,-1.88
2021-06-16 15:25:31,1348.6,1,38998,60111,1361.62,181731,-1.89
2021-06-16 15:25:32,1348.65,10,39204,60108,1361.62,181745,-1.88
2021-06-16 15:25:33,1348.7,6,39204,60108,1361.62,181745,-1.88
2021-06-16 15:25:34,1349.0,13,39204,60108,1361.62,181745,-1.86
2021-06-16 15:25:36,1349.0,20,39204,60108,1361.62,181745,-1.86
2021-06-16 15:25:36,1349.0,20,39215,60053,1361.61,181900,-1.86
2021-06-16 15:25:40,1349.0,20,39215,60173,1361.61,181900,-1.86
2021-06-16 15:25:43,1348.6,32,39215,60173,1361.61,181900,-1.89
2021-06-16 15:25:43,1348.6,100,39215,60173,1361.61,181900,-1.89
2021-06-16 15:25:44,1349.0,100,39215,60173,1361.61,181900,-1.86
2021-06-16 15:25:45,1349.0,100,39217,60159,1361.59,182147,-1.86
2021-06-16 15:25:49,1348.3,1,38977,60212,1361.57,182448,-1.91
2021-06-16 15:25:50,1348.25,11,38977,60212,1361.57,182448,-1.91
2021-06-16 15:25:52,1348.5,3,38977,60212,1361.57,182448,-1.9
2021-06-16 15:25:54,1348.5,3,38963,60410,1361.57,182464,-1.9
2021-06-16 15:25:55,1348.0,10,38963,60410,1361.57,182464,-1.93
2021-06-16 15:25:57,1348.0,128,38963,60410,1361.57,182464,-1.93
2021-06-16 15:25:57,1348.0,20,38963,60410,1361.57,182464,-1.93
2021-06-16 15:25:58,1348.0,20,38752,60428,1361.53,182969,-1.93
2021-06-16 15:26:02,1348.0,75,38762,60448,1361.53,182969,-1.93
2021-06-16 15:26:04,1348.0,10,38762,60448,1361.53,182969,-1.93
2021-06-16 15:26:06,1348.0,10,38727,60450,1361.53,183079,-1.93
2021-06-16 15:26:09,1347.55,11,38727,60450,1361.53,183079,-1.96
2021-06-16 15:26:10,1348.0,5,38701,60569,1361.52,183099,-1.93
2021-06-16 15:26:12,1348.0,10,38701,60569,1361.52,183099,-1.93
2021-06-16 15:26:13,1348.0,421,38701,60569,1361.52,183099,-1.93
2021-06-16 15:26:15,1348.0,421,38734,60631,1361.49,183614,-1.93
2021-06-16 15:26:19,1348.0,421,38734,60687,1361.49,183614,-1.93
2021-06-16 15:26:24,1347.5,61,38695,60717,1361.48,183714,-1.97
2021-06-16 15:26:24,1348.0,5,38695,60717,1361.48,183714,-1.93
2021-06-16 15:26:26,1347.55,50,38695,60717,1361.48,183714,-1.96
2021-06-16 15:26:27,1347.0,10,38695,60717,1361.48,183714,-2.0
2021-06-16 15:26:27,1347.0,1,38695,60717,1361.48,183714,-2.0
2021-06-16 15:26:31,1347.0,1,37057,60661,1361.46,183946,-2.0
2021-06-16 15:26:32,1347.0,1,37067,60660,1361.46,183947,-2.0
2021-06-16 15:26:35,1347.0,25,37067,60660,1361.46,183947,-2.0
2021-06-16 15:26:36,1347.0,25,37042,60635,1361.46,183972,-2.0
2021-06-16 15:26:37,1346.6,5,37042,60635,1361.46,183972,-2.03
2021-06-16 15:26:39,1346.6,15,37042,60635,1361.46,183972,-2.03
2021-06-16 15:26:40,1346.6,15,37023,60635,1361.46,183992,-2.03
2021-06-16 15:26:42,1346.5,37,37023,60635,1361.46,183992,-2.04
2021-06-16 15:26:42,1345.1,69,37023,60635,1361.46,183992,-2.14
2021-06-16 15:26:43,1345.05,9,37023,60635,1361.46,183992,-2.15
2021-06-16 15:26:45,1346.5,10,36545,60389,1361.41,184516,-2.04
2021-06-16 15:26:49,1346.0,50,36545,60389,1361.41,184516,-2.08
2021-06-16 15:26:49,1346.0,50,36427,60578,1361.41,184566,-2.08
2021-06-16 15:26:51,1346.0,11,36427,60578,1361.41,184566,-2.08
2021-06-16 15:26:54,1346.0,11,36290,60597,1361.41,184585,-2.08
2021-06-16 15:26:57,1345.15,1,36290,60597,1361.41,184585,-2.14
2021-06-16 15:26:57,1345.15,1,36290,60639,1361.41,184586,-2.14
2021-06-16 15:27:01,1345.15,1,36291,60617,1361.41,184586,-2.14
2021-06-16 15:27:03,1345.0,50,36291,60617,1361.41,184586,-2.15
2021-06-16 15:27:04,1345.4,4,36291,60617,1361.41,184586,-2.12
2021-06-16 15:27:06,1346.0,24,36188,60478,1361.39,184767,-2.08
2021-06-16 15:27:06,1346.0,10,36188,60478,1361.39,184767,-2.08
2021-06-16 15:27:07,1345.45,1,36188,60478,1361.39,184767,-2.12
2021-06-16 15:27:10,1345.45,1,36183,60468,1361.39,184778,-2.12
2021-06-16 15:27:10,1346.0,7,36183,60468,1361.39,184778,-2.08
2021-06-16 15:27:12,1345.0,42,36183,60468,1361.39,184778,-2.15
2021-06-16 15:27:14,1345.0,42,36099,60347,1361.37,185042,-2.15
2021-06-16 15:27:18,1345.0,4,36179,60347,1361.37,185042,-2.15
2021-06-16 15:27:20,1345.0,2,36179,60347,1361.37,185042,-2.15
2021-06-16 15:27:21,1346.1,6,36179,60347,1361.37,185042,-2.07
2021-06-16 15:27:22,1346.1,6,35744,60269,1361.34,185406,-2.07
2021-06-16 15:27:24,1347.4,3,35744,60269,1361.34,185406,-1.98
2021-06-16 15:27:26,1347.4,3,35769,60275,1361.32,185573,-1.98
2021-06-16 15:27:27,1346.5,191,35769,60275,1361.32,185573,-2.04
2021-06-16 15:27:30,1346.5,191,35800,60285,1361.3,185873,-2.04
2021-06-16 15:27:31,1348.8,5,35800,60285,1361.3,185873,-1.87
2021-06-16 15:27:34,1346.5,45,35800,60285,1361.3,185873,-2.04
2021-06-16 15:27:34,1347.0,6,35819,60768,1361.29,185960,-2.0
2021-06-16 15:27:37,1347.35,2,35819,60768,1361.29,185960,-1.98
2021-06-16 15:27:39,1346.5,30,35819,60768,1361.29,185960,-2.04
2021-06-16 15:27:39,1346.5,30,35856,60793,1361.29,186019,-2.04
2021-06-16 15:27:43,1346.5,30,35840,60796,1361.29,186019,-2.04
2021-06-16 15:27:46,1346.0,31,35840,60796,1361.29,186019,-2.08
2021-06-16 15:27:47,1346.0,30,35741,60779,1361.28,186119,-2.08
2021-06-16 15:27:51,1346.0,30,35822,60829,1361.28,186149,-2.08
2021-06-16 15:27:53,1347.4,42,35822,60829,1361.28,186149,-1.98
2021-06-16 15:27:54,1345.0,30,35822,60829,1361.28,186149,-2.15
2021-06-16 15:27:54,1345.0,30,35486,60395,1361.24,186599,-2.15
2021-06-16 15:27:55,1347.0,1,35486,60395,1361.24,186599,-2.0
2021-06-16 15:27:56,1345.0,3,35486,60395,1361.24,186599,-2.15
2021-06-16 15:27:58,1345.0,3,35487,60456,1361.24,186619,-2.15
2021-06-16 15:27:59,1345.0,10,35487,60456,1361.24,186619,-2.15
2021-06-16 15:28:01,1344.45,5,35487,60456,1361.24,186619,-2.19
2021-06-16 15:28:01,1344.45,5,35423,60399,1361.22,186853,-2.19
2021-06-16 15:28:02,1344.95,5,35423,60399,1361.22,186853,-2.15
2021-06-16 15:28:03,1345.0,59,35423,60399,1361.22,186853,-2.15
2021-06-16 15:28:04,1345.0,46,35423,60399,1361.22,186853,-2.15
2021-06-16 15:28:06,1345.0,46,34477,60278,1361.21,186979,-2.15
2021-06-16 15:28:06,1345.0,150,34477,60278,1361.21,186979,-2.15
2021-06-16 15:28:08,1345.0,63,34477,60278,1361.21,186979,-2.15
2021-06-16 15:28:10,1345.0,63,33301,59928,1361.18,187329,-2.15
2021-06-16 15:28:11,1345.0,88,33301,59928,1361.18,187329,-2.15
2021-06-16 15:28:13,1345.0,50,33301,59928,1361.18,187329,-2.15
2021-06-16 15:28:14,1345.0,50,33284,59725,1361.15,187652,-2.15
2021-06-16 15:28:16,1345.0,96,33284,59725,1361.15,187652,-2.15
2021-06-16 15:28:16,1345.0,175,33284,59725,1361.15,187652,-2.15
2021-06-16 15:28:17,1344.35,1,33284,59725,1361.15,187652,-2.2
2021-06-16 15:28:18,1344.35,1,32944,59344,1361.1,188249,-2.2
2021-06-16 15:28:19,1345.0,2,32944,59344,1361.1,188249,-2.15
2021-06-16 15:28:20,1344.95,10,32944,59344,1361.1,188249,-2.15
2021-06-16 15:28:21,1345.0,9,32731,59207,1361.04,188818,-2.15
2021-06-16 15:28:22,1344.95,5,32731,59207,1361.04,188818,-2.15
2021-06-16 15:28:24,1345.0,50,32731,59207,1361.04,188818,-2.15
2021-06-16 15:28:25,1344.95,1,32725,59263,1361.03,188884,-2.15
2021-06-16 15:28:28,1340.1,71,32512,58956,1361.02,189043,-2.51
2021-06-16 15:28:28,1344.9,13,32512,58956,1361.02,189043,-2.16
2021-06-16 15:28:29,1344.95,3,32512,58956,1361.02,189043,-2.15
2021-06-16 15:28:30,1340.05,3,32512,58956,1361.02,189043,-2.51
2021-06-16 15:28:31,1344.0,1,32512,58956,1361.02,189043,-2.22
2021-06-16 15:28:32,1340.0,5,32500,58721,1360.99,189326,-2.51
2021-06-16 15:28:33,1344.05,2,32500,58721,1360.99,189326,-2.22
2021-06-16 15:28:34,1342.0,97,32500,58721,1360.99,189326,-2.37
2021-06-16 15:28:35,1344.95,3,32500,58721,1360.99,189326,-2.15
2021-06-16 15:28:36,1344.95,3,12488,58409,1360.95,189724,-2.15
2021-06-16 15:28:40,1344.95,3,12045,58118,1360.95,189724,-2.15
2021-06-16 15:28:43,1341.25,81,12045,58118,1360.95,189724,-2.42
2021-06-16 15:28:43,1341.25,81,12062,57945,1360.93,189924,-2.42
2021-06-16 15:28:45,1342.15,1,12062,57945,1360.93,189924,-2.36
2021-06-16 15:28:45,1342.35,11,12062,57945,1360.93,189924,-2.34
2021-06-16 15:28:47,1342.35,11,12091,57943,1360.93,189937,-2.34
2021-06-16 15:28:49,1344.0,17,12091,57943,1360.93,189937,-2.22
2021-06-16 15:28:51,1344.0,17,12112,57927,1360.93,189987,-2.22
2021-06-16 15:28:51,1341.55,21,12112,57927,1360.93,189987,-2.4
2021-06-16 15:28:53,1344.0,8,12112,57927,1360.93,189987,-2.22
2021-06-16 15:28:54,1344.0,8,12317,57886,1360.92,190048,-2.22
2021-06-16 15:28:56,1344.95,6,12317,57886,1360.92,190048,-2.15
2021-06-16 15:28:58,1344.05,1,12327,57880,1360.92,190055,-2.22
2021-06-16 15:28:58,1344.0,20,12327,57880,1360.92,190055,-2.22
2021-06-16 15:29:00,1342.0,28,12327,57880,1360.92,190055,-2.37
2021-06-16 15:29:01,1342.0,28,12463,57896,1360.91,190166,-2.37
2021-06-16 15:29:06,1344.95,15,12490,57868,1360.91,190214,-2.15
2021-06-16 15:29:07,1345.0,50,12490,57868,1360.91,190214,-2.15
2021-06-16 15:29:10,1342.05,6,12449,57818,1360.9,190264,-2.36
2021-06-16 15:29:10,1345.0,18,12449,57818,1360.9,190264,-2.15
2021-06-16 15:29:11,1343.95,8,12449,57818,1360.9,190264,-2.23
2021-06-16 15:29:13,1342.05,168,12449,57818,1360.9,190264,-2.36
2021-06-16 15:29:13,1343.95,3,12169,57497,1360.86,190715,-2.23
2021-06-16 15:29:15,1341.5,14,12169,57497,1360.86,190715,-2.4
2021-06-16 15:29:16,1340.5,54,12169,57497,1360.86,190715,-2.48
2021-06-16 15:29:16,1340.5,190,12169,57497,1360.86,190715,-2.48
2021-06-16 15:29:17,1340.5,190,11969,57102,1360.82,191120,-2.48
2021-06-16 15:29:18,1343.95,2,11969,57102,1360.82,191120,-2.23
2021-06-16 15:29:19,1340.0,37,11969,57102,1360.82,191120,-2.51
2021-06-16 15:29:19,1342.0,90,11969,57102,1360.82,191120,-2.37
2021-06-16 15:29:20,1340.0,21,11969,57102,1360.82,191120,-2.51
2021-06-16 15:29:21,1340.0,21,11678,56706,1360.77,191560,-2.51
2021-06-16 15:29:22,1340.0,42,11678,56706,1360.77,191560,-2.51
2021-06-16 15:29:24,1342.95,5,11678,56706,1360.77,191560,-2.3
2021-06-16 15:29:25,1338.0,4,11413,56236,1360.71,192111,-2.66
2021-06-16 15:29:26,1342.15,1,11413,56236,1360.71,192111,-2.36
2021-06-16 15:29:27,1342.95,2,11413,56236,1360.71,192111,-2.3
2021-06-16 15:29:27,1340.1,66,11413,56236,1360.71,192111,-2.51
2021-06-16 15:29:28,1340.1,1,11437,56034,1360.67,192521,-2.51
2021-06-16 15:29:29,1339.1,16,11437,56034,1360.67,192521,-2.58
2021-06-16 15:29:31,1339.95,1,11437,56034,1360.67,192521,-2.52
2021-06-16 15:29:31,1340.0,16,11437,56034,1360.67,192521,-2.51
2021-06-16 15:29:33,1340.0,20,11415,55246,1360.57,193478,-2.51
2021-06-16 15:29:34,1340.0,10,11415,55246,1360.57,193478,-2.51
2021-06-16 15:29:35,1339.0,84,11415,55246,1360.57,193478,-2.59
2021-06-16 15:29:37,1340.0,16,11311,55042,1360.54,193708,-2.51
2021-06-16 15:29:39,1340.0,1,11311,55042,1360.54,193708,-2.51
2021-06-16 15:29:40,1340.0,6,11311,55042,1360.54,193708,-2.51
2021-06-16 15:29:40,1340.0,6,11709,54836,1360.51,193970,-2.51
2021-06-16 15:29:42,1340.0,80,11709,54836,1360.51,193970,-2.51
2021-06-16 15:29:43,1340.0,1,11709,54836,1360.51,193970,-2.51
2021-06-16 15:29:44,1339.95,15,11709,54836,1360.51,193970,-2.52
2021-06-16 15:29:45,1339.95,15,11765,53524,1360.5,194066,-2.52
2021-06-16 15:29:46,1338.1,1,11765,53524,1360.5,194066,-2.65
2021-06-16 15:29:47,1340.0,50,11765,53524,1360.5,194066,-2.51
2021-06-16 15:29:48,1340.0,3,11765,53524,1360.5,194066,-2.51
2021-06-16 15:29:49,1340.0,4,11476,53504,1360.49,194139,-2.51
2021-06-16 15:29:51,1340.0,97,11476,53504,1360.49,194139,-2.51
2021-06-16 15:29:52,1340.0,92,11476,53504,1360.49,194139,-2.51
2021-06-16 15:29:52,1340.0,45,11277,53539,1360.46,194417,-2.51
2021-06-16 15:29:54,1340.0,5,11277,53539,1360.46,194417,-2.51
2021-06-16 15:29:55,1338.0,1,11277,53539,1360.46,194417,-2.66
2021-06-16 15:29:58,1338.0,25,11218,53559,1360.45,194515,-2.66
2021-06-16 15:29:58,1340.0,5,11218,53559,1360.45,194515,-2.51
2021-06-16 15:30:00,1340.0,5,11248,53314,1360.42,194765,-2.51
2021-06-16 15:31:22,1350.85,5,0,0,1360.42,194765,-1.72
2021-06-16 15:40:00,1350.85,5,0,410,1360.42,194765,-1.72
2021-06-16 15:40:01,1350.85,2,0,410,1360.42,194765,-1.72
