2021-06-15 06:40:36,S,646.55,10,1635
2021-06-15 09:00:03,S,653.0,1,35
2021-06-15 09:00:03,S,656.4,1,100
2021-06-15 09:00:03,S,646.55,1,70
2021-06-15 09:00:03,S,640.6,1,5
2021-06-15 09:00:03,S,640.0,1,5
2021-06-15 09:00:03,S,0.0,1,2
2021-06-15 09:00:11,S,650.15,2,440
2021-06-15 09:00:11,S,652.95,1,1
2021-06-15 09:00:11,S,646.55,3,103
2021-06-15 09:00:18,S,646.55,4,105
2021-06-15 09:00:38,S,645.0,1,5
2021-06-15 09:00:53,S,643.0,1,2
2021-06-15 09:01:24,S,650.0,1,1
2021-06-15 09:01:29,S,645.0,2,9
2021-06-15 09:01:29,S,0.0,2,5
2021-06-15 09:01:42,S,646.55,5,107
2021-06-15 09:01:46,S,645.05,2,100
2021-06-15 09:02:15,S,646.55,6,109
2021-06-15 09:02:37,S,0.0,0,0
2021-06-15 09:02:42,S,0.0,3,105
2021-06-15 09:03:13,S,646.55,1,314
2021-06-15 09:03:13,S,650.0,1,100
2021-06-15 09:03:42,S,0.0,4,305
2021-06-15 09:03:51,S,0.0,1,4
2021-06-15 09:05:38,S,0.0,5,330
2021-06-15 09:05:53,S,650.1,1,50
2021-06-15 09:07:01,S,655.0,1,10
2021-06-15 09:07:07,S,640.0,1,1
2021-06-15 09:07:07,S,645.0,2,355
2021-06-15 09:07:07,S,646.0,1,1
2021-06-15 09:07:07,S,0.0,1,3
2021-06-15 09:07:07,S,659.5,1,3
2021-06-15 09:07:07,S,657.7,1,5
2021-06-15 09:07:07,S,655.0,2,35
2021-06-15 09:07:07,S,0.0,6,340
2021-06-15 09:15:00,S,647.0,2,550
2021-06-15 09:15:00,S,649.8,1,150
2021-06-15 09:15:00,S,649.85,1,3
2021-06-15 09:15:00,S,649.95,3,60
2021-06-15 09:15:00,S,646.55,9,130
2021-06-15 09:15:00,S,646.15,1,100
2021-06-15 09:15:00,S,646.0,2,11
2021-06-15 09:15:10,S,645.9,1,72
2021-06-15 09:15:10,S,646.0,1,168
2021-06-15 09:15:10,S,645.1,1,84
2021-06-15 09:15:10,S,645.0,3,14
2021-06-15 09:15:10,S,644.15,2,150
2021-06-15 09:15:10,S,644.1,1,99
2021-06-15 09:15:18,S,646.55,1,10
2021-06-15 09:15:18,S,647.0,2,545
2021-06-15 09:15:18,S,648.45,2,2
2021-06-15 09:15:18,S,648.5,1,18
2021-06-15 09:15:18,S,645.7,2,113
2021-06-15 09:15:18,S,645.3,2,2
2021-06-15 09:15:18,S,645.25,1,48
2021-06-15 09:15:18,S,645.05,4,145
2021-06-15 09:15:29,S,647.0,4,283
2021-06-15 09:15:29,S,648.35,1,86
2021-06-15 09:15:29,S,648.4,3,3
2021-06-15 09:15:29,S,648.65,1,75
2021-06-15 09:15:29,S,646.55,1,55
2021-06-15 09:15:29,S,646.5,1,84
2021-06-15 09:15:29,S,646.45,2,150
2021-06-15 09:15:29,S,646.2,2,50
2021-06-15 09:15:32,S,647.9,1,9
2021-06-15 09:15:32,S,648.2,1,49
2021-06-15 09:15:32,S,648.45,1,61
2021-06-15 09:15:32,S,648.65,4,123
2021-06-15 09:15:32,S,648.7,1,250
2021-06-15 09:15:32,S,647.5,1,84
2021-06-15 09:15:32,S,647.45,1,75
2021-06-15 09:15:32,S,647.35,1,5
2021-06-15 09:15:32,S,647.25,1,45
2021-06-15 09:15:32,S,647.0,1,5
2021-06-15 09:15:40,S,647.95,1,16
2021-06-15 09:15:40,S,648.2,1,6
2021-06-15 09:15:40,S,648.5,1,84
2021-06-15 09:15:40,S,648.6,1,82
2021-06-15 09:15:40,S,647.7,1,84
2021-06-15 09:15:40,S,647.65,2,150
2021-06-15 09:15:40,S,647.55,1,33
2021-06-15 09:15:52,S,648.7,1,197
2021-06-15 09:15:52,S,649.35,1,35
2021-06-15 09:15:52,S,649.4,1,66
2021-06-15 09:15:52,S,649.5,1,6
2021-06-15 09:15:52,S,649.55,1,6
2021-06-15 09:15:52,S,648.2,1,84
2021-06-15 09:15:52,S,648.15,2,150
2021-06-15 09:15:52,S,648.05,1,48
2021-06-15 09:15:52,S,648.0,1,46
2021-06-15 09:15:52,S,647.9,1,100
2021-06-15 09:16:01,S,648.05,2,98
2021-06-15 09:16:01,S,648.1,2,24
2021-06-15 09:16:01,S,648.15,1,18
2021-06-15 09:16:01,S,647.95,1,20
2021-06-15 09:16:01,S,647.35,1,23
2021-06-15 09:16:01,S,647.3,1,46
2021-06-15 09:16:01,S,647.2,2,150
2021-06-15 09:16:01,S,647.15,1,301
2021-06-15 09:16:05,S,648.9,1,2
2021-06-15 09:16:05,S,649.6,1,84
2021-06-15 09:16:05,S,649.65,1,75
2021-06-15 09:16:05,S,648.7,1,448
2021-06-15 09:16:05,S,647.75,1,27
2021-06-15 09:16:05,S,647.6,1,13
2021-06-15 09:16:15,S,649.0,1,9
2021-06-15 09:16:15,S,649.2,1,48
2021-06-15 09:16:15,S,649.3,1,84
2021-06-15 09:16:15,S,648.75,1,75
2021-06-15 09:16:15,S,648.7,1,348
2021-06-15 09:16:15,S,648.6,2,72
2021-06-15 09:16:15,S,648.55,1,28
2021-06-15 09:16:15,S,648.1,1,27
2021-06-15 09:16:21,S,647.45,1,84
2021-06-15 09:16:21,S,647.6,1,49
2021-06-15 09:16:21,S,646.9,1,20
2021-06-15 09:16:21,S,646.65,2,63
2021-06-15 09:16:21,S,646.4,2,32
2021-06-15 09:16:27,S,647.25,2,98
2021-06-15 09:16:27,S,647.3,2,56
2021-06-15 09:16:27,S,647.8,1,4
2021-06-15 09:16:27,S,646.6,2,21
2021-06-15 09:16:27,S,646.35,1,30
2021-06-15 09:16:27,S,646.1,2,56
2021-06-15 09:16:36,S,646.65,1,12
2021-06-15 09:16:36,S,646.7,1,17
2021-06-15 09:16:36,S,646.85,3,49
2021-06-15 09:16:36,S,646.15,1,9
2021-06-15 09:16:36,S,646.1,2,109
2021-06-15 09:16:36,S,646.05,1,9
2021-06-15 09:16:42,S,647.1,2,112
2021-06-15 09:16:42,S,647.15,1,75
2021-06-15 09:16:42,S,647.2,1,4
2021-06-15 09:16:42,S,647.25,2,43
2021-06-15 09:16:42,S,647.35,1,75
2021-06-15 09:16:42,S,646.4,1,84
2021-06-15 09:16:42,S,646.35,2,18
2021-06-15 09:16:42,S,646.2,1,28
2021-06-15 09:16:51,S,646.5,2,84
2021-06-15 09:16:51,S,646.55,2,110
2021-06-15 09:16:51,S,646.7,1,4
2021-06-15 09:16:51,S,647.0,1,28
2021-06-15 09:16:51,S,646.05,2,43
2021-06-15 09:16:51,S,645.9,2,85
2021-06-15 09:16:51,S,645.8,1,15
2021-06-15 09:16:55,S,647.35,2,49
2021-06-15 09:16:55,S,647.75,3,9
2021-06-15 09:16:55,S,646.65,3,86
2021-06-15 09:16:55,S,646.45,2,216
2021-06-15 09:16:55,S,646.2,3,52
2021-06-15 09:16:58,S,647.2,2,49
2021-06-15 09:17:10,S,647.3,3,66
2021-06-15 09:17:10,S,647.35,1,60
2021-06-15 09:17:10,S,647.5,1,28
2021-06-15 09:17:10,S,646.75,3,60
2021-06-15 09:17:10,S,646.5,4,186
2021-06-15 09:17:13,S,646.95,1,70
2021-06-15 09:17:13,S,647.2,1,14
2021-06-15 09:17:13,S,647.25,1,28
2021-06-15 09:17:13,S,647.3,1,56
2021-06-15 09:17:13,S,646.65,1,16
2021-06-15 09:17:13,S,646.6,1,42
2021-06-15 09:17:13,S,646.55,2,58
2021-06-15 09:17:13,S,646.45,1,200
2021-06-15 09:17:24,S,647.4,1,240
2021-06-15 09:17:24,S,647.55,1,17
2021-06-15 09:17:24,S,647.7,2,74
2021-06-15 09:17:24,S,647.75,1,24
2021-06-15 09:17:24,S,647.3,1,23
2021-06-15 09:17:24,S,647.0,1,25
2021-06-15 09:17:24,S,646.9,2,70
2021-06-15 09:17:24,S,646.85,1,30
2021-06-15 09:17:24,S,646.8,2,73
2021-06-15 09:17:30,S,648.25,2,70
2021-06-15 09:17:30,S,648.3,1,65
2021-06-15 09:17:30,S,649.1,2,4
2021-06-15 09:17:30,S,647.55,1,28
2021-06-15 09:17:30,S,647.4,2,90
2021-06-15 09:17:30,S,647.2,1,28
2021-06-15 09:17:30,S,647.15,1,2
2021-06-15 09:17:44,S,647.95,2,41
2021-06-15 09:17:44,S,648.0,2,56
2021-06-15 09:17:44,S,648.25,2,98
2021-06-15 09:17:44,S,647.4,1,30
2021-06-15 09:17:44,S,647.35,1,1
2021-06-15 09:17:44,S,647.25,1,3
2021-06-15 09:17:44,S,647.2,1,2
2021-06-15 09:17:49,S,647.9,2,46
2021-06-15 09:17:49,S,647.95,1,19
2021-06-15 09:17:49,S,648.0,2,93
2021-06-15 09:17:49,S,648.05,1,46
2021-06-15 09:17:49,S,648.2,1,30
2021-06-15 09:17:49,S,647.35,2,22
2021-06-15 09:17:49,S,647.3,1,2
2021-06-15 09:17:49,S,647.1,1,20
2021-06-15 09:17:56,S,648.35,1,25
2021-06-15 09:17:56,S,648.65,1,28
2021-06-15 09:17:56,S,648.8,2,50
2021-06-15 09:17:56,S,648.05,1,21
2021-06-15 09:17:56,S,648.0,1,77
2021-06-15 09:17:56,S,647.9,1,48
2021-06-15 09:17:56,S,647.85,1,2
2021-06-15 09:18:01,S,649.3,2,58
2021-06-15 09:18:01,S,649.35,1,28
2021-06-15 09:18:01,S,649.45,1,46
2021-06-15 09:18:01,S,649.5,1,35
2021-06-15 09:18:01,S,648.6,2,98
2021-06-15 09:18:01,S,648.5,2,86
2021-06-15 09:18:01,S,648.25,1,75
2021-06-15 09:18:08,S,649.3,2,95
2021-06-15 09:18:08,S,649.35,2,56
2021-06-15 09:18:08,S,649.4,1,9
2021-06-15 09:18:08,S,649.5,2,85
2021-06-15 09:18:08,S,649.7,1,9
2021-06-15 09:18:08,S,648.65,2,96
2021-06-15 09:18:08,S,648.6,2,93
2021-06-15 09:18:08,S,648.5,1,11
2021-06-15 09:18:08,S,648.1,1,28
2021-06-15 09:18:18,S,649.35,1,65
2021-06-15 09:18:18,S,649.4,1,28
2021-06-15 09:18:18,S,649.45,1,28
2021-06-15 09:18:18,S,649.5,1,30
2021-06-15 09:18:18,S,649.75,4,162
2021-06-15 09:18:18,S,648.7,1,21
2021-06-15 09:18:18,S,648.6,2,53
2021-06-15 09:18:18,S,648.55,1,45
2021-06-15 09:18:18,S,648.4,1,28
2021-06-15 09:18:18,S,648.55,1,16
2021-06-15 09:18:28,S,649.15,2,51
2021-06-15 09:18:28,S,649.2,1,20
2021-06-15 09:18:28,S,649.25,1,28
2021-06-15 09:18:28,S,649.35,1,61
2021-06-15 09:18:28,S,648.65,1,46
2021-06-15 09:18:28,S,648.5,1,21
2021-06-15 09:18:37,S,649.0,2,450
2021-06-15 09:18:37,S,649.15,1,28
2021-06-15 09:18:37,S,649.2,1,18
2021-06-15 09:18:37,S,649.25,2,58
2021-06-15 09:18:37,S,649.3,1,100
2021-06-15 09:18:37,S,648.35,2,49
2021-06-15 09:18:37,S,648.3,3,77
2021-06-15 09:18:37,S,648.25,1,46
2021-06-15 09:18:37,S,648.05,3,180
2021-06-15 09:18:37,S,648.0,3,1347
2021-06-15 09:18:43,S,648.7,1,30
2021-06-15 09:18:43,S,648.75,1,21
2021-06-15 09:18:43,S,648.8,1,30
2021-06-15 09:18:43,S,648.0,1,498
2021-06-15 09:18:43,S,647.85,2,56
2021-06-15 09:18:43,S,647.8,1,3
2021-06-15 09:18:43,S,647.65,1,1
2021-06-15 09:18:49,S,648.8,1,21
2021-06-15 09:18:49,S,648.85,1,19
2021-06-15 09:18:49,S,648.05,5,169
2021-06-15 09:18:49,S,648.0,2,546
2021-06-15 09:18:49,S,647.6,1,15
2021-06-15 09:18:49,S,647.5,1,23
2021-06-15 09:18:55,S,648.9,2,51
2021-06-15 09:18:55,S,649.0,2,300
2021-06-15 09:18:55,S,649.15,1,1
2021-06-15 09:18:55,S,649.2,1,28
2021-06-15 09:18:55,S,648.25,1,48
2021-06-15 09:18:55,S,648.15,1,28
2021-06-15 09:18:55,S,648.05,2,150
2021-06-15 09:18:55,S,648.0,2,1498
2021-06-15 09:19:03,S,648.9,2,36
2021-06-15 09:19:03,S,648.95,2,76
2021-06-15 09:19:03,S,649.0,3,540
2021-06-15 09:19:03,S,649.05,1,19
2021-06-15 09:19:03,S,649.1,1,28
2021-06-15 09:19:03,S,648.35,1,46
2021-06-15 09:19:03,S,648.3,2,36
2021-06-15 09:19:03,S,648.05,1,75
2021-06-15 09:19:16,S,648.85,1,21
2021-06-15 09:19:16,S,648.9,2,34
2021-06-15 09:19:16,S,648.95,4,109
2021-06-15 09:19:16,S,649.0,4,566
2021-06-15 09:19:16,S,649.1,1,24
2021-06-15 09:19:16,S,648.5,1,90
2021-06-15 09:19:16,S,648.25,1,21
2021-06-15 09:19:16,S,648.2,1,28
2021-06-15 09:19:16,S,648.05,2,103
2021-06-15 09:19:20,S,647.9,4,91
2021-06-15 09:19:20,S,647.95,1,28
2021-06-15 09:19:20,S,648.25,1,27
2021-06-15 09:19:20,S,647.4,2,229
2021-06-15 09:19:28,S,647.85,2,47
2021-06-15 09:19:28,S,647.9,1,28
2021-06-15 09:19:28,S,647.95,3,148
2021-06-15 09:19:28,S,648.05,1,27
2021-06-15 09:19:28,S,647.4,1,199
2021-06-15 09:19:28,S,647.2,1,15
2021-06-15 09:19:28,S,647.15,1,4
2021-06-15 09:19:28,S,647.1,1,50
2021-06-15 09:19:32,S,647.75,2,51
2021-06-15 09:19:32,S,647.8,3,131
2021-06-15 09:19:32,S,647.85,2,89
2021-06-15 09:19:32,S,648.0,1,355
2021-06-15 09:19:32,S,648.05,2,73
2021-06-15 09:19:32,S,647.05,2,49
2021-06-15 09:19:32,S,647.0,1,15
2021-06-15 09:19:32,S,646.7,5,177
2021-06-15 09:19:40,S,647.05,1,50
2021-06-15 09:19:40,S,647.4,1,10
2021-06-15 09:19:40,S,647.55,1,21
2021-06-15 09:19:40,S,647.6,2,56
2021-06-15 09:19:40,S,647.65,1,30
2021-06-15 09:19:40,S,647.0,1,20
2021-06-15 09:19:40,S,646.65,2,156
2021-06-15 09:19:40,S,646.6,1,28
2021-06-15 09:19:40,S,646.55,1,75
2021-06-15 09:19:46,S,647.85,1,28
2021-06-15 09:19:46,S,647.9,4,42
2021-06-15 09:19:46,S,647.15,2,46
2021-06-15 09:19:46,S,647.1,1,12
2021-06-15 09:19:46,S,647.0,2,120
2021-06-15 09:19:54,S,647.75,2,95
2021-06-15 09:19:54,S,647.8,1,74
2021-06-15 09:19:54,S,647.9,1,29
2021-06-15 09:19:54,S,647.95,4,42
2021-06-15 09:19:54,S,647.1,3,74
2021-06-15 09:19:54,S,647.05,3,148
2021-06-15 09:19:54,S,647.0,4,167
2021-06-15 09:19:54,S,646.85,1,29
2021-06-15 09:19:54,S,646.7,2,81
2021-06-15 09:20:01,S,647.8,1,77
2021-06-15 09:20:01,S,647.95,3,133
2021-06-15 09:20:01,S,648.0,2,365
2021-06-15 09:20:01,S,648.25,3,14
2021-06-15 09:20:01,S,647.3,1,16
2021-06-15 09:20:01,S,647.25,1,46
2021-06-15 09:20:01,S,647.15,1,28
2021-06-15 09:20:01,S,647.05,2,128
2021-06-15 09:20:07,S,648.0,1,400
2021-06-15 09:20:07,S,648.25,2,74
2021-06-15 09:20:07,S,648.3,4,43
2021-06-15 09:20:07,S,648.35,1,28
2021-06-15 09:20:07,S,647.8,1,59
2021-06-15 09:20:07,S,647.75,1,20
2021-06-15 09:20:07,S,647.65,1,41
2021-06-15 09:20:07,S,647.55,1,42
2021-06-15 09:20:07,S,647.5,1,30
2021-06-15 09:20:11,S,648.0,1,255
2021-06-15 09:20:11,S,648.25,1,28
2021-06-15 09:20:11,S,648.3,1,28
2021-06-15 09:20:11,S,648.4,3,109
2021-06-15 09:20:11,S,648.55,3,14
2021-06-15 09:20:11,S,647.4,1,42
2021-06-15 09:20:11,S,647.35,1,28
2021-06-15 09:20:11,S,647.25,1,75
2021-06-15 09:20:11,S,647.2,2,105
2021-06-15 09:20:18,S,648.0,1,182
2021-06-15 09:20:18,S,648.3,2,69
2021-06-15 09:20:18,S,648.35,3,14
2021-06-15 09:20:18,S,648.45,1,28
2021-06-15 09:20:18,S,647.8,1,50
2021-06-15 09:20:18,S,647.75,1,100
2021-06-15 09:20:18,S,647.65,1,50
2021-06-15 09:20:18,S,647.5,1,42
2021-06-15 09:20:18,S,647.45,1,28
2021-06-15 09:20:22,S,646.95,5,296
2021-06-15 09:20:22,S,647.0,1,708
2021-06-15 09:20:22,S,646.65,1,108
2021-06-15 09:20:22,S,646.45,1,28
2021-06-15 09:20:22,S,646.3,1,42
2021-06-15 09:20:30,S,646.9,1,42
2021-06-15 09:20:30,S,646.95,2,104
2021-06-15 09:20:30,S,647.0,2,747
2021-06-15 09:20:30,S,647.05,1,28
2021-06-15 09:20:30,S,647.1,1,28
2021-06-15 09:20:30,S,646.65,1,78
2021-06-15 09:20:30,S,646.5,3,310
2021-06-15 09:20:30,S,646.2,1,29
2021-06-15 09:20:30,S,646.05,2,105
2021-06-15 09:20:38,S,646.55,4,149
2021-06-15 09:20:38,S,646.6,2,54
2021-06-15 09:20:38,S,646.75,1,6
2021-06-15 09:20:38,S,645.8,1,16
2021-06-15 09:20:38,S,645.65,1,42
2021-06-15 09:20:38,S,645.6,2,75
2021-06-15 09:20:38,S,645.45,3,12
2021-06-15 09:20:44,S,646.45,3,41
2021-06-15 09:20:44,S,646.5,2,67
2021-06-15 09:20:44,S,646.65,1,28
2021-06-15 09:20:44,S,646.9,1,57
2021-06-15 09:20:44,S,645.8,1,1
2021-06-15 09:20:44,S,645.4,1,29
2021-06-15 09:20:48,S,646.45,1,54
2021-06-15 09:20:48,S,646.65,3,38
2021-06-15 09:20:48,S,646.7,2,58
2021-06-15 09:20:48,S,646.75,2,75
2021-06-15 09:20:48,S,646.95,1,75
2021-06-15 09:20:48,S,646.0,3,135
2021-06-15 09:20:48,S,645.8,2,43
2021-06-15 09:20:48,S,645.75,2,59
2021-06-15 09:20:48,S,645.4,4,54
2021-06-15 09:20:57,S,646.7,1,28
2021-06-15 09:20:57,S,646.8,1,28
2021-06-15 09:20:57,S,646.85,1,46
2021-06-15 09:20:57,S,646.95,2,150
2021-06-15 09:20:57,S,646.05,1,42
2021-06-15 09:20:57,S,646.0,3,225
2021-06-15 09:20:57,S,645.75,1,29
2021-06-15 09:20:57,S,645.7,1,10
2021-06-15 09:20:57,S,645.5,2,80
2021-06-15 09:21:00,S,647.65,3,72
2021-06-15 09:21:00,S,647.7,1,28
2021-06-15 09:21:00,S,647.8,1,28
2021-06-15 09:21:00,S,647.1,1,16
2021-06-15 09:21:00,S,647.0,2,356
2021-06-15 09:21:00,S,646.2,2,56
2021-06-15 09:21:07,S,647.65,4,160
2021-06-15 09:21:07,S,647.7,2,8
2021-06-15 09:21:07,S,647.75,1,54
2021-06-15 09:21:07,S,647.85,1,32
2021-06-15 09:21:07,S,647.95,1,3
2021-06-15 09:21:07,S,647.05,3,180
2021-06-15 09:21:07,S,647.0,2,345
2021-06-15 09:21:07,S,646.95,1,47
2021-06-15 09:21:07,S,646.6,1,29
2021-06-15 09:21:07,S,646.4,1,29
2021-06-15 09:21:16,S,647.35,5,87
2021-06-15 09:21:16,S,647.4,1,48
2021-06-15 09:21:16,S,647.55,1,2
2021-06-15 09:21:16,S,647.6,2,4
2021-06-15 09:21:16,S,647.65,2,85
2021-06-15 09:21:16,S,646.15,2,76
2021-06-15 09:21:16,S,646.1,1,2
2021-06-15 09:21:16,S,646.0,4,244
2021-06-15 09:21:19,S,647.5,1,500
2021-06-15 09:21:19,S,647.1,1,35
2021-06-15 09:21:19,S,647.05,2,55
2021-06-15 09:21:19,S,646.1,3,6
2021-06-15 09:21:24,S,647.8,1,7
2021-06-15 09:21:24,S,647.9,1,75
2021-06-15 09:21:24,S,647.95,3,151
2021-06-15 09:21:24,S,647.5,1,397
2021-06-15 09:21:24,S,647.2,1,35
2021-06-15 09:21:24,S,647.05,2,53
2021-06-15 09:21:24,S,647.0,1,1
2021-06-15 09:21:33,S,647.9,1,60
2021-06-15 09:21:33,S,647.95,1,7
2021-06-15 09:21:33,S,648.0,1,393
2021-06-15 09:21:33,S,648.05,1,42
2021-06-15 09:21:33,S,647.6,1,100
2021-06-15 09:21:33,S,647.55,1,50
2021-06-15 09:21:33,S,647.5,2,447
2021-06-15 09:21:33,S,647.3,1,35
2021-06-15 09:21:33,S,647.25,1,2
2021-06-15 09:21:41,S,648.15,3,56
2021-06-15 09:21:41,S,648.2,1,46
2021-06-15 09:21:41,S,648.4,2,96
2021-06-15 09:21:41,S,648.55,3,3
2021-06-15 09:21:41,S,647.5,4,277
2021-06-15 09:21:41,S,647.15,2,11
2021-06-15 09:21:41,S,647.05,1,45
2021-06-15 09:21:45,S,648.15,1,27
2021-06-15 09:21:45,S,648.2,1,32
2021-06-15 09:21:45,S,648.25,2,14
2021-06-15 09:21:45,S,648.45,1,29
2021-06-15 09:21:45,S,647.9,1,10
2021-06-15 09:21:45,S,647.65,2,90
2021-06-15 09:21:45,S,647.55,1,8
2021-06-15 09:21:45,S,647.5,6,275
2021-06-15 09:21:45,S,647.45,1,109
2021-06-15 09:21:53,S,648.5,3,43
2021-06-15 09:21:53,S,648.55,1,49
2021-06-15 09:21:53,S,648.7,1,29
2021-06-15 09:21:53,S,648.95,5,206
2021-06-15 09:21:53,S,647.7,2,50
2021-06-15 09:21:53,S,647.55,4,7
2021-06-15 09:21:53,S,647.5,3,269
2021-06-15 09:21:53,S,647.0,1,29
2021-06-15 09:22:00,S,648.1,3,89
2021-06-15 09:22:00,S,648.15,1,150
2021-06-15 09:22:00,S,648.35,1,75
2021-06-15 09:22:00,S,648.5,1,46
2021-06-15 09:22:00,S,647.55,2,50
2021-06-15 09:22:00,S,647.2,3,6
2021-06-15 09:22:07,S,648.15,1,139
2021-06-15 09:22:07,S,648.3,2,14
2021-06-15 09:22:07,S,648.4,2,128
2021-06-15 09:22:07,S,648.7,1,46
2021-06-15 09:22:07,S,647.6,3,70
2021-06-15 09:22:07,S,647.55,3,6
2021-06-15 09:22:07,S,647.5,2,80
2021-06-15 09:22:13,S,648.1,3,56
2021-06-15 09:22:13,S,648.3,1,29
2021-06-15 09:22:13,S,648.35,2,150
2021-06-15 09:22:13,S,648.4,2,95
2021-06-15 09:22:13,S,647.6,1,46
2021-06-15 09:22:14,S,648.15,2,97
2021-06-15 09:22:14,S,648.3,1,7
2021-06-15 09:22:14,S,648.1,1,37
2021-06-15 09:22:14,S,647.6,1,42
2021-06-15 09:22:14,S,647.35,1,48
2021-06-15 09:22:25,S,648.55,1,105
2021-06-15 09:22:25,S,648.8,1,47
2021-06-15 09:22:25,S,648.1,2,83
2021-06-15 09:22:25,S,647.75,1,42
2021-06-15 09:22:25,S,647.7,1,48
2021-06-15 09:22:25,S,647.5,2,55
2021-06-15 09:22:25,S,647.35,5,43
2021-06-15 09:22:30,S,647.85,6,235
2021-06-15 09:22:30,S,647.95,1,75
2021-06-15 09:22:30,S,648.0,1,1500
2021-06-15 09:22:30,S,648.35,3,27
2021-06-15 09:22:30,S,647.3,1,1
2021-06-15 09:22:30,S,647.15,1,10
2021-06-15 09:22:30,S,646.5,2,146
2021-06-15 09:22:36,S,647.35,1,42
2021-06-15 09:22:36,S,647.4,4,133
2021-06-15 09:22:36,S,647.5,1,46
2021-06-15 09:22:36,S,647.95,1,94
2021-06-15 09:22:36,S,646.65,1,46
2021-06-15 09:22:36,S,646.55,2,82
2021-06-15 09:22:39,S,647.35,2,90
2021-06-15 09:22:39,S,647.45,2,14
2021-06-15 09:22:39,S,646.65,2,53
2021-06-15 09:22:39,S,646.55,2,150
2021-06-15 09:22:51,S,647.35,3,97
2021-06-15 09:22:51,S,647.4,1,2
2021-06-15 09:22:51,S,647.45,1,7
2021-06-15 09:22:51,S,647.7,1,46
2021-06-15 09:22:51,S,647.05,1,42
2021-06-15 09:22:51,S,646.65,3,128
2021-06-15 09:22:51,S,646.5,2,147
2021-06-15 09:22:57,S,647.55,1,14
2021-06-15 09:22:57,S,647.2,1,40
2021-06-15 09:22:57,S,646.8,1,7
2021-06-15 09:23:02,S,647.6,2,33
2021-06-15 09:23:02,S,647.65,1,42
2021-06-15 09:23:02,S,647.2,1,5
2021-06-15 09:23:02,S,647.15,1,53
2021-06-15 09:23:02,S,647.05,3,196
2021-06-15 09:23:02,S,646.95,1,50
2021-06-15 09:23:15,S,647.55,2,56
2021-06-15 09:23:15,S,647.6,1,19
2021-06-15 09:23:15,S,647.8,1,29
2021-06-15 09:23:15,S,647.0,4,162
2021-06-15 09:23:15,S,646.9,2,54
2021-06-15 09:23:15,S,646.85,2,149
2021-06-15 09:23:21,S,647.9,1,23
2021-06-15 09:23:21,S,647.95,2,95
2021-06-15 09:23:21,S,648.0,2,1529
2021-06-15 09:23:21,S,648.2,2,8
2021-06-15 09:23:21,S,648.25,2,75
2021-06-15 09:23:21,S,647.55,1,280
2021-06-15 09:23:21,S,647.3,1,42
2021-06-15 09:23:21,S,647.2,1,46
2021-06-15 09:23:23,S,647.55,1,23
2021-06-15 09:23:23,S,647.6,1,1
2021-06-15 09:23:23,S,647.7,2,14
2021-06-15 09:23:23,S,647.2,1,42
2021-06-15 09:23:34,S,647.45,3,50
2021-06-15 09:23:34,S,647.5,1,147
2021-06-15 09:23:34,S,647.55,1,5
2021-06-15 09:23:34,S,647.15,1,19
2021-06-15 09:23:34,S,647.05,2,150
2021-06-15 09:23:34,S,646.8,1,29
2021-06-15 09:23:35,S,647.15,1,100
2021-06-15 09:23:35,S,646.85,1,103
2021-06-15 09:23:46,S,647.45,1,70
2021-06-15 09:23:46,S,647.5,1,7
2021-06-15 09:23:46,S,647.55,2,43
2021-06-15 09:23:46,S,647.75,1,45
2021-06-15 09:23:46,S,647.15,1,70
2021-06-15 09:23:46,S,647.05,1,75
2021-06-15 09:23:46,S,647.0,5,212
2021-06-15 09:23:46,S,646.75,1,48
2021-06-15 09:23:46,S,646.65,2,82
2021-06-15 09:23:49,S,646.95,3,95
2021-06-15 09:23:49,S,647.0,1,396
2021-06-15 09:23:49,S,647.2,2,8
2021-06-15 09:23:49,S,647.25,1,29
2021-06-15 09:23:49,S,647.4,1,75
2021-06-15 09:23:56,S,646.95,2,45
2021-06-15 09:23:56,S,647.05,1,7
2021-06-15 09:23:56,S,647.1,1,1
2021-06-15 09:23:56,S,647.25,1,48
2021-06-15 09:23:56,S,646.6,1,150
2021-06-15 09:23:56,S,646.55,1,42
2021-06-15 09:23:56,S,646.3,1,29
2021-06-15 09:24:05,S,646.95,5,206
2021-06-15 09:24:05,S,646.5,2,110
2021-06-15 09:24:05,S,646.25,1,98
2021-06-15 09:24:10,S,646.95,5,209
2021-06-15 09:24:10,S,647.0,2,521
2021-06-15 09:24:10,S,647.15,1,46
2021-06-15 09:24:10,S,647.2,1,29
2021-06-15 09:24:10,S,647.4,1,29
2021-06-15 09:24:10,S,646.5,1,100
2021-06-15 09:24:10,S,646.4,2,47
2021-06-15 09:24:10,S,646.35,1,25
2021-06-15 09:24:10,S,646.0,8,208
2021-06-15 09:24:10,S,645.9,1,1
2021-06-15 09:24:17,S,646.7,1,42
2021-06-15 09:24:17,S,646.75,1,7
2021-06-15 09:24:17,S,646.95,3,229
2021-06-15 09:24:17,S,646.05,2,89
2021-06-15 09:24:17,S,646.0,7,162
2021-06-15 09:24:17,S,645.9,3,60
2021-06-15 09:24:17,S,645.85,1,75
2021-06-15 09:24:24,S,645.95,3,95
2021-06-15 09:24:24,S,646.6,3,39
2021-06-15 09:24:24,S,646.65,1,4
2021-06-15 09:24:30,S,645.8,2,39
2021-06-15 09:24:30,S,645.95,3,234
2021-06-15 09:24:30,S,645.0,10,1339
2021-06-15 09:24:30,S,644.55,3,6
2021-06-15 09:24:37,S,645.75,2,63
2021-06-15 09:24:37,S,645.8,1,500
2021-06-15 09:24:37,S,645.9,1,46
2021-06-15 09:24:37,S,645.95,1,130
2021-06-15 09:24:37,S,645.05,2,43
2021-06-15 09:24:37,S,645.0,11,1364
2021-06-15 09:24:37,S,644.9,1,47
2021-06-15 09:24:38,S,645.8,1,336
2021-06-15 09:24:38,S,645.0,8,1016
2021-06-15 09:24:38,S,644.9,2,75
2021-06-15 09:24:49,S,645.8,2,406
2021-06-15 09:24:49,S,645.9,2,36
2021-06-15 09:24:49,S,645.15,1,42
2021-06-15 09:24:49,S,645.1,2,39
2021-06-15 09:24:49,S,645.05,2,82
2021-06-15 09:24:49,S,645.0,9,1018
2021-06-15 09:24:49,S,644.9,1,29
2021-06-15 09:24:53,S,645.8,2,398
2021-06-15 09:24:53,S,645.95,3,146
2021-06-15 09:24:53,S,645.4,2,63
2021-06-15 09:24:53,S,645.3,1,42
2021-06-15 09:24:53,S,645.05,3,221
2021-06-15 09:25:02,S,646.25,2,36
2021-06-15 09:25:02,S,646.45,1,29
2021-06-15 09:25:02,S,645.5,2,446
2021-06-15 09:25:02,S,645.45,2,64
2021-06-15 09:25:02,S,645.2,1,29
2021-06-15 09:25:14,S,645.9,1,2
2021-06-15 09:25:14,S,645.95,3,172
2021-06-15 09:25:14,S,646.3,1,46
2021-06-15 09:25:14,S,645.6,1,57
2021-06-15 09:25:14,S,645.55,1,42
2021-06-15 09:25:14,S,645.5,1,400
2021-06-15 09:25:20,S,645.7,1,42
2021-06-15 09:25:20,S,645.8,2,53
2021-06-15 09:25:20,S,645.95,2,71
2021-06-15 09:25:20,S,645.15,1,20
2021-06-15 09:25:20,S,645.1,1,77
2021-06-15 09:25:20,S,645.0,10,1094
2021-06-15 09:25:25,S,645.75,2,88
2021-06-15 09:25:25,S,645.8,2,82
2021-06-15 09:25:25,S,645.85,1,60
2021-06-15 09:25:25,S,645.95,1,25
2021-06-15 09:25:25,S,645.1,3,299
2021-06-15 09:25:25,S,645.0,11,818
2021-06-15 09:25:25,S,644.75,1,29
2021-06-15 09:25:31,S,645.7,1,22
2021-06-15 09:25:31,S,645.75,1,71
2021-06-15 09:25:31,S,645.95,3,107
2021-06-15 09:25:31,S,646.0,2,1143
2021-06-15 09:25:31,S,645.15,5,109
2021-06-15 09:25:31,S,645.1,2,280
2021-06-15 09:25:31,S,645.05,2,141
2021-06-15 09:25:31,S,645.0,10,811
2021-06-15 09:25:31,S,644.95,1,29
2021-06-15 09:25:38,S,643.0,7,175
2021-06-15 09:25:38,S,642.55,1,42
2021-06-15 09:25:38,S,642.5,1,6
2021-06-15 09:25:38,S,642.4,1,48
2021-06-15 09:25:38,S,642.35,1,29
2021-06-15 09:25:38,S,642.25,1,75
2021-06-15 09:25:45,S,642.7,2,18
2021-06-15 09:25:45,S,642.8,1,46
2021-06-15 09:25:45,S,642.95,3,80
2021-06-15 09:25:45,S,643.0,9,804
2021-06-15 09:25:45,S,642.1,1,21
2021-06-15 09:25:45,S,642.05,2,21
2021-06-15 09:25:45,S,642.0,14,562
2021-06-15 09:25:45,S,641.95,1,28
2021-06-15 09:25:50,S,642.75,1,12
2021-06-15 09:25:50,S,642.95,3,128
2021-06-15 09:25:50,S,643.0,10,846
2021-06-15 09:25:50,S,642.1,2,79
2021-06-15 09:25:50,S,642.05,4,136
2021-06-15 09:25:50,S,642.0,17,654
2021-06-15 09:25:50,S,641.95,1,75
2021-06-15 09:25:57,S,642.95,4,134
2021-06-15 09:25:57,S,643.0,9,798
2021-06-15 09:25:57,S,643.7,1,75
2021-06-15 09:25:57,S,643.75,1,95
2021-06-15 09:25:57,S,642.7,1,200
2021-06-15 09:25:57,S,642.65,1,21
2021-06-15 09:25:57,S,642.6,1,58
2021-06-15 09:25:57,S,642.4,1,1
2021-06-15 09:25:57,S,642.3,1,7
2021-06-15 09:26:03,S,643.0,6,129
2021-06-15 09:26:03,S,643.25,1,24
2021-06-15 09:26:03,S,643.3,1,28
2021-06-15 09:26:03,S,642.95,1,500
2021-06-15 09:26:03,S,642.9,1,58
2021-06-15 09:26:03,S,642.85,1,7
2021-06-15 09:26:03,S,642.8,1,21
2021-06-15 09:26:03,S,642.75,1,20
2021-06-15 09:26:09,S,642.75,3,35
2021-06-15 09:26:09,S,642.9,2,350
2021-06-15 09:26:09,S,643.2,1,2
2021-06-15 09:26:09,S,642.05,2,50
2021-06-15 09:26:09,S,642.0,16,589
2021-06-15 09:26:09,S,641.9,1,157
2021-06-15 09:26:09,S,641.7,1,7
2021-06-15 09:26:09,S,641.65,3,59
2021-06-15 09:26:16,S,642.85,2,150
2021-06-15 09:26:16,S,642.9,1,500
2021-06-15 09:26:16,S,643.15,1,6
2021-06-15 09:26:16,S,642.75,1,25
2021-06-15 09:26:16,S,642.45,1,21
2021-06-15 09:26:16,S,642.4,1,29
2021-06-15 09:26:16,S,642.2,1,29
2021-06-15 09:26:19,S,642.9,2,574
2021-06-15 09:26:19,S,643.25,2,71
2021-06-15 09:26:19,S,643.45,1,49
2021-06-15 09:26:19,S,642.55,1,3
2021-06-15 09:26:19,S,642.35,1,21
2021-06-15 09:26:19,S,642.3,1,29
2021-06-15 09:26:19,S,642.2,2,35
2021-06-15 09:26:27,S,643.25,1,25
2021-06-15 09:26:27,S,643.75,1,19
2021-06-15 09:26:27,S,644.15,2,93
2021-06-15 09:26:27,S,643.05,3,142
2021-06-15 09:26:27,S,643.0,3,86
2021-06-15 09:26:27,S,642.9,2,34
2021-06-15 09:26:27,S,642.8,1,50
2021-06-15 09:26:35,S,644.95,2,96
2021-06-15 09:26:35,S,645.0,3,15
2021-06-15 09:26:35,S,645.05,1,29
2021-06-15 09:26:35,S,645.4,2,22
2021-06-15 09:26:35,S,645.45,1,29
2021-06-15 09:26:35,S,643.65,2,67
2021-06-15 09:26:35,S,643.6,2,14
2021-06-15 09:26:35,S,643.55,3,51
2021-06-15 09:26:35,S,643.35,1,4
2021-06-15 09:26:35,S,643.3,3,179
2021-06-15 09:26:40,S,644.5,2,28
2021-06-15 09:26:40,S,644.55,1,50
2021-06-15 09:26:40,S,644.7,1,29
2021-06-15 09:26:40,S,644.9,2,121
2021-06-15 09:26:40,S,643.6,2,53
2021-06-15 09:26:40,S,643.55,2,38
2021-06-15 09:26:40,S,643.35,3,163
2021-06-15 09:26:40,S,643.3,1,250
2021-06-15 09:26:45,S,644.3,2,84
2021-06-15 09:26:45,S,644.35,1,75
2021-06-15 09:26:45,S,644.4,1,28
2021-06-15 09:26:45,S,644.5,1,80
2021-06-15 09:26:45,S,643.4,2,56
2021-06-15 09:26:45,S,643.3,1,157
2021-06-15 09:26:45,S,643.25,1,100
2021-06-15 09:26:45,S,643.2,2,24
2021-06-15 09:26:52,S,644.9,2,53
2021-06-15 09:26:52,S,645.05,2,55
2021-06-15 09:26:52,S,645.35,1,4
2021-06-15 09:26:52,S,643.95,2,67
2021-06-15 09:26:52,S,643.8,2,74
2021-06-15 09:26:52,S,643.65,1,11
2021-06-15 09:26:57,S,644.75,1,68
2021-06-15 09:26:57,S,644.9,1,21
2021-06-15 09:26:57,S,644.95,1,14
2021-06-15 09:26:57,S,645.05,1,7
2021-06-15 09:26:57,S,645.1,1,4
2021-06-15 09:26:57,S,644.5,1,250
2021-06-15 09:26:57,S,644.25,1,21
2021-06-15 09:26:57,S,644.15,2,53
2021-06-15 09:26:57,S,644.1,2,73
2021-06-15 09:26:59,S,645.35,1,50
2021-06-15 09:26:59,S,645.4,3,60
2021-06-15 09:26:59,S,645.5,2,150
2021-06-15 09:26:59,S,645.55,1,98
2021-06-15 09:26:59,S,644.55,3,74
2021-06-15 09:26:59,S,644.45,1,49
2021-06-15 09:26:59,S,644.2,1,23
2021-06-15 09:27:05,S,645.25,1,50
2021-06-15 09:27:05,S,645.35,2,78
2021-06-15 09:27:05,S,645.4,2,74
2021-06-15 09:27:05,S,645.45,1,4
2021-06-15 09:27:05,S,644.55,4,124
2021-06-15 09:27:05,S,644.15,3,15
2021-06-15 09:27:05,S,644.1,1,28
2021-06-15 09:27:15,S,645.35,1,71
2021-06-15 09:27:15,S,645.55,1,4
2021-06-15 09:27:15,S,645.7,1,29
2021-06-15 09:27:15,S,645.8,1,28
2021-06-15 09:27:15,S,645.0,2,217
2021-06-15 09:27:18,S,645.55,1,21
2021-06-15 09:27:18,S,645.65,1,4
2021-06-15 09:27:18,S,645.7,2,56
2021-06-15 09:27:18,S,644.85,1,46
2021-06-15 09:27:25,S,645.85,1,48
2021-06-15 09:27:25,S,645.05,3,86
2021-06-15 09:27:25,S,645.0,2,143
2021-06-15 09:27:25,S,644.85,2,14
2021-06-15 09:27:34,S,645.45,2,28
2021-06-15 09:27:34,S,645.75,3,196
2021-06-15 09:27:34,S,645.8,2,84
2021-06-15 09:27:34,S,645.0,3,167
2021-06-15 09:27:34,S,644.85,1,19
2021-06-15 09:27:34,S,644.75,1,30
2021-06-15 09:27:39,S,645.1,1,48
2021-06-15 09:27:39,S,645.2,3,196
2021-06-15 09:27:39,S,645.45,1,62
2021-06-15 09:27:39,S,644.5,2,438
2021-06-15 09:27:39,S,644.25,2,53
2021-06-15 09:27:39,S,644.1,1,47
2021-06-15 09:27:39,S,644.0,2,50
2021-06-15 09:27:45,S,645.05,3,130
2021-06-15 09:27:45,S,645.35,1,21
2021-06-15 09:27:45,S,645.45,2,150
2021-06-15 09:27:45,S,645.5,2,103
2021-06-15 09:27:45,S,644.5,3,445
2021-06-15 09:27:45,S,644.2,1,28
2021-06-15 09:27:47,S,645.8,3,29
2021-06-15 09:27:47,S,646.1,3,51
2021-06-15 09:27:55,S,645.6,2,28
2021-06-15 09:27:55,S,645.65,1,46
2021-06-15 09:27:55,S,645.85,1,3
2021-06-15 09:27:55,S,645.05,2,66
2021-06-15 09:27:55,S,644.8,2,150
2021-06-15 09:27:55,S,644.75,5,101
2021-06-15 09:28:03,S,645.8,3,106
2021-06-15 09:28:03,S,645.95,1,75
2021-06-15 09:28:03,S,646.0,2,1121
2021-06-15 09:28:03,S,645.1,1,21
2021-06-15 09:28:03,S,645.05,1,46
2021-06-15 09:28:03,S,644.9,3,49
2021-06-15 09:28:09,S,645.5,2,28
2021-06-15 09:28:09,S,645.8,2,96
2021-06-15 09:28:09,S,645.15,1,17
2021-06-15 09:28:09,S,645.0,1,50
2021-06-15 09:28:09,S,644.8,3,49
2021-06-15 09:28:13,S,645.5,4,89
2021-06-15 09:28:13,S,645.55,2,35
2021-06-15 09:28:13,S,645.95,2,100
2021-06-15 09:28:13,S,644.6,3,49
2021-06-15 09:28:13,S,644.5,3,484
2021-06-15 09:28:15,S,645.6,1,45
2021-06-15 09:28:15,S,645.0,1,42
2021-06-15 09:28:23,S,645.4,1,21
2021-06-15 09:28:23,S,645.7,1,28
2021-06-15 09:28:23,S,644.7,1,20
2021-06-15 09:28:23,S,644.6,4,77
2021-06-15 09:28:23,S,644.55,3,199
2021-06-15 09:28:31,S,645.4,1,1
2021-06-15 09:28:31,S,645.45,1,6
2021-06-15 09:28:31,S,645.05,1,21
2021-06-15 09:28:31,S,645.0,2,43
2021-06-15 09:28:31,S,644.75,3,49
2021-06-15 09:28:36,S,646.0,1,1093
2021-06-15 09:28:36,S,646.15,3,176
2021-06-15 09:28:36,S,645.45,1,21
2021-06-15 09:28:36,S,645.4,3,231
2021-06-15 09:28:36,S,645.1,3,49
2021-06-15 09:28:43,S,646.0,1,894
2021-06-15 09:28:43,S,646.25,2,71
2021-06-15 09:28:43,S,645.55,4,178
2021-06-15 09:28:43,S,645.4,3,306
2021-06-15 09:28:43,S,645.35,4,95
2021-06-15 09:28:49,S,645.5,2,148
2021-06-15 09:28:58,S,646.0,1,694
2021-06-15 09:28:58,S,645.8,1,50
2021-06-15 09:29:01,S,646.0,1,379
2021-06-15 09:29:01,S,646.1,1,19
2021-06-15 09:29:01,S,646.4,2,74
2021-06-15 09:29:01,S,645.65,1,21
2021-06-15 09:29:01,S,645.6,2,14
2021-06-15 09:29:01,S,645.45,1,10
2021-06-15 09:29:07,S,646.75,2,525
2021-06-15 09:29:07,S,646.95,3,125
2021-06-15 09:29:07,S,647.0,1,391
2021-06-15 09:29:07,S,645.8,1,46
2021-06-15 09:29:18,S,646.4,1,25
2021-06-15 09:29:18,S,646.6,1,19
2021-06-15 09:29:18,S,646.8,1,46
2021-06-15 09:29:18,S,646.95,4,153
2021-06-15 09:29:18,S,646.1,3,35
2021-06-15 09:29:18,S,646.05,2,150
2021-06-15 09:29:18,S,645.95,1,45
2021-06-15 09:29:18,S,645.85,3,49
2021-06-15 09:29:22,S,646.7,3,91
2021-06-15 09:29:22,S,646.75,1,500
2021-06-15 09:29:22,S,646.95,3,104
2021-06-15 09:29:22,S,647.25,1,7
2021-06-15 09:29:22,S,646.4,1,10
2021-06-15 09:29:22,S,646.2,1,21
2021-06-15 09:29:22,S,646.15,4,56
2021-06-15 09:29:22,S,646.05,3,157
2021-06-15 09:29:22,S,646.0,1,500
2021-06-15 09:29:25,S,646.35,4,91
2021-06-15 09:29:25,S,646.4,2,55
2021-06-15 09:29:25,S,646.7,2,91
2021-06-15 09:29:25,S,645.7,3,49
2021-06-15 09:29:33,S,646.35,4,88
2021-06-15 09:29:33,S,646.4,4,91
2021-06-15 09:29:33,S,646.5,1,7
2021-06-15 09:29:33,S,645.75,1,16
2021-06-15 09:29:33,S,645.7,4,65
2021-06-15 09:29:36,S,646.35,3,61
2021-06-15 09:29:36,S,645.4,4,169
2021-06-15 09:29:43,S,645.95,2,40
2021-06-15 09:29:43,S,646.35,4,68
2021-06-15 09:29:43,S,646.4,3,75
2021-06-15 09:29:43,S,646.5,1,28
2021-06-15 09:29:43,S,646.6,1,48
2021-06-15 09:29:43,S,645.65,1,16
2021-06-15 09:29:43,S,645.6,4,56
2021-06-15 09:29:51,S,646.4,4,143
2021-06-15 09:29:51,S,646.5,2,54
2021-06-15 09:29:51,S,646.55,2,35
2021-06-15 09:29:51,S,646.6,1,46
2021-06-15 09:29:51,S,646.7,2,21
2021-06-15 09:29:51,S,645.75,2,62
2021-06-15 09:29:51,S,645.65,4,65
2021-06-15 09:29:59,S,646.4,5,127
2021-06-15 09:29:59,S,646.45,1,16
2021-06-15 09:29:59,S,645.7,1,11
2021-06-15 09:29:59,S,645.65,3,49
2021-06-15 09:29:59,S,645.55,3,178
2021-06-15 09:29:59,S,645.5,2,146
2021-06-15 09:30:01,S,646.25,1,67
2021-06-15 09:30:01,S,646.4,4,108
2021-06-15 09:30:01,S,646.55,1,28
2021-06-15 09:30:01,S,646.05,2,85
2021-06-15 09:30:01,S,645.55,3,46
2021-06-15 09:30:10,S,646.7,1,5
2021-06-15 09:30:10,S,646.1,1,10
2021-06-15 09:30:10,S,646.05,1,75
2021-06-15 09:30:10,S,646.0,1,275
2021-06-15 09:30:14,S,646.3,1,47
2021-06-15 09:30:14,S,646.45,1,10
2021-06-15 09:30:14,S,646.5,1,75
2021-06-15 09:30:14,S,646.65,2,84
2021-06-15 09:30:14,S,645.95,1,8
2021-06-15 09:30:14,S,645.75,3,46
2021-06-15 09:30:17,S,646.2,2,44
2021-06-15 09:30:17,S,646.25,2,14
2021-06-15 09:30:17,S,646.3,2,63
2021-06-15 09:30:17,S,646.4,4,102
2021-06-15 09:30:17,S,646.45,2,124
2021-06-15 09:30:17,S,645.55,2,11
2021-06-15 09:30:17,S,645.5,5,161
2021-06-15 09:30:17,S,645.45,2,14
2021-06-15 09:30:17,S,645.25,2,29
2021-06-15 09:30:27,S,646.05,2,44
2021-06-15 09:30:27,S,646.1,1,47
2021-06-15 09:30:27,S,646.15,2,14
2021-06-15 09:30:27,S,646.2,2,132
2021-06-15 09:30:27,S,645.55,3,86
2021-06-15 09:30:27,S,645.45,3,46
2021-06-15 09:30:27,S,645.4,2,106
2021-06-15 09:30:27,S,645.35,2,14
2021-06-15 09:30:33,S,646.35,3,60
2021-06-15 09:30:33,S,646.45,3,165
2021-06-15 09:30:33,S,646.5,2,103
2021-06-15 09:30:33,S,645.75,1,10
2021-06-15 09:30:33,S,645.7,1,49
2021-06-15 09:30:33,S,645.6,3,26
2021-06-15 09:30:33,S,645.55,3,108
2021-06-15 09:30:34,S,645.6,1,46
2021-06-15 09:30:34,S,645.05,1,10
2021-06-15 09:30:39,S,645.8,4,64
2021-06-15 09:30:39,S,645.85,2,63
2021-06-15 09:30:39,S,646.1,3,3
2021-06-15 09:30:39,S,646.15,2,70
2021-06-15 09:30:39,S,646.25,1,28
2021-06-15 09:30:39,S,645.05,2,17
2021-06-15 09:30:52,S,645.7,2,50
2021-06-15 09:30:52,S,645.95,1,28
2021-06-15 09:30:52,S,646.0,2,28
2021-06-15 09:30:52,S,645.05,4,99
2021-06-15 09:30:52,S,645.0,5,85
2021-06-15 09:30:52,S,644.7,1,28
2021-06-15 09:31:00,S,645.95,3,62
2021-06-15 09:31:00,S,646.0,4,211
2021-06-15 09:31:00,S,646.15,2,43
2021-06-15 09:31:00,S,646.4,3,74
2021-06-15 09:31:00,S,645.1,2,22
2021-06-15 09:31:00,S,645.05,2,52
2021-06-15 09:31:00,S,645.0,4,36
2021-06-15 09:31:03,S,645.65,3,63
2021-06-15 09:31:03,S,645.7,1,48
2021-06-15 09:31:03,S,645.1,1,3
2021-06-15 09:31:03,S,644.8,1,50
2021-06-15 09:31:14,S,645.65,4,70
2021-06-15 09:31:14,S,645.7,2,123
2021-06-15 09:31:14,S,645.75,2,114
2021-06-15 09:31:14,S,645.85,2,44
2021-06-15 09:31:14,S,646.0,2,115
2021-06-15 09:31:14,S,644.85,2,53
2021-06-15 09:31:14,S,644.7,2,44
2021-06-15 09:31:24,S,645.8,3,63
2021-06-15 09:31:24,S,645.85,2,43
2021-06-15 09:31:24,S,645.95,2,150
2021-06-15 09:31:24,S,645.1,2,53
2021-06-15 09:31:24,S,644.7,2,43
2021-06-15 09:31:26,S,645.75,1,28
2021-06-15 09:31:26,S,646.0,3,328
2021-06-15 09:31:26,S,646.1,2,82
2021-06-15 09:31:26,S,645.1,2,52
2021-06-15 09:31:26,S,645.05,2,122
2021-06-15 09:31:26,S,644.95,1,46
2021-06-15 09:31:33,S,645.5,1,100
2021-06-15 09:31:33,S,645.75,4,144
2021-06-15 09:31:33,S,645.85,1,28
2021-06-15 09:31:33,S,645.15,2,56
2021-06-15 09:31:33,S,645.0,1,200
2021-06-15 09:31:37,S,645.75,4,110
2021-06-15 09:31:37,S,645.8,3,230
2021-06-15 09:31:37,S,645.85,1,47
2021-06-15 09:31:37,S,645.95,2,125
2021-06-15 09:31:37,S,645.15,1,10
2021-06-15 09:31:37,S,645.05,1,75
2021-06-15 09:31:42,S,645.7,2,176
2021-06-15 09:31:42,S,646.0,3,307
2021-06-15 09:31:42,S,646.05,1,15
2021-06-15 09:31:51,S,645.75,3,95
2021-06-15 09:31:51,S,646.05,1,47
2021-06-15 09:31:51,S,646.15,1,28
2021-06-15 09:31:51,S,645.25,3,24
2021-06-15 09:31:51,S,645.2,1,50
2021-06-15 09:31:51,S,645.1,2,60
2021-06-15 09:31:55,S,645.7,2,55
2021-06-15 09:31:55,S,645.75,4,102
2021-06-15 09:31:55,S,645.8,2,22
2021-06-15 09:31:55,S,645.85,3,214
2021-06-15 09:31:55,S,645.95,2,94
2021-06-15 09:31:55,S,645.1,1,45
2021-06-15 09:31:55,S,645.05,2,475
2021-06-15 09:31:55,S,645.0,2,208
2021-06-15 09:31:55,S,644.9,2,14
2021-06-15 09:31:55,S,644.85,4,72
2021-06-15 09:31:59,S,645.35,2,58
2021-06-15 09:31:59,S,645.3,2,14
2021-06-15 09:31:59,S,645.1,3,135
2021-06-15 09:32:09,S,645.9,1,10
2021-06-15 09:32:09,S,645.95,2,57
2021-06-15 09:32:09,S,645.1,3,127
2021-06-15 09:32:09,S,645.0,5,781
2021-06-15 09:32:12,S,645.75,3,557
2021-06-15 09:32:12,S,645.8,3,247
2021-06-15 09:32:12,S,645.9,2,35
2021-06-15 09:32:12,S,646.0,2,300
2021-06-15 09:32:12,S,645.15,2,17
2021-06-15 09:32:12,S,645.1,2,120
2021-06-15 09:32:17,S,645.7,2,232
2021-06-15 09:32:17,S,644.65,1,28
2021-06-15 09:32:26,S,645.55,3,239
2021-06-15 09:32:26,S,645.6,2,17
2021-06-15 09:32:26,S,645.65,2,59
2021-06-15 09:32:32,S,645.5,3,278
2021-06-15 09:32:38,S,645.5,2,227
2021-06-15 09:32:41,S,645.7,2,54
2021-06-15 09:32:41,S,645.15,1,70
2021-06-15 09:32:41,S,645.1,1,25
2021-06-15 09:32:41,S,645.05,1,400
2021-06-15 09:32:41,S,644.9,1,9
2021-06-15 09:32:48,S,645.05,2,329
2021-06-15 09:32:51,S,644.85,3,26
2021-06-15 09:32:51,S,644.7,2,55
2021-06-15 09:32:57,S,645.75,1,500
2021-06-15 09:33:07,S,645.5,2,207
2021-06-15 09:33:07,S,645.55,1,10
2021-06-15 09:33:07,S,645.6,2,55
2021-06-15 09:33:07,S,645.75,2,544
2021-06-15 09:33:07,S,645.05,2,313
2021-06-15 09:33:07,S,645.0,3,708
2021-06-15 09:33:07,S,644.85,4,51
2021-06-15 09:33:07,S,644.7,2,54
2021-06-15 09:33:14,S,645.05,5,148
2021-06-15 09:33:14,S,645.35,1,3
2021-06-15 09:33:14,S,645.65,2,6
2021-06-15 09:33:14,S,644.5,1,188
2021-06-15 09:33:14,S,644.15,1,43
2021-06-15 09:33:14,S,644.1,1,40
2021-06-15 09:33:17,S,644.9,1,10
2021-06-15 09:33:17,S,645.0,3,250
2021-06-15 09:33:17,S,644.05,2,65
2021-06-15 09:33:17,S,644.0,4,76
2021-06-15 09:33:17,S,643.95,1,49
2021-06-15 09:33:21,S,644.85,3,124
2021-06-15 09:33:21,S,645.0,2,128
2021-06-15 09:33:21,S,644.2,1,46
2021-06-15 09:33:21,S,644.15,1,15
2021-06-15 09:33:28,S,644.7,2,17
2021-06-15 09:33:28,S,644.75,2,150
2021-06-15 09:33:28,S,644.8,2,232
2021-06-15 09:33:28,S,644.95,2,76
2021-06-15 09:33:28,S,644.0,5,104
2021-06-15 09:33:28,S,643.9,1,46
2021-06-15 09:33:32,S,645.05,2,165
2021-06-15 09:33:32,S,645.1,2,507
2021-06-15 09:33:32,S,645.15,1,46
2021-06-15 09:33:32,S,644.3,2,17
2021-06-15 09:33:32,S,644.25,1,15
2021-06-15 09:33:32,S,644.1,1,10
2021-06-15 09:33:42,S,645.0,2,107
2021-06-15 09:33:42,S,645.05,2,178
2021-06-15 09:33:42,S,645.1,1,500
2021-06-15 09:33:42,S,644.1,4,42
2021-06-15 09:33:42,S,644.05,2,125
2021-06-15 09:33:42,S,644.0,5,576
2021-06-15 09:33:48,S,644.45,1,400
2021-06-15 09:33:48,S,644.9,2,232
2021-06-15 09:33:48,S,644.95,3,153
2021-06-15 09:33:48,S,644.15,1,10
2021-06-15 09:33:48,S,644.1,2,28
2021-06-15 09:33:48,S,644.05,6,201
2021-06-15 09:33:48,S,644.0,6,601
2021-06-15 09:33:53,S,645.0,2,121
2021-06-15 09:33:53,S,645.5,1,48
2021-06-15 09:33:53,S,645.7,4,62
2021-06-15 09:33:53,S,644.55,4,49
2021-06-15 09:33:53,S,644.45,1,15
2021-06-15 09:33:58,S,644.7,1,47
2021-06-15 09:33:58,S,644.6,2,17
2021-06-15 09:34:03,S,645.3,2,59
2021-06-15 09:34:03,S,645.55,3,42
2021-06-15 09:34:03,S,644.5,3,197
2021-06-15 09:34:03,S,644.45,2,110
2021-06-15 09:34:03,S,644.3,1,28
2021-06-15 09:34:06,S,645.3,3,109
2021-06-15 09:34:06,S,644.7,1,40
2021-06-15 09:34:06,S,644.65,1,5
2021-06-15 09:34:06,S,644.55,1,10
2021-06-15 09:34:06,S,644.5,2,82
2021-06-15 09:34:19,S,645.45,1,28
2021-06-15 09:34:19,S,645.55,1,50
2021-06-15 09:34:19,S,645.65,1,28
2021-06-15 09:34:19,S,645.0,1,236
2021-06-15 09:34:19,S,644.9,2,60
2021-06-15 09:34:19,S,644.7,1,46
2021-06-15 09:34:25,S,645.15,1,15
2021-06-15 09:34:25,S,645.25,2,59
2021-06-15 09:34:25,S,644.55,3,22
2021-06-15 09:34:25,S,644.35,2,150
2021-06-15 09:34:33,S,645.0,3,69
2021-06-15 09:34:33,S,645.05,1,150
2021-06-15 09:34:33,S,645.15,2,22
2021-06-15 09:34:33,S,644.5,2,85
2021-06-15 09:34:33,S,644.35,2,12
2021-06-15 09:34:33,S,644.3,1,25
2021-06-15 09:34:33,S,644.2,2,75
2021-06-15 09:34:33,S,645.05,1,130
2021-06-15 09:34:33,S,645.3,1,48
2021-06-15 09:34:33,S,645.55,1,28
2021-06-15 09:34:33,S,644.7,1,25
2021-06-15 09:34:33,S,644.5,1,75
2021-06-15 09:34:39,S,644.65,1,15
2021-06-15 09:34:39,S,643.5,2,140
2021-06-15 09:34:49,S,644.3,2,106
2021-06-15 09:34:49,S,644.45,1,38
2021-06-15 09:34:49,S,643.6,2,48
2021-06-15 09:34:49,S,643.55,2,103
2021-06-15 09:34:49,S,643.5,3,190
2021-06-15 09:34:52,S,644.25,1,33
2021-06-15 09:34:52,S,644.35,1,50
2021-06-15 09:34:52,S,643.7,2,27
2021-06-15 09:34:52,S,643.65,1,13
2021-06-15 09:34:52,S,643.6,3,31
2021-06-15 09:34:52,S,643.55,2,150
2021-06-15 09:34:52,S,643.5,3,168
2021-06-15 09:34:56,S,644.75,1,45
2021-06-15 09:34:56,S,644.8,2,14
2021-06-15 09:34:56,S,644.85,1,28
2021-06-15 09:34:56,S,644.95,5,218
2021-06-15 09:34:56,S,643.85,3,66
2021-06-15 09:34:56,S,643.8,2,43
2021-06-15 09:34:56,S,643.7,1,4
2021-06-15 09:35:02,S,644.6,1,45
2021-06-15 09:35:02,S,644.75,1,36
2021-06-15 09:35:02,S,644.8,2,22
2021-06-15 09:35:02,S,643.9,3,63
2021-06-15 09:35:02,S,643.85,2,20
2021-06-15 09:35:02,S,643.7,1,45
2021-06-15 09:35:02,S,643.65,1,15
2021-06-15 09:35:07,S,644.2,1,10
2021-06-15 09:35:07,S,644.25,1,50
2021-06-15 09:35:07,S,644.55,2,74
2021-06-15 09:35:07,S,644.0,1,1
2021-06-15 09:35:12,S,644.55,3,81
2021-06-15 09:35:18,S,644.25,1,10
2021-06-15 09:35:18,S,644.3,2,41
2021-06-15 09:35:18,S,644.4,1,48
2021-06-15 09:35:18,S,643.95,2,23
2021-06-15 09:35:18,S,643.7,1,10
2021-06-15 09:35:28,S,644.25,1,23
2021-06-15 09:35:28,S,644.5,1,10
2021-06-15 09:35:28,S,644.55,1,28
2021-06-15 09:35:28,S,644.65,1,47
2021-06-15 09:35:28,S,643.9,1,18
2021-06-15 09:35:28,S,643.8,1,47
2021-06-15 09:35:30,S,644.9,2,76
2021-06-15 09:35:30,S,643.7,1,48
2021-06-15 09:35:30,S,643.6,2,27
2021-06-15 09:35:36,S,644.5,3,61
2021-06-15 09:35:36,S,644.75,2,55
2021-06-15 09:35:45,S,644.6,3,61
2021-06-15 09:35:45,S,644.65,1,33
2021-06-15 09:35:45,S,644.8,2,43
2021-06-15 09:35:45,S,644.85,1,45
2021-06-15 09:35:45,S,644.25,1,20
2021-06-15 09:35:45,S,644.0,3,25
2021-06-15 09:35:45,S,643.8,1,28
2021-06-15 09:35:47,S,645.0,2,204
2021-06-15 09:35:47,S,645.05,1,5
2021-06-15 09:35:47,S,645.25,2,55
2021-06-15 09:35:47,S,644.5,2,300
2021-06-15 09:35:47,S,644.45,3,24
2021-06-15 09:35:47,S,644.25,2,70
2021-06-15 09:35:47,S,644.1,2,43
2021-06-15 09:35:57,S,645.0,2,159
2021-06-15 09:35:57,S,645.5,4,203
2021-06-15 09:35:57,S,644.55,2,17
2021-06-15 09:35:57,S,644.45,2,53
2021-06-15 09:36:00,S,645.0,2,149
2021-06-15 09:36:00,S,645.25,1,10
2021-06-15 09:36:00,S,645.35,2,125
2021-06-15 09:36:00,S,645.5,2,53
2021-06-15 09:36:00,S,644.5,1,200
2021-06-15 09:36:00,S,644.45,3,63
2021-06-15 09:36:00,S,644.4,1,15
2021-06-15 09:36:07,S,644.45,1,10
2021-06-15 09:36:07,S,644.55,3,68
2021-06-15 09:36:07,S,643.75,3,39
2021-06-15 09:36:07,S,643.7,2,23
2021-06-15 09:36:07,S,643.6,1,20
2021-06-15 09:36:09,S,645.0,3,159
2021-06-15 09:36:09,S,645.25,1,28
2021-06-15 09:36:18,S,644.6,1,98
2021-06-15 09:36:18,S,644.95,1,20
2021-06-15 09:36:18,S,645.2,2,14
2021-06-15 09:36:18,S,644.4,1,200
2021-06-15 09:36:18,S,644.15,2,27
2021-06-15 09:36:18,S,644.1,2,53
2021-06-15 09:36:19,S,644.65,1,3
2021-06-15 09:36:27,S,644.6,2,104
2021-06-15 09:36:27,S,644.65,2,17
2021-06-15 09:36:27,S,644.75,2,70
2021-06-15 09:36:27,S,643.9,2,95
2021-06-15 09:36:27,S,643.85,1,100
2021-06-15 09:36:31,S,644.55,4,88
2021-06-15 09:36:31,S,644.6,1,97
2021-06-15 09:36:31,S,644.85,2,121
2021-06-15 09:36:31,S,643.85,1,20
2021-06-15 09:36:31,S,643.8,2,38
2021-06-15 09:36:40,S,644.45,4,80
2021-06-15 09:36:40,S,644.55,3,147
2021-06-15 09:36:42,S,644.3,1,76
2021-06-15 09:36:42,S,644.35,2,23
2021-06-15 09:36:42,S,644.4,2,53
2021-06-15 09:36:42,S,644.45,1,46
2021-06-15 09:36:42,S,644.0,2,52
2021-06-15 09:36:42,S,643.7,1,20
2021-06-15 09:36:42,S,643.6,3,73
2021-06-15 09:36:52,S,644.6,2,98
2021-06-15 09:36:52,S,644.95,2,35
2021-06-15 09:36:52,S,644.1,2,47
2021-06-15 09:36:52,S,643.95,1,14
2021-06-15 09:36:57,S,644.6,2,72
2021-06-15 09:36:57,S,644.9,2,468
2021-06-15 09:36:57,S,645.0,3,204
2021-06-15 09:36:57,S,644.4,1,10
2021-06-15 09:36:57,S,644.1,3,67
2021-06-15 09:36:57,S,644.0,3,59
2021-06-15 09:37:01,S,644.9,2,362
2021-06-15 09:37:01,S,645.0,2,158
2021-06-15 09:37:01,S,645.2,2,82
2021-06-15 09:37:01,S,645.25,3,88
2021-06-15 09:37:01,S,644.25,3,79
2021-06-15 09:37:01,S,644.15,1,46
2021-06-15 09:37:01,S,644.1,4,48
2021-06-15 09:37:06,S,644.4,1,36
2021-06-15 09:37:06,S,644.8,1,45
2021-06-15 09:37:06,S,644.9,3,408
2021-06-15 09:37:06,S,644.1,3,33
2021-06-15 09:37:06,S,644.0,4,69
2021-06-15 09:37:06,S,643.9,3,200
2021-06-15 09:37:08,S,644.25,1,440
2021-06-15 09:37:08,S,644.55,1,47
2021-06-15 09:37:08,S,644.8,1,28
2021-06-15 09:37:08,S,644.1,1,1
2021-06-15 09:37:08,S,644.05,1,18
2021-06-15 09:37:08,S,644.0,4,65
2021-06-15 09:37:08,S,643.85,1,101
2021-06-15 09:37:13,S,644.0,1,98
2021-06-15 09:37:13,S,644.45,1,47
2021-06-15 09:37:25,S,644.0,2,103
2021-06-15 09:37:25,S,644.25,1,92
2021-06-15 09:37:25,S,643.85,1,15
2021-06-15 09:37:25,S,643.8,2,24
2021-06-15 09:37:25,S,643.55,4,217
2021-06-15 09:37:33,S,644.3,4,148
2021-06-15 09:37:34,S,645.3,1,33
2021-06-15 09:37:34,S,644.3,2,78
2021-06-15 09:37:44,S,644.95,2,162
2021-06-15 09:37:44,S,644.15,2,105
2021-06-15 09:37:50,S,645.0,3,255
2021-06-15 09:37:50,S,645.2,1,45
2021-06-15 09:37:50,S,645.25,1,26
2021-06-15 09:37:50,S,644.3,2,80
2021-06-15 09:37:50,S,644.25,2,84
2021-06-15 09:37:50,S,644.2,1,20
2021-06-15 09:37:50,S,644.15,1,28
2021-06-15 09:37:53,S,644.9,4,272
2021-06-15 09:37:53,S,644.1,1,75
2021-06-15 09:37:53,S,643.85,1,47
2021-06-15 09:37:59,S,644.7,1,48
2021-06-15 09:37:59,S,644.9,5,300
2021-06-15 09:37:59,S,644.1,1,73
2021-06-15 09:37:59,S,644.05,3,104
2021-06-15 09:37:59,S,644.0,1,30
2021-06-15 09:38:03,S,644.5,1,98
2021-06-15 09:38:03,S,644.9,3,180
2021-06-15 09:38:03,S,644.15,4,179
2021-06-15 09:38:12,S,644.5,1,73
2021-06-15 09:38:12,S,644.2,2,82
2021-06-15 09:38:12,S,644.15,3,104
2021-06-15 09:38:12,S,644.1,1,100
2021-06-15 09:38:12,S,644.0,1,35
2021-06-15 09:38:12,S,643.95,1,28
2021-06-15 09:38:16,S,644.5,1,63
2021-06-15 09:38:16,S,644.9,4,230
2021-06-15 09:38:16,S,645.0,4,235
2021-06-15 09:38:16,S,644.05,2,27
2021-06-15 09:38:16,S,644.0,2,36
2021-06-15 09:38:16,S,643.9,3,157
2021-06-15 09:38:27,S,644.5,1,3
2021-06-15 09:38:27,S,644.9,4,296
2021-06-15 09:38:27,S,645.0,3,207
2021-06-15 09:38:27,S,644.2,2,27
2021-06-15 09:38:27,S,644.05,2,150
2021-06-15 09:38:28,S,644.9,3,246
2021-06-15 09:38:28,S,644.1,2,33
2021-06-15 09:38:28,S,644.05,2,95
2021-06-15 09:38:36,S,644.85,3,123
2021-06-15 09:38:36,S,644.9,4,253
2021-06-15 09:38:36,S,644.0,4,121
2021-06-15 09:38:39,S,644.85,4,130
2021-06-15 09:38:39,S,645.0,5,281
2021-06-15 09:38:50,S,644.25,1,85
2021-06-15 09:38:51,S,644.05,2,82
2021-06-15 09:38:55,S,644.2,1,17
2021-06-15 09:39:01,S,644.85,3,110
2021-06-15 09:39:10,S,644.5,1,23
2021-06-15 09:39:10,S,644.25,2,74
2021-06-15 09:39:12,S,644.5,1,168
2021-06-15 09:39:12,S,644.65,2,27
2021-06-15 09:39:12,S,644.7,1,92
2021-06-15 09:39:12,S,644.05,3,102
2021-06-15 09:39:20,S,644.65,1,7
2021-06-15 09:39:20,S,644.85,2,95
2021-06-15 09:39:20,S,644.15,1,49
2021-06-15 09:39:21,S,644.5,2,290
2021-06-15 09:39:25,S,644.5,2,270
2021-06-15 09:39:25,S,644.05,1,75
2021-06-15 09:39:32,S,644.5,1,198
2021-06-15 09:39:32,S,644.8,2,27
2021-06-15 09:39:36,S,644.9,3,174
2021-06-15 09:39:36,S,644.3,3,227
2021-06-15 09:39:42,S,644.5,1,15
2021-06-15 09:39:52,S,644.5,1,14
2021-06-15 09:39:52,S,644.9,4,202
2021-06-15 09:39:52,S,645.0,2,126
2021-06-15 09:39:52,S,644.3,2,220
2021-06-15 09:39:55,S,644.5,1,191
2021-06-15 09:39:55,S,644.95,2,77
2021-06-15 09:39:59,S,644.5,1,141
2021-06-15 09:39:59,S,644.95,3,152
2021-06-15 09:39:59,S,644.3,3,217
2021-06-15 09:39:59,S,644.15,1,20
2021-06-15 09:39:59,S,644.1,1,26
2021-06-15 09:40:16,S,644.5,1,44
2021-06-15 09:40:16,S,644.7,1,30
2021-06-15 09:40:16,S,644.85,2,48
2021-06-15 09:40:16,S,644.35,2,82
2021-06-15 09:40:16,S,644.3,2,210
2021-06-15 09:40:16,S,644.25,2,87
2021-06-15 09:40:19,S,645.05,1,49
2021-06-15 09:40:29,S,644.85,1,51
2021-06-15 09:40:29,S,644.95,3,178
2021-06-15 09:40:29,S,644.35,3,34
2021-06-15 09:40:29,S,644.25,1,67
2021-06-15 09:40:30,S,644.85,1,49
2021-06-15 09:40:30,S,644.9,2,154
2021-06-15 09:40:37,S,645.0,2,120
2021-06-15 09:40:37,S,644.5,1,156
2021-06-15 09:40:41,S,644.5,1,106
2021-06-15 09:40:41,S,644.35,2,27
2021-06-15 09:40:41,S,644.3,2,85
2021-06-15 09:41:00,S,644.9,3,155
2021-06-15 09:41:00,S,644.95,2,90
2021-06-15 09:41:00,S,645.0,2,114
2021-06-15 09:41:00,S,645.05,1,28
2021-06-15 09:41:06,S,644.9,3,105
2021-06-15 09:41:06,S,644.5,2,116
2021-06-15 09:41:07,S,645.05,1,20
2021-06-15 09:41:07,S,644.5,3,117
2021-06-15 09:41:07,S,644.35,1,20
2021-06-15 09:41:18,S,644.9,3,45
2021-06-15 09:41:18,S,644.95,1,70
2021-06-15 09:41:18,S,645.05,2,48
2021-06-15 09:41:18,S,644.5,4,132
2021-06-15 09:41:18,S,644.35,2,69
2021-06-15 09:41:19,S,645.35,1,28
2021-06-15 09:41:19,S,645.5,2,104
2021-06-15 09:41:19,S,644.7,2,27
2021-06-15 09:41:19,S,644.55,3,178
2021-06-15 09:41:26,S,645.5,1,75
2021-06-15 09:41:26,S,645.55,2,151
2021-06-15 09:41:26,S,644.9,2,105
2021-06-15 09:41:26,S,644.75,1,20
2021-06-15 09:41:26,S,644.7,1,50
2021-06-15 09:41:29,S,644.95,1,50
2021-06-15 09:41:29,S,645.45,2,35
2021-06-15 09:41:29,S,644.6,2,9
2021-06-15 09:41:29,S,644.55,3,170
2021-06-15 09:41:33,S,645.5,1,28
2021-06-15 09:41:33,S,644.6,4,62
2021-06-15 09:41:45,S,645.0,1,70
2021-06-15 09:41:45,S,645.15,1,28
2021-06-15 09:41:45,S,645.3,1,28
2021-06-15 09:41:45,S,644.6,5,82
2021-06-15 09:41:58,S,645.0,1,55
2021-06-15 09:41:58,S,645.15,1,27
2021-06-15 09:41:58,S,644.65,3,50
2021-06-15 09:41:58,S,644.6,3,34
2021-06-15 09:42:00,S,645.0,1,45
2021-06-15 09:42:00,S,645.45,2,55
2021-06-15 09:42:00,S,645.55,1,27
2021-06-15 09:42:00,S,644.65,3,60
2021-06-15 09:42:00,S,644.5,5,184
2021-06-15 09:42:00,S,644.45,1,108
2021-06-15 09:42:08,S,645.0,1,100
2021-06-15 09:42:08,S,645.45,2,75
2021-06-15 09:42:08,S,645.6,1,28
2021-06-15 09:42:08,S,644.55,2,150
2021-06-15 09:42:08,S,644.5,5,146
2021-06-15 09:42:09,S,645.45,1,48
2021-06-15 09:42:09,S,644.6,3,55
2021-06-15 09:42:09,S,644.55,4,177
2021-06-15 09:42:09,S,644.5,4,139
2021-06-15 09:42:19,S,645.0,1,95
2021-06-15 09:42:19,S,645.25,1,27
2021-06-15 09:42:19,S,644.6,4,75
2021-06-15 09:42:19,S,644.55,3,157
2021-06-15 09:42:19,S,644.5,3,125
2021-06-15 09:42:19,S,644.45,2,158
2021-06-15 09:42:19,S,644.25,2,95
2021-06-15 09:42:24,S,645.35,1,10
2021-06-15 09:42:24,S,645.5,2,95
2021-06-15 09:42:24,S,645.55,2,55
2021-06-15 09:42:24,S,644.85,1,20
2021-06-15 09:42:25,S,644.75,2,27
2021-06-15 09:42:25,S,644.6,1,46
2021-06-15 09:42:25,S,644.55,1,27
2021-06-15 09:42:31,S,645.55,2,27
2021-06-15 09:42:31,S,645.65,3,81
2021-06-15 09:42:35,S,645.55,2,17
2021-06-15 09:42:47,S,645.55,3,22
2021-06-15 09:42:47,S,645.85,2,80
2021-06-15 09:42:47,S,645.9,2,125
2021-06-15 09:42:47,S,645.0,1,15
2021-06-15 09:42:47,S,644.8,1,20
2021-06-15 09:42:51,S,646.0,4,905
2021-06-15 09:42:51,S,645.6,3,98
2021-06-15 09:42:55,S,646.25,1,195
2021-06-15 09:42:55,S,646.5,1,200
2021-06-15 09:42:55,S,646.7,2,80
2021-06-15 09:42:55,S,645.75,3,113
2021-06-15 09:42:55,S,645.7,3,16
2021-06-15 09:42:55,S,645.6,1,13
2021-06-15 09:43:01,S,646.25,2,200
2021-06-15 09:43:01,S,646.7,2,32
2021-06-15 09:43:01,S,646.75,2,249
2021-06-15 09:43:01,S,645.8,3,60
2021-06-15 09:43:01,S,645.75,2,67
2021-06-15 09:43:01,S,645.55,1,478
2021-06-15 09:43:09,S,646.25,3,250
2021-06-15 09:43:09,S,646.5,2,227
2021-06-15 09:43:09,S,646.7,3,37
2021-06-15 09:43:09,S,646.75,3,338
2021-06-15 09:43:09,S,645.8,4,62
2021-06-15 09:43:09,S,645.7,1,27
2021-06-15 09:43:16,S,646.0,1,100
2021-06-15 09:43:16,S,646.25,2,55
2021-06-15 09:43:16,S,646.6,2,14
2021-06-15 09:43:16,S,646.65,1,50
2021-06-15 09:43:16,S,645.75,2,53
2021-06-15 09:43:16,S,645.6,2,88
2021-06-15 09:43:16,S,645.55,2,528
2021-06-15 09:43:16,S,646.2,2,82
2021-06-15 09:43:16,S,645.3,3,79
2021-06-15 09:43:26,S,645.95,1,59
2021-06-15 09:43:27,S,646.15,1,46
2021-06-15 09:43:27,S,645.3,4,86
2021-06-15 09:43:27,S,645.25,2,52
2021-06-15 09:43:27,S,645.15,1,13
2021-06-15 09:43:27,S,645.1,1,75
2021-06-15 09:43:27,S,645.05,3,201
2021-06-15 09:43:37,S,646.0,1,5
2021-06-15 09:43:37,S,646.2,2,102
2021-06-15 09:43:37,S,646.25,5,143
2021-06-15 09:43:37,S,645.45,5,133
2021-06-15 09:43:38,S,645.5,4,62
2021-06-15 09:43:38,S,645.45,3,80
2021-06-15 09:43:38,S,645.3,1,13
2021-06-15 09:43:38,S,645.15,2,26
2021-06-15 09:43:47,S,645.9,1,5
2021-06-15 09:43:47,S,645.95,1,40
2021-06-15 09:43:47,S,646.0,2,10
2021-06-15 09:43:47,S,646.2,1,27
2021-06-15 09:43:47,S,645.55,3,55
2021-06-15 09:43:47,S,645.5,1,2
2021-06-15 09:43:47,S,645.45,3,74
2021-06-15 09:43:52,S,646.0,3,60
2021-06-15 09:43:52,S,646.2,1,75
2021-06-15 09:43:52,S,646.45,1,75
2021-06-15 09:43:52,S,645.95,1,35
2021-06-15 09:43:52,S,645.55,3,65
2021-06-15 09:43:55,S,646.0,1,50
2021-06-15 09:43:55,S,646.35,2,55
2021-06-15 09:43:55,S,645.55,4,165
2021-06-15 09:43:55,S,645.5,2,9
2021-06-15 09:43:55,S,645.4,1,10
2021-06-15 09:44:02,S,646.25,4,136
2021-06-15 09:44:02,S,646.6,1,1
2021-06-15 09:44:02,S,646.65,1,49
2021-06-15 09:44:02,S,645.95,2,257
2021-06-15 09:44:19,S,646.25,4,92
2021-06-15 09:44:19,S,646.5,2,220
2021-06-15 09:44:19,S,646.7,3,85
2021-06-15 09:44:19,S,646.75,3,336
2021-06-15 09:44:19,S,646.8,1,38
2021-06-15 09:44:19,S,646.0,2,107
2021-06-15 09:44:19,S,645.95,1,245
2021-06-15 09:44:20,S,646.5,3,264
2021-06-15 09:44:20,S,646.7,4,92
2021-06-15 09:44:20,S,646.75,3,296
2021-06-15 09:44:20,S,646.8,1,27
2021-06-15 09:44:20,S,645.9,2,10
2021-06-15 09:44:20,S,645.7,2,67
2021-06-15 09:44:20,S,645.65,2,40
2021-06-15 09:44:36,S,646.5,5,337
2021-06-15 09:44:45,S,646.5,4,291
2021-06-15 09:44:45,S,646.6,1,13
2021-06-15 09:44:45,S,646.65,2,52
2021-06-15 09:44:45,S,646.7,2,10
2021-06-15 09:44:45,S,645.95,2,291
2021-06-15 09:44:45,S,645.85,1,27
2021-06-15 09:44:45,S,645.75,1,3
2021-06-15 09:44:46,S,646.9,3,82
2021-06-15 09:44:46,S,646.25,1,250
2021-06-15 09:44:46,S,646.1,2,44
2021-06-15 09:44:46,S,646.0,1,20
2021-06-15 09:44:55,S,646.5,3,239
2021-06-15 09:44:55,S,646.75,3,316
2021-06-15 09:44:55,S,646.9,4,157
2021-06-15 09:44:55,S,646.25,2,350
2021-06-15 09:44:55,S,646.1,3,64
2021-06-15 09:44:55,S,646.05,2,49
2021-06-15 09:44:55,S,645.95,3,318
2021-06-15 09:44:59,S,646.7,3,60
2021-06-15 09:44:59,S,646.25,4,390
2021-06-15 09:44:59,S,646.1,1,20
2021-06-15 09:44:59,S,646.05,2,121
2021-06-15 09:45:05,S,646.75,1,200
2021-06-15 09:45:05,S,647.25,2,246
2021-06-15 09:45:05,S,646.7,1,40
2021-06-15 09:45:05,S,646.4,3,89
2021-06-15 09:45:05,S,646.35,1,3
2021-06-15 09:45:05,S,646.3,1,20
2021-06-15 09:45:07,S,646.7,1,15
2021-06-15 09:45:07,S,646.75,2,250
2021-06-15 09:45:07,S,646.1,2,53
2021-06-15 09:45:13,S,646.7,1,100
2021-06-15 09:45:17,S,646.65,1,5
2021-06-15 09:45:17,S,646.7,1,98
2021-06-15 09:45:17,S,646.75,2,215
2021-06-15 09:45:17,S,646.9,2,100
2021-06-15 09:45:17,S,646.4,2,44
2021-06-15 09:45:17,S,646.25,2,296
2021-06-15 09:45:17,S,646.2,1,3
2021-06-15 09:45:25,S,646.7,1,50
2021-06-15 09:45:25,S,646.75,2,68
2021-06-15 09:45:25,S,646.9,3,127
2021-06-15 09:45:25,S,646.95,5,116
2021-06-15 09:45:25,S,646.2,3,100
2021-06-15 09:45:25,S,646.15,2,23
2021-06-15 09:45:25,S,646.0,2,85
2021-06-15 09:45:30,S,646.95,7,136
2021-06-15 09:45:30,S,647.25,3,240
2021-06-15 09:45:30,S,647.35,3,198
2021-06-15 09:45:30,S,647.4,1,27
2021-06-15 09:45:30,S,646.2,3,79
2021-06-15 09:45:30,S,645.95,2,34
2021-06-15 09:45:30,S,645.9,2,26
2021-06-15 09:45:35,S,646.8,2,59
2021-06-15 09:45:35,S,646.9,2,14
2021-06-15 09:45:35,S,646.95,6,149
2021-06-15 09:45:35,S,647.0,5,312
2021-06-15 09:45:35,S,647.1,3,53
2021-06-15 09:45:35,S,646.05,2,66
2021-06-15 09:45:35,S,646.0,2,17
2021-06-15 09:45:35,S,645.95,1,27
2021-06-15 09:45:35,S,645.8,1,27
2021-06-15 09:45:35,S,645.75,1,13
2021-06-15 09:45:37,S,645.85,1,46
2021-06-15 09:45:37,S,645.7,3,163
2021-06-15 09:45:47,S,646.2,1,100
2021-06-15 09:45:47,S,646.45,1,7
2021-06-15 09:45:47,S,646.5,2,51
2021-06-15 09:45:47,S,645.7,4,209
2021-06-15 09:45:47,S,645.65,1,103
2021-06-15 09:45:48,S,646.5,1,40
2021-06-15 09:45:48,S,646.75,1,27
2021-06-15 09:45:48,S,645.6,3,90
2021-06-15 09:45:56,S,646.5,1,35
2021-06-15 09:45:56,S,646.65,2,34
2021-06-15 09:45:58,S,646.65,1,27
2021-06-15 09:45:58,S,646.8,1,10
2021-06-15 09:45:58,S,645.85,4,80
2021-06-15 09:45:58,S,645.8,2,61
2021-06-15 09:45:58,S,645.6,2,15
2021-06-15 09:46:03,S,646.75,2,108
2021-06-15 09:46:03,S,646.8,2,23
2021-06-15 09:46:03,S,645.8,1,48
2021-06-15 09:46:03,S,645.65,3,207
2021-06-15 09:46:09,S,646.5,2,43
2021-06-15 09:46:09,S,646.6,1,9
2021-06-15 09:46:09,S,646.7,2,53
2021-06-15 09:46:09,S,645.9,3,73
2021-06-15 09:46:09,S,645.85,1,13
2021-06-15 09:46:09,S,645.65,4,254
2021-06-15 09:46:18,S,646.45,2,57
2021-06-15 09:46:18,S,646.5,3,93
2021-06-15 09:46:18,S,646.55,2,34
2021-06-15 09:46:18,S,645.8,2,66
2021-06-15 09:46:18,S,645.7,1,75
2021-06-15 09:46:18,S,645.65,4,214
2021-06-15 09:46:20,S,646.45,3,57
2021-06-15 09:46:20,S,646.5,2,63
2021-06-15 09:46:20,S,646.7,1,7
2021-06-15 09:46:20,S,646.75,1,101
2021-06-15 09:46:20,S,646.8,3,36
2021-06-15 09:46:20,S,645.7,3,73
2021-06-15 09:46:20,S,645.6,3,152
2021-06-15 09:46:20,S,645.55,1,100
2021-06-15 09:46:20,S,645.5,2,63
2021-06-15 09:46:30,S,646.5,1,50
2021-06-15 09:46:30,S,646.3,1,200
2021-06-15 09:46:30,S,645.85,1,49
2021-06-15 09:46:34,S,646.7,2,9
2021-06-15 09:46:34,S,646.75,2,147
2021-06-15 09:46:34,S,646.8,4,85
2021-06-15 09:46:34,S,646.9,1,7
2021-06-15 09:46:34,S,646.3,1,195
2021-06-15 09:46:34,S,646.0,1,7
2021-06-15 09:46:34,S,645.85,2,76
2021-06-15 09:46:40,S,646.4,3,69
2021-06-15 09:46:40,S,646.45,2,9
2021-06-15 09:46:40,S,646.55,1,13
2021-06-15 09:46:40,S,646.65,1,75
2021-06-15 09:46:40,S,645.7,2,66
2021-06-15 09:46:40,S,645.65,1,27
2021-06-15 09:46:40,S,645.5,1,27
2021-06-15 09:46:44,S,646.4,4,87
2021-06-15 09:46:44,S,646.5,2,55
2021-06-15 09:46:44,S,646.6,1,27
2021-06-15 09:46:44,S,645.35,1,48
2021-06-15 09:46:49,S,646.25,2,20
2021-06-15 09:46:49,S,646.45,1,12
2021-06-15 09:46:56,S,646.15,2,34
2021-06-15 09:46:56,S,645.6,1,2
2021-06-15 09:46:58,S,645.7,1,2
2021-06-15 09:46:58,S,645.9,1,27
2021-06-15 09:46:58,S,645.15,1,3
2021-06-15 09:46:58,S,645.05,4,233
2021-06-15 09:47:07,S,645.6,1,200
2021-06-15 09:47:07,S,645.65,2,47
2021-06-15 09:47:07,S,645.8,2,14
2021-06-15 09:47:07,S,645.95,1,50
2021-06-15 09:47:07,S,645.1,2,150
2021-06-15 09:47:07,S,645.05,3,100
2021-06-15 09:47:07,S,644.9,1,3
2021-06-15 09:47:08,S,645.25,3,73
2021-06-15 09:47:08,S,645.05,4,230
2021-06-15 09:47:08,S,644.95,1,7
2021-06-15 09:47:15,S,646.0,4,307
2021-06-15 09:47:15,S,646.3,1,13
2021-06-15 09:47:15,S,645.25,2,27
2021-06-15 09:47:15,S,645.05,6,377
2021-06-15 09:47:15,S,645.0,3,235
2021-06-15 09:47:19,S,646.0,3,258
2021-06-15 09:47:24,S,646.0,3,296
2021-06-15 09:47:24,S,646.3,2,61
2021-06-15 09:47:24,S,645.3,2,27
2021-06-15 09:47:24,S,645.25,2,22
2021-06-15 09:47:24,S,645.2,3,158
2021-06-15 09:47:39,S,646.0,2,96
2021-06-15 09:47:39,S,646.3,1,48
2021-06-15 09:47:39,S,645.5,1,45
2021-06-15 09:47:39,S,645.45,1,9
2021-06-15 09:47:40,S,645.5,2,52
2021-06-15 09:47:40,S,645.45,2,29
2021-06-15 09:47:49,S,646.0,2,71
2021-06-15 09:47:49,S,646.25,2,227
2021-06-15 09:47:49,S,646.45,1,27
2021-06-15 09:47:49,S,645.4,3,40
2021-06-15 09:47:49,S,645.3,1,9
2021-06-15 09:47:49,S,645.25,1,13
2021-06-15 09:47:49,S,645.2,2,83
2021-06-15 09:47:54,S,646.25,1,200
2021-06-15 09:47:55,S,645.65,1,9
2021-06-15 09:48:00,S,646.4,1,46
2021-06-15 09:48:09,S,646.5,4,302
2021-06-15 09:48:09,S,645.65,2,16
2021-06-15 09:48:09,S,645.6,2,69
2021-06-15 09:48:09,S,645.45,1,27
2021-06-15 09:48:14,S,646.25,1,100
2021-06-15 09:48:21,S,646.25,2,103
2021-06-15 09:48:21,S,646.5,4,304
2021-06-15 09:48:21,S,646.0,1,4
2021-06-15 09:48:21,S,645.75,1,9
2021-06-15 09:48:21,S,645.6,1,49
2021-06-15 09:48:24,S,646.65,1,7
2021-06-15 09:48:24,S,646.7,3,155
2021-06-15 09:48:24,S,645.65,2,54
2021-06-15 09:48:24,S,645.55,1,13
2021-06-15 09:48:34,S,646.35,2,21
2021-06-15 09:48:34,S,645.5,2,14
2021-06-15 09:48:43,S,646.35,1,9
2021-06-15 09:48:43,S,646.45,2,22
2021-06-15 09:48:43,S,645.55,3,40
2021-06-15 09:48:50,S,646.25,4,102
2021-06-15 09:48:50,S,646.5,5,331
2021-06-15 09:48:50,S,645.55,2,33
2021-06-15 09:48:50,S,645.45,1,46
2021-06-15 09:48:50,S,645.4,1,13
2021-06-15 09:48:55,S,646.2,3,46
2021-06-15 09:48:55,S,646.3,1,12
2021-06-15 09:48:55,S,646.4,2,17
2021-06-15 09:48:59,S,646.2,2,11
2021-06-15 09:48:59,S,645.5,1,20
2021-06-15 09:48:59,S,645.35,1,46
2021-06-15 09:49:12,S,646.1,1,9
2021-06-15 09:49:12,S,646.15,1,47
2021-06-15 09:49:12,S,646.2,2,9
2021-06-15 09:49:12,S,646.25,2,76
2021-06-15 09:49:12,S,645.25,3,71
2021-06-15 09:49:13,S,646.25,5,333
2021-06-15 09:49:13,S,646.55,2,39
2021-06-15 09:49:13,S,645.25,4,78
2021-06-15 09:49:18,S,646.25,3,276
2021-06-15 09:49:18,S,645.5,2,69
2021-06-15 09:49:24,S,646.4,1,6
2021-06-15 09:49:24,S,645.5,1,47
2021-06-15 09:49:24,S,645.3,1,20
2021-06-15 09:49:24,S,645.25,3,31
2021-06-15 09:49:28,S,646.2,2,6
2021-06-15 09:49:28,S,646.25,4,288
2021-06-15 09:49:28,S,645.4,2,32
2021-06-15 09:49:28,S,645.3,1,50
2021-06-15 09:49:52,S,646.25,4,90
2021-06-15 09:50:07,S,646.25,3,63
2021-06-15 09:50:07,S,646.3,1,15
2021-06-15 09:50:07,S,645.5,3,34
2021-06-15 09:50:07,S,645.45,1,47
2021-06-15 09:50:17,S,646.2,4,49
2021-06-15 09:50:17,S,645.5,2,27
2021-06-15 09:50:17,S,645.45,2,49
2021-06-15 09:50:23,S,646.1,3,37
2021-06-15 09:50:23,S,646.15,3,59
2021-06-15 09:50:26,S,646.25,3,68
2021-06-15 09:50:26,S,646.3,2,58
2021-06-15 09:50:26,S,645.4,2,57
2021-06-15 09:50:38,S,646.4,3,63
2021-06-15 09:50:38,S,645.55,3,34
2021-06-15 09:50:38,S,645.15,1,12
2021-06-15 09:50:43,S,646.2,3,17
2021-06-15 09:50:43,S,646.25,2,61
2021-06-15 09:50:43,S,646.4,1,49
2021-06-15 09:50:43,S,645.5,1,49
2021-06-15 09:50:43,S,645.45,2,27
2021-06-15 09:50:50,S,646.4,2,56
2021-06-15 09:50:50,S,645.5,2,61
2021-06-15 09:50:50,S,645.1,3,151
2021-06-15 09:50:54,S,646.5,5,309
2021-06-15 09:50:54,S,646.55,1,27
2021-06-15 09:50:54,S,646.6,2,24
2021-06-15 09:50:54,S,645.55,4,74
2021-06-15 09:50:54,S,645.2,2,20
2021-06-15 09:50:54,S,645.1,5,697
2021-06-15 09:51:01,S,646.25,2,28
2021-06-15 09:51:01,S,646.6,3,74
2021-06-15 09:51:01,S,645.7,3,34
2021-06-15 09:51:01,S,645.65,1,75
2021-06-15 09:51:01,S,645.6,2,100
2021-06-15 09:51:04,S,646.4,1,68
2021-06-15 09:51:04,S,646.6,1,50
2021-06-15 09:51:04,S,646.05,1,5
2021-06-15 09:51:04,S,645.75,2,69
2021-06-15 09:51:04,S,645.7,2,14
2021-06-15 09:51:11,S,646.2,2,88
2021-06-15 09:51:11,S,646.4,2,34
2021-06-15 09:51:11,S,646.5,3,255
2021-06-15 09:51:11,S,645.6,3,77
2021-06-15 09:51:11,S,645.55,2,52
2021-06-15 09:51:12,S,646.2,4,94
2021-06-15 09:51:12,S,645.15,2,150
2021-06-15 09:51:16,S,645.05,2,80
2021-06-15 09:51:21,S,645.05,3,155
2021-06-15 09:51:25,S,645.95,4,102
2021-06-15 09:51:25,S,646.25,3,71
2021-06-15 09:51:31,S,645.85,3,95
2021-06-15 09:51:35,S,645.85,3,94
2021-06-15 09:51:35,S,646.0,1,2000
2021-06-15 09:51:35,S,645.1,3,549
2021-06-15 09:51:45,S,645.9,1,45
2021-06-15 09:52:12,S,645.85,2,74
2021-06-15 09:52:12,S,645.95,2,27
2021-06-15 09:52:12,S,646.2,1,12
2021-06-15 09:52:18,S,645.9,1,7
2021-06-15 09:52:18,S,645.95,1,19
2021-06-15 09:52:18,S,645.85,1,20
2021-06-15 09:52:29,S,645.95,2,26
2021-06-15 09:52:29,S,646.2,2,14
2021-06-15 09:52:29,S,646.25,3,49
2021-06-15 09:52:29,S,646.4,1,50
2021-06-15 09:52:38,S,646.0,2,2250
2021-06-15 09:52:38,S,646.05,1,20
2021-06-15 09:52:38,S,645.85,1,15
2021-06-15 09:52:42,S,645.8,1,1985
2021-06-15 09:52:42,S,645.95,1,20
2021-06-15 09:52:42,S,645.6,1,5
2021-06-15 09:52:46,S,645.55,1,40
2021-06-15 09:52:46,S,645.3,2,125
2021-06-15 09:52:46,S,645.1,2,501
2021-06-15 09:52:50,S,645.6,1,75
2021-06-15 09:52:50,S,645.8,2,1924
2021-06-15 09:52:54,S,645.55,1,39
2021-06-15 09:53:02,S,645.8,1,1674
2021-06-15 09:53:02,S,645.55,1,30
2021-06-15 09:53:02,S,645.25,2,107
2021-06-15 09:53:04,S,645.8,1,1672
2021-06-15 09:53:04,S,645.85,1,6
2021-06-15 09:53:04,S,645.55,1,24
2021-06-15 09:53:04,S,645.5,1,250
2021-06-15 09:53:04,S,645.3,2,82
2021-06-15 09:53:10,S,645.8,1,472
2021-06-15 09:53:10,S,645.95,1,7
2021-06-15 09:53:10,S,645.25,1,100
2021-06-15 09:53:13,S,646.0,1,250
2021-06-15 09:53:18,S,646.0,2,347
2021-06-15 09:53:18,S,645.7,2,8
2021-06-15 09:53:18,S,645.55,1,18
2021-06-15 09:53:18,S,645.35,2,34
2021-06-15 09:53:18,S,645.3,2,150
2021-06-15 09:53:22,S,645.65,2,91
2021-06-15 09:53:22,S,645.5,1,7
2021-06-15 09:53:22,S,645.45,1,1
2021-06-15 09:53:27,S,645.65,3,98
2021-06-15 09:53:27,S,645.55,1,1
2021-06-15 09:53:27,S,645.35,1,27
2021-06-15 09:53:27,S,645.3,1,75
2021-06-15 09:53:50,S,646.0,2,344
2021-06-15 09:53:50,S,646.2,1,20
2021-06-15 09:53:50,S,645.85,1,16
2021-06-15 09:53:50,S,645.6,1,500
2021-06-15 09:53:58,S,646.2,1,1
2021-06-15 09:53:58,S,646.25,2,22
2021-06-15 09:53:58,S,646.35,1,26
2021-06-15 09:53:58,S,646.0,2,181
2021-06-15 09:53:59,S,646.45,2,29
2021-06-15 09:53:59,S,646.5,3,225
2021-06-15 09:53:59,S,646.0,1,155
2021-06-15 09:54:11,S,646.45,3,49
2021-06-15 09:54:11,S,646.65,3,274
2021-06-15 09:54:11,S,646.7,2,7
2021-06-15 09:54:11,S,646.0,1,55
2021-06-15 09:54:11,S,645.85,1,7
2021-06-15 09:54:11,S,645.8,1,30
2021-06-15 09:54:11,S,645.75,1,1
2021-06-15 09:54:11,S,645.7,1,47
2021-06-15 09:54:14,S,646.0,4,150
2021-06-15 09:54:14,S,646.05,1,50
2021-06-15 09:54:14,S,646.2,2,34
2021-06-15 09:54:14,S,646.35,1,12
2021-06-15 09:54:14,S,645.1,1,348
2021-06-15 09:54:14,S,645.05,3,173
2021-06-15 09:54:18,S,646.35,1,20
2021-06-15 09:54:18,S,646.4,4,50
2021-06-15 09:54:18,S,646.45,4,182
2021-06-15 09:54:18,S,646.5,3,250
2021-06-15 09:54:18,S,646.65,2,227
2021-06-15 09:54:18,S,645.55,2,14
2021-06-15 09:54:18,S,645.45,1,49
2021-06-15 09:54:34,S,646.2,1,24
2021-06-15 09:54:34,S,646.25,1,20
2021-06-15 09:54:34,S,646.4,2,19
2021-06-15 09:54:34,S,645.45,2,56
2021-06-15 09:54:34,S,645.4,1,27
2021-06-15 09:54:37,S,645.9,2,27
2021-06-15 09:54:37,S,645.95,1,21
2021-06-15 09:54:37,S,646.05,1,48
2021-06-15 09:54:37,S,646.1,1,27
2021-06-15 09:54:37,S,645.3,1,10
2021-06-15 09:54:37,S,645.2,1,47
2021-06-15 09:54:41,S,645.95,1,17
2021-06-15 09:54:41,S,646.0,2,20
2021-06-15 09:54:41,S,646.05,1,7
2021-06-15 09:54:41,S,646.4,1,12
2021-06-15 09:54:48,S,645.95,3,34
2021-06-15 09:54:48,S,645.35,2,67
2021-06-15 09:54:48,S,645.25,1,12
2021-06-15 09:54:48,S,645.15,1,75
2021-06-15 09:54:53,S,645.95,3,44
2021-06-15 09:54:55,S,645.95,3,39
2021-06-15 09:54:55,S,646.0,1,10
2021-06-15 09:54:55,S,645.3,2,17
2021-06-15 09:55:02,S,645.95,2,19
2021-06-15 09:55:02,S,646.0,2,30
2021-06-15 09:55:02,S,646.2,2,55
2021-06-15 09:55:02,S,645.4,2,17
2021-06-15 09:55:02,S,645.35,1,45
2021-06-15 09:55:02,S,645.15,2,87
2021-06-15 09:55:02,S,645.1,2,375
2021-06-15 09:55:02,S,645.05,4,257
2021-06-15 09:55:08,S,645.9,1,20
2021-06-15 09:55:08,S,645.95,1,12
2021-06-15 09:55:08,S,646.0,2,22
2021-06-15 09:55:08,S,646.05,1,27
2021-06-15 09:55:08,S,646.1,1,7
2021-06-15 09:55:08,S,645.2,2,52
2021-06-15 09:55:08,S,645.15,2,82
2021-06-15 09:55:08,S,645.0,11,590
2021-06-15 09:55:13,S,646.35,1,27
2021-06-15 09:55:13,S,645.3,1,27
2021-06-15 09:55:18,S,645.45,1,5
2021-06-15 09:55:18,S,645.1,2,360
2021-06-15 09:55:23,S,646.2,2,32
2021-06-15 09:55:23,S,646.35,2,75
2021-06-15 09:55:23,S,645.45,3,62
2021-06-15 09:55:23,S,645.4,2,19
2021-06-15 09:55:23,S,645.15,2,80
2021-06-15 09:55:23,S,645.1,4,1372
2021-06-15 09:55:23,S,645.05,3,182
2021-06-15 09:55:31,S,646.2,1,5
2021-06-15 09:55:31,S,646.35,2,34
2021-06-15 09:55:31,S,646.45,3,155
2021-06-15 09:55:31,S,645.65,1,10
2021-06-15 09:55:31,S,645.6,1,50
2021-06-15 09:55:31,S,645.45,1,7
2021-06-15 09:55:36,S,646.55,1,12
2021-06-15 09:55:40,S,645.35,1,12
2021-06-15 09:55:40,S,645.1,5,1379
2021-06-15 09:55:45,S,646.5,4,218
2021-06-15 09:55:45,S,645.05,4,194
2021-06-15 09:55:57,S,646.15,6,234
2021-06-15 09:55:57,S,646.2,3,1217
2021-06-15 09:55:57,S,646.25,1,27
2021-06-15 09:55:57,S,646.45,2,11
2021-06-15 09:55:57,S,646.5,3,217
2021-06-15 09:55:57,S,645.25,2,32
2021-06-15 09:55:57,S,645.1,3,1355
2021-06-15 09:55:59,S,645.25,1,20
2021-06-15 09:56:03,S,645.25,2,69
2021-06-15 09:56:03,S,645.15,4,167
2021-06-15 09:56:10,S,646.0,1,25
2021-06-15 09:56:10,S,646.3,2,39
2021-06-15 09:56:12,S,646.3,1,27
2021-06-15 09:56:28,S,646.0,1,15
2021-06-15 09:56:32,S,646.1,2,8
2021-06-15 09:56:32,S,646.15,2,82
2021-06-15 09:56:32,S,645.5,1,50
2021-06-15 09:56:32,S,645.45,1,25
2021-06-15 09:56:40,S,646.15,3,72
2021-06-15 09:56:40,S,646.2,3,1212
2021-06-15 09:56:40,S,646.45,2,17
2021-06-15 09:56:40,S,645.5,1,40
2021-06-15 09:56:40,S,645.3,2,32
2021-06-15 09:56:42,S,646.15,2,65
2021-06-15 09:56:50,S,646.1,2,14
2021-06-15 09:56:50,S,646.15,3,163
2021-06-15 09:56:50,S,646.2,3,1232
2021-06-15 09:56:50,S,646.25,1,46
2021-06-15 09:56:50,S,645.3,2,71
2021-06-15 09:56:50,S,645.2,1,20
2021-06-15 09:56:50,S,645.15,5,169
2021-06-15 09:56:50,S,645.1,2,1348
2021-06-15 09:56:54,S,646.15,1,7
2021-06-15 09:56:54,S,646.45,3,29
2021-06-15 09:56:54,S,645.45,2,43
2021-06-15 09:56:58,S,646.15,2,19
2021-06-15 09:56:58,S,646.2,2,1205
2021-06-15 09:56:58,S,646.3,1,7
2021-06-15 09:56:58,S,646.35,2,77
2021-06-15 09:56:58,S,646.45,4,41
2021-06-15 09:56:58,S,645.4,3,34
2021-06-15 09:56:58,S,645.35,3,162
2021-06-15 09:56:58,S,645.3,3,89
2021-06-15 09:56:58,S,645.15,1,5
2021-06-15 09:57:00,S,645.5,3,94
2021-06-15 09:57:00,S,645.45,3,84
2021-06-15 09:57:14,S,646.25,1,7
2021-06-15 09:57:14,S,646.3,1,1
2021-06-15 09:57:14,S,645.4,1,20
2021-06-15 09:57:18,S,646.2,3,825
2021-06-15 09:57:18,S,646.25,2,19
2021-06-15 09:57:18,S,646.4,1,27
2021-06-15 09:57:18,S,646.45,3,87
2021-06-15 09:57:18,S,645.7,1,6
2021-06-15 09:57:18,S,645.5,1,12
2021-06-15 09:57:18,S,645.45,2,38
2021-06-15 09:57:18,S,645.4,2,70
2021-06-15 09:57:35,S,646.2,3,826
2021-06-15 09:57:35,S,646.25,1,12
2021-06-15 09:57:35,S,645.5,2,54
2021-06-15 09:57:35,S,645.45,3,43
2021-06-15 09:57:35,S,645.35,3,170
2021-06-15 09:57:48,S,646.5,3,253
2021-06-15 09:57:48,S,645.5,6,257
2021-06-15 09:57:55,S,646.15,1,20
2021-06-15 09:57:55,S,646.3,1,2
2021-06-15 09:57:55,S,645.5,5,211
2021-06-15 09:57:55,S,645.45,4,156
2021-06-15 09:57:55,S,645.4,1,12
2021-06-15 09:57:55,S,645.3,3,70
2021-06-15 09:57:55,S,645.2,1,12
2021-06-15 09:58:02,S,645.45,4,148
2021-06-15 09:58:02,S,645.35,2,27
2021-06-15 09:58:02,S,645.15,4,138
2021-06-15 09:58:20,S,646.15,3,97
2021-06-15 09:58:20,S,646.2,3,836
2021-06-15 09:58:20,S,645.5,3,107
2021-06-15 09:58:20,S,645.4,1,47
2021-06-15 09:58:20,S,645.3,3,69
2021-06-15 09:58:20,S,646.2,3,869
2021-06-15 09:58:20,S,646.3,1,26
2021-06-15 09:58:20,S,645.5,3,97
2021-06-15 09:58:20,S,645.35,1,20
2021-06-15 09:58:20,S,645.3,3,50
2021-06-15 09:58:48,S,646.0,1,2
2021-06-15 09:58:48,S,646.15,4,102
2021-06-15 09:58:48,S,646.3,2,72
2021-06-15 09:58:48,S,645.5,4,297
2021-06-15 09:58:48,S,645.4,1,7
2021-06-15 09:58:48,S,645.25,2,67
2021-06-15 09:58:51,S,645.45,5,164
2021-06-15 09:59:09,S,646.15,4,106
2021-06-15 09:59:09,S,646.3,2,75
2021-06-15 09:59:09,S,646.45,2,16
2021-06-15 09:59:09,S,645.5,5,304
2021-06-15 09:59:09,S,645.45,6,175
2021-06-15 09:59:09,S,645.3,2,43
2021-06-15 09:59:09,S,645.25,1,19
2021-06-15 09:59:14,S,646.45,2,52
2021-06-15 09:59:14,S,645.5,5,317
2021-06-15 09:59:14,S,645.4,1,49
2021-06-15 09:59:20,S,646.15,2,93
2021-06-15 09:59:20,S,646.0,1,160
2021-06-15 09:59:20,S,645.45,5,155
2021-06-15 09:59:23,S,646.0,2,161
2021-06-15 09:59:27,S,646.0,3,171
2021-06-15 09:59:27,S,645.5,5,323
2021-06-15 09:59:40,S,646.15,1,68
2021-06-15 09:59:40,S,646.4,3,15
2021-06-15 09:59:40,S,645.6,1,20
2021-06-15 09:59:46,S,646.0,4,181
2021-06-15 09:59:46,S,645.75,1,47
2021-06-15 09:59:54,S,646.0,3,21
2021-06-15 09:59:54,S,645.55,1,20
2021-06-15 09:59:54,S,645.5,4,248
2021-06-15 09:59:55,S,646.4,2,8
2021-06-15 09:59:55,S,646.45,3,106
2021-06-15 09:59:55,S,645.6,1,47
2021-06-15 09:59:55,S,645.55,4,177
2021-06-15 10:00:05,S,646.1,1,25
2021-06-15 10:00:05,S,646.05,1,250
2021-06-15 10:00:16,S,646.1,1,18
2021-06-15 10:00:16,S,646.05,1,246
2021-06-15 10:00:28,S,646.05,2,253
2021-06-15 10:00:37,S,646.05,2,244
2021-06-15 10:00:39,S,646.2,2,824
2021-06-15 10:00:52,S,646.05,2,242
2021-06-15 10:00:58,S,646.1,1,8
2021-06-15 10:00:58,S,646.2,1,823
2021-06-15 10:00:58,S,646.05,2,241
2021-06-15 10:00:58,S,645.65,3,102
2021-06-15 10:00:58,S,645.5,3,241
2021-06-15 10:01:06,S,646.1,1,5
2021-06-15 10:01:06,S,646.05,1,234
2021-06-15 10:01:06,S,645.8,1,20
2021-06-15 10:01:19,S,646.4,1,1
2021-06-15 10:01:19,S,646.05,1,139
2021-06-15 10:01:19,S,646.0,4,31
2021-06-15 10:01:19,S,645.7,1,7
2021-06-15 10:01:19,S,645.6,2,93
2021-06-15 10:01:22,S,646.2,1,811
2021-06-15 10:01:39,S,646.05,1,11
2021-06-15 10:01:39,S,646.15,1,1
2021-06-15 10:01:39,S,646.2,3,844
2021-06-15 10:01:39,S,646.25,2,193
2021-06-15 10:01:39,S,646.3,1,49
2021-06-15 10:01:39,S,645.55,2,82
2021-06-15 10:01:39,S,645.5,3,235
2021-06-15 10:01:39,S,645.3,4,116
2021-06-15 10:01:48,S,646.2,2,723
2021-06-15 10:01:48,S,646.45,3,130
2021-06-15 10:01:48,S,645.6,2,54
2021-06-15 10:01:48,S,645.55,4,216
2021-06-15 10:01:54,S,646.2,1,706
2021-06-15 10:01:54,S,646.55,2,56
2021-06-15 10:01:54,S,646.05,1,90
2021-06-15 10:01:54,S,645.65,1,7
2021-06-15 10:01:54,S,645.6,4,100
2021-06-15 10:01:56,S,646.2,1,356
2021-06-15 10:01:56,S,646.25,1,186
2021-06-15 10:01:56,S,646.55,1,49
2021-06-15 10:01:56,S,645.7,1,50
2021-06-15 10:01:56,S,645.65,2,22
2021-06-15 10:01:56,S,645.6,3,53
2021-06-15 10:01:56,S,645.55,2,121
2021-06-15 10:01:56,S,645.5,3,226
2021-06-15 10:01:59,S,645.65,1,15
2021-06-15 10:02:09,S,645.8,3,59
2021-06-15 10:02:09,S,645.75,3,81
2021-06-15 10:02:13,S,645.65,2,67
2021-06-15 10:02:18,S,646.25,2,92
2021-06-15 10:02:18,S,645.75,2,61
2021-06-15 10:02:28,S,645.8,1,7
2021-06-15 10:02:29,S,646.15,1,4
2021-06-15 10:02:29,S,646.4,2,54
2021-06-15 10:02:29,S,646.45,2,80
2021-06-15 10:02:29,S,645.75,1,15
2021-06-15 10:02:29,S,645.7,1,18
2021-06-15 10:02:29,S,645.6,1,7
2021-06-15 10:02:33,S,646.2,1,50
2021-06-15 10:02:33,S,646.45,1,5
2021-06-15 10:02:33,S,645.55,1,75
2021-06-15 10:02:39,S,645.75,2,92
2021-06-15 10:02:39,S,645.7,2,25
2021-06-15 10:02:39,S,645.65,1,20
2021-06-15 10:02:43,S,646.45,2,12
2021-06-15 10:02:54,S,646.1,1,50
2021-06-15 10:02:54,S,646.25,1,42
2021-06-15 10:02:54,S,646.45,4,112
2021-06-15 10:02:54,S,646.5,4,276
2021-06-15 10:02:54,S,645.6,2,27
2021-06-15 10:02:54,S,645.45,4,144
2021-06-15 10:03:02,S,646.4,1,35
2021-06-15 10:03:02,S,646.6,3,126
2021-06-15 10:03:02,S,645.75,2,55
2021-06-15 10:03:02,S,645.7,2,27
2021-06-15 10:03:02,S,645.6,2,43
2021-06-15 10:03:02,S,645.55,3,196
2021-06-15 10:03:07,S,646.4,2,42
2021-06-15 10:03:13,S,646.4,3,47
2021-06-15 10:03:13,S,646.6,2,51
2021-06-15 10:03:13,S,645.75,1,7
2021-06-15 10:03:13,S,645.6,2,71
2021-06-15 10:03:13,S,645.55,4,221
2021-06-15 10:03:23,S,646.4,4,54
2021-06-15 10:03:23,S,646.5,4,242
2021-06-15 10:03:23,S,646.65,2,226
2021-06-15 10:03:34,S,645.7,3,48
2021-06-15 10:03:34,S,645.55,3,175
2021-06-15 10:03:34,S,645.5,2,215
2021-06-15 10:03:39,S,646.4,4,44
2021-06-15 10:03:39,S,646.6,1,45
2021-06-15 10:03:39,S,645.65,1,12
2021-06-15 10:03:39,S,645.6,3,60
2021-06-15 10:03:39,S,645.55,2,150
2021-06-15 10:03:39,S,645.5,3,225
2021-06-15 10:03:53,S,646.4,4,42
2021-06-15 10:03:53,S,645.7,2,37
2021-06-15 10:03:53,S,645.65,4,173
2021-06-15 10:03:53,S,645.6,3,79
2021-06-15 10:03:53,S,645.55,1,7
2021-06-15 10:03:53,S,645.5,4,271
2021-06-15 10:04:01,S,646.4,3,35
2021-06-15 10:04:01,S,646.45,2,30
2021-06-15 10:04:01,S,646.5,3,231
2021-06-15 10:04:01,S,646.55,1,7
2021-06-15 10:04:01,S,646.6,2,120
2021-06-15 10:04:01,S,645.8,2,31
2021-06-15 10:04:01,S,645.75,1,50
2021-06-15 10:04:01,S,645.7,3,31
2021-06-15 10:04:01,S,645.65,4,249
2021-06-15 10:04:02,S,646.7,2,12
2021-06-15 10:04:15,S,646.5,2,205
2021-06-15 10:04:15,S,646.75,2,301
2021-06-15 10:04:15,S,645.9,1,47
2021-06-15 10:04:15,S,645.85,3,34
2021-06-15 10:04:15,S,645.8,1,11
2021-06-15 10:04:15,S,645.7,2,150
2021-06-15 10:04:15,S,645.65,3,145
2021-06-15 10:04:19,S,646.45,3,66
2021-06-15 10:04:19,S,646.7,2,31
2021-06-15 10:04:30,S,646.45,5,77
2021-06-15 10:04:30,S,646.5,4,258
2021-06-15 10:04:30,S,646.55,1,6
2021-06-15 10:04:30,S,646.6,1,75
2021-06-15 10:04:30,S,646.65,1,200
2021-06-15 10:04:30,S,645.75,2,27
2021-06-15 10:04:30,S,645.7,2,90
2021-06-15 10:04:30,S,645.65,4,190
2021-06-15 10:04:30,S,645.6,1,26
2021-06-15 10:04:30,S,645.5,5,247
2021-06-15 10:04:33,S,647.35,2,101
2021-06-15 10:04:33,S,646.35,2,27
2021-06-15 10:04:33,S,646.3,3,93
2021-06-15 10:04:33,S,646.25,1,104
2021-06-15 10:04:38,S,647.35,1,11
2021-06-15 10:04:57,S,646.95,4,109
2021-06-15 10:04:57,S,647.0,4,213
2021-06-15 10:04:57,S,647.35,2,86
2021-06-15 10:04:57,S,646.5,2,48
2021-06-15 10:04:57,S,646.4,1,20
2021-06-15 10:05:03,S,647.45,3,160
2021-06-15 10:05:03,S,647.5,2,247
2021-06-15 10:05:03,S,646.9,1,35
2021-06-15 10:05:03,S,646.55,1,20
2021-06-15 10:05:03,S,646.5,1,46
2021-06-15 10:05:04,S,647.2,2,13
2021-06-15 10:05:04,S,647.3,1,75
2021-06-15 10:05:04,S,646.2,1,7
2021-06-15 10:05:08,S,647.0,4,204
2021-06-15 10:05:08,S,647.05,1,26
2021-06-15 10:05:08,S,646.5,2,66
2021-06-15 10:05:08,S,646.45,1,45
2021-06-15 10:05:08,S,646.15,1,26
2021-06-15 10:05:16,S,647.0,3,198
2021-06-15 10:05:16,S,647.1,1,7
2021-06-15 10:05:16,S,646.9,1,85
2021-06-15 10:05:16,S,646.45,1,20
2021-06-15 10:05:16,S,646.4,1,7
2021-06-15 10:05:16,S,646.35,1,46
2021-06-15 10:05:18,S,646.9,1,15
2021-06-15 10:05:18,S,647.2,1,6
2021-06-15 10:05:18,S,646.45,2,66
2021-06-15 10:05:18,S,646.3,2,18
2021-06-15 10:05:18,S,646.25,1,50
2021-06-15 10:05:30,S,647.3,2,13
2021-06-15 10:05:30,S,647.35,2,125
2021-06-15 10:05:30,S,647.4,1,46
2021-06-15 10:05:30,S,646.9,1,30
2021-06-15 10:05:30,S,646.45,3,73
2021-06-15 10:05:33,S,647.35,1,99
2021-06-15 10:05:33,S,646.9,1,25
2021-06-15 10:05:33,S,646.3,1,11
2021-06-15 10:05:37,S,647.0,3,113
2021-06-15 10:05:37,S,646.9,1,24
2021-06-15 10:05:37,S,646.5,1,20
2021-06-15 10:05:39,S,647.0,3,63
2021-06-15 10:05:39,S,647.3,2,32
2021-06-15 10:05:39,S,646.5,2,50
2021-06-15 10:05:39,S,646.45,3,79
2021-06-15 10:05:39,S,646.4,1,47
2021-06-15 10:05:39,S,646.3,3,161
2021-06-15 10:05:45,S,647.3,1,6
2021-06-15 10:05:45,S,646.9,1,4
2021-06-15 10:05:45,S,646.6,1,20
2021-06-15 10:05:45,S,646.45,2,72
2021-06-15 10:05:50,S,646.9,1,46
2021-06-15 10:05:50,S,647.0,3,13
2021-06-15 10:05:50,S,647.15,1,35
2021-06-15 10:05:50,S,647.2,1,7
2021-06-15 10:05:50,S,646.6,2,66
2021-06-15 10:05:50,S,646.55,1,50
2021-06-15 10:05:50,S,646.5,2,37
2021-06-15 10:05:50,S,646.35,1,7
2021-06-15 10:05:54,S,647.5,2,207
2021-06-15 10:05:54,S,647.55,1,49
2021-06-15 10:05:54,S,646.7,3,73
2021-06-15 10:05:54,S,646.6,1,7
2021-06-15 10:05:54,S,646.5,1,30
2021-06-15 10:05:59,S,647.2,1,1
2021-06-15 10:05:59,S,647.25,1,200
2021-06-15 10:05:59,S,647.35,1,24
2021-06-15 10:05:59,S,647.4,1,6
2021-06-15 10:05:59,S,647.45,2,36
2021-06-15 10:05:59,S,646.7,3,38
2021-06-15 10:05:59,S,646.55,2,18
2021-06-15 10:05:59,S,646.5,2,76
2021-06-15 10:05:59,S,646.45,1,26
2021-06-15 10:06:02,S,647.5,1,200
2021-06-15 10:06:02,S,646.75,3,34
2021-06-15 10:06:02,S,646.65,1,47
2021-06-15 10:06:02,S,646.55,1,11
2021-06-15 10:06:11,S,647.45,1,10
2021-06-15 10:06:11,S,646.7,2,57
2021-06-15 10:06:12,S,647.25,1,25
2021-06-15 10:06:17,S,647.55,1,25
2021-06-15 10:06:17,S,647.6,1,6
2021-06-15 10:06:17,S,647.25,2,35
2021-06-15 10:06:17,S,647.0,2,49
2021-06-15 10:06:17,S,646.95,1,20
2021-06-15 10:06:17,S,646.75,3,40
2021-06-15 10:06:20,S,646.95,2,95
2021-06-15 10:06:20,S,646.9,2,97
2021-06-15 10:06:20,S,646.75,2,14
2021-06-15 10:06:26,S,647.3,1,300
2021-06-15 10:06:26,S,646.8,1,20
2021-06-15 10:06:26,S,646.75,3,63
2021-06-15 10:06:32,S,647.45,1,65
2021-06-15 10:06:32,S,647.5,2,210
2021-06-15 10:06:32,S,647.6,2,32
2021-06-15 10:06:34,S,647.75,2,210
2021-06-15 10:06:34,S,647.85,1,10
2021-06-15 10:06:34,S,647.1,1,49
2021-06-15 10:06:34,S,646.95,1,7
2021-06-15 10:06:38,S,647.75,3,236
2021-06-15 10:06:45,S,647.75,4,246
2021-06-15 10:06:45,S,647.25,1,50
2021-06-15 10:06:47,S,647.7,1,6
2021-06-15 10:06:47,S,646.95,2,53
2021-06-15 10:06:57,S,647.45,1,5
2021-06-15 10:06:57,S,647.5,2,165
2021-06-15 10:06:57,S,647.7,2,32
2021-06-15 10:06:57,S,647.25,1,40
2021-06-15 10:07:00,S,647.5,2,120
2021-06-15 10:07:00,S,647.7,3,39
2021-06-15 10:07:00,S,647.9,2,150
2021-06-15 10:07:00,S,647.05,1,20
2021-06-15 10:07:00,S,647.0,1,4
2021-06-15 10:07:00,S,646.95,1,46
2021-06-15 10:07:00,S,646.9,1,50
2021-06-15 10:07:08,S,647.95,4,145
2021-06-15 10:07:08,S,648.15,2,56
2021-06-15 10:07:08,S,647.45,1,186
2021-06-15 10:07:08,S,647.3,2,70
2021-06-15 10:07:08,S,647.1,2,14
2021-06-15 10:07:08,S,647.05,1,46
2021-06-15 10:07:16,S,647.65,1,29
2021-06-15 10:07:16,S,647.75,3,220
2021-06-15 10:07:16,S,647.95,3,51
2021-06-15 10:07:16,S,648.1,1,26
2021-06-15 10:07:16,S,647.45,1,171
2021-06-15 10:07:16,S,647.3,1,20
2021-06-15 10:07:16,S,647.25,1,30
2021-06-15 10:07:16,S,647.2,2,56
2021-06-15 10:07:16,S,647.15,1,7
2021-06-15 10:07:22,S,647.75,1,200
2021-06-15 10:07:22,S,648.35,2,85
2021-06-15 10:07:22,S,647.7,1,75
2021-06-15 10:07:22,S,647.65,1,400
2021-06-15 10:07:22,S,647.6,1,20
2021-06-15 10:07:22,S,647.55,1,7
2021-06-15 10:07:22,S,647.45,1,166
2021-06-15 10:07:23,S,647.95,2,45
2021-06-15 10:07:23,S,648.0,3,203
2021-06-15 10:07:23,S,648.1,1,20
2021-06-15 10:07:23,S,648.15,1,26
2021-06-15 10:07:23,S,647.7,1,20
2021-06-15 10:07:23,S,647.65,1,395
2021-06-15 10:07:23,S,647.6,1,7
2021-06-15 10:07:23,S,647.55,1,46
2021-06-15 10:07:23,S,647.5,3,198
2021-06-15 10:07:29,S,648.25,1,200
2021-06-15 10:07:29,S,648.35,3,84
2021-06-15 10:07:29,S,648.4,1,25
2021-06-15 10:07:29,S,648.5,1,200
2021-06-15 10:07:29,S,648.6,1,36
2021-06-15 10:07:29,S,648.0,1,5
2021-06-15 10:07:29,S,647.95,1,455
2021-06-15 10:07:29,S,647.85,1,7
2021-06-15 10:07:29,S,647.8,1,47
2021-06-15 10:07:31,S,648.7,1,16
2021-06-15 10:07:31,S,648.95,3,57
2021-06-15 10:07:31,S,649.0,6,425
2021-06-15 10:07:31,S,648.2,1,20
2021-06-15 10:07:31,S,648.15,1,48
2021-06-15 10:07:31,S,648.1,1,7
2021-06-15 10:07:31,S,648.05,1,7
2021-06-15 10:07:31,S,648.0,1,11
2021-06-15 10:07:37,S,648.7,4,40
2021-06-15 10:07:37,S,648.75,3,294
2021-06-15 10:07:37,S,648.95,5,207
2021-06-15 10:07:37,S,649.0,7,436
2021-06-15 10:07:37,S,649.15,1,93
2021-06-15 10:07:37,S,648.0,1,20
2021-06-15 10:07:37,S,647.95,1,47
2021-06-15 10:07:37,S,647.9,2,57
2021-06-15 10:07:37,S,647.75,2,18
2021-06-15 10:07:37,S,647.7,1,7
2021-06-15 10:07:40,S,648.45,1,7
2021-06-15 10:07:40,S,648.5,1,20
2021-06-15 10:07:40,S,648.55,1,6
2021-06-15 10:07:40,S,648.6,1,50
2021-06-15 10:07:40,S,648.65,2,37
2021-06-15 10:07:40,S,648.05,1,4
2021-06-15 10:07:40,S,648.0,1,50
2021-06-15 10:07:40,S,647.8,1,46
2021-06-15 10:07:40,S,647.75,2,54
2021-06-15 10:07:40,S,647.7,1,11
2021-06-15 10:07:48,S,648.65,1,20
2021-06-15 10:07:48,S,648.75,2,244
2021-06-15 10:07:48,S,648.8,1,11
2021-06-15 10:07:48,S,648.9,1,6
2021-06-15 10:07:48,S,648.45,1,15
2021-06-15 10:07:48,S,648.25,1,4
2021-06-15 10:07:48,S,648.2,1,1
2021-06-15 10:07:48,S,648.1,1,48
2021-06-15 10:07:48,S,648.05,3,128
2021-06-15 10:07:51,S,648.95,1,1
2021-06-15 10:07:51,S,649.0,4,190
2021-06-15 10:07:51,S,649.3,3,152
2021-06-15 10:07:51,S,648.5,2,23
2021-06-15 10:07:51,S,648.45,1,49
2021-06-15 10:07:51,S,648.3,1,20
2021-06-15 10:07:51,S,648.25,1,11
2021-06-15 10:07:51,S,648.1,2,82
2021-06-15 10:07:55,S,649.35,2,110
2021-06-15 10:07:55,S,649.4,2,1007
2021-06-15 10:07:55,S,649.45,3,101
2021-06-15 10:07:55,S,648.7,1,20
2021-06-15 10:07:55,S,648.6,1,75
2021-06-15 10:08:02,S,649.4,1,534
2021-06-15 10:08:02,S,649.45,2,75
2021-06-15 10:08:02,S,649.5,1,20
2021-06-15 10:08:02,S,649.7,4,210
2021-06-15 10:08:02,S,649.0,1,20
2021-06-15 10:08:02,S,648.8,1,20
2021-06-15 10:08:02,S,648.75,2,52
2021-06-15 10:08:02,S,648.55,2,72
2021-06-15 10:08:06,S,652.0,1,98
2021-06-15 10:08:06,S,652.55,1,26
2021-06-15 10:08:06,S,651.5,3,82
2021-06-15 10:08:06,S,651.45,1,1
2021-06-15 10:08:06,S,651.35,1,47
2021-06-15 10:08:09,S,652.25,2,33
2021-06-15 10:08:09,S,652.3,1,8
2021-06-15 10:08:09,S,651.45,1,20
2021-06-15 10:08:09,S,651.3,2,14
2021-06-15 10:08:09,S,651.25,1,46
2021-06-15 10:08:09,S,651.15,1,50
2021-06-15 10:08:13,S,653.0,3,154
2021-06-15 10:08:13,S,653.45,1,10
2021-06-15 10:08:13,S,653.8,1,25
2021-06-15 10:08:13,S,653.95,2,113
2021-06-15 10:08:13,S,654.0,9,644
2021-06-15 10:08:13,S,652.8,3,155
2021-06-15 10:08:13,S,652.75,1,350
2021-06-15 10:08:18,S,655.35,1,20
2021-06-15 10:08:18,S,655.4,1,2
2021-06-15 10:08:18,S,655.6,1,26
2021-06-15 10:08:18,S,655.9,2,101
2021-06-15 10:08:18,S,654.6,4,113
2021-06-15 10:08:18,S,654.55,2,9
2021-06-15 10:08:18,S,654.3,2,37
2021-06-15 10:08:18,S,654.2,1,75
2021-06-15 10:08:18,S,654.15,1,105
2021-06-15 10:08:22,S,656.4,1,10
2021-06-15 10:08:22,S,656.7,1,2
2021-06-15 10:08:22,S,656.75,1,1
2021-06-15 10:08:22,S,656.85,1,1000
2021-06-15 10:08:22,S,656.15,4,164
2021-06-15 10:08:22,S,656.1,1,250
2021-06-15 10:08:22,S,656.0,3,797
2021-06-15 10:08:22,S,655.65,1,26
2021-06-15 10:08:22,S,655.5,1,500
2021-06-15 10:08:25,S,656.75,2,54
2021-06-15 10:08:25,S,656.8,2,33
2021-06-15 10:08:25,S,656.85,3,45
2021-06-15 10:08:25,S,656.9,1,25
2021-06-15 10:08:25,S,656.95,2,85
2021-06-15 10:08:25,S,656.1,1,427
2021-06-15 10:08:25,S,656.0,4,1098
2021-06-15 10:08:25,S,655.55,2,150
2021-06-15 10:08:30,S,655.7,4,172
2021-06-15 10:08:30,S,655.75,2,113
2021-06-15 10:08:30,S,655.9,1,7
2021-06-15 10:08:30,S,655.95,1,26
2021-06-15 10:08:30,S,656.0,4,475
2021-06-15 10:08:30,S,654.75,1,22
2021-06-15 10:08:30,S,654.7,2,11
2021-06-15 10:08:30,S,653.75,2,26
2021-06-15 10:08:34,S,654.2,1,2
2021-06-15 10:08:34,S,654.65,1,26
2021-06-15 10:08:34,S,654.7,2,201
2021-06-15 10:08:34,S,653.25,1,36
2021-06-15 10:08:37,S,654.7,1,7
2021-06-15 10:08:37,S,654.9,3,349
2021-06-15 10:08:37,S,655.0,1,100
2021-06-15 10:08:37,S,653.95,2,9
2021-06-15 10:08:37,S,653.9,2,55
2021-06-15 10:08:37,S,653.85,1,12
2021-06-15 10:08:37,S,653.55,2,38
2021-06-15 10:08:37,S,653.35,1,12
2021-06-15 10:08:42,S,654.7,1,115
2021-06-15 10:08:42,S,654.75,1,135
2021-06-15 10:08:42,S,655.0,2,126
2021-06-15 10:08:42,S,655.1,1,26
2021-06-15 10:08:42,S,655.15,1,105
2021-06-15 10:08:42,S,654.25,4,61
2021-06-15 10:08:42,S,654.05,2,150
2021-06-15 10:08:42,S,654.0,3,276
2021-06-15 10:08:46,S,654.9,1,27
2021-06-15 10:08:46,S,655.0,1,35
2021-06-15 10:08:46,S,655.5,1,4
2021-06-15 10:08:46,S,655.55,1,7
2021-06-15 10:08:46,S,654.8,1,4
2021-06-15 10:08:46,S,654.75,4,154
2021-06-15 10:08:46,S,654.7,1,100
2021-06-15 10:08:46,S,654.25,1,26
2021-06-15 10:08:51,S,655.95,3,10
2021-06-15 10:08:51,S,656.0,2,30
2021-06-15 10:08:51,S,656.1,6,116
2021-06-15 10:08:51,S,656.15,3,72
2021-06-15 10:08:51,S,656.3,1,7
2021-06-15 10:08:51,S,655.3,1,4
2021-06-15 10:08:51,S,655.25,1,49
2021-06-15 10:08:51,S,655.2,2,14
2021-06-15 10:08:51,S,655.1,1,12
2021-06-15 10:08:51,S,655.0,1,110
2021-06-15 10:08:55,S,656.1,2,13
2021-06-15 10:08:55,S,656.15,3,71
2021-06-15 10:08:55,S,656.25,3,23
2021-06-15 10:08:55,S,656.3,1,25
2021-06-15 10:08:55,S,656.35,2,150
2021-06-15 10:08:55,S,655.55,1,60
2021-06-15 10:08:55,S,655.5,1,1067
2021-06-15 10:08:55,S,654.85,1,3
2021-06-15 10:08:55,S,654.8,1,26
2021-06-15 10:08:59,S,654.8,1,199
2021-06-15 10:08:59,S,655.1,2,14
2021-06-15 10:08:59,S,655.15,1,47
2021-06-15 10:08:59,S,655.4,1,23
2021-06-15 10:08:59,S,655.55,2,8
2021-06-15 10:08:59,S,654.7,1,1
2021-06-15 10:08:59,S,654.25,1,4
2021-06-15 10:08:59,S,654.15,2,57
2021-06-15 10:09:03,S,658.55,1,3
2021-06-15 10:09:03,S,658.6,1,50
2021-06-15 10:09:03,S,658.7,4,155
2021-06-15 10:09:03,S,658.75,1,5
2021-06-15 10:09:03,S,658.85,1,45
2021-06-15 10:09:03,S,658.05,5,122
2021-06-15 10:09:03,S,658.0,2,1500
2021-06-15 10:09:03,S,657.8,1,300
2021-06-15 10:09:03,S,657.35,1,1
2021-06-15 10:09:03,S,657.3,2,43
2021-06-15 10:09:07,S,657.65,2,16
2021-06-15 10:09:07,S,657.7,1,48
2021-06-15 10:09:07,S,657.85,1,2
2021-06-15 10:09:07,S,657.9,1,7
2021-06-15 10:09:07,S,658.0,2,30
2021-06-15 10:09:07,S,657.05,1,26
2021-06-15 10:09:07,S,657.0,1,100
2021-06-15 10:09:07,S,656.9,2,7
2021-06-15 10:09:07,S,656.85,1,7
2021-06-15 10:09:07,S,656.8,1,48
2021-06-15 10:09:12,S,656.85,3,30
2021-06-15 10:09:12,S,656.9,2,148
2021-06-15 10:09:12,S,656.95,1,93
2021-06-15 10:09:12,S,657.1,1,7
2021-06-15 10:09:12,S,657.3,1,7
2021-06-15 10:09:12,S,655.95,1,2
2021-06-15 10:09:12,S,655.9,1,5
2021-06-15 10:09:12,S,655.85,1,12
2021-06-15 10:09:12,S,655.75,2,2
2021-06-15 10:09:12,S,655.7,4,175
2021-06-15 10:09:16,S,657.05,2,28
2021-06-15 10:09:16,S,657.1,1,48
2021-06-15 10:09:16,S,657.3,1,75
2021-06-15 10:09:16,S,657.35,2,306
2021-06-15 10:09:16,S,656.85,2,2
2021-06-15 10:09:16,S,656.35,1,2
2021-06-15 10:09:16,S,656.3,2,35
2021-06-15 10:09:16,S,656.25,2,12
2021-06-15 10:09:16,S,656.05,2,2
2021-06-15 10:09:21,S,656.85,2,60
2021-06-15 10:09:21,S,656.9,2,140
2021-06-15 10:09:21,S,656.95,1,40
2021-06-15 10:09:21,S,657.0,1,300
2021-06-15 10:09:21,S,657.25,1,7
2021-06-15 10:09:21,S,656.15,3,26
2021-06-15 10:09:21,S,656.05,2,150
2021-06-15 10:09:21,S,656.0,3,342
2021-06-15 10:09:24,S,656.3,2,9
2021-06-15 10:09:24,S,656.35,1,46
2021-06-15 10:09:24,S,656.4,1,7
2021-06-15 10:09:24,S,656.5,1,5
2021-06-15 10:09:24,S,656.55,1,13
2021-06-15 10:09:24,S,655.7,1,2
2021-06-15 10:09:24,S,655.65,1,27
2021-06-15 10:09:24,S,655.6,1,5
2021-06-15 10:09:24,S,655.55,1,36
2021-06-15 10:09:24,S,655.45,1,7
2021-06-15 10:09:28,S,656.7,2,66
2021-06-15 10:09:28,S,656.8,1,4
2021-06-15 10:09:28,S,656.85,2,29
2021-06-15 10:09:28,S,656.95,3,154
2021-06-15 10:09:28,S,656.1,1,4
2021-06-15 10:09:28,S,656.05,2,9
2021-06-15 10:09:28,S,655.85,1,47
2021-06-15 10:09:28,S,655.8,1,7
2021-06-15 10:09:31,S,656.7,3,64
2021-06-15 10:09:31,S,656.75,1,48
2021-06-15 10:09:31,S,656.8,1,7
2021-06-15 10:09:31,S,656.9,2,150
2021-06-15 10:09:31,S,656.05,4,75
2021-06-15 10:09:31,S,656.0,2,260
2021-06-15 10:09:37,S,656.7,1,1
2021-06-15 10:09:37,S,656.9,2,79
2021-06-15 10:09:37,S,656.95,1,100
2021-06-15 10:09:37,S,656.3,2,107
2021-06-15 10:09:37,S,656.25,1,38
2021-06-15 10:09:37,S,656.2,1,7
2021-06-15 10:09:37,S,656.15,1,47
2021-06-15 10:09:37,S,656.1,1,5
2021-06-15 10:09:41,S,656.5,1,50
2021-06-15 10:09:41,S,656.7,1,4
2021-06-15 10:09:41,S,656.75,1,46
2021-06-15 10:09:41,S,656.8,2,14
2021-06-15 10:09:41,S,656.85,1,20
2021-06-15 10:09:41,S,656.1,1,30
2021-06-15 10:09:41,S,656.05,1,10
2021-06-15 10:09:41,S,656.0,3,265
2021-06-15 10:09:41,S,655.9,1,2
2021-06-15 10:09:45,S,656.85,1,13
2021-06-15 10:09:45,S,657.0,4,378
2021-06-15 10:09:45,S,657.1,1,2
2021-06-15 10:09:45,S,657.25,1,4
2021-06-15 10:09:45,S,657.3,1,10
2021-06-15 10:09:45,S,656.7,2,1306
2021-06-15 10:09:45,S,656.6,1,7
2021-06-15 10:09:45,S,656.55,1,4
2021-06-15 10:09:45,S,656.5,1,2
2021-06-15 10:09:45,S,656.4,1,5
2021-06-15 10:09:49,S,656.6,2,11
2021-06-15 10:09:49,S,656.65,2,12
2021-06-15 10:09:49,S,656.75,2,18
2021-06-15 10:09:49,S,656.9,3,158
2021-06-15 10:09:49,S,656.95,3,113
2021-06-15 10:09:49,S,655.95,1,4
2021-06-15 10:09:49,S,655.9,2,18
2021-06-15 10:09:49,S,655.85,1,7
2021-06-15 10:09:49,S,655.8,1,26
2021-06-15 10:09:49,S,655.75,2,58
2021-06-15 10:09:54,S,656.0,1,3
2021-06-15 10:09:54,S,656.2,1,4
2021-06-15 10:09:54,S,656.25,1,10
2021-06-15 10:09:54,S,656.4,2,6
2021-06-15 10:09:54,S,656.45,2,20
2021-06-15 10:09:54,S,655.25,2,125
2021-06-15 10:09:54,S,655.2,3,89
2021-06-15 10:09:54,S,655.15,3,173
2021-06-15 10:09:54,S,655.0,6,286
2021-06-15 10:09:56,S,655.95,1,10
2021-06-15 10:09:56,S,656.35,2,6
2021-06-15 10:09:56,S,656.4,1,50
2021-06-15 10:09:56,S,656.45,1,10
2021-06-15 10:09:56,S,656.65,1,7
2021-06-15 10:09:56,S,655.35,3,53
2021-06-15 10:09:56,S,655.25,2,13
2021-06-15 10:09:56,S,655.2,1,13
2021-06-15 10:09:56,S,655.05,3,118
2021-06-15 10:10:03,S,655.9,1,45
2021-06-15 10:10:03,S,655.95,3,52
2021-06-15 10:10:03,S,656.0,3,58
2021-06-15 10:10:03,S,656.05,1,8
2021-06-15 10:10:03,S,655.25,1,6
2021-06-15 10:10:03,S,655.2,1,4
2021-06-15 10:10:03,S,655.15,1,26
2021-06-15 10:10:03,S,655.1,1,7
2021-06-15 10:10:03,S,655.05,3,155
2021-06-15 10:10:07,S,655.7,1,10
2021-06-15 10:10:07,S,655.8,2,52
2021-06-15 10:10:07,S,655.9,1,4
2021-06-15 10:10:07,S,655.95,4,55
2021-06-15 10:10:07,S,656.0,1,50
2021-06-15 10:10:07,S,655.15,2,11
2021-06-15 10:10:07,S,655.1,3,46
2021-06-15 10:10:07,S,655.05,2,105
2021-06-15 10:10:07,S,654.95,1,45
2021-06-15 10:10:10,S,656.0,1,43
2021-06-15 10:10:10,S,656.2,1,5
2021-06-15 10:10:10,S,656.25,1,7
2021-06-15 10:10:10,S,656.3,1,50
2021-06-15 10:10:10,S,655.2,4,71
2021-06-15 10:10:10,S,655.0,8,491
2021-06-15 10:10:15,S,655.85,2,49
2021-06-15 10:10:15,S,656.0,2,48
2021-06-15 10:10:15,S,656.05,2,14
2021-06-15 10:10:15,S,656.1,1,10
2021-06-15 10:10:15,S,655.2,2,13
2021-06-15 10:10:19,S,655.7,1,5
2021-06-15 10:10:19,S,655.8,2,11
2021-06-15 10:10:19,S,655.85,1,39
2021-06-15 10:10:19,S,655.9,2,25
2021-06-15 10:10:19,S,655.15,2,67
2021-06-15 10:10:19,S,655.1,1,1000
2021-06-15 10:10:24,S,655.75,1,46
2021-06-15 10:10:24,S,655.85,3,18
2021-06-15 10:10:24,S,655.9,1,58
2021-06-15 10:10:24,S,655.95,1,5
2021-06-15 10:10:24,S,656.0,2,52
2021-06-15 10:10:24,S,655.0,7,481
2021-06-15 10:10:24,S,654.95,1,7
2021-06-15 10:10:24,S,654.9,1,10
2021-06-15 10:10:28,S,656.15,1,4
2021-06-15 10:10:28,S,656.2,1,2
2021-06-15 10:10:28,S,656.3,1,5
2021-06-15 10:10:28,S,656.35,1,10
2021-06-15 10:10:28,S,656.4,2,57
2021-06-15 10:10:28,S,655.45,3,16
2021-06-15 10:10:28,S,655.4,1,45
2021-06-15 10:10:28,S,655.3,1,7
2021-06-15 10:10:28,S,655.25,1,13
2021-06-15 10:10:28,S,655.1,2,115
2021-06-15 10:10:33,S,655.5,1,50
2021-06-15 10:10:33,S,655.7,2,17
2021-06-15 10:10:33,S,655.75,4,63
2021-06-15 10:10:33,S,655.8,2,82
2021-06-15 10:10:33,S,655.85,1,100
2021-06-15 10:10:33,S,654.95,2,31
2021-06-15 10:10:33,S,654.9,1,7
2021-06-15 10:10:36,S,655.85,1,68
2021-06-15 10:10:36,S,655.9,1,74
2021-06-15 10:10:36,S,655.95,1,7
2021-06-15 10:10:36,S,656.05,1,5
2021-06-15 10:10:36,S,656.1,1,7
2021-06-15 10:10:36,S,655.25,1,26
2021-06-15 10:10:36,S,655.2,2,11
2021-06-15 10:10:36,S,655.15,2,9
2021-06-15 10:10:36,S,655.1,2,152
2021-06-15 10:10:45,S,655.25,1,70
2021-06-15 10:10:45,S,655.45,1,74
2021-06-15 10:10:45,S,655.5,1,100
2021-06-15 10:10:45,S,655.6,1,7
2021-06-15 10:10:45,S,655.65,1,7
2021-06-15 10:10:45,S,655.15,1,20
2021-06-15 10:10:45,S,655.1,1,102
2021-06-15 10:10:45,S,655.05,1,30
2021-06-15 10:10:45,S,655.0,8,487
2021-06-15 10:10:45,S,654.95,1,4
2021-06-15 10:10:49,S,655.85,2,50
2021-06-15 10:10:49,S,655.9,2,79
2021-06-15 10:10:49,S,655.95,3,103
2021-06-15 10:10:49,S,656.0,1,5
2021-06-15 10:10:49,S,655.15,2,8
2021-06-15 10:10:49,S,655.1,2,10
2021-06-15 10:10:49,S,655.05,4,125
2021-06-15 10:10:49,S,655.0,10,538
2021-06-15 10:10:49,S,654.95,1,46
2021-06-15 10:10:54,S,655.3,1,2
2021-06-15 10:10:54,S,655.45,1,20
2021-06-15 10:10:54,S,655.5,1,8
2021-06-15 10:10:54,S,655.6,1,45
2021-06-15 10:10:54,S,655.7,3,158
2021-06-15 10:10:54,S,655.2,1,46
2021-06-15 10:10:54,S,655.1,1,8
2021-06-15 10:10:54,S,655.05,1,6
2021-06-15 10:10:54,S,655.0,6,351
2021-06-15 10:10:58,S,655.45,1,52
2021-06-15 10:10:58,S,655.5,4,124
2021-06-15 10:10:58,S,655.65,2,15
2021-06-15 10:10:58,S,655.7,1,45
2021-06-15 10:10:58,S,655.75,1,93
2021-06-15 10:10:58,S,655.25,1,98
2021-06-15 10:10:58,S,655.2,2,56
2021-06-15 10:10:58,S,655.05,2,14
2021-06-15 10:10:58,S,655.0,5,151
2021-06-15 10:10:58,S,654.95,1,26
2021-06-15 10:11:01,S,654.6,3,79
2021-06-15 10:11:01,S,654.65,1,46
2021-06-15 10:11:01,S,654.9,2,24
2021-06-15 10:11:01,S,654.05,1,30
2021-06-15 10:11:01,S,654.0,2,11
2021-06-15 10:11:01,S,653.85,1,31
2021-06-15 10:11:06,S,654.4,2,53
2021-06-15 10:11:06,S,653.55,2,108
2021-06-15 10:11:11,S,654.4,1,44
2021-06-15 10:11:11,S,654.5,1,8
2021-06-15 10:11:11,S,654.6,2,18
2021-06-15 10:11:11,S,653.85,1,26
2021-06-15 10:11:11,S,653.75,1,8
2021-06-15 10:11:11,S,653.7,2,63
2021-06-15 10:11:15,S,654.55,3,97
2021-06-15 10:11:15,S,654.6,1,75
2021-06-15 10:11:15,S,654.05,1,38
2021-06-15 10:11:19,S,654.5,4,197
2021-06-15 10:11:19,S,654.55,1,50
2021-06-15 10:11:19,S,654.65,2,12
2021-06-15 10:11:19,S,654.7,1,4
2021-06-15 10:11:19,S,654.8,1,14
2021-06-15 10:11:19,S,654.05,1,26
2021-06-15 10:11:19,S,653.7,2,58
2021-06-15 10:11:24,S,653.95,5,132
2021-06-15 10:11:24,S,654.0,1,500
2021-06-15 10:11:24,S,654.1,2,105
2021-06-15 10:11:24,S,654.45,2,27
2021-06-15 10:11:24,S,653.5,3,301
2021-06-15 10:11:24,S,653.3,1,8
2021-06-15 10:11:24,S,653.05,3,60
2021-06-15 10:11:27,S,654.95,2,82
2021-06-15 10:11:27,S,654.05,2,12
2021-06-15 10:11:27,S,654.0,1,46
2021-06-15 10:11:33,S,654.7,1,6
2021-06-15 10:11:33,S,654.75,2,81
2021-06-15 10:11:33,S,654.9,2,57
2021-06-15 10:11:33,S,654.95,1,75
2021-06-15 10:11:33,S,654.05,2,15
2021-06-15 10:11:33,S,654.0,2,51
2021-06-15 10:11:33,S,653.95,2,33
2021-06-15 10:11:33,S,653.75,2,39
2021-06-15 10:11:35,S,654.85,2,37
2021-06-15 10:11:35,S,654.95,3,110
2021-06-15 10:11:35,S,655.0,3,101
2021-06-15 10:11:35,S,655.1,2,20
2021-06-15 10:11:35,S,654.1,3,35
2021-06-15 10:11:35,S,654.0,3,101
2021-06-15 10:11:35,S,653.95,1,26
2021-06-15 10:11:39,S,654.1,1,10
2021-06-15 10:11:43,S,654.55,1,32
2021-06-15 10:11:43,S,654.75,1,5
2021-06-15 10:11:43,S,654.05,2,17
2021-06-15 10:11:43,S,653.95,2,34
2021-06-15 10:11:43,S,653.9,1,8
2021-06-15 10:11:51,S,654.5,1,100
2021-06-15 10:11:51,S,654.65,1,5
2021-06-15 10:11:51,S,654.7,1,50
2021-06-15 10:11:51,S,654.05,1,10
2021-06-15 10:11:51,S,653.9,1,5
2021-06-15 10:11:51,S,653.8,1,8
2021-06-15 10:11:55,S,654.5,2,110
2021-06-15 10:11:55,S,654.7,2,35
2021-06-15 10:11:55,S,654.75,1,7
2021-06-15 10:11:55,S,654.1,1,20
2021-06-15 10:11:55,S,654.05,2,85
2021-06-15 10:11:55,S,654.0,2,150
2021-06-15 10:11:55,S,653.95,2,15
2021-06-15 10:11:55,S,653.85,1,5
2021-06-15 10:11:55,S,654.7,4,43
2021-06-15 10:11:55,S,654.75,2,26
2021-06-15 10:11:55,S,654.05,1,8
2021-06-15 10:11:55,S,654.0,3,155
2021-06-15 10:11:55,S,653.95,2,20
2021-06-15 10:11:55,S,653.7,1,48
2021-06-15 10:12:00,S,654.7,4,42
2021-06-15 10:12:00,S,654.75,1,13
2021-06-15 10:12:00,S,654.8,1,8
2021-06-15 10:12:00,S,654.85,1,5
2021-06-15 10:12:00,S,654.9,1,50
2021-06-15 10:12:00,S,654.05,2,34
2021-06-15 10:12:00,S,654.0,5,212
2021-06-15 10:12:07,S,654.1,2,250
2021-06-15 10:12:07,S,654.35,2,12
2021-06-15 10:12:07,S,654.0,3,200
2021-06-15 10:12:07,S,653.75,1,26
2021-06-15 10:12:07,S,653.5,4,347
2021-06-15 10:12:07,S,653.95,2,12
2021-06-15 10:12:07,S,654.0,2,300
2021-06-15 10:12:07,S,654.05,3,14
2021-06-15 10:12:07,S,654.1,1,200
2021-06-15 10:12:07,S,653.2,1,5
2021-06-15 10:12:07,S,653.1,1,48
2021-06-15 10:12:12,S,653.55,2,150
2021-06-15 10:12:18,S,653.85,1,50
2021-06-15 10:12:18,S,654.05,2,6
2021-06-15 10:12:18,S,654.15,1,8
2021-06-15 10:12:18,S,654.2,1,5
2021-06-15 10:12:18,S,653.55,2,107
2021-06-15 10:12:18,S,653.5,3,299
2021-06-15 10:12:18,S,653.45,2,74
2021-06-15 10:12:18,S,653.35,1,5
2021-06-15 10:12:19,S,654.35,1,8
2021-06-15 10:12:19,S,654.4,1,5
2021-06-15 10:12:19,S,654.45,3,24
2021-06-15 10:12:19,S,654.6,2,17
2021-06-15 10:12:19,S,653.55,2,139
2021-06-15 10:12:19,S,653.5,4,312
2021-06-15 10:12:19,S,653.45,2,55
2021-06-15 10:12:22,S,654.0,2,9
2021-06-15 10:12:28,S,654.2,1,1
2021-06-15 10:12:28,S,654.35,2,15
2021-06-15 10:12:28,S,654.45,2,60
2021-06-15 10:12:28,S,653.5,5,412
2021-06-15 10:12:34,S,654.15,2,15
2021-06-15 10:12:34,S,654.2,2,11
2021-06-15 10:12:34,S,653.5,3,357
2021-06-15 10:12:34,S,653.45,1,8
2021-06-15 10:12:37,S,654.0,3,15
2021-06-15 10:12:37,S,654.05,1,2
2021-06-15 10:12:37,S,654.2,1,8
2021-06-15 10:12:37,S,653.35,1,49
2021-06-15 10:12:38,S,654.4,2,15
2021-06-15 10:12:38,S,654.45,2,56
2021-06-15 10:12:38,S,654.5,2,150
2021-06-15 10:12:38,S,654.55,1,102
2021-06-15 10:12:38,S,653.65,1,11
2021-06-15 10:12:42,S,654.45,1,8
2021-06-15 10:12:42,S,654.6,2,9
2021-06-15 10:12:42,S,654.65,2,150
2021-06-15 10:12:42,S,654.7,5,132
2021-06-15 10:12:42,S,653.75,1,12
2021-06-15 10:12:42,S,653.65,1,7
2021-06-15 10:12:43,S,654.65,2,94
2021-06-15 10:12:43,S,654.85,1,46
2021-06-15 10:12:45,S,654.0,1,7
2021-06-15 10:12:45,S,654.45,2,22
2021-06-15 10:12:45,S,654.5,2,52
2021-06-15 10:12:45,S,654.65,1,74
2021-06-15 10:12:45,S,653.7,1,8
2021-06-15 10:12:45,S,653.65,2,21
2021-06-15 10:12:45,S,653.6,3,173
2021-06-15 10:12:45,S,653.45,1,93
2021-06-15 10:12:48,S,654.65,4,213
2021-06-15 10:12:52,S,654.0,1,43
2021-06-15 10:12:52,S,653.9,2,39
2021-06-15 10:12:53,S,654.55,1,8
2021-06-15 10:12:53,S,654.6,1,4
2021-06-15 10:12:53,S,654.65,3,163
2021-06-15 10:12:53,S,654.7,4,85
2021-06-15 10:12:53,S,654.0,1,38
2021-06-15 10:12:54,S,654.65,4,126
2021-06-15 10:12:54,S,654.8,1,7
2021-06-15 10:12:54,S,654.85,1,7
2021-06-15 10:12:54,S,653.9,3,41
2021-06-15 10:12:57,S,653.9,2,34
2021-06-15 10:12:57,S,653.6,3,139
2021-06-15 10:13:03,S,654.65,7,153
2021-06-15 10:13:03,S,654.8,1,13
2021-06-15 10:13:03,S,654.9,2,63
2021-06-15 10:13:03,S,653.85,1,14
2021-06-15 10:13:06,S,654.55,1,25
2021-06-15 10:13:06,S,654.6,2,8
2021-06-15 10:13:06,S,654.65,5,145
2021-06-15 10:13:06,S,654.75,1,49
2021-06-15 10:13:06,S,654.0,2,37
2021-06-15 10:13:06,S,653.95,1,8
2021-06-15 10:13:06,S,653.9,1,26
2021-06-15 10:13:06,S,653.8,1,14
2021-06-15 10:13:06,S,653.75,1,45
2021-06-15 10:13:07,S,654.45,1,16
2021-06-15 10:13:07,S,654.5,2,8
2021-06-15 10:13:07,S,654.55,2,39
2021-06-15 10:13:07,S,654.65,3,124
2021-06-15 10:13:07,S,653.9,1,21
2021-06-15 10:13:07,S,653.7,1,14
2021-06-15 10:13:07,S,653.65,2,60
2021-06-15 10:13:12,S,654.5,3,41
2021-06-15 10:13:12,S,654.55,2,38
2021-06-15 10:13:12,S,654.6,1,13
2021-06-15 10:13:12,S,654.65,2,111
2021-06-15 10:13:12,S,653.75,2,14
2021-06-15 10:13:12,S,653.65,3,67
2021-06-15 10:13:12,S,653.6,2,126
2021-06-15 10:13:12,S,653.5,3,177
2021-06-15 10:13:13,S,654.35,2,29
2021-06-15 10:13:13,S,653.55,1,1
2021-06-15 10:13:17,S,654.35,3,36
2021-06-15 10:13:17,S,653.65,2,26
2021-06-15 10:13:18,S,653.9,1,41
2021-06-15 10:13:18,S,654.3,1,20
2021-06-15 10:13:18,S,654.35,3,27
2021-06-15 10:13:18,S,653.6,2,116
2021-06-15 10:13:18,S,653.55,2,2
2021-06-15 10:13:21,S,653.7,1,41
2021-06-15 10:13:21,S,654.25,2,29
2021-06-15 10:13:21,S,654.3,2,27
2021-06-15 10:13:21,S,653.6,1,100
2021-06-15 10:13:21,S,653.55,2,17
2021-06-15 10:13:21,S,653.5,3,157
2021-06-15 10:13:23,S,654.3,1,16
2021-06-15 10:13:23,S,654.4,1,45
2021-06-15 10:13:23,S,653.7,1,11
2021-06-15 10:13:23,S,653.65,2,12
2021-06-15 10:13:23,S,653.6,4,116
2021-06-15 10:13:24,S,654.45,1,7
2021-06-15 10:13:24,S,654.5,1,27
2021-06-15 10:13:25,S,654.45,2,14
2021-06-15 10:13:25,S,654.5,2,40
2021-06-15 10:13:33,S,654.35,1,16
2021-06-15 10:13:33,S,654.4,2,58
2021-06-15 10:13:33,S,654.45,3,89
2021-06-15 10:13:33,S,654.5,3,90
2021-06-15 10:13:33,S,653.7,3,113
2021-06-15 10:13:33,S,653.6,2,8
2021-06-15 10:13:33,S,654.05,2,62
2021-06-15 10:13:33,S,654.4,1,10
2021-06-15 10:13:33,S,653.5,2,156
2021-06-15 10:13:33,S,653.35,1,1
2021-06-15 10:13:34,S,654.0,1,20
2021-06-15 10:13:34,S,654.05,3,72
2021-06-15 10:13:34,S,653.05,4,200
2021-06-15 10:13:37,S,654.0,3,34
2021-06-15 10:13:37,S,654.4,2,26
2021-06-15 10:13:37,S,654.45,2,150
2021-06-15 10:13:37,S,653.5,2,120
2021-06-15 10:13:37,S,653.3,2,2
2021-06-15 10:13:37,S,653.05,4,173
2021-06-15 10:13:39,S,652.9,2,101
2021-06-15 10:13:39,S,653.9,1,10
2021-06-15 10:13:39,S,653.1,2,8
2021-06-15 10:13:42,S,653.8,2,23
2021-06-15 10:13:42,S,653.05,3,51
2021-06-15 10:13:43,S,653.45,2,82
2021-06-15 10:13:43,S,653.5,2,220
2021-06-15 10:13:46,S,653.45,3,89
2021-06-15 10:13:46,S,653.5,3,270
2021-06-15 10:13:46,S,653.7,1,47
2021-06-15 10:13:46,S,653.05,2,50
2021-06-15 10:13:46,S,653.0,6,181
2021-06-15 10:13:46,S,652.7,1,1
2021-06-15 10:13:46,S,652.65,1,26
2021-06-15 10:13:55,S,653.0,1,39
2021-06-15 10:13:55,S,653.3,2,14
2021-06-15 10:13:56,S,653.0,1,40
2021-06-15 10:13:56,S,653.2,2,23
2021-06-15 10:13:56,S,652.3,1,75
2021-06-15 10:13:57,S,653.0,1,30
2021-06-15 10:13:58,S,653.0,2,35
2021-06-15 10:13:58,S,653.05,3,13
2021-06-15 10:13:58,S,653.4,1,47
2021-06-15 10:14:00,S,653.0,3,11
2021-06-15 10:14:00,S,653.3,2,13
2021-06-15 10:14:00,S,652.35,2,20
2021-06-15 10:14:00,S,653.35,1,10
2021-06-15 10:14:00,S,652.35,3,21
2021-06-15 10:14:04,S,653.05,2,10
2021-06-15 10:14:04,S,653.25,2,26
2021-06-15 10:14:04,S,652.55,1,100
2021-06-15 10:14:04,S,652.5,2,27
2021-06-15 10:14:05,S,653.0,1,24
2021-06-15 10:14:05,S,653.05,1,5
2021-06-15 10:14:05,S,653.2,1,3
2021-06-15 10:14:05,S,652.5,1,26
2021-06-15 10:14:05,S,652.45,2,8
2021-06-15 10:14:05,S,652.4,1,45
2021-06-15 10:14:06,S,653.9,1,75
2021-06-15 10:14:07,S,653.5,1,20
2021-06-15 10:14:07,S,653.7,1,16
2021-06-15 10:14:07,S,653.75,1,10
2021-06-15 10:14:07,S,653.8,1,48
2021-06-15 10:14:07,S,653.05,1,80
2021-06-15 10:14:07,S,653.0,3,802
2021-06-15 10:14:07,S,652.8,2,8
2021-06-15 10:14:07,S,652.6,2,150
2021-06-15 10:14:09,S,653.75,2,92
2021-06-15 10:14:09,S,653.9,2,59
2021-06-15 10:14:09,S,653.95,2,47
2021-06-15 10:14:09,S,653.05,4,163
2021-06-15 10:14:09,S,653.0,4,815
2021-06-15 10:14:10,S,653.75,2,61
2021-06-15 10:14:10,S,653.0,2,739
2021-06-15 10:14:10,S,652.75,1,46
2021-06-15 10:14:12,S,654.0,2,20
2021-06-15 10:14:15,S,653.0,3,765
2021-06-15 10:14:16,S,653.0,3,762
2021-06-15 10:14:17,S,653.75,5,218
2021-06-15 10:14:17,S,653.8,2,92
2021-06-15 10:14:17,S,653.85,1,13
2021-06-15 10:14:17,S,653.0,3,761
2021-06-15 10:14:17,S,652.85,1,7
2021-06-15 10:14:18,S,653.75,4,211
2021-06-15 10:14:18,S,653.9,2,14
2021-06-15 10:14:18,S,652.65,1,13
2021-06-15 10:14:19,S,653.75,3,166
2021-06-15 10:14:19,S,653.9,3,30
2021-06-15 10:14:19,S,653.95,2,130
2021-06-15 10:14:19,S,653.05,2,23
2021-06-15 10:14:19,S,652.75,2,72
2021-06-15 10:14:21,S,653.75,4,170
2021-06-15 10:14:21,S,653.95,3,137
2021-06-15 10:14:21,S,653.0,4,1011
2021-06-15 10:14:21,S,652.8,2,23
2021-06-15 10:14:22,S,653.7,2,23
2021-06-15 10:14:22,S,653.0,3,985
2021-06-15 10:14:22,S,652.85,1,46
2021-06-15 10:14:24,S,653.6,1,27
2021-06-15 10:14:24,S,653.65,2,29
2021-06-15 10:14:24,S,653.8,1,76
2021-06-15 10:14:24,S,653.0,3,920
2021-06-15 10:14:24,S,652.9,2,23
2021-06-15 10:14:24,S,652.6,2,77
2021-06-15 10:14:24,S,653.75,4,179
2021-06-15 10:14:24,S,653.85,2,83
2021-06-15 10:14:24,S,653.95,3,143
2021-06-15 10:14:24,S,653.0,4,936
2021-06-15 10:14:24,S,652.75,2,71
2021-06-15 10:14:27,S,653.95,1,40
2021-06-15 10:14:27,S,654.0,3,50
2021-06-15 10:14:27,S,654.2,1,16
2021-06-15 10:14:27,S,654.25,1,16
2021-06-15 10:14:27,S,654.3,2,150
2021-06-15 10:14:28,S,654.4,3,177
2021-06-15 10:14:28,S,654.45,3,99
2021-06-15 10:14:28,S,654.5,1,50
2021-06-15 10:14:28,S,654.65,2,23
2021-06-15 10:14:28,S,654.0,1,280
2021-06-15 10:14:28,S,653.8,1,26
2021-06-15 10:14:28,S,653.65,2,23
2021-06-15 10:14:28,S,653.6,1,1000
2021-06-15 10:14:31,S,654.4,1,27
2021-06-15 10:14:31,S,654.0,2,1280
2021-06-15 10:14:33,S,654.65,2,32
2021-06-15 10:14:33,S,654.0,2,1255
2021-06-15 10:14:33,S,654.4,1,22
2021-06-15 10:14:33,S,654.5,3,200
2021-06-15 10:14:33,S,654.55,2,126
2021-06-15 10:14:33,S,654.65,3,108
2021-06-15 10:14:33,S,654.7,3,84
2021-06-15 10:14:33,S,654.0,2,1205
2021-06-15 10:14:33,S,653.85,2,23
2021-06-15 10:14:33,S,653.8,2,74
2021-06-15 10:14:33,S,653.5,2,101
2021-06-15 10:14:33,S,653.45,1,103
2021-06-15 10:14:34,S,653.0,3,576
2021-06-15 10:14:36,S,653.75,2,57
2021-06-15 10:14:36,S,653.95,1,13
2021-06-15 10:14:36,S,653.05,2,57
2021-06-15 10:14:36,S,653.0,4,586
2021-06-15 10:14:39,S,653.0,5,599
2021-06-15 10:14:42,S,653.65,5,186
2021-06-15 10:14:42,S,653.75,2,66
2021-06-15 10:14:43,S,653.65,4,173
2021-06-15 10:14:43,S,653.7,1,76
2021-06-15 10:14:43,S,653.75,1,50
2021-06-15 10:14:43,S,653.8,2,29
2021-06-15 10:14:43,S,653.05,2,60
2021-06-15 10:14:43,S,653.0,4,589
2021-06-15 10:14:45,S,652.8,1,45
2021-06-15 10:14:46,S,653.0,2,520
2021-06-15 10:14:46,S,652.85,1,96
2021-06-15 10:14:48,S,653.6,2,54
2021-06-15 10:14:48,S,653.65,3,166
2021-06-15 10:14:48,S,653.7,2,92
2021-06-15 10:14:48,S,653.0,3,546
2021-06-15 10:14:48,S,652.75,1,45
2021-06-15 10:14:48,S,652.65,1,8
2021-06-15 10:14:49,S,653.5,2,92
2021-06-15 10:14:49,S,653.55,3,157
2021-06-15 10:14:50,S,653.6,3,77
2021-06-15 10:14:51,S,653.6,1,13
2021-06-15 10:14:55,S,653.6,4,173
2021-06-15 10:14:55,S,653.65,1,76
2021-06-15 10:14:55,S,653.7,2,61
2021-06-15 10:14:55,S,653.9,1,25
2021-06-15 10:14:55,S,653.05,1,100
2021-06-15 10:14:55,S,653.0,1,120
2021-06-15 10:14:56,S,653.6,5,122
2021-06-15 10:14:56,S,653.8,1,13
2021-06-15 10:14:56,S,653.95,2,149
2021-06-15 10:14:56,S,653.0,1,19
2021-06-15 10:14:56,S,652.85,1,101
2021-06-15 10:14:56,S,652.65,1,7
2021-06-15 10:14:56,S,652.6,1,2
2021-06-15 10:14:57,S,653.5,4,114
2021-06-15 10:14:57,S,653.55,2,83
2021-06-15 10:14:57,S,653.65,1,46
2021-06-15 10:14:57,S,653.9,2,100
2021-06-15 10:14:57,S,653.95,4,166
2021-06-15 10:14:57,S,652.65,3,49
2021-06-15 10:14:57,S,652.6,4,136
2021-06-15 10:14:57,S,652.55,1,95
2021-06-15 10:14:57,S,652.45,1,26
2021-06-15 10:14:58,S,653.05,1,76
2021-06-15 10:14:58,S,652.45,1,2
2021-06-15 10:14:58,S,652.4,1,7
2021-06-15 10:14:58,S,652.35,2,120
2021-06-15 10:14:58,S,652.3,2,83
2021-06-15 10:14:58,S,652.25,2,130
2021-06-15 10:15:00,S,652.95,3,110
2021-06-15 10:15:00,S,653.0,1,50
2021-06-15 10:15:00,S,653.3,1,48
2021-06-15 10:15:00,S,652.3,4,116
2021-06-15 10:15:00,S,652.15,1,46
2021-06-15 10:15:00,S,652.1,2,1013
2021-06-15 10:15:02,S,654.15,2,23
2021-06-15 10:15:02,S,654.2,2,52
2021-06-15 10:15:02,S,654.35,1,11
2021-06-15 10:15:02,S,653.35,2,49
2021-06-15 10:15:02,S,653.3,1,26
2021-06-15 10:15:02,S,653.2,1,45
2021-06-15 10:15:04,S,653.8,2,38
2021-06-15 10:15:04,S,653.85,2,63
2021-06-15 10:15:04,S,653.95,1,7
2021-06-15 10:15:04,S,654.0,1,11
2021-06-15 10:15:04,S,653.15,2,23
2021-06-15 10:15:04,S,653.1,1,45
2021-06-15 10:15:04,S,653.0,2,106
2021-06-15 10:15:04,S,652.95,2,2
2021-06-15 10:15:04,S,652.9,5,40
2021-06-15 10:15:05,S,653.85,3,45
2021-06-15 10:15:05,S,653.9,1,50
2021-06-15 10:15:05,S,654.0,2,54
2021-06-15 10:15:05,S,654.05,1,11
2021-06-15 10:15:05,S,653.15,3,9
2021-06-15 10:15:05,S,653.1,4,41
2021-06-15 10:15:05,S,653.0,1,93
2021-06-15 10:15:05,S,652.95,1,11
2021-06-15 10:15:07,S,654.0,2,57
2021-06-15 10:15:08,S,654.25,1,11
2021-06-15 10:15:08,S,653.1,3,85
2021-06-15 10:15:08,S,653.0,2,104
2021-06-15 10:15:10,S,653.8,3,45
2021-06-15 10:15:10,S,653.85,2,61
2021-06-15 10:15:10,S,654.0,3,66
2021-06-15 10:15:10,S,653.2,3,9
2021-06-15 10:15:10,S,653.05,1,60
2021-06-15 10:15:10,S,653.0,3,153
2021-06-15 10:15:12,S,653.85,1,48
2021-06-15 10:15:12,S,653.9,1,22
2021-06-15 10:15:12,S,654.0,4,68
2021-06-15 10:15:12,S,654.05,2,53
2021-06-15 10:15:12,S,653.25,1,1
2021-06-15 10:15:12,S,653.2,2,8
2021-06-15 10:15:12,S,653.1,2,27
2021-06-15 10:15:12,S,653.0,4,178
2021-06-15 10:15:15,S,653.85,2,39
2021-06-15 10:15:15,S,653.9,3,36
2021-06-15 10:15:15,S,653.3,1,80
2021-06-15 10:15:15,S,653.1,3,28
2021-06-15 10:15:15,S,653.05,2,67
2021-06-15 10:15:15,S,653.0,5,238
2021-06-15 10:15:15,S,653.9,2,27
2021-06-15 10:15:16,S,653.9,3,46
2021-06-15 10:15:16,S,653.95,1,75
2021-06-15 10:15:16,S,654.0,5,118
2021-06-15 10:15:16,S,654.05,1,46
2021-06-15 10:15:16,S,653.1,1,26
2021-06-15 10:15:18,S,653.9,2,88
2021-06-15 10:15:18,S,654.15,1,11
2021-06-15 10:15:18,S,653.3,2,96
2021-06-15 10:15:18,S,653.2,4,4
2021-06-15 10:15:18,S,653.1,2,37
2021-06-15 10:15:19,S,654.0,4,111
2021-06-15 10:15:20,S,654.5,1,16
2021-06-15 10:15:20,S,654.55,2,57
2021-06-15 10:15:20,S,653.7,2,42
2021-06-15 10:15:23,S,654.6,2,14
2021-06-15 10:15:24,S,654.6,1,7
2021-06-15 10:15:24,S,654.65,3,101
2021-06-15 10:15:25,S,654.55,1,16
2021-06-15 10:15:25,S,654.6,2,52
2021-06-15 10:15:25,S,653.85,2,525
2021-06-15 10:15:25,S,653.7,1,26
2021-06-15 10:15:25,S,653.65,1,45
2021-06-15 10:15:27,S,654.35,2,30
2021-06-15 10:15:27,S,654.5,1,7
2021-06-15 10:15:27,S,653.6,1,48
2021-06-15 10:15:35,S,654.35,1,14
2021-06-15 10:15:35,S,654.5,2,23
2021-06-15 10:15:35,S,654.55,1,7
2021-06-15 10:15:35,S,654.6,1,45
2021-06-15 10:15:35,S,654.0,1,45
2021-06-15 10:15:35,S,653.7,2,2
2021-06-15 10:15:35,S,653.65,2,2
2021-06-15 10:15:36,S,654.0,1,5
2021-06-15 10:15:36,S,654.25,2,23
2021-06-15 10:15:36,S,654.35,1,7
2021-06-15 10:15:36,S,653.35,4,4
2021-06-15 10:15:36,S,654.0,3,60
2021-06-15 10:15:36,S,654.1,1,16
2021-06-15 10:15:36,S,654.15,1,76
2021-06-15 10:15:36,S,654.25,2,14
2021-06-15 10:15:36,S,653.4,2,54
2021-06-15 10:15:39,S,654.0,6,143
2021-06-15 10:15:39,S,654.4,3,37
2021-06-15 10:15:39,S,653.25,1,10
2021-06-15 10:15:41,S,654.0,4,168
2021-06-15 10:15:41,S,654.05,2,83
2021-06-15 10:15:41,S,654.3,1,48
2021-06-15 10:15:41,S,653.85,1,25
2021-06-15 10:15:41,S,653.5,1,26
2021-06-15 10:15:41,S,653.35,3,18
2021-06-15 10:15:41,S,653.3,3,156
2021-06-15 10:15:41,S,653.2,1,10
2021-06-15 10:15:44,S,653.3,3,122
2021-06-15 10:15:44,S,653.25,3,15
2021-06-15 10:15:45,S,653.9,1,76
2021-06-15 10:15:45,S,654.0,2,77
2021-06-15 10:15:45,S,654.25,1,10
2021-06-15 10:15:45,S,653.3,3,117
2021-06-15 10:15:45,S,653.15,4,59
2021-06-15 10:15:45,S,653.1,2,36
2021-06-15 10:15:45,S,653.05,2,135
2021-06-15 10:15:47,S,654.25,2,17
2021-06-15 10:15:47,S,654.3,1,15
2021-06-15 10:15:47,S,653.35,3,9
2021-06-15 10:15:47,S,653.3,4,103
2021-06-15 10:15:47,S,653.25,1,13
2021-06-15 10:15:47,S,653.15,2,60
2021-06-15 10:15:48,S,654.35,3,24
2021-06-15 10:15:48,S,654.5,3,165
2021-06-15 10:15:48,S,653.45,1,13
2021-06-15 10:15:50,S,654.0,1,50
2021-06-15 10:15:50,S,654.15,1,16
2021-06-15 10:15:50,S,654.35,2,17
2021-06-15 10:15:50,S,653.55,1,16
2021-06-15 10:15:50,S,653.5,1,100
2021-06-15 10:15:50,S,653.45,2,20
2021-06-15 10:15:50,S,653.4,2,2
2021-06-15 10:15:50,S,653.35,2,2
2021-06-15 10:15:51,S,653.95,3,107
2021-06-15 10:15:51,S,654.0,3,257
2021-06-15 10:15:51,S,653.5,1,66
2021-06-15 10:15:52,S,653.95,4,114
2021-06-15 10:15:52,S,654.15,1,50
2021-06-15 10:15:56,S,654.35,1,10
2021-06-15 10:15:56,S,654.4,2,27
2021-06-15 10:15:56,S,653.25,2,2
2021-06-15 10:15:59,S,653.5,1,55
2021-06-15 10:16:00,S,653.9,4,75
2021-06-15 10:16:00,S,654.2,1,100
2021-06-15 10:16:04,S,653.5,2,105
2021-06-15 10:16:09,S,653.85,2,62
2021-06-15 10:16:09,S,653.9,3,68
2021-06-15 10:16:09,S,653.95,2,91
2021-06-15 10:16:09,S,653.5,2,103
2021-06-15 10:16:09,S,653.3,2,101
2021-06-15 10:16:09,S,653.2,2,2
2021-06-15 10:16:09,S,653.15,2,2
2021-06-15 10:16:10,S,653.65,1,4
2021-06-15 10:16:12,S,653.5,2,23
2021-06-15 10:16:13,S,653.45,1,48
2021-06-15 10:16:13,S,653.8,2,12
2021-06-15 10:16:15,S,653.5,2,39
2021-06-15 10:16:16,S,653.0,3,183
2021-06-15 10:16:21,S,653.4,1,6
2021-06-15 10:16:21,S,653.55,2,23
2021-06-15 10:16:21,S,653.1,1,10
2021-06-15 10:16:25,S,653.75,2,23
2021-06-15 10:16:25,S,653.85,3,82
2021-06-15 10:16:25,S,653.0,4,193
2021-06-15 10:16:25,S,652.9,2,27
2021-06-15 10:16:31,S,653.75,1,16
2021-06-15 10:16:31,S,653.8,1,2
2021-06-15 10:16:34,S,653.5,2,38
2021-06-15 10:16:34,S,653.9,3,160
2021-06-15 10:16:34,S,653.0,5,493
2021-06-15 10:16:34,S,652.9,3,74
2021-06-15 10:16:35,S,653.5,1,262
2021-06-15 10:16:37,S,653.95,5,159
2021-06-15 10:16:37,S,654.15,2,85
2021-06-15 10:16:37,S,653.5,1,252
2021-06-15 10:16:37,S,654.0,3,266
2021-06-15 10:16:37,S,653.3,1,1
2021-06-15 10:16:37,S,653.1,1,4
2021-06-15 10:16:40,S,653.95,3,136
2021-06-15 10:16:40,S,654.05,1,16
2021-06-15 10:16:40,S,653.7,1,252
2021-06-15 10:16:40,S,653.55,1,26
2021-06-15 10:16:40,S,653.3,2,8
2021-06-15 10:16:41,S,653.95,3,74
2021-06-15 10:16:41,S,654.15,1,10
2021-06-15 10:16:41,S,653.25,2,75
2021-06-15 10:16:41,S,653.2,1,13
2021-06-15 10:16:42,S,653.8,3,167
2021-06-15 10:16:42,S,653.9,2,20
2021-06-15 10:16:42,S,653.95,2,67
2021-06-15 10:16:42,S,654.0,2,250
2021-06-15 10:16:45,S,653.8,1,16
2021-06-15 10:16:46,S,653.15,3,54
2021-06-15 10:16:57,S,653.15,2,8
2021-06-15 10:17:00,S,653.7,2,55
2021-06-15 10:17:00,S,653.1,3,105
2021-06-15 10:17:00,S,652.95,1,45
2021-06-15 10:17:02,S,653.1,2,104
2021-06-15 10:17:06,S,653.7,2,40
2021-06-15 10:17:06,S,653.85,1,55
2021-06-15 10:17:06,S,653.2,2,39
2021-06-15 10:17:06,S,653.05,2,14
2021-06-15 10:17:07,S,653.7,3,47
2021-06-15 10:17:07,S,653.75,1,76
2021-06-15 10:17:07,S,653.8,4,148
2021-06-15 10:17:07,S,653.15,1,1
2021-06-15 10:17:10,S,653.7,4,120
2021-06-15 10:17:10,S,653.75,3,96
2021-06-15 10:17:11,S,653.7,4,112
2021-06-15 10:17:11,S,653.75,3,104
2021-06-15 10:17:11,S,653.25,2,30
2021-06-15 10:17:13,S,653.75,3,139
2021-06-15 10:17:15,S,653.7,5,127
2021-06-15 10:17:15,S,653.75,2,89
2021-06-15 10:17:15,S,653.95,2,164
2021-06-15 10:17:15,S,652.9,3,35
2021-06-15 10:17:15,S,653.7,3,85
2021-06-15 10:17:15,S,653.75,2,91
2021-06-15 10:17:15,S,653.8,1,50
2021-06-15 10:17:15,S,653.9,1,7
2021-06-15 10:17:15,S,653.25,1,4
2021-06-15 10:17:21,S,653.65,1,66
2021-06-15 10:17:22,S,653.65,1,26
2021-06-15 10:17:22,S,653.75,2,22
2021-06-15 10:17:22,S,653.2,2,226
2021-06-15 10:17:27,S,653.2,1,200
2021-06-15 10:17:28,S,653.25,1,100
2021-06-15 10:17:28,S,653.2,1,190
2021-06-15 10:17:31,S,653.2,1,90
2021-06-15 10:17:33,S,653.0,7,544
2021-06-15 10:17:34,S,653.2,1,40
2021-06-15 10:17:34,S,652.9,1,1
2021-06-15 10:17:38,S,653.65,2,33
2021-06-15 10:17:41,S,653.65,2,28
2021-06-15 10:17:41,S,653.7,3,60
2021-06-15 10:17:41,S,653.75,1,15
2021-06-15 10:17:41,S,653.8,2,125
2021-06-15 10:17:41,S,653.85,2,305
2021-06-15 10:17:41,S,653.2,2,50
2021-06-15 10:17:41,S,653.05,1,26
2021-06-15 10:17:44,S,653.35,1,76
2021-06-15 10:17:44,S,653.5,2,14
2021-06-15 10:17:44,S,653.65,1,10
2021-06-15 10:17:44,S,652.7,2,33
2021-06-15 10:17:44,S,652.6,2,51
2021-06-15 10:17:52,S,653.1,1,349
2021-06-15 10:17:52,S,653.4,2,14
2021-06-15 10:17:52,S,653.5,1,16
2021-06-15 10:17:52,S,653.0,6,518
2021-06-15 10:17:52,S,652.75,1,1
2021-06-15 10:17:52,S,652.7,1,26
2021-06-15 10:17:53,S,652.25,1,104
2021-06-15 10:17:58,S,653.05,3,167
2021-06-15 10:17:58,S,653.1,3,362
2021-06-15 10:17:58,S,653.5,1,10
2021-06-15 10:17:58,S,653.55,1,18
2021-06-15 10:17:58,S,652.65,1,50
2021-06-15 10:17:58,S,652.6,1,1
2021-06-15 10:17:58,S,652.5,1,35
2021-06-15 10:17:58,S,652.3,1,26
2021-06-15 10:18:01,S,652.8,5,222
2021-06-15 10:18:01,S,653.2,1,19
2021-06-15 10:18:05,S,652.8,4,206
2021-06-15 10:18:05,S,652.85,1,100
2021-06-15 10:18:05,S,652.95,1,16
2021-06-15 10:18:05,S,653.0,2,355
2021-06-15 10:18:05,S,652.05,2,37
2021-06-15 10:18:14,S,652.8,6,229
2021-06-15 10:18:14,S,652.85,2,101
2021-06-15 10:18:14,S,653.05,1,10
2021-06-15 10:18:14,S,652.25,1,1
2021-06-15 10:18:14,S,652.1,1,1000
2021-06-15 10:18:14,S,652.05,2,56
2021-06-15 10:18:19,S,652.8,3,167
2021-06-15 10:18:19,S,652.85,3,108
2021-06-15 10:18:19,S,652.9,1,13
2021-06-15 10:18:19,S,652.15,1,16
2021-06-15 10:18:19,S,652.1,3,992
2021-06-15 10:18:22,S,652.15,2,88
2021-06-15 10:18:22,S,652.0,3,626
2021-06-15 10:18:26,S,652.85,3,98
2021-06-15 10:18:26,S,652.9,1,76
2021-06-15 10:18:26,S,653.0,1,348
2021-06-15 10:18:26,S,653.1,2,269
2021-06-15 10:18:26,S,652.15,3,218
2021-06-15 10:18:26,S,652.0,4,628
2021-06-15 10:18:32,S,652.6,1,75
2021-06-15 10:18:36,S,652.6,1,74
2021-06-15 10:18:36,S,652.8,1,76
2021-06-15 10:18:36,S,652.85,2,82
2021-06-15 10:18:36,S,653.0,1,16
2021-06-15 10:18:36,S,653.05,2,54
2021-06-15 10:18:36,S,652.2,3,54
2021-06-15 10:18:36,S,652.15,2,205
2021-06-15 10:18:36,S,653.3,1,3
2021-06-15 10:18:41,S,652.6,1,585
2021-06-15 10:18:41,S,652.45,2,33
2021-06-15 10:18:41,S,652.25,1,26
2021-06-15 10:18:51,S,653.4,1,10
2021-06-15 10:18:51,S,652.6,2,275
2021-06-15 10:18:51,S,652.4,2,75
2021-06-15 10:18:55,S,653.1,1,250
2021-06-15 10:18:55,S,653.25,1,16
2021-06-15 10:18:55,S,653.45,2,60
2021-06-15 10:18:55,S,652.6,1,248
2021-06-15 10:18:55,S,652.4,1,49
2021-06-15 10:18:55,S,652.2,2,150
2021-06-15 10:18:55,S,652.15,1,130
2021-06-15 10:18:55,S,653.7,2,53
2021-06-15 10:18:55,S,653.75,1,1
2021-06-15 10:18:55,S,653.8,2,66
2021-06-15 10:18:55,S,653.85,1,7
2021-06-15 10:18:55,S,653.9,3,157
2021-06-15 10:18:55,S,653.5,1,75
2021-06-15 10:18:55,S,653.05,2,53
2021-06-15 10:18:55,S,653.0,1,26
2021-06-15 10:19:03,S,654.35,1,25
2021-06-15 10:19:03,S,654.65,1,7
2021-06-15 10:19:03,S,654.9,4,172
2021-06-15 10:19:03,S,653.6,1,1
2021-06-15 10:19:03,S,653.55,1,20
2021-06-15 10:19:07,S,654.15,1,15
2021-06-15 10:19:07,S,654.4,1,7
2021-06-15 10:19:07,S,654.65,2,82
2021-06-15 10:19:07,S,654.7,4,102
2021-06-15 10:19:07,S,654.0,1,142
2021-06-15 10:19:07,S,653.85,1,16
2021-06-15 10:19:07,S,653.8,2,33
2021-06-15 10:19:07,S,653.65,1,20
2021-06-15 10:19:07,S,653.6,1,26
2021-06-15 10:19:09,S,654.15,2,386
2021-06-15 10:19:09,S,654.35,1,23
2021-06-15 10:19:09,S,654.45,1,13
2021-06-15 10:19:12,S,654.15,1,323
2021-06-15 10:19:12,S,654.2,1,7
2021-06-15 10:19:12,S,654.3,1,7
2021-06-15 10:19:12,S,654.35,1,18
2021-06-15 10:19:12,S,653.4,2,23
2021-06-15 10:19:12,S,653.35,2,39
2021-06-15 10:19:12,S,653.3,2,67
2021-06-15 10:19:19,S,654.0,1,16
2021-06-15 10:19:19,S,654.05,1,45
2021-06-15 10:19:19,S,654.15,2,336
2021-06-15 10:19:19,S,654.25,1,19
2021-06-15 10:19:19,S,653.25,3,34
2021-06-15 10:19:19,S,653.2,1,46
2021-06-15 10:19:19,S,653.05,1,13
2021-06-15 10:19:24,S,654.1,2,14
2021-06-15 10:19:24,S,654.15,1,318
2021-06-15 10:19:24,S,654.5,1,75
2021-06-15 10:19:24,S,654.55,1,93
2021-06-15 10:19:24,S,654.65,1,13
2021-06-15 10:19:24,S,653.4,2,35
2021-06-15 10:19:24,S,653.35,3,57
2021-06-15 10:19:24,S,653.05,2,63
2021-06-15 10:19:26,S,654.25,1,7
2021-06-15 10:19:26,S,654.35,1,50
2021-06-15 10:19:26,S,654.45,2,20
2021-06-15 10:19:26,S,654.55,2,111
2021-06-15 10:19:26,S,653.5,3,48
2021-06-15 10:19:26,S,653.45,3,170
2021-06-15 10:19:26,S,653.4,2,26
2021-06-15 10:19:26,S,653.35,2,37
2021-06-15 10:19:26,S,653.2,1,8
2021-06-15 10:19:30,S,654.0,3,204
2021-06-15 10:19:30,S,654.15,2,324
2021-06-15 10:19:30,S,653.3,1,19
2021-06-15 10:19:30,S,653.15,1,20
2021-06-15 10:19:34,S,653.8,1,46
2021-06-15 10:19:34,S,653.85,2,15
2021-06-15 10:19:34,S,653.9,1,16
2021-06-15 10:19:34,S,653.95,3,45
2021-06-15 10:19:34,S,654.0,2,154
2021-06-15 10:19:34,S,653.1,3,53
2021-06-15 10:19:34,S,652.9,2,54
2021-06-15 10:19:34,S,652.8,1,24
2021-06-15 10:19:39,S,653.95,1,16
2021-06-15 10:19:39,S,654.05,2,19
2021-06-15 10:19:39,S,654.1,1,1
2021-06-15 10:19:39,S,653.2,4,34
2021-06-15 10:19:39,S,653.15,1,49
2021-06-15 10:19:39,S,653.0,1,500
2021-06-15 10:19:40,S,654.05,1,7
2021-06-15 10:19:40,S,653.25,3,66
2021-06-15 10:19:40,S,653.2,2,14
2021-06-15 10:19:44,S,653.95,2,23
2021-06-15 10:19:44,S,654.0,4,171
2021-06-15 10:19:44,S,654.05,2,54
2021-06-15 10:19:44,S,654.25,1,18
2021-06-15 10:19:44,S,653.25,2,29
2021-06-15 10:19:44,S,653.2,3,18
2021-06-15 10:19:44,S,653.15,1,47
2021-06-15 10:19:44,S,653.05,3,220
2021-06-15 10:19:49,S,653.85,3,24
2021-06-15 10:19:49,S,653.9,2,113
2021-06-15 10:19:49,S,653.95,2,14
2021-06-15 10:19:49,S,654.0,2,163
2021-06-15 10:19:49,S,654.05,1,47
2021-06-15 10:19:49,S,653.15,3,27
2021-06-15 10:19:49,S,653.1,2,39
2021-06-15 10:19:49,S,653.05,5,277
2021-06-15 10:19:49,S,653.0,2,510
2021-06-15 10:19:49,S,652.95,1,13
2021-06-15 10:19:51,S,653.95,4,29
2021-06-15 10:19:51,S,654.1,1,7
2021-06-15 10:19:51,S,654.15,2,334
2021-06-15 10:19:51,S,653.25,2,62
2021-06-15 10:19:51,S,653.2,1,16
2021-06-15 10:19:51,S,653.15,3,25
2021-06-15 10:19:51,S,653.1,1,5
2021-06-15 10:19:51,S,653.05,2,145
2021-06-15 10:20:01,S,654.15,3,345
2021-06-15 10:20:01,S,653.55,2,82
2021-06-15 10:20:01,S,653.5,1,500
2021-06-15 10:20:01,S,653.3,1,75
2021-06-15 10:20:03,S,653.95,1,1
2021-06-15 10:20:03,S,654.0,1,150
2021-06-15 10:20:03,S,654.1,1,45
2021-06-15 10:20:03,S,654.15,5,365
2021-06-15 10:20:03,S,654.2,1,4
2021-06-15 10:20:03,S,653.4,2,42
2021-06-15 10:20:07,S,654.0,2,108
2021-06-15 10:20:07,S,654.2,2,15
2021-06-15 10:20:07,S,654.25,3,66
2021-06-15 10:20:10,S,654.0,1,107
2021-06-15 10:20:10,S,654.2,3,32
2021-06-15 10:20:10,S,654.25,2,20
2021-06-15 10:20:10,S,654.3,1,1
2021-06-15 10:20:10,S,653.45,3,28
2021-06-15 10:20:21,S,654.2,4,39
2021-06-15 10:20:21,S,653.5,1,482
2021-06-15 10:20:21,S,653.4,2,37
2021-06-15 10:20:25,S,654.0,2,127
2021-06-15 10:20:25,S,654.1,4,168
2021-06-15 10:20:25,S,654.15,2,330
2021-06-15 10:20:25,S,654.2,2,65
2021-06-15 10:20:26,S,654.2,2,25
2021-06-15 10:20:26,S,654.25,3,25
2021-06-15 10:20:26,S,653.5,1,457
2021-06-15 10:20:26,S,653.45,1,11
2021-06-15 10:20:26,S,653.4,3,30
2021-06-15 10:20:36,S,654.15,2,392
2021-06-15 10:20:36,S,654.2,3,36
2021-06-15 10:20:36,S,653.45,2,23
2021-06-15 10:20:36,S,653.4,1,11
2021-06-15 10:20:40,S,654.0,1,25
2021-06-15 10:20:40,S,654.1,2,55
2021-06-15 10:20:40,S,654.2,3,100
2021-06-15 10:20:40,S,654.25,1,17
2021-06-15 10:20:40,S,653.5,1,407
2021-06-15 10:20:40,S,653.25,1,49
2021-06-15 10:20:43,S,654.0,1,125
2021-06-15 10:20:43,S,653.6,2,56
2021-06-15 10:20:48,S,654.0,1,122
2021-06-15 10:20:48,S,653.6,3,82
2021-06-15 10:20:50,S,654.2,1,76
2021-06-15 10:20:50,S,654.3,1,13
2021-06-15 10:20:50,S,654.35,3,87
2021-06-15 10:20:50,S,654.4,1,100
2021-06-15 10:20:50,S,654.0,1,112
2021-06-15 10:20:50,S,653.6,2,33
2021-06-15 10:20:50,S,653.55,3,34
2021-06-15 10:20:50,S,653.5,2,450
2021-06-15 10:20:50,S,653.4,1,26
2021-06-15 10:20:53,S,654.0,1,8
2021-06-15 10:20:53,S,654.15,3,376
2021-06-15 10:20:53,S,654.2,1,13
2021-06-15 10:20:57,S,654.0,2,13
2021-06-15 10:21:02,S,654.0,3,16
2021-06-15 10:21:02,S,654.15,2,365
2021-06-15 10:21:02,S,654.2,2,24
2021-06-15 10:21:02,S,654.25,2,24
2021-06-15 10:21:02,S,653.5,1,403
2021-06-15 10:21:02,S,653.45,1,16
2021-06-15 10:21:02,S,653.4,2,18
2021-06-15 10:21:02,S,653.25,1,50
2021-06-15 10:21:06,S,654.3,1,11
2021-06-15 10:21:06,S,654.35,3,123
2021-06-15 10:21:11,S,654.1,1,76
2021-06-15 10:21:11,S,654.25,1,13
2021-06-15 10:21:11,S,654.3,2,18
2021-06-15 10:21:11,S,654.35,2,48
2021-06-15 10:21:11,S,654.0,2,19
2021-06-15 10:21:11,S,653.55,2,33
2021-06-15 10:21:11,S,653.5,2,414
2021-06-15 10:21:11,S,653.45,1,7
2021-06-15 10:21:13,S,654.05,4,139
2021-06-15 10:21:13,S,654.1,2,87
2021-06-15 10:21:13,S,654.15,3,342
2021-06-15 10:21:13,S,654.35,1,1
2021-06-15 10:21:13,S,653.3,1,11
2021-06-15 10:21:13,S,653.25,1,7
2021-06-15 10:21:21,S,653.95,5,215
2021-06-15 10:21:21,S,654.0,4,505
2021-06-15 10:21:21,S,654.15,2,329
2021-06-15 10:21:21,S,653.2,1,26
2021-06-15 10:21:21,S,653.1,2,150
2021-06-15 10:21:21,S,653.05,2,118
2021-06-15 10:21:22,S,654.1,2,88
2021-06-15 10:21:22,S,653.5,1,223
2021-06-15 10:21:22,S,653.2,2,76
2021-06-15 10:21:27,S,654.0,4,223
2021-06-15 10:21:27,S,654.05,3,34
2021-06-15 10:21:27,S,654.15,2,364
2021-06-15 10:21:27,S,653.5,1,123
2021-06-15 10:21:27,S,653.25,1,11
2021-06-15 10:21:33,S,654.0,2,209
2021-06-15 10:21:33,S,654.05,1,13
2021-06-15 10:21:33,S,654.1,1,11
2021-06-15 10:21:33,S,653.5,1,93
2021-06-15 10:21:33,S,653.45,1,26
2021-06-15 10:21:33,S,653.3,2,27
2021-06-15 10:21:33,S,653.25,1,26
2021-06-15 10:21:34,S,653.95,3,25
2021-06-15 10:21:34,S,654.0,4,240
2021-06-15 10:21:34,S,654.1,1,13
2021-06-15 10:21:34,S,653.25,2,27
2021-06-15 10:21:34,S,653.2,1,50
2021-06-15 10:21:34,S,653.05,2,96
2021-06-15 10:21:38,S,653.95,5,113
2021-06-15 10:21:42,S,653.95,4,70
2021-06-15 10:21:42,S,654.05,1,49
2021-06-15 10:21:48,S,653.95,5,145
2021-06-15 10:21:48,S,654.0,5,290
2021-06-15 10:21:48,S,654.1,1,50
2021-06-15 10:21:48,S,654.15,1,317
2021-06-15 10:21:48,S,654.2,1,18
2021-06-15 10:21:48,S,653.5,1,68
2021-06-15 10:21:48,S,653.35,1,26
2021-06-15 10:21:48,S,653.2,1,11
2021-06-15 10:21:48,S,653.1,3,131
2021-06-15 10:21:49,S,652.9,3,130
2021-06-15 10:21:54,S,653.9,4,80
2021-06-15 10:21:54,S,653.95,2,76
2021-06-15 10:21:54,S,654.0,5,304
2021-06-15 10:21:54,S,654.1,1,75
2021-06-15 10:21:54,S,653.1,2,82
2021-06-15 10:21:54,S,653.05,4,104
2021-06-15 10:21:54,S,653.0,1,10
2021-06-15 10:21:54,S,652.9,2,125
2021-06-15 10:21:54,S,652.85,2,131
2021-06-15 10:21:57,S,653.5,1,32
2021-06-15 10:21:57,S,653.6,3,76
2021-06-15 10:21:57,S,653.65,2,52
2021-06-15 10:21:57,S,653.7,1,7
2021-06-15 10:21:57,S,652.85,2,32
2021-06-15 10:21:57,S,652.7,1,3
2021-06-15 10:22:01,S,653.4,1,49
2021-06-15 10:22:01,S,653.45,2,61
2021-06-15 10:22:01,S,653.5,2,43
2021-06-15 10:22:01,S,653.8,1,18
2021-06-15 10:22:01,S,652.65,3,17
2021-06-15 10:22:01,S,652.55,2,53
2021-06-15 10:22:05,S,653.4,2,65
2021-06-15 10:22:05,S,653.5,1,11
2021-06-15 10:22:05,S,653.55,2,14
2021-06-15 10:22:05,S,652.65,4,92
2021-06-15 10:22:05,S,652.4,1,26
2021-06-15 10:22:12,S,652.9,1,20
2021-06-15 10:22:12,S,653.0,1,32
2021-06-15 10:22:12,S,653.35,1,11
2021-06-15 10:22:12,S,652.85,1,25
2021-06-15 10:22:12,S,652.65,3,89
2021-06-15 10:22:12,S,652.55,1,48
2021-06-15 10:22:13,S,653.45,2,56
2021-06-15 10:22:13,S,653.5,1,18
2021-06-15 10:22:21,S,653.1,1,150
2021-06-15 10:22:21,S,653.3,2,54
2021-06-15 10:22:26,S,653.1,1,82
2021-06-15 10:22:26,S,652.85,1,24
2021-06-15 10:22:26,S,652.65,1,3
2021-06-15 10:22:30,S,653.0,1,72
2021-06-15 10:22:30,S,653.35,2,18
2021-06-15 10:22:30,S,653.4,1,16
2021-06-15 10:22:31,S,653.0,1,62
2021-06-15 10:22:31,S,652.6,2,274
2021-06-15 10:22:31,S,652.5,1,3
2021-06-15 10:22:36,S,653.0,1,42
2021-06-15 10:22:36,S,653.3,1,38
2021-06-15 10:22:36,S,653.4,2,27
2021-06-15 10:22:36,S,653.45,1,45
2021-06-15 10:22:36,S,652.75,1,7
2021-06-15 10:22:36,S,652.6,3,277
2021-06-15 10:22:36,S,652.45,1,45
2021-06-15 10:22:39,S,653.85,4,25
2021-06-15 10:22:39,S,653.9,1,17
2021-06-15 10:22:39,S,653.95,3,70
2021-06-15 10:22:39,S,654.05,1,12
2021-06-15 10:22:39,S,653.15,2,28
2021-06-15 10:22:47,S,653.8,1,4
2021-06-15 10:22:47,S,653.85,3,20
2021-06-15 10:22:47,S,653.9,2,29
2021-06-15 10:22:47,S,653.95,2,58
2021-06-15 10:22:47,S,654.0,3,62
2021-06-15 10:22:47,S,653.1,5,195
2021-06-15 10:22:47,S,653.05,1,47
2021-06-15 10:22:51,S,653.85,4,102
2021-06-15 10:22:51,S,653.9,2,57
2021-06-15 10:22:51,S,653.95,2,87
2021-06-15 10:22:51,S,654.1,1,17
2021-06-15 10:22:51,S,653.1,7,218
2021-06-15 10:22:51,S,653.05,3,152
2021-06-15 10:22:58,S,653.9,2,17
2021-06-15 10:22:58,S,653.95,2,24
2021-06-15 10:22:58,S,654.0,3,175
2021-06-15 10:22:58,S,654.05,2,52
2021-06-15 10:22:58,S,653.15,3,35
2021-06-15 10:22:58,S,652.9,1,26
2021-06-15 10:23:02,S,653.9,3,29
2021-06-15 10:23:02,S,653.15,1,26
2021-06-15 10:23:02,S,653.05,2,140
2021-06-15 10:23:03,S,653.85,1,76
2021-06-15 10:23:03,S,653.9,2,28
2021-06-15 10:23:03,S,653.1,3,157
2021-06-15 10:23:09,S,653.8,2,14
2021-06-15 10:23:09,S,653.85,2,92
2021-06-15 10:23:09,S,653.9,1,12
2021-06-15 10:23:09,S,653.95,1,12
2021-06-15 10:23:09,S,653.1,4,183
2021-06-15 10:23:09,S,653.05,2,102
2021-06-15 10:23:09,S,652.95,1,50
2021-06-15 10:23:13,S,653.65,1,12
2021-06-15 10:23:13,S,653.7,2,57
2021-06-15 10:23:13,S,653.8,2,19
2021-06-15 10:23:13,S,652.9,2,14
2021-06-15 10:23:15,S,653.1,1,74
2021-06-15 10:23:22,S,653.6,1,5
2021-06-15 10:23:22,S,653.65,2,14
2021-06-15 10:23:22,S,653.7,1,50
2021-06-15 10:23:22,S,653.75,2,83
2021-06-15 10:23:22,S,653.8,3,36
2021-06-15 10:23:22,S,653.1,1,73
2021-06-15 10:23:22,S,652.85,4,105
2021-06-15 10:23:28,S,653.75,3,90
2021-06-15 10:23:28,S,653.8,4,55
2021-06-15 10:23:28,S,653.85,2,58
2021-06-15 10:23:28,S,653.95,3,118
2021-06-15 10:23:28,S,654.0,2,75
2021-06-15 10:23:28,S,653.1,1,63
2021-06-15 10:23:28,S,652.95,1,7
2021-06-15 10:23:33,S,653.45,1,76
2021-06-15 10:23:33,S,653.5,3,77
2021-06-15 10:23:33,S,653.55,1,7
2021-06-15 10:23:33,S,653.6,1,7
2021-06-15 10:23:33,S,653.05,1,90
2021-06-15 10:23:33,S,653.0,1,100
2021-06-15 10:23:33,S,652.85,2,34
2021-06-15 10:23:34,S,653.1,2,167
2021-06-15 10:23:39,S,653.0,1,5
2021-06-15 10:23:39,S,652.55,1,49
2021-06-15 10:23:52,S,653.1,1,162
2021-06-15 10:23:52,S,653.25,1,76
2021-06-15 10:23:52,S,653.35,1,16
2021-06-15 10:23:52,S,653.4,1,12
2021-06-15 10:23:52,S,653.45,2,14
2021-06-15 10:23:52,S,652.95,1,5
2021-06-15 10:23:52,S,652.75,1,26
2021-06-15 10:23:52,S,652.65,1,75
2021-06-15 10:23:52,S,652.6,3,260
2021-06-15 10:23:57,S,653.75,1,5
2021-06-15 10:23:57,S,653.85,1,20
2021-06-15 10:23:57,S,653.9,3,102
2021-06-15 10:23:57,S,653.95,4,149
2021-06-15 10:23:57,S,653.1,2,126
2021-06-15 10:23:57,S,653.05,2,19
2021-06-15 10:23:57,S,653.0,2,27
2021-06-15 10:24:03,S,653.7,1,31
2021-06-15 10:24:03,S,653.75,2,36
2021-06-15 10:24:03,S,653.8,1,7
2021-06-15 10:24:03,S,653.1,1,100
2021-06-15 10:24:03,S,652.85,2,24
2021-06-15 10:24:10,S,653.55,1,11
2021-06-15 10:24:10,S,653.6,1,31
2021-06-15 10:24:10,S,653.1,1,90
2021-06-15 10:24:10,S,652.85,5,53
2021-06-15 10:24:10,S,652.8,1,26
2021-06-15 10:24:10,S,652.75,1,12
2021-06-15 10:24:13,S,653.45,1,31
2021-06-15 10:24:27,S,653.6,1,16
2021-06-15 10:24:27,S,653.65,1,15
2021-06-15 10:24:27,S,652.85,4,38
2021-06-15 10:24:27,S,652.8,2,41
2021-06-15 10:24:27,S,652.75,2,60
2021-06-15 10:24:27,S,652.6,3,279
2021-06-15 10:24:33,S,653.45,1,5
2021-06-15 10:24:33,S,653.5,1,50
2021-06-15 10:24:33,S,653.55,1,27
2021-06-15 10:24:33,S,653.65,1,16
2021-06-15 10:24:33,S,653.7,1,15
2021-06-15 10:24:33,S,652.9,2,10
2021-06-15 10:24:33,S,652.8,2,38
2021-06-15 10:24:33,S,652.75,1,48
2021-06-15 10:24:37,S,653.8,2,30
2021-06-15 10:24:37,S,652.7,3,35
2021-06-15 10:24:37,S,652.6,3,303
2021-06-15 10:24:37,S,652.5,1,12
2021-06-15 10:24:50,S,653.4,1,5
2021-06-15 10:24:50,S,653.45,1,27
2021-06-15 10:24:50,S,653.5,2,66
2021-06-15 10:24:50,S,653.55,2,22
2021-06-15 10:24:50,S,653.75,1,7
2021-06-15 10:24:50,S,652.85,1,8
2021-06-15 10:24:50,S,652.75,2,54
2021-06-15 10:24:50,S,652.7,3,40
2021-06-15 10:24:50,S,652.65,2,150
2021-06-15 10:24:52,S,652.6,2,253
2021-06-15 10:24:52,S,652.35,1,26
2021-06-15 10:24:52,S,652.1,3,1050
2021-06-15 10:24:57,S,653.45,1,18
2021-06-15 10:24:57,S,652.1,2,1004
2021-06-15 10:24:57,S,652.05,2,75
2021-06-15 10:25:01,S,652.9,1,2000
2021-06-15 10:25:01,S,653.1,5,72
2021-06-15 10:25:01,S,653.15,1,45
2021-06-15 10:25:01,S,653.45,2,93
2021-06-15 10:25:01,S,652.6,2,221
2021-06-15 10:25:01,S,652.15,2,140
2021-06-15 10:25:01,S,652.1,3,1051
2021-06-15 10:25:10,S,652.8,4,89
2021-06-15 10:25:10,S,652.9,2,2012
2021-06-15 10:25:10,S,653.15,1,15
2021-06-15 10:25:10,S,652.2,2,52
2021-06-15 10:25:10,S,652.15,3,165
2021-06-15 10:25:16,S,652.9,1,12
2021-06-15 10:25:16,S,652.15,2,92
2021-06-15 10:25:16,S,652.1,2,1003
2021-06-15 10:25:16,S,651.9,1,25
2021-06-15 10:25:20,S,652.15,2,72
2021-06-15 10:25:25,S,652.7,3,41
2021-06-15 10:25:25,S,652.75,1,75
2021-06-15 10:25:25,S,652.8,3,2063
2021-06-15 10:25:25,S,652.85,1,16
2021-06-15 10:25:25,S,652.9,2,30
2021-06-15 10:25:25,S,652.15,2,42
2021-06-15 10:25:25,S,652.1,1,978
2021-06-15 10:25:25,S,652.05,1,30
2021-06-15 10:25:25,S,652.0,5,362
2021-06-15 10:25:25,S,651.85,1,48
2021-06-15 10:25:28,S,652.1,2,31
2021-06-15 10:25:28,S,652.15,1,76
2021-06-15 10:25:29,S,652.0,4,763
2021-06-15 10:25:40,S,651.55,1,243
2021-06-15 10:25:40,S,651.05,1,95
2021-06-15 10:25:44,S,652.0,3,716
2021-06-15 10:25:44,S,652.1,2,121
2021-06-15 10:25:44,S,652.5,2,68
2021-06-15 10:25:44,S,651.15,3,36
2021-06-15 10:25:44,S,651.0,3,133
2021-06-15 10:25:49,S,651.95,3,154
2021-06-15 10:25:49,S,652.0,2,700
2021-06-15 10:25:49,S,652.05,2,23
2021-06-15 10:25:49,S,652.1,1,76
2021-06-15 10:25:49,S,652.45,1,15
2021-06-15 10:25:49,S,651.55,1,241
2021-06-15 10:25:56,S,651.95,2,83
2021-06-15 10:25:56,S,652.0,2,66
2021-06-15 10:26:01,S,651.9,1,650
2021-06-15 10:26:01,S,651.95,3,90
2021-06-15 10:26:01,S,651.55,1,231
2021-06-15 10:26:01,S,651.2,2,507
2021-06-15 10:26:09,S,651.85,2,150
2021-06-15 10:26:15,S,651.85,2,148
2021-06-15 10:26:15,S,651.9,4,749
2021-06-15 10:26:15,S,652.15,1,15
2021-06-15 10:26:15,S,651.15,2,29
2021-06-15 10:26:19,S,651.8,1,76
2021-06-15 10:26:19,S,651.85,3,157
2021-06-15 10:26:19,S,651.9,2,666
2021-06-15 10:26:19,S,651.15,1,26
2021-06-15 10:26:19,S,651.1,2,1046
2021-06-15 10:26:27,S,651.95,2,46
2021-06-15 10:26:27,S,651.25,3,85
2021-06-15 10:26:27,S,651.2,1,500
2021-06-15 10:26:30,S,651.95,3,53
2021-06-15 10:26:30,S,652.25,1,15
2021-06-15 10:26:34,S,651.8,1,383
2021-06-15 10:26:34,S,651.85,2,125
2021-06-15 10:26:34,S,652.0,3,130
2021-06-15 10:26:38,S,651.85,3,508
2021-06-15 10:26:38,S,651.95,2,37
2021-06-15 10:26:38,S,651.3,1,47
2021-06-15 10:26:42,S,652.0,3,121
2021-06-15 10:26:42,S,651.25,2,150
2021-06-15 10:26:46,S,651.85,5,594
2021-06-15 10:26:56,S,651.85,5,589
2021-06-15 10:26:56,S,651.9,1,7
2021-06-15 10:26:56,S,652.0,2,114
2021-06-15 10:27:09,S,651.85,4,513
2021-06-15 10:27:09,S,651.95,1,76
2021-06-15 10:27:09,S,651.8,1,10
2021-06-15 10:27:09,S,651.75,1,125
2021-06-15 10:27:09,S,651.55,1,11
2021-06-15 10:27:12,S,651.85,3,413
2021-06-15 10:27:12,S,652.2,1,16
2021-06-15 10:27:12,S,652.25,2,22
2021-06-15 10:27:12,S,651.55,2,59
2021-06-15 10:27:12,S,651.5,3,555
2021-06-15 10:27:13,S,651.85,1,12
2021-06-15 10:27:13,S,651.75,2,141
2021-06-15 10:27:20,S,652.65,1,16
2021-06-15 10:27:20,S,652.7,1,15
2021-06-15 10:27:20,S,652.75,1,18
2021-06-15 10:27:20,S,651.95,1,47
2021-06-15 10:27:20,S,651.9,2,10
2021-06-15 10:27:20,S,651.85,2,87
2021-06-15 10:27:20,S,651.8,2,100
2021-06-15 10:27:23,S,652.5,1,50
2021-06-15 10:27:23,S,652.55,1,76
2021-06-15 10:27:23,S,652.8,2,31
2021-06-15 10:27:23,S,652.85,1,5
2021-06-15 10:27:23,S,652.9,1,45
2021-06-15 10:27:23,S,652.05,1,44
2021-06-15 10:27:23,S,652.0,2,10
2021-06-15 10:27:23,S,651.9,2,150
2021-06-15 10:27:23,S,651.85,2,112
2021-06-15 10:27:24,S,653.25,1,18
2021-06-15 10:27:24,S,653.35,1,7
2021-06-15 10:27:24,S,652.45,2,62
2021-06-15 10:27:24,S,652.4,3,30
2021-06-15 10:27:29,S,652.45,1,49
2021-06-15 10:27:36,S,653.15,1,21
2021-06-15 10:27:36,S,653.2,3,41
2021-06-15 10:27:46,S,653.15,1,16
2021-06-15 10:27:46,S,653.3,2,52
2021-06-15 10:27:46,S,652.45,1,44
2021-06-15 10:27:46,S,652.4,4,43
2021-06-15 10:27:46,S,652.2,2,37
2021-06-15 10:27:46,S,652.05,3,162
2021-06-15 10:27:46,S,653.3,2,21
2021-06-15 10:27:51,S,653.25,2,25
2021-06-15 10:27:51,S,653.3,1,16
2021-06-15 10:27:51,S,653.45,1,75
2021-06-15 10:27:51,S,652.55,2,63
2021-06-15 10:27:51,S,652.5,2,14
2021-06-15 10:27:51,S,652.45,1,13
2021-06-15 10:27:53,S,653.25,1,9
2021-06-15 10:27:53,S,653.3,1,76
2021-06-15 10:27:53,S,653.45,2,87
2021-06-15 10:27:53,S,652.5,3,60
2021-06-15 10:27:53,S,652.45,2,23
2021-06-15 10:27:53,S,652.3,2,150
2021-06-15 10:28:01,S,653.2,1,76
2021-06-15 10:28:01,S,653.3,2,16
2021-06-15 10:28:01,S,653.4,1,7
2021-06-15 10:28:01,S,652.45,2,11
2021-06-15 10:28:01,S,652.4,1,12
2021-06-15 10:28:07,S,653.1,1,76
2021-06-15 10:28:07,S,653.15,2,16
2021-06-15 10:28:07,S,653.3,1,7
2021-06-15 10:28:07,S,653.35,1,45
2021-06-15 10:28:07,S,652.4,1,4
2021-06-15 10:28:07,S,652.35,2,41
2021-06-15 10:28:07,S,652.3,4,203
2021-06-15 10:28:07,S,652.25,1,96
2021-06-15 10:28:08,S,652.9,4,141
2021-06-15 10:28:08,S,652.95,3,43
2021-06-15 10:28:08,S,653.15,1,18
2021-06-15 10:28:08,S,652.2,1,3
2021-06-15 10:28:08,S,652.15,2,36
2021-06-15 10:28:08,S,652.1,1,75
2021-06-15 10:28:08,S,652.05,3,115
2021-06-15 10:28:15,S,652.85,4,133
2021-06-15 10:28:15,S,653.05,1,12
2021-06-15 10:28:15,S,652.1,5,121
2021-06-15 10:28:15,S,651.8,1,25
2021-06-15 10:28:33,S,652.85,3,113
2021-06-15 10:28:33,S,652.95,1,20
2021-06-15 10:28:33,S,652.1,3,39
2021-06-15 10:28:33,S,652.0,2,145
2021-06-15 10:28:40,S,653.05,2,25
2021-06-15 10:28:40,S,652.4,1,5
2021-06-15 10:28:40,S,652.35,3,122
2021-06-15 10:28:45,S,653.0,2,89
2021-06-15 10:28:45,S,653.1,1,13
2021-06-15 10:28:45,S,653.15,4,80
2021-06-15 10:28:45,S,652.4,2,8
2021-06-15 10:28:45,S,652.35,4,167
2021-06-15 10:28:45,S,652.3,2,20
2021-06-15 10:28:45,S,652.05,3,120
2021-06-15 10:28:49,S,653.1,1,16
2021-06-15 10:28:49,S,653.15,2,19
2021-06-15 10:28:49,S,652.4,3,108
2021-06-15 10:28:49,S,652.35,4,125
2021-06-15 10:28:54,S,652.95,1,51
2021-06-15 10:28:59,S,652.4,4,111
2021-06-15 10:28:59,S,652.35,3,113
2021-06-15 10:28:59,S,652.3,2,32
2021-06-15 10:29:09,S,652.95,1,41
2021-06-15 10:29:09,S,653.0,1,59
2021-06-15 10:29:22,S,652.95,2,81
2021-06-15 10:29:22,S,653.1,2,28
2021-06-15 10:29:22,S,653.15,2,26
2021-06-15 10:29:22,S,653.2,1,12
2021-06-15 10:29:22,S,652.4,2,10
2021-06-15 10:29:22,S,652.3,2,19
2021-06-15 10:29:22,S,652.2,1,45
2021-06-15 10:29:32,S,652.4,1,90
2021-06-15 10:29:32,S,652.8,3,35
2021-06-15 10:29:32,S,652.85,2,89
2021-06-15 10:29:32,S,652.35,1,85
2021-06-15 10:29:32,S,652.05,4,178
2021-06-15 10:29:32,S,652.0,2,125
2021-06-15 10:29:33,S,652.9,3,75
2021-06-15 10:29:40,S,652.95,1,40
2021-06-15 10:29:40,S,652.15,2,14
2021-06-15 10:29:44,S,652.85,2,53
2021-06-15 10:29:44,S,652.95,2,115
2021-06-15 10:29:44,S,653.0,4,123
2021-06-15 10:29:44,S,652.1,4,60
2021-06-15 10:29:44,S,651.9,2,75
2021-06-15 10:29:51,S,652.85,1,41
2021-06-15 10:29:51,S,652.95,4,134
2021-06-15 10:29:51,S,653.0,3,116
2021-06-15 10:29:51,S,653.15,2,31
2021-06-15 10:29:51,S,652.1,3,48
2021-06-15 10:30:01,S,652.5,1,20
2021-06-15 10:30:06,S,652.95,2,90
2021-06-15 10:30:06,S,653.05,1,16
2021-06-15 10:30:06,S,653.15,4,88
2021-06-15 10:30:06,S,652.25,2,61
2021-06-15 10:30:13,S,652.5,1,18
2021-06-15 10:30:13,S,652.9,3,141
2021-06-15 10:30:13,S,652.95,3,95
2021-06-15 10:30:13,S,653.0,3,83
2021-06-15 10:30:13,S,653.15,3,81
2021-06-15 10:30:13,S,652.15,3,63
2021-06-15 10:30:13,S,652.1,2,32
2021-06-15 10:30:21,S,652.85,2,98
2021-06-15 10:30:21,S,652.9,1,16
2021-06-15 10:30:21,S,652.95,3,59
2021-06-15 10:30:21,S,653.0,2,71
2021-06-15 10:30:21,S,652.5,1,6
2021-06-15 10:30:21,S,652.15,5,82
2021-06-15 10:30:21,S,652.1,1,25
2021-06-15 10:30:22,S,652.8,1,16
2021-06-15 10:30:22,S,652.85,1,48
2021-06-15 10:30:22,S,652.05,4,173
2021-06-15 10:30:22,S,652.0,2,112
2021-06-15 10:30:30,S,652.5,1,4
2021-06-15 10:30:36,S,652.7,1,50
2021-06-15 10:30:36,S,652.75,1,50
2021-06-15 10:30:36,S,652.85,2,28
2021-06-15 10:30:36,S,652.15,1,2
2021-06-15 10:30:36,S,652.05,3,157
2021-06-15 10:30:36,S,652.0,3,128
2021-06-15 10:30:36,S,651.95,1,25
2021-06-15 10:30:36,S,651.9,1,45
2021-06-15 10:30:42,S,652.15,1,17
2021-06-15 10:30:42,S,652.45,1,50
2021-06-15 10:30:42,S,652.5,2,22
2021-06-15 10:30:42,S,652.55,1,12
2021-06-15 10:30:42,S,652.6,1,7
2021-06-15 10:30:42,S,651.8,2,42
2021-06-15 10:30:45,S,652.5,3,34
2021-06-15 10:30:45,S,652.6,1,12
2021-06-15 10:30:45,S,652.65,2,23
2021-06-15 10:30:45,S,652.75,2,68
2021-06-15 10:30:45,S,651.85,3,35
2021-06-15 10:30:45,S,651.8,1,30
2021-06-15 10:30:49,S,652.6,1,16
2021-06-15 10:30:49,S,652.65,1,12
2021-06-15 10:30:49,S,651.8,3,58
2021-06-15 10:30:49,S,651.75,1,66
2021-06-15 10:31:06,S,652.45,2,57
2021-06-15 10:31:06,S,652.5,4,82
2021-06-15 10:31:06,S,652.55,2,19
2021-06-15 10:31:06,S,652.7,1,16
2021-06-15 10:31:06,S,652.0,1,78
2021-06-15 10:31:06,S,651.8,2,46
2021-06-15 10:31:06,S,651.75,2,78
2021-06-15 10:31:06,S,651.65,2,150
2021-06-15 10:31:09,S,652.25,3,33
2021-06-15 10:31:09,S,652.45,1,7
2021-06-15 10:31:13,S,652.15,2,55
2021-06-15 10:31:13,S,652.25,2,23
2021-06-15 10:31:13,S,652.4,1,10
2021-06-15 10:31:13,S,651.7,2,2
2021-06-15 10:31:13,S,651.55,3,20
2021-06-15 10:31:13,S,651.5,2,55
2021-06-15 10:31:13,S,651.4,3,61
2021-06-15 10:31:28,S,652.25,2,26
2021-06-15 10:31:28,S,652.3,2,55
2021-06-15 10:31:28,S,651.6,1,20
2021-06-15 10:31:28,S,651.55,2,13
2021-06-15 10:31:28,S,651.5,1,50
2021-06-15 10:31:31,S,651.3,1,3
2021-06-15 10:31:43,S,651.75,1,1
2021-06-15 10:31:43,S,651.9,1,41
2021-06-15 10:31:43,S,651.95,1,50
2021-06-15 10:31:43,S,652.05,1,16
2021-06-15 10:31:43,S,652.1,2,19
2021-06-15 10:31:43,S,651.3,3,11
2021-06-15 10:31:43,S,651.1,2,1050
2021-06-15 10:31:45,S,652.1,1,41
2021-06-15 10:31:45,S,652.15,2,21
2021-06-15 10:31:45,S,651.3,2,17
2021-06-15 10:31:48,S,652.05,2,28
2021-06-15 10:31:48,S,652.1,2,89
2021-06-15 10:31:48,S,651.4,2,23
2021-06-15 10:31:48,S,651.3,1,5
2021-06-15 10:31:55,S,652.1,3,96
2021-06-15 10:31:55,S,652.15,4,163
2021-06-15 10:31:55,S,652.3,1,48
2021-06-15 10:31:55,S,652.0,2,61
2021-06-15 10:31:55,S,652.1,2,64
2021-06-15 10:31:59,S,652.0,3,109
2021-06-15 10:31:59,S,652.05,1,12
2021-06-15 10:32:09,S,652.0,2,68
2021-06-15 10:32:09,S,652.15,4,154
2021-06-15 10:32:09,S,652.2,1,12
2021-06-15 10:32:11,S,652.0,1,43
2021-06-15 10:32:18,S,652.0,1,42
2021-06-15 10:32:18,S,652.05,1,41
2021-06-15 10:32:18,S,652.15,3,147
2021-06-15 10:32:18,S,651.5,1,16
2021-06-15 10:32:18,S,651.45,2,75
2021-06-15 10:32:18,S,651.2,1,27
2021-06-15 10:32:19,S,651.95,1,41
2021-06-15 10:32:19,S,652.0,2,58
2021-06-15 10:32:19,S,652.05,2,54
2021-06-15 10:32:27,S,651.95,2,89
2021-06-15 10:32:27,S,652.0,2,28
2021-06-15 10:32:27,S,652.05,3,61
2021-06-15 10:32:27,S,652.1,1,12
2021-06-15 10:32:27,S,651.2,3,35
2021-06-15 10:32:27,S,651.1,2,1048
2021-06-15 10:32:29,S,651.95,1,39
2021-06-15 10:32:29,S,652.1,2,28
2021-06-15 10:32:29,S,652.15,3,142
2021-06-15 10:32:29,S,651.4,1,16
2021-06-15 10:32:29,S,651.35,2,55
2021-06-15 10:32:29,S,651.3,1,2
2021-06-15 10:32:29,S,651.2,1,12
2021-06-15 10:32:35,S,652.3,2,53
2021-06-15 10:32:35,S,652.35,1,12
2021-06-15 10:32:35,S,651.4,4,37
2021-06-15 10:32:49,S,652.0,1,100
2021-06-15 10:32:49,S,652.15,2,135
2021-06-15 10:32:49,S,652.4,2,69
2021-06-15 10:32:49,S,651.5,2,23
2021-06-15 10:32:49,S,651.4,1,12
2021-06-15 10:32:51,S,652.15,2,17
2021-06-15 10:32:51,S,652.2,2,53
2021-06-15 10:32:51,S,652.4,1,20
2021-06-15 10:32:51,S,651.35,1,16
2021-06-15 10:32:51,S,651.3,2,72
2021-06-15 10:32:51,S,651.25,2,37
2021-06-15 10:32:51,S,651.15,3,197
2021-06-15 10:32:54,S,651.95,3,69
2021-06-15 10:32:54,S,651.15,2,150
2021-06-15 10:32:54,S,651.05,2,356
2021-06-15 10:32:54,S,650.95,1,12
2021-06-15 10:32:58,S,651.95,4,102
2021-06-15 10:32:58,S,652.0,2,230
2021-06-15 10:32:58,S,652.05,2,24
2021-06-15 10:32:58,S,652.35,2,19
2021-06-15 10:32:58,S,651.15,3,175
2021-06-15 10:32:58,S,651.1,3,1024
2021-06-15 10:32:58,S,651.0,5,232
2021-06-15 10:32:58,S,650.95,2,37
2021-06-15 10:33:01,S,651.75,1,45
2021-06-15 10:33:01,S,651.85,2,19
2021-06-15 10:33:01,S,651.9,2,28
2021-06-15 10:33:01,S,651.95,2,108
2021-06-15 10:33:01,S,652.0,3,237
2021-06-15 10:33:01,S,651.0,4,184
2021-06-15 10:33:01,S,650.8,1,50
2021-06-15 10:33:12,S,651.75,2,52
2021-06-15 10:33:15,S,651.9,1,12
2021-06-15 10:33:21,S,651.75,3,64
2021-06-15 10:33:21,S,651.8,1,48
2021-06-15 10:33:21,S,651.85,2,28
2021-06-15 10:33:21,S,651.9,2,19
2021-06-15 10:33:21,S,651.95,1,75
2021-06-15 10:33:21,S,651.1,1,1000
2021-06-15 10:33:21,S,651.0,5,209
2021-06-15 10:33:21,S,650.8,2,72
2021-06-15 10:33:21,S,650.65,1,12
2021-06-15 10:33:30,S,652.0,2,170
2021-06-15 10:33:30,S,652.25,1,16
2021-06-15 10:33:30,S,652.3,1,15
2021-06-15 10:33:30,S,651.75,1,100
2021-06-15 10:33:30,S,651.5,2,61
2021-06-15 10:33:30,S,651.45,2,23
2021-06-15 10:33:34,S,652.15,2,50
2021-06-15 10:33:34,S,651.45,1,15
2021-06-15 10:33:34,S,651.4,1,25
2021-06-15 10:33:34,S,651.35,3,157
2021-06-15 10:33:34,S,651.3,2,129
2021-06-15 10:33:34,S,651.25,2,62
2021-06-15 10:33:36,S,651.75,1,50
2021-06-15 10:33:36,S,652.0,2,95
2021-06-15 10:33:36,S,651.15,3,126
2021-06-15 10:33:36,S,651.1,2,1007
2021-06-15 10:33:36,S,651.05,2,354
2021-06-15 10:33:39,S,651.7,2,56
2021-06-15 10:33:39,S,651.75,2,48
2021-06-15 10:33:42,S,651.85,2,31
2021-06-15 10:33:42,S,650.85,1,46
2021-06-15 10:33:46,S,651.7,3,63
2021-06-15 10:33:49,S,651.7,3,31
2021-06-15 10:33:49,S,651.75,2,74
2021-06-15 10:33:49,S,651.85,3,65
2021-06-15 10:33:49,S,651.05,2,275
2021-06-15 10:33:55,S,651.75,1,40
2021-06-15 10:33:55,S,651.85,2,49
2021-06-15 10:33:55,S,651.9,3,158
2021-06-15 10:33:55,S,651.1,1,976
2021-06-15 10:33:55,S,651.05,3,287
2021-06-15 10:33:55,S,650.85,2,71
2021-06-15 10:33:59,S,652.0,2,100
2021-06-15 10:33:59,S,651.15,1,46
2021-06-15 10:33:59,S,651.1,2,988
2021-06-15 10:34:01,S,651.85,3,75
2021-06-15 10:34:01,S,651.9,2,64
2021-06-15 10:34:01,S,652.0,3,107
2021-06-15 10:34:01,S,652.05,1,8
2021-06-15 10:34:01,S,650.5,3,112
2021-06-15 10:34:07,S,652.0,3,148
2021-06-15 10:34:18,S,651.9,2,23
2021-06-15 10:34:18,S,651.95,1,15
2021-06-15 10:34:18,S,651.0,7,334
2021-06-15 10:34:21,S,651.8,2,150
2021-06-15 10:34:21,S,651.85,4,83
2021-06-15 10:34:21,S,651.95,2,22
2021-06-15 10:34:21,S,652.0,2,128
2021-06-15 10:34:21,S,650.7,1,25
2021-06-15 10:34:28,S,651.75,1,34
2021-06-15 10:34:28,S,651.85,2,15
2021-06-15 10:34:30,S,651.95,4,172
2021-06-15 10:34:36,S,651.75,1,9
2021-06-15 10:34:36,S,651.8,1,34
2021-06-15 10:34:36,S,651.95,3,165
2021-06-15 10:34:36,S,651.25,1,50
2021-06-15 10:34:36,S,651.05,3,306
2021-06-15 10:34:36,S,651.8,3,50
2021-06-15 10:34:36,S,651.95,1,16
2021-06-15 10:34:36,S,651.1,2,932
2021-06-15 10:34:36,S,651.05,2,299
2021-06-15 10:34:48,S,651.8,2,43
2021-06-15 10:34:48,S,651.15,3,81
2021-06-15 10:34:48,S,651.0,7,509
2021-06-15 10:34:52,S,651.95,3,65
2021-06-15 10:34:58,S,651.8,1,9
2021-06-15 10:34:58,S,651.9,1,34
2021-06-15 10:34:58,S,651.95,3,38
2021-06-15 10:34:58,S,651.15,4,281
2021-06-15 10:35:10,S,651.15,2,207
2021-06-15 10:35:14,S,651.95,3,30
2021-06-15 10:35:14,S,652.1,1,34
2021-06-15 10:35:14,S,651.15,3,257
2021-06-15 10:35:14,S,651.1,2,934
2021-06-15 10:35:14,S,650.9,1,25
2021-06-15 10:35:22,S,652.05,1,34
2021-06-15 10:35:22,S,652.2,1,15
2021-06-15 10:35:22,S,651.15,3,275
2021-06-15 10:35:24,S,651.95,1,48
2021-06-15 10:35:41,S,652.15,1,5
2021-06-15 10:35:41,S,652.3,1,16
2021-06-15 10:35:41,S,652.35,2,49
2021-06-15 10:35:41,S,651.95,2,58
2021-06-15 10:35:41,S,651.65,2,45
2021-06-15 10:35:41,S,651.5,1,46
2021-06-15 10:35:52,S,651.95,2,176
2021-06-15 10:35:52,S,652.0,2,96
2021-06-15 10:35:52,S,652.15,3,61
2021-06-15 10:35:52,S,651.65,1,20
2021-06-15 10:35:52,S,651.25,1,45
2021-06-15 10:35:55,S,651.9,4,191
2021-06-15 10:35:55,S,651.95,3,168
2021-06-15 10:35:55,S,652.0,1,80
2021-06-15 10:35:55,S,652.1,1,15
2021-06-15 10:35:55,S,651.65,1,13
2021-06-15 10:35:55,S,651.35,1,25
2021-06-15 10:35:55,S,651.15,2,225
2021-06-15 10:35:55,S,651.1,2,970
2021-06-15 10:36:03,S,651.5,1,136
2021-06-15 10:36:03,S,651.7,3,48
2021-06-15 10:36:10,S,651.85,1,50
2021-06-15 10:36:10,S,651.15,1,200
2021-06-15 10:36:14,S,651.7,4,78
2021-06-15 10:36:14,S,651.85,2,66
2021-06-15 10:36:14,S,651.95,3,160
2021-06-15 10:36:14,S,651.15,1,190
2021-06-15 10:36:14,S,651.1,1,922
2021-06-15 10:36:14,S,651.0,6,309
2021-06-15 10:36:14,S,650.9,1,49
2021-06-15 10:36:16,S,651.1,1,915
2021-06-15 10:36:22,S,651.15,1,210
2021-06-15 10:36:22,S,651.45,2,150
2021-06-15 10:36:22,S,651.5,2,133
2021-06-15 10:36:22,S,651.55,1,34
2021-06-15 10:36:22,S,650.6,1,46
2021-06-15 10:36:24,S,651.1,1,908
2021-06-15 10:36:24,S,651.0,6,296
2021-06-15 10:36:24,S,650.95,1,48
2021-06-15 10:36:24,S,650.8,1,25
2021-06-15 10:36:38,S,651.1,1,846
2021-06-15 10:36:45,S,651.45,2,64
2021-06-15 10:36:45,S,651.5,1,86
2021-06-15 10:36:45,S,651.55,1,7
2021-06-15 10:36:45,S,651.7,1,16
2021-06-15 10:36:53,S,651.5,2,116
2021-06-15 10:36:53,S,651.55,1,76
2021-06-15 10:36:53,S,651.75,3,38
2021-06-15 10:36:53,S,651.8,2,68
2021-06-15 10:36:53,S,651.0,5,284
2021-06-15 10:36:54,S,651.5,1,61
2021-06-15 10:36:54,S,651.7,3,157
2021-06-15 10:36:54,S,651.75,2,106
2021-06-15 10:36:54,S,651.45,1,50
2021-06-15 10:36:54,S,651.0,4,281
2021-06-15 10:36:58,S,651.5,1,11
2021-06-15 10:36:58,S,651.8,2,31
2021-06-15 10:36:58,S,651.15,1,2
2021-06-15 10:36:58,S,651.1,2,871
2021-06-15 10:36:58,S,651.0,5,311
2021-06-15 10:37:02,S,651.1,2,844
2021-06-15 10:37:02,S,651.05,1,250
2021-06-15 10:37:02,S,651.0,5,288
2021-06-15 10:37:08,S,651.5,2,51
2021-06-15 10:37:08,S,651.65,2,106
2021-06-15 10:37:08,S,651.8,1,16
2021-06-15 10:37:08,S,651.85,1,15
2021-06-15 10:37:08,S,651.05,2,257
2021-06-15 10:37:08,S,650.85,1,49
2021-06-15 10:37:15,S,651.75,1,30
2021-06-15 10:37:15,S,651.85,1,76
2021-06-15 10:37:15,S,651.9,2,14
2021-06-15 10:37:15,S,651.95,2,26
2021-06-15 10:37:15,S,651.5,1,44
2021-06-15 10:37:15,S,651.3,1,25
2021-06-15 10:37:15,S,651.15,2,53
2021-06-15 10:37:15,S,651.1,3,850
2021-06-15 10:37:15,S,651.05,2,349
2021-06-15 10:37:30,S,651.7,1,5
2021-06-15 10:37:40,S,651.7,2,10
2021-06-15 10:37:40,S,651.9,1,15
2021-06-15 10:37:40,S,651.15,2,32
2021-06-15 10:37:40,S,651.1,4,862
2021-06-15 10:37:40,S,651.05,3,397
2021-06-15 10:37:43,S,651.1,2,843
2021-06-15 10:37:43,S,650.75,2,74
2021-06-15 10:37:48,S,651.7,8,248
2021-06-15 10:37:48,S,651.75,2,83
2021-06-15 10:37:48,S,651.8,2,36
2021-06-15 10:37:48,S,651.9,1,16
2021-06-15 10:37:48,S,651.1,1,818
2021-06-15 10:37:48,S,650.75,2,71
2021-06-15 10:37:49,S,651.7,2,25
2021-06-15 10:37:49,S,651.85,1,16
2021-06-15 10:37:49,S,651.1,2,867
2021-06-15 10:37:55,S,651.75,1,76
2021-06-15 10:37:55,S,651.9,4,68
2021-06-15 10:37:55,S,651.1,2,823
2021-06-15 10:37:58,S,651.65,1,76
2021-06-15 10:37:58,S,651.7,1,20
2021-06-15 10:37:58,S,651.85,2,23
2021-06-15 10:37:58,S,651.9,2,45
2021-06-15 10:37:58,S,651.15,2,85
2021-06-15 10:37:58,S,651.1,6,890
2021-06-15 10:37:58,S,651.0,4,188
2021-06-15 10:37:58,S,650.95,2,55
2021-06-15 10:38:15,S,651.1,5,843
2021-06-15 10:38:15,S,650.95,1,25
2021-06-15 10:38:28,S,651.65,3,113
2021-06-15 10:38:28,S,651.7,2,27
2021-06-15 10:38:28,S,651.8,1,15
2021-06-15 10:38:28,S,651.85,3,44
2021-06-15 10:38:28,S,651.9,1,75
2021-06-15 10:38:28,S,651.1,5,803
2021-06-15 10:38:28,S,651.05,2,32
2021-06-15 10:38:28,S,650.85,1,25
2021-06-15 10:38:31,S,651.95,6,155
2021-06-15 10:38:31,S,652.0,1,76
2021-06-15 10:38:35,S,651.15,5,117
2021-06-15 10:38:38,S,651.9,3,162
2021-06-15 10:38:38,S,651.95,4,132
2021-06-15 10:38:38,S,652.05,3,76
2021-06-15 10:38:38,S,652.1,2,37
2021-06-15 10:38:38,S,651.15,4,61
2021-06-15 10:38:38,S,651.1,3,795
2021-06-15 10:38:38,S,651.05,2,150
2021-06-15 10:38:48,S,651.9,2,106
2021-06-15 10:38:48,S,652.05,3,29
2021-06-15 10:38:48,S,651.45,4,25
2021-06-15 10:38:54,S,651.35,3,64
2021-06-15 10:38:54,S,651.15,2,92
2021-06-15 10:39:01,S,652.0,1,16
2021-06-15 10:39:01,S,652.05,1,15
2021-06-15 10:39:01,S,651.45,3,15
2021-06-15 10:39:01,S,651.4,1,2
2021-06-15 10:39:01,S,651.35,2,54
2021-06-15 10:39:01,S,651.25,1,10
2021-06-15 10:39:06,S,651.9,4,60
2021-06-15 10:39:06,S,652.0,1,15
2021-06-15 10:39:06,S,650.85,2,37
2021-06-15 10:39:11,S,651.95,4,133
2021-06-15 10:39:11,S,652.0,2,22
2021-06-15 10:39:11,S,652.15,2,113
2021-06-15 10:39:11,S,652.2,1,47
2021-06-15 10:39:11,S,651.2,3,25
2021-06-15 10:39:11,S,651.15,2,37
2021-06-15 10:39:11,S,651.0,3,181
2021-06-15 10:39:11,S,650.9,2,9
2021-06-15 10:39:15,S,651.35,1,157
2021-06-15 10:39:21,S,651.9,2,35
2021-06-15 10:39:21,S,651.95,2,110
2021-06-15 10:39:21,S,652.0,1,7
2021-06-15 10:39:21,S,652.1,2,82
2021-06-15 10:39:21,S,651.3,1,8
2021-06-15 10:39:21,S,651.25,1,7
2021-06-15 10:39:21,S,651.15,4,187
2021-06-15 10:39:26,S,652.45,1,10
2021-06-15 10:39:26,S,652.5,3,47
2021-06-15 10:39:26,S,652.65,2,53
2021-06-15 10:39:26,S,652.7,2,11
2021-06-15 10:39:26,S,651.9,1,20
2021-06-15 10:39:26,S,651.85,1,8
2021-06-15 10:39:26,S,651.8,3,114
2021-06-15 10:39:26,S,651.75,3,94
2021-06-15 10:39:29,S,652.3,1,1
2021-06-15 10:39:29,S,652.5,2,37
2021-06-15 10:39:29,S,652.6,2,48
2021-06-15 10:39:29,S,652.65,2,57
2021-06-15 10:39:29,S,651.85,2,38
2021-06-15 10:39:29,S,651.7,3,73
2021-06-15 10:39:33,S,653.2,3,33
2021-06-15 10:39:33,S,653.25,1,5
2021-06-15 10:39:33,S,652.15,1,8
2021-06-15 10:39:33,S,652.1,2,23
2021-06-15 10:39:33,S,651.8,2,37
2021-06-15 10:39:34,S,652.85,2,37
2021-06-15 10:39:34,S,652.9,2,57
2021-06-15 10:39:34,S,652.95,2,50
2021-06-15 10:39:34,S,653.15,1,7
2021-06-15 10:39:34,S,653.2,4,40
2021-06-15 10:39:34,S,652.15,3,46
2021-06-15 10:39:34,S,652.1,1,16
2021-06-15 10:39:34,S,652.05,1,75
2021-06-15 10:39:34,S,652.0,3,101
2021-06-15 10:39:42,S,653.2,3,30
2021-06-15 10:39:48,S,652.2,3,53
2021-06-15 10:39:58,S,652.95,4,64
2021-06-15 10:39:58,S,653.0,1,7
2021-06-15 10:39:58,S,653.05,1,45
2021-06-15 10:39:58,S,653.2,2,29
2021-06-15 10:39:58,S,653.25,2,11
2021-06-15 10:39:58,S,652.2,3,43
2021-06-15 10:39:58,S,652.15,1,7
2021-06-15 10:39:58,S,652.0,2,71
2021-06-15 10:39:59,S,653.15,3,110
2021-06-15 10:39:59,S,653.2,2,55
2021-06-15 10:39:59,S,653.45,4,178
2021-06-15 10:39:59,S,653.5,2,107
2021-06-15 10:39:59,S,652.45,1,12
2021-06-15 10:39:59,S,652.35,3,78
2021-06-15 10:39:59,S,652.3,3,36
2021-06-15 10:39:59,S,652.25,1,12
2021-06-15 10:40:03,S,652.9,3,128
2021-06-15 10:40:03,S,653.25,2,28
2021-06-15 10:40:03,S,653.35,1,6
2021-06-15 10:40:03,S,652.15,4,65
2021-06-15 10:40:03,S,652.0,2,37
2021-06-15 10:40:03,S,651.95,1,12
2021-06-15 10:40:06,S,652.3,3,49
2021-06-15 10:40:06,S,652.25,2,81
2021-06-15 10:40:06,S,652.2,2,23
2021-06-15 10:40:06,S,652.0,3,49
2021-06-15 10:40:17,S,653.15,2,17
2021-06-15 10:40:17,S,653.2,1,7
2021-06-15 10:40:17,S,653.25,1,21
2021-06-15 10:40:17,S,652.3,5,72
2021-06-15 10:40:17,S,652.25,1,49
2021-06-15 10:40:17,S,652.05,2,150
2021-06-15 10:40:24,S,652.9,1,72
2021-06-15 10:40:24,S,652.95,1,10
2021-06-15 10:40:24,S,653.05,1,7
2021-06-15 10:40:24,S,653.15,1,10
2021-06-15 10:40:24,S,652.25,3,53
2021-06-15 10:40:24,S,652.2,2,39
2021-06-15 10:40:24,S,652.15,1,12
2021-06-15 10:40:24,S,652.05,3,200
2021-06-15 10:40:24,S,652.0,4,89
2021-06-15 10:40:30,S,652.0,1,40
2021-06-15 10:40:35,S,652.6,4,115
2021-06-15 10:40:35,S,652.65,3,90
2021-06-15 10:40:35,S,652.7,1,14
2021-06-15 10:40:35,S,652.75,1,8
2021-06-15 10:40:35,S,652.9,2,29
2021-06-15 10:40:35,S,651.9,1,14
2021-06-15 10:40:35,S,651.85,2,32
2021-06-15 10:40:35,S,651.75,1,32
2021-06-15 10:40:35,S,651.7,4,192
2021-06-15 10:40:36,S,652.0,2,457
2021-06-15 10:40:41,S,652.0,2,452
2021-06-15 10:40:41,S,652.45,1,14
2021-06-15 10:40:41,S,651.35,3,181
2021-06-15 10:40:41,S,651.3,2,39
2021-06-15 10:40:47,S,652.0,1,435
2021-06-15 10:40:47,S,652.05,2,108
2021-06-15 10:40:47,S,652.1,1,14
2021-06-15 10:40:47,S,652.3,1,7
2021-06-15 10:40:47,S,651.4,3,162
2021-06-15 10:41:00,S,652.0,1,432
2021-06-15 10:41:00,S,652.1,1,32
2021-06-15 10:41:00,S,652.15,2,37
2021-06-15 10:41:00,S,651.4,2,87
2021-06-15 10:41:00,S,651.3,3,53
2021-06-15 10:41:04,S,652.15,1,14
2021-06-15 10:41:04,S,651.4,2,21
2021-06-15 10:41:04,S,651.3,1,32
2021-06-15 10:41:19,S,652.05,1,76
2021-06-15 10:41:19,S,652.15,1,32
2021-06-15 10:41:19,S,652.2,2,21
2021-06-15 10:41:19,S,651.5,1,500
2021-06-15 10:41:19,S,651.4,4,128
2021-06-15 10:41:19,S,651.35,2,167
2021-06-15 10:41:25,S,652.0,2,462
2021-06-15 10:41:25,S,652.05,3,116
2021-06-15 10:41:25,S,651.35,3,174
2021-06-15 10:41:25,S,651.3,1,14
2021-06-15 10:41:25,S,651.25,2,81
2021-06-15 10:41:30,S,652.0,3,479
2021-06-15 10:41:30,S,652.05,2,90
2021-06-15 10:41:30,S,652.35,2,15
2021-06-15 10:41:30,S,652.5,1,1
2021-06-15 10:41:30,S,651.35,4,185
2021-06-15 10:41:30,S,651.3,2,21
2021-06-15 10:41:30,S,651.25,1,49
2021-06-15 10:41:30,S,651.2,1,32
2021-06-15 10:41:30,S,651.15,2,26
2021-06-15 10:41:39,S,651.95,3,138
2021-06-15 10:41:39,S,652.05,2,22
2021-06-15 10:41:39,S,652.35,3,23
2021-06-15 10:41:39,S,651.25,5,152
2021-06-15 10:41:39,S,651.2,2,107
2021-06-15 10:41:39,S,651.15,1,25
2021-06-15 10:41:39,S,651.1,1,778
2021-06-15 10:41:55,S,651.95,2,106
2021-06-15 10:41:55,S,652.25,1,32
2021-06-15 10:41:55,S,652.3,1,14
2021-06-15 10:41:55,S,651.4,1,32
2021-06-15 10:41:55,S,651.35,2,24
2021-06-15 10:42:07,S,652.05,1,11
2021-06-15 10:42:07,S,652.2,2,46
2021-06-15 10:42:07,S,651.4,3,53
2021-06-15 10:42:10,S,651.95,1,1
2021-06-15 10:42:10,S,652.0,1,417
2021-06-15 10:42:10,S,652.2,2,28
2021-06-15 10:42:43,S,652.0,1,398
2021-06-15 10:42:43,S,652.05,1,14
2021-06-15 10:42:43,S,652.15,1,30
2021-06-15 10:42:43,S,652.2,1,32
2021-06-15 10:42:43,S,652.25,3,28
2021-06-15 10:42:43,S,651.4,2,46
2021-06-15 10:42:44,S,652.7,2,16
2021-06-15 10:42:44,S,652.75,1,32
2021-06-15 10:42:44,S,651.95,2,39
2021-06-15 10:42:44,S,651.9,2,20
2021-06-15 10:42:44,S,651.85,1,7
2021-06-15 10:42:44,S,651.7,3,195
2021-06-15 10:42:48,S,652.7,1,21
2021-06-15 10:42:48,S,652.05,7,268
2021-06-15 10:42:48,S,651.95,1,9
2021-06-15 10:42:51,S,652.05,6,236
2021-06-15 10:42:51,S,651.95,2,41
2021-06-15 10:42:55,S,652.7,2,53
2021-06-15 10:42:55,S,652.75,2,18
2021-06-15 10:42:55,S,652.05,4,181
2021-06-15 10:42:55,S,651.95,3,48
2021-06-15 10:42:55,S,651.9,3,86
2021-06-15 10:42:55,S,651.7,1,25
2021-06-15 10:43:17,S,652.5,1,25
2021-06-15 10:43:17,S,652.55,1,9
2021-06-15 10:43:17,S,652.65,2,41
2021-06-15 10:43:17,S,652.05,1,7
2021-06-15 10:43:17,S,651.95,2,32
2021-06-15 10:43:17,S,651.9,2,56
2021-06-15 10:43:17,S,651.85,1,9
2021-06-15 10:43:27,S,652.45,6,91
2021-06-15 10:43:27,S,651.7,2,83
2021-06-15 10:43:27,S,651.65,3,257
2021-06-15 10:43:27,S,651.6,2,18
2021-06-15 10:43:28,S,651.6,2,14
2021-06-15 10:43:37,S,652.05,1,63
2021-06-15 10:43:37,S,652.4,2,16
2021-06-15 10:43:37,S,652.45,4,75
2021-06-15 10:43:37,S,652.55,1,7
2021-06-15 10:43:37,S,652.0,1,50
2021-06-15 10:43:37,S,651.7,3,107
2021-06-15 10:43:37,S,651.65,3,240
2021-06-15 10:43:39,S,651.55,1,46
2021-06-15 10:43:49,S,651.55,2,71
2021-06-15 10:44:41,S,652.4,1,9
2021-06-15 10:44:41,S,652.45,5,82
2021-06-15 10:44:41,S,652.5,2,72
2021-06-15 10:44:41,S,651.75,2,17
2021-06-15 10:44:41,S,651.7,2,107
2021-06-15 10:44:41,S,651.65,2,208
2021-06-15 10:44:41,S,651.6,1,7
2021-06-15 10:44:57,S,652.45,2,35
2021-06-15 10:44:57,S,651.65,2,232
2021-06-15 10:45:17,S,652.0,1,11
2021-06-15 10:45:17,S,652.2,1,1
2021-06-15 10:45:17,S,652.3,1,28
2021-06-15 10:45:17,S,651.7,2,82
2021-06-15 10:45:17,S,651.6,2,40
2021-06-15 10:45:27,S,652.0,1,25
2021-06-15 10:45:27,S,652.3,3,66
2021-06-15 10:45:27,S,652.35,3,64
2021-06-15 10:45:27,S,652.4,1,8
2021-06-15 10:45:27,S,651.6,1,8
2021-06-15 10:45:30,S,652.3,2,33
2021-06-15 10:45:30,S,652.35,3,40
2021-06-15 10:45:30,S,652.4,2,40
2021-06-15 10:45:30,S,651.7,2,71
2021-06-15 10:45:30,S,651.65,3,233
2021-06-15 10:45:30,S,651.55,1,32
2021-06-15 10:45:30,S,651.45,1,25
2021-06-15 10:45:31,S,651.6,2,39
2021-06-15 10:45:40,S,652.3,2,37
2021-06-15 10:45:40,S,652.35,2,33
2021-06-15 10:45:40,S,652.4,3,43
2021-06-15 10:45:40,S,652.45,1,5
2021-06-15 10:45:40,S,651.6,3,64
2021-06-15 10:45:40,S,651.5,1,8
2021-06-15 10:45:40,S,651.45,1,7
2021-06-15 10:45:43,S,652.35,1,25
2021-06-15 10:45:43,S,652.4,1,3
2021-06-15 10:45:43,S,652.45,4,52
2021-06-15 10:45:43,S,652.5,1,47
2021-06-15 10:45:43,S,652.55,1,3
2021-06-15 10:45:43,S,651.7,4,71
2021-06-15 10:45:43,S,651.65,3,235
2021-06-15 10:45:43,S,651.5,1,7
2021-06-15 10:45:43,S,651.4,1,46
2021-06-15 10:45:46,S,652.85,1,1
2021-06-15 10:45:46,S,653.0,2,51
2021-06-15 10:45:46,S,653.1,1,7
2021-06-15 10:45:46,S,652.5,1,78
2021-06-15 10:45:46,S,652.3,1,32
2021-06-15 10:45:46,S,652.25,1,7
2021-06-15 10:45:46,S,652.15,2,32
2021-06-15 10:45:46,S,652.1,1,50
2021-06-15 10:45:49,S,652.6,1,5
2021-06-15 10:45:49,S,652.7,1,8
2021-06-15 10:45:49,S,652.85,1,22
2021-06-15 10:45:49,S,652.05,2,31
2021-06-15 10:45:49,S,652.0,2,15
2021-06-15 10:45:49,S,651.9,1,32
2021-06-15 10:45:49,S,651.85,1,24
2021-06-15 10:45:49,S,651.7,3,160
2021-06-15 10:45:55,S,652.75,2,21
2021-06-15 10:45:55,S,652.8,1,32
2021-06-15 10:45:55,S,652.85,2,41
2021-06-15 10:45:55,S,652.95,2,60
2021-06-15 10:45:55,S,653.0,3,59
2021-06-15 10:45:55,S,651.95,4,55
2021-06-15 10:45:55,S,651.65,2,203
2021-06-15 10:45:58,S,652.75,2,62
2021-06-15 10:45:58,S,652.8,1,14
2021-06-15 10:45:58,S,652.9,1,7
2021-06-15 10:45:58,S,652.95,3,67
2021-06-15 10:45:58,S,651.95,2,31
2021-06-15 10:45:58,S,651.9,1,11
2021-06-15 10:45:58,S,651.75,3,82
2021-06-15 10:45:58,S,651.7,4,164
2021-06-15 10:46:00,S,652.75,2,46
2021-06-15 10:46:00,S,652.9,1,21
2021-06-15 10:46:00,S,652.0,2,17
2021-06-15 10:46:00,S,651.95,1,11
2021-06-15 10:46:00,S,651.85,1,49
2021-06-15 10:46:04,S,652.0,1,10
2021-06-15 10:46:04,S,651.8,1,20
2021-06-15 10:46:21,S,652.55,2,78
2021-06-15 10:46:21,S,652.6,2,39
2021-06-15 10:46:21,S,652.7,1,11
2021-06-15 10:46:21,S,652.85,1,11
2021-06-15 10:46:21,S,651.7,2,57
2021-06-15 10:46:31,S,652.4,2,150
2021-06-15 10:46:31,S,652.45,5,122
2021-06-15 10:46:31,S,652.0,2,30
2021-06-15 10:46:36,S,652.4,4,164
2021-06-15 10:46:36,S,652.45,3,108
2021-06-15 10:46:36,S,652.5,1,5
2021-06-15 10:46:36,S,652.65,1,14
2021-06-15 10:46:36,S,652.0,2,29
2021-06-15 10:46:36,S,651.75,1,24
2021-06-15 10:47:00,S,652.3,2,106
2021-06-15 10:47:00,S,652.45,2,60
2021-06-15 10:47:00,S,652.5,1,7
2021-06-15 10:47:06,S,652.25,4,187
2021-06-15 10:47:06,S,652.3,1,71
2021-06-15 10:47:06,S,652.35,1,7
2021-06-15 10:47:06,S,652.4,2,46
2021-06-15 10:47:06,S,652.45,1,46
2021-06-15 10:47:06,S,652.0,1,30
2021-06-15 10:47:09,S,652.25,1,75
2021-06-15 10:47:09,S,652.4,1,32
2021-06-15 10:47:09,S,652.45,2,53
2021-06-15 10:47:09,S,652.5,1,14
2021-06-15 10:47:16,S,652.3,2,101
2021-06-15 10:47:16,S,652.55,2,21
2021-06-15 10:47:16,S,652.6,1,32
2021-06-15 10:47:16,S,652.0,2,50
2021-06-15 10:47:16,S,651.7,2,85
2021-06-15 10:47:24,S,652.5,3,113
2021-06-15 10:47:24,S,652.55,2,39
2021-06-15 10:47:24,S,652.6,1,14
2021-06-15 10:47:24,S,652.65,1,49
2021-06-15 10:47:24,S,652.7,2,150
2021-06-15 10:47:24,S,652.0,1,20
2021-06-15 10:47:24,S,651.95,1,5
2021-06-15 10:47:24,S,651.8,1,24
2021-06-15 10:47:24,S,651.7,1,10
2021-06-15 10:47:24,S,651.65,1,200
2021-06-15 10:47:28,S,652.45,4,182
2021-06-15 10:47:28,S,652.5,3,97
2021-06-15 10:47:28,S,652.55,2,18
2021-06-15 10:47:28,S,651.7,2,105
2021-06-15 10:47:35,S,651.55,2,55
2021-06-15 10:47:37,S,652.45,3,82
2021-06-15 10:47:37,S,652.5,5,139
2021-06-15 10:47:37,S,652.55,1,11
2021-06-15 10:47:37,S,652.7,1,75
2021-06-15 10:47:37,S,652.75,1,87
2021-06-15 10:47:37,S,651.7,1,70
2021-06-15 10:47:37,S,651.65,3,217
2021-06-15 10:47:37,S,651.55,1,48
2021-06-15 10:47:40,S,652.75,2,52
2021-06-15 10:47:40,S,652.8,1,7
2021-06-15 10:47:40,S,652.9,2,28
2021-06-15 10:47:40,S,652.95,3,65
2021-06-15 10:47:40,S,651.95,4,65
2021-06-15 10:47:40,S,651.9,2,66
2021-06-15 10:47:40,S,651.7,1,75
2021-06-15 10:47:40,S,651.65,2,193
2021-06-15 10:47:43,S,652.75,1,47
2021-06-15 10:47:43,S,651.9,2,67
2021-06-15 10:47:48,S,652.5,2,55
2021-06-15 10:47:48,S,652.0,1,195
2021-06-15 10:47:48,S,651.85,2,41
2021-06-15 10:47:48,S,651.8,1,11
2021-06-15 10:47:57,S,652.65,2,52
2021-06-15 10:47:57,S,652.0,1,185
2021-06-15 10:47:57,S,651.9,1,46
2021-06-15 10:48:01,S,652.4,1,100
2021-06-15 10:48:02,S,652.55,1,1
2021-06-15 10:48:16,S,652.4,1,95
2021-06-15 10:48:47,S,652.4,1,92
2021-06-15 10:48:47,S,652.45,1,3
2021-06-15 10:48:47,S,652.5,3,56
2021-06-15 10:48:47,S,652.65,3,82
2021-06-15 10:48:47,S,652.7,1,7
2021-06-15 10:48:47,S,652.0,1,183
2021-06-15 10:48:47,S,651.95,1,7
2021-06-15 10:48:47,S,651.85,1,20
2021-06-15 10:48:47,S,651.8,1,21
2021-06-15 10:48:47,S,651.75,2,31
2021-06-15 10:48:48,S,652.4,3,186
2021-06-15 10:48:48,S,652.45,4,53
2021-06-15 10:48:48,S,652.7,2,26
2021-06-15 10:48:48,S,651.7,3,115
2021-06-15 10:48:48,S,651.6,2,37
2021-06-15 10:48:57,S,652.4,2,156
2021-06-15 10:48:57,S,652.45,5,72
2021-06-15 10:48:57,S,652.7,2,37
2021-06-15 10:48:57,S,652.75,2,58
2021-06-15 10:48:57,S,651.7,6,176
2021-06-15 10:48:57,S,651.65,4,305
2021-06-15 10:48:57,S,651.6,1,45
2021-06-15 10:48:57,S,651.5,1,24
2021-06-15 10:48:57,S,651.35,2,21
2021-06-15 10:48:58,S,652.35,7,234
2021-06-15 10:48:58,S,652.4,2,138
2021-06-15 10:48:58,S,652.45,2,14
2021-06-15 10:48:58,S,652.75,1,11
2021-06-15 10:48:58,S,651.45,1,19
2021-06-15 10:49:01,S,652.25,4,176
2021-06-15 10:49:01,S,652.3,1,46
2021-06-15 10:49:01,S,652.35,3,58
2021-06-15 10:49:01,S,652.45,1,11
2021-06-15 10:49:01,S,651.6,1,11
2021-06-15 10:49:01,S,651.5,1,49
2021-06-15 10:49:05,S,652.15,4,176
2021-06-15 10:49:05,S,652.2,2,55
2021-06-15 10:49:05,S,652.25,2,29
2021-06-15 10:49:05,S,652.35,2,107
2021-06-15 10:49:05,S,652.4,2,95
2021-06-15 10:49:05,S,651.65,2,206
2021-06-15 10:49:05,S,651.45,1,24
2021-06-15 10:49:05,S,651.35,2,58
2021-06-15 10:49:12,S,652.0,3,83
2021-06-15 10:49:25,S,651.65,1,182
2021-06-15 10:49:25,S,651.3,2,86
2021-06-15 10:49:32,S,652.0,3,82
2021-06-15 10:49:32,S,652.05,2,79
2021-06-15 10:49:32,S,652.1,1,7
2021-06-15 10:49:32,S,652.2,3,99
2021-06-15 10:49:32,S,651.65,1,168
2021-06-15 10:49:32,S,651.25,2,824
2021-06-15 10:49:33,S,652.05,2,104
2021-06-15 10:49:33,S,651.35,1,10
2021-06-15 10:49:36,S,652.0,5,164
2021-06-15 10:49:36,S,652.05,3,114
2021-06-15 10:49:36,S,652.2,1,48
2021-06-15 10:49:36,S,652.25,1,10
2021-06-15 10:49:36,S,651.15,1,45
2021-06-15 10:49:39,S,652.0,4,103
2021-06-15 10:49:44,S,651.9,2,37
2021-06-15 10:49:44,S,651.95,3,128
2021-06-15 10:49:44,S,651.25,2,802
2021-06-15 10:49:44,S,651.05,3,181
2021-06-15 10:49:44,S,650.85,2,14
2021-06-15 10:49:45,S,651.9,2,36
2021-06-15 10:49:45,S,651.95,4,138
2021-06-15 10:49:45,S,651.25,2,789
2021-06-15 10:49:45,S,651.05,3,164
2021-06-15 10:49:48,S,652.0,5,113
2021-06-15 10:49:51,S,651.9,3,46
2021-06-15 10:49:51,S,651.95,3,131
2021-06-15 10:49:51,S,652.0,6,313
2021-06-15 10:49:51,S,652.05,2,82
2021-06-15 10:49:51,S,652.2,1,23
2021-06-15 10:49:51,S,651.25,3,813
2021-06-15 10:49:51,S,651.1,1,75
2021-06-15 10:49:51,S,651.05,2,157
2021-06-15 10:49:55,S,651.85,2,78
2021-06-15 10:49:55,S,651.9,5,176
2021-06-15 10:49:55,S,652.0,6,481
2021-06-15 10:49:55,S,652.05,1,10
2021-06-15 10:49:55,S,650.95,3,83
2021-06-15 10:49:58,S,651.8,3,158
2021-06-15 10:49:58,S,651.85,1,38
2021-06-15 10:49:58,S,651.9,5,74
2021-06-15 10:49:58,S,651.05,1,107
2021-06-15 10:49:58,S,650.95,4,94
2021-06-15 10:50:03,S,651.8,5,172
2021-06-15 10:50:03,S,651.85,2,48
2021-06-15 10:50:03,S,651.9,3,61
2021-06-15 10:50:03,S,651.95,2,85
2021-06-15 10:50:03,S,652.0,6,562
2021-06-15 10:50:03,S,651.4,1,5
2021-06-15 10:50:03,S,651.25,1,778
2021-06-15 10:50:03,S,651.0,9,445
2021-06-15 10:50:03,S,650.95,2,72
2021-06-15 10:50:06,S,651.5,1,100
2021-06-15 10:50:06,S,651.65,1,53
2021-06-15 10:50:06,S,651.75,2,39
2021-06-15 10:50:06,S,651.8,2,49
2021-06-15 10:50:06,S,651.25,1,608
2021-06-15 10:50:06,S,650.85,2,53
2021-06-15 10:50:07,S,651.65,2,83
2021-06-15 10:50:07,S,651.7,1,7
2021-06-15 10:50:07,S,651.8,3,126
2021-06-15 10:50:07,S,651.85,3,123
2021-06-15 10:50:07,S,651.1,1,24
2021-06-15 10:50:07,S,650.9,1,24
2021-06-15 10:50:07,S,650.85,3,60
2021-06-15 10:50:10,S,652.0,3,62
2021-06-15 10:50:10,S,651.5,1,250
2021-06-15 10:50:10,S,651.4,1,24
2021-06-15 10:50:13,S,651.3,1,75
2021-06-15 10:50:17,S,651.5,1,247
2021-06-15 10:50:24,S,651.9,3,93
2021-06-15 10:50:24,S,652.05,2,39
2021-06-15 10:50:24,S,652.1,2,26
2021-06-15 10:50:37,S,651.9,2,43
2021-06-15 10:50:37,S,651.95,1,10
2021-06-15 10:50:37,S,652.15,2,39
2021-06-15 10:50:37,S,652.25,1,19
2021-06-15 10:50:37,S,651.65,1,10
2021-06-15 10:50:37,S,651.4,1,7
2021-06-15 10:50:42,S,651.5,2,267
2021-06-15 10:50:42,S,651.35,1,24
2021-06-15 10:50:45,S,652.0,2,59
2021-06-15 10:50:45,S,652.05,1,32
2021-06-15 10:50:45,S,652.1,1,13
2021-06-15 10:50:45,S,651.5,2,222
2021-06-15 10:50:45,S,651.3,2,105
2021-06-15 10:50:49,S,651.95,2,40
2021-06-15 10:50:49,S,652.0,3,91
2021-06-15 10:50:49,S,652.05,1,13
2021-06-15 10:50:49,S,652.15,2,26
2021-06-15 10:50:49,S,652.2,1,7
2021-06-15 10:50:49,S,651.3,3,112
2021-06-15 10:50:49,S,651.25,2,215
2021-06-15 10:50:49,S,651.1,2,99
2021-06-15 10:50:57,S,651.95,5,92
2021-06-15 10:50:57,S,652.0,4,266
2021-06-15 10:50:57,S,652.05,2,64
2021-06-15 10:50:57,S,652.25,1,23
2021-06-15 10:50:57,S,652.5,2,11
2021-06-15 10:50:57,S,651.5,2,72
2021-06-15 10:50:57,S,651.2,1,48
2021-06-15 10:50:57,S,651.15,1,7
2021-06-15 10:50:58,S,651.9,1,50
2021-06-15 10:50:58,S,651.0,10,494
2021-06-15 10:51:07,S,651.5,1,128
2021-06-15 10:51:10,S,651.8,1,7
2021-06-15 10:51:10,S,651.3,1,30
2021-06-15 10:51:10,S,651.25,1,208
2021-06-15 10:51:10,S,651.05,1,102
2021-06-15 10:51:17,S,651.7,2,20
2021-06-15 10:51:17,S,650.9,1,50
2021-06-15 10:51:24,S,651.25,1,188
2021-06-15 10:51:32,S,651.5,2,35
2021-06-15 10:51:32,S,651.25,2,193
2021-06-15 10:51:45,S,651.75,2,14
2021-06-15 10:51:45,S,651.25,2,188
2021-06-15 10:51:45,S,650.95,1,24
2021-06-15 10:51:46,S,651.55,1,25
2021-06-15 10:51:46,S,651.75,1,7
2021-06-15 10:51:46,S,651.8,1,19
2021-06-15 10:51:46,S,650.85,2,54
2021-06-15 10:51:49,S,651.25,2,109
2021-06-15 10:51:49,S,651.2,1,10
2021-06-15 10:51:49,S,651.05,2,99
2021-06-15 10:51:58,S,651.9,2,73
2021-06-15 10:51:58,S,651.25,3,119
2021-06-15 10:51:58,S,651.05,3,106
2021-06-15 10:52:02,S,651.65,1,7
2021-06-15 10:52:02,S,651.7,1,13
2021-06-15 10:52:02,S,651.75,2,32
2021-06-15 10:52:02,S,651.85,2,51
2021-06-15 10:52:02,S,651.25,3,109
2021-06-15 10:52:02,S,651.0,8,438
2021-06-15 10:52:02,S,650.85,1,47
2021-06-15 10:52:05,S,651.15,1,48
2021-06-15 10:52:05,S,651.2,3,157
2021-06-15 10:52:05,S,651.35,2,28
2021-06-15 10:52:05,S,651.45,2,55
2021-06-15 10:52:05,S,651.0,4,224
2021-06-15 10:52:10,S,651.0,2,78
2021-06-15 10:52:10,S,651.05,3,23
2021-06-15 10:52:10,S,651.1,4,201
2021-06-15 10:52:13,S,651.15,2,56
2021-06-15 10:52:23,S,651.2,3,126
2021-06-15 10:52:23,S,651.45,2,33
2021-06-15 10:52:37,S,651.1,3,43
2021-06-15 10:52:37,S,651.15,1,10
2021-06-15 10:52:37,S,651.2,4,172
2021-06-15 10:52:37,S,651.45,3,38
2021-06-15 10:52:43,S,651.15,2,82
2021-06-15 10:52:43,S,651.2,5,143
2021-06-15 10:52:43,S,651.45,2,53
2021-06-15 10:52:43,S,650.5,2,49
2021-06-15 10:52:43,S,650.35,3,80
2021-06-15 10:52:43,S,650.3,2,105
2021-06-15 10:52:45,S,651.35,1,48
2021-06-15 10:53:00,S,651.2,2,82
2021-06-15 10:53:00,S,651.25,4,452
2021-06-15 10:53:00,S,650.55,2,77
2021-06-15 10:53:00,S,650.5,3,60
2021-06-15 10:53:00,S,650.35,2,73
2021-06-15 10:53:02,S,651.2,4,124
2021-06-15 10:53:02,S,651.25,2,410
2021-06-15 10:53:02,S,651.3,1,7
2021-06-15 10:53:02,S,651.5,2,38
2021-06-15 10:53:02,S,650.55,2,42
2021-06-15 10:53:02,S,650.45,1,50
2021-06-15 10:53:02,S,650.4,2,14
2021-06-15 10:53:21,S,651.1,2,82
2021-06-15 10:53:21,S,651.15,3,86
2021-06-15 10:53:21,S,651.2,3,59
2021-06-15 10:53:28,S,650.3,2,82
2021-06-15 10:53:28,S,650.25,2,300
2021-06-15 10:53:32,S,651.15,2,79
2021-06-15 10:53:32,S,651.2,4,134
2021-06-15 10:53:32,S,651.45,1,23
2021-06-15 10:53:32,S,650.6,2,18
2021-06-15 10:53:32,S,650.5,1,25
2021-06-15 10:53:35,S,651.4,4,88
2021-06-15 10:53:35,S,651.45,2,71
2021-06-15 10:53:38,S,651.1,1,100
2021-06-15 10:53:43,S,651.25,1,391
2021-06-15 10:53:43,S,651.55,1,10
2021-06-15 10:53:43,S,651.1,1,85
2021-06-15 10:53:43,S,650.8,1,6
2021-06-15 10:53:45,S,651.75,2,35
2021-06-15 10:53:48,S,650.8,4,95
2021-06-15 10:54:06,S,651.25,1,306
2021-06-15 10:54:06,S,651.65,3,64
2021-06-15 10:54:16,S,650.8,3,89
2021-06-15 10:54:16,S,650.75,2,506
2021-06-15 10:54:23,S,651.65,2,57
2021-06-15 10:54:23,S,650.65,1,30
2021-06-15 10:54:30,S,651.5,2,47
2021-06-15 10:54:30,S,651.65,3,87
2021-06-15 10:54:30,S,651.7,1,23
2021-06-15 10:54:30,S,650.6,3,81
2021-06-15 10:54:30,S,650.55,2,87
2021-06-15 10:54:36,S,651.3,1,48
2021-06-15 10:54:36,S,651.45,1,32
2021-06-15 10:54:36,S,650.8,1,4
2021-06-15 10:54:37,S,651.4,1,19
2021-06-15 10:54:37,S,651.5,1,28
2021-06-15 10:54:37,S,650.75,2,502
2021-06-15 10:54:37,S,650.7,1,11
2021-06-15 10:54:37,S,650.5,3,107
2021-06-15 10:54:51,S,651.25,4,390
2021-06-15 10:54:51,S,651.45,2,81
2021-06-15 10:55:08,S,651.2,2,62
2021-06-15 10:55:08,S,651.3,1,49
2021-06-15 10:55:08,S,651.35,1,7
2021-06-15 10:55:08,S,650.6,1,12
2021-06-15 10:55:08,S,650.55,2,19
2021-06-15 10:55:08,S,650.5,2,100
2021-06-15 10:55:23,S,651.2,3,111
2021-06-15 10:55:23,S,651.4,2,42
2021-06-15 10:55:23,S,651.45,1,49
2021-06-15 10:55:23,S,651.5,2,48
2021-06-15 10:55:23,S,650.85,1,10
2021-06-15 10:55:23,S,650.75,1,495
2021-06-15 10:55:23,S,650.6,2,19
2021-06-15 10:55:25,S,651.15,1,32
2021-06-15 10:55:27,S,651.4,1,23
2021-06-15 10:55:35,S,651.15,2,46
2021-06-15 10:55:35,S,651.2,1,49
2021-06-15 10:55:35,S,651.35,2,26
2021-06-15 10:55:35,S,650.8,2,39
2021-06-15 10:55:35,S,650.6,1,24
2021-06-15 10:55:39,S,651.1,2,49
2021-06-15 10:55:39,S,651.15,1,19
2021-06-15 10:55:39,S,650.75,1,341
2021-06-15 10:55:39,S,650.55,1,12
2021-06-15 10:55:41,S,650.15,2,11
2021-06-15 10:55:46,S,650.85,5,165
2021-06-15 10:55:46,S,650.9,1,48
2021-06-15 10:55:46,S,651.0,1,1000
2021-06-15 10:55:46,S,651.05,1,19
2021-06-15 10:55:46,S,650.3,1,24
2021-06-15 10:55:48,S,650.4,2,91
2021-06-15 10:55:48,S,650.35,4,138
2021-06-15 10:55:48,S,650.3,2,44
2021-06-15 10:55:51,S,650.45,1,16
2021-06-15 10:56:04,S,651.15,2,43
2021-06-15 10:56:04,S,650.55,1,14
2021-06-15 10:56:04,S,650.45,3,166
2021-06-15 10:56:10,S,651.15,1,20
2021-06-15 10:56:13,S,650.55,2,56
2021-06-15 10:56:13,S,650.5,3,150
2021-06-15 10:56:13,S,650.45,2,91
2021-06-15 10:56:13,S,650.4,2,207
2021-06-15 10:56:33,S,650.45,1,11
2021-06-15 10:56:36,S,651.15,2,25
2021-06-15 10:56:36,S,650.6,3,213
2021-06-15 10:56:36,S,650.45,2,21
2021-06-15 10:56:49,S,650.95,1,19
2021-06-15 10:56:49,S,651.0,1,869
2021-06-15 10:56:50,S,650.6,2,206
2021-06-15 10:57:02,S,650.7,1,9
2021-06-15 10:57:02,S,650.65,2,13
2021-06-15 10:57:02,S,650.6,1,200
2021-06-15 10:57:04,S,650.95,1,1
2021-06-15 10:57:04,S,651.0,1,808
2021-06-15 10:57:04,S,651.15,2,12
2021-06-15 10:57:10,S,651.0,2,809
2021-06-15 10:57:10,S,651.2,2,38
2021-06-15 10:57:10,S,650.5,5,216
2021-06-15 10:57:14,S,651.25,3,360
2021-06-15 10:57:18,S,651.0,2,709
2021-06-15 10:57:24,S,650.6,1,197
2021-06-15 10:57:24,S,650.55,4,142
2021-06-15 10:57:27,S,651.0,3,809
2021-06-15 10:57:27,S,651.25,4,383
2021-06-15 10:57:36,S,650.6,1,196
2021-06-15 10:57:39,S,651.0,3,709
2021-06-15 10:58:09,S,650.65,1,16
2021-06-15 10:58:12,S,651.1,3,33
2021-06-15 10:58:12,S,651.2,2,60
2021-06-15 10:58:19,S,651.2,1,15
2021-06-15 10:58:38,S,651.0,4,710
2021-06-15 10:58:38,S,650.55,3,141
2021-06-15 10:58:39,S,651.05,1,6
2021-06-15 10:58:39,S,651.1,1,3
2021-06-15 10:58:47,S,650.8,1,5
2021-06-15 10:58:47,S,650.6,3,251
2021-06-15 10:58:47,S,650.55,3,132
2021-06-15 10:58:52,S,651.05,1,23
2021-06-15 10:58:52,S,650.6,4,256
2021-06-15 10:58:54,S,651.2,2,22
2021-06-15 10:58:54,S,650.45,2,17
2021-06-15 10:59:00,S,651.1,1,76
2021-06-15 10:59:00,S,650.35,1,15
2021-06-15 10:59:16,S,650.75,1,5
2021-06-15 10:59:16,S,650.8,1,13
2021-06-15 10:59:16,S,651.0,4,515
2021-06-15 10:59:16,S,650.6,3,218
2021-06-15 10:59:18,S,651.0,5,568
2021-06-15 10:59:18,S,650.4,1,15
2021-06-15 10:59:21,S,650.3,2,39
2021-06-15 10:59:27,S,650.6,4,221
2021-06-15 10:59:27,S,650.9,1,76
2021-06-15 10:59:27,S,650.95,2,24
2021-06-15 10:59:27,S,651.1,2,38
2021-06-15 10:59:33,S,650.6,4,117
2021-06-15 10:59:33,S,650.4,1,24
2021-06-15 10:59:38,S,650.9,2,77
2021-06-15 10:59:38,S,650.95,1,23
2021-06-15 10:59:38,S,651.1,1,23
2021-06-15 10:59:38,S,651.15,2,20
2021-06-15 10:59:38,S,650.6,4,107
2021-06-15 10:59:38,S,650.55,2,125
2021-06-15 10:59:41,S,650.8,1,76
2021-06-15 10:59:41,S,650.85,1,16
2021-06-15 10:59:41,S,650.95,2,73
2021-06-15 10:59:41,S,650.55,2,85
2021-06-15 10:59:41,S,650.5,4,141
2021-06-15 10:59:41,S,650.25,2,265
2021-06-15 10:59:45,S,650.9,2,81
2021-06-15 10:59:45,S,650.55,2,66
2021-06-15 10:59:54,S,650.6,2,10
2021-06-15 10:59:54,S,650.65,1,5
2021-06-15 10:59:54,S,650.8,1,1
2021-06-15 10:59:54,S,650.9,1,65
2021-06-15 10:59:54,S,650.95,2,98
2021-06-15 10:59:54,S,650.5,3,125
2021-06-15 10:59:54,S,650.35,2,23
2021-06-15 11:00:07,S,650.6,1,50
2021-06-15 11:00:07,S,650.5,4,132
2021-06-15 11:00:24,S,650.9,1,51
2021-06-15 11:00:30,S,651.1,2,26
2021-06-15 11:00:30,S,650.55,1,25
2021-06-15 11:00:31,S,650.45,2,34
2021-06-15 11:00:31,S,650.3,4,125
2021-06-15 11:00:39,S,650.55,2,32
2021-06-15 11:00:40,S,650.9,2,56
2021-06-15 11:00:40,S,650.25,3,276
2021-06-15 11:00:42,S,650.6,1,3
2021-06-15 11:00:42,S,651.0,4,498
2021-06-15 11:00:42,S,650.55,1,40
2021-06-15 11:00:42,S,650.3,2,91
2021-06-15 11:00:42,S,650.25,2,260
2021-06-15 11:01:05,S,650.95,1,75
2021-06-15 11:01:05,S,651.1,2,32
2021-06-15 11:01:05,S,650.3,3,101
2021-06-15 11:01:07,S,651.0,3,491
2021-06-15 11:01:07,S,650.45,3,44
2021-06-15 11:01:07,S,650.3,5,199
2021-06-15 11:01:10,S,650.55,1,37
2021-06-15 11:01:10,S,650.5,3,82
2021-06-15 11:01:24,S,650.95,2,172
2021-06-15 11:01:42,S,650.9,1,100
2021-06-15 11:01:42,S,650.95,1,76
2021-06-15 11:01:42,S,651.0,4,501
2021-06-15 11:01:42,S,650.55,1,33
2021-06-15 11:01:42,S,650.5,2,75
2021-06-15 11:01:42,S,650.3,4,176
2021-06-15 11:01:43,S,650.85,1,75
2021-06-15 11:01:43,S,650.9,2,116
2021-06-15 11:01:43,S,650.15,5,44
2021-06-15 11:01:47,S,650.2,3,23
2021-06-15 11:01:47,S,650.15,5,35
2021-06-15 11:01:59,S,650.55,1,2
2021-06-15 11:01:59,S,650.8,2,147
2021-06-15 11:01:59,S,650.95,4,68
2021-06-15 11:01:59,S,650.3,1,47
2021-06-15 11:01:59,S,650.25,1,250
2021-06-15 11:01:59,S,650.15,6,51
2021-06-15 11:02:01,S,650.75,1,76
2021-06-15 11:02:01,S,650.8,1,46
2021-06-15 11:02:01,S,650.95,4,136
2021-06-15 11:02:01,S,650.3,1,45
2021-06-15 11:02:01,S,650.25,2,257
2021-06-15 11:02:01,S,650.15,3,21
2021-06-15 11:02:15,S,650.75,2,151
2021-06-15 11:02:15,S,650.95,2,45
2021-06-15 11:02:15,S,651.0,7,580
2021-06-15 11:02:15,S,650.55,1,150
2021-06-15 11:02:15,S,650.25,4,296
2021-06-15 11:02:15,S,650.2,4,47
2021-06-15 11:02:15,S,650.8,1,101
2021-06-15 11:02:15,S,650.95,3,61
2021-06-15 11:02:15,S,651.1,2,55
2021-06-15 11:02:15,S,650.3,4,100
2021-06-15 11:02:15,S,650.25,3,303
2021-06-15 11:02:15,S,650.2,4,69
2021-06-15 11:02:15,S,650.1,4,378
2021-06-15 11:02:18,S,651.0,5,523
2021-06-15 11:02:18,S,650.35,2,14
2021-06-15 11:02:18,S,650.3,2,86
2021-06-15 11:02:18,S,650.25,5,329
2021-06-15 11:02:25,S,650.95,2,43
2021-06-15 11:02:25,S,651.0,6,532
2021-06-15 11:02:25,S,651.05,2,26
2021-06-15 11:02:25,S,650.3,1,11
2021-06-15 11:02:25,S,650.2,3,53
2021-06-15 11:02:28,S,651.2,3,196
2021-06-15 11:02:28,S,650.25,2,280
2021-06-15 11:02:28,S,650.2,5,79
2021-06-15 11:02:39,S,650.9,2,109
2021-06-15 11:02:55,S,650.95,1,35
2021-06-15 11:02:57,S,650.9,2,69
2021-06-15 11:02:57,S,650.95,3,60
2021-06-15 11:02:57,S,651.15,2,27
2021-06-15 11:02:57,S,650.3,2,14
2021-06-15 11:02:57,S,650.25,4,314
2021-06-15 11:03:00,S,650.95,3,66
2021-06-15 11:03:00,S,651.0,6,533
2021-06-15 11:03:00,S,651.15,3,34
2021-06-15 11:03:00,S,651.2,1,46
2021-06-15 11:03:00,S,650.3,3,44
2021-06-15 11:03:00,S,650.1,5,426
2021-06-15 11:03:03,S,651.2,2,121
2021-06-15 11:03:03,S,650.35,2,80
2021-06-15 11:03:03,S,650.3,4,99
2021-06-15 11:03:03,S,650.25,4,300
2021-06-15 11:03:07,S,650.9,1,150
2021-06-15 11:03:07,S,650.4,3,37
2021-06-15 11:03:21,S,650.95,1,116
2021-06-15 11:03:21,S,651.2,3,160
2021-06-15 11:03:21,S,650.4,4,53
2021-06-15 11:03:21,S,650.35,3,90
2021-06-15 11:03:26,S,651.2,1,75
2021-06-15 11:03:31,S,651.0,4,448
2021-06-15 11:03:34,S,651.0,4,348
2021-06-15 11:03:34,S,651.05,1,75
2021-06-15 11:03:34,S,651.1,1,116
2021-06-15 11:03:37,S,651.0,5,459
2021-06-15 11:03:37,S,651.2,2,150
2021-06-15 11:03:37,S,651.25,4,336
2021-06-15 11:03:37,S,651.3,1,22
2021-06-15 11:03:37,S,650.9,1,122
2021-06-15 11:03:37,S,650.5,3,30
2021-06-15 11:03:37,S,650.4,1,23
2021-06-15 11:03:39,S,651.0,6,475
2021-06-15 11:03:39,S,651.1,1,10
2021-06-15 11:03:39,S,651.2,1,7
2021-06-15 11:03:39,S,650.55,1,23
2021-06-15 11:03:39,S,650.35,1,50
2021-06-15 11:03:39,S,650.3,2,85
2021-06-15 11:03:39,S,650.25,2,266
2021-06-15 11:03:41,S,651.05,2,52
2021-06-15 11:03:41,S,650.4,2,53
2021-06-15 11:03:41,S,650.25,5,306
2021-06-15 11:03:50,S,651.0,5,359
2021-06-15 11:03:50,S,650.4,3,64
2021-06-15 11:03:50,S,650.3,3,89
2021-06-15 11:03:53,S,650.95,1,93
2021-06-15 11:03:53,S,650.25,4,299
2021-06-15 11:04:10,S,651.0,7,389
2021-06-15 11:04:10,S,651.15,3,75
2021-06-15 11:04:31,S,650.95,1,9
2021-06-15 11:04:31,S,651.0,8,392
2021-06-15 11:04:31,S,650.4,2,34
2021-06-15 11:04:31,S,650.3,1,7
2021-06-15 11:04:31,S,650.25,3,283
2021-06-15 11:04:31,S,650.2,4,30
2021-06-15 11:04:31,S,650.15,4,161
2021-06-15 11:04:32,S,650.9,2,131
2021-06-15 11:04:32,S,650.95,2,25
2021-06-15 11:04:34,S,650.85,2,125
2021-06-15 11:04:34,S,651.0,6,369
2021-06-15 11:04:37,S,650.8,1,116
2021-06-15 11:04:44,S,650.75,1,116
2021-06-15 11:04:46,S,650.75,1,106
2021-06-15 11:04:50,S,650.7,1,116
2021-06-15 11:04:50,S,650.85,1,9
2021-06-15 11:04:50,S,650.95,1,16
2021-06-15 11:04:50,S,651.0,7,379
2021-06-15 11:04:50,S,650.55,1,3
2021-06-15 11:04:50,S,650.25,4,285
2021-06-15 11:04:50,S,650.15,3,131
2021-06-15 11:04:50,S,650.1,5,389
2021-06-15 11:04:52,S,650.25,3,180
2021-06-15 11:04:52,S,650.15,3,66
2021-06-15 11:04:52,S,650.1,5,388
2021-06-15 11:04:56,S,650.95,2,84
2021-06-15 11:04:56,S,651.0,6,362
2021-06-15 11:04:56,S,651.05,2,17
2021-06-15 11:04:56,S,650.7,1,5
2021-06-15 11:04:56,S,650.3,1,75
2021-06-15 11:04:56,S,650.25,5,203
2021-06-15 11:04:59,S,650.95,3,40
2021-06-15 11:05:06,S,650.8,2,57
2021-06-15 11:05:06,S,650.85,2,84
2021-06-15 11:05:06,S,650.9,3,115
2021-06-15 11:05:06,S,650.95,4,47
2021-06-15 11:05:10,S,650.7,1,47
2021-06-15 11:05:10,S,650.75,3,89
2021-06-15 11:05:10,S,650.8,2,123
2021-06-15 11:05:10,S,650.1,5,381
2021-06-15 11:05:21,S,650.9,1,15
2021-06-15 11:05:21,S,650.95,8,194
2021-06-15 11:05:21,S,650.3,2,80
2021-06-15 11:05:21,S,650.2,3,27
2021-06-15 11:05:30,S,650.7,1,97
2021-06-15 11:05:30,S,650.75,1,9
2021-06-15 11:05:30,S,650.9,2,31
2021-06-15 11:05:30,S,650.1,4,365
2021-06-15 11:05:30,S,650.95,2,97
2021-06-15 11:05:30,S,651.05,1,7
2021-06-15 11:05:30,S,650.35,1,48
2021-06-15 11:05:30,S,650.3,4,150
2021-06-15 11:05:30,S,650.25,3,175
2021-06-15 11:05:34,S,650.95,4,204
2021-06-15 11:05:40,S,650.95,4,203
2021-06-15 11:05:40,S,651.0,5,346
2021-06-15 11:06:06,S,650.95,4,197
2021-06-15 11:06:06,S,651.15,3,59
2021-06-15 11:06:06,S,651.2,2,93
2021-06-15 11:06:06,S,650.3,3,143
2021-06-15 11:06:06,S,650.2,5,40
2021-06-15 11:06:10,S,650.95,4,182
2021-06-15 11:06:10,S,650.2,3,17
2021-06-15 11:06:10,S,650.15,3,33
2021-06-15 11:06:15,S,650.7,1,100
2021-06-15 11:06:15,S,650.9,2,29
2021-06-15 11:06:15,S,650.95,3,82
2021-06-15 11:06:15,S,651.0,6,371
2021-06-15 11:06:15,S,651.15,2,52
2021-06-15 11:06:15,S,650.2,4,33
2021-06-15 11:06:15,S,650.15,2,17
2021-06-15 11:06:22,S,650.7,1,95
2021-06-15 11:06:27,S,650.7,3,159
2021-06-15 11:06:27,S,650.9,2,64
2021-06-15 11:06:28,S,650.9,1,46
2021-06-15 11:06:28,S,650.15,4,111
2021-06-15 11:06:32,S,650.9,1,18
2021-06-15 11:06:32,S,650.25,2,159
2021-06-15 11:06:32,S,650.15,3,36
2021-06-15 11:06:51,S,650.7,2,147
2021-06-15 11:06:51,S,650.75,1,22
2021-06-15 11:06:51,S,650.3,2,68
2021-06-15 11:06:51,S,650.1,4,371
2021-06-15 11:06:54,S,650.65,3,128
2021-06-15 11:06:54,S,650.15,3,95
2021-06-15 11:07:04,S,650.65,2,49
2021-06-15 11:07:04,S,650.7,1,65
2021-06-15 11:07:04,S,650.1,3,355
2021-06-15 11:07:17,S,650.15,2,20
2021-06-15 11:07:21,S,650.75,1,77
2021-06-15 11:07:38,S,650.6,2,149
2021-06-15 11:07:41,S,650.65,2,44
2021-06-15 11:07:46,S,650.6,1,65
2021-06-15 11:07:46,S,650.8,1,7
2021-06-15 11:07:46,S,650.25,2,179
2021-06-15 11:07:49,S,650.3,1,33
2021-06-15 11:07:49,S,650.05,3,85
2021-06-15 11:07:54,S,650.3,1,29
2021-06-15 11:07:54,S,650.65,3,121
2021-06-15 11:07:54,S,650.75,2,25
2021-06-15 11:07:54,S,650.25,1,149
2021-06-15 11:07:54,S,650.2,2,7
2021-06-15 11:07:54,S,650.05,4,95
2021-06-15 11:07:59,S,650.25,1,120
2021-06-15 11:07:59,S,650.15,2,85
2021-06-15 11:08:06,S,650.65,4,137
2021-06-15 11:08:31,S,650.3,2,35
2021-06-15 11:08:31,S,650.25,2,165
2021-06-15 11:08:35,S,650.65,3,117
2021-06-15 11:08:35,S,650.75,1,18
2021-06-15 11:08:35,S,650.9,1,19
2021-06-15 11:08:37,S,650.65,2,77
2021-06-15 11:08:37,S,650.1,3,360
2021-06-15 11:08:48,S,650.6,2,57
2021-06-15 11:08:48,S,650.25,3,195
2021-06-15 11:08:48,S,650.05,4,85
2021-06-15 11:08:57,S,650.95,2,76
2021-06-15 11:08:57,S,650.25,4,211
2021-06-15 11:08:57,S,650.2,2,12
2021-06-15 11:08:57,S,650.15,3,69
2021-06-15 11:08:57,S,650.1,2,350
2021-06-15 11:08:57,S,650.05,3,75
2021-06-15 11:08:59,S,650.85,2,25
2021-06-15 11:08:59,S,650.25,4,206
2021-06-15 11:08:59,S,650.2,1,2
2021-06-15 11:08:59,S,650.1,4,380
2021-06-15 11:09:00,S,650.45,2,54
2021-06-15 11:09:00,S,650.6,3,55
2021-06-15 11:09:00,S,650.65,1,27
2021-06-15 11:09:00,S,650.05,1,48
2021-06-15 11:09:00,S,649.55,2,31
2021-06-15 11:09:04,S,650.4,4,60
2021-06-15 11:09:04,S,650.0,17,489
2021-06-15 11:09:04,S,649.75,1,20
2021-06-15 11:09:04,S,649.6,2,27
2021-06-15 11:09:06,S,650.4,3,44
2021-06-15 11:09:06,S,650.45,1,79
2021-06-15 11:09:06,S,650.5,1,17
2021-06-15 11:09:06,S,649.65,1,18
2021-06-15 11:09:13,S,650.4,2,104
2021-06-15 11:09:13,S,650.55,3,42
2021-06-15 11:09:13,S,650.6,1,16
2021-06-15 11:09:13,S,650.0,17,464
2021-06-15 11:09:17,S,650.4,2,56
2021-06-15 11:09:17,S,650.6,2,45
2021-06-15 11:09:17,S,649.65,2,30
2021-06-15 11:09:23,S,650.45,1,24
2021-06-15 11:09:23,S,650.6,2,35
2021-06-15 11:09:23,S,650.65,3,60
2021-06-15 11:09:23,S,650.0,17,363
2021-06-15 11:09:23,S,649.85,1,17
2021-06-15 11:09:28,S,650.6,2,63
2021-06-15 11:09:28,S,650.65,2,43
2021-06-15 11:09:30,S,650.6,1,17
2021-06-15 11:09:30,S,650.0,17,338
2021-06-15 11:09:30,S,649.7,1,46
2021-06-15 11:09:30,S,649.55,1,1
2021-06-15 11:09:34,S,650.0,14,288
2021-06-15 11:09:34,S,649.85,1,20
2021-06-15 11:09:34,S,649.7,2,66
2021-06-15 11:09:34,S,649.6,2,14
2021-06-15 11:09:35,S,650.5,4,98
2021-06-15 11:09:35,S,650.6,2,92
2021-06-15 11:09:35,S,650.65,3,92
2021-06-15 11:09:35,S,650.7,1,18
2021-06-15 11:09:35,S,650.0,13,277
2021-06-15 11:09:44,S,650.5,2,84
2021-06-15 11:09:44,S,650.65,3,51
2021-06-15 11:09:44,S,649.85,3,31
2021-06-15 11:09:45,S,649.95,1,20
2021-06-15 11:09:45,S,649.65,2,70
2021-06-15 11:09:50,S,650.5,2,74
2021-06-15 11:09:50,S,650.55,1,18
2021-06-15 11:09:50,S,650.65,4,58
2021-06-15 11:09:50,S,650.7,2,34
2021-06-15 11:09:50,S,650.75,1,50
2021-06-15 11:09:50,S,650.0,14,302
2021-06-15 11:09:50,S,649.85,2,24
2021-06-15 11:10:01,S,650.65,2,51
2021-06-15 11:10:01,S,650.75,2,67
2021-06-15 11:10:01,S,650.9,2,23
2021-06-15 11:10:01,S,650.95,4,158
2021-06-15 11:10:01,S,651.0,6,466
2021-06-15 11:10:01,S,650.0,15,309
2021-06-15 11:10:01,S,649.95,2,30
2021-06-15 11:10:01,S,649.9,2,24
2021-06-15 11:10:01,S,649.85,1,87
2021-06-15 11:10:01,S,649.8,1,20
2021-06-15 11:10:03,S,649.75,2,57
2021-06-15 11:10:03,S,649.8,2,83
2021-06-15 11:10:03,S,649.85,2,150
2021-06-15 11:10:03,S,649.95,3,57
2021-06-15 11:10:03,S,650.0,1,7
2021-06-15 11:10:03,S,649.4,3,208
2021-06-15 11:10:03,S,649.25,1,25
2021-06-15 11:10:03,S,649.1,1,32
2021-06-15 11:10:03,S,649.0,3,34
2021-06-15 11:10:03,S,648.95,2,37
2021-06-15 11:10:08,S,649.1,2,23
2021-06-15 11:10:08,S,649.25,2,24
2021-06-15 11:10:08,S,648.95,1,10
2021-06-15 11:10:08,S,648.7,1,1
2021-06-15 11:10:08,S,648.35,1,45
2021-06-15 11:10:09,S,649.1,6,197
2021-06-15 11:10:09,S,649.15,2,97
2021-06-15 11:10:09,S,649.3,1,46
2021-06-15 11:10:09,S,649.55,2,42
2021-06-15 11:10:09,S,648.25,2,54
2021-06-15 11:10:12,S,648.8,1,50
2021-06-15 11:10:12,S,649.0,1,17
2021-06-15 11:10:12,S,648.35,1,30
2021-06-15 11:10:12,S,648.15,2,68
2021-06-15 11:10:16,S,648.8,2,134
2021-06-15 11:10:16,S,648.95,1,47
2021-06-15 11:10:16,S,648.5,1,1
2021-06-15 11:10:16,S,648.4,2,112
2021-06-15 11:10:16,S,648.15,2,50
2021-06-15 11:10:20,S,648.8,2,101
2021-06-15 11:10:20,S,647.9,1,50
2021-06-15 11:10:23,S,648.5,2,84
2021-06-15 11:10:23,S,648.7,1,47
2021-06-15 11:10:23,S,648.2,2,12
2021-06-15 11:10:23,S,647.85,1,30
2021-06-15 11:10:25,S,648.4,2,54
2021-06-15 11:10:25,S,648.7,1,17
2021-06-15 11:10:30,S,648.35,3,168
2021-06-15 11:10:30,S,648.4,1,38
2021-06-15 11:10:30,S,648.65,1,7
2021-06-15 11:10:30,S,648.0,8,2352
2021-06-15 11:10:30,S,647.85,2,37
2021-06-15 11:10:30,S,647.8,1,48
2021-06-15 11:10:32,S,648.5,1,16
2021-06-15 11:10:32,S,648.55,1,77
2021-06-15 11:10:32,S,648.25,1,1
2021-06-15 11:10:33,S,648.05,2,57
2021-06-15 11:10:36,S,648.2,1,40
2021-06-15 11:10:38,S,648.2,2,50
2021-06-15 11:10:42,S,648.4,1,40
2021-06-15 11:10:42,S,648.55,2,93
2021-06-15 11:10:42,S,648.95,2,67
2021-06-15 11:10:42,S,648.2,3,60
2021-06-15 11:10:42,S,648.05,3,107
2021-06-15 11:10:45,S,648.65,1,73
2021-06-15 11:10:45,S,648.2,4,67
2021-06-15 11:10:45,S,648.05,3,200
2021-06-15 11:10:45,S,647.85,1,18
2021-06-15 11:10:46,S,648.75,2,89
2021-06-15 11:10:46,S,649.05,2,63
2021-06-15 11:10:46,S,648.2,5,115
2021-06-15 11:10:46,S,648.05,4,231
2021-06-15 11:10:46,S,648.0,9,2370
2021-06-15 11:10:49,S,649.0,3,90
2021-06-15 11:10:49,S,648.4,2,80
2021-06-15 11:10:49,S,648.3,1,18
2021-06-15 11:10:49,S,648.25,2,82
2021-06-15 11:10:54,S,648.25,6,112
2021-06-15 11:10:54,S,649.0,3,97
2021-06-15 11:10:54,S,649.15,2,70
2021-06-15 11:10:54,S,648.25,6,109
2021-06-15 11:10:54,S,648.2,5,158
2021-06-15 11:10:57,S,649.15,3,87
2021-06-15 11:10:57,S,648.3,4,89
2021-06-15 11:10:57,S,648.2,4,110
2021-06-15 11:10:57,S,648.15,2,38
2021-06-15 11:11:00,S,648.2,5,113
2021-06-15 11:11:00,S,648.05,2,149
2021-06-15 11:11:03,S,648.25,4,2022
2021-06-15 11:11:03,S,648.2,6,131
2021-06-15 11:11:05,S,648.95,3,97
2021-06-15 11:11:05,S,649.15,1,20
2021-06-15 11:11:10,S,648.95,2,81
2021-06-15 11:11:10,S,649.05,1,16
2021-06-15 11:11:10,S,649.1,2,25
2021-06-15 11:11:10,S,648.35,2,70
2021-06-15 11:11:10,S,648.3,3,19
2021-06-15 11:11:10,S,648.25,5,2072
2021-06-15 11:11:10,S,648.2,4,81
2021-06-15 11:11:10,S,648.15,2,70
2021-06-15 11:11:11,S,649.05,3,96
2021-06-15 11:11:11,S,649.15,1,45
2021-06-15 11:11:11,S,648.25,3,2055
2021-06-15 11:11:13,S,649.0,2,54
2021-06-15 11:11:13,S,649.05,2,89
2021-06-15 11:11:13,S,648.2,4,112
2021-06-15 11:11:17,S,649.15,5,81
2021-06-15 11:11:17,S,649.2,3,167
2021-06-15 11:11:17,S,649.25,2,81
2021-06-15 11:11:17,S,648.3,3,67
2021-06-15 11:11:20,S,649.1,2,10
2021-06-15 11:11:20,S,649.15,4,79
2021-06-15 11:11:20,S,649.2,4,240
2021-06-15 11:11:20,S,648.35,3,46
2021-06-15 11:11:20,S,648.3,2,20
2021-06-15 11:11:20,S,648.25,5,2080
2021-06-15 11:11:20,S,648.2,3,63
2021-06-15 11:11:20,S,648.15,1,20
2021-06-15 11:11:23,S,648.35,1,9
2021-06-15 11:11:23,S,648.25,4,2073
2021-06-15 11:11:25,S,649.05,4,239
2021-06-15 11:11:25,S,648.35,2,59
2021-06-15 11:11:25,S,648.25,3,2023
2021-06-15 11:11:31,S,649.05,3,223
2021-06-15 11:11:31,S,649.2,2,24
2021-06-15 11:11:31,S,649.25,2,15
2021-06-15 11:11:31,S,648.4,4,74
2021-06-15 11:11:31,S,648.25,4,2072
2021-06-15 11:11:34,S,648.25,2,2005
2021-06-15 11:11:36,S,648.4,3,87
2021-06-15 11:11:36,S,648.35,4,76
2021-06-15 11:11:36,S,648.25,3,2052
2021-06-15 11:11:42,S,649.05,4,230
2021-06-15 11:11:42,S,649.1,2,24
2021-06-15 11:11:42,S,649.15,1,49
2021-06-15 11:11:42,S,649.2,3,97
2021-06-15 11:11:42,S,649.4,2,376
2021-06-15 11:11:42,S,648.35,3,26
2021-06-15 11:11:42,S,648.3,2,85
2021-06-15 11:11:48,S,649.2,2,90
2021-06-15 11:11:48,S,649.25,2,56
2021-06-15 11:11:48,S,649.3,1,17
2021-06-15 11:11:48,S,649.35,2,82
2021-06-15 11:11:48,S,649.4,3,394
2021-06-15 11:11:48,S,648.4,2,57
2021-06-15 11:11:48,S,648.3,1,10
2021-06-15 11:11:48,S,648.25,4,2054
2021-06-15 11:11:51,S,649.3,2,81
2021-06-15 11:11:51,S,649.35,5,190
2021-06-15 11:11:51,S,649.45,1,50
2021-06-15 11:11:51,S,648.65,1,18
2021-06-15 11:11:51,S,648.5,2,25
2021-06-15 11:11:51,S,648.45,2,80
2021-06-15 11:11:58,S,649.2,1,74
2021-06-15 11:11:58,S,649.25,2,33
2021-06-15 11:11:58,S,648.5,2,37
2021-06-15 11:11:58,S,648.45,2,68
2021-06-15 11:11:58,S,648.35,2,17
2021-06-15 11:11:58,S,648.3,4,180
2021-06-15 11:12:02,S,649.2,2,64
2021-06-15 11:12:08,S,648.5,2,21
2021-06-15 11:12:08,S,648.45,1,37
2021-06-15 11:12:10,S,648.45,2,40
2021-06-15 11:12:10,S,648.4,2,150
2021-06-15 11:12:16,S,649.1,1,74
2021-06-15 11:12:16,S,649.25,3,42
2021-06-15 11:12:16,S,649.3,1,48
2021-06-15 11:12:16,S,648.5,2,53
2021-06-15 11:12:16,S,648.45,1,26
2021-06-15 11:12:16,S,648.35,2,25
2021-06-15 11:12:16,S,648.3,5,226
2021-06-15 11:12:18,S,648.95,4,146
2021-06-15 11:12:27,S,649.05,1,48
2021-06-15 11:12:27,S,649.15,2,24
2021-06-15 11:12:27,S,648.4,2,63
2021-06-15 11:12:27,S,648.3,3,48
2021-06-15 11:12:27,S,648.25,4,2057
2021-06-15 11:12:29,S,648.95,3,100
2021-06-15 11:12:29,S,649.15,2,54
2021-06-15 11:12:29,S,649.2,1,17
2021-06-15 11:12:29,S,649.25,3,168
2021-06-15 11:12:29,S,648.4,1,13
2021-06-15 11:12:29,S,648.35,1,7
2021-06-15 11:12:29,S,648.3,2,30
2021-06-15 11:12:29,S,648.25,3,2007
2021-06-15 11:12:31,S,648.85,2,23
2021-06-15 11:12:31,S,648.9,2,80
2021-06-15 11:12:31,S,649.0,3,50
2021-06-15 11:12:31,S,649.15,1,77
2021-06-15 11:12:31,S,648.1,1,75
2021-06-15 11:12:33,S,648.85,2,84
2021-06-15 11:12:33,S,648.9,1,50
2021-06-15 11:12:33,S,649.0,2,33
2021-06-15 11:12:33,S,648.25,2,2002
2021-06-15 11:12:33,S,648.1,3,200
2021-06-15 11:12:38,S,648.8,1,16
2021-06-15 11:12:38,S,648.85,1,77
2021-06-15 11:12:38,S,648.3,2,32
2021-06-15 11:12:38,S,648.25,3,2012
2021-06-15 11:12:38,S,648.2,3,31
2021-06-15 11:12:38,S,648.05,5,378
2021-06-15 11:12:43,S,648.95,1,77
2021-06-15 11:12:43,S,649.1,1,50
2021-06-15 11:12:43,S,648.3,3,53
2021-06-15 11:12:43,S,648.25,2,1984
2021-06-15 11:12:43,S,648.2,4,41
2021-06-15 11:12:43,S,648.05,4,360
2021-06-15 11:12:47,S,647.85,1,48
2021-06-15 11:12:58,S,648.4,1,58
2021-06-15 11:13:04,S,648.4,1,57
2021-06-15 11:13:04,S,648.8,1,46
2021-06-15 11:13:10,S,648.4,1,85
2021-06-15 11:13:10,S,648.05,3,254
2021-06-15 11:13:10,S,648.0,8,321
2021-06-15 11:13:15,S,648.4,2,91
2021-06-15 11:13:15,S,648.3,2,17
2021-06-15 11:13:15,S,648.25,1,1956
2021-06-15 11:13:19,S,648.3,1,1
2021-06-15 11:13:31,S,648.25,2,1972
2021-06-15 11:13:34,S,648.4,2,81
2021-06-15 11:13:34,S,648.6,2,23
2021-06-15 11:13:35,S,648.6,1,16
2021-06-15 11:13:35,S,648.05,2,250
2021-06-15 11:13:35,S,647.9,1,49
2021-06-15 11:13:38,S,648.4,2,35
2021-06-15 11:13:38,S,648.85,1,48
2021-06-15 11:13:47,S,648.4,1,35
2021-06-15 11:13:47,S,648.75,2,93
2021-06-15 11:13:47,S,648.95,4,216
2021-06-15 11:14:03,S,648.65,2,93
2021-06-15 11:14:03,S,648.95,3,141
2021-06-15 11:14:10,S,648.8,2,93
2021-06-15 11:14:10,S,648.35,1,16
2021-06-15 11:14:10,S,648.3,1,200
2021-06-15 11:14:10,S,648.1,1,18
2021-06-15 11:14:25,S,648.4,1,50
2021-06-15 11:14:25,S,648.7,2,93
2021-06-15 11:14:25,S,648.0,7,303
2021-06-15 11:14:30,S,648.3,2,216
2021-06-15 11:14:33,S,648.25,2,1924
2021-06-15 11:14:52,S,648.4,1,98
2021-06-15 11:14:52,S,648.0,8,333
2021-06-15 11:14:55,S,648.25,1,1908
2021-06-15 11:15:07,S,648.4,1,96
2021-06-15 11:15:07,S,648.3,2,206
2021-06-15 11:15:17,S,648.3,3,221
2021-06-15 11:15:27,S,648.9,2,92
2021-06-15 11:15:27,S,648.35,1,17
2021-06-15 11:15:27,S,648.3,2,205
2021-06-15 11:15:37,S,648.4,1,16
2021-06-15 11:15:37,S,648.05,2,68
2021-06-15 11:15:43,S,648.4,1,100
2021-06-15 11:15:43,S,648.3,1,190
2021-06-15 11:15:46,S,648.3,1,185
2021-06-15 11:15:49,S,648.3,1,141
2021-06-15 11:15:54,S,648.4,1,75
2021-06-15 11:15:54,S,648.3,1,131
2021-06-15 11:15:55,S,648.3,1,126
2021-06-15 11:16:07,S,648.4,1,74
2021-06-15 11:16:40,S,648.4,1,99
2021-06-15 11:16:40,S,648.6,1,7
2021-06-15 11:16:40,S,648.8,1,17
2021-06-15 11:16:40,S,648.05,1,50
2021-06-15 11:16:51,S,648.4,1,8
2021-06-15 11:16:51,S,648.7,1,77
2021-06-15 11:16:51,S,648.75,1,16
2021-06-15 11:16:51,S,648.8,1,7
2021-06-15 11:16:51,S,648.9,1,17
2021-06-15 11:16:51,S,648.25,2,1923
2021-06-15 11:16:51,S,648.15,1,7
2021-06-15 11:16:51,S,648.1,1,50
2021-06-15 11:16:52,S,648.3,2,127
2021-06-15 11:17:07,S,649.0,3,281
2021-06-15 11:17:07,S,649.15,1,75
2021-06-15 11:17:07,S,649.2,3,102
2021-06-15 11:17:07,S,649.3,2,16
2021-06-15 11:17:07,S,648.35,3,82
2021-06-15 11:17:07,S,648.15,1,6
2021-06-15 11:17:18,S,648.3,3,327
2021-06-15 11:17:43,S,648.2,2,13
2021-06-15 11:17:57,S,648.95,1,75
2021-06-15 11:17:57,S,649.0,4,333
2021-06-15 11:17:57,S,648.35,2,37
2021-06-15 11:17:57,S,648.3,4,341
2021-06-15 11:17:57,S,648.25,3,1933
2021-06-15 11:17:57,S,648.2,3,16
2021-06-15 11:17:57,S,648.15,1,50
2021-06-15 11:18:07,S,649.0,2,275
2021-06-15 11:18:07,S,649.4,2,405
2021-06-15 11:18:07,S,648.85,1,2
2021-06-15 11:18:07,S,648.55,2,57
2021-06-15 11:18:20,S,649.0,1,25
2021-06-15 11:18:20,S,649.25,1,52
2021-06-15 11:18:20,S,649.35,2,150
2021-06-15 11:18:20,S,648.85,1,10
2021-06-15 11:18:20,S,648.75,2,24
2021-06-15 11:18:20,S,648.55,2,58
2021-06-15 11:18:20,S,648.5,1,19
2021-06-15 11:18:21,S,648.85,2,17
2021-06-15 11:18:21,S,648.7,1,5
2021-06-15 11:18:40,S,649.35,3,202
2021-06-15 11:18:40,S,649.6,2,21
2021-06-15 11:18:40,S,648.8,1,13
2021-06-15 11:18:43,S,649.35,2,127
2021-06-15 11:18:43,S,649.6,1,2
2021-06-15 11:18:43,S,649.7,2,82
2021-06-15 11:18:43,S,649.75,2,152
2021-06-15 11:18:43,S,648.85,3,20
2021-06-15 11:18:43,S,648.8,2,23
2021-06-15 11:18:43,S,648.6,2,17
2021-06-15 11:18:50,S,648.6,1,8
2021-06-15 11:18:58,S,649.35,3,135
2021-06-15 11:19:02,S,649.3,1,2
2021-06-15 11:19:02,S,649.55,1,3
2021-06-15 11:19:21,S,648.7,2,28
2021-06-15 11:19:40,S,648.5,2,29
2021-06-15 11:19:43,S,649.35,2,83
2021-06-15 11:19:43,S,649.55,1,20
2021-06-15 11:19:43,S,649.6,2,32
2021-06-15 11:19:43,S,648.8,1,8
2021-06-15 11:19:43,S,648.6,1,20
2021-06-15 11:19:46,S,649.3,2,23
2021-06-15 11:19:46,S,649.35,3,103
2021-06-15 11:19:46,S,648.8,1,6
2021-06-15 11:19:46,S,648.75,1,17
2021-06-15 11:19:46,S,648.4,1,20
2021-06-15 11:19:50,S,648.4,1,18
2021-06-15 11:19:57,S,649.35,4,106
2021-06-15 11:19:57,S,649.4,2,422
2021-06-15 11:19:57,S,649.5,2,26
2021-06-15 11:19:57,S,648.75,2,23
2021-06-15 11:19:57,S,648.7,3,53
2021-06-15 11:19:57,S,648.55,2,69
2021-06-15 11:19:57,S,648.4,2,28
2021-06-15 11:19:57,S,648.35,4,199
2021-06-15 11:19:58,S,649.3,3,36
2021-06-15 11:19:58,S,649.35,2,93
2021-06-15 11:19:58,S,649.5,3,72
2021-06-15 11:19:58,S,648.35,4,190
2021-06-15 11:20:04,S,648.65,2,28
2021-06-15 11:20:13,S,649.45,2,26
2021-06-15 11:20:21,S,648.8,1,200
2021-06-15 11:20:35,S,648.65,2,26
2021-06-15 11:20:55,S,649.45,1,18
2021-06-15 11:20:55,S,649.5,1,8
2021-06-15 11:20:55,S,648.8,2,210
2021-06-15 11:20:55,S,648.7,3,61
2021-06-15 11:20:55,S,648.55,1,50
2021-06-15 11:20:58,S,649.3,1,20
2021-06-15 11:20:58,S,649.35,1,75
2021-06-15 11:20:58,S,649.4,1,375
2021-06-15 11:20:58,S,649.5,1,18
2021-06-15 11:20:58,S,648.8,2,214
2021-06-15 11:20:58,S,648.7,2,43
2021-06-15 11:20:58,S,648.6,1,18
2021-06-15 11:21:04,S,649.4,2,358
2021-06-15 11:21:04,S,649.55,3,33
2021-06-15 11:21:04,S,649.6,2,8
2021-06-15 11:21:04,S,649.65,3,32
2021-06-15 11:21:04,S,648.85,2,75
2021-06-15 11:21:04,S,648.8,3,224
2021-06-15 11:21:04,S,648.75,2,33
2021-06-15 11:21:04,S,648.65,3,113
2021-06-15 11:21:05,S,649.95,1,40
2021-06-15 11:21:05,S,650.0,2,17
2021-06-15 11:21:05,S,650.4,1,16
2021-06-15 11:21:05,S,650.55,1,17
2021-06-15 11:21:05,S,649.45,4,93
2021-06-15 11:21:05,S,649.4,4,617
2021-06-15 11:21:05,S,649.35,1,16
2021-06-15 11:21:05,S,649.1,1,10
2021-06-15 11:21:05,S,648.9,1,20
2021-06-15 11:21:09,S,650.7,2,51
2021-06-15 11:21:09,S,650.9,3,180
2021-06-15 11:21:09,S,649.8,5,94
2021-06-15 11:21:09,S,649.6,1,16
2021-06-15 11:21:09,S,649.45,3,166
2021-06-15 11:21:09,S,649.4,2,586
2021-06-15 11:21:20,S,650.55,4,62
2021-06-15 11:21:20,S,650.6,1,32
2021-06-15 11:21:20,S,649.8,4,82
2021-06-15 11:21:20,S,649.6,2,46
2021-06-15 11:21:20,S,649.5,1,75
2021-06-15 11:21:22,S,650.5,4,72
2021-06-15 11:21:22,S,650.7,1,6
2021-06-15 11:21:22,S,649.55,2,37
2021-06-15 11:21:32,S,650.5,3,42
2021-06-15 11:21:33,S,650.5,2,37
2021-06-15 11:21:33,S,650.55,2,52
2021-06-15 11:21:33,S,650.7,2,36
2021-06-15 11:21:33,S,649.65,2,61
2021-06-15 11:21:42,S,650.1,1,3
2021-06-15 11:21:42,S,650.15,1,2
2021-06-15 11:21:42,S,650.25,1,30
2021-06-15 11:21:42,S,650.3,1,5
2021-06-15 11:21:42,S,650.4,1,7
2021-06-15 11:21:42,S,649.8,1,6
2021-06-15 11:21:42,S,649.75,1,17
2021-06-15 11:21:42,S,649.65,1,16
2021-06-15 11:21:42,S,649.6,2,26
2021-06-15 11:21:42,S,649.55,1,50
2021-06-15 11:21:52,S,650.6,1,75
2021-06-15 11:21:52,S,650.65,4,39
2021-06-15 11:21:52,S,650.7,2,56
2021-06-15 11:21:55,S,650.6,1,70
2021-06-15 11:21:57,S,650.65,3,38
2021-06-15 11:21:57,S,650.85,2,11
2021-06-15 11:22:03,S,650.55,1,75
2021-06-15 11:22:03,S,650.6,2,102
2021-06-15 11:22:03,S,650.8,2,23
2021-06-15 11:22:07,S,649.85,2,26
2021-06-15 11:22:13,S,650.65,2,37
2021-06-15 11:22:13,S,650.75,2,57
2021-06-15 11:22:13,S,650.8,1,16
2021-06-15 11:22:13,S,650.1,2,52
2021-06-15 11:22:13,S,650.05,1,13
2021-06-15 11:22:16,S,650.45,1,75
2021-06-15 11:22:16,S,650.5,2,149
2021-06-15 11:22:16,S,650.55,1,43
2021-06-15 11:22:20,S,650.2,1,100
2021-06-15 11:22:20,S,649.95,1,18
2021-06-15 11:22:28,S,650.65,2,56
2021-06-15 11:22:33,S,650.5,1,80
2021-06-15 11:22:33,S,650.6,1,69
2021-06-15 11:22:33,S,650.75,1,7
2021-06-15 11:22:33,S,650.8,2,46
2021-06-15 11:22:33,S,649.95,2,34
2021-06-15 11:22:33,S,649.8,1,48
2021-06-15 11:22:40,S,650.8,2,37
2021-06-15 11:22:40,S,650.9,2,150
2021-06-15 11:22:40,S,650.95,3,141
2021-06-15 11:22:40,S,651.05,1,50
2021-06-15 11:22:40,S,650.2,2,67
2021-06-15 11:22:40,S,650.15,3,70
2021-06-15 11:22:40,S,650.0,1,18
2021-06-15 11:22:43,S,650.95,3,173
2021-06-15 11:22:50,S,650.95,4,178
2021-06-15 11:22:50,S,651.0,5,219
2021-06-15 11:22:50,S,651.1,2,23
2021-06-15 11:22:50,S,650.5,2,148
2021-06-15 11:22:50,S,650.45,1,10
2021-06-15 11:22:50,S,650.3,2,34
2021-06-15 11:22:50,S,650.25,2,37
2021-06-15 11:22:53,S,650.95,3,91
2021-06-15 11:22:53,S,651.0,4,214
2021-06-15 11:22:53,S,651.2,2,52
2021-06-15 11:23:01,S,650.95,3,87
2021-06-15 11:23:01,S,651.15,2,35
2021-06-15 11:23:01,S,651.2,3,57
2021-06-15 11:23:01,S,650.15,4,85
2021-06-15 11:23:02,S,650.95,3,45
2021-06-15 11:23:02,S,651.0,6,225
2021-06-15 11:23:02,S,651.2,4,64
2021-06-15 11:23:02,S,650.3,2,22
2021-06-15 11:23:02,S,650.15,3,67
2021-06-15 11:23:08,S,651.0,5,220
2021-06-15 11:23:11,S,650.85,4,51
2021-06-15 11:23:11,S,650.9,2,52
2021-06-15 11:23:11,S,651.0,7,286
2021-06-15 11:23:11,S,651.1,1,83
2021-06-15 11:23:11,S,650.15,3,38
2021-06-15 11:23:17,S,650.75,4,52
2021-06-15 11:23:17,S,650.8,1,77
2021-06-15 11:23:22,S,650.65,1,8
2021-06-15 11:23:22,S,650.7,1,46
2021-06-15 11:23:22,S,650.85,1,6
2021-06-15 11:23:24,S,650.7,1,29
2021-06-15 11:23:24,S,650.8,2,14
2021-06-15 11:23:24,S,650.9,1,45
2021-06-15 11:23:24,S,650.95,3,180
2021-06-15 11:23:24,S,651.0,7,330
2021-06-15 11:23:24,S,650.3,1,12
2021-06-15 11:23:24,S,650.25,1,17
2021-06-15 11:23:27,S,651.1,2,14
2021-06-15 11:23:27,S,651.15,2,54
2021-06-15 11:23:27,S,651.3,2,22
2021-06-15 11:23:27,S,650.35,2,26
2021-06-15 11:23:27,S,650.3,2,58
2021-06-15 11:23:27,S,650.25,1,16
2021-06-15 11:23:31,S,651.0,8,351
2021-06-15 11:23:31,S,651.25,3,355
2021-06-15 11:23:31,S,650.75,1,25
2021-06-15 11:23:31,S,650.3,3,76
2021-06-15 11:23:33,S,651.05,1,66
2021-06-15 11:23:36,S,650.7,1,10
2021-06-15 11:23:52,S,650.7,2,76
2021-06-15 11:23:52,S,650.9,3,63
2021-06-15 11:23:52,S,651.0,8,360
2021-06-15 11:23:54,S,651.2,2,14
2021-06-15 11:23:54,S,650.4,2,26
2021-06-15 11:23:54,S,650.25,2,23
2021-06-15 11:24:01,S,651.0,7,344
2021-06-15 11:24:01,S,651.2,4,164
2021-06-15 11:24:01,S,651.3,1,16
2021-06-15 11:24:01,S,650.7,1,190
2021-06-15 11:24:01,S,650.4,3,33
2021-06-15 11:24:01,S,650.35,1,49
2021-06-15 11:24:04,S,650.9,2,38
2021-06-15 11:24:04,S,651.0,7,262
2021-06-15 11:24:04,S,650.15,3,41
2021-06-15 11:24:10,S,650.9,1,30
2021-06-15 11:24:19,S,650.8,2,33
2021-06-15 11:24:19,S,650.9,1,115
2021-06-15 11:24:19,S,651.1,1,7
2021-06-15 11:24:19,S,650.25,2,17
2021-06-15 11:24:19,S,650.85,2,35
2021-06-15 11:24:19,S,650.95,1,7
2021-06-15 11:24:19,S,651.25,2,310
2021-06-15 11:24:19,S,650.15,2,34
2021-06-15 11:24:22,S,650.9,2,123
2021-06-15 11:24:22,S,651.0,6,254
2021-06-15 11:24:22,S,651.15,2,55
2021-06-15 11:24:27,S,650.85,3,42
2021-06-15 11:24:27,S,650.9,1,107
2021-06-15 11:24:27,S,650.35,1,8
2021-06-15 11:24:27,S,650.3,1,16
2021-06-15 11:24:27,S,650.25,1,10
2021-06-15 11:24:33,S,650.9,2,115
2021-06-15 11:24:36,S,650.8,3,43
2021-06-15 11:24:40,S,650.8,4,150
2021-06-15 11:24:40,S,650.95,2,150
2021-06-15 11:24:43,S,650.7,4,50
2021-06-15 11:24:43,S,650.2,1,50
2021-06-15 11:24:52,S,650.7,3,42
2021-06-15 11:24:52,S,650.75,1,115
2021-06-15 11:24:52,S,650.85,1,8
2021-06-15 11:24:52,S,650.05,1,18
2021-06-15 11:25:00,S,650.85,3,45
2021-06-15 11:25:00,S,650.25,3,26
2021-06-15 11:25:28,S,650.85,4,50
2021-06-15 11:25:33,S,650.85,4,49
2021-06-15 11:25:33,S,650.95,1,115
2021-06-15 11:25:40,S,650.85,5,164
2021-06-15 11:25:42,S,650.05,1,16
2021-06-15 11:25:45,S,650.85,3,16
2021-06-15 11:25:45,S,650.25,3,24
2021-06-15 11:25:45,S,650.2,2,68
2021-06-15 11:26:16,S,650.85,4,66
2021-06-15 11:26:16,S,650.9,2,72
2021-06-15 11:26:16,S,651.0,5,238
2021-06-15 11:26:16,S,651.05,1,15
2021-06-15 11:26:16,S,650.25,2,16
2021-06-15 11:26:16,S,650.2,3,76
2021-06-15 11:26:16,S,650.0,1,45
2021-06-15 11:26:18,S,650.85,4,90
2021-06-15 11:26:18,S,650.25,2,21
2021-06-15 11:26:18,S,650.2,3,72
2021-06-15 11:26:28,S,650.85,5,154
2021-06-15 11:26:28,S,650.9,1,8
2021-06-15 11:26:28,S,651.15,2,10
2021-06-15 11:26:30,S,650.15,2,33
2021-06-15 11:26:43,S,650.85,3,127
2021-06-15 11:26:43,S,650.95,2,14
2021-06-15 11:26:43,S,651.0,4,193
2021-06-15 11:26:43,S,651.05,2,64
2021-06-15 11:26:43,S,650.2,4,80
2021-06-15 11:26:43,S,650.15,1,18
2021-06-15 11:26:43,S,650.1,1,44
2021-06-15 11:26:46,S,650.4,3,22
2021-06-15 11:26:46,S,650.5,1,13
2021-06-15 11:26:46,S,649.55,1,13
2021-06-15 11:26:51,S,650.0,1,19
2021-06-15 11:26:51,S,650.4,4,35
2021-06-15 11:26:51,S,650.55,1,47
2021-06-15 11:26:51,S,650.6,1,15
2021-06-15 11:26:54,S,650.0,1,6
2021-06-15 11:26:54,S,650.4,2,18
2021-06-15 11:26:54,S,650.45,1,30
2021-06-15 11:26:54,S,649.6,1,13
2021-06-15 11:26:55,S,649.55,2,18
2021-06-15 11:26:55,S,649.5,2,82
2021-06-15 11:27:00,S,649.95,2,72
2021-06-15 11:27:00,S,650.0,1,150
2021-06-15 11:27:00,S,650.3,2,41
2021-06-15 11:27:00,S,650.35,1,7
2021-06-15 11:27:00,S,649.85,1,14
2021-06-15 11:27:03,S,649.75,1,101
2021-06-15 11:27:03,S,650.15,2,55
2021-06-15 11:27:03,S,649.55,1,14
2021-06-15 11:27:03,S,649.5,2,24
2021-06-15 11:27:03,S,649.45,2,150
2021-06-15 11:27:03,S,649.4,1,576
2021-06-15 11:27:05,S,649.9,1,8
2021-06-15 11:27:05,S,649.95,1,64
2021-06-15 11:27:05,S,648.95,1,7
2021-06-15 11:27:09,S,649.75,1,150
2021-06-15 11:27:09,S,650.0,1,8
2021-06-15 11:27:09,S,649.3,1,50
2021-06-15 11:27:09,S,649.25,2,112
2021-06-15 11:27:15,S,649.6,1,150
2021-06-15 11:27:15,S,649.9,2,38
2021-06-15 11:27:15,S,650.1,1,11
2021-06-15 11:27:15,S,649.45,4,170
2021-06-15 11:27:15,S,649.4,2,594
2021-06-15 11:27:15,S,649.25,1,11
2021-06-15 11:27:15,S,649.2,1,47
2021-06-15 11:27:15,S,649.7,1,8
2021-06-15 11:27:15,S,649.75,2,35
2021-06-15 11:27:15,S,649.9,3,17
2021-06-15 11:27:15,S,650.15,1,11
2021-06-15 11:27:15,S,648.95,3,28
2021-06-15 11:27:15,S,648.9,3,43
2021-06-15 11:27:15,S,648.85,4,196
2021-06-15 11:27:21,S,649.55,1,47
2021-06-15 11:27:21,S,649.75,2,40
2021-06-15 11:27:21,S,649.8,2,150
2021-06-15 11:27:21,S,648.9,2,33
2021-06-15 11:27:21,S,648.85,1,16
2021-06-15 11:27:24,S,649.0,3,49
2021-06-15 11:27:27,S,649.55,3,161
2021-06-15 11:27:27,S,649.0,2,42
2021-06-15 11:27:27,S,648.95,1,14
2021-06-15 11:27:31,S,649.5,1,7
2021-06-15 11:27:31,S,649.1,1,4
2021-06-15 11:27:33,S,649.45,2,38
2021-06-15 11:27:33,S,649.5,2,14
2021-06-15 11:27:33,S,649.6,1,115
2021-06-15 11:27:33,S,648.85,1,28
2021-06-15 11:27:36,S,649.4,2,38
2021-06-15 11:27:36,S,649.45,1,115
2021-06-15 11:27:36,S,649.7,1,11
2021-06-15 11:27:36,S,649.75,2,55
2021-06-15 11:27:43,S,649.05,2,19
2021-06-15 11:27:43,S,649.0,2,29
2021-06-15 11:27:46,S,649.75,3,153
2021-06-15 11:27:55,S,649.75,4,160
2021-06-15 11:27:55,S,650.05,3,62
2021-06-15 11:27:55,S,648.85,3,180
2021-06-15 11:28:01,S,649.75,3,45
2021-06-15 11:28:01,S,649.8,1,10
2021-06-15 11:28:01,S,650.0,1,11
2021-06-15 11:28:01,S,649.05,1,12
2021-06-15 11:28:01,S,648.85,2,150
2021-06-15 11:28:07,S,649.3,2,38
2021-06-15 11:28:07,S,649.35,1,80
2021-06-15 11:28:07,S,649.1,2,17
2021-06-15 11:28:07,S,649.05,2,40
2021-06-15 11:28:07,S,649.0,1,14
2021-06-15 11:28:07,S,649.65,2,41
2021-06-15 11:28:07,S,649.7,1,50
2021-06-15 11:28:10,S,649.75,2,38
2021-06-15 11:28:10,S,649.95,2,59
2021-06-15 11:28:10,S,650.1,1,10
2021-06-15 11:28:10,S,650.2,1,15
2021-06-15 11:28:10,S,649.1,5,62
2021-06-15 11:28:10,S,648.9,1,7
2021-06-15 11:28:10,S,648.85,3,165
2021-06-15 11:28:10,S,648.8,2,110
2021-06-15 11:28:13,S,649.85,1,11
2021-06-15 11:28:13,S,649.95,4,205
2021-06-15 11:28:13,S,649.1,4,52
2021-06-15 11:28:22,S,649.55,3,45
2021-06-15 11:28:22,S,649.6,1,47
2021-06-15 11:28:22,S,649.75,3,157
2021-06-15 11:28:22,S,649.1,3,45
2021-06-15 11:28:22,S,648.75,3,72
2021-06-15 11:28:24,S,649.45,5,195
2021-06-15 11:28:27,S,649.45,6,202
2021-06-15 11:28:27,S,649.55,1,115
2021-06-15 11:28:27,S,649.65,1,11
2021-06-15 11:28:30,S,649.35,3,157
2021-06-15 11:28:30,S,649.4,1,115
2021-06-15 11:28:37,S,649.5,1,48
2021-06-15 11:28:37,S,648.85,1,47
2021-06-15 11:28:37,S,648.8,2,107
2021-06-15 11:28:40,S,649.3,1,115
2021-06-15 11:28:40,S,649.45,1,30
2021-06-15 11:28:40,S,649.65,2,58
2021-06-15 11:28:40,S,649.1,1,14
2021-06-15 11:28:40,S,648.85,2,54
2021-06-15 11:28:42,S,649.65,1,8
2021-06-15 11:28:42,S,649.85,2,59
2021-06-15 11:28:42,S,649.1,3,67
2021-06-15 11:28:42,S,649.0,1,48
2021-06-15 11:28:42,S,648.8,3,137
2021-06-15 11:28:49,S,649.65,2,38
2021-06-15 11:28:49,S,649.7,3,132
2021-06-15 11:28:49,S,649.85,3,66
2021-06-15 11:28:49,S,649.1,2,60
2021-06-15 11:28:49,S,649.05,1,15
2021-06-15 11:28:49,S,648.8,3,157
2021-06-15 11:28:59,S,649.55,2,38
2021-06-15 11:28:59,S,649.7,2,125
2021-06-15 11:28:59,S,649.75,1,45
2021-06-15 11:28:59,S,649.95,2,18
2021-06-15 11:28:59,S,649.05,2,25
2021-06-15 11:28:59,S,649.0,1,16
2021-06-15 11:28:59,S,648.8,2,147
2021-06-15 11:29:13,S,649.0,1,100
2021-06-15 11:29:13,S,648.95,1,12
2021-06-15 11:29:13,S,648.5,1,7
2021-06-15 11:29:34,S,649.0,2,215
2021-06-15 11:29:34,S,649.35,2,18
2021-06-15 11:29:34,S,649.4,1,50
2021-06-15 11:29:34,S,648.9,1,18
2021-06-15 11:29:37,S,649.0,2,210
2021-06-15 11:29:37,S,648.5,2,48
2021-06-15 11:29:43,S,649.0,3,213
2021-06-15 11:29:43,S,649.5,2,57
2021-06-15 11:29:43,S,648.4,1,46
2021-06-15 11:29:49,S,648.85,2,88
2021-06-15 11:29:49,S,648.5,1,33
2021-06-15 11:30:06,S,648.95,1,110
2021-06-15 11:30:12,S,648.95,1,105
2021-06-15 11:30:22,S,649.25,1,7
2021-06-15 11:30:22,S,649.5,1,46
2021-06-15 11:30:25,S,649.35,1,11
2021-06-15 11:30:25,S,648.9,1,33
2021-06-15 11:30:25,S,648.8,2,118
2021-06-15 11:30:33,S,649.25,2,122
2021-06-15 11:30:33,S,649.45,1,11
2021-06-15 11:30:46,S,649.25,1,115
2021-06-15 11:30:49,S,649.4,1,8
2021-06-15 11:30:49,S,649.5,1,11
2021-06-15 11:30:49,S,648.85,3,95
2021-06-15 11:30:49,S,648.75,1,46
2021-06-15 11:30:52,S,649.0,2,102
2021-06-15 11:31:17,S,649.0,2,103
2021-06-15 11:31:17,S,649.5,2,18
2021-06-15 11:31:17,S,649.55,1,30
2021-06-15 11:31:17,S,648.85,2,20
2021-06-15 11:31:20,S,649.45,2,57
2021-06-15 11:31:20,S,648.95,1,33
2021-06-15 11:31:20,S,648.7,1,25
2021-06-15 11:31:25,S,649.35,1,50
2021-06-15 11:31:25,S,649.4,2,18
2021-06-15 11:31:25,S,648.9,1,16
2021-06-15 11:31:25,S,648.85,1,13
2021-06-15 11:31:25,S,648.8,1,100
2021-06-15 11:31:25,S,648.6,1,48
2021-06-15 11:31:35,S,649.0,2,53
2021-06-15 11:31:35,S,649.3,3,25
2021-06-15 11:31:35,S,648.4,1,17
2021-06-15 11:31:37,S,649.0,2,52
2021-06-15 11:31:37,S,649.15,2,38
2021-06-15 11:31:37,S,649.2,1,115
2021-06-15 11:31:37,S,648.5,3,1971
2021-06-15 11:31:40,S,649.0,3,167
2021-06-15 11:31:52,S,649.0,2,70
2021-06-15 11:31:52,S,648.45,1,47
2021-06-15 11:31:53,S,649.1,2,15
2021-06-15 11:31:53,S,648.55,1,75
2021-06-15 11:31:53,S,648.5,2,1922
2021-06-15 11:32:12,S,649.0,2,73
2021-06-15 11:32:15,S,649.0,2,23
2021-06-15 11:32:15,S,649.05,1,18
2021-06-15 11:32:20,S,649.0,3,41
2021-06-15 11:32:20,S,649.15,1,30
2021-06-15 11:32:20,S,648.8,2,111
2021-06-15 11:32:22,S,649.0,2,51
2021-06-15 11:32:42,S,649.0,2,36
2021-06-15 11:32:42,S,649.2,1,8
2021-06-15 11:32:42,S,649.25,2,80
2021-06-15 11:32:42,S,649.35,1,14
2021-06-15 11:32:42,S,648.7,3,133
2021-06-15 11:32:42,S,648.5,1,14
2021-06-15 11:32:54,S,649.0,2,69
2021-06-15 11:32:54,S,649.15,1,8
2021-06-15 11:32:54,S,649.2,1,30
2021-06-15 11:32:54,S,649.35,2,64
2021-06-15 11:32:54,S,648.8,1,18
2021-06-15 11:32:54,S,648.75,1,15
2021-06-15 11:32:54,S,648.7,4,208
2021-06-15 11:32:54,S,648.65,1,1908
2021-06-15 11:32:54,S,648.55,1,7
2021-06-15 11:32:56,S,650.1,2,35
2021-06-15 11:32:56,S,650.15,1,50
2021-06-15 11:32:56,S,649.0,2,1763
2021-06-15 11:33:16,S,649.8,2,38
2021-06-15 11:33:16,S,649.95,3,161
2021-06-15 11:33:16,S,650.0,4,818
2021-06-15 11:33:16,S,650.1,1,25
2021-06-15 11:33:16,S,650.15,2,60
2021-06-15 11:33:16,S,649.05,4,134
2021-06-15 11:33:16,S,649.0,3,1780
2021-06-15 11:33:16,S,648.9,2,24
2021-06-15 11:33:19,S,649.5,2,38
2021-06-15 11:33:19,S,649.55,1,96
2021-06-15 11:33:19,S,649.6,1,45
2021-06-15 11:33:19,S,649.65,2,21
2021-06-15 11:33:19,S,649.0,4,921
2021-06-15 11:33:19,S,648.95,1,16
2021-06-15 11:33:19,S,648.7,2,58
2021-06-15 11:33:19,S,648.3,4,241
2021-06-15 11:33:22,S,648.95,1,8
2021-06-15 11:33:22,S,649.0,1,50
2021-06-15 11:33:22,S,649.05,1,7
2021-06-15 11:33:22,S,649.15,1,7
2021-06-15 11:33:22,S,649.2,2,41
2021-06-15 11:33:22,S,648.6,1,17
2021-06-15 11:33:22,S,648.35,1,8
2021-06-15 11:33:22,S,648.3,1,196
2021-06-15 11:33:22,S,648.2,2,25
2021-06-15 11:33:24,S,649.3,1,32
2021-06-15 11:33:24,S,649.4,1,11
2021-06-15 11:33:24,S,649.5,2,60
2021-06-15 11:33:24,S,648.7,1,8
2021-06-15 11:33:24,S,648.65,1,16
2021-06-15 11:33:24,S,648.6,2,27
2021-06-15 11:33:24,S,648.55,1,48
2021-06-15 11:33:24,S,648.5,2,44
2021-06-15 11:33:40,S,649.6,2,61
2021-06-15 11:33:40,S,649.7,2,18
2021-06-15 11:33:40,S,649.75,1,14
2021-06-15 11:33:40,S,649.0,1,8
2021-06-15 11:33:40,S,648.95,3,244
2021-06-15 11:33:44,S,649.55,2,39
2021-06-15 11:33:44,S,649.6,1,14
2021-06-15 11:33:44,S,649.65,1,10
2021-06-15 11:33:44,S,649.7,3,64
2021-06-15 11:33:44,S,649.75,2,44
2021-06-15 11:33:44,S,649.0,3,23
2021-06-15 11:33:44,S,648.95,4,254
2021-06-15 11:33:44,S,648.65,2,24
2021-06-15 11:33:44,S,648.6,1,10
2021-06-15 11:33:48,S,649.75,3,55
2021-06-15 11:33:48,S,649.8,3,67
2021-06-15 11:33:48,S,649.9,2,39
2021-06-15 11:33:48,S,649.95,2,150
2021-06-15 11:33:48,S,648.95,2,24
2021-06-15 11:33:48,S,648.65,3,54
2021-06-15 11:34:04,S,649.7,3,57
2021-06-15 11:34:04,S,649.75,5,203
2021-06-15 11:34:04,S,649.8,1,47
2021-06-15 11:34:04,S,650.0,3,773
2021-06-15 11:34:04,S,650.05,2,32
2021-06-15 11:34:04,S,649.0,4,223
2021-06-15 11:34:04,S,648.95,3,44
2021-06-15 11:34:04,S,648.9,1,47
2021-06-15 11:34:04,S,648.8,1,14
2021-06-15 11:34:04,S,648.7,1,7
2021-06-15 11:34:10,S,649.95,4,189
2021-06-15 11:34:10,S,650.0,3,795
2021-06-15 11:34:10,S,650.2,1,7
2021-06-15 11:34:10,S,650.25,1,14
2021-06-15 11:34:10,S,649.25,1,16
2021-06-15 11:34:10,S,649.2,1,7
2021-06-15 11:34:10,S,649.1,2,65
2021-06-15 11:34:10,S,649.05,1,30
2021-06-15 11:34:12,S,649.75,2,22
2021-06-15 11:34:12,S,649.95,4,190
2021-06-15 11:34:14,S,649.65,2,32
2021-06-15 11:34:14,S,649.75,3,36
2021-06-15 11:34:14,S,649.8,1,46
2021-06-15 11:34:14,S,649.9,1,14
2021-06-15 11:34:14,S,649.05,3,63
2021-06-15 11:34:14,S,648.95,2,29
2021-06-15 11:34:14,S,648.9,2,56
2021-06-15 11:34:16,S,649.0,2,38
2021-06-15 11:34:21,S,649.5,2,15
2021-06-15 11:34:21,S,649.55,1,45
2021-06-15 11:34:27,S,649.05,2,53
2021-06-15 11:34:27,S,648.9,1,10
2021-06-15 11:34:40,S,649.65,2,40
2021-06-15 11:34:40,S,649.7,3,200
2021-06-15 11:34:40,S,649.75,2,214
2021-06-15 11:34:40,S,649.05,1,28
2021-06-15 11:34:40,S,649.0,3,138
2021-06-15 11:34:40,S,648.65,1,14
2021-06-15 11:34:43,S,649.55,1,8
2021-06-15 11:34:43,S,649.65,3,42
2021-06-15 11:34:49,S,649.7,4,211
2021-06-15 11:34:49,S,649.1,1,8
2021-06-15 11:34:49,S,649.05,2,45
2021-06-15 11:34:49,S,648.8,2,22
2021-06-15 11:34:49,S,648.75,3,88
2021-06-15 11:34:51,S,649.65,3,49
2021-06-15 11:34:55,S,649.55,2,15
2021-06-15 11:34:55,S,649.6,2,22
2021-06-15 11:34:55,S,649.65,2,39
2021-06-15 11:34:55,S,649.7,3,196
2021-06-15 11:34:55,S,649.05,2,32
2021-06-15 11:34:55,S,649.0,3,135
2021-06-15 11:34:55,S,648.8,1,15
2021-06-15 11:34:55,S,648.75,1,30
2021-06-15 11:34:55,S,648.7,1,50
2021-06-15 11:35:13,S,649.65,2,33
2021-06-15 11:35:13,S,649.95,3,34
2021-06-15 11:35:13,S,649.55,1,185
2021-06-15 11:35:13,S,649.05,3,68
2021-06-15 11:35:15,S,649.1,1,15
2021-06-15 11:35:18,S,649.75,2,400
2021-06-15 11:35:28,S,649.6,1,8
2021-06-15 11:35:28,S,649.65,1,25
2021-06-15 11:35:28,S,649.7,2,150
2021-06-15 11:35:28,S,649.9,3,29
2021-06-15 11:35:28,S,649.25,1,15
2021-06-15 11:35:28,S,649.1,2,31
2021-06-15 11:35:28,S,649.05,2,54
2021-06-15 11:35:31,S,649.95,1,75
2021-06-15 11:35:31,S,650.2,2,14
2021-06-15 11:35:31,S,650.25,2,62
2021-06-15 11:35:31,S,650.35,2,118
2021-06-15 11:35:31,S,649.6,2,23
2021-06-15 11:35:31,S,649.45,1,10
2021-06-15 11:35:40,S,649.95,1,16
2021-06-15 11:35:40,S,649.45,2,18
2021-06-15 11:36:04,S,650.0,2,421
2021-06-15 11:36:04,S,650.05,2,14
2021-06-15 11:36:04,S,650.1,1,16
2021-06-15 11:36:04,S,649.55,1,85
2021-06-15 11:36:04,S,649.3,1,8
2021-06-15 11:36:04,S,649.25,1,50
2021-06-15 11:36:07,S,649.0,2,120
2021-06-15 11:36:18,S,649.45,1,75
2021-06-15 11:36:46,S,649.45,1,65
2021-06-15 11:36:55,S,649.5,1,405
2021-06-15 11:36:55,S,649.65,2,14
2021-06-15 11:36:55,S,649.7,1,75
2021-06-15 11:36:55,S,649.85,1,49
2021-06-15 11:36:55,S,649.3,1,14
2021-06-15 11:36:55,S,649.05,1,8
2021-06-15 11:36:55,S,649.0,3,195
2021-06-15 11:36:55,S,648.9,1,15
2021-06-15 11:36:55,S,649.75,1,200
2021-06-15 11:36:55,S,649.95,2,91
2021-06-15 11:36:55,S,649.5,1,150
2021-06-15 11:36:55,S,649.3,1,16
2021-06-15 11:36:55,S,649.2,1,15
2021-06-15 11:36:55,S,649.15,3,71
2021-06-15 11:37:03,S,650.3,2,123
2021-06-15 11:37:29,S,650.0,3,422
2021-06-15 11:37:29,S,650.05,2,23
2021-06-15 11:37:29,S,650.2,1,16
2021-06-15 11:37:29,S,650.25,1,75
2021-06-15 11:37:29,S,649.45,1,8
2021-06-15 11:37:29,S,649.4,1,10
2021-06-15 11:37:29,S,649.3,3,106
2021-06-15 11:37:29,S,649.25,1,88
2021-06-15 11:37:33,S,650.85,1,7
2021-06-15 11:37:33,S,650.9,1,75
2021-06-15 11:37:33,S,650.95,1,107
2021-06-15 11:37:33,S,651.15,2,6
2021-06-15 11:37:33,S,650.15,2,76
2021-06-15 11:37:42,S,650.95,4,173
2021-06-15 11:37:42,S,651.05,1,47
2021-06-15 11:37:55,S,650.9,2,54
2021-06-15 11:37:55,S,650.95,4,171
2021-06-15 11:37:55,S,651.0,6,259
2021-06-15 11:37:55,S,651.1,1,16
2021-06-15 11:37:55,S,650.15,1,46
2021-06-15 11:37:55,S,649.95,2,28
2021-06-15 11:37:58,S,650.9,1,29
2021-06-15 11:37:58,S,651.15,1,5
2021-06-15 11:37:58,S,650.15,2,56
2021-06-15 11:37:58,S,650.0,1,15
2021-06-15 11:38:01,S,650.85,2,41
2021-06-15 11:38:18,S,650.85,3,46
2021-06-15 11:38:18,S,651.05,1,16
2021-06-15 11:38:18,S,650.2,2,38
2021-06-15 11:38:18,S,649.85,2,17
2021-06-15 11:38:34,S,650.8,2,9
2021-06-15 11:38:39,S,650.8,3,14
2021-06-15 11:38:39,S,650.85,2,39
2021-06-15 11:38:39,S,651.0,5,250
2021-06-15 11:38:39,S,650.2,2,15
2021-06-15 11:38:45,S,650.75,2,41
2021-06-15 11:38:45,S,650.8,3,12
2021-06-15 11:38:45,S,650.9,2,45
2021-06-15 11:38:45,S,649.85,2,20
2021-06-15 11:39:01,S,650.9,3,52
2021-06-15 11:39:01,S,650.2,3,45
2021-06-15 11:39:01,S,650.15,1,10
2021-06-15 11:39:01,S,650.05,1,15
2021-06-15 11:39:05,S,650.8,1,3
2021-06-15 11:39:10,S,650.8,2,12
2021-06-15 11:39:10,S,650.9,1,7
2021-06-15 11:39:10,S,650.25,1,8
2021-06-15 11:39:10,S,650.2,2,37
2021-06-15 11:39:10,S,650.15,2,25
2021-06-15 11:39:10,S,650.1,1,7
2021-06-15 11:39:10,S,650.0,1,47
2021-06-15 11:39:10,S,651.0,6,251
2021-06-15 11:39:22,S,650.9,1,3
2021-06-15 11:39:22,S,651.15,2,21
2021-06-15 11:39:22,S,650.4,1,8
2021-06-15 11:39:22,S,650.25,1,15
2021-06-15 11:39:23,S,650.6,1,37
2021-06-15 11:39:23,S,650.65,2,10
2021-06-15 11:39:23,S,650.8,4,140
2021-06-15 11:39:23,S,649.85,5,137
2021-06-15 11:39:23,S,649.8,1,16
2021-06-15 11:39:23,S,649.7,1,10
2021-06-15 11:39:23,S,649.6,1,17
2021-06-15 11:39:32,S,650.7,1,7
2021-06-15 11:39:32,S,650.75,2,123
2021-06-15 11:39:32,S,650.8,5,143
2021-06-15 11:39:32,S,649.85,4,122
2021-06-15 11:39:33,S,650.8,3,133
2021-06-15 11:39:33,S,650.85,2,50
2021-06-15 11:39:33,S,650.9,1,4
2021-06-15 11:39:33,S,650.0,3,48
2021-06-15 11:39:33,S,649.8,2,65
2021-06-15 11:39:39,S,650.15,2,13
2021-06-15 11:39:39,S,650.0,3,55
2021-06-15 11:39:39,S,649.85,3,115
2021-06-15 11:39:44,S,650.0,2,40
2021-06-15 11:39:58,S,650.75,3,153
2021-06-15 11:39:58,S,650.8,5,144
2021-06-15 11:39:58,S,651.0,7,451
2021-06-15 11:40:08,S,650.7,2,41
2021-06-15 11:40:25,S,650.7,3,61
2021-06-15 11:40:39,S,650.7,4,77
2021-06-15 11:40:39,S,650.75,3,154
2021-06-15 11:40:45,S,650.7,5,81
2021-06-15 11:40:45,S,650.85,3,66
2021-06-15 11:40:45,S,650.95,2,35
2021-06-15 11:40:45,S,650.15,1,3
2021-06-15 11:40:45,S,650.0,3,50
2021-06-15 11:40:46,S,650.8,3,102
2021-06-15 11:40:46,S,649.7,2,60
2021-06-15 11:40:46,S,649.65,1,7
2021-06-15 11:40:57,S,650.6,2,12
2021-06-15 11:40:57,S,650.65,3,57
2021-06-15 11:40:57,S,650.7,3,74
2021-06-15 11:40:57,S,650.8,2,52
2021-06-15 11:40:57,S,649.85,1,15
2021-06-15 11:40:57,S,649.7,2,52
2021-06-15 11:41:03,S,650.95,3,155
2021-06-15 11:41:03,S,650.05,2,38
2021-06-15 11:41:04,S,650.0,2,20
2021-06-15 11:41:07,S,650.7,3,100
2021-06-15 11:41:14,S,650.7,2,55
2021-06-15 11:41:14,S,650.8,2,75
2021-06-15 11:41:14,S,650.85,2,21
2021-06-15 11:41:14,S,649.85,2,125
2021-06-15 11:41:16,S,650.95,4,185
2021-06-15 11:41:16,S,649.9,1,15
2021-06-15 11:41:19,S,650.05,2,17
2021-06-15 11:41:19,S,649.9,2,45
2021-06-15 11:41:43,S,650.65,2,8
2021-06-15 11:41:43,S,650.7,2,20
2021-06-15 11:41:43,S,650.75,1,75
2021-06-15 11:41:43,S,650.8,3,109
2021-06-15 11:41:43,S,650.05,1,10
2021-06-15 11:41:43,S,649.9,3,120
2021-06-15 11:41:46,S,650.7,1,15
2021-06-15 11:42:05,S,650.5,1,8
2021-06-15 11:42:05,S,650.65,2,14
2021-06-15 11:42:05,S,649.85,1,95
2021-06-15 11:42:27,S,650.5,2,15
2021-06-15 11:42:27,S,650.55,1,50
2021-06-15 11:42:27,S,650.7,2,65
2021-06-15 11:42:27,S,650.75,2,150
2021-06-15 11:42:27,S,650.05,1,7
2021-06-15 11:42:27,S,649.9,1,30
2021-06-15 11:42:50,S,650.6,1,8
2021-06-15 11:42:50,S,650.8,3,90
2021-06-15 11:42:50,S,650.0,1,10
2021-06-15 11:42:50,S,649.95,1,4
2021-06-15 11:42:50,S,649.75,1,15
2021-06-15 11:42:50,S,649.7,2,37
2021-06-15 11:42:54,S,650.45,2,15
2021-06-15 11:42:54,S,650.65,3,157
2021-06-15 11:42:54,S,650.7,3,112
2021-06-15 11:42:54,S,649.9,1,17
2021-06-15 11:42:54,S,649.85,1,18
2021-06-15 11:42:54,S,649.65,2,19
2021-06-15 11:42:54,S,649.6,3,91
2021-06-15 11:42:54,S,649.55,1,15
2021-06-15 11:42:55,S,649.5,2,145
2021-06-15 11:43:34,S,650.5,1,15
2021-06-15 11:43:34,S,649.55,5,188
2021-06-15 11:43:34,S,649.4,2,64
2021-06-15 11:43:42,S,650.0,1,190
2021-06-15 11:43:42,S,649.4,2,30
2021-06-15 11:43:42,S,649.3,2,53
2021-06-15 11:43:47,S,650.3,1,8
2021-06-15 11:43:47,S,650.35,1,45
2021-06-15 11:43:47,S,650.45,1,7
2021-06-15 11:43:47,S,649.55,2,27
2021-06-15 11:43:47,S,649.45,3,32
2021-06-15 11:43:47,S,649.3,2,121
2021-06-15 11:43:54,S,650.0,1,142
2021-06-15 11:43:54,S,649.35,2,22
2021-06-15 11:44:21,S,650.0,2,162
2021-06-15 11:44:37,S,650.0,2,158
2021-06-15 11:44:37,S,649.45,2,17
2021-06-15 11:45:03,S,650.0,2,153
2021-06-15 11:45:05,S,650.0,2,148
2021-06-15 11:45:05,S,650.05,1,29
2021-06-15 11:45:05,S,649.4,2,13
2021-06-15 11:45:05,S,649.3,1,7
2021-06-15 11:45:11,S,649.95,2,79
2021-06-15 11:45:11,S,650.0,1,98
2021-06-15 11:45:11,S,650.1,1,8
2021-06-15 11:45:11,S,649.4,1,6
2021-06-15 11:45:11,S,649.35,1,15
2021-06-15 11:45:11,S,649.3,2,14
2021-06-15 11:45:12,S,650.15,1,8
2021-06-15 11:45:12,S,650.2,1,13
2021-06-15 11:45:12,S,649.3,1,75
2021-06-15 11:45:20,S,650.0,1,76
2021-06-15 11:45:28,S,650.0,1,69
2021-06-15 11:45:28,S,650.25,1,7
2021-06-15 11:45:28,S,649.45,2,22
2021-06-15 11:45:28,S,649.25,2,138
2021-06-15 11:45:43,S,650.0,2,79
2021-06-15 11:45:43,S,650.2,1,8
2021-06-15 11:45:43,S,650.25,2,20
2021-06-15 11:45:43,S,650.3,1,30
2021-06-15 11:45:43,S,649.5,2,106
2021-06-15 11:45:43,S,649.45,1,7
2021-06-15 11:45:43,S,649.4,1,15
2021-06-15 11:45:43,S,649.35,1,7
2021-06-15 11:45:43,S,649.3,2,150
2021-06-15 11:45:45,S,650.25,1,13
2021-06-15 11:45:45,S,650.3,1,9
2021-06-15 11:45:45,S,650.4,1,13
2021-06-15 11:45:45,S,650.55,1,8
2021-06-15 11:45:45,S,649.65,2,52
2021-06-15 11:45:48,S,650.65,3,20
2021-06-15 11:45:48,S,650.7,1,49
2021-06-15 11:45:48,S,650.85,3,15
2021-06-15 11:45:48,S,649.85,2,22
2021-06-15 11:45:48,S,649.65,1,46
2021-06-15 11:46:01,S,650.85,2,10
2021-06-15 11:46:01,S,650.0,3,34
2021-06-15 11:46:13,S,649.95,1,9
2021-06-15 11:46:13,S,649.9,2,22
2021-06-15 11:46:13,S,649.75,1,7
2021-06-15 11:46:40,S,650.0,2,27
2021-06-15 11:46:40,S,649.85,3,35
2021-06-15 11:46:40,S,649.65,2,55
2021-06-15 11:46:48,S,650.6,1,9
2021-06-15 11:46:48,S,650.75,3,158
2021-06-15 11:46:48,S,650.8,2,93
2021-06-15 11:46:48,S,649.85,2,28
2021-06-15 11:46:48,S,649.7,2,20
2021-06-15 11:46:50,S,650.75,5,172
2021-06-15 11:46:50,S,650.85,3,17
2021-06-15 11:46:50,S,650.9,2,53
2021-06-15 11:46:50,S,650.95,2,93
2021-06-15 11:47:12,S,650.75,4,167
2021-06-15 11:47:17,S,650.75,4,162
2021-06-15 11:47:17,S,650.8,1,45
2021-06-15 11:47:17,S,650.85,2,12
2021-06-15 11:47:17,S,650.95,1,5
2021-06-15 11:47:17,S,650.55,1,13
2021-06-15 11:47:17,S,650.05,4,68
2021-06-15 11:47:17,S,650.0,2,66
2021-06-15 11:47:17,S,649.9,1,7
2021-06-15 11:47:19,S,650.75,1,2
2021-06-15 11:47:19,S,650.8,2,18
2021-06-15 11:47:19,S,650.85,2,8
2021-06-15 11:47:19,S,650.9,1,1
2021-06-15 11:47:19,S,650.95,4,156
2021-06-15 11:47:19,S,650.1,3,61
2021-06-15 11:47:19,S,650.05,2,55
2021-06-15 11:47:19,S,650.0,2,30
2021-06-15 11:47:19,S,649.95,1,7
2021-06-15 11:47:24,S,650.75,2,23
2021-06-15 11:47:29,S,650.6,2,60
2021-06-15 11:47:29,S,650.05,2,46
2021-06-15 11:47:31,S,650.7,1,1
2021-06-15 11:47:31,S,650.75,3,26
2021-06-15 11:47:31,S,650.8,1,11
2021-06-15 11:47:31,S,649.75,2,53
2021-06-15 11:47:36,S,650.65,2,21
2021-06-15 11:47:36,S,650.05,2,36
2021-06-15 11:47:36,S,649.9,2,23
2021-06-15 11:47:36,S,649.85,1,13
2021-06-15 11:47:37,S,650.5,1,3
2021-06-15 11:47:37,S,650.6,3,66
2021-06-15 11:47:37,S,650.7,2,14
2021-06-15 11:47:37,S,650.75,1,6
2021-06-15 11:47:37,S,650.05,2,28
2021-06-15 11:47:37,S,650.0,1,21
2021-06-15 11:47:37,S,649.85,1,8
2021-06-15 11:47:37,S,649.8,1,15
2021-06-15 11:47:40,S,650.95,2,80
2021-06-15 11:47:40,S,650.05,3,43
2021-06-15 11:47:40,S,650.0,3,36
2021-06-15 11:47:40,S,649.9,3,157
2021-06-15 11:47:49,S,650.75,4,41
2021-06-15 11:47:49,S,650.8,4,70
2021-06-15 11:47:49,S,650.9,1,5
2021-06-15 11:47:49,S,650.05,4,53
2021-06-15 11:47:49,S,650.0,4,49
2021-06-15 11:47:49,S,649.95,2,17
2021-06-15 11:47:54,S,650.7,1,16
2021-06-15 11:47:54,S,650.75,3,40
2021-06-15 11:47:54,S,650.8,4,25
2021-06-15 11:47:54,S,650.85,1,5
2021-06-15 11:47:54,S,650.9,2,55
2021-06-15 11:47:54,S,650.05,5,61
2021-06-15 11:47:54,S,650.0,4,48
2021-06-15 11:47:54,S,649.95,1,10
2021-06-15 11:47:57,S,650.5,1,16
2021-06-15 11:47:57,S,650.65,1,45
2021-06-15 11:47:57,S,650.05,4,45
2021-06-15 11:47:57,S,649.85,2,102
2021-06-15 11:48:12,S,650.7,1,13
2021-06-15 11:48:12,S,650.75,1,1
2021-06-15 11:48:12,S,650.8,3,24
2021-06-15 11:48:12,S,650.1,2,16
2021-06-15 11:48:12,S,650.05,1,22
2021-06-15 11:48:12,S,650.0,3,41
2021-06-15 11:48:12,S,649.95,3,33
2021-06-15 11:48:12,S,649.9,2,150
2021-06-15 11:48:13,S,650.5,2,52
2021-06-15 11:48:13,S,650.55,4,85
2021-06-15 11:48:13,S,650.7,2,43
2021-06-15 11:48:13,S,650.8,2,17
2021-06-15 11:48:13,S,649.85,2,119
2021-06-15 11:48:13,S,649.8,2,21
2021-06-15 11:48:13,S,649.75,1,8
2021-06-15 11:48:13,S,649.7,1,7
2021-06-15 11:48:18,S,650.5,1,45
2021-06-15 11:48:18,S,650.6,2,21
2021-06-15 11:48:18,S,650.65,1,7
2021-06-15 11:48:21,S,649.9,5,195
2021-06-15 11:48:43,S,649.9,5,190
2021-06-15 11:48:43,S,649.75,1,13
2021-06-15 11:48:45,S,650.7,2,58
2021-06-15 11:49:20,S,650.5,1,6
2021-06-15 11:49:20,S,650.65,3,66
2021-06-15 11:49:20,S,649.9,5,180
2021-06-15 11:49:20,S,649.85,2,103
2021-06-15 11:49:20,S,649.8,1,7
2021-06-15 11:49:30,S,650.65,2,52
2021-06-15 11:49:30,S,649.9,4,173
2021-06-15 11:49:30,S,649.85,1,7
2021-06-15 11:49:30,S,649.7,1,14
2021-06-15 11:49:30,S,649.65,1,49
2021-06-15 11:49:33,S,650.45,2,46
2021-06-15 11:49:33,S,650.5,2,13
2021-06-15 11:49:33,S,650.55,2,34
2021-06-15 11:49:33,S,650.6,1,7
2021-06-15 11:49:33,S,650.7,3,88
2021-06-15 11:49:33,S,649.75,3,86
2021-06-15 11:49:33,S,649.7,2,22
2021-06-15 11:49:33,S,649.55,2,150
2021-06-15 11:49:35,S,650.4,1,45
2021-06-15 11:49:35,S,650.45,1,1
2021-06-15 11:49:35,S,650.5,4,34
2021-06-15 11:49:35,S,650.55,1,20
2021-06-15 11:49:35,S,649.75,3,56
2021-06-15 11:49:35,S,649.7,5,50
2021-06-15 11:49:35,S,649.65,1,45
2021-06-15 11:49:35,S,649.5,2,113
2021-06-15 11:51:56,S,650.4,1,12
2021-06-15 11:51:56,S,650.5,1,7
2021-06-15 11:51:56,S,650.55,2,57
2021-06-15 11:51:56,S,650.6,2,20
2021-06-15 11:51:56,S,649.85,5,135
2021-06-15 11:51:56,S,649.8,3,33
2021-06-15 11:51:56,S,649.6,1,7
2021-06-15 11:51:56,S,649.55,1,48
2021-06-15 11:51:58,S,650.6,2,54
2021-06-15 11:51:58,S,650.65,2,15
2021-06-15 11:51:58,S,650.7,3,62
2021-06-15 11:51:58,S,650.8,1,12
2021-06-15 11:51:58,S,649.85,2,36
2021-06-15 11:51:58,S,649.8,2,16
2021-06-15 11:52:00,S,650.5,2,23
2021-06-15 11:52:00,S,650.55,2,14
2021-06-15 11:52:00,S,650.65,3,158
2021-06-15 11:52:00,S,649.75,3,162
2021-06-15 11:52:00,S,649.65,1,9
2021-06-15 11:52:00,S,649.55,1,7
2021-06-15 11:52:00,S,649.5,1,100
2021-06-15 11:52:38,S,650.7,1,50
2021-06-15 11:52:19,S,650.5,3,32
2021-06-15 11:52:19,S,650.55,1,7
2021-06-15 11:52:19,S,650.65,2,150
2021-06-15 11:52:19,S,650.7,3,85
2021-06-15 11:52:19,S,649.75,1,120
2021-06-15 11:52:19,S,649.7,1,6
2021-06-15 11:52:19,S,649.65,2,16
2021-06-15 11:52:19,S,649.6,1,1
2021-06-15 11:52:19,S,649.5,2,130
2021-06-15 11:53:15,S,650.75,2,36
2021-06-15 11:53:15,S,650.9,2,57
2021-06-15 11:52:40,S,650.7,2,60
2021-06-15 11:52:40,S,650.75,1,30
2021-06-15 11:52:40,S,650.8,2,24
2021-06-15 11:52:40,S,650.85,2,17
2021-06-15 11:52:40,S,650.9,1,47
2021-06-15 11:52:40,S,650.05,3,89
2021-06-15 11:52:40,S,650.0,2,13
2021-06-15 11:52:40,S,649.95,2,24
2021-06-15 11:52:40,S,649.9,1,9
2021-06-15 11:52:40,S,649.85,1,102
2021-06-15 11:59:13,S,650.0,2,155
2021-06-15 11:59:13,S,650.05,2,20
2021-06-15 11:59:13,S,649.5,3,115
2021-06-15 11:59:13,S,649.45,2,25
2021-06-15 11:59:13,S,649.4,2,15
2021-06-15 11:59:13,S,649.35,1,12
2021-06-15 11:59:14,S,649.95,1,15
2021-06-15 11:59:14,S,650.0,4,172
2021-06-15 11:59:14,S,650.05,1,12
2021-06-15 11:59:14,S,650.1,2,17
2021-06-15 11:59:14,S,650.15,1,15
2021-06-15 11:59:14,S,649.5,3,65
2021-06-15 11:59:14,S,649.45,1,13
2021-06-15 11:59:14,S,649.4,1,7
2021-06-15 11:59:14,S,649.3,3,92
2021-06-15 12:03:35,S,650.0,3,213
2021-06-15 12:03:35,S,649.25,1,97
2021-06-15 12:03:40,S,649.95,2,52
2021-06-15 12:03:40,S,650.0,3,220
2021-06-15 12:03:40,S,650.05,1,8
2021-06-15 12:03:40,S,650.1,2,18
2021-06-15 12:03:40,S,650.15,1,7
2021-06-15 12:03:40,S,649.55,1,75
2021-06-15 12:03:40,S,649.5,4,110
2021-06-15 12:03:40,S,649.45,1,9
2021-06-15 12:03:40,S,649.35,1,8
2021-06-15 12:03:40,S,649.3,2,15
2021-06-15 12:06:24,S,648.5,2,60
2021-06-15 12:06:24,S,648.65,1,77
2021-06-15 12:06:24,S,648.75,1,7
2021-06-15 12:06:24,S,648.8,1,10
2021-06-15 12:06:24,S,648.85,1,8
2021-06-15 12:06:24,S,648.3,4,170
2021-06-15 12:06:24,S,648.2,2,11
2021-06-15 12:06:24,S,648.05,6,242
2021-06-15 12:06:24,S,648.0,15,524
2021-06-15 12:07:43,S,647.95,1,73
2021-06-15 12:07:43,S,648.0,1,150
2021-06-15 12:07:43,S,648.05,1,77
2021-06-15 12:07:43,S,648.15,1,30
2021-06-15 12:07:43,S,648.2,2,16
2021-06-15 12:07:43,S,647.5,2,10
2021-06-15 12:07:43,S,647.45,2,60
2021-06-15 12:07:43,S,647.4,1,7
2021-06-15 12:07:43,S,647.3,2,17
2021-06-15 12:07:45,S,648.55,3,23
2021-06-15 12:07:45,S,648.6,2,37
2021-06-15 12:07:45,S,647.95,1,27
2021-06-15 12:07:45,S,647.8,2,152
2021-06-15 12:07:47,S,647.95,2,78
2021-06-15 12:07:47,S,647.75,1,7
2021-06-15 12:07:50,S,648.65,2,57
2021-06-15 12:07:50,S,647.95,3,83
2021-06-15 12:07:50,S,647.7,1,100
2021-06-15 12:07:58,S,648.0,1,27
2021-06-15 12:07:58,S,647.95,2,56
2021-06-15 12:08:07,S,648.35,1,15
2021-06-15 12:08:07,S,648.55,4,30
2021-06-15 12:08:07,S,648.0,2,60
2021-06-15 12:08:16,S,648.35,1,20
2021-06-15 12:08:16,S,648.45,1,77
2021-06-15 12:08:16,S,648.5,1,30
2021-06-15 12:08:16,S,648.55,5,40
2021-06-15 12:08:16,S,648.6,1,30
2021-06-15 12:08:16,S,648.0,1,33
2021-06-15 12:08:16,S,647.95,1,5
2021-06-15 12:08:16,S,647.85,1,9
2021-06-15 12:08:16,S,647.8,1,36
2021-06-15 12:08:16,S,647.75,2,17
2021-06-15 12:49:42,S,648.85,1,43
2021-06-15 12:49:42,S,648.8,1,86
2021-06-15 12:49:47,S,648.9,2,37
2021-06-15 12:49:47,S,648.95,5,225
2021-06-15 12:49:47,S,649.1,1,7
2021-06-15 12:49:47,S,649.15,2,14
2021-06-15 12:49:47,S,648.85,2,129
2021-06-15 12:49:49,S,648.95,6,226
2021-06-15 12:49:49,S,649.1,2,12
2021-06-15 12:49:49,S,649.25,1,8
2021-06-15 12:49:49,S,648.85,1,51
2021-06-15 12:49:49,S,648.4,1,10
2021-06-15 12:49:49,S,648.35,1,48
2021-06-15 12:49:49,S,648.25,1,10
2021-06-15 12:49:50,S,648.9,4,27
2021-06-15 12:49:50,S,648.95,5,219
2021-06-15 12:49:50,S,649.0,2,2483
2021-06-15 12:49:50,S,649.3,2,54
2021-06-15 12:49:50,S,649.35,2,40
2021-06-15 12:49:50,S,648.2,2,59
2021-06-15 12:49:50,S,648.1,1,10
2021-06-15 12:49:54,S,648.0,9,650
2021-06-15 12:50:11,S,648.85,3,30
2021-06-15 12:50:11,S,648.9,2,13
2021-06-15 12:50:11,S,648.95,7,276
2021-06-15 12:50:11,S,649.0,3,3360
2021-06-15 12:50:11,S,649.05,1,10
2021-06-15 12:50:11,S,648.2,1,10
2021-06-15 12:50:11,S,648.1,2,55
2021-06-15 12:50:17,S,648.8,2,7
2021-06-15 12:50:17,S,648.85,1,7
2021-06-15 12:50:17,S,648.95,6,229
2021-06-15 12:51:21,S,648.8,2,5
2021-06-15 12:51:21,S,648.85,2,12
2021-06-15 12:51:21,S,648.95,5,224
2021-06-15 12:51:21,S,649.0,4,3408
2021-06-15 12:51:21,S,648.5,2,140
2021-06-15 12:51:21,S,647.9,1,7
2021-06-15 12:51:35,S,648.8,3,153
2021-06-15 12:51:35,S,648.0,10,690
2021-06-15 12:51:49,S,648.8,4,160
2021-06-15 12:51:49,S,648.85,3,1601
2021-06-15 12:51:54,S,648.8,5,165
2021-06-15 12:51:54,S,648.85,2,1596
2021-06-15 12:51:54,S,648.9,1,8
2021-06-15 12:51:54,S,648.95,3,74
2021-06-15 12:51:54,S,649.0,3,1819
2021-06-15 12:51:54,S,648.5,2,138
2021-06-15 12:51:54,S,648.1,1,45
2021-06-15 12:51:54,S,648.05,1,2
2021-06-15 12:51:54,S,648.0,9,689
2021-06-15 12:51:54,S,647.95,1,10
2021-06-15 13:58:45,S,645.0,1,10
2021-06-15 13:58:45,S,645.25,1,18
2021-06-15 13:58:45,S,645.35,1,8
2021-06-15 13:58:45,S,645.4,1,5
2021-06-15 13:58:45,S,644.5,3,59
2021-06-15 13:58:45,S,644.35,3,64
2021-06-15 13:59:06,S,644.45,1,45
2021-06-15 13:59:25,S,645.1,2,67
2021-06-15 13:59:25,S,645.35,1,7
2021-06-15 13:59:43,S,645.0,1,272
2021-06-15 13:59:43,S,645.2,1,46
2021-06-15 13:59:45,S,645.25,1,8
2021-06-15 13:59:57,S,645.2,1,43
2021-06-15 14:00:00,S,644.5,2,14
2021-06-15 14:00:17,S,645.05,1,43
2021-06-15 14:00:19,S,645.0,1,172
2021-06-15 14:00:30,S,645.0,2,215
2021-06-15 14:00:30,S,645.1,1,18
2021-06-15 14:00:30,S,645.25,2,26
2021-06-15 14:00:30,S,645.3,1,5
2021-06-15 14:00:30,S,645.35,2,54
2021-06-15 14:00:30,S,645.0,2,115
2021-06-15 14:00:30,S,645.35,3,59
2021-06-15 14:00:30,S,645.4,1,16
2021-06-15 14:00:30,S,644.55,3,38
2021-06-15 14:00:37,S,645.3,1,8
2021-06-15 14:00:37,S,644.55,2,31
2021-06-15 14:00:40,S,644.9,1,43
2021-06-15 14:00:44,S,644.85,1,43
2021-06-15 14:00:52,S,645.0,1,72
2021-06-15 14:00:52,S,645.25,1,16
2021-06-15 14:00:52,S,644.65,1,77
2021-06-15 14:00:52,S,644.55,2,8
2021-06-15 14:01:08,S,645.3,2,31
2021-06-15 14:01:26,S,645.25,2,24
2021-06-15 14:01:26,S,645.3,1,7
2021-06-15 14:01:26,S,645.35,1,5
2021-06-15 14:01:26,S,644.75,1,77
2021-06-15 14:01:38,S,645.4,3,166
2021-06-15 14:01:38,S,644.7,2,6
2021-06-15 14:01:40,S,644.95,1,6
2021-06-15 14:01:40,S,645.15,1,24
2021-06-15 14:01:43,S,644.95,2,49
2021-06-15 14:01:46,S,645.25,2,21
2021-06-15 14:01:47,S,644.95,2,40
2021-06-15 14:01:50,S,644.95,1,16
2021-06-15 14:02:00,S,645.2,2,15
2021-06-15 14:02:12,S,644.9,2,28
2021-06-15 14:02:12,S,645.1,2,24
2021-06-15 14:02:14,S,644.9,1,23
2021-06-15 14:02:17,S,644.85,2,78
2021-06-15 14:02:17,S,645.05,1,8
2021-06-15 14:02:17,S,644.6,1,54
2021-06-15 14:02:25,S,644.8,1,57
2021-06-15 14:02:28,S,644.75,1,52
2021-06-15 14:02:28,S,644.85,1,25
2021-06-15 14:02:28,S,644.9,2,37
2021-06-15 14:02:29,S,644.95,1,25
2021-06-15 14:02:29,S,645.05,2,15
2021-06-15 14:02:29,S,645.1,1,47
2021-06-15 14:02:36,S,644.85,1,47
2021-06-15 14:02:36,S,645.0,2,308
2021-06-15 14:02:39,S,644.95,3,49
2021-06-15 14:02:39,S,645.05,2,12
2021-06-15 14:02:39,S,644.35,2,52
2021-06-15 14:02:45,S,644.7,1,150
2021-06-15 14:02:45,S,644.25,2,82
2021-06-15 14:03:01,S,644.4,1,75
2021-06-15 14:03:04,S,644.8,1,49
2021-06-15 14:03:06,S,644.75,1,21
2021-06-15 14:03:06,S,644.55,2,10
2021-06-15 14:03:09,S,644.9,1,14
2021-06-15 14:03:11,S,644.6,1,9
2021-06-15 14:03:21,S,644.4,1,9
2021-06-15 14:03:24,S,644.7,1,130
2021-06-15 14:03:26,S,644.75,1,100
2021-06-15 14:03:28,S,644.9,3,304
2021-06-15 14:03:34,S,644.85,1,116
2021-06-15 14:03:34,S,644.8,1,10
2021-06-15 14:03:34,S,644.7,2,148
2021-06-15 14:03:44,S,644.85,1,112
2021-06-15 14:03:44,S,644.95,2,41
2021-06-15 14:03:44,S,644.8,2,140
2021-06-15 14:03:44,S,644.75,2,116
2021-06-15 14:03:44,S,644.65,1,25
2021-06-15 14:03:44,S,644.55,3,34
2021-06-15 14:03:45,S,644.8,2,12
2021-06-15 14:03:45,S,644.85,2,187
2021-06-15 14:03:48,S,644.8,2,101
2021-06-15 14:03:48,S,644.95,3,144
2021-06-15 14:03:48,S,644.65,2,18
2021-06-15 14:03:48,S,644.6,1,18
2021-06-15 14:03:48,S,644.55,2,27
2021-06-15 14:03:48,S,644.5,2,3
2021-06-15 14:03:52,S,644.8,4,111
2021-06-15 14:03:52,S,644.85,2,82
2021-06-15 14:03:52,S,644.95,4,152
2021-06-15 14:03:52,S,645.0,3,337
2021-06-15 14:03:52,S,644.55,3,39
2021-06-15 14:03:52,S,644.3,1,10
2021-06-15 14:03:52,S,644.2,3,34
2021-06-15 14:03:56,S,644.8,2,104
2021-06-15 14:03:57,S,644.65,1,73
2021-06-15 14:03:57,S,644.8,1,8
2021-06-15 14:03:57,S,644.55,1,1
2021-06-15 14:03:57,S,644.5,3,9
2021-06-15 14:03:59,S,644.6,1,63
2021-06-15 14:03:59,S,644.7,1,75
2021-06-15 14:03:59,S,644.9,2,214
2021-06-15 14:04:07,S,644.8,1,5
2021-06-15 14:04:07,S,644.9,3,221
2021-06-15 14:04:07,S,644.95,6,202
2021-06-15 14:04:09,S,644.2,2,24
2021-06-15 14:04:15,S,644.35,1,498
2021-06-15 14:04:15,S,644.5,1,5
2021-06-15 14:04:15,S,644.3,1,50
2021-06-15 14:04:21,S,644.5,2,121
2021-06-15 14:04:21,S,644.2,2,23
2021-06-15 14:04:24,S,644.2,2,18
2021-06-15 14:04:36,S,644.35,1,473
2021-06-15 14:04:36,S,644.5,1,116
2021-06-15 14:04:36,S,644.05,1,120
2021-06-15 14:04:38,S,644.6,2,15
2021-06-15 14:04:38,S,644.7,1,45
2021-06-15 14:04:38,S,644.0,11,568
2021-06-15 14:04:48,S,644.35,1,453
2021-06-15 14:04:51,S,644.2,3,28
2021-06-15 14:04:57,S,644.35,1,353
2021-06-15 14:04:57,S,644.6,3,22
2021-06-15 14:05:00,S,644.4,1,116
2021-06-15 14:05:00,S,644.2,4,78
2021-06-15 14:05:07,S,644.3,1,69
2021-06-15 14:05:07,S,644.2,1,29
2021-06-15 14:05:16,S,644.35,1,53
2021-06-15 14:05:16,S,644.2,1,24
2021-06-15 14:05:31,S,644.6,1,16
2021-06-15 14:05:31,S,644.15,2,125
2021-06-15 14:05:31,S,644.1,4,86
2021-06-15 14:05:31,S,644.05,2,130
2021-06-15 14:05:37,S,644.35,2,169
2021-06-15 14:05:37,S,644.05,2,91
2021-06-15 14:05:39,S,644.35,2,159
2021-06-15 14:05:39,S,643.8,4,38
2021-06-15 14:05:42,S,644.35,3,164
2021-06-15 14:05:42,S,644.45,1,75
2021-06-15 14:05:42,S,644.5,1,16
2021-06-15 14:05:42,S,644.6,2,24
2021-06-15 14:05:42,S,644.05,3,95
2021-06-15 14:05:42,S,644.0,10,468
2021-06-15 14:05:42,S,643.95,2,35
2021-06-15 14:05:42,S,643.85,1,75
2021-06-15 14:05:47,S,644.05,1,30
2021-06-15 14:05:47,S,644.35,4,257
2021-06-15 14:05:50,S,644.3,2,55
2021-06-15 14:05:50,S,644.35,2,136
2021-06-15 14:05:50,S,644.4,3,20
2021-06-15 14:05:50,S,643.8,3,30
2021-06-15 14:05:54,S,644.05,1,20
2021-06-15 14:05:54,S,644.2,2,21
2021-06-15 14:05:54,S,643.75,1,50
2021-06-15 14:05:55,S,644.25,2,15
2021-06-15 14:05:55,S,644.3,3,67
2021-06-15 14:05:55,S,643.55,3,155
2021-06-15 14:06:02,S,644.3,2,62
2021-06-15 14:06:02,S,643.75,1,30
2021-06-15 14:06:03,S,643.6,4,180
2021-06-15 14:06:11,S,643.8,1,16
2021-06-15 14:06:11,S,643.75,1,25
2021-06-15 14:06:11,S,643.65,4,161
2021-06-15 14:06:17,S,644.1,1,59
2021-06-15 14:06:22,S,643.75,2,35
2021-06-15 14:06:30,S,643.65,2,79
2021-06-15 14:06:34,S,644.05,1,38
2021-06-15 14:06:34,S,643.65,3,87
2021-06-15 14:06:34,S,643.6,4,137
2021-06-15 14:06:34,S,644.4,1,77
2021-06-15 14:06:34,S,644.5,1,8
2021-06-15 14:06:34,S,644.55,2,12
2021-06-15 14:06:34,S,644.6,3,69
2021-06-15 14:06:34,S,643.7,2,97
2021-06-15 14:06:39,S,644.3,2,91
2021-06-15 14:06:39,S,643.75,5,100
2021-06-15 14:06:46,S,644.25,2,129
2021-06-15 14:06:46,S,643.65,3,19
2021-06-15 14:06:47,S,644.25,1,77
2021-06-15 14:06:47,S,643.75,4,93
2021-06-15 14:06:47,S,643.65,4,117
2021-06-15 14:06:50,S,644.15,1,77
2021-06-15 14:06:50,S,644.25,1,47
2021-06-15 14:06:53,S,644.2,1,51
2021-06-15 14:06:53,S,644.25,2,85
2021-06-15 14:06:53,S,644.35,2,51
2021-06-15 14:06:53,S,644.4,1,14
2021-06-15 14:06:53,S,643.7,2,57
2021-06-15 14:06:53,S,643.65,4,162
2021-06-15 14:06:53,S,643.6,4,176
2021-06-15 14:06:59,S,643.9,1,25
2021-06-15 14:07:01,S,644.15,1,70
2021-06-15 14:07:13,S,644.3,1,14
2021-06-15 14:07:13,S,644.35,3,56
2021-06-15 14:07:13,S,643.65,3,154
2021-06-15 14:07:18,S,644.35,2,48
2021-06-15 14:07:38,S,643.9,1,10
2021-06-15 14:07:38,S,643.55,2,80
2021-06-15 14:07:40,S,644.3,3,29
2021-06-15 14:07:40,S,643.55,2,13
2021-06-15 14:07:44,S,644.1,1,77
2021-06-15 14:07:44,S,644.3,2,22
2021-06-15 14:07:44,S,644.35,4,143
2021-06-15 14:07:44,S,643.75,3,85
2021-06-15 14:07:48,S,643.95,3,91
2021-06-15 14:07:48,S,644.25,3,88
2021-06-15 14:07:48,S,644.3,2,89
2021-06-15 14:07:55,S,643.65,1,4
2021-06-15 14:07:55,S,643.6,3,130
2021-06-15 14:07:57,S,644.0,4,1672
2021-06-15 14:08:00,S,643.95,3,54
2021-06-15 14:08:00,S,644.0,3,1664
2021-06-15 14:08:00,S,644.1,2,59
2021-06-15 14:08:00,S,644.25,2,13
2021-06-15 14:08:00,S,644.3,3,97
2021-06-15 14:08:19,S,643.95,3,197
2021-06-15 14:08:25,S,643.95,4,201
2021-06-15 14:08:25,S,644.0,2,1614
2021-06-15 14:08:25,S,644.1,2,19
2021-06-15 14:08:25,S,643.95,4,151
2021-06-15 14:08:31,S,643.95,4,49
2021-06-15 14:08:37,S,643.95,5,165
2021-06-15 14:08:41,S,643.95,4,140
2021-06-15 14:08:41,S,644.05,1,14
2021-06-15 14:08:44,S,644.0,1,1600
2021-06-15 14:08:49,S,643.95,3,284
2021-06-15 14:08:52,S,643.9,2,123
2021-06-15 14:08:52,S,644.0,2,1649
2021-06-15 14:08:54,S,643.9,1,116
2021-06-15 14:08:56,S,644.0,1,49
2021-06-15 14:09:03,S,643.95,2,277
2021-06-15 14:09:03,S,643.65,1,50
2021-06-15 14:09:07,S,644.0,2,165
2021-06-15 14:09:07,S,644.1,2,42
2021-06-15 14:09:07,S,643.65,2,125
2021-06-15 14:09:07,S,643.6,3,124
2021-06-15 14:09:07,S,643.5,6,579
2021-06-15 14:09:12,S,643.6,1,116
2021-06-15 14:09:15,S,643.55,1,111
2021-06-15 14:09:15,S,643.65,1,1475
2021-06-15 14:09:15,S,643.85,3,27
2021-06-15 14:09:18,S,643.65,1,1469
2021-06-15 14:09:21,S,643.65,2,1585
2021-06-15 14:09:23,S,643.9,2,12
2021-06-15 14:09:23,S,643.05,3,53
2021-06-15 14:09:25,S,643.75,2,42
2021-06-15 14:09:25,S,643.85,2,22
2021-06-15 14:09:25,S,643.5,5,530
2021-06-15 14:09:25,S,643.3,2,11
2021-06-15 14:09:25,S,643.1,7,387
2021-06-15 14:09:54,S,643.65,2,1580
2021-06-15 14:09:56,S,643.65,2,1579
2021-06-15 14:09:56,S,643.5,6,1316
2021-06-15 14:10:04,S,643.65,2,1529
2021-06-15 14:10:13,S,643.65,2,1527
2021-06-15 14:10:14,S,643.5,3,1270
2021-06-15 14:10:22,S,643.65,2,1518
2021-06-15 14:10:22,S,643.85,1,14
2021-06-15 14:10:22,S,643.3,3,19
2021-06-15 14:10:24,S,643.65,2,1507
2021-06-15 14:10:24,S,643.9,2,82
2021-06-15 14:10:24,S,643.95,3,110
2021-06-15 14:10:37,S,643.65,1,1391
2021-06-15 14:10:37,S,643.95,2,105
2021-06-15 14:10:39,S,643.85,2,144
2021-06-15 14:10:45,S,644.0,3,157
2021-06-15 14:10:48,S,643.85,3,158
2021-06-15 14:10:51,S,644.0,2,149
2021-06-15 14:10:57,S,643.55,1,100
2021-06-15 14:11:05,S,643.65,1,691
2021-06-15 14:11:05,S,643.85,2,42
2021-06-15 14:11:05,S,643.95,2,111
2021-06-15 14:11:07,S,643.75,1,116
2021-06-15 14:11:07,S,643.85,1,28
2021-06-15 14:11:07,S,643.95,1,97
2021-06-15 14:11:07,S,643.55,1,99
2021-06-15 14:11:07,S,643.5,2,791
2021-06-15 14:11:07,S,643.35,1,250
2021-06-15 14:11:07,S,643.3,2,18
2021-06-15 14:11:09,S,643.0,7,704
2021-06-15 14:11:16,S,643.0,8,705
2021-06-15 14:11:18,S,643.6,2,150
2021-06-15 14:11:18,S,643.75,2,213
2021-06-15 14:11:21,S,643.6,3,266
2021-06-15 14:11:25,S,643.0,9,706
2021-06-15 14:11:31,S,643.6,4,314
2021-06-15 14:11:31,S,643.65,4,661
2021-06-15 14:11:31,S,643.7,2,22
2021-06-15 14:11:32,S,643.6,2,166
2021-06-15 14:11:32,S,643.65,3,653
2021-06-15 14:11:32,S,643.7,1,8
2021-06-15 14:11:32,S,643.75,3,149
2021-06-15 14:11:32,S,642.85,3,16
2021-06-15 14:11:32,S,642.75,3,83
2021-06-15 14:11:34,S,643.75,2,104
2021-06-15 14:11:34,S,643.0,12,733
2021-06-15 14:11:34,S,642.7,3,129
2021-06-15 14:11:41,S,643.7,2,13
2021-06-15 14:11:41,S,643.0,11,728
2021-06-15 14:11:44,S,643.6,2,77
2021-06-15 14:11:51,S,643.7,4,28
2021-06-15 14:11:51,S,643.0,10,721
2021-06-15 14:11:55,S,643.6,3,126
2021-06-15 14:11:55,S,643.65,3,764
2021-06-15 14:11:55,S,643.7,3,21
2021-06-15 14:11:55,S,643.75,1,14
2021-06-15 14:11:55,S,643.0,9,713
2021-06-15 14:11:55,S,642.9,1,5
2021-06-15 14:11:55,S,642.85,2,11
2021-06-15 14:11:55,S,642.75,2,8
2021-06-15 14:11:56,S,643.6,3,38
2021-06-15 14:11:58,S,643.6,2,33
2021-06-15 14:11:58,S,643.65,3,762
2021-06-15 14:11:58,S,642.75,2,9
2021-06-15 14:11:58,S,642.7,1,46
2021-06-15 14:12:02,S,643.6,3,149
2021-06-15 14:12:02,S,643.05,2,82
2021-06-15 14:12:03,S,643.6,2,142
2021-06-15 14:12:03,S,643.65,2,646
2021-06-15 14:12:03,S,643.75,3,22
2021-06-15 14:12:03,S,643.8,1,14
2021-06-15 14:12:03,S,642.8,1,7
2021-06-15 14:12:06,S,643.55,1,116
2021-06-15 14:12:06,S,643.65,3,654
2021-06-15 14:12:06,S,643.75,2,14
2021-06-15 14:12:06,S,643.0,9,192
2021-06-15 14:12:06,S,642.85,2,10
2021-06-15 14:12:12,S,643.15,1,250
2021-06-15 14:12:12,S,643.0,10,198
2021-06-15 14:12:22,S,643.5,1,116
2021-06-15 14:12:22,S,642.9,2,13
2021-06-15 14:12:24,S,643.6,2,34
2021-06-15 14:12:24,S,643.7,3,27
2021-06-15 14:12:24,S,643.15,1,200
2021-06-15 14:12:24,S,643.0,8,187
2021-06-15 14:12:37,S,643.0,9,193
2021-06-15 14:12:40,S,643.0,11,250
2021-06-15 14:12:43,S,643.5,1,114
2021-06-15 14:12:43,S,643.75,2,15
2021-06-15 14:12:45,S,643.5,1,89
2021-06-15 14:12:49,S,643.5,1,79
2021-06-15 14:12:49,S,643.0,12,265
2021-06-15 14:13:07,S,643.5,1,76
2021-06-15 14:13:07,S,643.7,2,19
2021-06-15 14:13:07,S,643.15,4,272
2021-06-15 14:13:07,S,643.0,13,266
2021-06-15 14:13:08,S,643.5,1,74
2021-06-15 14:13:10,S,643.85,1,45
2021-06-15 14:13:10,S,643.1,1,77
2021-06-15 14:13:10,S,643.05,4,66
2021-06-15 14:13:13,S,643.8,1,8
2021-06-15 14:13:13,S,643.1,2,84
2021-06-15 14:13:13,S,643.05,3,59
2021-06-15 14:13:15,S,642.95,2,54
2021-06-15 14:13:18,S,643.6,2,40
2021-06-15 14:13:18,S,643.7,2,130
2021-06-15 14:13:18,S,643.1,3,92
2021-06-15 14:13:18,S,643.0,12,259
2021-06-15 14:13:20,S,643.65,1,641
2021-06-15 14:13:20,S,643.7,1,116
2021-06-15 14:13:25,S,643.8,2,19
2021-06-15 14:13:25,S,643.9,2,89
2021-06-15 14:13:25,S,643.1,4,99
2021-06-15 14:13:25,S,643.0,13,759
2021-06-15 14:13:25,S,642.95,1,5
2021-06-15 14:13:31,S,643.6,1,26
2021-06-15 14:13:33,S,643.65,2,757
2021-06-15 14:13:37,S,643.5,1,200
2021-06-15 14:13:40,S,643.5,2,220
2021-06-15 14:13:45,S,643.6,1,16
2021-06-15 14:13:45,S,643.65,3,807
2021-06-15 14:13:45,S,643.15,4,295
2021-06-15 14:13:47,S,643.95,3,205
2021-06-15 14:13:47,S,644.05,1,5
2021-06-15 14:13:47,S,644.1,1,20
2021-06-15 14:13:50,S,644.0,3,136
2021-06-15 14:13:57,S,643.5,3,235
2021-06-15 14:14:16,S,643.7,1,14
2021-06-15 14:14:16,S,643.8,2,130
2021-06-15 14:14:22,S,643.65,2,691
2021-06-15 14:14:24,S,643.65,2,678
2021-06-15 14:14:26,S,643.9,1,14
2021-06-15 14:14:26,S,643.95,4,210
2021-06-15 14:14:26,S,643.5,4,310
2021-06-15 14:14:31,S,643.65,2,651
2021-06-15 14:14:31,S,643.9,2,22
2021-06-15 14:14:31,S,643.95,3,202
2021-06-15 14:14:31,S,644.0,4,137
2021-06-15 14:14:31,S,643.4,1,77
2021-06-15 14:14:31,S,643.35,2,14
2021-06-15 14:14:37,S,643.8,1,116
2021-06-15 14:14:37,S,643.5,7,419
2021-06-15 14:14:37,S,643.45,2,14
2021-06-15 14:14:37,S,643.2,5,183
2021-06-15 14:14:37,S,643.15,3,265
2021-06-15 14:14:55,S,644.25,1,8
2021-06-15 14:14:55,S,643.6,4,135
2021-06-15 14:14:57,S,644.35,1,43
2021-06-15 14:14:57,S,643.6,3,85
2021-06-15 14:14:57,S,643.55,2,84
2021-06-15 14:14:57,S,643.3,1,6
2021-06-15 14:14:59,S,643.65,2,84
2021-06-15 14:14:59,S,643.55,1,75
2021-06-15 14:15:03,S,643.9,1,30
2021-06-15 14:15:03,S,643.5,6,322
2021-06-15 14:15:03,S,643.4,3,22
2021-06-15 14:15:09,S,643.5,5,312
2021-06-15 14:15:27,S,643.95,2,197
2021-06-15 14:15:27,S,643.6,2,78
2021-06-15 14:15:39,S,643.9,1,20
2021-06-15 14:15:39,S,644.2,2,22
2021-06-15 14:15:39,S,643.7,1,100
2021-06-15 14:15:46,S,643.65,2,35
2021-06-15 14:15:49,S,643.9,1,19
2021-06-15 14:15:49,S,644.15,2,15
2021-06-15 14:16:06,S,643.8,1,2
2021-06-15 14:16:09,S,643.55,2,14
2021-06-15 14:16:32,S,643.85,1,2
2021-06-15 14:16:32,S,643.65,1,28
2021-06-15 14:16:32,S,643.6,3,88
2021-06-15 14:16:32,S,643.5,4,220
2021-06-15 14:16:34,S,643.9,1,9
2021-06-15 14:16:34,S,644.15,2,13
2021-06-15 14:16:34,S,643.6,3,142
2021-06-15 14:16:34,S,643.55,3,89
2021-06-15 14:16:34,S,643.35,2,55
2021-06-15 14:16:34,S,643.2,3,131
2021-06-15 14:16:36,S,644.1,1,14
2021-06-15 14:16:36,S,644.2,1,14
2021-06-15 14:16:36,S,643.9,1,200
2021-06-15 14:16:36,S,643.65,3,94
2021-06-15 14:16:36,S,643.55,2,85
2021-06-15 14:16:36,S,643.5,3,210
2021-06-15 14:16:42,S,643.6,3,52
2021-06-15 14:16:44,S,643.95,2,187
2021-06-15 14:16:46,S,643.95,3,196
2021-06-15 14:16:46,S,643.75,1,77
2021-06-15 14:16:49,S,643.95,3,186
2021-06-15 14:16:49,S,644.0,3,121
2021-06-15 14:16:49,S,644.3,2,13
2021-06-15 14:16:49,S,644.35,2,115
2021-06-15 14:16:49,S,644.4,2,39
2021-06-15 14:16:49,S,643.75,2,84
2021-06-15 14:16:49,S,643.6,2,45
2021-06-15 14:16:50,S,644.55,1,8
2021-06-15 14:16:50,S,644.65,1,8
2021-06-15 14:16:50,S,643.9,4,239
2021-06-15 14:16:50,S,643.85,1,77
2021-06-15 14:16:50,S,643.6,1,15
2021-06-15 14:16:52,S,644.0,3,114
2021-06-15 14:16:52,S,643.95,2,84
2021-06-15 14:16:52,S,643.7,1,50
2021-06-15 14:16:57,S,644.0,3,109
2021-06-15 14:16:57,S,644.3,1,17
2021-06-15 14:16:57,S,644.4,2,43
2021-06-15 14:16:57,S,644.45,2,13
2021-06-15 14:16:57,S,644.5,1,46
2021-06-15 14:16:57,S,643.95,3,86
2021-06-15 14:16:57,S,643.9,2,225
2021-06-15 14:16:57,S,643.65,2,15
2021-06-15 14:16:57,S,643.6,2,63
2021-06-15 14:17:00,S,644.0,2,37
2021-06-15 14:17:05,S,644.0,3,46
2021-06-15 14:17:05,S,643.95,2,79
2021-06-15 14:17:17,S,644.4,1,25
2021-06-15 14:17:17,S,644.65,2,67
2021-06-15 14:17:17,S,644.75,1,25
2021-06-15 14:17:17,S,644.05,3,157
2021-06-15 14:17:19,S,644.65,3,75
2021-06-15 14:17:19,S,644.7,1,5
2021-06-15 14:17:19,S,644.05,2,87
2021-06-15 14:17:19,S,644.0,2,16
2021-06-15 14:17:19,S,643.9,3,300
2021-06-15 14:17:19,S,643.65,1,10
2021-06-15 14:17:22,S,644.35,2,121
2021-06-15 14:17:22,S,644.4,3,57
2021-06-15 14:17:22,S,644.55,1,18
2021-06-15 14:17:22,S,644.0,2,33
2021-06-15 14:17:30,S,644.0,4,140
2021-06-15 14:17:38,S,644.35,1,73
2021-06-15 14:17:38,S,644.0,2,70
2021-06-15 14:17:45,S,644.55,3,75
2021-06-15 14:17:47,S,643.9,2,295
2021-06-15 14:17:55,S,644.35,1,62
2021-06-15 14:17:55,S,644.45,1,8
2021-06-15 14:18:00,S,644.35,1,52
2021-06-15 14:18:00,S,644.55,2,68
2021-06-15 14:18:00,S,644.6,2,13
2021-06-15 14:18:00,S,644.0,3,47
2021-06-15 14:18:00,S,643.9,1,195
2021-06-15 14:18:00,S,643.85,1,10
2021-06-15 14:18:06,S,644.0,2,56
2021-06-15 14:18:06,S,643.25,2,37
2021-06-15 14:18:06,S,643.2,2,125
2021-06-15 14:18:06,S,643.15,4,282
2021-06-15 14:18:06,S,643.05,2,107
2021-06-15 14:18:06,S,643.0,15,745
2021-06-15 14:18:15,S,644.2,2,40
2021-06-15 14:18:15,S,643.55,2,15
2021-06-15 14:18:15,S,643.4,2,13
2021-06-15 14:18:15,S,643.25,2,38
2021-06-15 14:18:28,S,644.15,1,5
2021-06-15 14:18:28,S,644.2,3,45
2021-06-15 14:18:28,S,644.25,2,40
2021-06-15 14:18:28,S,644.3,2,150
2021-06-15 14:18:28,S,644.35,1,108
2021-06-15 14:18:28,S,643.45,2,39
2021-06-15 14:18:28,S,643.4,5,77
2021-06-15 14:18:28,S,643.35,1,9
2021-06-15 14:18:33,S,644.1,2,130
2021-06-15 14:18:40,S,644.1,2,128
2021-06-15 14:18:45,S,644.7,1,8
2021-06-15 14:18:45,S,643.9,2,14
2021-06-15 14:18:49,S,644.45,1,17
2021-06-15 14:18:49,S,644.55,2,39
2021-06-15 14:18:49,S,644.6,3,67
2021-06-15 14:18:49,S,644.1,2,110
2021-06-15 14:18:49,S,643.8,2,13
2021-06-15 14:18:49,S,643.6,1,9
2021-06-15 14:19:07,S,644.1,3,210
2021-06-15 14:19:09,S,644.1,3,200
2021-06-15 14:19:24,S,644.4,2,50
2021-06-15 14:19:33,S,644.4,2,38
2021-06-15 14:19:33,S,644.55,1,32
2021-06-15 14:19:33,S,644.65,2,22
2021-06-15 14:19:33,S,644.7,1,49
2021-06-15 14:19:33,S,644.15,2,130
2021-06-15 14:19:33,S,643.8,1,5
2021-06-15 14:19:34,S,644.4,2,60
2021-06-15 14:19:34,S,644.05,2,13
2021-06-15 14:19:37,S,644.6,2,39
2021-06-15 14:19:37,S,644.8,2,30
2021-06-15 14:19:37,S,644.85,2,15
2021-06-15 14:19:37,S,644.4,3,65
2021-06-15 14:19:37,S,644.1,1,70
2021-06-15 14:19:37,S,644.05,3,18
2021-06-15 14:19:37,S,643.75,2,57
2021-06-15 14:19:40,S,644.4,4,115
2021-06-15 14:19:43,S,644.4,4,98
2021-06-15 14:19:45,S,644.0,1,50
2021-06-15 14:19:51,S,644.6,1,2
2021-06-15 14:19:51,S,644.65,1,17
2021-06-15 14:19:51,S,644.75,1,32
2021-06-15 14:19:51,S,644.4,3,93
2021-06-15 14:19:51,S,644.1,3,126
2021-06-15 14:19:51,S,644.05,3,19
2021-06-15 14:19:51,S,644.0,2,77
2021-06-15 14:19:52,S,643.5,1,7
2021-06-15 14:19:54,S,644.4,2,14
2021-06-15 14:19:54,S,644.45,2,56
2021-06-15 14:19:54,S,644.5,1,32
2021-06-15 14:19:54,S,644.55,2,13
2021-06-15 14:19:54,S,644.6,2,53
2021-06-15 14:19:54,S,644.0,2,57
2021-06-15 14:19:54,S,643.8,1,30
2021-06-15 14:19:54,S,643.75,1,9
2021-06-15 14:19:54,S,643.6,2,54
2021-06-15 14:19:57,S,644.4,4,19
2021-06-15 14:19:57,S,644.8,1,25
2021-06-15 14:19:57,S,643.5,2,106
2021-06-15 14:20:08,S,644.4,6,41
2021-06-15 14:20:08,S,644.45,2,83
2021-06-15 14:20:08,S,644.5,1,992
2021-06-15 14:20:08,S,644.75,3,43
2021-06-15 14:20:08,S,643.7,2,38
2021-06-15 14:20:08,S,643.65,2,13
2021-06-15 14:20:08,S,643.6,1,4
2021-06-15 14:20:13,S,643.75,1,16
2021-06-15 14:20:13,S,643.55,5,98
2021-06-15 14:20:13,S,643.5,1,99
2021-06-15 14:20:27,S,643.75,1,10
2021-06-15 14:20:27,S,643.55,3,87
2021-06-15 14:20:33,S,644.4,2,24
2021-06-15 14:20:33,S,643.75,2,110
2021-06-15 14:20:34,S,644.25,1,1
2021-06-15 14:20:34,S,643.8,1,75
2021-06-15 14:20:34,S,643.75,2,107
2021-06-15 14:20:34,S,643.6,1,45
2021-06-15 14:20:34,S,643.55,4,91
2021-06-15 14:20:37,S,644.35,3,27
2021-06-15 14:20:42,S,644.0,1,94
2021-06-15 14:20:42,S,644.2,1,18
2021-06-15 14:20:42,S,644.35,4,119
2021-06-15 14:20:46,S,644.0,1,88
2021-06-15 14:20:46,S,644.35,3,101
2021-06-15 14:20:46,S,643.75,3,129
2021-06-15 14:20:46,S,643.7,1,30
2021-06-15 14:20:46,S,643.5,3,153
2021-06-15 14:20:48,S,644.0,1,66
2021-06-15 14:20:48,S,644.15,2,19
2021-06-15 14:20:48,S,644.3,1,18
2021-06-15 14:20:48,S,643.8,2,82
2021-06-15 14:20:48,S,643.55,3,86
2021-06-15 14:20:48,S,643.5,4,183
2021-06-15 14:20:48,S,643.45,1,9
2021-06-15 14:20:59,S,644.0,1,52
2021-06-15 14:20:59,S,643.8,3,112
2021-06-15 14:21:01,S,644.0,1,39
2021-06-15 14:21:01,S,643.8,2,37
2021-06-15 14:21:01,S,643.75,1,100
2021-06-15 14:21:01,S,643.55,2,9
2021-06-15 14:21:01,S,643.5,2,148
2021-06-15 14:21:02,S,644.0,4,74
2021-06-15 14:21:02,S,644.1,1,8
2021-06-15 14:21:02,S,643.2,2,52
2021-06-15 14:21:02,S,643.15,2,225
2021-06-15 14:21:06,S,644.0,3,70
2021-06-15 14:21:06,S,644.05,2,14
2021-06-15 14:21:06,S,644.1,2,13
2021-06-15 14:21:06,S,644.15,3,32
2021-06-15 14:21:06,S,643.2,3,127
2021-06-15 14:21:06,S,643.95,3,72
2021-06-15 14:21:06,S,644.0,1,100
2021-06-15 14:21:06,S,643.3,2,12
2021-06-15 14:21:06,S,643.2,4,65
2021-06-15 14:21:06,S,643.1,1,20
2021-06-15 14:21:11,S,643.95,2,68
2021-06-15 14:21:11,S,644.0,2,104
2021-06-15 14:21:11,S,643.2,5,140
2021-06-15 14:21:11,S,643.15,3,275
2021-06-15 14:21:15,S,643.0,15,761
2021-06-15 14:21:18,S,643.85,3,84
2021-06-15 14:21:18,S,643.95,1,4
2021-06-15 14:21:18,S,644.0,2,23
2021-06-15 14:21:18,S,643.2,2,23
2021-06-15 14:21:18,S,643.05,3,131
2021-06-15 14:21:18,S,643.0,16,771
2021-06-15 14:21:18,S,642.9,1,8
2021-06-15 14:21:24,S,644.0,2,24
2021-06-15 14:21:26,S,644.0,3,32
2021-06-15 14:21:26,S,644.15,3,74
2021-06-15 14:21:26,S,644.2,2,16
2021-06-15 14:21:26,S,643.25,1,49
2021-06-15 14:21:26,S,643.15,1,8
2021-06-15 14:21:26,S,643.05,2,83
2021-06-15 14:21:29,S,643.1,1,16
2021-06-15 14:21:35,S,643.9,6,225
2021-06-15 14:21:35,S,644.0,2,15
2021-06-15 14:21:35,S,643.1,1,15
2021-06-15 14:21:35,S,643.05,3,86
2021-06-15 14:21:35,S,642.85,3,21
2021-06-15 14:21:48,S,643.9,5,200
2021-06-15 14:21:48,S,643.1,2,17
2021-06-15 14:21:48,S,643.05,2,56
2021-06-15 14:21:48,S,642.85,4,51
2021-06-15 14:22:01,S,643.9,3,162
2021-06-15 14:22:01,S,643.25,2,16
2021-06-15 14:22:01,S,643.1,3,58
2021-06-15 14:22:04,S,643.15,2,23
2021-06-15 14:22:07,S,643.0,18,879
2021-06-15 14:22:19,S,643.85,3,72
2021-06-15 14:22:19,S,644.0,2,14
2021-06-15 14:22:19,S,643.15,3,31
2021-06-15 14:22:24,S,643.85,2,69
2021-06-15 14:22:24,S,643.9,4,155
2021-06-15 14:22:34,S,643.0,18,899
2021-06-15 14:22:36,S,643.85,2,59
2021-06-15 14:22:36,S,643.9,3,147
2021-06-15 14:22:36,S,643.15,3,28
2021-06-15 14:22:36,S,643.1,1,48
2021-06-15 14:22:36,S,643.0,19,909
2021-06-15 14:22:36,S,642.95,1,8
2021-06-15 14:22:40,S,643.3,2,57
2021-06-15 14:22:45,S,643.9,1,75
2021-06-15 14:22:56,S,643.9,1,64
2021-06-15 14:22:56,S,644.1,1,30
2021-06-15 14:22:56,S,643.4,2,8
2021-06-15 14:22:56,S,643.35,1,8
2021-06-15 14:22:56,S,643.2,2,10
2021-06-15 14:22:56,S,643.15,2,38
2021-06-15 14:23:13,S,643.9,3,98
2021-06-15 14:23:13,S,644.0,1,8
2021-06-15 14:23:13,S,643.1,1,50
2021-06-15 14:23:18,S,643.1,2,55
2021-06-15 14:23:21,S,643.95,2,157
2021-06-15 14:23:21,S,643.25,1,16
2021-06-15 14:23:31,S,643.9,4,157
2021-06-15 14:23:31,S,644.0,3,45
2021-06-15 14:23:31,S,643.25,2,24
2021-06-15 14:23:31,S,643.1,2,58
2021-06-15 14:23:32,S,644.05,3,74
2021-06-15 14:23:32,S,644.15,1,8
2021-06-15 14:23:32,S,643.25,3,31
2021-06-15 14:23:32,S,643.1,3,60
2021-06-15 14:23:32,S,643.05,1,8
2021-06-15 14:23:32,S,643.0,13,832
2021-06-15 14:23:46,S,643.35,1,16
2021-06-15 14:23:46,S,643.3,2,56
2021-06-15 14:23:46,S,643.25,1,8
2021-06-15 14:24:06,S,643.9,2,150
2021-06-15 14:24:06,S,643.35,1,6
2021-06-15 14:24:11,S,643.9,3,152
2021-06-15 14:24:18,S,643.3,1,25
2021-06-15 14:24:18,S,643.1,1,8
2021-06-15 14:24:18,S,643.05,1,2
2021-06-15 14:24:59,S,643.3,2,33
2021-06-15 14:25:01,S,643.85,2,32
2021-06-15 14:25:01,S,643.1,2,16
2021-06-15 14:25:01,S,643.05,2,9
2021-06-15 14:25:01,S,643.0,12,760
2021-06-15 14:25:05,S,643.9,2,147
2021-06-15 14:25:05,S,643.35,2,46
2021-06-15 14:25:08,S,643.9,3,149
2021-06-15 14:25:08,S,643.95,3,163
2021-06-15 14:25:08,S,644.15,1,47
2021-06-15 14:25:08,S,643.1,1,49
2021-06-15 14:25:15,S,643.95,2,155
2021-06-15 14:25:15,S,644.05,2,28
2021-06-15 14:25:15,S,643.35,2,41
2021-06-15 14:25:15,S,643.15,1,2
2021-06-15 14:25:18,S,643.95,2,152
2021-06-15 14:25:21,S,643.9,1,47
2021-06-15 14:25:21,S,644.05,3,78
2021-06-15 14:25:21,S,643.35,2,13
2021-06-15 14:25:21,S,643.05,1,75
2021-06-15 14:25:24,S,643.4,1,5
2021-06-15 14:25:41,S,643.45,1,6
2021-06-15 14:25:45,S,643.95,3,160
2021-06-15 14:25:45,S,644.0,1,5
2021-06-15 14:25:51,S,643.45,1,1
2021-06-15 14:26:00,S,643.95,2,158
2021-06-15 14:26:00,S,643.45,3,4
2021-06-15 14:26:00,S,643.4,2,15
2021-06-15 14:26:04,S,643.9,2,39
2021-06-15 14:26:04,S,644.15,1,45
2021-06-15 14:26:04,S,643.4,2,14
2021-06-15 14:26:04,S,643.35,2,32
2021-06-15 14:26:04,S,643.3,1,47
2021-06-15 14:26:04,S,643.1,1,2
2021-06-15 14:26:21,S,643.9,2,38
2021-06-15 14:26:21,S,643.95,1,150
2021-06-15 14:26:21,S,643.3,2,122
2021-06-15 14:26:21,S,643.2,3,63
2021-06-15 14:26:33,S,643.95,1,88
2021-06-15 14:26:33,S,644.3,2,93
2021-06-15 14:26:34,S,644.35,1,88
2021-06-15 14:26:34,S,643.9,1,50
2021-06-15 14:26:34,S,643.45,2,50
2021-06-15 14:26:39,S,644.3,1,75
2021-06-15 14:26:39,S,644.35,2,106
2021-06-15 14:26:39,S,643.5,2,37
2021-06-15 14:26:39,S,643.4,3,39
2021-06-15 14:26:39,S,643.35,1,2
2021-06-15 14:26:39,S,643.3,2,150
2021-06-15 14:26:45,S,644.05,2,60
2021-06-15 14:26:45,S,644.15,1,18
2021-06-15 14:26:45,S,643.4,5,86
2021-06-15 14:26:45,S,643.3,1,49
2021-06-15 14:26:45,S,643.2,2,33
2021-06-15 14:27:13,S,643.6,1,10
2021-06-15 14:27:19,S,643.3,2,124
2021-06-15 14:27:21,S,643.9,2,153
2021-06-15 14:27:43,S,643.8,1,3
2021-06-15 14:27:43,S,644.0,2,7
2021-06-15 14:27:43,S,643.45,1,17
2021-06-15 14:27:43,S,643.25,2,95
2021-06-15 14:27:51,S,643.8,1,22
2021-06-15 14:28:15,S,643.8,3,62
2021-06-15 14:28:18,S,643.85,1,30
2021-06-15 14:28:18,S,644.1,2,7
2021-06-15 14:28:22,S,643.85,1,29
2021-06-15 14:28:22,S,643.95,2,95
2021-06-15 14:28:35,S,643.85,1,19
2021-06-15 14:28:35,S,643.55,1,17
2021-06-15 14:28:46,S,643.85,1,9
2021-06-15 14:28:46,S,643.5,2,20
2021-06-15 14:28:52,S,643.85,1,1
2021-06-15 14:28:53,S,643.85,1,44
2021-06-15 14:28:53,S,643.8,2,32
2021-06-15 14:28:53,S,643.3,2,77
2021-06-15 14:28:59,S,643.85,1,22
2021-06-15 14:29:05,S,643.85,1,17
2021-06-15 14:29:05,S,643.9,1,150
2021-06-15 14:29:05,S,644.0,2,9
2021-06-15 14:29:05,S,644.05,2,15
2021-06-15 14:29:05,S,643.3,1,75
2021-06-15 14:29:06,S,644.15,4,21
2021-06-15 14:29:19,S,643.9,1,125
2021-06-15 14:29:19,S,643.95,1,77
2021-06-15 14:29:19,S,644.0,1,7
2021-06-15 14:29:19,S,644.05,2,12
2021-06-15 14:29:19,S,644.1,1,18
2021-06-15 14:29:19,S,643.4,3,59
2021-06-15 14:29:22,S,644.15,2,25
2021-06-15 14:29:22,S,644.3,2,23
2021-06-15 14:29:22,S,643.55,2,50
2021-06-15 14:29:22,S,643.5,3,27
2021-06-15 14:29:22,S,644.5,5,28
2021-06-15 14:29:22,S,644.9,3,164
2021-06-15 14:29:22,S,643.65,1,2
2021-06-15 14:29:39,S,644.5,3,21
2021-06-15 14:29:39,S,644.55,1,46
2021-06-15 14:29:39,S,644.6,2,7
2021-06-15 14:29:39,S,644.65,1,19
2021-06-15 14:29:39,S,644.8,2,49
2021-06-15 14:29:39,S,643.65,2,9
2021-06-15 14:29:41,S,644.75,3,19
2021-06-15 14:29:41,S,644.8,1,96
2021-06-15 14:29:41,S,644.0,3,40
2021-06-15 14:29:41,S,643.95,2,47
2021-06-15 14:29:46,S,644.65,4,37
2021-06-15 14:29:46,S,644.7,1,96
2021-06-15 14:29:46,S,644.8,2,66
2021-06-15 14:29:46,S,644.95,5,273
2021-06-15 14:29:46,S,644.0,2,38
2021-06-15 14:29:46,S,643.95,3,49
2021-06-15 14:29:46,S,643.85,2,11
2021-06-15 14:29:46,S,643.8,2,17
2021-06-15 14:29:48,S,643.8,2,15
2021-06-15 14:29:48,S,643.7,1,2
2021-06-15 14:29:48,S,643.65,1,49
2021-06-15 14:30:00,S,644.55,2,14
2021-06-15 14:30:00,S,644.65,1,18
2021-06-15 14:30:00,S,644.8,1,18
2021-06-15 14:30:00,S,643.85,3,57
2021-06-15 14:30:01,S,644.7,2,14
2021-06-15 14:30:01,S,644.0,3,42
2021-06-15 14:30:01,S,643.85,3,59
2021-06-15 14:30:07,S,644.95,3,240
2021-06-15 14:30:07,S,644.05,3,82
2021-06-15 14:30:11,S,644.7,3,32
2021-06-15 14:30:11,S,644.9,2,93
2021-06-15 14:30:13,S,644.7,2,13
2021-06-15 14:30:22,S,644.7,3,29
2021-06-15 14:30:22,S,644.05,4,90
2021-06-15 14:30:22,S,644.0,1,10
2021-06-15 14:30:22,S,643.95,2,6
2021-06-15 14:30:22,S,643.9,1,6
2021-06-15 14:30:22,S,643.85,2,10
2021-06-15 14:30:24,S,644.65,4,93
2021-06-15 14:30:24,S,643.9,3,13
2021-06-15 14:30:30,S,644.55,1,80
2021-06-15 14:30:30,S,644.0,2,40
2021-06-15 14:30:30,S,643.95,1,1
2021-06-15 14:30:30,S,643.9,1,5
2021-06-15 14:30:30,S,643.85,4,58
2021-06-15 14:30:32,S,644.55,1,60
2021-06-15 14:30:32,S,644.6,2,8
2021-06-15 14:30:32,S,644.65,3,28
2021-06-15 14:30:32,S,643.95,3,37
2021-06-15 14:30:32,S,643.9,2,7
2021-06-15 14:30:32,S,643.85,3,56
2021-06-15 14:30:37,S,644.55,2,67
2021-06-15 14:30:37,S,644.6,4,21
2021-06-15 14:30:37,S,644.9,2,83
2021-06-15 14:30:37,S,643.85,3,10
2021-06-15 14:30:37,S,643.8,2,20
2021-06-15 14:30:37,S,643.75,1,48
2021-06-15 14:30:45,S,644.35,1,48
2021-06-15 14:30:45,S,644.45,1,1
2021-06-15 14:30:45,S,644.5,2,12
2021-06-15 14:30:45,S,643.95,2,31
2021-06-15 14:30:51,S,643.95,1,54
2021-06-15 14:30:51,S,644.15,1,1
2021-06-15 14:30:51,S,644.3,1,16
2021-06-15 14:30:51,S,643.5,2,15
2021-06-15 14:30:51,S,643.45,1,50
2021-06-15 14:30:52,S,643.7,2,7
2021-06-15 14:30:52,S,643.55,1,30
2021-06-15 14:31:01,S,644.4,2,15
2021-06-15 14:31:01,S,644.5,1,47
2021-06-15 14:31:01,S,644.6,1,8
2021-06-15 14:31:01,S,643.85,1,3
2021-06-15 14:31:01,S,643.7,1,5
2021-06-15 14:31:01,S,643.6,1,2
2021-06-15 14:31:27,S,644.0,1,250
2021-06-15 14:31:27,S,644.4,1,8
2021-06-15 14:31:30,S,644.0,1,200
2021-06-15 14:31:30,S,644.5,2,77
2021-06-15 14:31:30,S,643.45,3,64
2021-06-15 14:31:30,S,643.35,2,9
2021-06-15 14:31:37,S,644.45,1,16
2021-06-15 14:31:37,S,643.35,4,65
2021-06-15 14:31:37,S,643.3,3,152
2021-06-15 14:31:37,S,643.25,1,93
2021-06-15 14:31:42,S,643.8,1,15
2021-06-15 14:31:42,S,643.55,1,1
2021-06-15 14:31:42,S,643.35,3,58
2021-06-15 14:31:43,S,644.0,2,205
2021-06-15 14:31:51,S,643.8,1,13
2021-06-15 14:31:52,S,643.8,1,10
2021-06-15 14:31:52,S,644.0,3,210
2021-06-15 14:31:52,S,644.15,1,16
2021-06-15 14:31:52,S,644.25,2,55
2021-06-15 14:31:52,S,643.6,3,20
2021-06-15 14:31:52,S,643.5,1,6
2021-06-15 14:31:52,S,643.4,2,11
2021-06-15 14:31:52,S,643.35,2,51
2021-06-15 14:32:01,S,644.6,3,63
2021-06-15 14:32:01,S,643.85,3,39
2021-06-15 14:32:01,S,643.8,2,51
2021-06-15 14:32:09,S,644.6,4,88
2021-06-15 14:32:14,S,644.6,3,40
2021-06-15 14:32:14,S,644.65,2,66
2021-06-15 14:32:14,S,644.75,1,8
2021-06-15 14:32:14,S,644.8,1,7
2021-06-15 14:32:14,S,643.9,2,37
2021-06-15 14:32:14,S,643.85,2,7
2021-06-15 14:32:19,S,644.85,2,62
2021-06-15 14:32:19,S,644.9,2,16
2021-06-15 14:32:19,S,644.95,4,250
2021-06-15 14:32:19,S,644.05,5,92
2021-06-15 14:32:19,S,644.0,2,150
2021-06-15 14:32:19,S,643.75,2,17
2021-06-15 14:32:22,S,644.65,1,16
2021-06-15 14:32:22,S,644.85,1,16
2021-06-15 14:32:22,S,644.95,4,195
2021-06-15 14:32:22,S,644.15,4,91
2021-06-15 14:32:22,S,644.1,2,150
2021-06-15 14:32:22,S,644.0,1,2
2021-06-15 14:32:22,S,643.95,1,5
2021-06-15 14:32:22,S,643.9,1,8
2021-06-15 14:32:24,S,644.8,2,84
2021-06-15 14:32:24,S,645.0,3,359
2021-06-15 14:32:24,S,644.05,3,44
2021-06-15 14:32:24,S,644.0,3,53
2021-06-15 14:32:58,S,644.8,3,100
2021-06-15 14:32:58,S,644.95,5,162
2021-06-15 14:33:00,S,644.7,1,76
2021-06-15 14:33:00,S,644.8,2,24
2021-06-15 14:33:00,S,644.95,6,255
2021-06-15 14:33:00,S,644.05,4,52
2021-06-15 14:33:00,S,644.0,4,56
2021-06-15 14:33:00,S,643.9,2,83
2021-06-15 14:33:00,S,643.85,1,90
2021-06-15 14:33:09,S,644.95,5,294
2021-06-15 14:33:09,S,645.15,2,14
2021-06-15 14:33:09,S,644.2,5,95
2021-06-15 14:33:09,S,644.0,1,3
2021-06-15 14:33:16,S,645.0,4,375
2021-06-15 14:33:16,S,644.15,2,9
2021-06-15 14:33:23,S,645.1,2,57
2021-06-15 14:33:23,S,644.2,4,63
2021-06-15 14:33:23,S,644.15,2,37
2021-06-15 14:33:30,S,644.95,4,201
2021-06-15 14:33:43,S,645.2,1,8
2021-06-15 14:33:43,S,644.65,1,20
2021-06-15 14:33:43,S,644.3,2,12
2021-06-15 14:33:48,S,644.25,2,7
2021-06-15 14:33:48,S,644.2,2,56
2021-06-15 14:33:55,S,645.0,3,326
2021-06-15 14:34:03,S,644.95,5,226
2021-06-15 14:34:03,S,645.0,4,576
2021-06-15 14:34:03,S,645.25,1,49
2021-06-15 14:34:03,S,644.25,2,9
2021-06-15 14:34:03,S,644.2,3,61
2021-06-15 14:34:04,S,644.95,4,206
2021-06-15 14:34:04,S,645.3,1,16
2021-06-15 14:34:07,S,644.95,4,186
2021-06-15 14:34:07,S,645.0,3,560
2021-06-15 14:34:07,S,644.9,1,30
2021-06-15 14:34:07,S,644.55,1,48
2021-06-15 14:34:13,S,644.95,5,234
2021-06-15 14:34:17,S,644.95,6,264
2021-06-15 14:34:25,S,645.05,2,146
2021-06-15 14:34:25,S,644.25,4,59
2021-06-15 14:34:37,S,644.95,6,263
2021-06-15 14:34:37,S,645.1,1,16
2021-06-15 14:34:37,S,645.15,1,50
2021-06-15 14:34:43,S,644.95,4,113
2021-06-15 14:34:52,S,644.95,5,213
2021-06-15 14:34:52,S,645.0,4,567
2021-06-15 14:34:52,S,645.3,2,63
2021-06-15 14:34:52,S,645.0,5,572
2021-06-15 14:34:52,S,645.25,1,7
2021-06-15 14:34:52,S,644.5,1,20
2021-06-15 14:34:55,S,644.35,2,15
2021-06-15 14:35:19,S,644.9,1,48
2021-06-15 14:35:19,S,644.5,2,120
2021-06-15 14:35:27,S,644.9,1,26
2021-06-15 14:35:27,S,644.95,4,160
2021-06-15 14:35:27,S,645.0,5,579
2021-06-15 14:35:27,S,645.2,1,7
2021-06-15 14:35:27,S,644.8,1,1
2021-06-15 14:35:29,S,644.95,5,174
2021-06-15 14:35:45,S,644.85,1,30
2021-06-15 14:35:45,S,644.9,1,1
2021-06-15 14:35:45,S,644.7,1,1
2021-06-15 14:35:45,S,644.6,1,25
2021-06-15 14:35:45,S,644.3,2,7
2021-06-15 14:35:46,S,644.7,3,449
2021-06-15 14:35:46,S,644.1,3,155
2021-06-15 14:35:49,S,644.05,4,198
2021-06-15 14:35:49,S,644.0,2,8
2021-06-15 14:35:58,S,644.7,2,409
2021-06-15 14:35:58,S,644.75,1,1
2021-06-15 14:35:58,S,644.95,6,200
2021-06-15 14:35:58,S,644.5,1,100
2021-06-15 14:35:58,S,644.15,1,30
2021-06-15 14:35:58,S,644.1,4,162
2021-06-15 14:35:58,S,644.05,2,189
2021-06-15 14:36:01,S,644.8,1,4
2021-06-15 14:36:01,S,644.95,4,144
2021-06-15 14:36:01,S,645.0,4,565
2021-06-15 14:36:01,S,645.15,1,1
2021-06-15 14:36:01,S,644.55,4,182
2021-06-15 14:36:01,S,644.45,2,14
2021-06-15 14:36:01,S,644.4,1,50
2021-06-15 14:36:01,S,644.25,1,5
2021-06-15 14:36:09,S,644.95,1,84
2021-06-15 14:36:09,S,645.0,5,566
2021-06-15 14:36:09,S,644.6,1,49
2021-06-15 14:36:09,S,644.55,4,155
2021-06-15 14:36:09,S,644.45,1,7
2021-06-15 14:36:16,S,645.25,1,14
2021-06-15 14:36:16,S,645.4,2,114
2021-06-15 14:36:16,S,644.7,2,4
2021-06-15 14:36:19,S,645.0,1,298
2021-06-15 14:36:19,S,645.65,1,50
2021-06-15 14:36:19,S,644.95,1,2916
2021-06-15 14:36:19,S,644.75,2,53
2021-06-15 14:36:25,S,645.0,1,297
2021-06-15 14:36:25,S,644.95,1,2816
2021-06-15 14:36:26,S,644.95,1,2716
2021-06-15 14:36:37,S,645.0,1,295
2021-06-15 14:36:37,S,645.45,2,109
2021-06-15 14:36:56,S,645.0,1,255
2021-06-15 14:36:56,S,645.3,1,14
2021-06-15 14:37:09,S,644.95,2,2726
2021-06-15 14:37:09,S,644.65,1,45
2021-06-15 14:37:10,S,644.65,2,75
2021-06-15 14:37:34,S,645.0,1,253
2021-06-15 14:37:37,S,645.0,1,249
2021-06-15 14:37:38,S,645.0,1,239
2021-06-15 14:37:42,S,645.35,1,75
2021-06-15 14:37:42,S,645.45,1,95
2021-06-15 14:37:42,S,644.95,2,2720
2021-06-15 14:37:50,S,644.95,2,2620
2021-06-15 14:37:57,S,644.95,2,2520
2021-06-15 14:38:05,S,644.95,2,2420
2021-06-15 14:38:14,S,644.95,2,2385
2021-06-15 14:38:19,S,645.0,1,189
2021-06-15 14:38:19,S,645.35,2,89
2021-06-15 14:38:19,S,644.95,2,972
2021-06-15 14:38:19,S,644.75,2,14
2021-06-15 14:38:22,S,645.25,1,47
2021-06-15 14:38:22,S,645.35,1,14
2021-06-15 14:38:22,S,644.55,1,7
2021-06-15 14:38:27,S,645.0,1,300
2021-06-15 14:38:27,S,644.5,3,607
2021-06-15 14:38:47,S,644.95,2,971
2021-06-15 14:38:49,S,644.6,2,12
2021-06-15 14:39:10,S,645.4,2,107
2021-06-15 14:39:10,S,645.45,2,110
2021-06-15 14:39:10,S,644.95,2,936
2021-06-15 14:39:10,S,644.65,2,37
2021-06-15 14:39:10,S,644.6,3,19
2021-06-15 14:39:10,S,644.5,3,608
2021-06-15 14:39:12,S,645.0,1,290
2021-06-15 14:39:12,S,645.35,4,209
2021-06-15 14:39:12,S,644.6,1,7
2021-06-15 14:39:23,S,645.0,2,310
2021-06-15 14:39:23,S,645.3,2,54
2021-06-15 14:39:23,S,645.35,3,134
2021-06-15 14:39:23,S,645.4,1,100
2021-06-15 14:39:23,S,644.95,2,784
2021-06-15 14:39:23,S,644.7,1,2
2021-06-15 14:39:23,S,644.65,1,30
2021-06-15 14:39:23,S,644.6,2,14
2021-06-15 14:39:23,S,644.55,1,5
2021-06-15 14:39:24,S,644.85,1,75
2021-06-15 14:39:24,S,644.9,1,216
2021-06-15 14:39:24,S,644.95,2,9
2021-06-15 14:39:24,S,645.0,5,449
2021-06-15 14:39:24,S,644.25,3,42
2021-06-15 14:39:24,S,644.2,1,49
2021-06-15 14:39:24,S,644.1,1,7
2021-06-15 14:39:28,S,644.6,1,216
2021-06-15 14:39:28,S,644.8,1,77
2021-06-15 14:39:28,S,644.5,2,600
2021-06-15 14:39:28,S,644.3,2,9
2021-06-15 14:39:28,S,644.15,2,12
2021-06-15 14:39:30,S,644.95,4,165
2021-06-15 14:39:30,S,645.0,5,379
2021-06-15 14:39:30,S,644.1,2,107
2021-06-15 14:39:34,S,644.9,2,79
2021-06-15 14:39:34,S,645.1,1,14
2021-06-15 14:39:34,S,644.5,1,384
2021-06-15 14:39:34,S,644.45,1,2
2021-06-15 14:39:34,S,644.25,2,35
2021-06-15 14:39:48,S,644.85,1,77
2021-06-15 14:39:49,S,644.25,1,30
2021-06-15 14:39:51,S,644.5,1,84
2021-06-15 14:39:54,S,644.9,1,2
2021-06-15 14:40:02,S,644.85,1,61
2021-06-15 14:40:06,S,644.85,1,36
2021-06-15 14:40:06,S,644.95,3,157
2021-06-15 14:40:06,S,644.4,2,10
2021-06-15 14:40:41,S,644.85,3,63
2021-06-15 14:40:41,S,644.9,2,26
2021-06-15 14:40:41,S,644.5,2,184
2021-06-15 14:40:41,S,644.25,2,37
2021-06-15 14:40:41,S,644.2,1,5
2021-06-15 14:40:42,S,644.0,5,525
2021-06-15 14:40:42,S,643.9,1,7
2021-06-15 14:41:07,S,644.8,2,50
2021-06-15 14:41:07,S,644.85,4,55
2021-06-15 14:41:07,S,644.9,2,32
2021-06-15 14:41:07,S,645.0,4,325
2021-06-15 14:41:07,S,644.1,2,71
2021-06-15 14:41:07,S,644.0,7,542
2021-06-15 14:41:07,S,643.85,2,98
2021-06-15 14:41:12,S,644.75,2,38
2021-06-15 14:41:12,S,644.8,1,48
2021-06-15 14:41:12,S,644.9,3,37
2021-06-15 14:41:12,S,644.95,2,150
2021-06-15 14:41:12,S,644.15,2,8
2021-06-15 14:41:12,S,644.1,3,79
2021-06-15 14:41:12,S,644.05,1,140
2021-06-15 14:41:12,S,644.0,6,535
2021-06-15 14:41:12,S,643.95,1,46
2021-06-15 14:41:22,S,644.35,3,45
2021-06-15 14:41:22,S,644.5,1,18
2021-06-15 14:41:22,S,644.0,5,528
2021-06-15 14:41:22,S,643.6,3,64
2021-06-15 14:41:33,S,644.1,1,346
2021-06-15 14:41:33,S,644.35,2,38
2021-06-15 14:41:33,S,644.05,2,25
2021-06-15 14:41:33,S,643.55,1,16
2021-06-15 14:41:37,S,644.4,2,66
2021-06-15 14:41:37,S,644.05,2,18
2021-06-15 14:41:37,S,643.85,1,12
2021-06-15 14:41:42,S,643.5,6,1642
2021-06-15 14:41:54,S,644.05,1,27
2021-06-15 14:41:54,S,644.15,1,346
2021-06-15 14:41:54,S,644.3,1,36
2021-06-15 14:42:10,S,644.0,4,518
2021-06-15 14:42:13,S,644.0,4,516
2021-06-15 14:42:21,S,644.0,2,476
2021-06-15 14:42:21,S,643.75,1,12
2021-06-15 14:42:21,S,643.65,2,17
2021-06-15 14:42:26,S,644.15,1,173
2021-06-15 14:42:26,S,644.25,1,36
2021-06-15 14:42:26,S,644.35,2,9
2021-06-15 14:42:26,S,644.45,2,12
2021-06-15 14:42:26,S,643.55,2,82
2021-06-15 14:42:26,S,643.5,7,1654
2021-06-15 14:42:29,S,644.65,1,2
2021-06-15 14:42:29,S,644.7,2,26
2021-06-15 14:42:29,S,644.8,2,31
2021-06-15 14:42:29,S,644.9,3,156
2021-06-15 14:42:29,S,644.15,2,32
2021-06-15 14:42:29,S,644.1,1,46
2021-06-15 14:42:29,S,644.05,3,20
2021-06-15 14:42:33,S,644.7,1,18
2021-06-15 14:42:33,S,644.85,1,5
2021-06-15 14:42:36,S,644.75,1,2
2021-06-15 14:42:36,S,644.8,1,24
2021-06-15 14:42:36,S,644.85,3,29
2021-06-15 14:42:36,S,644.25,2,32
2021-06-15 14:42:36,S,644.2,1,48
2021-06-15 14:42:36,S,644.05,5,40
2021-06-15 14:42:36,S,644.0,2,451
2021-06-15 14:42:36,S,643.95,1,13
2021-06-15 14:42:42,S,644.85,1,2
2021-06-15 14:42:42,S,645.0,5,333
2021-06-15 14:42:54,S,644.85,1,1
2021-06-15 14:42:54,S,644.9,4,162
2021-06-15 14:42:54,S,645.0,4,319
2021-06-15 14:42:54,S,645.05,2,148
2021-06-15 14:42:54,S,644.3,1,2
2021-06-15 14:42:54,S,644.25,2,52
2021-06-15 14:42:54,S,644.1,2,12
2021-06-15 14:42:54,S,644.05,2,21
2021-06-15 14:43:16,S,644.35,2,75
2021-06-15 14:43:16,S,644.2,1,6
2021-06-15 14:43:18,S,644.95,4,183
2021-06-15 14:43:40,S,644.85,1,21
2021-06-15 14:43:40,S,644.45,1,13
2021-06-15 14:43:40,S,644.35,4,98
2021-06-15 14:43:57,S,644.95,3,175
2021-06-15 14:43:57,S,645.0,3,311
2021-06-15 14:43:57,S,645.15,3,62
2021-06-15 14:43:57,S,644.35,3,48
2021-06-15 14:43:57,S,644.3,1,7
2021-06-15 14:43:57,S,644.2,1,13
2021-06-15 14:43:57,S,644.15,1,48
2021-06-15 14:43:57,S,644.1,1,5
2021-06-15 14:44:15,S,644.85,2,55
2021-06-15 14:44:15,S,644.9,3,150
2021-06-15 14:44:15,S,644.95,4,283
2021-06-15 14:44:15,S,645.0,5,319
2021-06-15 14:44:15,S,644.1,2,10
2021-06-15 14:44:15,S,644.05,3,67
2021-06-15 14:44:19,S,644.65,2,48
2021-06-15 14:44:19,S,644.75,1,7
2021-06-15 14:44:19,S,644.8,1,30
2021-06-15 14:44:19,S,644.0,4,461
2021-06-15 14:44:23,S,644.6,1,5
2021-06-15 14:44:23,S,644.65,1,46
2021-06-15 14:44:23,S,644.0,4,416
2021-06-15 14:44:23,S,643.8,3,58
2021-06-15 14:44:23,S,643.75,1,24
2021-06-15 14:44:33,S,644.2,1,1
2021-06-15 14:44:33,S,644.35,1,7
2021-06-15 14:44:33,S,644.6,2,56
2021-06-15 14:44:33,S,644.0,3,20
2021-06-15 14:44:33,S,643.75,2,29
2021-06-15 14:44:33,S,643.55,2,120
2021-06-15 14:44:36,S,643.8,1,6
2021-06-15 14:44:36,S,643.75,1,5
2021-06-15 14:44:36,S,643.65,1,5
2021-06-15 14:44:46,S,644.4,2,12
2021-06-15 14:44:46,S,643.6,3,21
2021-06-15 14:44:46,S,643.55,3,127
2021-06-15 14:44:49,S,644.0,1,64
2021-06-15 14:44:49,S,644.25,3,64
2021-06-15 14:44:49,S,644.3,1,8
2021-06-15 14:44:49,S,644.4,4,36
2021-06-15 14:44:49,S,643.65,3,15
2021-06-15 14:44:49,S,643.6,2,16
2021-06-15 14:44:49,S,643.55,2,12
2021-06-15 14:44:52,S,644.4,3,61
2021-06-15 14:44:52,S,644.5,1,7
2021-06-15 14:44:52,S,643.65,3,17
2021-06-15 14:44:52,S,643.6,1,6
2021-06-15 14:44:52,S,643.5,6,1154
2021-06-15 14:44:52,S,643.45,1,48
2021-06-15 14:45:04,S,644.0,2,44
2021-06-15 14:45:04,S,644.45,3,43
2021-06-15 14:45:04,S,643.95,1,116
2021-06-15 14:45:04,S,643.65,2,10
2021-06-15 14:45:13,S,644.0,1,24
2021-06-15 14:45:13,S,644.4,3,73
2021-06-15 14:45:13,S,643.65,2,11
2021-06-15 14:45:13,S,643.6,1,7
2021-06-15 14:45:13,S,643.55,1,5
2021-06-15 14:45:22,S,644.35,1,5
2021-06-15 14:45:22,S,643.85,1,6
2021-06-15 14:45:22,S,643.8,1,1
2021-06-15 14:45:22,S,643.7,1,7
2021-06-15 14:45:22,S,643.65,2,12
2021-06-15 14:45:22,S,643.6,2,12
2021-06-15 14:45:31,S,644.4,2,22
2021-06-15 14:45:31,S,644.45,2,38
2021-06-15 14:45:31,S,643.55,2,49
2021-06-15 14:45:31,S,643.45,2,55
2021-06-15 14:45:45,S,643.85,1,25
2021-06-15 14:46:11,S,643.85,1,21
2021-06-15 14:46:11,S,644.2,1,2
2021-06-15 14:46:11,S,644.3,1,5
2021-06-15 14:46:11,S,644.35,2,57
2021-06-15 14:46:11,S,643.6,4,27
2021-06-15 14:46:11,S,643.55,1,7
2021-06-15 14:46:11,S,643.35,1,48
2021-06-15 14:46:12,S,644.25,1,17
2021-06-15 14:46:12,S,644.5,2,55
2021-06-15 14:46:12,S,644.55,1,17
2021-06-15 14:46:12,S,643.65,1,7
2021-06-15 14:46:12,S,643.5,4,1026
2021-06-15 14:46:16,S,644.25,2,25
2021-06-15 14:46:16,S,644.45,1,5
2021-06-15 14:46:16,S,644.5,1,50
2021-06-15 14:46:16,S,643.85,1,4
2021-06-15 14:46:16,S,643.65,2,132
2021-06-15 14:46:27,S,644.5,3,85
2021-06-15 14:46:27,S,644.55,2,25
2021-06-15 14:46:27,S,643.8,2,9
2021-06-15 14:46:27,S,643.75,1,7
2021-06-15 14:46:27,S,643.6,1,1
2021-06-15 14:46:28,S,644.35,1,2
2021-06-15 14:46:28,S,644.4,1,17
2021-06-15 14:46:28,S,644.55,2,22
2021-06-15 14:46:28,S,643.9,1,2
2021-06-15 14:46:28,S,643.85,3,22
2021-06-15 14:46:28,S,643.7,1,46
2021-06-15 14:46:28,S,643.65,2,133
2021-06-15 14:46:32,S,644.55,2,24
2021-06-15 14:46:32,S,644.6,3,41
2021-06-15 14:46:32,S,644.65,1,50
2021-06-15 14:46:32,S,644.0,2,27
2021-06-15 14:46:32,S,643.95,1,7
2021-06-15 14:46:32,S,643.8,1,7
2021-06-15 14:46:32,S,643.7,2,53
2021-06-15 14:46:42,S,644.55,2,19
2021-06-15 14:46:42,S,644.6,1,6
2021-06-15 14:46:42,S,644.7,2,12
2021-06-15 14:46:42,S,644.75,2,62
2021-06-15 14:46:42,S,644.85,2,58
2021-06-15 14:46:42,S,644.15,1,2
2021-06-15 14:46:42,S,644.05,1,7
2021-06-15 14:46:49,S,644.45,1,50
2021-06-15 14:46:49,S,644.75,1,50
2021-06-15 14:46:49,S,644.8,1,2
2021-06-15 14:46:49,S,644.85,3,62
2021-06-15 14:46:55,S,644.05,1,49
2021-06-15 14:46:58,S,644.45,1,25
2021-06-15 14:46:58,S,644.2,2,32
2021-06-15 14:47:01,S,644.8,3,152
2021-06-15 14:47:01,S,644.85,3,102
2021-06-15 14:47:01,S,644.9,1,7
2021-06-15 14:47:01,S,645.0,5,376
2021-06-15 14:47:01,S,644.25,1,2
2021-06-15 14:47:01,S,644.2,1,7
2021-06-15 14:47:01,S,644.1,1,25
2021-06-15 14:47:05,S,644.95,3,267
2021-06-15 14:47:20,S,644.85,2,52
2021-06-15 14:47:20,S,645.0,7,388
2021-06-15 14:47:20,S,645.05,3,157
2021-06-15 14:47:20,S,644.1,2,32
2021-06-15 14:47:27,S,644.85,1,48
2021-06-15 14:47:27,S,644.35,2,248
2021-06-15 14:47:27,S,644.15,2,14
2021-06-15 14:47:28,S,645.1,1,7
2021-06-15 14:47:28,S,644.4,2,9
2021-06-15 14:47:37,S,644.9,2,150
2021-06-15 14:47:37,S,644.95,2,170
2021-06-15 14:47:37,S,644.85,1,200
2021-06-15 14:47:37,S,644.5,2,9
2021-06-15 14:47:39,S,645.1,1,5
2021-06-15 14:47:39,S,644.2,1,47
2021-06-15 14:47:48,S,645.0,6,380
2021-06-15 14:48:09,S,644.9,1,75
2021-06-15 14:48:09,S,645.15,1,7
2021-06-15 14:48:11,S,645.0,7,381
2021-06-15 14:48:11,S,645.05,1,100
2021-06-15 14:48:11,S,645.2,1,5
2021-06-15 14:48:11,S,645.25,1,604
2021-06-15 14:48:11,S,644.8,1,125
2021-06-15 14:48:11,S,644.55,2,52
2021-06-15 14:48:11,S,644.5,1,2
2021-06-15 14:48:11,S,644.45,2,207
2021-06-15 14:48:13,S,644.9,2,87
2021-06-15 14:48:13,S,644.95,2,120
2021-06-15 14:48:13,S,645.0,8,386
2021-06-15 14:48:13,S,645.05,2,112
2021-06-15 14:48:13,S,644.45,2,202
2021-06-15 14:48:13,S,644.4,1,7
2021-06-15 14:48:13,S,644.35,2,208
2021-06-15 14:48:13,S,644.25,2,57
2021-06-15 14:48:21,S,644.9,2,59
2021-06-15 14:48:21,S,644.95,3,127
2021-06-15 14:48:31,S,644.8,2,1256
2021-06-15 14:48:31,S,644.85,1,8
2021-06-15 14:48:31,S,644.9,3,169
2021-06-15 14:48:31,S,644.95,2,17
2021-06-15 14:48:31,S,645.0,9,393
2021-06-15 14:48:31,S,644.4,1,2
2021-06-15 14:48:31,S,644.25,1,7
2021-06-15 14:48:39,S,644.75,1,75
2021-06-15 14:48:39,S,644.8,3,1423
2021-06-15 14:48:39,S,644.85,1,7
2021-06-15 14:48:39,S,644.95,1,10
2021-06-15 14:48:39,S,644.55,1,25
2021-06-15 14:48:39,S,644.05,3,107
2021-06-15 14:48:47,S,644.5,1,870
2021-06-15 14:48:54,S,644.5,1,868
2021-06-15 14:48:54,S,644.75,2,87
2021-06-15 14:48:54,S,644.8,2,223
2021-06-15 14:48:54,S,644.85,2,12
2021-06-15 14:48:57,S,644.5,2,1035
2021-06-15 14:48:57,S,644.6,1,12
2021-06-15 14:48:57,S,644.75,1,12
2021-06-15 14:48:57,S,644.85,3,87
2021-06-15 14:48:57,S,644.45,1,200
2021-06-15 14:49:00,S,644.8,1,56
2021-06-15 14:49:00,S,644.9,2,122
2021-06-15 14:49:00,S,644.35,1,200
2021-06-15 14:49:00,S,644.05,2,58
2021-06-15 14:49:00,S,644.0,2,32
2021-06-15 14:49:05,S,644.5,2,835
2021-06-15 14:49:05,S,644.55,1,12
2021-06-15 14:49:05,S,644.65,1,12
2021-06-15 14:49:05,S,644.7,1,7
2021-06-15 14:49:05,S,644.75,1,5
2021-06-15 14:49:05,S,644.35,1,190
2021-06-15 14:49:05,S,644.1,1,2
2021-06-15 14:49:05,S,644.05,1,50
2021-06-15 14:49:05,S,644.0,1,25
2021-06-15 14:49:05,S,643.95,1,47
2021-06-15 14:49:12,S,643.95,1,2
2021-06-15 14:49:12,S,644.0,2,745
2021-06-15 14:49:12,S,644.1,1,12
2021-06-15 14:49:12,S,644.2,1,50
2021-06-15 14:49:12,S,643.65,1,125
2021-06-15 14:49:19,S,644.0,1,695
2021-06-15 14:49:19,S,644.25,2,12
2021-06-15 14:49:19,S,644.3,1,12
2021-06-15 14:49:19,S,644.4,2,20
2021-06-15 14:49:19,S,643.65,1,115
2021-06-15 14:49:19,S,643.6,2,6
2021-06-15 14:49:19,S,643.55,1,2
2021-06-15 14:49:19,S,643.5,4,1008
2021-06-15 14:49:19,S,643.45,1,7
2021-06-15 14:49:20,S,643.8,3,38
2021-06-15 14:49:20,S,643.85,1,38
2021-06-15 14:49:20,S,643.35,3,55
2021-06-15 14:49:20,S,643.3,1,8
2021-06-15 14:49:20,S,643.15,1,7
2021-06-15 14:49:23,S,643.95,2,80
2021-06-15 14:49:30,S,643.9,3,38
2021-06-15 14:49:30,S,643.95,3,88
2021-06-15 14:49:30,S,644.0,2,707
2021-06-15 14:49:30,S,644.15,1,7
2021-06-15 14:49:30,S,644.2,1,12
2021-06-15 14:49:30,S,643.35,2,56
2021-06-15 14:49:30,S,643.2,2,30
2021-06-15 14:49:30,S,643.1,3,160
2021-06-15 14:49:34,S,643.35,1,50
2021-06-15 14:49:34,S,643.25,1,2
2021-06-15 14:49:34,S,643.2,2,28
2021-06-15 14:49:34,S,643.05,4,192
2021-06-15 14:49:36,S,643.8,3,44
2021-06-15 14:49:36,S,643.85,2,53
2021-06-15 14:49:42,S,643.75,2,75
2021-06-15 14:49:42,S,643.95,2,83
2021-06-15 14:49:42,S,643.35,1,30
2021-06-15 14:49:42,S,643.2,1,25
2021-06-15 14:49:42,S,643.1,2,15
2021-06-15 14:49:42,S,643.05,3,184
2021-06-15 14:49:53,S,643.65,3,82
2021-06-15 14:49:53,S,643.75,1,8
2021-06-15 14:49:53,S,642.95,2,14
2021-06-15 14:49:54,S,643.65,2,52
2021-06-15 14:49:54,S,643.8,2,14
2021-06-15 14:49:54,S,643.85,1,5
2021-06-15 14:49:54,S,643.9,1,1
2021-06-15 14:49:58,S,643.85,3,43
2021-06-15 14:49:58,S,643.9,3,15
2021-06-15 14:49:58,S,644.05,1,8
2021-06-15 14:49:58,S,643.05,5,195
2021-06-15 14:50:05,S,643.8,3,42
2021-06-15 14:50:05,S,643.85,1,8
2021-06-15 14:50:05,S,643.9,2,8
2021-06-15 14:50:05,S,643.95,1,75
2021-06-15 14:50:05,S,643.05,4,188
2021-06-15 14:50:05,S,642.95,1,7
2021-06-15 14:50:07,S,643.8,3,81
2021-06-15 14:50:07,S,642.9,1,49
2021-06-15 14:50:10,S,643.8,2,76
2021-06-15 14:50:10,S,643.85,2,12
2021-06-15 14:50:10,S,643.9,2,9
2021-06-15 14:50:10,S,643.2,1,50
2021-06-15 14:50:10,S,643.05,5,191
2021-06-15 14:50:22,S,643.75,2,34
2021-06-15 14:50:22,S,643.8,1,46
2021-06-15 14:50:22,S,643.9,3,14
2021-06-15 14:50:22,S,643.95,2,82
2021-06-15 14:50:22,S,643.15,1,5
2021-06-15 14:50:22,S,643.1,2,11
2021-06-15 14:50:23,S,643.95,3,89
2021-06-15 14:50:23,S,644.25,1,6
2021-06-15 14:50:23,S,643.1,3,16
2021-06-15 14:50:28,S,643.9,4,44
2021-06-15 14:50:28,S,643.95,4,137
2021-06-15 14:50:28,S,644.0,3,1207
2021-06-15 14:50:28,S,644.25,2,11
2021-06-15 14:50:28,S,643.1,4,21
2021-06-15 14:50:33,S,643.9,6,107
2021-06-15 14:50:33,S,643.95,3,84
2021-06-15 14:50:33,S,644.2,2,20
2021-06-15 14:50:33,S,643.1,4,62
2021-06-15 14:50:33,S,643.05,3,182
2021-06-15 14:50:39,S,643.7,1,1
2021-06-15 14:50:39,S,643.85,3,81
2021-06-15 14:50:39,S,643.25,3,12
2021-06-15 14:50:39,S,643.2,2,16
2021-06-15 14:50:39,S,643.1,3,57
2021-06-15 14:50:49,S,643.4,1,1
2021-06-15 14:50:57,S,643.3,1,1
2021-06-15 14:50:57,S,643.8,1,45
2021-06-15 14:50:57,S,643.1,3,17
2021-06-15 14:50:57,S,643.05,2,175
2021-06-15 14:50:57,S,643.0,19,626
2021-06-15 14:50:58,S,643.8,3,66
2021-06-15 14:51:01,S,643.8,2,35
2021-06-15 14:51:01,S,643.85,1,7
2021-06-15 14:51:01,S,643.9,3,25
2021-06-15 14:51:01,S,643.05,3,180
2021-06-15 14:51:07,S,643.85,3,42
2021-06-15 14:51:07,S,643.9,4,74
2021-06-15 14:51:07,S,644.0,2,1195
2021-06-15 14:51:13,S,643.85,2,37
2021-06-15 14:51:13,S,643.9,4,30
2021-06-15 14:51:13,S,644.0,3,1245
2021-06-15 14:51:13,S,644.05,1,10
2021-06-15 14:51:13,S,643.25,2,5
2021-06-15 14:51:13,S,643.2,1,8
2021-06-15 14:51:13,S,643.15,2,9
2021-06-15 14:51:25,S,643.9,2,40
2021-06-15 14:51:25,S,643.95,2,77
2021-06-15 14:51:25,S,644.0,3,1200
2021-06-15 14:51:25,S,644.05,2,17
2021-06-15 14:51:25,S,644.1,1,45
2021-06-15 14:51:25,S,643.5,1,10
2021-06-15 14:51:25,S,643.4,1,4
2021-06-15 14:51:25,S,643.35,1,25
2021-06-15 14:51:25,S,643.3,1,50
2021-06-15 14:51:25,S,643.25,2,6
2021-06-15 14:51:27,S,642.95,2,105
2021-06-15 14:51:28,S,643.0,1,816
2021-06-15 14:51:37,S,642.55,2,49
2021-06-15 14:51:45,S,642.95,2,93
2021-06-15 14:51:45,S,643.1,1,7
2021-06-15 14:51:45,S,642.85,3,20
2021-06-15 14:51:45,S,642.6,6,181
2021-06-15 14:51:46,S,642.95,1,607
2021-06-15 14:51:49,S,643.1,1,30
2021-06-15 14:51:49,S,643.15,1,4
2021-06-15 14:51:49,S,642.95,1,582
2021-06-15 14:51:49,S,642.75,1,2
2021-06-15 14:51:49,S,642.65,1,50
2021-06-15 14:51:54,S,642.85,2,448
2021-06-15 14:52:03,S,642.85,3,363
2021-06-15 14:52:03,S,643.2,3,19
2021-06-15 14:52:03,S,642.8,2,10
2021-06-15 14:52:03,S,642.75,2,11
2021-06-15 14:52:10,S,642.85,2,297
2021-06-15 14:52:10,S,642.95,2,29
2021-06-15 14:52:10,S,643.2,2,12
2021-06-15 14:52:10,S,643.35,1,7
2021-06-15 14:52:10,S,642.75,3,18
2021-06-15 14:52:10,S,642.65,2,127
2021-06-15 14:52:10,S,642.6,5,104
2021-06-15 14:52:10,S,642.55,1,1
2021-06-15 14:52:10,S,642.5,11,1202
2021-06-15 14:52:18,S,643.1,4,97
2021-06-15 14:52:18,S,642.5,10,867
2021-06-15 14:52:18,S,642.25,1,100
2021-06-15 14:52:18,S,642.2,5,53
2021-06-15 14:52:18,S,642.85,3,341
2021-06-15 14:52:18,S,642.5,10,667
2021-06-15 14:52:21,S,642.85,2,293
2021-06-15 14:52:21,S,643.1,3,22
2021-06-15 14:52:27,S,642.5,11,670
2021-06-15 14:52:27,S,642.3,1,3
2021-06-15 14:52:33,S,642.8,2,55
2021-06-15 14:52:33,S,642.25,2,107
2021-06-15 14:52:36,S,642.85,2,267
2021-06-15 14:52:36,S,642.95,1,46
2021-06-15 14:52:36,S,643.0,2,860
2021-06-15 14:52:36,S,642.5,11,580
2021-06-15 14:52:36,S,642.15,3,130
2021-06-15 14:52:43,S,642.5,12,590
2021-06-15 14:52:51,S,642.8,2,46
2021-06-15 14:52:52,S,642.8,2,35
2021-06-15 14:52:52,S,642.85,1,263
2021-06-15 14:52:52,S,643.05,3,57
2021-06-15 14:52:52,S,642.45,1,77
2021-06-15 14:52:52,S,642.25,3,110
2021-06-15 14:52:52,S,642.2,6,128
2021-06-15 14:52:54,S,642.8,1,267
2021-06-15 14:52:59,S,642.85,2,285
2021-06-15 14:52:59,S,642.95,1,4
2021-06-15 14:52:59,S,643.0,1,855
2021-06-15 14:52:59,S,643.1,2,85
2021-06-15 14:52:59,S,642.8,2,269
2021-06-15 14:52:59,S,642.55,1,77
2021-06-15 14:53:03,S,643.4,2,32
2021-06-15 14:53:03,S,643.45,1,10
2021-06-15 14:53:03,S,642.8,4,469
2021-06-15 14:53:03,S,642.65,2,84
2021-06-15 14:53:03,S,642.45,1,7
2021-06-15 14:53:03,S,642.5,13,600
2021-06-15 14:53:06,S,642.8,4,369
2021-06-15 14:53:06,S,642.5,14,601
2021-06-15 14:53:09,S,642.8,3,269
2021-06-15 14:53:13,S,642.85,1,100
2021-06-15 14:53:19,S,643.0,2,885
2021-06-15 14:53:27,S,643.0,2,882
2021-06-15 14:53:31,S,642.55,1,7
2021-06-15 14:53:36,S,643.0,2,879
2021-06-15 14:53:36,S,642.8,4,319
2021-06-15 14:53:44,S,643.1,2,79
2021-06-15 14:53:44,S,643.3,1,7
2021-06-15 14:53:44,S,642.85,1,85
2021-06-15 14:53:44,S,642.8,5,329
2021-06-15 14:54:04,S,643.15,2,102
2021-06-15 14:54:04,S,643.25,2,15
2021-06-15 14:54:04,S,642.8,5,247
2021-06-15 14:54:04,S,642.6,2,28
2021-06-15 14:54:04,S,642.55,2,17
2021-06-15 14:54:04,S,642.5,15,603
2021-06-15 14:54:16,S,642.95,3,109
2021-06-15 14:54:16,S,643.0,1,814
2021-06-15 14:54:16,S,643.15,4,154
2021-06-15 14:54:16,S,643.2,1,7
2021-06-15 14:54:16,S,642.55,2,13
2021-06-15 14:54:16,S,642.45,1,3
2021-06-15 14:54:22,S,643.0,2,844
2021-06-15 14:54:22,S,643.35,2,52
2021-06-15 14:54:22,S,642.8,1,157
2021-06-15 14:54:51,S,643.25,1,5
2021-06-15 14:54:51,S,642.8,1,115
2021-06-15 14:54:51,S,642.55,3,20
2021-06-15 14:55:01,S,642.8,1,18
2021-06-15 14:55:01,S,642.95,2,79
2021-06-15 14:55:01,S,643.0,2,819
2021-06-15 14:55:01,S,642.65,1,77
2021-06-15 14:55:01,S,642.5,17,686
2021-06-15 14:55:01,S,642.4,1,3
2021-06-15 14:55:01,S,643.0,1,789
2021-06-15 14:55:01,S,643.1,2,82
2021-06-15 14:55:01,S,643.15,2,97
2021-06-15 14:55:01,S,643.25,1,7
2021-06-15 14:55:01,S,642.5,16,683
2021-06-15 14:55:01,S,642.35,1,1
2021-06-15 14:55:09,S,642.95,2,50
2021-06-15 14:55:09,S,643.2,1,5
2021-06-15 14:55:09,S,642.7,1,100
2021-06-15 14:55:09,S,642.65,1,59
2021-06-15 14:55:09,S,642.55,2,11
2021-06-15 14:55:19,S,643.1,2,12
2021-06-15 14:55:19,S,643.25,2,12
2021-06-15 14:55:19,S,642.5,14,671
2021-06-15 14:55:26,S,643.0,2,799
2021-06-15 14:55:26,S,642.6,4,88
2021-06-15 14:55:39,S,643.0,2,797
2021-06-15 14:55:39,S,643.3,1,10
2021-06-15 14:55:39,S,643.4,2,33
2021-06-15 14:55:42,S,642.6,3,81
2021-06-15 14:55:42,S,642.55,1,10
2021-06-15 14:55:50,S,643.0,2,622
2021-06-15 14:55:51,S,642.5,15,681
2021-06-15 14:56:07,S,643.0,2,615
2021-06-15 14:56:07,S,643.3,2,14
2021-06-15 14:56:07,S,643.4,2,35
2021-06-15 14:56:07,S,643.0,2,562
2021-06-15 14:56:07,S,643.45,2,48
2021-06-15 14:56:07,S,642.7,2,82
2021-06-15 14:56:07,S,642.65,3,216
2021-06-15 14:56:07,S,642.5,16,701
2021-06-15 14:56:15,S,643.2,1,4
2021-06-15 14:56:31,S,643.0,3,608
2021-06-15 14:56:31,S,643.15,1,96
2021-06-15 14:56:31,S,643.45,1,47
2021-06-15 14:56:43,S,643.0,3,598
2021-06-15 14:56:43,S,643.15,1,10
2021-06-15 14:56:43,S,643.25,1,10
2021-06-15 14:56:43,S,642.75,1,7
2021-06-15 14:56:43,S,642.7,1,75
2021-06-15 14:56:44,S,643.0,3,548
2021-06-15 14:56:44,S,643.45,2,57
2021-06-15 14:56:44,S,642.65,4,217
2021-06-15 14:56:44,S,642.55,3,211
2021-06-15 14:56:51,S,642.95,2,48
2021-06-15 14:56:51,S,643.1,1,10
2021-06-15 14:56:51,S,643.2,1,10
2021-06-15 14:56:54,S,642.95,2,42
2021-06-15 14:56:54,S,643.3,1,4
2021-06-15 14:56:54,S,643.35,2,15
2021-06-15 14:56:54,S,642.65,3,210
2021-06-15 14:56:54,S,642.55,4,218
2021-06-15 14:57:00,S,642.95,3,167
2021-06-15 14:57:01,S,642.7,2,69
2021-06-15 14:57:01,S,642.65,2,209
2021-06-15 14:57:01,S,642.55,3,217
2021-06-15 14:57:07,S,642.95,2,117
2021-06-15 14:57:07,S,643.35,2,17
2021-06-15 14:57:07,S,642.8,1,100
2021-06-15 14:57:07,S,642.65,1,150
2021-06-15 14:57:08,S,642.95,2,110
2021-06-15 14:57:08,S,642.65,6,173
2021-06-15 14:57:16,S,642.95,3,149
2021-06-15 14:57:24,S,643.0,2,502
2021-06-15 14:57:33,S,642.95,3,141
2021-06-15 14:57:33,S,643.35,1,10
2021-06-15 14:57:36,S,643.3,1,5
2021-06-15 14:57:36,S,643.35,2,85
2021-06-15 14:57:36,S,642.8,2,107
2021-06-15 14:57:36,S,642.75,2,84
2021-06-15 14:57:36,S,642.7,1,62
2021-06-15 14:57:36,S,642.65,24,261
2021-06-15 14:57:36,S,642.6,2,35
2021-06-15 14:57:37,S,642.65,24,267
2021-06-15 14:57:50,S,642.8,1,133
2021-06-15 14:57:50,S,643.0,4,556
2021-06-15 14:57:50,S,643.05,1,10
2021-06-15 14:58:15,S,642.8,1,98
2021-06-15 14:58:15,S,642.75,1,77
2021-06-15 14:58:15,S,642.7,2,72
2021-06-15 14:58:15,S,642.6,2,32
2021-06-15 14:58:18,S,642.7,2,19
2021-06-15 14:58:18,S,642.65,23,260
2021-06-15 14:58:22,S,642.8,2,498
2021-06-15 14:58:24,S,642.8,2,478
2021-06-15 14:58:33,S,642.8,2,476
2021-06-15 14:58:36,S,642.8,2,468
2021-06-15 14:58:40,S,642.8,2,463
2021-06-15 14:58:40,S,642.95,5,154
2021-06-15 14:58:40,S,643.0,3,552
2021-06-15 14:58:40,S,643.1,2,125
2021-06-15 14:58:41,S,643.05,1,7
2021-06-15 14:58:48,S,642.8,2,593
2021-06-15 14:58:48,S,642.9,1,4
2021-06-15 14:58:48,S,642.95,4,150
2021-06-15 14:58:48,S,643.05,2,17
2021-06-15 14:58:48,S,642.65,23,229
2021-06-15 14:58:48,S,642.55,3,287
2021-06-15 14:58:51,S,642.8,1,39
2021-06-15 14:58:51,S,642.6,2,74
2021-06-15 14:58:51,S,642.5,17,709
2021-06-15 14:58:51,S,642.45,1,1
2021-06-15 14:58:58,S,643.15,2,93
2021-06-15 14:58:58,S,642.5,17,750
2021-06-15 14:59:01,S,642.8,1,250
2021-06-15 14:59:01,S,642.95,4,144
2021-06-15 14:59:01,S,642.25,2,14
2021-06-15 14:59:06,S,642.8,1,249
2021-06-15 14:59:06,S,643.05,1,11
2021-06-15 14:59:12,S,643.0,4,592
2021-06-15 14:59:12,S,642.65,25,453
2021-06-15 14:59:29,S,642.65,25,403
2021-06-15 14:59:45,S,642.8,1,242
2021-06-15 14:59:45,S,642.65,25,383
2021-06-15 14:59:45,S,642.4,3,17
2021-06-15 14:59:50,S,642.75,1,15
2021-06-15 14:59:50,S,642.8,1,87
2021-06-15 14:59:54,S,642.5,16,702
2021-06-15 15:00:00,S,642.8,1,52
2021-06-15 15:00:03,S,642.8,1,51
2021-06-15 15:00:03,S,642.65,25,358
2021-06-15 15:00:06,S,642.8,1,49
2021-06-15 15:00:06,S,642.9,1,7
2021-06-15 15:00:15,S,642.8,1,42
2021-06-15 15:00:15,S,642.9,2,18
2021-06-15 15:00:24,S,642.8,2,67
2021-06-15 15:00:26,S,642.8,2,206
2021-06-15 15:00:36,S,642.9,1,11
2021-06-15 15:00:36,S,642.65,10,267
2021-06-15 15:00:57,S,642.8,4,238
2021-06-15 15:01:00,S,642.8,3,217
2021-06-15 15:01:06,S,642.8,3,173
2021-06-15 15:01:06,S,642.95,3,98
2021-06-15 15:01:06,S,643.05,1,15
2021-06-15 15:01:06,S,642.65,5,387
2021-06-15 15:01:14,S,642.65,7,417
2021-06-15 15:01:20,S,642.8,3,65
2021-06-15 15:01:20,S,642.85,1,16
2021-06-15 15:01:20,S,643.0,6,703
2021-06-15 15:01:20,S,642.65,6,377
2021-06-15 15:01:20,S,642.5,17,752
2021-06-15 15:01:20,S,642.4,1,7
2021-06-15 15:01:22,S,642.95,2,94
2021-06-15 15:01:22,S,643.1,2,121
2021-06-15 15:01:30,S,642.8,1,34
2021-06-15 15:01:33,S,642.8,2,39
2021-06-15 15:01:57,S,642.95,3,140
2021-06-15 15:01:57,S,643.15,2,103
2021-06-15 15:01:57,S,642.8,3,49
2021-06-15 15:02:00,S,642.95,3,130
2021-06-15 15:02:00,S,642.8,4,199
2021-06-15 15:02:01,S,642.6,2,71
2021-06-15 15:02:06,S,642.95,3,125
2021-06-15 15:02:09,S,642.55,2,210
2021-06-15 15:02:16,S,642.95,3,118
2021-06-15 15:02:16,S,642.8,5,184
2021-06-15 15:02:24,S,642.8,4,174
2021-06-15 15:02:24,S,642.6,2,40
2021-06-15 15:02:34,S,642.95,2,10
2021-06-15 15:02:34,S,643.0,5,692
2021-06-15 15:02:34,S,643.1,1,75
2021-06-15 15:02:34,S,643.15,1,92
2021-06-15 15:02:34,S,642.8,4,173
2021-06-15 15:02:34,S,642.65,6,303
2021-06-15 15:02:35,S,643.1,3,136
2021-06-15 15:02:38,S,642.65,5,288
2021-06-15 15:02:45,S,642.8,2,73
2021-06-15 15:02:55,S,642.95,1,41
2021-06-15 15:02:58,S,642.95,2,32
2021-06-15 15:02:58,S,643.0,4,1019
2021-06-15 15:02:58,S,642.8,3,83
2021-06-15 15:03:06,S,642.95,2,9
2021-06-15 15:03:06,S,642.8,3,33
2021-06-15 15:03:11,S,642.95,1,1
2021-06-15 15:03:11,S,643.0,5,1029
2021-06-15 15:03:11,S,643.05,2,19
2021-06-15 15:03:11,S,643.1,1,46
2021-06-15 15:03:11,S,643.15,1,109
2021-06-15 15:03:11,S,642.8,3,32
2021-06-15 15:03:11,S,642.65,4,279
2021-06-15 15:03:11,S,642.55,1,200
2021-06-15 15:03:20,S,643.0,5,1010
2021-06-15 15:03:20,S,643.15,2,124
2021-06-15 15:03:22,S,643.25,1,4
2021-06-15 15:03:22,S,643.4,1,25
2021-06-15 15:03:37,S,643.0,3,920
2021-06-15 15:03:37,S,643.05,1,4
2021-06-15 15:03:37,S,643.1,1,11
2021-06-15 15:03:37,S,643.2,1,11
2021-06-15 15:03:40,S,643.15,1,105
2021-06-15 15:03:47,S,643.0,3,900
2021-06-15 15:03:47,S,643.25,2,50
2021-06-15 15:03:47,S,643.3,2,26
2021-06-15 15:03:47,S,643.35,1,5
2021-06-15 15:03:47,S,643.4,2,37
2021-06-15 15:03:47,S,642.7,1,73
2021-06-15 15:03:47,S,642.65,3,259
2021-06-15 15:03:48,S,643.15,1,11
2021-06-15 15:03:48,S,643.3,1,15
2021-06-15 15:03:52,S,642.65,4,307
2021-06-15 15:03:55,S,643.0,2,845
2021-06-15 15:03:55,S,643.1,1,4
2021-06-15 15:03:55,S,643.15,2,113
2021-06-15 15:03:55,S,643.2,1,15
2021-06-15 15:03:55,S,643.25,2,57
2021-06-15 15:03:55,S,642.95,1,50
2021-06-15 15:03:55,S,642.8,1,2
2021-06-15 15:03:55,S,642.7,1,77
2021-06-15 15:03:55,S,642.65,2,249
2021-06-15 15:03:55,S,642.6,1,25
