2021-06-15 06:40:36,S,85.6,3,1217
2021-06-15 09:00:04,S,87.0,1,40
2021-06-15 09:00:04,S,88.25,1,50
2021-06-15 09:00:04,S,88.4,1,32
2021-06-15 09:00:04,S,89.0,1,180
2021-06-15 09:00:04,S,0.0,0,0
2021-06-15 09:00:04,S,83.0,1,11
2021-06-15 09:00:04,S,82.2,1,10
2021-06-15 09:00:04,S,82.0,2,380
2021-06-15 09:00:12,S,88.0,4,421
2021-06-15 09:00:12,S,0.0,1,500
2021-06-15 09:00:12,S,85.6,2,160
2021-06-15 09:00:18,S,87.0,2,41
2021-06-15 09:00:18,S,86.0,3,200250
2021-06-15 09:00:18,S,0.0,1,17
2021-06-15 09:00:40,S,87.8,1,800
2021-06-15 09:01:19,S,86.0,5,200320
2021-06-15 09:01:31,S,88.0,1,4000
2021-06-15 09:01:39,S,89.0,1,4000
2021-06-15 09:01:55,S,90.0,1,4000
2021-06-15 09:02:07,S,0.0,2,21
2021-06-15 09:02:22,S,0.0,2,600
2021-06-15 09:02:22,S,0.0,3,1221
2021-06-15 09:03:02,S,87.0,3,42
2021-06-15 09:03:10,S,86.9,1,5000
2021-06-15 09:03:36,S,95.0,1,4000
2021-06-15 09:03:40,S,94.0,1,4000
2021-06-15 09:03:40,S,93.0,1,4000
2021-06-15 09:03:40,S,92.0,1,4000
2021-06-15 09:03:43,S,87.0,4,142
2021-06-15 09:03:43,S,90.0,2,5000
2021-06-15 09:03:43,S,89.05,1,2500
2021-06-15 09:04:01,S,87.5,1,100
2021-06-15 09:04:09,S,0.0,4,1278
2021-06-15 09:04:23,S,87.0,5,442
2021-06-15 09:04:27,S,87.0,6,1442
2021-06-15 09:04:34,S,86.1,1,625
2021-06-15 09:04:38,S,0.0,4,1279
2021-06-15 09:04:51,S,86.0,1,200
2021-06-15 09:04:58,S,86.0,2,700
2021-06-15 09:05:01,S,86.4,1,520
2021-06-15 09:05:04,S,86.6,1,4
2021-06-15 09:05:04,S,0.0,5,2288
2021-06-15 09:05:25,S,87.0,1,500
2021-06-15 09:05:25,S,0.0,4,1088
2021-06-15 09:05:43,S,0.0,4,409
2021-06-15 09:05:59,S,86.0,3,750
2021-06-15 09:06:20,S,0.0,4,1240
2021-06-15 09:06:23,S,88.0,1,2000
2021-06-15 09:06:32,S,87.0,2,600
2021-06-15 09:06:32,S,0.0,5,1418
2021-06-15 09:06:35,S,85.8,1,200
2021-06-15 09:06:54,S,0.0,6,1430
2021-06-15 09:07:01,S,82.0,1,100
2021-06-15 09:07:08,S,78.3,1,50
2021-06-15 09:07:08,S,82.0,2,165
2021-06-15 09:07:08,S,83.9,1,1
2021-06-15 09:07:08,S,0.0,3,690
2021-06-15 09:07:08,S,89.0,1,100
2021-06-15 09:07:08,S,88.0,2,2100
2021-06-15 09:07:08,S,87.35,1,2
2021-06-15 09:07:08,S,87.0,3,5600
2021-06-15 09:07:08,S,0.0,5,1100
2021-06-15 09:15:05,S,86.3,2,165
2021-06-15 09:15:05,S,86.8,1,200
2021-06-15 09:15:05,S,86.9,4,1442
2021-06-15 09:15:05,S,86.95,1,5000
2021-06-15 09:15:05,S,86.0,7,1030
2021-06-15 09:15:05,S,85.65,1,2000
2021-06-15 09:15:05,S,85.5,2,10500
2021-06-15 09:15:15,S,86.3,1,468
2021-06-15 09:15:15,S,86.35,1,111
2021-06-15 09:15:15,S,86.5,1,1500
2021-06-15 09:15:15,S,86.7,1,289
2021-06-15 09:15:15,S,86.75,1,171
2021-06-15 09:15:15,S,86.25,1,120
2021-06-15 09:15:15,S,85.95,1,334
2021-06-15 09:15:15,S,85.9,1,45
2021-06-15 09:15:15,S,85.85,2,304
2021-06-15 09:15:22,S,86.05,1,26
2021-06-15 09:15:22,S,86.15,1,468
2021-06-15 09:15:22,S,86.2,1,31
2021-06-15 09:15:22,S,86.25,2,525
2021-06-15 09:15:22,S,86.3,1,2000
2021-06-15 09:15:22,S,85.85,3,314
2021-06-15 09:15:22,S,85.8,1,600
2021-06-15 09:15:22,S,85.7,2,271
2021-06-15 09:15:22,S,85.65,2,2001
2021-06-15 09:15:30,S,85.85,1,407
2021-06-15 09:15:30,S,85.9,3,653
2021-06-15 09:15:30,S,86.0,1,509
2021-06-15 09:15:30,S,86.2,2,460
2021-06-15 09:15:30,S,85.75,1,85
2021-06-15 09:15:30,S,85.7,1,289
2021-06-15 09:15:30,S,85.65,1,506
2021-06-15 09:15:30,S,85.55,2,205
2021-06-15 09:15:36,S,85.8,1,468
2021-06-15 09:15:36,S,85.85,2,861
2021-06-15 09:15:36,S,85.95,1,171
2021-06-15 09:15:36,S,86.0,1,2000
2021-06-15 09:15:36,S,85.7,2,110
2021-06-15 09:15:36,S,85.65,1,421
2021-06-15 09:15:36,S,85.55,2,578
2021-06-15 09:15:41,S,85.7,2,1740
2021-06-15 09:15:41,S,85.75,1,37
2021-06-15 09:15:41,S,85.8,1,171
2021-06-15 09:15:41,S,85.85,2,829
2021-06-15 09:15:41,S,85.65,1,10
2021-06-15 09:15:41,S,85.6,3,123
2021-06-15 09:15:41,S,85.5,3,10600
2021-06-15 09:15:41,S,85.4,2,1792
2021-06-15 09:15:57,S,85.65,3,1106
2021-06-15 09:15:57,S,85.7,1,1022
2021-06-15 09:15:57,S,85.75,4,438
2021-06-15 09:15:57,S,85.8,2,575
2021-06-15 09:15:57,S,85.9,2,185
2021-06-15 09:15:57,S,85.5,3,1939
2021-06-15 09:15:57,S,85.4,1,100
2021-06-15 09:15:57,S,85.35,1,171
2021-06-15 09:15:57,S,85.3,2,1770
2021-06-15 09:16:08,S,85.25,2,971
2021-06-15 09:16:08,S,85.35,1,468
2021-06-15 09:16:08,S,85.4,1,116
2021-06-15 09:16:08,S,85.05,2,299
2021-06-15 09:16:08,S,85.0,10,2324
2021-06-15 09:16:08,S,84.95,2,271
2021-06-15 09:16:08,S,84.9,2,1653
2021-06-15 09:16:08,S,84.8,5,2170
2021-06-15 09:16:15,S,84.8,2,1311
2021-06-15 09:16:15,S,84.9,2,668
2021-06-15 09:16:15,S,84.95,1,171
2021-06-15 09:16:15,S,85.0,4,2901
2021-06-15 09:16:15,S,85.05,1,1
2021-06-15 09:16:15,S,84.7,2,61
2021-06-15 09:16:15,S,84.65,2,427
2021-06-15 09:16:15,S,84.6,2,1165
2021-06-15 09:16:15,S,84.55,2,134
2021-06-15 09:16:15,S,84.5,5,5451
2021-06-15 09:16:22,S,85.0,2,1500
2021-06-15 09:16:22,S,85.05,1,73
2021-06-15 09:16:22,S,85.15,1,4
2021-06-15 09:16:22,S,85.2,3,434
2021-06-15 09:16:22,S,84.95,1,325
2021-06-15 09:16:22,S,84.85,2,258
2021-06-15 09:16:22,S,84.8,1,289
2021-06-15 09:16:22,S,84.65,1,468
2021-06-15 09:16:22,S,84.6,2,223
2021-06-15 09:16:24,S,85.4,1,134
2021-06-15 09:16:24,S,85.5,4,3106
2021-06-15 09:16:24,S,85.55,1,59
2021-06-15 09:16:24,S,85.35,2,311
2021-06-15 09:16:24,S,85.1,2,633
2021-06-15 09:16:24,S,85.0,4,8279
2021-06-15 09:16:34,S,85.45,2,500
2021-06-15 09:16:34,S,85.5,4,3043
2021-06-15 09:16:34,S,85.6,2,118
2021-06-15 09:16:34,S,85.65,3,340
2021-06-15 09:16:34,S,85.35,1,211
2021-06-15 09:16:34,S,85.3,1,176
2021-06-15 09:16:34,S,85.25,2,379
2021-06-15 09:16:34,S,85.15,1,234
2021-06-15 09:16:34,S,85.1,3,563
2021-06-15 09:16:39,S,85.35,1,300
2021-06-15 09:16:39,S,85.45,2,788
2021-06-15 09:16:39,S,85.5,3,2105
2021-06-15 09:16:39,S,85.55,2,160
2021-06-15 09:16:39,S,85.25,2,398
2021-06-15 09:16:39,S,85.1,2,274
2021-06-15 09:16:39,S,85.05,3,550
2021-06-15 09:16:47,S,85.35,1,174
2021-06-15 09:16:47,S,85.4,1,283
2021-06-15 09:16:47,S,85.55,3,164
2021-06-15 09:16:47,S,85.3,2,110
2021-06-15 09:16:47,S,85.25,3,857
2021-06-15 09:16:47,S,85.2,2,375
2021-06-15 09:16:47,S,85.1,3,445
2021-06-15 09:16:53,S,85.3,1,198
2021-06-15 09:16:53,S,85.35,2,283
2021-06-15 09:16:53,S,85.4,3,667
2021-06-15 09:16:53,S,85.45,3,1788
2021-06-15 09:16:53,S,85.15,2,244
2021-06-15 09:16:53,S,85.0,8,26508
2021-06-15 09:16:53,S,84.95,2,555
2021-06-15 09:16:58,S,85.2,1,69
2021-06-15 09:16:58,S,85.25,1,43
2021-06-15 09:16:58,S,85.3,1,505
2021-06-15 09:16:58,S,85.4,2,572
2021-06-15 09:16:58,S,85.15,2,423
2021-06-15 09:16:58,S,85.1,2,402
2021-06-15 09:16:58,S,85.05,3,539
2021-06-15 09:16:58,S,85.0,7,26297
2021-06-15 09:16:58,S,84.95,3,558
2021-06-15 09:17:06,S,85.3,1,117
2021-06-15 09:17:06,S,85.35,3,343
2021-06-15 09:17:06,S,85.4,3,775
2021-06-15 09:17:06,S,85.45,3,1388
2021-06-15 09:17:06,S,85.5,2,2101
2021-06-15 09:17:06,S,85.2,4,480
2021-06-15 09:17:06,S,85.15,2,194
2021-06-15 09:17:06,S,85.05,2,4160
2021-06-15 09:17:06,S,85.0,8,26395
2021-06-15 09:17:12,S,85.85,2,294
2021-06-15 09:17:12,S,86.0,5,1566
2021-06-15 09:17:12,S,86.1,1,34
2021-06-15 09:17:12,S,86.15,5,570
2021-06-15 09:17:12,S,85.75,3,588
2021-06-15 09:17:12,S,85.55,1,171
2021-06-15 09:17:12,S,85.5,2,14758
2021-06-15 09:17:12,S,85.4,3,156
2021-06-15 09:17:19,S,85.9,4,403
2021-06-15 09:17:19,S,85.95,2,263
2021-06-15 09:17:19,S,86.0,4,566
2021-06-15 09:17:19,S,86.1,2,323
2021-06-15 09:17:19,S,86.15,5,616
2021-06-15 09:17:19,S,85.75,3,514
2021-06-15 09:17:19,S,85.7,2,664
2021-06-15 09:17:19,S,85.55,4,1119
2021-06-15 09:17:19,S,85.5,1,14757
2021-06-15 09:17:19,S,85.35,3,156
2021-06-15 09:17:24,S,86.0,2,300
2021-06-15 09:17:24,S,86.15,2,210
2021-06-15 09:17:24,S,86.2,1,164
2021-06-15 09:17:24,S,86.25,3,330
2021-06-15 09:17:24,S,85.9,3,443
2021-06-15 09:17:24,S,85.8,2,570
2021-06-15 09:17:24,S,85.75,2,409
2021-06-15 09:17:24,S,85.65,2,409
2021-06-15 09:17:31,S,86.15,3,459
2021-06-15 09:17:31,S,86.2,3,738
2021-06-15 09:17:31,S,86.25,4,332
2021-06-15 09:17:31,S,86.3,4,3227
2021-06-15 09:17:31,S,86.4,5,1882
2021-06-15 09:17:31,S,86.0,2,419
2021-06-15 09:17:31,S,85.95,2,299
2021-06-15 09:17:31,S,85.85,3,1654
2021-06-15 09:17:31,S,85.8,2,290
2021-06-15 09:17:34,S,86.15,2,189
2021-06-15 09:17:34,S,86.2,2,441
2021-06-15 09:17:34,S,86.25,4,471
2021-06-15 09:17:34,S,86.3,3,1337
2021-06-15 09:17:34,S,85.95,2,66
2021-06-15 09:17:34,S,85.9,3,1843
2021-06-15 09:17:34,S,85.85,2,1530
2021-06-15 09:17:34,S,85.75,3,509
2021-06-15 09:17:34,S,85.65,3,410
2021-06-15 09:17:43,S,86.3,3,1331
2021-06-15 09:17:43,S,86.35,2,189
2021-06-15 09:17:43,S,86.4,2,276
2021-06-15 09:17:43,S,86.45,2,29
2021-06-15 09:17:43,S,86.2,2,299
2021-06-15 09:17:43,S,86.15,3,836
2021-06-15 09:17:43,S,86.1,2,310
2021-06-15 09:17:43,S,86.05,2,353
2021-06-15 09:17:43,S,86.0,4,14988
2021-06-15 09:17:47,S,86.5,2,177
2021-06-15 09:17:47,S,86.6,1,171
2021-06-15 09:17:47,S,86.65,2,389
2021-06-15 09:17:47,S,86.7,4,1774
2021-06-15 09:17:47,S,86.2,3,228
2021-06-15 09:17:47,S,86.1,2,331
2021-06-15 09:17:47,S,86.05,2,471
2021-06-15 09:17:47,S,86.0,7,16513
2021-06-15 09:17:53,S,86.6,1,348
2021-06-15 09:17:53,S,86.7,4,189
2021-06-15 09:17:53,S,86.75,1,100
2021-06-15 09:17:53,S,86.8,8,3479
2021-06-15 09:17:53,S,86.55,1,58
2021-06-15 09:17:53,S,86.5,1,2500
2021-06-15 09:17:53,S,86.3,1,160
2021-06-15 09:17:53,S,86.25,2,203
2021-06-15 09:18:00,S,86.5,3,852
2021-06-15 09:18:00,S,86.6,2,439
2021-06-15 09:18:00,S,86.65,2,104
2021-06-15 09:18:00,S,86.7,3,319
2021-06-15 09:18:00,S,86.75,3,410
2021-06-15 09:18:00,S,86.2,4,490
2021-06-15 09:18:00,S,86.15,3,893
2021-06-15 09:18:00,S,86.1,4,254
2021-06-15 09:18:00,S,86.0,7,16423
2021-06-15 09:18:06,S,86.9,3,383
2021-06-15 09:18:06,S,86.95,2,477
2021-06-15 09:18:06,S,87.0,13,3943
2021-06-15 09:18:06,S,87.05,5,381
2021-06-15 09:18:06,S,87.1,3,2103
2021-06-15 09:18:06,S,86.65,1,116
2021-06-15 09:18:06,S,86.6,3,814
2021-06-15 09:18:06,S,86.55,5,1029
2021-06-15 09:18:06,S,86.5,3,15209
2021-06-15 09:18:06,S,86.3,1,57
2021-06-15 09:18:12,S,87.05,2,153
2021-06-15 09:18:12,S,87.1,2,386
2021-06-15 09:18:12,S,87.2,2,459
2021-06-15 09:18:12,S,87.25,3,486
2021-06-15 09:18:12,S,86.8,4,477
2021-06-15 09:18:12,S,86.75,3,549
2021-06-15 09:18:12,S,86.7,2,531
2021-06-15 09:18:12,S,86.6,1,211
2021-06-15 09:18:18,S,87.0,1,723
2021-06-15 09:18:18,S,87.05,1,208
2021-06-15 09:18:18,S,87.1,1,179
2021-06-15 09:18:18,S,87.2,1,286
2021-06-15 09:18:18,S,86.95,1,9
2021-06-15 09:18:18,S,86.9,4,870
2021-06-15 09:18:18,S,86.85,4,316
2021-06-15 09:18:18,S,86.8,1,302
2021-06-15 09:18:18,S,86.75,3,663
2021-06-15 09:18:24,S,86.95,2,112
2021-06-15 09:18:24,S,87.0,2,1083
2021-06-15 09:18:24,S,87.1,2,391
2021-06-15 09:18:24,S,87.2,2,352
2021-06-15 09:18:24,S,86.85,4,138
2021-06-15 09:18:24,S,86.8,2,207
2021-06-15 09:18:24,S,86.75,3,878
2021-06-15 09:18:24,S,86.6,2,212
2021-06-15 09:18:30,S,87.0,2,632
2021-06-15 09:18:30,S,87.1,1,29
2021-06-15 09:18:30,S,87.15,2,189
2021-06-15 09:18:30,S,87.2,2,425
2021-06-15 09:18:30,S,87.25,3,557
2021-06-15 09:18:30,S,86.9,3,96
2021-06-15 09:18:30,S,86.85,1,167
2021-06-15 09:18:30,S,86.8,2,221
2021-06-15 09:18:30,S,86.75,2,578
2021-06-15 09:18:30,S,86.7,3,979
2021-06-15 09:18:36,S,87.25,2,129
2021-06-15 09:18:36,S,87.3,2,379
2021-06-15 09:18:36,S,87.35,2,445
2021-06-15 09:18:36,S,87.4,2,189
2021-06-15 09:18:36,S,87.45,3,498
2021-06-15 09:18:36,S,87.05,4,674
2021-06-15 09:18:36,S,87.0,3,16915
2021-06-15 09:18:36,S,86.95,2,502
2021-06-15 09:18:36,S,86.9,1,15
2021-06-15 09:18:36,S,86.85,1,201
2021-06-15 09:18:42,S,87.3,2,322
2021-06-15 09:18:42,S,87.35,1,58
2021-06-15 09:18:42,S,87.4,1,89
2021-06-15 09:18:42,S,87.45,3,502
2021-06-15 09:18:42,S,87.5,3,589
2021-06-15 09:18:42,S,87.15,2,211
2021-06-15 09:18:42,S,87.1,1,300
2021-06-15 09:18:42,S,87.0,4,16965
2021-06-15 09:18:42,S,86.95,3,105
2021-06-15 09:18:48,S,87.3,3,330
2021-06-15 09:18:48,S,87.35,3,811
2021-06-15 09:18:48,S,87.45,3,713
2021-06-15 09:18:48,S,87.5,3,1300
2021-06-15 09:18:48,S,87.15,1,29
2021-06-15 09:18:48,S,87.1,1,167
2021-06-15 09:18:48,S,87.05,2,456
2021-06-15 09:18:48,S,87.0,5,17265
2021-06-15 09:18:48,S,86.95,2,172
2021-06-15 09:18:53,S,87.25,1,50
2021-06-15 09:18:53,S,87.3,2,272
2021-06-15 09:18:53,S,87.35,3,461
2021-06-15 09:18:53,S,87.45,4,791
2021-06-15 09:18:53,S,87.15,1,270
2021-06-15 09:18:53,S,87.1,2,317
2021-06-15 09:18:53,S,87.05,2,577
2021-06-15 09:18:53,S,87.0,7,17571
2021-06-15 09:18:53,S,86.9,5,1404
2021-06-15 09:18:58,S,87.25,2,1058
2021-06-15 09:18:58,S,87.3,5,851
2021-06-15 09:18:58,S,87.35,2,336
2021-06-15 09:18:58,S,87.4,4,889
2021-06-15 09:18:58,S,87.45,5,916
2021-06-15 09:18:58,S,87.1,1,296
2021-06-15 09:18:58,S,87.05,2,200
2021-06-15 09:18:58,S,87.0,7,17515
2021-06-15 09:18:58,S,86.95,2,496
2021-06-15 09:18:58,S,86.9,4,1323
2021-06-15 09:19:06,S,87.2,1,4
2021-06-15 09:19:06,S,87.25,4,1532
2021-06-15 09:19:06,S,87.3,6,1851
2021-06-15 09:19:06,S,87.4,3,482
2021-06-15 09:19:06,S,87.45,4,745
2021-06-15 09:19:06,S,87.15,2,122
2021-06-15 09:19:06,S,87.1,2,353
2021-06-15 09:19:06,S,87.05,2,293
2021-06-15 09:19:06,S,87.0,8,18203
2021-06-15 09:19:06,S,86.95,1,289
2021-06-15 09:19:09,S,87.4,2,311
2021-06-15 09:19:09,S,87.45,4,382
2021-06-15 09:19:09,S,87.5,6,1641
2021-06-15 09:19:09,S,87.55,1,100
2021-06-15 09:19:09,S,87.6,5,4071
2021-06-15 09:19:09,S,87.3,2,5348
2021-06-15 09:19:09,S,87.2,1,171
2021-06-15 09:19:09,S,87.15,4,584
2021-06-15 09:19:09,S,87.05,4,1504
2021-06-15 09:19:09,S,87.0,7,18153
2021-06-15 09:19:17,S,87.15,1,515
2021-06-15 09:19:17,S,87.2,4,748
2021-06-15 09:19:17,S,87.25,5,995
2021-06-15 09:19:17,S,87.3,3,601
2021-06-15 09:19:17,S,87.35,1,235
2021-06-15 09:19:17,S,87.0,7,18015
2021-06-15 09:19:17,S,86.95,2,520
2021-06-15 09:19:17,S,86.85,2,466
2021-06-15 09:19:22,S,87.2,1,5
2021-06-15 09:19:22,S,87.25,4,545
2021-06-15 09:19:22,S,87.3,4,801
2021-06-15 09:19:22,S,87.35,2,524
2021-06-15 09:19:22,S,87.05,2,107
2021-06-15 09:19:22,S,86.9,2,1299
2021-06-15 09:19:22,S,86.85,6,975
2021-06-15 09:19:27,S,87.25,3,954
2021-06-15 09:19:27,S,87.3,6,1208
2021-06-15 09:19:27,S,87.35,1,251
2021-06-15 09:19:27,S,87.15,1,409
2021-06-15 09:19:27,S,87.05,2,322
2021-06-15 09:19:27,S,87.0,10,19212
2021-06-15 09:19:27,S,86.95,2,402
2021-06-15 09:19:27,S,86.9,5,1455
2021-06-15 09:19:34,S,87.2,2,368
2021-06-15 09:19:34,S,87.25,6,1529
2021-06-15 09:19:34,S,87.3,6,1051
2021-06-15 09:19:34,S,87.4,4,719
2021-06-15 09:19:34,S,87.45,3,535
2021-06-15 09:19:34,S,87.15,1,190
2021-06-15 09:19:34,S,87.1,3,622
2021-06-15 09:19:34,S,87.05,2,393
2021-06-15 09:19:34,S,87.0,9,18975
2021-06-15 09:19:34,S,86.95,2,528
2021-06-15 09:19:38,S,86.65,2,303
2021-06-15 09:19:38,S,86.7,2,572
2021-06-15 09:19:38,S,86.8,3,714
2021-06-15 09:19:38,S,86.85,2,770
2021-06-15 09:19:38,S,86.9,3,371
2021-06-15 09:19:38,S,86.55,3,141
2021-06-15 09:19:38,S,86.4,1,100
2021-06-15 09:19:42,S,86.75,1,289
2021-06-15 09:19:42,S,86.9,1,62
2021-06-15 09:19:42,S,86.95,2,419
2021-06-15 09:19:47,S,86.7,1,1
2021-06-15 09:19:47,S,86.75,2,344
2021-06-15 09:19:47,S,86.8,2,527
2021-06-15 09:19:47,S,86.85,3,1025
2021-06-15 09:19:47,S,86.9,1,1
2021-06-15 09:19:47,S,86.55,3,310
2021-06-15 09:19:47,S,86.4,2,377
2021-06-15 09:19:47,S,86.35,1,171
2021-06-15 09:19:57,S,86.8,2,86
2021-06-15 09:19:57,S,86.95,4,746
2021-06-15 09:19:57,S,87.0,6,1636
2021-06-15 09:19:57,S,87.05,3,781
2021-06-15 09:19:57,S,87.1,3,277
2021-06-15 09:19:57,S,86.65,2,132
2021-06-15 09:19:57,S,86.6,2,389
2021-06-15 09:19:57,S,86.55,2,575
2021-06-15 09:19:57,S,86.5,3,761
2021-06-15 09:19:57,S,86.45,2,386
2021-06-15 09:20:00,S,86.8,2,265
2021-06-15 09:20:00,S,86.85,4,1003
2021-06-15 09:20:00,S,86.95,3,462
2021-06-15 09:20:00,S,87.0,4,498
2021-06-15 09:20:00,S,87.05,6,1097
2021-06-15 09:20:00,S,86.5,2,296
2021-06-15 09:20:00,S,86.45,2,578
2021-06-15 09:20:00,S,86.35,2,460
2021-06-15 09:20:00,S,86.3,7,2423
2021-06-15 09:20:04,S,86.7,1,77
2021-06-15 09:20:04,S,86.75,3,655
2021-06-15 09:20:04,S,86.8,1,515
2021-06-15 09:20:04,S,86.85,3,854
2021-06-15 09:20:04,S,86.9,5,2275
2021-06-15 09:20:04,S,86.45,2,117
2021-06-15 09:20:12,S,86.75,4,933
2021-06-15 09:20:12,S,86.8,3,1119
2021-06-15 09:20:12,S,86.95,7,1118
2021-06-15 09:20:12,S,86.45,3,120
2021-06-15 09:20:12,S,86.3,4,2267
2021-06-15 09:20:20,S,86.8,2,123
2021-06-15 09:20:20,S,86.85,3,297
2021-06-15 09:20:20,S,86.9,2,2119
2021-06-15 09:20:20,S,86.95,5,1477
2021-06-15 09:20:20,S,87.0,8,4402
2021-06-15 09:20:20,S,86.6,2,103
2021-06-15 09:20:20,S,86.55,3,351
2021-06-15 09:20:20,S,86.5,3,1067
2021-06-15 09:20:26,S,86.75,1,6
2021-06-15 09:20:26,S,86.8,1,117
2021-06-15 09:20:26,S,86.85,2,126
2021-06-15 09:20:26,S,86.9,4,2995
2021-06-15 09:20:26,S,86.95,4,962
2021-06-15 09:20:26,S,86.55,2,351
2021-06-15 09:20:26,S,86.5,3,889
2021-06-15 09:20:26,S,86.4,3,610
2021-06-15 09:20:26,S,86.3,6,2473
2021-06-15 09:20:32,S,86.75,3,278
2021-06-15 09:20:32,S,86.8,4,2751
2021-06-15 09:20:32,S,86.9,4,2852
2021-06-15 09:20:32,S,86.95,6,974
2021-06-15 09:20:32,S,86.55,1,98
2021-06-15 09:20:32,S,86.5,3,220
2021-06-15 09:20:32,S,86.45,1,6
2021-06-15 09:20:32,S,86.35,2,578
2021-06-15 09:20:36,S,86.6,2,186
2021-06-15 09:20:36,S,86.65,2,219
2021-06-15 09:20:36,S,86.75,4,632
2021-06-15 09:20:36,S,86.8,4,2463
2021-06-15 09:20:36,S,86.45,2,108
2021-06-15 09:20:36,S,86.4,2,332
2021-06-15 09:20:36,S,86.35,3,867
2021-06-15 09:20:36,S,86.3,4,2189
2021-06-15 09:20:36,S,86.25,2,221
2021-06-15 09:20:42,S,86.35,1,12
2021-06-15 09:20:42,S,86.4,1,4361
2021-06-15 09:20:42,S,86.5,1,500
2021-06-15 09:20:42,S,86.3,5,2221
2021-06-15 09:20:42,S,86.25,1,50
2021-06-15 09:20:42,S,86.2,1,9
2021-06-15 09:20:42,S,86.15,3,678
2021-06-15 09:20:42,S,86.1,4,2292
2021-06-15 09:20:49,S,86.25,1,12
2021-06-15 09:20:49,S,86.3,2,2728
2021-06-15 09:20:49,S,86.35,2,814
2021-06-15 09:20:49,S,86.4,1,277
2021-06-15 09:20:49,S,86.45,3,614
2021-06-15 09:20:49,S,86.1,3,346
2021-06-15 09:20:49,S,86.05,2,415
2021-06-15 09:20:49,S,86.0,10,3520
2021-06-15 09:20:49,S,85.9,5,2128
2021-06-15 09:20:53,S,86.4,2,1526
2021-06-15 09:20:53,S,86.45,3,890
2021-06-15 09:20:53,S,86.5,3,378
2021-06-15 09:20:53,S,86.6,6,2090
2021-06-15 09:20:53,S,86.65,3,878
2021-06-15 09:20:53,S,86.15,1,46
2021-06-15 09:20:53,S,86.0,10,1542
2021-06-15 09:20:53,S,85.95,1,100
2021-06-15 09:20:58,S,86.5,2,405
2021-06-15 09:20:58,S,86.55,2,489
2021-06-15 09:20:58,S,86.6,4,2068
2021-06-15 09:20:58,S,86.7,6,2017
2021-06-15 09:20:58,S,86.2,3,856
2021-06-15 09:20:58,S,86.05,1,500
2021-06-15 09:21:04,S,86.55,1,318
2021-06-15 09:21:04,S,86.65,2,484
2021-06-15 09:21:04,S,86.7,4,2184
2021-06-15 09:21:04,S,86.35,2,449
2021-06-15 09:21:04,S,86.3,2,201
2021-06-15 09:21:04,S,86.25,1,290
2021-06-15 09:21:04,S,86.2,4,886
2021-06-15 09:21:04,S,86.15,1,171
2021-06-15 09:21:08,S,86.5,3,418
2021-06-15 09:21:08,S,86.6,3,1791
2021-06-15 09:21:08,S,86.65,3,984
2021-06-15 09:21:08,S,86.3,1,31
2021-06-15 09:21:08,S,86.2,2,320
2021-06-15 09:21:08,S,86.15,2,420
2021-06-15 09:21:16,S,86.3,1,4969
2021-06-15 09:21:16,S,86.4,3,779
2021-06-15 09:21:16,S,86.45,2,181
2021-06-15 09:21:16,S,86.5,6,2757
2021-06-15 09:21:16,S,86.15,1,31
2021-06-15 09:21:16,S,86.1,2,390
2021-06-15 09:21:16,S,86.05,3,556
2021-06-15 09:21:16,S,86.0,8,542
2021-06-15 09:21:16,S,85.95,2,389
2021-06-15 09:21:24,S,86.25,2,391
2021-06-15 09:21:24,S,86.35,2,569
2021-06-15 09:21:24,S,86.4,2,2160
2021-06-15 09:21:24,S,86.45,5,470
2021-06-15 09:21:24,S,86.0,9,554
2021-06-15 09:21:24,S,85.95,2,337
2021-06-15 09:21:24,S,85.9,5,848
2021-06-15 09:21:24,S,85.85,3,519
2021-06-15 09:21:24,S,85.8,4,2365
2021-06-15 09:21:28,S,86.15,1,6
2021-06-15 09:21:28,S,86.2,2,608
2021-06-15 09:21:28,S,86.25,2,448
2021-06-15 09:21:28,S,86.3,3,7010
2021-06-15 09:21:28,S,86.35,5,864
2021-06-15 09:21:28,S,85.9,1,69
2021-06-15 09:21:28,S,85.85,2,230
2021-06-15 09:21:28,S,85.8,2,300
2021-06-15 09:21:28,S,85.75,2,566
2021-06-15 09:21:28,S,85.7,2,3561
2021-06-15 09:21:35,S,86.05,2,325
2021-06-15 09:21:35,S,86.15,3,829
2021-06-15 09:21:35,S,86.25,6,1041
2021-06-15 09:21:35,S,85.85,3,427
2021-06-15 09:21:35,S,85.7,3,806
2021-06-15 09:21:35,S,85.65,3,559
2021-06-15 09:21:35,S,85.6,8,4547
2021-06-15 09:21:39,S,86.0,1,1235
2021-06-15 09:21:39,S,86.05,2,490
2021-06-15 09:21:39,S,86.15,2,552
2021-06-15 09:21:39,S,86.2,6,2503
2021-06-15 09:21:39,S,85.8,3,586
2021-06-15 09:21:39,S,85.65,4,966
2021-06-15 09:21:39,S,85.6,4,3954
2021-06-15 09:21:39,S,85.55,3,245
2021-06-15 09:21:42,S,86.05,2,414
2021-06-15 09:21:42,S,86.15,1,289
2021-06-15 09:21:42,S,85.85,2,385
2021-06-15 09:21:52,S,86.0,2,1510
2021-06-15 09:21:52,S,86.1,3,2185
2021-06-15 09:21:52,S,86.25,6,858
2021-06-15 09:21:56,S,86.0,3,2009
2021-06-15 09:21:56,S,86.05,3,1314
2021-06-15 09:21:56,S,86.1,2,1908
2021-06-15 09:21:56,S,85.85,1,248
2021-06-15 09:21:56,S,85.75,2,270
2021-06-15 09:21:56,S,85.7,3,819
2021-06-15 09:21:56,S,85.65,4,1179
2021-06-15 09:21:56,S,85.6,5,4283
2021-06-15 09:21:59,S,85.95,2,399
2021-06-15 09:21:59,S,86.0,6,3811
2021-06-15 09:21:59,S,85.6,4,2083
2021-06-15 09:21:59,S,85.55,4,521
2021-06-15 09:22:09,S,85.95,2,583
2021-06-15 09:22:09,S,86.0,7,3961
2021-06-15 09:22:09,S,86.05,3,1419
2021-06-15 09:22:09,S,86.15,1,276
2021-06-15 09:22:09,S,85.8,1,173
2021-06-15 09:22:15,S,85.95,2,483
2021-06-15 09:22:15,S,86.0,6,2333
2021-06-15 09:22:15,S,86.2,7,2602
2021-06-15 09:22:15,S,85.85,1,500
2021-06-15 09:22:15,S,85.8,3,359
2021-06-15 09:22:15,S,85.7,2,204
2021-06-15 09:22:15,S,85.65,2,518
2021-06-15 09:22:15,S,85.6,5,2583
2021-06-15 09:22:15,S,85.75,1,1000
2021-06-15 09:22:21,S,86.0,6,2283
2021-06-15 09:22:21,S,85.9,1,73
2021-06-15 09:22:21,S,85.85,3,673
2021-06-15 09:22:32,S,86.0,8,3992
2021-06-15 09:22:32,S,86.15,3,736
2021-06-15 09:22:32,S,85.9,2,323
2021-06-15 09:22:32,S,85.85,3,958
2021-06-15 09:22:32,S,85.8,3,286
2021-06-15 09:22:32,S,85.7,2,2175
2021-06-15 09:22:35,S,86.0,9,2678
2021-06-15 09:22:35,S,86.05,2,1143
2021-06-15 09:22:35,S,86.1,3,2108
2021-06-15 09:22:35,S,86.15,2,460
2021-06-15 09:22:35,S,86.2,3,2425
2021-06-15 09:22:35,S,85.9,3,413
2021-06-15 09:22:35,S,85.85,4,1132
2021-06-15 09:22:35,S,85.75,2,1276
2021-06-15 09:22:35,S,85.7,1,1886
2021-06-15 09:22:40,S,86.05,3,1155
2021-06-15 09:22:40,S,86.1,2,525
2021-06-15 09:22:40,S,86.25,3,851
2021-06-15 09:22:40,S,85.95,2,219
2021-06-15 09:22:40,S,85.9,4,610
2021-06-15 09:22:40,S,85.8,4,1968
2021-06-15 09:22:48,S,86.15,1,318
2021-06-15 09:22:48,S,86.2,2,1925
2021-06-15 09:22:48,S,86.25,4,1169
2021-06-15 09:22:48,S,86.3,6,10135
2021-06-15 09:22:48,S,86.35,2,777
2021-06-15 09:22:48,S,86.0,2,11
2021-06-15 09:22:48,S,85.95,2,153
2021-06-15 09:22:48,S,85.9,5,1873
2021-06-15 09:22:48,S,85.85,3,950
2021-06-15 09:22:54,S,86.25,3,893
2021-06-15 09:22:54,S,86.3,4,6512
2021-06-15 09:22:54,S,86.4,3,3766
2021-06-15 09:22:54,S,86.45,4,936
2021-06-15 09:22:54,S,86.15,2,5453
2021-06-15 09:22:54,S,86.1,1,12
2021-06-15 09:22:54,S,86.05,3,390
2021-06-15 09:22:54,S,85.95,2,312
2021-06-15 09:22:59,S,86.3,3,6220
2021-06-15 09:22:59,S,86.45,3,541
2021-06-15 09:22:59,S,86.5,6,4390
2021-06-15 09:22:59,S,86.55,2,576
2021-06-15 09:22:59,S,86.6,4,3674
2021-06-15 09:22:59,S,86.2,4,600
2021-06-15 09:22:59,S,86.15,4,5696
2021-06-15 09:22:59,S,86.1,2,2044
2021-06-15 09:22:59,S,86.05,4,531
2021-06-15 09:22:59,S,86.0,4,2133
2021-06-15 09:23:01,S,86.8,5,4503
2021-06-15 09:23:01,S,86.45,1,12
2021-06-15 09:23:01,S,86.4,3,880
2021-06-15 09:23:01,S,86.35,2,315
2021-06-15 09:23:01,S,86.3,2,6769
2021-06-15 09:23:07,S,86.85,3,404
2021-06-15 09:23:07,S,86.5,1,289
2021-06-15 09:23:07,S,86.45,3,695
2021-06-15 09:23:07,S,86.35,3,591
2021-06-15 09:23:07,S,86.3,3,6794
2021-06-15 09:23:07,S,86.25,3,421
2021-06-15 09:23:17,S,86.6,2,184
2021-06-15 09:23:17,S,86.85,4,575
2021-06-15 09:23:17,S,86.55,1,12
2021-06-15 09:23:17,S,86.5,1,1263
2021-06-15 09:23:17,S,86.45,2,772
2021-06-15 09:23:17,S,86.35,4,1091
2021-06-15 09:23:19,S,86.65,2,311
2021-06-15 09:23:19,S,86.7,3,507
2021-06-15 09:23:19,S,86.5,3,429
2021-06-15 09:23:19,S,86.45,3,984
2021-06-15 09:23:19,S,86.35,2,420
2021-06-15 09:23:19,S,86.3,4,2404
2021-06-15 09:23:27,S,86.6,1,500
2021-06-15 09:23:27,S,86.5,3,551
2021-06-15 09:23:34,S,86.65,2,308
2021-06-15 09:23:34,S,86.7,4,984
2021-06-15 09:23:34,S,86.6,2,970
2021-06-15 09:23:34,S,86.55,1,4
2021-06-15 09:23:34,S,86.5,4,1018
2021-06-15 09:23:34,S,86.4,2,2038
2021-06-15 09:23:38,S,86.65,2,347
2021-06-15 09:23:38,S,86.7,2,307
2021-06-15 09:23:38,S,86.75,4,941
2021-06-15 09:23:38,S,86.85,3,402
2021-06-15 09:23:38,S,86.6,1,139
2021-06-15 09:23:38,S,86.5,3,589
2021-06-15 09:23:38,S,86.45,2,174
2021-06-15 09:23:38,S,86.35,3,1065
2021-06-15 09:23:38,S,86.3,3,1904
2021-06-15 09:23:40,S,86.65,2,327
2021-06-15 09:23:40,S,86.7,3,768
2021-06-15 09:23:40,S,86.75,3,472
2021-06-15 09:23:40,S,86.85,4,573
2021-06-15 09:23:40,S,86.6,2,379
2021-06-15 09:23:40,S,86.55,2,170
2021-06-15 09:23:40,S,86.5,4,594
2021-06-15 09:23:49,S,86.65,3,827
2021-06-15 09:23:55,S,86.65,2,527
2021-06-15 09:23:55,S,86.7,4,2563
2021-06-15 09:23:55,S,86.85,5,1073
2021-06-15 09:23:55,S,86.45,2,176
2021-06-15 09:23:55,S,86.35,3,946
2021-06-15 09:24:01,S,86.7,2,207
2021-06-15 09:24:01,S,86.75,3,1083
2021-06-15 09:24:01,S,86.8,4,4003
2021-06-15 09:24:01,S,86.85,4,586
2021-06-15 09:24:01,S,86.6,2,369
2021-06-15 09:24:01,S,86.55,3,608
2021-06-15 09:24:01,S,86.5,5,694
2021-06-15 09:24:01,S,86.45,1,275
2021-06-15 09:24:01,S,86.4,3,2042
2021-06-15 09:24:05,S,86.7,1,6
2021-06-15 09:24:05,S,86.75,3,355
2021-06-15 09:24:05,S,86.8,3,2307
2021-06-15 09:24:05,S,86.6,3,577
2021-06-15 09:24:05,S,86.5,6,2532
2021-06-15 09:24:12,S,86.75,3,350
2021-06-15 09:24:12,S,86.6,4,1009
2021-06-15 09:24:16,S,86.75,3,300
2021-06-15 09:24:16,S,86.8,4,2738
2021-06-15 09:24:16,S,86.85,3,401
2021-06-15 09:24:16,S,86.9,4,3708
2021-06-15 09:24:16,S,86.6,4,984
2021-06-15 09:24:16,S,86.55,2,164
2021-06-15 09:24:21,S,86.85,1,155
2021-06-15 09:24:21,S,86.9,3,579
2021-06-15 09:24:21,S,86.7,2,304
2021-06-15 09:24:21,S,86.55,4,1420
2021-06-15 09:24:24,S,86.85,1,472
2021-06-15 09:24:35,S,86.8,2,322
2021-06-15 09:24:35,S,86.85,2,761
2021-06-15 09:24:35,S,86.9,4,2121
2021-06-15 09:24:35,S,87.0,21,14230
2021-06-15 09:24:35,S,86.55,2,555
2021-06-15 09:24:37,S,86.7,1,265
2021-06-15 09:24:37,S,86.65,2,210
2021-06-15 09:24:37,S,86.6,4,801
2021-06-15 09:24:37,S,86.45,3,919
2021-06-15 09:24:43,S,86.7,2,228
2021-06-15 09:24:43,S,86.75,5,1263
2021-06-15 09:24:43,S,86.8,2,310
2021-06-15 09:24:43,S,86.85,2,562
2021-06-15 09:24:43,S,86.6,5,807
2021-06-15 09:24:43,S,86.55,2,517
2021-06-15 09:24:52,S,86.75,5,1041
2021-06-15 09:24:52,S,86.8,4,2231
2021-06-15 09:24:52,S,86.85,2,576
2021-06-15 09:24:52,S,86.6,5,607
2021-06-15 09:24:52,S,86.55,1,228
2021-06-15 09:24:52,S,86.45,3,589
2021-06-15 09:24:57,S,86.75,4,2636
2021-06-15 09:24:57,S,86.95,5,3184
2021-06-15 09:25:08,S,86.65,1,50
2021-06-15 09:25:08,S,86.75,6,2761
2021-06-15 09:25:12,S,86.7,3,714
2021-06-15 09:25:12,S,86.8,5,2240
2021-06-15 09:25:12,S,86.85,2,458
2021-06-15 09:25:12,S,86.55,2,129
2021-06-15 09:25:12,S,86.45,2,433
2021-06-15 09:25:18,S,86.75,5,2296
2021-06-15 09:25:18,S,87.0,24,14830
2021-06-15 09:25:18,S,86.6,4,601
2021-06-15 09:25:18,S,86.55,1,289
2021-06-15 09:25:23,S,86.75,4,1796
2021-06-15 09:25:23,S,86.8,3,330
2021-06-15 09:25:23,S,86.9,4,2120
2021-06-15 09:25:23,S,86.7,1,2101
2021-06-15 09:25:23,S,86.65,2,112
2021-06-15 09:25:23,S,86.55,2,563
2021-06-15 09:25:28,S,86.8,2,129
2021-06-15 09:25:28,S,86.7,1,2001
2021-06-15 09:25:28,S,86.65,3,401
2021-06-15 09:25:28,S,86.5,5,2527
2021-06-15 09:25:34,S,86.8,2,121
2021-06-15 09:25:34,S,87.0,25,15530
2021-06-15 09:25:34,S,86.75,3,367
2021-06-15 09:25:34,S,86.7,3,2531
2021-06-15 09:25:34,S,86.65,2,395
2021-06-15 09:25:40,S,86.8,1,167
2021-06-15 09:25:40,S,86.75,3,461
2021-06-15 09:25:40,S,86.55,2,774
2021-06-15 09:25:45,S,86.8,1,17
2021-06-15 09:25:45,S,86.9,3,1846
2021-06-15 09:25:45,S,86.95,4,2684
2021-06-15 09:25:45,S,87.0,25,15529
2021-06-15 09:25:45,S,87.05,2,700
2021-06-15 09:25:45,S,86.75,3,428
2021-06-15 09:25:45,S,86.7,4,4321
2021-06-15 09:25:45,S,86.65,2,585
2021-06-15 09:25:45,S,86.6,6,2168
2021-06-15 09:25:45,S,86.55,3,775
2021-06-15 09:25:52,S,86.75,2,256
2021-06-15 09:25:52,S,86.85,1,50
2021-06-15 09:25:52,S,86.9,3,2024
2021-06-15 09:25:52,S,86.6,4,511
2021-06-15 09:25:52,S,86.55,2,580
2021-06-15 09:25:52,S,86.5,5,2477
2021-06-15 09:25:52,S,86.45,1,500
2021-06-15 09:25:53,S,86.8,2,408
2021-06-15 09:25:53,S,86.65,1,3
2021-06-15 09:25:53,S,86.55,3,855
2021-06-15 09:25:58,S,86.95,5,3324
2021-06-15 09:25:58,S,86.4,3,1754
2021-06-15 09:26:06,S,86.7,1,300
2021-06-15 09:26:06,S,86.55,3,1029
2021-06-15 09:26:08,S,86.7,1,250
2021-06-15 09:26:08,S,86.55,3,1038
2021-06-15 09:26:17,S,86.7,2,400
2021-06-15 09:26:17,S,86.75,2,565
2021-06-15 09:26:17,S,86.85,4,900
2021-06-15 09:26:17,S,86.6,6,614
2021-06-15 09:26:17,S,86.55,3,1017
2021-06-15 09:26:19,S,86.75,1,350
2021-06-15 09:26:19,S,86.8,3,2007
2021-06-15 09:26:19,S,86.85,3,508
2021-06-15 09:26:19,S,86.55,1,3
2021-06-15 09:26:19,S,86.45,2,791
2021-06-15 09:26:29,S,86.7,3,375
2021-06-15 09:26:29,S,86.85,3,626
2021-06-15 09:26:29,S,86.95,6,3674
2021-06-15 09:26:29,S,86.6,5,611
2021-06-15 09:26:29,S,86.55,4,1046
2021-06-15 09:26:29,S,86.45,3,1065
2021-06-15 09:26:32,S,86.7,3,295
2021-06-15 09:26:32,S,86.6,2,714
2021-06-15 09:26:32,S,86.45,2,565
2021-06-15 09:26:41,S,86.7,4,345
2021-06-15 09:26:41,S,86.6,2,574
2021-06-15 09:26:43,S,86.7,3,194
2021-06-15 09:26:43,S,86.6,2,424
2021-06-15 09:26:50,S,86.7,1,100
2021-06-15 09:26:50,S,86.8,4,2281
2021-06-15 09:26:50,S,86.85,3,845
2021-06-15 09:26:50,S,86.4,3,2026
2021-06-15 09:26:55,S,86.75,2,319
2021-06-15 09:26:55,S,86.55,3,586
2021-06-15 09:26:59,S,86.85,4,1118
2021-06-15 09:26:59,S,87.0,25,13064
2021-06-15 09:26:59,S,86.6,2,697
2021-06-15 09:26:59,S,86.5,4,2377
2021-06-15 09:27:03,S,86.75,3,2592
2021-06-15 09:27:03,S,86.95,5,2674
2021-06-15 09:27:03,S,86.6,1,78
2021-06-15 09:27:03,S,86.55,2,297
2021-06-15 09:27:03,S,86.5,3,539
2021-06-15 09:27:03,S,86.45,1,289
2021-06-15 09:27:03,S,86.4,4,2027
2021-06-15 09:27:14,S,86.9,3,2022
2021-06-15 09:27:14,S,86.35,3,1088
2021-06-15 09:27:20,S,86.65,1,80
2021-06-15 09:27:20,S,86.7,2,287
2021-06-15 09:27:20,S,86.75,3,2396
2021-06-15 09:27:20,S,86.8,4,2207
2021-06-15 09:27:20,S,86.85,5,1618
2021-06-15 09:27:20,S,86.5,3,166
2021-06-15 09:27:20,S,86.45,2,579
2021-06-15 09:27:20,S,86.4,2,1753
2021-06-15 09:27:20,S,86.35,2,773
2021-06-15 09:27:20,S,86.3,4,2104
2021-06-15 09:27:29,S,86.65,3,335
2021-06-15 09:27:29,S,86.7,3,2207
2021-06-15 09:27:34,S,86.55,2,670
2021-06-15 09:27:34,S,86.6,3,494
2021-06-15 09:27:34,S,86.65,4,435
2021-06-15 09:27:34,S,86.7,2,1918
2021-06-15 09:27:34,S,86.75,4,2896
2021-06-15 09:27:34,S,86.35,4,898
2021-06-15 09:27:34,S,86.3,3,2103
2021-06-15 09:27:34,S,86.25,3,415
2021-06-15 09:27:34,S,86.2,4,2386
2021-06-15 09:27:34,S,86.15,3,743
2021-06-15 09:27:41,S,86.55,2,288
2021-06-15 09:27:41,S,86.65,6,1106
2021-06-15 09:27:41,S,86.7,4,2518
2021-06-15 09:27:41,S,86.35,2,143
2021-06-15 09:27:41,S,86.3,4,2557
2021-06-15 09:27:41,S,86.25,3,533
2021-06-15 09:27:41,S,86.2,3,2273
2021-06-15 09:27:41,S,86.15,4,744
2021-06-15 09:27:46,S,86.45,3,465
2021-06-15 09:27:46,S,86.5,2,658
2021-06-15 09:27:46,S,86.55,3,1077
2021-06-15 09:27:46,S,86.65,8,959
2021-06-15 09:27:46,S,86.2,1,85
2021-06-15 09:27:46,S,86.15,3,532
2021-06-15 09:27:46,S,86.1,3,558
2021-06-15 09:27:46,S,86.05,7,277
2021-06-15 09:27:52,S,86.25,1,2
2021-06-15 09:27:52,S,86.3,3,758
2021-06-15 09:27:52,S,86.35,2,442
2021-06-15 09:27:52,S,86.4,2,2104
2021-06-15 09:27:52,S,86.45,3,942
2021-06-15 09:27:52,S,86.05,5,542
2021-06-15 09:27:52,S,86.0,16,5899
2021-06-15 09:27:52,S,85.95,3,1059
2021-06-15 09:27:52,S,85.9,7,3833
2021-06-15 09:27:52,S,85.85,8,1078
2021-06-15 09:27:58,S,86.4,3,514
2021-06-15 09:27:58,S,86.45,2,442
2021-06-15 09:27:58,S,85.95,7,1084
2021-06-15 09:28:01,S,86.25,3,899
2021-06-15 09:28:01,S,86.2,2,154
2021-06-15 09:28:01,S,86.0,17,6167
2021-06-15 09:28:09,S,86.4,3,512
2021-06-15 09:28:09,S,86.45,1,452
2021-06-15 09:28:09,S,86.5,2,485
2021-06-15 09:28:09,S,86.55,2,432
2021-06-15 09:28:09,S,86.3,2,178
2021-06-15 09:28:09,S,86.25,2,610
2021-06-15 09:28:09,S,86.2,1,289
2021-06-15 09:28:09,S,86.15,3,742
2021-06-15 09:28:09,S,86.1,1,1693
2021-06-15 09:28:14,S,86.35,1,2
2021-06-15 09:28:14,S,86.4,2,340
2021-06-15 09:28:14,S,86.1,2,1980
2021-06-15 09:28:14,S,86.05,7,1196
2021-06-15 09:28:14,S,86.0,18,6168
2021-06-15 09:28:14,S,85.95,6,1065
2021-06-15 09:28:22,S,86.4,4,621
2021-06-15 09:28:22,S,86.45,2,428
2021-06-15 09:28:22,S,86.5,3,785
2021-06-15 09:28:22,S,86.55,2,761
2021-06-15 09:28:22,S,86.2,3,651
2021-06-15 09:28:22,S,86.05,8,1711
2021-06-15 09:28:22,S,86.0,20,6673
2021-06-15 09:28:23,S,86.45,3,874
2021-06-15 09:28:23,S,86.1,3,2065
2021-06-15 09:28:23,S,86.05,7,925
2021-06-15 09:28:23,S,86.0,21,6776
2021-06-15 09:28:27,S,86.4,2,330
2021-06-15 09:28:27,S,86.25,1,170
2021-06-15 09:28:27,S,86.05,8,1193
2021-06-15 09:28:33,S,86.4,2,320
2021-06-15 09:28:33,S,86.45,3,1050
2021-06-15 09:28:33,S,86.3,1,100
2021-06-15 09:28:33,S,86.1,4,2337
2021-06-15 09:28:33,S,86.05,7,1022
2021-06-15 09:28:40,S,86.35,1,289
2021-06-15 09:28:40,S,86.4,4,853
2021-06-15 09:28:40,S,86.3,2,200
2021-06-15 09:28:40,S,86.1,5,2347
2021-06-15 09:28:40,S,86.05,6,1021
2021-06-15 09:28:48,S,86.35,2,431
2021-06-15 09:28:48,S,86.4,4,671
2021-06-15 09:28:48,S,86.45,2,585
2021-06-15 09:28:48,S,86.2,2,172
2021-06-15 09:28:48,S,86.05,7,1307
2021-06-15 09:28:48,S,86.0,17,6487
2021-06-15 09:28:52,S,86.35,3,874
2021-06-15 09:28:52,S,86.1,4,2075
2021-06-15 09:28:52,S,86.0,18,6488
2021-06-15 09:28:57,S,86.35,2,595
2021-06-15 09:28:57,S,86.15,2,470
2021-06-15 09:28:57,S,86.0,17,6388
2021-06-15 09:29:01,S,86.35,2,590
2021-06-15 09:29:01,S,86.4,5,2416
2021-06-15 09:29:01,S,86.45,2,467
2021-06-15 09:29:01,S,86.5,4,2401
2021-06-15 09:29:01,S,86.2,3,182
2021-06-15 09:29:01,S,86.0,17,5942
2021-06-15 09:29:05,S,86.35,3,641
2021-06-15 09:29:05,S,86.5,5,2459
2021-06-15 09:29:05,S,86.2,2,289
2021-06-15 09:29:12,S,86.35,3,456
2021-06-15 09:29:12,S,86.4,3,400
2021-06-15 09:29:12,S,86.2,3,299
2021-06-15 09:29:12,S,86.05,7,1292
2021-06-15 09:29:16,S,86.6,3,2400
2021-06-15 09:29:16,S,86.2,2,288
2021-06-15 09:29:25,S,86.35,3,432
2021-06-15 09:29:25,S,86.4,4,843
2021-06-15 09:29:25,S,86.2,3,298
2021-06-15 09:29:25,S,86.05,6,792
2021-06-15 09:29:25,S,86.0,16,5888
2021-06-15 09:29:29,S,86.35,2,426
2021-06-15 09:29:29,S,86.55,2,796
2021-06-15 09:29:29,S,86.2,3,149
2021-06-15 09:29:34,S,86.3,2,141
2021-06-15 09:29:34,S,86.35,3,889
2021-06-15 09:29:34,S,86.5,6,2659
2021-06-15 09:29:38,S,86.3,3,191
2021-06-15 09:29:38,S,86.35,4,1089
2021-06-15 09:29:38,S,86.45,1,171
2021-06-15 09:29:38,S,86.2,3,43
2021-06-15 09:29:38,S,86.15,3,970
2021-06-15 09:29:43,S,86.3,4,461
2021-06-15 09:29:43,S,86.35,3,800
2021-06-15 09:29:43,S,86.5,7,2759
2021-06-15 09:29:43,S,86.2,1,261
2021-06-15 09:29:43,S,86.15,2,514
2021-06-15 09:29:43,S,86.0,15,5887
2021-06-15 09:29:52,S,86.25,1,1000
2021-06-15 09:29:52,S,86.3,4,616
2021-06-15 09:29:52,S,86.35,3,626
2021-06-15 09:29:52,S,86.4,5,2242
2021-06-15 09:29:52,S,86.45,2,671
2021-06-15 09:29:52,S,86.2,2,1500
2021-06-15 09:29:52,S,86.15,3,515
2021-06-15 09:29:52,S,86.1,4,2076
2021-06-15 09:29:52,S,86.05,5,521
2021-06-15 09:29:52,S,86.0,16,6158
2021-06-15 09:29:58,S,86.45,2,586
2021-06-15 09:29:58,S,86.5,5,1705
2021-06-15 09:29:58,S,86.55,2,467
2021-06-15 09:29:58,S,86.65,2,720
2021-06-15 09:29:58,S,86.3,2,524
2021-06-15 09:29:58,S,86.25,2,100
2021-06-15 09:29:58,S,86.2,3,1770
2021-06-15 09:30:01,S,86.45,2,584
2021-06-15 09:30:01,S,86.5,5,1110
2021-06-15 09:30:01,S,86.55,2,581
2021-06-15 09:30:01,S,86.6,4,3400
2021-06-15 09:30:01,S,86.65,3,991
2021-06-15 09:30:01,S,86.3,3,498
2021-06-15 09:30:01,S,86.25,2,385
2021-06-15 09:30:01,S,86.2,4,3436
2021-06-15 09:30:01,S,86.15,5,1286
2021-06-15 09:30:01,S,86.1,5,2077
2021-06-15 09:30:08,S,86.0,2,511
2021-06-15 09:30:08,S,86.05,2,312
2021-06-15 09:30:08,S,86.15,2,475
2021-06-15 09:30:08,S,86.2,6,979
2021-06-15 09:30:08,S,85.9,3,152
2021-06-15 09:30:08,S,85.85,4,282
2021-06-15 09:30:08,S,85.8,4,825
2021-06-15 09:30:08,S,85.65,6,630
2021-06-15 09:30:12,S,86.0,2,152
2021-06-15 09:30:12,S,86.05,2,804
2021-06-15 09:30:12,S,86.1,3,864
2021-06-15 09:30:12,S,86.15,5,929
2021-06-15 09:30:12,S,86.2,4,2321
2021-06-15 09:30:12,S,85.9,2,142
2021-06-15 09:30:12,S,85.85,5,287
2021-06-15 09:30:12,S,85.8,3,386
2021-06-15 09:30:12,S,85.75,1,289
2021-06-15 09:30:12,S,85.7,2,3598
2021-06-15 09:30:18,S,86.0,2,149
2021-06-15 09:30:18,S,86.05,3,805
2021-06-15 09:30:18,S,86.1,6,983
2021-06-15 09:30:18,S,86.2,3,2320
2021-06-15 09:30:18,S,85.8,3,309
2021-06-15 09:30:18,S,85.75,3,867
2021-06-15 09:30:18,S,85.6,8,4337
2021-06-15 09:30:19,S,86.2,5,260
2021-06-15 09:30:19,S,86.0,3,562
2021-06-15 09:30:19,S,85.95,1,2500
2021-06-15 09:30:19,S,85.8,5,2242
2021-06-15 09:30:19,S,85.7,6,3893
2021-06-15 09:30:26,S,86.2,3,335
2021-06-15 09:30:26,S,86.25,5,931
2021-06-15 09:30:26,S,86.0,4,572
2021-06-15 09:30:26,S,85.95,2,2760
2021-06-15 09:30:33,S,86.15,4,1260
2021-06-15 09:30:33,S,86.2,6,460
2021-06-15 09:30:33,S,86.0,3,111
2021-06-15 09:30:33,S,85.95,2,2788
2021-06-15 09:30:33,S,85.85,2,248
2021-06-15 09:30:33,S,85.8,6,2393
2021-06-15 09:30:35,S,85.95,2,2371
2021-06-15 09:30:35,S,85.9,2,2188
2021-06-15 09:30:35,S,85.7,3,3887
2021-06-15 09:30:45,S,86.0,1,1000
2021-06-15 09:30:45,S,86.1,3,646
2021-06-15 09:30:45,S,86.15,3,1075
2021-06-15 09:30:45,S,86.2,8,2068
2021-06-15 09:30:45,S,85.95,1,2361
2021-06-15 09:30:45,S,85.9,2,722
2021-06-15 09:30:45,S,85.75,1,271
2021-06-15 09:30:45,S,85.7,4,3907
2021-06-15 09:30:47,S,86.2,7,2026
2021-06-15 09:30:47,S,85.95,6,834
2021-06-15 09:30:47,S,85.8,5,2122
2021-06-15 09:30:54,S,86.0,1,57
2021-06-15 09:30:54,S,86.1,2,212
2021-06-15 09:30:54,S,86.25,3,1077
2021-06-15 09:30:54,S,85.95,6,933
2021-06-15 09:30:54,S,85.75,3,909
2021-06-15 09:31:00,S,86.1,1,204
2021-06-15 09:31:00,S,86.15,3,812
2021-06-15 09:31:00,S,86.2,5,418
2021-06-15 09:31:00,S,86.25,2,806
2021-06-15 09:31:00,S,86.0,1,13
2021-06-15 09:31:00,S,85.95,5,923
2021-06-15 09:31:00,S,85.8,6,2124
2021-06-15 09:31:04,S,86.1,2,190
2021-06-15 09:31:04,S,86.0,4,194
2021-06-15 09:31:04,S,85.95,4,458
2021-06-15 09:31:04,S,85.9,2,2650
2021-06-15 09:31:06,S,86.0,1,240
2021-06-15 09:31:06,S,86.1,3,201
2021-06-15 09:31:06,S,85.9,3,3000
2021-06-15 09:31:15,S,86.0,2,282
2021-06-15 09:31:15,S,86.15,3,1074
2021-06-15 09:31:15,S,85.95,6,926
2021-06-15 09:31:15,S,85.85,2,459
2021-06-15 09:31:15,S,85.75,2,559
2021-06-15 09:31:16,S,86.1,2,159
2021-06-15 09:31:16,S,86.0,2,538
2021-06-15 09:31:16,S,85.95,5,928
2021-06-15 09:31:16,S,85.9,4,3034
2021-06-15 09:31:29,S,86.15,4,1255
2021-06-15 09:31:29,S,86.2,6,2068
2021-06-15 09:31:29,S,86.25,3,1076
2021-06-15 09:31:29,S,86.3,2,3285
2021-06-15 09:31:29,S,86.0,3,1005
2021-06-15 09:31:29,S,85.95,5,808
2021-06-15 09:31:29,S,85.9,5,4471
2021-06-15 09:31:29,S,85.85,3,729
2021-06-15 09:31:29,S,85.8,5,1973
2021-06-15 09:31:41,S,85.95,3,1016
2021-06-15 09:31:41,S,86.0,5,4531
2021-06-15 09:31:41,S,86.05,3,761
2021-06-15 09:31:41,S,86.1,5,2464
2021-06-15 09:31:41,S,85.8,3,217
2021-06-15 09:31:41,S,85.6,6,4912
2021-06-15 09:31:41,S,85.55,5,686
2021-06-15 09:31:43,S,85.95,4,296
2021-06-15 09:31:43,S,86.0,3,3861
2021-06-15 09:31:43,S,86.15,3,1090
2021-06-15 09:31:48,S,85.9,2,214
2021-06-15 09:31:48,S,85.95,5,467
2021-06-15 09:31:48,S,86.0,5,4330
2021-06-15 09:31:48,S,85.75,2,170
2021-06-15 09:31:48,S,85.65,4,920
2021-06-15 09:31:48,S,85.55,4,816
2021-06-15 09:31:57,S,85.95,4,673
2021-06-15 09:31:57,S,86.0,7,4413
2021-06-15 09:31:57,S,86.15,2,804
2021-06-15 09:31:57,S,85.75,3,171
2021-06-15 09:31:57,S,85.6,5,3194
2021-06-15 09:31:57,S,85.55,4,914
2021-06-15 09:31:58,S,85.75,2,167
2021-06-15 09:32:06,S,85.9,3,667
2021-06-15 09:32:06,S,86.0,6,4530
2021-06-15 09:32:09,S,85.95,6,854
2021-06-15 09:32:09,S,86.0,6,4361
2021-06-15 09:32:18,S,85.9,2,567
2021-06-15 09:32:18,S,85.95,5,585
2021-06-15 09:32:18,S,86.0,8,4655
2021-06-15 09:32:18,S,86.05,2,760
2021-06-15 09:32:18,S,86.1,3,2381
2021-06-15 09:32:18,S,85.75,5,333
2021-06-15 09:32:18,S,85.7,4,334
2021-06-15 09:32:18,S,85.65,2,531
2021-06-15 09:32:18,S,85.6,6,3463
2021-06-15 09:32:18,S,85.55,3,316
2021-06-15 09:32:22,S,86.15,2,368
2021-06-15 09:32:22,S,86.2,4,4561
2021-06-15 09:32:22,S,86.35,5,1146
2021-06-15 09:32:22,S,85.95,2,141
2021-06-15 09:32:22,S,85.85,3,805
2021-06-15 09:32:22,S,85.8,1,473
2021-06-15 09:32:22,S,85.75,6,1086
2021-06-15 09:32:31,S,86.15,3,647
2021-06-15 09:32:31,S,86.0,1,100
2021-06-15 09:32:31,S,85.9,3,664
2021-06-15 09:32:31,S,85.75,5,935
2021-06-15 09:32:35,S,86.15,3,760
2021-06-15 09:32:35,S,86.2,3,2938
2021-06-15 09:32:35,S,86.25,3,1075
2021-06-15 09:32:35,S,85.95,3,519
2021-06-15 09:32:44,S,86.15,2,312
2021-06-15 09:32:44,S,86.2,4,3379
2021-06-15 09:32:44,S,86.25,4,1244
2021-06-15 09:32:44,S,86.3,4,3791
2021-06-15 09:32:44,S,86.35,3,1094
2021-06-15 09:32:44,S,86.0,2,208
2021-06-15 09:32:44,S,85.95,3,488
2021-06-15 09:32:44,S,85.9,3,1924
2021-06-15 09:32:44,S,85.8,2,1845
2021-06-15 09:32:45,S,86.2,2,1175
2021-06-15 09:32:45,S,86.35,2,804
2021-06-15 09:32:45,S,86.05,4,866
2021-06-15 09:32:45,S,86.0,4,4587
2021-06-15 09:32:45,S,85.85,4,1058
2021-06-15 09:32:50,S,86.15,2,728
2021-06-15 09:32:50,S,86.2,3,3147
2021-06-15 09:32:50,S,86.25,3,1074
2021-06-15 09:32:50,S,86.3,3,2324
2021-06-15 09:32:50,S,86.0,3,2552
2021-06-15 09:32:50,S,85.95,2,576
2021-06-15 09:32:50,S,85.85,2,557
2021-06-15 09:32:50,S,85.8,4,1867
2021-06-15 09:33:00,S,86.25,1,8
2021-06-15 09:33:00,S,86.1,1,226
2021-06-15 09:33:00,S,86.05,3,804
2021-06-15 09:33:00,S,86.0,4,8944
2021-06-15 09:33:00,S,85.95,2,556
2021-06-15 09:33:04,S,86.2,1,1051
2021-06-15 09:33:04,S,86.25,2,313
2021-06-15 09:33:04,S,86.35,3,1073
2021-06-15 09:33:04,S,86.4,3,3471
2021-06-15 09:33:04,S,86.05,2,552
2021-06-15 09:33:04,S,86.0,7,10971
2021-06-15 09:33:04,S,85.9,3,2297
2021-06-15 09:33:04,S,85.85,5,1065
2021-06-15 09:33:04,S,85.8,2,1864
2021-06-15 09:33:07,S,86.15,1,999
2021-06-15 09:33:07,S,86.05,2,458
2021-06-15 09:33:07,S,86.0,8,11240
2021-06-15 09:33:07,S,85.95,4,1156
2021-06-15 09:33:07,S,85.9,5,2299
2021-06-15 09:33:14,S,86.3,2,506
2021-06-15 09:33:14,S,86.35,2,312
2021-06-15 09:33:14,S,86.4,4,3775
2021-06-15 09:33:14,S,86.45,2,887
2021-06-15 09:33:14,S,86.5,10,14126
2021-06-15 09:33:14,S,86.15,2,1458
2021-06-15 09:33:14,S,86.05,2,337
2021-06-15 09:33:14,S,86.0,7,11190
2021-06-15 09:33:14,S,85.95,4,789
2021-06-15 09:33:20,S,86.4,2,305
2021-06-15 09:33:20,S,86.45,4,1070
2021-06-15 09:33:20,S,86.5,8,13845
2021-06-15 09:33:20,S,86.6,6,4961
2021-06-15 09:33:20,S,86.2,3,2214
2021-06-15 09:33:20,S,86.05,5,1118
2021-06-15 09:33:23,S,86.4,3,805
2021-06-15 09:33:23,S,86.45,2,313
2021-06-15 09:33:23,S,86.5,9,14114
2021-06-15 09:33:23,S,86.55,1,500
2021-06-15 09:33:23,S,86.6,5,4955
2021-06-15 09:33:23,S,86.3,2,3416
2021-06-15 09:33:23,S,86.25,2,719
2021-06-15 09:33:23,S,86.2,2,2198
2021-06-15 09:33:23,S,86.15,2,1286
2021-06-15 09:33:28,S,86.5,5,10039
2021-06-15 09:33:28,S,86.55,2,459
2021-06-15 09:33:37,S,86.5,6,10035
2021-06-15 09:33:37,S,86.55,2,577
2021-06-15 09:33:37,S,86.3,2,3854
2021-06-15 09:33:37,S,86.15,4,1135
2021-06-15 09:33:42,S,86.55,2,788
2021-06-15 09:33:42,S,86.3,2,3354
2021-06-15 09:33:47,S,86.5,6,9973
2021-06-15 09:33:47,S,86.55,2,543
2021-06-15 09:33:47,S,86.7,7,4637
2021-06-15 09:33:47,S,86.3,2,3254
2021-06-15 09:33:47,S,86.25,2,302
2021-06-15 09:33:47,S,86.2,3,2467
2021-06-15 09:33:47,S,86.15,3,635
2021-06-15 09:33:47,S,86.1,5,2255
2021-06-15 09:33:48,S,86.5,8,11949
2021-06-15 09:33:48,S,86.3,1,1700
2021-06-15 09:33:48,S,86.2,1,16
2021-06-15 09:33:58,S,86.3,4,2016
2021-06-15 09:33:58,S,86.45,3,1249
2021-06-15 09:33:58,S,86.5,9,12149
2021-06-15 09:33:58,S,86.65,3,775
2021-06-15 09:33:58,S,86.3,5,1778
2021-06-15 09:33:58,S,86.25,2,762
2021-06-15 09:33:58,S,86.2,2,554
2021-06-15 09:33:58,S,86.15,3,586
2021-06-15 09:33:58,S,86.1,6,2256
2021-06-15 09:34:07,S,86.4,3,1731
2021-06-15 09:34:07,S,86.45,2,787
2021-06-15 09:34:07,S,86.5,11,13209
2021-06-15 09:34:07,S,86.6,4,4682
2021-06-15 09:34:07,S,86.3,4,1762
2021-06-15 09:34:07,S,86.2,2,302
2021-06-15 09:34:07,S,86.15,2,297
2021-06-15 09:34:07,S,86.1,4,2244
2021-06-15 09:34:07,S,86.05,4,807
2021-06-15 09:34:10,S,86.25,3,747
2021-06-15 09:34:10,S,86.3,2,1028
2021-06-15 09:34:10,S,86.1,2,307
2021-06-15 09:34:10,S,86.05,3,864
2021-06-15 09:34:13,S,86.25,2,709
2021-06-15 09:34:13,S,86.35,3,1058
2021-06-15 09:34:13,S,86.45,5,1582
2021-06-15 09:34:13,S,86.05,3,1047
2021-06-15 09:34:13,S,85.95,4,826
2021-06-15 09:34:13,S,85.9,6,3959
2021-06-15 09:34:18,S,86.3,2,309
2021-06-15 09:34:18,S,86.35,2,558
2021-06-15 09:34:18,S,86.45,5,1605
2021-06-15 09:34:18,S,86.1,4,607
2021-06-15 09:34:18,S,86.0,5,4776
2021-06-15 09:34:18,S,85.9,4,3931
2021-06-15 09:34:23,S,86.5,13,13312
2021-06-15 09:34:23,S,86.15,2,386
2021-06-15 09:34:23,S,86.1,5,2393
2021-06-15 09:34:23,S,86.0,7,4952
2021-06-15 09:34:28,S,86.0,6,4779
2021-06-15 09:34:28,S,85.95,7,1162
2021-06-15 09:34:33,S,86.4,2,1940
2021-06-15 09:34:33,S,86.5,12,13309
2021-06-15 09:34:33,S,86.05,2,554
2021-06-15 09:34:33,S,86.0,6,4950
2021-06-15 09:34:33,S,85.95,5,1158
2021-06-15 09:34:37,S,86.3,2,294
2021-06-15 09:34:37,S,86.35,3,578
2021-06-15 09:34:37,S,86.45,4,1105
2021-06-15 09:34:37,S,86.15,2,486
2021-06-15 09:34:37,S,85.95,6,1159
2021-06-15 09:34:47,S,86.35,2,310
2021-06-15 09:34:47,S,86.45,5,1106
2021-06-15 09:34:47,S,86.5,13,13310
2021-06-15 09:34:47,S,86.55,4,1214
2021-06-15 09:34:47,S,86.15,3,927
2021-06-15 09:34:47,S,86.1,4,2193
2021-06-15 09:34:47,S,86.05,3,725
2021-06-15 09:34:47,S,86.0,8,5122
2021-06-15 09:34:47,S,85.95,6,1161
2021-06-15 09:34:48,S,85.95,4,1155
2021-06-15 09:34:52,S,86.35,4,783
2021-06-15 09:34:52,S,86.4,4,2208
2021-06-15 09:34:52,S,86.45,4,838
2021-06-15 09:34:52,S,86.15,2,484
2021-06-15 09:35:01,S,86.35,3,311
2021-06-15 09:35:01,S,86.5,14,13410
2021-06-15 09:35:01,S,86.55,5,1225
2021-06-15 09:35:01,S,86.2,1,150
2021-06-15 09:35:01,S,86.15,2,784
2021-06-15 09:35:01,S,86.05,1,267
2021-06-15 09:35:01,S,86.0,8,4958
2021-06-15 09:35:04,S,86.2,2,793
2021-06-15 09:35:04,S,85.95,2,387
2021-06-15 09:35:12,S,86.2,3,1209
2021-06-15 09:35:12,S,86.25,2,309
2021-06-15 09:35:12,S,86.1,3,407
2021-06-15 09:35:12,S,86.05,2,575
2021-06-15 09:35:12,S,86.0,6,4946
2021-06-15 09:35:14,S,86.2,2,759
2021-06-15 09:35:14,S,86.0,6,3349
2021-06-15 09:35:18,S,86.0,8,3824
2021-06-15 09:35:29,S,86.2,2,709
2021-06-15 09:35:29,S,86.25,3,576
2021-06-15 09:35:29,S,86.0,7,3582
2021-06-15 09:35:29,S,85.95,3,558
2021-06-15 09:35:29,S,85.85,4,800
2021-06-15 09:35:29,S,85.8,5,4658
2021-06-15 09:35:37,S,86.25,1,16
2021-06-15 09:35:37,S,86.35,4,1062
2021-06-15 09:35:37,S,86.05,3,754
2021-06-15 09:35:37,S,86.0,8,5000
2021-06-15 09:35:37,S,85.95,4,1073
2021-06-15 09:35:37,S,85.9,4,3687
2021-06-15 09:35:37,S,85.85,2,788
2021-06-15 09:35:42,S,86.25,1,416
2021-06-15 09:35:42,S,86.3,2,2004
2021-06-15 09:35:42,S,86.4,4,1947
2021-06-15 09:35:42,S,86.05,4,1754
2021-06-15 09:35:42,S,85.9,5,3845
2021-06-15 09:35:42,S,85.85,3,1055
2021-06-15 09:35:45,S,86.25,3,673
2021-06-15 09:35:45,S,86.3,3,2439
2021-06-15 09:35:45,S,86.45,5,1105
2021-06-15 09:35:45,S,86.15,2,318
2021-06-15 09:35:45,S,86.1,2,733
2021-06-15 09:35:45,S,86.05,2,1052
2021-06-15 09:35:45,S,85.95,4,825
2021-06-15 09:35:51,S,86.2,3,2385
2021-06-15 09:35:51,S,86.05,2,152
2021-06-15 09:35:51,S,85.95,3,863
2021-06-15 09:35:54,S,86.2,4,2885
2021-06-15 09:35:54,S,86.05,3,500
2021-06-15 09:35:54,S,85.95,2,574
2021-06-15 09:35:54,S,85.9,4,3948
2021-06-15 09:35:54,S,85.85,3,300
2021-06-15 09:35:58,S,86.25,3,1141
2021-06-15 09:35:58,S,85.95,3,841
2021-06-15 09:36:08,S,86.2,4,2882
2021-06-15 09:36:08,S,86.25,2,755
2021-06-15 09:36:08,S,86.05,4,510
2021-06-15 09:36:08,S,86.0,10,5475
2021-06-15 09:36:08,S,85.95,2,552
2021-06-15 09:36:08,S,85.85,4,567
2021-06-15 09:36:27,S,86.2,3,1273
2021-06-15 09:36:27,S,86.25,2,331
2021-06-15 09:36:27,S,86.4,3,1941
2021-06-15 09:36:27,S,86.05,6,882
2021-06-15 09:36:27,S,86.0,9,5025
2021-06-15 09:36:27,S,85.95,3,724
2021-06-15 09:36:27,S,85.9,3,3681
2021-06-15 09:36:27,S,85.85,5,1067
2021-06-15 09:36:32,S,86.15,3,837
2021-06-15 09:36:32,S,86.2,4,1540
2021-06-15 09:36:32,S,86.3,3,2271
2021-06-15 09:36:32,S,85.85,3,803
2021-06-15 09:36:32,S,85.8,6,1344
2021-06-15 09:36:32,S,85.65,3,842
2021-06-15 09:36:37,S,86.0,3,642
2021-06-15 09:36:37,S,86.1,2,595
2021-06-15 09:36:37,S,85.8,5,1330
2021-06-15 09:36:43,S,86.0,3,630
2021-06-15 09:36:43,S,86.1,3,862
2021-06-15 09:36:43,S,86.15,4,2806
2021-06-15 09:36:43,S,85.8,4,1296
2021-06-15 09:36:43,S,85.7,7,4229
2021-06-15 09:36:43,S,85.65,5,844
2021-06-15 09:36:46,S,85.95,2,655
2021-06-15 09:36:46,S,86.0,2,281
2021-06-15 09:36:46,S,86.05,3,855
2021-06-15 09:36:46,S,86.1,3,2343
2021-06-15 09:36:46,S,85.8,3,542
2021-06-15 09:36:46,S,85.75,4,734
2021-06-15 09:36:46,S,85.65,3,513
2021-06-15 09:36:52,S,86.0,3,718
2021-06-15 09:36:52,S,86.05,2,355
2021-06-15 09:36:52,S,86.15,3,2805
2021-06-15 09:36:52,S,86.2,5,2957
2021-06-15 09:36:52,S,85.85,2,284
2021-06-15 09:36:52,S,85.8,4,2145
2021-06-15 09:36:52,S,85.75,2,156
2021-06-15 09:36:55,S,86.0,3,650
2021-06-15 09:36:55,S,85.8,5,1999
2021-06-15 09:36:55,S,85.75,3,327
2021-06-15 09:36:55,S,85.65,5,856
2021-06-15 09:36:58,S,86.15,4,2821
2021-06-15 09:36:58,S,85.75,5,1199
2021-06-15 09:36:58,S,85.65,2,342
2021-06-15 09:37:07,S,86.0,2,252
2021-06-15 09:37:07,S,85.8,4,306
2021-06-15 09:37:07,S,85.55,4,911
2021-06-15 09:37:14,S,85.8,4,291
2021-06-15 09:37:22,S,85.95,2,758
2021-06-15 09:37:22,S,86.05,4,1121
2021-06-15 09:37:22,S,85.8,4,266
2021-06-15 09:37:22,S,85.75,6,1200
2021-06-15 09:37:22,S,85.7,7,4228
2021-06-15 09:37:22,S,85.6,9,5302
2021-06-15 09:37:22,S,85.55,3,645
2021-06-15 09:37:22,S,85.8,5,1211
2021-06-15 09:37:22,S,85.7,6,3962
2021-06-15 09:37:22,S,85.6,7,5285
2021-06-15 09:37:29,S,86.05,3,621
2021-06-15 09:37:29,S,86.15,3,821
2021-06-15 09:37:29,S,86.2,4,2945
2021-06-15 09:37:29,S,85.8,6,1261
2021-06-15 09:37:29,S,85.65,3,1031
2021-06-15 09:37:36,S,86.0,3,352
2021-06-15 09:37:36,S,86.1,3,2342
2021-06-15 09:37:36,S,86.2,6,2947
2021-06-15 09:37:36,S,85.85,3,638
2021-06-15 09:37:36,S,85.8,6,2424
2021-06-15 09:37:36,S,85.65,3,517
2021-06-15 09:37:39,S,86.05,3,362
2021-06-15 09:37:39,S,86.1,2,2076
2021-06-15 09:37:39,S,86.3,6,4242
2021-06-15 09:37:39,S,85.95,3,1078
2021-06-15 09:37:39,S,85.9,2,317
2021-06-15 09:37:39,S,85.85,1,289
2021-06-15 09:37:39,S,85.75,6,1094
2021-06-15 09:37:50,S,86.15,2,185
2021-06-15 09:37:50,S,86.2,4,3149
2021-06-15 09:37:50,S,86.35,6,1136
2021-06-15 09:37:50,S,86.0,3,654
2021-06-15 09:37:50,S,85.95,2,627
2021-06-15 09:37:50,S,85.85,4,1128
2021-06-15 09:37:50,S,85.8,9,2501
2021-06-15 09:37:54,S,86.15,2,161
2021-06-15 09:37:54,S,86.35,6,1105
2021-06-15 09:37:54,S,86.0,2,161
2021-06-15 09:37:54,S,85.95,4,1173
2021-06-15 09:37:54,S,85.85,3,919
2021-06-15 09:37:54,S,85.8,8,2468
2021-06-15 09:38:01,S,86.1,2,163
2021-06-15 09:38:01,S,86.15,2,705
2021-06-15 09:38:01,S,85.95,3,668
2021-06-15 09:38:01,S,85.8,7,2464
2021-06-15 09:38:03,S,86.15,2,254
2021-06-15 09:38:03,S,85.85,3,916
2021-06-15 09:38:03,S,85.8,8,2457
2021-06-15 09:38:11,S,86.35,5,810
2021-06-15 09:38:11,S,86.0,3,311
2021-06-15 09:38:11,S,85.8,9,2458
2021-06-15 09:38:13,S,86.3,7,4254
2021-06-15 09:38:13,S,86.0,1,32
2021-06-15 09:38:23,S,86.1,3,287
2021-06-15 09:38:23,S,86.15,2,583
2021-06-15 09:38:23,S,86.3,5,4241
2021-06-15 09:38:23,S,86.0,2,148
2021-06-15 09:38:23,S,85.95,5,1120
2021-06-15 09:38:23,S,85.85,2,550
2021-06-15 09:38:23,S,85.8,6,2444
2021-06-15 09:38:23,S,86.15,3,449
2021-06-15 09:38:23,S,86.3,8,4743
2021-06-15 09:38:23,S,86.35,3,795
2021-06-15 09:38:23,S,85.8,8,2583
2021-06-15 09:38:23,S,85.75,6,924
2021-06-15 09:38:28,S,86.1,3,712
2021-06-15 09:38:28,S,86.15,2,337
2021-06-15 09:38:28,S,86.3,7,4742
2021-06-15 09:38:28,S,85.95,4,688
2021-06-15 09:38:28,S,85.9,2,2072
2021-06-15 09:38:28,S,85.75,7,925
2021-06-15 09:38:28,S,85.7,7,4208
2021-06-15 09:38:33,S,86.15,2,332
2021-06-15 09:38:40,S,86.15,3,804
2021-06-15 09:38:40,S,86.0,2,323
2021-06-15 09:38:40,S,85.95,6,1152
2021-06-15 09:38:40,S,85.85,3,720
2021-06-15 09:38:46,S,86.0,1,176
2021-06-15 09:38:46,S,85.95,6,718
2021-06-15 09:38:46,S,85.9,2,2028
2021-06-15 09:38:46,S,85.75,5,923
2021-06-15 09:38:51,S,86.1,2,243
2021-06-15 09:38:51,S,86.15,2,339
2021-06-15 09:38:51,S,86.3,7,4767
2021-06-15 09:38:51,S,85.95,5,708
2021-06-15 09:38:51,S,85.9,3,2468
2021-06-15 09:38:51,S,85.85,2,455
2021-06-15 09:38:51,S,85.75,8,960
2021-06-15 09:38:53,S,86.0,2,184
2021-06-15 09:38:53,S,86.05,3,596
2021-06-15 09:38:53,S,86.1,2,571
2021-06-15 09:38:53,S,85.75,4,423
2021-06-15 09:38:53,S,85.65,6,837
2021-06-15 09:39:02,S,86.0,4,316
2021-06-15 09:39:02,S,85.95,3,450
2021-06-15 09:39:04,S,86.0,4,315
2021-06-15 09:39:04,S,86.05,2,731
2021-06-15 09:39:04,S,86.1,3,2440
2021-06-15 09:39:04,S,86.15,2,807
2021-06-15 09:39:04,S,86.2,4,2943
2021-06-15 09:39:04,S,85.75,5,594
2021-06-15 09:39:04,S,85.7,6,4207
2021-06-15 09:39:04,S,85.65,5,819
2021-06-15 09:39:16,S,86.2,4,3110
2021-06-15 09:39:16,S,86.25,3,471
2021-06-15 09:39:16,S,86.35,6,1100
2021-06-15 09:39:16,S,86.0,3,1162
2021-06-15 09:39:16,S,85.9,2,573
2021-06-15 09:39:16,S,85.85,4,912
2021-06-15 09:39:19,S,86.2,3,2678
2021-06-15 09:39:19,S,86.25,2,300
2021-06-15 09:39:19,S,86.35,4,1078
2021-06-15 09:39:19,S,86.4,6,3921
2021-06-15 09:39:19,S,86.05,3,728
2021-06-15 09:39:19,S,86.0,2,937
2021-06-15 09:39:19,S,85.95,5,990
2021-06-15 09:39:19,S,85.9,3,2338
2021-06-15 09:39:19,S,85.85,5,1051
2021-06-15 09:39:25,S,86.4,5,3920
2021-06-15 09:39:25,S,86.0,3,969
2021-06-15 09:39:31,S,86.2,5,3291
2021-06-15 09:39:31,S,86.3,6,4741
2021-06-15 09:39:31,S,86.35,6,1080
2021-06-15 09:39:31,S,86.4,6,3930
2021-06-15 09:39:31,S,85.85,4,551
2021-06-15 09:39:35,S,86.0,2,585
2021-06-15 09:39:44,S,86.15,3,855
2021-06-15 09:39:44,S,86.0,3,735
2021-06-15 09:39:44,S,85.8,7,2421
2021-06-15 09:39:48,S,86.15,2,755
2021-06-15 09:39:48,S,86.2,5,3083
2021-06-15 09:39:48,S,86.35,5,797
2021-06-15 09:39:48,S,86.0,3,579
2021-06-15 09:39:48,S,85.95,4,725
2021-06-15 09:39:48,S,85.9,2,2049
2021-06-15 09:39:48,S,85.85,1,171
2021-06-15 09:39:48,S,85.8,8,3472
2021-06-15 09:39:50,S,85.95,3,441
2021-06-15 09:39:50,S,85.8,7,3734
2021-06-15 09:39:57,S,86.05,2,778
2021-06-15 09:39:57,S,86.1,3,2174
2021-06-15 09:39:57,S,86.15,2,805
2021-06-15 09:39:57,S,85.95,3,411
2021-06-15 09:39:57,S,85.9,2,315
2021-06-15 09:39:57,S,85.85,2,757
2021-06-15 09:40:00,S,85.85,4,867
2021-06-15 09:40:04,S,86.35,5,855
2021-06-15 09:40:04,S,85.8,9,4045
2021-06-15 09:40:12,S,86.15,2,736
2021-06-15 09:40:12,S,86.3,7,4841
2021-06-15 09:40:12,S,86.35,4,825
2021-06-15 09:40:12,S,86.0,1,115
2021-06-15 09:40:12,S,85.85,5,1131
2021-06-15 09:40:12,S,85.8,8,4015
2021-06-15 09:40:12,S,85.75,5,921
2021-06-15 09:40:15,S,86.05,3,786
2021-06-15 09:40:15,S,85.85,3,325
2021-06-15 09:40:24,S,86.0,2,353
2021-06-15 09:40:24,S,86.05,3,800
2021-06-15 09:40:24,S,86.2,5,3082
2021-06-15 09:40:24,S,85.85,4,796
2021-06-15 09:40:24,S,85.8,6,3470
2021-06-15 09:40:25,S,85.85,3,195
2021-06-15 09:40:25,S,85.8,7,3928
2021-06-15 09:40:25,S,85.75,4,446
2021-06-15 09:40:38,S,86.0,3,793
2021-06-15 09:40:38,S,86.1,2,567
2021-06-15 09:40:38,S,85.85,2,185
2021-06-15 09:40:38,S,85.8,5,2419
2021-06-15 09:40:38,S,85.7,6,4206
2021-06-15 09:40:38,S,85.65,4,801
2021-06-15 09:40:40,S,86.0,2,748
2021-06-15 09:40:40,S,86.05,2,335
2021-06-15 09:40:40,S,86.2,6,4903
2021-06-15 09:40:40,S,85.8,4,2119
2021-06-15 09:40:40,S,85.75,4,328
2021-06-15 09:40:40,S,85.65,2,201
2021-06-15 09:40:49,S,86.0,3,601
2021-06-15 09:40:49,S,85.8,5,745
2021-06-15 09:40:56,S,85.95,3,1041
2021-06-15 09:40:56,S,86.0,4,611
2021-06-15 09:40:56,S,85.8,6,945
2021-06-15 09:41:00,S,86.0,4,729
2021-06-15 09:41:00,S,85.8,6,1186
2021-06-15 09:41:00,S,85.75,5,735
2021-06-15 09:41:06,S,85.95,3,567
2021-06-15 09:41:06,S,86.0,5,2408
2021-06-15 09:41:06,S,86.05,2,806
2021-06-15 09:41:06,S,86.1,3,2136
2021-06-15 09:41:06,S,85.8,6,613
2021-06-15 09:41:06,S,85.6,8,5010
2021-06-15 09:41:12,S,86.0,4,2145
2021-06-15 09:41:12,S,86.25,3,800
2021-06-15 09:41:12,S,85.85,2,471
2021-06-15 09:41:12,S,85.8,5,693
2021-06-15 09:41:12,S,85.75,5,867
2021-06-15 09:41:12,S,85.65,2,172
2021-06-15 09:41:13,S,86.0,3,466
2021-06-15 09:41:13,S,85.85,2,250
2021-06-15 09:41:13,S,85.65,1,500
2021-06-15 09:41:18,S,85.85,1,150
2021-06-15 09:41:18,S,85.8,6,2282
2021-06-15 09:41:22,S,86.0,4,922
2021-06-15 09:41:22,S,85.8,7,2727
2021-06-15 09:41:33,S,85.95,1,10
2021-06-15 09:41:33,S,86.0,3,719
2021-06-15 09:41:33,S,86.05,2,329
2021-06-15 09:41:33,S,85.8,8,2737
2021-06-15 09:41:33,S,85.75,4,460
2021-06-15 09:41:33,S,85.7,6,4205
2021-06-15 09:41:33,S,85.65,2,501
2021-06-15 09:41:38,S,85.9,2,239
2021-06-15 09:41:38,S,85.95,3,648
2021-06-15 09:41:38,S,85.8,5,553
2021-06-15 09:41:38,S,85.7,5,3942
2021-06-15 09:41:38,S,85.6,7,5009
2021-06-15 09:41:48,S,85.9,3,657
2021-06-15 09:41:48,S,85.95,2,217
2021-06-15 09:41:48,S,86.0,4,2630
2021-06-15 09:41:48,S,85.8,4,127
2021-06-15 09:41:51,S,85.8,5,383
2021-06-15 09:41:58,S,86.0,5,2631
2021-06-15 09:41:58,S,85.8,5,373
2021-06-15 09:41:58,S,85.75,4,720
2021-06-15 09:41:58,S,85.65,2,433
2021-06-15 09:42:02,S,85.9,2,101
2021-06-15 09:42:02,S,85.95,3,675
2021-06-15 09:42:02,S,86.0,6,3092
2021-06-15 09:42:02,S,85.8,4,343
2021-06-15 09:42:02,S,85.75,3,289
2021-06-15 09:42:02,S,85.65,1,262
2021-06-15 09:42:06,S,85.95,2,234
2021-06-15 09:42:06,S,86.0,6,2876
2021-06-15 09:42:06,S,85.8,2,192
2021-06-15 09:42:10,S,85.95,2,233
2021-06-15 09:42:10,S,86.05,2,797
2021-06-15 09:42:10,S,85.75,3,785
2021-06-15 09:42:10,S,85.65,1,171
2021-06-15 09:42:15,S,86.0,5,2613
2021-06-15 09:42:15,S,86.05,3,963
2021-06-15 09:42:15,S,85.6,7,4876
2021-06-15 09:42:15,S,85.55,4,908
2021-06-15 09:42:22,S,85.95,2,192
2021-06-15 09:42:22,S,86.0,6,3082
2021-06-15 09:42:22,S,86.1,3,2135
2021-06-15 09:42:22,S,86.15,3,2803
2021-06-15 09:42:25,S,85.8,3,897
2021-06-15 09:42:25,S,85.75,3,346
2021-06-15 09:42:33,S,86.0,7,5089
2021-06-15 09:42:41,S,86.0,8,5414
2021-06-15 09:42:43,S,86.0,6,4838
2021-06-15 09:42:43,S,85.8,3,929
2021-06-15 09:42:43,S,85.75,4,608
2021-06-15 09:42:55,S,86.0,7,3379
2021-06-15 09:42:55,S,86.05,3,1054
2021-06-15 09:42:55,S,85.8,4,954
2021-06-15 09:42:55,S,85.75,2,321
2021-06-15 09:42:59,S,86.0,8,3478
2021-06-15 09:42:59,S,85.8,4,854
2021-06-15 09:42:59,S,85.75,3,583
2021-06-15 09:42:59,S,85.65,3,1060
2021-06-15 09:43:03,S,86.0,7,3027
2021-06-15 09:43:03,S,86.05,2,792
2021-06-15 09:43:03,S,85.8,4,657
2021-06-15 09:43:03,S,85.7,4,2080
2021-06-15 09:43:10,S,86.0,6,2516
2021-06-15 09:43:10,S,86.05,1,289
2021-06-15 09:43:10,S,85.85,3,718
2021-06-15 09:43:10,S,86.0,7,2580
2021-06-15 09:43:10,S,86.05,3,1019
2021-06-15 09:43:15,S,86.0,8,3041
2021-06-15 09:43:15,S,86.2,5,4753
2021-06-15 09:43:15,S,85.65,3,546
2021-06-15 09:43:19,S,85.85,3,683
2021-06-15 09:43:19,S,85.8,4,2525
2021-06-15 09:43:32,S,85.95,2,114
2021-06-15 09:43:32,S,86.0,5,2607
2021-06-15 09:43:32,S,86.05,2,580
2021-06-15 09:43:32,S,85.85,2,216
2021-06-15 09:43:32,S,85.75,3,1769
2021-06-15 09:43:32,S,85.65,3,1045
2021-06-15 09:43:37,S,85.95,5,922
2021-06-15 09:43:37,S,86.0,8,5318
2021-06-15 09:43:37,S,85.8,5,2589
2021-06-15 09:43:41,S,85.9,2,355
2021-06-15 09:43:41,S,85.95,4,855
2021-06-15 09:43:41,S,86.0,9,5418
2021-06-15 09:43:41,S,85.8,3,607
2021-06-15 09:43:43,S,85.8,1,175
2021-06-15 09:43:48,S,85.95,4,472
2021-06-15 09:43:48,S,86.0,10,7179
2021-06-15 09:43:55,S,85.9,3,812
2021-06-15 09:43:55,S,85.95,5,473
2021-06-15 09:43:55,S,86.0,9,7178
2021-06-15 09:43:55,S,85.8,2,225
2021-06-15 09:43:55,S,85.75,3,1571
2021-06-15 09:43:55,S,85.6,6,4740
2021-06-15 09:43:58,S,85.95,7,937
2021-06-15 09:43:58,S,86.0,9,6728
2021-06-15 09:44:02,S,86.05,2,791
2021-06-15 09:44:10,S,85.95,5,416
2021-06-15 09:44:10,S,86.0,8,6466
2021-06-15 09:44:10,S,86.1,3,2134
2021-06-15 09:44:10,S,85.9,1,500
2021-06-15 09:44:10,S,85.85,2,726
2021-06-15 09:44:10,S,85.8,4,514
2021-06-15 09:44:16,S,86.05,3,1222
2021-06-15 09:44:16,S,86.2,6,5103
2021-06-15 09:44:16,S,85.8,5,523
2021-06-15 09:44:20,S,86.05,3,1221
2021-06-15 09:44:20,S,86.2,7,5188
2021-06-15 09:44:20,S,85.8,6,548
2021-06-15 09:44:27,S,85.85,2,756
2021-06-15 09:44:27,S,85.8,7,558
2021-06-15 09:44:27,S,85.75,3,1768
2021-06-15 09:44:27,S,85.65,3,762
2021-06-15 09:44:30,S,85.75,2,1507
2021-06-15 09:44:30,S,85.6,7,4741
2021-06-15 09:44:34,S,85.95,3,772
2021-06-15 09:44:34,S,85.75,4,1963
2021-06-15 09:44:39,S,85.8,6,358
2021-06-15 09:44:39,S,85.65,2,550
2021-06-15 09:44:43,S,85.8,7,458
2021-06-15 09:44:49,S,85.95,2,762
2021-06-15 09:44:49,S,86.0,9,6582
2021-06-15 09:44:49,S,85.8,8,488
2021-06-15 09:44:49,S,85.75,4,1943
2021-06-15 09:44:54,S,85.95,1,274
2021-06-15 09:44:54,S,86.0,10,7031
2021-06-15 09:44:54,S,86.1,3,2133
2021-06-15 09:44:54,S,85.8,9,956
2021-06-15 09:44:54,S,85.65,1,261
2021-06-15 09:44:58,S,86.0,6,4310
2021-06-15 09:44:58,S,86.1,2,1872
2021-06-15 09:44:58,S,86.2,6,4838
2021-06-15 09:44:58,S,85.85,3,732
2021-06-15 09:44:58,S,85.8,8,2000
2021-06-15 09:44:58,S,85.75,3,1508
2021-06-15 09:44:58,S,85.65,4,933
2021-06-15 09:45:00,S,85.95,3,806
2021-06-15 09:45:05,S,86.0,10,6727
2021-06-15 09:45:05,S,85.8,10,2534
2021-06-15 09:45:05,S,85.75,4,1638
2021-06-15 09:45:05,S,85.65,3,932
2021-06-15 09:45:09,S,86.0,12,10727
2021-06-15 09:45:15,S,85.95,3,803
2021-06-15 09:45:15,S,86.0,12,8927
2021-06-15 09:45:15,S,86.15,2,803
2021-06-15 09:45:15,S,85.8,6,199
2021-06-15 09:45:15,S,85.6,6,4041
2021-06-15 09:45:21,S,85.9,2,534
2021-06-15 09:45:21,S,85.95,3,813
2021-06-15 09:45:21,S,85.8,7,373
2021-06-15 09:45:21,S,85.75,6,2162
2021-06-15 09:45:21,S,85.65,3,839
2021-06-15 09:45:31,S,85.9,3,977
2021-06-15 09:45:34,S,85.8,1,50
2021-06-15 09:45:34,S,85.75,5,1702
2021-06-15 09:45:41,S,85.9,3,971
2021-06-15 09:45:41,S,85.95,4,834
2021-06-15 09:45:41,S,86.05,2,784
2021-06-15 09:45:41,S,86.1,3,2132
2021-06-15 09:45:41,S,85.75,4,1252
2021-06-15 09:45:41,S,85.7,5,2330
2021-06-15 09:45:41,S,85.65,4,1119
2021-06-15 09:45:41,S,85.6,5,4040
2021-06-15 09:45:41,S,85.55,5,909
2021-06-15 09:45:47,S,85.75,2,791
2021-06-15 09:45:47,S,85.85,3,1049
2021-06-15 09:45:47,S,85.9,3,2347
2021-06-15 09:45:47,S,85.65,1,3
2021-06-15 09:45:47,S,85.6,3,365
2021-06-15 09:45:47,S,85.55,5,1155
2021-06-15 09:45:54,S,85.8,2,356
2021-06-15 09:45:54,S,85.85,2,549
2021-06-15 09:45:54,S,85.95,3,984
2021-06-15 09:45:54,S,86.0,12,7127
2021-06-15 09:45:54,S,85.7,2,205
2021-06-15 09:45:54,S,85.65,2,213
2021-06-15 09:45:54,S,85.6,4,2192
2021-06-15 09:45:54,S,85.55,2,145
2021-06-15 09:45:54,S,85.5,15,3080
2021-06-15 09:45:57,S,85.7,2,337
2021-06-15 09:45:57,S,85.75,3,942
2021-06-15 09:45:57,S,85.8,3,2326
2021-06-15 09:45:57,S,85.6,6,525
2021-06-15 09:45:57,S,85.55,3,603
2021-06-15 09:45:57,S,85.5,16,3340
2021-06-15 09:45:57,S,85.4,6,4136
2021-06-15 09:46:01,S,85.65,2,361
2021-06-15 09:46:01,S,85.7,3,1057
2021-06-15 09:46:01,S,85.5,2,274
2021-06-15 09:46:01,S,85.3,8,4403
2021-06-15 09:46:06,S,85.65,3,800
2021-06-15 09:46:06,S,85.75,2,773
2021-06-15 09:46:06,S,85.8,3,2142
2021-06-15 09:46:06,S,85.5,4,760
2021-06-15 09:46:06,S,85.35,2,541
2021-06-15 09:46:11,S,85.8,1,292
2021-06-15 09:46:11,S,85.5,2,1992
2021-06-15 09:46:18,S,85.6,2,1010
2021-06-15 09:46:18,S,85.5,3,2192
2021-06-15 09:46:20,S,85.7,2,797
2021-06-15 09:46:20,S,85.75,3,801
2021-06-15 09:46:20,S,85.6,2,910
2021-06-15 09:46:20,S,85.55,2,746
2021-06-15 09:46:20,S,85.5,4,2207
2021-06-15 09:46:20,S,85.45,2,541
2021-06-15 09:46:26,S,85.7,3,1275
2021-06-15 09:46:26,S,85.75,2,362
2021-06-15 09:46:26,S,85.8,4,2534
2021-06-15 09:46:26,S,85.6,1,400
2021-06-15 09:46:26,S,85.5,5,2707
2021-06-15 09:46:26,S,85.45,1,260
2021-06-15 09:46:26,S,85.4,5,2581
2021-06-15 09:46:26,S,85.35,4,1042
2021-06-15 09:46:30,S,85.6,3,226
2021-06-15 09:46:30,S,85.55,2,728
2021-06-15 09:46:40,S,85.7,3,861
2021-06-15 09:46:40,S,85.8,3,2245
2021-06-15 09:46:40,S,85.6,2,206
2021-06-15 09:46:40,S,85.45,1,281
2021-06-15 09:46:40,S,85.35,2,501
2021-06-15 09:46:45,S,85.7,3,810
2021-06-15 09:46:45,S,85.75,3,743
2021-06-15 09:46:45,S,85.9,3,2362
2021-06-15 09:46:45,S,85.6,3,296
2021-06-15 09:46:45,S,85.55,2,758
2021-06-15 09:46:45,S,85.4,6,2841
2021-06-15 09:46:51,S,85.75,3,363
2021-06-15 09:46:51,S,85.6,5,837
2021-06-15 09:46:51,S,85.55,1,281
2021-06-15 09:46:51,S,85.8,2,1985
2021-06-15 09:46:51,S,85.85,2,792
2021-06-15 09:46:56,S,85.75,2,299
2021-06-15 09:46:56,S,85.8,3,2444
2021-06-15 09:46:56,S,85.85,3,1051
2021-06-15 09:46:56,S,85.6,5,727
2021-06-15 09:46:56,S,85.5,7,3348
2021-06-15 09:46:56,S,85.4,7,2842
2021-06-15 09:47:01,S,85.8,1,298
2021-06-15 09:47:01,S,85.85,1,292
2021-06-15 09:47:01,S,86.0,17,11535
2021-06-15 09:47:01,S,85.6,6,1196
2021-06-15 09:47:01,S,85.5,6,2848
2021-06-15 09:47:01,S,85.45,3,672
2021-06-15 09:47:06,S,85.85,2,677
2021-06-15 09:47:06,S,86.0,19,12582
2021-06-15 09:47:06,S,85.65,2,69
2021-06-15 09:47:06,S,85.6,7,1455
2021-06-15 09:47:06,S,85.5,7,2923
2021-06-15 09:47:10,S,85.9,2,2102
2021-06-15 09:47:10,S,86.1,5,3936
2021-06-15 09:47:10,S,85.65,4,645
2021-06-15 09:47:10,S,85.6,9,3621
2021-06-15 09:47:10,S,85.55,3,720
2021-06-15 09:47:10,S,85.5,5,2348
2021-06-15 09:47:14,S,85.65,3,208
2021-06-15 09:47:14,S,85.55,2,282
2021-06-15 09:47:27,S,85.85,3,1266
2021-06-15 09:47:27,S,85.95,5,1485
2021-06-15 09:47:27,S,86.0,20,12621
2021-06-15 09:47:27,S,86.05,3,831
2021-06-15 09:47:27,S,85.65,4,644
2021-06-15 09:47:27,S,85.6,8,3362
2021-06-15 09:47:27,S,85.55,3,453
2021-06-15 09:47:27,S,85.5,6,2423
2021-06-15 09:47:27,S,85.45,1,500
2021-06-15 09:47:31,S,85.7,2,343
2021-06-15 09:47:31,S,85.75,2,728
2021-06-15 09:47:31,S,85.6,4,1149
2021-06-15 09:47:31,S,85.55,3,757
2021-06-15 09:47:31,S,85.5,5,2347
2021-06-15 09:47:31,S,85.45,1,171
2021-06-15 09:47:31,S,85.4,7,4507
2021-06-15 09:47:37,S,85.65,2,475
2021-06-15 09:47:37,S,85.5,2,74
2021-06-15 09:47:38,S,85.75,2,790
2021-06-15 09:47:38,S,85.35,2,380
2021-06-15 09:47:38,S,85.3,8,4275
2021-06-15 09:47:43,S,85.65,2,473
2021-06-15 09:47:43,S,85.5,3,177
2021-06-15 09:47:43,S,85.45,4,1296
2021-06-15 09:47:51,S,85.7,3,613
2021-06-15 09:47:51,S,85.5,4,614
2021-06-15 09:47:51,S,85.4,6,3655
2021-06-15 09:47:56,S,85.6,1,100
2021-06-15 09:47:56,S,85.5,5,3116
2021-06-15 09:47:58,S,85.5,4,2703
2021-06-15 09:48:03,S,85.7,3,829
2021-06-15 09:48:03,S,85.9,3,2361
2021-06-15 09:48:03,S,85.5,5,2612
2021-06-15 09:48:03,S,85.45,2,452
2021-06-15 09:48:03,S,85.35,6,1753
2021-06-15 09:48:11,S,85.65,2,313
2021-06-15 09:48:11,S,85.55,3,324
2021-06-15 09:48:11,S,85.5,4,2786
2021-06-15 09:48:11,S,85.45,3,709
2021-06-15 09:48:11,S,85.4,5,3396
2021-06-15 09:48:19,S,85.65,3,1312
2021-06-15 09:48:19,S,85.55,3,814
2021-06-15 09:48:22,S,85.65,4,1744
2021-06-15 09:48:22,S,85.55,3,725
2021-06-15 09:48:33,S,85.55,1,215
2021-06-15 09:48:33,S,85.4,7,3754
2021-06-15 09:48:38,S,85.55,1,205
2021-06-15 09:48:38,S,85.35,4,738
2021-06-15 09:48:39,S,85.65,5,1994
2021-06-15 09:48:39,S,85.7,3,2146
2021-06-15 09:48:39,S,85.55,1,155
2021-06-15 09:48:39,S,85.5,2,2244
2021-06-15 09:48:39,S,85.45,3,858
2021-06-15 09:48:54,S,85.65,3,1262
2021-06-15 09:48:54,S,85.7,4,2599
2021-06-15 09:48:54,S,85.85,3,1290
2021-06-15 09:48:54,S,85.55,2,329
2021-06-15 09:48:54,S,85.5,4,2699
2021-06-15 09:48:54,S,85.45,4,1116
2021-06-15 09:48:59,S,85.65,2,394
2021-06-15 09:48:59,S,85.55,4,780
2021-06-15 09:49:07,S,85.7,3,2254
2021-06-15 09:49:07,S,85.75,3,768
2021-06-15 09:49:07,S,85.55,3,771
2021-06-15 09:49:07,S,85.5,3,2254
2021-06-15 09:49:16,S,85.5,4,2459
2021-06-15 09:49:22,S,85.5,2,1973
2021-06-15 09:49:29,S,85.55,3,922
2021-06-15 09:49:29,S,85.35,6,1239
2021-06-15 09:49:31,S,85.7,3,612
2021-06-15 09:49:31,S,85.55,3,919
2021-06-15 09:49:31,S,85.5,5,2803
2021-06-15 09:49:36,S,85.7,2,354
2021-06-15 09:49:36,S,85.85,2,790
2021-06-15 09:49:36,S,85.55,2,647
2021-06-15 09:49:36,S,85.5,5,2802
2021-06-15 09:49:36,S,85.45,2,538
2021-06-15 09:49:40,S,85.65,2,472
2021-06-15 09:49:40,S,85.75,3,791
2021-06-15 09:49:40,S,85.6,1,20
2021-06-15 09:49:40,S,85.45,3,825
2021-06-15 09:49:47,S,85.65,2,457
2021-06-15 09:49:47,S,85.7,3,786
2021-06-15 09:49:47,S,85.75,2,291
2021-06-15 09:49:47,S,85.6,2,267
2021-06-15 09:49:47,S,85.55,3,1092
2021-06-15 09:49:47,S,85.45,2,536
2021-06-15 09:49:51,S,85.65,3,521
2021-06-15 09:49:51,S,85.5,4,2752
2021-06-15 09:49:52,S,85.7,3,2589
2021-06-15 09:49:52,S,85.55,2,504
2021-06-15 09:49:52,S,85.5,5,3210
2021-06-15 09:49:57,S,85.7,3,2220
2021-06-15 09:49:57,S,85.55,3,836
2021-06-15 09:50:02,S,85.55,3,736
2021-06-15 09:50:02,S,85.35,5,1238
2021-06-15 09:50:06,S,85.55,2,389
2021-06-15 09:50:06,S,85.35,4,980
2021-06-15 09:50:17,S,85.65,3,481
2021-06-15 09:50:17,S,85.7,3,2474
2021-06-15 09:50:17,S,85.55,4,419
2021-06-15 09:50:17,S,85.5,6,3410
2021-06-15 09:50:17,S,85.45,3,857
2021-06-15 09:50:22,S,85.7,3,2092
2021-06-15 09:50:22,S,85.5,6,3411
2021-06-15 09:50:22,S,85.65,3,466
2021-06-15 09:50:31,S,85.65,4,467
2021-06-15 09:50:31,S,85.7,3,2506
2021-06-15 09:50:31,S,85.75,4,1080
2021-06-15 09:50:31,S,85.8,3,2139
2021-06-15 09:50:31,S,85.6,1,5
2021-06-15 09:50:31,S,85.55,7,1240
2021-06-15 09:50:31,S,85.45,4,1114
2021-06-15 09:50:35,S,85.6,4,714
2021-06-15 09:50:35,S,85.45,2,779
2021-06-15 09:50:35,S,85.4,6,3496
2021-06-15 09:50:44,S,85.75,3,419
2021-06-15 09:50:44,S,85.85,4,1271
2021-06-15 09:50:44,S,85.9,4,4153
2021-06-15 09:50:44,S,85.65,3,870
2021-06-15 09:50:44,S,85.6,2,129
2021-06-15 09:50:44,S,85.5,5,2952
2021-06-15 09:50:48,S,85.75,4,790
2021-06-15 09:50:48,S,85.8,2,1880
2021-06-15 09:50:48,S,85.85,4,1258
2021-06-15 09:50:48,S,85.65,2,742
2021-06-15 09:50:48,S,85.55,7,1020
2021-06-15 09:50:48,S,85.5,6,2988
2021-06-15 09:50:54,S,85.4,8,3597
2021-06-15 09:50:58,S,85.6,3,257
2021-06-15 09:51:09,S,85.75,3,437
2021-06-15 09:51:09,S,85.8,3,2310
2021-06-15 09:51:09,S,85.65,1,75
2021-06-15 09:51:09,S,85.6,4,720
2021-06-15 09:51:09,S,85.55,6,763
2021-06-15 09:51:09,S,85.5,7,4722
2021-06-15 09:51:09,S,85.45,4,1136
2021-06-15 09:51:11,S,85.65,4,764
2021-06-15 09:51:11,S,85.75,3,845
2021-06-15 09:51:11,S,85.45,2,316
2021-06-15 09:51:11,S,85.35,5,738
2021-06-15 09:51:19,S,85.65,2,119
2021-06-15 09:51:19,S,85.7,2,1888
2021-06-15 09:51:19,S,85.75,2,657
2021-06-15 09:51:19,S,85.8,3,2105
2021-06-15 09:51:19,S,85.55,2,262
2021-06-15 09:51:19,S,85.5,5,1366
2021-06-15 09:51:19,S,85.45,4,1112
2021-06-15 09:51:23,S,85.75,3,907
2021-06-15 09:51:23,S,85.8,2,1849
2021-06-15 09:51:23,S,85.55,3,462
2021-06-15 09:51:27,S,85.8,3,2283
2021-06-15 09:51:27,S,85.9,4,4150
2021-06-15 09:51:27,S,85.45,3,535
2021-06-15 09:51:31,S,85.9,3,3894
2021-06-15 09:51:38,S,85.8,3,2133
2021-06-15 09:51:38,S,85.85,4,1081
2021-06-15 09:51:38,S,85.9,4,4464
2021-06-15 09:51:38,S,86.0,23,13932
2021-06-15 09:51:38,S,85.65,1,81
2021-06-15 09:51:38,S,85.55,5,719
2021-06-15 09:51:38,S,85.45,4,1035
2021-06-15 09:51:41,S,85.75,3,883
2021-06-15 09:51:41,S,85.9,5,4720
2021-06-15 09:51:41,S,85.95,5,2485
2021-06-15 09:51:41,S,85.45,2,534
2021-06-15 09:51:41,S,85.4,9,3607
2021-06-15 09:51:46,S,85.7,2,488
2021-06-15 09:51:46,S,85.55,4,463
2021-06-15 09:51:46,S,85.45,3,856
2021-06-15 09:51:52,S,85.65,2,407
2021-06-15 09:51:52,S,85.7,3,962
2021-06-15 09:51:52,S,85.55,4,432
2021-06-15 09:51:52,S,85.5,4,891
2021-06-15 09:51:52,S,85.45,2,567
2021-06-15 09:51:52,S,85.35,5,1237
2021-06-15 09:51:55,S,85.6,2,715
2021-06-15 09:51:55,S,85.4,8,3606
2021-06-15 09:52:05,S,85.6,2,714
2021-06-15 09:52:05,S,85.75,2,788
2021-06-15 09:52:06,S,85.65,2,417
2021-06-15 09:52:06,S,85.8,4,2655
2021-06-15 09:52:17,S,85.6,2,713
2021-06-15 09:52:17,S,85.5,4,365
2021-06-15 09:52:17,S,85.3,7,4274
2021-06-15 09:52:21,S,85.6,2,712
2021-06-15 09:52:21,S,85.5,5,363
2021-06-15 09:52:21,S,85.35,3,480
2021-06-15 09:52:24,S,85.65,3,1117
2021-06-15 09:52:24,S,85.45,3,771
2021-06-15 09:52:24,S,85.35,4,736
2021-06-15 09:52:29,S,85.65,4,1557
2021-06-15 09:52:29,S,85.45,3,792
2021-06-15 09:52:34,S,85.65,5,1851
2021-06-15 09:52:34,S,85.7,4,2382
2021-06-15 09:52:34,S,85.45,2,328
2021-06-15 09:52:37,S,85.65,4,1760
2021-06-15 09:52:43,S,85.6,1,106
2021-06-15 09:52:43,S,85.65,4,1743
2021-06-15 09:52:43,S,85.5,6,863
2021-06-15 09:52:43,S,85.45,3,775
2021-06-15 09:52:43,S,85.4,7,3506
2021-06-15 09:52:43,S,85.35,5,737
2021-06-15 09:52:45,S,85.65,3,1289
2021-06-15 09:52:45,S,85.5,2,188
2021-06-15 09:52:54,S,85.6,3,845
2021-06-15 09:52:54,S,85.5,1,10
2021-06-15 09:52:57,S,85.45,3,761
2021-06-15 09:53:02,S,85.65,5,1837
2021-06-15 09:53:02,S,85.5,2,153
2021-06-15 09:53:02,S,85.45,2,322
2021-06-15 09:53:06,S,85.7,4,2587
2021-06-15 09:53:16,S,85.65,4,1369
2021-06-15 09:53:16,S,85.7,5,2823
2021-06-15 09:53:19,S,85.7,4,2381
2021-06-15 09:53:25,S,85.65,4,1310
2021-06-15 09:53:25,S,85.7,5,2813
2021-06-15 09:53:25,S,85.5,4,1102
2021-06-15 09:53:27,S,85.5,4,1012
2021-06-15 09:53:31,S,85.4,6,1840
2021-06-15 09:53:43,S,85.65,4,1260
2021-06-15 09:53:43,S,85.55,3,1175
2021-06-15 09:53:43,S,85.5,3,563
2021-06-15 09:53:47,S,85.65,5,1693
2021-06-15 09:53:47,S,85.5,3,514
2021-06-15 09:53:49,S,85.65,4,1106
2021-06-15 09:53:49,S,85.7,4,2558
2021-06-15 09:53:49,S,85.5,5,1141
2021-06-15 09:53:49,S,85.45,4,677
2021-06-15 09:53:57,S,85.65,5,1577
2021-06-15 09:53:57,S,85.5,2,263
2021-06-15 09:53:58,S,85.65,5,2077
2021-06-15 09:53:58,S,85.8,3,1955
2021-06-15 09:53:58,S,85.85,3,825
2021-06-15 09:53:58,S,85.5,4,1155
2021-06-15 09:53:58,S,85.45,4,676
2021-06-15 09:53:58,S,85.35,6,1236
2021-06-15 09:53:58,S,85.3,7,4175
2021-06-15 09:54:06,S,85.6,3,923
2021-06-15 09:54:06,S,85.5,3,526
2021-06-15 09:54:06,S,85.35,5,736
2021-06-15 09:54:10,S,85.6,2,492
2021-06-15 09:54:10,S,85.65,5,1898
2021-06-15 09:54:10,S,85.45,3,422
2021-06-15 09:54:10,S,85.25,3,860
2021-06-15 09:54:14,S,85.6,3,915
2021-06-15 09:54:14,S,85.65,6,2152
2021-06-15 09:54:14,S,85.7,3,2126
2021-06-15 09:54:19,S,85.65,6,1912
2021-06-15 09:54:19,S,85.45,4,854
2021-06-15 09:54:21,S,85.6,3,910
2021-06-15 09:54:21,S,85.5,1,13
2021-06-15 09:54:21,S,85.45,3,318
2021-06-15 09:54:21,S,85.4,7,1940
2021-06-15 09:54:27,S,85.45,2,190
2021-06-15 09:54:36,S,85.6,3,2659
2021-06-15 09:54:36,S,85.7,4,2380
2021-06-15 09:54:36,S,85.75,3,789
2021-06-15 09:54:36,S,85.8,4,3619
2021-06-15 09:54:36,S,85.4,7,1120
2021-06-15 09:54:36,S,85.35,5,735
2021-06-15 09:54:36,S,85.25,4,861
2021-06-15 09:54:42,S,85.55,2,753
2021-06-15 09:54:42,S,85.6,5,2768
2021-06-15 09:54:42,S,85.2,7,3905
2021-06-15 09:54:51,S,85.5,2,790
2021-06-15 09:54:51,S,85.55,3,768
2021-06-15 09:54:51,S,85.45,1,18
2021-06-15 09:54:51,S,85.25,2,354
2021-06-15 09:54:54,S,85.5,4,1358
2021-06-15 09:54:54,S,85.4,7,1308
2021-06-15 09:55:02,S,85.5,5,1458
2021-06-15 09:55:02,S,85.55,2,311
2021-06-15 09:55:02,S,85.35,4,481
2021-06-15 09:55:02,S,85.3,6,4174
2021-06-15 09:55:02,S,85.2,6,3828
2021-06-15 09:55:06,S,85.5,4,990
2021-06-15 09:55:06,S,85.55,3,742
2021-06-15 09:55:06,S,85.65,7,2412
2021-06-15 09:55:06,S,85.7,3,2180
2021-06-15 09:55:06,S,85.4,8,1318
2021-06-15 09:55:06,S,85.35,5,919
2021-06-15 09:55:06,S,85.3,7,4428
2021-06-15 09:55:06,S,85.25,3,525
2021-06-15 09:55:06,S,85.2,7,4165
2021-06-15 09:55:07,S,85.15,1,150
2021-06-15 09:55:14,S,85.45,3,1019
2021-06-15 09:55:14,S,85.3,5,947
2021-06-15 09:55:14,S,85.15,4,1091
2021-06-15 09:55:20,S,85.45,4,3717
2021-06-15 09:55:20,S,85.3,4,714
2021-06-15 09:55:21,S,85.45,4,3714
2021-06-15 09:55:21,S,85.55,4,1065
2021-06-15 09:55:21,S,85.35,2,110
2021-06-15 09:55:21,S,85.2,5,3780
2021-06-15 09:55:28,S,85.45,4,3694
2021-06-15 09:55:32,S,85.45,4,3590
2021-06-15 09:55:36,S,85.45,4,3585
2021-06-15 09:55:36,S,85.5,5,2828
2021-06-15 09:55:36,S,85.35,3,112
2021-06-15 09:55:36,S,85.25,3,631
2021-06-15 09:55:36,S,85.2,6,4034
2021-06-15 09:55:40,S,85.4,2,663
2021-06-15 09:55:40,S,85.25,2,377
2021-06-15 09:55:41,S,85.35,3,243
2021-06-15 09:55:41,S,85.15,2,420
2021-06-15 09:55:47,S,85.4,2,660
2021-06-15 09:55:47,S,85.45,5,3635
2021-06-15 09:55:47,S,85.5,6,3082
2021-06-15 09:55:47,S,85.3,5,957
2021-06-15 09:55:58,S,85.45,4,3167
2021-06-15 09:55:58,S,85.5,6,3262
2021-06-15 09:55:58,S,85.6,7,4517
2021-06-15 09:55:58,S,85.65,8,2724
2021-06-15 09:55:58,S,85.35,4,251
2021-06-15 09:55:58,S,85.3,6,1391
2021-06-15 09:55:58,S,85.25,4,640
2021-06-15 09:55:58,S,85.2,5,3934
2021-06-15 09:55:58,S,85.15,3,920
2021-06-15 09:56:03,S,85.25,4,544
2021-06-15 09:56:08,S,85.4,2,795
2021-06-15 09:56:08,S,85.5,6,3081
2021-06-15 09:56:08,S,85.25,4,469
2021-06-15 09:56:15,S,85.35,1,122
2021-06-15 09:56:15,S,85.4,3,1235
2021-06-15 09:56:15,S,85.25,5,479
2021-06-15 09:56:15,S,85.2,3,1925
2021-06-15 09:56:15,S,85.1,10,4618
2021-06-15 09:56:18,S,85.25,4,23
2021-06-15 09:56:18,S,85.2,4,2181
2021-06-15 09:56:18,S,85.15,2,426
2021-06-15 09:56:18,S,85.1,9,4352
2021-06-15 09:56:27,S,85.35,3,881
2021-06-15 09:56:27,S,85.2,4,425
2021-06-15 09:56:27,S,85.05,4,967
2021-06-15 09:56:27,S,85.0,47,12069
2021-06-15 09:56:32,S,85.35,2,403
2021-06-15 09:56:32,S,85.55,6,1566
2021-06-15 09:56:32,S,85.25,3,140
2021-06-15 09:56:32,S,85.2,3,415
2021-06-15 09:56:32,S,85.15,3,679
2021-06-15 09:56:32,S,85.1,11,4882
2021-06-15 09:56:32,S,85.05,5,1467
2021-06-15 09:56:34,S,85.35,2,797
2021-06-15 09:56:34,S,85.4,3,2357
2021-06-15 09:56:34,S,85.45,5,3797
2021-06-15 09:56:34,S,85.15,2,278
2021-06-15 09:56:39,S,85.3,3,1027
2021-06-15 09:56:39,S,85.5,7,4516
2021-06-15 09:56:39,S,85.15,3,263
2021-06-15 09:56:39,S,85.1,10,3322
2021-06-15 09:56:39,S,85.05,4,933
2021-06-15 09:56:39,S,84.95,8,1475
2021-06-15 09:56:43,S,85.25,3,1265
2021-06-15 09:56:43,S,85.45,6,3798
2021-06-15 09:56:43,S,84.95,5,1165
2021-06-15 09:56:45,S,85.25,3,1205
2021-06-15 09:56:45,S,85.15,2,53
2021-06-15 09:56:45,S,85.0,44,11523
2021-06-15 09:56:53,S,85.25,2,901
2021-06-15 09:56:53,S,85.1,10,3254
2021-06-15 09:56:53,S,85.25,3,1194
2021-06-15 09:56:53,S,85.1,9,2802
2021-06-15 09:56:53,S,84.9,6,5276
2021-06-15 09:57:00,S,85.25,3,902
2021-06-15 09:57:00,S,85.3,3,812
2021-06-15 09:57:00,S,85.35,3,1050
2021-06-15 09:57:00,S,85.1,10,3266
2021-06-15 09:57:00,S,84.9,7,5277
2021-06-15 09:57:04,S,85.25,1,148
2021-06-15 09:57:04,S,85.3,2,560
2021-06-15 09:57:04,S,85.15,2,287
2021-06-15 09:57:04,S,85.1,9,3069
2021-06-15 09:57:06,S,85.25,2,433
2021-06-15 09:57:10,S,85.25,3,533
2021-06-15 09:57:10,S,85.3,3,1003
2021-06-15 09:57:10,S,85.4,4,2610
2021-06-15 09:57:10,S,85.15,3,369
2021-06-15 09:57:10,S,85.1,9,3341
2021-06-15 09:57:21,S,85.25,6,1746
2021-06-15 09:57:21,S,85.35,3,1049
2021-06-15 09:57:21,S,85.15,2,128
2021-06-15 09:57:21,S,85.0,46,11875
2021-06-15 09:57:22,S,85.25,2,777
2021-06-15 09:57:22,S,85.3,2,329
2021-06-15 09:57:22,S,85.35,4,1315
2021-06-15 09:57:22,S,85.15,4,759
2021-06-15 09:57:22,S,85.1,9,2886
2021-06-15 09:57:28,S,85.25,3,877
2021-06-15 09:57:31,S,85.25,3,827
2021-06-15 09:57:31,S,85.15,4,348
2021-06-15 09:57:35,S,85.25,5,1283
2021-06-15 09:57:35,S,85.3,3,790
2021-06-15 09:57:35,S,85.15,3,58
2021-06-15 09:57:35,S,85.1,9,3337
2021-06-15 09:57:39,S,85.25,5,3613
2021-06-15 09:57:39,S,85.3,3,618
2021-06-15 09:57:39,S,85.15,2,35
2021-06-15 09:57:39,S,85.1,8,2876
2021-06-15 09:57:39,S,85.05,5,933
2021-06-15 09:57:41,S,85.0,46,11869
2021-06-15 09:57:46,S,85.25,6,4078
2021-06-15 09:57:46,S,85.45,5,1100
2021-06-15 09:57:46,S,85.1,7,828
2021-06-15 09:57:46,S,84.95,6,1417
2021-06-15 09:57:46,S,84.9,8,5478
2021-06-15 09:57:49,S,85.2,3,1020
2021-06-15 09:57:49,S,85.1,5,731
2021-06-15 09:57:49,S,85.05,4,681
2021-06-15 09:57:49,S,85.0,45,11868
2021-06-15 09:57:49,S,84.95,5,917
2021-06-15 09:57:53,S,85.2,3,741
2021-06-15 09:57:53,S,85.05,4,788
2021-06-15 09:57:53,S,85.0,43,10050
2021-06-15 09:57:53,S,84.85,4,1016
2021-06-15 09:58:04,S,85.2,4,867
2021-06-15 09:58:05,S,85.2,4,865
2021-06-15 09:58:05,S,85.25,7,4809
2021-06-15 09:58:05,S,84.85,5,1017
2021-06-15 09:58:13,S,85.25,5,4057
2021-06-15 09:58:13,S,85.1,5,1708
2021-06-15 09:58:13,S,85.05,6,988
2021-06-15 09:58:13,S,85.0,44,10302
2021-06-15 09:58:15,S,85.2,3,389
2021-06-15 09:58:15,S,85.3,4,2490
2021-06-15 09:58:15,S,85.1,2,265
2021-06-15 09:58:15,S,85.05,7,1488
2021-06-15 09:58:27,S,85.2,5,1648
2021-06-15 09:58:27,S,85.25,6,4557
2021-06-15 09:58:27,S,85.05,6,1037
2021-06-15 09:58:27,S,85.0,42,10045
2021-06-15 09:58:27,S,84.9,7,5477
2021-06-15 09:58:31,S,85.2,4,1390
2021-06-15 09:58:31,S,85.1,2,266
2021-06-15 09:58:31,S,85.05,8,1774
2021-06-15 09:58:31,S,84.9,7,5296
2021-06-15 09:58:34,S,85.2,4,1377
2021-06-15 09:58:34,S,85.25,7,4999
2021-06-15 09:58:34,S,85.3,3,2465
2021-06-15 09:58:34,S,85.15,2,15
2021-06-15 09:58:45,S,85.3,4,2921
2021-06-15 09:58:45,S,85.0,43,10297
2021-06-15 09:58:49,S,85.0,44,10797
2021-06-15 09:58:53,S,85.0,44,10792
2021-06-15 09:58:56,S,85.3,4,2911
2021-06-15 09:58:56,S,85.1,3,966
2021-06-15 09:59:07,S,85.2,3,877
2021-06-15 09:59:07,S,85.25,7,4574
2021-06-15 09:59:07,S,85.1,2,690
2021-06-15 09:59:07,S,85.05,8,1565
2021-06-15 09:59:07,S,85.0,43,10686
2021-06-15 09:59:09,S,85.1,1,256
2021-06-15 09:59:15,S,85.2,4,1176
2021-06-15 09:59:15,S,85.25,8,5074
2021-06-15 09:59:15,S,85.1,2,456
2021-06-15 09:59:15,S,85.05,7,1313
2021-06-15 09:59:15,S,84.95,4,817
2021-06-15 09:59:20,S,85.3,2,2213
2021-06-15 09:59:20,S,85.15,2,6
2021-06-15 09:59:27,S,85.25,6,4107
2021-06-15 09:59:27,S,85.15,2,201
2021-06-15 09:59:27,S,85.1,4,1173
2021-06-15 09:59:27,S,85.05,7,1464
2021-06-15 09:59:27,S,84.95,5,1317
2021-06-15 09:59:31,S,85.1,3,519
2021-06-15 09:59:31,S,85.05,7,1652
2021-06-15 09:59:32,S,85.25,8,5050
2021-06-15 09:59:32,S,85.4,3,2110
2021-06-15 09:59:32,S,85.1,3,319
2021-06-15 09:59:32,S,84.95,5,1817
2021-06-15 09:59:32,S,84.9,6,4296
2021-06-15 09:59:36,S,85.2,4,1071
2021-06-15 09:59:36,S,85.1,5,820
2021-06-15 09:59:36,S,85.05,7,1658
2021-06-15 09:59:36,S,85.0,43,10386
2021-06-15 09:59:36,S,84.95,6,2317
2021-06-15 09:59:40,S,85.25,7,4607
2021-06-15 09:59:40,S,85.1,1,10
2021-06-15 09:59:45,S,85.15,2,357
2021-06-15 09:59:45,S,85.2,6,1564
2021-06-15 09:59:45,S,85.1,2,60
2021-06-15 09:59:45,S,85.05,6,1212
2021-06-15 09:59:45,S,85.0,42,10134
2021-06-15 09:59:48,S,85.15,2,317
2021-06-15 09:59:48,S,85.05,5,937
2021-06-15 09:59:55,S,85.1,1,33
2021-06-15 09:59:55,S,85.15,3,773
2021-06-15 09:59:55,S,85.2,6,1361
2021-06-15 09:59:55,S,85.3,3,2464
2021-06-15 09:59:55,S,85.05,6,947
2021-06-15 09:59:55,S,85.0,43,10609
2021-06-15 10:00:04,S,85.0,44,10848
2021-06-15 10:00:12,S,85.05,5,887
2021-06-15 10:00:16,S,85.05,6,887
2021-06-15 10:00:24,S,85.15,2,220
2021-06-15 10:00:24,S,85.2,6,1576
2021-06-15 10:00:24,S,85.05,8,1138
2021-06-15 10:00:24,S,85.0,45,10873
2021-06-15 10:00:25,S,85.3,5,2532
2021-06-15 10:00:25,S,85.05,10,2432
2021-06-15 10:00:33,S,85.2,6,1570
2021-06-15 10:00:33,S,85.05,11,2433
2021-06-15 10:00:33,S,85.0,43,10309
2021-06-15 10:00:36,S,85.05,4,1189
2021-06-15 10:00:36,S,84.9,7,4496
2021-06-15 10:00:37,S,85.2,6,1574
2021-06-15 10:00:42,S,84.9,6,4228
2021-06-15 10:00:48,S,85.2,7,1874
2021-06-15 10:00:50,S,85.2,7,1871
2021-06-15 10:00:57,S,85.2,8,2171
2021-06-15 10:00:57,S,85.25,8,4857
2021-06-15 10:00:57,S,85.05,5,1000
2021-06-15 10:00:57,S,85.0,44,10310
2021-06-15 10:00:57,S,84.95,5,1815
2021-06-15 10:00:57,S,84.9,8,4578
2021-06-15 10:00:58,S,85.2,9,2270
2021-06-15 10:00:58,S,85.05,5,900
2021-06-15 10:00:58,S,85.0,43,10060
2021-06-15 10:00:58,S,84.9,7,4328
2021-06-15 10:00:58,S,84.85,4,973
2021-06-15 10:01:07,S,85.2,8,2182
2021-06-15 10:01:07,S,85.25,9,4858
2021-06-15 10:01:07,S,85.0,44,10061
2021-06-15 10:01:16,S,85.05,7,1643
2021-06-15 10:01:20,S,85.2,7,1707
2021-06-15 10:01:20,S,85.25,9,5040
2021-06-15 10:01:24,S,85.0,45,10311
2021-06-15 10:01:28,S,85.2,6,1407
2021-06-15 10:01:28,S,85.25,9,5049
2021-06-15 10:01:28,S,85.1,1,1400
2021-06-15 10:01:28,S,85.05,8,1893
2021-06-15 10:01:28,S,85.0,46,10316
2021-06-15 10:01:33,S,85.25,8,4608
2021-06-15 10:01:33,S,85.0,47,10516
2021-06-15 10:01:33,S,84.9,8,4593
2021-06-15 10:01:38,S,85.1,2,1500
2021-06-15 10:01:38,S,85.05,8,1870
2021-06-15 10:01:38,S,85.0,48,10616
2021-06-15 10:01:40,S,85.25,10,5312
2021-06-15 10:01:40,S,85.05,7,1620
2021-06-15 10:01:45,S,85.25,9,5063
2021-06-15 10:01:45,S,85.4,4,2153
2021-06-15 10:01:45,S,85.05,8,1869
2021-06-15 10:01:52,S,85.15,2,1105
2021-06-15 10:01:52,S,85.2,8,1907
2021-06-15 10:01:52,S,85.25,9,4857
2021-06-15 10:01:52,S,85.1,2,997
2021-06-15 10:01:52,S,85.05,6,1173
2021-06-15 10:01:52,S,84.95,6,2315
2021-06-15 10:01:57,S,85.15,3,1334
2021-06-15 10:01:57,S,85.2,7,1457
2021-06-15 10:01:57,S,85.05,5,899
2021-06-15 10:01:59,S,85.2,6,1157
2021-06-15 10:01:59,S,85.05,6,824
2021-06-15 10:02:02,S,85.2,7,1406
2021-06-15 10:02:02,S,85.05,6,774
2021-06-15 10:02:12,S,85.15,3,1343
2021-06-15 10:02:12,S,85.2,7,1557
2021-06-15 10:02:12,S,85.05,7,1774
2021-06-15 10:02:12,S,85.0,48,10798
2021-06-15 10:02:14,S,85.15,3,1346
2021-06-15 10:02:14,S,85.2,9,3606
2021-06-15 10:02:14,S,85.0,47,10366
2021-06-15 10:02:22,S,85.15,2,890
2021-06-15 10:02:22,S,85.2,10,4055
2021-06-15 10:02:22,S,85.35,4,1102
2021-06-15 10:02:22,S,85.05,7,1389
2021-06-15 10:02:22,S,85.0,48,10615
2021-06-15 10:02:22,S,84.95,5,1814
2021-06-15 10:02:31,S,85.25,7,3908
2021-06-15 10:02:31,S,85.05,10,11839
2021-06-15 10:02:38,S,85.15,1,375
2021-06-15 10:02:38,S,85.2,8,1657
2021-06-15 10:02:38,S,85.25,8,4157
2021-06-15 10:02:38,S,85.3,4,2489
2021-06-15 10:02:38,S,85.35,3,1059
2021-06-15 10:02:38,S,85.05,11,11844
2021-06-15 10:02:38,S,84.9,8,4581
2021-06-15 10:02:38,S,84.85,3,972
2021-06-15 10:02:42,S,85.1,5,12664
2021-06-15 10:02:43,S,85.35,2,807
2021-06-15 10:02:43,S,85.1,3,12264
2021-06-15 10:02:43,S,85.05,12,2416
2021-06-15 10:02:43,S,85.0,47,10515
2021-06-15 10:02:48,S,85.3,3,585
2021-06-15 10:02:48,S,85.4,4,3905
2021-06-15 10:02:48,S,85.0,45,10385
2021-06-15 10:02:55,S,85.25,6,3408
2021-06-15 10:02:55,S,85.3,4,1085
2021-06-15 10:02:55,S,85.35,3,1055
2021-06-15 10:02:55,S,85.4,5,4405
2021-06-15 10:02:55,S,85.45,5,1092
2021-06-15 10:02:55,S,85.1,3,10481
2021-06-15 10:02:55,S,85.05,11,1916
2021-06-15 10:02:55,S,85.0,46,10885
2021-06-15 10:02:55,S,84.9,11,5182
2021-06-15 10:02:57,S,85.15,3,1021
2021-06-15 10:03:09,S,85.4,4,555
2021-06-15 10:03:09,S,85.45,3,586
2021-06-15 10:03:09,S,85.6,7,5976
2021-06-15 10:03:09,S,85.25,3,970
2021-06-15 10:03:09,S,85.2,3,2442
2021-06-15 10:03:09,S,85.05,14,2418
2021-06-15 10:03:12,S,85.35,2,553
2021-06-15 10:03:12,S,85.4,3,569
2021-06-15 10:03:12,S,85.2,1,223
2021-06-15 10:03:12,S,85.15,4,1121
2021-06-15 10:03:13,S,85.4,3,1889
2021-06-15 10:03:18,S,85.35,3,996
2021-06-15 10:03:18,S,85.4,4,2137
2021-06-15 10:03:18,S,85.55,5,1052
2021-06-15 10:03:18,S,85.2,1,256
2021-06-15 10:03:18,S,85.1,4,2304
2021-06-15 10:03:18,S,85.0,47,12307
2021-06-15 10:03:24,S,85.3,2,555
2021-06-15 10:03:24,S,85.35,3,772
2021-06-15 10:03:24,S,85.2,1,202
2021-06-15 10:03:24,S,85.1,3,2056
2021-06-15 10:03:24,S,85.0,46,12306
2021-06-15 10:03:30,S,85.3,3,579
2021-06-15 10:03:30,S,85.35,3,1007
2021-06-15 10:03:30,S,85.2,1,132
2021-06-15 10:03:38,S,85.3,2,503
2021-06-15 10:03:38,S,85.35,3,579
2021-06-15 10:03:38,S,85.45,3,545
2021-06-15 10:03:38,S,85.25,1,2000
2021-06-15 10:03:38,S,85.2,3,871
2021-06-15 10:03:38,S,85.15,3,873
2021-06-15 10:03:41,S,85.3,4,1217
2021-06-15 10:03:41,S,85.35,2,323
2021-06-15 10:03:41,S,85.5,10,4757
2021-06-15 10:03:41,S,85.15,2,373
2021-06-15 10:03:44,S,85.25,4,1756
2021-06-15 10:03:44,S,85.3,3,527
2021-06-15 10:03:51,S,85.15,1,50
2021-06-15 10:03:51,S,85.0,45,12057
2021-06-15 10:03:55,S,85.25,4,1656
2021-06-15 10:03:55,S,85.3,3,751
2021-06-15 10:03:58,S,85.25,4,1338
2021-06-15 10:03:58,S,85.3,4,2619
2021-06-15 10:03:59,S,85.3,5,2868
2021-06-15 10:04:03,S,85.25,4,1128
2021-06-15 10:04:03,S,85.35,3,571
2021-06-15 10:04:12,S,85.25,5,1628
2021-06-15 10:04:12,S,85.3,5,2841
2021-06-15 10:04:12,S,85.35,4,1071
2021-06-15 10:04:12,S,85.05,12,2169
2021-06-15 10:04:33,S,85.25,6,2017
2021-06-15 10:04:33,S,85.15,1,49
2021-06-15 10:04:33,S,85.1,5,2181
2021-06-15 10:04:33,S,85.05,13,2417
2021-06-15 10:04:33,S,85.0,46,12305
2021-06-15 10:04:33,S,84.95,7,2414
2021-06-15 10:04:34,S,85.25,7,2611
2021-06-15 10:04:34,S,85.1,5,1917
2021-06-15 10:04:34,S,85.05,11,1669
2021-06-15 10:04:34,S,85.0,45,12255
2021-06-15 10:04:38,S,85.05,14,2666
2021-06-15 10:04:38,S,85.0,47,12360
2021-06-15 10:04:42,S,85.25,7,2561
2021-06-15 10:04:42,S,85.3,5,2422
2021-06-15 10:04:42,S,84.9,9,4582
2021-06-15 10:04:49,S,85.2,1,204
2021-06-15 10:04:49,S,85.25,8,2808
2021-06-15 10:04:49,S,85.3,4,2218
2021-06-15 10:04:49,S,85.1,4,1907
2021-06-15 10:04:49,S,85.05,11,1918
2021-06-15 10:04:49,S,84.9,9,4681
2021-06-15 10:04:53,S,85.25,4,1873
2021-06-15 10:04:53,S,85.3,3,2194
2021-06-15 10:04:53,S,85.35,3,1047
2021-06-15 10:04:53,S,85.1,5,951
2021-06-15 10:04:53,S,85.05,13,2665
2021-06-15 10:05:00,S,85.25,2,1019
2021-06-15 10:05:00,S,85.3,3,835
2021-06-15 10:05:00,S,85.35,2,588
2021-06-15 10:05:00,S,85.15,2,889
2021-06-15 10:05:02,S,85.25,3,1501
2021-06-15 10:05:02,S,85.1,4,700
2021-06-15 10:05:02,S,85.05,12,2415
2021-06-15 10:05:06,S,85.3,4,2352
2021-06-15 10:05:06,S,85.35,2,539
2021-06-15 10:05:06,S,85.15,3,1665
2021-06-15 10:05:06,S,85.1,4,497
2021-06-15 10:05:06,S,85.0,46,12359
2021-06-15 10:05:10,S,85.05,12,2408
2021-06-15 10:05:10,S,85.0,47,12459
2021-06-15 10:05:15,S,85.15,2,1214
2021-06-15 10:05:19,S,85.25,4,1601
2021-06-15 10:05:19,S,85.3,5,2827
2021-06-15 10:05:19,S,85.15,1,214
2021-06-15 10:05:19,S,85.1,5,954
2021-06-15 10:05:19,S,85.05,13,2608
2021-06-15 10:05:19,S,85.0,46,12259
2021-06-15 10:05:22,S,85.25,7,4101
2021-06-15 10:05:22,S,85.4,3,2113
2021-06-15 10:05:22,S,85.45,4,1045
2021-06-15 10:05:22,S,85.1,4,438
2021-06-15 10:05:22,S,85.05,11,1868
2021-06-15 10:05:22,S,85.0,47,12284
2021-06-15 10:05:22,S,84.95,6,2314
2021-06-15 10:05:22,S,84.9,10,4682
2021-06-15 10:05:27,S,85.15,5,1959
2021-06-15 10:05:27,S,85.0,41,5333
2021-06-15 10:05:27,S,84.95,4,1565
2021-06-15 10:05:27,S,84.9,11,5395
2021-06-15 10:05:32,S,85.15,4,1269
2021-06-15 10:05:32,S,85.25,5,3139
2021-06-15 10:05:32,S,84.95,6,2257
2021-06-15 10:05:43,S,85.0,42,5353
2021-06-15 10:05:47,S,85.0,41,5258
2021-06-15 10:05:47,S,84.95,6,2535
2021-06-15 10:05:47,S,84.9,9,4688
2021-06-15 10:06:03,S,84.85,4,870
2021-06-15 10:06:07,S,85.15,4,1268
2021-06-15 10:06:07,S,85.3,3,2328
2021-06-15 10:06:07,S,85.0,42,5268
2021-06-15 10:06:07,S,84.95,7,2775
2021-06-15 10:06:07,S,84.9,10,4928
2021-06-15 10:06:07,S,84.85,3,840
2021-06-15 10:06:07,S,84.8,7,4099
2021-06-15 10:06:13,S,85.05,2,820
2021-06-15 10:06:13,S,85.1,3,839
2021-06-15 10:06:13,S,84.95,4,1420
2021-06-15 10:06:16,S,85.05,2,720
2021-06-15 10:06:16,S,85.1,3,1055
2021-06-15 10:06:16,S,85.15,4,1067
2021-06-15 10:06:16,S,84.95,4,1419
2021-06-15 10:06:16,S,84.8,6,4098
2021-06-15 10:06:16,S,84.75,6,1275
2021-06-15 10:06:18,S,84.85,3,804
2021-06-15 10:06:24,S,84.95,3,897
2021-06-15 10:06:24,S,84.9,6,634
2021-06-15 10:06:24,S,84.85,4,1044
2021-06-15 10:06:24,S,84.75,5,921
2021-06-15 10:06:26,S,85.1,3,2576
2021-06-15 10:06:26,S,85.25,6,3639
2021-06-15 10:06:26,S,84.9,9,1621
2021-06-15 10:06:31,S,85.05,2,753
2021-06-15 10:06:31,S,85.1,4,2816
2021-06-15 10:06:31,S,84.95,4,889
2021-06-15 10:06:31,S,84.9,8,1381
2021-06-15 10:06:37,S,85.1,4,1500
2021-06-15 10:06:37,S,85.2,3,2182
2021-06-15 10:06:37,S,84.95,6,3831
2021-06-15 10:06:37,S,84.75,7,1162
2021-06-15 10:06:41,S,85.1,1,1760
2021-06-15 10:06:41,S,85.2,3,2042
2021-06-15 10:06:41,S,84.95,4,3379
2021-06-15 10:06:41,S,84.75,6,1161
2021-06-15 10:06:44,S,85.1,2,2211
2021-06-15 10:06:44,S,85.0,1,43
2021-06-15 10:06:44,S,84.95,4,3129
2021-06-15 10:06:45,S,85.1,2,738
2021-06-15 10:06:45,S,85.0,1,10
2021-06-15 10:06:45,S,84.95,3,2555
2021-06-15 10:06:45,S,84.9,7,907
2021-06-15 10:06:49,S,85.1,2,473
2021-06-15 10:06:49,S,85.15,3,1275
2021-06-15 10:06:49,S,85.0,3,1290
2021-06-15 10:06:49,S,84.95,6,3280
2021-06-15 10:06:56,S,85.1,4,2704
2021-06-15 10:06:56,S,85.15,3,1055
2021-06-15 10:06:56,S,85.0,1,1171
2021-06-15 10:06:56,S,84.95,4,2557
2021-06-15 10:06:56,S,84.9,6,834
2021-06-15 10:06:56,S,84.8,5,2131
2021-06-15 10:07:04,S,85.05,4,1455
2021-06-15 10:07:04,S,85.1,3,2300
2021-06-15 10:07:04,S,85.15,3,1043
2021-06-15 10:07:04,S,84.95,5,2557
2021-06-15 10:07:04,S,84.9,5,594
2021-06-15 10:07:04,S,84.8,4,1891
2021-06-15 10:07:04,S,84.75,6,1176
2021-06-15 10:07:04,S,85.1,3,2572
2021-06-15 10:07:04,S,85.0,2,110
2021-06-15 10:07:04,S,84.95,4,2547
2021-06-15 10:07:04,S,84.9,7,1307
2021-06-15 10:07:19,S,85.05,2,473
2021-06-15 10:07:19,S,85.1,4,3031
2021-06-15 10:07:19,S,85.15,2,543
2021-06-15 10:07:22,S,85.1,4,2592
2021-06-15 10:07:22,S,85.15,3,1018
2021-06-15 10:07:22,S,85.2,4,2282
2021-06-15 10:07:22,S,85.0,1,100
2021-06-15 10:07:22,S,84.95,5,3005
2021-06-15 10:07:22,S,84.8,5,2146
2021-06-15 10:07:28,S,85.15,2,815
2021-06-15 10:07:28,S,85.2,4,2500
2021-06-15 10:07:28,S,85.25,5,3539
2021-06-15 10:07:28,S,85.05,1,816
2021-06-15 10:07:28,S,85.0,2,557
2021-06-15 10:07:28,S,84.9,7,1107
2021-06-15 10:07:30,S,85.2,3,711
2021-06-15 10:07:30,S,85.05,3,1799
2021-06-15 10:07:30,S,85.0,3,612
2021-06-15 10:07:44,S,85.2,4,1211
2021-06-15 10:07:44,S,85.25,4,3039
2021-06-15 10:07:44,S,85.05,3,1774
2021-06-15 10:07:48,S,85.05,2,522
2021-06-15 10:07:48,S,85.0,4,2354
2021-06-15 10:07:48,S,84.85,5,1114
2021-06-15 10:07:49,S,85.2,3,492
2021-06-15 10:07:49,S,85.0,2,1639
2021-06-15 10:07:49,S,84.9,7,2421
2021-06-15 10:07:57,S,85.15,3,1286
2021-06-15 10:07:57,S,85.0,2,15
2021-06-15 10:07:57,S,84.95,5,2819
2021-06-15 10:07:57,S,84.9,8,2661
2021-06-15 10:07:57,S,84.8,7,3734
2021-06-15 10:07:58,S,85.1,2,627
2021-06-15 10:07:58,S,85.15,3,1053
2021-06-15 10:07:58,S,84.95,6,2992
2021-06-15 10:07:58,S,84.9,8,2521
2021-06-15 10:07:58,S,84.75,8,1677
2021-06-15 10:08:01,S,84.95,5,2990
2021-06-15 10:08:01,S,84.8,7,3969
2021-06-15 10:08:01,S,84.75,7,1676
2021-06-15 10:08:07,S,85.2,5,2583
2021-06-15 10:08:07,S,85.0,5,843
2021-06-15 10:08:22,S,85.1,3,805
2021-06-15 10:08:22,S,85.15,4,1500
2021-06-15 10:08:22,S,85.0,3,322
2021-06-15 10:08:22,S,84.95,6,3254
2021-06-15 10:08:25,S,85.1,3,2498
2021-06-15 10:08:25,S,85.15,3,1289
2021-06-15 10:08:25,S,85.2,4,2083
2021-06-15 10:08:25,S,85.0,3,60
2021-06-15 10:08:25,S,84.95,6,3260
2021-06-15 10:08:25,S,84.9,10,2786
2021-06-15 10:08:25,S,84.85,4,1113
2021-06-15 10:08:27,S,85.15,2,813
2021-06-15 10:08:27,S,85.2,4,2297
2021-06-15 10:08:27,S,85.1,1,59
2021-06-15 10:08:27,S,85.05,1,469
2021-06-15 10:08:27,S,84.95,6,3319
2021-06-15 10:08:27,S,84.85,3,873
2021-06-15 10:08:31,S,85.05,1,240
2021-06-15 10:08:38,S,85.0,5,1913
2021-06-15 10:08:43,S,85.1,3,807
2021-06-15 10:08:45,S,85.0,6,1943
2021-06-15 10:08:52,S,85.15,2,946
2021-06-15 10:08:52,S,85.1,2,330
2021-06-15 10:08:55,S,85.2,3,764
2021-06-15 10:08:55,S,85.3,5,4530
2021-06-15 10:08:56,S,85.3,5,4560
2021-06-15 10:09:01,S,85.2,3,763
2021-06-15 10:09:01,S,85.3,4,4320
2021-06-15 10:09:01,S,85.15,1,299
2021-06-15 10:09:03,S,85.05,2,511
2021-06-15 10:09:08,S,85.2,3,663
2021-06-15 10:09:08,S,85.15,1,289
2021-06-15 10:09:10,S,85.3,3,3849
2021-06-15 10:09:10,S,85.1,3,764
2021-06-15 10:09:10,S,85.05,2,371
2021-06-15 10:09:10,S,85.0,7,3397
2021-06-15 10:09:13,S,85.2,3,554
2021-06-15 10:09:13,S,85.1,3,783
2021-06-15 10:09:13,S,85.05,3,611
2021-06-15 10:09:17,S,85.25,3,1261
2021-06-15 10:09:17,S,85.05,3,818
2021-06-15 10:09:23,S,85.2,4,654
2021-06-15 10:09:23,S,85.25,2,799
2021-06-15 10:09:23,S,85.1,2,257
2021-06-15 10:09:23,S,85.05,4,1058
2021-06-15 10:09:27,S,85.2,5,1122
2021-06-15 10:09:27,S,85.25,3,1039
2021-06-15 10:09:27,S,85.4,5,3753
2021-06-15 10:09:27,S,85.05,4,828
2021-06-15 10:09:27,S,85.0,8,3637
2021-06-15 10:09:27,S,84.95,7,3559
2021-06-15 10:09:27,S,84.85,6,1273
2021-06-15 10:09:28,S,85.2,4,1932
2021-06-15 10:09:28,S,85.0,5,1084
2021-06-15 10:09:28,S,84.95,6,3059
2021-06-15 10:09:35,S,85.0,6,1094
2021-06-15 10:09:35,S,84.95,7,4000
2021-06-15 10:09:35,S,84.9,10,2895
2021-06-15 10:09:35,S,84.85,5,1272
2021-06-15 10:09:41,S,85.15,4,1386
2021-06-15 10:09:41,S,85.35,3,1039
2021-06-15 10:09:41,S,85.0,7,1025
2021-06-15 10:09:41,S,84.95,6,3760
2021-06-15 10:09:41,S,84.9,9,2546
2021-06-15 10:09:41,S,84.8,7,3719
2021-06-15 10:09:42,S,85.0,1,200
2021-06-15 10:09:42,S,85.25,4,1539
2021-06-15 10:09:42,S,85.3,4,4089
2021-06-15 10:09:42,S,84.85,4,903
2021-06-15 10:09:42,S,84.8,5,3478
2021-06-15 10:09:48,S,85.0,2,400
2021-06-15 10:09:48,S,85.05,2,771
2021-06-15 10:09:48,S,85.1,2,549
2021-06-15 10:09:48,S,85.15,4,1158
2021-06-15 10:09:48,S,85.2,5,2172
2021-06-15 10:09:48,S,84.95,6,3498
2021-06-15 10:09:48,S,84.9,10,2986
2021-06-15 10:09:48,S,84.85,5,1143
2021-06-15 10:09:48,S,84.8,6,3718
2021-06-15 10:09:48,S,84.75,6,1421
2021-06-15 10:09:53,S,84.8,2,200
2021-06-15 10:09:53,S,84.9,2,678
2021-06-15 10:09:53,S,84.95,3,642
2021-06-15 10:09:53,S,85.0,5,2629
2021-06-15 10:09:53,S,84.75,6,1102
2021-06-15 10:09:53,S,84.7,9,1862
2021-06-15 10:09:55,S,84.8,2,199
2021-06-15 10:09:55,S,84.7,8,1388
2021-06-15 10:09:55,S,84.65,4,896
2021-06-15 10:09:58,S,84.8,2,149
2021-06-15 10:09:58,S,84.85,3,1265
2021-06-15 10:09:58,S,84.9,4,1094
2021-06-15 10:09:58,S,84.95,2,466
2021-06-15 10:09:58,S,84.75,6,1002
2021-06-15 10:09:58,S,84.7,9,1863
2021-06-15 10:09:58,S,84.65,5,1136
2021-06-15 10:09:58,S,84.6,12,6558
2021-06-15 10:09:58,S,84.55,5,1042
2021-06-15 10:10:03,S,84.8,2,629
2021-06-15 10:10:03,S,84.85,3,997
2021-06-15 10:10:03,S,84.7,7,1297
2021-06-15 10:10:03,S,84.65,4,832
2021-06-15 10:10:03,S,84.6,12,4964
2021-06-15 10:10:06,S,84.8,3,1129
2021-06-15 10:10:06,S,85.0,7,3179
2021-06-15 10:10:06,S,84.6,11,4724
2021-06-15 10:10:08,S,84.6,12,4955
2021-06-15 10:10:12,S,84.8,3,1079
2021-06-15 10:10:12,S,84.85,3,1000
2021-06-15 10:10:12,S,84.7,7,1197
2021-06-15 10:10:12,S,84.65,4,840
2021-06-15 10:10:12,S,84.5,20,18917
2021-06-15 10:10:16,S,84.8,2,692
2021-06-15 10:10:16,S,84.85,4,1457
2021-06-15 10:10:16,S,84.9,4,2747
2021-06-15 10:10:16,S,84.75,2,110
2021-06-15 10:10:19,S,84.7,7,1655
2021-06-15 10:10:19,S,84.6,11,3904
2021-06-15 10:10:24,S,84.8,3,661
2021-06-15 10:10:24,S,84.9,5,2923
2021-06-15 10:10:32,S,84.8,5,1361
2021-06-15 10:10:32,S,84.7,6,1187
2021-06-15 10:10:37,S,84.8,5,1326
2021-06-15 10:10:37,S,84.85,3,1281
2021-06-15 10:10:37,S,84.75,3,115
2021-06-15 10:10:37,S,84.7,7,1643
2021-06-15 10:10:39,S,84.85,3,1278
2021-06-15 10:10:39,S,85.0,9,3848
2021-06-15 10:10:39,S,84.6,10,3854
2021-06-15 10:10:45,S,84.8,4,1008
2021-06-15 10:10:45,S,84.85,3,1260
2021-06-15 10:10:45,S,84.7,7,1054
2021-06-15 10:10:45,S,84.65,5,1073
2021-06-15 10:10:49,S,84.8,6,1720
2021-06-15 10:10:49,S,84.85,4,1231
2021-06-15 10:10:49,S,84.7,4,835
2021-06-15 10:10:49,S,84.65,3,396
2021-06-15 10:10:50,S,84.7,5,836
2021-06-15 10:10:50,S,84.6,11,3855
2021-06-15 10:11:00,S,84.8,3,948
2021-06-15 10:11:00,S,84.85,2,824
2021-06-15 10:11:04,S,84.8,4,1213
2021-06-15 10:11:04,S,84.7,6,849
2021-06-15 10:11:08,S,84.8,4,1200
2021-06-15 10:11:08,S,84.9,6,2929
2021-06-15 10:11:08,S,84.7,4,564
2021-06-15 10:11:08,S,84.65,5,1085
2021-06-15 10:11:09,S,84.85,3,1267
2021-06-15 10:11:09,S,84.9,5,2698
2021-06-15 10:11:09,S,84.7,5,833
2021-06-15 10:11:09,S,84.5,21,18967
2021-06-15 10:11:12,S,84.7,5,1298
2021-06-15 10:11:22,S,84.8,4,1100
2021-06-15 10:11:22,S,84.85,3,1302
2021-06-15 10:11:22,S,85.0,8,3579
2021-06-15 10:11:22,S,84.75,1,10
2021-06-15 10:11:22,S,84.7,6,1368
2021-06-15 10:11:22,S,84.65,4,627
2021-06-15 10:11:22,S,84.6,12,3865
2021-06-15 10:11:22,S,84.55,5,1000
2021-06-15 10:11:25,S,84.75,3,1282
2021-06-15 10:11:25,S,84.8,6,1407
2021-06-15 10:11:25,S,84.6,9,1425
2021-06-15 10:11:25,S,84.55,4,431
2021-06-15 10:11:27,S,84.75,3,1073
2021-06-15 10:11:27,S,84.8,5,1331
2021-06-15 10:11:27,S,84.55,5,662
2021-06-15 10:11:34,S,84.75,4,1342
2021-06-15 10:11:34,S,84.8,4,1062
2021-06-15 10:11:34,S,84.85,4,1119
2021-06-15 10:11:34,S,84.95,3,966
2021-06-15 10:11:34,S,84.6,11,1906
2021-06-15 10:11:34,S,84.55,6,1162
2021-06-15 10:11:34,S,84.5,21,19087
2021-06-15 10:11:34,S,84.45,4,873
2021-06-15 10:11:34,S,84.4,8,4163
2021-06-15 10:11:37,S,84.65,1,10
2021-06-15 10:11:37,S,84.6,12,2070
2021-06-15 10:11:40,S,84.8,6,3417
2021-06-15 10:11:40,S,84.65,2,13
2021-06-15 10:11:40,S,84.6,12,2525
2021-06-15 10:11:40,S,84.55,6,1069
2021-06-15 10:11:43,S,84.75,5,2159
2021-06-15 10:11:43,S,84.65,3,264
2021-06-15 10:11:43,S,84.6,13,2625
2021-06-15 10:11:43,S,84.55,4,491
2021-06-15 10:11:47,S,84.75,4,1890
2021-06-15 10:11:47,S,84.65,5,726
2021-06-15 10:11:47,S,84.6,13,2172
2021-06-15 10:11:47,S,84.55,5,991
2021-06-15 10:11:47,S,84.5,20,18087
2021-06-15 10:11:54,S,84.7,1,1000
2021-06-15 10:11:54,S,84.65,4,274
2021-06-15 10:11:57,S,84.7,2,1076
2021-06-15 10:11:57,S,84.75,2,814
2021-06-15 10:11:57,S,84.65,3,66
2021-06-15 10:11:57,S,84.6,16,3870
2021-06-15 10:11:57,S,84.55,5,492
2021-06-15 10:12:01,S,84.6,16,3473
2021-06-15 10:12:02,S,84.8,4,2710
2021-06-15 10:12:02,S,84.6,10,2818
2021-06-15 10:12:02,S,84.55,7,1339
2021-06-15 10:12:02,S,84.5,20,17956
2021-06-15 10:12:06,S,84.75,4,1364
2021-06-15 10:12:06,S,84.6,12,2956
2021-06-15 10:12:06,S,84.55,8,1570
2021-06-15 10:12:10,S,84.75,4,1121
2021-06-15 10:12:10,S,84.6,12,2550
2021-06-15 10:12:10,S,84.55,6,1206
2021-06-15 10:12:15,S,84.7,1,65
2021-06-15 10:12:15,S,84.75,3,890
2021-06-15 10:12:15,S,84.6,11,2450
2021-06-15 10:12:15,S,84.55,7,1470
2021-06-15 10:12:19,S,84.7,1,55
2021-06-15 10:12:19,S,84.75,5,1593
2021-06-15 10:12:19,S,84.6,11,2050
2021-06-15 10:12:19,S,84.55,6,970
2021-06-15 10:12:19,S,84.5,21,18187
2021-06-15 10:12:19,S,84.45,3,831
2021-06-15 10:12:20,S,84.65,2,788
2021-06-15 10:12:20,S,84.7,3,885
2021-06-15 10:12:20,S,84.75,4,1109
2021-06-15 10:12:20,S,84.8,6,2983
2021-06-15 10:12:20,S,84.45,2,600
2021-06-15 10:12:20,S,84.4,5,3874
2021-06-15 10:12:20,S,84.35,4,1407
2021-06-15 10:12:26,S,84.7,6,1633
2021-06-15 10:12:26,S,84.6,2,50
2021-06-15 10:12:26,S,84.55,3,579
2021-06-15 10:12:27,S,84.55,2,280
2021-06-15 10:12:27,S,84.5,20,16533
2021-06-15 10:12:36,S,84.75,5,1591
2021-06-15 10:12:36,S,84.55,3,747
2021-06-15 10:12:42,S,84.7,5,1402
2021-06-15 10:12:42,S,84.75,2,533
2021-06-15 10:12:42,S,84.85,4,1085
2021-06-15 10:12:42,S,84.9,6,2795
2021-06-15 10:12:42,S,84.55,3,746
2021-06-15 10:12:42,S,84.5,19,16095
2021-06-15 10:12:46,S,84.7,2,371
2021-06-15 10:12:46,S,84.55,6,1198
2021-06-15 10:12:47,S,84.7,1,53
2021-06-15 10:12:47,S,84.75,5,1180
2021-06-15 10:12:47,S,84.55,6,1195
2021-06-15 10:12:47,S,84.5,20,18095
2021-06-15 10:12:51,S,84.7,1,43
2021-06-15 10:12:51,S,84.75,6,1411
2021-06-15 10:12:51,S,84.8,5,2941
2021-06-15 10:12:51,S,84.85,3,1043
2021-06-15 10:12:51,S,84.55,7,1570
2021-06-15 10:12:51,S,84.5,21,18326
2021-06-15 10:12:51,S,84.35,5,1408
2021-06-15 10:12:59,S,84.8,5,1419
2021-06-15 10:12:59,S,84.85,2,543
2021-06-15 10:12:59,S,84.6,3,2449
2021-06-15 10:12:59,S,84.45,4,1102
2021-06-15 10:13:03,S,84.75,3,592
2021-06-15 10:13:03,S,84.8,4,1343
2021-06-15 10:13:03,S,84.85,3,625
2021-06-15 10:13:03,S,84.6,4,2509
2021-06-15 10:13:03,S,84.75,6,1404
2021-06-15 10:13:03,S,84.8,5,2778
2021-06-15 10:13:03,S,84.6,5,1722
2021-06-15 10:13:03,S,84.55,7,3348
2021-06-15 10:13:12,S,84.7,2,266
2021-06-15 10:13:12,S,84.6,6,1772
2021-06-15 10:13:12,S,84.55,8,3579
2021-06-15 10:13:15,S,84.75,5,1173
2021-06-15 10:13:15,S,84.6,7,1822
2021-06-15 10:13:15,S,84.55,9,4079
2021-06-15 10:13:20,S,84.75,5,1170
2021-06-15 10:13:20,S,84.8,6,3078
2021-06-15 10:13:24,S,84.75,4,1084
2021-06-15 10:13:24,S,84.8,7,3154
2021-06-15 10:13:24,S,84.85,3,1049
2021-06-15 10:13:24,S,84.6,9,2212
2021-06-15 10:13:24,S,84.55,8,3704
2021-06-15 10:13:24,S,84.9,6,3208
2021-06-15 10:13:24,S,84.65,1,428
2021-06-15 10:13:24,S,84.6,8,2002
2021-06-15 10:13:32,S,84.6,9,3802
2021-06-15 10:13:32,S,84.55,9,3707
2021-06-15 10:13:36,S,84.8,5,1643
2021-06-15 10:13:36,S,84.85,3,678
2021-06-15 10:13:36,S,84.9,6,3211
2021-06-15 10:13:36,S,84.7,2,457
2021-06-15 10:13:36,S,84.6,10,4102
2021-06-15 10:13:40,S,84.55,10,3757
2021-06-15 10:13:51,S,84.8,6,1843
2021-06-15 10:13:51,S,84.85,4,1109
2021-06-15 10:13:51,S,84.95,5,1009
2021-06-15 10:13:51,S,85.0,10,3671
2021-06-15 10:13:51,S,84.8,5,1601
2021-06-15 10:13:51,S,84.85,2,602
2021-06-15 10:13:51,S,84.9,7,3282
2021-06-15 10:13:51,S,84.65,4,1429
2021-06-15 10:13:57,S,84.8,6,2801
2021-06-15 10:13:57,S,84.85,4,1272
2021-06-15 10:13:57,S,85.0,9,3629
2021-06-15 10:13:57,S,84.7,4,445
2021-06-15 10:13:57,S,84.6,9,4052
2021-06-15 10:13:57,S,84.55,12,3773
2021-06-15 10:13:59,S,84.8,6,2741
2021-06-15 10:13:59,S,84.85,3,833
2021-06-15 10:13:59,S,84.65,3,1198
2021-06-15 10:13:59,S,84.6,8,3952
2021-06-15 10:14:05,S,84.75,1,20
2021-06-15 10:14:05,S,84.8,5,2229
2021-06-15 10:14:05,S,84.85,2,825
2021-06-15 10:14:05,S,84.7,4,333
2021-06-15 10:14:05,S,84.65,4,1631
2021-06-15 10:14:05,S,84.6,7,3577
2021-06-15 10:14:06,S,84.8,9,4662
2021-06-15 10:14:06,S,84.85,2,544
2021-06-15 10:14:06,S,84.5,20,16326
2021-06-15 10:14:11,S,84.75,3,835
2021-06-15 10:14:11,S,84.65,3,658
2021-06-15 10:14:11,S,84.55,13,3873
2021-06-15 10:14:13,S,84.7,1,3
2021-06-15 10:14:13,S,84.75,4,1298
2021-06-15 10:14:13,S,84.65,3,508
2021-06-15 10:14:13,S,84.6,7,3800
2021-06-15 10:14:19,S,84.75,4,1296
2021-06-15 10:14:19,S,84.65,2,498
2021-06-15 10:14:19,S,84.6,6,3346
2021-06-15 10:14:28,S,84.75,3,633
2021-06-15 10:14:28,S,84.8,7,4378
2021-06-15 10:14:28,S,84.85,3,620
2021-06-15 10:14:28,S,84.65,3,967
2021-06-15 10:14:29,S,84.85,3,889
2021-06-15 10:14:29,S,84.65,2,541
2021-06-15 10:14:36,S,84.75,3,1532
2021-06-15 10:14:36,S,84.7,1,100
2021-06-15 10:14:36,S,84.65,3,987
2021-06-15 10:14:36,S,84.6,6,1777
2021-06-15 10:14:38,S,84.75,3,1522
2021-06-15 10:14:38,S,84.8,7,4344
2021-06-15 10:14:38,S,84.6,7,1827
2021-06-15 10:14:38,S,84.5,21,17326
2021-06-15 10:14:41,S,84.75,3,1472
2021-06-15 10:14:41,S,84.85,4,1480
2021-06-15 10:14:41,S,84.9,6,2829
2021-06-15 10:14:41,S,84.7,2,110
2021-06-15 10:14:41,S,84.65,3,996
2021-06-15 10:14:41,S,84.6,8,1832
2021-06-15 10:14:44,S,84.75,4,1498
2021-06-15 10:14:44,S,84.8,7,4335
2021-06-15 10:14:44,S,84.65,3,296
2021-06-15 10:14:44,S,84.6,9,2286
2021-06-15 10:14:49,S,84.75,4,1886
2021-06-15 10:14:49,S,84.8,8,4208
2021-06-15 10:14:49,S,84.6,9,2082
2021-06-15 10:14:55,S,84.65,2,20
2021-06-15 10:15:01,S,84.75,5,1496
2021-06-15 10:15:01,S,84.8,8,4576
2021-06-15 10:15:01,S,84.65,3,30
2021-06-15 10:15:01,S,84.6,10,2325
2021-06-15 10:15:02,S,84.75,6,1943
2021-06-15 10:15:02,S,84.6,9,1949
2021-06-15 10:15:02,S,84.55,12,1873
2021-06-15 10:15:02,S,84.4,7,4121
2021-06-15 10:15:06,S,84.7,2,846
2021-06-15 10:15:06,S,84.75,6,1811
2021-06-15 10:15:06,S,84.6,8,1225
2021-06-15 10:15:06,S,84.55,9,1042
2021-06-15 10:15:12,S,84.75,7,1911
2021-06-15 10:15:12,S,84.6,9,1525
2021-06-15 10:15:12,S,84.55,10,1474
2021-06-15 10:15:12,S,84.5,20,17321
2021-06-15 10:15:16,S,84.75,7,2298
2021-06-15 10:15:16,S,84.8,7,4132
2021-06-15 10:15:16,S,84.6,10,1650
2021-06-15 10:15:16,S,84.55,12,2204
2021-06-15 10:15:16,S,84.7,1,240
2021-06-15 10:15:16,S,84.75,6,1835
2021-06-15 10:15:16,S,84.85,4,1120
2021-06-15 10:15:29,S,84.5,19,16321
2021-06-15 10:15:33,S,84.7,1,130
2021-06-15 10:15:33,S,84.85,3,1044
2021-06-15 10:15:33,S,84.6,11,2086
2021-06-15 10:15:33,S,84.4,6,4120
2021-06-15 10:15:39,S,84.7,1,129
2021-06-15 10:15:39,S,84.5,21,16456
2021-06-15 10:15:41,S,84.6,12,5531
2021-06-15 10:15:45,S,84.7,2,476
2021-06-15 10:15:45,S,84.75,7,1940
2021-06-15 10:15:45,S,84.6,4,3695
2021-06-15 10:15:45,S,84.5,20,14956
2021-06-15 10:15:45,S,84.4,5,4020
2021-06-15 10:15:49,S,84.6,6,3706
2021-06-15 10:15:49,S,84.55,11,1744
2021-06-15 10:15:56,S,84.7,1,400
2021-06-15 10:15:56,S,84.6,7,3956
2021-06-15 10:15:57,S,84.7,1,399
2021-06-15 10:15:57,S,84.75,9,2453
2021-06-15 10:16:01,S,84.7,1,398
2021-06-15 10:16:01,S,84.75,8,2377
2021-06-15 10:16:01,S,84.8,8,4179
2021-06-15 10:16:01,S,84.6,6,3946
2021-06-15 10:16:01,S,84.55,12,2177
2021-06-15 10:16:01,S,84.5,21,15456
2021-06-15 10:16:07,S,84.65,2,621
2021-06-15 10:16:07,S,84.7,3,1078
2021-06-15 10:16:07,S,84.75,8,2004
2021-06-15 10:16:07,S,84.55,9,973
2021-06-15 10:16:07,S,84.5,20,13551
2021-06-15 10:16:07,S,84.45,5,1103
2021-06-15 10:16:10,S,84.5,18,13049
2021-06-15 10:16:13,S,84.7,7,3176
2021-06-15 10:16:13,S,84.55,7,521
2021-06-15 10:16:19,S,84.65,2,571
2021-06-15 10:16:19,S,84.7,6,2974
2021-06-15 10:16:19,S,84.55,8,531
2021-06-15 10:16:19,S,84.5,19,13318
2021-06-15 10:16:19,S,84.45,6,1552
2021-06-15 10:16:22,S,84.65,4,607
2021-06-15 10:16:22,S,84.7,6,3100
2021-06-15 10:16:22,S,84.55,5,221
2021-06-15 10:16:27,S,84.5,20,13520
2021-06-15 10:16:30,S,84.5,21,13580
2021-06-15 10:16:36,S,84.65,4,606
2021-06-15 10:16:36,S,84.55,5,180
2021-06-15 10:16:36,S,84.5,22,13581
2021-06-15 10:16:38,S,84.55,5,125
2021-06-15 10:16:38,S,84.5,22,13577
2021-06-15 10:16:45,S,84.65,3,551
2021-06-15 10:16:45,S,84.7,5,2898
2021-06-15 10:16:45,S,84.55,6,135
2021-06-15 10:16:45,S,84.5,21,13484
2021-06-15 10:16:45,S,84.4,6,4520
2021-06-15 10:16:45,S,84.35,3,1307
2021-06-15 10:16:49,S,84.65,3,667
2021-06-15 10:16:49,S,84.5,18,12716
2021-06-15 10:16:49,S,84.4,6,4543
2021-06-15 10:16:49,S,84.35,2,1000
2021-06-15 10:16:50,S,84.65,2,190
2021-06-15 10:16:50,S,84.5,20,12981
2021-06-15 10:16:50,S,84.4,7,4745
2021-06-15 10:16:55,S,84.65,3,490
2021-06-15 10:16:55,S,84.7,5,3166
2021-06-15 10:16:55,S,84.55,1,5
2021-06-15 10:16:55,S,84.5,21,13183
2021-06-15 10:16:58,S,84.75,8,2130
2021-06-15 10:16:58,S,84.5,19,12131
2021-06-15 10:16:58,S,84.45,6,1546
2021-06-15 10:16:58,S,84.4,8,4747
2021-06-15 10:17:02,S,84.65,4,928
2021-06-15 10:17:02,S,84.5,20,12575
2021-06-15 10:17:06,S,84.7,5,2900
2021-06-15 10:17:06,S,84.5,19,11831
2021-06-15 10:17:06,S,84.45,4,872
2021-06-15 10:17:09,S,84.65,4,927
2021-06-15 10:17:09,S,84.7,4,2698
2021-06-15 10:17:09,S,84.75,9,2131
2021-06-15 10:17:09,S,84.5,21,12306
2021-06-15 10:17:16,S,84.65,2,413
2021-06-15 10:17:16,S,84.7,5,2774
2021-06-15 10:17:16,S,84.5,22,14805
2021-06-15 10:17:16,S,84.45,6,1168
2021-06-15 10:17:16,S,84.4,9,4757
2021-06-15 10:17:16,S,84.35,3,1215
2021-06-15 10:17:16,S,84.3,8,4832
2021-06-15 10:17:17,S,84.7,4,2657
2021-06-15 10:17:17,S,84.8,8,4603
2021-06-15 10:17:17,S,84.9,6,3253
2021-06-15 10:17:17,S,84.5,22,14717
2021-06-15 10:17:17,S,84.45,5,966
2021-06-15 10:17:17,S,84.4,8,4555
2021-06-15 10:17:17,S,84.35,4,1730
2021-06-15 10:17:17,S,84.3,7,4831
2021-06-15 10:17:21,S,84.7,3,1037
2021-06-15 10:17:21,S,84.5,22,14248
2021-06-15 10:17:21,S,84.4,8,4257
2021-06-15 10:17:25,S,84.7,3,967
2021-06-15 10:17:25,S,84.55,5,1627
2021-06-15 10:17:28,S,84.75,8,1631
2021-06-15 10:17:34,S,84.7,2,799
2021-06-15 10:17:34,S,84.75,7,1429
2021-06-15 10:17:34,S,84.55,4,1338
2021-06-15 10:17:34,S,84.5,23,14258
2021-06-15 10:17:39,S,84.7,1,137
2021-06-15 10:17:39,S,84.9,5,2753
2021-06-15 10:17:39,S,84.55,5,4338
2021-06-15 10:17:39,S,84.5,22,12258
2021-06-15 10:17:39,S,84.35,4,1216
2021-06-15 10:17:40,S,84.85,2,813
2021-06-15 10:17:40,S,84.9,4,2522
2021-06-15 10:17:40,S,84.6,3,1220
2021-06-15 10:17:40,S,84.55,5,4363
2021-06-15 10:17:40,S,84.5,23,14162
2021-06-15 10:17:43,S,84.7,1,329
2021-06-15 10:17:43,S,84.55,7,4575
2021-06-15 10:17:43,S,84.5,22,14152
2021-06-15 10:17:53,S,84.7,2,1329
2021-06-15 10:17:53,S,84.75,8,1941
2021-06-15 10:17:53,S,84.5,21,14117
2021-06-15 10:17:55,S,84.6,4,1225
2021-06-15 10:17:55,S,84.55,6,3908
2021-06-15 10:18:03,S,84.7,2,1279
2021-06-15 10:18:03,S,84.85,3,1015
2021-06-15 10:18:03,S,84.6,3,725
2021-06-15 10:18:03,S,84.55,7,4110
2021-06-15 10:18:03,S,84.4,7,4247
2021-06-15 10:18:06,S,84.75,8,1534
2021-06-15 10:18:06,S,84.8,7,4103
2021-06-15 10:18:06,S,84.85,3,1017
2021-06-15 10:18:06,S,84.6,1,5
2021-06-15 10:18:06,S,84.55,5,1373
2021-06-15 10:18:11,S,84.75,7,1063
2021-06-15 10:18:11,S,84.8,8,4546
2021-06-15 10:18:11,S,84.65,1,3000
2021-06-15 10:18:11,S,84.6,4,1119
2021-06-15 10:18:16,S,84.75,3,813
2021-06-15 10:18:16,S,84.8,6,3901
2021-06-15 10:18:16,S,84.85,2,517
2021-06-15 10:18:16,S,84.9,5,2738
2021-06-15 10:18:16,S,84.95,4,967
2021-06-15 10:18:16,S,84.65,3,3500
2021-06-15 10:18:16,S,84.6,3,673
2021-06-15 10:18:16,S,84.55,6,1575
2021-06-15 10:18:16,S,84.5,22,14167
2021-06-15 10:18:16,S,84.45,5,1074
2021-06-15 10:18:18,S,85.0,2,630
2021-06-15 10:18:21,S,85.15,5,1290
2021-06-15 10:18:21,S,85.35,3,390
2021-06-15 10:18:21,S,85.0,4,1147
2021-06-15 10:18:21,S,84.95,3,970
2021-06-15 10:18:21,S,84.8,2,269
2021-06-15 10:18:27,S,85.1,3,301
2021-06-15 10:18:27,S,85.15,5,1489
2021-06-15 10:18:27,S,85.2,6,2167
2021-06-15 10:18:27,S,85.25,4,1049
2021-06-15 10:18:27,S,85.3,6,4351
2021-06-15 10:18:27,S,85.0,2,318
2021-06-15 10:18:27,S,84.95,5,1769
2021-06-15 10:18:27,S,84.9,2,470
2021-06-15 10:18:27,S,84.85,2,768
2021-06-15 10:18:29,S,85.0,5,915
2021-06-15 10:18:32,S,85.0,6,935
2021-06-15 10:18:35,S,85.4,4,1876
2021-06-15 10:18:35,S,85.05,4,864
2021-06-15 10:18:35,S,85.0,7,945
2021-06-15 10:18:39,S,85.25,4,1597
2021-06-15 10:18:42,S,85.35,2,35
2021-06-15 10:18:48,S,85.35,3,135
2021-06-15 10:18:48,S,85.25,5,1698
2021-06-15 10:18:48,S,85.2,2,470
2021-06-15 10:18:48,S,85.15,3,970
2021-06-15 10:18:48,S,85.1,1,171
2021-06-15 10:18:48,S,85.05,3,810
2021-06-15 10:18:50,S,85.25,1,25
2021-06-15 10:18:50,S,85.35,4,613
2021-06-15 10:18:57,S,85.25,2,125
2021-06-15 10:18:57,S,85.35,5,815
2021-06-15 10:18:57,S,85.0,9,3815
2021-06-15 10:19:00,S,85.35,5,623
2021-06-15 10:19:00,S,85.2,3,812
2021-06-15 10:19:00,S,85.15,5,1471
2021-06-15 10:19:06,S,85.35,6,1094
2021-06-15 10:19:06,S,85.2,4,1257
2021-06-15 10:19:06,S,85.05,3,970
2021-06-15 10:19:09,S,85.35,6,1091
2021-06-15 10:19:09,S,85.4,4,2408
2021-06-15 10:19:09,S,85.2,5,1292
2021-06-15 10:19:09,S,85.0,10,3816
2021-06-15 10:19:15,S,85.35,4,404
2021-06-15 10:19:15,S,85.4,5,2847
2021-06-15 10:19:15,S,85.25,2,523
2021-06-15 10:19:15,S,85.2,5,1976
2021-06-15 10:19:15,S,85.15,4,995
2021-06-15 10:19:15,S,85.1,2,469
2021-06-15 10:19:29,S,85.3,1,10
2021-06-15 10:19:29,S,85.35,2,372
2021-06-15 10:19:29,S,85.25,4,1117
2021-06-15 10:19:29,S,85.2,5,1974
2021-06-15 10:19:31,S,85.25,4,1092
2021-06-15 10:19:31,S,85.2,6,2146
2021-06-15 10:19:31,S,85.05,4,971
2021-06-15 10:19:34,S,85.25,5,1546
2021-06-15 10:19:38,S,85.2,4,1504
2021-06-15 10:19:42,S,85.35,3,362
2021-06-15 10:19:42,S,85.4,4,2661
2021-06-15 10:19:42,S,85.45,4,599
2021-06-15 10:19:42,S,85.5,15,5471
2021-06-15 10:19:42,S,85.3,2,235
2021-06-15 10:19:46,S,85.35,2,162
2021-06-15 10:19:46,S,85.4,3,2206
2021-06-15 10:19:46,S,85.55,6,1192
2021-06-15 10:19:46,S,85.3,3,502
2021-06-15 10:19:46,S,85.25,6,1647
2021-06-15 10:19:49,S,85.4,2,298
2021-06-15 10:19:49,S,85.45,3,397
2021-06-15 10:19:49,S,85.25,5,1139
2021-06-15 10:19:49,S,85.1,3,2076
2021-06-15 10:20:00,S,85.35,1,93
2021-06-15 10:20:00,S,85.3,5,1210
2021-06-15 10:20:07,S,85.4,3,308
2021-06-15 10:20:07,S,85.5,14,5371
2021-06-15 10:20:07,S,85.35,2,293
2021-06-15 10:20:13,S,85.35,1,143
2021-06-15 10:20:18,S,85.4,3,302
2021-06-15 10:20:18,S,85.5,13,5169
2021-06-15 10:20:19,S,85.45,4,845
2021-06-15 10:20:19,S,85.5,14,5389
2021-06-15 10:20:19,S,85.35,1,55
2021-06-15 10:20:19,S,85.25,5,1485
2021-06-15 10:20:22,S,85.35,2,265
2021-06-15 10:20:22,S,85.25,4,1045
2021-06-15 10:20:26,S,85.4,3,267
2021-06-15 10:20:31,S,85.4,3,262
2021-06-15 10:20:31,S,85.45,2,297
2021-06-15 10:20:31,S,85.5,14,5706
2021-06-15 10:20:31,S,85.55,4,592
2021-06-15 10:20:31,S,85.6,5,3784
2021-06-15 10:20:31,S,85.3,3,973
2021-06-15 10:20:31,S,85.25,3,944
2021-06-15 10:20:31,S,85.2,3,1469
2021-06-15 10:20:38,S,85.6,4,3743
2021-06-15 10:20:40,S,85.3,2,523
2021-06-15 10:20:48,S,85.35,5,1312
2021-06-15 10:20:48,S,85.3,3,743
2021-06-15 10:20:52,S,85.55,3,298
2021-06-15 10:21:00,S,85.45,3,307
2021-06-15 10:21:00,S,85.5,12,5019
2021-06-15 10:21:00,S,85.6,5,3843
2021-06-15 10:21:00,S,85.65,6,1363
2021-06-15 10:21:00,S,85.4,2,315
2021-06-15 10:21:00,S,85.35,5,1467
2021-06-15 10:21:06,S,85.45,2,11
2021-06-15 10:21:06,S,85.5,10,1181
2021-06-15 10:21:06,S,85.55,4,518
2021-06-15 10:21:06,S,85.6,4,2245
2021-06-15 10:21:06,S,85.65,5,706
2021-06-15 10:21:06,S,85.35,5,1468
2021-06-15 10:21:06,S,85.3,2,487
2021-06-15 10:21:06,S,85.25,4,1944
2021-06-15 10:21:06,S,85.2,4,3368
2021-06-15 10:21:06,S,85.15,6,1196
2021-06-15 10:21:07,S,85.65,4,486
2021-06-15 10:21:07,S,85.8,9,9705
2021-06-15 10:21:07,S,85.35,3,765
2021-06-15 10:21:10,S,85.45,3,821
2021-06-15 10:21:10,S,85.4,3,544
2021-06-15 10:21:15,S,85.4,4,764
2021-06-15 10:21:21,S,85.65,5,496
2021-06-15 10:21:21,S,85.5,4,1929
2021-06-15 10:21:21,S,85.4,3,749
2021-06-15 10:21:25,S,85.65,5,495
2021-06-15 10:21:25,S,85.7,6,2637
2021-06-15 10:21:25,S,85.85,6,1184
2021-06-15 10:21:25,S,85.5,3,939
2021-06-15 10:21:25,S,85.45,4,1041
2021-06-15 10:21:25,S,85.35,2,710
2021-06-15 10:21:26,S,85.5,5,1278
2021-06-15 10:21:31,S,85.6,2,116
2021-06-15 10:21:31,S,85.65,5,699
2021-06-15 10:21:31,S,85.8,10,9922
2021-06-15 10:21:31,S,85.5,6,1378
2021-06-15 10:21:33,S,85.6,2,16
2021-06-15 10:21:33,S,85.65,4,482
2021-06-15 10:21:33,S,85.5,5,1089
2021-06-15 10:21:41,S,85.6,3,104
2021-06-15 10:21:41,S,85.5,4,623
2021-06-15 10:21:41,S,85.45,4,1458
2021-06-15 10:21:42,S,85.6,4,577
2021-06-15 10:21:42,S,85.65,4,599
2021-06-15 10:21:42,S,85.5,1,97
2021-06-15 10:21:42,S,85.45,3,974
2021-06-15 10:21:42,S,85.4,2,460
2021-06-15 10:21:42,S,85.35,3,930
2021-06-15 10:21:45,S,85.65,5,864
2021-06-15 10:21:45,S,85.45,3,1234
2021-06-15 10:21:45,S,85.4,2,463
2021-06-15 10:21:45,S,85.3,4,2740
2021-06-15 10:21:48,S,85.7,4,1976
2021-06-15 10:21:48,S,85.45,3,986
2021-06-15 10:21:53,S,85.65,5,861
2021-06-15 10:21:53,S,85.5,3,564
2021-06-15 10:21:53,S,85.45,4,1426
2021-06-15 10:21:55,S,85.65,7,1539
2021-06-15 10:21:55,S,85.85,5,1143
2021-06-15 10:21:55,S,85.45,4,1184
2021-06-15 10:21:55,S,85.3,4,2300
2021-06-15 10:22:00,S,85.6,5,790
2021-06-15 10:22:00,S,85.5,2,366
2021-06-15 10:22:02,S,85.6,5,2346
2021-06-15 10:22:02,S,85.8,9,9881
2021-06-15 10:22:02,S,85.4,2,485
2021-06-15 10:22:06,S,85.6,4,2336
2021-06-15 10:22:13,S,85.55,3,266
2021-06-15 10:22:13,S,85.6,5,2836
2021-06-15 10:22:16,S,85.55,4,466
2021-06-15 10:22:16,S,85.65,6,1394
2021-06-15 10:22:16,S,85.5,1,101
2021-06-15 10:22:21,S,85.55,5,471
2021-06-15 10:22:21,S,85.45,2,766
2021-06-15 10:22:21,S,85.4,3,701
2021-06-15 10:22:24,S,85.5,2,151
2021-06-15 10:22:24,S,85.4,2,503
2021-06-15 10:22:24,S,85.3,3,2299
2021-06-15 10:22:33,S,85.5,3,295
2021-06-15 10:22:37,S,85.55,4,271
2021-06-15 10:22:37,S,85.45,4,1397
2021-06-15 10:22:37,S,85.4,3,872
2021-06-15 10:22:45,S,85.45,3,964
2021-06-15 10:22:45,S,85.4,3,909
2021-06-15 10:22:55,S,85.55,4,254
2021-06-15 10:23:03,S,85.55,4,249
2021-06-15 10:23:03,S,85.6,4,2636
2021-06-15 10:23:10,S,85.65,6,1729
2021-06-15 10:23:10,S,85.7,5,2193
2021-06-15 10:23:10,S,85.75,6,910
2021-06-15 10:23:10,S,85.5,3,195
2021-06-15 10:23:10,S,85.45,4,1403
2021-06-15 10:23:10,S,85.4,2,434
2021-06-15 10:23:14,S,85.5,1,1025
2021-06-15 10:23:14,S,85.4,3,898
2021-06-15 10:23:14,S,85.35,4,931
2021-06-15 10:23:19,S,85.5,2,1035
2021-06-15 10:23:19,S,85.55,3,921
2021-06-15 10:23:19,S,85.65,5,1294
2021-06-15 10:23:19,S,85.7,6,2293
2021-06-15 10:23:19,S,85.4,2,462
2021-06-15 10:23:19,S,85.35,5,1365
2021-06-15 10:23:19,S,85.3,4,2799
2021-06-15 10:23:22,S,85.4,2,199
2021-06-15 10:23:29,S,85.4,3,649
2021-06-15 10:23:29,S,85.5,3,1522
2021-06-15 10:23:29,S,85.6,4,2414
2021-06-15 10:23:29,S,85.35,2,181
2021-06-15 10:23:29,S,85.3,2,764
2021-06-15 10:23:29,S,85.25,6,2945
2021-06-15 10:23:37,S,85.5,4,1722
2021-06-15 10:23:37,S,85.3,3,836
2021-06-15 10:23:40,S,85.55,3,997
2021-06-15 10:23:43,S,85.55,4,998
2021-06-15 10:23:47,S,85.5,5,2722
2021-06-15 10:23:47,S,85.2,3,2368
2021-06-15 10:23:50,S,85.3,3,776
2021-06-15 10:23:54,S,85.5,6,4556
2021-06-15 10:24:03,S,85.4,4,1104
2021-06-15 10:24:03,S,85.3,2,512
2021-06-15 10:24:03,S,85.15,5,1195
2021-06-15 10:24:04,S,85.4,4,1080
2021-06-15 10:24:04,S,85.3,2,490
2021-06-15 10:24:04,S,85.15,4,993
2021-06-15 10:24:07,S,85.4,3,625
2021-06-15 10:24:21,S,85.3,3,638
2021-06-15 10:24:25,S,85.5,5,3556
2021-06-15 10:24:30,S,85.3,3,613
2021-06-15 10:24:37,S,85.25,6,3175
2021-06-15 10:24:41,S,85.25,5,2743
2021-06-15 10:24:54,S,85.4,3,1176
2021-06-15 10:24:54,S,85.45,4,949
2021-06-15 10:24:54,S,85.3,4,1113
2021-06-15 10:24:54,S,85.25,6,3202
2021-06-15 10:24:55,S,85.3,2,613
2021-06-15 10:25:01,S,85.4,4,1642
2021-06-15 10:25:01,S,85.5,6,3756
2021-06-15 10:25:10,S,85.4,3,1072
2021-06-15 10:25:10,S,85.5,7,4326
2021-06-15 10:25:10,S,85.3,1,353
2021-06-15 10:25:10,S,85.25,6,2931
2021-06-15 10:25:10,S,85.2,3,2386
2021-06-15 10:25:12,S,85.3,2,314
2021-06-15 10:25:12,S,85.4,3,1063
2021-06-15 10:25:12,S,85.25,4,2243
2021-06-15 10:25:12,S,85.2,3,2603
2021-06-15 10:25:12,S,85.15,5,1213
2021-06-15 10:25:12,S,85.1,4,3948
2021-06-15 10:25:18,S,85.4,3,1079
2021-06-15 10:25:18,S,85.6,5,4090
2021-06-15 10:25:18,S,85.25,6,3153
2021-06-15 10:25:24,S,85.2,4,2810
2021-06-15 10:25:30,S,85.35,2,271
2021-06-15 10:25:30,S,85.25,4,2193
2021-06-15 10:25:30,S,85.05,5,1071
2021-06-15 10:25:31,S,85.4,4,1258
2021-06-15 10:25:31,S,85.45,3,509
2021-06-15 10:25:31,S,85.2,3,2599
2021-06-15 10:25:31,S,85.15,5,1181
2021-06-15 10:25:31,S,85.05,6,1072
2021-06-15 10:25:34,S,85.5,8,4426
2021-06-15 10:25:34,S,85.3,1,263
2021-06-15 10:25:34,S,85.25,5,2693
2021-06-15 10:25:34,S,85.2,2,2166
2021-06-15 10:25:37,S,85.5,7,4206
2021-06-15 10:25:41,S,85.45,3,738
2021-06-15 10:25:41,S,85.55,5,999
2021-06-15 10:25:41,S,85.35,1,100
2021-06-15 10:25:52,S,85.5,6,4106
2021-06-15 10:26:04,S,85.35,2,275
2021-06-15 10:26:08,S,85.25,7,6326
2021-06-15 10:26:14,S,85.4,2,606
2021-06-15 10:26:14,S,85.45,2,289
2021-06-15 10:26:14,S,85.5,7,4294
2021-06-15 10:26:14,S,85.55,4,499
2021-06-15 10:26:14,S,85.6,6,4190
2021-06-15 10:26:14,S,85.35,3,537
2021-06-15 10:26:14,S,85.3,2,715
2021-06-15 10:26:15,S,85.6,4,3873
2021-06-15 10:26:18,S,85.35,4,976
2021-06-15 10:26:18,S,85.3,3,4962
2021-06-15 10:26:25,S,85.5,5,2118
2021-06-15 10:26:25,S,85.35,2,476
2021-06-15 10:26:29,S,85.5,7,4070
2021-06-15 10:26:32,S,85.5,7,4069
2021-06-15 10:26:32,S,85.35,3,995
2021-06-15 10:26:38,S,85.5,6,3615
2021-06-15 10:26:38,S,85.3,4,5435
2021-06-15 10:26:39,S,85.3,5,5591
2021-06-15 10:26:39,S,85.25,8,6336
2021-06-15 10:26:39,S,85.15,7,1282
2021-06-15 10:26:39,S,85.1,4,3934
2021-06-15 10:26:43,S,85.35,2,3707
2021-06-15 10:26:50,S,85.5,6,2915
2021-06-15 10:26:50,S,85.55,3,279
2021-06-15 10:26:50,S,85.65,6,1794
2021-06-15 10:26:50,S,85.4,3,821
2021-06-15 10:26:50,S,85.35,3,3895
2021-06-15 10:26:51,S,85.55,6,1228
2021-06-15 10:26:51,S,85.35,3,4155
2021-06-15 10:26:54,S,85.55,5,756
2021-06-15 10:27:00,S,85.45,1,39
2021-06-15 10:27:00,S,85.5,7,3055
2021-06-15 10:27:00,S,85.55,6,1188
2021-06-15 10:27:00,S,85.4,2,362
2021-06-15 10:27:00,S,85.35,4,4165
2021-06-15 10:27:00,S,85.3,4,5150
2021-06-15 10:27:02,S,85.5,8,3243
2021-06-15 10:27:02,S,85.3,4,5416
2021-06-15 10:27:09,S,85.45,2,314
2021-06-15 10:27:09,S,85.5,9,3709
2021-06-15 10:27:09,S,85.55,4,467
2021-06-15 10:27:09,S,85.6,5,4061
2021-06-15 10:27:09,S,85.65,7,1894
2021-06-15 10:27:09,S,85.35,3,3717
2021-06-15 10:27:09,S,85.3,5,5604
2021-06-15 10:27:09,S,85.2,3,2354
2021-06-15 10:27:09,S,85.15,6,1281
2021-06-15 10:27:10,S,85.35,4,4217
2021-06-15 10:27:14,S,85.65,5,1177
2021-06-15 10:27:14,S,85.4,4,2392
2021-06-15 10:27:23,S,85.55,4,407
2021-06-15 10:27:30,S,85.55,5,461
2021-06-15 10:27:30,S,85.4,4,2382
2021-06-15 10:27:37,S,85.55,5,441
2021-06-15 10:27:37,S,85.4,3,2264
2021-06-15 10:27:37,S,85.2,5,4075
2021-06-15 10:27:43,S,85.55,2,306
2021-06-15 10:27:43,S,85.4,3,768
2021-06-15 10:27:43,S,85.35,5,4405
2021-06-15 10:27:44,S,85.6,3,2197
2021-06-15 10:27:48,S,85.55,1,40
2021-06-15 10:27:48,S,85.6,4,2385
2021-06-15 10:27:48,S,85.4,4,4213
2021-06-15 10:27:55,S,85.55,2,540
2021-06-15 10:27:55,S,85.6,2,638
2021-06-15 10:27:55,S,85.35,4,960
2021-06-15 10:27:59,S,85.55,3,740
2021-06-15 10:28:06,S,85.55,5,1512
2021-06-15 10:28:16,S,85.55,5,1487
2021-06-15 10:28:19,S,85.6,3,2224
2021-06-15 10:28:28,S,85.55,4,1005
2021-06-15 10:28:32,S,85.6,5,2845
2021-06-15 10:28:40,S,85.55,5,1006
2021-06-15 10:28:40,S,85.6,5,2876
2021-06-15 10:28:40,S,85.25,7,2891
2021-06-15 10:28:42,S,85.6,5,2879
2021-06-15 10:28:46,S,85.6,4,2412
2021-06-15 10:28:46,S,85.4,6,6372
2021-06-15 10:28:46,S,85.2,6,4175
2021-06-15 10:28:54,S,85.55,7,1900
2021-06-15 10:29:06,S,85.5,1,479
2021-06-15 10:29:06,S,85.55,5,1261
2021-06-15 10:29:06,S,85.4,5,5929
2021-06-15 10:29:06,S,85.35,6,1411
2021-06-15 10:29:06,S,85.25,6,2881
2021-06-15 10:29:07,S,85.35,5,1223
2021-06-15 10:29:13,S,85.5,2,705
2021-06-15 10:29:13,S,85.35,5,961
2021-06-15 10:29:16,S,85.4,4,3818
2021-06-15 10:29:18,S,85.55,7,1778
2021-06-15 10:29:30,S,85.35,6,1422
2021-06-15 10:29:43,S,85.5,2,497
2021-06-15 10:29:43,S,85.55,8,1966
2021-06-15 10:29:44,S,85.5,1,246
2021-06-15 10:29:44,S,85.6,3,1912
2021-06-15 10:29:44,S,85.4,5,4287
2021-06-15 10:29:49,S,85.5,2,346
2021-06-15 10:29:49,S,85.55,8,1982
2021-06-15 10:29:49,S,85.7,8,8968
2021-06-15 10:29:49,S,85.4,4,3817
2021-06-15 10:29:49,S,85.3,4,2200
2021-06-15 10:29:57,S,85.5,2,334
2021-06-15 10:30:02,S,85.5,2,324
2021-06-15 10:30:02,S,85.55,7,1513
2021-06-15 10:30:02,S,85.6,4,2087
2021-06-15 10:30:02,S,85.4,6,4756
2021-06-15 10:30:02,S,85.2,5,4174
2021-06-15 10:30:04,S,85.6,3,1899
2021-06-15 10:30:04,S,85.4,5,4692
2021-06-15 10:30:14,S,85.5,2,219
2021-06-15 10:30:14,S,85.55,6,1325
2021-06-15 10:30:14,S,85.6,4,2049
2021-06-15 10:30:14,S,85.45,2,323
2021-06-15 10:30:14,S,85.4,6,4792
2021-06-15 10:30:18,S,85.5,3,485
2021-06-15 10:30:18,S,85.4,4,3853
2021-06-15 10:30:18,S,85.35,7,1447
2021-06-15 10:30:18,S,85.2,6,4674
2021-06-15 10:30:22,S,85.5,3,468
2021-06-15 10:30:22,S,85.55,8,1972
2021-06-15 10:30:22,S,85.4,5,4012
2021-06-15 10:30:22,S,85.35,7,1456
2021-06-15 10:30:25,S,85.6,2,1724
2021-06-15 10:30:28,S,85.6,4,2335
2021-06-15 10:30:34,S,85.5,3,368
2021-06-15 10:30:34,S,85.55,7,1500
2021-06-15 10:30:34,S,85.6,4,2320
2021-06-15 10:30:34,S,85.7,9,9468
2021-06-15 10:30:34,S,85.45,2,284
2021-06-15 10:30:38,S,85.5,2,348
2021-06-15 10:30:38,S,85.55,8,1978
2021-06-15 10:30:38,S,85.6,3,1874
2021-06-15 10:30:38,S,85.45,1,10
2021-06-15 10:30:38,S,85.4,8,5061
2021-06-15 10:30:38,S,85.25,7,2981
2021-06-15 10:30:39,S,85.55,4,996
2021-06-15 10:30:39,S,85.45,5,963
2021-06-15 10:30:45,S,85.55,5,1060
2021-06-15 10:30:45,S,85.5,1,477
2021-06-15 10:30:45,S,85.45,4,803
2021-06-15 10:30:45,S,85.55,5,1050
2021-06-15 10:30:45,S,85.6,3,2171
2021-06-15 10:30:45,S,85.45,3,561
2021-06-15 10:30:49,S,85.6,3,1788
2021-06-15 10:30:49,S,85.65,7,1818
2021-06-15 10:30:56,S,85.55,4,986
2021-06-15 10:30:57,S,85.55,5,1045
2021-06-15 10:30:57,S,85.6,4,2323
2021-06-15 10:30:57,S,85.45,4,807
2021-06-15 10:31:01,S,85.55,4,981
2021-06-15 10:31:01,S,85.6,4,2237
2021-06-15 10:31:01,S,85.45,5,967
2021-06-15 10:31:01,S,85.4,7,4613
2021-06-15 10:31:04,S,85.65,7,1865
2021-06-15 10:31:04,S,85.5,1,500
2021-06-15 10:31:04,S,85.45,2,111
2021-06-15 10:31:07,S,85.45,3,271
2021-06-15 10:31:07,S,85.4,6,1168
2021-06-15 10:31:11,S,85.55,6,1543
2021-06-15 10:31:11,S,85.6,3,2173
2021-06-15 10:31:11,S,85.65,6,1365
2021-06-15 10:31:11,S,85.7,10,10168
2021-06-15 10:31:11,S,85.5,1,1000
2021-06-15 10:31:11,S,85.45,4,530
2021-06-15 10:31:11,S,85.3,5,2700
2021-06-15 10:31:14,S,85.7,8,9451
2021-06-15 10:31:14,S,85.8,9,5381
2021-06-15 10:31:18,S,85.5,5,2336
2021-06-15 10:31:18,S,85.4,7,2837
2021-06-15 10:31:22,S,85.6,1,128
2021-06-15 10:31:22,S,85.65,4,1077
2021-06-15 10:31:22,S,85.7,9,9601
2021-06-15 10:31:22,S,85.75,7,1410
2021-06-15 10:31:22,S,85.8,8,5281
2021-06-15 10:31:22,S,85.5,6,2587
2021-06-15 10:31:22,S,85.35,6,986
2021-06-15 10:31:22,S,85.3,6,2800
2021-06-15 10:31:24,S,85.75,5,693
2021-06-15 10:31:24,S,85.8,7,3451
2021-06-15 10:31:33,S,85.7,3,5701
2021-06-15 10:31:33,S,85.75,6,843
2021-06-15 10:31:33,S,85.8,9,4101
2021-06-15 10:31:33,S,85.9,7,5174
2021-06-15 10:31:33,S,85.6,2,716
2021-06-15 10:31:33,S,85.55,4,1048
2021-06-15 10:31:33,S,85.5,5,2169
2021-06-15 10:31:33,S,85.45,5,1030
2021-06-15 10:31:33,S,85.4,6,2736
2021-06-15 10:31:37,S,85.4,5,1050
2021-06-15 10:31:37,S,85.45,5,1576
2021-06-15 10:31:37,S,85.5,3,13090
2021-06-15 10:31:37,S,85.55,1,500
2021-06-15 10:31:37,S,85.6,1,1632
2021-06-15 10:31:37,S,85.1,2,1874
2021-06-15 10:31:40,S,85.55,2,732
2021-06-15 10:31:46,S,85.35,4,734
2021-06-15 10:31:46,S,85.4,6,1255
2021-06-15 10:31:46,S,85.25,4,2030
2021-06-15 10:31:47,S,85.5,5,15453
2021-06-15 10:31:47,S,85.25,3,1829
2021-06-15 10:31:47,S,85.15,5,1047
2021-06-15 10:31:51,S,85.55,3,733
2021-06-15 10:31:51,S,85.15,6,1207
2021-06-15 10:31:54,S,85.35,3,733
2021-06-15 10:31:54,S,85.2,3,815
2021-06-15 10:32:06,S,85.25,4,2329
2021-06-15 10:32:09,S,85.15,5,1056
2021-06-15 10:32:09,S,85.1,3,2374
2021-06-15 10:32:21,S,85.35,4,1233
2021-06-15 10:32:21,S,85.15,6,1216
2021-06-15 10:32:22,S,85.25,4,2229
2021-06-15 10:32:22,S,85.2,2,367
2021-06-15 10:32:22,S,85.15,4,593
2021-06-15 10:32:28,S,85.25,4,1988
2021-06-15 10:32:37,S,85.35,3,1229
2021-06-15 10:32:37,S,85.4,7,2894
2021-06-15 10:32:37,S,85.25,4,1708
2021-06-15 10:32:37,S,85.2,3,656
2021-06-15 10:32:37,S,85.15,5,753
2021-06-15 10:32:39,S,85.5,6,15740
2021-06-15 10:32:39,S,85.25,5,2162
2021-06-15 10:32:42,S,85.2,4,959
2021-06-15 10:32:51,S,85.25,4,1684
2021-06-15 10:32:51,S,85.2,3,527
2021-06-15 10:32:54,S,85.4,6,1542
2021-06-15 10:32:54,S,85.6,3,3503
2021-06-15 10:32:54,S,85.1,4,2534
2021-06-15 10:32:54,S,85.05,5,1029
2021-06-15 10:32:54,S,85.0,30,12948
2021-06-15 10:33:02,S,85.25,6,2220
2021-06-15 10:33:14,S,85.45,5,2018
2021-06-15 10:33:14,S,85.3,2,754
2021-06-15 10:33:14,S,85.25,7,2230
2021-06-15 10:33:21,S,85.4,5,1033
2021-06-15 10:33:21,S,85.3,1,495
2021-06-15 10:33:27,S,85.4,4,595
2021-06-15 10:33:27,S,85.45,5,2014
2021-06-15 10:33:27,S,85.5,7,16741
2021-06-15 10:33:27,S,85.3,1,408
2021-06-15 10:33:27,S,85.25,6,1754
2021-06-15 10:33:27,S,85.2,2,419
2021-06-15 10:33:31,S,85.35,2,397
2021-06-15 10:33:31,S,85.4,5,1424
2021-06-15 10:33:31,S,85.45,4,1575
2021-06-15 10:33:31,S,85.5,8,16841
2021-06-15 10:33:31,S,85.55,4,734
2021-06-15 10:33:31,S,85.3,1,500
2021-06-15 10:33:31,S,85.2,2,268
2021-06-15 10:33:31,S,85.1,5,2634
2021-06-15 10:33:33,S,85.5,6,2315
2021-06-15 10:33:33,S,85.55,5,1003
2021-06-15 10:33:33,S,85.65,4,793
2021-06-15 10:33:33,S,85.3,4,2333
2021-06-15 10:33:37,S,85.5,5,2155
2021-06-15 10:33:37,S,85.3,3,2323
2021-06-15 10:33:37,S,85.25,4,1584
2021-06-15 10:33:39,S,85.55,5,931
2021-06-15 10:33:39,S,85.65,5,1293
2021-06-15 10:33:56,S,85.45,3,1043
2021-06-15 10:33:56,S,85.5,4,1868
2021-06-15 10:33:56,S,85.6,4,4003
2021-06-15 10:34:04,S,85.45,2,776
2021-06-15 10:34:04,S,85.5,3,1768
2021-06-15 10:34:04,S,85.6,4,3931
2021-06-15 10:34:10,S,85.45,1,148
2021-06-15 10:34:12,S,85.45,1,118
2021-06-15 10:34:12,S,85.6,3,3771
2021-06-15 10:34:12,S,85.35,4,847
2021-06-15 10:34:17,S,85.35,3,837
2021-06-15 10:34:19,S,85.5,4,1896
2021-06-15 10:34:19,S,85.7,6,9678
2021-06-15 10:34:19,S,85.35,3,759
2021-06-15 10:34:19,S,85.3,4,2483
2021-06-15 10:34:19,S,85.25,6,2244
2021-06-15 10:34:24,S,85.45,3,798
2021-06-15 10:34:24,S,85.3,4,2757
2021-06-15 10:34:30,S,85.45,3,793
2021-06-15 10:34:30,S,85.3,4,2716
2021-06-15 10:34:33,S,85.45,3,743
2021-06-15 10:34:33,S,85.3,4,2666
2021-06-15 10:34:38,S,85.45,3,812
2021-06-15 10:34:48,S,85.45,2,353
2021-06-15 10:34:48,S,85.5,6,4206
2021-06-15 10:34:48,S,85.3,5,2575
2021-06-15 10:35:01,S,85.15,6,1253
2021-06-15 10:35:03,S,85.45,3,794
2021-06-15 10:35:03,S,85.5,5,3738
2021-06-15 10:35:03,S,85.55,6,996
2021-06-15 10:35:03,S,85.65,4,1228
2021-06-15 10:35:03,S,85.3,6,2675
2021-06-15 10:35:03,S,85.25,5,1744
2021-06-15 10:35:11,S,85.45,2,309
2021-06-15 10:35:11,S,85.5,4,3578
2021-06-15 10:35:11,S,85.6,5,4197
2021-06-15 10:35:11,S,85.65,5,1328
2021-06-15 10:35:11,S,85.3,4,771
2021-06-15 10:35:11,S,85.25,6,1844
2021-06-15 10:35:11,S,85.2,4,2648
2021-06-15 10:35:11,S,85.15,5,1153
2021-06-15 10:35:11,S,85.1,6,4199
2021-06-15 10:35:15,S,85.55,5,836
2021-06-15 10:35:15,S,85.45,1,691
2021-06-15 10:35:17,S,85.6,4,4037
2021-06-15 10:35:17,S,85.45,1,626
2021-06-15 10:35:21,S,85.5,2,1268
2021-06-15 10:35:21,S,85.55,4,771
2021-06-15 10:35:21,S,85.6,5,4186
2021-06-15 10:35:21,S,85.65,5,1187
2021-06-15 10:35:21,S,85.45,1,621
2021-06-15 10:35:21,S,85.4,3,882
2021-06-15 10:35:21,S,85.35,4,823
2021-06-15 10:35:21,S,85.25,7,2344
2021-06-15 10:35:22,S,85.65,3,867
2021-06-15 10:35:22,S,85.5,2,852
2021-06-15 10:35:24,S,85.55,3,271
2021-06-15 10:35:24,S,85.6,3,2398
2021-06-15 10:35:24,S,85.65,4,1016
2021-06-15 10:35:24,S,85.7,7,10178
2021-06-15 10:35:24,S,85.75,7,1343
2021-06-15 10:35:24,S,85.5,1,414
2021-06-15 10:35:24,S,85.45,4,977
2021-06-15 10:35:24,S,85.4,2,406
2021-06-15 10:35:24,S,85.35,2,406
2021-06-15 10:35:24,S,85.3,5,1292
2021-06-15 10:35:27,S,85.7,5,9750
2021-06-15 10:35:27,S,85.5,3,4781
2021-06-15 10:35:30,S,85.7,6,9760
2021-06-15 10:35:37,S,85.7,6,10213
2021-06-15 10:35:37,S,85.5,3,4771
2021-06-15 10:35:41,S,85.7,7,10150
2021-06-15 10:35:41,S,85.5,4,4871
2021-06-15 10:35:41,S,85.4,3,906
2021-06-15 10:35:43,S,85.7,7,8729
2021-06-15 10:35:43,S,85.5,4,4818
2021-06-15 10:35:43,S,85.45,3,534
2021-06-15 10:35:49,S,85.7,7,8721
2021-06-15 10:36:01,S,85.65,2,456
2021-06-15 10:36:01,S,85.7,7,8761
2021-06-15 10:36:01,S,85.5,4,4618
2021-06-15 10:36:06,S,85.65,3,888
2021-06-15 10:36:12,S,85.65,3,924
2021-06-15 10:36:12,S,85.7,6,8287
2021-06-15 10:36:12,S,85.5,4,4603
2021-06-15 10:36:12,S,85.3,6,3003
2021-06-15 10:36:12,S,85.7,5,8326
2021-06-15 10:36:16,S,85.7,4,7882
2021-06-15 10:36:16,S,85.5,4,4630
2021-06-15 10:36:24,S,85.7,5,8346
2021-06-15 10:36:24,S,85.45,4,823
2021-06-15 10:36:28,S,85.65,3,942
2021-06-15 10:36:28,S,85.7,6,8286
2021-06-15 10:36:28,S,85.75,7,1342
2021-06-15 10:36:28,S,85.5,4,4626
2021-06-15 10:36:28,S,85.45,3,674
2021-06-15 10:36:28,S,85.4,4,2832
2021-06-15 10:36:28,S,85.3,7,3103
2021-06-15 10:36:31,S,85.6,2,721
2021-06-15 10:36:31,S,85.5,5,4570
2021-06-15 10:36:40,S,85.7,4,6205
2021-06-15 10:36:40,S,85.75,6,1193
2021-06-15 10:36:40,S,85.8,8,5360
2021-06-15 10:36:40,S,85.85,5,1045
2021-06-15 10:36:40,S,85.9,6,4578
2021-06-15 10:36:40,S,85.6,1,461
2021-06-15 10:36:40,S,85.55,4,826
2021-06-15 10:36:40,S,85.5,6,4620
2021-06-15 10:36:40,S,85.45,3,506
2021-06-15 10:36:41,S,85.75,2,727
2021-06-15 10:36:48,S,85.85,3,269
2021-06-15 10:36:48,S,86.0,29,11067
2021-06-15 10:36:48,S,85.6,4,2486
2021-06-15 10:36:48,S,85.95,8,3222
2021-06-15 10:36:52,S,86.0,28,10567
2021-06-15 10:36:52,S,85.75,1,458
2021-06-15 10:36:52,S,85.7,3,546
2021-06-15 10:36:52,S,85.65,4,1108
2021-06-15 10:36:58,S,85.85,2,219
2021-06-15 10:37:00,S,85.9,2,683
2021-06-15 10:37:00,S,86.0,29,10667
2021-06-15 10:37:00,S,86.05,4,920
2021-06-15 10:37:00,S,86.1,5,3878
2021-06-15 10:37:06,S,85.7,3,834
2021-06-15 10:37:06,S,85.55,3,909
2021-06-15 10:37:13,S,85.85,3,340
2021-06-15 10:37:13,S,85.9,5,3154
2021-06-15 10:37:13,S,86.0,28,10518
2021-06-15 10:37:13,S,86.05,5,1091
2021-06-15 10:37:13,S,85.7,4,884
2021-06-15 10:37:13,S,85.65,3,608
2021-06-15 10:37:16,S,85.85,2,320
2021-06-15 10:37:16,S,85.5,7,6462
2021-06-15 10:37:19,S,85.85,4,936
2021-06-15 10:37:23,S,85.85,4,929
2021-06-15 10:37:26,S,85.85,4,904
2021-06-15 10:37:26,S,86.0,29,10735
2021-06-15 10:37:26,S,85.65,4,1082
2021-06-15 10:37:36,S,85.5,8,6467
2021-06-15 10:37:39,S,85.65,3,933
2021-06-15 10:37:52,S,85.65,3,907
2021-06-15 10:37:58,S,85.85,4,905
2021-06-15 10:37:58,S,85.7,4,1447
2021-06-15 10:37:58,S,85.65,4,1056
2021-06-15 10:38:05,S,85.8,3,1265
2021-06-15 10:38:05,S,85.85,5,1905
2021-06-15 10:38:05,S,85.9,4,2680
2021-06-15 10:38:05,S,85.95,9,3371
2021-06-15 10:38:05,S,86.0,28,10646
2021-06-15 10:38:05,S,85.7,3,1319
2021-06-15 10:38:05,S,85.65,3,587
2021-06-15 10:38:05,S,85.6,3,1986
2021-06-15 10:38:05,S,85.55,4,910
2021-06-15 10:38:07,S,85.7,2,1653
2021-06-15 10:38:07,S,85.75,2,319
2021-06-15 10:38:07,S,85.8,4,1429
2021-06-15 10:38:24,S,85.45,4,1006
2021-06-15 10:38:31,S,85.7,1,1181
2021-06-15 10:38:31,S,85.8,5,3350
2021-06-15 10:38:31,S,85.65,1,200
2021-06-15 10:38:31,S,85.6,2,393
2021-06-15 10:38:39,S,85.55,4,699
2021-06-15 10:38:41,S,85.85,4,1904
2021-06-15 10:38:41,S,85.65,1,400
2021-06-15 10:38:41,S,85.55,3,550
2021-06-15 10:38:42,S,85.55,4,551
2021-06-15 10:38:42,S,85.5,6,2388
2021-06-15 10:38:47,S,85.7,2,279
2021-06-15 10:38:47,S,85.75,3,750
2021-06-15 10:38:47,S,85.9,5,2780
2021-06-15 10:38:47,S,85.65,1,299
2021-06-15 10:38:47,S,85.6,2,297
2021-06-15 10:38:47,S,85.55,5,700
2021-06-15 10:38:47,S,85.5,7,2537
2021-06-15 10:38:47,S,85.45,3,906
2021-06-15 10:38:50,S,85.7,3,579
2021-06-15 10:38:50,S,85.55,2,296
2021-06-15 10:38:50,S,85.5,5,506
2021-06-15 10:38:56,S,85.65,3,859
2021-06-15 10:38:56,S,85.5,7,729
2021-06-15 10:38:56,S,85.4,4,3861
2021-06-15 10:38:58,S,85.5,6,663
2021-06-15 10:38:58,S,85.45,5,1223
2021-06-15 10:39:00,S,85.45,5,1224
2021-06-15 10:39:07,S,85.5,6,662
2021-06-15 10:39:10,S,85.5,5,562
2021-06-15 10:39:10,S,85.45,3,599
2021-06-15 10:39:14,S,85.85,6,2009
2021-06-15 10:39:14,S,85.45,5,1207
2021-06-15 10:39:14,S,85.4,5,4010
2021-06-15 10:39:19,S,85.65,3,793
2021-06-15 10:39:19,S,85.85,5,1909
2021-06-15 10:39:19,S,85.5,6,812
2021-06-15 10:39:19,S,85.45,4,748
2021-06-15 10:39:19,S,85.4,4,3910
2021-06-15 10:39:21,S,85.75,3,903
2021-06-15 10:39:32,S,85.6,3,825
2021-06-15 10:39:32,S,85.5,1,63
2021-06-15 10:39:35,S,85.6,3,790
2021-06-15 10:39:35,S,85.5,1,62
2021-06-15 10:39:39,S,85.6,2,347
2021-06-15 10:39:39,S,85.8,4,3325
2021-06-15 10:39:39,S,85.5,2,194
2021-06-15 10:39:39,S,85.45,3,459
2021-06-15 10:39:44,S,85.45,2,310
2021-06-15 10:39:44,S,85.35,4,548
2021-06-15 10:39:45,S,85.5,1,2305
2021-06-15 10:39:48,S,85.5,2,2505
2021-06-15 10:39:48,S,85.55,2,704
2021-06-15 10:39:48,S,85.6,3,531
2021-06-15 10:39:48,S,85.45,2,307
2021-06-15 10:39:48,S,85.35,5,697
2021-06-15 10:39:51,S,85.45,3,636
2021-06-15 10:39:58,S,85.65,4,963
2021-06-15 10:39:58,S,85.4,3,2332
2021-06-15 10:40:05,S,85.65,4,958
2021-06-15 10:40:05,S,85.75,4,905
2021-06-15 10:40:05,S,85.45,3,635
2021-06-15 10:40:05,S,85.4,2,2183
2021-06-15 10:40:05,S,85.25,8,2364
2021-06-15 10:40:08,S,85.5,2,1433
2021-06-15 10:40:15,S,85.6,2,382
2021-06-15 10:40:15,S,85.65,3,503
2021-06-15 10:40:15,S,85.8,6,5242
2021-06-15 10:40:15,S,85.5,3,1453
2021-06-15 10:40:15,S,85.45,4,781
2021-06-15 10:40:15,S,85.4,3,2329
2021-06-15 10:40:15,S,85.35,5,908
2021-06-15 10:40:15,S,85.3,8,4685
2021-06-15 10:40:18,S,85.55,3,1739
2021-06-15 10:40:18,S,85.75,5,1005
2021-06-15 10:40:18,S,85.3,5,2554
2021-06-15 10:40:25,S,85.5,4,1500
2021-06-15 10:40:25,S,85.6,3,571
2021-06-15 10:40:25,S,85.7,5,2579
2021-06-15 10:40:25,S,85.35,4,308
2021-06-15 10:40:25,S,85.25,6,1764
2021-06-15 10:40:28,S,85.35,4,208
2021-06-15 10:40:30,S,85.35,1,8
2021-06-15 10:40:30,S,85.3,4,843
2021-06-15 10:40:35,S,85.3,4,566
2021-06-15 10:40:35,S,85.2,4,4112
2021-06-15 10:40:35,S,85.1,6,3783
2021-06-15 10:40:40,S,85.45,3,844
2021-06-15 10:40:40,S,85.5,3,1080
2021-06-15 10:40:40,S,85.6,4,2168
2021-06-15 10:40:40,S,85.35,2,17
2021-06-15 10:40:40,S,85.3,3,558
2021-06-15 10:40:40,S,85.15,5,1247
2021-06-15 10:40:42,S,85.4,3,2209
2021-06-15 10:40:42,S,85.45,3,691
2021-06-15 10:40:42,S,85.55,4,1885
2021-06-15 10:40:42,S,85.3,1,115
2021-06-15 10:40:42,S,85.15,4,714
2021-06-15 10:40:42,S,85.1,6,3744
2021-06-15 10:40:48,S,85.45,3,826
2021-06-15 10:40:54,S,85.4,5,2990
2021-06-15 10:40:54,S,85.45,2,545
2021-06-15 10:40:54,S,85.2,3,3914
2021-06-15 10:40:57,S,85.4,3,884
2021-06-15 10:40:57,S,85.45,3,1009
2021-06-15 10:40:57,S,85.5,4,2900
2021-06-15 10:40:57,S,85.6,5,3771
2021-06-15 10:41:01,S,85.5,2,934
2021-06-15 10:41:01,S,85.35,4,1002
2021-06-15 10:41:06,S,85.5,4,1543
2021-06-15 10:41:16,S,85.3,3,827
2021-06-15 10:41:20,S,85.5,5,3172
2021-06-15 10:41:20,S,85.35,1,150
2021-06-15 10:41:23,S,85.3,3,842
2021-06-15 10:41:30,S,85.45,2,382
2021-06-15 10:41:32,S,85.5,5,3184
2021-06-15 10:41:32,S,85.35,1,39
2021-06-15 10:41:42,S,85.45,2,362
2021-06-15 10:41:42,S,85.5,5,3151
2021-06-15 10:41:42,S,85.35,2,139
2021-06-15 10:41:42,S,85.3,4,946
2021-06-15 10:41:45,S,85.25,6,1750
2021-06-15 10:41:51,S,85.3,3,800
2021-06-15 10:41:55,S,85.35,3,219
2021-06-15 10:42:02,S,85.4,2,797
2021-06-15 10:42:02,S,85.45,3,785
2021-06-15 10:42:02,S,85.5,4,2719
2021-06-15 10:42:02,S,85.35,1,69
2021-06-15 10:42:02,S,85.15,4,1114
2021-06-15 10:42:10,S,85.35,1,531
2021-06-15 10:42:10,S,85.45,3,641
2021-06-15 10:42:10,S,85.2,4,3946
2021-06-15 10:42:10,S,85.15,4,1068
2021-06-15 10:42:15,S,85.35,2,712
2021-06-15 10:42:15,S,85.4,2,723
2021-06-15 10:42:15,S,85.45,4,787
2021-06-15 10:42:15,S,85.55,5,1886
2021-06-15 10:42:15,S,85.25,5,1604
2021-06-15 10:42:15,S,85.2,5,4491
2021-06-15 10:42:15,S,85.15,5,746
2021-06-15 10:42:15,S,85.1,5,3644
2021-06-15 10:42:16,S,85.5,4,2673
2021-06-15 10:42:16,S,85.35,3,1324
2021-06-15 10:42:16,S,85.25,7,2404
2021-06-15 10:42:18,S,85.3,3,801
2021-06-15 10:42:18,S,85.25,6,1904
2021-06-15 10:42:22,S,85.5,5,2819
2021-06-15 10:42:22,S,85.35,1,638
2021-06-15 10:42:22,S,85.3,4,947
2021-06-15 10:42:22,S,85.25,7,2050
2021-06-15 10:42:22,S,85.2,6,4192
2021-06-15 10:43:12,S,85.5,4,1180
2021-06-15 10:43:12,S,85.6,4,3600
2021-06-15 10:43:12,S,85.25,8,2082
2021-06-15 10:43:12,S,85.2,5,4160
2021-06-15 10:43:12,S,85.15,5,1214
2021-06-15 10:43:13,S,85.3,2,369
2021-06-15 10:43:13,S,85.2,5,4092
2021-06-15 10:43:16,S,85.45,2,352
2021-06-15 10:43:16,S,85.5,4,2739
2021-06-15 10:43:16,S,85.4,1,56
2021-06-15 10:43:16,S,85.35,4,1337
2021-06-15 10:43:16,S,85.3,3,515
2021-06-15 10:43:16,S,85.25,10,2682
2021-06-15 10:43:25,S,85.4,4,777
2021-06-15 10:43:25,S,85.35,3,906
2021-06-15 10:43:26,S,85.55,3,1240
2021-06-15 10:43:29,S,85.4,3,677
2021-06-15 10:43:29,S,85.35,4,1052
2021-06-15 10:43:46,S,85.5,3,966
2021-06-15 10:43:46,S,85.55,4,1386
2021-06-15 10:43:46,S,85.6,5,3700
2021-06-15 10:43:46,S,85.65,4,1003
2021-06-15 10:43:46,S,85.7,6,4399
2021-06-15 10:43:46,S,85.4,2,246
2021-06-15 10:43:46,S,85.35,5,1508
2021-06-15 10:43:46,S,85.25,9,2650
2021-06-15 10:43:46,S,85.2,4,4060
2021-06-15 10:43:49,S,85.45,2,672
2021-06-15 10:43:53,S,85.65,3,551
2021-06-15 10:43:53,S,85.5,3,691
2021-06-15 10:44:00,S,85.65,3,512
2021-06-15 10:44:00,S,85.5,4,837
2021-06-15 10:44:00,S,85.3,6,2537
2021-06-15 10:44:01,S,85.65,2,502
2021-06-15 10:44:01,S,85.7,3,2203
2021-06-15 10:44:01,S,85.5,2,210
2021-06-15 10:44:01,S,85.45,3,818
2021-06-15 10:44:04,S,85.65,4,1094
2021-06-15 10:44:12,S,85.6,3,733
2021-06-15 10:44:12,S,85.45,3,382
2021-06-15 10:44:15,S,85.3,5,2536
2021-06-15 10:44:22,S,85.65,4,1099
2021-06-15 10:44:22,S,85.5,1,64
2021-06-15 10:44:22,S,85.45,2,318
2021-06-15 10:44:31,S,85.65,3,648
2021-06-15 10:44:31,S,85.45,2,210
2021-06-15 10:44:32,S,85.6,3,723
2021-06-15 10:44:32,S,85.45,1,146
2021-06-15 10:44:32,S,85.25,10,2589
2021-06-15 10:44:39,S,85.4,4,2484
2021-06-15 10:44:42,S,85.35,5,1552
2021-06-15 10:44:45,S,85.6,3,709
2021-06-15 10:44:45,S,85.75,4,902
2021-06-15 10:44:45,S,85.4,3,2338
2021-06-15 10:44:45,S,85.2,6,4198
2021-06-15 10:44:49,S,85.6,2,264
2021-06-15 10:45:13,S,85.6,2,214
2021-06-15 10:45:18,S,85.6,2,204
2021-06-15 10:45:18,S,85.65,3,863
2021-06-15 10:45:18,S,85.75,4,573
2021-06-15 10:45:18,S,85.4,3,2040
2021-06-15 10:45:18,S,85.25,11,2689
2021-06-15 10:45:24,S,85.55,1,100
2021-06-15 10:45:24,S,85.6,3,659
2021-06-15 10:45:24,S,85.45,3,706
2021-06-15 10:45:40,S,85.55,2,212
2021-06-15 10:45:40,S,85.6,4,795
2021-06-15 10:45:40,S,85.65,2,398
2021-06-15 10:45:40,S,85.75,5,1073
2021-06-15 10:45:40,S,85.45,2,230
2021-06-15 10:45:40,S,85.4,3,2354
2021-06-15 10:45:40,S,85.35,6,1553
2021-06-15 10:45:42,S,85.65,4,472
2021-06-15 10:45:42,S,85.7,4,2349
2021-06-15 10:45:42,S,85.45,4,1019
2021-06-15 10:45:45,S,85.45,3,730
2021-06-15 10:45:45,S,85.4,2,1894
2021-06-15 10:45:48,S,85.7,6,3792
2021-06-15 10:45:51,S,85.65,3,326
2021-06-15 10:45:51,S,85.7,5,3349
2021-06-15 10:45:51,S,85.75,3,402
2021-06-15 10:45:51,S,85.85,5,947
2021-06-15 10:45:51,S,85.5,3,1632
2021-06-15 10:45:51,S,85.45,4,866
2021-06-15 10:45:54,S,85.65,2,166
2021-06-15 10:45:54,S,85.55,2,327
2021-06-15 10:45:54,S,85.5,2,1187
2021-06-15 10:45:54,S,85.35,8,1654
2021-06-15 10:45:57,S,85.65,5,922
2021-06-15 10:45:57,S,85.3,5,2437
2021-06-15 10:46:03,S,85.6,3,181
2021-06-15 10:46:03,S,85.65,2,702
2021-06-15 10:46:03,S,85.5,3,1019
2021-06-15 10:46:03,S,85.6,3,171
2021-06-15 10:46:03,S,85.65,3,838
2021-06-15 10:46:03,S,85.45,3,1157
2021-06-15 10:46:03,S,85.4,3,2030
2021-06-15 10:46:09,S,85.3,4,2436
2021-06-15 10:46:16,S,85.55,1,150
2021-06-15 10:46:16,S,85.5,6,1688
2021-06-15 10:46:21,S,85.5,6,1710
2021-06-15 10:46:29,S,85.7,6,3636
2021-06-15 10:46:29,S,85.55,1,50
2021-06-15 10:46:29,S,85.5,5,1255
2021-06-15 10:46:30,S,85.5,4,1119
2021-06-15 10:46:36,S,85.55,1,30
2021-06-15 10:46:51,S,85.65,3,324
2021-06-15 10:46:51,S,85.7,5,3500
2021-06-15 10:46:51,S,85.55,2,130
2021-06-15 10:46:51,S,85.5,6,1732
2021-06-15 10:46:52,S,85.55,4,322
2021-06-15 10:46:58,S,85.65,3,224
2021-06-15 10:47:01,S,85.65,3,204
2021-06-15 10:47:04,S,85.65,3,179
2021-06-15 10:47:04,S,85.7,6,3629
2021-06-15 10:47:07,S,85.5,5,1727
2021-06-15 10:47:07,S,85.35,7,1653
2021-06-15 10:47:10,S,85.65,3,104
2021-06-15 10:47:10,S,85.7,6,3659
2021-06-15 10:47:22,S,85.55,5,342
2021-06-15 10:47:22,S,85.5,4,1591
2021-06-15 10:47:25,S,85.7,6,3652
2021-06-15 10:47:25,S,85.55,3,237
2021-06-15 10:47:25,S,85.5,5,1596
2021-06-15 10:47:25,S,85.35,8,1656
2021-06-15 10:47:28,S,85.7,5,3516
2021-06-15 10:47:28,S,85.55,5,692
2021-06-15 10:47:28,S,85.5,4,1250
2021-06-15 10:47:37,S,85.75,4,862
2021-06-15 10:47:37,S,85.55,5,702
2021-06-15 10:47:42,S,85.65,3,157
2021-06-15 10:47:42,S,85.75,4,860
2021-06-15 10:47:42,S,85.55,5,732
2021-06-15 10:47:42,S,85.5,5,1450
2021-06-15 10:47:52,S,85.5,6,1821
2021-06-15 10:47:57,S,85.6,4,672
2021-06-15 10:47:59,S,85.6,3,572
2021-06-15 10:47:59,S,85.5,6,1819
2021-06-15 10:48:03,S,85.6,4,617
2021-06-15 10:48:03,S,85.65,3,582
2021-06-15 10:48:03,S,85.5,7,1955
2021-06-15 10:48:21,S,85.6,5,681
2021-06-15 10:48:21,S,85.65,3,1050
2021-06-15 10:48:21,S,85.75,4,563
2021-06-15 10:48:21,S,85.55,3,263
2021-06-15 10:48:25,S,85.65,3,679
2021-06-15 10:48:25,S,85.8,7,5327
2021-06-15 10:48:25,S,85.55,4,298
2021-06-15 10:48:25,S,85.5,6,1915
2021-06-15 10:48:29,S,85.65,2,147
2021-06-15 10:48:29,S,85.55,2,248
2021-06-15 10:48:31,S,85.45,2,725
2021-06-15 10:48:52,S,85.6,3,168
2021-06-15 10:48:52,S,85.65,3,624
2021-06-15 10:48:52,S,85.55,1,125
2021-06-15 10:48:52,S,85.5,5,1779
2021-06-15 10:48:52,S,85.45,3,861
2021-06-15 10:48:57,S,85.55,1,1059
2021-06-15 10:49:03,S,85.55,1,1054
2021-06-15 10:49:03,S,85.6,4,658
2021-06-15 10:49:03,S,85.75,5,1063
2021-06-15 10:49:03,S,85.5,3,1127
2021-06-15 10:49:03,S,85.4,3,2894
2021-06-15 10:49:03,S,85.25,9,2588
2021-06-15 10:49:05,S,85.55,1,516
2021-06-15 10:49:05,S,85.6,3,222
2021-06-15 10:49:05,S,85.65,2,384
2021-06-15 10:49:05,S,85.5,4,1249
2021-06-15 10:49:05,S,85.45,5,1648
2021-06-15 10:49:05,S,85.3,5,2936
2021-06-15 10:49:22,S,85.5,6,3336
2021-06-15 10:49:22,S,85.7,4,3054
2021-06-15 10:49:25,S,85.6,1,17
2021-06-15 10:49:25,S,85.75,3,392
2021-06-15 10:49:25,S,85.5,6,3323
2021-06-15 10:49:31,S,85.55,1,1249
2021-06-15 10:49:31,S,85.6,4,768
2021-06-15 10:49:31,S,85.45,2,721
2021-06-15 10:49:32,S,85.6,3,328
2021-06-15 10:49:32,S,85.65,2,537
2021-06-15 10:49:32,S,85.35,7,1556
2021-06-15 10:49:37,S,85.55,1,749
2021-06-15 10:49:43,S,85.55,1,746
2021-06-15 10:49:43,S,85.6,4,780
2021-06-15 10:49:43,S,85.65,3,673
2021-06-15 10:49:43,S,85.75,4,892
2021-06-15 10:49:43,S,85.5,4,1236
2021-06-15 10:49:43,S,85.45,3,866
2021-06-15 10:49:47,S,85.65,2,312
2021-06-15 10:49:47,S,85.7,5,3190
2021-06-15 10:49:47,S,85.5,5,1707
2021-06-15 10:49:49,S,85.65,2,200
2021-06-15 10:49:49,S,85.7,4,1486
2021-06-15 10:49:49,S,85.5,6,3289
2021-06-15 10:49:49,S,85.3,6,4557
2021-06-15 10:50:02,S,85.7,3,1350
2021-06-15 10:50:02,S,85.75,4,492
2021-06-15 10:50:02,S,85.5,5,3189
2021-06-15 10:50:02,S,85.35,7,1018
2021-06-15 10:50:03,S,85.75,3,356
2021-06-15 10:50:03,S,85.35,8,1533
2021-06-15 10:50:11,S,85.7,2,1028
2021-06-15 10:50:11,S,85.55,4,884
2021-06-15 10:50:13,S,85.55,3,804
2021-06-15 10:50:32,S,85.7,3,1488
2021-06-15 10:50:32,S,85.55,2,686
2021-06-15 10:50:38,S,85.65,3,777
2021-06-15 10:50:38,S,85.45,3,895
2021-06-15 10:50:51,S,85.45,4,1332
2021-06-15 10:50:56,S,85.65,3,770
2021-06-15 10:50:56,S,85.5,5,3163
2021-06-15 10:50:57,S,85.65,4,886
2021-06-15 10:50:57,S,85.7,4,3055
2021-06-15 10:50:57,S,85.5,5,2720
2021-06-15 10:50:57,S,85.3,7,4558
2021-06-15 10:51:00,S,85.7,5,3532
2021-06-15 10:51:07,S,85.55,1,2
2021-06-15 10:51:13,S,85.65,2,311
2021-06-15 10:51:13,S,85.7,6,3607
2021-06-15 10:51:13,S,85.55,1,1
2021-06-15 10:51:13,S,85.5,6,3296
2021-06-15 10:51:17,S,85.65,4,902
2021-06-15 10:51:17,S,85.5,5,2719
2021-06-15 10:51:17,S,85.3,8,4658
2021-06-15 10:51:21,S,85.65,2,184
2021-06-15 10:51:21,S,85.7,5,3130
2021-06-15 10:51:21,S,85.75,4,472
2021-06-15 10:51:21,S,85.55,2,261
2021-06-15 10:51:21,S,85.5,5,3182
2021-06-15 10:51:21,S,85.35,6,918
2021-06-15 10:51:26,S,85.75,4,835
2021-06-15 10:51:26,S,85.55,3,758
2021-06-15 10:51:27,S,85.7,3,1503
2021-06-15 10:51:34,S,85.55,3,738
2021-06-15 10:51:42,S,85.75,4,837
2021-06-15 10:51:48,S,85.75,4,807
2021-06-15 10:51:48,S,85.55,4,838
2021-06-15 10:51:48,S,85.35,7,919
2021-06-15 10:51:52,S,85.7,2,1039
2021-06-15 10:51:52,S,85.75,5,1132
2021-06-15 10:51:52,S,85.55,6,1338
2021-06-15 10:51:58,S,85.7,3,1505
2021-06-15 10:52:09,S,85.7,3,1493
2021-06-15 10:52:09,S,85.55,6,1138
2021-06-15 10:52:09,S,85.5,4,2718
2021-06-15 10:52:09,S,85.4,4,3030
2021-06-15 10:52:09,S,85.35,8,1019
2021-06-15 10:52:09,S,85.7,3,973
2021-06-15 10:52:09,S,85.6,2,1904
2021-06-15 10:52:09,S,85.55,5,1109
2021-06-15 10:52:13,S,85.55,7,1697
2021-06-15 10:52:19,S,85.7,4,983
2021-06-15 10:52:19,S,85.75,3,710
2021-06-15 10:52:19,S,85.8,6,4327
2021-06-15 10:52:19,S,85.85,5,1009
2021-06-15 10:52:19,S,85.6,1,64
2021-06-15 10:52:19,S,85.55,6,1197
2021-06-15 10:52:19,S,85.5,5,2836
2021-06-15 10:52:19,S,85.4,5,4798
2021-06-15 10:52:27,S,85.75,2,256
2021-06-15 10:52:27,S,85.8,4,2410
2021-06-15 10:52:27,S,85.85,4,509
2021-06-15 10:52:27,S,85.9,7,5631
2021-06-15 10:52:27,S,85.6,3,2473
2021-06-15 10:52:27,S,85.55,6,1446
2021-06-15 10:52:27,S,85.45,3,877
2021-06-15 10:52:27,S,85.4,6,4799
2021-06-15 10:52:30,S,85.75,2,248
2021-06-15 10:52:30,S,85.85,5,954
2021-06-15 10:52:30,S,85.95,9,3432
2021-06-15 10:52:30,S,85.7,1,128
2021-06-15 10:52:30,S,85.65,2,545
2021-06-15 10:52:30,S,85.6,4,6207
2021-06-15 10:52:30,S,85.55,5,1374
2021-06-15 10:52:32,S,85.75,1,2
2021-06-15 10:52:32,S,85.8,2,340
2021-06-15 10:52:39,S,85.8,2,339
2021-06-15 10:52:39,S,85.85,5,604
2021-06-15 10:52:39,S,85.7,2,3958
2021-06-15 10:52:39,S,85.5,6,3036
2021-06-15 10:52:42,S,85.8,3,349
2021-06-15 10:52:42,S,85.75,1,502
2021-06-15 10:52:42,S,85.7,4,4674
2021-06-15 10:52:48,S,85.8,2,95
2021-06-15 10:52:48,S,85.85,4,488
2021-06-15 10:52:48,S,85.9,5,3631
2021-06-15 10:52:48,S,85.75,3,4872
2021-06-15 10:52:48,S,85.7,3,402
2021-06-15 10:52:49,S,85.75,1,3227
2021-06-15 10:52:52,S,85.75,1,3177
2021-06-15 10:52:57,S,85.8,3,334
2021-06-15 10:52:57,S,85.85,5,946
2021-06-15 10:52:57,S,85.9,6,3747
2021-06-15 10:52:57,S,85.95,8,2932
2021-06-15 10:52:57,S,86.0,29,8847
2021-06-15 10:52:57,S,85.75,2,3277
2021-06-15 10:52:57,S,85.7,4,859
2021-06-15 10:52:57,S,85.6,4,2577
2021-06-15 10:52:57,S,85.55,4,1074
2021-06-15 10:52:58,S,85.85,1,300
2021-06-15 10:53:03,S,85.9,4,1693
2021-06-15 10:53:03,S,85.75,4,3656
2021-06-15 10:53:04,S,85.9,4,1692
2021-06-15 10:53:04,S,85.95,8,2838
2021-06-15 10:53:04,S,86.0,28,8447
2021-06-15 10:53:04,S,86.05,4,964
2021-06-15 10:53:04,S,85.85,1,299
2021-06-15 10:53:04,S,85.75,3,3556
2021-06-15 10:53:04,S,85.7,2,374
2021-06-15 10:53:09,S,85.9,5,1719
2021-06-15 10:53:09,S,86.0,27,8311
2021-06-15 10:53:09,S,86.1,6,3956
2021-06-15 10:53:09,S,85.85,2,3476
2021-06-15 10:53:09,S,85.8,4,972
2021-06-15 10:53:09,S,85.65,4,1024
2021-06-15 10:53:12,S,85.95,7,2722
2021-06-15 10:53:12,S,85.85,2,3276
2021-06-15 10:53:13,S,85.95,9,3278
2021-06-15 10:53:16,S,85.9,5,1569
2021-06-15 10:53:16,S,85.95,8,3162
2021-06-15 10:53:16,S,86.0,28,8427
2021-06-15 10:53:16,S,86.05,3,464
2021-06-15 10:53:16,S,85.85,3,3076
2021-06-15 10:53:16,S,85.8,3,854
2021-06-15 10:53:19,S,86.0,26,6025
2021-06-15 10:53:19,S,85.85,4,3547
2021-06-15 10:53:19,S,85.8,5,978
2021-06-15 10:53:24,S,85.95,9,3632
2021-06-15 10:53:24,S,86.0,27,6467
2021-06-15 10:53:24,S,85.85,2,2776
2021-06-15 10:53:24,S,85.8,5,1301
2021-06-15 10:53:25,S,85.95,9,3608
2021-06-15 10:53:25,S,86.0,27,6477
2021-06-15 10:53:25,S,85.8,4,1012
2021-06-15 10:53:25,S,85.75,2,761
2021-06-15 10:53:28,S,85.95,7,3156
2021-06-15 10:53:28,S,86.0,24,5809
2021-06-15 10:53:28,S,85.85,2,2938
2021-06-15 10:53:28,S,85.8,3,571
2021-06-15 10:53:33,S,85.95,8,4156
2021-06-15 10:53:33,S,86.0,26,6370
2021-06-15 10:53:33,S,86.05,4,709
2021-06-15 10:53:33,S,85.85,1,2476
2021-06-15 10:53:37,S,85.95,8,3656
2021-06-15 10:53:37,S,86.0,25,6248
2021-06-15 10:53:37,S,85.8,4,1016
2021-06-15 10:53:40,S,85.95,8,3616
2021-06-15 10:53:40,S,86.0,26,6397
2021-06-15 10:53:40,S,86.05,4,661
2021-06-15 10:53:40,S,86.1,5,3920
2021-06-15 10:53:40,S,86.15,3,754
2021-06-15 10:53:40,S,85.85,1,2472
2021-06-15 10:53:40,S,85.8,5,1134
2021-06-15 10:53:40,S,85.75,3,879
2021-06-15 10:53:40,S,85.7,4,2460
2021-06-15 10:53:42,S,86.0,23,3762
2021-06-15 10:53:42,S,86.05,4,834
2021-06-15 10:53:42,S,86.1,4,3729
2021-06-15 10:53:42,S,85.85,4,3543
2021-06-15 10:53:44,S,86.0,23,3712
2021-06-15 10:53:49,S,86.0,20,3212
2021-06-15 10:53:49,S,86.05,5,950
2021-06-15 10:53:49,S,86.1,5,3845
2021-06-15 10:53:49,S,86.15,2,600
2021-06-15 10:53:49,S,85.85,4,3443
2021-06-15 10:53:49,S,85.65,4,875
2021-06-15 10:53:54,S,86.05,3,310
2021-06-15 10:53:54,S,86.1,3,634
2021-06-15 10:53:54,S,86.15,3,434
2021-06-15 10:53:54,S,86.2,7,9889
2021-06-15 10:53:54,S,85.95,3,897
2021-06-15 10:53:54,S,85.9,2,2269
2021-06-15 10:53:54,S,85.85,3,3141
2021-06-15 10:53:55,S,86.15,2,361
2021-06-15 10:53:55,S,86.2,6,5953
2021-06-15 10:53:55,S,86.3,8,4320
2021-06-15 10:54:01,S,86.25,4,571
2021-06-15 10:54:04,S,86.15,2,26
2021-06-15 10:54:04,S,86.05,2,374
2021-06-15 10:54:10,S,86.15,3,126
2021-06-15 10:54:10,S,86.2,5,5837
2021-06-15 10:54:10,S,86.25,5,681
2021-06-15 10:54:10,S,86.3,8,4284
2021-06-15 10:54:10,S,86.05,3,834
2021-06-15 10:54:10,S,86.0,3,520
2021-06-15 10:54:10,S,85.95,4,1887
2021-06-15 10:54:10,S,85.9,4,4283
2021-06-15 10:54:12,S,86.1,1,10
2021-06-15 10:54:12,S,86.15,2,372
2021-06-15 10:54:12,S,86.25,4,845
2021-06-15 10:54:13,S,86.15,3,727
2021-06-15 10:54:13,S,86.2,5,7079
2021-06-15 10:54:13,S,86.3,7,4174
2021-06-15 10:54:13,S,86.0,2,402
2021-06-15 10:54:16,S,86.15,3,370
2021-06-15 10:54:16,S,86.2,6,7537
2021-06-15 10:54:16,S,86.25,5,961
2021-06-15 10:54:16,S,85.8,5,2449
2021-06-15 10:54:19,S,86.15,1,10
2021-06-15 10:54:19,S,86.2,4,6963
2021-06-15 10:54:19,S,86.0,3,833
2021-06-15 10:54:19,S,85.85,5,3626
2021-06-15 10:54:19,S,85.8,4,2448
2021-06-15 10:54:31,S,86.15,2,125
2021-06-15 10:54:31,S,86.2,6,7551
2021-06-15 10:54:31,S,86.25,5,923
2021-06-15 10:54:31,S,86.0,4,1014
2021-06-15 10:54:36,S,86.15,2,116
2021-06-15 10:54:36,S,86.2,2,5132
2021-06-15 10:54:36,S,86.25,5,625
2021-06-15 10:54:36,S,86.3,7,2559
2021-06-15 10:54:36,S,86.35,6,1046
2021-06-15 10:54:36,S,86.0,4,1036
2021-06-15 10:54:36,S,85.95,3,887
2021-06-15 10:54:36,S,85.8,4,2267
2021-06-15 10:54:37,S,86.2,1,4888
2021-06-15 10:54:37,S,86.25,4,516
2021-06-15 10:54:37,S,86.35,5,900
2021-06-15 10:54:37,S,86.4,8,4110
2021-06-15 10:54:37,S,86.05,1,474
2021-06-15 10:54:37,S,85.95,2,769
2021-06-15 10:54:37,S,85.9,2,2165
2021-06-15 10:54:37,S,85.85,5,3260
2021-06-15 10:54:43,S,86.3,6,2404
2021-06-15 10:54:46,S,86.15,3,784
2021-06-15 10:54:49,S,86.1,2,510
2021-06-15 10:54:49,S,86.15,4,785
2021-06-15 10:54:49,S,86.2,3,5241
2021-06-15 10:54:49,S,86.25,5,1016
2021-06-15 10:54:49,S,86.3,7,2405
2021-06-15 10:54:49,S,86.0,3,583
2021-06-15 10:54:49,S,85.95,4,1365
2021-06-15 10:54:49,S,85.9,3,2283
2021-06-15 10:54:49,S,85.85,4,3259
2021-06-15 10:54:55,S,86.05,3,488
2021-06-15 10:54:55,S,86.1,3,853
2021-06-15 10:54:55,S,86.25,6,1161
2021-06-15 10:54:55,S,85.95,2,404
2021-06-15 10:54:55,S,85.9,2,387
2021-06-15 10:54:59,S,86.05,4,732
2021-06-15 10:54:59,S,86.25,5,990
2021-06-15 10:54:59,S,85.85,4,1321
2021-06-15 10:54:59,S,85.8,3,2266
2021-06-15 10:54:59,S,85.7,4,2172
2021-06-15 10:55:01,S,85.95,2,37
2021-06-15 10:55:01,S,86.0,2,546
2021-06-15 10:55:01,S,85.9,2,397
2021-06-15 10:55:01,S,85.85,2,769
2021-06-15 10:55:01,S,85.8,4,2737
2021-06-15 10:55:04,S,86.0,2,447
2021-06-15 10:55:04,S,86.05,3,398
2021-06-15 10:55:04,S,85.85,5,1813
2021-06-15 10:55:08,S,86.0,1,10
2021-06-15 10:55:08,S,86.15,3,354
2021-06-15 10:55:08,S,85.85,6,1930
2021-06-15 10:55:13,S,86.0,2,260
2021-06-15 10:55:13,S,86.05,4,833
2021-06-15 10:55:13,S,86.15,4,525
2021-06-15 10:55:13,S,86.2,4,6869
2021-06-15 10:55:13,S,85.95,2,326
2021-06-15 10:55:13,S,85.9,2,370
2021-06-15 10:55:13,S,85.85,5,1476
2021-06-15 10:55:13,S,85.8,3,2270
2021-06-15 10:55:16,S,85.95,2,260
2021-06-15 10:55:16,S,86.0,2,702
2021-06-15 10:55:16,S,86.05,4,1398
2021-06-15 10:55:16,S,86.15,4,854
2021-06-15 10:55:16,S,85.85,3,693
2021-06-15 10:55:16,S,85.8,2,2148
2021-06-15 10:55:16,S,85.75,4,880
2021-06-15 10:55:21,S,85.9,2,513
2021-06-15 10:55:21,S,86.0,4,2457
2021-06-15 10:55:21,S,85.75,4,849
2021-06-15 10:55:21,S,85.7,3,2171
2021-06-15 10:55:23,S,85.95,3,608
2021-06-15 10:55:33,S,85.9,3,832
2021-06-15 10:55:33,S,85.75,4,673
2021-06-15 10:55:36,S,85.9,3,792
2021-06-15 10:55:36,S,85.95,4,628
2021-06-15 10:55:36,S,86.05,4,1853
2021-06-15 10:55:36,S,86.1,4,2414
2021-06-15 10:55:36,S,85.8,2,401
2021-06-15 10:55:36,S,85.75,3,551
2021-06-15 10:55:36,S,85.7,4,2637
2021-06-15 10:55:36,S,85.65,3,874
2021-06-15 10:55:39,S,85.85,2,372
2021-06-15 10:55:39,S,85.65,4,1305
2021-06-15 10:55:39,S,85.6,4,3841
2021-06-15 10:55:39,S,85.55,5,1075
2021-06-15 10:55:39,S,85.45,4,1205
2021-06-15 10:55:50,S,85.9,2,358
2021-06-15 10:55:50,S,85.95,5,978
2021-06-15 10:55:55,S,85.75,1,250
2021-06-15 10:55:55,S,85.85,3,486
2021-06-15 10:55:55,S,85.9,3,647
2021-06-15 10:55:55,S,85.6,1,1900
2021-06-15 10:55:55,S,85.55,6,1517
2021-06-15 10:55:55,S,85.5,7,4733
2021-06-15 10:55:55,S,85.4,8,5280
2021-06-15 10:55:56,S,85.8,3,486
2021-06-15 10:55:56,S,85.55,4,957
2021-06-15 10:55:56,S,85.5,6,4615
2021-06-15 10:55:59,S,86.0,5,2707
2021-06-15 10:55:59,S,85.6,3,1691
2021-06-15 10:56:02,S,85.8,3,823
2021-06-15 10:56:02,S,86.0,6,2775
2021-06-15 10:56:02,S,85.6,2,1240
2021-06-15 10:56:02,S,85.45,5,1524
2021-06-15 10:56:02,S,85.4,7,5063
2021-06-15 10:56:04,S,85.75,1,220
2021-06-15 10:56:04,S,85.8,2,372
2021-06-15 10:56:04,S,85.85,2,358
2021-06-15 10:56:04,S,85.9,3,2095
2021-06-15 10:56:04,S,85.55,5,1079
2021-06-15 10:56:04,S,85.5,8,5037
2021-06-15 10:56:04,S,85.45,4,1009
2021-06-15 10:56:07,S,85.7,4,2524
2021-06-15 10:56:07,S,85.55,3,457
2021-06-15 10:56:07,S,85.5,6,3118
2021-06-15 10:56:10,S,85.65,2,479
2021-06-15 10:56:10,S,85.7,3,486
2021-06-15 10:56:10,S,85.5,4,2075
2021-06-15 10:56:10,S,85.35,7,1035
2021-06-15 10:56:10,S,85.3,8,4719
2021-06-15 10:56:13,S,85.55,2,313
2021-06-15 10:56:13,S,85.5,5,2338
2021-06-15 10:56:16,S,85.5,6,2460
2021-06-15 10:56:19,S,85.75,3,634
2021-06-15 10:56:22,S,85.7,3,837
2021-06-15 10:56:22,S,85.75,4,635
2021-06-15 10:56:22,S,85.8,3,2120
2021-06-15 10:56:22,S,85.85,4,895
2021-06-15 10:56:22,S,85.9,5,3906
2021-06-15 10:56:22,S,85.55,3,765
2021-06-15 10:56:22,S,85.35,8,1036
2021-06-15 10:56:28,S,85.75,2,301
2021-06-15 10:56:28,S,85.8,2,358
2021-06-15 10:56:28,S,85.95,6,979
2021-06-15 10:56:28,S,85.6,6,2588
2021-06-15 10:56:28,S,85.45,4,981
2021-06-15 10:56:33,S,85.5,5,2160
2021-06-15 10:56:36,S,85.7,3,864
2021-06-15 10:56:36,S,85.55,4,935
2021-06-15 10:56:39,S,85.85,2,533
2021-06-15 10:56:46,S,85.8,2,264
2021-06-15 10:56:46,S,85.85,3,647
2021-06-15 10:56:46,S,85.9,4,3869
2021-06-15 10:56:46,S,85.7,4,869
2021-06-15 10:56:46,S,85.65,5,1197
2021-06-15 10:56:46,S,85.6,3,1976
2021-06-15 10:56:46,S,85.5,6,2170
2021-06-15 10:56:49,S,85.7,4,2206
2021-06-15 10:56:52,S,85.9,4,1275
2021-06-15 10:56:52,S,85.95,5,479
2021-06-15 10:56:52,S,86.05,4,953
2021-06-15 10:56:52,S,85.75,3,844
2021-06-15 10:56:52,S,85.7,5,2328
2021-06-15 10:56:52,S,85.6,4,1996
2021-06-15 10:56:55,S,86.05,3,453
2021-06-15 10:57:01,S,85.95,5,843
2021-06-15 10:57:01,S,86.0,7,4858
2021-06-15 10:57:01,S,85.8,3,740
2021-06-15 10:57:01,S,85.95,6,1287
2021-06-15 10:57:01,S,85.8,2,640
2021-06-15 10:57:01,S,85.75,5,1025
2021-06-15 10:57:13,S,85.95,2,532
2021-06-15 10:57:13,S,86.0,6,4383
2021-06-15 10:57:13,S,86.05,4,454
2021-06-15 10:57:13,S,86.1,7,4233
2021-06-15 10:57:13,S,86.15,6,991
2021-06-15 10:57:13,S,85.8,4,747
2021-06-15 10:57:13,S,85.75,4,1016
2021-06-15 10:57:13,S,85.6,5,1997
2021-06-15 10:57:14,S,86.1,4,2405
2021-06-15 10:57:14,S,86.15,4,634
2021-06-15 10:57:14,S,85.75,2,766
2021-06-15 10:57:17,S,86.1,5,2518
2021-06-15 10:57:17,S,85.9,3,859
2021-06-15 10:57:17,S,85.85,4,901
2021-06-15 10:57:17,S,85.75,3,1113
2021-06-15 10:57:31,S,86.05,2,228
2021-06-15 10:57:40,S,86.0,1,500
2021-06-15 10:57:43,S,86.0,1,495
2021-06-15 10:57:43,S,86.15,5,747
2021-06-15 10:57:43,S,86.25,6,997
2021-06-15 10:57:43,S,85.9,4,868
2021-06-15 10:57:43,S,85.85,3,892
2021-06-15 10:57:43,S,85.75,3,767
2021-06-15 10:57:51,S,86.1,4,2018
2021-06-15 10:57:59,S,86.0,3,1961
2021-06-15 10:57:59,S,85.85,3,407
2021-06-15 10:57:59,S,85.8,4,2556
2021-06-15 10:58:01,S,86.0,4,1968
2021-06-15 10:58:01,S,85.85,4,847
2021-06-15 10:58:01,S,85.8,3,2086
2021-06-15 10:58:07,S,86.0,5,1995
2021-06-15 10:58:13,S,85.85,4,1035
2021-06-15 10:58:13,S,86.0,6,1996
2021-06-15 10:58:13,S,86.05,2,356
2021-06-15 10:58:13,S,86.15,5,958
2021-06-15 10:58:13,S,85.85,4,935
2021-06-15 10:58:13,S,85.8,4,2095
2021-06-15 10:58:13,S,85.75,4,889
2021-06-15 10:58:37,S,86.0,7,4441
2021-06-15 10:58:37,S,85.8,3,687
2021-06-15 10:58:37,S,85.75,5,898
2021-06-15 10:58:43,S,86.0,7,6157
2021-06-15 10:58:54,S,86.0,8,6167
2021-06-15 10:58:54,S,86.05,4,816
2021-06-15 10:58:54,S,86.1,3,1918
2021-06-15 10:58:54,S,85.8,2,398
2021-06-15 10:58:54,S,85.75,4,776
2021-06-15 10:58:56,S,85.9,3,2376
2021-06-15 10:58:56,S,86.0,7,5933
2021-06-15 10:58:56,S,86.05,4,956
2021-06-15 10:58:56,S,85.7,3,2624
2021-06-15 10:59:17,S,85.95,2,718
2021-06-15 10:59:17,S,86.0,9,6446
2021-06-15 10:59:17,S,85.75,4,403
2021-06-15 10:59:17,S,85.6,7,3880
2021-06-15 10:59:17,S,85.55,5,936
2021-06-15 10:59:19,S,85.65,3,1066
2021-06-15 10:59:19,S,85.55,6,937
2021-06-15 10:59:26,S,85.9,1,1411
2021-06-15 10:59:26,S,85.95,2,355
2021-06-15 10:59:26,S,85.75,4,353
2021-06-15 10:59:28,S,85.9,3,717
2021-06-15 10:59:28,S,85.75,6,1120
2021-06-15 10:59:30,S,85.9,3,674
2021-06-15 10:59:30,S,85.95,3,356
2021-06-15 10:59:30,S,86.0,8,6046
2021-06-15 10:59:30,S,85.7,2,2192
2021-06-15 10:59:30,S,85.6,6,3740
2021-06-15 10:59:30,S,85.55,7,1237
2021-06-15 10:59:35,S,85.95,4,830
2021-06-15 10:59:35,S,86.0,9,6047
2021-06-15 10:59:35,S,85.75,7,1093
2021-06-15 10:59:35,S,85.6,7,3925
2021-06-15 10:59:35,S,85.55,6,1236
2021-06-15 10:59:37,S,85.95,3,253
2021-06-15 10:59:37,S,86.0,9,6410
2021-06-15 10:59:37,S,85.9,1,656
2021-06-15 10:59:37,S,85.8,4,525
2021-06-15 10:59:40,S,85.95,3,252
2021-06-15 10:59:40,S,86.0,9,6365
2021-06-15 10:59:40,S,85.9,1,652
2021-06-15 10:59:40,S,85.8,3,516
2021-06-15 10:59:40,S,85.75,6,861
2021-06-15 10:59:43,S,85.95,2,11
2021-06-15 10:59:43,S,86.0,8,5934
2021-06-15 10:59:43,S,86.05,3,456
2021-06-15 10:59:46,S,86.0,7,3975
2021-06-15 10:59:46,S,85.9,2,658
2021-06-15 10:59:46,S,85.85,2,705
2021-06-15 10:59:46,S,85.8,5,2293
2021-06-15 10:59:48,S,85.95,1,3
2021-06-15 10:59:48,S,86.0,7,4206
2021-06-15 10:59:48,S,86.05,2,343
2021-06-15 10:59:48,S,85.9,3,852
2021-06-15 10:59:48,S,85.85,3,714
2021-06-15 10:59:48,S,85.8,4,2284
2021-06-15 10:59:49,S,86.0,8,4065
2021-06-15 10:59:55,S,86.0,9,4066
2021-06-15 10:59:55,S,86.05,2,354
2021-06-15 10:59:55,S,86.1,4,3725
2021-06-15 10:59:55,S,85.9,4,1324
2021-06-15 10:59:55,S,85.85,3,677
2021-06-15 10:59:55,S,85.7,3,2314
2021-06-15 10:59:59,S,86.0,8,4051
2021-06-15 10:59:59,S,86.1,2,357
2021-06-15 10:59:59,S,86.25,7,1058
2021-06-15 10:59:59,S,85.9,7,3200
2021-06-15 10:59:59,S,85.85,2,388
2021-06-15 11:00:04,S,86.0,9,4060
2021-06-15 11:00:04,S,86.1,3,2252
2021-06-15 11:00:04,S,86.15,5,459
2021-06-15 11:00:04,S,86.2,6,8880
2021-06-15 11:00:04,S,85.9,5,2889
2021-06-15 11:00:04,S,85.85,3,722
2021-06-15 11:00:07,S,85.95,2,110
2021-06-15 11:00:07,S,86.1,4,2352
2021-06-15 11:00:07,S,85.9,3,850
2021-06-15 11:00:07,S,85.85,5,959
2021-06-15 11:00:07,S,86.0,10,4762
2021-06-15 11:00:11,S,86.15,6,959
2021-06-15 11:00:15,S,85.9,2,650
2021-06-15 11:00:18,S,85.95,3,351
2021-06-15 11:00:18,S,86.0,11,4862
2021-06-15 11:00:18,S,85.9,2,644
2021-06-15 11:00:20,S,86.0,9,4001
2021-06-15 11:00:20,S,85.9,3,652
2021-06-15 11:00:20,S,85.85,4,972
2021-06-15 11:00:23,S,86.0,10,4011
2021-06-15 11:00:23,S,86.05,2,242
2021-06-15 11:00:23,S,86.15,6,460
2021-06-15 11:00:23,S,85.9,5,2573
2021-06-15 11:00:26,S,85.85,4,844
2021-06-15 11:00:34,S,86.0,11,4261
2021-06-15 11:00:34,S,86.05,4,805
2021-06-15 11:00:34,S,86.15,7,960
2021-06-15 11:00:34,S,85.9,3,912
2021-06-15 11:00:34,S,85.85,5,953
2021-06-15 11:00:34,S,85.8,3,2156
2021-06-15 11:00:35,S,86.15,8,1960
2021-06-15 11:00:41,S,85.65,5,1189
2021-06-15 11:00:44,S,86.0,12,4709
2021-06-15 11:00:51,S,86.0,11,4699
2021-06-15 11:00:53,S,86.0,11,4698
2021-06-15 11:00:53,S,86.2,5,8780
2021-06-15 11:01:02,S,86.0,11,4848
2021-06-15 11:01:02,S,85.85,2,394
2021-06-15 11:01:08,S,85.95,2,100
2021-06-15 11:01:08,S,86.0,12,4849
2021-06-15 11:01:08,S,85.85,3,503
2021-06-15 11:01:08,S,85.8,4,2164
2021-06-15 11:01:13,S,85.95,5,1060
2021-06-15 11:01:15,S,86.15,9,2160
2021-06-15 11:01:18,S,85.95,5,1035
2021-06-15 11:01:22,S,85.95,5,1026
2021-06-15 11:01:22,S,86.0,11,4351
2021-06-15 11:01:22,S,86.05,3,337
2021-06-15 11:01:22,S,85.9,1,50
2021-06-15 11:01:22,S,85.8,5,2292
2021-06-15 11:01:22,S,85.75,5,852
2021-06-15 11:01:24,S,86.0,12,6133
2021-06-15 11:01:24,S,85.75,5,647
2021-06-15 11:01:38,S,85.9,2,1418
2021-06-15 11:01:38,S,85.95,5,651
2021-06-15 11:01:38,S,86.0,14,6328
2021-06-15 11:01:38,S,85.8,2,273
2021-06-15 11:01:44,S,85.9,3,1232
2021-06-15 11:01:44,S,85.95,4,556
2021-06-15 11:01:44,S,86.05,4,837
2021-06-15 11:01:44,S,85.8,1,8
2021-06-15 11:01:44,S,85.75,6,756
2021-06-15 11:01:45,S,85.9,3,411
2021-06-15 11:01:48,S,85.8,3,224
2021-06-15 11:01:48,S,85.75,5,1191
2021-06-15 11:01:52,S,85.8,2,96
2021-06-15 11:02:09,S,85.8,3,102
2021-06-15 11:02:09,S,85.6,5,3690
2021-06-15 11:02:16,S,85.75,6,928
2021-06-15 11:02:21,S,85.9,2,401
2021-06-15 11:02:21,S,85.95,6,1113
2021-06-15 11:02:21,S,86.0,15,6428
2021-06-15 11:02:21,S,86.05,5,1126
2021-06-15 11:02:21,S,86.1,4,2253
2021-06-15 11:02:21,S,85.8,2,87
2021-06-15 11:02:21,S,85.75,5,467
2021-06-15 11:02:21,S,85.6,6,3715
2021-06-15 11:02:23,S,85.95,5,1018
2021-06-15 11:02:31,S,85.95,5,988
2021-06-15 11:02:41,S,85.8,5,791
2021-06-15 11:02:46,S,85.95,5,987
2021-06-15 11:03:03,S,85.75,5,839
2021-06-15 11:03:03,S,85.7,5,4371
2021-06-15 11:03:20,S,85.8,6,891
2021-06-15 11:03:21,S,85.95,5,977
2021-06-15 11:03:21,S,86.0,15,6733
2021-06-15 11:03:24,S,85.95,2,251
2021-06-15 11:03:24,S,85.8,6,890
2021-06-15 11:03:27,S,85.95,4,931
2021-06-15 11:03:29,S,86.0,16,6828
2021-06-15 11:03:33,S,85.95,7,1042
2021-06-15 11:03:33,S,86.0,17,6889
2021-06-15 11:03:33,S,85.8,5,781
2021-06-15 11:03:33,S,85.6,7,3716
2021-06-15 11:03:37,S,85.8,7,1171
2021-06-15 11:03:45,S,86.15,10,2161
2021-06-15 11:03:51,S,85.95,6,542
2021-06-15 11:03:51,S,86.0,16,7151
2021-06-15 11:03:51,S,85.9,1,327
2021-06-15 11:03:51,S,85.85,2,378
2021-06-15 11:03:57,S,86.05,5,797
2021-06-15 11:03:57,S,86.15,9,1161
2021-06-15 11:03:57,S,85.9,1,136
2021-06-15 11:03:57,S,85.85,2,367
2021-06-15 11:03:57,S,85.8,6,712
2021-06-15 11:04:10,S,85.95,5,441
2021-06-15 11:04:10,S,86.0,15,7051
2021-06-15 11:04:10,S,86.05,4,626
2021-06-15 11:04:10,S,86.1,5,2353
2021-06-15 11:04:10,S,86.15,8,961
2021-06-15 11:04:10,S,85.9,2,154
2021-06-15 11:04:10,S,85.8,4,597
2021-06-15 11:04:10,S,85.65,4,1188
2021-06-15 11:04:16,S,86.1,2,11
2021-06-15 11:04:16,S,86.15,4,4
2021-06-15 11:04:16,S,86.2,5,5877
2021-06-15 11:04:16,S,86.0,4,2419
2021-06-15 11:04:16,S,85.95,4,758
2021-06-15 11:04:16,S,85.85,4,1133
2021-06-15 11:04:16,S,86.15,7,793
2021-06-15 11:04:16,S,86.0,2,384
2021-06-15 11:04:16,S,85.95,5,886
2021-06-15 11:04:20,S,86.1,3,187
2021-06-15 11:04:20,S,86.15,6,337
2021-06-15 11:04:20,S,85.95,5,675
2021-06-15 11:04:22,S,86.1,3,694
2021-06-15 11:04:22,S,86.3,9,4415
2021-06-15 11:04:25,S,86.05,1,1
2021-06-15 11:04:25,S,86.1,4,789
2021-06-15 11:04:25,S,86.25,6,502
2021-06-15 11:04:25,S,85.95,4,728
2021-06-15 11:04:25,S,85.9,3,2022
2021-06-15 11:04:28,S,86.05,2,183
2021-06-15 11:04:31,S,86.1,5,2540
2021-06-15 11:04:31,S,85.9,4,2472
2021-06-15 11:04:39,S,86.05,3,184
2021-06-15 11:04:39,S,86.1,5,2446
2021-06-15 11:04:39,S,85.9,5,2588
2021-06-15 11:04:40,S,86.05,2,2
2021-06-15 11:04:40,S,86.1,4,1991
2021-06-15 11:04:43,S,86.15,7,437
2021-06-15 11:04:46,S,86.0,1,5
2021-06-15 11:04:46,S,86.05,3,240
2021-06-15 11:04:46,S,86.1,7,2551
2021-06-15 11:04:46,S,85.95,3,277
2021-06-15 11:04:49,S,86.15,8,438
2021-06-15 11:04:49,S,85.95,2,318
2021-06-15 11:04:49,S,85.8,4,1881
2021-06-15 11:04:56,S,86.0,1,25
2021-06-15 11:04:58,S,86.2,6,7106
2021-06-15 11:04:58,S,85.95,2,158
2021-06-15 11:05:00,S,86.0,1,20
2021-06-15 11:05:00,S,85.9,4,2468
2021-06-15 11:05:00,S,85.85,2,742
2021-06-15 11:05:04,S,86.0,2,122
2021-06-15 11:05:04,S,85.85,4,1327
2021-06-15 11:05:15,S,86.0,3,222
2021-06-15 11:05:15,S,86.05,5,718
2021-06-15 11:05:15,S,85.95,2,133
2021-06-15 11:05:15,S,85.9,4,2131
2021-06-15 11:05:15,S,85.85,4,1298
2021-06-15 11:05:16,S,85.9,4,2150
2021-06-15 11:05:16,S,85.7,4,4071
2021-06-15 11:05:22,S,85.9,4,2119
2021-06-15 11:05:22,S,85.85,4,1295
2021-06-15 11:05:28,S,85.9,5,2572
2021-06-15 11:05:30,S,86.0,2,120
2021-06-15 11:05:30,S,86.05,5,723
2021-06-15 11:05:30,S,85.95,2,218
2021-06-15 11:05:30,S,85.9,4,2475
2021-06-15 11:05:31,S,85.95,2,470
2021-06-15 11:05:41,S,86.0,3,194
2021-06-15 11:05:41,S,86.05,5,800
2021-06-15 11:05:41,S,85.95,2,270
2021-06-15 11:05:41,S,85.85,3,851
2021-06-15 11:05:43,S,85.95,3,536
2021-06-15 11:05:46,S,86.1,7,2557
2021-06-15 11:05:46,S,85.95,3,511
2021-06-15 11:05:52,S,86.05,3,130
2021-06-15 11:05:52,S,86.1,7,2558
2021-06-15 11:05:52,S,85.95,4,601
2021-06-15 11:05:53,S,86.0,2,44
2021-06-15 11:05:53,S,85.9,3,2192
2021-06-15 11:05:59,S,86.15,9,439
2021-06-15 11:05:59,S,85.95,4,501
2021-06-15 11:05:59,S,85.9,4,2289
2021-06-15 11:06:00,S,86.2,7,7108
2021-06-15 11:06:00,S,85.9,2,1740
2021-06-15 11:06:03,S,86.0,4,170
2021-06-15 11:06:03,S,85.9,4,2311
2021-06-15 11:06:06,S,86.0,6,320
2021-06-15 11:06:06,S,85.95,4,824
2021-06-15 11:06:12,S,85.85,4,1276
2021-06-15 11:06:19,S,86.2,8,7608
2021-06-15 11:06:19,S,85.85,4,1277
2021-06-15 11:06:22,S,86.0,5,270
2021-06-15 11:06:22,S,85.9,4,2274
2021-06-15 11:06:22,S,85.85,3,839
2021-06-15 11:06:27,S,86.0,6,531
2021-06-15 11:06:27,S,86.05,5,815
2021-06-15 11:06:27,S,85.95,5,874
2021-06-15 11:06:27,S,85.9,3,1837
2021-06-15 11:06:27,S,85.85,4,1285
2021-06-15 11:06:27,S,85.8,5,1882
2021-06-15 11:06:28,S,85.9,2,385
2021-06-15 11:06:28,S,85.85,2,552
2021-06-15 11:06:43,S,86.0,8,1100
2021-06-15 11:06:46,S,86.0,9,1110
2021-06-15 11:06:46,S,86.05,3,239
2021-06-15 11:06:46,S,85.85,2,360
2021-06-15 11:06:50,S,85.95,2,188
2021-06-15 11:06:53,S,85.95,3,278
2021-06-15 11:06:57,S,86.0,8,669
2021-06-15 11:06:57,S,86.05,4,710
2021-06-15 11:06:57,S,86.15,11,1139
2021-06-15 11:06:57,S,85.95,4,288
2021-06-15 11:06:57,S,85.9,3,482
2021-06-15 11:06:59,S,86.0,2,180
2021-06-15 11:06:59,S,86.05,4,367
2021-06-15 11:06:59,S,86.1,6,2087
2021-06-15 11:06:59,S,86.15,10,639
2021-06-15 11:06:59,S,85.9,5,2782
2021-06-15 11:06:59,S,85.8,4,1773
2021-06-15 11:07:04,S,86.05,5,377
2021-06-15 11:07:04,S,86.1,6,2439
2021-06-15 11:07:04,S,86.0,1,213
2021-06-15 11:07:04,S,85.95,7,994
2021-06-15 11:07:07,S,86.1,7,2504
2021-06-15 11:07:07,S,85.95,6,547
2021-06-15 11:07:10,S,86.05,4,229
2021-06-15 11:07:14,S,85.95,5,450
2021-06-15 11:07:26,S,86.05,5,309
2021-06-15 11:07:31,S,86.1,7,2538
2021-06-15 11:07:31,S,86.2,9,7708
2021-06-15 11:07:42,S,86.05,4,299
2021-06-15 11:07:42,S,86.1,6,2072
2021-06-15 11:07:42,S,85.95,6,550
2021-06-15 11:07:42,S,85.9,5,2774
2021-06-15 11:07:42,S,85.85,4,1360
2021-06-15 11:07:56,S,86.05,3,171
2021-06-15 11:07:56,S,86.1,7,2200
2021-06-15 11:07:56,S,86.15,10,624
2021-06-15 11:07:56,S,85.95,8,1525
2021-06-15 11:07:56,S,85.9,4,2335
2021-06-15 11:07:57,S,86.1,6,2120
2021-06-15 11:07:57,S,86.2,8,2820
2021-06-15 11:07:57,S,86.0,2,713
2021-06-15 11:07:57,S,85.95,8,1513
2021-06-15 11:07:57,S,85.9,3,2238
2021-06-15 11:08:00,S,86.05,3,249
2021-06-15 11:08:00,S,86.1,7,926
2021-06-15 11:08:00,S,86.2,7,2725
2021-06-15 11:08:00,S,85.95,8,1134
2021-06-15 11:08:00,S,85.75,6,1139
2021-06-15 11:08:03,S,85.9,2,2116
2021-06-15 11:08:09,S,86.1,7,2393
2021-06-15 11:08:09,S,86.15,10,625
2021-06-15 11:08:14,S,86.1,6,2383
2021-06-15 11:08:14,S,86.15,9,544
2021-06-15 11:08:14,S,86.2,8,2806
2021-06-15 11:08:14,S,86.25,7,1002
2021-06-15 11:08:14,S,86.3,10,9303
2021-06-15 11:08:14,S,85.95,9,1585
2021-06-15 11:08:14,S,85.9,3,2213
2021-06-15 11:08:14,S,85.85,3,860
2021-06-15 11:08:14,S,85.8,5,1915
2021-06-15 11:08:14,S,85.75,7,1140
2021-06-15 11:08:15,S,85.9,2,684
2021-06-15 11:08:18,S,86.05,4,34281
2021-06-15 11:08:18,S,85.75,4,530
2021-06-15 11:08:33,S,85.9,2,676
2021-06-15 11:08:37,S,85.9,2,626
2021-06-15 11:08:37,S,85.95,3,444
2021-06-15 11:08:37,S,85.8,2,101
2021-06-15 11:08:38,S,85.95,3,652
2021-06-15 11:08:38,S,86.0,3,2251
2021-06-15 11:08:42,S,85.9,2,425
2021-06-15 11:08:42,S,85.95,4,733
2021-06-15 11:08:42,S,86.05,5,34731
2021-06-15 11:08:42,S,86.1,5,1921
2021-06-15 11:08:42,S,85.8,1,1
2021-06-15 11:08:42,S,85.75,5,627
2021-06-15 11:08:42,S,85.7,3,418
2021-06-15 11:08:46,S,85.8,2,2940
2021-06-15 11:08:46,S,85.75,4,431
2021-06-15 11:08:51,S,85.8,2,2930
2021-06-15 11:08:51,S,85.9,2,316
2021-06-15 11:08:51,S,85.75,3,315
2021-06-15 11:08:51,S,85.7,3,585
2021-06-15 11:08:51,S,85.65,4,788
2021-06-15 11:08:51,S,85.8,1,266
2021-06-15 11:08:51,S,85.75,4,470
2021-06-15 11:08:51,S,85.7,4,2433
2021-06-15 11:08:57,S,85.8,1,133
2021-06-15 11:08:57,S,85.85,1,467
2021-06-15 11:08:57,S,85.9,3,444
2021-06-15 11:08:57,S,85.95,2,316
2021-06-15 11:08:57,S,86.0,4,2332
2021-06-15 11:08:57,S,85.75,5,497
2021-06-15 11:08:57,S,85.7,5,2530
2021-06-15 11:08:57,S,85.65,5,1288
2021-06-15 11:09:02,S,85.75,1,133
2021-06-15 11:09:02,S,85.8,2,564
2021-06-15 11:09:02,S,85.7,2,296
2021-06-15 11:09:02,S,85.65,5,1603
2021-06-15 11:09:02,S,85.6,7,3815
2021-06-15 11:09:02,S,85.55,5,986
2021-06-15 11:09:04,S,85.8,3,1974
2021-06-15 11:09:12,S,85.75,4,903
2021-06-15 11:09:12,S,85.85,3,606
2021-06-15 11:09:12,S,85.9,3,2131
2021-06-15 11:09:12,S,85.65,2,566
2021-06-15 11:09:12,S,85.6,5,1999
2021-06-15 11:09:13,S,85.95,3,816
2021-06-15 11:09:13,S,85.55,4,864
2021-06-15 11:09:16,S,85.75,5,928
2021-06-15 11:09:16,S,85.6,4,600
2021-06-15 11:09:16,S,85.55,5,961
2021-06-15 11:09:16,S,85.5,12,7397
2021-06-15 11:09:20,S,85.75,4,795
2021-06-15 11:09:24,S,85.55,3,326
2021-06-15 11:09:29,S,85.75,4,745
2021-06-15 11:09:30,S,85.55,3,126
2021-06-15 11:09:30,S,85.5,11,7275
2021-06-15 11:09:38,S,85.75,4,730
2021-06-15 11:09:38,S,85.95,4,817
2021-06-15 11:09:50,S,85.55,4,326
2021-06-15 11:09:51,S,85.55,5,794
2021-06-15 11:09:55,S,85.55,6,848
2021-06-15 11:09:55,S,85.5,12,7372
2021-06-15 11:09:56,S,85.75,3,705
2021-06-15 11:09:56,S,85.8,4,2055
2021-06-15 11:09:56,S,85.95,5,820
2021-06-15 11:09:56,S,85.5,12,7110
2021-06-15 11:09:56,S,85.3,8,4727
2021-06-15 11:10:01,S,85.7,2,336
2021-06-15 11:10:01,S,85.75,4,767
2021-06-15 11:10:01,S,85.55,2,423
2021-06-15 11:10:01,S,85.5,10,5116
2021-06-15 11:10:01,S,85.35,8,1517
2021-06-15 11:10:04,S,85.75,4,606
2021-06-15 11:10:07,S,85.7,2,668
2021-06-15 11:10:07,S,85.75,5,650
2021-06-15 11:10:07,S,85.55,3,516
2021-06-15 11:10:07,S,85.5,11,6721
2021-06-15 11:10:10,S,85.55,4,1016
2021-06-15 11:10:10,S,85.5,11,6711
2021-06-15 11:10:14,S,85.55,5,1299
2021-06-15 11:10:20,S,85.7,3,796
2021-06-15 11:10:20,S,85.5,11,6708
2021-06-15 11:10:23,S,85.55,3,763
2021-06-15 11:10:23,S,85.5,11,6702
2021-06-15 11:10:23,S,85.4,6,4892
2021-06-15 11:10:30,S,85.7,3,795
2021-06-15 11:10:31,S,85.35,8,1003
2021-06-15 11:10:37,S,85.7,3,794
2021-06-15 11:10:37,S,85.55,5,1300
2021-06-15 11:10:45,S,85.7,3,793
2021-06-15 11:10:45,S,85.85,4,917
2021-06-15 11:10:45,S,85.5,11,6687
2021-06-15 11:10:46,S,85.7,2,562
2021-06-15 11:10:46,S,85.75,4,1153
2021-06-15 11:10:46,S,85.8,3,1935
2021-06-15 11:10:46,S,85.55,4,856
2021-06-15 11:10:46,S,85.35,7,903
2021-06-15 11:10:48,S,85.75,6,1750
2021-06-15 11:10:48,S,85.8,2,1854
2021-06-15 11:10:48,S,85.85,3,417
2021-06-15 11:10:48,S,85.55,5,1363
2021-06-15 11:10:48,S,85.5,10,6251
2021-06-15 11:10:48,S,85.4,8,5028
2021-06-15 11:10:48,S,85.35,6,902
2021-06-15 11:11:05,S,85.75,5,1234
2021-06-15 11:11:08,S,85.85,3,817
2021-06-15 11:11:08,S,85.55,3,802
2021-06-15 11:11:08,S,85.5,11,6698
2021-06-15 11:11:13,S,85.65,1,450
2021-06-15 11:11:13,S,85.7,2,589
2021-06-15 11:11:13,S,85.75,5,523
2021-06-15 11:11:13,S,85.8,4,2035
2021-06-15 11:11:13,S,85.55,4,2802
2021-06-15 11:11:13,S,85.5,10,3698
2021-06-15 11:11:13,S,85.35,7,1002
2021-06-15 11:11:17,S,85.75,4,281
2021-06-15 11:11:17,S,85.6,1,432
2021-06-15 11:11:18,S,85.75,6,1028
2021-06-15 11:11:18,S,85.8,4,2060
2021-06-15 11:11:18,S,85.6,2,682
2021-06-15 11:11:18,S,85.55,5,3302
2021-06-15 11:11:23,S,85.8,5,2141
2021-06-15 11:11:27,S,85.75,5,570
2021-06-15 11:11:27,S,85.8,6,2619
2021-06-15 11:11:27,S,85.85,2,317
2021-06-15 11:11:27,S,85.6,3,775
2021-06-15 11:11:27,S,85.4,8,4894
2021-06-15 11:11:28,S,85.65,3,858
2021-06-15 11:11:31,S,85.8,4,923
2021-06-15 11:11:31,S,85.85,4,713
2021-06-15 11:11:31,S,85.6,3,2129
2021-06-15 11:11:34,S,85.6,4,2629
2021-06-15 11:11:37,S,85.85,2,343
2021-06-15 11:11:39,S,85.7,1,3
2021-06-15 11:11:39,S,85.6,5,2631
2021-06-15 11:11:45,S,85.8,3,468
2021-06-15 11:11:45,S,85.85,3,779
2021-06-15 11:11:45,S,85.9,4,2231
2021-06-15 11:11:45,S,85.7,2,503
2021-06-15 11:11:45,S,85.65,4,951
2021-06-15 11:11:45,S,85.5,11,5451
2021-06-15 11:11:48,S,85.75,2,1128
2021-06-15 11:11:48,S,85.7,4,1288
2021-06-15 11:11:53,S,85.8,1,103
2021-06-15 11:11:53,S,86.0,11,5831
2021-06-15 11:11:53,S,85.75,4,1679
2021-06-15 11:11:53,S,85.55,6,3395
2021-06-15 11:11:55,S,85.7,4,945
2021-06-15 11:11:58,S,85.8,2,343
2021-06-15 11:12:04,S,85.6,4,2131
2021-06-15 11:12:09,S,85.75,3,1228
2021-06-15 11:12:13,S,85.8,2,342
2021-06-15 11:12:13,S,85.85,3,471
2021-06-15 11:12:13,S,85.9,4,2621
2021-06-15 11:12:13,S,85.75,3,1198
2021-06-15 11:12:13,S,85.7,5,1399
2021-06-15 11:12:13,S,85.65,3,845
2021-06-15 11:12:22,S,85.85,2,364
2021-06-15 11:12:22,S,85.9,4,2584
2021-06-15 11:12:22,S,85.95,4,536
2021-06-15 11:12:22,S,86.0,11,5950
2021-06-15 11:12:22,S,85.75,3,478
2021-06-15 11:12:22,S,85.7,5,1390
2021-06-15 11:12:22,S,85.65,4,945
2021-06-15 11:12:24,S,85.7,1,61
2021-06-15 11:12:30,S,85.85,2,365
2021-06-15 11:12:36,S,85.65,3,445
2021-06-15 11:12:45,S,85.85,3,447
2021-06-15 11:12:45,S,85.65,2,345
2021-06-15 11:12:57,S,85.65,4,1778
2021-06-15 11:13:14,S,85.65,5,1879
2021-06-15 11:13:14,S,85.6,5,2331
2021-06-15 11:13:14,S,85.5,10,5251
2021-06-15 11:13:25,S,85.9,3,2132
2021-06-15 11:13:25,S,85.65,4,1446
2021-06-15 11:13:25,S,85.6,6,2799
2021-06-15 11:13:26,S,85.8,3,743
2021-06-15 11:13:26,S,85.85,4,736
2021-06-15 11:13:36,S,85.7,1,1000
2021-06-15 11:13:36,S,85.65,5,1357
2021-06-15 11:13:37,S,85.85,4,946
2021-06-15 11:13:37,S,86.05,6,34456
2021-06-15 11:13:37,S,85.65,4,896
2021-06-15 11:13:37,S,85.5,12,5267
2021-06-15 11:13:45,S,85.7,1,975
2021-06-15 11:13:45,S,85.65,3,396
2021-06-15 11:13:53,S,86.0,12,6031
2021-06-15 11:14:12,S,85.7,2,1076
2021-06-15 11:14:12,S,85.65,2,295
2021-06-15 11:14:18,S,85.7,1,76
2021-06-15 11:14:29,S,85.7,1,41
2021-06-15 11:14:29,S,85.65,2,337
2021-06-15 11:14:29,S,85.55,7,3396
2021-06-15 11:14:33,S,85.8,3,2090
2021-06-15 11:14:33,S,85.65,2,271
2021-06-15 11:14:33,S,85.6,6,2431
2021-06-15 11:14:34,S,85.6,5,2338
2021-06-15 11:14:34,S,85.55,7,3403
2021-06-15 11:14:43,S,85.6,7,2871
2021-06-15 11:14:48,S,85.85,4,737
2021-06-15 11:14:48,S,85.65,2,543
2021-06-15 11:14:49,S,85.8,3,1090
2021-06-15 11:14:49,S,85.85,3,654
2021-06-15 11:14:49,S,85.9,4,2232
2021-06-15 11:14:49,S,85.6,5,2329
2021-06-15 11:14:49,S,85.5,11,5266
2021-06-15 11:14:52,S,85.85,4,924
2021-06-15 11:14:55,S,85.65,4,880
2021-06-15 11:15:00,S,85.85,3,838
2021-06-15 11:15:00,S,85.7,2,304
2021-06-15 11:15:01,S,85.8,3,392
2021-06-15 11:15:01,S,85.85,4,911
2021-06-15 11:15:01,S,85.95,5,617
2021-06-15 11:15:01,S,85.7,2,254
2021-06-15 11:15:01,S,85.65,3,436
2021-06-15 11:15:04,S,85.8,4,839
2021-06-15 11:15:04,S,85.65,2,343
2021-06-15 11:15:13,S,85.85,3,434
2021-06-15 11:15:34,S,85.7,1,4
2021-06-15 11:15:34,S,85.65,3,427
2021-06-15 11:15:34,S,85.6,6,2422
2021-06-15 11:15:36,S,85.8,5,1689
2021-06-15 11:15:36,S,85.85,4,734
2021-06-15 11:15:36,S,85.95,6,1117
2021-06-15 11:15:36,S,86.0,13,6381
2021-06-15 11:15:36,S,85.65,1,84
2021-06-15 11:15:36,S,85.6,4,2229
2021-06-15 11:15:36,S,85.55,8,3496
2021-06-15 11:15:36,S,85.45,5,957
2021-06-15 11:15:39,S,85.6,4,528
2021-06-15 11:15:39,S,85.55,7,2996
2021-06-15 11:15:44,S,85.7,3,942
2021-06-15 11:15:44,S,85.5,12,7158
2021-06-15 11:15:46,S,85.8,3,1178
2021-06-15 11:15:52,S,85.55,6,2903
2021-06-15 11:16:03,S,85.9,4,2236
2021-06-15 11:16:03,S,85.55,7,2987
2021-06-15 11:16:06,S,85.8,4,1253
2021-06-15 11:16:06,S,85.6,3,444
2021-06-15 11:16:10,S,85.7,3,892
2021-06-15 11:16:10,S,85.6,2,287
2021-06-15 11:16:10,S,85.55,6,2887
2021-06-15 11:16:15,S,85.7,3,881
2021-06-15 11:16:15,S,85.6,2,277
2021-06-15 11:16:18,S,85.7,3,870
2021-06-15 11:16:18,S,85.8,5,2841
2021-06-15 11:16:18,S,85.6,1,27
2021-06-15 11:16:21,S,85.35,7,833
2021-06-15 11:16:25,S,85.85,4,1105
2021-06-15 11:16:25,S,85.4,7,4893
2021-06-15 11:16:40,S,85.55,5,2803
2021-06-15 11:16:45,S,85.75,3,360
2021-06-15 11:16:45,S,85.85,3,605
2021-06-15 11:16:45,S,85.9,3,2136
2021-06-15 11:16:45,S,85.55,5,2798
2021-06-15 11:16:45,S,85.5,12,7145
2021-06-15 11:16:45,S,85.45,4,956
2021-06-15 11:16:45,S,85.4,6,4793
2021-06-15 11:16:45,S,85.35,6,733
2021-06-15 11:16:51,S,85.7,4,1220
2021-06-15 11:16:51,S,85.8,5,2866
2021-06-15 11:16:51,S,85.9,2,2050
2021-06-15 11:16:51,S,85.5,11,7061
2021-06-15 11:16:51,S,85.45,3,859
2021-06-15 11:16:51,S,85.4,5,4663
2021-06-15 11:16:51,S,85.35,5,603
2021-06-15 11:17:00,S,85.7,2,474
2021-06-15 11:17:00,S,85.75,3,755
2021-06-15 11:17:00,S,85.9,3,2150
2021-06-15 11:17:00,S,85.5,13,7245
2021-06-15 11:17:06,S,85.7,4,1124
2021-06-15 11:18:03,S,85.6,2,236
2021-06-15 11:18:09,S,85.6,3,469
2021-06-15 11:18:09,S,85.55,9,3832
2021-06-15 11:18:09,S,85.7,4,1119
2021-06-15 11:18:09,S,85.75,4,830
2021-06-15 11:18:09,S,85.8,6,2941
2021-06-15 11:18:09,S,85.55,7,3248
2021-06-15 11:18:09,S,85.5,13,7155
2021-06-15 11:18:09,S,85.4,6,4775
2021-06-15 11:18:12,S,85.5,14,7255
2021-06-15 11:18:26,S,85.65,1,150
2021-06-15 11:18:26,S,85.7,5,1482
2021-06-15 11:18:26,S,85.75,3,585
2021-06-15 11:18:26,S,85.8,4,2745
2021-06-15 11:18:26,S,85.6,2,369
2021-06-15 11:18:26,S,85.55,8,3332
2021-06-15 11:18:30,S,85.7,2,850
2021-06-15 11:18:30,S,85.75,2,285
2021-06-15 11:18:30,S,85.8,5,2845
2021-06-15 11:18:30,S,85.6,3,831
2021-06-15 11:18:30,S,85.45,3,843
2021-06-15 11:18:34,S,85.85,4,1061
2021-06-15 11:18:34,S,85.65,3,611
2021-06-15 11:18:40,S,85.65,3,914
2021-06-15 11:18:54,S,85.65,4,998
2021-06-15 11:18:54,S,85.65,4,997
2021-06-15 11:18:54,S,85.6,4,2330
2021-06-15 11:18:54,S,85.45,5,944
2021-06-15 11:19:20,S,85.8,3,1146
2021-06-15 11:19:20,S,86.0,11,6085
2021-06-15 11:19:20,S,85.7,3,781
2021-06-15 11:19:20,S,85.65,3,539
2021-06-15 11:19:20,S,85.55,8,3392
2021-06-15 11:19:21,S,85.7,1,219
2021-06-15 11:19:21,S,85.8,4,1246
2021-06-15 11:19:21,S,85.85,2,532
2021-06-15 11:19:24,S,85.65,2,455
2021-06-15 11:19:24,S,85.6,5,2430
2021-06-15 11:19:24,S,85.55,9,3492
2021-06-15 11:19:27,S,85.7,2,294
2021-06-15 11:19:27,S,85.8,5,1321
2021-06-15 11:19:30,S,85.7,3,394
2021-06-15 11:19:30,S,85.75,4,804
2021-06-15 11:19:30,S,85.8,4,1257
2021-06-15 11:19:30,S,85.6,3,2246
2021-06-15 11:19:30,S,85.55,8,2992
2021-06-15 11:19:34,S,85.6,1,169
2021-06-15 11:19:36,S,85.7,5,1093
2021-06-15 11:19:36,S,85.6,1,19
2021-06-15 11:19:36,S,85.55,6,2408
2021-06-15 11:19:40,S,85.6,1,38
2021-06-15 11:19:40,S,85.7,4,617
2021-06-15 11:19:40,S,85.75,2,308
2021-06-15 11:19:40,S,85.5,15,7366
2021-06-15 11:19:42,S,85.7,4,931
2021-06-15 11:19:42,S,85.85,4,1107
2021-06-15 11:19:42,S,85.55,5,2308
2021-06-15 11:19:49,S,85.7,3,491
2021-06-15 11:19:49,S,85.75,3,372
2021-06-15 11:19:49,S,85.85,3,607
2021-06-15 11:19:49,S,85.5,16,7450
2021-06-15 11:19:50,S,85.8,4,2919
2021-06-15 11:19:50,S,85.85,3,632
2021-06-15 11:19:50,S,85.6,3,2362
2021-06-15 11:19:53,S,85.75,2,297
2021-06-15 11:19:53,S,85.8,6,3425
2021-06-15 11:19:53,S,85.85,4,707
2021-06-15 11:19:53,S,85.6,2,2262
2021-06-15 11:19:53,S,85.55,6,2808
2021-06-15 11:20:03,S,85.75,3,744
2021-06-15 11:20:03,S,85.9,4,2259
2021-06-15 11:20:03,S,85.95,6,1151
2021-06-15 11:20:03,S,85.55,3,528
2021-06-15 11:20:03,S,85.5,15,7355
2021-06-15 11:20:03,S,85.4,8,4876
2021-06-15 11:20:04,S,85.7,2,303
2021-06-15 11:20:04,S,85.75,2,522
2021-06-15 11:20:04,S,85.45,4,943
2021-06-15 11:20:04,S,85.3,8,4752
2021-06-15 11:20:07,S,85.75,2,310
2021-06-15 11:20:24,S,85.65,2,761
2021-06-15 11:20:24,S,85.5,4,2125
2021-06-15 11:20:24,S,85.4,7,4875
2021-06-15 11:20:41,S,85.5,5,2024
2021-06-15 11:20:45,S,85.65,2,561
2021-06-15 11:20:46,S,85.4,6,4763
2021-06-15 11:20:51,S,85.65,2,541
2021-06-15 11:20:51,S,85.45,5,1402
2021-06-15 11:20:58,S,85.65,2,540
2021-06-15 11:20:58,S,85.7,6,2509
2021-06-15 11:20:58,S,85.5,5,1724
2021-06-15 11:20:58,S,85.45,4,1324
2021-06-15 11:21:06,S,85.55,2,289
2021-06-15 11:21:06,S,85.5,7,2415
2021-06-15 11:21:06,S,85.4,6,4741
2021-06-15 11:21:06,S,85.35,7,1346
2021-06-15 11:21:10,S,85.5,5,1013
2021-06-15 11:21:10,S,85.3,9,4753
2021-06-15 11:21:26,S,85.65,4,1001
2021-06-15 11:21:26,S,85.75,4,482
2021-06-15 11:21:26,S,85.55,1,5
2021-06-15 11:21:38,S,85.65,3,555
2021-06-15 11:21:38,S,85.7,5,2851
2021-06-15 11:21:38,S,85.55,2,233
2021-06-15 11:21:38,S,85.5,8,1780
2021-06-15 11:21:40,S,85.65,2,266
2021-06-15 11:21:40,S,85.7,4,2374
2021-06-15 11:21:45,S,85.65,1,64
2021-06-15 11:21:45,S,85.7,5,2445
2021-06-15 11:21:45,S,85.55,5,757
2021-06-15 11:21:45,S,85.5,7,1319
2021-06-15 11:21:48,S,85.7,6,2921
2021-06-15 11:21:48,S,85.55,2,281
2021-06-15 11:21:48,S,85.4,7,4841
2021-06-15 11:21:54,S,85.55,1,53
2021-06-15 11:21:54,S,85.4,8,4881
2021-06-15 11:22:00,S,85.5,8,1794
2021-06-15 11:22:00,S,85.4,7,3881
2021-06-15 11:22:22,S,85.65,2,264
2021-06-15 11:22:22,S,85.7,5,2715
2021-06-15 11:22:22,S,85.55,2,63
2021-06-15 11:22:22,S,85.5,9,1834
2021-06-15 11:22:23,S,85.65,1,11
2021-06-15 11:22:23,S,85.55,4,676
2021-06-15 11:22:23,S,85.35,7,832
2021-06-15 11:22:37,S,85.65,2,140
2021-06-15 11:22:41,S,85.7,5,2705
2021-06-15 11:22:41,S,85.55,2,74
2021-06-15 11:22:41,S,85.5,9,1797
2021-06-15 11:22:44,S,85.65,2,141
2021-06-15 11:22:44,S,85.55,4,1527
2021-06-15 11:22:44,S,85.5,8,1359
2021-06-15 11:22:52,S,85.7,4,2652
2021-06-15 11:22:52,S,85.55,3,911
2021-06-15 11:22:52,S,85.5,8,1758
2021-06-15 11:23:02,S,85.65,2,193
2021-06-15 11:23:02,S,85.55,3,811
2021-06-15 11:23:02,S,85.5,10,1846
2021-06-15 11:23:03,S,85.65,2,168
2021-06-15 11:23:03,S,85.7,5,2723
2021-06-15 11:23:03,S,85.55,4,993
2021-06-15 11:23:03,S,85.5,9,1768
2021-06-15 11:23:03,S,85.45,4,937
2021-06-15 11:23:03,S,85.4,5,3741
2021-06-15 11:23:15,S,85.7,4,2238
2021-06-15 11:23:15,S,85.75,4,993
2021-06-15 11:23:15,S,85.9,5,3962
2021-06-15 11:23:15,S,85.6,1,500
2021-06-15 11:23:15,S,85.55,5,1471
2021-06-15 11:23:15,S,85.5,9,1391
2021-06-15 11:23:16,S,85.5,10,1855
2021-06-15 11:23:32,S,85.65,2,138
2021-06-15 11:23:32,S,85.7,4,2614
2021-06-15 11:23:32,S,85.55,4,493
2021-06-15 11:23:32,S,85.5,11,1933
2021-06-15 11:23:34,S,85.7,3,2174
2021-06-15 11:23:34,S,85.5,8,1112
2021-06-15 11:23:39,S,85.5,9,1190
2021-06-15 11:23:39,S,85.45,3,837
2021-06-15 11:23:39,S,85.4,6,3841
2021-06-15 11:23:47,S,85.65,3,578
2021-06-15 11:23:47,S,85.7,4,2245
2021-06-15 11:23:47,S,85.75,4,600
2021-06-15 11:23:47,S,85.8,5,2994
2021-06-15 11:23:47,S,85.5,8,951
2021-06-15 11:23:47,S,85.45,2,759
2021-06-15 11:23:47,S,85.4,5,3763
2021-06-15 11:23:47,S,85.35,6,831
2021-06-15 11:23:51,S,85.55,2,305
2021-06-15 11:23:51,S,85.65,2,364
2021-06-15 11:23:51,S,85.4,6,1139
2021-06-15 11:23:51,S,85.35,5,702
2021-06-15 11:23:59,S,85.5,2,234
2021-06-15 11:24:06,S,85.5,2,284
2021-06-15 11:24:06,S,85.55,4,820
2021-06-15 11:24:06,S,85.4,4,379
2021-06-15 11:24:11,S,85.5,1,250
2021-06-15 11:24:11,S,85.55,3,745
2021-06-15 11:24:11,S,85.6,3,274
2021-06-15 11:24:11,S,85.65,3,1364
2021-06-15 11:24:11,S,85.4,5,389
2021-06-15 11:24:11,S,85.35,7,1246
2021-06-15 11:24:11,S,85.2,5,4118
2021-06-15 11:24:25,S,85.7,6,2812
2021-06-15 11:24:25,S,85.5,2,5203
2021-06-15 11:24:25,S,85.45,3,805
2021-06-15 11:24:41,S,85.5,3,5281
2021-06-15 11:24:43,S,85.7,6,2409
2021-06-15 11:24:49,S,85.65,1,1000
2021-06-15 11:24:49,S,85.7,5,2309
2021-06-15 11:24:49,S,85.75,3,311
2021-06-15 11:24:49,S,85.5,3,5261
2021-06-15 11:24:49,S,85.45,4,3055
2021-06-15 11:25:01,S,85.6,4,4974
2021-06-15 11:25:01,S,85.65,2,1239
2021-06-15 11:25:01,S,85.75,5,1100
2021-06-15 11:25:01,S,85.5,1,4722
2021-06-15 11:25:01,S,85.45,3,2555
2021-06-15 11:25:01,S,85.65,2,1069
2021-06-15 11:25:01,S,85.3,8,4253
2021-06-15 11:25:04,S,85.4,6,2383
2021-06-15 11:25:18,S,85.4,8,3155
2021-06-15 11:25:18,S,85.3,7,4252
2021-06-15 11:25:28,S,85.6,2,303
2021-06-15 11:25:28,S,85.75,5,911
2021-06-15 11:25:28,S,85.45,1,2250
2021-06-15 11:25:31,S,85.5,1,15
2021-06-15 11:25:31,S,85.55,2,673
2021-06-15 11:25:31,S,85.45,1,1750
2021-06-15 11:25:31,S,85.4,7,3075
2021-06-15 11:25:31,S,85.35,6,780
2021-06-15 11:25:31,S,85.25,8,2287
2021-06-15 11:25:33,S,85.6,3,372
2021-06-15 11:25:33,S,85.45,3,2337
2021-06-15 11:25:35,S,85.45,4,2451
2021-06-15 11:26:14,S,85.6,3,751
2021-06-15 11:26:14,S,85.65,3,1308
2021-06-15 11:26:14,S,85.75,4,811
2021-06-15 11:26:14,S,85.45,4,2251
2021-06-15 11:26:14,S,85.35,5,675
2021-06-15 11:26:14,S,85.3,6,4070
2021-06-15 11:26:14,S,85.25,9,2288
2021-06-15 11:26:16,S,85.5,3,742
2021-06-15 11:26:25,S,85.5,4,815
2021-06-15 11:26:25,S,85.3,8,4171
2021-06-15 11:26:28,S,85.7,5,2345
2021-06-15 11:26:28,S,85.5,5,816
2021-06-15 11:26:28,S,85.4,7,2678
2021-06-15 11:26:43,S,85.65,2,1064
2021-06-15 11:26:43,S,85.7,4,2274
2021-06-15 11:26:52,S,85.7,5,2343
2021-06-15 11:26:55,S,85.75,4,411
2021-06-15 11:27:06,S,85.85,5,1207
2021-06-15 11:27:06,S,85.5,6,923
2021-06-15 11:27:07,S,85.65,4,1532
2021-06-15 11:27:07,S,85.5,5,823
2021-06-15 11:27:10,S,85.75,5,412
2021-06-15 11:27:33,S,85.7,7,2775
2021-06-15 11:27:38,S,85.5,6,1003
2021-06-15 11:27:45,S,85.7,7,2793
2021-06-15 11:27:48,S,85.65,4,1518
2021-06-15 11:27:48,S,85.5,5,930
2021-06-15 11:27:54,S,85.65,3,1065
2021-06-15 11:27:54,S,85.5,6,980
2021-06-15 11:27:54,S,85.4,6,2572
2021-06-15 11:27:54,S,85.65,4,1504
2021-06-15 11:27:54,S,85.7,6,2344
2021-06-15 11:27:54,S,85.5,5,938
2021-06-15 11:27:54,S,85.45,4,2425
2021-06-15 11:28:00,S,85.65,2,1001
2021-06-15 11:28:00,S,85.7,7,2408
2021-06-15 11:28:00,S,85.75,6,462
2021-06-15 11:28:00,S,85.8,6,4742
2021-06-15 11:28:00,S,85.85,6,1208
2021-06-15 11:28:00,S,85.5,7,6011
2021-06-15 11:28:00,S,85.45,5,2498
2021-06-15 11:28:00,S,85.4,5,2499
2021-06-15 11:28:00,S,85.35,6,775
2021-06-15 11:28:00,S,85.3,7,4170
2021-06-15 11:28:14,S,85.35,3,991
2021-06-15 11:28:14,S,85.4,2,305
2021-06-15 11:28:14,S,85.55,3,672
2021-06-15 11:28:14,S,85.3,1,200
2021-06-15 11:28:14,S,85.25,7,1768
2021-06-15 11:28:24,S,85.3,2,425
2021-06-15 11:28:24,S,85.25,7,1741
2021-06-15 11:28:24,S,85.2,4,720
2021-06-15 11:28:30,S,85.4,3,781
2021-06-15 11:28:30,S,85.25,5,1409
2021-06-15 11:28:36,S,85.4,2,681
2021-06-15 11:28:37,S,85.2,2,358
2021-06-15 11:28:48,S,85.4,2,671
2021-06-15 11:28:48,S,85.45,3,602
2021-06-15 11:28:48,S,85.5,4,29314
2021-06-15 11:28:48,S,85.55,4,673
2021-06-15 11:28:48,S,85.6,2,1846
2021-06-15 11:28:48,S,85.25,5,1309
2021-06-15 11:28:48,S,85.15,5,1141
2021-06-15 11:28:48,S,85.1,8,8676
2021-06-15 11:28:48,S,85.05,9,1248
2021-06-15 11:28:49,S,85.0,3,6031
2021-06-15 11:28:49,S,85.05,3,618
2021-06-15 11:28:49,S,84.9,3,279
2021-06-15 11:28:56,S,84.95,1,64
2021-06-15 11:28:56,S,85.0,4,6046
2021-06-15 11:28:56,S,85.1,4,530
2021-06-15 11:28:56,S,84.9,3,236
2021-06-15 11:28:58,S,85.0,2,4898
2021-06-15 11:28:58,S,85.05,2,756
2021-06-15 11:28:58,S,84.85,3,389
2021-06-15 11:29:03,S,85.0,2,4816
2021-06-15 11:29:06,S,85.0,2,4611
2021-06-15 11:29:06,S,85.1,3,457
2021-06-15 11:29:06,S,84.95,1,1
2021-06-15 11:29:06,S,84.9,2,226
2021-06-15 11:29:06,S,84.85,4,462
2021-06-15 11:29:06,S,84.8,7,2371
2021-06-15 11:29:08,S,85.0,3,6608
2021-06-15 11:29:08,S,84.9,1,1
2021-06-15 11:29:10,S,85.05,3,1221
2021-06-15 11:29:10,S,84.85,3,398
2021-06-15 11:29:13,S,85.0,3,6607
2021-06-15 11:29:19,S,85.0,4,6608
2021-06-15 11:29:19,S,85.05,4,1294
2021-06-15 11:29:19,S,85.1,5,2318
2021-06-15 11:29:19,S,85.2,2,1863
2021-06-15 11:29:19,S,84.9,2,101
2021-06-15 11:29:19,S,84.85,2,325
2021-06-15 11:29:19,S,84.8,8,2435
2021-06-15 11:29:19,S,84.75,8,611
2021-06-15 11:29:19,S,84.7,5,3894
2021-06-15 11:29:19,S,84.9,1,1899
2021-06-15 11:29:19,S,84.95,2,758
2021-06-15 11:29:23,S,84.9,2,2334
2021-06-15 11:29:25,S,84.9,2,2333
2021-06-15 11:29:25,S,84.95,4,1031
2021-06-15 11:29:25,S,85.0,5,4939
2021-06-15 11:29:25,S,85.05,3,829
2021-06-15 11:29:25,S,85.1,6,2319
2021-06-15 11:29:25,S,84.8,4,372
2021-06-15 11:29:25,S,84.75,8,523
2021-06-15 11:29:25,S,84.65,4,3501
2021-06-15 11:29:25,S,84.6,16,5209
2021-06-15 11:29:30,S,85.0,3,66
2021-06-15 11:29:30,S,85.1,3,575
2021-06-15 11:29:30,S,85.15,4,830
2021-06-15 11:29:30,S,85.2,2,1855
2021-06-15 11:29:30,S,85.25,3,668
2021-06-15 11:29:30,S,84.85,4,764
2021-06-15 11:29:30,S,84.8,6,2380
2021-06-15 11:29:30,S,84.75,8,959
2021-06-15 11:29:30,S,84.7,5,2422
2021-06-15 11:29:30,S,84.65,5,4001
2021-06-15 11:29:31,S,85.15,1,1
2021-06-15 11:29:31,S,85.3,2,334
2021-06-15 11:29:31,S,85.35,3,737
2021-06-15 11:29:31,S,85.4,2,2026
2021-06-15 11:29:31,S,85.1,2,590
2021-06-15 11:29:31,S,85.05,2,291
2021-06-15 11:29:31,S,85.0,4,226
2021-06-15 11:29:31,S,84.95,3,651
2021-06-15 11:29:31,S,84.9,3,2859
2021-06-15 11:29:34,S,85.25,4,807
2021-06-15 11:29:34,S,85.3,3,1925
2021-06-15 11:29:34,S,85.35,4,992
2021-06-15 11:29:34,S,85.4,4,2232
2021-06-15 11:29:34,S,85.45,4,915
2021-06-15 11:29:34,S,85.15,2,2
2021-06-15 11:29:34,S,85.1,3,768
2021-06-15 11:29:34,S,85.05,4,643
2021-06-15 11:29:34,S,85.0,5,2226
2021-06-15 11:29:34,S,84.95,3,471
2021-06-15 11:29:39,S,85.4,4,2638
2021-06-15 11:29:39,S,85.55,4,762
2021-06-15 11:29:39,S,85.5,5,2342
2021-06-15 11:29:42,S,85.3,2,551
2021-06-15 11:29:42,S,85.35,4,1262
2021-06-15 11:29:42,S,85.15,6,673
2021-06-15 11:29:45,S,85.15,5,517
2021-06-15 11:29:45,S,85.0,7,4463
2021-06-15 11:29:45,S,84.95,4,571
2021-06-15 11:29:48,S,85.3,4,2005
2021-06-15 11:29:48,S,85.15,6,682
2021-06-15 11:29:54,S,85.35,4,1284
2021-06-15 11:29:54,S,85.15,7,683
2021-06-15 11:30:00,S,85.3,4,1987
2021-06-15 11:30:00,S,85.1,2,290
2021-06-15 11:30:00,S,84.95,5,1071
2021-06-15 11:30:10,S,85.3,3,1551
2021-06-15 11:30:10,S,85.35,3,828
2021-06-15 11:30:10,S,85.15,5,229
2021-06-15 11:30:10,S,85.05,3,579
2021-06-15 11:30:12,S,85.3,2,1295
2021-06-15 11:30:12,S,85.35,2,755
2021-06-15 11:30:12,S,85.4,3,2197
2021-06-15 11:30:12,S,85.45,3,880
2021-06-15 11:30:12,S,85.5,6,2542
2021-06-15 11:30:12,S,85.2,3,2529
2021-06-15 11:30:12,S,85.15,6,518
2021-06-15 11:30:12,S,85.05,3,461
2021-06-15 11:30:12,S,85.0,8,4763
2021-06-15 11:30:14,S,85.5,2,441
2021-06-15 11:30:14,S,85.6,5,2304
2021-06-15 11:30:14,S,85.3,6,762
2021-06-15 11:30:14,S,85.15,7,900
2021-06-15 11:30:14,S,85.1,3,1868
2021-06-15 11:30:16,S,85.6,4,569
2021-06-15 11:30:22,S,85.6,4,480
2021-06-15 11:30:22,S,85.7,8,4366
2021-06-15 11:30:22,S,85.4,2,695
2021-06-15 11:30:22,S,85.35,3,344
2021-06-15 11:30:22,S,85.3,7,2522
2021-06-15 11:30:27,S,85.35,2,218
2021-06-15 11:30:27,S,85.3,6,2233
2021-06-15 11:30:30,S,85.3,7,2235
2021-06-15 11:30:30,S,85.2,4,4156
2021-06-15 11:30:32,S,85.5,2,440
2021-06-15 11:30:32,S,85.3,6,2234
2021-06-15 11:30:32,S,85.15,8,1000
2021-06-15 11:30:34,S,85.45,1,23
2021-06-15 11:30:34,S,85.5,3,441
2021-06-15 11:30:34,S,85.4,1,64
2021-06-15 11:30:34,S,85.35,1,154
2021-06-15 11:30:34,S,85.3,5,2233
2021-06-15 11:30:37,S,85.15,7,999
2021-06-15 11:30:40,S,85.15,6,998
2021-06-15 11:30:51,S,85.3,5,2705
2021-06-15 11:30:54,S,85.35,3,745
2021-06-15 11:30:56,S,85.5,2,241
2021-06-15 11:30:56,S,85.35,2,289
2021-06-15 11:30:56,S,85.3,5,2684
2021-06-15 11:30:58,S,85.2,5,4256
2021-06-15 11:31:06,S,85.45,3,478
2021-06-15 11:31:11,S,85.45,3,477
2021-06-15 11:31:11,S,85.5,4,2732
2021-06-15 11:31:11,S,85.35,1,64
2021-06-15 11:31:12,S,85.3,4,2561
2021-06-15 11:31:17,S,85.45,3,407
2021-06-15 11:31:17,S,85.5,3,2257
2021-06-15 11:31:17,S,85.3,5,2687
2021-06-15 11:31:30,S,85.45,2,283
2021-06-15 11:31:31,S,85.5,2,276
2021-06-15 11:31:42,S,85.45,1,183
2021-06-15 11:31:42,S,85.5,4,652
2021-06-15 11:31:42,S,85.35,4,680
2021-06-15 11:31:42,S,85.3,4,2232
2021-06-15 11:31:56,S,85.45,3,377
2021-06-15 11:31:56,S,85.5,6,3012
2021-06-15 11:31:56,S,85.35,2,104
2021-06-15 11:31:56,S,85.3,4,2573
2021-06-15 11:31:56,S,85.25,3,2780
2021-06-15 11:32:01,S,85.25,2,2626
2021-06-15 11:32:06,S,85.45,5,916
2021-06-15 11:32:06,S,85.5,4,2538
2021-06-15 11:32:06,S,85.15,3,397
2021-06-15 11:32:15,S,85.3,2,1410
2021-06-15 11:32:18,S,85.5,5,2994
2021-06-15 11:32:18,S,85.3,4,2008
2021-06-15 11:32:33,S,85.3,3,1536
2021-06-15 11:32:36,S,85.5,6,3179
2021-06-15 11:32:36,S,85.3,3,2005
2021-06-15 11:32:48,S,85.45,4,441
2021-06-15 11:32:48,S,85.5,5,3053
2021-06-15 11:32:48,S,85.35,1,40
2021-06-15 11:32:48,S,85.3,3,1999
2021-06-15 11:32:48,S,85.15,4,897
2021-06-15 11:32:48,S,85.2,5,5130
2021-06-15 11:32:51,S,85.45,6,1394
2021-06-15 11:32:51,S,85.5,5,2723
2021-06-15 11:32:51,S,85.25,1,2500
2021-06-15 11:32:51,S,85.15,4,497
2021-06-15 11:32:51,S,85.05,4,791
2021-06-15 11:32:56,S,85.3,2,1945
2021-06-15 11:33:01,S,85.45,4,416
2021-06-15 11:33:01,S,85.5,5,2697
2021-06-15 11:33:01,S,85.35,2,951
2021-06-15 11:33:01,S,85.3,4,1829
2021-06-15 11:33:03,S,85.35,3,1951
2021-06-15 11:33:31,S,85.45,2,208
2021-06-15 11:33:31,S,85.45,2,198
2021-06-15 11:33:31,S,85.35,3,1601
2021-06-15 11:33:31,S,85.3,5,2329
2021-06-15 11:33:40,S,85.5,5,851
2021-06-15 11:33:40,S,85.55,3,755
2021-06-15 11:33:40,S,85.3,4,2203
2021-06-15 11:33:43,S,85.35,2,1150
2021-06-15 11:33:43,S,85.3,5,2775
2021-06-15 11:34:12,S,85.35,1,1000
2021-06-15 11:34:32,S,85.45,4,514
2021-06-15 11:34:32,S,85.5,7,3189
2021-06-15 11:34:32,S,85.3,5,2797
2021-06-15 11:34:33,S,85.35,1,932
2021-06-15 11:34:33,S,85.3,6,3049
2021-06-15 11:34:36,S,85.3,5,2579
2021-06-15 11:34:39,S,85.5,7,2806
2021-06-15 11:34:39,S,85.6,5,2387
2021-06-15 11:34:39,S,85.35,2,1383
2021-06-15 11:34:39,S,85.3,6,2879
2021-06-15 11:34:42,S,85.45,3,416
2021-06-15 11:34:52,S,85.45,3,356
2021-06-15 11:34:52,S,85.5,6,2680
2021-06-15 11:34:52,S,85.55,4,881
2021-06-15 11:34:52,S,85.4,1,252
2021-06-15 11:34:52,S,85.35,3,1605
2021-06-15 11:34:52,S,85.3,5,2627
2021-06-15 11:34:52,S,85.25,4,2950
2021-06-15 11:35:00,S,85.65,6,1553
2021-06-15 11:35:13,S,85.4,3,945
2021-06-15 11:35:16,S,85.5,4,787
2021-06-15 11:35:16,S,85.6,6,2487
2021-06-15 11:35:16,S,85.65,5,1053
2021-06-15 11:35:19,S,85.6,5,2361
2021-06-15 11:35:21,S,85.4,3,845
2021-06-15 11:35:27,S,85.5,3,535
2021-06-15 11:35:31,S,85.5,4,705
2021-06-15 11:35:31,S,85.4,3,836
2021-06-15 11:35:57,S,85.5,4,563
2021-06-15 11:35:57,S,85.55,4,819
2021-06-15 11:35:57,S,85.6,6,2466
2021-06-15 11:35:57,S,85.4,2,693
2021-06-15 11:36:06,S,85.5,7,875
2021-06-15 11:36:06,S,85.55,5,1305
2021-06-15 11:36:09,S,85.5,8,1311
2021-06-15 11:36:09,S,85.55,4,860
2021-06-15 11:36:09,S,85.35,4,1725
2021-06-15 11:36:09,S,85.25,3,2850
2021-06-15 11:36:14,S,85.5,5,638
2021-06-15 11:36:44,S,85.5,6,688
2021-06-15 11:36:44,S,85.4,2,2531
2021-06-15 11:36:45,S,85.55,4,424
2021-06-15 11:37:03,S,85.5,5,518
2021-06-15 11:37:03,S,85.55,3,319
2021-06-15 11:37:03,S,85.4,2,2361
2021-06-15 11:37:03,S,85.35,3,1280
2021-06-15 11:37:19,S,85.55,6,972
2021-06-15 11:37:25,S,85.55,4,389
2021-06-15 11:37:33,S,85.55,6,936
2021-06-15 11:37:44,S,85.6,4,2291
2021-06-15 11:38:22,S,85.55,6,969
2021-06-15 11:38:22,S,85.4,1,1930
2021-06-15 11:38:22,S,85.35,4,1722
2021-06-15 11:38:24,S,85.35,2,1154
2021-06-15 11:38:36,S,85.5,6,700
2021-06-15 11:38:37,S,85.7,6,4231
2021-06-15 11:38:37,S,85.35,3,1611
2021-06-15 11:38:51,S,85.5,6,690
2021-06-15 11:38:51,S,85.55,7,1469
2021-06-15 11:38:51,S,85.6,5,3291
2021-06-15 11:38:51,S,85.7,7,4241
2021-06-15 11:38:51,S,85.4,1,1879
2021-06-15 11:38:51,S,85.2,7,5356
2021-06-15 11:39:00,S,85.5,7,734
2021-06-15 11:39:00,S,85.55,6,1405
2021-06-15 11:39:05,S,85.5,6,670
2021-06-15 11:39:05,S,85.55,6,994
2021-06-15 11:39:12,S,85.5,8,834
2021-06-15 11:39:12,S,85.55,6,1408
2021-06-15 11:39:12,S,85.6,6,3391
2021-06-15 11:39:12,S,85.65,5,943
2021-06-15 11:39:12,S,85.35,4,1719
2021-06-15 11:39:12,S,85.2,6,5256
2021-06-15 11:39:13,S,85.7,7,4126
2021-06-15 11:39:13,S,85.45,3,719
2021-06-15 11:39:24,S,85.7,9,4675
2021-06-15 11:39:24,S,85.5,2,442
2021-06-15 11:39:24,S,85.45,3,388
2021-06-15 11:39:24,S,85.35,4,1759
2021-06-15 11:39:25,S,85.45,4,488
2021-06-15 11:39:46,S,85.45,4,843
2021-06-15 11:40:04,S,85.5,1,100
2021-06-15 11:40:04,S,85.65,4,443
2021-06-15 11:40:04,S,85.45,5,893
2021-06-15 11:40:04,S,85.3,7,4352
2021-06-15 11:40:04,S,85.25,5,3450
2021-06-15 11:40:07,S,85.8,8,5116
2021-06-15 11:40:07,S,85.45,5,884
2021-06-15 11:40:12,S,85.65,5,1088
2021-06-15 11:40:15,S,85.65,4,627
2021-06-15 11:40:19,S,85.6,4,1343
2021-06-15 11:40:19,S,85.65,6,1182
2021-06-15 11:40:19,S,85.8,7,5016
2021-06-15 11:40:19,S,85.5,1,398
2021-06-15 11:40:19,S,85.45,6,972
2021-06-15 11:40:19,S,85.4,5,3896
2021-06-15 11:40:19,S,85.35,5,1760
2021-06-15 11:40:19,S,85.4,4,3791
2021-06-15 11:40:22,S,85.6,6,3710
2021-06-15 11:40:22,S,85.4,5,4245
2021-06-15 11:40:28,S,85.55,4,732
2021-06-15 11:40:31,S,85.6,6,3700
2021-06-15 11:40:36,S,85.5,1,200
2021-06-15 11:40:36,S,85.35,5,1360
2021-06-15 11:40:42,S,85.55,4,470
2021-06-15 11:40:42,S,85.6,6,3725
2021-06-15 11:40:54,S,85.55,3,270
2021-06-15 11:40:54,S,85.45,4,432
2021-06-15 11:40:54,S,85.4,6,4333
2021-06-15 11:40:54,S,85.35,6,1860
2021-06-15 11:40:55,S,85.5,2,289
2021-06-15 11:40:55,S,85.55,4,813
2021-06-15 11:40:57,S,85.5,4,2109
2021-06-15 11:40:57,S,85.35,4,1255
2021-06-15 11:41:07,S,85.55,3,580
2021-06-15 11:41:10,S,85.5,5,2584
2021-06-15 11:41:10,S,85.55,4,668
2021-06-15 11:41:10,S,85.7,8,4231
2021-06-15 11:41:10,S,85.35,3,1155
2021-06-15 11:41:22,S,85.5,2,279
2021-06-15 11:41:22,S,85.55,5,907
2021-06-15 11:41:22,S,85.7,7,4131
2021-06-15 11:41:22,S,85.4,2,1979
2021-06-15 11:41:22,S,85.35,5,1717
2021-06-15 11:41:24,S,85.65,4,838
2021-06-15 11:41:28,S,85.7,6,4026
2021-06-15 11:41:31,S,85.4,3,2446
2021-06-15 11:41:34,S,85.4,4,2451
2021-06-15 11:41:34,S,85.35,5,1743
2021-06-15 11:41:50,S,85.55,5,888
2021-06-15 11:41:59,S,85.4,3,1984
2021-06-15 11:41:59,S,85.35,5,1678
2021-06-15 11:42:00,S,85.5,1,141
2021-06-15 11:42:00,S,85.35,5,1693
2021-06-15 11:42:01,S,85.5,2,1775
2021-06-15 11:42:19,S,85.5,3,1839
2021-06-15 11:42:19,S,85.55,4,814
2021-06-15 11:42:19,S,85.35,4,1602
2021-06-15 11:42:24,S,85.5,1,161
2021-06-15 11:42:24,S,85.4,3,1784
2021-06-15 11:42:24,S,85.35,6,2190
2021-06-15 11:42:24,S,85.2,7,6849
2021-06-15 11:42:38,S,85.5,4,2503
2021-06-15 11:42:38,S,85.35,4,1243
2021-06-15 11:42:38,S,85.3,6,4252
2021-06-15 11:42:38,S,85.25,4,3350
2021-06-15 11:42:42,S,85.5,4,2500
2021-06-15 11:42:42,S,85.3,5,4126
2021-06-15 11:42:46,S,85.5,4,906
2021-06-15 11:42:46,S,85.35,2,933
2021-06-15 11:42:51,S,85.55,4,443
2021-06-15 11:42:51,S,85.35,6,2695
2021-06-15 11:42:51,S,85.25,4,3312
2021-06-15 11:43:08,S,85.5,2,353
2021-06-15 11:43:08,S,85.4,3,1851
2021-06-15 11:43:11,S,85.5,2,333
2021-06-15 11:43:22,S,85.4,2,1634
2021-06-15 11:43:24,S,85.6,4,3167
2021-06-15 11:43:24,S,85.4,2,1610
2021-06-15 11:43:59,S,85.5,3,420
2021-06-15 11:44:01,S,85.4,3,1866
2021-06-15 11:44:27,S,85.5,3,419
2021-06-15 11:44:27,S,85.55,3,355
2021-06-15 11:44:27,S,85.4,4,1867
2021-06-15 11:44:27,S,85.35,5,2238
2021-06-15 11:44:57,S,85.5,5,2414
2021-06-15 11:44:57,S,85.55,5,1107
2021-06-15 11:44:57,S,85.6,5,3255
2021-06-15 11:44:57,S,85.4,2,967
2021-06-15 11:44:57,S,85.35,6,2706
2021-06-15 11:44:57,S,85.25,5,3412
2021-06-15 11:44:57,S,85.35,1,88
2021-06-15 11:44:57,S,85.3,6,4214
2021-06-15 11:45:04,S,85.5,6,2856
2021-06-15 11:45:04,S,85.55,4,879
2021-06-15 11:45:04,S,85.6,6,3355
2021-06-15 11:45:04,S,85.25,4,2912
2021-06-15 11:45:04,S,85.2,8,6949
2021-06-15 11:45:07,S,85.5,5,2550
2021-06-15 11:45:07,S,85.55,5,979
2021-06-15 11:45:13,S,85.2,7,6823
2021-06-15 11:45:40,S,85.45,3,751
2021-06-15 11:45:42,S,85.25,2,2724
2021-06-15 11:45:48,S,85.25,4,3235
2021-06-15 11:45:57,S,85.45,3,748
2021-06-15 11:46:03,S,85.45,4,749
2021-06-15 11:46:03,S,85.5,6,2630
2021-06-15 11:46:03,S,85.3,4,2733
2021-06-15 11:46:03,S,85.25,3,2804
2021-06-15 11:46:03,S,85.1,4,3746
2021-06-15 11:46:06,S,85.5,7,3097
2021-06-15 11:46:06,S,85.55,6,980
2021-06-15 11:46:06,S,85.3,6,3039
2021-06-15 11:46:09,S,85.5,7,3056
2021-06-15 11:46:12,S,85.5,8,3057
2021-06-15 11:46:12,S,85.35,2,264
2021-06-15 11:46:12,S,85.3,7,4761
2021-06-15 11:46:26,S,85.25,4,3264
2021-06-15 11:46:30,S,85.35,1,736
2021-06-15 11:46:30,S,85.4,2,687
2021-06-15 11:46:30,S,85.45,3,302
2021-06-15 11:46:30,S,85.5,6,2551
2021-06-15 11:46:30,S,85.55,7,981
2021-06-15 11:46:30,S,85.3,3,2277
2021-06-15 11:46:30,S,85.25,3,3184
2021-06-15 11:46:30,S,85.1,5,3846
2021-06-15 11:46:31,S,85.35,2,1904
2021-06-15 11:46:31,S,85.3,5,4098
2021-06-15 11:46:31,S,85.25,3,3224
2021-06-15 11:46:34,S,85.35,2,1885
2021-06-15 11:46:40,S,85.5,8,3067
2021-06-15 11:46:44,S,85.3,7,4645
2021-06-15 11:46:54,S,85.5,8,3073
2021-06-15 11:47:00,S,85.45,2,241
2021-06-15 11:47:00,S,85.5,8,3066
2021-06-15 11:47:00,S,85.55,6,881
2021-06-15 11:47:00,S,85.35,1,1454
2021-06-15 11:47:00,S,85.3,7,4636
2021-06-15 11:47:01,S,85.55,5,793
2021-06-15 11:47:01,S,85.35,2,1919
2021-06-15 11:47:04,S,85.5,9,3128
2021-06-15 11:47:04,S,85.35,1,1449
2021-06-15 11:47:07,S,85.5,8,3048
2021-06-15 11:47:07,S,85.35,2,1506
2021-06-15 11:47:07,S,85.3,7,4650
2021-06-15 11:47:10,S,85.35,3,1981
2021-06-15 11:47:16,S,85.35,4,2005
2021-06-15 11:47:19,S,85.35,3,1531
2021-06-15 11:47:43,S,85.5,9,3137
2021-06-15 11:47:43,S,85.35,4,1581
2021-06-15 11:47:43,S,85.3,7,4620
2021-06-15 11:47:57,S,85.5,8,2692
2021-06-15 11:47:57,S,85.35,5,2015
2021-06-15 11:47:57,S,85.3,7,4378
2021-06-15 11:48:13,S,85.45,2,96
2021-06-15 11:48:13,S,85.5,7,2612
2021-06-15 11:48:13,S,85.55,6,873
2021-06-15 11:48:16,S,85.5,6,658
2021-06-15 11:48:16,S,85.35,6,3015
2021-06-15 11:48:23,S,85.55,5,582
2021-06-15 11:48:29,S,85.5,7,659
2021-06-15 11:48:31,S,85.6,8,5786
2021-06-15 11:48:31,S,85.65,5,926
2021-06-15 11:48:31,S,85.3,7,4678
2021-06-15 11:48:31,S,85.2,9,7403
2021-06-15 11:48:36,S,85.5,8,684
2021-06-15 11:48:42,S,85.5,9,1084
2021-06-15 11:48:46,S,85.5,9,1083
2021-06-15 11:48:46,S,85.35,7,3095
2021-06-15 11:48:52,S,85.5,11,1617
2021-06-15 11:48:52,S,85.35,6,3005
2021-06-15 11:48:54,S,85.5,11,1522
2021-06-15 11:48:54,S,85.6,7,5286
2021-06-15 11:48:55,S,85.5,9,958
2021-06-15 11:48:55,S,85.55,6,583
2021-06-15 11:48:55,S,85.7,7,4154
2021-06-15 11:48:55,S,85.35,5,2955
2021-06-15 11:48:55,S,85.2,8,6903
2021-06-15 11:49:01,S,85.55,7,663
2021-06-15 11:49:08,S,85.55,8,664
2021-06-15 11:49:09,S,85.55,8,684
2021-06-15 11:49:09,S,85.6,6,5198
2021-06-15 11:49:14,S,85.5,10,959
2021-06-15 11:49:14,S,85.55,9,764
2021-06-15 11:49:14,S,85.4,3,851
2021-06-15 11:49:19,S,85.35,6,2813
2021-06-15 11:49:25,S,85.5,9,898
2021-06-15 11:49:25,S,85.55,8,456
2021-06-15 11:49:25,S,85.7,8,4254
2021-06-15 11:49:25,S,85.4,4,5851
2021-06-15 11:49:25,S,85.35,5,1813
2021-06-15 11:49:25,S,85.3,6,4178
2021-06-15 11:49:31,S,85.45,1,1
2021-06-15 11:49:31,S,85.5,10,1131
2021-06-15 11:49:31,S,85.55,9,536
2021-06-15 11:49:31,S,85.6,7,5278
2021-06-15 11:49:31,S,85.4,5,5908
2021-06-15 11:49:31,S,85.35,4,1756
2021-06-15 11:49:31,S,85.2,7,6803
2021-06-15 11:51:56,S,85.5,11,1085
2021-06-15 11:52:13,S,85.5,12,1086
2021-06-15 11:52:13,S,85.55,10,922
2021-06-15 11:52:13,S,85.6,8,5764
2021-06-15 11:52:13,S,85.65,6,927
2021-06-15 11:52:13,S,85.4,3,4680
2021-06-15 11:52:13,S,85.35,6,2808
2021-06-15 11:52:13,S,85.25,5,3404
2021-06-15 11:52:13,S,85.2,8,7303
2021-06-15 11:52:16,S,85.55,7,256
2021-06-15 11:52:16,S,85.6,5,3228
2021-06-15 11:52:16,S,85.5,4,1682
2021-06-15 11:52:16,S,85.4,5,5390
2021-06-15 11:52:16,S,85.25,4,3304
2021-06-15 11:52:18,S,85.5,4,1676
2021-06-15 11:52:18,S,85.3,8,4778
2021-06-15 11:52:38,S,85.55,1,911
2021-06-15 11:52:48,S,85.6,4,521
2021-06-15 11:52:45,S,85.55,1,10
2021-06-15 11:52:45,S,85.6,3,520
2021-06-15 11:52:45,S,85.5,2,647
2021-06-15 11:52:45,S,85.3,7,4278
2021-06-15 11:52:40,S,85.65,5,405
2021-06-15 11:52:40,S,85.7,10,5221
2021-06-15 11:52:32,S,85.55,1,912
2021-06-15 11:53:15,S,85.7,11,4756
2021-06-15 11:52:58,S,85.65,7,407
2021-06-15 11:52:58,S,85.45,4,987
2021-06-15 11:52:27,S,85.55,1,913
2021-06-15 11:53:08,S,85.6,6,523
2021-06-15 11:53:08,S,85.65,8,408
2021-06-15 11:53:08,S,85.45,5,1013
2021-06-15 11:53:08,S,85.4,6,7250
2021-06-15 11:52:24,S,85.6,4,1289
2021-06-15 11:52:24,S,85.65,5,400
2021-06-15 11:52:24,S,85.55,1,914
2021-06-15 11:52:24,S,85.5,3,762
2021-06-15 11:52:43,S,85.6,5,1350
2021-06-15 11:52:43,S,85.65,6,883
2021-06-15 11:52:43,S,85.8,8,5405
2021-06-15 11:52:43,S,85.55,1,910
2021-06-15 11:52:43,S,85.5,4,828
2021-06-15 11:52:43,S,85.45,3,776
2021-06-15 11:52:43,S,85.4,6,5456
2021-06-15 11:52:43,S,85.35,5,2331
2021-06-15 11:52:53,S,85.6,5,522
2021-06-15 11:52:53,S,85.65,6,905
2021-06-15 11:52:53,S,85.7,9,4754
2021-06-15 11:52:53,S,85.75,7,996
2021-06-15 11:52:53,S,85.8,8,5471
2021-06-15 11:52:53,S,85.45,3,930
2021-06-15 11:52:53,S,85.4,7,7307
2021-06-15 11:52:53,S,85.35,6,2363
2021-06-15 11:52:53,S,85.3,8,4310
2021-06-15 11:52:53,S,85.25,6,3436
2021-06-15 11:58:53,S,85.55,3,247
2021-06-15 11:58:53,S,85.6,8,1028
2021-06-15 11:58:53,S,85.45,1,450
2021-06-15 11:58:54,S,85.6,7,971
2021-06-15 11:58:54,S,85.65,8,631
2021-06-15 11:58:59,S,85.6,7,579
2021-06-15 11:58:59,S,85.65,10,1135
2021-06-15 11:59:15,S,85.55,3,197
2021-06-15 11:59:15,S,85.6,8,1053
2021-06-15 11:59:15,S,85.65,9,688
2021-06-15 11:59:15,S,85.7,9,4085
2021-06-15 11:59:15,S,85.75,8,997
2021-06-15 11:59:15,S,85.45,2,655
2021-06-15 11:59:15,S,85.4,5,4707
2021-06-15 11:59:15,S,85.35,5,2308
2021-06-15 11:59:15,S,85.3,6,3764
2021-06-15 12:03:40,S,85.5,2,134
2021-06-15 12:03:40,S,85.55,9,1001
2021-06-15 12:03:40,S,85.6,9,2259
2021-06-15 12:03:40,S,85.45,4,458
2021-06-15 12:03:40,S,85.4,6,5065
2021-06-15 12:03:40,S,85.35,5,2298
2021-06-15 12:03:40,S,85.3,6,4145
2021-06-15 12:03:40,S,85.25,5,3390
2021-06-15 12:06:24,S,85.5,3,1601
2021-06-15 12:06:24,S,85.6,10,2759
2021-06-15 12:06:24,S,85.7,12,4695
2021-06-15 12:06:24,S,85.35,3,1733
2021-06-15 12:06:24,S,85.3,7,4237
2021-06-15 12:06:24,S,85.25,5,3363
2021-06-15 12:06:24,S,85.2,9,7362
2021-06-15 12:06:24,S,85.15,5,997
2021-06-15 12:07:42,S,85.4,1,50
2021-06-15 12:07:42,S,85.3,2,1777
2021-06-15 12:07:42,S,85.25,6,3301
2021-06-15 12:07:53,S,85.4,2,267
2021-06-15 12:07:53,S,85.45,3,10668
2021-06-15 12:07:53,S,85.35,1,15
2021-06-15 12:07:53,S,85.3,5,2047
2021-06-15 12:07:53,S,85.25,5,3303
2021-06-15 12:07:54,S,85.45,4,10707
2021-06-15 12:07:54,S,85.25,6,3335
2021-06-15 12:07:59,S,85.4,3,694
2021-06-15 12:07:59,S,85.45,3,10257
2021-06-15 12:08:04,S,85.4,2,257
2021-06-15 12:08:04,S,85.3,2,1772
2021-06-15 12:08:04,S,85.25,6,3311
2021-06-15 12:08:08,S,85.45,1,10000
2021-06-15 12:08:08,S,85.5,5,3450
2021-06-15 12:08:08,S,85.55,9,1051
2021-06-15 12:08:10,S,85.45,2,10459
2021-06-15 12:08:10,S,85.65,10,909
2021-06-15 12:08:10,S,85.3,4,2306
2021-06-15 12:08:10,S,85.25,5,2870
2021-06-15 12:08:15,S,85.4,1,230
2021-06-15 12:08:15,S,85.45,4,10713
2021-06-15 12:08:15,S,85.5,6,3489
2021-06-15 12:08:15,S,85.55,9,1071
2021-06-15 12:08:15,S,85.6,11,2764
2021-06-15 12:08:15,S,85.3,3,1872
2021-06-15 12:08:15,S,85.25,6,3336
2021-06-15 12:08:15,S,85.2,7,3893
2021-06-15 12:08:15,S,85.15,4,826
2021-06-15 12:08:15,S,85.1,6,4346
2021-06-15 12:49:42,S,85.6,3,539
2021-06-15 12:49:44,S,85.8,10,4545
2021-06-15 12:49:44,S,85.6,4,552
2021-06-15 12:49:44,S,85.55,4,547
2021-06-15 12:49:47,S,85.6,3,548
2021-06-15 12:49:47,S,85.55,4,464
2021-06-15 12:49:47,S,85.45,2,272
2021-06-15 12:49:59,S,85.75,2,736
2021-06-15 12:49:59,S,85.8,9,4525
2021-06-15 12:49:59,S,85.85,3,748
2021-06-15 12:49:59,S,85.9,5,2636
2021-06-15 12:49:59,S,85.6,5,752
2021-06-15 12:49:59,S,85.55,5,994
2021-06-15 12:49:59,S,85.5,4,1964
2021-06-15 12:49:59,S,85.45,3,772
2021-06-15 12:49:59,S,85.4,4,2059
2021-06-15 12:50:06,S,85.65,1,12398
2021-06-15 12:50:06,S,85.6,4,748
2021-06-15 12:50:06,S,85.5,5,2064
2021-06-15 12:50:10,S,85.75,1,300
2021-06-15 12:50:10,S,85.85,1,71
2021-06-15 12:50:10,S,85.9,4,1116
2021-06-15 12:50:10,S,85.7,4,930
2021-06-15 12:50:10,S,85.65,3,12705
2021-06-15 12:50:10,S,85.55,3,258
2021-06-15 12:50:10,S,85.5,6,2065
2021-06-15 12:50:13,S,85.8,6,2440
2021-06-15 12:50:13,S,85.9,3,671
2021-06-15 12:50:13,S,85.95,5,850
2021-06-15 12:50:13,S,86.0,15,5624
2021-06-15 12:50:13,S,85.75,3,930
2021-06-15 12:50:13,S,85.7,3,12585
2021-06-15 12:50:17,S,85.8,4,2205
2021-06-15 12:50:17,S,85.9,4,673
2021-06-15 12:50:17,S,85.95,3,172
2021-06-15 12:50:17,S,86.0,14,4002
2021-06-15 12:50:17,S,86.05,5,957
2021-06-15 12:50:17,S,85.75,3,13039
2021-06-15 12:50:17,S,85.7,2,323
2021-06-15 12:50:17,S,85.65,3,478
2021-06-15 12:50:17,S,85.6,5,860
2021-06-15 12:50:17,S,85.55,5,858
2021-06-15 12:51:28,S,85.65,3,620
2021-06-15 12:51:28,S,85.85,3,807
2021-06-15 12:51:28,S,85.5,6,458
2021-06-15 12:51:28,S,85.45,5,1025
2021-06-15 12:51:28,S,85.35,3,366
2021-06-15 12:51:29,S,85.65,2,464
2021-06-15 12:51:34,S,85.4,4,2190
2021-06-15 12:51:54,S,85.6,1,1
2021-06-15 12:51:54,S,85.65,4,1043
2021-06-15 12:51:54,S,85.7,4,2109
2021-06-15 12:51:54,S,85.75,3,783
2021-06-15 12:51:54,S,85.8,9,5873
2021-06-15 12:51:54,S,85.5,7,459
2021-06-15 12:51:54,S,85.45,5,1011
2021-06-15 12:51:54,S,85.4,3,2090
2021-06-15 12:51:54,S,85.35,4,866
2021-06-15 12:51:54,S,85.3,8,3991
2021-06-15 13:58:45,S,85.0,10,5857
2021-06-15 13:58:49,S,84.95,5,1069
2021-06-15 13:58:49,S,84.75,9,1495
2021-06-15 13:58:49,S,84.65,3,836
2021-06-15 13:58:55,S,84.85,2,312
2021-06-15 13:59:03,S,84.9,1,287
2021-06-15 13:59:03,S,84.95,4,746
2021-06-15 13:59:03,S,84.8,10,3733
2021-06-15 13:59:03,S,84.7,16,2845
2021-06-15 13:59:05,S,84.85,2,195
2021-06-15 13:59:11,S,84.9,1,187
2021-06-15 13:59:11,S,84.95,4,747
2021-06-15 13:59:11,S,85.0,10,5584
2021-06-15 13:59:11,S,84.8,9,3579
2021-06-15 13:59:13,S,84.9,2,87
2021-06-15 13:59:13,S,85.0,9,5534
2021-06-15 13:59:13,S,84.85,4,246
2021-06-15 13:59:13,S,84.8,9,3732
2021-06-15 13:59:13,S,84.75,10,1515
2021-06-15 13:59:16,S,84.75,8,1452
2021-06-15 13:59:19,S,84.9,3,244
2021-06-15 13:59:19,S,85.0,10,9534
2021-06-15 13:59:19,S,85.05,5,821
2021-06-15 13:59:19,S,84.8,8,3106
2021-06-15 13:59:21,S,84.95,4,944
2021-06-15 13:59:27,S,84.9,3,484
2021-06-15 13:59:27,S,84.95,5,1075
2021-06-15 13:59:27,S,85.0,12,9576
2021-06-15 13:59:27,S,84.7,15,2745
2021-06-15 13:59:33,S,84.9,3,284
2021-06-15 13:59:33,S,84.95,5,1044
2021-06-15 13:59:33,S,84.85,2,235
2021-06-15 13:59:33,S,84.8,9,3260
2021-06-15 13:59:36,S,84.9,3,208
2021-06-15 13:59:36,S,85.0,13,10576
2021-06-15 13:59:37,S,84.95,4,913
2021-06-15 13:59:37,S,85.0,12,10445
2021-06-15 13:59:37,S,84.85,3,245
2021-06-15 13:59:41,S,84.9,2,108
2021-06-15 13:59:41,S,84.95,3,309
2021-06-15 13:59:41,S,84.85,4,314
2021-06-15 13:59:41,S,84.8,10,3722
2021-06-15 13:59:45,S,84.9,1,50
2021-06-15 13:59:45,S,84.95,2,178
2021-06-15 13:59:45,S,85.0,12,6576
2021-06-15 13:59:45,S,85.1,4,1936
2021-06-15 13:59:45,S,84.85,6,760
2021-06-15 13:59:45,S,84.8,9,5259
2021-06-15 13:59:45,S,84.7,14,912
2021-06-15 13:59:46,S,85.2,4,2095
2021-06-15 13:59:46,S,84.85,5,575
2021-06-15 13:59:57,S,85.0,9,4793
2021-06-15 13:59:57,S,84.85,4,565
2021-06-15 13:59:58,S,85.0,10,4924
2021-06-15 13:59:58,S,85.2,5,6095
2021-06-15 13:59:58,S,84.85,2,465
2021-06-15 14:00:04,S,85.0,11,7164
2021-06-15 14:00:04,S,84.9,1,20
2021-06-15 14:00:04,S,84.85,2,516
2021-06-15 14:00:04,S,84.8,12,5537
2021-06-15 14:00:07,S,84.95,2,185
2021-06-15 14:00:07,S,84.85,3,506
2021-06-15 14:00:07,S,84.8,11,5494
2021-06-15 14:00:09,S,85.0,11,7165
2021-06-15 14:00:09,S,84.85,2,60
2021-06-15 14:00:09,S,84.8,11,5779
2021-06-15 14:00:09,S,84.75,8,1395
2021-06-15 14:00:09,S,84.7,15,2473
2021-06-15 14:00:11,S,84.8,11,5350
2021-06-15 14:00:11,S,84.7,14,2410
2021-06-15 14:00:17,S,84.85,2,503
2021-06-15 14:00:17,S,84.9,2,315
2021-06-15 14:00:17,S,84.95,3,316
2021-06-15 14:00:17,S,85.0,12,6770
2021-06-15 14:00:17,S,84.8,12,5400
2021-06-15 14:00:17,S,84.75,8,1808
2021-06-15 14:00:17,S,84.7,15,2453
2021-06-15 14:00:17,S,84.65,4,936
2021-06-15 14:00:17,S,84.6,17,4908
2021-06-15 14:00:19,S,84.85,4,607
2021-06-15 14:00:19,S,84.7,13,591
2021-06-15 14:00:19,S,84.6,14,1391
2021-06-15 14:00:20,S,84.55,12,1772
2021-06-15 14:00:25,S,85.0,10,6728
2021-06-15 14:00:28,S,84.8,4,769
2021-06-15 14:00:28,S,84.7,13,588
2021-06-15 14:00:28,S,84.6,16,1912
2021-06-15 14:00:32,S,84.8,4,740
2021-06-15 14:00:32,S,84.85,3,604
2021-06-15 14:00:32,S,84.9,5,1914
2021-06-15 14:00:32,S,84.95,3,815
2021-06-15 14:00:32,S,85.0,11,10728
2021-06-15 14:00:32,S,84.7,14,589
2021-06-15 14:00:32,S,84.65,1,100
2021-06-15 14:00:32,S,84.6,15,1869
2021-06-15 14:00:32,S,84.55,13,2272
2021-06-15 14:00:32,S,84.5,61,11729
2021-06-15 14:00:37,S,84.7,2,1088
2021-06-15 14:00:37,S,84.5,61,11721
2021-06-15 14:00:39,S,84.7,1,427
2021-06-15 14:00:39,S,84.6,15,1401
2021-06-15 14:00:43,S,84.7,2,558
2021-06-15 14:00:43,S,84.75,4,758
2021-06-15 14:00:43,S,84.6,16,1501
2021-06-15 14:00:48,S,84.7,3,584
2021-06-15 14:00:48,S,84.55,13,2224
2021-06-15 14:00:52,S,84.7,4,784
2021-06-15 14:00:52,S,84.75,4,767
2021-06-15 14:00:52,S,84.55,12,2181
2021-06-15 14:00:54,S,84.7,4,684
2021-06-15 14:00:54,S,84.75,3,316
2021-06-15 14:00:54,S,84.8,3,575
2021-06-15 14:00:54,S,84.85,5,823
2021-06-15 14:00:54,S,84.9,3,1872
2021-06-15 14:00:54,S,84.6,18,2070
2021-06-15 14:00:54,S,84.55,12,1868
2021-06-15 14:00:54,S,84.5,63,11841
2021-06-15 14:00:54,S,84.4,7,4124
2021-06-15 14:00:57,S,84.7,5,1684
2021-06-15 14:00:57,S,84.75,4,775
2021-06-15 14:00:57,S,84.8,3,320
2021-06-15 14:00:57,S,84.85,6,857
2021-06-15 14:00:57,S,84.6,17,1601
2021-06-15 14:00:57,S,84.55,12,2281
2021-06-15 14:01:00,S,84.7,4,1253
2021-06-15 14:01:00,S,84.55,11,1825
2021-06-15 14:01:04,S,84.7,5,1384
2021-06-15 14:01:04,S,84.75,4,772
2021-06-15 14:01:04,S,84.8,3,2033
2021-06-15 14:01:04,S,84.85,6,4823
2021-06-15 14:01:04,S,84.9,4,1906
2021-06-15 14:01:04,S,84.6,16,1333
2021-06-15 14:01:04,S,84.55,12,2270
2021-06-15 14:01:04,S,84.4,8,4144
2021-06-15 14:01:05,S,84.85,1,1854
2021-06-15 14:01:05,S,84.9,4,1783
2021-06-15 14:01:05,S,84.95,4,487
2021-06-15 14:01:05,S,84.65,5,1194
2021-06-15 14:01:05,S,84.6,16,1476
2021-06-15 14:01:09,S,84.85,2,419
2021-06-15 14:01:09,S,84.9,3,1871
2021-06-15 14:01:09,S,84.65,6,1195
2021-06-15 14:01:09,S,84.6,18,3349
2021-06-15 14:01:09,S,84.5,62,11821
2021-06-15 14:01:14,S,84.65,7,1220
2021-06-15 14:01:17,S,85.0,12,6263
2021-06-15 14:01:17,S,84.65,6,1219
2021-06-15 14:01:17,S,84.5,63,11911
2021-06-15 14:01:17,S,84.45,7,1083
2021-06-15 14:01:19,S,84.9,3,603
2021-06-15 14:01:19,S,84.95,7,997
2021-06-15 14:01:19,S,84.75,3,486
2021-06-15 14:01:19,S,84.7,4,669
2021-06-15 14:01:22,S,84.9,2,314
2021-06-15 14:01:22,S,85.05,4,853
2021-06-15 14:01:22,S,84.75,2,476
2021-06-15 14:01:22,S,84.55,13,2368
2021-06-15 14:01:24,S,84.7,6,2822
2021-06-15 14:01:27,S,84.8,2,507
2021-06-15 14:01:32,S,85.0,13,6727
2021-06-15 14:01:32,S,85.15,5,1313
2021-06-15 14:01:32,S,84.85,1,50
2021-06-15 14:01:32,S,84.8,1,463
2021-06-15 14:01:32,S,84.75,2,45
2021-06-15 14:01:35,S,84.85,1,1450
2021-06-15 14:01:35,S,84.95,6,646
2021-06-15 14:01:35,S,85.0,10,6228
2021-06-15 14:01:35,S,84.75,2,461
2021-06-15 14:01:35,S,84.7,6,2798
2021-06-15 14:01:35,S,84.65,3,697
2021-06-15 14:01:35,S,84.6,19,4349
2021-06-15 14:01:35,S,84.55,14,2768
2021-06-15 14:01:37,S,84.9,2,179
2021-06-15 14:01:37,S,84.95,4,604
2021-06-15 14:01:37,S,85.0,12,6270
2021-06-15 14:01:37,S,84.7,5,2754
2021-06-15 14:01:37,S,84.65,3,687
2021-06-15 14:01:40,S,84.9,2,306
2021-06-15 14:01:40,S,84.95,5,605
2021-06-15 14:01:40,S,85.0,13,6320
2021-06-15 14:01:40,S,85.05,4,1120
2021-06-15 14:01:42,S,84.7,6,2764
2021-06-15 14:01:45,S,84.95,7,647
2021-06-15 14:01:45,S,85.05,4,820
2021-06-15 14:01:45,S,84.75,2,11
2021-06-15 14:01:45,S,84.7,7,2810
2021-06-15 14:01:47,S,84.75,3,31
2021-06-15 14:01:52,S,84.75,6,702
2021-06-15 14:01:55,S,84.9,3,307
2021-06-15 14:01:55,S,84.75,4,511
2021-06-15 14:01:55,S,84.6,20,4383
2021-06-15 14:02:00,S,84.9,3,272
2021-06-15 14:02:00,S,84.95,8,708
2021-06-15 14:02:00,S,85.0,11,6278
2021-06-15 14:02:00,S,85.1,6,2014
2021-06-15 14:02:00,S,84.75,6,964
2021-06-15 14:02:00,S,84.7,6,2710
2021-06-15 14:02:00,S,84.65,3,699
2021-06-15 14:02:00,S,84.6,20,4283
2021-06-15 14:02:00,S,84.55,15,2802
2021-06-15 14:02:00,S,84.9,5,2436
2021-06-15 14:02:00,S,84.95,6,877
2021-06-15 14:02:00,S,84.5,62,8052
2021-06-15 14:02:00,S,84.45,6,1022
2021-06-15 14:02:05,S,84.7,3,625
2021-06-15 14:02:05,S,84.75,2,13802
2021-06-15 14:02:05,S,84.55,12,2225
2021-06-15 14:02:05,S,84.5,63,8096
2021-06-15 14:02:08,S,84.7,4,706
2021-06-15 14:02:08,S,84.75,4,13982
2021-06-15 14:02:08,S,84.8,2,468
2021-06-15 14:02:08,S,84.85,4,685
2021-06-15 14:02:08,S,84.9,5,2647
2021-06-15 14:02:08,S,84.6,16,2223
2021-06-15 14:02:08,S,84.55,13,2226
2021-06-15 14:02:08,S,84.5,64,8572
2021-06-15 14:02:08,S,84.45,7,1066
2021-06-15 14:02:08,S,84.4,10,4254
2021-06-15 14:02:13,S,84.85,3,595
2021-06-15 14:02:15,S,84.85,3,495
2021-06-15 14:02:15,S,84.9,6,1241
2021-06-15 14:02:20,S,84.85,3,575
2021-06-15 14:02:20,S,84.9,5,1146
2021-06-15 14:02:20,S,84.95,5,665
2021-06-15 14:02:20,S,84.75,2,60
2021-06-15 14:02:20,S,84.7,3,586
2021-06-15 14:02:20,S,84.6,18,2427
2021-06-15 14:02:25,S,84.9,2,651
2021-06-15 14:02:25,S,84.95,7,402
2021-06-15 14:02:25,S,85.0,12,6778
2021-06-15 14:02:25,S,84.75,4,647
2021-06-15 14:02:25,S,84.7,4,2207
2021-06-15 14:02:25,S,84.55,14,2776
2021-06-15 14:02:30,S,84.9,2,2706
2021-06-15 14:02:30,S,84.95,7,1110
2021-06-15 14:02:30,S,85.0,13,4233
2021-06-15 14:02:30,S,85.05,4,990
2021-06-15 14:02:30,S,85.1,5,2013
2021-06-15 14:02:30,S,84.8,2,470
2021-06-15 14:02:30,S,84.75,3,205
2021-06-15 14:02:30,S,84.7,6,4178
2021-06-15 14:02:30,S,84.65,3,704
2021-06-15 14:02:34,S,84.9,4,2207
2021-06-15 14:02:34,S,84.8,2,110
2021-06-15 14:02:35,S,84.9,4,2102
2021-06-15 14:02:35,S,84.95,6,397
2021-06-15 14:02:35,S,85.0,11,4203
2021-06-15 14:02:35,S,85.05,3,819
2021-06-15 14:02:35,S,84.75,4,194
2021-06-15 14:02:35,S,84.55,12,2276
2021-06-15 14:02:40,S,84.95,2,234
2021-06-15 14:02:40,S,84.8,4,616
2021-06-15 14:02:40,S,84.7,6,4181
2021-06-15 14:02:41,S,84.7,7,4186
2021-06-15 14:02:44,S,84.9,2,676
2021-06-15 14:02:44,S,84.95,4,654
2021-06-15 14:02:44,S,85.05,5,861
2021-06-15 14:02:44,S,84.8,2,11
2021-06-15 14:02:47,S,84.95,3,600
2021-06-15 14:02:47,S,85.0,11,4012
2021-06-15 14:02:47,S,85.05,5,650
2021-06-15 14:02:47,S,84.8,4,605
2021-06-15 14:02:47,S,84.75,2,183
2021-06-15 14:02:47,S,84.6,19,4272
2021-06-15 14:02:48,S,85.0,9,2267
2021-06-15 14:02:48,S,85.05,5,836
2021-06-15 14:02:48,S,84.85,3,689
2021-06-15 14:02:48,S,84.75,3,683
2021-06-15 14:02:52,S,85.0,10,2398
2021-06-15 14:02:52,S,85.05,6,837
2021-06-15 14:02:52,S,84.85,2,679
2021-06-15 14:02:52,S,84.8,3,221
2021-06-15 14:02:52,S,84.75,4,749
2021-06-15 14:02:52,S,84.7,6,4130
2021-06-15 14:02:52,S,84.65,3,709
2021-06-15 14:02:54,S,85.0,12,2438
2021-06-15 14:02:54,S,85.05,4,609
2021-06-15 14:02:58,S,85.0,10,1887
2021-06-15 14:02:58,S,85.05,3,320
2021-06-15 14:02:58,S,84.85,1,4
2021-06-15 14:02:58,S,84.8,3,205
2021-06-15 14:02:58,S,84.75,4,248
2021-06-15 14:02:58,S,84.65,2,653
2021-06-15 14:03:00,S,85.0,9,1628
2021-06-15 14:03:00,S,85.05,7,820
2021-06-15 14:03:00,S,85.1,4,1979
2021-06-15 14:03:00,S,85.15,4,1279
2021-06-15 14:03:00,S,85.2,6,4146
2021-06-15 14:03:00,S,84.8,5,369
2021-06-15 14:03:05,S,85.0,6,1387
2021-06-15 14:03:05,S,85.05,3,478
2021-06-15 14:03:05,S,85.1,3,1804
2021-06-15 14:03:07,S,85.0,4,1247
2021-06-15 14:03:07,S,85.15,3,1146
2021-06-15 14:03:09,S,85.0,3,878
2021-06-15 14:03:09,S,85.05,3,608
2021-06-15 14:03:09,S,85.1,6,1977
2021-06-15 14:03:09,S,84.8,4,305
2021-06-15 14:03:09,S,84.75,5,748
2021-06-15 14:03:09,S,84.65,3,745
2021-06-15 14:03:09,S,84.6,17,3972
2021-06-15 14:03:11,S,84.85,1,120
2021-06-15 14:03:11,S,84.95,3,178
2021-06-15 14:03:11,S,85.05,2,42
2021-06-15 14:03:11,S,84.75,3,184
2021-06-15 14:03:12,S,85.0,3,921
2021-06-15 14:03:12,S,84.8,2,121
2021-06-15 14:03:12,S,84.75,4,684
2021-06-15 14:03:15,S,84.8,3,198
2021-06-15 14:03:15,S,84.7,7,4194
2021-06-15 14:03:19,S,84.95,2,181
2021-06-15 14:03:19,S,85.0,4,1052
2021-06-15 14:03:19,S,85.05,4,507
2021-06-15 14:03:19,S,84.8,4,298
2021-06-15 14:03:19,S,84.6,18,4006
2021-06-15 14:03:20,S,84.95,2,225
2021-06-15 14:03:20,S,85.0,5,932
2021-06-15 14:03:20,S,85.05,4,349
2021-06-15 14:03:20,S,85.15,4,1320
2021-06-15 14:03:20,S,84.85,2,1855
2021-06-15 14:03:20,S,84.8,3,297
2021-06-15 14:03:20,S,84.65,4,779
2021-06-15 14:03:26,S,84.95,1,50
2021-06-15 14:03:26,S,85.0,4,931
2021-06-15 14:03:26,S,85.05,5,350
2021-06-15 14:03:26,S,85.1,4,1935
2021-06-15 14:03:26,S,85.15,3,820
2021-06-15 14:03:26,S,84.9,2,2501
2021-06-15 14:03:26,S,84.85,2,2008
2021-06-15 14:03:26,S,84.7,6,4094
2021-06-15 14:03:27,S,84.8,4,581
2021-06-15 14:03:30,S,85.05,2,306
2021-06-15 14:03:30,S,84.85,5,2680
2021-06-15 14:03:33,S,85.1,4,231
2021-06-15 14:03:33,S,84.95,1,2350
2021-06-15 14:03:36,S,85.0,2,1149
2021-06-15 14:03:36,S,85.1,3,100
2021-06-15 14:03:36,S,85.15,5,862
2021-06-15 14:03:36,S,85.2,5,4112
2021-06-15 14:03:36,S,85.25,5,1590
2021-06-15 14:03:38,S,85.0,2,1150
2021-06-15 14:03:38,S,85.05,1,175
2021-06-15 14:03:38,S,85.1,3,178
2021-06-15 14:03:38,S,85.15,2,646
2021-06-15 14:03:38,S,85.2,6,3969
2021-06-15 14:03:38,S,84.85,6,2690
2021-06-15 14:03:38,S,84.8,5,631
2021-06-15 14:03:40,S,84.9,2,2653
2021-06-15 14:03:44,S,85.1,1,2
2021-06-15 14:03:44,S,85.15,3,647
2021-06-15 14:03:44,S,85.2,3,2211
2021-06-15 14:03:44,S,85.25,6,958
2021-06-15 14:03:44,S,85.3,7,3971
2021-06-15 14:03:44,S,84.8,4,342
2021-06-15 14:03:46,S,85.0,1,1550
2021-06-15 14:03:49,S,85.0,2,1704
2021-06-15 14:03:49,S,84.95,5,3145
2021-06-15 14:03:55,S,85.2,4,528
2021-06-15 14:03:55,S,85.25,3,817
2021-06-15 14:03:55,S,85.3,7,2216
2021-06-15 14:03:55,S,85.1,1,300
2021-06-15 14:03:59,S,85.15,1,148
2021-06-15 14:03:59,S,85.2,3,397
2021-06-15 14:03:59,S,85.3,8,2347
2021-06-15 14:03:59,S,85.35,4,831
2021-06-15 14:03:59,S,85.1,1,298
2021-06-15 14:03:59,S,85.0,3,1770
2021-06-15 14:03:59,S,84.95,4,3068
2021-06-15 14:04:01,S,85.2,4,438
2021-06-15 14:04:01,S,85.25,2,686
2021-06-15 14:04:01,S,85.35,5,931
2021-06-15 14:04:01,S,84.95,3,2568
2021-06-15 14:04:03,S,85.1,2,1001
2021-06-15 14:04:03,S,85.15,5,1184
2021-06-15 14:04:03,S,85.25,3,1186
2021-06-15 14:04:03,S,84.95,3,2894
2021-06-15 14:04:03,S,84.9,3,4367
2021-06-15 14:04:03,S,84.75,6,1256
2021-06-15 14:04:06,S,85.1,2,1131
2021-06-15 14:04:06,S,84.95,3,2579
2021-06-15 14:04:08,S,85.1,3,1231
2021-06-15 14:04:08,S,85.15,6,1174
2021-06-15 14:04:08,S,84.9,4,4433
2021-06-15 14:04:08,S,84.85,6,2683
2021-06-15 14:04:12,S,85.1,2,1100
2021-06-15 14:04:12,S,85.15,6,1148
2021-06-15 14:04:12,S,85.25,6,1402
2021-06-15 14:04:12,S,85.3,6,2305
2021-06-15 14:04:12,S,85.0,1,2000
2021-06-15 14:04:12,S,84.95,3,2953
2021-06-15 14:04:12,S,84.9,3,2719
2021-06-15 14:04:12,S,84.85,5,2673
2021-06-15 14:04:15,S,85.1,6,1845
2021-06-15 14:04:16,S,85.0,1,469
2021-06-15 14:04:18,S,84.9,4,3241
2021-06-15 14:04:18,S,84.85,4,2608
2021-06-15 14:04:23,S,85.0,2,619
2021-06-15 14:04:23,S,85.05,3,783
2021-06-15 14:04:23,S,85.1,5,1407
2021-06-15 14:04:23,S,85.2,6,2307
2021-06-15 14:04:23,S,84.85,6,3106
2021-06-15 14:04:23,S,84.8,5,2026
2021-06-15 14:04:24,S,84.75,7,1266
2021-06-15 14:04:27,S,85.0,2,618
2021-06-15 14:04:27,S,85.05,4,757
2021-06-15 14:04:27,S,85.1,7,3051
2021-06-15 14:04:27,S,84.95,1,2349
2021-06-15 14:04:27,S,84.9,4,3245
2021-06-15 14:04:29,S,85.1,2,1050
2021-06-15 14:04:29,S,85.15,5,712
2021-06-15 14:04:29,S,85.25,5,882
2021-06-15 14:04:29,S,85.0,2,2120
2021-06-15 14:04:29,S,84.95,2,2502
2021-06-15 14:04:32,S,84.9,3,2788
2021-06-15 14:04:40,S,85.1,4,1182
2021-06-15 14:04:41,S,85.1,4,1082
2021-06-15 14:04:41,S,85.2,6,2277
2021-06-15 14:04:41,S,85.25,4,1360
2021-06-15 14:04:41,S,85.3,7,3928
2021-06-15 14:04:41,S,84.75,8,1318
2021-06-15 14:04:46,S,85.05,1,500
2021-06-15 14:04:46,S,85.15,5,1149
2021-06-15 14:04:47,S,85.05,1,495
2021-06-15 14:04:52,S,85.05,1,493
2021-06-15 14:04:52,S,85.0,1,2500
2021-06-15 14:04:52,S,84.95,2,2122
2021-06-15 14:04:54,S,85.1,6,1691
2021-06-15 14:04:54,S,85.15,4,711
2021-06-15 14:04:54,S,85.2,4,2265
2021-06-15 14:04:54,S,85.25,6,1382
2021-06-15 14:04:54,S,85.0,1,1500
2021-06-15 14:04:54,S,84.95,1,1969
2021-06-15 14:04:54,S,84.9,4,2854
2021-06-15 14:04:54,S,84.8,5,2126
2021-06-15 14:04:55,S,85.3,4,588
2021-06-15 14:04:55,S,85.05,3,565
2021-06-15 14:04:55,S,85.0,2,1653
2021-06-15 14:04:58,S,85.3,3,356
2021-06-15 14:04:58,S,85.15,3,630
2021-06-15 14:04:58,S,85.1,2,250
2021-06-15 14:04:58,S,85.0,3,3508
2021-06-15 14:05:01,S,85.3,4,488
2021-06-15 14:05:03,S,85.3,4,487
2021-06-15 14:05:03,S,85.45,3,254
2021-06-15 14:05:03,S,85.1,3,255
2021-06-15 14:05:03,S,85.0,4,3608
2021-06-15 14:05:03,S,84.95,5,2604
2021-06-15 14:05:05,S,85.35,4,550
2021-06-15 14:05:11,S,85.25,2,55
2021-06-15 14:05:11,S,85.3,3,485
2021-06-15 14:05:11,S,85.45,4,425
2021-06-15 14:05:11,S,85.15,3,575
2021-06-15 14:05:11,S,85.1,2,158
2021-06-15 14:05:14,S,85.25,4,347
2021-06-15 14:05:14,S,85.35,5,495
2021-06-15 14:05:14,S,85.4,4,1893
2021-06-15 14:05:14,S,85.45,5,925
2021-06-15 14:05:14,S,85.05,4,1065
2021-06-15 14:05:15,S,85.25,1,82
2021-06-15 14:05:15,S,84.95,5,2722
2021-06-15 14:05:15,S,84.9,6,4420
2021-06-15 14:05:18,S,85.3,2,196
2021-06-15 14:05:18,S,85.35,3,473
2021-06-15 14:05:18,S,85.4,6,1915
2021-06-15 14:05:18,S,85.45,4,754
2021-06-15 14:05:18,S,85.5,9,6985
2021-06-15 14:05:18,S,85.1,3,231
2021-06-15 14:05:18,S,85.05,5,1142
2021-06-15 14:05:18,S,85.0,5,3705
2021-06-15 14:05:18,S,84.95,6,3237
2021-06-15 14:05:18,S,84.9,5,4419
2021-06-15 14:05:24,S,85.25,5,953
2021-06-15 14:05:24,S,85.3,3,1858
2021-06-15 14:05:24,S,85.35,5,1319
2021-06-15 14:05:24,S,85.4,5,1927
2021-06-15 14:05:24,S,85.45,5,788
2021-06-15 14:05:24,S,85.1,4,557
2021-06-15 14:05:24,S,85.0,4,1850
2021-06-15 14:05:24,S,84.9,5,4386
2021-06-15 14:05:25,S,85.45,3,451
2021-06-15 14:05:25,S,85.25,2,946
2021-06-15 14:05:25,S,85.15,4,786
2021-06-15 14:05:25,S,85.1,4,830
2021-06-15 14:05:25,S,85.0,5,3570
2021-06-15 14:05:31,S,85.45,7,1118
2021-06-15 14:05:31,S,85.5,12,5610
2021-06-15 14:05:31,S,85.55,4,431
2021-06-15 14:05:31,S,85.65,4,1111
2021-06-15 14:05:31,S,85.25,3,948
2021-06-15 14:05:31,S,85.2,2,284
2021-06-15 14:05:31,S,85.15,4,809
2021-06-15 14:05:31,S,85.1,4,460
2021-06-15 14:05:31,S,85.05,4,1157
2021-06-15 14:05:33,S,85.25,4,763
2021-06-15 14:05:33,S,85.3,4,1897
2021-06-15 14:05:33,S,85.35,2,331
2021-06-15 14:05:33,S,85.4,6,2779
2021-06-15 14:05:33,S,85.15,1,25
2021-06-15 14:05:33,S,85.1,3,320
2021-06-15 14:05:33,S,85.0,4,3473
2021-06-15 14:05:33,S,84.95,4,2688
2021-06-15 14:05:35,S,85.4,3,562
2021-06-15 14:05:35,S,85.45,3,199
2021-06-15 14:05:35,S,85.0,5,3541
2021-06-15 14:05:39,S,85.4,5,704
2021-06-15 14:05:39,S,85.45,4,331
2021-06-15 14:05:39,S,85.5,11,7189
2021-06-15 14:05:39,S,85.25,2,6151
2021-06-15 14:05:39,S,85.2,2,444
2021-06-15 14:05:39,S,85.1,4,491
2021-06-15 14:05:39,S,85.05,4,969
2021-06-15 14:05:40,S,85.5,7,3560
2021-06-15 14:05:42,S,85.25,3,6371
2021-06-15 14:05:42,S,85.2,3,615
2021-06-15 14:05:47,S,85.45,4,299
2021-06-15 14:05:47,S,85.5,9,4138
2021-06-15 14:05:47,S,85.2,4,747
2021-06-15 14:05:49,S,85.45,7,1150
2021-06-15 14:05:49,S,85.65,4,938
2021-06-15 14:05:49,S,85.3,3,684
2021-06-15 14:05:49,S,85.2,3,458
2021-06-15 14:05:49,S,85.1,3,186
2021-06-15 14:05:54,S,85.4,2,255
2021-06-15 14:05:54,S,85.45,6,1140
2021-06-15 14:05:54,S,85.55,3,397
2021-06-15 14:05:54,S,85.3,2,157
2021-06-15 14:05:54,S,85.25,3,6305
2021-06-15 14:05:54,S,85.2,3,576
2021-06-15 14:05:54,S,85.15,4,812
2021-06-15 14:06:00,S,85.4,4,2243
2021-06-15 14:06:00,S,85.15,3,787
2021-06-15 14:06:00,S,85.05,5,1145
2021-06-15 14:06:04,S,85.5,7,3691
2021-06-15 14:06:11,S,85.4,5,2342
2021-06-15 14:06:11,S,85.45,5,690
2021-06-15 14:06:11,S,85.5,8,4091
2021-06-15 14:06:11,S,85.6,6,3996
2021-06-15 14:06:11,S,85.3,1,2
2021-06-15 14:06:11,S,85.25,2,5871
2021-06-15 14:06:13,S,85.35,3,1003
2021-06-15 14:06:15,S,85.35,3,859
2021-06-15 14:06:15,S,85.4,6,2029
2021-06-15 14:06:15,S,85.45,4,578
2021-06-15 14:06:15,S,85.5,9,5782
2021-06-15 14:06:15,S,85.25,1,5568
2021-06-15 14:06:15,S,85.15,4,977
2021-06-15 14:06:15,S,85.1,4,2081
2021-06-15 14:06:18,S,85.1,3,1940
2021-06-15 14:06:28,S,85.35,5,862
2021-06-15 14:06:28,S,85.45,3,576
2021-06-15 14:06:28,S,85.5,8,5532
2021-06-15 14:06:28,S,85.55,4,897
2021-06-15 14:06:28,S,85.25,1,5068
2021-06-15 14:06:28,S,85.15,3,845
2021-06-15 14:06:28,S,85.1,4,2072
2021-06-15 14:06:28,S,85.05,4,1144
2021-06-15 14:06:28,S,85.0,9,3693
2021-06-15 14:06:29,S,85.3,4,609
2021-06-15 14:06:29,S,85.35,2,554
2021-06-15 14:06:29,S,85.15,2,345
2021-06-15 14:06:29,S,85.1,3,638
2021-06-15 14:06:29,S,85.05,3,968
2021-06-15 14:06:36,S,85.3,5,741
2021-06-15 14:06:36,S,85.35,4,763
2021-06-15 14:06:36,S,85.4,7,3948
2021-06-15 14:06:36,S,85.5,7,5132
2021-06-15 14:06:36,S,85.05,4,1076
2021-06-15 14:06:38,S,85.35,5,1263
2021-06-15 14:06:40,S,85.0,8,3692
2021-06-15 14:06:43,S,85.0,6,3542
2021-06-15 14:06:49,S,85.25,2,2040
2021-06-15 14:06:49,S,85.3,5,578
2021-06-15 14:06:49,S,85.4,6,2381
2021-06-15 14:06:49,S,85.45,4,1187
2021-06-15 14:06:49,S,85.15,1,190
2021-06-15 14:06:49,S,85.05,3,600
2021-06-15 14:06:49,S,85.0,5,3442
2021-06-15 14:06:49,S,84.95,5,2788
2021-06-15 14:06:53,S,85.15,1,1377
2021-06-15 14:06:53,S,85.25,2,157
2021-06-15 14:06:53,S,85.0,4,3321
2021-06-15 14:06:53,S,84.95,4,2669
2021-06-15 14:06:53,S,85.0,6,3914
2021-06-15 14:07:00,S,85.15,1,977
2021-06-15 14:07:05,S,85.15,1,957
2021-06-15 14:07:07,S,85.15,1,457
2021-06-15 14:07:07,S,85.2,3,669
2021-06-15 14:07:12,S,85.05,4,1210
2021-06-15 14:07:12,S,85.0,5,3453
2021-06-15 14:07:16,S,85.2,4,801
2021-06-15 14:07:16,S,85.25,3,289
2021-06-15 14:07:16,S,85.3,4,576
2021-06-15 14:07:16,S,85.35,5,5040
2021-06-15 14:07:16,S,85.1,2,204
2021-06-15 14:07:16,S,85.0,6,3897
2021-06-15 14:07:16,S,84.95,5,2801
2021-06-15 14:07:18,S,85.15,2,462
2021-06-15 14:07:18,S,85.2,3,231
2021-06-15 14:07:18,S,85.3,2,286
2021-06-15 14:07:18,S,85.0,5,3760
2021-06-15 14:07:24,S,85.2,4,363
2021-06-15 14:07:24,S,85.05,3,768
2021-06-15 14:07:25,S,85.0,6,3761
2021-06-15 14:07:27,S,85.25,2,287
2021-06-15 14:07:27,S,85.3,3,575
2021-06-15 14:07:27,S,85.05,2,468
2021-06-15 14:07:27,S,85.0,5,2094
2021-06-15 14:07:27,S,84.95,6,2956
2021-06-15 14:07:27,S,84.9,7,6260
2021-06-15 14:07:30,S,85.1,2,202
2021-06-15 14:07:30,S,85.15,4,619
2021-06-15 14:07:30,S,85.2,2,287
2021-06-15 14:07:30,S,85.25,4,788
2021-06-15 14:07:30,S,84.95,6,2893
2021-06-15 14:07:30,S,84.9,6,6194
2021-06-15 14:07:36,S,85.05,2,257
2021-06-15 14:07:36,S,85.1,4,784
2021-06-15 14:07:36,S,85.15,5,751
2021-06-15 14:07:36,S,84.95,6,2876
2021-06-15 14:07:36,S,84.9,4,4339
2021-06-15 14:07:37,S,85.05,2,253
2021-06-15 14:07:37,S,85.1,4,657
2021-06-15 14:07:42,S,85.1,3,207
2021-06-15 14:07:42,S,85.15,4,746
2021-06-15 14:07:42,S,85.2,4,2152
2021-06-15 14:07:42,S,85.25,3,787
2021-06-15 14:07:42,S,85.0,3,1502
2021-06-15 14:07:42,S,84.95,5,2776
2021-06-15 14:07:42,S,84.8,10,4391
2021-06-15 14:07:45,S,85.15,2,285
2021-06-15 14:07:45,S,85.25,4,577
2021-06-15 14:07:52,S,85.0,4,1657
2021-06-15 14:07:52,S,84.95,5,2828
2021-06-15 14:07:55,S,85.2,3,289
2021-06-15 14:07:55,S,85.25,3,288
2021-06-15 14:07:55,S,85.3,3,1968
2021-06-15 14:07:55,S,85.35,5,1286
2021-06-15 14:07:55,S,85.4,5,3942
2021-06-15 14:07:55,S,85.05,3,607
2021-06-15 14:07:55,S,85.0,6,1866
2021-06-15 14:07:55,S,84.95,6,2960
2021-06-15 14:07:55,S,84.85,5,2674
2021-06-15 14:07:59,S,85.3,2,156
2021-06-15 14:07:59,S,85.35,4,1120
2021-06-15 14:07:59,S,85.45,6,1321
2021-06-15 14:07:59,S,85.5,9,6857
2021-06-15 14:07:59,S,85.1,4,756
2021-06-15 14:07:59,S,85.05,3,759
2021-06-15 14:07:59,S,85.0,7,3737
2021-06-15 14:07:59,S,84.95,7,3405
2021-06-15 14:07:59,S,84.9,6,4505
2021-06-15 14:08:04,S,85.2,3,613
2021-06-15 14:08:04,S,85.25,4,3863
2021-06-15 14:08:04,S,85.3,3,360
2021-06-15 14:08:04,S,84.95,4,2356
2021-06-15 14:08:04,S,84.8,11,4425
2021-06-15 14:08:06,S,85.25,3,3786
2021-06-15 14:08:06,S,84.95,2,2124
2021-06-15 14:08:09,S,84.8,12,4426
2021-06-15 14:08:16,S,85.3,4,649
2021-06-15 14:08:16,S,85.0,6,1497
2021-06-15 14:08:16,S,84.9,5,4471
2021-06-15 14:08:24,S,85.15,3,651
2021-06-15 14:08:24,S,85.0,5,1046
2021-06-15 14:08:24,S,84.95,5,3202
2021-06-15 14:08:24,S,85.0,6,1485
2021-06-15 14:08:27,S,85.15,2,551
2021-06-15 14:08:27,S,85.2,3,273
2021-06-15 14:08:27,S,85.0,7,1562
2021-06-15 14:08:27,S,84.85,7,2808
2021-06-15 14:08:27,S,84.8,13,4451
2021-06-15 14:08:33,S,85.2,2,141
2021-06-15 14:08:33,S,85.25,3,575
2021-06-15 14:08:33,S,85.0,8,1563
2021-06-15 14:08:33,S,84.8,12,4450
2021-06-15 14:08:37,S,85.2,3,607
2021-06-15 14:08:37,S,85.25,2,286
2021-06-15 14:08:37,S,85.3,5,6078
2021-06-15 14:08:37,S,85.0,8,1600
2021-06-15 14:08:37,S,84.85,8,3323
2021-06-15 14:08:37,S,84.8,11,4350
2021-06-15 14:08:38,S,85.25,4,1031
2021-06-15 14:08:38,S,85.0,8,1255
2021-06-15 14:08:40,S,85.25,3,742
2021-06-15 14:08:40,S,85.3,3,2150
2021-06-15 14:08:40,S,85.35,4,1186
2021-06-15 14:08:40,S,84.9,6,4481
2021-06-15 14:08:40,S,84.85,7,2709
2021-06-15 14:08:45,S,85.25,2,156
2021-06-15 14:08:45,S,85.3,3,718
2021-06-15 14:08:45,S,85.35,3,686
2021-06-15 14:08:45,S,85.4,5,2241
2021-06-15 14:08:45,S,85.45,7,2321
2021-06-15 14:08:45,S,85.05,3,615
2021-06-15 14:08:45,S,85.0,9,2255
2021-06-15 14:08:45,S,84.95,4,2756
2021-06-15 14:08:45,S,84.9,7,4887
2021-06-15 14:08:46,S,85.35,2,146
2021-06-15 14:08:46,S,85.45,2,156
2021-06-15 14:08:46,S,85.55,3,398
2021-06-15 14:08:46,S,85.6,6,4008
2021-06-15 14:08:46,S,85.05,6,932
2021-06-15 14:08:46,S,85.0,10,3864
2021-06-15 14:08:48,S,85.3,2,138
2021-06-15 14:08:48,S,85.4,1,154
2021-06-15 14:08:48,S,85.15,3,800
2021-06-15 14:08:48,S,85.1,3,649
2021-06-15 14:08:52,S,85.3,3,148
2021-06-15 14:08:52,S,85.35,2,592
2021-06-15 14:08:52,S,85.4,2,286
2021-06-15 14:08:52,S,85.45,3,457
2021-06-15 14:08:52,S,85.25,1,51
2021-06-15 14:08:52,S,85.1,2,360
2021-06-15 14:08:52,S,85.05,4,854
2021-06-15 14:08:52,S,85.0,11,3865
2021-06-15 14:08:52,S,84.95,6,2791
2021-06-15 14:08:55,S,85.3,2,582
2021-06-15 14:08:55,S,85.35,3,252
2021-06-15 14:08:55,S,85.4,3,575
2021-06-15 14:08:55,S,85.45,3,786
2021-06-15 14:08:55,S,85.0,10,3831
2021-06-15 14:08:55,S,84.95,6,3305
2021-06-15 14:08:55,S,84.9,7,4515
2021-06-15 14:08:55,S,84.85,6,2709
2021-06-15 14:08:57,S,85.25,1,74
2021-06-15 14:08:57,S,85.4,2,120
2021-06-15 14:08:57,S,85.45,3,575
2021-06-15 14:08:57,S,85.5,7,4175
2021-06-15 14:08:57,S,85.55,5,933
2021-06-15 14:08:57,S,85.15,2,615
2021-06-15 14:08:57,S,85.1,5,763
2021-06-15 14:08:57,S,84.95,5,2790
2021-06-15 14:08:58,S,85.45,2,157
2021-06-15 14:08:58,S,85.55,3,555
2021-06-15 14:08:58,S,85.6,5,3864
2021-06-15 14:08:58,S,85.25,4,1187
2021-06-15 14:08:58,S,85.15,3,1180
2021-06-15 14:08:58,S,85.1,3,397
2021-06-15 14:08:58,S,85.05,3,790
2021-06-15 14:08:58,S,85.0,11,3841
2021-06-15 14:09:01,S,85.3,3,898
2021-06-15 14:09:01,S,85.25,5,930
2021-06-15 14:09:01,S,85.15,2,665
2021-06-15 14:09:07,S,85.45,3,167
2021-06-15 14:09:07,S,85.5,2,538
2021-06-15 14:09:07,S,85.55,4,688
2021-06-15 14:09:07,S,85.6,6,3997
2021-06-15 14:09:07,S,85.35,1,2
2021-06-15 14:09:07,S,85.3,4,1031
2021-06-15 14:09:07,S,85.15,3,859
2021-06-15 14:09:10,S,85.5,2,114
2021-06-15 14:09:10,S,85.6,4,2159
2021-06-15 14:09:10,S,85.35,3,611
2021-06-15 14:09:10,S,85.3,2,303
2021-06-15 14:09:10,S,85.25,4,853
2021-06-15 14:09:10,S,85.2,3,474
2021-06-15 14:09:11,S,85.5,3,598
2021-06-15 14:09:11,S,85.55,5,1014
2021-06-15 14:09:11,S,85.1,2,297
2021-06-15 14:09:13,S,85.5,4,675
2021-06-15 14:09:13,S,85.55,5,1070
2021-06-15 14:09:13,S,85.6,5,2292
2021-06-15 14:09:13,S,85.3,3,173
2021-06-15 14:09:13,S,85.25,4,363
2021-06-15 14:09:13,S,85.2,3,592
2021-06-15 14:09:13,S,85.15,4,860
2021-06-15 14:09:13,S,85.1,3,468
2021-06-15 14:09:18,S,85.7,6,4135
2021-06-15 14:09:18,S,85.75,7,1718
2021-06-15 14:09:18,S,85.5,1,423
2021-06-15 14:09:18,S,85.35,3,254
2021-06-15 14:09:18,S,85.3,3,460
2021-06-15 14:09:18,S,85.25,5,863
2021-06-15 14:09:18,S,85.2,3,432
2021-06-15 14:09:20,S,85.45,3,565
2021-06-15 14:09:20,S,85.5,1,4
2021-06-15 14:09:20,S,85.55,3,766
2021-06-15 14:09:20,S,85.6,3,566
2021-06-15 14:09:20,S,85.3,4,329
2021-06-15 14:09:20,S,85.25,3,233
2021-06-15 14:09:20,S,85.15,3,725
2021-06-15 14:09:20,S,85.1,2,1809
2021-06-15 14:09:20,S,85.05,2,658
2021-06-15 14:09:21,S,85.45,2,446
2021-06-15 14:09:21,S,85.5,2,159
2021-06-15 14:09:21,S,85.3,6,1187
2021-06-15 14:09:21,S,85.2,2,344
2021-06-15 14:09:21,S,85.15,3,962
2021-06-15 14:09:21,S,85.1,3,1810
2021-06-15 14:09:33,S,85.45,3,450
2021-06-15 14:09:33,S,85.5,2,205
2021-06-15 14:09:33,S,85.65,5,941
2021-06-15 14:09:33,S,85.3,5,1087
2021-06-15 14:09:33,S,85.25,4,367
2021-06-15 14:09:33,S,85.2,3,478
2021-06-15 14:09:33,S,85.15,3,818
2021-06-15 14:09:36,S,85.4,2,14
2021-06-15 14:09:36,S,85.45,2,561
2021-06-15 14:09:36,S,85.3,3,325
2021-06-15 14:09:36,S,85.25,5,818
2021-06-15 14:09:36,S,85.2,3,596
2021-06-15 14:09:36,S,85.15,3,607
2021-06-15 14:09:39,S,85.45,5,1017
2021-06-15 14:09:39,S,85.65,6,4741
2021-06-15 14:09:39,S,85.3,3,344
2021-06-15 14:09:39,S,85.25,5,517
2021-06-15 14:09:41,S,85.5,4,416
2021-06-15 14:09:41,S,85.2,3,750
2021-06-15 14:09:44,S,85.4,3,571
2021-06-15 14:09:44,S,85.5,3,339
2021-06-15 14:09:44,S,85.55,4,900
2021-06-15 14:09:44,S,85.25,7,1279
2021-06-15 14:09:44,S,85.2,2,307
2021-06-15 14:09:44,S,85.15,4,778
2021-06-15 14:09:49,S,85.4,4,581
2021-06-15 14:09:49,S,85.3,3,59
2021-06-15 14:09:49,S,85.25,6,806
2021-06-15 14:09:49,S,85.2,3,783
2021-06-15 14:09:49,S,85.15,2,318
2021-06-15 14:09:53,S,85.25,5,673
2021-06-15 14:09:53,S,85.2,2,649
2021-06-15 14:09:53,S,85.15,3,489
2021-06-15 14:09:54,S,85.0,12,3958
2021-06-15 14:10:01,S,85.3,1,33
2021-06-15 14:10:01,S,85.4,2,129
2021-06-15 14:10:01,S,85.45,2,543
2021-06-15 14:10:01,S,85.25,5,671
2021-06-15 14:10:01,S,85.2,3,767
2021-06-15 14:10:01,S,85.05,3,862
2021-06-15 14:10:03,S,85.4,4,586
2021-06-15 14:10:03,S,85.45,4,1176
2021-06-15 14:10:03,S,85.25,4,349
2021-06-15 14:10:03,S,85.2,2,291
2021-06-15 14:10:03,S,85.15,2,460
2021-06-15 14:10:07,S,85.45,4,753
2021-06-15 14:10:07,S,85.25,5,353
2021-06-15 14:10:07,S,85.15,3,593
2021-06-15 14:10:07,S,85.05,4,863
2021-06-15 14:10:10,S,85.4,4,526
2021-06-15 14:10:10,S,85.45,3,620
2021-06-15 14:10:10,S,85.6,5,2563
2021-06-15 14:10:10,S,85.3,1,90
2021-06-15 14:10:10,S,85.25,6,642
2021-06-15 14:10:13,S,85.5,4,639
2021-06-15 14:10:13,S,85.3,4,409
2021-06-15 14:10:13,S,85.25,4,652
2021-06-15 14:10:13,S,85.15,3,475
2021-06-15 14:10:16,S,85.4,3,48
2021-06-15 14:10:16,S,85.45,3,1003
2021-06-15 14:10:16,S,85.5,5,649
2021-06-15 14:10:16,S,85.55,5,2300
2021-06-15 14:10:16,S,85.6,6,6363
2021-06-15 14:10:16,S,85.3,3,405
2021-06-15 14:10:16,S,85.25,4,202
2021-06-15 14:10:16,S,85.2,3,424
2021-06-15 14:10:16,S,85.15,2,304
2021-06-15 14:10:18,S,85.55,4,2135
2021-06-15 14:10:18,S,85.35,4,746
2021-06-15 14:10:18,S,85.3,3,543
2021-06-15 14:10:22,S,85.5,5,525
2021-06-15 14:10:22,S,85.6,5,4500
2021-06-15 14:10:22,S,85.35,2,160
2021-06-15 14:10:22,S,85.3,4,464
2021-06-15 14:10:24,S,85.6,4,700
2021-06-15 14:10:24,S,85.4,4,1066
2021-06-15 14:10:24,S,85.35,3,293
2021-06-15 14:10:24,S,85.3,4,676
2021-06-15 14:10:25,S,85.55,3,1666
2021-06-15 14:10:30,S,85.4,4,1012
2021-06-15 14:10:36,S,85.5,3,348
2021-06-15 14:10:36,S,85.7,4,2171
2021-06-15 14:10:36,S,85.4,4,962
2021-06-15 14:10:36,S,85.2,3,477
2021-06-15 14:10:39,S,85.5,2,247
2021-06-15 14:10:39,S,85.55,2,266
2021-06-15 14:10:46,S,85.5,1,50
2021-06-15 14:10:46,S,85.6,4,699
2021-06-15 14:10:46,S,85.7,5,5971
2021-06-15 14:10:46,S,85.35,4,383
2021-06-15 14:10:46,S,85.25,6,10831
2021-06-15 14:10:51,S,85.4,3,811
2021-06-15 14:10:51,S,85.3,3,586
2021-06-15 14:10:51,S,85.2,4,2163
2021-06-15 14:10:52,S,85.3,3,468
2021-06-15 14:10:55,S,85.35,4,710
2021-06-15 14:10:55,S,85.3,4,545
2021-06-15 14:10:55,S,85.15,4,805
2021-06-15 14:10:57,S,85.3,2,241
2021-06-15 14:11:01,S,85.4,1,65
2021-06-15 14:11:28,S,85.5,5,1365
2021-06-15 14:11:37,S,85.5,5,1349
2021-06-15 14:11:40,S,85.5,4,902
2021-06-15 14:11:44,S,85.4,1,45
2021-06-15 14:11:44,S,85.5,5,1336
2021-06-15 14:11:44,S,85.55,5,1096
2021-06-15 14:11:44,S,85.35,3,250
2021-06-15 14:11:44,S,85.3,3,905
2021-06-15 14:11:44,S,85.15,3,804
2021-06-15 14:11:45,S,85.4,1,1955
2021-06-15 14:11:45,S,85.35,4,682
2021-06-15 14:11:45,S,85.3,1,289
2021-06-15 14:11:47,S,85.5,3,769
2021-06-15 14:11:47,S,85.55,4,596
2021-06-15 14:11:47,S,85.4,2,2401
2021-06-15 14:11:47,S,85.35,4,539
2021-06-15 14:11:47,S,85.3,3,592
2021-06-15 14:11:57,S,85.5,2,669
2021-06-15 14:11:57,S,85.55,3,463
2021-06-15 14:11:57,S,85.45,2,126
2021-06-15 14:11:57,S,85.4,4,2662
2021-06-15 14:11:57,S,85.35,2,302
2021-06-15 14:11:57,S,85.3,3,474
2021-06-15 14:12:00,S,85.5,3,750
2021-06-15 14:12:00,S,85.55,5,904
2021-06-15 14:12:00,S,85.4,2,1421
2021-06-15 14:12:00,S,85.35,3,640
2021-06-15 14:12:00,S,85.3,2,460
2021-06-15 14:12:01,S,85.5,5,1229
2021-06-15 14:12:03,S,85.55,5,1027
2021-06-15 14:12:03,S,85.35,2,173
2021-06-15 14:12:06,S,85.55,4,895
2021-06-15 14:12:06,S,85.7,5,2421
2021-06-15 14:12:13,S,85.45,1,50
2021-06-15 14:12:13,S,85.55,5,1037
2021-06-15 14:12:13,S,85.4,2,180
2021-06-15 14:12:16,S,85.4,2,172
2021-06-15 14:12:16,S,85.25,5,10331
2021-06-15 14:12:16,S,85.2,3,1992
2021-06-15 14:12:18,S,85.45,2,168
2021-06-15 14:12:18,S,85.5,4,609
2021-06-15 14:12:18,S,85.55,4,595
2021-06-15 14:12:18,S,85.35,3,634
2021-06-15 14:12:27,S,85.4,2,151
2021-06-15 14:12:30,S,85.3,2,458
2021-06-15 14:12:30,S,85.2,3,1991
2021-06-15 14:12:34,S,85.55,5,1041
2021-06-15 14:12:34,S,85.65,4,906
2021-06-15 14:12:34,S,85.4,1,90
2021-06-15 14:12:34,S,85.35,4,922
2021-06-15 14:12:34,S,85.3,3,590
2021-06-15 14:12:34,S,85.2,2,1859
2021-06-15 14:12:37,S,85.5,3,134
2021-06-15 14:12:37,S,85.55,5,1066
2021-06-15 14:12:37,S,85.4,2,147
2021-06-15 14:12:37,S,85.35,3,462
2021-06-15 14:12:37,S,85.3,2,456
2021-06-15 14:12:37,S,85.3,2,338
2021-06-15 14:12:37,S,85.2,4,2100
2021-06-15 14:12:37,S,85.15,4,405
2021-06-15 14:12:40,S,85.5,5,856
2021-06-15 14:12:40,S,85.7,6,2521
2021-06-15 14:12:40,S,85.3,3,415
2021-06-15 14:12:40,S,85.15,4,561
2021-06-15 14:12:49,S,85.45,3,869
2021-06-15 14:12:49,S,85.6,3,599
2021-06-15 14:12:49,S,85.25,5,10330
2021-06-15 14:12:52,S,85.45,2,865
2021-06-15 14:12:52,S,85.5,5,555
2021-06-15 14:12:52,S,85.65,5,2306
2021-06-15 14:12:52,S,85.3,2,244
2021-06-15 14:12:52,S,85.25,4,10198
2021-06-15 14:12:52,S,85.2,4,2091
2021-06-15 14:12:52,S,85.1,5,3004
2021-06-15 14:12:54,S,85.4,3,661
2021-06-15 14:12:54,S,85.45,3,427
2021-06-15 14:12:54,S,85.5,4,551
2021-06-15 14:12:54,S,85.55,5,1095
2021-06-15 14:12:54,S,85.6,5,6275
2021-06-15 14:12:54,S,85.2,3,1959
2021-06-15 14:12:54,S,85.15,4,692
2021-06-15 14:12:58,S,85.35,2,617
2021-06-15 14:12:58,S,85.4,4,521
2021-06-15 14:12:58,S,85.5,3,262
2021-06-15 14:13:01,S,85.3,2,801
2021-06-15 14:13:01,S,85.1,4,3003
2021-06-15 14:13:08,S,85.3,2,799
2021-06-15 14:13:08,S,85.35,3,694
2021-06-15 14:13:08,S,85.4,4,576
2021-06-15 14:13:08,S,85.5,4,1817
2021-06-15 14:13:08,S,85.25,1,9730
2021-06-15 14:13:08,S,85.2,2,273
2021-06-15 14:13:08,S,85.15,2,271
2021-06-15 14:13:08,S,85.1,3,2809
2021-06-15 14:13:08,S,85.05,4,962
2021-06-15 14:13:09,S,85.2,3,672
2021-06-15 14:13:09,S,85.25,3,446
2021-06-15 14:13:11,S,85.2,4,904
2021-06-15 14:13:11,S,85.25,2,285
2021-06-15 14:13:11,S,85.05,2,258
2021-06-15 14:13:22,S,85.25,6,1307
2021-06-15 14:13:22,S,85.3,3,833
2021-06-15 14:13:24,S,85.2,2,606
2021-06-15 14:13:29,S,85.15,1,549
2021-06-15 14:13:29,S,85.2,4,608
2021-06-15 14:13:29,S,85.25,3,290
2021-06-15 14:13:31,S,85.15,1,349
2021-06-15 14:13:31,S,85.2,3,156
2021-06-15 14:13:31,S,85.25,2,158
2021-06-15 14:13:31,S,85.3,3,572
2021-06-15 14:13:31,S,85.1,2,1160
2021-06-15 14:13:31,S,85.05,4,846
2021-06-15 14:13:33,S,85.05,4,831
2021-06-15 14:13:36,S,85.2,4,445
2021-06-15 14:13:36,S,85.25,5,1037
2021-06-15 14:13:36,S,85.3,2,283
2021-06-15 14:13:36,S,85.1,2,811
2021-06-15 14:13:36,S,85.05,5,963
2021-06-15 14:13:36,S,85.0,13,1673
2021-06-15 14:13:38,S,85.1,3,1267
2021-06-15 14:13:40,S,85.3,2,158
2021-06-15 14:13:40,S,85.4,3,572
2021-06-15 14:13:40,S,85.1,4,1268
2021-06-15 14:13:40,S,85.0,14,1704
2021-06-15 14:13:47,S,85.1,3,717
2021-06-15 14:13:47,S,85.05,3,395
2021-06-15 14:13:47,S,85.0,12,1472
2021-06-15 14:13:48,S,85.2,3,447
2021-06-15 14:13:48,S,85.25,4,735
2021-06-15 14:13:53,S,85.05,5,961
2021-06-15 14:13:55,S,85.4,3,454
2021-06-15 14:13:55,S,85.05,4,829
2021-06-15 14:14:13,S,85.2,2,443
2021-06-15 14:14:13,S,85.25,4,607
2021-06-15 14:14:13,S,85.1,3,567
2021-06-15 14:14:13,S,85.05,5,995
2021-06-15 14:14:24,S,85.25,5,905
2021-06-15 14:14:24,S,85.1,4,1012
2021-06-15 14:14:24,S,84.95,5,1058
2021-06-15 14:14:27,S,85.25,4,616
2021-06-15 14:14:27,S,85.1,4,872
2021-06-15 14:14:27,S,85.05,4,527
2021-06-15 14:14:33,S,85.2,3,457
2021-06-15 14:14:33,S,85.25,4,918
2021-06-15 14:14:33,S,85.3,3,749
2021-06-15 14:14:33,S,85.35,3,785
2021-06-15 14:14:33,S,85.4,4,504
2021-06-15 14:14:33,S,85.05,5,977
2021-06-15 14:14:33,S,85.0,12,1534
2021-06-15 14:14:38,S,85.3,3,621
2021-06-15 14:14:38,S,85.35,2,285
2021-06-15 14:14:38,S,85.15,3,619
2021-06-15 14:14:38,S,85.1,3,427
2021-06-15 14:14:41,S,85.3,2,617
2021-06-15 14:14:41,S,85.4,3,333
2021-06-15 14:14:41,S,85.2,2,707
2021-06-15 14:14:41,S,85.15,4,745
2021-06-15 14:14:41,S,85.0,13,1539
2021-06-15 14:14:43,S,85.3,1,74
2021-06-15 14:14:43,S,85.4,3,490
2021-06-15 14:14:43,S,85.05,5,1061
2021-06-15 14:14:46,S,85.35,4,729
2021-06-15 14:14:46,S,85.15,4,749
2021-06-15 14:14:46,S,84.95,4,887
2021-06-15 14:14:49,S,85.15,2,168
2021-06-15 14:14:49,S,85.1,4,558
2021-06-15 14:14:52,S,85.3,5,962
2021-06-15 14:14:52,S,85.35,3,288
2021-06-15 14:14:52,S,85.4,4,503
2021-06-15 14:14:52,S,85.0,14,3301
2021-06-15 14:14:54,S,85.3,3,228
2021-06-15 14:14:54,S,85.35,4,907
2021-06-15 14:14:54,S,85.4,4,621
2021-06-15 14:14:54,S,85.5,6,2307
2021-06-15 14:15:06,S,85.3,4,517
2021-06-15 14:15:06,S,85.35,4,749
2021-06-15 14:15:06,S,85.2,2,316
2021-06-15 14:15:07,S,85.2,3,327
2021-06-15 14:15:13,S,85.3,3,466
2021-06-15 14:15:13,S,85.35,3,618
2021-06-15 14:15:13,S,85.4,3,332
2021-06-15 14:15:13,S,85.15,4,730
2021-06-15 14:15:13,S,85.05,4,561
2021-06-15 14:15:15,S,85.3,5,1190
2021-06-15 14:15:15,S,85.35,2,157
2021-06-15 14:15:15,S,85.5,7,3044
2021-06-15 14:15:15,S,85.2,3,322
2021-06-15 14:15:15,S,85.15,3,299
2021-06-15 14:15:18,S,85.2,2,341
2021-06-15 14:15:18,S,85.25,4,888
2021-06-15 14:15:18,S,85.15,2,295
2021-06-15 14:15:18,S,85.1,4,561
2021-06-15 14:15:21,S,85.2,3,799
2021-06-15 14:15:21,S,85.25,3,445
2021-06-15 14:15:21,S,85.4,4,1732
2021-06-15 14:15:21,S,85.1,3,430
2021-06-15 14:15:21,S,85.05,3,390
2021-06-15 14:15:21,S,85.0,15,3401
2021-06-15 14:15:21,S,84.95,4,558
2021-06-15 14:15:30,S,85.1,1,96
2021-06-15 14:15:30,S,85.15,2,156
2021-06-15 14:15:30,S,85.2,4,919
2021-06-15 14:15:30,S,84.95,3,426
2021-06-15 14:15:30,S,84.8,11,4411
2021-06-15 14:15:31,S,84.95,4,863
2021-06-15 14:15:34,S,85.1,1,46
2021-06-15 14:15:42,S,85.1,1,45
2021-06-15 14:15:42,S,85.0,13,1507
2021-06-15 14:15:45,S,85.2,5,1050
2021-06-15 14:15:45,S,84.8,12,4421
2021-06-15 14:15:47,S,85.2,3,630
2021-06-15 14:15:47,S,85.25,2,652
2021-06-15 14:15:47,S,85.3,5,2156
2021-06-15 14:15:47,S,84.95,5,973
2021-06-15 14:15:50,S,85.1,1,100
2021-06-15 14:15:50,S,85.15,3,600
2021-06-15 14:15:52,S,85.1,1,99
2021-06-15 14:15:52,S,85.15,3,613
2021-06-15 14:15:52,S,85.0,11,1487
2021-06-15 14:15:52,S,84.95,5,967
2021-06-15 14:15:52,S,84.8,11,4386
2021-06-15 14:16:01,S,85.15,3,605
2021-06-15 14:16:01,S,85.2,4,761
2021-06-15 14:16:01,S,85.3,6,2356
2021-06-15 14:16:09,S,85.0,12,1607
2021-06-15 14:16:17,S,85.1,2,190
2021-06-15 14:16:17,S,85.15,4,888
2021-06-15 14:16:17,S,85.0,11,1606
2021-06-15 14:16:17,S,84.95,5,969
2021-06-15 14:16:20,S,85.15,5,987
2021-06-15 14:16:20,S,85.2,3,472
2021-06-15 14:16:20,S,85.25,3,783
2021-06-15 14:16:20,S,85.05,2,162
2021-06-15 14:16:20,S,84.95,4,496
2021-06-15 14:16:20,S,84.85,5,986
2021-06-15 14:16:23,S,85.2,3,175
2021-06-15 14:16:23,S,85.3,7,6156
2021-06-15 14:16:23,S,85.05,4,641
2021-06-15 14:16:25,S,85.3,4,627
2021-06-15 14:16:25,S,85.1,3,564
2021-06-15 14:16:30,S,85.25,2,441
2021-06-15 14:16:30,S,85.35,4,884
2021-06-15 14:16:30,S,85.1,4,565
2021-06-15 14:16:30,S,85.0,12,1737
2021-06-15 14:16:32,S,85.2,1,75
2021-06-15 14:16:32,S,85.15,3,633
2021-06-15 14:16:34,S,85.25,2,187
2021-06-15 14:16:34,S,85.45,4,1198
2021-06-15 14:16:34,S,85.15,3,618
2021-06-15 14:16:34,S,85.1,3,248
2021-06-15 14:16:34,S,84.95,4,886
2021-06-15 14:16:49,S,85.25,3,476
2021-06-15 14:16:49,S,85.3,4,898
2021-06-15 14:16:49,S,85.1,5,687
2021-06-15 14:16:49,S,84.95,5,1175
2021-06-15 14:17:00,S,85.2,2,66
2021-06-15 14:17:00,S,85.25,4,934
2021-06-15 14:17:00,S,85.3,4,558
2021-06-15 14:17:00,S,85.15,1,5
2021-06-15 14:17:03,S,85.45,5,4998
2021-06-15 14:17:03,S,85.1,4,772
2021-06-15 14:17:05,S,85.25,5,936
2021-06-15 14:17:05,S,84.95,4,675
2021-06-15 14:17:10,S,85.25,5,935
2021-06-15 14:17:14,S,85.25,4,441
2021-06-15 14:17:14,S,85.3,4,862
2021-06-15 14:17:14,S,85.1,4,746
2021-06-15 14:17:14,S,85.0,11,1617
2021-06-15 14:17:22,S,85.15,2,149
2021-06-15 14:17:22,S,85.1,3,297
2021-06-15 14:17:22,S,85.25,5,874
2021-06-15 14:17:22,S,85.3,3,427
2021-06-15 14:17:22,S,85.45,6,5998
2021-06-15 14:17:22,S,85.1,2,166
2021-06-15 14:17:25,S,85.25,4,791
2021-06-15 14:17:30,S,85.4,5,2360
2021-06-15 14:17:35,S,85.35,3,784
2021-06-15 14:17:35,S,85.45,5,2198
2021-06-15 14:17:35,S,85.1,3,644
2021-06-15 14:17:35,S,85.05,4,294
2021-06-15 14:17:37,S,85.25,2,7
2021-06-15 14:17:37,S,85.35,2,284
2021-06-15 14:17:37,S,85.05,5,583
2021-06-15 14:17:46,S,85.25,1,5
2021-06-15 14:17:46,S,85.35,2,153
2021-06-15 14:17:46,S,85.15,4,571
2021-06-15 14:17:46,S,85.1,2,294
2021-06-15 14:17:46,S,85.05,4,582
2021-06-15 14:17:46,S,84.95,5,1057
2021-06-15 14:17:46,S,85.45,6,2298
2021-06-15 14:17:46,S,85.1,2,264
2021-06-15 14:17:46,S,85.05,3,293
2021-06-15 14:17:49,S,85.25,5,845
2021-06-15 14:17:49,S,85.3,4,510
2021-06-15 14:17:49,S,85.45,8,2306
2021-06-15 14:17:49,S,85.05,3,163
2021-06-15 14:17:49,S,85.0,12,3263
2021-06-15 14:17:49,S,84.85,4,886
2021-06-15 14:18:04,S,85.2,4,677
2021-06-15 14:18:04,S,85.3,5,640
2021-06-15 14:18:04,S,85.4,4,2260
2021-06-15 14:18:04,S,85.0,5,1761
2021-06-15 14:18:04,S,84.95,4,557
2021-06-15 14:18:04,S,84.85,3,386
2021-06-15 14:18:13,S,85.1,3,634
2021-06-15 14:18:13,S,85.25,3,610
2021-06-15 14:18:13,S,85.0,4,115
2021-06-15 14:18:13,S,84.95,2,255
2021-06-15 14:18:13,S,84.9,7,3725
2021-06-15 14:18:17,S,85.0,5,116
2021-06-15 14:18:21,S,84.8,10,4286
2021-06-15 14:18:24,S,85.2,2,281
2021-06-15 14:18:24,S,85.0,6,117
2021-06-15 14:18:24,S,84.9,6,3625
2021-06-15 14:18:24,S,84.85,4,557
2021-06-15 14:18:30,S,85.1,4,635
2021-06-15 14:18:30,S,85.15,2,153
2021-06-15 14:18:30,S,85.25,4,740
2021-06-15 14:18:30,S,85.0,7,127
2021-06-15 14:18:30,S,84.9,5,1981
2021-06-15 14:18:30,S,84.85,4,675
2021-06-15 14:18:30,S,84.8,9,4236
2021-06-15 14:18:30,S,84.75,9,2620
2021-06-15 14:18:34,S,85.0,3,648
2021-06-15 14:18:34,S,85.1,3,202
2021-06-15 14:18:34,S,85.15,3,781
2021-06-15 14:18:34,S,84.75,8,1907
2021-06-15 14:18:39,S,85.0,1,150
2021-06-15 14:18:39,S,84.9,3,183
2021-06-15 14:18:43,S,85.05,2,153
2021-06-15 14:18:43,S,85.1,3,331
2021-06-15 14:18:43,S,85.15,4,1070
2021-06-15 14:18:43,S,85.2,3,4081
2021-06-15 14:18:43,S,84.9,4,656
2021-06-15 14:18:43,S,84.75,9,2407
2021-06-15 14:18:45,S,85.15,3,242
2021-06-15 14:18:45,S,84.9,6,896
2021-06-15 14:18:45,S,84.75,11,2415
2021-06-15 14:18:50,S,85.1,2,201
2021-06-15 14:18:50,S,85.15,2,112
2021-06-15 14:18:50,S,85.2,3,570
2021-06-15 14:18:50,S,85.0,5,694
2021-06-15 14:18:50,S,84.95,2,290
2021-06-15 14:18:50,S,84.85,4,555
2021-06-15 14:18:55,S,85.0,5,738
2021-06-15 14:18:55,S,84.95,3,579
2021-06-15 14:18:55,S,84.85,5,1055
2021-06-15 14:18:58,S,85.1,3,179
2021-06-15 14:18:58,S,85.15,2,561
2021-06-15 14:18:58,S,85.0,4,260
2021-06-15 14:18:58,S,84.95,1,453
2021-06-15 14:18:59,S,85.15,3,570
2021-06-15 14:19:01,S,85.1,4,930
2021-06-15 14:19:04,S,85.15,3,564
2021-06-15 14:19:04,S,85.0,3,259
2021-06-15 14:19:07,S,85.15,3,531
2021-06-15 14:19:10,S,85.1,4,910
2021-06-15 14:19:10,S,85.15,2,96
2021-06-15 14:19:17,S,85.1,2,167
2021-06-15 14:19:17,S,85.15,3,535
2021-06-15 14:19:17,S,85.2,2,437
2021-06-15 14:19:17,S,85.25,6,4771
2021-06-15 14:19:17,S,85.0,4,309
2021-06-15 14:19:17,S,84.75,10,2242
2021-06-15 14:19:18,S,84.95,1,473
2021-06-15 14:19:25,S,85.15,3,568
2021-06-15 14:19:25,S,85.0,3,109
2021-06-15 14:19:25,S,85.0,1,91
2021-06-15 14:19:25,S,85.15,2,122
2021-06-15 14:19:25,S,85.2,1,289
2021-06-15 14:19:25,S,84.8,10,4864
2021-06-15 14:19:25,S,84.75,8,2234
2021-06-15 14:19:30,S,85.2,2,152
2021-06-15 14:19:30,S,85.0,2,722
2021-06-15 14:19:31,S,85.1,3,141
2021-06-15 14:19:31,S,85.15,2,571
2021-06-15 14:19:31,S,85.0,2,522
2021-06-15 14:19:31,S,84.95,2,631
2021-06-15 14:19:36,S,85.2,2,140
2021-06-15 14:19:36,S,85.0,4,1067
2021-06-15 14:19:36,S,84.75,10,2238
2021-06-15 14:19:43,S,85.1,2,139
2021-06-15 14:19:43,S,85.2,3,429
2021-06-15 14:19:43,S,85.0,5,1077
2021-06-15 14:19:43,S,84.95,2,446
2021-06-15 14:19:51,S,85.0,5,1073
2021-06-15 14:19:54,S,85.2,3,441
2021-06-15 14:19:54,S,85.3,7,2661
2021-06-15 14:19:54,S,85.0,6,1173
2021-06-15 14:19:54,S,84.95,3,617
2021-06-15 14:19:54,S,84.85,3,754
2021-06-15 14:19:57,S,85.15,2,594
2021-06-15 14:19:57,S,85.2,2,410
2021-06-15 14:20:01,S,85.1,3,101
2021-06-15 14:20:01,S,85.15,2,597
2021-06-15 14:20:01,S,85.2,1,150
2021-06-15 14:20:01,S,85.0,5,732
2021-06-15 14:20:01,S,84.95,2,634
2021-06-15 14:20:01,S,84.9,6,553
2021-06-15 14:20:02,S,85.15,3,560
2021-06-15 14:20:02,S,85.2,2,439
2021-06-15 14:20:07,S,85.15,2,123
2021-06-15 14:20:07,S,85.35,3,781
2021-06-15 14:20:07,S,85.0,5,682
2021-06-15 14:20:07,S,84.9,6,552
2021-06-15 14:20:07,S,84.75,9,1738
2021-06-15 14:20:08,S,84.9,5,423
2021-06-15 14:20:12,S,85.0,1,33
2021-06-15 14:20:15,S,85.1,4,852
2021-06-15 14:20:15,S,85.15,3,623
2021-06-15 14:20:15,S,85.2,3,610
2021-06-15 14:20:15,S,85.3,8,6461
2021-06-15 14:20:15,S,85.0,1,32
2021-06-15 14:20:15,S,84.9,7,602
2021-06-15 14:20:15,S,84.75,8,1238
2021-06-15 14:20:15,S,85.0,1,68
2021-06-15 14:20:15,S,84.9,6,473
2021-06-15 14:20:18,S,85.0,2,69
2021-06-15 14:20:23,S,85.0,2,56
2021-06-15 14:20:23,S,85.05,3,588
2021-06-15 14:20:23,S,85.1,3,228
2021-06-15 14:20:23,S,85.15,2,621
2021-06-15 14:20:23,S,84.9,7,483
2021-06-15 14:20:25,S,85.0,2,33
2021-06-15 14:20:25,S,85.1,2,99
2021-06-15 14:20:25,S,85.25,7,975
2021-06-15 14:20:25,S,84.9,8,950
2021-06-15 14:20:25,S,84.85,3,543
2021-06-15 14:20:25,S,84.75,7,1734
2021-06-15 14:20:25,S,84.7,13,6492
2021-06-15 14:20:28,S,85.1,3,388
2021-06-15 14:20:28,S,85.15,3,617
2021-06-15 14:20:28,S,85.25,5,971
2021-06-15 14:20:28,S,85.0,3,324
2021-06-15 14:20:28,S,84.95,3,1131
2021-06-15 14:20:30,S,85.25,4,471
2021-06-15 14:20:30,S,85.0,3,778
2021-06-15 14:20:30,S,84.95,3,1656
2021-06-15 14:20:37,S,85.1,1,40
2021-06-15 14:20:37,S,84.9,8,1602
2021-06-15 14:20:37,S,84.85,3,425
2021-06-15 14:20:45,S,85.1,2,41
2021-06-15 14:20:45,S,85.15,3,166
2021-06-15 14:20:45,S,85.2,2,250
2021-06-15 14:20:45,S,85.25,4,630
2021-06-15 14:20:45,S,85.3,7,6331
2021-06-15 14:20:45,S,85.0,5,1788
2021-06-15 14:20:45,S,84.9,9,3354
2021-06-15 14:20:45,S,84.85,4,925
2021-06-15 14:20:47,S,85.0,1,2454
2021-06-15 14:20:47,S,85.1,4,686
2021-06-15 14:20:49,S,85.1,3,251
2021-06-15 14:20:57,S,85.0,1,2354
2021-06-15 14:20:57,S,84.9,8,3336
2021-06-15 14:20:57,S,84.85,2,254
2021-06-15 14:20:57,S,84.75,6,1234
2021-06-15 14:20:57,S,84.8,9,4134
2021-06-15 14:21:00,S,85.0,1,2352
2021-06-15 14:21:00,S,85.05,4,859
2021-06-15 14:21:00,S,84.75,7,1392
2021-06-15 14:21:03,S,85.0,1,2312
2021-06-15 14:21:05,S,85.0,2,2382
2021-06-15 14:21:05,S,85.1,5,1195
2021-06-15 14:21:09,S,85.05,4,826
2021-06-15 14:21:09,S,84.95,4,1706
2021-06-15 14:21:13,S,85.0,3,2393
2021-06-15 14:21:13,S,85.1,5,1230
2021-06-15 14:21:16,S,84.95,4,1704
2021-06-15 14:21:18,S,85.15,3,758
2021-06-15 14:21:18,S,84.8,8,4034
2021-06-15 14:21:28,S,85.1,5,1246
2021-06-15 14:21:34,S,85.0,3,2343
2021-06-15 14:21:34,S,85.1,5,1248
2021-06-15 14:21:41,S,85.1,5,1257
2021-06-15 14:21:48,S,85.0,3,2340
2021-06-15 14:21:48,S,85.1,5,1217
2021-06-15 14:21:50,S,85.0,3,2339
2021-06-15 14:21:53,S,85.0,3,2239
2021-06-15 14:22:00,S,85.0,3,2232
2021-06-15 14:22:00,S,85.1,5,1234
2021-06-15 14:22:01,S,85.0,3,2134
2021-06-15 14:22:01,S,84.95,5,1714
2021-06-15 14:22:07,S,85.0,2,2034
2021-06-15 14:22:07,S,85.05,3,392
2021-06-15 14:22:07,S,85.1,4,780
2021-06-15 14:22:07,S,85.15,4,762
2021-06-15 14:22:07,S,85.2,4,529
2021-06-15 14:22:07,S,84.85,3,383
2021-06-15 14:22:09,S,85.1,4,751
2021-06-15 14:22:09,S,85.15,4,264
2021-06-15 14:22:09,S,85.0,2,155
2021-06-15 14:22:09,S,84.8,9,4114
2021-06-15 14:22:12,S,85.15,5,364
2021-06-15 14:22:15,S,85.0,2,353
2021-06-15 14:22:22,S,85.1,3,651
2021-06-15 14:22:22,S,85.3,7,2713
2021-06-15 14:22:22,S,85.05,2,155
2021-06-15 14:22:22,S,85.0,3,482
2021-06-15 14:22:25,S,85.1,3,698
2021-06-15 14:22:25,S,85.15,4,235
2021-06-15 14:22:25,S,85.3,8,2714
2021-06-15 14:22:30,S,85.15,5,698
2021-06-15 14:22:30,S,84.95,6,1743
2021-06-15 14:22:33,S,85.1,4,798
2021-06-15 14:22:33,S,85.15,5,721
2021-06-15 14:22:33,S,85.3,6,2630
2021-06-15 14:22:33,S,85.0,2,150
2021-06-15 14:22:33,S,84.9,10,3665
2021-06-15 14:22:36,S,85.1,2,648
2021-06-15 14:22:36,S,85.15,3,135
2021-06-15 14:22:36,S,84.85,4,1043
2021-06-15 14:22:37,S,85.0,1,49
2021-06-15 14:22:37,S,85.1,3,650
2021-06-15 14:22:37,S,85.15,3,422
2021-06-15 14:22:37,S,85.2,4,458
2021-06-15 14:22:37,S,84.95,6,2054
2021-06-15 14:22:39,S,85.15,3,261
2021-06-15 14:22:39,S,85.25,5,1108
2021-06-15 14:22:39,S,84.85,5,1172
2021-06-15 14:22:42,S,85.05,1,5
2021-06-15 14:22:49,S,84.95,5,1614
2021-06-15 14:22:49,S,85.1,5,1247
2021-06-15 14:22:52,S,84.85,4,672
2021-06-15 14:22:58,S,85.0,1,50
2021-06-15 14:22:58,S,85.05,3,597
2021-06-15 14:22:58,S,85.1,4,778
2021-06-15 14:22:58,S,84.95,5,1579
2021-06-15 14:22:58,S,84.9,9,3536
2021-06-15 14:22:58,S,84.85,4,554
2021-06-15 14:22:58,S,84.8,11,4264
2021-06-15 14:22:58,S,84.75,9,2127
2021-06-15 14:23:01,S,85.0,5,2439
2021-06-15 14:23:01,S,85.05,5,868
2021-06-15 14:23:01,S,85.1,3,776
2021-06-15 14:23:01,S,85.15,4,761
2021-06-15 14:23:01,S,84.9,7,1520
2021-06-15 14:23:01,S,84.8,9,2307
2021-06-15 14:23:01,S,84.75,8,1627
2021-06-15 14:23:01,S,84.7,11,6262
2021-06-15 14:23:12,S,84.95,4,1089
2021-06-15 14:23:14,S,84.95,4,1086
2021-06-15 14:23:14,S,85.0,5,2227
2021-06-15 14:23:14,S,84.8,6,375
2021-06-15 14:23:19,S,84.95,6,2986
2021-06-15 14:23:19,S,85.0,2,277
2021-06-15 14:23:19,S,85.15,7,871
2021-06-15 14:23:19,S,84.8,6,225
2021-06-15 14:23:19,S,84.75,7,1469
2021-06-15 14:23:19,S,84.7,10,6079
2021-06-15 14:23:19,S,84.6,23,6898
2021-06-15 14:23:22,S,84.75,8,1470
2021-06-15 14:23:24,S,84.9,3,612
2021-06-15 14:23:24,S,84.95,4,2536
2021-06-15 14:23:24,S,84.8,7,373
2021-06-15 14:23:24,S,84.75,8,1597
2021-06-15 14:23:24,S,84.7,11,6207
2021-06-15 14:23:24,S,84.65,2,628
2021-06-15 14:23:31,S,84.95,4,738
2021-06-15 14:23:31,S,85.1,7,2523
2021-06-15 14:23:31,S,84.75,6,1369
2021-06-15 14:23:31,S,84.7,9,4367
2021-06-15 14:23:31,S,84.55,16,1643
2021-06-15 14:23:32,S,84.75,4,1031
2021-06-15 14:23:35,S,84.95,5,999
2021-06-15 14:23:35,S,84.6,21,6888
2021-06-15 14:23:37,S,85.0,3,2277
2021-06-15 14:23:37,S,84.85,3,650
2021-06-15 14:23:37,S,84.8,3,726
2021-06-15 14:23:37,S,84.75,4,1158
2021-06-15 14:23:40,S,85.0,3,2151
2021-06-15 14:23:40,S,84.9,3,589
2021-06-15 14:23:40,S,84.75,5,1168
2021-06-15 14:23:42,S,84.9,2,564
2021-06-15 14:23:44,S,85.0,2,1807
2021-06-15 14:23:50,S,84.75,6,1668
2021-06-15 14:23:52,S,85.0,3,2007
2021-06-15 14:23:52,S,85.15,5,861
2021-06-15 14:23:52,S,84.8,4,2351
2021-06-15 14:23:55,S,85.1,4,2385
2021-06-15 14:24:00,S,85.1,5,2513
2021-06-15 14:24:00,S,84.9,3,684
2021-06-15 14:24:08,S,85.0,3,1907
2021-06-15 14:24:08,S,85.05,3,640
2021-06-15 14:24:08,S,84.9,4,677
2021-06-15 14:24:09,S,85.05,5,1244
2021-06-15 14:24:16,S,85.05,4,768
2021-06-15 14:24:19,S,85.0,4,2857
2021-06-15 14:24:19,S,85.05,5,1209
2021-06-15 14:24:19,S,84.85,5,2428
2021-06-15 14:24:19,S,84.7,10,4495
2021-06-15 14:24:22,S,84.95,1,4
2021-06-15 14:24:22,S,85.0,5,3007
2021-06-15 14:24:22,S,85.05,5,1206
2021-06-15 14:24:22,S,84.9,4,275
2021-06-15 14:24:22,S,84.85,4,2300
2021-06-15 14:24:22,S,84.7,11,4595
2021-06-15 14:24:29,S,85.0,3,2849
2021-06-15 14:24:33,S,85.1,4,2413
2021-06-15 14:24:36,S,84.9,6,2368
2021-06-15 14:24:40,S,85.0,3,2839
2021-06-15 14:24:43,S,85.15,3,729
2021-06-15 14:24:43,S,84.95,1,900
2021-06-15 14:24:45,S,85.0,3,2669
2021-06-15 14:24:48,S,85.0,3,2569
2021-06-15 14:24:48,S,85.05,2,152
2021-06-15 14:24:48,S,85.1,3,2285
2021-06-15 14:24:48,S,85.15,4,857
2021-06-15 14:24:48,S,85.2,5,2155
2021-06-15 14:24:48,S,84.95,2,1008
2021-06-15 14:24:48,S,84.9,7,2496
2021-06-15 14:24:49,S,85.1,2,152
2021-06-15 14:24:49,S,85.15,2,629
2021-06-15 14:24:49,S,85.2,4,647
2021-06-15 14:24:58,S,85.0,1,1000
2021-06-15 14:24:58,S,85.1,3,280
2021-06-15 14:24:58,S,85.15,3,757
2021-06-15 14:24:58,S,85.2,3,358
2021-06-15 14:24:58,S,84.95,3,1479
2021-06-15 14:24:58,S,84.9,6,2031
2021-06-15 14:25:00,S,84.95,2,436
2021-06-15 14:25:00,S,84.9,7,2338
2021-06-15 14:25:09,S,85.15,2,131
2021-06-15 14:25:12,S,85.0,2,1376
2021-06-15 14:25:32,S,85.15,3,631
2021-06-15 14:25:32,S,85.2,3,357
2021-06-15 14:25:32,S,85.0,3,1426
2021-06-15 14:25:32,S,84.95,4,565
2021-06-15 14:25:36,S,85.2,3,279
2021-06-15 14:25:36,S,85.25,5,1058
2021-06-15 14:25:36,S,85.3,8,4467
2021-06-15 14:25:36,S,85.35,4,902
2021-06-15 14:25:36,S,85.0,4,3223
2021-06-15 14:25:36,S,84.95,3,276
2021-06-15 14:25:36,S,84.9,8,2466
2021-06-15 14:25:36,S,84.85,5,2476
2021-06-15 14:25:36,S,84.8,5,4958
2021-06-15 14:25:38,S,85.0,3,5471
2021-06-15 14:25:38,S,85.2,3,377
2021-06-15 14:25:38,S,84.9,5,392
2021-06-15 14:25:40,S,85.05,2,651
2021-06-15 14:25:40,S,85.1,2,322
2021-06-15 14:25:43,S,85.0,4,5472
2021-06-15 14:25:43,S,85.2,4,2036
2021-06-15 14:25:43,S,84.9,4,264
2021-06-15 14:25:43,S,84.85,4,1976
2021-06-15 14:25:49,S,84.8,4,3062
2021-06-15 14:25:52,S,84.95,4,884
2021-06-15 14:25:54,S,84.9,3,128
2021-06-15 14:26:01,S,84.95,4,883
2021-06-15 14:26:05,S,84.95,5,1182
2021-06-15 14:26:05,S,85.0,4,5252
2021-06-15 14:26:05,S,84.9,4,133
2021-06-15 14:26:05,S,84.75,7,1568
2021-06-15 14:26:10,S,85.0,5,5721
2021-06-15 14:26:10,S,85.15,3,1124
2021-06-15 14:26:10,S,84.9,5,243
2021-06-15 14:26:10,S,84.75,8,2068
2021-06-15 14:26:11,S,84.9,1,24
2021-06-15 14:26:11,S,85.0,5,5380
2021-06-15 14:26:14,S,84.9,2,25
2021-06-15 14:26:14,S,84.95,4,882
2021-06-15 14:26:14,S,85.0,4,5379
2021-06-15 14:26:14,S,84.85,3,1848
2021-06-15 14:26:14,S,84.8,3,1149
2021-06-15 14:26:16,S,85.0,4,5688
2021-06-15 14:26:16,S,84.9,2,26
2021-06-15 14:26:21,S,84.7,12,6215
2021-06-15 14:26:25,S,84.95,3,441
2021-06-15 14:26:25,S,85.0,5,5738
2021-06-15 14:26:25,S,85.1,3,450
2021-06-15 14:26:25,S,85.15,4,1321
2021-06-15 14:26:25,S,84.9,3,176
2021-06-15 14:26:25,S,84.85,4,1849
2021-06-15 14:26:25,S,84.8,3,1276
2021-06-15 14:26:25,S,84.75,7,1968
2021-06-15 14:26:29,S,84.9,3,5293
2021-06-15 14:26:29,S,85.0,3,301
2021-06-15 14:26:29,S,85.1,4,2011
2021-06-15 14:26:29,S,84.8,1,1000
2021-06-15 14:26:29,S,84.7,12,6287
2021-06-15 14:26:34,S,84.9,3,5287
2021-06-15 14:26:34,S,84.8,2,1147
2021-06-15 14:26:34,S,84.7,13,6415
2021-06-15 14:26:37,S,84.9,3,4987
2021-06-15 14:26:37,S,85.0,4,429
2021-06-15 14:26:37,S,85.1,3,1840
2021-06-15 14:26:37,S,84.8,1,971
2021-06-15 14:26:37,S,84.6,21,6598
2021-06-15 14:26:53,S,84.9,4,6987
2021-06-15 14:26:53,S,85.1,4,2340
2021-06-15 14:26:58,S,84.85,1,100
2021-06-15 14:26:58,S,84.8,2,972
2021-06-15 14:26:58,S,84.7,14,6715
2021-06-15 14:27:06,S,84.75,7,1939
2021-06-15 14:27:11,S,84.7,14,6714
2021-06-15 14:27:21,S,84.85,2,252
2021-06-15 14:27:21,S,84.9,5,7129
2021-06-15 14:27:21,S,84.8,4,1769
2021-06-15 14:27:21,S,84.75,6,1468
2021-06-15 14:27:21,S,84.7,15,7165
2021-06-15 14:27:22,S,84.85,2,150
2021-06-15 14:27:22,S,84.9,3,5159
2021-06-15 14:27:22,S,84.7,14,5532
2021-06-15 14:27:22,S,84.6,22,7098
2021-06-15 14:27:24,S,84.75,5,1340
2021-06-15 14:27:24,S,84.7,14,5548
2021-06-15 14:27:27,S,84.95,3,940
2021-06-15 14:27:31,S,84.9,4,5485
2021-06-15 14:27:31,S,84.95,4,1068
2021-06-15 14:27:31,S,85.1,6,2344
2021-06-15 14:27:31,S,84.55,14,1436
2021-06-15 14:27:38,S,84.85,4,893
2021-06-15 14:27:38,S,84.7,13,5094
2021-06-15 14:27:38,S,84.65,4,1065
2021-06-15 14:27:39,S,84.9,4,5289
2021-06-15 14:27:39,S,84.75,5,968
2021-06-15 14:27:43,S,84.85,4,854
2021-06-15 14:27:43,S,84.9,3,5161
2021-06-15 14:27:43,S,84.95,3,768
2021-06-15 14:27:43,S,85.0,5,929
2021-06-15 14:27:43,S,85.05,3,779
2021-06-15 14:27:43,S,84.75,5,940
2021-06-15 14:27:43,S,84.7,12,3322
2021-06-15 14:27:43,S,84.65,3,776
2021-06-15 14:27:43,S,84.6,21,6998
2021-06-15 14:27:43,S,84.55,12,1408
2021-06-15 14:27:46,S,84.7,3,4243
2021-06-15 14:27:46,S,84.75,3,785
2021-06-15 14:27:46,S,84.8,4,1074
2021-06-15 14:27:46,S,84.85,3,915
2021-06-15 14:27:46,S,84.9,2,654
2021-06-15 14:27:46,S,84.6,17,2638
2021-06-15 14:27:46,S,84.55,11,877
2021-06-15 14:27:46,S,84.5,71,14108
2021-06-15 14:27:46,S,84.45,6,1099
2021-06-15 14:27:46,S,84.4,11,4855
2021-06-15 14:27:46,S,84.5,68,10218
2021-06-15 14:27:49,S,84.45,5,600
2021-06-15 14:27:51,S,84.55,7,360
2021-06-15 14:27:51,S,84.4,10,4820
2021-06-15 14:27:54,S,84.7,4,4243
2021-06-15 14:27:54,S,84.8,4,820
2021-06-15 14:27:54,S,84.85,5,1077
2021-06-15 14:27:54,S,84.55,8,370
2021-06-15 14:27:56,S,84.55,9,517
2021-06-15 14:28:01,S,84.55,10,667
2021-06-15 14:28:04,S,84.7,3,2743
2021-06-15 14:28:04,S,84.75,3,786
2021-06-15 14:28:06,S,84.55,11,687
2021-06-15 14:28:06,S,84.5,69,10346
2021-06-15 14:28:10,S,84.7,3,2733
2021-06-15 14:28:10,S,84.85,4,1042
2021-06-15 14:28:10,S,84.9,7,2595
2021-06-15 14:28:10,S,84.55,12,688
2021-06-15 14:28:10,S,84.5,70,12103
2021-06-15 14:28:10,S,84.45,6,1100
2021-06-15 14:28:10,S,84.4,9,4810
2021-06-15 14:28:10,S,84.35,6,745
2021-06-15 14:28:11,S,84.65,2,715
2021-06-15 14:28:11,S,84.7,3,664
2021-06-15 14:28:11,S,84.75,2,658
2021-06-15 14:28:11,S,84.8,3,785
2021-06-15 14:28:11,S,84.85,6,1046
2021-06-15 14:28:11,S,84.5,14,3784
2021-06-15 14:28:11,S,84.45,4,472
2021-06-15 14:28:11,S,84.4,7,2789
2021-06-15 14:28:11,S,84.35,4,739
2021-06-15 14:28:11,S,84.3,11,4423
2021-06-15 14:28:14,S,84.8,3,151
2021-06-15 14:28:14,S,84.75,2,647
2021-06-15 14:28:14,S,84.7,2,647
2021-06-15 14:28:14,S,84.65,3,648
2021-06-15 14:28:17,S,85.2,8,4008
2021-06-15 14:28:17,S,84.85,3,938
2021-06-15 14:28:17,S,84.8,4,279
2021-06-15 14:28:17,S,84.7,4,853
2021-06-15 14:28:17,S,84.65,4,834
2021-06-15 14:28:19,S,84.95,3,792
2021-06-15 14:28:19,S,84.75,6,1211
2021-06-15 14:28:19,S,84.7,5,2528
2021-06-15 14:28:22,S,84.95,4,915
2021-06-15 14:28:22,S,85.05,4,545
2021-06-15 14:28:22,S,84.7,3,1950
2021-06-15 14:28:22,S,84.6,2,2129
2021-06-15 14:28:25,S,84.95,3,252
2021-06-15 14:28:25,S,85.0,4,798
2021-06-15 14:28:30,S,84.9,2,752
2021-06-15 14:28:30,S,84.95,4,688
2021-06-15 14:28:30,S,85.0,3,325
2021-06-15 14:28:30,S,84.85,1,500
2021-06-15 14:28:30,S,84.8,5,1217
2021-06-15 14:28:31,S,85.05,3,540
2021-06-15 14:28:31,S,85.1,2,1712
2021-06-15 14:28:33,S,85.05,2,251
2021-06-15 14:28:33,S,84.85,3,1110
2021-06-15 14:28:33,S,84.7,4,2450
2021-06-15 14:28:37,S,84.95,3,203
2021-06-15 14:28:37,S,85.0,4,1485
2021-06-15 14:28:37,S,84.9,2,501
2021-06-15 14:28:37,S,84.85,4,1238
2021-06-15 14:28:49,S,85.0,4,1517
2021-06-15 14:28:49,S,84.9,2,351
2021-06-15 14:28:49,S,84.85,5,1268
2021-06-15 14:28:51,S,84.9,1,350
2021-06-15 14:28:51,S,84.85,6,1269
2021-06-15 14:28:56,S,84.95,2,153
2021-06-15 14:28:58,S,84.9,1,300
2021-06-15 14:29:02,S,84.9,1,299
2021-06-15 14:29:03,S,84.85,4,659
2021-06-15 14:29:08,S,84.9,1,298
2021-06-15 14:29:09,S,84.95,3,154
2021-06-15 14:29:09,S,85.0,5,1717
2021-06-15 14:29:09,S,84.9,1,297
2021-06-15 14:29:09,S,84.85,5,806
2021-06-15 14:29:09,S,84.7,5,2750
2021-06-15 14:29:12,S,84.95,4,609
2021-06-15 14:29:12,S,85.0,5,1375
2021-06-15 14:29:14,S,85.0,5,1707
2021-06-15 14:29:22,S,84.95,3,151
2021-06-15 14:29:27,S,84.95,4,152
2021-06-15 14:29:27,S,84.8,4,2284
2021-06-15 14:29:30,S,84.95,5,253
2021-06-15 14:29:30,S,85.0,6,1830
2021-06-15 14:29:30,S,84.8,4,2304
2021-06-15 14:29:39,S,84.95,6,713
2021-06-15 14:29:39,S,84.85,4,677
2021-06-15 14:29:42,S,84.95,6,694
2021-06-15 14:29:42,S,85.0,6,1575
2021-06-15 14:29:42,S,85.05,3,374
2021-06-15 14:29:42,S,85.15,5,1356
2021-06-15 14:29:43,S,84.95,5,228
2021-06-15 14:29:43,S,85.0,7,2043
2021-06-15 14:29:43,S,85.05,4,663
2021-06-15 14:29:43,S,84.85,3,431
2021-06-15 14:29:43,S,84.65,3,833
2021-06-15 14:29:45,S,85.05,5,1103
2021-06-15 14:29:45,S,84.9,2,1001
2021-06-15 14:29:45,S,84.85,4,1007
2021-06-15 14:29:49,S,84.95,5,128
2021-06-15 14:29:49,S,85.0,6,1889
2021-06-15 14:29:49,S,85.05,4,662
2021-06-15 14:29:49,S,84.85,5,1134
2021-06-15 14:29:54,S,84.95,4,104
2021-06-15 14:29:54,S,85.0,5,1452
2021-06-15 14:29:54,S,84.9,2,986
2021-06-15 14:29:54,S,84.85,6,3134
2021-06-15 14:29:54,S,84.75,5,779
2021-06-15 14:29:54,S,84.7,4,2250
2021-06-15 14:29:58,S,85.1,3,1835
2021-06-15 14:29:58,S,85.15,4,856
2021-06-15 14:29:58,S,85.2,7,4496
2021-06-15 14:29:58,S,84.95,3,976
2021-06-15 14:29:58,S,84.9,2,1134
2021-06-15 14:29:58,S,84.8,3,1841
2021-06-15 14:30:00,S,85.0,3,1202
2021-06-15 14:30:01,S,85.1,2,435
2021-06-15 14:30:01,S,84.8,4,2341
2021-06-15 14:30:04,S,85.25,6,745
2021-06-15 14:30:11,S,85.0,3,1200
2021-06-15 14:30:11,S,85.1,3,557
2021-06-15 14:30:11,S,85.15,3,746
2021-06-15 14:30:11,S,85.2,6,4461
2021-06-15 14:30:11,S,85.25,7,1245
2021-06-15 14:30:11,S,84.95,3,974
2021-06-15 14:30:11,S,84.9,3,1261
2021-06-15 14:30:11,S,84.85,7,2707
2021-06-15 14:30:11,S,84.8,5,5341
2021-06-15 14:30:11,S,84.75,3,775
2021-06-15 14:30:17,S,85.05,2,850
2021-06-15 14:30:21,S,85.1,2,156
2021-06-15 14:30:21,S,85.15,2,624
2021-06-15 14:30:21,S,85.2,5,2530
2021-06-15 14:30:21,S,85.25,5,710
2021-06-15 14:30:21,S,85.05,1,400
2021-06-15 14:30:21,S,85.0,6,580
2021-06-15 14:30:21,S,84.9,4,2820
2021-06-15 14:30:22,S,85.1,1,344
2021-06-15 14:30:25,S,85.35,5,1887
2021-06-15 14:30:34,S,85.3,8,4435
2021-06-15 14:30:34,S,85.35,4,487
2021-06-15 14:30:34,S,85.4,9,6078
2021-06-15 14:30:34,S,85.1,2,808
2021-06-15 14:30:34,S,85.05,6,681
2021-06-15 14:30:34,S,85.0,3,577
2021-06-15 14:30:34,S,84.9,5,2920
2021-06-15 14:30:35,S,85.1,2,151
2021-06-15 14:30:35,S,85.05,3,676
2021-06-15 14:30:35,S,84.95,4,810
2021-06-15 14:30:40,S,85.15,2,245
2021-06-15 14:30:45,S,85.2,4,870
2021-06-15 14:30:45,S,85.3,6,877
2021-06-15 14:30:48,S,85.2,5,1321
2021-06-15 14:30:48,S,85.0,6,2285
2021-06-15 14:31:04,S,85.2,5,1307
2021-06-15 14:31:04,S,85.0,7,2745
2021-06-15 14:31:04,S,84.85,6,2738
2021-06-15 14:31:19,S,85.25,5,960
2021-06-15 14:31:28,S,85.2,3,749
2021-06-15 14:31:28,S,85.25,5,975
2021-06-15 14:31:28,S,85.1,2,150
2021-06-15 14:31:28,S,85.05,4,1115
2021-06-15 14:31:30,S,85.15,2,213
2021-06-15 14:31:30,S,85.3,8,5967
2021-06-15 14:31:30,S,85.05,3,549
2021-06-15 14:31:30,S,85.0,7,5285
2021-06-15 14:31:34,S,84.9,6,2955
2021-06-15 14:31:37,S,85.2,5,871
2021-06-15 14:31:37,S,85.0,8,5730
2021-06-15 14:31:42,S,85.1,1,89
2021-06-15 14:31:42,S,85.15,2,208
2021-06-15 14:31:42,S,85.2,6,1323
2021-06-15 14:31:42,S,85.05,2,548
2021-06-15 14:31:42,S,85.0,7,5603
2021-06-15 14:31:46,S,85.2,4,739
2021-06-15 14:31:54,S,85.2,3,539
2021-06-15 14:31:54,S,85.3,7,5877
2021-06-15 14:32:01,S,85.05,5,1028
2021-06-15 14:32:01,S,84.95,3,775
2021-06-15 14:32:01,S,84.9,5,2855
2021-06-15 14:32:04,S,85.2,2,489
2021-06-15 14:32:04,S,85.4,7,5943
2021-06-15 14:32:14,S,85.2,3,1489
2021-06-15 14:32:14,S,85.3,8,5853
2021-06-15 14:32:14,S,85.05,6,1155
2021-06-15 14:32:19,S,85.25,4,675
2021-06-15 14:32:22,S,85.2,4,1494
2021-06-15 14:32:22,S,85.05,6,1151
2021-06-15 14:32:22,S,84.85,8,2839
2021-06-15 14:32:25,S,85.2,5,1638
2021-06-15 14:32:25,S,85.05,5,1024
2021-06-15 14:32:25,S,85.0,5,5280
2021-06-15 14:32:34,S,85.15,1,250
2021-06-15 14:32:34,S,85.2,7,2191
2021-06-15 14:32:37,S,85.15,1,230
2021-06-15 14:32:37,S,85.2,7,2139
2021-06-15 14:32:38,S,85.2,8,2259
2021-06-15 14:32:38,S,85.35,3,452
2021-06-15 14:32:38,S,85.05,4,438
2021-06-15 14:32:38,S,85.0,6,5711
2021-06-15 14:33:02,S,85.1,1,50
2021-06-15 14:33:02,S,85.15,3,827
2021-06-15 14:33:02,S,85.25,5,796
2021-06-15 14:33:02,S,85.05,2,434
2021-06-15 14:33:02,S,85.0,7,5588
2021-06-15 14:33:02,S,84.95,4,2775
2021-06-15 14:33:02,S,84.9,6,2925
2021-06-15 14:33:02,S,84.85,7,2838
2021-06-15 14:33:04,S,85.15,5,929
2021-06-15 14:33:08,S,85.05,2,195
2021-06-15 14:33:08,S,85.1,3,664
2021-06-15 14:33:08,S,85.0,3,3449
2021-06-15 14:33:17,S,85.05,1,45
2021-06-15 14:33:17,S,85.1,2,193
2021-06-15 14:33:17,S,85.15,4,495
2021-06-15 14:33:17,S,85.2,7,2009
2021-06-15 14:33:17,S,85.0,3,3299
2021-06-15 14:33:17,S,84.95,6,3105
2021-06-15 14:33:17,S,84.85,5,2703
2021-06-15 14:33:20,S,85.2,8,2010
2021-06-15 14:33:20,S,85.05,6,1143
2021-06-15 14:33:20,S,85.0,5,5126
2021-06-15 14:33:21,S,85.05,5,943
2021-06-15 14:33:31,S,85.25,5,607
2021-06-15 14:33:34,S,85.2,6,1690
2021-06-15 14:33:34,S,85.05,5,972
2021-06-15 14:33:34,S,85.0,6,5240
2021-06-15 14:33:41,S,85.05,6,707
2021-06-15 14:33:41,S,85.0,8,6011
2021-06-15 14:33:46,S,85.2,7,1810
2021-06-15 14:33:46,S,85.05,7,1152
2021-06-15 14:33:48,S,85.05,7,1147
2021-06-15 14:33:48,S,85.0,7,5540
2021-06-15 14:33:50,S,85.0,9,5544
2021-06-15 14:33:57,S,85.05,4,698
2021-06-15 14:33:59,S,85.05,4,688
2021-06-15 14:33:59,S,85.0,10,5996
2021-06-15 14:34:13,S,85.05,5,888
2021-06-15 14:34:13,S,85.0,8,5570
2021-06-15 14:34:16,S,85.1,1,25
2021-06-15 14:34:22,S,85.15,3,815
2021-06-15 14:34:22,S,85.0,9,5696
2021-06-15 14:34:28,S,85.2,7,2270
2021-06-15 14:34:31,S,85.05,4,548
2021-06-15 14:34:52,S,85.1,2,67
2021-06-15 14:34:52,S,85.15,2,374
2021-06-15 14:34:52,S,85.2,6,1805
2021-06-15 14:34:52,S,85.05,5,1048
2021-06-15 14:34:52,S,85.0,10,6696
2021-06-15 14:34:55,S,85.2,5,1685
2021-06-15 14:34:55,S,85.05,6,1252
2021-06-15 14:34:55,S,85.0,7,6566
2021-06-15 14:34:57,S,85.2,6,1804
2021-06-15 14:35:02,S,85.2,7,2253
2021-06-15 14:35:02,S,85.05,6,1202
2021-06-15 14:35:02,S,85.0,8,6691
2021-06-15 14:35:04,S,85.2,6,1276
2021-06-15 14:35:04,S,85.05,3,150
2021-06-15 14:35:04,S,85.0,8,6699
2021-06-15 14:35:07,S,85.2,6,1280
2021-06-15 14:35:07,S,85.0,8,9074
2021-06-15 14:35:10,S,85.0,10,9399
2021-06-15 14:35:23,S,85.15,2,241
2021-06-15 14:35:23,S,85.0,10,9489
2021-06-15 14:35:24,S,85.05,4,537
2021-06-15 14:35:24,S,85.0,9,9364
2021-06-15 14:35:39,S,85.2,5,804
2021-06-15 14:35:39,S,85.05,3,104
2021-06-15 14:35:39,S,85.0,11,9950
2021-06-15 14:35:40,S,85.05,2,589
2021-06-15 14:35:43,S,85.2,5,803
2021-06-15 14:35:49,S,85.0,13,9957
2021-06-15 14:35:57,S,85.05,3,680
2021-06-15 14:36:00,S,85.0,12,9491
2021-06-15 14:36:05,S,85.05,4,730
2021-06-15 14:36:05,S,85.0,13,10491
2021-06-15 14:36:21,S,84.85,6,2803
2021-06-15 14:36:24,S,85.25,4,507
2021-06-15 14:36:24,S,85.0,13,9991
2021-06-15 14:36:29,S,85.15,2,191
2021-06-15 14:36:29,S,85.2,4,685
2021-06-15 14:36:29,S,85.25,3,386
2021-06-15 14:36:29,S,85.1,2,195
2021-06-15 14:36:29,S,85.05,6,855
2021-06-15 14:36:29,S,85.0,13,9944
2021-06-15 14:36:37,S,85.2,3,684
2021-06-15 14:36:37,S,85.3,7,5848
2021-06-15 14:36:37,S,85.1,5,658
2021-06-15 14:36:37,S,85.25,4,387
2021-06-15 14:36:43,S,85.05,7,1045
2021-06-15 14:36:46,S,85.2,3,674
2021-06-15 14:36:49,S,85.2,2,430
2021-06-15 14:36:49,S,85.25,5,392
2021-06-15 14:36:49,S,85.3,6,5727
2021-06-15 14:36:49,S,85.1,4,603
2021-06-15 14:36:49,S,85.05,7,1026
2021-06-15 14:37:00,S,85.2,3,431
2021-06-15 14:37:00,S,85.25,5,825
2021-06-15 14:37:00,S,85.1,3,147
2021-06-15 14:37:00,S,85.05,6,526
2021-06-15 14:37:04,S,85.05,4,309
2021-06-15 14:37:13,S,85.0,11,9942
2021-06-15 14:37:19,S,85.2,5,912
2021-06-15 14:37:19,S,85.05,3,303
2021-06-15 14:37:22,S,85.05,2,178
2021-06-15 14:37:22,S,85.0,12,9952
2021-06-15 14:37:31,S,85.25,5,509
2021-06-15 14:37:34,S,85.2,5,907
2021-06-15 14:37:40,S,85.05,2,76
2021-06-15 14:37:48,S,85.4,6,4943
2021-06-15 14:37:48,S,85.05,3,200
2021-06-15 14:37:48,S,85.05,2,150
2021-06-15 14:37:53,S,85.05,4,284
2021-06-15 14:37:53,S,85.0,13,10422
2021-06-15 14:37:54,S,85.2,5,857
2021-06-15 14:37:54,S,85.25,5,1391
2021-06-15 14:38:01,S,85.05,3,527
2021-06-15 14:38:07,S,85.2,6,1057
2021-06-15 14:38:07,S,85.4,7,5043
2021-06-15 14:38:10,S,85.05,4,451
2021-06-15 14:38:19,S,85.2,7,1307
2021-06-15 14:38:28,S,85.4,8,5243
2021-06-15 14:38:28,S,85.05,5,456
2021-06-15 14:38:28,S,85.0,12,9951
2021-06-15 14:38:28,S,84.95,3,2647
2021-06-15 14:38:28,S,84.9,6,2990
2021-06-15 14:38:28,S,84.85,10,2825
2021-06-15 14:38:34,S,85.15,1,35
2021-06-15 14:38:34,S,85.0,13,10404
2021-06-15 14:38:40,S,85.05,4,332
2021-06-15 14:38:40,S,85.0,13,10403
2021-06-15 14:38:46,S,85.15,1,10
2021-06-15 14:38:46,S,85.05,4,305
2021-06-15 14:38:46,S,85.0,12,10280
2021-06-15 14:38:46,S,84.85,8,2813
2021-06-15 14:38:49,S,85.15,2,151
2021-06-15 14:38:49,S,85.2,7,1278
2021-06-15 14:38:49,S,85.25,6,1510
2021-06-15 14:38:49,S,85.05,4,304
2021-06-15 14:38:49,S,85.0,11,9827
2021-06-15 14:38:49,S,84.95,4,2771
2021-06-15 14:38:49,S,84.9,5,2890
2021-06-15 14:38:49,S,84.85,7,2812
2021-06-15 14:38:51,S,85.15,3,152
2021-06-15 14:38:51,S,85.2,5,840
2021-06-15 14:38:54,S,84.9,5,3218
2021-06-15 14:38:57,S,85.3,7,5845
2021-06-15 14:38:57,S,84.8,11,7227
2021-06-15 14:39:06,S,85.0,5,2451
2021-06-15 14:39:06,S,84.8,9,7221
2021-06-15 14:39:12,S,85.1,2,605
2021-06-15 14:39:12,S,85.15,4,270
2021-06-15 14:39:12,S,85.0,5,2462
2021-06-15 14:39:12,S,84.9,5,2887
2021-06-15 14:39:12,S,84.85,6,2685
2021-06-15 14:39:16,S,85.15,4,618
2021-06-15 14:39:16,S,85.35,4,952
2021-06-15 14:39:21,S,85.15,3,573
2021-06-15 14:39:21,S,85.05,1,10
2021-06-15 14:39:21,S,85.0,6,2601
2021-06-15 14:39:21,S,84.95,4,2773
2021-06-15 14:39:21,S,85.15,2,107
2021-06-15 14:39:21,S,85.0,5,2373
2021-06-15 14:39:21,S,84.8,8,7220
2021-06-15 14:39:24,S,85.05,1,950
2021-06-15 14:39:24,S,85.1,3,1101
2021-06-15 14:39:24,S,85.15,3,225
2021-06-15 14:39:24,S,85.0,6,2873
2021-06-15 14:39:24,S,84.95,2,2149
2021-06-15 14:39:31,S,85.1,2,643
2021-06-15 14:39:31,S,84.9,5,2863
2021-06-15 14:39:41,S,85.2,6,958
2021-06-15 14:39:46,S,85.1,2,493
2021-06-15 14:39:49,S,85.0,6,1923
2021-06-15 14:39:49,S,84.95,5,3225
2021-06-15 14:39:54,S,85.1,2,443
2021-06-15 14:39:54,S,85.2,7,1083
2021-06-15 14:39:54,S,85.3,8,7672
2021-06-15 14:39:59,S,85.0,6,1823
2021-06-15 14:40:01,S,85.15,4,688
2021-06-15 14:40:01,S,85.2,6,833
2021-06-15 14:40:01,S,84.95,5,3207
2021-06-15 14:40:16,S,85.1,5,1009
2021-06-15 14:40:16,S,85.0,7,1836
2021-06-15 14:40:24,S,85.15,4,667
2021-06-15 14:40:24,S,85.25,7,1610
2021-06-15 14:40:24,S,85.0,8,1856
2021-06-15 14:40:25,S,85.1,6,1016
2021-06-15 14:40:27,S,84.95,3,2649
2021-06-15 14:40:27,S,84.9,6,2987
2021-06-15 14:40:36,S,85.1,5,1006
2021-06-15 14:40:36,S,85.15,2,224
2021-06-15 14:40:36,S,85.2,6,4389
2021-06-15 14:40:36,S,85.25,8,2110
2021-06-15 14:40:36,S,85.3,9,7922
2021-06-15 14:40:36,S,85.0,6,1356
2021-06-15 14:40:36,S,84.95,4,2772
2021-06-15 14:40:36,S,84.9,7,3017
2021-06-15 14:40:36,S,84.85,7,2809
2021-06-15 14:40:36,S,84.8,7,6720
2021-06-15 14:40:37,S,85.0,1,1884
2021-06-15 14:40:37,S,85.1,3,543
2021-06-15 14:40:37,S,85.15,3,324
2021-06-15 14:40:37,S,84.8,6,6592
2021-06-15 14:40:40,S,85.0,2,2384
2021-06-15 14:40:45,S,85.0,2,2383
2021-06-15 14:40:45,S,85.15,4,824
2021-06-15 14:40:45,S,84.95,1,2000
2021-06-15 14:40:45,S,84.85,5,2585
2021-06-15 14:40:48,S,85.0,1,883
2021-06-15 14:40:48,S,85.05,3,610
2021-06-15 14:40:48,S,85.1,4,660
2021-06-15 14:40:48,S,85.2,5,589
2021-06-15 14:40:48,S,84.85,7,3141
2021-06-15 14:40:49,S,85.05,2,609
2021-06-15 14:40:49,S,85.2,6,689
2021-06-15 14:40:49,S,84.9,5,2793
2021-06-15 14:40:52,S,85.0,1,600
2021-06-15 14:40:52,S,85.25,7,2010
2021-06-15 14:40:59,S,85.0,1,590
2021-06-15 14:40:59,S,85.05,3,692
2021-06-15 14:40:59,S,85.1,5,661
2021-06-15 14:40:59,S,85.15,4,613
2021-06-15 14:40:59,S,85.2,7,4489
2021-06-15 14:40:59,S,84.9,6,3244
2021-06-15 14:40:59,S,84.85,6,2708
2021-06-15 14:40:59,S,84.8,7,6715
2021-06-15 14:40:59,S,84.75,5,1875
2021-06-15 14:41:01,S,85.2,5,4271
2021-06-15 14:41:01,S,85.3,7,5977
2021-06-15 14:41:07,S,85.2,4,471
2021-06-15 14:41:07,S,85.25,7,1958
2021-06-15 14:41:07,S,85.35,3,751
2021-06-15 14:41:07,S,85.4,9,5105
2021-06-15 14:41:07,S,85.05,3,593
2021-06-15 14:41:07,S,85.0,3,6774
2021-06-15 14:41:11,S,85.2,6,482
2021-06-15 14:41:11,S,85.25,6,1840
2021-06-15 14:41:11,S,85.1,1,1
2021-06-15 14:41:11,S,85.05,3,616
2021-06-15 14:41:11,S,85.0,4,6897
2021-06-15 14:41:12,S,85.2,6,945
2021-06-15 14:41:12,S,85.0,3,4868
2021-06-15 14:41:15,S,85.2,5,472
2021-06-15 14:41:15,S,85.0,4,5342
2021-06-15 14:41:18,S,85.2,7,934
2021-06-15 14:41:18,S,85.25,6,1509
2021-06-15 14:41:18,S,85.3,8,6095
2021-06-15 14:41:18,S,85.35,4,869
2021-06-15 14:41:18,S,85.4,8,5173
2021-06-15 14:41:18,S,85.0,2,4745
2021-06-15 14:41:18,S,84.9,6,3140
2021-06-15 14:41:18,S,84.85,8,2809
2021-06-15 14:41:18,S,84.8,9,6747
2021-06-15 14:41:20,S,85.5,8,1437
2021-06-15 14:41:20,S,85.55,4,544
2021-06-15 14:41:20,S,85.25,2,272
2021-06-15 14:41:25,S,85.4,5,1411
2021-06-15 14:41:25,S,85.45,6,3774
2021-06-15 14:41:25,S,85.5,9,1544
2021-06-15 14:41:25,S,85.55,5,1044
2021-06-15 14:41:25,S,85.3,3,4090
2021-06-15 14:41:25,S,85.25,3,772
2021-06-15 14:41:25,S,85.2,2,272
2021-06-15 14:41:25,S,85.15,3,937
2021-06-15 14:41:25,S,85.1,3,1866
2021-06-15 14:41:26,S,85.4,5,1402
2021-06-15 14:41:26,S,85.25,2,447
2021-06-15 14:41:32,S,85.4,6,1412
2021-06-15 14:41:32,S,85.45,6,4130
2021-06-15 14:41:32,S,85.3,1,4522
2021-06-15 14:41:32,S,85.25,5,1221
2021-06-15 14:41:32,S,85.2,3,2134
2021-06-15 14:41:32,S,85.15,3,772
2021-06-15 14:41:32,S,85.1,4,2001
2021-06-15 14:41:33,S,85.4,7,1879
2021-06-15 14:41:33,S,85.2,4,2309
2021-06-15 14:41:36,S,85.35,1,139
2021-06-15 14:41:36,S,85.4,6,1869
2021-06-15 14:41:36,S,85.5,9,1995
2021-06-15 14:41:36,S,85.25,1,1
2021-06-15 14:41:36,S,85.2,5,2745
2021-06-15 14:41:40,S,85.45,7,4250
2021-06-15 14:41:40,S,85.25,2,459
2021-06-15 14:41:40,S,85.2,4,2312
2021-06-15 14:41:43,S,85.45,6,3773
2021-06-15 14:41:43,S,85.6,9,4941
2021-06-15 14:41:43,S,85.3,1,4285
2021-06-15 14:41:43,S,85.25,3,959
2021-06-15 14:41:48,S,85.3,2,4752
2021-06-15 14:41:48,S,85.25,2,501
2021-06-15 14:42:01,S,85.45,7,4073
2021-06-15 14:42:01,S,85.3,2,4727
2021-06-15 14:42:01,S,85.25,4,780
2021-06-15 14:42:03,S,85.6,8,4641
2021-06-15 14:42:03,S,85.2,5,2437
2021-06-15 14:42:03,S,85.1,2,1683
2021-06-15 14:42:22,S,85.4,4,1051
2021-06-15 14:42:22,S,85.45,8,4541
2021-06-15 14:42:22,S,85.5,8,1798
2021-06-15 14:42:22,S,85.6,9,5141
2021-06-15 14:42:22,S,85.3,1,3235
2021-06-15 14:42:22,S,85.25,4,1068
2021-06-15 14:42:22,S,85.2,6,2937
2021-06-15 14:42:22,S,85.15,2,625
2021-06-15 14:42:24,S,85.35,3,601
2021-06-15 14:42:24,S,85.5,9,2298
2021-06-15 14:42:24,S,85.55,4,873
2021-06-15 14:42:24,S,85.3,1,735
2021-06-15 14:42:24,S,85.2,1,1
2021-06-15 14:42:24,S,85.15,3,779
2021-06-15 14:42:24,S,85.1,3,2183
2021-06-15 14:42:24,S,85.05,4,837
2021-06-15 14:42:27,S,85.3,2,2404
2021-06-15 14:42:27,S,85.35,2,639
2021-06-15 14:42:27,S,85.4,5,1787
2021-06-15 14:42:27,S,85.05,4,1106
2021-06-15 14:42:27,S,85.0,9,4776
2021-06-15 14:42:27,S,84.9,11,5487
2021-06-15 14:42:27,S,84.85,6,2408
2021-06-15 14:42:33,S,85.4,4,1287
2021-06-15 14:42:33,S,85.05,6,1232
2021-06-15 14:42:33,S,85.0,8,4276
2021-06-15 14:42:36,S,85.3,3,2512
2021-06-15 14:42:36,S,85.05,4,618
2021-06-15 14:42:40,S,85.25,3,607
2021-06-15 14:42:40,S,85.4,5,3066
2021-06-15 14:42:40,S,85.45,8,4573
2021-06-15 14:42:40,S,85.05,5,743
2021-06-15 14:42:40,S,85.0,8,4206
2021-06-15 14:42:40,S,84.95,4,2261
2021-06-15 14:42:40,S,84.9,10,4987
2021-06-15 14:42:48,S,85.2,3,641
2021-06-15 14:42:48,S,85.25,4,754
2021-06-15 14:42:48,S,85.3,5,2747
2021-06-15 14:42:48,S,85.35,4,782
2021-06-15 14:42:48,S,85.4,7,3201
2021-06-15 14:42:48,S,85.0,4,1975
2021-06-15 14:42:48,S,84.95,3,2138
2021-06-15 14:42:48,S,84.9,7,4886
2021-06-15 14:42:48,S,84.85,9,3458
2021-06-15 14:42:48,S,84.8,9,6950
2021-06-15 14:42:49,S,85.0,1,500
2021-06-15 14:42:49,S,85.15,2,141
2021-06-15 14:42:49,S,85.2,4,719
2021-06-15 14:42:49,S,85.3,4,2712
2021-06-15 14:42:55,S,85.05,3,717
2021-06-15 14:42:55,S,85.1,4,546
2021-06-15 14:42:55,S,84.95,1,1500
2021-06-15 14:42:58,S,85.0,2,501
2021-06-15 14:42:58,S,85.05,4,718
2021-06-15 14:42:59,S,85.05,5,991
2021-06-15 14:43:03,S,85.1,3,545
2021-06-15 14:43:07,S,85.0,2,441
2021-06-15 14:43:07,S,85.05,4,530
2021-06-15 14:43:07,S,85.1,4,982
2021-06-15 14:43:07,S,85.15,3,756
2021-06-15 14:43:07,S,85.2,1,200
2021-06-15 14:43:07,S,84.75,5,1913
2021-06-15 14:43:09,S,85.15,3,257
2021-06-15 14:43:09,S,85.0,2,270
2021-06-15 14:43:16,S,85.15,5,835
2021-06-15 14:43:16,S,85.3,5,2812
2021-06-15 14:43:16,S,85.0,3,296
2021-06-15 14:43:16,S,84.8,8,6915
2021-06-15 14:43:18,S,85.15,5,1164
2021-06-15 14:43:18,S,85.2,3,456
2021-06-15 14:43:18,S,85.3,6,4499
2021-06-15 14:43:18,S,84.8,11,6920
2021-06-15 14:43:21,S,85.0,3,196
2021-06-15 14:43:39,S,85.15,5,1114
2021-06-15 14:43:39,S,85.2,4,656
2021-06-15 14:43:39,S,85.0,4,321
2021-06-15 14:43:40,S,85.2,5,1089
2021-06-15 14:43:40,S,85.05,1,100
2021-06-15 14:43:40,S,85.0,5,677
2021-06-15 14:43:43,S,85.3,5,4299
2021-06-15 14:43:43,S,84.95,3,1678
2021-06-15 14:44:06,S,85.15,5,1077
2021-06-15 14:44:06,S,85.35,3,747
2021-06-15 14:44:06,S,85.0,3,532
2021-06-15 14:44:06,S,84.95,4,1679
2021-06-15 14:44:06,S,84.8,11,5920
2021-06-15 14:44:09,S,85.15,4,644
2021-06-15 14:44:09,S,84.95,3,1554
2021-06-15 14:44:13,S,85.05,1,44
2021-06-15 14:44:13,S,85.0,4,551
2021-06-15 14:44:22,S,85.15,5,759
2021-06-15 14:44:22,S,85.3,6,4319
2021-06-15 14:44:22,S,85.0,5,1051
2021-06-15 14:44:22,S,84.95,3,1677
2021-06-15 14:44:22,S,84.8,9,5916
2021-06-15 14:44:28,S,85.05,1,24
2021-06-15 14:44:28,S,85.0,2,202
2021-06-15 14:44:30,S,85.05,2,148
2021-06-15 14:44:30,S,85.1,3,589
2021-06-15 14:44:30,S,85.15,2,180
2021-06-15 14:44:30,S,85.25,3,753
2021-06-15 14:44:30,S,85.0,1,51
2021-06-15 14:44:30,S,84.95,2,1553
2021-06-15 14:44:30,S,84.9,6,3142
2021-06-15 14:44:30,S,84.85,7,2908
2021-06-15 14:44:34,S,85.0,2,2149
2021-06-15 14:44:34,S,85.05,4,597
2021-06-15 14:44:48,S,85.0,2,2146
2021-06-15 14:44:48,S,85.05,5,632
2021-06-15 14:44:48,S,85.2,4,655
2021-06-15 14:44:48,S,84.95,1,1400
2021-06-15 14:44:48,S,84.9,5,3017
2021-06-15 14:44:48,S,84.85,5,2308
2021-06-15 14:44:51,S,85.0,5,3501
2021-06-15 14:44:51,S,84.9,3,1085
2021-06-15 14:44:51,S,84.85,5,2309
2021-06-15 14:44:54,S,85.0,5,3401
2021-06-15 14:44:54,S,85.2,6,955
2021-06-15 14:44:54,S,84.8,8,5915
2021-06-15 14:44:58,S,84.95,3,862
2021-06-15 14:44:58,S,85.0,5,3085
2021-06-15 14:45:01,S,85.0,6,3560
2021-06-15 14:45:01,S,84.9,3,835
2021-06-15 14:45:09,S,84.95,2,428
2021-06-15 14:45:12,S,84.95,3,923
2021-06-15 14:45:15,S,84.9,4,2835
2021-06-15 14:45:15,S,84.7,8,3978
2021-06-15 14:45:21,S,84.95,2,649
2021-06-15 14:45:22,S,84.95,2,599
2021-06-15 14:45:25,S,84.95,2,595
2021-06-15 14:45:25,S,85.0,7,5825
2021-06-15 14:45:25,S,85.1,3,544
2021-06-15 14:45:25,S,84.85,5,2284
2021-06-15 14:45:31,S,84.95,3,596
2021-06-15 14:45:31,S,85.0,7,9624
2021-06-15 14:45:31,S,85.05,4,298
2021-06-15 14:45:31,S,85.1,2,255
2021-06-15 14:45:31,S,84.9,4,2535
2021-06-15 14:45:31,S,84.7,9,3983
2021-06-15 14:45:37,S,85.0,7,9231
2021-06-15 14:45:37,S,84.9,3,535
2021-06-15 14:45:37,S,84.85,4,2185
2021-06-15 14:45:37,S,84.8,6,4111
2021-06-15 14:45:37,S,84.9,1,1640
2021-06-15 14:45:40,S,84.9,1,1639
2021-06-15 14:45:40,S,84.8,6,4087
2021-06-15 14:45:46,S,84.9,1,1637
2021-06-15 14:45:46,S,85.0,7,7466
2021-06-15 14:45:46,S,84.8,5,3988
2021-06-15 14:45:46,S,84.75,5,2263
2021-06-15 14:45:49,S,84.95,4,1071
2021-06-15 14:45:49,S,84.85,5,2205
2021-06-15 14:45:56,S,84.8,7,4548
2021-06-15 14:46:03,S,84.9,1,1570
2021-06-15 14:46:03,S,84.95,3,595
2021-06-15 14:46:03,S,85.0,6,6966
2021-06-15 14:46:03,S,85.1,3,755
2021-06-15 14:46:03,S,84.85,6,2206
2021-06-15 14:46:03,S,84.8,8,4549
2021-06-15 14:46:03,S,84.75,6,2763
2021-06-15 14:46:06,S,84.95,3,428
2021-06-15 14:46:06,S,85.0,7,5795
2021-06-15 14:46:06,S,85.05,5,798
2021-06-15 14:46:06,S,84.8,5,2423
2021-06-15 14:46:06,S,84.75,5,2597
2021-06-15 14:46:06,S,84.65,4,937
2021-06-15 14:46:06,S,85.1,4,855
2021-06-15 14:46:06,S,84.9,4,1601
2021-06-15 14:46:06,S,84.75,6,2697
2021-06-15 14:46:12,S,85.0,4,1779
2021-06-15 14:46:12,S,85.05,3,183
2021-06-15 14:46:12,S,85.1,4,817
2021-06-15 14:46:12,S,85.15,3,680
2021-06-15 14:46:12,S,85.2,8,3300
2021-06-15 14:46:12,S,84.9,5,1700
2021-06-15 14:46:12,S,84.85,2,249
2021-06-15 14:46:12,S,84.7,11,6483
2021-06-15 14:46:13,S,85.2,6,1340
2021-06-15 14:46:13,S,85.25,2,639
2021-06-15 14:46:13,S,85.3,5,2446
2021-06-15 14:46:13,S,85.35,6,1831
2021-06-15 14:46:13,S,84.95,3,661
2021-06-15 14:46:13,S,84.9,4,3380
2021-06-15 14:46:13,S,84.85,6,1348
2021-06-15 14:46:13,S,84.8,8,4665
2021-06-15 14:46:16,S,84.95,4,760
2021-06-15 14:46:18,S,85.15,2,427
2021-06-15 14:46:18,S,85.2,8,1883
2021-06-15 14:46:18,S,85.35,7,1931
2021-06-15 14:46:18,S,84.95,5,761
2021-06-15 14:46:18,S,84.9,5,3479
2021-06-15 14:46:18,S,84.85,3,749
2021-06-15 14:46:18,S,84.8,11,5045
2021-06-15 14:46:21,S,84.95,5,1039
2021-06-15 14:46:27,S,85.2,4,740
2021-06-15 14:46:27,S,85.25,3,717
2021-06-15 14:46:27,S,85.4,11,5630
2021-06-15 14:46:27,S,85.05,4,722
2021-06-15 14:46:27,S,85.0,4,1449
2021-06-15 14:46:27,S,84.95,4,1038
2021-06-15 14:46:27,S,84.85,6,834
2021-06-15 14:46:30,S,85.25,4,1151
2021-06-15 14:46:30,S,85.1,1,200
2021-06-15 14:46:30,S,85.0,3,1249
2021-06-15 14:46:33,S,85.05,2,249
2021-06-15 14:46:38,S,85.2,5,550
2021-06-15 14:46:38,S,85.25,3,506
2021-06-15 14:46:38,S,85.0,4,1749
2021-06-15 14:46:38,S,84.9,4,2479
2021-06-15 14:46:39,S,85.2,4,288
2021-06-15 14:46:39,S,85.25,2,428
2021-06-15 14:46:39,S,85.3,6,2524
2021-06-15 14:46:39,S,85.4,9,5546
2021-06-15 14:46:39,S,85.0,5,3427
2021-06-15 14:46:42,S,85.2,3,287
2021-06-15 14:46:42,S,85.25,3,429
2021-06-15 14:46:42,S,85.3,5,2024
2021-06-15 14:46:42,S,85.35,5,1847
2021-06-15 14:46:42,S,85.4,8,5046
2021-06-15 14:46:42,S,85.15,2,161
2021-06-15 14:46:42,S,85.1,5,906
2021-06-15 14:46:42,S,85.05,3,250
2021-06-15 14:46:44,S,85.3,4,548
2021-06-15 14:46:44,S,85.35,5,2190
2021-06-15 14:46:44,S,85.15,4,623
2021-06-15 14:46:44,S,85.05,4,750
2021-06-15 14:46:47,S,85.25,2,140
2021-06-15 14:46:49,S,85.25,2,100
2021-06-15 14:46:49,S,85.3,5,1013
2021-06-15 14:46:49,S,85.35,5,1816
2021-06-15 14:46:49,S,85.2,1,113
2021-06-15 14:46:49,S,85.15,5,722
2021-06-15 14:46:49,S,85.1,3,449
2021-06-15 14:46:52,S,85.2,3,1625
2021-06-15 14:46:52,S,85.15,4,261
2021-06-15 14:46:55,S,85.35,4,1647
2021-06-15 14:46:55,S,85.5,12,5733
2021-06-15 14:47:00,S,85.25,1,87
2021-06-15 14:47:00,S,85.3,5,549
2021-06-15 14:47:00,S,85.2,2,1153
2021-06-15 14:47:00,S,85.15,5,710
2021-06-15 14:47:00,S,85.1,2,249
2021-06-15 14:47:01,S,85.35,2,1139
2021-06-15 14:47:15,S,85.25,1,10
2021-06-15 14:47:15,S,85.3,4,260
2021-06-15 14:47:15,S,85.35,3,1216
2021-06-15 14:47:15,S,85.45,8,3770
2021-06-15 14:47:15,S,85.2,3,1154
2021-06-15 14:47:15,S,85.15,4,709
2021-06-15 14:47:15,S,85.1,3,2120
2021-06-15 14:47:15,S,85.05,5,759
2021-06-15 14:47:15,S,85.0,4,2927
2021-06-15 14:47:16,S,85.25,2,624
2021-06-15 14:47:16,S,85.0,4,2562
2021-06-15 14:47:16,S,84.85,7,1382
2021-06-15 14:47:16,S,84.8,9,5848
2021-06-15 14:47:19,S,85.0,4,2464
2021-06-15 14:47:22,S,85.25,3,716
2021-06-15 14:47:22,S,85.05,2,146
2021-06-15 14:47:22,S,85.0,5,2563
2021-06-15 14:47:25,S,85.2,2,525
2021-06-15 14:47:25,S,85.25,2,216
2021-06-15 14:47:25,S,85.3,4,336
2021-06-15 14:47:25,S,85.0,6,2763
2021-06-15 14:47:31,S,85.2,1,424
2021-06-15 14:47:31,S,85.3,5,625
2021-06-15 14:47:37,S,85.2,2,624
2021-06-15 14:47:37,S,85.25,3,231
2021-06-15 14:47:46,S,85.2,2,600
2021-06-15 14:47:46,S,85.25,2,139
2021-06-15 14:47:46,S,85.3,5,378
2021-06-15 14:47:46,S,85.35,4,1716
2021-06-15 14:47:46,S,85.4,7,5011
2021-06-15 14:47:46,S,85.05,3,245
2021-06-15 14:47:46,S,85.0,7,3207
2021-06-15 14:47:46,S,84.95,3,749
2021-06-15 14:47:46,S,84.9,4,3850
2021-06-15 14:47:46,S,84.85,7,868
2021-06-15 14:47:48,S,85.15,5,738
2021-06-15 14:47:48,S,85.2,4,731
2021-06-15 14:47:48,S,85.25,2,638
2021-06-15 14:47:48,S,85.3,8,2028
2021-06-15 14:47:48,S,84.9,3,2312
2021-06-15 14:47:48,S,84.85,4,520
2021-06-15 14:47:50,S,85.0,1,241
2021-06-15 14:47:50,S,85.05,2,138
2021-06-15 14:47:50,S,85.15,3,736
2021-06-15 14:47:50,S,85.2,5,450
2021-06-15 14:47:50,S,84.85,2,613
2021-06-15 14:47:50,S,84.8,9,3898
2021-06-15 14:47:50,S,84.65,5,1000
2021-06-15 14:47:53,S,84.8,9,4228
2021-06-15 14:47:53,S,84.6,11,4960
2021-06-15 14:48:02,S,85.0,2,680
2021-06-15 14:48:02,S,84.85,4,1075
2021-06-15 14:48:04,S,85.2,7,2542
2021-06-15 14:48:04,S,84.8,8,3750
2021-06-15 14:48:08,S,85.0,2,686
2021-06-15 14:48:08,S,85.05,3,237
2021-06-15 14:48:08,S,85.1,3,525
2021-06-15 14:48:08,S,85.2,8,2742
2021-06-15 14:48:08,S,84.85,3,826
2021-06-15 14:48:08,S,84.8,9,3849
2021-06-15 14:48:08,S,84.75,6,1979
2021-06-15 14:48:08,S,84.7,9,3962
2021-06-15 14:48:08,S,84.65,5,855
2021-06-15 14:48:10,S,84.95,3,652
2021-06-15 14:48:10,S,85.0,4,765
2021-06-15 14:48:10,S,85.15,6,938
2021-06-15 14:48:10,S,84.8,2,138
2021-06-15 14:48:10,S,84.75,5,1446
2021-06-15 14:48:10,S,84.7,9,3930
2021-06-15 14:48:10,S,84.65,4,854
2021-06-15 14:48:12,S,84.9,2,616
2021-06-15 14:48:12,S,85.0,5,4565
2021-06-15 14:48:12,S,84.85,1,1
2021-06-15 14:48:12,S,84.75,4,1347
2021-06-15 14:48:15,S,84.8,1,999
2021-06-15 14:48:18,S,84.8,1,998
2021-06-15 14:48:18,S,84.75,4,1257
2021-06-15 14:48:22,S,84.8,1,989
2021-06-15 14:48:22,S,84.85,2,592
2021-06-15 14:48:22,S,84.9,4,527
2021-06-15 14:48:22,S,84.75,4,1157
2021-06-15 14:48:22,S,84.7,6,2172
2021-06-15 14:48:22,S,84.65,2,254
2021-06-15 14:48:22,S,84.6,9,4952
2021-06-15 14:48:22,S,84.55,4,1124
2021-06-15 14:48:25,S,85.1,6,2060
2021-06-15 14:48:25,S,85.15,4,936
2021-06-15 14:48:25,S,84.75,4,1586
2021-06-15 14:48:25,S,84.6,12,5144
2021-06-15 14:48:25,S,84.55,5,1224
2021-06-15 14:48:29,S,84.8,4,731
2021-06-15 14:48:32,S,84.95,2,39
2021-06-15 14:48:32,S,85.15,6,958
2021-06-15 14:48:32,S,84.8,5,751
2021-06-15 14:48:32,S,84.75,5,1247
2021-06-15 14:48:32,S,84.6,12,4961
2021-06-15 14:48:35,S,84.95,2,423
2021-06-15 14:48:35,S,84.75,6,1685
2021-06-15 14:48:40,S,84.95,4,956
2021-06-15 14:48:41,S,84.9,2,1921
2021-06-15 14:48:41,S,84.95,3,857
2021-06-15 14:48:41,S,85.0,3,476
2021-06-15 14:48:41,S,84.8,4,213
2021-06-15 14:48:41,S,84.75,5,1698
2021-06-15 14:48:47,S,84.9,2,1521
2021-06-15 14:48:47,S,85.0,3,4177
2021-06-15 14:48:49,S,84.95,2,613
2021-06-15 14:48:49,S,84.75,5,1692
2021-06-15 14:48:55,S,84.8,4,212
2021-06-15 14:49:02,S,84.6,10,5052
2021-06-15 14:49:05,S,84.9,2,1496
2021-06-15 14:49:05,S,84.95,3,712
2021-06-15 14:49:05,S,85.0,4,4276
2021-06-15 14:49:05,S,84.75,5,1700
2021-06-15 14:49:09,S,85.0,5,4926
2021-06-15 14:49:09,S,84.8,4,175
2021-06-15 14:49:09,S,84.75,3,1147
2021-06-15 14:49:15,S,84.9,4,4106
2021-06-15 14:49:15,S,84.95,2,236
2021-06-15 14:49:15,S,84.8,5,312
2021-06-15 14:49:15,S,84.75,4,1246
2021-06-15 14:49:15,S,84.7,8,2702
2021-06-15 14:49:18,S,84.75,5,1689
2021-06-15 14:49:23,S,84.7,7,2271
2021-06-15 14:49:26,S,84.8,6,313
2021-06-15 14:49:26,S,84.7,8,2272
2021-06-15 14:49:31,S,84.9,3,3496
2021-06-15 14:49:31,S,84.95,3,675
2021-06-15 14:49:31,S,84.6,11,5152
2021-06-15 14:49:34,S,84.95,3,525
2021-06-15 14:49:34,S,85.0,4,1126
2021-06-15 14:49:34,S,85.1,4,2054
2021-06-15 14:49:34,S,84.8,7,489
2021-06-15 14:49:34,S,84.75,6,1690
2021-06-15 14:49:34,S,84.65,3,754
2021-06-15 14:49:36,S,84.8,1,1
2021-06-15 14:49:36,S,84.75,5,1324
2021-06-15 14:49:36,S,84.7,10,2283
2021-06-15 14:49:36,S,84.6,12,6152
2021-06-15 14:49:39,S,84.85,2,139
2021-06-15 14:49:39,S,84.9,4,4057
2021-06-15 14:49:39,S,84.7,9,2184
2021-06-15 14:49:39,S,84.65,4,755
2021-06-15 14:49:42,S,84.9,3,3583
2021-06-15 14:49:42,S,84.7,10,2632
2021-06-15 14:49:42,S,84.6,13,6153
2021-06-15 14:49:48,S,84.8,1,50
2021-06-15 14:49:48,S,84.85,3,599
2021-06-15 14:49:48,S,84.9,4,3681
2021-06-15 14:49:48,S,84.75,4,1275
2021-06-15 14:49:48,S,84.7,11,2730
2021-06-15 14:49:51,S,84.75,6,1740
2021-06-15 14:49:51,S,84.7,10,2282
2021-06-15 14:49:54,S,84.75,7,1838
2021-06-15 14:50:02,S,84.95,2,237
2021-06-15 14:50:02,S,85.1,5,1976
2021-06-15 14:50:02,S,84.75,8,1848
2021-06-15 14:50:02,S,84.6,14,6353
2021-06-15 14:50:02,S,84.55,7,1525
2021-06-15 14:50:09,S,84.75,1,400
2021-06-15 14:50:09,S,84.85,2,138
2021-06-15 14:50:09,S,84.9,3,3582
2021-06-15 14:50:09,S,84.7,11,2283
2021-06-15 14:50:09,S,84.65,4,544
2021-06-15 14:50:09,S,84.6,15,6489
2021-06-15 14:50:09,S,84.55,6,1524
2021-06-15 14:50:09,S,84.5,28,7662
2021-06-15 14:50:09,S,84.85,3,577
2021-06-15 14:50:09,S,84.9,4,3661
2021-06-15 14:50:09,S,84.95,3,737
2021-06-15 14:50:09,S,84.75,2,377
2021-06-15 14:50:09,S,84.65,3,255
2021-06-15 14:50:09,S,84.55,5,1424
2021-06-15 14:50:18,S,84.9,3,3446
2021-06-15 14:50:18,S,84.95,1,289
2021-06-15 14:50:18,S,85.1,3,1954
2021-06-15 14:50:18,S,84.8,1,2000
2021-06-15 14:50:18,S,84.75,3,2377
2021-06-15 14:50:18,S,84.7,10,608
2021-06-15 14:50:18,S,84.65,5,1044
2021-06-15 14:50:18,S,84.6,14,6389
2021-06-15 14:50:18,S,84.7,1,1945
2021-06-15 14:50:18,S,84.75,2,141
2021-06-15 14:50:18,S,84.8,3,508
2021-06-15 14:50:18,S,84.85,3,719
2021-06-15 14:50:18,S,84.9,3,3942
2021-06-15 14:50:18,S,84.65,3,158
2021-06-15 14:50:18,S,84.45,4,887
2021-06-15 14:50:21,S,85.05,6,874
2021-06-15 14:50:21,S,84.7,2,2010
2021-06-15 14:50:21,S,84.65,3,437
2021-06-15 14:50:21,S,84.6,13,4759
2021-06-15 14:50:21,S,84.5,31,7559
2021-06-15 14:50:25,S,84.8,1,100
2021-06-15 14:50:25,S,84.85,2,141
2021-06-15 14:50:25,S,84.9,3,2218
2021-06-15 14:50:25,S,84.7,4,3052
2021-06-15 14:50:25,S,84.65,5,517
2021-06-15 14:50:25,S,84.5,28,7486
2021-06-15 14:50:27,S,84.9,3,2140
2021-06-15 14:50:27,S,84.95,3,716
2021-06-15 14:50:27,S,84.7,4,2747
2021-06-15 14:50:27,S,84.65,5,1016
2021-06-15 14:50:27,S,84.6,14,4760
2021-06-15 14:50:27,S,84.55,6,1429
2021-06-15 14:50:33,S,84.9,2,2001
2021-06-15 14:50:33,S,84.95,2,637
2021-06-15 14:50:33,S,85.0,5,2793
2021-06-15 14:50:33,S,85.05,4,836
2021-06-15 14:50:33,S,85.1,7,3929
2021-06-15 14:50:33,S,84.75,2,2555
2021-06-15 14:50:33,S,84.7,5,2826
2021-06-15 14:50:33,S,84.65,6,1516
2021-06-15 14:50:33,S,84.6,15,4770
2021-06-15 14:50:33,S,84.55,7,1430
2021-06-15 14:50:36,S,84.8,3,181
2021-06-15 14:50:36,S,84.85,3,1090
2021-06-15 14:50:36,S,84.9,3,4072
2021-06-15 14:50:36,S,85.0,5,2729
2021-06-15 14:50:36,S,84.75,1,79
2021-06-15 14:50:36,S,84.5,30,7488
2021-06-15 14:50:36,S,84.45,6,959
2021-06-15 14:50:37,S,84.75,1,429
2021-06-15 14:50:37,S,84.8,5,549
2021-06-15 14:50:37,S,84.6,13,3510
2021-06-15 14:50:37,S,84.55,6,1393
2021-06-15 14:50:37,S,84.5,30,7537
2021-06-15 14:50:37,S,84.45,5,1402
2021-06-15 14:50:37,S,84.4,10,4464
2021-06-15 14:50:40,S,84.55,5,851
2021-06-15 14:50:43,S,84.85,3,724
2021-06-15 14:50:43,S,84.6,15,3726
2021-06-15 14:50:46,S,84.8,3,644
2021-06-15 14:50:46,S,84.7,3,188
2021-06-15 14:50:46,S,84.65,4,1191
2021-06-15 14:50:49,S,84.7,4,268
2021-06-15 14:50:49,S,84.65,3,716
2021-06-15 14:50:52,S,84.7,5,318
2021-06-15 14:50:57,S,84.85,4,1198
2021-06-15 14:50:57,S,84.7,6,418
2021-06-15 14:51:00,S,84.8,4,991
2021-06-15 14:51:00,S,84.85,3,1119
2021-06-15 14:51:00,S,84.7,4,258
2021-06-15 14:51:00,S,84.65,4,1185
2021-06-15 14:51:00,S,84.55,4,850
2021-06-15 14:51:01,S,84.65,2,548
2021-06-15 14:51:01,S,84.6,17,4213
2021-06-15 14:51:01,S,84.5,30,7497
2021-06-15 14:51:09,S,84.8,4,1085
2021-06-15 14:51:09,S,85.0,7,2822
2021-06-15 14:51:09,S,84.5,31,7897
2021-06-15 14:51:09,S,84.45,8,994
2021-06-15 14:51:10,S,84.85,4,1165
2021-06-15 14:51:16,S,84.7,2,138
2021-06-15 14:51:16,S,84.65,3,902
2021-06-15 14:51:19,S,84.8,3,545
2021-06-15 14:51:19,S,84.85,2,645
2021-06-15 14:51:19,S,84.9,4,4151
2021-06-15 14:51:19,S,84.7,3,607
2021-06-15 14:51:19,S,84.65,3,505
2021-06-15 14:51:19,S,84.55,5,929
2021-06-15 14:51:19,S,84.5,32,7997
2021-06-15 14:51:25,S,84.75,2,288
2021-06-15 14:51:25,S,84.6,16,3751
2021-06-15 14:51:36,S,84.9,1,2000
2021-06-15 14:51:36,S,84.95,3,755
2021-06-15 14:51:36,S,84.65,4,1005
2021-06-15 14:51:37,S,85.0,6,2916
2021-06-15 14:51:49,S,84.95,3,719
2021-06-15 14:51:49,S,84.8,2,1926
2021-06-15 14:51:49,S,84.75,3,367
2021-06-15 14:51:49,S,84.7,4,506
2021-06-15 14:51:49,S,84.9,1,1980
2021-06-15 14:51:49,S,84.95,2,640
2021-06-15 14:51:49,S,85.0,5,2816
2021-06-15 14:51:49,S,85.05,3,736
2021-06-15 14:51:49,S,85.1,6,5037
2021-06-15 14:51:49,S,84.8,2,1826
2021-06-15 14:51:49,S,84.75,4,467
2021-06-15 14:51:49,S,84.7,3,217
2021-06-15 14:51:49,S,84.65,5,1123
2021-06-15 14:51:49,S,84.6,17,3851
2021-06-15 14:51:52,S,84.85,3,1153
2021-06-15 14:51:52,S,84.8,3,1526
2021-06-15 14:51:55,S,85.05,2,578
2021-06-15 14:51:58,S,84.9,1,80
2021-06-15 14:52:02,S,85.2,3,2631
2021-06-15 14:52:02,S,85.25,4,3236
2021-06-15 14:52:02,S,85.3,8,1181
2021-06-15 14:52:02,S,85.35,2,174
2021-06-15 14:52:02,S,85.4,11,5032
2021-06-15 14:52:02,S,85.05,3,1078
2021-06-15 14:52:02,S,85.0,3,219
2021-06-15 14:52:02,S,84.95,6,751
2021-06-15 14:52:02,S,84.9,2,89
2021-06-15 14:52:02,S,84.85,4,737
2021-06-15 14:52:05,S,85.25,2,2001
2021-06-15 14:52:05,S,85.35,2,217
2021-06-15 14:52:05,S,85.45,7,3333
2021-06-15 14:52:05,S,85.15,1,350
2021-06-15 14:52:05,S,85.1,7,704
2021-06-15 14:52:05,S,85.0,2,218
2021-06-15 14:52:07,S,85.25,3,2445
2021-06-15 14:52:07,S,85.45,10,3426
2021-06-15 14:52:07,S,85.1,6,624
2021-06-15 14:52:07,S,85.05,3,718
2021-06-15 14:52:07,S,84.9,4,261
2021-06-15 14:52:10,S,85.3,9,1180
2021-06-15 14:52:13,S,85.2,4,239
2021-06-15 14:52:16,S,85.2,4,234
2021-06-15 14:52:16,S,85.35,3,506
2021-06-15 14:52:16,S,85.05,5,1183
2021-06-15 14:52:19,S,85.2,5,334
2021-06-15 14:52:19,S,85.25,4,2661
2021-06-15 14:52:19,S,85.3,8,1179
2021-06-15 14:52:19,S,85.35,4,1006
2021-06-15 14:52:19,S,85.4,6,3138
2021-06-15 14:52:19,S,85.1,4,173
2021-06-15 14:52:19,S,85.05,4,719
2021-06-15 14:52:19,S,85.0,3,418
2021-06-15 14:52:19,S,84.9,3,260
2021-06-15 14:52:22,S,85.2,3,332
2021-06-15 14:52:22,S,84.9,3,229
2021-06-15 14:52:22,S,84.85,6,749
2021-06-15 14:52:30,S,85.0,4,628
2021-06-15 14:52:31,S,85.15,3,592
2021-06-15 14:52:31,S,85.0,4,589
2021-06-15 14:52:31,S,84.8,11,3929
2021-06-15 14:52:35,S,85.2,5,413
2021-06-15 14:52:35,S,85.0,4,579
2021-06-15 14:52:36,S,85.15,2,148
2021-06-15 14:52:36,S,84.95,2,638
2021-06-15 14:52:36,S,84.8,11,3938
2021-06-15 14:52:39,S,85.2,5,343
2021-06-15 14:52:42,S,85.2,4,333
2021-06-15 14:52:42,S,85.0,4,617
2021-06-15 14:52:42,S,84.85,7,1263
2021-06-15 14:52:42,S,84.8,7,3925
2021-06-15 14:52:45,S,84.9,4,518
2021-06-15 14:52:45,S,84.85,3,736
2021-06-15 14:52:45,S,84.8,12,4038
2021-06-15 14:52:48,S,85.25,3,2217
2021-06-15 14:52:48,S,85.4,9,3141
2021-06-15 14:52:53,S,85.2,5,433
2021-06-15 14:52:53,S,85.25,4,2417
2021-06-15 14:52:53,S,85.3,9,2913
2021-06-15 14:52:53,S,85.4,10,3142
2021-06-15 14:52:53,S,85.0,4,517
2021-06-15 14:52:53,S,84.95,3,718
2021-06-15 14:52:53,S,84.9,5,618
2021-06-15 14:52:53,S,84.85,4,1251
2021-06-15 14:52:53,S,84.8,11,4037
2021-06-15 14:52:54,S,85.2,6,513
2021-06-15 14:52:54,S,85.3,12,2925
2021-06-15 14:52:54,S,85.35,3,717
2021-06-15 14:52:54,S,84.85,2,638
2021-06-15 14:53:02,S,85.0,2,511
2021-06-15 14:53:02,S,85.25,5,2917
2021-06-15 14:53:02,S,84.9,4,716
2021-06-15 14:53:09,S,85.0,2,498
2021-06-15 14:53:09,S,85.15,3,507
2021-06-15 14:53:09,S,85.2,5,512
2021-06-15 14:53:09,S,84.95,2,139
2021-06-15 14:53:09,S,84.9,5,796
2021-06-15 14:53:09,S,84.85,3,718
2021-06-15 14:53:09,S,84.8,7,3948
2021-06-15 14:53:11,S,85.0,4,1085
2021-06-15 14:53:11,S,85.15,4,1007
2021-06-15 14:53:11,S,84.9,1,59
2021-06-15 14:53:11,S,84.8,6,3868
2021-06-15 14:53:11,S,84.7,6,2249
2021-06-15 14:53:11,S,84.65,10,982
2021-06-15 14:53:13,S,85.15,7,1013
2021-06-15 14:53:13,S,85.2,6,2080
2021-06-15 14:53:13,S,84.8,5,2108
2021-06-15 14:53:13,S,84.6,22,6596
2021-06-15 14:53:18,S,85.0,3,739
2021-06-15 14:53:18,S,85.1,3,253
2021-06-15 14:53:18,S,84.85,3,368
2021-06-15 14:53:18,S,84.8,7,2170
2021-06-15 14:53:19,S,84.85,3,737
2021-06-15 14:53:19,S,84.8,6,1733
2021-06-15 14:53:23,S,84.75,6,991
2021-06-15 14:53:23,S,84.7,5,2214
2021-06-15 14:53:28,S,85.0,3,709
2021-06-15 14:53:28,S,85.2,10,2211
2021-06-15 14:53:29,S,84.75,5,916
2021-06-15 14:53:40,S,85.0,4,804
2021-06-15 14:53:46,S,85.2,11,2711
2021-06-15 14:53:46,S,84.85,4,777
2021-06-15 14:53:46,S,84.8,7,2733
2021-06-15 14:53:46,S,84.65,9,947
2021-06-15 14:53:54,S,85.0,4,799
2021-06-15 14:53:56,S,85.0,4,779
2021-06-15 14:53:56,S,84.9,2,1138
2021-06-15 14:53:56,S,84.85,6,1477
2021-06-15 14:54:00,S,85.0,3,638
2021-06-15 14:54:00,S,84.9,3,1471
2021-06-15 14:54:01,S,85.0,4,778
2021-06-15 14:54:01,S,85.15,4,542
2021-06-15 14:54:01,S,85.2,7,2515
2021-06-15 14:54:01,S,84.85,5,1397
2021-06-15 14:54:09,S,84.95,2,40
2021-06-15 14:54:09,S,84.9,2,928
2021-06-15 14:54:10,S,84.85,4,897
2021-06-15 14:54:10,S,84.8,5,1732
2021-06-15 14:54:22,S,84.95,1,30
2021-06-15 14:54:22,S,85.0,5,803
2021-06-15 14:54:22,S,84.85,5,977
2021-06-15 14:54:27,S,85.0,6,1029
2021-06-15 14:54:27,S,84.85,4,528
2021-06-15 14:54:35,S,84.85,6,1496
2021-06-15 14:54:38,S,84.85,5,1028
2021-06-15 14:54:48,S,85.0,7,829
2021-06-15 14:54:48,S,85.05,2,140
2021-06-15 14:54:48,S,85.15,5,642
2021-06-15 14:54:48,S,85.2,6,2420
2021-06-15 14:54:48,S,84.9,2,828
2021-06-15 14:54:48,S,84.85,6,1489
2021-06-15 14:54:49,S,84.9,1,100
2021-06-15 14:54:49,S,85.05,3,220
2021-06-15 14:54:49,S,85.1,2,218
2021-06-15 14:54:49,S,85.15,5,1042
2021-06-15 14:54:49,S,84.85,3,433
2021-06-15 14:54:49,S,84.8,5,949
2021-06-15 14:54:52,S,85.1,3,389
2021-06-15 14:54:52,S,84.85,2,270
2021-06-15 14:54:52,S,84.8,3,438
2021-06-15 14:55:00,S,84.9,2,242
2021-06-15 14:55:02,S,84.9,2,238
2021-06-15 14:55:02,S,84.95,2,143
2021-06-15 14:55:02,S,85.0,7,809
2021-06-15 14:55:02,S,85.1,4,678
2021-06-15 14:55:02,S,84.8,4,518
2021-06-15 14:55:02,S,84.75,6,1752
2021-06-15 14:55:16,S,85.0,7,730
2021-06-15 14:55:16,S,84.85,3,271
2021-06-15 14:55:17,S,84.8,6,1466
2021-06-15 14:55:17,S,84.7,6,2289
2021-06-15 14:55:17,S,84.65,6,1034
2021-06-15 14:55:20,S,84.9,1,96
2021-06-15 14:55:20,S,85.0,8,793
2021-06-15 14:55:20,S,85.1,3,507
2021-06-15 14:55:20,S,85.15,4,753
2021-06-15 14:55:20,S,84.8,5,1366
2021-06-15 14:55:31,S,84.85,2,71
2021-06-15 14:55:37,S,85.1,4,539
2021-06-15 14:55:37,S,84.75,5,1272
2021-06-15 14:55:42,S,84.9,2,197
2021-06-15 14:55:47,S,84.9,2,196
2021-06-15 14:55:47,S,85.1,5,939
2021-06-15 14:55:47,S,84.8,3,418
2021-06-15 14:55:47,S,84.75,5,1249
2021-06-15 14:55:49,S,84.9,1,70
2021-06-15 14:55:54,S,84.9,2,110
2021-06-15 14:55:54,S,85.0,7,792
2021-06-15 14:55:55,S,84.9,2,60
2021-06-15 14:55:55,S,84.95,2,144
2021-06-15 14:55:55,S,85.0,6,729
2021-06-15 14:55:55,S,85.05,2,219
2021-06-15 14:55:55,S,85.1,4,768
2021-06-15 14:55:55,S,84.85,3,72
2021-06-15 14:55:55,S,84.8,4,884
2021-06-15 14:55:55,S,84.75,4,816
2021-06-15 14:55:55,S,84.7,5,2189
2021-06-15 14:55:59,S,84.9,4,594
2021-06-15 14:55:59,S,84.95,4,452
2021-06-15 14:55:59,S,85.05,3,719
2021-06-15 14:55:59,S,85.1,9,2762
2021-06-15 14:55:59,S,84.75,2,182
2021-06-15 14:55:59,S,84.7,5,570
2021-06-15 14:55:59,S,84.65,5,934
2021-06-15 14:55:59,S,84.6,18,5290
2021-06-15 14:55:59,S,84.55,9,1197
2021-06-15 14:56:02,S,84.85,4,817
2021-06-15 14:56:02,S,85.0,7,793
2021-06-15 14:56:02,S,85.05,4,720
2021-06-15 14:56:02,S,84.65,3,355
2021-06-15 14:56:02,S,84.6,15,2686
2021-06-15 14:56:02,S,84.5,38,7469
2021-06-15 14:56:02,S,84.45,6,999
2021-06-15 14:56:06,S,84.8,2,460
2021-06-15 14:56:06,S,84.85,2,88
2021-06-15 14:56:06,S,84.95,3,662
2021-06-15 14:56:06,S,85.0,9,894
2021-06-15 14:56:06,S,84.65,5,1174
2021-06-15 14:56:06,S,84.6,10,1942
2021-06-15 14:56:06,S,84.55,5,1163
2021-06-15 14:56:06,S,84.5,33,7282
2021-06-15 14:56:12,S,84.8,2,568
2021-06-15 14:56:12,S,84.85,3,152
2021-06-15 14:56:12,S,84.95,5,863
2021-06-15 14:56:12,S,85.0,11,1395
2021-06-15 14:56:12,S,84.6,10,1113
2021-06-15 14:56:12,S,84.5,32,5607
2021-06-15 14:56:12,S,84.45,9,968
2021-06-15 14:56:12,S,84.4,11,5474
2021-06-15 14:56:15,S,84.75,1,1
2021-06-15 14:56:15,S,84.65,3,85
2021-06-15 14:56:15,S,84.6,6,1015
2021-06-15 14:56:15,S,84.5,34,5621
2021-06-15 14:56:18,S,84.8,3,536
2021-06-15 14:56:18,S,84.85,2,151
2021-06-15 14:56:18,S,84.65,5,618
2021-06-15 14:56:18,S,84.6,7,766
2021-06-15 14:56:18,S,84.5,33,5611
2021-06-15 14:56:18,S,84.45,9,989
2021-06-15 14:56:21,S,84.85,3,531
2021-06-15 14:56:21,S,84.65,4,529
2021-06-15 14:56:21,S,84.6,7,554
2021-06-15 14:56:21,S,84.5,36,5769
2021-06-15 14:56:25,S,84.85,2,85
2021-06-15 14:56:25,S,84.9,3,135
2021-06-15 14:56:25,S,84.95,5,940
2021-06-15 14:56:25,S,85.0,9,1289
2021-06-15 14:56:25,S,85.05,5,735
2021-06-15 14:56:25,S,84.65,6,1160
2021-06-15 14:56:25,S,84.5,37,5779
2021-06-15 14:56:28,S,84.8,2,201
2021-06-15 14:56:28,S,84.95,6,1440
2021-06-15 14:56:28,S,85.0,9,3213
2021-06-15 14:56:28,S,84.7,1,300
2021-06-15 14:56:28,S,84.65,2,152
2021-06-15 14:56:28,S,84.6,7,1477
2021-06-15 14:56:28,S,84.55,5,1114
2021-06-15 14:56:28,S,84.5,34,5711
2021-06-15 14:56:33,S,84.75,1,460
2021-06-15 14:56:33,S,84.8,3,265
2021-06-15 14:56:33,S,84.85,3,149
2021-06-15 14:56:33,S,84.95,7,1448
2021-06-15 14:56:33,S,84.6,4,1129
2021-06-15 14:56:33,S,84.45,5,964
2021-06-15 14:56:33,S,84.4,15,5499
2021-06-15 14:56:36,S,84.8,2,125
2021-06-15 14:56:36,S,84.85,2,148
2021-06-15 14:56:36,S,84.95,4,862
2021-06-15 14:56:36,S,85.0,12,3237
2021-06-15 14:56:36,S,84.65,1,1
2021-06-15 14:56:36,S,84.6,2,256
2021-06-15 14:56:36,S,84.55,3,550
2021-06-15 14:56:36,S,84.5,33,5647
2021-06-15 14:56:40,S,84.8,4,703
2021-06-15 14:56:40,S,84.85,4,678
2021-06-15 14:56:40,S,84.9,5,234
2021-06-15 14:56:40,S,85.0,12,3288
2021-06-15 14:56:40,S,84.55,4,434
2021-06-15 14:56:40,S,84.5,32,4057
2021-06-15 14:56:40,S,84.45,9,1503
2021-06-15 14:56:40,S,84.4,10,3630
2021-06-15 14:56:40,S,84.35,5,736
2021-06-15 14:56:43,S,84.75,1,500
2021-06-15 14:56:43,S,84.9,6,777
2021-06-15 14:56:43,S,84.95,6,917
2021-06-15 14:56:43,S,84.6,4,613
2021-06-15 14:56:43,S,84.55,5,459
2021-06-15 14:56:43,S,84.5,34,6035
2021-06-15 14:56:43,S,84.4,13,3656
2021-06-15 14:56:46,S,84.75,3,1572
2021-06-15 14:56:46,S,84.5,31,3800
2021-06-15 14:56:46,S,84.35,8,762
2021-06-15 14:56:46,S,84.3,10,3978
2021-06-15 14:56:49,S,84.7,3,575
2021-06-15 14:56:49,S,84.75,4,1636
2021-06-15 14:56:49,S,84.8,3,425
2021-06-15 14:56:49,S,84.9,6,390
2021-06-15 14:56:49,S,84.5,32,3991
2021-06-15 14:56:49,S,84.45,6,542
2021-06-15 14:56:49,S,84.35,9,772
2021-06-15 14:56:52,S,84.75,3,573
2021-06-15 14:56:52,S,84.8,2,136
2021-06-15 14:56:52,S,84.9,6,508
2021-06-15 14:56:52,S,84.95,7,937
2021-06-15 14:56:52,S,84.55,4,726
2021-06-15 14:56:52,S,84.5,32,4031
2021-06-15 14:56:52,S,84.4,13,3728
2021-06-15 14:56:55,S,84.8,2,73
2021-06-15 14:56:55,S,84.95,4,397
2021-06-15 14:56:55,S,84.65,2,578
2021-06-15 14:56:55,S,84.6,1,137
2021-06-15 14:56:55,S,84.55,3,689
2021-06-15 14:56:55,S,84.5,33,4056
2021-06-15 14:56:55,S,84.45,10,1498
2021-06-15 14:56:58,S,84.8,3,573
2021-06-15 14:56:58,S,84.9,4,199
2021-06-15 14:56:58,S,84.95,6,1068
2021-06-15 14:56:58,S,85.0,13,3266
2021-06-15 14:56:58,S,84.65,1,459
2021-06-15 14:56:58,S,84.6,1,64
2021-06-15 14:56:58,S,84.5,34,4556
2021-06-15 14:56:58,S,84.45,10,984
2021-06-15 14:57:03,S,84.75,3,240
2021-06-15 14:57:03,S,84.85,2,143
2021-06-15 14:57:03,S,84.9,5,488
2021-06-15 14:57:03,S,84.95,6,903
2021-06-15 14:57:03,S,84.6,1,477
2021-06-15 14:57:03,S,84.55,3,478
2021-06-15 14:57:04,S,84.8,4,936
2021-06-15 14:57:04,S,84.55,2,129
2021-06-15 14:57:08,S,84.75,5,979
2021-06-15 14:57:08,S,84.8,3,872
2021-06-15 14:57:08,S,84.95,7,919
2021-06-15 14:57:08,S,84.55,3,604
2021-06-15 14:57:08,S,84.45,6,965
2021-06-15 14:57:08,S,84.4,13,3614
2021-06-15 14:57:08,S,84.35,5,711
2021-06-15 14:57:13,S,84.7,3,947
2021-06-15 14:57:13,S,84.75,3,528
2021-06-15 14:57:13,S,84.55,5,859
2021-06-15 14:57:13,S,84.5,36,4571
2021-06-15 14:57:16,S,84.7,3,942
2021-06-15 14:57:16,S,84.75,4,592
2021-06-15 14:57:16,S,84.8,3,436
2021-06-15 14:57:16,S,84.85,3,643
2021-06-15 14:57:16,S,84.9,6,381
2021-06-15 14:57:16,S,84.5,36,4926
2021-06-15 14:57:16,S,84.45,5,465
2021-06-15 14:57:16,S,84.4,9,3595
2021-06-15 14:57:16,S,84.35,9,745
2021-06-15 14:57:16,S,84.3,11,4149
2021-06-15 14:57:18,S,84.45,5,877
2021-06-15 14:57:18,S,84.65,3,735
2021-06-15 14:57:18,S,84.35,5,299
2021-06-15 14:57:18,S,84.25,5,440
2021-06-15 14:57:22,S,84.55,3,681
2021-06-15 14:57:25,S,84.4,3,617
2021-06-15 14:57:25,S,84.45,4,468
2021-06-15 14:57:29,S,84.4,3,614
2021-06-15 14:57:29,S,84.35,5,222
2021-06-15 14:57:29,S,84.3,8,521
2021-06-15 14:57:33,S,84.4,2,304
2021-06-15 14:57:33,S,84.45,5,938
2021-06-15 14:57:33,S,84.55,2,181
2021-06-15 14:57:33,S,84.3,9,658
2021-06-15 14:57:33,S,84.25,7,1016
2021-06-15 14:57:34,S,84.25,6,576
2021-06-15 14:57:38,S,84.4,2,294
2021-06-15 14:57:38,S,84.45,5,894
2021-06-15 14:57:38,S,84.55,1,64
2021-06-15 14:57:38,S,84.3,10,1102
2021-06-15 14:57:38,S,84.2,11,484
2021-06-15 14:57:44,S,84.45,4,424
2021-06-15 14:57:44,S,84.5,3,5402
2021-06-15 14:57:44,S,84.55,2,219
2021-06-15 14:57:44,S,84.35,4,123
2021-06-15 14:57:44,S,84.15,7,1848
2021-06-15 14:57:45,S,84.45,4,324
2021-06-15 14:57:45,S,84.4,3,25
2021-06-15 14:57:51,S,84.45,4,274
2021-06-15 14:57:51,S,84.5,3,5386
2021-06-15 14:57:51,S,84.4,4,26
2021-06-15 14:57:51,S,84.35,2,13
2021-06-15 14:57:51,S,84.3,9,585
2021-06-15 14:57:51,S,84.25,7,577
2021-06-15 14:57:51,S,84.2,12,494
2021-06-15 14:57:52,S,84.45,6,1026
2021-06-15 14:57:52,S,84.6,4,645
2021-06-15 14:57:52,S,84.7,5,1716
2021-06-15 14:57:52,S,84.3,10,770
2021-06-15 14:57:52,S,84.25,8,587
2021-06-15 14:57:52,S,84.1,26,9006
2021-06-15 14:57:56,S,84.45,5,737
2021-06-15 14:57:56,S,84.3,11,775
2021-06-15 14:57:58,S,84.3,12,785
2021-06-15 14:58:05,S,84.45,5,736
2021-06-15 14:58:05,S,84.3,13,792
2021-06-15 14:58:05,S,84.1,25,8506
2021-06-15 14:58:06,S,84.3,8,295
2021-06-15 14:58:06,S,84.25,10,589
2021-06-15 14:58:09,S,84.45,5,709
2021-06-15 14:58:09,S,84.5,2,4951
2021-06-15 14:58:14,S,84.45,6,1011
2021-06-15 14:58:14,S,84.3,12,861
2021-06-15 14:58:18,S,84.45,5,722
2021-06-15 14:58:18,S,84.5,3,5015
2021-06-15 14:58:18,S,84.55,3,717
2021-06-15 14:58:18,S,84.65,4,749
2021-06-15 14:58:18,S,84.3,1,63
2021-06-15 14:58:18,S,84.25,9,525
2021-06-15 14:58:18,S,84.2,12,567
2021-06-15 14:58:18,S,84.1,26,8516
2021-06-15 14:58:19,S,84.3,4,616
2021-06-15 14:58:22,S,84.3,5,816
2021-06-15 14:58:22,S,84.25,9,588
2021-06-15 14:58:27,S,84.45,3,880
2021-06-15 14:58:27,S,84.5,3,5010
2021-06-15 14:58:27,S,84.55,3,506
2021-06-15 14:58:27,S,84.65,4,747
2021-06-15 14:58:27,S,84.3,6,826
2021-06-15 14:58:27,S,84.1,26,8504
2021-06-15 14:58:28,S,84.35,2,110
2021-06-15 14:58:28,S,84.3,8,1005
2021-06-15 14:58:35,S,84.45,2,441
2021-06-15 14:58:35,S,84.5,2,4946
2021-06-15 14:58:35,S,84.3,9,646
2021-06-15 14:58:35,S,84.15,8,1858
2021-06-15 14:58:44,S,84.5,1,4793
2021-06-15 14:58:44,S,84.35,4,706
2021-06-15 14:58:44,S,84.3,10,671
2021-06-15 14:58:48,S,84.15,11,1861
2021-06-15 14:58:51,S,84.55,2,217
2021-06-15 14:58:51,S,84.7,3,1711
2021-06-15 14:58:51,S,84.35,3,570
2021-06-15 14:58:51,S,84.15,12,2061
2021-06-15 14:58:56,S,84.5,2,4893
2021-06-15 14:58:56,S,84.55,3,688
2021-06-15 14:58:56,S,84.4,1,80
2021-06-15 14:58:56,S,84.35,2,560
2021-06-15 14:58:56,S,84.25,10,598
2021-06-15 14:58:57,S,84.75,6,878
2021-06-15 14:58:57,S,84.3,11,673
2021-06-15 14:59:00,S,84.5,2,4882
2021-06-15 14:59:00,S,84.4,3,538
2021-06-15 14:59:00,S,84.2,13,631
2021-06-15 14:59:06,S,84.5,3,5034
2021-06-15 14:59:06,S,84.7,3,1712
2021-06-15 14:59:06,S,84.75,7,881
2021-06-15 14:59:06,S,84.15,9,2058
2021-06-15 14:59:07,S,84.35,3,246
2021-06-15 14:59:07,S,84.15,10,2056
2021-06-15 14:59:14,S,84.5,2,4852
2021-06-15 14:59:14,S,84.55,3,690
2021-06-15 14:59:14,S,84.4,2,85
2021-06-15 14:59:16,S,84.55,3,682
2021-06-15 14:59:16,S,84.4,1,75
2021-06-15 14:59:16,S,84.35,2,236
2021-06-15 14:59:20,S,84.6,4,456
2021-06-15 14:59:20,S,84.4,3,285
2021-06-15 14:59:20,S,84.25,11,1508
2021-06-15 14:59:24,S,84.5,2,4602
2021-06-15 14:59:24,S,84.6,3,356
2021-06-15 14:59:28,S,84.5,2,4577
2021-06-15 14:59:28,S,84.6,2,288
2021-06-15 14:59:28,S,84.65,3,743
2021-06-15 14:59:28,S,84.75,6,881
2021-06-15 14:59:28,S,84.4,4,867
2021-06-15 14:59:31,S,84.5,1,2177
2021-06-15 14:59:31,S,84.65,3,532
2021-06-15 14:59:31,S,84.7,2,1710
2021-06-15 14:59:36,S,84.5,1,2151
2021-06-15 14:59:36,S,84.55,3,505
2021-06-15 14:59:36,S,84.6,3,716
2021-06-15 14:59:36,S,84.65,5,1203
2021-06-15 14:59:36,S,84.7,3,1862
2021-06-15 14:59:36,S,84.4,5,877
2021-06-15 14:59:36,S,84.35,3,237
2021-06-15 14:59:36,S,84.25,12,2008
2021-06-15 14:59:36,S,84.6,2,652
2021-06-15 14:59:36,S,84.8,6,2520
2021-06-15 14:59:36,S,84.2,14,2330
2021-06-15 14:59:45,S,84.5,1,1041
2021-06-15 14:59:45,S,84.2,15,2830
2021-06-15 14:59:47,S,84.5,1,1026
2021-06-15 14:59:47,S,84.4,6,878
2021-06-15 14:59:47,S,84.35,3,300
2021-06-15 14:59:47,S,84.3,12,684
2021-06-15 14:59:47,S,84.2,16,2905
2021-06-15 14:59:52,S,84.5,2,1173
2021-06-15 14:59:52,S,84.55,2,215
2021-06-15 14:59:52,S,84.4,5,296
2021-06-15 14:59:52,S,84.35,4,765
2021-06-15 14:59:52,S,84.2,17,3305
2021-06-15 14:59:57,S,84.5,2,798
2021-06-15 14:59:57,S,84.4,4,215
2021-06-15 14:59:58,S,84.5,2,748
2021-06-15 14:59:58,S,84.45,4,240
2021-06-15 14:59:58,S,84.4,6,293
2021-06-15 15:00:01,S,84.5,2,723
2021-06-15 15:00:01,S,84.65,3,715
2021-06-15 15:00:01,S,84.45,3,230
2021-06-15 15:00:01,S,84.4,5,230
2021-06-15 15:00:01,S,84.35,3,299
2021-06-15 15:00:08,S,84.5,1,571
2021-06-15 15:00:08,S,84.6,4,815
2021-06-15 15:00:08,S,84.75,5,877
2021-06-15 15:00:08,S,84.45,7,845
2021-06-15 15:00:08,S,84.3,12,683
2021-06-15 15:00:08,S,84.25,11,1098
2021-06-15 15:00:13,S,84.5,1,451
2021-06-15 15:00:13,S,84.65,3,504
2021-06-15 15:00:13,S,84.7,3,425
2021-06-15 15:00:13,S,84.45,5,357
2021-06-15 15:00:13,S,84.4,6,723
2021-06-15 15:00:13,S,84.35,4,309
2021-06-15 15:00:15,S,84.5,1,201
2021-06-15 15:00:15,S,84.65,2,215
2021-06-15 15:00:15,S,84.7,3,543
2021-06-15 15:00:15,S,84.45,5,806
2021-06-15 15:00:15,S,84.25,12,1108
2021-06-15 15:00:20,S,84.5,1,99
2021-06-15 15:00:20,S,84.65,3,203
2021-06-15 15:00:20,S,84.7,4,502
2021-06-15 15:00:20,S,84.75,4,708
2021-06-15 15:00:20,S,84.45,5,815
2021-06-15 15:00:20,S,84.4,5,280
2021-06-15 15:00:20,S,84.35,6,1287
2021-06-15 15:00:20,S,84.3,13,688
2021-06-15 15:00:21,S,84.55,3,333
2021-06-15 15:00:21,S,84.6,3,752
2021-06-15 15:00:26,S,84.5,2,5468
2021-06-15 15:00:28,S,84.5,2,5458
2021-06-15 15:00:28,S,84.35,2,61
2021-06-15 15:00:33,S,84.55,5,852
2021-06-15 15:00:33,S,84.7,2,203
2021-06-15 15:00:33,S,84.4,4,109
2021-06-15 15:00:36,S,84.45,2,250
2021-06-15 15:00:36,S,84.55,4,384
2021-06-15 15:00:36,S,84.6,4,803
2021-06-15 15:00:36,S,84.35,2,88
2021-06-15 15:00:36,S,84.3,14,689
2021-06-15 15:00:39,S,84.35,1,10
2021-06-15 15:00:39,S,84.3,13,625
2021-06-15 15:00:42,S,84.35,2,260
2021-06-15 15:00:46,S,84.5,3,4119
2021-06-15 15:00:46,S,84.55,5,4184
2021-06-15 15:00:46,S,84.4,5,129
2021-06-15 15:00:46,S,84.35,3,382
2021-06-15 15:00:49,S,84.55,4,4174
2021-06-15 15:00:49,S,84.35,4,433
2021-06-15 15:01:02,S,84.45,2,200
2021-06-15 15:01:02,S,84.5,4,4129
2021-06-15 15:01:02,S,84.55,2,203
2021-06-15 15:01:02,S,84.4,2,29
2021-06-15 15:01:02,S,84.35,5,938
2021-06-15 15:01:02,S,84.3,14,676
2021-06-15 15:01:02,S,84.25,12,658
2021-06-15 15:01:03,S,84.4,5,601
2021-06-15 15:01:08,S,84.5,1,2257
2021-06-15 15:01:08,S,84.55,3,492
2021-06-15 15:01:08,S,84.65,4,712
2021-06-15 15:01:08,S,84.4,6,602
2021-06-15 15:01:08,S,84.35,6,519
2021-06-15 15:01:12,S,84.55,2,441
2021-06-15 15:01:12,S,84.6,5,1180
2021-06-15 15:01:12,S,84.4,5,582
2021-06-15 15:01:13,S,84.5,1,2247
2021-06-15 15:01:13,S,84.55,3,451
2021-06-15 15:01:13,S,84.6,4,1170
2021-06-15 15:01:13,S,84.4,6,1042
2021-06-15 15:01:13,S,84.3,13,675
2021-06-15 15:01:18,S,84.55,2,437
2021-06-15 15:01:18,S,84.6,4,1144
2021-06-15 15:01:18,S,84.65,5,1001
2021-06-15 15:01:18,S,84.4,7,1043
2021-06-15 15:01:22,S,84.5,1,3500
2021-06-15 15:01:22,S,84.55,4,939
2021-06-15 15:01:22,S,84.4,6,888
2021-06-15 15:01:22,S,84.3,14,685
2021-06-15 15:01:26,S,84.5,2,3501
2021-06-15 15:01:27,S,84.55,5,949
2021-06-15 15:01:27,S,84.4,7,798
2021-06-15 15:01:27,S,84.35,7,529
2021-06-15 15:01:30,S,84.35,7,950
2021-06-15 15:01:33,S,84.4,7,667
2021-06-15 15:01:36,S,84.45,1,3
2021-06-15 15:01:36,S,84.5,3,3634
2021-06-15 15:01:36,S,84.55,4,498
2021-06-15 15:01:36,S,84.4,8,668
2021-06-15 15:01:36,S,84.35,7,954
2021-06-15 15:01:36,S,84.3,15,708
2021-06-15 15:01:39,S,84.5,2,3486
2021-06-15 15:01:39,S,84.55,5,970
2021-06-15 15:01:39,S,84.45,1,97
2021-06-15 15:01:39,S,84.4,8,1122
2021-06-15 15:01:39,S,84.35,7,528
2021-06-15 15:01:48,S,84.55,3,487
2021-06-15 15:01:48,S,84.4,6,265
2021-06-15 15:01:48,S,84.35,7,919
2021-06-15 15:01:48,S,84.3,14,608
2021-06-15 15:01:54,S,84.55,4,952
2021-06-15 15:01:54,S,84.4,4,155
2021-06-15 15:01:54,S,84.35,8,939
2021-06-15 15:01:58,S,84.55,3,663
2021-06-15 15:01:58,S,84.2,19,3316
2021-06-15 15:02:01,S,84.4,5,145
2021-06-15 15:02:04,S,84.4,6,160
2021-06-15 15:02:08,S,84.55,4,929
2021-06-15 15:02:12,S,84.55,4,922
2021-06-15 15:02:12,S,84.4,7,560
2021-06-15 15:02:16,S,84.4,8,570
2021-06-15 15:02:24,S,84.5,3,3495
2021-06-15 15:02:24,S,84.55,5,923
2021-06-15 15:02:24,S,84.4,7,170
2021-06-15 15:02:24,S,84.35,9,985
2021-06-15 15:02:25,S,84.55,4,370
2021-06-15 15:02:25,S,84.4,6,46
2021-06-15 15:02:25,S,84.35,6,497
2021-06-15 15:02:25,S,84.3,15,608
2021-06-15 15:02:29,S,84.5,6,4104
2021-06-15 15:02:29,S,84.55,4,777
2021-06-15 15:02:29,S,84.4,7,96
2021-06-15 15:02:29,S,84.3,16,1070
2021-06-15 15:02:35,S,84.45,2,248
2021-06-15 15:02:35,S,84.5,5,4054
2021-06-15 15:02:35,S,84.55,3,727
2021-06-15 15:02:39,S,84.4,9,1564
2021-06-15 15:02:39,S,84.35,8,548
2021-06-15 15:02:42,S,84.4,8,1096
2021-06-15 15:02:46,S,84.5,2,3333
2021-06-15 15:02:46,S,84.55,6,1218
2021-06-15 15:02:48,S,84.55,5,787
2021-06-15 15:02:51,S,84.55,6,1221
2021-06-15 15:02:55,S,84.5,2,3332
2021-06-15 15:02:55,S,84.55,6,1260
2021-06-15 15:02:55,S,84.4,8,1146
2021-06-15 15:02:55,S,84.2,20,3336
2021-06-15 15:03:01,S,84.5,3,3832
2021-06-15 15:03:01,S,84.55,6,1243
2021-06-15 15:03:01,S,84.65,4,991
2021-06-15 15:03:01,S,84.35,8,943
2021-06-15 15:03:01,S,84.2,21,3386
2021-06-15 15:03:04,S,84.55,2,147
2021-06-15 15:03:04,S,84.45,2,135
2021-06-15 15:03:04,S,84.4,10,1648
2021-06-15 15:03:04,S,84.35,7,997
2021-06-15 15:03:07,S,84.5,3,980
2021-06-15 15:03:07,S,84.65,2,202
2021-06-15 15:03:07,S,84.35,9,1525
2021-06-15 15:03:07,S,84.25,13,1158
2021-06-15 15:03:11,S,84.5,3,921
2021-06-15 15:03:11,S,84.55,4,198
2021-06-15 15:03:11,S,84.35,8,1475
2021-06-15 15:03:13,S,84.5,2,3440
2021-06-15 15:03:13,S,84.55,5,1190
2021-06-15 15:03:13,S,84.65,4,1135
2021-06-15 15:03:15,S,84.55,5,1230
2021-06-15 15:03:15,S,84.6,3,702
2021-06-15 15:03:15,S,84.65,5,1145
2021-06-15 15:03:15,S,84.4,9,1196
2021-06-15 15:03:15,S,84.35,9,1014
2021-06-15 15:03:19,S,84.5,2,2440
2021-06-15 15:03:19,S,84.4,14,2022
2021-06-15 15:03:22,S,84.6,4,712
2021-06-15 15:03:27,S,84.5,3,2940
2021-06-15 15:03:27,S,84.55,3,197
2021-06-15 15:03:27,S,84.6,5,1177
2021-06-15 15:03:27,S,84.45,1,80
2021-06-15 15:03:27,S,84.4,13,1971
2021-06-15 15:03:27,S,84.35,7,547
2021-06-15 15:03:29,S,84.45,1,120
2021-06-15 15:03:29,S,84.5,3,3390
2021-06-15 15:03:29,S,84.55,6,1252
2021-06-15 15:03:29,S,84.4,10,1402
2021-06-15 15:03:29,S,84.35,8,965
2021-06-15 15:03:33,S,84.45,2,264
2021-06-15 15:03:33,S,84.5,6,3949
2021-06-15 15:03:33,S,84.55,5,784
2021-06-15 15:03:33,S,84.4,4,1352
2021-06-15 15:03:33,S,84.35,7,498
2021-06-15 15:03:35,S,84.4,4,1102
2021-06-15 15:03:35,S,84.35,8,549
2021-06-15 15:03:39,S,84.55,6,1257
2021-06-15 15:03:39,S,84.4,5,1107
2021-06-15 15:03:39,S,84.3,14,607
2021-06-15 15:03:42,S,84.5,3,2660
2021-06-15 15:03:42,S,84.2,22,3396
2021-06-15 15:03:47,S,84.5,3,2560
2021-06-15 15:03:47,S,84.55,7,1258
2021-06-15 15:03:47,S,84.6,3,703
2021-06-15 15:03:47,S,84.25,14,1159
2021-06-15 15:03:49,S,84.55,5,1197
2021-06-15 15:03:49,S,84.3,15,612
2021-06-15 15:03:55,S,84.5,3,2535
2021-06-15 15:03:55,S,84.55,6,1248
2021-06-15 15:03:55,S,84.6,4,713
2021-06-15 15:03:55,S,84.65,3,702
2021-06-15 15:03:55,S,84.7,3,1780
2021-06-15 15:03:55,S,84.4,6,1207
2021-06-15 15:03:55,S,84.35,9,993
2021-06-15 15:03:55,S,84.3,16,613
2021-06-15 15:03:55,S,84.25,13,1059
2021-06-15 15:03:55,S,84.2,21,3296
